id,label
0,"64,10,0"
1,"3,17,21"
2,"3,0,111"
3,"0,216,354"
4,"218,0,265"
5,"0,418,265"
6,"0,40,265"
7,"3,21,40"
8,"49,265,0"
9,"3,21,28"
10,"265,0,340"
11,"3,145,40"
12,"0,3,271"
13,"0,271,355"
14,"0,3,23"
15,"23,296,38"
16,"64,10,0"
17,"3,21,28"
18,"3,10,291"
19,"0,10,313"
20,"323,199,23"
21,"0,23,26"
22,"5,3"
23,"160,40,0"
24,"0,23,40"
25,"40,0,23"
26,"3,21,135"
27,"10,160,334"
28,"17,3,168"
29,"160,3,40"
30,"40,10,145"
31,"40,3,0"
32,"131,40,226"
33,"23,0,3"
34,"425,0,498"
35,"3,21,28"
36,"3,217,169"
37,"10,40,0"
38,"3,4,111"
39,"3,40,0"
40,"291,0,3"
41,"3,40,21"
42,"138,135,40"
43,"0,271,291"
44,"10,0,11"
45,"40,162,163"
46,"17,3,320"
47,"3,10,60"
48,"40,128,23"
49,"3,234,0"
50,"0,38,23"
51,"3,120,21"
52,"10,0,220"
53,"3,40,23"
54,"3,111,21"
55,"40,3,21"
56,"10,3,11"
57,"0,3,23"
58,"23,118,26"
59,"3,28,40"
60,"3,0,10"
61,"0,80,64"
62,"0,265,271"
63,"3,21,301"
64,"3,0,208"
65,"3,0,265"
66,"131,40,134"
67,"43,10,24"
68,"3,10,0"
69,"3,34,53"
70,"10,64,3"
71,"0,3,40"
72,"40,3,41"
73,"3,40,21"
74,"0,10,220"
75,"0,265,3"
76,"3,23,40"
77,"0,40,313"
78,"296,23,169"
79,"220,221,10"
80,"3,10,40"
81,"3,0,40"
82,"10,11,3"
83,"3,0,169"
84,"40,23,0"
85,"63,169,0"
86,"131,40,406"
87,"3,40,21"
88,"0,23,40"
89,"3,0,40"
90,"40,0,23"
91,"0,10,3"
92,"0,3,271"
93,"4,7,3"
94,"3,217,40"
95,"40,0,145"
96,"40,24,23"
97,"40,135,41"
98,"0,10,40"
99,"0,23,40"
100,"23,0,40"
101,"0,40,23"
102,"296,0,40"
103,"3,225,156"
104,"0,271,40"
105,"0,8,313"
106,"3,0,40"
107,"10,0,3"
108,"0,480,3"
109,"0,8,458"
110,"3,5,21"
111,"23,0,38"
112,"3,0,21"
113,"3,187,0"
114,"10,220,0"
115,"169,296,3"
116,"3,17,0"
117,"311,0,320"
118,"40,3,23"
119,"3,21,0"
120,"3,0,111"
121,"3,265,53"
122,"425,3,265"
123,"40,41,3"
124,"3,0,425"
125,"3,34,0"
126,"0,271,3"
127,"23,40,0"
128,"0,271,3"
129,"0,3,313"
130,"40,23,3"
131,"337,251,169"
132,"0,23,169"
133,"40,3,169"
134,"3,23,40"
135,"73,40,160"
136,"0,23,40"
137,"220,0,313"
138,"0,340,271"
139,"3,169,170"
140,"40,3,21"
141,"3,40,111"
142,"169,3,40"
143,"3,0,23"
144,"71,38,3"
145,"10,0,218"
146,"3,28,310"
147,"0,8,169"
148,"10,0,3"
149,"160,0,40"
150,"3,40,23"
151,"0,23,3"
152,"4,3,0"
153,"0,265,271"
154,"17,3,40"
155,"0,23,3"
156,"131,40,241"
157,"73,23,44"
158,"40,21,3"
159,"169,311,0"
160,"0,38,23"
161,"23,38,39"
162,"40,3,23"
163,"3,111,0"
164,"0,265,271"
165,"0,40,3"
166,"10,0,3"
167,"64,3,10"
168,"145,40,44"
169,"40,160,3"
170,"0,3"
171,"3,0,21"
172,"0,3,40"
173,"4,3,19"
174,"40,3,131"
175,"0,23,38"
176,"64,10,3"
177,"23,0,38"
178,"3,40,21"
179,"23,26,308"
180,"40,3,33"
181,"3,40,0"
182,"265,340,0"
183,"3,120,21"
184,"40,0,265"
185,"296,40,0"
186,"0,319,211"
187,"135,40,0"
188,"64,10,40"
189,"0,291,169"
190,"169,426,170"
191,"3,34,263"
192,"23,169,0"
193,"0,40,3"
194,"0,3,40"
195,"0,135,265"
196,"40,23,145"
197,"3,40,21"
198,"40,0,271"
199,"0,271,291"
200,"23,0,10"
201,"40,23,323"
202,"3,53,21"
203,"3,4,0"
204,"40,23,3"
205,"251,169,337"
206,"40,0,199"
207,"23,0,8"
208,"0,145,64"
209,"64,10,80"
210,"3,15,0"
211,"0,40,8"
212,"0,271,291"
213,"3,21,182"
214,"0,265,3"
215,"323,23,3"
216,"0,3,23"
217,"71,23,38"
218,"3,21,0"
219,"40,160,3"
220,"0,23,38"
221,"0,271,3"
222,"3,28,4"
223,"169,3,0"
224,"160,40,334"
225,"3,13,204"
226,"10,64,23"
227,"10,64,40"
228,"5,3,0"
229,"40,3,21"
230,"145,54,44"
231,"3,0,265"
232,"0,23,3"
233,"3,52,51"
234,"40,145,146"
235,"134,40,131"
236,"40,3,169"
237,"0,64,10"
238,"0,10,220"
239,"43,24,40"
240,"0,271,498"
241,"0,271,265"
242,"494,40,169"
243,"40,131,0"
244,"0,271,255"
245,"0,3,169"
246,"10,60,40"
247,"169,40,3"
248,"3,23,0"
249,"40,23,169"
250,"10,23,38"
251,"265,0,488"
252,"3,0,21"
253,"0,3,265"
254,"3,105,10"
255,"0,23,26"
256,"3,160,40"
257,"3,13,204"
258,"40,131,0"
259,"145,402,40"
260,"3,10,64"
261,"3,0,169"
262,"40,334,3"
263,"3,40,34"
264,"40,3,21"
265,"3,21,40"
266,"309,23,40"
267,"317,23,74"
268,"3,10,40"
269,"40,160,169"
270,"3,21,30"
271,"40,10,131"
272,"3,23,24"
273,"40,3,0"
274,"10,0,145"
275,"10,40,0"
276,"3,0,169"
277,"3,40,160"
278,"118,74,23"
279,"40,334,160"
280,"3,40,169"
281,"10,220,3"
282,"0,265,271"
283,"40,3,21"
284,"3,21,10"
285,"3,28,4"
286,"64,10,80"
287,"271,0"
288,"64,10,93"
289,"23,0,38"
290,"0,271,3"
291,"323,181,23"
292,"10,11,0"
293,"0,169,311"
294,"3,0,271"
295,"40,3,160"
296,"40,3,21"
297,"135,40,3"
298,"3,169,23"
299,"3,21,0"
300,"3,23,1"
301,"0,3,169"
302,"71,24,38"
303,"3,0,120"
304,"0,169,23"
305,"0,265,271"
306,"40,38,23"
307,"26,89,0"
308,"10,0,3"
309,"3,40,23"
310,"0,255,271"
311,"3,21,169"
312,"3,40"
313,"3,23,0"
314,"17,3,320"
315,"0,271,265"
316,"40,23,3"
317,"3,5,21"
318,"3,23,169"
319,"0,169,40"
320,"480,0,3"
321,"40,241,3"
322,"3,40,0"
323,"3,111,169"
324,"160,40,3"
325,"131,0,40"
326,"452,3,169"
327,"431,135,40"
328,"170,323,0"
329,"0,271"
330,"0,40,23"
331,"40,3,131"
332,"216,354,211"
333,"3,40,123"
334,"0,366,3"
335,"3,40,0"
336,"323,199,170"
337,"3,187,34"
338,"3,21,191"
339,"3,86,21"
340,"10,220,3"
341,"3,147,0"
342,"40,128,0"
343,"3,5"
344,"40,3,23"
345,"145,40,0"
346,"169,296,40"
347,"10,3,0"
348,"3,40,169"
349,"0,296,300"
350,"10,11,3"
351,"23,0,40"
352,"296,169,0"
353,"0,514,8"
354,"3,40,23"
355,"40,145,0"
356,"38,0,23"
357,"23,3,96"
358,"0,288,265"
359,"0,3,169"
360,"40,23,169"
361,"10,220,0"
362,"3,21,0"
363,"40,309,169"
364,"508,169,40"
365,"0,271,291"
366,"0,40,296"
367,"0,277,458"
368,"23,74,40"
369,"431,0,311"
370,"3,40,28"
371,"43,24,23"
372,"118,74,23"
373,"131,40,184"
374,"0,369,458"
375,"145,10,44"
376,"337,0,3"
377,"3,0,28"
378,"40,41,3"
379,"131,406,23"
380,"40,3,160"
381,"3,0,169"
382,"3,40,0"
383,"169,40,334"
384,"3,10,17"
385,"0,10,220"
386,"220,10"
387,"74,23,40"
388,"0,216,3"
389,"3,301,21"
390,"220,10,0"
391,"131,40,23"
392,"0,354,480"
393,"0,10,64"
394,"265,0,10"
395,"3,111,23"
396,"40,3,160"
397,"3,21,111"
398,"337,169,38"
399,"169,3,199"
400,"40,402,145"
401,"199,0,3"
402,"120,3,217"
403,"0,291,271"
404,"3,53,21"
405,"0,8,40"
406,"3,0,30"
407,"40,131,271"
408,"187,3,34"
409,"3,21,265"
410,"3,40,41"
411,"3,16,15"
412,"3,0,23"
413,"169,0,3"
414,"0,8,265"
415,"131,226,40"
416,"0,3,23"
417,"0,23,265"
418,"0,40,271"
419,"0,169,296"
420,"0,3,169"
421,"220,221,10"
422,"0,10,370"
423,"3,182,165"
424,"0,40,271"
425,"0,265,277"
426,"296,169,0"
427,"0,3,23"
428,"3,10,0"
429,"0,3,40"
430,"0,40,23"
431,"0,8"
432,"0,10,11"
433,"10,0,40"
434,"3,0,40"
435,"3,40,41"
436,"0,271,3"
437,"10,0,220"
438,"40,3,169"
439,"169,3,40"
440,"296,0,40"
441,"265,0,10"
442,"3,15,53"
443,"417,169,296"
444,"0,271,40"
445,"3,4,169"
446,"265,340,0"
447,"0,3,265"
448,"10,64,160"
449,"40,169,296"
450,"0,271,265"
451,"0,216,354"
452,"169,40,0"
453,"40,160,3"
454,"3,74,23"
455,"169,281,0"
456,"0,40,131"
457,"10,0,220"
458,"3,21,23"
459,"3,0,40"
460,"0,8,355"
461,"169,170,199"
462,"23,74,24"
463,"40,3,131"
464,"0,265,340"
465,"0,8,410"
466,"23,26,8"
467,"0,10,265"
468,"0,11,265"
469,"3,311,34"
470,"0,169,3"
471,"0,265,271"
472,"93,64,10"
473,"0,397,480"
474,"514,26,8"
475,"0,265,3"
476,"0,38,23"
477,"3,74,40"
478,"3,40,316"
479,"10,199,323"
480,"40,3,135"
481,"145,10,38"
482,"0,40,271"
483,"0,444,271"
484,"3,21,17"
485,"0,458,277"
486,"64,10,0"
487,"0,40,3"
488,"40,23,128"
489,"40,135,160"
490,"10,64,3"
491,"40,111,3"
492,"10,3,23"
493,"0,265,271"
494,"3,21,40"
495,"0,265,271"
496,"40,0,296"
497,"145,0,10"
498,"0,23,8"
499,"0,498,10"
500,"3,34,21"
501,"36,35,3"
502,"40,169,0"
503,"64,80,10"
504,"3,17,0"
505,"40,128,162"
506,"64,10,93"
507,"431,265,0"
508,"3,265,40"
509,"3,53,287"
510,"64,10,93"
511,"186,40,128"
512,"0,457,265"
513,"40,199,170"
514,"3,4,111"
515,"40,160,334"
516,"3,0,169"
517,"323,199,170"
518,"3,169,311"
519,"16,3,15"
520,"202,0,3"
521,"0,271,277"
522,"54,145,10"
523,"131,40,226"
524,"23,3,0"
525,"26,23,231"
526,"23,0,40"
527,"40,131,3"
528,"296,300,169"
529,"3,0,38"
530,"10,0,24"
531,"220,10,0"
532,"23,3,0"
533,"0,23,10"
534,"40,169,0"
535,"23,38,0"
536,"3,21,147"
537,"0,271,208"
538,"40,10,3"
539,"3,111,0"
540,"0,255,265"
541,"40,38,23"
542,"23,38,0"
543,"3,4,296"
544,"40,3,160"
545,"3,40,23"
546,"64,10,80"
547,"3,23,0"
548,"16,15,3"
549,"3,0,23"
550,"138,135,40"
551,"265,0,3"
552,"0,265,40"
553,"0,220,10"
554,"11,0,10"
555,"23,3,199"
556,"0,170,199"
557,"0,23,38"
558,"10,64,23"
559,"40,328,31"
560,"265,0"
561,"0,265,271"
562,"3,0,220"
563,"0,10,218"
564,"3,21,40"
565,"323,199,3"
566,"0,23,40"
567,"0,271,145"
568,"118,74,23"
569,"334,10,160"
570,"10,3,0"
571,"40,38,23"
572,"3,13,120"
573,"64,10,0"
574,"10,3,60"
575,"40,3,21"
576,"334,40,10"
577,"0,425,3"
578,"3,169,21"
579,"0,40,145"
580,"40,309,3"
581,"40,3,41"
582,"0,255,213"
583,"3,401,13"
584,"3,170,169"
585,"0,8,3"
586,"220,10,3"
587,"3,0,40"
588,"40,23,3"
589,"3,21,0"
590,"0,23,38"
591,"3,10,40"
592,"40,3,199"
593,"145,40,264"
594,"220,221,10"
595,"459,3,0"
596,"23,38,0"
597,"0,208,369"
598,"0,3,271"
599,"23,40,38"
600,"10,64,40"
601,"40,0,131"
602,"3,5,135"
603,"265,0,418"
604,"3,4"
605,"0,8,271"
606,"40,160,0"
607,"3,160,40"
608,"0,271,366"
609,"23,3,169"
610,"170,323,199"
611,"23,40,169"
612,"0,512,23"
613,"3,5,21"
614,"40,3,10"
615,"0,265,255"
616,"38,40,0"
617,"290,0,3"
618,"418,0,265"
619,"431,40,259"
620,"0,271,355"
621,"0,8,23"
622,"3,40,111"
623,"3,0,271"
624,"3,0,100"
625,"0,271,355"
626,"259,426,169"
627,"0,3,31"
628,"0,23,145"
629,"4,3,19"
630,"296,0,31"
631,"0,265,208"
632,"3,40,169"
633,"40,0,3"
634,"0,271,255"
635,"514,8,0"
636,"40,3,135"
637,"160,40,3"
638,"40,0,250"
639,"0,265,271"
640,"0,38,40"
641,"0,265,349"
642,"40,3,0"
643,"40,3,131"
644,"40,3,0"
645,"0,38,23"
646,"3,21,33"
647,"0,40,3"
648,"4,0,3"
649,"251,337,169"
650,"0,23,38"
651,"0,23,417"
652,"0,290,10"
653,"40,160,135"
654,"0,3,40"
655,"40,160,3"
656,"3,28,21"
657,"0,8,265"
658,"3,10,5"
659,"3,13,40"
660,"40,131,0"
661,"0,296,169"
662,"3,0,265"
663,"323,170,199"
664,"3,40,0"
665,"43,23,40"
666,"64,10,93"
667,"31,96,3"
668,"0,103,23"
669,"0,271,3"
670,"40,23,3"
671,"23,145,0"
672,"0,220,10"
673,"0,271,265"
674,"40,3,241"
675,"3,23,120"
676,"0,40,271"
677,"3,17,53"
678,"3,40,111"
679,"220,10,221"
680,"0,8,23"
681,"134,131,40"
682,"0,10,64"
683,"23,40,0"
684,"23,74,3"
685,"3,21,28"
686,"0,271,3"
687,"40,169,3"
688,"0,169,23"
689,"0,10,3"
690,"3,40,111"
691,"311,169,3"
692,"3,53,311"
693,"10,93,64"
694,"0,271,40"
695,"23,38,0"
696,"71,24,38"
697,"3,15,0"
698,"3,28,518"
699,"40,131,406"
700,"3,0,17"
701,"0,23,38"
702,"23,94,38"
703,"169,0,23"
704,"23,0,38"
705,"138,135,40"
706,"131,40,241"
707,"40,41,3"
708,"0,265,218"
709,"40,3,184"
710,"3,17,58"
711,"74,40,23"
712,"16,15,3"
713,"0,277,1"
714,"40,3,169"
715,"0,23,40"
716,"160,3,334"
717,"3,0,4"
718,"3,40,21"
719,"23,0,40"
720,"3,523,53"
721,"10,0,3"
722,"21,3,53"
723,"3,120,40"
724,"3,5,0"
725,"3,40,24"
726,"0,265,3"
727,"0,265,40"
728,"169,23,337"
729,"40,3,41"
730,"169,0,38"
731,"296,169,3"
732,"3,40,17"
733,"44,145,23"
734,"311,169,3"
735,"0,169,311"
736,"10,3,0"
737,"0,3,311"
738,"509,10,0"
739,"8,514,0"
740,"0,23,26"
741,"0,271,23"
742,"3,0,147"
743,"0,40,271"
744,"0,3,10"
745,"3,4"
746,"3,0,23"
747,"31,40,23"
748,"182,3,265"
749,"23,145,40"
750,"40,3,169"
751,"40,131,3"
752,"3,111,40"
753,"135,0,40"
754,"169,417,296"
755,"323,199,170"
756,"145,40,23"
757,"135,40,250"
758,"3,120,0"
759,"169,296,0"
760,"311,169,296"
761,"0,60,3"
762,"10,3,64"
763,"3,21,182"
764,"3,182,21"
765,"0,3,40"
766,"0,265,458"
767,"337,251,0"
768,"0,265,3"
769,"199,170,323"
770,"3,21,111"
771,"10,64,80"
772,"3,16,15"
773,"3,401,13"
774,"311,259,169"
775,"3,21,0"
776,"3,21,187"
777,"3,182,40"
778,"4,3,0"
779,"23,169,296"
780,"10,93,64"
781,"199,170,323"
782,"0,265,271"
783,"23,3,40"
784,"3,28,372"
785,"317,23,38"
786,"0,3,169"
787,"74,23,38"
788,"0,8,40"
789,"3,0,40"
790,"40,3,41"
791,"0,3,169"
792,"44,145,73"
793,"0,40,23"
794,"169,199,170"
795,"131,40,406"
796,"5,3,111"
797,"3,34,0"
798,"40,131,184"
799,"40,111,123"
800,"169,3,459"
801,"0,40,3"
802,"38,23,0"
803,"3,184,15"
804,"3,0,111"
805,"169,426,0"
806,"0,40,346"
807,"71,24,38"
808,"3,21,0"
809,"169,3,0"
810,"3,23,40"
811,"323,199,170"
812,"10,44,0"
813,"0,291,271"
814,"40,3,21"
815,"40,300,296"
816,"3,425,0"
817,"0,265,3"
818,"3,21,0"
819,"3,169,0"
820,"0,255,271"
821,"3,96,40"
822,"3,23,24"
823,"323,199,40"
824,"3,111,40"
825,"40,131"
826,"0,498,288"
827,"11,0,10"
828,"169,170,0"
829,"40,131,406"
830,"0,10,3"
831,"0,296,213"
832,"0,40,10"
833,"40,3,131"
834,"3,40,17"
835,"317,74,23"
836,"3,169,0"
837,"40,185,184"
838,"3,21,4"
839,"5,3,57"
840,"0,40,271"
841,"3,40,56"
842,"3,5,21"
843,"23,26,0"
844,"0,169,296"
845,"40,3,169"
846,"3,169,23"
847,"128,3,40"
848,"0,3,277"
849,"96,31,3"
850,"40,169,131"
851,"514,23,10"
852,"3,40,0"
853,"71,38,24"
854,"169,3,40"
855,"146,40,145"
856,"0,265,40"
857,"334,10,40"
858,"3,28,0"
859,"459,170,374"
860,"0,23,40"
861,"3,40,323"
862,"265,0,3"
863,"0,271,255"
864,"3,13,40"
865,"40,160,3"
866,"3,40,0"
867,"171,170,199"
868,"3,13,0"
869,"40,145,23"
870,"21,340,265"
871,"0,23,40"
872,"3,111,21"
873,"169,426,3"
874,"0,213,214"
875,"0,3,40"
876,"3,13,28"
877,"131,40,226"
878,"171,199,170"
879,"38,23,24"
880,"3,0,40"
881,"0,208,369"
882,"0,10,145"
883,"40,3,23"
884,"402,145,40"
885,"3,40,41"
886,"139,40,0"
887,"3,21,40"
888,"3,21,53"
889,"259,431,426"
890,"0,40,23"
891,"3,0,21"
892,"23,296,3"
893,"10,145,40"
894,"23,3,0"
895,"3,0,340"
896,"131,40,406"
897,"3,34,263"
898,"40,160,41"
899,"0,169,296"
900,"0,277,10"
901,"3,21,40"
902,"23,25,0"
903,"131,0,40"
904,"10,64,93"
905,"40,23,0"
906,"0,457,218"
907,"0,3,458"
908,"40,3,0"
909,"40,162,163"
910,"0,3,169"
911,"0,10,376"
912,"40,0,21"
913,"448,145,10"
914,"10,0,217"
915,"425,0,265"
916,"3,4,7"
917,"0,3,265"
918,"3,4,21"
919,"3,0,23"
920,"120,3,225"
921,"3,234,60"
922,"3,28,53"
923,"3,10,40"
924,"40,146,145"
925,"0,38,23"
926,"3,0,10"
927,"40,128,130"
928,"0,3,265"
929,"3,21,0"
930,"38,23,0"
931,"3,10,0"
932,"0,23,40"
933,"23,0,3"
934,"199,323,170"
935,"0,3,169"
936,"3,169,0"
937,"3,160,15"
938,"3,111,123"
939,"296,169,3"
940,"3,0,4"
941,"0,23,26"
942,"3,120,217"
943,"3,169,296"
944,"4,19,3"
945,"3,40,160"
946,"0,277,458"
947,"3,21,40"
948,"118,74,23"
949,"0,288,40"
950,"0,271,40"
951,"3,0,10"
952,"131,0,40"
953,"131,3,406"
954,"49,265,0"
955,"10,11,3"
956,"145,402,0"
957,"49,40,24"
958,"234,3,60"
959,"323,199,170"
960,"169,40,0"
961,"34,3,263"
962,"40,0,145"
963,"40,0,3"
964,"24,10,23"
965,"128,40,130"
966,"64,10,80"
967,"0,169,3"
968,"3,0,498"
969,"0,23,40"
970,"40,138,135"
971,"40,3,271"
972,"23,40,0"
973,"216,354,0"
974,"10,220,0"
975,"0,271,265"
976,"0,3,10"
977,"3,40,0"
978,"3,40,28"
979,"317,74,23"
980,"0,265,340"
981,"0,3,8"
982,"3,40,17"
983,"3,21,53"
984,"131,40,134"
985,"40,152,151"
986,"23,0,105"
987,"131,134,40"
988,"10,64,448"
989,"3,40,28"
990,"187,3,34"
991,"0,10,8"
992,"337,251,0"
993,"3,40,111"
994,"43,10,24"
995,"0,3,265"
996,"40,3,169"
997,"40,131"
998,"40,3,0"
999,"40,3,169"
1000,"340,0,265"
1001,"3,455,28"
1002,"0,8,480"
1003,"0,40,23"
1004,"3,21,53"
1005,"311,169,0"
1006,"3,21,85"
1007,"40,23,3"
1008,"296,169,300"
1009,"0,40,3"
1010,"23,40,0"
1011,"3,184,185"
1012,"3,0,455"
1013,"64,80,10"
1014,"3,21,169"
1015,"265,0,418"
1016,"38,23,94"
1017,"23,38,0"
1018,"3,187,21"
1019,"3,4,0"
1020,"0,271,255"
1021,"10,0,3"
1022,"0,218,265"
1023,"0,23,26"
1024,"0,291,3"
1025,"40,3,162"
1026,"0,265,40"
1027,"0,271,23"
1028,"187,3,120"
1029,"40,0,23"
1030,"0,3,40"
1031,"323,3,199"
1032,"128,40,0"
1033,"3,0,40"
1034,"3,169,0"
1035,"3,182,0"
1036,"0,3,265"
1037,"3,21,0"
1038,"3,17,320"
1039,"43,24,170"
1040,"3,0,265"
1041,"10,24,3"
1042,"265,0,3"
1043,"0,265,340"
1044,"64,10,90"
1045,"71,38,24"
1046,"3,21,40"
1047,"169,508,3"
1048,"0,10,3"
1049,"0,40,271"
1050,"10,64,40"
1051,"3,21,40"
1052,"0,3,23"
1053,"3,23,0"
1054,"131,40,271"
1055,"23,0,3"
1056,"0,220,10"
1057,"3,40,160"
1058,"3,21,28"
1059,"3,40,169"
1060,"40,24,43"
1061,"3,0,21"
1062,"40,3,111"
1063,"0,458,277"
1064,"3,52,51"
1065,"0,40,152"
1066,"402,40,145"
1067,"0,169,296"
1068,"41,3,40"
1069,"3,40,0"
1070,"3,5,40"
1071,"265,0,349"
1072,"10,3,0"
1073,"0,8,514"
1074,"3,111,21"
1075,"3,21,40"
1076,"23,0,169"
1077,"3,310,147"
1078,"40,160,151"
1079,"40,152,3"
1080,"3,13,0"
1081,"3,0,265"
1082,"291,0,271"
1083,"40,38,23"
1084,"40,3,23"
1085,"40,218,145"
1086,"296,0,3"
1087,"3,10,0"
1088,"3,265,263"
1089,"40,3,38"
1090,"3,0,40"
1091,"3,17,40"
1092,"23,74,0"
1093,"3,40,296"
1094,"0,3,169"
1095,"0,265,169"
1096,"3,17,51"
1097,"202,40,3"
1098,"40,160,3"
1099,"40,3,145"
1100,"0,271,265"
1101,"0,265,271"
1102,"0,3,111"
1103,"145,40,170"
1104,"3,21,187"
1105,"23,3,105"
1106,"23,40,308"
1107,"0,3,170"
1108,"0,40,169"
1109,"169,311,3"
1110,"10,3,0"
1111,"0,23,271"
1112,"40,296,265"
1113,"3,40,0"
1114,"199,170,40"
1115,"160,40"
1116,"3,0,218"
1117,"0,271,255"
1118,"40,0,3"
1119,"40,283,74"
1120,"40,3,23"
1121,"3,17,40"
1122,"3,169,0"
1123,"131,40,226"
1124,"3,21,0"
1125,"169,3,199"
1126,"3,169,296"
1127,"10,23,3"
1128,"0,38,8"
1129,"0,366,271"
1130,"24,43,0"
1131,"0,3,8"
1132,"0,40,271"
1133,"10,40,0"
1134,"0,11,265"
1135,"211,0,212"
1136,"3,40,21"
1137,"169,0,296"
1138,"0,10,220"
1139,"0,271,265"
1140,"40,0,169"
1141,"3,301,21"
1142,"0,271,10"
1143,"251,337,296"
1144,"0,10,3"
1145,"23,0,3"
1146,"3,40,28"
1147,"0,271,23"
1148,"23,0,8"
1149,"3,85,301"
1150,"3,0,4"
1151,"40,3,160"
1152,"402,145,10"
1153,"0,444,40"
1154,"0,3,145"
1155,"265,3,0"
1156,"0,40,145"
1157,"0,255,3"
1158,"0,38,23"
1159,"3,0,40"
1160,"170,199,171"
1161,"3,34,4"
1162,"23,0,38"
1163,"0,271,3"
1164,"0,265,340"
1165,"74,23,38"
1166,"3,21,53"
1167,"3,40,0"
1168,"0,271,265"
1169,"71,145,38"
1170,"0,354,3"
1171,"23,0,265"
1172,"4,19,189"
1173,"0,23,40"
1174,"265,0"
1175,"3,0,169"
1176,"0,40,199"
1177,"0,265,271"
1178,"10,0,3"
1179,"160,40,334"
1180,"3,0,199"
1181,"0,1,277"
1182,"0,265,340"
1183,"38,0,23"
1184,"8,0,308"
1185,"0,40,31"
1186,"220,10,221"
1187,"3,40,296"
1188,"3,40,0"
1189,"199,171,170"
1190,"3,40,21"
1191,"169,135,40"
1192,"199,323,170"
1193,"40,41,224"
1194,"0,265,349"
1195,"169,281,426"
1196,"4,3"
1197,"40,135,151"
1198,"0,3,265"
1199,"0,3,265"
1200,"0,265,11"
1201,"0,23,38"
1202,"0,3,40"
1203,"23,38,40"
1204,"0,23,38"
1205,"71,24,10"
1206,"0,8,3"
1207,"0,265,271"
1208,"220,10,3"
1209,"40,3,23"
1210,"0,23,40"
1211,"169,170,0"
1212,"0,265,169"
1213,"426,508,0"
1214,"0,23,8"
1215,"0,3,291"
1216,"23,74,40"
1217,"3,160,40"
1218,"40,3,111"
1219,"10,40,0"
1220,"259,426,135"
1221,"0,265,10"
1222,"3,21,0"
1223,"3,40,21"
1224,"40,131,226"
1225,"11,10,0"
1226,"175,250,38"
1227,"40,3,160"
1228,"0,40,271"
1229,"64,199,3"
1230,"74,40,23"
1231,"3,13,21"
1232,"0,23,160"
1233,"0,38,23"
1234,"337,145,251"
1235,"317,74,23"
1236,"0,498,291"
1237,"0,23,38"
1238,"0,31,296"
1239,"3,0,265"
1240,"0,3,208"
1241,"3,21,0"
1242,"44,72,145"
1243,"40,184,3"
1244,"10,3,0"
1245,"0,265,255"
1246,"0,3,40"
1247,"23,40,74"
1248,"40,0,23"
1249,"0,169,337"
1250,"0,265,340"
1251,"10,64,3"
1252,"3,21,301"
1253,"131,40,226"
1254,"40,224,41"
1255,"23,145,26"
1256,"3,4,0"
1257,"0,265,271"
1258,"10,40,0"
1259,"0,265,208"
1260,"3,21,300"
1261,"291,40,3"
1262,"64,93,10"
1263,"0,3,265"
1264,"10,23,145"
1265,"40,3,135"
1266,"3,10,0"
1267,"0,38,23"
1268,"0,271,23"
1269,"3,459,40"
1270,"3,40,21"
1271,"71,24,10"
1272,"3,455,40"
1273,"23,131,0"
1274,"459,169,40"
1275,"0,23,3"
1276,"0,3,169"
1277,"3,13,0"
1278,"40,135,3"
1279,"16,15,3"
1280,"0,40,3"
1281,"3,40,0"
1282,"10,23,40"
1283,"3,53,23"
1284,"3,169,40"
1285,"3,40,28"
1286,"0,271,355"
1287,"308,8,0"
1288,"128,130,40"
1289,"3,0,229"
1290,"0,10,288"
1291,"199,169,23"
1292,"3,0,265"
1293,"0,8,26"
1294,"3,40,0"
1295,"3,21,0"
1296,"5,3,6"
1297,"3,169,0"
1298,"3,21,40"
1299,"64,10,40"
1300,"23,0,38"
1301,"63,23,417"
1302,"3,21,40"
1303,"3,23,21"
1304,"3,4,13"
1305,"3,0,28"
1306,"3,182,23"
1307,"0,170,199"
1308,"0,169,3"
1309,"3,0,23"
1310,"3,401,13"
1311,"3,0,38"
1312,"0,509,3"
1313,"40,145,402"
1314,"23,0,38"
1315,"21,182,3"
1316,"3,0,169"
1317,"0,265,3"
1318,"311,0,169"
1319,"3,40,111"
1320,"64,10,93"
1321,"220,0,10"
1322,"3,160,120"
1323,"23,40,3"
1324,"23,0,38"
1325,"3,169,40"
1326,"23,0,38"
1327,"0,10,220"
1328,"3,169,53"
1329,"3,40,11"
1330,"0,40,291"
1331,"3,0,21"
1332,"3,0,21"
1333,"169,459,40"
1334,"0,8,218"
1335,"3,40,21"
1336,"3,0,265"
1337,"0,10,498"
1338,"40,3,0"
1339,"3,0,225"
1340,"3,187,21"
1341,"146,40,145"
1342,"169,296,40"
1343,"135,40,23"
1344,"40,0,10"
1345,"40,131,0"
1346,"0,169,296"
1347,"3,268,120"
1348,"138,135,40"
1349,"170,23,199"
1350,"0,3,23"
1351,"0,271,313"
1352,"0,265,3"
1353,"0,271,313"
1354,"287,53,3"
1355,"0,265,458"
1356,"3,40,0"
1357,"3,28,21"
1358,"498,74,23"
1359,"3,10,11"
1360,"3,40,0"
1361,"40,169,3"
1362,"3,0,40"
1363,"0,337,251"
1364,"3,21,0"
1365,"0,265,169"
1366,"0,23,38"
1367,"28,3,310"
1368,"3,21,0"
1369,"23,38,74"
1370,"0,265,340"
1371,"40,41,3"
1372,"0,145,10"
1373,"402,145,10"
1374,"24,0,265"
1375,"10,44,145"
1376,"3,40,0"
1377,"3,40,169"
1378,"0,64,10"
1379,"23,3,0"
1380,"23,38,24"
1381,"0,3,40"
1382,"3,0,40"
1383,"3,111,40"
1384,"21,3,301"
1385,"40,160,3"
1386,"323,170,199"
1387,"0,3,89"
1388,"11,10,0"
1389,"5,3,169"
1390,"3,10,0"
1391,"0,255,216"
1392,"3,21,169"
1393,"40,128,0"
1394,"3,40,21"
1395,"138,40,135"
1396,"11,10,44"
1397,"0,10,40"
1398,"38,0,40"
1399,"251,337,38"
1400,"40,459,3"
1401,"169,38,199"
1402,"3,4,28"
1403,"3,34,40"
1404,"402,320,145"
1405,"160,199,40"
1406,"3,17,0"
1407,"3,111,40"
1408,"3,4,40"
1409,"40,3,10"
1410,"3,199,21"
1411,"0,3,265"
1412,"3,0,187"
1413,"3,40,0"
1414,"220,221,10"
1415,"3,21,234"
1416,"3,15,16"
1417,"3,28,0"
1418,"5,3,21"
1419,"0,218,40"
1420,"334,160,40"
1421,"40,3,296"
1422,"40,160,334"
1423,"0,23,38"
1424,"23,74,38"
1425,"40,3,0"
1426,"3,169,0"
1427,"23,3,0"
1428,"44,0,145"
1429,"3,21,340"
1430,"11,10,145"
1431,"3,263,34"
1432,"38,23,0"
1433,"64,10,93"
1434,"145,0,10"
1435,"0,10,277"
1436,"169,23,296"
1437,"3,0,169"
1438,"40,23,250"
1439,"3,0,40"
1440,"3,21,40"
1441,"3,120,21"
1442,"0,169,1"
1443,"64,10,23"
1444,"0,10,40"
1445,"0,181,23"
1446,"23,118,74"
1447,"49,24,23"
1448,"10,145,40"
1449,"3,40,28"
1450,"0,255,271"
1451,"3,111,40"
1452,"10,234,60"
1453,"3,21,53"
1454,"10,3,40"
1455,"160,40,334"
1456,"3,21,182"
1457,"40,41,224"
1458,"3,0,21"
1459,"0,265,3"
1460,"40,0,170"
1461,"3,40,111"
1462,"0,40,10"
1463,"0,10,3"
1464,"24,43,23"
1465,"40,128,160"
1466,"0,457,23"
1467,"135,40,311"
1468,"0,271,3"
1469,"118,23,0"
1470,"3,0,40"
1471,"10,23,43"
1472,"0,271,3"
1473,"3,5,40"
1474,"4,0,3"
1475,"0,64,3"
1476,"169,3,10"
1477,"3,4,452"
1478,"0,271,265"
1479,"40,186,128"
1480,"23,40,74"
1481,"0,265,23"
1482,"3,111,40"
1483,"0,457,218"
1484,"40,3,0"
1485,"3,21,15"
1486,"3,0,271"
1487,"40,0,271"
1488,"3,0,265"
1489,"40,3,0"
1490,"3,277,458"
1491,"10,145,64"
1492,"23,40,199"
1493,"0,271"
1494,"111,3,123"
1495,"23,38,40"
1496,"23,0,3"
1497,"40,23,131"
1498,"40,23,169"
1499,"131,40,0"
1500,"23,38,39"
1501,"3,21,0"
1502,"169,311,3"
1503,"0,169,40"
1504,"250,3,38"
1505,"3,40,21"
1506,"169,296,452"
1507,"23,0,38"
1508,"3,21,0"
1509,"0,271,255"
1510,"3,263,0"
1511,"40,131,169"
1512,"40,135,138"
1513,"0,265,271"
1514,"0,40,23"
1515,"3,28,21"
1516,"3,169,40"
1517,"0,396,395"
1518,"40,23,0"
1519,"3,0,131"
1520,"3,169,64"
1521,"3,0,145"
1522,"3,21,265"
1523,"0,296,23"
1524,"10,64,3"
1525,"10,11,3"
1526,"49,24,265"
1527,"10,64,3"
1528,"480,0,255"
1529,"3,38,40"
1530,"169,426,0"
1531,"220,10,221"
1532,"23,10,40"
1533,"145,40,24"
1534,"10,0,40"
1535,"220,0,10"
1536,"0,271,169"
1537,"169,296,417"
1538,"0,3,169"
1539,"3,15,16"
1540,"23,38,74"
1541,"0,3,265"
1542,"3,21,30"
1543,"135,40,138"
1544,"10,181,23"
1545,"3,40,169"
1546,"40,3,131"
1547,"3,23,0"
1548,"0,23,10"
1549,"0,10,425"
1550,"0,255,40"
1551,"3,4,0"
1552,"40,0,3"
1553,"3,4,0"
1554,"3,0,40"
1555,"0,3,23"
1556,"0,265,21"
1557,"3,0,217"
1558,"10,0,220"
1559,"3,10,40"
1560,"169,296,3"
1561,"10,3,0"
1562,"3,160,4"
1563,"0,23,40"
1564,"115,21,3"
1565,"138,135,40"
1566,"38,448,3"
1567,"0,265,26"
1568,"0,23,38"
1569,"0,458,8"
1570,"10,64,40"
1571,"0,73,44"
1572,"3,40,53"
1573,"296,3,0"
1574,"10,145,72"
1575,"0,23,3"
1576,"3,10,40"
1577,"3,40,0"
1578,"40,0,346"
1579,"291,0,271"
1580,"263,3,34"
1581,"3,401,13"
1582,"323,3,10"
1583,"296,169,417"
1584,"3,21,296"
1585,"40,169,135"
1586,"0,169,296"
1587,"3,21,0"
1588,"10,64,199"
1589,"74,23,40"
1590,"40,186,128"
1591,"0,23,265"
1592,"337,251,0"
1593,"40,170,199"
1594,"0,23,40"
1595,"170,199,171"
1596,"0,40,3"
1597,"120,3,217"
1598,"3,5,0"
1599,"44,145,23"
1600,"0,277,169"
1601,"40,3,21"
1602,"10,145,3"
1603,"265,0,376"
1604,"0,3,40"
1605,"3,40,21"
1606,"40,160,334"
1607,"40,169,296"
1608,"169,459,40"
1609,"3,21,0"
1610,"0,23,40"
1611,"40,3,169"
1612,"23,199,3"
1613,"3,21,0"
1614,"169,3,0"
1615,"3,28,0"
1616,"0,271,3"
1617,"23,0,38"
1618,"3,21,0"
1619,"220,0,10"
1620,"3,0,169"
1621,"0,259,23"
1622,"40,0,135"
1623,"296,169,40"
1624,"0,271,265"
1625,"0,23,265"
1626,"0,265,425"
1627,"74,23,118"
1628,"40,334,3"
1629,"40,131,134"
1630,"40,145,3"
1631,"40,131,23"
1632,"0,8,23"
1633,"3,21,111"
1634,"10,0,40"
1635,"0,216,3"
1636,"3,0,10"
1637,"0,277,458"
1638,"3,4,21"
1639,"40,0,131"
1640,"3,0,169"
1641,"3,21,182"
1642,"3,0,53"
1643,"0,265,3"
1644,"323,199,10"
1645,"0,271,265"
1646,"10,23,3"
1647,"3,40,10"
1648,"31,23,40"
1649,"3,0,23"
1650,"64,10,93"
1651,"265,0,340"
1652,"5,3,385"
1653,"0,3,169"
1654,"3,21,40"
1655,"3,21,0"
1656,"40,23,128"
1657,"40,10,169"
1658,"3,53,21"
1659,"3,40,0"
1660,"31,3,40"
1661,"5,3,0"
1662,"40,3,169"
1663,"40,131,134"
1664,"0,3,4"
1665,"0,145,23"
1666,"3,40,23"
1667,"0,10,218"
1668,"3,169,28"
1669,"131,40,134"
1670,"0,3,313"
1671,"0,145,44"
1672,"3,169,311"
1673,"287,3,53"
1674,"3,0,10"
1675,"43,23,40"
1676,"0,271,498"
1677,"10,0,169"
1678,"0,40,8"
1679,"3,40,111"
1680,"323,10,170"
1681,"0,271,3"
1682,"0,3,40"
1683,"3,53,0"
1684,"3,21,40"
1685,"0,3,265"
1686,"3,21,182"
1687,"3,17,320"
1688,"3,21,0"
1689,"40,134,131"
1690,"40,3,0"
1691,"3,187,263"
1692,"251,337,296"
1693,"3,111,40"
1694,"480,255,0"
1695,"317,74,40"
1696,"425,0,40"
1697,"0,40,3"
1698,"111,3,182"
1699,"40,3,21"
1700,"0,10,3"
1701,"3,0,28"
1702,"3,21,40"
1703,"0,265,3"
1704,"234,60,40"
1705,"3,21,120"
1706,"3,120,0"
1707,"0,271,23"
1708,"40,23,169"
1709,"40,184,23"
1710,"40,0,23"
1711,"0,444,271"
1712,"23,40,3"
1713,"311,169,0"
1714,"3,120,0"
1715,"170,199,169"
1716,"3,0,15"
1717,"455,0,271"
1718,"296,169,3"
1719,"40,23,145"
1720,"131,40,406"
1721,"10,199,40"
1722,"10,169,3"
1723,"10,145,40"
1724,"40,23,3"
1725,"220,10,0"
1726,"0,26,23"
1727,"23,38,74"
1728,"40,23,3"
1729,"0,3,265"
1730,"3,187,40"
1731,"199,170,169"
1732,"0,40,170"
1733,"64,93,10"
1734,"3,21,191"
1735,"0,265"
1736,"10,11,40"
1737,"3,21,17"
1738,"199,23,323"
1739,"3,17,320"
1740,"3,0,21"
1741,"3,40,21"
1742,"0,265,3"
1743,"0,265,3"
1744,"3,40,23"
1745,"3,217,21"
1746,"3,40,0"
1747,"3,28,0"
1748,"296,89,26"
1749,"64,10,0"
1750,"10,0,64"
1751,"0,271,3"
1752,"0,38,23"
1753,"0,271,455"
1754,"323,199,170"
1755,"169,135,40"
1756,"40,139,41"
1757,"0,23,38"
1758,"0,40,313"
1759,"23,0,3"
1760,"38,23,3"
1761,"3,0,21"
1762,"44,145,0"
1763,"170,169,199"
1764,"10,220,0"
1765,"40,3,41"
1766,"135,138,169"
1767,"0,3,288"
1768,"3,21,225"
1769,"3,0,21"
1770,"3,17,28"
1771,"0,8,265"
1772,"3,21,182"
1773,"3,0,40"
1774,"10,509,11"
1775,"40,169,311"
1776,"10,64,23"
1777,"0,271,3"
1778,"3,21,40"
1779,"0,3,169"
1780,"40,169,3"
1781,"0,265,23"
1782,"0,23,271"
1783,"0,23,3"
1784,"40,3,10"
1785,"0,169,170"
1786,"0,23,3"
1787,"40,0,3"
1788,"40,160,135"
1789,"169,281,3"
1790,"40,23,135"
1791,"220,10,0"
1792,"74,23,317"
1793,"10,40,64"
1794,"40,3,131"
1795,"0,265,277"
1796,"38,23,0"
1797,"220,10,0"
1798,"23,0,3"
1799,"3,169,53"
1800,"3,96,23"
1801,"0,271,291"
1802,"0,3,265"
1803,"59,265,0"
1804,"24,23,0"
1805,"0,23,3"
1806,"3,431,0"
1807,"10,0,23"
1808,"40,3"
1809,"0,40,3"
1810,"40,23,169"
1811,"3,113,28"
1812,"3,5,0"
1813,"0,10,3"
1814,"0,169,3"
1815,"0,25,24"
1816,"224,3,40"
1817,"3,40,21"
1818,"0,199,3"
1819,"3,0,53"
1820,"10,145,448"
1821,"74,118,23"
1822,"3,0,40"
1823,"0,23,38"
1824,"40,316,3"
1825,"0,10,23"
1826,"54,322,83"
1827,"10,296,0"
1828,"3,34,40"
1829,"171,170,199"
1830,"508,23,426"
1831,"0,1,40"
1832,"0,271,265"
1833,"3,40,0"
1834,"0,169,3"
1835,"0,8,216"
1836,"31,3,10"
1837,"10,3,145"
1838,"3,53,111"
1839,"0,3,291"
1840,"40,0,10"
1841,"3,21,0"
1842,"3,40,21"
1843,"3,0,38"
1844,"0,3,23"
1845,"3,0,40"
1846,"40,3,184"
1847,"0,3,40"
1848,"0,8,355"
1849,"3,15,16"
1850,"16,15,3"
1851,"10,24,11"
1852,"3,40,111"
1853,"40,3,13"
1854,"64,10,93"
1855,"0,169,8"
1856,"0,3,23"
1857,"40,128,3"
1858,"40,3,41"
1859,"0,265,271"
1860,"23,40,3"
1861,"40,135,3"
1862,"0,277,458"
1863,"64,93,10"
1864,"40,0,3"
1865,"40,134,131"
1866,"0,265,458"
1867,"508,23,40"
1868,"23,40,0"
1869,"0,3,8"
1870,"40,160,334"
1871,"265,340,0"
1872,"0,169,3"
1873,"0,340,265"
1874,"40,0,169"
1875,"40,263,3"
1876,"40,31,3"
1877,"170,323,40"
1878,"3,40,21"
1879,"0,271"
1880,"0,40,271"
1881,"199,10,170"
1882,"10,3,64"
1883,"118,74,23"
1884,"3,0,40"
1885,"4,3,0"
1886,"3,0,40"
1887,"3,323,10"
1888,"10,64,93"
1889,"3,21,225"
1890,"118,74,23"
1891,"16,15,3"
1892,"0,265,271"
1893,"220,0,10"
1894,"23,40,169"
1895,"0,265,3"
1896,"25,0,40"
1897,"10,23,0"
1898,"0,3,271"
1899,"0,8,265"
1900,"40,135,23"
1901,"0,3,40"
1902,"311,10,3"
1903,"3,28,296"
1904,"3,17,11"
1905,"3,53,523"
1906,"0,23,3"
1907,"3,0,111"
1908,"3,111,40"
1909,"3,364,28"
1910,"0,23,8"
1911,"220,0,3"
1912,"3,0,40"
1913,"3,21,4"
1914,"169,311,3"
1915,"271,0,291"
1916,"3,40,120"
1917,"457,0,218"
1918,"0,255,480"
1919,"311,259,426"
1920,"3,265,0"
1921,"10,64,0"
1922,"23,118,74"
1923,"3,0,53"
1924,"40,3,0"
1925,"3,0,271"
1926,"3,40,21"
1927,"0,23,3"
1928,"169,3,40"
1929,"3,5"
1930,"40,3,10"
1931,"38,23,40"
1932,"0,271"
1933,"3,15,51"
1934,"220,10,221"
1935,"118,74,23"
1936,"169,0,296"
1937,"3,21,160"
1938,"301,3,21"
1939,"169,426,40"
1940,"323,23,199"
1941,"0,3,296"
1942,"0,271,255"
1943,"40,3,23"
1944,"296,169,40"
1945,"40,169,0"
1946,"74,23,283"
1947,"0,74,23"
1948,"0,10,265"
1949,"0,265,290"
1950,"0,23,3"
1951,"10,23,3"
1952,"169,40,23"
1953,"3,0,271"
1954,"10,0,220"
1955,"3,40,21"
1956,"64,10,93"
1957,"3,120,17"
1958,"3,21,147"
1959,"0,271,265"
1960,"0,23,169"
1961,"3,0,28"
1962,"220,10,0"
1963,"10,64,3"
1964,"0,169,23"
1965,"0,23,265"
1966,"3,0,11"
1967,"40,175,23"
1968,"64,10,40"
1969,"0,271,40"
1970,"309,38,40"
1971,"220,0,10"
1972,"0,3,10"
1973,"0,23,40"
1974,"220,0,265"
1975,"265,0,349"
1976,"0,265,3"
1977,"40,3,0"
1978,"0,265,271"
1979,"0,8,3"
1980,"372,3,0"
1981,"3,425,4"
1982,"10,64,3"
1983,"3,53,21"
1984,"0,271,8"
1985,"40,3,23"
1986,"0,271,40"
1987,"0,355,271"
1988,"0,271,40"
1989,"220,10,221"
1990,"3,53,169"
1991,"0,23,3"
1992,"3,40,316"
1993,"3,0,23"
1994,"3,21,40"
1995,"0,3,265"
1996,"40,508,0"
1997,"311,259,426"
1998,"40,169,3"
1999,"64,335,23"
2000,"0,265,3"
2001,"199,323,170"
2002,"3,40,21"
2003,"23,38,145"
2004,"263,34,3"
2005,"0,169,311"
2006,"23,40,74"
2007,"0,40,3"
2008,"10,3,90"
2009,"234,10,60"
2010,"431,3,0"
2011,"271,0,23"
2012,"40,10,3"
2013,"0,271,255"
2014,"0,271,340"
2015,"0,8"
2016,"3,169,199"
2017,"40,3,28"
2018,"0,265,458"
2019,"10,220,0"
2020,"0,169,3"
2021,"3,0,40"
2022,"3,21,301"
2023,"3,0,34"
2024,"40,3,21"
2025,"169,3,311"
2026,"3,21,0"
2027,"0,291,271"
2028,"0,3,271"
2029,"10,0,3"
2030,"131,40,134"
2031,"38,23,24"
2032,"265,0,418"
2033,"3,40,10"
2034,"40,3,131"
2035,"169,199,170"
2036,"0,23,40"
2037,"5,3,6"
2038,"3,21,0"
2039,"0,10,3"
2040,"3,169,21"
2041,"3,21,187"
2042,"135,40,23"
2043,"0,3,313"
2044,"0,271,455"
2045,"0,3,271"
2046,"44,23,0"
2047,"40,459,169"
2048,"11,10,0"
2049,"3,169,40"
2050,"3,40,514"
2051,"3,0,311"
2052,"0,3,40"
2053,"40,146,145"
2054,"0,3,23"
2055,"64,10,93"
2056,"171,170,199"
2057,"0,271,458"
2058,"3,40,0"
2059,"40,160,3"
2060,"0,23,40"
2061,"40,3,135"
2062,"3,0,17"
2063,"0,3,44"
2064,"3,170,323"
2065,"0,40,169"
2066,"10,3,0"
2067,"10,0,3"
2068,"4,3,7"
2069,"49,0,40"
2070,"64,10,80"
2071,"3,17,0"
2072,"3,21,28"
2073,"71,24,0"
2074,"3,21,160"
2075,"40,0,3"
2076,"40,23,31"
2077,"3,0,120"
2078,"10,23,3"
2079,"169,3,0"
2080,"311,0,169"
2081,"160,40,3"
2082,"23,0,38"
2083,"0,40,271"
2084,"169,0,3"
2085,"0,169,271"
2086,"259,426,431"
2087,"40,3,0"
2088,"3,23,10"
2089,"0,265,271"
2090,"8,514,0"
2091,"0,3,263"
2092,"3,5,21"
2093,"0,265,255"
2094,"169,426,3"
2095,"0,271,255"
2096,"0,3,271"
2097,"40,3,23"
2098,"10,64,0"
2099,"0,3,10"
2100,"0,38,514"
2101,"3,0,21"
2102,"3,111,112"
2103,"40,135,151"
2104,"10,64,0"
2105,"40,296,169"
2106,"0,38,23"
2107,"131,40,169"
2108,"3,147,120"
2109,"0,220,3"
2110,"169,311,426"
2111,"3,40,21"
2112,"0,213,255"
2113,"64,93,10"
2114,"40,23,128"
2115,"265,0,488"
2116,"3,120,0"
2117,"0,23,265"
2118,"10,40,0"
2119,"23,0,291"
2120,"10,145,23"
2121,"0,8,23"
2122,"131,40,406"
2123,"3,0,23"
2124,"40,199,170"
2125,"3,23,296"
2126,"10,11,0"
2127,"120,3,147"
2128,"0,255,271"
2129,"3,0,169"
2130,"0,10,3"
2131,"40,23,0"
2132,"64,10,93"
2133,"0,3,40"
2134,"40,10,3"
2135,"3,0,169"
2136,"0,271,40"
2137,"10,0,40"
2138,"40,244,135"
2139,"4,3,7"
2140,"3,169,21"
2141,"131,40"
2142,"0,23,3"
2143,"3,28,0"
2144,"40,23,296"
2145,"0,3,23"
2146,"169,296,3"
2147,"0,271,340"
2148,"10,220,0"
2149,"3,0,265"
2150,"0,3,8"
2151,"64,40,10"
2152,"3,301,85"
2153,"40,131,23"
2154,"0,265,3"
2155,"3,21,0"
2156,"23,40,0"
2157,"3,323,40"
2158,"40,0,3"
2159,"40,38,23"
2160,"0,23,40"
2161,"3,11,0"
2162,"0,514,23"
2163,"40,0,3"
2164,"40,0,23"
2165,"170,199,169"
2166,"220,0,10"
2167,"317,74,23"
2168,"40,160,131"
2169,"10,199,23"
2170,"0,271,213"
2171,"40,334,160"
2172,"3,30,316"
2173,"40,184,135"
2174,"3,17,320"
2175,"0,271,23"
2176,"0,3,40"
2177,"23,0,3"
2178,"24,71,23"
2179,"3,0,40"
2180,"40,23,170"
2181,"40,131,23"
2182,"0,3,40"
2183,"0,8,265"
2184,"0,271,40"
2185,"3,156,147"
2186,"3,21,40"
2187,"40,3,0"
2188,"40,296,23"
2189,"3,187,21"
2190,"3,0,169"
2191,"40,10,3"
2192,"44,10,40"
2193,"3,0,15"
2194,"0,3,311"
2195,"0,265,271"
2196,"0,265,3"
2197,"40,131,160"
2198,"0,277,458"
2199,"169,311,3"
2200,"40,3,41"
2201,"0,271,355"
2202,"10,64,0"
2203,"171,170,0"
2204,"40,296,23"
2205,"3,23,31"
2206,"3,53,287"
2207,"0,271,265"
2208,"40,0,313"
2209,"40,0,169"
2210,"118,0,23"
2211,"0,271,169"
2212,"147,3,120"
2213,"3,0,4"
2214,"23,0,3"
2215,"40,160,334"
2216,"3,21,182"
2217,"40,3,131"
2218,"220,0,10"
2219,"0,3,265"
2220,"372,0,10"
2221,"40,131,0"
2222,"23,0,3"
2223,"10,0,40"
2224,"38,24,23"
2225,"3,0,53"
2226,"3,169,40"
2227,"220,10,0"
2228,"0,208,8"
2229,"0,3,169"
2230,"23,3,0"
2231,"0,23,3"
2232,"71,38,40"
2233,"40,0,145"
2234,"0,10,3"
2235,"0,10,3"
2236,"0,220,265"
2237,"0,40,271"
2238,"220,10,0"
2239,"265,0,349"
2240,"3,169,5"
2241,"3,40,10"
2242,"3,182,4"
2243,"3,40,0"
2244,"64,80,10"
2245,"40,145,0"
2246,"3,28,364"
2247,"0,220,10"
2248,"323,199,170"
2249,"10,145,0"
2250,"40,0,23"
2251,"3,17,21"
2252,"3,225,40"
2253,"3,0,40"
2254,"40,3,169"
2255,"0,265,10"
2256,"17,3,0"
2257,"0,3,40"
2258,"0,271,265"
2259,"0,220,10"
2260,"38,23,3"
2261,"3,23,0"
2262,"10,0,11"
2263,"138,135,40"
2264,"319,372,211"
2265,"3,0,21"
2266,"169,296,426"
2267,"10,11,0"
2268,"0,3,277"
2269,"64,10,0"
2270,"401,0,3"
2271,"169,296,40"
2272,"3,40,169"
2273,"3,4,53"
2274,"3,120,28"
2275,"3,40,170"
2276,"0,40,145"
2277,"169,3,40"
2278,"3,5,40"
2279,"3,0,40"
2280,"0,216,255"
2281,"23,24,43"
2282,"169,3,40"
2283,"89,0,26"
2284,"169,296"
2285,"0,3,265"
2286,"3,0,40"
2287,"3,169,0"
2288,"3,0,15"
2289,"0,3,10"
2290,"3,28,0"
2291,"138,135,40"
2292,"3,21,204"
2293,"118,74,23"
2294,"0,271,291"
2295,"0,265,3"
2296,"220,0,10"
2297,"3,21,40"
2298,"220,10,221"
2299,"459,169,40"
2300,"0,265,425"
2301,"3,0,23"
2302,"175,23,514"
2303,"3,0,40"
2304,"3,311,0"
2305,"0,3,271"
2306,"0,271,265"
2307,"40,160,41"
2308,"0,313,8"
2309,"17,3,10"
2310,"0,10,265"
2311,"0,40,271"
2312,"3,21,53"
2313,"199,169,23"
2314,"10,220,54"
2315,"0,10,40"
2316,"296,23,0"
2317,"0,23,265"
2318,"0,23,38"
2319,"0,265,271"
2320,"3,13,452"
2321,"508,40,169"
2322,"0,23,265"
2323,"0,255,40"
2324,"3,169,277"
2325,"0,277,458"
2326,"0,208,271"
2327,"0,23,38"
2328,"10,0,220"
2329,"40,186,128"
2330,"0,40,3"
2331,"0,277,271"
2332,"0,40,111"
2333,"38,23,40"
2334,"0,23,265"
2335,"23,3,0"
2336,"160,40,0"
2337,"0,498,458"
2338,"3,4,169"
2339,"3,169,28"
2340,"23,0,40"
2341,"23,145,0"
2342,"3,40,21"
2343,"23,38,74"
2344,"0,169,40"
2345,"3,28,53"
2346,"118,74,23"
2347,"10,0,220"
2348,"3,17,21"
2349,"40,169,3"
2350,"64,10,80"
2351,"3,40,10"
2352,"3,0,21"
2353,"0,10,220"
2354,"0,255,3"
2355,"145,40,0"
2356,"3,0,21"
2357,"0,3,199"
2358,"169,296,426"
2359,"0,23,216"
2360,"0,265,458"
2361,"10,0,145"
2362,"40,0,3"
2363,"224,40,41"
2364,"115,3,146"
2365,"40,0,3"
2366,"0,23,10"
2367,"40,250,162"
2368,"74,40,23"
2369,"0,265,40"
2370,"3,160,0"
2371,"23,26,38"
2372,"3,21,169"
2373,"220,10,221"
2374,"0,425,10"
2375,"145,10,54"
2376,"3,21,111"
2377,"0,376,265"
2378,"3,16,15"
2379,"40,3,0"
2380,"0,214,213"
2381,"0,265"
2382,"40,3,0"
2383,"3,111,112"
2384,"10,40,3"
2385,"3,52,51"
2386,"40,23,131"
2387,"169,40,3"
2388,"145,0,40"
2389,"169,38,23"
2390,"3,21,0"
2391,"10,60,234"
2392,"169,311,170"
2393,"3,147,225"
2394,"0,265,290"
2395,"0,3,40"
2396,"220,10,0"
2397,"10,0,23"
2398,"199,40,0"
2399,"40,160,3"
2400,"23,0,25"
2401,"23,0,40"
2402,"3,311,169"
2403,"0,265,277"
2404,"3,21,0"
2405,"181,23,323"
2406,"40,3,135"
2407,"10,40,11"
2408,"24,145,23"
2409,"73,44,145"
2410,"3,23,40"
2411,"40,296,131"
2412,"3,21,40"
2413,"224,41,40"
2414,"0,3,10"
2415,"3,15,16"
2416,"118,74,23"
2417,"0,10,3"
2418,"0,71,38"
2419,"64,10,80"
2420,"3,169,311"
2421,"43,24,40"
2422,"217,3,120"
2423,"3,21,40"
2424,"3,4,40"
2425,"64,10,0"
2426,"3,28,21"
2427,"169,296,0"
2428,"118,74,23"
2429,"0,3,13"
2430,"23,0,38"
2431,"40,0,128"
2432,"0,255,3"
2433,"265,0,425"
2434,"3,0,255"
2435,"3,40,21"
2436,"169,40,426"
2437,"23,296,3"
2438,"40,3,169"
2439,"3,160,0"
2440,"0,10,72"
2441,"0,265,418"
2442,"64,10,3"
2443,"3,0,169"
2444,"40,131,3"
2445,"40,169,3"
2446,"23,43,24"
2447,"0,23,38"
2448,"40,131,0"
2449,"10,220,3"
2450,"3,169,28"
2451,"0,40,23"
2452,"40,23,160"
2453,"138,40,135"
2454,"3,21"
2455,"0,271,255"
2456,"40,0,313"
2457,"40,0,23"
2458,"169,3,23"
2459,"10,0,3"
2460,"0,3,40"
2461,"11,109,10"
2462,"3,86,85"
2463,"3,0,21"
2464,"10,0,3"
2465,"0,3,271"
2466,"40,131,0"
2467,"0,265,23"
2468,"0,220,3"
2469,"199,170,3"
2470,"10,64,0"
2471,"0,498,220"
2472,"40,128,23"
2473,"3,0,265"
2474,"40,0,271"
2475,"169,3,0"
2476,"3,21,40"
2477,"199,323,170"
2478,"0,3,271"
2479,"3,111,21"
2480,"0,31,3"
2481,"259,431,426"
2482,"10,64,23"
2483,"3,21,53"
2484,"40,24,0"
2485,"169,0,199"
2486,"0,458,277"
2487,"425,265,0"
2488,"3,31,40"
2489,"3,21,0"
2490,"3,17,40"
2491,"0,265,498"
2492,"0,265,271"
2493,"0,145,10"
2494,"0,277,211"
2495,"265,40,220"
2496,"3,40,23"
2497,"3,40,0"
2498,"3,40,0"
2499,"0,40,3"
2500,"170,40,199"
2501,"3,0,40"
2502,"0,40,271"
2503,"0,3,455"
2504,"131,40,486"
2505,"0,8,3"
2506,"40,0,3"
2507,"3,21,111"
2508,"508,0,23"
2509,"0,265,372"
2510,"199,170,323"
2511,"40,3,21"
2512,"0,265,271"
2513,"40,128,0"
2514,"64,10,40"
2515,"3,187,21"
2516,"402,145,40"
2517,"43,23,323"
2518,"0,10,54"
2519,"131,40,0"
2520,"0,40,313"
2521,"300,3,169"
2522,"3,40,28"
2523,"311,169,40"
2524,"419,10,23"
2525,"0,216,370"
2526,"170,323,199"
2527,"38,39,23"
2528,"145,0,40"
2529,"0,23,38"
2530,"23,0,3"
2531,"0,23,10"
2532,"0,8,265"
2533,"64,0,3"
2534,"0,40,169"
2535,"40,0,3"
2536,"320,3,17"
2537,"323,3,145"
2538,"40,0,265"
2539,"3,21,187"
2540,"10,11"
2541,"3,21,0"
2542,"0,23,38"
2543,"40,41,224"
2544,"0,271,255"
2545,"0,265,40"
2546,"0,265,10"
2547,"3,169,437"
2548,"0,40,3"
2549,"0,8,23"
2550,"374,40,170"
2551,"10,64,3"
2552,"138,135,169"
2553,"10,40,64"
2554,"10,11,0"
2555,"3,182,21"
2556,"64,10,80"
2557,"3,111,169"
2558,"169,3,40"
2559,"40,160,3"
2560,"10,220,0"
2561,"3,23,40"
2562,"3,0,265"
2563,"0,277,3"
2564,"40,128,3"
2565,"323,199,170"
2566,"40,131,0"
2567,"40,3,21"
2568,"218,3,0"
2569,"0,265,376"
2570,"0,271,265"
2571,"3,0,265"
2572,"3,10,60"
2573,"0,40,23"
2574,"3,0,10"
2575,"0,25,40"
2576,"3,169,40"
2577,"296,23,40"
2578,"3,40,21"
2579,"0,265,3"
2580,"40,296,169"
2581,"0,498,40"
2582,"0,265,271"
2583,"40,186,128"
2584,"3,40,296"
2585,"296,300,169"
2586,"40,3,0"
2587,"3,0,21"
2588,"3,40,160"
2589,"220,10,221"
2590,"3,53,0"
2591,"0,265,271"
2592,"3,40,21"
2593,"40,0,3"
2594,"3,5,21"
2595,"0,265,271"
2596,"3,10,23"
2597,"40,0,131"
2598,"186,40,128"
2599,"0,220,10"
2600,"3,23,40"
2601,"0,1,277"
2602,"40,23,0"
2603,"40,135,131"
2604,"3,0,21"
2605,"0,26,23"
2606,"0,457,265"
2607,"3,23,40"
2608,"26,23,89"
2609,"40,135,138"
2610,"40,43,23"
2611,"0,417,271"
2612,"40,3,10"
2613,"145,402,40"
2614,"23,0,74"
2615,"40,3,135"
2616,"40,23,0"
2617,"10,64,3"
2618,"0,255,288"
2619,"169,337,0"
2620,"40,309,3"
2621,"0,271,355"
2622,"40,0,3"
2623,"3,0,16"
2624,"3,169,0"
2625,"0,265,340"
2626,"40,131,241"
2627,"3,21"
2628,"54,145,0"
2629,"0,457,218"
2630,"40,0,23"
2631,"40,128,3"
2632,"3,34,0"
2633,"323,199,170"
2634,"40,135,3"
2635,"3,21,40"
2636,"38,0,23"
2637,"169,311,3"
2638,"3,0,53"
2639,"3,0,225"
2640,"24,43,23"
2641,"40,131,0"
2642,"40,3,169"
2643,"169,3,0"
2644,"3,40,41"
2645,"3,40,0"
2646,"169,296,8"
2647,"3,21,301"
2648,"0,271,277"
2649,"0,265,3"
2650,"74,317,40"
2651,"3,21,0"
2652,"10,64,54"
2653,"3,17,53"
2654,"40,131,134"
2655,"10,64,23"
2656,"131,40,0"
2657,"74,317,165"
2658,"40,10,0"
2659,"0,3,10"
2660,"4,3,0"
2661,"3,21,0"
2662,"3,21,169"
2663,"23,0,40"
2664,"0,3,40"
2665,"0,8,23"
2666,"3,111,21"
2667,"3,21,225"
2668,"3,111,0"
2669,"24,23,43"
2670,"0,3,10"
2671,"0,10,3"
2672,"3,5,6"
2673,"169,0,300"
2674,"44,145,10"
2675,"3,17,169"
2676,"131,40,0"
2677,"3,40,0"
2678,"3,21,111"
2679,"3,11,10"
2680,"0,265,271"
2681,"0,271,169"
2682,"0,8,313"
2683,"3,217,169"
2684,"0,458,277"
2685,"40,0,3"
2686,"3,4,0"
2687,"311,169,3"
2688,"3,21,40"
2689,"40,3,41"
2690,"40,160,3"
2691,"0,169,3"
2692,"40,131,0"
2693,"74,40,23"
2694,"0,3,265"
2695,"40,169,3"
2696,"0,40,23"
2697,"64,10,3"
2698,"0,271,169"
2699,"40,131,184"
2700,"224,41,3"
2701,"3,21,23"
2702,"265,10,220"
2703,"3,169,28"
2704,"40,224,41"
2705,"40,0,311"
2706,"23,24,10"
2707,"0,34,263"
2708,"3,0,10"
2709,"40,0,169"
2710,"3,111,21"
2711,"40,160,0"
2712,"0,218,271"
2713,"10,64,0"
2714,"401,3,13"
2715,"3,0,169"
2716,"0,271,8"
2717,"3,0,111"
2718,"0,169,296"
2719,"23,40,0"
2720,"40,145,3"
2721,"38,23,71"
2722,"0,271,255"
2723,"169,0,296"
2724,"40,0,23"
2725,"0,271,40"
2726,"3,17,217"
2727,"323,3,10"
2728,"220,10,0"
2729,"0,296,8"
2730,"131,40,406"
2731,"3,21,0"
2732,"40,23,0"
2733,"40,3,146"
2734,"10,60,40"
2735,"3,0,40"
2736,"0,265,3"
2737,"3,15,16"
2738,"0,169,3"
2739,"10,220,0"
2740,"135,40,169"
2741,"0,145,40"
2742,"135,40,250"
2743,"118,74,23"
2744,"3,217,120"
2745,"0,23,265"
2746,"10,11,23"
2747,"40,3,135"
2748,"40,131,184"
2749,"0,32,40"
2750,"11,0,23"
2751,"250,40,135"
2752,"3,40,23"
2753,"3,21,53"
2754,"323,0,23"
2755,"64,10,80"
2756,"0,271,265"
2757,"23,74,0"
2758,"220,10,221"
2759,"220,10,0"
2760,"40,3,0"
2761,"0,3,23"
2762,"23,3,74"
2763,"0,10,40"
2764,"3,21,53"
2765,"0,265,3"
2766,"40,135,250"
2767,"0,40,23"
2768,"160,40,334"
2769,"160,40,334"
2770,"0,169,311"
2771,"60,10,234"
2772,"131,40,3"
2773,"145,181,40"
2774,"3,0,169"
2775,"0,3,10"
2776,"40,3,128"
2777,"3,40,131"
2778,"0,265,277"
2779,"0,296,277"
2780,"3,0,21"
2781,"0,265,3"
2782,"0,271,213"
2783,"23,10,11"
2784,"0,3,17"
2785,"0,10,3"
2786,"40,0,3"
2787,"118,74,23"
2788,"0,169,271"
2789,"23,74,40"
2790,"40,184,494"
2791,"131,40,226"
2792,"40,111,169"
2793,"259,426,169"
2794,"3,0,15"
2795,"40,169,3"
2796,"40,128,131"
2797,"0,271,255"
2798,"3,21,187"
2799,"0,3,40"
2800,"0,3,40"
2801,"169,281,0"
2802,"0,10,64"
2803,"40,10,3"
2804,"0,23,169"
2805,"3,23,0"
2806,"128,40,3"
2807,"3,21,169"
2808,"54,10,145"
2809,"64,10,0"
2810,"0,288,498"
2811,"3,0,21"
2812,"0,271,291"
2813,"64,10,40"
2814,"3,40,0"
2815,"3,0,53"
2816,"169,296,337"
2817,"40,3,334"
2818,"3,17,58"
2819,"3,40,311"
2820,"204,3,13"
2821,"3,111,0"
2822,"3,0,169"
2823,"296,169,40"
2824,"3,169,0"
2825,"0,3,323"
2826,"3,169,311"
2827,"3,40,0"
2828,"0,3,71"
2829,"0,265,3"
2830,"40,3,169"
2831,"40,128,130"
2832,"0,38,23"
2833,"40,3,0"
2834,"38,0,40"
2835,"3,21,28"
2836,"118,23,74"
2837,"44,145,73"
2838,"169,296,40"
2839,"171,40,170"
2840,"3,0,169"
2841,"131,40,0"
2842,"10,11,40"
2843,"311,3,169"
2844,"3,4,19"
2845,"3,17,21"
2846,"64,93,10"
2847,"0,3,40"
2848,"0,277,458"
2849,"0,220,10"
2850,"296,169,40"
2851,"17,320,3"
2852,"74,23,38"
2853,"135,138,40"
2854,"40,23,145"
2855,"52,51,3"
2856,"3,21,169"
2857,"3,40,0"
2858,"0,3,265"
2859,"40,160,0"
2860,"3,0,169"
2861,"26,89,0"
2862,"3,17,21"
2863,"3,21,0"
2864,"3,4,28"
2865,"131,40,406"
2866,"23,40,0"
2867,"3,0,4"
2868,"0,199,169"
2869,"23,0,40"
2870,"0,255,271"
2871,"40,131,0"
2872,"64,10,93"
2873,"0,3,10"
2874,"138,135,40"
2875,"3,0,40"
2876,"131,40"
2877,"10,0,24"
2878,"0,3,40"
2879,"3,4,21"
2880,"0,265,271"
2881,"145,40,3"
2882,"0,169,199"
2883,"3,4,40"
2884,"0,3,265"
2885,"220,10,0"
2886,"3,4,0"
2887,"0,271,355"
2888,"40,23,169"
2889,"145,0,24"
2890,"10,3,0"
2891,"300,40,296"
2892,"3,316,33"
2893,"0,23,3"
2894,"74,40,23"
2895,"23,40,10"
2896,"0,265,271"
2897,"10,64,3"
2898,"3,0,23"
2899,"0,40,74"
2900,"0,131,40"
2901,"3,0,15"
2902,"38,145,23"
2903,"0,265,340"
2904,"0,265,10"
2905,"3,0,23"
2906,"0,369,291"
2907,"3,0,21"
2908,"225,3,156"
2909,"23,3,0"
2910,"40,23,131"
2911,"0,23,271"
2912,"169,0,170"
2913,"40,0,3"
2914,"0,498,288"
2915,"323,199,170"
2916,"0,271,265"
2917,"220,10,221"
2918,"64,10,169"
2919,"265,0,488"
2920,"64,10,93"
2921,"40,406,131"
2922,"3,120,225"
2923,"40,160,41"
2924,"40,169,334"
2925,"3,169,296"
2926,"3,0,23"
2927,"291,271,0"
2928,"40,160,334"
2929,"0,10,145"
2930,"40,0,135"
2931,"323,31,96"
2932,"23,10,40"
2933,"3,40,169"
2934,"40,145,10"
2935,"3,21,128"
2936,"3,21,40"
2937,"3,0,40"
2938,"0,3,10"
2939,"3,21,169"
2940,"10,145,402"
2941,"265,0,3"
2942,"40,3,0"
2943,"0,3,23"
2944,"40,160,41"
2945,"40,135,250"
2946,"0,3,10"
2947,"74,303,165"
2948,"0,23,26"
2949,"40,3,131"
2950,"3,21,28"
2951,"3,169,199"
2952,"3,170,40"
2953,"3,40,0"
2954,"10,145,40"
2955,"0,265,23"
2956,"3,0,53"
2957,"0,10,265"
2958,"0,271,3"
2959,"0,265,8"
2960,"3,4,296"
2961,"23,3,10"
2962,"170,171,169"
2963,"265,0,418"
2964,"0,271,265"
2965,"169,0,40"
2966,"131,40,226"
2967,"64,10,90"
2968,"3,40,0"
2969,"3,0,40"
2970,"40,160,131"
2971,"0,40,3"
2972,"0,23,3"
2973,"0,458,277"
2974,"3,21,108"
2975,"3,40,147"
2976,"3,40,169"
2977,"64,160,10"
2978,"3,0,21"
2979,"40,250,3"
2980,"0,265,10"
2981,"40,10,0"
2982,"40,3,0"
2983,"10,0,220"
2984,"23,74,3"
2985,"0,40,128"
2986,"40,10,0"
2987,"40,3,169"
2988,"0,23,8"
2989,"0,425,265"
2990,"3,21,0"
2991,"10,145,44"
2992,"23,3,0"
2993,"0,10,3"
2994,"3,169,170"
2995,"0,40,10"
2996,"3,0,169"
2997,"40,3,128"
2998,"3,40,23"
2999,"40,3,0"
3000,"0,23,372"
3001,"3,0,40"
3002,"40,3,10"
3003,"0,40,23"
3004,"3,40,23"
3005,"3,4,0"
3006,"0,23,277"
3007,"138,40,135"
3008,"23,40,3"
3009,"40,3,21"
3010,"3,0,40"
3011,"11,10,44"
3012,"3,21,169"
3013,"64,10,80"
3014,"0,265,271"
3015,"401,3,13"
3016,"0,23,288"
3017,"0,40,23"
3018,"3,0,271"
3019,"0,38,265"
3020,"3,0,28"
3021,"3,40,169"
3022,"40,145,10"
3023,"0,23,40"
3024,"3,452,17"
3025,"0,313,40"
3026,"0,3,40"
3027,"335,23,0"
3028,"0,426,24"
3029,"3,13,10"
3030,"0,23,11"
3031,"169,508,40"
3032,"3,40,23"
3033,"0,271,355"
3034,"38,23,40"
3035,"0,8,271"
3036,"3,15,111"
3037,"3,17,40"
3038,"3,0,169"
3039,"296,0,23"
3040,"23,103,26"
3041,"40,160"
3042,"169,311,0"
3043,"323,170,199"
3044,"0,3,17"
3045,"3,40,131"
3046,"11,3,23"
3047,"3,21,40"
3048,"3,40,169"
3049,"3,364,28"
3050,"160,334,40"
3051,"23,40,24"
3052,"0,271,3"
3053,"23,38,0"
3054,"3,120,147"
3055,"40,128,23"
3056,"169,0,3"
3057,"64,80,10"
3058,"3,21,0"
3059,"145,10,40"
3060,"54,10,145"
3061,"0,265,3"
3062,"3,28,111"
3063,"24,23,38"
3064,"73,44,145"
3065,"169,296,426"
3066,"3,23,40"
3067,"23,0,26"
3068,"0,23,8"
3069,"0,74,3"
3070,"0,216,271"
3071,"40,187,3"
3072,"199,323,170"
3073,"508,40,169"
3074,"169,170,311"
3075,"40,3,21"
3076,"4,3,19"
3077,"3,0,169"
3078,"3,0,53"
3079,"0,8,3"
3080,"3,40,23"
3081,"23,0,38"
3082,"0,10,3"
3083,"0,23,3"
3084,"93,64,10"
3085,"3,320,17"
3086,"138,40,135"
3087,"3,21"
3088,"10,11,0"
3089,"23,38,0"
3090,"3,0,53"
3091,"3,0,40"
3092,"402,145,40"
3093,"0,3,23"
3094,"23,38,0"
3095,"40,494,151"
3096,"146,40,145"
3097,"0,271,40"
3098,"0,265,271"
3099,"0,8,23"
3100,"3,263,34"
3101,"40,3,41"
3102,"40,0,3"
3103,"160,40,334"
3104,"40,0,313"
3105,"64,93,10"
3106,"3,0,28"
3107,"199,323,170"
3108,"3,111,401"
3109,"0,265,271"
3110,"3,21,40"
3111,"0,40,10"
3112,"0,40,38"
3113,"3,28,21"
3114,"40,3,0"
3115,"0,169,111"
3116,"3,4,28"
3117,"40,131,271"
3118,"3,0,271"
3119,"40,0,3"
3120,"23,296,169"
3121,"10,64,0"
3122,"0,271,23"
3123,"169,135,3"
3124,"0,10,40"
3125,"40,311,3"
3126,"10,0,218"
3127,"3,40,0"
3128,"0,44,10"
3129,"3,5,21"
3130,"10,40,145"
3131,"0,3,265"
3132,"40,160,3"
3133,"0,3,271"
3134,"3,40,0"
3135,"225,3,147"
3136,"38,3,24"
3137,"3,40,169"
3138,"3,120,217"
3139,"3,21,0"
3140,"3,13,204"
3141,"160,40,3"
3142,"3,4,111"
3143,"40,23,3"
3144,"0,271,444"
3145,"71,24,23"
3146,"3,10,40"
3147,"3,40,21"
3148,"23,74,0"
3149,"3,40,0"
3150,"3,17,168"
3151,"23,74,0"
3152,"40,131,0"
3153,"3,21,53"
3154,"40,0,3"
3155,"3,160,40"
3156,"3,0,23"
3157,"0,3,10"
3158,"0,265,38"
3159,"40,0,3"
3160,"169,40,23"
3161,"4,3,7"
3162,"169,0,309"
3163,"40,160,3"
3164,"0,23,40"
3165,"0,169,8"
3166,"0,369,265"
3167,"0,265,255"
3168,"34,3,187"
3169,"3,0,169"
3170,"3,21,53"
3171,"311,3,169"
3172,"0,3,38"
3173,"40,131,3"
3174,"0,23,31"
3175,"0,23,265"
3176,"0,8,457"
3177,"0,40,23"
3178,"74,23,3"
3179,"0,271,218"
3180,"0,40,23"
3181,"3,0,4"
3182,"3,0"
3183,"0,40,23"
3184,"0,3,120"
3185,"40,149,23"
3186,"96,3,31"
3187,"0,220,3"
3188,"23,40,0"
3189,"0,10,169"
3190,"431,40,426"
3191,"0,3,265"
3192,"199,323,170"
3193,"3,0,169"
3194,"40,131,128"
3195,"3,0,170"
3196,"169,296,3"
3197,"0,169,23"
3198,"0,23,40"
3199,"3,23,0"
3200,"74,23,303"
3201,"23,0,3"
3202,"0,1,271"
3203,"40,23,296"
3204,"40,0,3"
3205,"160,40,3"
3206,"40,3,102"
3207,"40,131,3"
3208,"40,23,135"
3209,"40,3,81"
3210,"3,0,21"
3211,"59,0,23"
3212,"250,135,40"
3213,"40,186,128"
3214,"0,426,288"
3215,"3,21,0"
3216,"80,10,64"
3217,"23,0,38"
3218,"40,146,145"
3219,"3,17,58"
3220,"169,296,426"
3221,"40,23,250"
3222,"0,265,3"
3223,"0,3,271"
3224,"3,64,10"
3225,"3,0,263"
3226,"38,0,23"
3227,"0,23,169"
3228,"3,40,184"
3229,"0,23,8"
3230,"0,3,271"
3231,"3,169,40"
3232,"40,23,3"
3233,"10,11,23"
3234,"323,199,170"
3235,"3,0,21"
3236,"40,0,3"
3237,"23,40,169"
3238,"220,10,221"
3239,"135,40,244"
3240,"265,0,418"
3241,"3,21,23"
3242,"10,0,3"
3243,"169,0,296"
3244,"40,145,3"
3245,"64,10,0"
3246,"74,317,23"
3247,"0,458,40"
3248,"10,3,0"
3249,"169,3,296"
3250,"64,10,93"
3251,"3,21,40"
3252,"3,265,0"
3253,"40,146,135"
3254,"3,21,34"
3255,"0,271,255"
3256,"0,265,271"
3257,"0,265,271"
3258,"3,0,21"
3259,"3,0,40"
3260,"3,111,0"
3261,"220,0,10"
3262,"40,3,64"
3263,"3,0,169"
3264,"3,0,40"
3265,"64,10,3"
3266,"41,3,0"
3267,"0,498,271"
3268,"0,213,271"
3269,"0,44,72"
3270,"40,3,145"
3271,"74,118,23"
3272,"0,265,366"
3273,"271,0,40"
3274,"3,21,169"
3275,"40,184,3"
3276,"71,24,0"
3277,"0,40,3"
3278,"199,170,171"
3279,"3,0,53"
3280,"0,23,3"
3281,"3,21,23"
3282,"3,40,265"
3283,"0,40,271"
3284,"0,169,3"
3285,"40,0,3"
3286,"0,8,23"
3287,"0,3,211"
3288,"5,3,6"
3289,"40,128,3"
3290,"3,40,169"
3291,"23,40,3"
3292,"3,417,169"
3293,"74,307,23"
3294,"3,0,21"
3295,"160,40,334"
3296,"3,21,0"
3297,"220,10,0"
3298,"3,0,4"
3299,"21,265,3"
3300,"3,15,16"
3301,"0,291,271"
3302,"0,265,40"
3303,"23,24,38"
3304,"170,3,169"
3305,"0,255,480"
3306,"370,0,216"
3307,"220,10,0"
3308,"0,271,255"
3309,"10,3,40"
3310,"0,23,3"
3311,"10,54,145"
3312,"3,21,0"
3313,"64,10,80"
3314,"3,40,135"
3315,"0,24,10"
3316,"265,0,425"
3317,"0,271,208"
3318,"3,40,0"
3319,"0,265,271"
3320,"3,0,169"
3321,"426,259,311"
3322,"10,145,11"
3323,"334,3,40"
3324,"3,0,364"
3325,"3,0,5"
3326,"3,40,169"
3327,"0,23,40"
3328,"425,265,0"
3329,"5,3"
3330,"3,21,40"
3331,"3,13,40"
3332,"0,265,3"
3333,"3,40,191"
3334,"169,3,23"
3335,"296,169,3"
3336,"3,21,40"
3337,"3,168,17"
3338,"0,169,3"
3339,"0,366,265"
3340,"0,40,296"
3341,"40,24,23"
3342,"3,21,0"
3343,"3,21,169"
3344,"426,431,311"
3345,"0,498,10"
3346,"23,40,0"
3347,"498,0,3"
3348,"0,265,271"
3349,"0,10,425"
3350,"0,169,271"
3351,"0,271,514"
3352,"309,250,64"
3353,"40,170,160"
3354,"40,131,241"
3355,"3,40,0"
3356,"40,160,3"
3357,"3,17,40"
3358,"160,40,3"
3359,"0,23,26"
3360,"0,255,265"
3361,"0,265,340"
3362,"3,21,53"
3363,"296,40,128"
3364,"40,0,23"
3365,"3,0,187"
3366,"40,265,3"
3367,"226,131,40"
3368,"0,40,23"
3369,"0,271,313"
3370,"0,265,271"
3371,"3,16,15"
3372,"3,21,40"
3373,"40,3,10"
3374,"40,128,3"
3375,"3,40,199"
3376,"10,0,11"
3377,"317,74,160"
3378,"199,170,40"
3379,"40,23,0"
3380,"40,160,3"
3381,"0,265,218"
3382,"40,23,3"
3383,"10,64,0"
3384,"0,3,271"
3385,"23,40,0"
3386,"40,3,162"
3387,"171,170,199"
3388,"0,216,3"
3389,"3,40,31"
3390,"40,135,3"
3391,"23,38,0"
3392,"10,0,11"
3393,"40,0,3"
3394,"3,0,265"
3395,"100,3,40"
3396,"40,0,23"
3397,"320,169,3"
3398,"74,118,23"
3399,"455,0,3"
3400,"44,73,145"
3401,"3,21,28"
3402,"43,24,23"
3403,"0,40,8"
3404,"31,3,40"
3405,"3,10,54"
3406,"145,3,10"
3407,"3,40,23"
3408,"43,40,145"
3409,"23,0,40"
3410,"0,3,40"
3411,"40,0,131"
3412,"23,0,38"
3413,"64,10,80"
3414,"40,49,24"
3415,"54,10,43"
3416,"71,38,24"
3417,"3,40,0"
3418,"10,0,3"
3419,"175,23,128"
3420,"0,265,458"
3421,"10,64,80"
3422,"23,3,40"
3423,"40,160,3"
3424,"0,265,8"
3425,"3,40,111"
3426,"0,265,349"
3427,"271,0,40"
3428,"3,28,0"
3429,"40,145,0"
3430,"3,5,21"
3431,"0,426,288"
3432,"135,189,40"
3433,"40,131,0"
3434,"8,308,514"
3435,"3,169,10"
3436,"0,39,271"
3437,"23,0,40"
3438,"43,160,10"
3439,"40,0,131"
3440,"131,40,0"
3441,"40,23,44"
3442,"296,169,0"
3443,"0,311,40"
3444,"0,23,3"
3445,"3,17,168"
3446,"40,3,0"
3447,"0,38,23"
3448,"40,3,135"
3449,"3,111,265"
3450,"0,8,265"
3451,"169,170,199"
3452,"0,457,218"
3453,"3,40,4"
3454,"3,0,265"
3455,"0,265,27"
3456,"3,0,208"
3457,"3,53,40"
3458,"169,0,40"
3459,"40,3,296"
3460,"131,134,40"
3461,"0,23,271"
3462,"40,131,0"
3463,"3,0,28"
3464,"8,23,0"
3465,"40,128,3"
3466,"10,23,24"
3467,"3,28,0"
3468,"3,4,0"
3469,"3,28,40"
3470,"3,33,120"
3471,"0,216,271"
3472,"0,40,4"
3473,"10,145,40"
3474,"10,64,3"
3475,"0,10,265"
3476,"0,265,271"
3477,"3,21,0"
3478,"40,23,74"
3479,"0,10,40"
3480,"23,0,38"
3481,"23,40,3"
3482,"3,40,0"
3483,"3,0,265"
3484,"4,3,0"
3485,"3,0,369"
3486,"3,21,0"
3487,"0,169,170"
3488,"0,23,40"
3489,"3,21,17"
3490,"23,0,3"
3491,"0,3,23"
3492,"3,0,40"
3493,"40,406,131"
3494,"3,21,111"
3495,"40,0,23"
3496,"3,0,265"
3497,"43,24,23"
3498,"0,3,169"
3499,"0,8,448"
3500,"3,40,0"
3501,"3,21"
3502,"189,135,40"
3503,"10,0,145"
3504,"169,0,3"
3505,"3,5,21"
3506,"10,40,11"
3507,"118,74,23"
3508,"0,10,3"
3509,"0,265,8"
3510,"0,271,265"
3511,"3,0,40"
3512,"23,3,169"
3513,"60,23,3"
3514,"3,21,0"
3515,"24,10,23"
3516,"169,311,160"
3517,"0,3,10"
3518,"160,40"
3519,"0,8,40"
3520,"3,40,21"
3521,"3,23,31"
3522,"10,40,23"
3523,"160,40,3"
3524,"40,3,160"
3525,"3,23,10"
3526,"169,296,3"
3527,"3,225,120"
3528,"3,21,40"
3529,"40,41,135"
3530,"3,111,296"
3531,"0,220,10"
3532,"175,40,128"
3533,"3,23,0"
3534,"3,21,40"
3535,"40,0,169"
3536,"3,0,169"
3537,"135,40,3"
3538,"3,21,53"
3539,"3,21,85"
3540,"23,8,0"
3541,"40,49,0"
3542,"0,265,418"
3543,"3,53,523"
3544,"131,40,0"
3545,"0,23,3"
3546,"0,369,206"
3547,"40,0,265"
3548,"0,3,23"
3549,"40,0,271"
3550,"3,0,23"
3551,"0,40,265"
3552,"0,271,40"
3553,"169,311,3"
3554,"3,21,0"
3555,"0,271,26"
3556,"3,40,0"
3557,"40,0,3"
3558,"118,74,23"
3559,"0,265,3"
3560,"199,0,40"
3561,"3,17,21"
3562,"3,0,21"
3563,"40,41,224"
3564,"160,334,3"
3565,"3,17,58"
3566,"40,3,160"
3567,"3,31,40"
3568,"3,21,0"
3569,"311,426,169"
3570,"40,3,0"
3571,"23,3,169"
3572,"10,23,64"
3573,"40,0,169"
3574,"3,23,74"
3575,"0,10,11"
3576,"40,128,23"
3577,"0,3,265"
3578,"23,74,25"
3579,"186,40,128"
3580,"64,10,0"
3581,"0,265,271"
3582,"23,38,145"
3583,"3,0,31"
3584,"169,311,40"
3585,"3,40,21"
3586,"23,24,199"
3587,"3,21,108"
3588,"138,40,135"
3589,"23,38,40"
3590,"0,498,265"
3591,"0,208,453"
3592,"169,0,40"
3593,"0,23,271"
3594,"3,23,345"
3595,"40,170,199"
3596,"169,296,3"
3597,"23,31,169"
3598,"3,40,23"
3599,"131,40,241"
3600,"3,21,40"
3601,"3,40,0"
3602,"40,3,21"
3603,"3,40,21"
3604,"3,160,40"
3605,"59,265,0"
3606,"0,271,8"
3607,"40,3,0"
3608,"23,24,0"
3609,"3,0,17"
3610,"3,21,40"
3611,"3,40,13"
3612,"10,64,23"
3613,"131,368,226"
3614,"3,40"
3615,"0,265,498"
3616,"10,3,40"
3617,"10,40,334"
3618,"337,251,0"
3619,"160,36,3"
3620,"0,265,488"
3621,"251,23,337"
3622,"0,3,40"
3623,"4,3,7"
3624,"3,21,40"
3625,"10,220,0"
3626,"23,40,0"
3627,"10,0,145"
3628,"40,131,3"
3629,"40,0,3"
3630,"38,23,0"
3631,"10,40,64"
3632,"23,38,24"
3633,"40,135,160"
3634,"0,23,313"
3635,"3,182,21"
3636,"0,291,271"
3637,"40,0,3"
3638,"3,169,53"
3639,"40,10,23"
3640,"0,10,23"
3641,"3,265,53"
3642,"0,40,10"
3643,"131,40,241"
3644,"3,23,40"
3645,"3,0,21"
3646,"10,44,145"
3647,"3,0,265"
3648,"169,3,0"
3649,"23,74,38"
3650,"0,3,169"
3651,"3,0,4"
3652,"0,40,10"
3653,"0,169,8"
3654,"118,23,74"
3655,"3,0,241"
3656,"71,24,0"
3657,"0,10,40"
3658,"0,3,40"
3659,"0,319,211"
3660,"0,265,3"
3661,"44,73,145"
3662,"0,271,265"
3663,"301,21,3"
3664,"54,40,0"
3665,"40,64,10"
3666,"0,3,26"
3667,"10,11,40"
3668,"3,28,21"
3669,"40,145,128"
3670,"23,40,10"
3671,"64,169,199"
3672,"3,53,40"
3673,"3,4"
3674,"0,10,3"
3675,"40,184,131"
3676,"3,40,0"
3677,"3,120,0"
3678,"0,271,355"
3679,"0,271,265"
3680,"334,40,160"
3681,"3,13,21"
3682,"40,169,23"
3683,"3,15,16"
3684,"3,21,40"
3685,"3,0,53"
3686,"40,41,3"
3687,"0,8,40"
3688,"40,0,3"
3689,"131,40,406"
3690,"40,3,0"
3691,"169,296,23"
3692,"23,0,38"
3693,"138,40,135"
3694,"3,23,40"
3695,"0,10,271"
3696,"0,145,3"
3697,"40,3,160"
3698,"3,0,265"
3699,"3,17,0"
3700,"0,3,271"
3701,"40,3,135"
3702,"311,0,169"
3703,"40,111,3"
3704,"3,21,0"
3705,"459,170,169"
3706,"3,40,0"
3707,"160,334,40"
3708,"40,24,23"
3709,"3,225,156"
3710,"3,4,0"
3711,"10,220,0"
3712,"3,364,28"
3713,"0,3,40"
3714,"0,10,3"
3715,"220,425,0"
3716,"0,271,218"
3717,"10,3,0"
3718,"23,0,3"
3719,"10,72,145"
3720,"3,21,28"
3721,"0,64,10"
3722,"0,23,40"
3723,"3,120,21"
3724,"3,40,23"
3725,"3,4,21"
3726,"4,3,7"
3727,"0,313,265"
3728,"0,23,38"
3729,"0,38,39"
3730,"118,23,3"
3731,"3,53,21"
3732,"0,40,313"
3733,"10,40,145"
3734,"0,3,23"
3735,"0,3,220"
3736,"3,169,311"
3737,"0,271,265"
3738,"40,23,3"
3739,"3,21,40"
3740,"23,109,3"
3741,"0,288,271"
3742,"0,265,277"
3743,"0,23,38"
3744,"0,271,1"
3745,"0,255,271"
3746,"220,10,221"
3747,"3,4,0"
3748,"71,24,38"
3749,"38,0,40"
3750,"3,15,16"
3751,"0,3,265"
3752,"0,40,23"
3753,"3,40,111"
3754,"0,3,38"
3755,"170,199,169"
3756,"3,0,40"
3757,"0,3,23"
3758,"40,0,145"
3759,"23,3,38"
3760,"0,40,23"
3761,"90,10,0"
3762,"23,40,60"
3763,"23,3,0"
3764,"169,311,0"
3765,"40,0,23"
3766,"3,23,74"
3767,"10,0,3"
3768,"3,0,23"
3769,"169,0,426"
3770,"135,138,40"
3771,"3,21,53"
3772,"0,271,355"
3773,"3,40,0"
3774,"0,265"
3775,"0,265,498"
3776,"23,0,40"
3777,"40,160,0"
3778,"0,3,169"
3779,"334,160,40"
3780,"3,4,5"
3781,"3,40,0"
3782,"40,0,23"
3783,"40,3,250"
3784,"3,0,30"
3785,"169,217,296"
3786,"3,182,21"
3787,"169,0,3"
3788,"0,8,23"
3789,"3,21,301"
3790,"3,169,120"
3791,"0,218,271"
3792,"0,265,3"
3793,"10,60,3"
3794,"0,10,64"
3795,"40,0,131"
3796,"220,10,221"
3797,"3,40,0"
3798,"40,169,3"
3799,"89,26,23"
3800,"311,169,259"
3801,"3,187,34"
3802,"40,0,3"
3803,"0,3,145"
3804,"44,11,10"
3805,"0,23,3"
3806,"145,10,54"
3807,"44,40,23"
3808,"131,40,226"
3809,"3,0,21"
3810,"3,23,128"
3811,"40,169,23"
3812,"3,40,23"
3813,"3,0,40"
3814,"40,3,0"
3815,"40,3"
3816,"3,34,0"
3817,"0,376,265"
3818,"3,4,0"
3819,"3,0,169"
3820,"24,23,38"
3821,"0,271,255"
3822,"0,3,23"
3823,"160,3,40"
3824,"220,0,221"
3825,"3,40,23"
3826,"145,10,0"
3827,"23,0,3"
3828,"3,4,0"
3829,"38,39,82"
3830,"0,271,265"
3831,"3,0,23"
3832,"145,10,38"
3833,"40,128,3"
3834,"3,21,40"
3835,"220,0,3"
3836,"0,265,271"
3837,"0,3,265"
3838,"0,214,213"
3839,"0,498,265"
3840,"0,271,355"
3841,"40,23,145"
3842,"40,3,323"
3843,"3,40,0"
3844,"0,271,265"
3845,"40,3,21"
3846,"0,10,277"
3847,"170,199,23"
3848,"10,40,145"
3849,"40,131,145"
3850,"3,0,28"
3851,"0,145,40"
3852,"146,40,145"
3853,"23,0,40"
3854,"0,271,255"
3855,"0,23,3"
3856,"417,169,296"
3857,"16,3,15"
3858,"3,147,120"
3859,"3,86,85"
3860,"3,40,21"
3861,"64,0,3"
3862,"3,187,34"
3863,"40,160,3"
3864,"3,0,311"
3865,"0,10,370"
3866,"0,131,23"
3867,"169,0,337"
3868,"49,0,3"
3869,"0,271,265"
3870,"23,3,0"
3871,"0,3,40"
3872,"0,271,3"
3873,"40,169,296"
3874,"145,40,10"
3875,"23,0,38"
3876,"0,271,255"
3877,"3,21,518"
3878,"3,28,21"
3879,"0,3,313"
3880,"0,3,265"
3881,"3,40,23"
3882,"3,0,4"
3883,"40,44,145"
3884,"0,265,271"
3885,"3,13,204"
3886,"0,8,3"
3887,"0,3,169"
3888,"3,15,40"
3889,"169,199,170"
3890,"0,10,265"
3891,"74,23,40"
3892,"3,0,13"
3893,"3,0,265"
3894,"3,40,21"
3895,"3,40,28"
3896,"3,204,13"
3897,"40,3,169"
3898,"38,39,23"
3899,"0,23,8"
3900,"41,3,191"
3901,"0,169,3"
3902,"23,38,0"
3903,"296,0,169"
3904,"40,0,162"
3905,"0,23,308"
3906,"0,271,23"
3907,"0,40,271"
3908,"23,0,64"
3909,"171,170,199"
3910,"10,0,145"
3911,"3,21,0"
3912,"40,160,3"
3913,"160,334,40"
3914,"0,23,40"
3915,"74,23,40"
3916,"199,323,3"
3917,"40,3,21"
3918,"0,291,3"
3919,"131,226,40"
3920,"3,40,111"
3921,"10,3,40"
3922,"0,265"
3923,"40,3,185"
3924,"43,24,23"
3925,"0,3,265"
3926,"3,0,169"
3927,"3,23,40"
3928,"3,33,21"
3929,"0,3,271"
3930,"3,40,169"
3931,"10,0,44"
3932,"10,0,64"
3933,"220,10,0"
3934,"40,160,41"
3935,"0,3,169"
3936,"3,40,28"
3937,"265,0,418"
3938,"10,64,145"
3939,"138,135,40"
3940,"31,96,23"
3941,"170,323,40"
3942,"0,291,271"
3943,"10,3,0"
3944,"0,271,265"
3945,"169,3,17"
3946,"10,145,44"
3947,"10,64,0"
3948,"0,3,23"
3949,"72,0,3"
3950,"0,271,291"
3951,"3,182,21"
3952,"40,3,35"
3953,"0,220,10"
3954,"145,40,10"
3955,"3,23,0"
3956,"3,204,13"
3957,"0,8,308"
3958,"40,134,131"
3959,"40,3,23"
3960,"3,40,23"
3961,"74,23,317"
3962,"3,21,265"
3963,"0,265,458"
3964,"0,40,271"
3965,"74,317,23"
3966,"0,8,271"
3967,"220,10"
3968,"0,23,38"
3969,"0,457,218"
3970,"3,21,0"
3971,"296,40,169"
3972,"3,204,40"
3973,"3,169,417"
3974,"0,8,206"
3975,"0,271,355"
3976,"4,0,3"
3977,"3,182,21"
3978,"3,0,111"
3979,"0,271,277"
3980,"10,64,0"
3981,"11,10,0"
3982,"0,265,480"
3983,"0,8,458"
3984,"0,271,3"
3985,"169,3,339"
3986,"40,145,0"
3987,"0,264,38"
3988,"40,131,0"
3989,"40,3,21"
3990,"23,38,0"
3991,"40,41,3"
3992,"40,131,406"
3993,"255,0,480"
3994,"40,10,23"
3995,"0,220,498"
3996,"175,40,128"
3997,"0,4,3"
3998,"3,518,40"
3999,"3,436,169"
4000,"0,271,23"
4001,"0,271,457"
4002,"160,3,40"
4003,"3,40,0"
4004,"3,4,21"
4005,"311,169,320"
4006,"3,169,0"
4007,"40,3,169"
4008,"23,0,38"
4009,"3,169,10"
4010,"3,0,23"
4011,"23,3,40"
4012,"10,64"
4013,"3,169,0"
4014,"3,34,187"
4015,"5,3,6"
4016,"64,10,93"
4017,"0,23,308"
4018,"169,296,452"
4019,"3,0,40"
4020,"169,0,218"
4021,"0,23,74"
4022,"0,23,199"
4023,"0,23,38"
4024,"3,316,30"
4025,"3,21,40"
4026,"3,0,40"
4027,"3,311,169"
4028,"0,3,10"
4029,"40,3,169"
4030,"169,40,3"
4031,"3,0,21"
4032,"0,265,3"
4033,"0,3,255"
4034,"3,0,4"
4035,"40,23,38"
4036,"3,40,0"
4037,"3,311,320"
4038,"0,3,271"
4039,"3,169,28"
4040,"0,145,265"
4041,"13,3,0"
4042,"3,340,0"
4043,"406,131,40"
4044,"3,265,0"
4045,"0,3,10"
4046,"0,265,349"
4047,"3,21,111"
4048,"0,3,23"
4049,"0,220,10"
4050,"0,8,265"
4051,"10,31,96"
4052,"40,3,160"
4053,"169,311,199"
4054,"0,354,216"
4055,"54,10,145"
4056,"40,0,3"
4057,"131,40,23"
4058,"40,0,3"
4059,"354,0,255"
4060,"3,17,21"
4061,"169,3,0"
4062,"40,128,184"
4063,"10,24,23"
4064,"220,10,0"
4065,"3,182,40"
4066,"3,0,21"
4067,"3,0,21"
4068,"3,0,21"
4069,"0,509,10"
4070,"40,10,145"
4071,"3,40,41"
4072,"135,40,250"
4073,"40,128,3"
4074,"0,40,271"
4075,"160,40"
4076,"10,145,40"
4077,"0,213,255"
4078,"3,21,0"
4079,"0,271,444"
4080,"44,145,40"
4081,"60,234,3"
4082,"10,40,145"
4083,"3,0,21"
4084,"40,131,0"
4085,"23,0,38"
4086,"40,0,131"
4087,"3,111,0"
4088,"23,3,74"
4089,"40,436,169"
4090,"3,0,23"
4091,"0,23,265"
4092,"3,311,169"
4093,"3,0,53"
4094,"40,3,169"
4095,"23,0,296"
4096,"220,0,10"
4097,"40,0,271"
4098,"3,0,40"
4099,"23,40,169"
4100,"10,40,0"
4101,"23,40,0"
4102,"3,23,38"
4103,"0,265,255"
4104,"40,3,0"
4105,"431,40,426"
4106,"0,8,514"
4107,"0,40,131"
4108,"10,0,11"
4109,"3,0,111"
4110,"40,3,21"
4111,"40,23,38"
4112,"0,10,3"
4113,"40,23,38"
4114,"10,0,145"
4115,"0,40,3"
4116,"3,17,0"
4117,"64,3,80"
4118,"3,187,21"
4119,"40,134,131"
4120,"3,28,310"
4121,"220,10,0"
4122,"3,0,40"
4123,"0,271,213"
4124,"0,23,40"
4125,"23,0,3"
4126,"334,3,160"
4127,"131,40,226"
4128,"23,169,38"
4129,"0,25,23"
4130,"23,38,0"
4131,"40,3,0"
4132,"3,10,24"
4133,"40,169,3"
4134,"0,265,340"
4135,"3,53,21"
4136,"3,0,265"
4137,"5,3,228"
4138,"0,265,3"
4139,"0,355,271"
4140,"3,0,40"
4141,"40,162,3"
4142,"0,23,3"
4143,"0,40,265"
4144,"135,40,0"
4145,"40,0,3"
4146,"40,160,3"
4147,"40,160,3"
4148,"0,23,38"
4149,"3,0,431"
4150,"337,251,0"
4151,"3,169,311"
4152,"10,64,3"
4153,"296,169,23"
4154,"40,3,160"
4155,"346,313,0"
4156,"0,421,229"
4157,"64,10,80"
4158,"40,3,169"
4159,"40,23,160"
4160,"0,169,296"
4161,"0,255,213"
4162,"138,135,40"
4163,"169,311,3"
4164,"3,10,0"
4165,"3,0,17"
4166,"0,40,3"
4167,"23,26,0"
4168,"169,40,311"
4169,"0,271,3"
4170,"3,30,0"
4171,"40,3,41"
4172,"40,3,131"
4173,"0,271,23"
4174,"0,3,40"
4175,"0,265,3"
4176,"0,265,271"
4177,"3,135,21"
4178,"23,10,3"
4179,"0,265,340"
4180,"0,271,40"
4181,"40,0,160"
4182,"3,23,296"
4183,"0,265"
4184,"40,23,3"
4185,"220,10,0"
4186,"40,3,24"
4187,"0,23,40"
4188,"0,220,10"
4189,"40,0,3"
4190,"3,40,74"
4191,"0,23,265"
4192,"10,64,23"
4193,"0,23,8"
4194,"3,21,169"
4195,"169,199,3"
4196,"0,8,265"
4197,"3,40,169"
4198,"3,4,0"
4199,"0,38,40"
4200,"3,169,300"
4201,"10,64,0"
4202,"0,23,3"
4203,"40,184,3"
4204,"71,38,24"
4205,"220,10,0"
4206,"514,0,8"
4207,"74,118,23"
4208,"73,44,145"
4209,"3,4,40"
4210,"0,265,23"
4211,"160,64,40"
4212,"251,337,296"
4213,"38,0,23"
4214,"218,0,3"
4215,"0,3,220"
4216,"3,0,265"
4217,"0,271,265"
4218,"0,265,271"
4219,"3,40,170"
4220,"40,3,0"
4221,"40,23,0"
4222,"0,255,271"
4223,"0,3,53"
4224,"3,10,17"
4225,"111,3,40"
4226,"0,40,145"
4227,"169,0,3"
4228,"0,23,3"
4229,"40,3,0"
4230,"3,21,34"
4231,"0,458,370"
4232,"402,40,145"
4233,"0,23,10"
4234,"3,15,28"
4235,"224,41,40"
4236,"323,3,199"
4237,"3,0,111"
4238,"43,24,23"
4239,"0,265,3"
4240,"40,24,43"
4241,"3,0,120"
4242,"3,40,169"
4243,"0,199,288"
4244,"3,21,40"
4245,"514,8,0"
4246,"0,271,26"
4247,"74,23,317"
4248,"3,0,120"
4249,"3,40,0"
4250,"3,21,301"
4251,"64,10,40"
4252,"169,296,311"
4253,"40,0,169"
4254,"10,145,40"
4255,"3,21,120"
4256,"40,0,271"
4257,"0,265,218"
4258,"0,3,265"
4259,"3,21,53"
4260,"0,8,458"
4261,"3,17,0"
4262,"3,21,0"
4263,"40,0,3"
4264,"3,0,40"
4265,"0,23,8"
4266,"3,40,111"
4267,"10,40,0"
4268,"3,21,0"
4269,"38,23,24"
4270,"40,11,0"
4271,"3,111,0"
4272,"3,17,53"
4273,"0,265,498"
4274,"38,23,0"
4275,"169,0,170"
4276,"199,170,171"
4277,"0,337,38"
4278,"3,21,169"
4279,"3,30,40"
4280,"3,169,23"
4281,"296,169,251"
4282,"43,24,23"
4283,"170,199,171"
4284,"40,131,23"
4285,"23,169,40"
4286,"40,3,0"
4287,"40,160,3"
4288,"220,10,0"
4289,"220,10,0"
4290,"23,10,40"
4291,"118,74,23"
4292,"10,44,40"
4293,"24,0,71"
4294,"30,3,40"
4295,"40,128,160"
4296,"8,0,23"
4297,"0,8,271"
4298,"40,139,3"
4299,"169,23,251"
4300,"10,8,23"
4301,"0,169,271"
4302,"138,135,40"
4303,"3,0,23"
4304,"23,40,128"
4305,"0,208,453"
4306,"11,0,10"
4307,"40,23,0"
4308,"0,23,10"
4309,"323,170,40"
4310,"10,0,265"
4311,"169,281,199"
4312,"131,40,0"
4313,"40,3,0"
4314,"64,93,10"
4315,"3,40,17"
4316,"23,38,0"
4317,"23,26,89"
4318,"0,23,38"
4319,"23,169,38"
4320,"23,74,0"
4321,"40,131,406"
4322,"3,498,73"
4323,"309,40,64"
4324,"0,169,40"
4325,"40,3,23"
4326,"0,265,3"
4327,"0,23,26"
4328,"10,64,448"
4329,"40,3,128"
4330,"0,208,23"
4331,"3,0,23"
4332,"43,24,23"
4333,"3,40,185"
4334,"21,40,3"
4335,"0,3,23"
4336,"23,0,40"
4337,"3,21,111"
4338,"3,4,111"
4339,"401,3,0"
4340,"3,15,34"
4341,"23,128,38"
4342,"40,160,135"
4343,"40,3,0"
4344,"0,40,8"
4345,"4,3,0"
4346,"3,169,0"
4347,"10,11,0"
4348,"23,38,251"
4349,"40,3,21"
4350,"3,21,265"
4351,"64,10,80"
4352,"64,145,40"
4353,"74,118,23"
4354,"0,271,3"
4355,"10,64,199"
4356,"3,169,40"
4357,"138,135,40"
4358,"3,0,13"
4359,"40,185,184"
4360,"40,23,131"
4361,"170,199,171"
4362,"10,11,0"
4363,"0,40,169"
4364,"457,0,218"
4365,"40,169,3"
4366,"3,28,40"
4367,"96,31,23"
4368,"118,74,23"
4369,"0,169,23"
4370,"3,21,40"
4371,"3,53,21"
4372,"0,10,11"
4373,"23,131,40"
4374,"40,0,3"
4375,"3,28,169"
4376,"0,3,296"
4377,"346,40,130"
4378,"40,3,0"
4379,"452,3,28"
4380,"4,3,0"
4381,"220,0,425"
4382,"23,40,128"
4383,"131,40"
4384,"3,115,21"
4385,"23,3,74"
4386,"64,10,93"
4387,"3,4"
4388,"0,265,10"
4389,"23,38,145"
4390,"3,40,169"
4391,"10,0,23"
4392,"40,38,3"
4393,"0,23,271"
4394,"0,311,169"
4395,"40,0,199"
4396,"10,220,3"
4397,"3,17,15"
4398,"71,38,24"
4399,"3,0,30"
4400,"0,40,3"
4401,"118,74,23"
4402,"131,40,406"
4403,"0,23,10"
4404,"0,10,265"
4405,"3,21,28"
4406,"23,38,402"
4407,"3,199,40"
4408,"0,169,3"
4409,"3,320,40"
4410,"23,38,0"
4411,"0,3,23"
4412,"169,3,0"
4413,"3,40,30"
4414,"3,21,208"
4415,"3,40,17"
4416,"131,40,406"
4417,"0,265,271"
4418,"10,199,170"
4419,"311,3,169"
4420,"3,0,23"
4421,"135,40,169"
4422,"3,21,40"
4423,"199,170,323"
4424,"0,265,3"
4425,"64,10,90"
4426,"0,23,26"
4427,"0,265,40"
4428,"40,3,10"
4429,"0,271,265"
4430,"187,21,3"
4431,"3,111,21"
4432,"10,11,0"
4433,"169,0,170"
4434,"40,250,135"
4435,"3,40,300"
4436,"3,40,0"
4437,"4,3,19"
4438,"0,271,265"
4439,"0,23,8"
4440,"0,40,271"
4441,"0,38,23"
4442,"3,40,0"
4443,"3,40,509"
4444,"0,369,206"
4445,"64,10,3"
4446,"40,0,145"
4447,"44,145,10"
4448,"40,0,271"
4449,"93,64,10"
4450,"3,0,23"
4451,"3,53,23"
4452,"337,426,169"
4453,"0,10,40"
4454,"220,10,0"
4455,"40,3,0"
4456,"40,160,3"
4457,"220,3,0"
4458,"0,265,3"
4459,"40,3,10"
4460,"10,64,80"
4461,"40,3,131"
4462,"220,0,10"
4463,"3,0,5"
4464,"10,64,3"
4465,"40,3,169"
4466,"3,17,34"
4467,"3,40,23"
4468,"40,3,0"
4469,"64,23,3"
4470,"3,17,311"
4471,"0,3,8"
4472,"0,8,3"
4473,"0,3,10"
4474,"3,21"
4475,"10,0,169"
4476,"199,170,171"
4477,"40,3,160"
4478,"3,111,56"
4479,"3,0,23"
4480,"169,0,311"
4481,"40,0,3"
4482,"40,111,3"
4483,"40,160,3"
4484,"0,265,271"
4485,"23,3,40"
4486,"3,0,21"
4487,"303,74,23"
4488,"3,0,40"
4489,"40,0,152"
4490,"10,0,80"
4491,"0,169,170"
4492,"0,3,354"
4493,"271,0,291"
4494,"0,3,277"
4495,"23,3,169"
4496,"0,169,271"
4497,"40,3,145"
4498,"131,40,226"
4499,"3,111,0"
4500,"0,265,271"
4501,"131,226,40"
4502,"3,0,53"
4503,"323,3,199"
4504,"40,3,23"
4505,"0,271,8"
4506,"23,40,24"
4507,"220,10,0"
4508,"0,271,485"
4509,"23,3,74"
4510,"3,0,23"
4511,"23,74,40"
4512,"0,23,40"
4513,"0,265,3"
4514,"3,208,0"
4515,"3,40,17"
4516,"40,160,151"
4517,"0,8,265"
4518,"0,40,271"
4519,"40,145,54"
4520,"40,23,0"
4521,"40,3,21"
4522,"169,23,296"
4523,"0,40,23"
4524,"296,169,23"
4525,"3,0,21"
4526,"0,10,40"
4527,"131,134,40"
4528,"0,216,1"
4529,"0,10,11"
4530,"3,4,0"
4531,"3,518,120"
4532,"131,40,406"
4533,"0,8,40"
4534,"0,3,40"
4535,"3,0,28"
4536,"3,40,0"
4537,"64,93,10"
4538,"0,10,3"
4539,"40,3,160"
4540,"0,10,3"
4541,"3,169,53"
4542,"40,160,128"
4543,"40,0,169"
4544,"0,31,10"
4545,"3,85,86"
4546,"3,455,40"
4547,"40,3,0"
4548,"3,40,21"
4549,"40,131,244"
4550,"3,40,296"
4551,"0,24,40"
4552,"64,10,3"
4553,"74,23,40"
4554,"135,169,40"
4555,"40,23,10"
4556,"40,23,38"
4557,"320,17,3"
4558,"3,40,4"
4559,"23,24,38"
4560,"3,0,34"
4561,"40,3,241"
4562,"64,80,10"
4563,"3,21,518"
4564,"10,11,0"
4565,"160,40,334"
4566,"0,40,23"
4567,"0,169,265"
4568,"334,317,160"
4569,"3,0,271"
4570,"23,24,40"
4571,"60,234,3"
4572,"40,0,135"
4573,"40,199,3"
4574,"0,43,23"
4575,"131,40,3"
4576,"10,40,3"
4577,"40,10,3"
4578,"8,0,308"
4579,"187,3,0"
4580,"169,3,23"
4581,"0,26,23"
4582,"480,0,31"
4583,"0,23,38"
4584,"3,311,169"
4585,"40,3,23"
4586,"3,0,34"
4587,"44,145,40"
4588,"3,301,21"
4589,"0,216,277"
4590,"0,3,23"
4591,"3,40,0"
4592,"0,40,3"
4593,"40,184,3"
4594,"0,3,23"
4595,"21,3,5"
4596,"169,40,0"
4597,"0,40,23"
4598,"187,3,21"
4599,"3,0,21"
4600,"220,10,40"
4601,"0,3,40"
4602,"3,40,31"
4603,"40,162,3"
4604,"23,10,40"
4605,"40,3,160"
4606,"40,160,0"
4607,"0,3,265"
4608,"74,23,3"
4609,"0,40,10"
4610,"40,3,21"
4611,"40,169,3"
4612,"0,271,265"
4613,"3,0,4"
4614,"0,3,169"
4615,"3,40,23"
4616,"3,0,21"
4617,"134,40,131"
4618,"0,498,3"
4619,"40,0,10"
4620,"131,40,0"
4621,"10,64,23"
4622,"0,271,255"
4623,"3,40,21"
4624,"40,3,241"
4625,"3,10,169"
4626,"169,10,3"
4627,"3,311,21"
4628,"3,0,40"
4629,"11,10,3"
4630,"64,10,334"
4631,"40,175,131"
4632,"0,23,265"
4633,"169,296,23"
4634,"3,187,34"
4635,"40,169,135"
4636,"160,334,40"
4637,"40,3,160"
4638,"131,406,40"
4639,"0,23,38"
4640,"3,0,53"
4641,"3,169,28"
4642,"3,296,0"
4643,"0,23,40"
4644,"3,21,191"
4645,"64,10,93"
4646,"3,40,160"
4647,"169,170,311"
4648,"23,199,10"
4649,"3,40,21"
4650,"0,10,372"
4651,"40,160,169"
4652,"40,30,3"
4653,"23,160,40"
4654,"23,10,3"
4655,"3,23,169"
4656,"3,28,21"
4657,"0,11,10"
4658,"169,311,40"
4659,"0,277,216"
4660,"0,8,26"
4661,"169,296,3"
4662,"3,21,0"
4663,"40,3,41"
4664,"40,146,135"
4665,"10,3,60"
4666,"146,40,145"
4667,"3,21,28"
4668,"0,271,355"
4669,"23,8,0"
4670,"436,40,169"
4671,"0,3,40"
4672,"0,271,8"
4673,"0,3,23"
4674,"21,3,187"
4675,"131,40,23"
4676,"0,169,3"
4677,"337,251,169"
4678,"40,3,184"
4679,"0,8,372"
4680,"3,0,23"
4681,"3,53,40"
4682,"170,199,40"
4683,"311,169,259"
4684,"3,21,53"
4685,"10,64,3"
4686,"452,296,3"
4687,"3,0,271"
4688,"0,216,3"
4689,"40,0,160"
4690,"0,265,271"
4691,"0,265,8"
4692,"21,3,0"
4693,"3,111,21"
4694,"23,10,40"
4695,"40,0,3"
4696,"3,4,19"
4697,"3,40,0"
4698,"40,145,38"
4699,"64,10,93"
4700,"171,169,170"
4701,"40,169,3"
4702,"225,3,156"
4703,"10,0,220"
4704,"0,32,31"
4705,"0,255,271"
4706,"3,21,120"
4707,"131,40,0"
4708,"296,3,169"
4709,"3,40,23"
4710,"0,169,40"
4711,"0,10,265"
4712,"64,10,80"
4713,"23,0,40"
4714,"38,23,250"
4715,"0,265"
4716,"40,3,23"
4717,"0,271,265"
4718,"3,33,36"
4719,"0,271,444"
4720,"38,0,24"
4721,"135,431,0"
4722,"23,8,0"
4723,"40,100,3"
4724,"0,1,40"
4725,"40,128,130"
4726,"74,23,317"
4727,"3,4,40"
4728,"0,265,3"
4729,"3,17,40"
4730,"0,3,265"
4731,"3,40,0"
4732,"3,40,21"
4733,"10,40,145"
4734,"220,10,221"
4735,"40,10,0"
4736,"3,21,169"
4737,"3,21,40"
4738,"170,199,3"
4739,"131,0,40"
4740,"3,21,0"
4741,"3,0,4"
4742,"3,21,182"
4743,"169,426,40"
4744,"3,15,17"
4745,"3,169,296"
4746,"3,0,21"
4747,"40,3,0"
4748,"40,317,74"
4749,"0,145,40"
4750,"0,3,10"
4751,"0,265"
4752,"31,40,23"
4753,"3,40,135"
4754,"40,184,3"
4755,"0,265,271"
4756,"0,40,3"
4757,"0,8,40"
4758,"3,40,316"
4759,"3,300,21"
4760,"3,0,23"
4761,"3,120,0"
4762,"3,41,40"
4763,"23,74,165"
4764,"40,250,128"
4765,"3,0,21"
4766,"40,128,162"
4767,"0,265"
4768,"11,0,10"
4769,"0,3,216"
4770,"160,40"
4771,"3,21,5"
4772,"0,145,23"
4773,"3,111,4"
4774,"3,28,21"
4775,"3,40,21"
4776,"3,0,169"
4777,"3,169,40"
4778,"0,265,271"
4779,"220,10,0"
4780,"169,296,300"
4781,"0,145,44"
4782,"0,3,265"
4783,"0,169,64"
4784,"3,0,169"
4785,"3,0,15"
4786,"0,23,8"
4787,"5,6,3"
4788,"3,40,0"
4789,"514,8,23"
4790,"0,23,10"
4791,"3,0,265"
4792,"0,369,208"
4793,"38,23,71"
4794,"3,4,364"
4795,"23,10,3"
4796,"271,0,255"
4797,"3,300,202"
4798,"0,271,3"
4799,"169,199,0"
4800,"40,3,224"
4801,"3,40,13"
4802,"0,10,3"
4803,"40,160,3"
4804,"169,3,40"
4805,"3,21,0"
4806,"0,271,291"
4807,"3,40,23"
4808,"118,169,23"
4809,"323,43,23"
4810,"0,265,418"
4811,"3,40,135"
4812,"3,40,13"
4813,"3,0,40"
4814,"0,23,24"
4815,"0,40,271"
4816,"296,169,3"
4817,"0,216,480"
4818,"40,10,23"
4819,"3,0,311"
4820,"0,265,271"
4821,"0,8,3"
4822,"3,17,40"
4823,"0,3,265"
4824,"3,74,28"
4825,"0,40,23"
4826,"0,3,23"
4827,"0,218,10"
4828,"40,131,0"
4829,"3,320,120"
4830,"169,10,296"
4831,"0,23,26"
4832,"0,265,271"
4833,"131,40,406"
4834,"0,8,40"
4835,"3,21,0"
4836,"10,40,23"
4837,"146,40,145"
4838,"3,17,40"
4839,"40,3,169"
4840,"251,337,0"
4841,"337,251,23"
4842,"3,21"
4843,"71,38,24"
4844,"44,40,145"
4845,"3,21,23"
4846,"3,40,180"
4847,"10,0,3"
4848,"3,40,169"
4849,"0,40,23"
4850,"0,23,208"
4851,"0,40,3"
4852,"40,160,3"
4853,"74,23,40"
4854,"3,0,265"
4855,"43,0,24"
4856,"40,3,169"
4857,"0,10,220"
4858,"23,0,38"
4859,"0,271,291"
4860,"3,21,0"
4861,"10,93,3"
4862,"160,40,334"
4863,"169,3,40"
4864,"0,3,40"
4865,"40,128,130"
4866,"23,3,0"
4867,"3,120,217"
4868,"3,40,23"
4869,"0,265,271"
4870,"23,0,10"
4871,"171,170,199"
4872,"0,265,220"
4873,"431,169,3"
4874,"0,40,23"
4875,"3,21,28"
4876,"3,17,169"
4877,"0,271,10"
4878,"40,128,21"
4879,"0,265,40"
4880,"0,40,328"
4881,"23,175,128"
4882,"10,0,220"
4883,"3,53,40"
4884,"0,40,8"
4885,"3,40,184"
4886,"3,21,40"
4887,"3,15,53"
4888,"3,40,120"
4889,"0,426,311"
4890,"59,0,23"
4891,"169,10,199"
4892,"3,0,21"
4893,"0,265"
4894,"72,44,145"
4895,"0,265,208"
4896,"0,145,23"
4897,"23,40,3"
4898,"40,3,21"
4899,"3,21,40"
4900,"21,3,301"
4901,"10,169,3"
4902,"296,169,333"
4903,"170,169,199"
4904,"40,160,3"
4905,"0,259,426"
4906,"64,10,0"
4907,"0,271"
4908,"3,0,40"
4909,"0,3,40"
4910,"23,128,38"
4911,"145,40,3"
4912,"3,40,21"
4913,"3,40,23"
4914,"40,0,3"
4915,"3,182,0"
4916,"220,10,3"
4917,"498,0,288"
4918,"23,38,74"
4919,"23,0,8"
4920,"3,21,13"
4921,"103,0,23"
4922,"64,10,80"
4923,"0,265,3"
4924,"0,3,265"
4925,"40,0,3"
4926,"10,0,64"
4927,"3,40,135"
4928,"11,10,0"
4929,"40,3,131"
4930,"40,131,3"
4931,"3,169,28"
4932,"40,186,128"
4933,"64,10,80"
4934,"0,40,425"
4935,"118,74,23"
4936,"220,0,10"
4937,"337,3,0"
4938,"40,160,0"
4939,"0,265,169"
4940,"0,169,426"
4941,"0,288,277"
4942,"8,40,0"
4943,"182,0,24"
4944,"40,296,0"
4945,"0,220,10"
4946,"40,0,3"
4947,"31,3,0"
4948,"40,160,151"
4949,"40,3,10"
4950,"3,40,113"
4951,"23,0,296"
4952,"0,458,3"
4953,"3,4,28"
4954,"23,31,40"
4955,"402,145,23"
4956,"220,3,10"
4957,"23,0,3"
4958,"3,40,291"
4959,"145,44,40"
4960,"169,296,417"
4961,"40,169,111"
4962,"3,0,10"
4963,"3,169,0"
4964,"0,265,457"
4965,"40,300,3"
4966,"145,10,169"
4967,"3,120,4"
4968,"23,40,0"
4969,"23,10,220"
4970,"71,38,24"
4971,"220,10,0"
4972,"0,220,10"
4973,"3,40,202"
4974,"3,4,7"
4975,"0,23,40"
4976,"3,0,21"
4977,"3,21,17"
4978,"118,74,23"
4979,"3,0,51"
4980,"0,3,169"
4981,"0,40,271"
4982,"311,0,169"
4983,"40,244,135"
4984,"3,311,169"
4985,"3,40,21"
4986,"3,0,23"
4987,"40,3,0"
4988,"169,0,3"
4989,"131,40,241"
4990,"23,0,3"
4991,"10,0,3"
4992,"3,21,30"
4993,"3,28,452"
4994,"40,3,41"
4995,"40,10,0"
4996,"40,0,23"
4997,"251,0,337"
4998,"0,10,220"
4999,"64,40,170"
5000,"40,23,296"
5001,"3,0,169"
5002,"3,40,21"
5003,"317,74,23"
5004,"145,3,115"
5005,"169,40,311"
5006,"26,89,0"
5007,"169,135,40"
5008,"40,160,0"
5009,"0,271,40"
5010,"0,23,3"
5011,"0,265,271"
5012,"23,0,40"
5013,"3,0,4"
5014,"0,38,23"
5015,"64,10,40"
5016,"64,10,93"
5017,"3,4,0"
5018,"3,40,0"
5019,"170,169,3"
5020,"138,135,40"
5021,"0,3,40"
5022,"64,10,80"
5023,"0,271,169"
5024,"3,5,40"
5025,"3,0,169"
5026,"40,0,169"
5027,"40,3,160"
5028,"3,160,0"
5029,"0,3,120"
5030,"0,8,265"
5031,"4,3,7"
5032,"138,0,40"
5033,"169,170,138"
5034,"187,3,0"
5035,"0,8,308"
5036,"3,40,131"
5037,"296,169,0"
5038,"0,23,3"
5039,"40,3,131"
5040,"43,23,24"
5041,"10,64,3"
5042,"23,26,40"
5043,"10,0,11"
5044,"40,10,23"
5045,"40,0,3"
5046,"3,0,120"
5047,"3,40,0"
5048,"71,40,38"
5049,"3,111,21"
5050,"187,3,21"
5051,"3,40,184"
5052,"40,131,0"
5053,"3,296,40"
5054,"74,118,23"
5055,"3,0,4"
5056,"40,64,0"
5057,"3,21,0"
5058,"10,11,3"
5059,"0,3,169"
5060,"3,21,28"
5061,"3,0,271"
5062,"169,23,170"
5063,"3,41,40"
5064,"0,271,3"
5065,"3,21,0"
5066,"0,255,40"
5067,"3,4,120"
5068,"40,131,226"
5069,"3,21,5"
5070,"340,265,0"
5071,"40,0,10"
5072,"38,3,23"
5073,"40,3,160"
5074,"3,120,217"
5075,"3,21,111"
5076,"3,0,40"
5077,"3,21,0"
5078,"0,10,40"
5079,"40,3,41"
5080,"64,80,10"
5081,"0,313,220"
5082,"23,40,3"
5083,"3,169,8"
5084,"10,40,296"
5085,"3,21,108"
5086,"3,40,184"
5087,"3,0,17"
5088,"40,131,241"
5089,"3,40,146"
5090,"0,40,169"
5091,"0,277,23"
5092,"10,220,221"
5093,"10,0,3"
5094,"11,10,3"
5095,"71,24,38"
5096,"10,3,60"
5097,"10,64,93"
5098,"0,271,265"
5099,"44,145,40"
5100,"296,40,169"
5101,"40,0,3"
5102,"169,10,23"
5103,"480,40,38"
5104,"0,38,8"
5105,"169,3,296"
5106,"187,3,21"
5107,"3,40,0"
5108,"0,3,169"
5109,"3,17,40"
5110,"3,0,265"
5111,"265,0,340"
5112,"3,21,40"
5113,"0,3"
5114,"3,40,21"
5115,"3,0,21"
5116,"0,251,296"
5117,"0,288,265"
5118,"3,21,120"
5119,"3,28,21"
5120,"3,40,30"
5121,"10,145,402"
5122,"3,120,217"
5123,"3,0,265"
5124,"0,3,10"
5125,"10,44,0"
5126,"40,131,0"
5127,"3,0,10"
5128,"131,40,226"
5129,"40,128,0"
5130,"0,220,8"
5131,"40,0,3"
5132,"40,3,23"
5133,"40,0,10"
5134,"220,0,40"
5135,"0,271,3"
5136,"3,0,40"
5137,"40,131,3"
5138,"0,458,265"
5139,"0,265,340"
5140,"10,3,23"
5141,"64,10,3"
5142,"64,10,80"
5143,"171,170,199"
5144,"0,26,271"
5145,"3,0,21"
5146,"3,23,38"
5147,"10,0,3"
5148,"216,0,254"
5149,"3,21,191"
5150,"0,3,10"
5151,"3,28,4"
5152,"0,265,10"
5153,"3,40,169"
5154,"0,11,10"
5155,"145,44,40"
5156,"3,53,21"
5157,"0,3,23"
5158,"40,169,3"
5159,"23,0,40"
5160,"3,0,28"
5161,"3,40,169"
5162,"40,160,3"
5163,"220,10,0"
5164,"169,0,3"
5165,"3,0,489"
5166,"0,40,271"
5167,"3,0,28"
5168,"0,372,288"
5169,"3,0,40"
5170,"0,3,271"
5171,"40,0,3"
5172,"3,0,40"
5173,"3,296,169"
5174,"0,265,169"
5175,"3,0,169"
5176,"120,3,217"
5177,"3,40,169"
5178,"508,426,169"
5179,"43,24,23"
5180,"40,3,0"
5181,"17,320,3"
5182,"0,10,23"
5183,"0,23,3"
5184,"11,10,0"
5185,"0,23,169"
5186,"169,3,0"
5187,"23,118,26"
5188,"3,5,21"
5189,"100,3,40"
5190,"3,40,0"
5191,"426,64,10"
5192,"0,145,265"
5193,"40,23,38"
5194,"40,3,21"
5195,"23,40,3"
5196,"0,40,10"
5197,"0,8,40"
5198,"40,3,244"
5199,"0,265,271"
5200,"40,0,3"
5201,"3,0,271"
5202,"3,296,169"
5203,"38,23,82"
5204,"23,169,0"
5205,"40,3,160"
5206,"3,28,452"
5207,"3,13,21"
5208,"0,265,3"
5209,"3,21,169"
5210,"0,38,23"
5211,"10,23,0"
5212,"311,169,320"
5213,"40,145,128"
5214,"3,111,23"
5215,"10,64,145"
5216,"40,10,3"
5217,"40,170,169"
5218,"10,23,40"
5219,"0,40,23"
5220,"169,296,40"
5221,"3,40,30"
5222,"218,0,40"
5223,"40,23,3"
5224,"40,0,3"
5225,"0,169,23"
5226,"23,26,89"
5227,"3,10,296"
5228,"0,265,355"
5229,"11,10,3"
5230,"0,23,38"
5231,"255,0,3"
5232,"3,21"
5233,"40,21,3"
5234,"40,128,0"
5235,"402,145,23"
5236,"0,169,40"
5237,"169,296,3"
5238,"3,40,0"
5239,"0,40,3"
5240,"10,40,457"
5241,"0,3,265"
5242,"23,26,0"
5243,"10,0,169"
5244,"175,128,23"
5245,"40,3,21"
5246,"431,40,169"
5247,"3,28,4"
5248,"0,169,3"
5249,"40,0,271"
5250,"40,131,23"
5251,"23,74,3"
5252,"3,40,41"
5253,"3,17,320"
5254,"23,38,3"
5255,"0,313,40"
5256,"169,426,170"
5257,"40,145,437"
5258,"0,8,288"
5259,"0,369,271"
5260,"0,23,38"
5261,"23,38,40"
5262,"40,3,0"
5263,"0,38,23"
5264,"0,277,458"
5265,"0,10,3"
5266,"169,3,0"
5267,"337,251,169"
5268,"3,4,0"
5269,"3,265,21"
5270,"0,271,291"
5271,"40,131,3"
5272,"23,10,11"
5273,"169,3,170"
5274,"0,271,40"
5275,"31,328,40"
5276,"0,271,3"
5277,"0,3,26"
5278,"3,169,296"
5279,"3,372,40"
5280,"0,3,23"
5281,"40,38,24"
5282,"96,170,199"
5283,"23,74,317"
5284,"0,271,23"
5285,"3,120,147"
5286,"187,3,0"
5287,"3,21,53"
5288,"3,0,28"
5289,"0,40,3"
5290,"3,21,265"
5291,"3,0,40"
5292,"40,3,23"
5293,"0,271,366"
5294,"23,0,40"
5295,"169,0,311"
5296,"40,160,0"
5297,"0,23,3"
5298,"23,0,40"
5299,"10,3,0"
5300,"40,23,135"
5301,"40,0,3"
5302,"0,169,3"
5303,"23,170,3"
5304,"0,40,23"
5305,"3,21,0"
5306,"3,17,0"
5307,"3,40,23"
5308,"38,23,40"
5309,"10,64,3"
5310,"23,74,165"
5311,"10,40,0"
5312,"40,3,0"
5313,"0,514,8"
5314,"0,218,271"
5315,"0,10,3"
5316,"0,169,3"
5317,"3,21,111"
5318,"0,265"
5319,"3,0,40"
5320,"3,169,0"
5321,"131,40,0"
5322,"3,34,0"
5323,"8,0,308"
5324,"131,0,40"
5325,"135,189,250"
5326,"3,271,0"
5327,"3,21,0"
5328,"3,17,0"
5329,"0,23,38"
5330,"3,40,15"
5331,"40,131,23"
5332,"10,220,23"
5333,"3,13,0"
5334,"138,135,40"
5335,"3,40,111"
5336,"169,0,3"
5337,"0,31,23"
5338,"171,199,170"
5339,"40,3,131"
5340,"3,169,40"
5341,"448,169,10"
5342,"3,40,135"
5343,"0,271,40"
5344,"0,10,3"
5345,"0,23,169"
5346,"23,0,40"
5347,"0,23,271"
5348,"0,265,410"
5349,"3,23,21"
5350,"296,40,169"
5351,"3,21,191"
5352,"40,135,23"
5353,"0,10,311"
5354,"3,54,320"
5355,"40,131,3"
5356,"202,3,111"
5357,"0,23,38"
5358,"3,21,0"
5359,"23,40,0"
5360,"0,40,23"
5361,"3,40,21"
5362,"38,250,23"
5363,"3,0"
5364,"10,40,44"
5365,"3,21,147"
5366,"3,21,0"
5367,"459,170,169"
5368,"169,0,40"
5369,"3,21,301"
5370,"4,0,3"
5371,"64,10,80"
5372,"0,3,40"
5373,"0,340,265"
5374,"64,80,10"
5375,"131,40,3"
5376,"169,281,311"
5377,"0,311,3"
5378,"3,28,4"
5379,"145,10,40"
5380,"0,3,8"
5381,"40,3,23"
5382,"10,220,0"
5383,"0,271,291"
5384,"40,3,334"
5385,"0,265,488"
5386,"96,31,23"
5387,"3,10,17"
5388,"11,10,3"
5389,"3,40,21"
5390,"44,10,145"
5391,"64,10,239"
5392,"296,169,300"
5393,"3,0,169"
5394,"0,23,40"
5395,"10,0,23"
5396,"23,169,40"
5397,"0,288,265"
5398,"0,23,265"
5399,"23,0,169"
5400,"40,3,41"
5401,"40,0,3"
5402,"0,3,23"
5403,"40,128,3"
5404,"0,271,265"
5405,"40,3,135"
5406,"40,23,3"
5407,"0,271,291"
5408,"0,169,38"
5409,"3,40,120"
5410,"0,265,8"
5411,"296,169,300"
5412,"337,251,0"
5413,"64,10,93"
5414,"169,0,296"
5415,"40,10,31"
5416,"3,15,16"
5417,"3,21,0"
5418,"10,0,40"
5419,"0,271,291"
5420,"3,0,40"
5421,"3,187,40"
5422,"3,0,169"
5423,"3,0,40"
5424,"10,64,93"
5425,"0,169,199"
5426,"202,111,3"
5427,"0,265,23"
5428,"64,23,10"
5429,"0,10,8"
5430,"3,0,34"
5431,"3,4,310"
5432,"23,0,3"
5433,"0,3,40"
5434,"0,8,308"
5435,"23,10,0"
5436,"40,38,71"
5437,"0,255,313"
5438,"0,23,40"
5439,"40,146,145"
5440,"0,23,3"
5441,"23,0,40"
5442,"0,265"
5443,"0,3,271"
5444,"3,21,0"
5445,"40,0,3"
5446,"0,271,265"
5447,"3,21,0"
5448,"10,370,0"
5449,"40,3,169"
5450,"3,10,23"
5451,"277,0,3"
5452,"296,169,300"
5453,"3,169,53"
5454,"0,271,169"
5455,"3,40,145"
5456,"0,3,255"
5457,"3,21,417"
5458,"3,0,10"
5459,"17,3,320"
5460,"3,217,120"
5461,"3,40,145"
5462,"74,317,23"
5463,"3,21,108"
5464,"3,21,0"
5465,"0,145,40"
5466,"0,265,3"
5467,"170,459,40"
5468,"10,0,40"
5469,"0,8,288"
5470,"0,26,23"
5471,"169,296,0"
5472,"23,74,317"
5473,"0,265,271"
5474,"457,0,218"
5475,"3,0,21"
5476,"3,0,40"
5477,"0,3,23"
5478,"23,40,0"
5479,"0,296,3"
5480,"426,169,311"
5481,"123,40,111"
5482,"199,171,170"
5483,"0,265"
5484,"3,21,0"
5485,"0,40,296"
5486,"0,498,3"
5487,"417,3,311"
5488,"31,23,32"
5489,"169,0,296"
5490,"40,3,135"
5491,"0,23,169"
5492,"3,40,21"
5493,"3,10,23"
5494,"3,4,15"
5495,"0,271,265"
5496,"128,40,129"
5497,"0,355,8"
5498,"3,28,0"
5499,"3,0,169"
5500,"3,10,0"
5501,"0,145,10"
5502,"296,23,40"
5503,"64,10,93"
5504,"23,118,74"
5505,"40,131,0"
5506,"0,265"
5507,"0,277,216"
5508,"23,0,265"
5509,"0,169,23"
5510,"3,40,0"
5511,"187,3,21"
5512,"138,135,374"
5513,"3,0,21"
5514,"220,10,0"
5515,"38,40,23"
5516,"40,131,0"
5517,"10,64,0"
5518,"40,0,38"
5519,"21,3,33"
5520,"74,23,40"
5521,"0,23,3"
5522,"23,3,105"
5523,"3,40,169"
5524,"10,0,40"
5525,"3,120,40"
5526,"296,0,328"
5527,"3,0,100"
5528,"3,111,112"
5529,"11,10,44"
5530,"3,85,86"
5531,"72,3,0"
5532,"23,40,0"
5533,"40,169,0"
5534,"3,160,169"
5535,"0,357,313"
5536,"3,506,13"
5537,"0,3,265"
5538,"0,169,40"
5539,"0,277,40"
5540,"74,317,23"
5541,"323,0,3"
5542,"311,320,3"
5543,"0,311,271"
5544,"71,38,0"
5545,"3,169,40"
5546,"40,0,170"
5547,"3,169,311"
5548,"17,3,58"
5549,"3,10,0"
5550,"40,169,459"
5551,"40,169,138"
5552,"0,40,3"
5553,"40,3,169"
5554,"0,271,40"
5555,"24,40,23"
5556,"40,3,0"
5557,"38,23,0"
5558,"0,23,3"
5559,"0,23,3"
5560,"3,28,21"
5561,"3,15,21"
5562,"0,10,3"
5563,"0,10,265"
5564,"170,40,199"
5565,"0,271"
5566,"10,40,44"
5567,"0,277,458"
5568,"3,5,21"
5569,"224,40,41"
5570,"220,10,221"
5571,"23,3,10"
5572,"0,169,199"
5573,"3,265,0"
5574,"40,296,3"
5575,"0,3,23"
5576,"171,199,169"
5577,"0,216,354"
5578,"0,265,457"
5579,"220,10,221"
5580,"40,128,3"
5581,"10,0,8"
5582,"3,0,208"
5583,"135,40,189"
5584,"169,40,0"
5585,"0,3,296"
5586,"138,135,169"
5587,"10,40,220"
5588,"40,169,23"
5589,"3,21,40"
5590,"0,213,265"
5591,"23,118,74"
5592,"131,40,0"
5593,"40,3,41"
5594,"220,10,221"
5595,"0,23,89"
5596,"0,265,271"
5597,"296,169,300"
5598,"40,3,23"
5599,"0,271,456"
5600,"3,0,111"
5601,"10,44,11"
5602,"3,21,40"
5603,"0,23,38"
5604,"3,40,23"
5605,"10,220,221"
5606,"10,0,220"
5607,"0,38,23"
5608,"498,288,0"
5609,"40,23,170"
5610,"3,4,217"
5611,"0,265,271"
5612,"0,265,169"
5613,"182,0,3"
5614,"0,23,265"
5615,"3,0,40"
5616,"10,3,0"
5617,"0,265,277"
5618,"0,410,8"
5619,"3,5,97"
5620,"10,64,93"
5621,"220,0,10"
5622,"0,40,255"
5623,"0,255,277"
5624,"0,265,458"
5625,"3,0,53"
5626,"40,0,3"
5627,"169,40,311"
5628,"40,0,3"
5629,"10,3,0"
5630,"3,96,40"
5631,"23,3,290"
5632,"40,0,131"
5633,"3,0,169"
5634,"40,0,169"
5635,"10,64,3"
5636,"170,199,171"
5637,"23,0,26"
5638,"0,11,265"
5639,"169,3,311"
5640,"40,0,296"
5641,"0,27,271"
5642,"40,426,23"
5643,"40,139,3"
5644,"3,169,0"
5645,"0,26,23"
5646,"40,74,283"
5647,"0,10,64"
5648,"23,40,10"
5649,"38,0,23"
5650,"3,364,21"
5651,"296,169,3"
5652,"0,340,271"
5653,"250,0,38"
5654,"4,3,0"
5655,"0,355,265"
5656,"3,120,147"
5657,"354,3,0"
5658,"3,518,120"
5659,"3,53,111"
5660,"40,135,41"
5661,"10,64,0"
5662,"146,40,145"
5663,"0,23,38"
5664,"0,3,271"
5665,"0,265,271"
5666,"244,40,135"
5667,"3,40,17"
5668,"291,0,3"
5669,"3,0,169"
5670,"0,265"
5671,"64,80,10"
5672,"0,24,40"
5673,"23,40,0"
5674,"64,10,80"
5675,"3,111,21"
5676,"169,3,311"
5677,"296,0,169"
5678,"118,74,23"
5679,"40,160,3"
5680,"0,271,291"
5681,"54,145,10"
5682,"3,21,147"
5683,"145,23,402"
5684,"40,128,149"
5685,"3,28,113"
5686,"3,53,21"
5687,"10,64,11"
5688,"0,169,288"
5689,"3,0,40"
5690,"3,0,40"
5691,"40,0,3"
5692,"3,296,169"
5693,"0,3,40"
5694,"23,0,3"
5695,"23,26,74"
5696,"40,170,0"
5697,"3,4,111"
5698,"24,0,23"
5699,"3,40,0"
5700,"160,40,3"
5701,"296,169,3"
5702,"3,21,40"
5703,"0,10,8"
5704,"64,10,80"
5705,"287,3,53"
5706,"3,0,15"
5707,"40,3,160"
5708,"169,0,40"
5709,"40,3,23"
5710,"170,199,3"
5711,"8,0,514"
5712,"0,218,457"
5713,"220,10,221"
5714,"40,134,131"
5715,"0,169,3"
5716,"337,296,169"
5717,"10,0,11"
5718,"3,40,0"
5719,"40,131,241"
5720,"199,171,170"
5721,"21,3,187"
5722,"0,265,288"
5723,"40,0,131"
5724,"0,265,10"
5725,"3,40,0"
5726,"0,271,291"
5727,"3,21,4"
5728,"0,169,3"
5729,"23,0,40"
5730,"199,10,170"
5731,"0,3,40"
5732,"3,0,53"
5733,"23,74,71"
5734,"40,146,145"
5735,"3,0,199"
5736,"38,0,23"
5737,"0,3,23"
5738,"3,17,0"
5739,"10,0,3"
5740,"4,3,111"
5741,"0,265,23"
5742,"10,220,0"
5743,"3,4,0"
5744,"0,265,3"
5745,"3,120,225"
5746,"10,0,220"
5747,"508,40,3"
5748,"23,24,3"
5749,"64,10,93"
5750,"0,10,23"
5751,"40,152,151"
5752,"138,135,40"
5753,"10,0,3"
5754,"40,3,151"
5755,"43,24,23"
5756,"169,3,40"
5757,"3,120,217"
5758,"40,3,0"
5759,"169,0,3"
5760,"0,3,10"
5761,"131,40,0"
5762,"3,28,4"
5763,"10,0,220"
5764,"3,169,10"
5765,"3,182,21"
5766,"10,11,40"
5767,"40,224,41"
5768,"0,169,23"
5769,"169,3,426"
5770,"3,40,4"
5771,"23,26,417"
5772,"0,40,23"
5773,"0,23,40"
5774,"3,28,518"
5775,"23,145,0"
5776,"11,44,40"
5777,"182,3,169"
5778,"3,40,17"
5779,"3,40,41"
5780,"0,23,40"
5781,"3,40,28"
5782,"145,23,40"
5783,"3,0,40"
5784,"3,21,40"
5785,"3,169,40"
5786,"169,40,170"
5787,"498,0,288"
5788,"40,175,23"
5789,"40,23,169"
5790,"0,8,23"
5791,"0,23,3"
5792,"0,64,10"
5793,"3,13,23"
5794,"265,0,10"
5795,"160,40,169"
5796,"3,111,40"
5797,"10,0,40"
5798,"169,251,3"
5799,"0,23,265"
5800,"0,40,3"
5801,"40,160,3"
5802,"23,40,0"
5803,"170,323,199"
5804,"23,169,3"
5805,"0,277,216"
5806,"0,3,313"
5807,"3,0,21"
5808,"120,3,268"
5809,"0,23,40"
5810,"0,40,3"
5811,"3,16,15"
5812,"0,426,259"
5813,"3,0,169"
5814,"0,265,3"
5815,"0,271,265"
5816,"3,0,169"
5817,"40,23,128"
5818,"169,296,3"
5819,"169,40,3"
5820,"0,220,498"
5821,"0,265"
5822,"0,265,271"
5823,"38,3,169"
5824,"24,145,0"
5825,"38,24,71"
5826,"3,0,40"
5827,"3,53,111"
5828,"220,10,0"
5829,"170,0,43"
5830,"31,10,328"
5831,"3,320,17"
5832,"40,169,3"
5833,"0,23,8"
5834,"23,0,26"
5835,"40,131,3"
5836,"3,4,310"
5837,"0,10,23"
5838,"0,3,265"
5839,"10,220,11"
5840,"40,131,241"
5841,"160,40,334"
5842,"10,3,0"
5843,"259,23,431"
5844,"3,169,21"
5845,"0,313,265"
5846,"3,21,169"
5847,"40,3,21"
5848,"3,17,320"
5849,"0,8,40"
5850,"0,40,10"
5851,"0,40,23"
5852,"23,0,296"
5853,"3,53,169"
5854,"3,40,169"
5855,"40,0,271"
5856,"0,23,271"
5857,"3,40,0"
5858,"3,10,17"
5859,"0,3,145"
5860,"64,93,10"
5861,"71,38,24"
5862,"40,145,23"
5863,"40,3,0"
5864,"0,402,145"
5865,"40,3,169"
5866,"23,38,3"
5867,"0,10,220"
5868,"23,10,323"
5869,"3,40,135"
5870,"3,120,85"
5871,"0,271,1"
5872,"40,0,23"
5873,"11,10,23"
5874,"3,21,40"
5875,"131,40,184"
5876,"0,265,3"
5877,"0,3,23"
5878,"0,2,1"
5879,"3,40,53"
5880,"40,160"
5881,"40,3,160"
5882,"40,131,134"
5883,"169,311,259"
5884,"0,23,38"
5885,"0,271,255"
5886,"0,40,10"
5887,"71,10,0"
5888,"3,40,23"
5889,"40,128,23"
5890,"10,3,53"
5891,"3,120,17"
5892,"0,271,291"
5893,"3,40,0"
5894,"0,265,40"
5895,"0,265,418"
5896,"40,3,17"
5897,"3,4,5"
5898,"3,53,21"
5899,"0,3,23"
5900,"40,131,0"
5901,"311,431,40"
5902,"3,40,23"
5903,"0,169,40"
5904,"118,23,3"
5905,"3,21,28"
5906,"11,10,40"
5907,"40,160,334"
5908,"40,0,199"
5909,"64,10,311"
5910,"0,3,40"
5911,"135,138,40"
5912,"0,3,10"
5913,"40,131,3"
5914,"0,8,271"
5915,"23,25,0"
5916,"40,131,486"
5917,"131,40,0"
5918,"40,0,3"
5919,"3,225,120"
5920,"0,3,10"
5921,"0,40,3"
5922,"0,216,354"
5923,"3,0,265"
5924,"271,0,444"
5925,"3,51,17"
5926,"64,80,10"
5927,"3,0,23"
5928,"3,0,40"
5929,"3,4,0"
5930,"0,40,271"
5931,"0,3,64"
5932,"64,10,93"
5933,"40,3,300"
5934,"3,4,0"
5935,"40,0,3"
5936,"0,3,169"
5937,"23,10,40"
5938,"23,40,3"
5939,"160,40,334"
5940,"208,0,3"
5941,"10,64,23"
5942,"3,4,0"
5943,"3,0,10"
5944,"3,111,4"
5945,"40,3,23"
5946,"3,0,169"
5947,"0,23,8"
5948,"0,265,10"
5949,"0,208,3"
5950,"402,38,145"
5951,"0,271,216"
5952,"23,38,91"
5953,"3,0,40"
5954,"40,160,0"
5955,"0,135,3"
5956,"3,147,21"
5957,"3,217,120"
5958,"3,320,17"
5959,"169,296,3"
5960,"3,0,265"
5961,"0,40,3"
5962,"3,169,21"
5963,"10,38,0"
5964,"3,265,0"
5965,"218,0,3"
5966,"131,40,0"
5967,"3,40,23"
5968,"3,15,16"
5969,"40,3,169"
5970,"23,38,0"
5971,"169,40,0"
5972,"43,170,323"
5973,"0,369,208"
5974,"3,21,40"
5975,"38,71,94"
5976,"3,40,135"
5977,"0,3,220"
5978,"320,17,3"
5979,"64,80,10"
5980,"0,40,23"
5981,"0,271,3"
5982,"0,23,40"
5983,"10,3,0"
5984,"0,23,38"
5985,"4,3,19"
5986,"40,3,160"
5987,"0,169,3"
5988,"0,23,169"
5989,"3,21,40"
5990,"3,0,40"
5991,"0,265,218"
5992,"0,216,3"
5993,"10,220,0"
5994,"271,0,40"
5995,"10,23,64"
5996,"3,4,0"
5997,"0,372,23"
5998,"3,5,0"
5999,"40,0,135"
6000,"323,199,10"
6001,"3,0,111"
6002,"3,0,111"
6003,"0,480,3"
6004,"40,169,3"
6005,"40,3,0"
6006,"40,131,241"
6007,"187,21,3"
6008,"3,0,265"
6009,"311,3,169"
6010,"10,64,23"
6011,"3,5,0"
6012,"64,10,93"
6013,"0,145,265"
6014,"3,21,53"
6015,"3,21,0"
6016,"3,0,21"
6017,"0,169,3"
6018,"0,10,218"
6019,"3,40,0"
6020,"3,170,323"
6021,"0,265,488"
6022,"0,3,208"
6023,"3,21,0"
6024,"0,23,357"
6025,"38,10,23"
6026,"3,21,28"
6027,"0,8,265"
6028,"120,3,225"
6029,"40,131,406"
6030,"3,169,0"
6031,"74,118,23"
6032,"0,255,265"
6033,"40,0,145"
6034,"3,21,0"
6035,"135,40,169"
6036,"145,38,71"
6037,"23,74,118"
6038,"23,0,40"
6039,"3,28,0"
6040,"40,0,3"
6041,"40,131,0"
6042,"40,3"
6043,"138,135,374"
6044,"0,3,265"
6045,"40,0,131"
6046,"220,10,0"
6047,"43,24,323"
6048,"23,40,10"
6049,"3,40,296"
6050,"40,74,165"
6051,"40,23,0"
6052,"64,10,3"
6053,"40,169,160"
6054,"40,0,10"
6055,"3,10,17"
6056,"265,21,3"
6057,"0,265,271"
6058,"271,0,3"
6059,"40,63,169"
6060,"40,3,41"
6061,"202,40,160"
6062,"40,23,0"
6063,"3,120,0"
6064,"3,40,169"
6065,"23,24,40"
6066,"3,21,0"
6067,"23,0,169"
6068,"0,169,3"
6069,"3,4,0"
6070,"4,3"
6071,"5,3"
6072,"0,265,271"
6073,"296,169,40"
6074,"3,21,53"
6075,"40,160,3"
6076,"72,44,145"
6077,"0,271,265"
6078,"169,40,131"
6079,"323,199,170"
6080,"3,0,217"
6081,"3,17,320"
6082,"0,271,216"
6083,"0,169,271"
6084,"23,0,3"
6085,"0,271,291"
6086,"160,40,334"
6087,"74,23,303"
6088,"500,3,40"
6089,"40,23,24"
6090,"64,10,93"
6091,"10,64,0"
6092,"199,170,323"
6093,"3,40,21"
6094,"40,0,406"
6095,"0,8,23"
6096,"3,40,21"
6097,"40,10,11"
6098,"3,4,0"
6099,"160,40,10"
6100,"0,265,8"
6101,"40,0,250"
6102,"337,426,3"
6103,"0,265,271"
6104,"169,3,17"
6105,"296,169,3"
6106,"208,0,3"
6107,"40,494,184"
6108,"0,10,3"
6109,"3,28,0"
6110,"11,23,72"
6111,"0,23,3"
6112,"40,0,3"
6113,"23,43,24"
6114,"0,10,448"
6115,"199,160,170"
6116,"0,255,40"
6117,"0,265,3"
6118,"0,8,271"
6119,"0,10,265"
6120,"0,265,3"
6121,"145,40,54"
6122,"3,15,16"
6123,"40,0,3"
6124,"3,41,29"
6125,"0,3,255"
6126,"3,17,169"
6127,"3,21,41"
6128,"40,128,186"
6129,"44,145,0"
6130,"3,0,41"
6131,"3,21,40"
6132,"40,3,135"
6133,"0,271,265"
6134,"64,10,80"
6135,"3,0,265"
6136,"0,145,44"
6137,"3,28,21"
6138,"3,0,21"
6139,"3,0,316"
6140,"3,5,40"
6141,"145,402,44"
6142,"64,93,10"
6143,"64,93,10"
6144,"23,0,10"
6145,"40,41,224"
6146,"0,23,40"
6147,"0,218,457"
6148,"3,34,263"
6149,"323,10,3"
6150,"3,13,96"
6151,"23,40,3"
6152,"169,426,135"
6153,"40,135,169"
6154,"3,40,0"
6155,"220,0,10"
6156,"3,21,265"
6157,"71,38,24"
6158,"40,184,131"
6159,"0,271,40"
6160,"0,313,169"
6161,"3,0,40"
6162,"152,151,40"
6163,"251,337,0"
6164,"3,169,311"
6165,"10,0,64"
6166,"170,199,169"
6167,"0,23,40"
6168,"40,10,170"
6169,"3,0,21"
6170,"4,3,0"
6171,"169,3,40"
6172,"3,21,40"
6173,"24,199,169"
6174,"3,169,0"
6175,"23,3,169"
6176,"40,3,0"
6177,"128,40,23"
6178,"3,0,265"
6179,"3,169,0"
6180,"40,152,151"
6181,"220,221,0"
6182,"0,23,3"
6183,"40,169,0"
6184,"0,23,271"
6185,"3,21,0"
6186,"17,3,0"
6187,"0,23,296"
6188,"40,3,23"
6189,"23,3,40"
6190,"0,23,8"
6191,"0,23,40"
6192,"0,23,340"
6193,"38,39,23"
6194,"169,23,311"
6195,"0,40,23"
6196,"3,40,135"
6197,"3,41,40"
6198,"118,74,23"
6199,"43,323,24"
6200,"3,40,21"
6201,"10,3,40"
6202,"0,265,271"
6203,"170,323,199"
6204,"40,3,0"
6205,"0,23,271"
6206,"0,3,271"
6207,"3,244,0"
6208,"0,370,40"
6209,"3,21,301"
6210,"0,458,277"
6211,"3,21,53"
6212,"40,184,3"
6213,"0,308,23"
6214,"3,0,53"
6215,"0,3,10"
6216,"10,23,64"
6217,"0,40,23"
6218,"43,24,23"
6219,"40,160,334"
6220,"0,3,10"
6221,"0,265,488"
6222,"3,40,169"
6223,"40,131,0"
6224,"0,265,418"
6225,"0,220,10"
6226,"0,3,40"
6227,"64,80,10"
6228,"128,40,0"
6229,"0,3,169"
6230,"0,291,3"
6231,"0,271,265"
6232,"3,10,40"
6233,"0,271,213"
6234,"3,296,169"
6235,"3,21,40"
6236,"3,21,28"
6237,"40,23,0"
6238,"23,38,40"
6239,"0,40,23"
6240,"169,170,311"
6241,"131,40,226"
6242,"3,0,120"
6243,"3,40,28"
6244,"0,199,169"
6245,"40,23,3"
6246,"169,40,10"
6247,"21,3,40"
6248,"169,8,311"
6249,"23,38,0"
6250,"40,160,0"
6251,"0,255,480"
6252,"3,40,0"
6253,"3,40,21"
6254,"10,220,296"
6255,"3,169,296"
6256,"138,135,40"
6257,"0,255,265"
6258,"40,3,309"
6259,"0,313,425"
6260,"3,40,0"
6261,"40,160,184"
6262,"0,216,3"
6263,"40,135,3"
6264,"0,40,199"
6265,"3,40,13"
6266,"3,21,40"
6267,"3,40,21"
6268,"0,3,4"
6269,"3,21,40"
6270,"40,184,169"
6271,"3,21,40"
6272,"3,120,217"
6273,"3,120,217"
6274,"11,10,0"
6275,"3,21,28"
6276,"0,213,271"
6277,"11,10,40"
6278,"170,169,24"
6279,"17,3,10"
6280,"0,265,271"
6281,"3,40,4"
6282,"0,3,23"
6283,"3,40,0"
6284,"3,0,28"
6285,"3,21,4"
6286,"0,265,271"
6287,"64,10,93"
6288,"171,199,170"
6289,"40,41,3"
6290,"291,0,271"
6291,"0,3,40"
6292,"24,23,0"
6293,"3,287,53"
6294,"40,0,3"
6295,"0,10,64"
6296,"3,287,53"
6297,"0,265,458"
6298,"138,40,3"
6299,"10,11,40"
6300,"40,3,131"
6301,"40,169,0"
6302,"0,3,208"
6303,"31,10,0"
6304,"0,271,291"
6305,"23,0,3"
6306,"0,3,169"
6307,"3,23,169"
6308,"10,145,11"
6309,"40,3,160"
6310,"24,40,0"
6311,"0,425,3"
6312,"3,21,30"
6313,"169,0,40"
6314,"10,11,145"
6315,"74,118,23"
6316,"0,3,23"
6317,"145,40,10"
6318,"64,80,10"
6319,"64,10,0"
6320,"0,3,111"
6321,"323,23,199"
6322,"0,10,3"
6323,"72,44,145"
6324,"0,265,3"
6325,"128,417,40"
6326,"169,199,426"
6327,"4,3,0"
6328,"169,170,311"
6329,"0,10,220"
6330,"3,17,58"
6331,"3,4,19"
6332,"0,23,3"
6333,"21,3,23"
6334,"10,0,296"
6335,"38,23,0"
6336,"3,15,10"
6337,"3,17,0"
6338,"3,21,53"
6339,"0,23,38"
6340,"3,21,301"
6341,"3,0,120"
6342,"44,40,23"
6343,"323,10,199"
6344,"0,8,3"
6345,"0,213,3"
6346,"145,40,44"
6347,"220,10,0"
6348,"0,23,265"
6349,"111,265,3"
6350,"187,3,169"
6351,"40,160,0"
6352,"0,265,340"
6353,"0,255,271"
6354,"3,40,455"
6355,"0,10,265"
6356,"3,40,120"
6357,"96,3,23"
6358,"3,0,4"
6359,"74,23,283"
6360,"0,3,23"
6361,"169,3,170"
6362,"40,23,0"
6363,"224,40,41"
6364,"3,40,169"
6365,"40,3,23"
6366,"40,160,169"
6367,"40,23,11"
6368,"498,0,288"
6369,"111,40,3"
6370,"40,0,10"
6371,"23,10,3"
6372,"0,334,169"
6373,"40,3,135"
6374,"10,220,0"
6375,"131,40,406"
6376,"3,28,40"
6377,"40,0,23"
6378,"40,3,184"
6379,"3,21,0"
6380,"0,265,340"
6381,"0,265,26"
6382,"0,23,40"
6383,"0,10,220"
6384,"40,3,169"
6385,"0,23,3"
6386,"0,265,457"
6387,"169,426,311"
6388,"0,23,10"
6389,"3,21,111"
6390,"3,40,23"
6391,"10,0,23"
6392,"38,23,0"
6393,"3,0,169"
6394,"40,131,23"
6395,"169,0,3"
6396,"40,3,23"
6397,"0,311,169"
6398,"0,265,271"
6399,"220,10,23"
6400,"10,11,0"
6401,"0,265,271"
6402,"0,3,271"
6403,"3,301,21"
6404,"181,323,3"
6405,"24,43,23"
6406,"0,425,265"
6407,"40,146,3"
6408,"3,0,21"
6409,"0,218,457"
6410,"3,21,0"
6411,"23,40,0"
6412,"16,15,3"
6413,"23,0,40"
6414,"187,3,21"
6415,"3,4,40"
6416,"3,0,271"
6417,"317,74,23"
6418,"170,169,0"
6419,"131,40,0"
6420,"135,40,3"
6421,"3,28,13"
6422,"40,135,131"
6423,"337,199,170"
6424,"40,10,0"
6425,"3,204,13"
6426,"0,271,40"
6427,"40,3,187"
6428,"3,40,41"
6429,"131,40,0"
6430,"0,8,3"
6431,"0,169,426"
6432,"59,265,0"
6433,"49,24,23"
6434,"0,23,38"
6435,"40,184,3"
6436,"23,118,38"
6437,"23,74,38"
6438,"3,40,160"
6439,"3,0,28"
6440,"40,455,0"
6441,"0,3,40"
6442,"169,0,311"
6443,"3,23,0"
6444,"10,40,3"
6445,"3,28,296"
6446,"40,185,184"
6447,"3,4,40"
6448,"3,225,120"
6449,"3,17,21"
6450,"0,40,23"
6451,"40,169,0"
6452,"38,23,0"
6453,"0,8,40"
6454,"145,10,23"
6455,"145,402,40"
6456,"0,23,38"
6457,"3,21,15"
6458,"40,0,3"
6459,"3,170,199"
6460,"10,0,23"
6461,"0,265,40"
6462,"0,3,10"
6463,"3,334,23"
6464,"3,296,169"
6465,"115,3,437"
6466,"23,3,10"
6467,"0,311,169"
6468,"10,23,24"
6469,"40,3,0"
6470,"0,40,3"
6471,"13,3,40"
6472,"43,323,24"
6473,"3,147,120"
6474,"3,455,271"
6475,"131,40,226"
6476,"40,3,41"
6477,"40,3,0"
6478,"0,265,3"
6479,"21,0,3"
6480,"0,3,213"
6481,"40,23,0"
6482,"296,3,169"
6483,"40,0,3"
6484,"328,10,40"
6485,"0,271,255"
6486,"0,3,265"
6487,"3,28,40"
6488,"134,31,131"
6489,"40,23,169"
6490,"3,0,169"
6491,"0,457,271"
6492,"417,169,3"
6493,"3,28,0"
6494,"10,64,3"
6495,"3,0,169"
6496,"64,10,3"
6497,"459,187,3"
6498,"0,23,277"
6499,"251,337,296"
6500,"71,24,38"
6501,"3,0,4"
6502,"0,206,3"
6503,"0,271,3"
6504,"220,221,10"
6505,"0,3,10"
6506,"0,271,455"
6507,"0,459,40"
6508,"11,10,40"
6509,"40,131,0"
6510,"145,44,40"
6511,"3,21,40"
6512,"199,3,111"
6513,"3,0,40"
6514,"10,0,11"
6515,"220,10,221"
6516,"10,0,3"
6517,"40,145,23"
6518,"11,10,0"
6519,"74,303,3"
6520,"40,0,131"
6521,"0,10,220"
6522,"3,53,111"
6523,"3,0,5"
6524,"40,0,38"
6525,"170,171,199"
6526,"0,169,3"
6527,"40,160,3"
6528,"3,28,40"
6529,"3,21,147"
6530,"3,28,21"
6531,"0,23,10"
6532,"0,23,38"
6533,"3,4,160"
6534,"40,3,135"
6535,"0,23,265"
6536,"40,3,21"
6537,"3,21,0"
6538,"3,120,217"
6539,"40,0,131"
6540,"40,402,145"
6541,"40,131,0"
6542,"0,3,169"
6543,"0,3,271"
6544,"3,108,21"
6545,"309,169,3"
6546,"10,0,23"
6547,"40,160,3"
6548,"40,334,160"
6549,"40,186,128"
6550,"0,40,271"
6551,"0,23,265"
6552,"0,370,23"
6553,"64,10,40"
6554,"0,10,23"
6555,"3,111,40"
6556,"0,135,265"
6557,"171,199,170"
6558,"23,0,3"
6559,"0,296,3"
6560,"3,311,169"
6561,"10,40,0"
6562,"23,0,199"
6563,"40,23,31"
6564,"40,0,23"
6565,"38,0,40"
6566,"3,0,40"
6567,"3,21,0"
6568,"3,17,21"
6569,"0,277,40"
6570,"0,265,457"
6571,"0,8"
6572,"23,38,0"
6573,"0,23,417"
6574,"23,40,3"
6575,"40,3,0"
6576,"0,1,271"
6577,"10,145,3"
6578,"0,40,277"
6579,"0,431,265"
6580,"38,23,94"
6581,"0,265,418"
6582,"131,40,406"
6583,"40,160,3"
6584,"40,151,184"
6585,"40,23,74"
6586,"3,0,40"
6587,"40,3,23"
6588,"10,220,0"
6589,"0,3,23"
6590,"0,23,38"
6591,"40,3,0"
6592,"40,135,3"
6593,"220,0,10"
6594,"40,3,145"
6595,"63,38,23"
6596,"0,218,23"
6597,"3,40,160"
6598,"4,3,0"
6599,"220,10,0"
6600,"23,38,0"
6601,"23,40,145"
6602,"3,300,296"
6603,"10,23,64"
6604,"41,40,3"
6605,"21,3,169"
6606,"3,40,160"
6607,"431,259,426"
6608,"3,23,28"
6609,"64,10,93"
6610,"3,147,111"
6611,"0,271,265"
6612,"3,40,23"
6613,"265,0,425"
6614,"169,0,3"
6615,"138,40,135"
6616,"3,4,0"
6617,"131,40,406"
6618,"250,40,135"
6619,"187,3,21"
6620,"3,5,40"
6621,"38,23,264"
6622,"0,211,3"
6623,"0,458,277"
6624,"0,23,3"
6625,"10,40,0"
6626,"40,135,0"
6627,"40,23,0"
6628,"0,372,3"
6629,"3,169,23"
6630,"0,8,271"
6631,"255,0,480"
6632,"3,40,21"
6633,"0,265,277"
6634,"0,3,271"
6635,"38,23,40"
6636,"8,308,0"
6637,"3,21,17"
6638,"0,23,308"
6639,"64,80,10"
6640,"3,120,0"
6641,"0,271,277"
6642,"3,169,0"
6643,"0,40,3"
6644,"40,3,131"
6645,"23,3,0"
6646,"145,0,71"
6647,"170,199,0"
6648,"40,169,0"
6649,"3,4,0"
6650,"0,3,40"
6651,"0,145,40"
6652,"40,41,3"
6653,"0,23,277"
6654,"317,74,23"
6655,"3,30,0"
6656,"3,23,40"
6657,"23,0,38"
6658,"3,169,0"
6659,"187,3,21"
6660,"220,221,0"
6661,"24,145,23"
6662,"23,40,10"
6663,"40,128,3"
6664,"0,265,220"
6665,"3,0,21"
6666,"0,271,265"
6667,"15,16,3"
6668,"0,40,131"
6669,"40,23,74"
6670,"40,135,0"
6671,"23,0,38"
6672,"0,23,3"
6673,"10,23,0"
6674,"0,3,23"
6675,"31,96,328"
6676,"64,10,0"
6677,"169,3,40"
6678,"40,23,3"
6679,"0,480,255"
6680,"0,216,3"
6681,"40,169,23"
6682,"169,3,40"
6683,"0,40,10"
6684,"3,40,21"
6685,"138,135,40"
6686,"160,40,334"
6687,"3,21,300"
6688,"370,0,44"
6689,"271,0,291"
6690,"3,393,40"
6691,"40,131,3"
6692,"0,265,169"
6693,"3,21,40"
6694,"0,265,271"
6695,"3,0,120"
6696,"3,0,111"
6697,"3,0,23"
6698,"40,135,131"
6699,"3,21,0"
6700,"3,169,40"
6701,"0,3,10"
6702,"40,250,135"
6703,"0,23,3"
6704,"3,21,40"
6705,"0,23,38"
6706,"3,13,10"
6707,"40,0,23"
6708,"3,0,15"
6709,"3,199,323"
6710,"0,355,8"
6711,"10,3,0"
6712,"3,21,169"
6713,"40,169,3"
6714,"175,23,40"
6715,"3,0,277"
6716,"0,23,3"
6717,"40,3,10"
6718,"0,265,8"
6719,"0,265,8"
6720,"23,296,3"
6721,"23,38,40"
6722,"11,10,23"
6723,"23,38,10"
6724,"220,0,10"
6725,"40,135,3"
6726,"311,169,3"
6727,"0,271,40"
6728,"3,0,40"
6729,"131,40,0"
6730,"0,271,3"
6731,"170,171,199"
6732,"3,21,0"
6733,"3,21,0"
6734,"10,0,145"
6735,"0,8,23"
6736,"40,169,3"
6737,"10,0,220"
6738,"0,220,10"
6739,"3,120,85"
6740,"0,3,265"
6741,"40,135,169"
6742,"0,23,24"
6743,"10,0,3"
6744,"0,38,82"
6745,"3,452,169"
6746,"74,23,40"
6747,"3,40,169"
6748,"3,40,0"
6749,"3,0,23"
6750,"3,111,0"
6751,"0,271,291"
6752,"40,3,160"
6753,"40,3,41"
6754,"3,0,23"
6755,"296,169,3"
6756,"220,10,221"
6757,"40,3,23"
6758,"3,17,187"
6759,"3,36,0"
6760,"23,0,26"
6761,"10,11,0"
6762,"3,0,169"
6763,"0,8,23"
6764,"3,0,53"
6765,"3,0,40"
6766,"0,271,265"
6767,"0,10,145"
6768,"220,3,0"
6769,"0,3,10"
6770,"3,271,317"
6771,"0,296,169"
6772,"118,23,0"
6773,"40,160,455"
6774,"3,21,182"
6775,"3,4,0"
6776,"3,187,21"
6777,"296,169,411"
6778,"40,128,0"
6779,"0,271,8"
6780,"3,10,53"
6781,"40,131,135"
6782,"23,3,74"
6783,"169,40,199"
6784,"40,145,10"
6785,"0,265,255"
6786,"10,220,221"
6787,"40,271,0"
6788,"0,3,23"
6789,"169,3,40"
6790,"0,8,3"
6791,"40,54,3"
6792,"0,271,40"
6793,"0,425,265"
6794,"3,0,60"
6795,"0,355,271"
6796,"0,431,23"
6797,"63,0,23"
6798,"3,21,0"
6799,"3,364,4"
6800,"3,4,21"
6801,"71,38,24"
6802,"3,21,40"
6803,"0,271"
6804,"90,10,489"
6805,"0,3,23"
6806,"10,25,23"
6807,"0,169,3"
6808,"169,0,3"
6809,"3,34,0"
6810,"0,265,271"
6811,"40,3,21"
6812,"3,40,21"
6813,"3,51,21"
6814,"3,0,4"
6815,"10,11,0"
6816,"3,40,17"
6817,"169,3,40"
6818,"3,28,21"
6819,"3,40,21"
6820,"0,271,265"
6821,"0,265,3"
6822,"0,3,40"
6823,"40,41,145"
6824,"0,265,271"
6825,"10,64,80"
6826,"40,311,23"
6827,"40,131,0"
6828,"0,23,3"
6829,"10,64,3"
6830,"0,3,23"
6831,"170,24,3"
6832,"3,508,40"
6833,"3,21,53"
6834,"3,0,40"
6835,"40,3,184"
6836,"3,4,0"
6837,"64,10,80"
6838,"40,3,23"
6839,"40,0,3"
6840,"0,220,10"
6841,"169,3,0"
6842,"38,23,24"
6843,"38,23,0"
6844,"3,40,21"
6845,"0,271,265"
6846,"0,10,3"
6847,"187,3,21"
6848,"3,0,498"
6849,"3,40,10"
6850,"3,120,40"
6851,"23,3,0"
6852,"10,23,145"
6853,"0,369,3"
6854,"71,24,38"
6855,"3,169,21"
6856,"3,40,169"
6857,"3,0,21"
6858,"0,8,265"
6859,"0,498,288"
6860,"3,0,40"
6861,"3,40,169"
6862,"3,147,156"
6863,"0,448,277"
6864,"0,3,11"
6865,"40,0,3"
6866,"169,40,3"
6867,"10,0,23"
6868,"0,265,271"
6869,"10,64,80"
6870,"3,0,28"
6871,"40,3,0"
6872,"131,40,226"
6873,"0,23,169"
6874,"0,271,3"
6875,"0,23,26"
6876,"0,3,265"
6877,"40,160,0"
6878,"3,0,337"
6879,"3,21,28"
6880,"0,458,8"
6881,"372,0,255"
6882,"169,40,0"
6883,"0,3,23"
6884,"0,218,271"
6885,"169,296,3"
6886,"40,3,23"
6887,"323,199,170"
6888,"40,160,3"
6889,"145,23,0"
6890,"0,265,3"
6891,"23,40,0"
6892,"0,8,23"
6893,"0,213,271"
6894,"38,23,0"
6895,"323,170,199"
6896,"0,40,3"
6897,"0,340,265"
6898,"3,21,0"
6899,"40,128,130"
6900,"417,169,23"
6901,"10,0,3"
6902,"3,0,40"
6903,"0,10,3"
6904,"23,38,0"
6905,"8,308,23"
6906,"74,303,23"
6907,"3,28,0"
6908,"118,23,74"
6909,"145,402,24"
6910,"0,40,498"
6911,"0,3,16"
6912,"171,131,170"
6913,"131,40,406"
6914,"0,265,8"
6915,"0,23,38"
6916,"317,74,23"
6917,"23,40,169"
6918,"328,31,60"
6919,"40,0,3"
6920,"3,28,4"
6921,"0,10,3"
6922,"3,21,15"
6923,"118,74,23"
6924,"23,74,3"
6925,"271,0,3"
6926,"38,23,0"
6927,"220,10,221"
6928,"0,271,255"
6929,"23,38,3"
6930,"3,17,0"
6931,"64,10,23"
6932,"40,135,0"
6933,"0,169,251"
6934,"0,10,40"
6935,"3,0,40"
6936,"3,40,169"
6937,"0,38,23"
6938,"3,0,21"
6939,"0,10,265"
6940,"23,0,3"
6941,"265,0,418"
6942,"145,54,10"
6943,"170,199,0"
6944,"3,4,53"
6945,"0,3,40"
6946,"169,40,170"
6947,"0,271,265"
6948,"225,3,120"
6949,"0,6,3"
6950,"3,4,174"
6951,"10,64,93"
6952,"0,23,40"
6953,"311,3,169"
6954,"0,10,265"
6955,"0,10,64"
6956,"0,3,220"
6957,"3,0,53"
6958,"220,0,10"
6959,"0,271,169"
6960,"3,21,30"
6961,"3,300,21"
6962,"0,23,40"
6963,"4,3,7"
6964,"334,40,160"
6965,"0,271,3"
6966,"0,8,3"
6967,"23,38,0"
6968,"366,0,370"
6969,"0,40,3"
6970,"3,518,21"
6971,"21,3,40"
6972,"40,169,131"
6973,"402,40,38"
6974,"38,71,24"
6975,"40,169,437"
6976,"220,10,221"
6977,"3,0,17"
6978,"3,0,265"
6979,"0,265,369"
6980,"40,3,36"
6981,"10,40,3"
6982,"10,64,23"
6983,"64,93,10"
6984,"40,3,21"
6985,"40,135,41"
6986,"23,40,169"
6987,"3,169,0"
6988,"40,160,3"
6989,"170,169,271"
6990,"40,170,169"
6991,"0,169,23"
6992,"224,41,40"
6993,"296,169,3"
6994,"38,23,39"
6995,"3,40,53"
6996,"3,0,21"
6997,"40,3,0"
6998,"0,169,296"
6999,"131,134,40"
7000,"64,10,93"
7001,"10,90,64"
7002,"455,0,40"
7003,"93,64,10"
7004,"3,0,40"
7005,"40,128,3"
7006,"296,169,3"
7007,"3,40,135"
7008,"3,40,21"
7009,"3,4,40"
7010,"3,4,23"
7011,"131,40,0"
7012,"3,21,0"
7013,"40,23,0"
7014,"0,40,271"
7015,"0,32,31"
7016,"10,11,44"
7017,"0,271,265"
7018,"17,3,320"
7019,"111,3,21"
7020,"0,3,23"
7021,"31,10,23"
7022,"40,3,151"
7023,"10,40,64"
7024,"0,38,23"
7025,"3,0,111"
7026,"40,296,3"
7027,"0,3,265"
7028,"0,271,255"
7029,"40,3,296"
7030,"40,296,169"
7031,"3,296,169"
7032,"3,40,21"
7033,"0,26,23"
7034,"0,271,265"
7035,"10,3,40"
7036,"145,44,10"
7037,"3,21,265"
7038,"40,184,131"
7039,"0,3,10"
7040,"3,169,40"
7041,"40,3,23"
7042,"40,323,199"
7043,"10,64"
7044,"43,24,10"
7045,"135,138,40"
7046,"145,402,23"
7047,"10,0,23"
7048,"3,21,40"
7049,"3,40,21"
7050,"0,1,2"
7051,"169,0,3"
7052,"0,8,265"
7053,"0,498,10"
7054,"40,160,128"
7055,"169,311,3"
7056,"0,40,23"
7057,"0,23,38"
7058,"3,0,53"
7059,"0,23,3"
7060,"3,0,21"
7061,"3,53,4"
7062,"74,317,23"
7063,"40,251,337"
7064,"0,8,23"
7065,"0,40,3"
7066,"0,458,291"
7067,"220,10,221"
7068,"169,3,40"
7069,"0,38,458"
7070,"0,23,199"
7071,"169,296,3"
7072,"175,128,23"
7073,"0,458,277"
7074,"3,40,23"
7075,"0,10,220"
7076,"265,0,488"
7077,"10,0,199"
7078,"3,23,0"
7079,"0,169,23"
7080,"3,17,0"
7081,"145,402,40"
7082,"0,40,10"
7083,"296,40,170"
7084,"0,271,8"
7085,"3,40,0"
7086,"38,23,40"
7087,"23,74,317"
7088,"24,23,145"
7089,"3,21,0"
7090,"3,4,0"
7091,"300,10,296"
7092,"23,105,10"
7093,"3,40,0"
7094,"3,40,0"
7095,"145,10,40"
7096,"3,40,41"
7097,"10,220,221"
7098,"0,3,111"
7099,"40,10,218"
7100,"0,410,8"
7101,"31,32,0"
7102,"0,23,10"
7103,"296,169,3"
7104,"23,40,3"
7105,"40,152,151"
7106,"0,313,346"
7107,"265,0,40"
7108,"10,221,220"
7109,"23,40,3"
7110,"10,0,40"
7111,"118,74,23"
7112,"40,169,3"
7113,"0,40,169"
7114,"3,40,160"
7115,"0,23,218"
7116,"40,3,23"
7117,"43,40,199"
7118,"10,23,25"
7119,"0,131,40"
7120,"40,0,3"
7121,"145,0,40"
7122,"0,271"
7123,"138,135,40"
7124,"3,40,169"
7125,"31,10,3"
7126,"40,0,3"
7127,"3,21,40"
7128,"263,0,10"
7129,"64,93,10"
7130,"3,0,21"
7131,"0,265,488"
7132,"40,109,11"
7133,"0,265,340"
7134,"64,10,0"
7135,"0,313,271"
7136,"0,265,169"
7137,"0,3,10"
7138,"3,0,169"
7139,"3,169,28"
7140,"3,40,21"
7141,"40,0,8"
7142,"3,10,105"
7143,"220,10,0"
7144,"311,169,0"
7145,"169,0,296"
7146,"23,38,0"
7147,"0,265,271"
7148,"40,3,160"
7149,"146,145,3"
7150,"3,320,17"
7151,"3,0,169"
7152,"0,63,40"
7153,"3,169,0"
7154,"0,265,458"
7155,"44,145,0"
7156,"3,0,40"
7157,"3,0,23"
7158,"3,0,21"
7159,"0,3,169"
7160,"40,160,3"
7161,"0,291,271"
7162,"171,199,170"
7163,"3,0,53"
7164,"40,135,3"
7165,"169,0,40"
7166,"311,3,169"
7167,"0,64,10"
7168,"40,3,0"
7169,"3,21,265"
7170,"0,23,10"
7171,"160,40"
7172,"40,160,0"
7173,"3,4"
7174,"0,313,40"
7175,"3,15,0"
7176,"0,40,3"
7177,"3,21,0"
7178,"0,255,271"
7179,"0,265,3"
7180,"138,135,40"
7181,"23,0,131"
7182,"40,3,128"
7183,"8,308,0"
7184,"296,169,3"
7185,"0,271,10"
7186,"0,271,265"
7187,"3,111,296"
7188,"64,10,40"
7189,"0,111,265"
7190,"3,0,53"
7191,"3,21,0"
7192,"10,23,40"
7193,"131,40,486"
7194,"40,3,0"
7195,"0,514,8"
7196,"160,40,3"
7197,"3,0,169"
7198,"40,160,3"
7199,"40,145,44"
7200,"457,0,218"
7201,"40,169,0"
7202,"64,10,23"
7203,"0,3,216"
7204,"40,63,38"
7205,"40,23,3"
7206,"145,40,0"
7207,"0,3,271"
7208,"3,0,21"
7209,"0,23,40"
7210,"3,4,0"
7211,"3,0,15"
7212,"3,4,111"
7213,"40,0,3"
7214,"0,23,170"
7215,"10,3,0"
7216,"3,21,53"
7217,"135,138,169"
7218,"40,169,135"
7219,"64,10,93"
7220,"0,10,220"
7221,"3,23,40"
7222,"402,23,145"
7223,"40,3,170"
7224,"220,10,0"
7225,"138,374,170"
7226,"3,21,40"
7227,"340,0,265"
7228,"3,204,13"
7229,"40,131"
7230,"3,169,40"
7231,"40,0,131"
7232,"0,265,23"
7233,"74,40,23"
7234,"3,34,187"
7235,"0,23,3"
7236,"0,40,3"
7237,"0,40,265"
7238,"3,21"
7239,"3,21,34"
7240,"3,10,13"
7241,"0,3,40"
7242,"3,15,23"
7243,"0,169,444"
7244,"23,3,452"
7245,"3,21,4"
7246,"160,40,334"
7247,"3,28,301"
7248,"146,40,3"
7249,"23,40,38"
7250,"0,3,311"
7251,"156,3,147"
7252,"52,51,3"
7253,"0,3,296"
7254,"40,23,514"
7255,"0,10,220"
7256,"3,40,0"
7257,"3,0,169"
7258,"3,169,311"
7259,"0,3,40"
7260,"43,24,23"
7261,"3,0,4"
7262,"23,31,40"
7263,"40,162,3"
7264,"0,366,271"
7265,"0,296,169"
7266,"0,23,8"
7267,"0,271,265"
7268,"3,401,21"
7269,"40,3,169"
7270,"3,21,23"
7271,"3,34,263"
7272,"3,0,21"
7273,"40,3,41"
7274,"3,115,40"
7275,"0,271,3"
7276,"0,169,38"
7277,"170,199,23"
7278,"40,23,131"
7279,"40,151,152"
7280,"3,0,265"
7281,"3,4,0"
7282,"40,395,396"
7283,"0,23,38"
7284,"0,265,288"
7285,"3,147,225"
7286,"265,0,349"
7287,"0,169,3"
7288,"3,0,21"
7289,"0,169,10"
7290,"3,0,40"
7291,"40,146,3"
7292,"3,0,291"
7293,"3,40,21"
7294,"131,241,40"
7295,"3,0,265"
7296,"0,288,498"
7297,"40,0,24"
7298,"0,265,340"
7299,"23,0,26"
7300,"40,0,10"
7301,"3,0,64"
7302,"0,169,3"
7303,"0,11,10"
7304,"0,3,169"
7305,"38,71,24"
7306,"3,58,17"
7307,"3,0,40"
7308,"323,23,40"
7309,"3,169,40"
7310,"3,0,30"
7311,"3,4,40"
7312,"10,11,0"
7313,"170,199,323"
7314,"0,265,271"
7315,"0,340,265"
7316,"131,406,40"
7317,"3,320,40"
7318,"40,0,23"
7319,"0,169,296"
7320,"0,23,118"
7321,"40,138,135"
7322,"40,23,0"
7323,"3,311,169"
7324,"0,271,3"
7325,"0,23,417"
7326,"0,23,38"
7327,"3,21,265"
7328,"431,259,426"
7329,"0,265,26"
7330,"3,21,53"
7331,"0,291,3"
7332,"40,41,3"
7333,"0,40,3"
7334,"0,271,265"
7335,"0,169,8"
7336,"169,0,3"
7337,"74,23,175"
7338,"0,3,10"
7339,"40,23,3"
7340,"3,64,10"
7341,"23,38,40"
7342,"40,160,334"
7343,"3,21,40"
7344,"171,199,170"
7345,"160,40,3"
7346,"40,3,145"
7347,"3,34,187"
7348,"0,23,169"
7349,"3,21,169"
7350,"40,283,74"
7351,"0,218,271"
7352,"74,23,317"
7353,"131,40,486"
7354,"340,0,265"
7355,"0,10,64"
7356,"3,0,13"
7357,"17,3,169"
7358,"3,21,120"
7359,"3,0,271"
7360,"8,0,514"
7361,"3,100,0"
7362,"131,40,0"
7363,"3,4,0"
7364,"40,3,160"
7365,"10,3,64"
7366,"169,311,3"
7367,"40,23,118"
7368,"3,17,40"
7369,"40,23,334"
7370,"0,216,458"
7371,"0,255,40"
7372,"16,3,15"
7373,"3,23,40"
7374,"3,21,301"
7375,"40,23,3"
7376,"44,3,145"
7377,"10,23,24"
7378,"40,131,0"
7379,"3,4,21"
7380,"169,0,3"
7381,"40,3,0"
7382,"220,10,221"
7383,"3,0,21"
7384,"0,457,218"
7385,"0,216,3"
7386,"3,4,0"
7387,"11,10,0"
7388,"40,3,23"
7389,"3,40,111"
7390,"21,3,40"
7391,"40,0,3"
7392,"0,10,3"
7393,"271,63,0"
7394,"0,271,40"
7395,"3,0,40"
7396,"40,74,3"
7397,"3,364,28"
7398,"10,0,40"
7399,"0,40,89"
7400,"0,145,23"
7401,"23,0,3"
7402,"64,38,10"
7403,"0,169,40"
7404,"40,139,131"
7405,"10,64,80"
7406,"40,160,3"
7407,"0,291,271"
7408,"169,3,40"
7409,"10,0,3"
7410,"3,0,40"
7411,"40,3,38"
7412,"40,135,244"
7413,"3,34,263"
7414,"3,225,120"
7415,"160,334,10"
7416,"0,10,265"
7417,"135,0,3"
7418,"131,40,0"
7419,"182,3,21"
7420,"509,3,90"
7421,"187,21,3"
7422,"0,3,23"
7423,"10,64,0"
7424,"0,23,38"
7425,"3,21,17"
7426,"0,265,376"
7427,"0,271,265"
7428,"3,28,0"
7429,"0,3,271"
7430,"0,40,3"
7431,"0,23,3"
7432,"459,169,170"
7433,"3,23,21"
7434,"3,1,0"
7435,"40,0,169"
7436,"3,40"
7437,"10,24,23"
7438,"0,271"
7439,"3,23,40"
7440,"0,355,271"
7441,"0,11,10"
7442,"169,311,426"
7443,"0,3,265"
7444,"40,0,3"
7445,"3,40,23"
7446,"23,0,8"
7447,"3,0,40"
7448,"3,21,28"
7449,"0,265,40"
7450,"40,3,0"
7451,"3,21,40"
7452,"38,23,40"
7453,"3,21,265"
7454,"0,218,457"
7455,"3,6,5"
7456,"40,0,3"
7457,"10,40,64"
7458,"169,296,23"
7459,"10,3,145"
7460,"0,23,26"
7461,"3,0,168"
7462,"0,3,10"
7463,"3,40,21"
7464,"374,0,169"
7465,"3,0,17"
7466,"40,169,3"
7467,"0,23,317"
7468,"40,0,23"
7469,"3,28,4"
7470,"31,23,40"
7471,"63,169,23"
7472,"311,169,3"
7473,"0,31,40"
7474,"0,3,277"
7475,"16,15,3"
7476,"40,160,3"
7477,"138,169,135"
7478,"24,265,23"
7479,"0,265,271"
7480,"3,21,40"
7481,"10,40,0"
7482,"169,40,135"
7483,"3,287,0"
7484,"0,265,271"
7485,"64,10,448"
7486,"216,0,319"
7487,"40,0,131"
7488,"0,3,271"
7489,"40,0,131"
7490,"3,52,51"
7491,"40,3,41"
7492,"40,38,3"
7493,"220,10,3"
7494,"0,265,340"
7495,"40,38,0"
7496,"40,3,21"
7497,"220,221,10"
7498,"0,23,3"
7499,"169,199,3"
7500,"3,0,4"
7501,"0,271,265"
7502,"0,11,265"
7503,"0,277,265"
7504,"0,169,10"
7505,"0,38,23"
7506,"23,0,3"
7507,"3,21,182"
7508,"171,170,199"
7509,"23,74,317"
7510,"3,23,40"
7511,"40,0,38"
7512,"0,265,169"
7513,"334,160,23"
7514,"0,3,23"
7515,"40,3,320"
7516,"3,0,21"
7517,"40,169,3"
7518,"291,271,0"
7519,"40,3,0"
7520,"220,10,0"
7521,"23,38,0"
7522,"23,0,40"
7523,"169,311,3"
7524,"0,265,271"
7525,"40,23,0"
7526,"3,21,53"
7527,"40,135,3"
7528,"3,111,15"
7529,"169,40,296"
7530,"3,169,23"
7531,"10,0,3"
7532,"40,145,146"
7533,"3,17,0"
7534,"3,0,169"
7535,"40,25,0"
7536,"10,64,3"
7537,"40,317,41"
7538,"3,0,34"
7539,"0,8,3"
7540,"135,40,3"
7541,"3,40,21"
7542,"40,3,21"
7543,"291,0,3"
7544,"0,366,480"
7545,"3,21,0"
7546,"8,308,514"
7547,"0,3,40"
7548,"0,271,255"
7549,"72,10,145"
7550,"3,40,0"
7551,"0,265,340"
7552,"3,21,265"
7553,"16,3,15"
7554,"0,10,218"
7555,"0,498,288"
7556,"290,0,3"
7557,"3,4,34"
7558,"40,0,3"
7559,"169,170,459"
7560,"3,111,40"
7561,"3,169,40"
7562,"0,169,265"
7563,"323,199,170"
7564,"3,15,16"
7565,"3,296,0"
7566,"10,220,0"
7567,"0,206,8"
7568,"220,10,0"
7569,"3,86,85"
7570,"64,10,93"
7571,"3,40,21"
7572,"71,24,145"
7573,"3,0,498"
7574,"40,3,0"
7575,"0,23,38"
7576,"3,0,169"
7577,"40,131,0"
7578,"169,296,199"
7579,"0,3,265"
7580,"23,0,40"
7581,"0,10,3"
7582,"0,216,271"
7583,"3,21,23"
7584,"40,131,23"
7585,"0,3,169"
7586,"3,21,0"
7587,"43,0,24"
7588,"3,0,30"
7589,"145,40,402"
7590,"3,53,23"
7591,"40,300,131"
7592,"3,21,40"
7593,"3,111,0"
7594,"3,16,15"
7595,"0,3,265"
7596,"323,199,40"
7597,"40,220,10"
7598,"40,0,23"
7599,"38,24,23"
7600,"281,169,23"
7601,"170,199,40"
7602,"23,38,0"
7603,"40,3,160"
7604,"3,23,0"
7605,"0,271,265"
7606,"0,8,23"
7607,"3,4,147"
7608,"425,0,265"
7609,"40,0,3"
7610,"0,40,169"
7611,"3,21,0"
7612,"265,10,0"
7613,"0,23,40"
7614,"10,3,11"
7615,"271,0,355"
7616,"0,10,40"
7617,"10,0,376"
7618,"3,21,34"
7619,"3,40,10"
7620,"323,199,170"
7621,"0,10,23"
7622,"40,23,131"
7623,"3,21,40"
7624,"171,170,199"
7625,"0,40,271"
7626,"3,455,271"
7627,"3,0,17"
7628,"21,3,182"
7629,"40,160,0"
7630,"296,3,169"
7631,"3,111,0"
7632,"40,23,10"
7633,"0,10,220"
7634,"89,26,0"
7635,"3,0,21"
7636,"40,3,23"
7637,"0,23,288"
7638,"431,259,426"
7639,"3,40,0"
7640,"3,40,10"
7641,"290,334,0"
7642,"0,271,277"
7643,"40,0,3"
7644,"265,0,3"
7645,"74,317,40"
7646,"3,5,21"
7647,"255,0,40"
7648,"175,40,0"
7649,"0,265,40"
7650,"169,40,296"
7651,"220,10,221"
7652,"160,40"
7653,"40,300,21"
7654,"64,10,0"
7655,"26,0,23"
7656,"3,23,145"
7657,"15,3,16"
7658,"40,128,175"
7659,"3,169,17"
7660,"3,17,40"
7661,"40,0,23"
7662,"220,10,221"
7663,"71,24,38"
7664,"199,170,23"
7665,"40,131,0"
7666,"40,169,311"
7667,"3,168,29"
7668,"3,296,169"
7669,"3,5,21"
7670,"0,265,271"
7671,"0,199,171"
7672,"0,10,220"
7673,"220,10,221"
7674,"459,170,40"
7675,"3,23,40"
7676,"40,128,23"
7677,"23,10,40"
7678,"10,23,169"
7679,"3,21"
7680,"3,21,40"
7681,"199,170,0"
7682,"0,131,40"
7683,"0,23,38"
7684,"3,21"
7685,"0,288,498"
7686,"265,0,488"
7687,"3,111,0"
7688,"135,138,40"
7689,"3,40,23"
7690,"3,21,111"
7691,"138,135,40"
7692,"40,3,23"
7693,"0,40,23"
7694,"3,17,0"
7695,"0,10,23"
7696,"0,3,271"
7697,"3,0,23"
7698,"40,3,135"
7699,"40,3,0"
7700,"40,169,23"
7701,"23,0,40"
7702,"169,40,3"
7703,"64,10,448"
7704,"38,0,23"
7705,"21,0,265"
7706,"0,3,40"
7707,"120,225,156"
7708,"0,10,23"
7709,"40,3,0"
7710,"40,160,0"
7711,"417,23,38"
7712,"3,0,21"
7713,"38,23,40"
7714,"0,277,458"
7715,"24,40,23"
7716,"0,3,265"
7717,"40,334,160"
7718,"402,145,40"
7719,"3,0,23"
7720,"40,131,3"
7721,"0,10,217"
7722,"3,40,21"
7723,"118,23,74"
7724,"3,0,175"
7725,"498,288,0"
7726,"3,40,41"
7727,"10,0,23"
7728,"40,146,41"
7729,"3,40,307"
7730,"3,40,21"
7731,"171,169,199"
7732,"3,17,320"
7733,"23,0,38"
7734,"64,10,0"
7735,"0,265,199"
7736,"38,23,3"
7737,"3,0,21"
7738,"40,3,160"
7739,"17,3,58"
7740,"0,3,271"
7741,"290,0,111"
7742,"3,74,40"
7743,"3,120,53"
7744,"34,3,263"
7745,"3,51,52"
7746,"224,40,41"
7747,"3,21,30"
7748,"448,64,0"
7749,"3,40,41"
7750,"10,145,3"
7751,"4,3,7"
7752,"0,265,271"
7753,"3,40,53"
7754,"265,0"
7755,"0,3,17"
7756,"300,3,296"
7757,"0,169,10"
7758,"3,23,31"
7759,"23,0,31"
7760,"145,23,38"
7761,"0,265,271"
7762,"40,145,0"
7763,"0,23,8"
7764,"0,40,23"
7765,"16,15,3"
7766,"64,0,10"
7767,"3,0,10"
7768,"3,0,217"
7769,"135,40,3"
7770,"0,3,23"
7771,"3,518,120"
7772,"3,40,23"
7773,"337,251,296"
7774,"0,277,1"
7775,"0,8"
7776,"3,53,523"
7777,"0,23,38"
7778,"131,134,40"
7779,"169,296,300"
7780,"11,10,3"
7781,"3,40,21"
7782,"23,24,0"
7783,"0,169,311"
7784,"3,0,111"
7785,"220,10,0"
7786,"3,41,40"
7787,"23,8,38"
7788,"3,0,169"
7789,"3,0,23"
7790,"0,23,38"
7791,"40,10,11"
7792,"3,41,40"
7793,"265,0,3"
7794,"10,0,220"
7795,"3,40,111"
7796,"0,220,265"
7797,"169,311,296"
7798,"169,296,40"
7799,"38,23,0"
7800,"40,3,241"
7801,"72,0,24"
7802,"40,23,131"
7803,"40,3,0"
7804,"3,17,0"
7805,"3,17,15"
7806,"40,3,131"
7807,"3,0,182"
7808,"0,3,160"
7809,"3,10,17"
7810,"0,265,3"
7811,"3,28,21"
7812,"0,10,23"
7813,"0,169,271"
7814,"0,271,169"
7815,"40,41,3"
7816,"3,0,21"
7817,"10,90,64"
7818,"3,21,40"
7819,"135,40,0"
7820,"64,10,3"
7821,"71,38,24"
7822,"0,265,488"
7823,"296,23,169"
7824,"16,15,3"
7825,"3,0,53"
7826,"0,431,169"
7827,"0,265,271"
7828,"0,40,23"
7829,"457,218,0"
7830,"38,23,40"
7831,"169,3,426"
7832,"271,0,455"
7833,"40,145,10"
7834,"3,4,169"
7835,"169,311,3"
7836,"0,23,24"
7837,"251,337,296"
7838,"0,40,265"
7839,"0,3,145"
7840,"3,0,21"
7841,"23,38,0"
7842,"0,40,271"
7843,"3,28,169"
7844,"0,265,271"
7845,"323,199,170"
7846,"40,131,241"
7847,"40,151,160"
7848,"3,21,10"
7849,"3,0,21"
7850,"3,40,21"
7851,"3,40,0"
7852,"40,128,23"
7853,"0,265,38"
7854,"0,291,271"
7855,"0,169,23"
7856,"40,0,44"
7857,"0,10,145"
7858,"334,40,160"
7859,"265,0,271"
7860,"0,271,265"
7861,"4,3,19"
7862,"23,74,3"
7863,"40,146,3"
7864,"3,263,311"
7865,"3,40,0"
7866,"23,145,40"
7867,"49,0,265"
7868,"0,271,169"
7869,"3,0,340"
7870,"64,10,93"
7871,"265,0,40"
7872,"3,40,0"
7873,"40,3,169"
7874,"0,3,271"
7875,"3,0,291"
7876,"23,3,0"
7877,"64,90,10"
7878,"40,135,244"
7879,"0,40,3"
7880,"40,3,34"
7881,"265,0,3"
7882,"64,10,3"
7883,"181,0,265"
7884,"40,135,138"
7885,"0,169,288"
7886,"17,320,3"
7887,"3,53,160"
7888,"265,0,349"
7889,"3,0,23"
7890,"3,0"
7891,"0,480,1"
7892,"60,234,10"
7893,"0,458,277"
7894,"3,160,21"
7895,"3,13,10"
7896,"40,135,74"
7897,"170,199,169"
7898,"40,160,271"
7899,"3,21,0"
7900,"0,265,320"
7901,"0,3,271"
7902,"0,265,271"
7903,"8,0,410"
7904,"3,169,17"
7905,"3,0,53"
7906,"171,170,199"
7907,"3,0,263"
7908,"311,169,3"
7909,"40,23,0"
7910,"3,199,311"
7911,"0,38,40"
7912,"23,74,40"
7913,"0,265,271"
7914,"199,3,170"
7915,"3,169,296"
7916,"3,111,53"
7917,"40,0,199"
7918,"23,10,44"
7919,"337,251,169"
7920,"0,296,169"
7921,"0,3,10"
7922,"169,0,3"
7923,"40,145,3"
7924,"3,0,169"
7925,"0,40,23"
7926,"10,64,3"
7927,"40,23,131"
7928,"23,0,3"
7929,"131,40,0"
7930,"0,265,271"
7931,"3,13,204"
7932,"265,0,488"
7933,"3,0,271"
7934,"3,21,120"
7935,"0,169,3"
7936,"202,3,139"
7937,"0,8,308"
7938,"10,23,0"
7939,"3,291,15"
7940,"3,40,0"
7941,"0,3,23"
7942,"0,3,10"
7943,"431,135,3"
7944,"40,0,128"
7945,"0,271,23"
7946,"169,3,311"
7947,"10,0,40"
7948,"135,138,40"
7949,"0,265,10"
7950,"23,0,38"
7951,"3,0,21"
7952,"4,3,0"
7953,"40,0,131"
7954,"0,271,213"
7955,"40,160,3"
7956,"3,21,111"
7957,"0,40,145"
7958,"40,265,131"
7959,"265,0,349"
7960,"3,169,0"
7961,"0,265,271"
7962,"0,10,145"
7963,"3,4,160"
7964,"3,169,23"
7965,"13,3,204"
7966,"3,0,15"
7967,"3,28,364"
7968,"23,40,0"
7969,"3,53,40"
7970,"40,3,135"
7971,"135,40,3"
7972,"131,40,0"
7973,"3,40,120"
7974,"0,271,265"
7975,"23,8,514"
7976,"23,38,10"
7977,"40,145,0"
7978,"0,265,488"
7979,"3,40,160"
7980,"323,199,3"
7981,"23,40,10"
7982,"131,40,241"
7983,"3,0,23"
7984,"3,316,40"
7985,"40,131,134"
7986,"220,10,0"
7987,"40,31,23"
7988,"3,0,271"
7989,"10,220,0"
7990,"0,23,40"
7991,"43,24,23"
7992,"3,34,29"
7993,"59,265,0"
7994,"323,199,3"
7995,"40,169,3"
7996,"0,271,265"
7997,"3,21,40"
7998,"3,40,0"
7999,"23,0,417"
8000,"169,296,3"
8001,"0,40,3"
8002,"40,131,406"
8003,"3,40,0"
8004,"145,0,40"
8005,"3,0,10"
8006,"64,80,10"
8007,"3,0,15"
8008,"3,0,21"
8009,"23,0,10"
8010,"8,0,514"
8011,"3,0,40"
8012,"0,8,308"
8013,"296,169,3"
8014,"0,397,313"
8015,"0,213,169"
8016,"3,40,169"
8017,"21,3,0"
8018,"40,3,33"
8019,"0,271,3"
8020,"234,60,40"
8021,"3,21,40"
8022,"0,38,23"
8023,"3,40,0"
8024,"3,0,40"
8025,"40,3,145"
8026,"138,40,135"
8027,"10,0,3"
8028,"0,366,3"
8029,"4,3,0"
8030,"3,0,169"
8031,"169,3,311"
8032,"38,23,0"
8033,"3,17,168"
8034,"0,3,8"
8035,"3,21,40"
8036,"74,317,23"
8037,"40,146,145"
8038,"40,3,160"
8039,"10,64,3"
8040,"3,34,120"
8041,"452,296,169"
8042,"3,10,40"
8043,"0,265,271"
8044,"169,131,40"
8045,"220,0,10"
8046,"3,4,191"
8047,"3,13,113"
8048,"40,13,131"
8049,"3,0,40"
8050,"3,17,53"
8051,"23,0,26"
8052,"0,277,458"
8053,"300,40,169"
8054,"3,217,120"
8055,"23,0,40"
8056,"40,184,23"
8057,"0,169,23"
8058,"40,3,0"
8059,"23,40,38"
8060,"220,10,0"
8061,"220,10,40"
8062,"40,3,169"
8063,"40,23,160"
8064,"323,10,40"
8065,"169,296,417"
8066,"3,21,0"
8067,"3,301,21"
8068,"3,21"
8069,"145,40,0"
8070,"0,3,34"
8071,"10,0,11"
8072,"71,38,23"
8073,"138,135,40"
8074,"3,23,0"
8075,"71,38,24"
8076,"184,40,131"
8077,"40,10,3"
8078,"24,71,23"
8079,"3,21,0"
8080,"40,135,0"
8081,"0,3,10"
8082,"0,23,38"
8083,"131,40,406"
8084,"40,0,169"
8085,"40,128,23"
8086,"3,13,0"
8087,"0,216,1"
8088,"0,265,271"
8089,"0,169,3"
8090,"0,271,208"
8091,"3,0,21"
8092,"145,23,40"
8093,"220,10,0"
8094,"199,170,169"
8095,"311,3,21"
8096,"131,0,40"
8097,"3,4,21"
8098,"0,265,218"
8099,"0,40,23"
8100,"38,39,0"
8101,"171,199,170"
8102,"296,0,3"
8103,"3,4,21"
8104,"3,320,217"
8105,"3,21,23"
8106,"402,0,145"
8107,"3,40,21"
8108,"3,0,53"
8109,"0,271,3"
8110,"3,120,0"
8111,"40,145,0"
8112,"0,3,31"
8113,"3,40,0"
8114,"40,3,0"
8115,"40,0,3"
8116,"3,36,35"
8117,"0,111,202"
8118,"3,21,0"
8119,"0,23,8"
8120,"0,23,8"
8121,"40,23,3"
8122,"3,16,15"
8123,"74,317,23"
8124,"40,0,3"
8125,"169,311,199"
8126,"10,40,11"
8127,"10,40,3"
8128,"3,23,40"
8129,"40,169,184"
8130,"23,296,38"
8131,"0,265,3"
8132,"3,0,40"
8133,"3,152,40"
8134,"220,10,3"
8135,"0,218,313"
8136,"169,3,296"
8137,"3,23,111"
8138,"3,40,0"
8139,"10,0,40"
8140,"23,38,74"
8141,"3,21,40"
8142,"10,23,38"
8143,"170,199,323"
8144,"296,169,3"
8145,"40,160,146"
8146,"3,40,21"
8147,"3,34,263"
8148,"3,4,182"
8149,"0,23,277"
8150,"296,169,333"
8151,"0,271,3"
8152,"160,40,3"
8153,"0,23,3"
8154,"0,265,271"
8155,"3,0,40"
8156,"0,40,160"
8157,"40,0,3"
8158,"0,8,265"
8159,"40,23,128"
8160,"40,128,186"
8161,"3,40,53"
8162,"3,0,34"
8163,"3,40,0"
8164,"23,10,3"
8165,"3,40,135"
8166,"3,10,170"
8167,"3,29,21"
8168,"3,4,0"
8169,"3,21,40"
8170,"0,255,23"
8171,"40,38,23"
8172,"40,436,0"
8173,"23,0,26"
8174,"0,218,40"
8175,"0,271,265"
8176,"40,131,406"
8177,"23,40,0"
8178,"0,265,3"
8179,"3,0,28"
8180,"0,311,265"
8181,"40,131,0"
8182,"0,3,40"
8183,"23,3,0"
8184,"40,0,271"
8185,"10,54,220"
8186,"3,21,182"
8187,"3,0,111"
8188,"3,17,40"
8189,"0,40,3"
8190,"40,131,31"
8191,"186,40,160"
8192,"3,0,40"
8193,"170,199,323"
8194,"3,30,21"
8195,"23,3,40"
8196,"40,145,0"
8197,"3,86,301"
8198,"23,3,40"
8199,"64,93,10"
8200,"0,265,10"
8201,"0,211,212"
8202,"3,17,369"
8203,"3,0,34"
8204,"0,38,8"
8205,"0,8,458"
8206,"23,0,38"
8207,"0,265,255"
8208,"40,23,0"
8209,"145,40,0"
8210,"0,8,213"
8211,"0,40,3"
8212,"23,40,38"
8213,"0,265,8"
8214,"11,40,10"
8215,"0,271,218"
8216,"220,10,221"
8217,"3,0,271"
8218,"4,3,7"
8219,"23,3,40"
8220,"3,277,0"
8221,"0,498,49"
8222,"0,265,40"
8223,"3,40,41"
8224,"169,0,296"
8225,"3,296,169"
8226,"23,40,0"
8227,"3,40,128"
8228,"71,38,0"
8229,"296,169,40"
8230,"3,40,191"
8231,"0,265,271"
8232,"23,0,3"
8233,"40,23,170"
8234,"3,0,34"
8235,"0,23,38"
8236,"23,0,169"
8237,"3,300,111"
8238,"265,0,3"
8239,"0,3,169"
8240,"0,265,271"
8241,"40,0,23"
8242,"3,4,0"
8243,"40,131,406"
8244,"40,0,160"
8245,"40,0,3"
8246,"234,3,60"
8247,"0,271,169"
8248,"3,364,4"
8249,"0,3,255"
8250,"3,23,40"
8251,"169,417,184"
8252,"0,265,425"
8253,"0,418,265"
8254,"10,64,0"
8255,"3,10,60"
8256,"10,3,0"
8257,"3,0,5"
8258,"24,49,43"
8259,"40,134,131"
8260,"323,199,3"
8261,"10,0,3"
8262,"0,25,8"
8263,"3,311,169"
8264,"0,3,271"
8265,"0,169,3"
8266,"3,30,23"
8267,"10,23,169"
8268,"311,431,40"
8269,"23,74,0"
8270,"0,265,255"
8271,"170,459,169"
8272,"169,296,3"
8273,"23,0,38"
8274,"3,425,0"
8275,"10,23,54"
8276,"40,74,23"
8277,"3,0,40"
8278,"3,111,21"
8279,"169,296,3"
8280,"220,10,0"
8281,"40,131,23"
8282,"3,217,15"
8283,"169,3,0"
8284,"0,3,265"
8285,"40,131,0"
8286,"160,40"
8287,"3,21,40"
8288,"3,169,296"
8289,"3,4,0"
8290,"23,40,10"
8291,"0,10,40"
8292,"10,64,80"
8293,"40,3,455"
8294,"0,49,40"
8295,"0,206,369"
8296,"170,0,199"
8297,"3,0,111"
8298,"131,134,40"
8299,"3,334,160"
8300,"0,169,271"
8301,"0,271,3"
8302,"3,28,21"
8303,"0,265,3"
8304,"0,23,26"
8305,"3,523,53"
8306,"3,17,10"
8307,"0,265,425"
8308,"5,3"
8309,"40,160,3"
8310,"3,21,40"
8311,"0,40,3"
8312,"3,10,40"
8313,"23,3,38"
8314,"3,0,40"
8315,"3,40,0"
8316,"0,271,213"
8317,"21,3,0"
8318,"40,31,169"
8319,"0,49,265"
8320,"169,3,40"
8321,"41,111,0"
8322,"0,40,23"
8323,"0,3,170"
8324,"0,10,3"
8325,"10,64,40"
8326,"251,337,296"
8327,"40,23,169"
8328,"74,23,40"
8329,"508,23,24"
8330,"10,0,64"
8331,"3,28,21"
8332,"0,3,40"
8333,"0,10,3"
8334,"3,21,4"
8335,"3,17,10"
8336,"3,21,0"
8337,"296,40,169"
8338,"21,3,187"
8339,"160,334,40"
8340,"3,10,17"
8341,"3,40,0"
8342,"3,21,28"
8343,"0,8,23"
8344,"93,64,10"
8345,"0,23,3"
8346,"40,21,3"
8347,"40,3,41"
8348,"0,3,40"
8349,"23,74,3"
8350,"0,23,40"
8351,"0,40,3"
8352,"0,265,10"
8353,"0,40,23"
8354,"457,10,23"
8355,"0,3,40"
8356,"64,40,10"
8357,"3,340,265"
8358,"317,74,23"
8359,"10,11,23"
8360,"105,0,23"
8361,"169,311,0"
8362,"170,171,199"
8363,"40,417,8"
8364,"74,23,40"
8365,"0,40,271"
8366,"3,4,111"
8367,"0,3,40"
8368,"458,0,277"
8369,"3,0,518"
8370,"63,38,23"
8371,"23,0,74"
8372,"40,3,426"
8373,"0,271,40"
8374,"40,160,334"
8375,"17,3,0"
8376,"0,10,265"
8377,"0,313,40"
8378,"15,3,16"
8379,"10,0,11"
8380,"0,23,40"
8381,"3,21,40"
8382,"3,40,10"
8383,"3,40,23"
8384,"23,10,40"
8385,"0,313,271"
8386,"3,40,169"
8387,"0,10,3"
8388,"3,21,0"
8389,"0,10,23"
8390,"3,111,40"
8391,"40,160"
8392,"3,21,0"
8393,"3,0,34"
8394,"3,0,40"
8395,"3,311,0"
8396,"265,340,0"
8397,"145,40,44"
8398,"0,40,271"
8399,"3,0,31"
8400,"0,10,23"
8401,"40,0,23"
8402,"3,0,169"
8403,"3,40,0"
8404,"169,311,40"
8405,"169,3,0"
8406,"0,23,40"
8407,"145,38,0"
8408,"3,452,296"
8409,"3,40,41"
8410,"74,23,3"
8411,"0,169,40"
8412,"0,23,3"
8413,"0,38,23"
8414,"64,93,10"
8415,"0,23,265"
8416,"0,271,145"
8417,"3,0,10"
8418,"3,0,23"
8419,"23,38,0"
8420,"0,265,271"
8421,"64,10,3"
8422,"296,417,38"
8423,"135,374,170"
8424,"40,134,131"
8425,"40,131,134"
8426,"0,40,23"
8427,"0,23,514"
8428,"3,64,24"
8429,"3,40,0"
8430,"3,17,320"
8431,"426,259,169"
8432,"0,265,340"
8433,"10,64,0"
8434,"10,11,0"
8435,"3,40,21"
8436,"3,111,40"
8437,"0,340,265"
8438,"40,309,169"
8439,"3,0,21"
8440,"40,3,0"
8441,"3,17,58"
8442,"0,265,8"
8443,"17,3,58"
8444,"71,24,38"
8445,"3,23,10"
8446,"169,199,296"
8447,"10,23,0"
8448,"0,458,265"
8449,"3,455,0"
8450,"0,3,271"
8451,"40,169,23"
8452,"3,21,182"
8453,"498,0,288"
8454,"40,3,128"
8455,"40,250,10"
8456,"38,23,40"
8457,"3,40,0"
8458,"508,169,426"
8459,"0,265,349"
8460,"0,271,291"
8461,"0,40,271"
8462,"23,40,0"
8463,"0,38,40"
8464,"3,40,21"
8465,"40,0,3"
8466,"0,169,296"
8467,"40,160,41"
8468,"23,31,0"
8469,"0,3,265"
8470,"3,0,40"
8471,"0,3,277"
8472,"0,265,3"
8473,"40,10,64"
8474,"311,169,40"
8475,"0,265,8"
8476,"0,313,255"
8477,"40,323,199"
8478,"220,3,0"
8479,"28,458,3"
8480,"0,3,40"
8481,"0,498,288"
8482,"0,23,38"
8483,"0,40,10"
8484,"417,169,0"
8485,"0,458,3"
8486,"40,3,0"
8487,"40,160,169"
8488,"74,23,317"
8489,"0,40,169"
8490,"3,169,40"
8491,"128,40,130"
8492,"0,3,169"
8493,"3,21,0"
8494,"3,23,40"
8495,"40,23,334"
8496,"0,271"
8497,"0,199,3"
8498,"10,64,0"
8499,"3,169,40"
8500,"169,3,311"
8501,"3,301,0"
8502,"0,8,265"
8503,"0,23,10"
8504,"169,3,0"
8505,"10,239,3"
8506,"40,202,3"
8507,"169,0,40"
8508,"0,10,3"
8509,"160,40,334"
8510,"0,23,3"
8511,"3,311,10"
8512,"40,3,0"
8513,"3,120,217"
8514,"0,169,3"
8515,"3,0,40"
8516,"169,23,0"
8517,"251,337,23"
8518,"0,3,265"
8519,"0,40,23"
8520,"3,169,0"
8521,"3,40,147"
8522,"0,23,3"
8523,"0,40,23"
8524,"40,135,3"
8525,"234,3,60"
8526,"417,169,296"
8527,"11,40,10"
8528,"40,3,0"
8529,"40,241,0"
8530,"3,0,271"
8531,"3,0,265"
8532,"3,21,28"
8533,"3,4,51"
8534,"220,10,0"
8535,"3,21,0"
8536,"10,64,145"
8537,"23,38,40"
8538,"23,38,0"
8539,"0,265,457"
8540,"21,3"
8541,"138,135,40"
8542,"0,40,3"
8543,"40,3,34"
8544,"0,3,220"
8545,"3,40,21"
8546,"0,265,3"
8547,"187,3,21"
8548,"40,3,23"
8549,"0,8,40"
8550,"40,160,151"
8551,"0,3,265"
8552,"0,265,169"
8553,"3,0,40"
8554,"3,53,21"
8555,"3,40,169"
8556,"3,21,0"
8557,"0,277,1"
8558,"38,23,0"
8559,"0,10,23"
8560,"10,64,40"
8561,"10,0,11"
8562,"10,64,0"
8563,"23,0,417"
8564,"40,10,145"
8565,"0,8,265"
8566,"40,23,0"
8567,"43,10,24"
8568,"169,296,251"
8569,"40,241,131"
8570,"3,21,311"
8571,"3,21,40"
8572,"0,10,3"
8573,"426,259,0"
8574,"0,265,271"
8575,"3,0,40"
8576,"0,220,265"
8577,"3,156,147"
8578,"431,259,135"
8579,"43,323,23"
8580,"3,0,40"
8581,"0,40,38"
8582,"0,3,23"
8583,"3,182,21"
8584,"0,23,26"
8585,"40,0,296"
8586,"3,40,21"
8587,"0,40,23"
8588,"169,10,0"
8589,"3,23,40"
8590,"23,74,3"
8591,"0,3,40"
8592,"40,31,23"
8593,"169,0,40"
8594,"0,23,31"
8595,"169,311,3"
8596,"64,10,40"
8597,"0,213,417"
8598,"259,426,311"
8599,"3,15,16"
8600,"40,0,131"
8601,"64,10,80"
8602,"169,459,170"
8603,"40,3,33"
8604,"334,160,40"
8605,"0,3,311"
8606,"3,17,111"
8607,"11,10,145"
8608,"0,40,169"
8609,"169,3,518"
8610,"0,3,265"
8611,"74,118,23"
8612,"3,17,0"
8613,"10,11,3"
8614,"0,265,366"
8615,"38,24,0"
8616,"0,265,271"
8617,"23,10,3"
8618,"3,21,187"
8619,"0,296,23"
8620,"3,33,40"
8621,"3,21,85"
8622,"3,40,0"
8623,"311,0,3"
8624,"3,17,58"
8625,"131,40,0"
8626,"10,220,0"
8627,"3,0,38"
8628,"135,40,0"
8629,"40,3,23"
8630,"3,0,5"
8631,"0,265,311"
8632,"0,8"
8633,"296,0,169"
8634,"3,21,40"
8635,"3,21,169"
8636,"40,170,24"
8637,"3,86,85"
8638,"40,3,23"
8639,"3,120,217"
8640,"3,23,0"
8641,"40,160,128"
8642,"40,131,0"
8643,"8,308,26"
8644,"3,40,265"
8645,"3,265,0"
8646,"3,40,0"
8647,"0,218,23"
8648,"40,160,135"
8649,"3,40,169"
8650,"3,0,40"
8651,"0,59,23"
8652,"0,3,40"
8653,"40,131,3"
8654,"3,40,0"
8655,"25,0,23"
8656,"3,40,28"
8657,"3,40,160"
8658,"40,3,23"
8659,"0,49,23"
8660,"23,40,128"
8661,"0,355,271"
8662,"10,0,44"
8663,"131,40,0"
8664,"44,145,0"
8665,"131,40,226"
8666,"0,265,23"
8667,"3,0,311"
8668,"3,4,0"
8669,"0,271,26"
8670,"3,15,16"
8671,"0,3,277"
8672,"220,0,10"
8673,"0,3,296"
8674,"135,40,244"
8675,"3,21"
8676,"10,3,0"
8677,"3,120,21"
8678,"169,0,199"
8679,"265,0,418"
8680,"426,169,259"
8681,"0,40,208"
8682,"3,40,182"
8683,"3,40,41"
8684,"169,311,3"
8685,"3,53,169"
8686,"311,426,169"
8687,"40,23,0"
8688,"40,3,23"
8689,"0,8,410"
8690,"3,0,21"
8691,"3,21,34"
8692,"40,3,21"
8693,"3,21,40"
8694,"64,80,10"
8695,"138,135,40"
8696,"80,64,10"
8697,"323,199,170"
8698,"0,3,23"
8699,"0,3,480"
8700,"0,271,208"
8701,"10,64,80"
8702,"23,3,0"
8703,"3,21,120"
8704,"0,3,417"
8705,"323,23,43"
8706,"3,40,0"
8707,"23,40,3"
8708,"0,38,23"
8709,"187,0,23"
8710,"23,0,38"
8711,"40,3,0"
8712,"0,271,355"
8713,"40,23,0"
8714,"10,0,514"
8715,"171,170,199"
8716,"3,40,21"
8717,"40,3,184"
8718,"64,93,10"
8719,"3,320,17"
8720,"0,271,291"
8721,"3,21,28"
8722,"3,0,53"
8723,"0,31,32"
8724,"169,374,40"
8725,"0,24,40"
8726,"10,40,3"
8727,"0,23,40"
8728,"23,40,3"
8729,"3,17,0"
8730,"134,131,40"
8731,"0,271,255"
8732,"44,145,73"
8733,"138,135,40"
8734,"296,3,40"
8735,"40,0,3"
8736,"3,0,21"
8737,"40,24,0"
8738,"145,10,448"
8739,"38,0,169"
8740,"23,0,40"
8741,"23,26,8"
8742,"3,0,53"
8743,"3,23,0"
8744,"10,0,220"
8745,"0,296,169"
8746,"40,145,3"
8747,"3,51,169"
8748,"169,296,311"
8749,"0,8,271"
8750,"0,271,40"
8751,"0,265,488"
8752,"40,145,3"
8753,"0,271,313"
8754,"11,0,10"
8755,"3,40,23"
8756,"0,265,3"
8757,"220,10,221"
8758,"0,265,271"
8759,"10,23,3"
8760,"3,111,169"
8761,"0,187,40"
8762,"0,271,265"
8763,"138,40,135"
8764,"3,40,0"
8765,"0,265,340"
8766,"0,40,32"
8767,"24,71,38"
8768,"10,11,40"
8769,"0,23,40"
8770,"0,265,271"
8771,"10,220,0"
8772,"23,0,26"
8773,"10,54,220"
8774,"131,40,406"
8775,"64,10,93"
8776,"3,21,40"
8777,"0,271,3"
8778,"170,23,199"
8779,"3,21,53"
8780,"3,40,311"
8781,"0,3,265"
8782,"40,131,3"
8783,"311,169,3"
8784,"169,311,3"
8785,"0,23,3"
8786,"145,0,402"
8787,"170,199,23"
8788,"40,3,160"
8789,"74,3,23"
8790,"0,277,10"
8791,"10,220,0"
8792,"0,296,169"
8793,"169,3,296"
8794,"3,0,53"
8795,"3,30,40"
8796,"0,8,355"
8797,"13,204,3"
8798,"10,64,60"
8799,"3,21,40"
8800,"40,3,128"
8801,"0,3,291"
8802,"3,23,0"
8803,"0,3,208"
8804,"3,199,0"
8805,"0,3,277"
8806,"0,3,145"
8807,"49,10,3"
8808,"111,3,40"
8809,"0,23,3"
8810,"0,8,265"
8811,"3,0,28"
8812,"64,10,0"
8813,"0,1,2"
8814,"118,74,23"
8815,"3,28,40"
8816,"3,0,21"
8817,"3,21,28"
8818,"0,271,291"
8819,"23,169,38"
8820,"131,40,0"
8821,"0,271,40"
8822,"0,23,199"
8823,"0,10,169"
8824,"0,23,3"
8825,"71,24,74"
8826,"3,401,21"
8827,"431,40,426"
8828,"3,21,34"
8829,"0,8,514"
8830,"0,265"
8831,"3,40,0"
8832,"40,0,145"
8833,"3,0,425"
8834,"3,0,40"
8835,"0,3,8"
8836,"0,3,40"
8837,"169,296,40"
8838,"23,0,40"
8839,"0,271,218"
8840,"3,21"
8841,"40,160,0"
8842,"23,296,169"
8843,"3,21,28"
8844,"296,49,40"
8845,"74,23,3"
8846,"169,0,296"
8847,"3,40,21"
8848,"40,145,3"
8849,"40,146,145"
8850,"10,3,64"
8851,"40,160,145"
8852,"0,3,40"
8853,"169,199,170"
8854,"3,0,23"
8855,"131,40,406"
8856,"10,0,24"
8857,"38,145,23"
8858,"10,220,0"
8859,"0,3,40"
8860,"40,23,3"
8861,"0,24,265"
8862,"3,4,0"
8863,"10,64,0"
8864,"3,169,23"
8865,"199,170,323"
8866,"40,135,169"
8867,"3,169,0"
8868,"3,169,40"
8869,"3,15,23"
8870,"3,10,23"
8871,"199,323,10"
8872,"10,40,0"
8873,"3,4,40"
8874,"0,40,23"
8875,"40,160,23"
8876,"3,169,0"
8877,"498,288,0"
8878,"0,8,23"
8879,"3,23,199"
8880,"40,3,169"
8881,"59,265,0"
8882,"0,265,271"
8883,"0,40,38"
8884,"4,3,0"
8885,"40,3,0"
8886,"3,0,28"
8887,"220,10,0"
8888,"23,38,0"
8889,"3,0,458"
8890,"10,145,23"
8891,"40,0,169"
8892,"0,169,296"
8893,"0,3,169"
8894,"265,0,340"
8895,"3,17,320"
8896,"0,255,480"
8897,"3,217,120"
8898,"220,0,10"
8899,"3,120,0"
8900,"0,265,458"
8901,"3,40,0"
8902,"40,3,271"
8903,"23,40,3"
8904,"3,145,10"
8905,"3,21,147"
8906,"3,4,0"
8907,"40,134,131"
8908,"3,40,21"
8909,"40,135,3"
8910,"0,291,3"
8911,"0,40,71"
8912,"3,40,111"
8913,"169,337,0"
8914,"3,120,217"
8915,"40,3,128"
8916,"40,169,0"
8917,"131,40,0"
8918,"0,265,145"
8919,"3,21,0"
8920,"23,3,74"
8921,"3,169,111"
8922,"23,0,24"
8923,"0,3,271"
8924,"0,160,40"
8925,"296,3,0"
8926,"40,128,23"
8927,"3,10,23"
8928,"3,40,21"
8929,"3,40,169"
8930,"0,40,72"
8931,"296,169,3"
8932,"0,10,23"
8933,"43,23,10"
8934,"23,0,3"
8935,"0,417,23"
8936,"3,28,518"
8937,"40,23,0"
8938,"0,8,3"
8939,"0,255,3"
8940,"3,10,53"
8941,"3,40,21"
8942,"169,40,0"
8943,"0,40,23"
8944,"0,3,111"
8945,"0,169,23"
8946,"0,40,8"
8947,"0,23,40"
8948,"199,170,323"
8949,"220,0,10"
8950,"3,40,53"
8951,"131,40,406"
8952,"3,10,0"
8953,"23,3,0"
8954,"40,145,3"
8955,"169,40,170"
8956,"0,40,313"
8957,"171,170,199"
8958,"3,0,40"
8959,"40,23,130"
8960,"3,10,220"
8961,"23,40,0"
8962,"40,41,224"
8963,"3,0,21"
8964,"145,40,10"
8965,"38,0,23"
8966,"3,4,21"
8967,"3,21,187"
8968,"3,0,271"
8969,"3,21,169"
8970,"3,15,16"
8971,"40,3,23"
8972,"3,320,17"
8973,"0,271,40"
8974,"40,160,23"
8975,"3,21,120"
8976,"0,3,265"
8977,"131,134,40"
8978,"40,11,145"
8979,"10,64,0"
8980,"220,0,10"
8981,"3,0,40"
8982,"40,131,406"
8983,"3,225,147"
8984,"417,296,169"
8985,"0,265,23"
8986,"0,271"
8987,"0,23,271"
8988,"38,23,0"
8989,"169,0,296"
8990,"3,0,10"
8991,"160,40,334"
8992,"402,145,54"
8993,"23,40,74"
8994,"23,38,0"
8995,"10,40,11"
8996,"64,10,323"
8997,"40,3,0"
8998,"323,199,170"
8999,"3,4,0"
9000,"3,111,123"
9001,"0,169,8"
9002,"0,10,220"
9003,"40,0,145"
9004,"10,3,220"
9005,"138,40,135"
9006,"10,40,64"
9007,"3,0,21"
9008,"38,23,3"
9009,"3,0,4"
9010,"0,265,488"
9011,"23,40,0"
9012,"10,0,11"
9013,"0,220,3"
9014,"220,10,0"
9015,"0,169,10"
9016,"17,3,40"
9017,"3,0,5"
9018,"0,265,10"
9019,"0,23,218"
9020,"0,3,38"
9021,"40,131,3"
9022,"5,3,57"
9023,"311,0,169"
9024,"0,265,271"
9025,"0,265,271"
9026,"3,0,21"
9027,"3,21,115"
9028,"323,199,23"
9029,"3,169,38"
9030,"3,10,0"
9031,"169,3,309"
9032,"3,250,40"
9033,"220,10,0"
9034,"3,0,40"
9035,"0,169,23"
9036,"3,21"
9037,"64,3,10"
9038,"169,296,170"
9039,"3,120,0"
9040,"0,271,265"
9041,"0,265,24"
9042,"40,160,316"
9043,"23,26,0"
9044,"3,21,5"
9045,"0,271,23"
9046,"3,34,169"
9047,"10,3,40"
9048,"10,64"
9049,"3,518,21"
9050,"0,3,220"
9051,"0,366,265"
9052,"3,21,0"
9053,"3,0,40"
9054,"10,0,220"
9055,"3,0,21"
9056,"40,3,135"
9057,"40,160,334"
9058,"40,0,3"
9059,"0,40,32"
9060,"0,265,8"
9061,"40,0,160"
9062,"186,128,40"
9063,"23,0,169"
9064,"3,21,40"
9065,"40,23,3"
9066,"0,3,40"
9067,"3,23,21"
9068,"3,17,0"
9069,"3,23,0"
9070,"10,3,0"
9071,"23,0,3"
9072,"0,23,40"
9073,"169,40,311"
9074,"0,3,169"
9075,"0,271,265"
9076,"10,64,0"
9077,"0,296,23"
9078,"138,135,40"
9079,"0,3"
9080,"0,457,218"
9081,"40,160,175"
9082,"64,10,80"
9083,"0,38,23"
9084,"40,160,3"
9085,"3,0,28"
9086,"3,0,21"
9087,"0,265,8"
9088,"0,3,265"
9089,"3,0,15"
9090,"10,0,23"
9091,"259,311,426"
9092,"169,3,0"
9093,"0,8,3"
9094,"199,23,10"
9095,"16,15,3"
9096,"169,40,3"
9097,"24,23,43"
9098,"3,120,217"
9099,"3,4,0"
9100,"0,23,24"
9101,"23,0,40"
9102,"199,323,181"
9103,"3,13,40"
9104,"38,23,3"
9105,"40,3,0"
9106,"0,10,265"
9107,"3,60,10"
9108,"265,0,340"
9109,"10,23,40"
9110,"40,135,250"
9111,"3,21,0"
9112,"40,3,151"
9113,"220,3,0"
9114,"169,3,23"
9115,"40,131,0"
9116,"3,452,28"
9117,"71,24,38"
9118,"74,40,23"
9119,"23,74,0"
9120,"40,0,3"
9121,"3,0,265"
9122,"3,300,169"
9123,"0,288,23"
9124,"0,3,220"
9125,"0,271,444"
9126,"3,120,40"
9127,"10,0,11"
9128,"0,271,313"
9129,"23,3,0"
9130,"3,0,265"
9131,"0,3,271"
9132,"3,0,21"
9133,"0,271,3"
9134,"38,23,0"
9135,"10,402,145"
9136,"10,323,199"
9137,"40,170,160"
9138,"0,40,3"
9139,"234,3,60"
9140,"73,44,145"
9141,"40,23,169"
9142,"220,0,10"
9143,"3,21,0"
9144,"3,40,23"
9145,"23,0,40"
9146,"40,3,0"
9147,"0,3,265"
9148,"0,3,23"
9149,"0,23,38"
9150,"0,169,296"
9151,"199,170,3"
9152,"3,17,0"
9153,"10,145,3"
9154,"296,300,169"
9155,"3,320,40"
9156,"3,4,0"
9157,"175,128,40"
9158,"220,10,0"
9159,"0,3,265"
9160,"296,169,23"
9161,"40,250,135"
9162,"23,0,26"
9163,"169,170,171"
9164,"64,10,93"
9165,"10,0,64"
9166,"0,271,265"
9167,"3,40,21"
9168,"3,40,4"
9169,"64,23,10"
9170,"0,271,277"
9171,"23,118,74"
9172,"0,38,271"
9173,"0,23,26"
9174,"10,0,11"
9175,"3,21,0"
9176,"0,458,40"
9177,"10,64,40"
9178,"40,431,169"
9179,"0,23,145"
9180,"10,64"
9181,"3,40,17"
9182,"0,10,3"
9183,"3,263,34"
9184,"10,11,0"
9185,"169,0,3"
9186,"40,128,417"
9187,"0,8,206"
9188,"3,0,53"
9189,"0,3,265"
9190,"199,40,311"
9191,"64,10,448"
9192,"38,24,40"
9193,"40,169,23"
9194,"40,135,160"
9195,"40,3,23"
9196,"265,0,3"
9197,"311,0,169"
9198,"0,199,169"
9199,"0,40,8"
9200,"40,3,41"
9201,"220,10,221"
9202,"3,17,53"
9203,"23,38,10"
9204,"0,265,3"
9205,"3,40,0"
9206,"3,0,21"
9207,"291,271,40"
9208,"0,40,265"
9209,"10,40,3"
9210,"170,436,40"
9211,"0,23,308"
9212,"10,145,0"
9213,"3,5,57"
9214,"40,0,3"
9215,"10,0,265"
9216,"0,3,265"
9217,"3,0,271"
9218,"3,111,160"
9219,"0,3,10"
9220,"145,23,44"
9221,"0,3,265"
9222,"3,296,0"
9223,"64,10,93"
9224,"0,3,40"
9225,"287,3,21"
9226,"64,10,80"
9227,"0,337,169"
9228,"323,199,3"
9229,"0,3,40"
9230,"459,170,169"
9231,"71,0,24"
9232,"3,0,40"
9233,"0,24,265"
9234,"40,160"
9235,"40,160,3"
9236,"0,498,288"
9237,"3,34,0"
9238,"0,39,271"
9239,"296,40,169"
9240,"3,0,40"
9241,"3,40,21"
9242,"23,10,0"
9243,"0,8,26"
9244,"3,21,40"
9245,"40,41,3"
9246,"23,3,40"
9247,"0,3,216"
9248,"40,3,0"
9249,"0,271,265"
9250,"40,54,3"
9251,"64,0,40"
9252,"10,90,64"
9253,"3,40,41"
9254,"0,271,40"
9255,"0,3,199"
9256,"23,74,3"
9257,"0,3,355"
9258,"3,0,120"
9259,"169,311,296"
9260,"0,169,199"
9261,"23,0,74"
9262,"40,0,23"
9263,"0,10,40"
9264,"3,169,0"
9265,"23,38,3"
9266,"3,4,17"
9267,"0,355,218"
9268,"3,28,13"
9269,"169,170,199"
9270,"0,271,40"
9271,"40,0,313"
9272,"0,10,3"
9273,"202,3,111"
9274,"3,263,0"
9275,"23,94,38"
9276,"0,3,169"
9277,"74,317,23"
9278,"3,301,86"
9279,"3,53,523"
9280,"93,3,10"
9281,"3,40,135"
9282,"3,40,160"
9283,"40,0,11"
9284,"169,459,170"
9285,"220,10,0"
9286,"0,40,23"
9287,"23,38,3"
9288,"3,21,169"
9289,"23,30,40"
9290,"23,38,89"
9291,"0,10,220"
9292,"0,3,23"
9293,"3,5,40"
9294,"0,265"
9295,"0,271,40"
9296,"3,21,40"
9297,"40,128,160"
9298,"0,1,169"
9299,"169,40,23"
9300,"3,287,23"
9301,"3,23,0"
9302,"10,11,23"
9303,"265,340,0"
9304,"3,182,21"
9305,"169,40,3"
9306,"40,3,169"
9307,"23,0,3"
9308,"265,11,0"
9309,"3,28,4"
9310,"64,10,93"
9311,"10,64,23"
9312,"3,40,13"
9313,"0,23,8"
9314,"23,10,64"
9315,"317,160,74"
9316,"204,13,3"
9317,"5,3,21"
9318,"3,0,28"
9319,"3,0,15"
9320,"0,23,3"
9321,"3,0,74"
9322,"296,23,169"
9323,"199,323,3"
9324,"41,3,40"
9325,"0,271,458"
9326,"337,251,0"
9327,"40,3,0"
9328,"0,10,3"
9329,"0,38,23"
9330,"3,0,169"
9331,"3,169,296"
9332,"3,40,0"
9333,"38,94,23"
9334,"74,3,40"
9335,"40,23,3"
9336,"3,4,111"
9337,"3,17,111"
9338,"40,3,41"
9339,"3,10,64"
9340,"10,64,0"
9341,"426,259,311"
9342,"64,80,10"
9343,"118,74,23"
9344,"317,74,23"
9345,"3,21,28"
9346,"74,71,23"
9347,"0,271,3"
9348,"145,0,44"
9349,"0,8,3"
9350,"0,340,265"
9351,"0,23,169"
9352,"3,21,301"
9353,"3,10,0"
9354,"23,0,3"
9355,"3,4"
9356,"40,170,169"
9357,"265,3,0"
9358,"40,431,135"
9359,"311,0,3"
9360,"3,21,169"
9361,"40,0,3"
9362,"169,170,199"
9363,"3,111,0"
9364,"169,40,170"
9365,"3,21,40"
9366,"40,10,23"
9367,"3,40,23"
9368,"0,169,3"
9369,"3,23,13"
9370,"3,28,0"
9371,"4,3,0"
9372,"3,169,0"
9373,"3,169,23"
9374,"160,40,334"
9375,"220,10,0"
9376,"0,265,23"
9377,"10,40,80"
9378,"24,10,23"
9379,"0,271,3"
9380,"40,41,3"
9381,"0,8,265"
9382,"3,23,296"
9383,"118,23,74"
9384,"0,277,458"
9385,"323,170,199"
9386,"0,255,271"
9387,"0,8,271"
9388,"40,160,23"
9389,"40,3,0"
9390,"0,271,8"
9391,"40,128,162"
9392,"3,40,111"
9393,"0,265,8"
9394,"0,265,218"
9395,"296,300,169"
9396,"3,0,40"
9397,"0,271,3"
9398,"323,23,10"
9399,"3,0,425"
9400,"3,105,23"
9401,"40,23,128"
9402,"169,3,311"
9403,"40,3,0"
9404,"199,169,3"
9405,"40,131,241"
9406,"3,10,23"
9407,"3,0,81"
9408,"3,0,40"
9409,"40,10,23"
9410,"40,23,3"
9411,"40,224,3"
9412,"10,296,234"
9413,"23,0,40"
9414,"0,145,10"
9415,"10,23,3"
9416,"24,71,38"
9417,"3,4,40"
9418,"31,40,23"
9419,"0,10,3"
9420,"3,21,28"
9421,"0,169,3"
9422,"40,0,3"
9423,"3,40,0"
9424,"3,13,0"
9425,"3,17,58"
9426,"0,3,271"
9427,"10,0,40"
9428,"17,320,3"
9429,"169,0,337"
9430,"0,3,265"
9431,"0,271,255"
9432,"3,28,169"
9433,"3,5,169"
9434,"8,0,514"
9435,"3,0,35"
9436,"220,10,221"
9437,"40,3,0"
9438,"3,10,64"
9439,"40,160,334"
9440,"131,40,0"
9441,"40,3,0"
9442,"3,40,160"
9443,"0,265,255"
9444,"23,3,296"
9445,"40,23,38"
9446,"0,23,26"
9447,"3,0,169"
9448,"38,23,24"
9449,"3,21,160"
9450,"3,21,320"
9451,"0,216"
9452,"0,277,265"
9453,"71,24,38"
9454,"10,64,3"
9455,"0,271,355"
9456,"0,271,265"
9457,"3,40,300"
9458,"23,0,26"
9459,"508,426,169"
9460,"23,3,0"
9461,"0,271"
9462,"3,21,0"
9463,"3,28,340"
9464,"0,8,265"
9465,"135,138,40"
9466,"23,0,169"
9467,"308,26,0"
9468,"3,40,169"
9469,"323,199,170"
9470,"40,406,131"
9471,"3,21,204"
9472,"23,3,0"
9473,"402,145,40"
9474,"169,311,135"
9475,"40,0,3"
9476,"3,265,425"
9477,"0,220,10"
9478,"10,23,40"
9479,"74,23,3"
9480,"0,10,40"
9481,"169,170,40"
9482,"64,10,3"
9483,"0,216"
9484,"40,23,3"
9485,"3,53,518"
9486,"40,41,3"
9487,"131,23,40"
9488,"0,40,271"
9489,"3,0,17"
9490,"3,21,169"
9491,"0,3,291"
9492,"3,0,28"
9493,"458,277,0"
9494,"0,208,3"
9495,"0,23,271"
9496,"3,53,0"
9497,"10,64,0"
9498,"0,40,3"
9499,"3,0,4"
9500,"296,169,452"
9501,"160,40,334"
9502,"40,74,23"
9503,"0,10,3"
9504,"220,221,10"
9505,"40,131,135"
9506,"0,369,208"
9507,"0,3,208"
9508,"40,160,0"
9509,"169,0,426"
9510,"10,11,40"
9511,"0,265,218"
9512,"3,5,21"
9513,"11,109,10"
9514,"296,169,452"
9515,"74,23,3"
9516,"0,169,3"
9517,"40,3,160"
9518,"296,3,40"
9519,"3,0,111"
9520,"3,225,147"
9521,"0,169,40"
9522,"40,135"
9523,"251,337,0"
9524,"40,41,3"
9525,"10,11,40"
9526,"0,3,313"
9527,"0,3,271"
9528,"3,40,30"
9529,"3,21,40"
9530,"3,4,0"
9531,"0,64,40"
9532,"10,64,90"
9533,"0,3,216"
9534,"425,265,3"
9535,"0,271,40"
9536,"38,23,0"
9537,"3,21,187"
9538,"10,64,3"
9539,"0,3,208"
9540,"3,120,17"
9541,"3,40,24"
9542,"0,265,355"
9543,"169,40,0"
9544,"425,0,265"
9545,"3,40,21"
9546,"40,0,271"
9547,"40,23,145"
9548,"23,40,3"
9549,"40,128,346"
9550,"3,40,111"
9551,"0,3,40"
9552,"216,0,380"
9553,"40,3,160"
9554,"40,250,135"
9555,"4,3,111"
9556,"64,10,3"
9557,"59,0,23"
9558,"0,40,3"
9559,"40,10,3"
9560,"0,10,220"
9561,"199,170,171"
9562,"10,220,0"
9563,"169,508,296"
9564,"3,21,40"
9565,"0,169,296"
9566,"10,11,0"
9567,"49,0,3"
9568,"0,40,24"
9569,"23,31,3"
9570,"3,21,263"
9571,"38,24,40"
9572,"3,40,23"
9573,"296,23,169"
9574,"3,169,0"
9575,"0,498,288"
9576,"0,265,3"
9577,"3,23,40"
9578,"10,23,31"
9579,"0,40,8"
9580,"0,271,265"
9581,"3,40,21"
9582,"43,23,323"
9583,"40,23,0"
9584,"3,111,0"
9585,"0,265,498"
9586,"0,23,10"
9587,"0,3,277"
9588,"3,4,40"
9589,"169,170,3"
9590,"3,21,111"
9591,"10,11,3"
9592,"40,160,3"
9593,"169,0,3"
9594,"0,291,271"
9595,"0,31,40"
9596,"3,28,113"
9597,"40,3,0"
9598,"169,3,0"
9599,"0,23,8"
9600,"40,128,23"
9601,"118,74,23"
9602,"0,3,17"
9603,"0,265,425"
9604,"0,23,40"
9605,"23,40,38"
9606,"3,0,169"
9607,"0,3,40"
9608,"170,199,3"
9609,"3,0,23"
9610,"40,0,3"
9611,"3,40,41"
9612,"0,3,40"
9613,"296,23,169"
9614,"3,0,40"
9615,"3,28,4"
9616,"169,281,426"
9617,"0,10,23"
9618,"220,0,10"
9619,"0,40,3"
9620,"0,40,131"
9621,"0,169,3"
9622,"5,3,6"
9623,"0,265,3"
9624,"0,10,23"
9625,"170,260,169"
9626,"3,0,311"
9627,"3,296,169"
9628,"169,3,170"
9629,"0,3,13"
9630,"0,216,354"
9631,"43,24,323"
9632,"3,21,40"
9633,"0,265,418"
9634,"0,288,369"
9635,"170,171,199"
9636,"24,23,49"
9637,"0,271,40"
9638,"40,169,160"
9639,"40,175,128"
9640,"3,21,265"
9641,"0,24,23"
9642,"169,0,296"
9643,"169,3,296"
9644,"0,3,169"
9645,"0,23,8"
9646,"3,203,0"
9647,"40,3,160"
9648,"71,24,38"
9649,"3,21,0"
9650,"169,40,296"
9651,"40,41,224"
9652,"131,40,0"
9653,"0,265,24"
9654,"0,40,271"
9655,"40,146,145"
9656,"24,265,23"
9657,"3,21,23"
9658,"182,3,21"
9659,"64,10,93"
9660,"43,24,10"
9661,"40,145,181"
9662,"38,23,71"
9663,"0,313,169"
9664,"0,23,426"
9665,"220,10,221"
9666,"0,23,3"
9667,"21,3,182"
9668,"21,3,40"
9669,"3,40,199"
9670,"259,0,311"
9671,"337,199,170"
9672,"131,40,134"
9673,"3,169,0"
9674,"3,0,21"
9675,"10,64,3"
9676,"11,0,10"
9677,"3,0,265"
9678,"23,0,40"
9679,"23,118,74"
9680,"3,316,30"
9681,"3,40,169"
9682,"3,40,0"
9683,"40,3,0"
9684,"0,3,10"
9685,"220,10,3"
9686,"169,10,23"
9687,"169,3,64"
9688,"40,0,169"
9689,"135,138,40"
9690,"3,111,40"
9691,"3,217,40"
9692,"0,3,40"
9693,"169,459,40"
9694,"3,21"
9695,"10,40,3"
9696,"0,3,21"
9697,"3,0,10"
9698,"40,131,23"
9699,"0,255,271"
9700,"220,10,221"
9701,"0,255,169"
9702,"40,0,3"
9703,"0,23,38"
9704,"23,74,40"
9705,"23,38,24"
9706,"0,40,10"
9707,"40,145,0"
9708,"3,0,40"
9709,"170,323,199"
9710,"311,169,3"
9711,"40,23,0"
9712,"3,0,265"
9713,"3,28,21"
9714,"170,40,199"
9715,"64,40,10"
9716,"135,40,250"
9717,"169,311,1"
9718,"426,23,10"
9719,"40,0,3"
9720,"0,354,216"
9721,"0,40,313"
9722,"3,182,21"
9723,"3,53,21"
9724,"0,3,23"
9725,"40,3,160"
9726,"3,40,28"
9727,"40,3,23"
9728,"38,145,23"
9729,"64,0,10"
9730,"0,265,23"
9731,"372,0,288"
9732,"3,160,40"
9733,"0,265,271"
9734,"3,40,0"
9735,"38,24,0"
9736,"3,0,34"
9737,"64,160,10"
9738,"4,3,7"
9739,"40,169,3"
9740,"3,0,169"
9741,"10,220,40"
9742,"0,265,271"
9743,"0,10,23"
9744,"74,40,23"
9745,"44,73,145"
9746,"40,3,0"
9747,"3,21,5"
9748,"40,0,10"
9749,"40,3,0"
9750,"0,40,271"
9751,"169,40,3"
9752,"23,0,3"
9753,"0,8,334"
9754,"74,23,3"
9755,"0,10,220"
9756,"402,145,0"
9757,"131,40,0"
9758,"3,0,423"
9759,"73,40,44"
9760,"38,23,0"
9761,"71,24,38"
9762,"3,40,53"
9763,"10,0,220"
9764,"3,40,21"
9765,"40,3,135"
9766,"3,40,0"
9767,"24,71,23"
9768,"199,169,508"
9769,"3,40,16"
9770,"0,10,3"
9771,"4,3,0"
9772,"40,184,185"
9773,"10,64,0"
9774,"40,3,23"
9775,"146,40,145"
9776,"0,10,40"
9777,"3,21,0"
9778,"169,0,311"
9779,"3,0,40"
9780,"311,169,3"
9781,"169,0,3"
9782,"40,3,23"
9783,"0,23,296"
9784,"171,199,170"
9785,"3,0,40"
9786,"0,265,277"
9787,"0,265"
9788,"3,40,0"
9789,"40,0,3"
9790,"38,23,296"
9791,"10,169,3"
9792,"0,3,40"
9793,"40,135,3"
9794,"44,145,10"
9795,"23,24,323"
9796,"0,265,24"
9797,"40,0,3"
9798,"23,40,313"
9799,"0,10,3"
9800,"40,170,199"
9801,"311,169,3"
9802,"40,3,135"
9803,"3,0,40"
9804,"0,366,271"
9805,"17,168,3"
9806,"3,0,111"
9807,"3,21,40"
9808,"0,3,40"
9809,"3,113,23"
9810,"3,21,40"
9811,"199,170,3"
9812,"40,17,320"
9813,"40,170,199"
9814,"3,23,0"
9815,"40,135,3"
9816,"3,34,169"
9817,"0,3,31"
9818,"17,3,15"
9819,"10,64,23"
9820,"208,369,0"
9821,"40,340,3"
9822,"0,3,480"
9823,"40,131"
9824,"0,3,265"
9825,"3,169,23"
9826,"0,23,10"
9827,"0,40,296"
9828,"40,3,135"
9829,"169,0,40"
9830,"3,17,320"
9831,"3,40,0"
9832,"3,187,21"
9833,"3,169,452"
9834,"0,10,3"
9835,"0,355,26"
9836,"16,15,3"
9837,"10,220,3"
9838,"40,0,3"
9839,"374,199,170"
9840,"3,34,21"
9841,"3,0,40"
9842,"23,0,38"
9843,"0,10,425"
9844,"23,40,170"
9845,"40,160,3"
9846,"40,23,38"
9847,"265,0,340"
9848,"0,23,265"
9849,"10,64,90"
9850,"23,0,3"
9851,"3,85,21"
9852,"0,313,271"
9853,"40,3,199"
9854,"8,0"
9855,"3,120,0"
9856,"40,41,3"
9857,"0,3,10"
9858,"71,38,24"
9859,"120,217,3"
9860,"0,3,40"
9861,"3,40,169"
9862,"3,4,111"
9863,"0,425,10"
9864,"0,271,485"
9865,"0,255,372"
9866,"3,21,40"
9867,"3,0,21"
9868,"426,169,259"
9869,"317,74,40"
9870,"10,3,0"
9871,"3,0,111"
9872,"0,38,8"
9873,"3,21,0"
9874,"171,199,170"
9875,"3,0,271"
9876,"8,0,3"
9877,"3,21,28"
9878,"271,0,291"
9879,"40,3,41"
9880,"0,271,455"
9881,"40,169,426"
9882,"3,40,300"
9883,"3,169,0"
9884,"220,10,0"
9885,"40,0,23"
9886,"3,120,217"
9887,"40,3,160"
9888,"0,3,40"
9889,"0,271,255"
9890,"10,40,25"
9891,"3,4,174"
9892,"64,10,3"
9893,"170,199,171"
9894,"40,3,160"
9895,"3,40,0"
9896,"169,417,296"
9897,"3,21,0"
9898,"0,10,23"
9899,"187,21,3"
9900,"0,26,23"
9901,"0,40,265"
9902,"0,271,40"
9903,"10,296,40"
9904,"10,64,0"
9905,"3,0,33"
9906,"0,265,10"
9907,"31,96,23"
9908,"0,3,23"
9909,"3,28,21"
9910,"40,3,0"
9911,"0,265,10"
9912,"11,0,10"
9913,"0,337,169"
9914,"0,277,458"
9915,"0,3,265"
9916,"187,3,34"
9917,"40,160,3"
9918,"40,3,160"
9919,"71,24,3"
9920,"3,17,58"
9921,"40,0,160"
9922,"3,21,0"
9923,"3,23,0"
9924,"431,311,169"
9925,"40,3,128"
9926,"3,0,271"
9927,"10,11,0"
9928,"40,3,0"
9929,"3,21,17"
9930,"3,225,156"
9931,"0,265,480"
9932,"0,24,71"
9933,"0,169,40"
9934,"40,224,41"
9935,"3,4,0"
9936,"3,296,0"
9937,"0,40,255"
9938,"0,457,218"
9939,"0,169,296"
9940,"182,0,3"
9941,"199,170,323"
9942,"3,317,23"
9943,"40,23,0"
9944,"3,64,199"
9945,"0,271,10"
9946,"0,3,271"
9947,"0,23,38"
9948,"3,111,53"
9949,"31,96,3"
9950,"10,220,0"
9951,"0,271,8"
9952,"40,169,0"
9953,"10,3,40"
9954,"3,135,40"
9955,"3,217,120"
9956,"3,40,23"
9957,"0,3,40"
9958,"40,23,3"
9959,"3,15,16"
9960,"3,28,310"
9961,"0,10,40"
9962,"40,162,3"
9963,"131,40,0"
9964,"3,34,0"
9965,"3,21,40"
9966,"0,23,38"
9967,"23,10,145"
9968,"0,271,277"
9969,"0,23,444"
9970,"3,21,4"
9971,"311,217,3"
9972,"0,40,3"
9973,"0,3,518"
9974,"40,0,3"
9975,"169,170,199"
9976,"3,0,17"
9977,"265,0,488"
9978,"10,64,40"
9979,"10,40,23"
9980,"3,0,53"
9981,"10,64,0"
9982,"0,10,220"
9983,"354,0,480"
9984,"3,15,16"
9985,"3,41,40"
9986,"0,23,296"
9987,"40,23,38"
9988,"498,0,288"
9989,"3,4"
9990,"40,0,135"
9991,"40,169,23"
9992,"40,145,23"
9993,"0,23,40"
9994,"3,0,53"
9995,"221,220,0"
9996,"145,40,0"
9997,"71,38,24"
9998,"169,170,3"
9999,"0,313,40"
10000,"0,265,418"
10001,"3,0,60"
10002,"0,255,3"
10003,"0,3,169"
10004,"4,0,3"
10005,"0,421,10"
10006,"3,40,10"
10007,"3,40,0"
10008,"40,145,131"
10009,"40,23,0"
10010,"220,10,0"
10011,"170,199,40"
10012,"0,23,40"
10013,"3,0,21"
10014,"40,3,169"
10015,"17,3,320"
10016,"40,3,271"
10017,"10,3,24"
10018,"146,40,145"
10019,"0,271"
10020,"3,34,10"
10021,"40,3,38"
10022,"40,160,151"
10023,"40,23,145"
10024,"0,3,169"
10025,"40,10,23"
10026,"0,457,218"
10027,"0,498,457"
10028,"40,3,23"
10029,"23,74,40"
10030,"40,3,23"
10031,"3,0,10"
10032,"220,0,10"
10033,"3,0,40"
10034,"3,0,17"
10035,"40,3,31"
10036,"0,3,265"
10037,"3,21,53"
10038,"40,170,3"
10039,"40,3,21"
10040,"64,10,3"
10041,"23,0,26"
10042,"40,146,145"
10043,"40,131,3"
10044,"74,3,23"
10045,"169,3,0"
10046,"71,24,38"
10047,"0,10,498"
10048,"40,160,169"
10049,"0,40,10"
10050,"40,3,21"
10051,"0,10,3"
10052,"0,169,3"
10053,"0,3,23"
10054,"3,40,21"
10055,"3,0,40"
10056,"3,148,53"
10057,"3,169,0"
10058,"3,21,0"
10059,"3,17,53"
10060,"3,40,23"
10061,"3,40,0"
10062,"265,340,0"
10063,"0,3,182"
10064,"0,169,3"
10065,"10,0,23"
10066,"3,0,169"
10067,"431,40,0"
10068,"10,64,0"
10069,"23,3,40"
10070,"3,4,0"
10071,"3,169,480"
10072,"10,0,220"
10073,"0,23,169"
10074,"40,3,21"
10075,"40,160,3"
10076,"4,3,19"
10077,"24,23,10"
10078,"0,458,265"
10079,"0,40,199"
10080,"40,131,145"
10081,"64,93,10"
10082,"3,0,4"
10083,"131,40,0"
10084,"0,23,40"
10085,"3,21,28"
10086,"23,3,74"
10087,"40,145,23"
10088,"40,320,23"
10089,"3,17,320"
10090,"0,271,291"
10091,"3,28,0"
10092,"10,64,11"
10093,"40,160,0"
10094,"3,0,34"
10095,"0,265,3"
10096,"23,74,40"
10097,"265,340,3"
10098,"3,21,40"
10099,"3,0,40"
10100,"3,135,0"
10101,"3,0,271"
10102,"3,17,0"
10103,"0,218,271"
10104,"40,3,0"
10105,"296,0,3"
10106,"3,34,53"
10107,"3,38,71"
10108,"64,10,169"
10109,"0,311,169"
10110,"169,40,135"
10111,"0,169,3"
10112,"169,199,3"
10113,"3,169,17"
10114,"10,0,145"
10115,"40,3,131"
10116,"0,277,1"
10117,"0,40,23"
10118,"0,271,444"
10119,"3,21,34"
10120,"3,40,0"
10121,"0,3,265"
10122,"426,251,169"
10123,"0,3,255"
10124,"40,3,431"
10125,"0,3,23"
10126,"220,221,0"
10127,"0,265,40"
10128,"0,265,457"
10129,"145,23,0"
10130,"138,40,135"
10131,"0,265,271"
10132,"0,366,480"
10133,"3,21,85"
10134,"0,3"
10135,"0,23,3"
10136,"311,169,3"
10137,"3,169,40"
10138,"10,54,0"
10139,"3,0,53"
10140,"0,8,10"
10141,"0,277,3"
10142,"169,311,3"
10143,"169,199,170"
10144,"0,271,213"
10145,"40,3,23"
10146,"169,40,3"
10147,"271,0,291"
10148,"0,271,170"
10149,"3,28,21"
10150,"0,3,40"
10151,"40,296,3"
10152,"220,10,221"
10153,"40,160,23"
10154,"3,120,28"
10155,"3,21,0"
10156,"160,40"
10157,"52,51,3"
10158,"169,3,40"
10159,"0,23,265"
10160,"0,40,23"
10161,"448,323,64"
10162,"40,406,131"
10163,"0,265,23"
10164,"3,17,0"
10165,"169,3,0"
10166,"0,265,24"
10167,"271,0,291"
10168,"10,0,3"
10169,"64,10,80"
10170,"0,25,23"
10171,"3,0,265"
10172,"3,21,40"
10173,"3,111,4"
10174,"40,3,0"
10175,"3,30,160"
10176,"3,21,40"
10177,"40,184,169"
10178,"3,21,0"
10179,"3,169,28"
10180,"199,170,0"
10181,"40,244,3"
10182,"259,426,431"
10183,"10,0,11"
10184,"0,40,3"
10185,"40,135,0"
10186,"21,3,23"
10187,"217,3,120"
10188,"3,323,0"
10189,"10,0,220"
10190,"3,40,320"
10191,"40,3,244"
10192,"0,3,10"
10193,"0,38,10"
10194,"10,0,3"
10195,"40,3,0"
10196,"64,10,3"
10197,"3,40,120"
10198,"64,10,3"
10199,"334,160,40"
10200,"131,40,406"
10201,"3,28,21"
10202,"0,3,265"
10203,"0,220,10"
10204,"220,10,0"
10205,"10,60,11"
10206,"3,10,23"
10207,"0,255,145"
10208,"169,40,0"
10209,"145,40,0"
10210,"3,28,0"
10211,"60,234,3"
10212,"23,38,0"
10213,"0,31,8"
10214,"0,23,89"
10215,"10,0,40"
10216,"3,23,0"
10217,"0,277,216"
10218,"3,21,40"
10219,"3,40,160"
10220,"0,40,8"
10221,"3,0"
10222,"3,40,170"
10223,"3,21,147"
10224,"0,23,74"
10225,"296,0,169"
10226,"40,23,3"
10227,"3,40,23"
10228,"3,21,169"
10229,"0,265,23"
10230,"3,21,40"
10231,"5,3,6"
10232,"135,250,244"
10233,"3,111,21"
10234,"0,265,271"
10235,"10,64,93"
10236,"220,0,3"
10237,"138,40,135"
10238,"0,3,10"
10239,"40,160,23"
10240,"3,21,187"
10241,"40,175,23"
10242,"0,265,271"
10243,"251,0,337"
10244,"0,23,265"
10245,"23,10,3"
10246,"0,145,402"
10247,"3,40,23"
10248,"40,169,160"
10249,"3,21,28"
10250,"0,8,23"
10251,"74,283,40"
10252,"0,3,8"
10253,"10,23,64"
10254,"64,80,10"
10255,"3,21,17"
10256,"0,89,23"
10257,"0,265,340"
10258,"40,128,3"
10259,"0,8,288"
10260,"3,40,0"
10261,"3,0,21"
10262,"64,10,0"
10263,"265,0,10"
10264,"3,0,271"
10265,"40,128,0"
10266,"3,0,53"
10267,"0,23,265"
10268,"0,40,3"
10269,"10,43,40"
10270,"3,15,0"
10271,"0,3,271"
10272,"160,40,334"
10273,"3,316,21"
10274,"3,0,265"
10275,"184,40,131"
10276,"0,218,213"
10277,"3,40,21"
10278,"3,40,15"
10279,"10,3,40"
10280,"40,3,23"
10281,"199,23,323"
10282,"3,0,40"
10283,"0,265,271"
10284,"0,23,40"
10285,"3,0,21"
10286,"0,10,220"
10287,"23,31,3"
10288,"23,0,40"
10289,"311,169,0"
10290,"3,21,301"
10291,"3,40,21"
10292,"10,0,145"
10293,"111,3,40"
10294,"220,10,0"
10295,"146,145,40"
10296,"3,0,53"
10297,"10,3,40"
10298,"44,10,0"
10299,"135,40,138"
10300,"0,38,64"
10301,"0,265,271"
10302,"40,0,23"
10303,"3,0,21"
10304,"40,3,21"
10305,"0,218,265"
10306,"3,21,0"
10307,"3,0,21"
10308,"40,145,146"
10309,"10,0,3"
10310,"3,53,0"
10311,"3,225,120"
10312,"160,334,40"
10313,"0,23,40"
10314,"40,135,3"
10315,"3,0,265"
10316,"10,169,40"
10317,"3,21,0"
10318,"0,265,23"
10319,"170,169,199"
10320,"3,40,38"
10321,"0,3,216"
10322,"3,40"
10323,"0,220,265"
10324,"8,0,514"
10325,"3,21,300"
10326,"23,296,10"
10327,"323,181,23"
10328,"3,0,40"
10329,"3,4,0"
10330,"0,23,296"
10331,"3,0,21"
10332,"169,0,271"
10333,"40,0,3"
10334,"323,199,170"
10335,"3,40,21"
10336,"0,277,1"
10337,"0,265,271"
10338,"170,169,199"
10339,"10,3,17"
10340,"23,31,96"
10341,"3,0,21"
10342,"0,23,218"
10343,"146,40,145"
10344,"23,3,38"
10345,"23,0,3"
10346,"0,8,3"
10347,"0,271,40"
10348,"40,131,23"
10349,"3,40,0"
10350,"40,3"
10351,"64,10,3"
10352,"3,40,0"
10353,"265,0,181"
10354,"265,0,488"
10355,"296,169,0"
10356,"3,40,21"
10357,"40,3,169"
10358,"74,118,23"
10359,"3,21,169"
10360,"40,135,3"
10361,"23,74,118"
10362,"10,296,11"
10363,"3,53,0"
10364,"0,271,40"
10365,"40,337,251"
10366,"0,145,10"
10367,"0,255,271"
10368,"23,169,296"
10369,"145,10,40"
10370,"0,354,480"
10371,"23,24,38"
10372,"3,277,1"
10373,"3,40,111"
10374,"96,31,3"
10375,"40,3,0"
10376,"23,74,40"
10377,"3,40,34"
10378,"64,10,199"
10379,"40,131,0"
10380,"0,265"
10381,"0,3,170"
10382,"340,0,265"
10383,"0,10,3"
10384,"40,3,131"
10385,"40,0,10"
10386,"3,0,23"
10387,"40,3,5"
10388,"0,10,3"
10389,"145,23,40"
10390,"0,457,218"
10391,"40,23,0"
10392,"0,480,255"
10393,"0,3,265"
10394,"3,28,113"
10395,"0,3,277"
10396,"4,3,7"
10397,"40,3,169"
10398,"265,0,349"
10399,"40,3,169"
10400,"0,40,23"
10401,"3,169,10"
10402,"169,296,0"
10403,"3,0,23"
10404,"288,498,0"
10405,"40,44,145"
10406,"3,111,182"
10407,"3,120,180"
10408,"199,323,10"
10409,"170,199,40"
10410,"3,0,169"
10411,"3,40,21"
10412,"0,376,265"
10413,"0,346,23"
10414,"3,169,53"
10415,"3,0,21"
10416,"40,131,0"
10417,"3,28,40"
10418,"0,265,340"
10419,"11,10,0"
10420,"10,64,40"
10421,"64,10,80"
10422,"64,10,93"
10423,"10,40,3"
10424,"40,3,0"
10425,"23,74,38"
10426,"40,23,43"
10427,"3,135,0"
10428,"169,10,40"
10429,"0,23,24"
10430,"138,40,135"
10431,"3,10,0"
10432,"498,0,288"
10433,"0,40,3"
10434,"3,111,40"
10435,"0,291,271"
10436,"4,3,19"
10437,"3,160,40"
10438,"3,40,41"
10439,"0,10,3"
10440,"3,40,0"
10441,"169,3,518"
10442,"3,234,60"
10443,"23,3,0"
10444,"3,169,21"
10445,"241,169,296"
10446,"3,40,17"
10447,"40,23,3"
10448,"170,40,169"
10449,"3,0,21"
10450,"40,0,10"
10451,"40,135,271"
10452,"426,169,259"
10453,"3,320,4"
10454,"38,0,23"
10455,"199,323,10"
10456,"40,146,145"
10457,"0,8,206"
10458,"0,3,10"
10459,"0,265,3"
10460,"118,74,23"
10461,"10,11,0"
10462,"0,271"
10463,"3,0,4"
10464,"250,40,162"
10465,"0,265,277"
10466,"0,40,10"
10467,"0,271,3"
10468,"8,514,0"
10469,"255,0,271"
10470,"10,3,220"
10471,"38,514,8"
10472,"0,265,10"
10473,"4,3,19"
10474,"251,23,38"
10475,"3,40,0"
10476,"169,296,0"
10477,"3,40,169"
10478,"169,296,311"
10479,"40,3,160"
10480,"3,111,296"
10481,"40,160,3"
10482,"40,3"
10483,"96,31,3"
10484,"10,220,0"
10485,"181,323,40"
10486,"23,199,169"
10487,"3,0,34"
10488,"3,225,120"
10489,"169,296,3"
10490,"3,21,40"
10491,"169,3,311"
10492,"64,10,3"
10493,"455,40,131"
10494,"171,199,170"
10495,"3,21,0"
10496,"0,3,10"
10497,"3,21,40"
10498,"0,169,199"
10499,"0,271,291"
10500,"0,3,277"
10501,"23,40,31"
10502,"334,160,40"
10503,"0,265,421"
10504,"175,40,128"
10505,"296,3,169"
10506,"0,23,40"
10507,"3,21,40"
10508,"0,40,23"
10509,"10,0,23"
10510,"3,162,40"
10511,"40,131,23"
10512,"0,23,271"
10513,"23,74,118"
10514,"323,170,43"
10515,"40,131,0"
10516,"0,23,40"
10517,"10,11,0"
10518,"3,0,271"
10519,"23,3,169"
10520,"64,10,93"
10521,"10,64,0"
10522,"40,160,23"
10523,"3,296,0"
10524,"3,21,4"
10525,"3,0,169"
10526,"10,220,0"
10527,"10,145,0"
10528,"3,23,53"
10529,"3,220,0"
10530,"0,8,265"
10531,"40,0,34"
10532,"10,11,23"
10533,"3,21,0"
10534,"0,271,444"
10535,"3,4,28"
10536,"23,38,0"
10537,"3,21,0"
10538,"74,23,317"
10539,"160,40,3"
10540,"3,21,0"
10541,"10,23,64"
10542,"64,10,169"
10543,"3,40,0"
10544,"3,21,296"
10545,"89,26,23"
10546,"40,3,23"
10547,"0,10,265"
10548,"3,0,518"
10549,"0,271,255"
10550,"0,31,32"
10551,"0,514,3"
10552,"3,34,217"
10553,"169,296,40"
10554,"40,160,334"
10555,"64,10,80"
10556,"3,0,296"
10557,"0,296,40"
10558,"40,3,145"
10559,"40,455,131"
10560,"0,23,265"
10561,"40,38,23"
10562,"3,199,323"
10563,"40,0,10"
10564,"145,44,0"
10565,"3,182,40"
10566,"0,10,3"
10567,"38,23,3"
10568,"170,0,199"
10569,"3,5,97"
10570,"3,0,21"
10571,"40,3,169"
10572,"0,40,23"
10573,"3,21,0"
10574,"0,3,40"
10575,"40,0,23"
10576,"0,265,40"
10577,"23,38,0"
10578,"3,0,40"
10579,"0,271,444"
10580,"498,0,288"
10581,"0,3,255"
10582,"3,0,28"
10583,"0,271,213"
10584,"40,169,0"
10585,"0,265,425"
10586,"0,23,3"
10587,"40,0,160"
10588,"10,0,3"
10589,"38,23,0"
10590,"3,21,169"
10591,"0,169,40"
10592,"0,23,40"
10593,"3,40,169"
10594,"40,131,169"
10595,"40,3,160"
10596,"0,40,10"
10597,"0,265,3"
10598,"3,40,0"
10599,"38,23,71"
10600,"0,3,187"
10601,"3,17,58"
10602,"40,234,60"
10603,"40,131,0"
10604,"296,169,3"
10605,"40,3,23"
10606,"10,40,64"
10607,"3,111,40"
10608,"3,120,21"
10609,"3,17,0"
10610,"0,23,3"
10611,"3,21,40"
10612,"10,64,93"
10613,"199,10,23"
10614,"3,21,28"
10615,"3,21,120"
10616,"3,40,21"
10617,"145,40,406"
10618,"3,320,217"
10619,"10,23,0"
10620,"3,21,124"
10621,"3,40,23"
10622,"40,169,135"
10623,"128,3,40"
10624,"40,0,38"
10625,"23,0,40"
10626,"10,0,288"
10627,"0,277,265"
10628,"169,426,40"
10629,"5,3,0"
10630,"40,3,160"
10631,"0,23,169"
10632,"0,425,3"
10633,"0,23,3"
10634,"10,64,0"
10635,"0,265,3"
10636,"40,3,41"
10637,"3,518,0"
10638,"3,0,40"
10639,"40,41,224"
10640,"0,8,308"
10641,"0,3,265"
10642,"0,3,288"
10643,"3,5,28"
10644,"24,43,23"
10645,"38,40,23"
10646,"3,40,169"
10647,"0,271,265"
10648,"38,23,39"
10649,"311,10,64"
10650,"145,0,10"
10651,"10,40,44"
10652,"40,3,23"
10653,"3,21,0"
10654,"40,0,3"
10655,"0,10,3"
10656,"131,40,226"
10657,"0,265,271"
10658,"0,23,8"
10659,"0,8,355"
10660,"3,0,23"
10661,"40,135,244"
10662,"323,170,0"
10663,"0,23,10"
10664,"417,169,296"
10665,"0,425,265"
10666,"40,3,21"
10667,"0,3,225"
10668,"0,23,3"
10669,"3,169,0"
10670,"3,169,0"
10671,"0,271,255"
10672,"40,3,23"
10673,"0,23,40"
10674,"0,313,410"
10675,"3,17,21"
10676,"40,23,3"
10677,"0,265,23"
10678,"0,265,23"
10679,"31,3,96"
10680,"0,296,169"
10681,"3,28,0"
10682,"40,102,21"
10683,"131,40,406"
10684,"135,40,189"
10685,"3,21,40"
10686,"0,265,271"
10687,"508,426,40"
10688,"23,40,0"
10689,"40,494,0"
10690,"431,426,259"
10691,"3,0,296"
10692,"3,169,23"
10693,"3,120,147"
10694,"0,265,23"
10695,"40,0,265"
10696,"3,5,21"
10697,"3,23,21"
10698,"3,52,4"
10699,"0,265,271"
10700,"40,0,10"
10701,"220,10,0"
10702,"3,40,184"
10703,"64,10,80"
10704,"0,10,265"
10705,"0,38,23"
10706,"40,3,21"
10707,"3,182,4"
10708,"3,21"
10709,"187,3,21"
10710,"182,3,21"
10711,"0,8,3"
10712,"40,160,3"
10713,"10,64,43"
10714,"10,93,64"
10715,"0,265,271"
10716,"64,0,3"
10717,"323,170,199"
10718,"0,3,40"
10719,"96,3,40"
10720,"170,169,40"
10721,"10,437,3"
10722,"296,169,40"
10723,"3,4,0"
10724,"3,111,40"
10725,"0,418,265"
10726,"220,10,221"
10727,"3,169,0"
10728,"0,40,3"
10729,"0,265,40"
10730,"0,271,291"
10731,"323,24,23"
10732,"0,265,340"
10733,"3,0,10"
10734,"3,53,21"
10735,"0,271,40"
10736,"64,10,80"
10737,"3,40,23"
10738,"3,23,40"
10739,"3,147,0"
10740,"3,28,169"
10741,"40,23,169"
10742,"40,10,23"
10743,"3,169,40"
10744,"40,3,0"
10745,"135,138,40"
10746,"0,271,255"
10747,"44,145,23"
10748,"64,10,23"
10749,"3,5,320"
10750,"3,10,21"
10751,"40,23,3"
10752,"3,0,169"
10753,"10,0,40"
10754,"131,406,40"
10755,"448,10,0"
10756,"0,3,216"
10757,"23,40,0"
10758,"265,3,340"
10759,"0,265,8"
10760,"3,10,0"
10761,"40,23,38"
10762,"3,23,40"
10763,"0,311,3"
10764,"40,0,3"
10765,"3,4,111"
10766,"0,265,40"
10767,"3,21,13"
10768,"0,3,311"
10769,"3,120,217"
10770,"323,199,170"
10771,"169,3,170"
10772,"40,160,0"
10773,"3,0,199"
10774,"11,10,40"
10775,"40,3,28"
10776,"3,182,0"
10777,"10,0,3"
10778,"3,40,21"
10779,"0,265,271"
10780,"3,4,28"
10781,"0,265,10"
10782,"0,271,291"
10783,"3,0,53"
10784,"3,40,120"
10785,"187,3,34"
10786,"3,40,21"
10787,"0,3,10"
10788,"0,265"
10789,"0,498,271"
10790,"0,265,169"
10791,"40,23,24"
10792,"0,265,213"
10793,"3,28,85"
10794,"138,135,169"
10795,"40,138,135"
10796,"3,4,0"
10797,"3,0,40"
10798,"3,17,320"
10799,"0,3,23"
10800,"0,3,40"
10801,"40,146,145"
10802,"74,23,3"
10803,"23,40,3"
10804,"0,10,40"
10805,"0,23,64"
10806,"0,23,40"
10807,"3,17,21"
10808,"3,10,23"
10809,"0,291,23"
10810,"135,138,40"
10811,"3,53,21"
10812,"10,64,3"
10813,"0,3,10"
10814,"3,0,135"
10815,"0,514,169"
10816,"0,40,271"
10817,"23,26,10"
10818,"0,23,40"
10819,"64,10,3"
10820,"271,0,444"
10821,"3,0,21"
10822,"0,3,220"
10823,"40,3,169"
10824,"64,10,23"
10825,"3,23,38"
10826,"0,265,10"
10827,"23,0,38"
10828,"0,8,271"
10829,"0,3,458"
10830,"0,10,265"
10831,"3,0,23"
10832,"0,255,265"
10833,"187,3,21"
10834,"4,3,7"
10835,"3,21,40"
10836,"0,23,38"
10837,"23,3,74"
10838,"3,40,187"
10839,"0,3,23"
10840,"40,131"
10841,"23,0,3"
10842,"0,265,3"
10843,"0,255,271"
10844,"0,216,271"
10845,"3,21,53"
10846,"169,296,0"
10847,"3,53,40"
10848,"0,8,89"
10849,"3,21,5"
10850,"10,64,3"
10851,"0,3,271"
10852,"145,40,44"
10853,"23,3,0"
10854,"3,28,111"
10855,"0,23,38"
10856,"163,162,128"
10857,"0,271,265"
10858,"25,23,0"
10859,"169,3,23"
10860,"0,265,458"
10861,"0,23,40"
10862,"3,311,0"
10863,"10,220,0"
10864,"3,40,21"
10865,"3,23,24"
10866,"0,10,3"
10867,"0,10,3"
10868,"265,0,10"
10869,"169,10,296"
10870,"3,40,0"
10871,"220,0,10"
10872,"0,213,458"
10873,"40,135,3"
10874,"40,131,0"
10875,"0,366,271"
10876,"0,271,255"
10877,"40,0,23"
10878,"40,0,271"
10879,"118,74,23"
10880,"0,265,8"
10881,"23,0,3"
10882,"3,0,120"
10883,"120,3,169"
10884,"64,0,23"
10885,"3,0,40"
10886,"0,265,220"
10887,"10,40,145"
10888,"64,10,145"
10889,"44,73,38"
10890,"3,40,0"
10891,"3,169,40"
10892,"40,169,160"
10893,"16,3,15"
10894,"0,265,271"
10895,"3,0,40"
10896,"3,5,21"
10897,"3,21,182"
10898,"3,13,0"
10899,"0,40,3"
10900,"3,53,0"
10901,"3,28,21"
10902,"3,40,0"
10903,"3,40,21"
10904,"131,40,23"
10905,"10,11,220"
10906,"3,53,0"
10907,"135,40,0"
10908,"169,296,3"
10909,"138,40,135"
10910,"3,4,40"
10911,"3,34,263"
10912,"10,64,0"
10913,"0,26,23"
10914,"3,0,40"
10915,"0,10,3"
10916,"10,64,3"
10917,"0,265,169"
10918,"8,0,40"
10919,"3,169,0"
10920,"3,0,28"
10921,"64,23,10"
10922,"40,3,169"
10923,"10,3,64"
10924,"0,271,8"
10925,"40,160"
10926,"0,271,3"
10927,"169,296,3"
10928,"3,21,0"
10929,"128,40,3"
10930,"3,169,452"
10931,"10,64,23"
10932,"24,43,23"
10933,"0,271,291"
10934,"0,265,23"
10935,"40,145,10"
10936,"0,271,26"
10937,"0,271,10"
10938,"3,40,0"
10939,"3,23,0"
10940,"181,10,0"
10941,"3,21,40"
10942,"0,265,8"
10943,"0,23,40"
10944,"4,3,19"
10945,"40,3,21"
10946,"0,3,40"
10947,"138,40,135"
10948,"64,80,10"
10949,"0,23,40"
10950,"0,265,8"
10951,"0,3,10"
10952,"3,0,169"
10953,"40,0,23"
10954,"0,3,40"
10955,"40,0,23"
10956,"0,208,10"
10957,"3,0,5"
10958,"3,21"
10959,"296,3,40"
10960,"0,169,288"
10961,"3,28,21"
10962,"3,169,0"
10963,"23,40,10"
10964,"40,43,0"
10965,"40,23,10"
10966,"40,128,186"
10967,"0,40,169"
10968,"191,3,0"
10969,"508,287,23"
10970,"0,3,23"
10971,"0,265,355"
10972,"3,40,21"
10973,"138,40,135"
10974,"3,169,296"
10975,"3,202,21"
10976,"3,199,10"
10977,"3,21,0"
10978,"0,3,271"
10979,"0,271,216"
10980,"189,135,40"
10981,"3,15,16"
10982,"3,311,169"
10983,"0,40,23"
10984,"3,23,0"
10985,"3,120,0"
10986,"0,8,514"
10987,"40,0,3"
10988,"3,21,40"
10989,"220,10,221"
10990,"0,271,455"
10991,"0,216,40"
10992,"40,130,3"
10993,"3,182,0"
10994,"3,40,17"
10995,"145,3,40"
10996,"3,40,334"
10997,"0,3,23"
10998,"40,131,134"
10999,"3,296,40"
11000,"296,3,300"
11001,"170,199,169"
11002,"0,40,23"
11003,"0,23,38"
11004,"40,23,128"
11005,"3,28,0"
11006,"0,3,10"
11007,"40,0,23"
11008,"8,0,308"
11009,"10,64,0"
11010,"3,10,145"
11011,"3,220,0"
11012,"0,10,296"
11013,"134,40,131"
11014,"10,0,44"
11015,"40,0,169"
11016,"0,296,169"
11017,"0,23,40"
11018,"0,40,271"
11019,"508,169,296"
11020,"334,160,40"
11021,"0,457,218"
11022,"40,0,3"
11023,"40,3,145"
11024,"281,169,199"
11025,"0,3,40"
11026,"40,128,3"
11027,"296,169,333"
11028,"0,3,277"
11029,"0,3,199"
11030,"23,3,40"
11031,"296,169,452"
11032,"0,40,169"
11033,"52,51,3"
11034,"0,3,8"
11035,"169,296,3"
11036,"3,182,21"
11037,"402,23,0"
11038,"0,514,8"
11039,"23,38,296"
11040,"296,169,3"
11041,"171,170,199"
11042,"3,21,53"
11043,"0,265,349"
11044,"0,271,313"
11045,"0,3,216"
11046,"3,111,0"
11047,"0,40,296"
11048,"311,0,169"
11049,"0,277,3"
11050,"311,169,0"
11051,"296,169,452"
11052,"3,40,41"
11053,"265,0,10"
11054,"23,3,26"
11055,"10,296,40"
11056,"0,271,40"
11057,"74,23,38"
11058,"64,93,10"
11059,"3,0,263"
11060,"0,3,10"
11061,"0,40,23"
11062,"3,40,296"
11063,"40,160,496"
11064,"40,0,23"
11065,"0,23,10"
11066,"0,218,23"
11067,"0,145,38"
11068,"265,425,0"
11069,"0,8,498"
11070,"43,24,23"
11071,"0,169,40"
11072,"3,21,0"
11073,"220,10,3"
11074,"3,17,320"
11075,"0,3,265"
11076,"40,128,296"
11077,"0,3,169"
11078,"199,170,40"
11079,"10,64,3"
11080,"0,265"
11081,"40,128,23"
11082,"3,53,28"
11083,"3,0,40"
11084,"10,296,145"
11085,"0,49,265"
11086,"40,0,169"
11087,"337,251,40"
11088,"11,40,10"
11089,"0,169,23"
11090,"54,10,0"
11091,"3,21,0"
11092,"3,0,105"
11093,"0,346,313"
11094,"0,8,26"
11095,"160,40,334"
11096,"0,334,23"
11097,"0,63,23"
11098,"38,39,23"
11099,"131,40,241"
11100,"23,0,24"
11101,"40,3,23"
11102,"31,23,0"
11103,"40,3,41"
11104,"3,0,265"
11105,"0,169,8"
11106,"10,23,0"
11107,"169,3,300"
11108,"0,271,40"
11109,"131,40,0"
11110,"73,44,145"
11111,"64,10,448"
11112,"182,74,3"
11113,"3,40,21"
11114,"3,21,111"
11115,"251,169,199"
11116,"0,208,8"
11117,"220,0,10"
11118,"90,40,3"
11119,"40,135,3"
11120,"23,3,31"
11121,"3,30"
11122,"0,255,271"
11123,"0,3,265"
11124,"3,4,425"
11125,"3,21,85"
11126,"40,131,406"
11127,"0,40,3"
11128,"0,271,213"
11129,"0,265,218"
11130,"10,23,3"
11131,"31,40,10"
11132,"38,23,74"
11133,"366,0,271"
11134,"74,23,3"
11135,"0,288,3"
11136,"0,23,3"
11137,"498,0,288"
11138,"0,271,255"
11139,"3,40,10"
11140,"3,160,40"
11141,"0,10,220"
11142,"0,271,3"
11143,"3,0,265"
11144,"24,23,40"
11145,"220,3,0"
11146,"3,120,13"
11147,"0,23,3"
11148,"40,3,160"
11149,"40,135,0"
11150,"0,23,26"
11151,"23,3,40"
11152,"40,10,23"
11153,"64,10,93"
11154,"3,40,13"
11155,"40,3,0"
11156,"131,40,134"
11157,"0,23,40"
11158,"0,23,265"
11159,"0,103,23"
11160,"3,21,40"
11161,"0,220,10"
11162,"0,271,220"
11163,"3,169,21"
11164,"40,3,135"
11165,"40,0,199"
11166,"220,10,0"
11167,"145,402,40"
11168,"220,10,0"
11169,"0,10,40"
11170,"64,10,3"
11171,"5,3,28"
11172,"0,271,366"
11173,"40,250,38"
11174,"0,40,23"
11175,"0,271,40"
11176,"0,3,10"
11177,"3,147,0"
11178,"40,128,41"
11179,"0,40,271"
11180,"0,10,23"
11181,"3,139,40"
11182,"40,3,184"
11183,"23,0,40"
11184,"40,3,0"
11185,"0,38,23"
11186,"3,0,169"
11187,"311,40,3"
11188,"3,13,28"
11189,"0,265,480"
11190,"0,10,218"
11191,"38,169,417"
11192,"0,8,271"
11193,"3,0,40"
11194,"3,296,21"
11195,"63,23,0"
11196,"0,40,23"
11197,"0,169,337"
11198,"169,40,23"
11199,"38,169,0"
11200,"23,40,10"
11201,"309,38,23"
11202,"0,265,271"
11203,"0,271,291"
11204,"40,3,41"
11205,"64,10,93"
11206,"40,23,128"
11207,"40,160,3"
11208,"10,40,3"
11209,"3,23,0"
11210,"323,43,170"
11211,"0,23,271"
11212,"0,271,218"
11213,"3,21,199"
11214,"40,131,0"
11215,"0,3,10"
11216,"40,0,169"
11217,"0,10,11"
11218,"40,3,169"
11219,"3,187,263"
11220,"0,265,24"
11221,"23,0,3"
11222,"23,296,40"
11223,"0,265,255"
11224,"40,0,160"
11225,"431,40,135"
11226,"220,10,0"
11227,"3,21,0"
11228,"3,40,169"
11229,"23,38,0"
11230,"0,3,1"
11231,"10,40,3"
11232,"0,271,444"
11233,"10,23,0"
11234,"0,313,346"
11235,"0,265,3"
11236,"40,131,3"
11237,"3,21,40"
11238,"3,17,0"
11239,"145,54,40"
11240,"3,0,169"
11241,"40,131,3"
11242,"23,0,3"
11243,"0,271,265"
11244,"64,80,10"
11245,"480,0,3"
11246,"3,21,28"
11247,"0,220,10"
11248,"3,40,30"
11249,"3,0,160"
11250,"169,38,23"
11251,"271,40,170"
11252,"0,265,271"
11253,"40,3,135"
11254,"0,40,23"
11255,"0,265,3"
11256,"10,145,11"
11257,"10,64,145"
11258,"3,15,16"
11259,"3,10,40"
11260,"64,0,448"
11261,"0,265,8"
11262,"40,169,3"
11263,"40,38,3"
11264,"3,156,202"
11265,"169,199,311"
11266,"40,128,459"
11267,"0,10,265"
11268,"40,135,169"
11269,"40,0,3"
11270,"0,265,3"
11271,"21,3,108"
11272,"3,208,40"
11273,"0,170,3"
11274,"0,265,313"
11275,"0,10,40"
11276,"40,3,145"
11277,"3,169,40"
11278,"0,265,488"
11279,"23,38,0"
11280,"169,199,170"
11281,"0,23,3"
11282,"23,10,40"
11283,"3,21,34"
11284,"0,216,3"
11285,"131,40,226"
11286,"0,145,44"
11287,"0,271,291"
11288,"0,145,44"
11289,"40,169,170"
11290,"40,169,10"
11291,"0,23,40"
11292,"3,4,15"
11293,"0,340,23"
11294,"0,296,169"
11295,"3,16,15"
11296,"10,64,0"
11297,"40,3,169"
11298,"3,0,169"
11299,"64,10,40"
11300,"10,71,40"
11301,"135,138,40"
11302,"0,3,311"
11303,"169,0,271"
11304,"64,10,93"
11305,"3,21,40"
11306,"3,0,287"
11307,"40,145,3"
11308,"10,3,23"
11309,"418,265,0"
11310,"3,40,0"
11311,"40,3,0"
11312,"265,0,3"
11313,"0,40,3"
11314,"138,135,40"
11315,"0,169,452"
11316,"3,21,0"
11317,"10,0,220"
11318,"169,40,281"
11319,"3,169,53"
11320,"3,0,4"
11321,"145,0,23"
11322,"0,271,216"
11323,"3,0,40"
11324,"3,40,311"
11325,"10,64,3"
11326,"145,0,10"
11327,"3,204,13"
11328,"0,271,40"
11329,"170,0,323"
11330,"169,296,300"
11331,"40,243,23"
11332,"0,265,3"
11333,"3,23,15"
11334,"169,171,170"
11335,"220,10,3"
11336,"3,40,111"
11337,"265,40,0"
11338,"3,208,13"
11339,"40,0,170"
11340,"3,169,40"
11341,"0,265,218"
11342,"0,199,170"
11343,"10,220,0"
11344,"0,3,271"
11345,"10,64,23"
11346,"128,3,40"
11347,"131,40,226"
11348,"23,10,170"
11349,"23,169,311"
11350,"40,3,21"
11351,"3,0,111"
11352,"0,328,218"
11353,"10,64,3"
11354,"23,8,0"
11355,"3,23,40"
11356,"3,21,5"
11357,"40,169,3"
11358,"0,271,265"
11359,"3,40,0"
11360,"0,3,265"
11361,"0,40,3"
11362,"3,21,23"
11363,"3,17,21"
11364,"10,145,0"
11365,"3,30,81"
11366,"220,10,23"
11367,"3,0,40"
11368,"40,169,23"
11369,"3,0,425"
11370,"0,271,255"
11371,"40,3,23"
11372,"3,21,30"
11373,"145,10,54"
11374,"135,40,374"
11375,"0,40,265"
11376,"3,21,0"
11377,"0,3,10"
11378,"0,271,265"
11379,"0,498,288"
11380,"40,134,131"
11381,"0,17,3"
11382,"457,0,218"
11383,"0,8,514"
11384,"40,23,3"
11385,"0,296,169"
11386,"0,3,340"
11387,"3,0,265"
11388,"1,3,0"
11389,"3,21,86"
11390,"3,10,0"
11391,"3,0,23"
11392,"40,131,135"
11393,"175,128,40"
11394,"0,40,10"
11395,"498,288,0"
11396,"131,406,40"
11397,"0,3,296"
11398,"0,23,8"
11399,"0,271,169"
11400,"251,170,169"
11401,"0,355,265"
11402,"3,40,0"
11403,"0,265,38"
11404,"0,40,23"
11405,"0,40,23"
11406,"120,3,225"
11407,"0,498,288"
11408,"10,220,0"
11409,"3,5,57"
11410,"23,38,40"
11411,"40,135,138"
11412,"3,40,0"
11413,"3,21,53"
11414,"23,0,296"
11415,"74,40,3"
11416,"3,40,169"
11417,"40,23,3"
11418,"311,0,169"
11419,"0,145,10"
11420,"23,3,169"
11421,"23,40,10"
11422,"287,3,53"
11423,"0,271,3"
11424,"3,40,10"
11425,"0,40,23"
11426,"3,0,21"
11427,"40,0,23"
11428,"265,0,418"
11429,"0,271,40"
11430,"10,0,220"
11431,"40,0,128"
11432,"3,13,28"
11433,"11,10,0"
11434,"220,10,0"
11435,"10,0,145"
11436,"40,0,160"
11437,"0,271,3"
11438,"3,4,111"
11439,"40,3,146"
11440,"40,23,3"
11441,"0,8,288"
11442,"3,0,225"
11443,"3,423,0"
11444,"0,265"
11445,"40,160,3"
11446,"135,3,40"
11447,"40,160,334"
11448,"187,21,3"
11449,"3,15,0"
11450,"64,10,40"
11451,"40,3,328"
11452,"3,15,21"
11453,"0,265,271"
11454,"0,23,288"
11455,"3,0,120"
11456,"3,0,169"
11457,"10,220,0"
11458,"3,30,21"
11459,"10,0,40"
11460,"0,23,8"
11461,"0,271,370"
11462,"3,33,40"
11463,"10,220,0"
11464,"0,105,3"
11465,"3,40,0"
11466,"425,265,0"
11467,"3,21,28"
11468,"3,40,23"
11469,"23,74,3"
11470,"169,3,0"
11471,"3,0,169"
11472,"3,15,0"
11473,"145,0,23"
11474,"23,0,24"
11475,"3,21,301"
11476,"23,0,13"
11477,"0,271,265"
11478,"3,53,287"
11479,"64,10,80"
11480,"40,3,0"
11481,"0,44,10"
11482,"3,0,53"
11483,"3,0,40"
11484,"311,169,3"
11485,"0,265,277"
11486,"220,10,0"
11487,"311,169,40"
11488,"0,271,23"
11489,"3,0,21"
11490,"340,3,265"
11491,"131,40,417"
11492,"0,265,10"
11493,"171,170,199"
11494,"0,480,255"
11495,"0,255,216"
11496,"23,3,40"
11497,"169,296,3"
11498,"169,0,40"
11499,"31,96,40"
11500,"0,23,40"
11501,"3,111,0"
11502,"3,0,28"
11503,"0,23,40"
11504,"3,15,16"
11505,"3,120,147"
11506,"23,94,38"
11507,"5,6,3"
11508,"5,3,21"
11509,"3,169,0"
11510,"3,16,15"
11511,"10,64,0"
11512,"3,5"
11513,"3,21,0"
11514,"0,23,40"
11515,"169,459,3"
11516,"0,271,40"
11517,"3,0,34"
11518,"40,41,250"
11519,"10,170,199"
11520,"3,111,21"
11521,"334,40,160"
11522,"0,288,40"
11523,"3,40,10"
11524,"38,23,0"
11525,"169,40,0"
11526,"0,10,40"
11527,"64,10,3"
11528,"40,3,23"
11529,"169,40,63"
11530,"199,170,323"
11531,"3,21,0"
11532,"40,0,3"
11533,"3,4,40"
11534,"3,10,0"
11535,"0,3"
11536,"23,296,0"
11537,"10,11,0"
11538,"23,73,40"
11539,"10,0,11"
11540,"425,3,265"
11541,"23,402,40"
11542,"0,271,265"
11543,"40,10,160"
11544,"40,3,135"
11545,"402,145,0"
11546,"3,21,182"
11547,"3,0,28"
11548,"40,0,145"
11549,"40,3,0"
11550,"40,0,3"
11551,"0,218,10"
11552,"40,131,406"
11553,"40,138,3"
11554,"23,0,131"
11555,"0,8,514"
11556,"3,0,53"
11557,"64,10,3"
11558,"23,0,38"
11559,"3,21,0"
11560,"3,0,21"
11561,"0,220,3"
11562,"3,40,111"
11563,"0,265,40"
11564,"3,0,23"
11565,"0,40,3"
11566,"0,3,23"
11567,"40,23,0"
11568,"0,265,40"
11569,"3,51,52"
11570,"0,169,296"
11571,"296,40,169"
11572,"0,255,372"
11573,"23,40,38"
11574,"0,3,263"
11575,"0,265,340"
11576,"3,21,187"
11577,"40,0,169"
11578,"40,3,187"
11579,"3,120,147"
11580,"0,457,218"
11581,"0,23,169"
11582,"0,265,3"
11583,"3,21,40"
11584,"3,13,5"
11585,"3,30,21"
11586,"118,23,74"
11587,"3,40,518"
11588,"0,265,8"
11589,"3,509,21"
11590,"10,0,64"
11591,"40,3,184"
11592,"199,323,3"
11593,"0,40,370"
11594,"0,208,453"
11595,"3,169,0"
11596,"199,10,170"
11597,"10,64,0"
11598,"3,21,0"
11599,"10,23,3"
11600,"74,118,23"
11601,"3,40,169"
11602,"3,169,34"
11603,"23,40,38"
11604,"64,10,448"
11605,"0,265,488"
11606,"160,40,0"
11607,"3,40,21"
11608,"0,23,40"
11609,"3,21,23"
11610,"40,135,244"
11611,"170,199,323"
11612,"3,17,0"
11613,"93,64,10"
11614,"3,187,21"
11615,"0,3,265"
11616,"3,58,135"
11617,"131,40,241"
11618,"38,0,71"
11619,"40,0,23"
11620,"40,145,146"
11621,"169,311,296"
11622,"3,21,40"
11623,"23,3,0"
11624,"3,17,15"
11625,"0,265,3"
11626,"0,23,8"
11627,"0,265"
11628,"3,40,21"
11629,"0,169,23"
11630,"0,40,271"
11631,"23,74,3"
11632,"3,21,40"
11633,"220,10,221"
11634,"23,74,118"
11635,"145,54,3"
11636,"3,21,40"
11637,"0,40,160"
11638,"40,131,23"
11639,"40,23,38"
11640,"3,0,265"
11641,"64,93,10"
11642,"23,40,0"
11643,"71,38,0"
11644,"3,21,40"
11645,"40,23,3"
11646,"40,131,0"
11647,"40,3,10"
11648,"3,53,0"
11649,"40,0,3"
11650,"40,11,145"
11651,"3,17,21"
11652,"0,23,40"
11653,"0,277,458"
11654,"170,40,199"
11655,"291,0,271"
11656,"40,131"
11657,"3,21,40"
11658,"3,21,40"
11659,"23,0,26"
11660,"3,111,5"
11661,"10,220,0"
11662,"10,220,0"
11663,"220,10,3"
11664,"3,0,291"
11665,"3,21,169"
11666,"10,0,265"
11667,"138,135,40"
11668,"64,10,80"
11669,"3,0,40"
11670,"3,53,21"
11671,"40,23,160"
11672,"23,38,0"
11673,"74,23,0"
11674,"0,40,23"
11675,"0,40,169"
11676,"40,169,170"
11677,"3,169,0"
11678,"0,271,265"
11679,"0,514,265"
11680,"10,24,64"
11681,"145,40,44"
11682,"10,220,0"
11683,"0,265,3"
11684,"323,199,170"
11685,"40,187,3"
11686,"123,111,3"
11687,"40,3,0"
11688,"10,23,0"
11689,"3,21,0"
11690,"3,51,52"
11691,"0,418,265"
11692,"0,3,323"
11693,"3,0,265"
11694,"0,271,255"
11695,"5,3,0"
11696,"0,311,169"
11697,"0,216,40"
11698,"0,40,313"
11699,"3,21,4"
11700,"40,38,169"
11701,"3,120,34"
11702,"169,0,296"
11703,"402,23,145"
11704,"10,0,23"
11705,"3,28,160"
11706,"3,0,53"
11707,"0,3,17"
11708,"40,3,23"
11709,"0,40,216"
11710,"135,40,138"
11711,"4,3,0"
11712,"40,0,23"
11713,"3,10,0"
11714,"64,10,40"
11715,"3,40,0"
11716,"199,3,40"
11717,"40,334,160"
11718,"0,311,426"
11719,"0,291,271"
11720,"3,21,120"
11721,"3,169,0"
11722,"0,3,265"
11723,"23,0,10"
11724,"40,160,3"
11725,"3,28,13"
11726,"0,3,277"
11727,"11,10,40"
11728,"3,0,111"
11729,"25,0,10"
11730,"3,4,19"
11731,"0,23,38"
11732,"40,160,23"
11733,"40,3,131"
11734,"3,169,311"
11735,"40,0,23"
11736,"3,21,111"
11737,"23,74,38"
11738,"0,265,8"
11739,"0,3,145"
11740,"0,10,23"
11741,"3,15,17"
11742,"3,40,225"
11743,"169,3,199"
11744,"21,3,301"
11745,"3,0,40"
11746,"3,51,34"
11747,"3,0,263"
11748,"3,15,0"
11749,"199,169,170"
11750,"40,128,3"
11751,"169,23,0"
11752,"3,21,40"
11753,"0,44,10"
11754,"96,31,23"
11755,"40,3,199"
11756,"40,0,23"
11757,"0,40,271"
11758,"10,64,0"
11759,"10,64,31"
11760,"23,38,94"
11761,"3,40,23"
11762,"3,21,0"
11763,"3,282,0"
11764,"401,3,40"
11765,"3,53,17"
11766,"0,271,3"
11767,"3,21,0"
11768,"3,15,28"
11769,"0,3,169"
11770,"3,21,108"
11771,"3,21,0"
11772,"3,23,0"
11773,"339,337,3"
11774,"311,169,320"
11775,"40,3,241"
11776,"10,64,0"
11777,"169,311,3"
11778,"0,10,271"
11779,"10,0,3"
11780,"10,0,64"
11781,"40,135,169"
11782,"426,0,169"
11783,"23,0,3"
11784,"23,10,3"
11785,"0,265,24"
11786,"169,0,296"
11787,"3,364,23"
11788,"199,323,170"
11789,"131,40,226"
11790,"3,225,0"
11791,"0,40,313"
11792,"3,53,0"
11793,"0,220,23"
11794,"0,169,10"
11795,"0,311,169"
11796,"23,38,417"
11797,"10,11,169"
11798,"23,38,91"
11799,"3,23,40"
11800,"0,288,498"
11801,"3,21,40"
11802,"3,0,169"
11803,"3,28,4"
11804,"3,53,21"
11805,"3,169,311"
11806,"3,21,0"
11807,"175,23,128"
11808,"24,23,11"
11809,"0,10,3"
11810,"40,3,135"
11811,"0,23,10"
11812,"3,21,301"
11813,"3,21,40"
11814,"145,40,23"
11815,"40,334,160"
11816,"40,3,0"
11817,"4,3,19"
11818,"10,0,3"
11819,"0,291,271"
11820,"40,3,160"
11821,"3,40,0"
11822,"0,169,23"
11823,"0,10,3"
11824,"0,271,355"
11825,"3,53,21"
11826,"145,10,64"
11827,"0,23,38"
11828,"3,0,40"
11829,"3,40,234"
11830,"3,28,13"
11831,"199,3,40"
11832,"10,220,0"
11833,"3,0,21"
11834,"0,355,271"
11835,"340,0,265"
11836,"0,23,3"
11837,"0,8,410"
11838,"131,134,40"
11839,"3,169,296"
11840,"40,162,3"
11841,"0,3,265"
11842,"24,296,169"
11843,"0,277,3"
11844,"0,8,308"
11845,"23,3,169"
11846,"23,0,38"
11847,"0,265,271"
11848,"0,271,218"
11849,"145,10,40"
11850,"118,74,23"
11851,"0,169,40"
11852,"0,265,288"
11853,"0,8,271"
11854,"3,21,0"
11855,"0,10,3"
11856,"11,10,0"
11857,"64,10,80"
11858,"111,3,0"
11859,"3,23,0"
11860,"457,0,218"
11861,"10,40,296"
11862,"3,23,40"
11863,"10,23,40"
11864,"3,182,0"
11865,"40,135,0"
11866,"23,145,44"
11867,"3,0,135"
11868,"64,10,90"
11869,"3,10,40"
11870,"3,0,425"
11871,"0,23,3"
11872,"3,4,0"
11873,"23,40,11"
11874,"3,17,0"
11875,"0,265,3"
11876,"23,40,74"
11877,"3,0,23"
11878,"0,369,206"
11879,"160,40,334"
11880,"0,10,40"
11881,"0,40,3"
11882,"138,135,40"
11883,"311,0,169"
11884,"0,8,265"
11885,"0,271,23"
11886,"3,0,169"
11887,"0,8,23"
11888,"3,4,0"
11889,"3,21,40"
11890,"0,3,265"
11891,"0,3,208"
11892,"3,17,58"
11893,"296,333,169"
11894,"0,169,3"
11895,"296,23,0"
11896,"0,10,220"
11897,"220,10,0"
11898,"0,40,10"
11899,"3,10,0"
11900,"3,169,0"
11901,"311,169,3"
11902,"170,171,199"
11903,"3,169,23"
11904,"0,40,3"
11905,"0,10,40"
11906,"145,0,402"
11907,"64,10,80"
11908,"3,53,21"
11909,"138,135,40"
11910,"169,459,170"
11911,"3,15,21"
11912,"4,3,0"
11913,"0,40,23"
11914,"10,23,31"
11915,"0,23,3"
11916,"317,74,40"
11917,"40,93,64"
11918,"0,44,145"
11919,"10,64,3"
11920,"3,169,53"
11921,"3,40,52"
11922,"3,40,0"
11923,"63,23,0"
11924,"169,170,40"
11925,"3,13,10"
11926,"40,135,41"
11927,"40,0,3"
11928,"0,265,457"
11929,"3,0,271"
11930,"74,303,23"
11931,"23,0,40"
11932,"296,169,40"
11933,"0,3,216"
11934,"3,53,21"
11935,"3,21,28"
11936,"0,271,40"
11937,"0,40,3"
11938,"131,40"
11939,"3,40,0"
11940,"3,21,301"
11941,"40,184,135"
11942,"3,120,0"
11943,"40,135,169"
11944,"10,64,93"
11945,"3,40,10"
11946,"3,4,0"
11947,"311,169,40"
11948,"0,44,145"
11949,"40,3,41"
11950,"10,0,3"
11951,"10,0,3"
11952,"40,169,3"
11953,"220,10,0"
11954,"3,21,86"
11955,"0,3,271"
11956,"40,131,23"
11957,"10,0,3"
11958,"40,160,128"
11959,"3,21,53"
11960,"38,23,3"
11961,"3,311,169"
11962,"0,71,38"
11963,"0,3,265"
11964,"0,265,425"
11965,"3,0,40"
11966,"296,169,3"
11967,"3,0,271"
11968,"71,38,23"
11969,"10,23,0"
11970,"169,3,0"
11971,"10,64,0"
11972,"145,23,10"
11973,"0,369,208"
11974,"431,311,259"
11975,"40,23,131"
11976,"0,23,24"
11977,"3,0,265"
11978,"40,436,169"
11979,"23,10,24"
11980,"265,3,0"
11981,"23,38,40"
11982,"169,3,311"
11983,"0,271,265"
11984,"0,38,23"
11985,"3,0,169"
11986,"135,138,40"
11987,"0,145,10"
11988,"134,131,40"
11989,"0,23,38"
11990,"3,21,28"
11991,"3,0,265"
11992,"3,21,40"
11993,"3,0,23"
11994,"3,0,187"
11995,"0,40,271"
11996,"0,3,13"
11997,"40,3,0"
11998,"0,3,10"
11999,"3,169,311"
12000,"3,40,0"
12001,"40,10,145"
12002,"3,21,40"
12003,"40,145,146"
12004,"3,21,35"
12005,"40,23,514"
12006,"3,21,40"
12007,"3,0,21"
12008,"3,0,40"
12009,"0,3,23"
12010,"0,40,271"
12011,"40,0,23"
12012,"3,425,0"
12013,"3,40,296"
12014,"169,40,3"
12015,"0,288,265"
12016,"3,40,184"
12017,"3,0,40"
12018,"24,64,10"
12019,"3,0,120"
12020,"40,3,21"
12021,"131,40,23"
12022,"40,23,3"
12023,"3,17,58"
12024,"3,28,21"
12025,"0,3,40"
12026,"0,271,291"
12027,"10,40,0"
12028,"417,0,169"
12029,"0,23,169"
12030,"3,40,23"
12031,"128,40,175"
12032,"3,0,21"
12033,"0,265,40"
12034,"0,3,40"
12035,"3,0,21"
12036,"8,0,514"
12037,"10,0,23"
12038,"40,23,3"
12039,"0,3,265"
12040,"3,5,6"
12041,"40,23,0"
12042,"23,40,0"
12043,"24,23,38"
12044,"0,271,355"
12045,"23,38,0"
12046,"3,21,0"
12047,"169,426,259"
12048,"10,40,23"
12049,"93,64,10"
12050,"170,199,0"
12051,"0,265,255"
12052,"40,323,23"
12053,"3,123,111"
12054,"3,120,169"
12055,"0,23,103"
12056,"199,170,40"
12057,"3,23,74"
12058,"220,0,10"
12059,"3,21,301"
12060,"40,145,0"
12061,"40,0,131"
12062,"187,3,21"
12063,"23,0,40"
12064,"3,100,0"
12065,"296,169,40"
12066,"0,145,402"
12067,"40,23,3"
12068,"3,21,28"
12069,"10,0,23"
12070,"0,271,216"
12071,"0,271,216"
12072,"40,160,23"
12073,"44,145,10"
12074,"10,64,3"
12075,"0,3,17"
12076,"418,265,0"
12077,"0,10,23"
12078,"3,21,28"
12079,"131,40,406"
12080,"3,40,21"
12081,"93,64,10"
12082,"145,402,0"
12083,"10,3,40"
12084,"401,3,0"
12085,"74,283,40"
12086,"10,3,40"
12087,"10,3,64"
12088,"3,28,0"
12089,"40,170,199"
12090,"3,217,15"
12091,"40,160"
12092,"3,0,21"
12093,"220,10,0"
12094,"3,40,13"
12095,"23,160,40"
12096,"23,169,40"
12097,"0,8,410"
12098,"8,0,514"
12099,"0,265,271"
12100,"3,53,340"
12101,"0,40,23"
12102,"74,40,23"
12103,"40,3,41"
12104,"0,265,271"
12105,"10,0,64"
12106,"40,3,135"
12107,"3,21,17"
12108,"3,21,0"
12109,"40,23,0"
12110,"3,0,40"
12111,"64,10,93"
12112,"296,169,300"
12113,"3,217,120"
12114,"0,271,40"
12115,"323,10,64"
12116,"0,10,40"
12117,"0,40,10"
12118,"0,458,271"
12119,"64,93,10"
12120,"40,0,3"
12121,"0,265,277"
12122,"40,43,24"
12123,"0,2,1"
12124,"3,24,23"
12125,"0,8,235"
12126,"0,23,38"
12127,"3,0,40"
12128,"3,0,23"
12129,"17,3,320"
12130,"13,3,0"
12131,"3,40,13"
12132,"3,234,0"
12133,"40,160,41"
12134,"40,146,145"
12135,"38,3,0"
12136,"40,199,170"
12137,"0,38,271"
12138,"43,24,23"
12139,"265,3,0"
12140,"0,271,355"
12141,"0,265,10"
12142,"291,0,271"
12143,"72,44,145"
12144,"23,0,296"
12145,"0,21,3"
12146,"10,64,3"
12147,"23,74,169"
12148,"40,0,23"
12149,"0,10,220"
12150,"0,271,355"
12151,"199,0,323"
12152,"23,0,10"
12153,"40,160,23"
12154,"38,169,0"
12155,"23,320,3"
12156,"135,138,40"
12157,"10,23,145"
12158,"3,0,10"
12159,"40,0,3"
12160,"3,0,40"
12161,"0,265,169"
12162,"0,271,26"
12163,"0,265,425"
12164,"0,265,277"
12165,"40,169,311"
12166,"40,41,3"
12167,"459,135,40"
12168,"40,131,3"
12169,"0,3,271"
12170,"0,3,40"
12171,"40,3,160"
12172,"40,3,0"
12173,"3,40,199"
12174,"0,265,40"
12175,"118,74,23"
12176,"3,23,182"
12177,"3,0,15"
12178,"40,160,0"
12179,"3,34,0"
12180,"169,170,40"
12181,"0,265,271"
12182,"40,0,3"
12183,"244,135,40"
12184,"291,0,40"
12185,"0,417,40"
12186,"0,265,277"
12187,"3,0,28"
12188,"40,131,0"
12189,"0,480,255"
12190,"40,3,0"
12191,"0,457,271"
12192,"3,34,51"
12193,"40,3,23"
12194,"169,296,300"
12195,"0,23,38"
12196,"3,120,147"
12197,"89,26,0"
12198,"10,0,370"
12199,"40,241,0"
12200,"0,8,38"
12201,"3,40,21"
12202,"128,40,130"
12203,"10,0,334"
12204,"3,23,40"
12205,"3,182,53"
12206,"169,40,3"
12207,"3,217,15"
12208,"26,89,23"
12209,"0,366,23"
12210,"3,16,15"
12211,"10,448,64"
12212,"3,182,4"
12213,"40,128,3"
12214,"0,218,265"
12215,"3,17,21"
12216,"3,169,0"
12217,"169,296,3"
12218,"40,131,0"
12219,"15,3,16"
12220,"3,0,21"
12221,"0,271,277"
12222,"291,0,271"
12223,"0,265,3"
12224,"3,0,28"
12225,"514,8,0"
12226,"0,271,23"
12227,"3,21,5"
12228,"0,40,145"
12229,"40,41,160"
12230,"3,0,28"
12231,"3,53,111"
12232,"3,0,349"
12233,"40,131,23"
12234,"3,21,191"
12235,"217,3,120"
12236,"3,40,21"
12237,"3,21,34"
12238,"64,10,0"
12239,"40,3,41"
12240,"0,271,355"
12241,"3,17,28"
12242,"0,23,169"
12243,"3,17,0"
12244,"3,10,0"
12245,"0,265,3"
12246,"40,3,296"
12247,"265,0,488"
12248,"40,184,185"
12249,"0,271,40"
12250,"3,40,23"
12251,"23,0,40"
12252,"3,311,169"
12253,"3,111,267"
12254,"0,498,425"
12255,"0,265,271"
12256,"3,0,23"
12257,"494,40,184"
12258,"3,40,169"
12259,"0,271,313"
12260,"0,38,23"
12261,"23,3,10"
12262,"0,23,3"
12263,"40,135,3"
12264,"0,265,271"
12265,"0,38,337"
12266,"10,220,0"
12267,"3,21,28"
12268,"23,40,24"
12269,"10,23,145"
12270,"54,322,40"
12271,"40,0,431"
12272,"74,23,118"
12273,"0,265,8"
12274,"40,185,184"
12275,"40,23,3"
12276,"3,40,0"
12277,"43,10,23"
12278,"0,23,40"
12279,"3,40,0"
12280,"0,3,40"
12281,"160,334,40"
12282,"0,216,271"
12283,"3,0,21"
12284,"40,23,0"
12285,"0,265,277"
12286,"135,40,3"
12287,"265,0,3"
12288,"40,3,11"
12289,"0,40,23"
12290,"10,43,64"
12291,"3,40,0"
12292,"0,3,10"
12293,"40,0,3"
12294,"23,3,111"
12295,"40,131"
12296,"3,0,5"
12297,"23,3,0"
12298,"40,135,3"
12299,"0,145,23"
12300,"0,3,271"
12301,"10,64,80"
12302,"10,0,265"
12303,"40,184,3"
12304,"64,448,93"
12305,"0,265,425"
12306,"3,40,10"
12307,"71,24,38"
12308,"0,271,265"
12309,"40,0,169"
12310,"40,128,130"
12311,"40,3,135"
12312,"3,452,4"
12313,"3,0,40"
12314,"59,265,0"
12315,"40,184,3"
12316,"3,169,0"
12317,"0,40,313"
12318,"10,11,0"
12319,"131,40,134"
12320,"3,40,35"
12321,"3,0,111"
12322,"291,0,271"
12323,"3,0,23"
12324,"3,15,0"
12325,"23,40,169"
12326,"3,23,40"
12327,"224,41,40"
12328,"320,17,3"
12329,"0,213,8"
12330,"135,40,3"
12331,"0,263,40"
12332,"169,311,40"
12333,"38,23,40"
12334,"10,0,11"
12335,"0,8,277"
12336,"3,40,111"
12337,"40,0,131"
12338,"3,0,265"
12339,"0,169,271"
12340,"3,21,53"
12341,"23,3,0"
12342,"3,0,40"
12343,"0,271,313"
12344,"128,40,129"
12345,"40,169,128"
12346,"3,0,265"
12347,"220,10,0"
12348,"3,4,0"
12349,"40,10,23"
12350,"40,455,3"
12351,"23,40,0"
12352,"3,21,28"
12353,"40,3,160"
12354,"10,64,354"
12355,"0,265,3"
12356,"0,265,425"
12357,"3,170,0"
12358,"23,38,0"
12359,"10,220,0"
12360,"311,337,169"
12361,"131,40,0"
12362,"3,0,111"
12363,"0,457,265"
12364,"3,34,40"
12365,"0,23,3"
12366,"3,120,217"
12367,"3,11,0"
12368,"3,40,13"
12369,"40,3,41"
12370,"199,0,323"
12371,"169,3,40"
12372,"40,131,0"
12373,"457,0,218"
12374,"3,0,111"
12375,"40,23,128"
12376,"3,4,0"
12377,"40,128,0"
12378,"220,0,10"
12379,"5,3"
12380,"265,340,0"
12381,"40,3,160"
12382,"0,255,218"
12383,"170,171,169"
12384,"169,0,296"
12385,"186,40,128"
12386,"54,10,40"
12387,"3,21,40"
12388,"0,3,23"
12389,"3,169,0"
12390,"0,38,23"
12391,"0,3,40"
12392,"169,0,3"
12393,"311,169,0"
12394,"128,0,40"
12395,"10,11,40"
12396,"0,3,10"
12397,"169,0,40"
12398,"0,208,453"
12399,"3,135,169"
12400,"175,128,23"
12401,"0,23,40"
12402,"40,3,131"
12403,"3,0,21"
12404,"23,220,24"
12405,"0,3,40"
12406,"23,24,10"
12407,"3,169,0"
12408,"3,21,40"
12409,"0,40,3"
12410,"40,41,224"
12411,"0,265"
12412,"145,10,54"
12413,"40,3,53"
12414,"40,3,0"
12415,"23,3,282"
12416,"3,40,21"
12417,"3,0,28"
12418,"160,40,334"
12419,"251,337,296"
12420,"0,3,277"
12421,"0,169,296"
12422,"40,0,23"
12423,"23,40,0"
12424,"38,40,145"
12425,"3,4,5"
12426,"0,328,10"
12427,"0,40,8"
12428,"40,3,10"
12429,"170,323,0"
12430,"74,23,317"
12431,"3,21,182"
12432,"220,10,0"
12433,"184,40,135"
12434,"0,1,2"
12435,"40,0,3"
12436,"23,0,40"
12437,"3,169,311"
12438,"40,160,128"
12439,"23,40,38"
12440,"40,41,3"
12441,"115,437,3"
12442,"311,3,169"
12443,"10,40,11"
12444,"3,0,23"
12445,"220,10,0"
12446,"3,0,23"
12447,"3,169,452"
12448,"38,23,0"
12449,"3,23,72"
12450,"3,0,28"
12451,"3,121,282"
12452,"0,265"
12453,"0,40,23"
12454,"0,220,10"
12455,"0,40,291"
12456,"40,135,3"
12457,"40,0,160"
12458,"3,0,21"
12459,"0,271,3"
12460,"426,169,0"
12461,"38,39,23"
12462,"0,40,169"
12463,"169,170,459"
12464,"3,21,53"
12465,"3,120,147"
12466,"265,0,340"
12467,"3,52,51"
12468,"217,320,17"
12469,"3,182,21"
12470,"0,271,214"
12471,"0,265,8"
12472,"169,0,3"
12473,"0,8,369"
12474,"0,265"
12475,"40,184,131"
12476,"118,23,38"
12477,"3,10,28"
12478,"11,0,10"
12479,"3,40,0"
12480,"40,0,23"
12481,"0,40,3"
12482,"128,40,0"
12483,"23,74,10"
12484,"3,0,111"
12485,"0,169,296"
12486,"0,271,3"
12487,"38,23,40"
12488,"417,169,296"
12489,"3,0,169"
12490,"0,23,40"
12491,"3,21,0"
12492,"138,135,3"
12493,"0,265,3"
12494,"323,40,199"
12495,"64,10,0"
12496,"10,220,0"
12497,"40,131,3"
12498,"0,40,10"
12499,"3,4,169"
12500,"64,10,40"
12501,"0,169,23"
12502,"498,0,288"
12503,"118,74,23"
12504,"187,3,34"
12505,"3,0,169"
12506,"71,24,38"
12507,"40,3,184"
12508,"3,16,15"
12509,"0,271,40"
12510,"0,265,40"
12511,"3,111,40"
12512,"3,40,0"
12513,"40,3,21"
12514,"40,160,23"
12515,"23,0,3"
12516,"3,40,21"
12517,"3,40,21"
12518,"3,169,311"
12519,"3,21,23"
12520,"40,3,64"
12521,"3,111,0"
12522,"0,211,277"
12523,"0,3,271"
12524,"10,24,23"
12525,"64,10,334"
12526,"0,265,255"
12527,"0,255,271"
12528,"40,0,3"
12529,"320,3,17"
12530,"38,23,0"
12531,"3,0,40"
12532,"265,0,10"
12533,"0,3,40"
12534,"3,21,53"
12535,"11,10,3"
12536,"10,0,265"
12537,"40,3,111"
12538,"3,21,40"
12539,"0,213,23"
12540,"40,296,0"
12541,"0,169,3"
12542,"40,3,23"
12543,"0,265,3"
12544,"74,23,0"
12545,"23,0,40"
12546,"10,0,3"
12547,"452,28,3"
12548,"3,15,0"
12549,"4,3,0"
12550,"54,0,322"
12551,"3,0,271"
12552,"40,145,3"
12553,"296,169,23"
12554,"3,21,40"
12555,"3,21"
12556,"169,40,3"
12557,"3,455,169"
12558,"0,264,23"
12559,"0,8,10"
12560,"0,271,265"
12561,"40,0,10"
12562,"32,31,3"
12563,"0,23,3"
12564,"296,169,10"
12565,"0,23,3"
12566,"0,40,431"
12567,"0,366,271"
12568,"0,169,3"
12569,"0,354,216"
12570,"23,40,3"
12571,"10,0,40"
12572,"3,311,21"
12573,"23,74,38"
12574,"40,135,169"
12575,"3,40,21"
12576,"3,40,21"
12577,"3,21,17"
12578,"0,23,38"
12579,"8,0,23"
12580,"3,44,145"
12581,"10,111,3"
12582,"3,21,28"
12583,"0,23"
12584,"3,160,334"
12585,"40,131,241"
12586,"3,0,21"
12587,"3,4,0"
12588,"3,28,0"
12589,"0,3,40"
12590,"3,21,17"
12591,"3,0,40"
12592,"0,271,23"
12593,"3,0,23"
12594,"40,3,175"
12595,"74,118,23"
12596,"40,0,271"
12597,"426,259,169"
12598,"3,0,4"
12599,"3,86,85"
12600,"3,17,40"
12601,"38,23,26"
12602,"40,23,3"
12603,"0,3,10"
12604,"40,309,250"
12605,"0,265,340"
12606,"64,10,90"
12607,"0,265,340"
12608,"0,340,40"
12609,"0,271,444"
12610,"10,40,145"
12611,"3,40,0"
12612,"26,8,514"
12613,"3,0,21"
12614,"3,53,523"
12615,"3,40,41"
12616,"0,277,458"
12617,"3,182,21"
12618,"0,277,458"
12619,"3,120,296"
12620,"3,0,40"
12621,"23,0,402"
12622,"38,23,24"
12623,"366,0,271"
12624,"11,419,40"
12625,"0,10,40"
12626,"31,10,40"
12627,"296,169,3"
12628,"3,21,0"
12629,"0,3,216"
12630,"3,21,4"
12631,"323,60,199"
12632,"0,271,3"
12633,"0,265,40"
12634,"3,15,217"
12635,"3,21"
12636,"3,120,17"
12637,"3,0,40"
12638,"0,265,271"
12639,"3,16,15"
12640,"3,0,111"
12641,"3,40,21"
12642,"40,160,3"
12643,"0,3,23"
12644,"23,0,74"
12645,"0,265,458"
12646,"169,23,311"
12647,"52,51,3"
12648,"3,10,40"
12649,"40,3,160"
12650,"0,3,265"
12651,"3,21,10"
12652,"145,3,40"
12653,"3,21,0"
12654,"3,17,169"
12655,"40,3,0"
12656,"0,265,271"
12657,"3,187,21"
12658,"0,271,218"
12659,"23,0,3"
12660,"498,0,288"
12661,"3,33,0"
12662,"320,54,40"
12663,"3,4,271"
12664,"23,40,406"
12665,"10,3,0"
12666,"3,40,0"
12667,"0,10,3"
12668,"40,3,34"
12669,"0,40,23"
12670,"0,255,271"
12671,"145,72,38"
12672,"3,53,287"
12673,"234,3,60"
12674,"0,3,271"
12675,"23,3,40"
12676,"3,40,21"
12677,"3,21,30"
12678,"10,64,3"
12679,"3,21,40"
12680,"40,131,135"
12681,"3,40,169"
12682,"0,265"
12683,"23,131,24"
12684,"0,265,23"
12685,"169,40,296"
12686,"169,311,296"
12687,"0,218,3"
12688,"26,89,0"
12689,"169,0,296"
12690,"169,3,0"
12691,"0,40,10"
12692,"3,111,4"
12693,"64,10,23"
12694,"169,40,3"
12695,"425,0,265"
12696,"3,401,21"
12697,"3,40,21"
12698,"0,265,8"
12699,"0,208,3"
12700,"40,3,135"
12701,"0,23,40"
12702,"3,21,111"
12703,"40,160,3"
12704,"0,265,271"
12705,"131,0,40"
12706,"40,3,0"
12707,"202,3,111"
12708,"0,271,23"
12709,"23,10,38"
12710,"64,10,93"
12711,"40,23,145"
12712,"145,44,24"
12713,"10,11,23"
12714,"3,0,40"
12715,"0,354,3"
12716,"40,494,184"
12717,"3,452,0"
12718,"0,3,277"
12719,"0,220,10"
12720,"160,40,0"
12721,"0,265,271"
12722,"3,17,21"
12723,"3,17,58"
12724,"40,160,0"
12725,"0,40,3"
12726,"10,23,40"
12727,"187,3,21"
12728,"40,23,0"
12729,"38,23,40"
12730,"23,0,105"
12731,"0,208,369"
12732,"0,40,313"
12733,"40,0,3"
12734,"0,3,40"
12735,"3,0,40"
12736,"71,24,10"
12737,"118,74,23"
12738,"0,8,271"
12739,"3,0,21"
12740,"3,40,160"
12741,"10,508,220"
12742,"0,271,455"
12743,"3,40,23"
12744,"3,40,17"
12745,"90,10,64"
12746,"40,455,131"
12747,"0,218,265"
12748,"418,0,265"
12749,"40,162,128"
12750,"0,271,291"
12751,"0,10,3"
12752,"0,271,3"
12753,"0,265,131"
12754,"0,265,271"
12755,"23,0,38"
12756,"0,3,40"
12757,"3,10,40"
12758,"3,169,0"
12759,"40,3,0"
12760,"23,0,40"
12761,"3,21,0"
12762,"3,0,40"
12763,"0,271,8"
12764,"0,169,3"
12765,"0,8,206"
12766,"0,271,23"
12767,"4,3,19"
12768,"10,0,3"
12769,"10,0,64"
12770,"23,40,3"
12771,"24,71,38"
12772,"0,271,40"
12773,"118,74,23"
12774,"3,53,523"
12775,"3,21,169"
12776,"3,10,220"
12777,"3,21,40"
12778,"43,24,199"
12779,"3,21,40"
12780,"0,23,3"
12781,"3,21,160"
12782,"64,10,93"
12783,"10,0,458"
12784,"16,15,3"
12785,"0,40,170"
12786,"3,0,21"
12787,"0,354,3"
12788,"0,213,40"
12789,"169,170,199"
12790,"0,3,169"
12791,"64,0,10"
12792,"38,23,40"
12793,"3,0,182"
12794,"3,4,0"
12795,"23,38,3"
12796,"10,40,3"
12797,"10,145,11"
12798,"169,199,23"
12799,"3,21,0"
12800,"40,455,0"
12801,"3,15,16"
12802,"3,0,21"
12803,"10,0,265"
12804,"199,323,170"
12805,"3,40,41"
12806,"0,8,213"
12807,"0,10,218"
12808,"3,4,120"
12809,"40,169,23"
12810,"0,3,277"
12811,"514,8,0"
12812,"64,93,10"
12813,"0,8,255"
12814,"23,40,0"
12815,"40,3,41"
12816,"3,0,265"
12817,"3,21,0"
12818,"170,171,199"
12819,"208,369,3"
12820,"199,170,23"
12821,"3,21,187"
12822,"0,169,265"
12823,"3,21,0"
12824,"417,0,169"
12825,"40,135,0"
12826,"131,0,40"
12827,"169,281,199"
12828,"169,277,0"
12829,"3,13,401"
12830,"0,3,23"
12831,"0,3,17"
12832,"10,3,0"
12833,"111,224,0"
12834,"3,21,316"
12835,"0,417,340"
12836,"64,93,3"
12837,"3,24,21"
12838,"40,0,3"
12839,"220,10,0"
12840,"3,160,40"
12841,"0,216,255"
12842,"23,38,74"
12843,"40,131,23"
12844,"3,17,40"
12845,"0,23,255"
12846,"40,23,3"
12847,"3,28,0"
12848,"3,21,364"
12849,"0,265,3"
12850,"40,3,0"
12851,"3,28,0"
12852,"3,40,0"
12853,"40,3,21"
12854,"0,10,40"
12855,"169,199,426"
12856,"0,3,10"
12857,"0,340,271"
12858,"3,0,21"
12859,"0,3,10"
12860,"199,169,40"
12861,"3,4,0"
12862,"3,217,120"
12863,"0,265"
12864,"5,3,169"
12865,"3,21,111"
12866,"220,0,10"
12867,"10,3,40"
12868,"3,21,40"
12869,"0,8,418"
12870,"3,17,168"
12871,"0,40,3"
12872,"3,169,0"
12873,"64,10,80"
12874,"3,40,0"
12875,"0,213,214"
12876,"0,3,23"
12877,"3,4,0"
12878,"0,318,105"
12879,"17,3,169"
12880,"0,40,3"
12881,"3,120,217"
12882,"0,3,40"
12883,"0,131,3"
12884,"3,10,0"
12885,"169,199,296"
12886,"3,15,16"
12887,"250,40,135"
12888,"3,0,34"
12889,"3,21,500"
12890,"89,26,0"
12891,"3,21,40"
12892,"0,3,169"
12893,"118,74,23"
12894,"0,265,218"
12895,"40,3,160"
12896,"0,296,169"
12897,"169,40,436"
12898,"0,296,3"
12899,"508,169,426"
12900,"40,3,0"
12901,"3,21,53"
12902,"0,1,3"
12903,"0,271,366"
12904,"3,160,40"
12905,"40,43,24"
12906,"0,10,23"
12907,"40,169,0"
12908,"40,131,0"
12909,"23,402,145"
12910,"202,40,3"
12911,"26,89,23"
12912,"3,263,34"
12913,"3,0,21"
12914,"24,170,40"
12915,"3,187,21"
12916,"24,23,10"
12917,"0,23,38"
12918,"3,40,23"
12919,"10,64,23"
12920,"3,0,40"
12921,"145,10,0"
12922,"3,15,16"
12923,"0,311,169"
12924,"135,138,40"
12925,"220,0,208"
12926,"23,38,40"
12927,"169,40,494"
12928,"3,120,40"
12929,"160,21,40"
12930,"23,40,38"
12931,"0,40,23"
12932,"0,8,38"
12933,"0,265,311"
12934,"3,28,301"
12935,"0,10,220"
12936,"40,3,23"
12937,"0,3,369"
12938,"3,0,4"
12939,"0,23,3"
12940,"0,265,271"
12941,"40,111,160"
12942,"0,10,40"
12943,"0,265,340"
12944,"10,64,23"
12945,"0,265,3"
12946,"64,10,3"
12947,"40,175,0"
12948,"3,21,53"
12949,"0,265,169"
12950,"3,4,5"
12951,"10,0,145"
12952,"3,21,40"
12953,"3,53,334"
12954,"11,3,10"
12955,"3,4,21"
12956,"171,199,170"
12957,"23,40,3"
12958,"40,0,128"
12959,"3,0,21"
12960,"74,40,23"
12961,"169,3,0"
12962,"0,255,271"
12963,"0,3,169"
12964,"89,23,0"
12965,"3,316,40"
12966,"24,145,10"
12967,"3,296,21"
12968,"40,135,152"
12969,"3,40,169"
12970,"0,23,40"
12971,"40,146,145"
12972,"169,426,296"
12973,"265,0,10"
12974,"23,0,38"
12975,"296,169,3"
12976,"0,265,271"
12977,"40,23,3"
12978,"3,21,40"
12979,"3,4,170"
12980,"3,455,21"
12981,"40,131,3"
12982,"23,74,40"
12983,"40,10,3"
12984,"169,0"
12985,"0,277,458"
12986,"40,162,3"
12987,"3,290,0"
12988,"40,23,0"
12989,"23,40,0"
12990,"3,169,40"
12991,"0,40,10"
12992,"24,145,3"
12993,"0,1,216"
12994,"0,208,453"
12995,"11,10,3"
12996,"40,0,3"
12997,"40,0,3"
12998,"54,10,145"
12999,"40,3,145"
13000,"3,21,40"
13001,"40,169,170"
13002,"3,263,34"
13003,"0,265,3"
13004,"24,43,23"
13005,"3,40,128"
13006,"64,10,335"
13007,"263,3,34"
13008,"0,3,277"
13009,"402,145,44"
13010,"3,0,10"
13011,"17,3,58"
13012,"145,10,44"
13013,"0,3,23"
13014,"0,3,169"
13015,"40,10,73"
13016,"26,0,23"
13017,"3,40,23"
13018,"3,4,30"
13019,"0,213,271"
13020,"40,145,10"
13021,"0,40,265"
13022,"3,0,169"
13023,"0,3,10"
13024,"0,291,3"
13025,"3,23,169"
13026,"3,17,169"
13027,"40,3,0"
13028,"199,170,169"
13029,"0,271,265"
13030,"0,23,26"
13031,"323,170,199"
13032,"3,265,0"
13033,"308,23,89"
13034,"71,38,24"
13035,"0,265"
13036,"0,23,40"
13037,"169,311,296"
13038,"3,0,208"
13039,"0,265,3"
13040,"3,0"
13041,"169,436,3"
13042,"0,220,10"
13043,"0,3,10"
13044,"3,21,0"
13045,"0,3,23"
13046,"3,21,182"
13047,"3,21,0"
13048,"3,120,21"
13049,"0,145,10"
13050,"3,21"
13051,"40,3,169"
13052,"23,3,0"
13053,"74,23,139"
13054,"64,10,3"
13055,"40,23,38"
13056,"3,21,40"
13057,"0,8,3"
13058,"40,0,3"
13059,"169,311,0"
13060,"40,10,23"
13061,"0,313,346"
13062,"40,0,23"
13063,"296,169,452"
13064,"10,64,0"
13065,"3,40,169"
13066,"0,313,3"
13067,"0,23,40"
13068,"3,111,40"
13069,"3,40,0"
13070,"0,40,271"
13071,"0,40,3"
13072,"220,221,0"
13073,"0,3,10"
13074,"40,131,128"
13075,"40,0,3"
13076,"40,135,244"
13077,"40,152,151"
13078,"0,3,40"
13079,"43,24,40"
13080,"10,0,64"
13081,"0,271,213"
13082,"169,426,10"
13083,"145,10,0"
13084,"3,0,169"
13085,"0,3,169"
13086,"10,64,24"
13087,"3,85,301"
13088,"40,3,38"
13089,"4,3,0"
13090,"169,0,271"
13091,"3,40,0"
13092,"3,13,0"
13093,"0,213,265"
13094,"431,135,40"
13095,"38,23,40"
13096,"0,291,271"
13097,"3,21,40"
13098,"0,265,3"
13099,"40,3,0"
13100,"0,3,206"
13101,"220,0,23"
13102,"0,265,271"
13103,"40,0,3"
13104,"41,40,224"
13105,"40,0,3"
13106,"23,38,296"
13107,"23,0,40"
13108,"3,0,28"
13109,"0,23,40"
13110,"23,74,118"
13111,"131,40,3"
13112,"0,10,145"
13113,"23,40,0"
13114,"3,21,5"
13115,"23,40,38"
13116,"0,10,498"
13117,"3,0,40"
13118,"3,21,5"
13119,"208,0,369"
13120,"40,160"
13121,"3,5,4"
13122,"0,40,3"
13123,"0,355,265"
13124,"40,23,0"
13125,"3,0,40"
13126,"3,5,21"
13127,"23,0,145"
13128,"74,23,118"
13129,"0,23,26"
13130,"3,34,263"
13131,"0,3,271"
13132,"40,0,3"
13133,"40,23,0"
13134,"0,23,265"
13135,"24,3,23"
13136,"0,208,369"
13137,"3,38,23"
13138,"0,145,72"
13139,"0,40,3"
13140,"0,10,265"
13141,"3,311,217"
13142,"10,40,23"
13143,"0,8,265"
13144,"3,40,128"
13145,"11,10,0"
13146,"40,175,3"
13147,"3,0,271"
13148,"0,255,271"
13149,"135,138,40"
13150,"202,0,3"
13151,"3,0,120"
13152,"40,3,21"
13153,"0,255,8"
13154,"10,11,40"
13155,"3,40,0"
13156,"40,131,0"
13157,"40,38,3"
13158,"3,0,265"
13159,"0,8,169"
13160,"10,90,73"
13161,"3,53,40"
13162,"3,4,0"
13163,"3,40,21"
13164,"0,8,265"
13165,"10,3,13"
13166,"10,64,3"
13167,"3,10,23"
13168,"17,3,168"
13169,"3,4,0"
13170,"3,15,147"
13171,"169,23,3"
13172,"3,169,0"
13173,"169,3,40"
13174,"265,425,0"
13175,"3,21,111"
13176,"3,40,0"
13177,"3,169,170"
13178,"64,80,10"
13179,"0,23,10"
13180,"0,296,313"
13181,"64,10,93"
13182,"10,64,3"
13183,"199,323,170"
13184,"3,160,21"
13185,"0,8,38"
13186,"40,160,3"
13187,"220,0,10"
13188,"24,23,38"
13189,"40,199,0"
13190,"134,131,40"
13191,"3,53,21"
13192,"54,3,145"
13193,"40,23,199"
13194,"0,8,265"
13195,"0,265,458"
13196,"135,138,169"
13197,"0,271,255"
13198,"3,184,204"
13199,"169,40,3"
13200,"3,21,0"
13201,"3,21,40"
13202,"3,0,21"
13203,"202,3,111"
13204,"3,0,10"
13205,"0,334,160"
13206,"11,10,40"
13207,"10,3,0"
13208,"10,11,3"
13209,"3,0,170"
13210,"3,225,120"
13211,"40,128,130"
13212,"3,0,21"
13213,"10,3,0"
13214,"40,199,160"
13215,"3,21,85"
13216,"169,40,311"
13217,"3,23,31"
13218,"234,60,3"
13219,"3,40,0"
13220,"169,296,23"
13221,"402,145,0"
13222,"40,23,296"
13223,"0,265,458"
13224,"3,169,296"
13225,"3,64,10"
13226,"134,131,40"
13227,"3,4,40"
13228,"23,38,24"
13229,"3,10,169"
13230,"169,426,40"
13231,"3,169,0"
13232,"40,3,169"
13233,"3,0,199"
13234,"64,10,3"
13235,"40,3,160"
13236,"3,40,23"
13237,"3,0,34"
13238,"3,0,53"
13239,"3,111,40"
13240,"0,265,10"
13241,"40,3,23"
13242,"64,10,93"
13243,"220,10,0"
13244,"111,3,40"
13245,"0,40,23"
13246,"40,145,402"
13247,"64,10,0"
13248,"3,158,21"
13249,"138,3,0"
13250,"0,255,271"
13251,"40,3,11"
13252,"10,23,3"
13253,"0,40,265"
13254,"24,11,38"
13255,"0,10,23"
13256,"3,21,455"
13257,"0,265,10"
13258,"135,459,374"
13259,"3,0,4"
13260,"40,3,0"
13261,"0,271,255"
13262,"3,40,0"
13263,"169,251,0"
13264,"64,10,80"
13265,"0,40,23"
13266,"23,40,10"
13267,"10,145,0"
13268,"111,296,3"
13269,"10,0,64"
13270,"0,426,3"
13271,"10,64,40"
13272,"26,0,23"
13273,"40,3,0"
13274,"3,34,169"
13275,"131,406,241"
13276,"23,40,0"
13277,"40,23,0"
13278,"64,10"
13279,"0,3,296"
13280,"0,3,265"
13281,"0,265,311"
13282,"0,169,296"
13283,"0,23,8"
13284,"0,10,498"
13285,"23,74,3"
13286,"40,128,41"
13287,"40,0,3"
13288,"23,24,40"
13289,"3,0,53"
13290,"64,10,3"
13291,"10,0,220"
13292,"0,271,265"
13293,"0,271,288"
13294,"38,23,0"
13295,"3,21,28"
13296,"3,21,301"
13297,"0,265,458"
13298,"3,21,169"
13299,"323,199,10"
13300,"3,111,4"
13301,"0,8,265"
13302,"3,4,28"
13303,"0,218,355"
13304,"169,40,3"
13305,"220,10,0"
13306,"0,216,208"
13307,"40,169,296"
13308,"0,271,213"
13309,"40,0,3"
13310,"0,10,3"
13311,"3,0,10"
13312,"40,3,0"
13313,"3,0,28"
13314,"171,170,199"
13315,"23,24,10"
13316,"40,135,3"
13317,"40,145,10"
13318,"10,11,0"
13319,"311,169,3"
13320,"265,0"
13321,"0,3,8"
13322,"0,3,265"
13323,"23,31,40"
13324,"0,3,199"
13325,"40,128,0"
13326,"40,3,131"
13327,"3,169,0"
13328,"0,265,340"
13329,"3,23,40"
13330,"187,3,21"
13331,"0,265,145"
13332,"0,265,271"
13333,"40,3,145"
13334,"11,10,3"
13335,"38,3,23"
13336,"0,23,10"
13337,"10,93,3"
13338,"160,40,334"
13339,"0,40,23"
13340,"0,23,38"
13341,"291,3,0"
13342,"170,169,171"
13343,"10,64,3"
13344,"0,169,23"
13345,"23,0,38"
13346,"0,355,8"
13347,"169,311,0"
13348,"265,0,40"
13349,"3,169,21"
13350,"23,74,40"
13351,"0,8,457"
13352,"3,265,311"
13353,"23,26,0"
13354,"40,145,402"
13355,"0,40,218"
13356,"3,21,147"
13357,"0,265,23"
13358,"0,40,10"
13359,"23,0,10"
13360,"0,40,23"
13361,"10,0,3"
13362,"3,53,40"
13363,"145,23,10"
13364,"23,0,40"
13365,"109,11,23"
13366,"40,186,170"
13367,"3,4,0"
13368,"131,40,226"
13369,"40,128,23"
13370,"160,40,302"
13371,"0,457,218"
13372,"0,457,218"
13373,"3,0,28"
13374,"0,271,218"
13375,"3,131,23"
13376,"131,40,226"
13377,"40,131,41"
13378,"3,40,169"
13379,"169,40,0"
13380,"33,3,40"
13381,"3,21,40"
13382,"296,169,3"
13383,"0,220,10"
13384,"3,51,52"
13385,"40,0,131"
13386,"0,3,311"
13387,"3,21,0"
13388,"17,3,168"
13389,"0,271,3"
13390,"0,40,3"
13391,"40,135,3"
13392,"199,455,323"
13393,"40,23,296"
13394,"40,131,0"
13395,"0,3,23"
13396,"3,41,40"
13397,"131,40,406"
13398,"40,3,0"
13399,"44,145,40"
13400,"425,10,220"
13401,"3,147,120"
13402,"0,265,425"
13403,"3,21,5"
13404,"3,10,17"
13405,"0,10,23"
13406,"40,146,145"
13407,"3,10,64"
13408,"40,169,23"
13409,"3,0,28"
13410,"3,191,21"
13411,"0,271,265"
13412,"23,3,24"
13413,"3,111,23"
13414,"3,21,0"
13415,"40,3,131"
13416,"10,0,11"
13417,"23,38,0"
13418,"3,40,0"
13419,"0,40,3"
13420,"3,21,17"
13421,"0,40,145"
13422,"265,0,3"
13423,"3,29,21"
13424,"3,16,15"
13425,"40,3,0"
13426,"169,40,296"
13427,"145,23,38"
13428,"0,40,23"
13429,"40,23,3"
13430,"0,103,8"
13431,"3,17,0"
13432,"40,170,64"
13433,"3,4,28"
13434,"402,40,0"
13435,"3,23,31"
13436,"0,40,23"
13437,"59,0,265"
13438,"0,3,271"
13439,"64,10,23"
13440,"0,8,235"
13441,"23,0,3"
13442,"220,10,0"
13443,"40,64,448"
13444,"3,5,21"
13445,"3,199,23"
13446,"40,23,131"
13447,"23,0,10"
13448,"40,0,160"
13449,"40,131,3"
13450,"3,0,160"
13451,"3,40,21"
13452,"40,23,0"
13453,"3,4,0"
13454,"11,10,0"
13455,"0,23,26"
13456,"3,21,5"
13457,"43,170,24"
13458,"10,0,448"
13459,"169,0,40"
13460,"3,17,320"
13461,"23,0,38"
13462,"10,40,23"
13463,"3,187,34"
13464,"0,218,457"
13465,"208,145,0"
13466,"40,23,3"
13467,"0,10,23"
13468,"346,0,8"
13469,"0,265,418"
13470,"3,17,169"
13471,"169,311,426"
13472,"0,457,218"
13473,"40,23,3"
13474,"3,28,21"
13475,"323,10,0"
13476,"40,3"
13477,"40,160,128"
13478,"0,265,40"
13479,"23,0,26"
13480,"40,169,0"
13481,"0,3,40"
13482,"0,8,355"
13483,"23,0,38"
13484,"169,170,199"
13485,"323,170,199"
13486,"311,169,259"
13487,"0,354,3"
13488,"3,169,296"
13489,"0,3,271"
13490,"10,3,54"
13491,"40,3,169"
13492,"23,0,3"
13493,"3,0,21"
13494,"0,26,23"
13495,"40,23,145"
13496,"40,160,3"
13497,"145,23,0"
13498,"10,3,0"
13499,"3,0,169"
13500,"40,128,23"
13501,"3,40,0"
13502,"169,170,40"
13503,"3,417,4"
13504,"23,0,8"
13505,"40,3,23"
13506,"40,160,3"
13507,"38,23,82"
13508,"169,0,3"
13509,"3,187,21"
13510,"3,40,0"
13511,"40,3,135"
13512,"40,135,0"
13513,"145,23,40"
13514,"0,40,169"
13515,"3,169,296"
13516,"0,23,3"
13517,"3,4,40"
13518,"3,169,0"
13519,"3,0,265"
13520,"0,288,498"
13521,"38,0,23"
13522,"187,3,17"
13523,"0,265,340"
13524,"38,0,23"
13525,"0,3,40"
13526,"0,145,402"
13527,"3,23,10"
13528,"71,38,24"
13529,"0,265,3"
13530,"0,271,40"
13531,"23,40,74"
13532,"40,3,10"
13533,"10,220,0"
13534,"40,23,3"
13535,"74,118,23"
13536,"40,41,3"
13537,"131,40,241"
13538,"0,10,64"
13539,"0,23,3"
13540,"3,111,21"
13541,"131,40,3"
13542,"0,3,169"
13543,"0,3,34"
13544,"10,64,169"
13545,"0,40,265"
13546,"3,0,40"
13547,"0,23,8"
13548,"0,10,40"
13549,"3,28,169"
13550,"0,271,265"
13551,"40,131,226"
13552,"0,3,288"
13553,"3,40,0"
13554,"131,40,406"
13555,"323,199,10"
13556,"3,5,21"
13557,"3,21,28"
13558,"0,23,40"
13559,"0,265,271"
13560,"3,0,17"
13561,"3,34,263"
13562,"3,21,40"
13563,"40,145,23"
13564,"40,0,3"
13565,"220,0,10"
13566,"160,40,334"
13567,"3,21,53"
13568,"0,291,271"
13569,"40,135,3"
13570,"64,80,10"
13571,"0,271,255"
13572,"3,21,0"
13573,"0,3,265"
13574,"3,40,5"
13575,"3,40,169"
13576,"3,21,40"
13577,"64,10,80"
13578,"23,3,40"
13579,"169,3,217"
13580,"0,23,271"
13581,"3,169,296"
13582,"3,40,0"
13583,"40,3,41"
13584,"0,10,11"
13585,"0,40,3"
13586,"131,40,406"
13587,"10,43,323"
13588,"426,169,40"
13589,"300,296,169"
13590,"265,0,425"
13591,"3,21,169"
13592,"0,23,38"
13593,"10,64,3"
13594,"3,15,169"
13595,"10,64,3"
13596,"0,265,488"
13597,"3,40,160"
13598,"458,0,277"
13599,"3,0,40"
13600,"0,265,340"
13601,"40,0,3"
13602,"3,38,0"
13603,"3,21,34"
13604,"0,3,265"
13605,"24,23,145"
13606,"40,3,131"
13607,"3,34,21"
13608,"10,23,3"
13609,"0,265,3"
13610,"3,15,16"
13611,"40,170,199"
13612,"459,170,169"
13613,"3,21,40"
13614,"3,21,40"
13615,"0,265,498"
13616,"40,169,494"
13617,"459,169,0"
13618,"3,21,53"
13619,"3,0,21"
13620,"3,40,23"
13621,"3,40,21"
13622,"0,271,265"
13623,"5,3,6"
13624,"0,23,3"
13625,"64,10,93"
13626,"0,40,3"
13627,"0,498,3"
13628,"0,8,169"
13629,"3,28,296"
13630,"111,123,3"
13631,"0,271,40"
13632,"3,40,0"
13633,"43,24,23"
13634,"3,40,160"
13635,"64,80,10"
13636,"3,23,169"
13637,"323,170,199"
13638,"40,41,3"
13639,"40,0,169"
13640,"3,34,263"
13641,"23,0,24"
13642,"0,291,23"
13643,"0,40,23"
13644,"3,311,169"
13645,"40,131"
13646,"0,10,40"
13647,"49,23,24"
13648,"40,128,0"
13649,"0,265,3"
13650,"3,21,40"
13651,"0,498,288"
13652,"3,15,0"
13653,"118,23,74"
13654,"221,220,10"
13655,"0,372,8"
13656,"3,40,145"
13657,"3,21,40"
13658,"40,3,169"
13659,"0,40,459"
13660,"3,0,265"
13661,"3,0,40"
13662,"10,0,3"
13663,"40,3,0"
13664,"0,340,3"
13665,"40,0,169"
13666,"40,10,54"
13667,"40,10,448"
13668,"0,277,3"
13669,"3,300,202"
13670,"40,0,3"
13671,"74,23,40"
13672,"296,169,411"
13673,"0,23,271"
13674,"0,3,40"
13675,"334,160,40"
13676,"265,0,418"
13677,"0,10,3"
13678,"0,265"
13679,"3,17,320"
13680,"170,199,323"
13681,"10,11,169"
13682,"3,0,40"
13683,"0,271,3"
13684,"131,0,40"
13685,"0,3,265"
13686,"3,100,0"
13687,"458,0,277"
13688,"3,21,53"
13689,"23,26,417"
13690,"134,40,131"
13691,"40,10,23"
13692,"72,44,40"
13693,"3,53,0"
13694,"309,23,40"
13695,"3,21,53"
13696,"0,23,8"
13697,"40,3,135"
13698,"128,40,3"
13699,"3,0,23"
13700,"217,320,3"
13701,"40,23,0"
13702,"10,64,93"
13703,"0,10,425"
13704,"10,145,40"
13705,"64,80,10"
13706,"0,3,40"
13707,"40,41,224"
13708,"3,0,53"
13709,"0,265,425"
13710,"40,3,128"
13711,"0,23,10"
13712,"3,0,265"
13713,"0,265,3"
13714,"3,4,0"
13715,"0,271,40"
13716,"0,271,291"
13717,"3,23,40"
13718,"0,40,169"
13719,"0,265,21"
13720,"23,169,426"
13721,"23,24,11"
13722,"3,21,401"
13723,"169,0,40"
13724,"296,169,23"
13725,"3,182,111"
13726,"5,3,228"
13727,"3,204,13"
13728,"3,169,0"
13729,"40,3,169"
13730,"0,271,218"
13731,"3,0,111"
13732,"3,0,111"
13733,"3,169,311"
13734,"3,111,40"
13735,"0,10,265"
13736,"169,0,3"
13737,"3,40,23"
13738,"10,328,31"
13739,"0,271,40"
13740,"3,28,21"
13741,"40,3,184"
13742,"182,0,265"
13743,"0,23,38"
13744,"3,0,40"
13745,"40,0,3"
13746,"3,40,0"
13747,"309,250,3"
13748,"0,3,40"
13749,"0,23,40"
13750,"296,300,169"
13751,"3,21,40"
13752,"0,3,21"
13753,"5,3,385"
13754,"40,3,23"
13755,"0,64,10"
13756,"169,3,296"
13757,"40,160,0"
13758,"40,0,3"
13759,"40,23,3"
13760,"40,23,3"
13761,"0,169,23"
13762,"3,0,40"
13763,"64,10,0"
13764,"10,40,160"
13765,"3,0,15"
13766,"170,3,199"
13767,"0,23,265"
13768,"160,311,40"
13769,"0,23,145"
13770,"0,265,271"
13771,"508,169,3"
13772,"3,0,208"
13773,"40,160,3"
13774,"323,10,170"
13775,"40,3,145"
13776,"3,0,40"
13777,"0,265,40"
13778,"40,38,3"
13779,"3,0,23"
13780,"0,3,271"
13781,"0,265,271"
13782,"3,187,21"
13783,"3,4,0"
13784,"38,23,3"
13785,"3,0,265"
13786,"11,145,23"
13787,"0,255,271"
13788,"0,25,23"
13789,"4,3,19"
13790,"0,346,313"
13791,"3,34,21"
13792,"323,199,40"
13793,"3,0,53"
13794,"38,23,145"
13795,"220,10,0"
13796,"80,64,10"
13797,"3,40,23"
13798,"38,23,0"
13799,"311,169,296"
13800,"3,21,120"
13801,"74,40,118"
13802,"40,217,169"
13803,"3,0,17"
13804,"3,191,41"
13805,"0,26,23"
13806,"0,26,23"
13807,"0,255,3"
13808,"3,169,13"
13809,"131,40,406"
13810,"23,24,40"
13811,"10,220,0"
13812,"10,0,40"
13813,"0,23,265"
13814,"3,21,40"
13815,"40,23,0"
13816,"10,11,0"
13817,"4,3,19"
13818,"40,3,23"
13819,"0,23,271"
13820,"170,199,323"
13821,"3,40,4"
13822,"0,265,271"
13823,"0,10,23"
13824,"0,23,3"
13825,"10,64,220"
13826,"3,0,28"
13827,"40,23,3"
13828,"3,40,111"
13829,"0,31,32"
13830,"0,277,265"
13831,"10,3,11"
13832,"3,265,0"
13833,"296,169,0"
13834,"40,0,3"
13835,"3,0,40"
13836,"0,265,458"
13837,"40,0,271"
13838,"3,28,518"
13839,"0,458,277"
13840,"40,3,145"
13841,"3,40,0"
13842,"145,40,10"
13843,"3,28,0"
13844,"40,131,0"
13845,"43,24,23"
13846,"3,64,40"
13847,"265,0,418"
13848,"64,10,3"
13849,"0,3,21"
13850,"3,0,23"
13851,"0,38,162"
13852,"3,0,120"
13853,"0,23,26"
13854,"3,21,34"
13855,"0,271,265"
13856,"21,3,0"
13857,"323,3,23"
13858,"10,0,64"
13859,"3,40,111"
13860,"0,271,355"
13861,"220,10,0"
13862,"146,40,145"
13863,"40,3,96"
13864,"0,265,3"
13865,"220,10,221"
13866,"0,3,175"
13867,"23,0,40"
13868,"23,309,40"
13869,"3,0,111"
13870,"40,3,0"
13871,"0,265,32"
13872,"131,23,40"
13873,"3,28,21"
13874,"74,23,118"
13875,"218,457,0"
13876,"3,0,17"
13877,"26,89,23"
13878,"40,160,3"
13879,"10,44,145"
13880,"3,0,23"
13881,"90,10,64"
13882,"3,120,23"
13883,"3,40,160"
13884,"23,40,31"
13885,"301,3,21"
13886,"0,265,3"
13887,"220,0,10"
13888,"40,3,160"
13889,"0,40,169"
13890,"3,28,169"
13891,"3,263,187"
13892,"64,10,40"
13893,"0,44,23"
13894,"40,0,3"
13895,"3,24,0"
13896,"40,131,406"
13897,"3,0,169"
13898,"40,3,135"
13899,"23,74,3"
13900,"40,3,63"
13901,"0,265,271"
13902,"21,187,3"
13903,"64,10,93"
13904,"3,170,199"
13905,"320,3,17"
13906,"3,16,15"
13907,"0,40,402"
13908,"23,40,0"
13909,"160,40,73"
13910,"40,41,3"
13911,"3,0,169"
13912,"0,218,23"
13913,"131,0,40"
13914,"169,170,40"
13915,"220,0,3"
13916,"0,23,38"
13917,"0,40,23"
13918,"10,64,3"
13919,"40,3,0"
13920,"3,21,40"
13921,"40,160,0"
13922,"23,38,3"
13923,"3,0,40"
13924,"3,53,21"
13925,"323,3,199"
13926,"40,160,334"
13927,"169,3,311"
13928,"74,23,317"
13929,"71,24,38"
13930,"3,0,111"
13931,"189,0,3"
13932,"3,146,115"
13933,"40,145,0"
13934,"23,0,26"
13935,"40,3,169"
13936,"40,160,151"
13937,"3,169,21"
13938,"3,0,265"
13939,"10,11,64"
13940,"10,40,0"
13941,"40,0,162"
13942,"296,169,40"
13943,"0,220,25"
13944,"10,0,220"
13945,"10,64,3"
13946,"220,10,0"
13947,"72,10,44"
13948,"175,40,128"
13949,"3,0,21"
13950,"0,40,265"
13951,"3,291,0"
13952,"59,265,0"
13953,"417,169,0"
13954,"169,0,311"
13955,"4,3,7"
13956,"3,4,21"
13957,"169,170,40"
13958,"296,169,0"
13959,"93,10,64"
13960,"40,3,135"
13961,"296,169,333"
13962,"118,74,23"
13963,"0,8,3"
13964,"0,271,265"
13965,"40,3,23"
13966,"300,3,21"
13967,"0,216,3"
13968,"0,458,277"
13969,"313,0,457"
13970,"3,182,21"
13971,"3,15,16"
13972,"169,40,3"
13973,"138,3,40"
13974,"74,118,23"
13975,"0,355,265"
13976,"0,3,265"
13977,"0,216,3"
13978,"0,10,40"
13979,"0,8,23"
13980,"0,3,40"
13981,"40,250,3"
13982,"23,3,38"
13983,"0,3,40"
13984,"3,111,0"
13985,"40,3,135"
13986,"10,0,64"
13987,"220,0,3"
13988,"0,40,3"
13989,"3,21,23"
13990,"334,160,10"
13991,"23,40,31"
13992,"10,64,80"
13993,"3,15,0"
13994,"0,265,271"
13995,"3,21,40"
13996,"64,40,10"
13997,"3,21,182"
13998,"40,131,0"
13999,"3,111,0"
14000,"0,40,3"
14001,"311,0,169"
14002,"3,0,4"
14003,"0,271,366"
14004,"10,40,0"
14005,"3,21,40"
14006,"3,10,145"
14007,"3,15,17"
14008,"0,277,458"
14009,"220,10,221"
14010,"0,10,40"
14011,"3,323,40"
14012,"3,21,41"
14013,"3,5,169"
14014,"40,170,3"
14015,"0,265,271"
14016,"40,3,0"
14017,"3,0,187"
14018,"40,160,334"
14019,"3,147,21"
14020,"3,21,22"
14021,"169,23,40"
14022,"0,3,10"
14023,"3,38,0"
14024,"3,169,0"
14025,"3,21,28"
14026,"40,146,41"
14027,"40,0,160"
14028,"0,288,255"
14029,"187,3,34"
14030,"23,0,38"
14031,"3,40,21"
14032,"3,120,21"
14033,"131,40,0"
14034,"31,96,3"
14035,"23,0,38"
14036,"131,40,226"
14037,"40,160,41"
14038,"0,3,23"
14039,"23,40,38"
14040,"40,128,3"
14041,"0,271,40"
14042,"3,0,4"
14043,"64,10,448"
14044,"3,21,169"
14045,"3,0,111"
14046,"5,3,10"
14047,"10,0,64"
14048,"0,265,8"
14049,"169,170,40"
14050,"3,40,74"
14051,"175,128,40"
14052,"64,10,40"
14053,"171,170,199"
14054,"138,135,40"
14055,"40,3,81"
14056,"0,291,271"
14057,"0,23,3"
14058,"3,10,0"
14059,"23,74,38"
14060,"0,271,169"
14061,"0,291,271"
14062,"174,334,160"
14063,"40,3,169"
14064,"3,4,0"
14065,"73,40,44"
14066,"3,40,21"
14067,"40,3,21"
14068,"170,3,169"
14069,"8,0,40"
14070,"0,8,3"
14071,"40,23,169"
14072,"290,3,0"
14073,"0,355,8"
14074,"0,265,366"
14075,"323,199,170"
14076,"436,40,169"
14077,"40,169,0"
14078,"3,15,0"
14079,"23,26,296"
14080,"0,255,271"
14081,"3,0,15"
14082,"40,160,3"
14083,"40,3,169"
14084,"64,10,448"
14085,"23,40,0"
14086,"40,151,3"
14087,"3,224,41"
14088,"10,0,44"
14089,"40,128,131"
14090,"40,3,184"
14091,"60,3,419"
14092,"0,265,3"
14093,"0,169,311"
14094,"40,23,3"
14095,"0,3,40"
14096,"71,24,38"
14097,"3,40,23"
14098,"301,3,21"
14099,"3,0,265"
14100,"4,19,3"
14101,"0,10,216"
14102,"401,3,13"
14103,"0,355,8"
14104,"40,3,41"
14105,"3,0,4"
14106,"3,0,265"
14107,"3,40,21"
14108,"0,105,3"
14109,"23,40,296"
14110,"40,131,0"
14111,"0,38,40"
14112,"23,0,40"
14113,"131,406,40"
14114,"131,40,406"
14115,"3,17,0"
14116,"3,311,169"
14117,"0,23,231"
14118,"64,10,93"
14119,"0,271,265"
14120,"0,10,220"
14121,"38,23,296"
14122,"64,10,296"
14123,"3,4,7"
14124,"40,74,23"
14125,"3,156,225"
14126,"23,40,74"
14127,"3,169,23"
14128,"40,0,271"
14129,"0,3,169"
14130,"23,40,3"
14131,"3,51,10"
14132,"40,160,334"
14133,"40,131,134"
14134,"49,265,23"
14135,"40,3,160"
14136,"0,480,216"
14137,"131,40,3"
14138,"145,40,0"
14139,"0,255,265"
14140,"169,40,0"
14141,"0,213,214"
14142,"323,3,23"
14143,"3,21,108"
14144,"40,23,0"
14145,"0,366,265"
14146,"40,184,3"
14147,"3,40,21"
14148,"0,40,265"
14149,"3,28,518"
14150,"0,265,271"
14151,"216,3,0"
14152,"0,265,10"
14153,"0,277,211"
14154,"0,271,23"
14155,"3,169,40"
14156,"0,208,271"
14157,"3,0,265"
14158,"0,3,208"
14159,"225,3,156"
14160,"40,199,323"
14161,"23,10,145"
14162,"265,0,340"
14163,"40,131,23"
14164,"10,64,23"
14165,"40,0,169"
14166,"0,265"
14167,"10,3,40"
14168,"3,34,187"
14169,"291,0,271"
14170,"3,169,0"
14171,"3,40,0"
14172,"169,40,3"
14173,"169,40,199"
14174,"0,10,277"
14175,"3,40,0"
14176,"169,296,426"
14177,"3,0,28"
14178,"169,0,3"
14179,"138,135,40"
14180,"40,3,0"
14181,"0,3,296"
14182,"0,3,23"
14183,"0,3,40"
14184,"3,271,13"
14185,"296,169,417"
14186,"0,3,13"
14187,"170,24,43"
14188,"225,120,156"
14189,"3,0,425"
14190,"3,40,21"
14191,"0,23,26"
14192,"0,265,397"
14193,"0,271,313"
14194,"0,271,26"
14195,"3,32,31"
14196,"3,401,0"
14197,"23,0,24"
14198,"0,457,458"
14199,"0,271,3"
14200,"3,10,296"
14201,"0,265,8"
14202,"3,40,53"
14203,"3,21,385"
14204,"31,23,3"
14205,"0,265,169"
14206,"0,265,3"
14207,"10,169,3"
14208,"0,291,369"
14209,"0,271"
14210,"0,208,453"
14211,"40,160,423"
14212,"170,199,169"
14213,"0,3,10"
14214,"40,169,3"
14215,"10,3,0"
14216,"0,265,340"
14217,"40,23,184"
14218,"0,169,271"
14219,"3,0,17"
14220,"3,0,13"
14221,"0,271,23"
14222,"3,23,0"
14223,"0,40,3"
14224,"0,271,8"
14225,"26,0,89"
14226,"224,41,40"
14227,"3,100,40"
14228,"0,3,181"
14229,"0,3,40"
14230,"323,199,40"
14231,"10,64,0"
14232,"40,0,160"
14233,"0,169,3"
14234,"0,255,40"
14235,"23,3,0"
14236,"0,3,271"
14237,"64,10,0"
14238,"38,23,0"
14239,"265,0,218"
14240,"3,17,0"
14241,"217,120,3"
14242,"0,8,23"
14243,"0,10,220"
14244,"0,23,40"
14245,"40,169,23"
14246,"0,271,265"
14247,"0,40,3"
14248,"3,169,311"
14249,"3,251,337"
14250,"0,291,271"
14251,"128,23,3"
14252,"3,40,21"
14253,"0,40,10"
14254,"0,271,255"
14255,"3,40,0"
14256,"15,3,16"
14257,"0,220,10"
14258,"145,10,40"
14259,"3,0,265"
14260,"0,169,23"
14261,"0,288,498"
14262,"3,21,0"
14263,"10,11,0"
14264,"3,40,191"
14265,"3,0,21"
14266,"40,135,23"
14267,"0,10,11"
14268,"64,10,0"
14269,"0,265"
14270,"169,3,311"
14271,"3,21,296"
14272,"220,0,10"
14273,"3,15,16"
14274,"0,337,169"
14275,"3,41,40"
14276,"3,0,40"
14277,"17,58,3"
14278,"0,3,40"
14279,"300,40,296"
14280,"40,131,0"
14281,"40,186,128"
14282,"0,40,3"
14283,"40,0,10"
14284,"3,111,40"
14285,"0,105,3"
14286,"323,0,199"
14287,"0,3,40"
14288,"3,0,4"
14289,"40,128,23"
14290,"3,4,0"
14291,"23,3,0"
14292,"0,265,3"
14293,"0,23,38"
14294,"10,64,0"
14295,"3,0,40"
14296,"3,40,0"
14297,"265,0,340"
14298,"0,265,488"
14299,"3,21,17"
14300,"0,265,3"
14301,"0,40,169"
14302,"23,3,40"
14303,"3,4,111"
14304,"0,23,40"
14305,"3,53,40"
14306,"26,417,23"
14307,"40,23,0"
14308,"40,0,23"
14309,"3,0,4"
14310,"93,64,10"
14311,"3,40,0"
14312,"0,265,271"
14313,"0,10,40"
14314,"0,38,23"
14315,"296,169,452"
14316,"0,40,265"
14317,"0,265,3"
14318,"10,23,40"
14319,"3,28,364"
14320,"40,3,41"
14321,"3,182,0"
14322,"3,0,40"
14323,"265,0"
14324,"0,265,340"
14325,"3,311,169"
14326,"290,3,23"
14327,"3,15,0"
14328,"0,271,355"
14329,"0,206,369"
14330,"10,64,80"
14331,"40,0,169"
14332,"147,3,120"
14333,"3,5,0"
14334,"64,10,23"
14335,"40,160,0"
14336,"169,296,3"
14337,"0,169,3"
14338,"0,255,271"
14339,"0,23,145"
14340,"10,3,40"
14341,"3,40,0"
14342,"3,401,5"
14343,"514,0,8"
14344,"169,0,296"
14345,"3,4,21"
14346,"0,38,23"
14347,"40,0,169"
14348,"3,0,271"
14349,"426,169,23"
14350,"3,296,169"
14351,"23,24,43"
14352,"0,216,211"
14353,"169,40,296"
14354,"3,21,40"
14355,"40,131,139"
14356,"0,265,376"
14357,"40,0,3"
14358,"296,333,169"
14359,"10,64,24"
14360,"10,64,23"
14361,"0,265"
14362,"4,3,0"
14363,"3,0,21"
14364,"0,265,21"
14365,"160,40,0"
14366,"300,40,3"
14367,"134,40,131"
14368,"3,4,28"
14369,"135,0,23"
14370,"0,23,8"
14371,"145,0,10"
14372,"23,3,10"
14373,"3,28,364"
14374,"0,3,13"
14375,"23,40,96"
14376,"38,40,402"
14377,"3,21,23"
14378,"220,10,0"
14379,"498,23,0"
14380,"40,0,160"
14381,"3,0,40"
14382,"0,265,3"
14383,"3,23,0"
14384,"74,23,317"
14385,"3,21,40"
14386,"311,0,169"
14387,"15,16,3"
14388,"0,169,271"
14389,"23,0,38"
14390,"3,21,22"
14391,"0,417,296"
14392,"32,31,40"
14393,"323,40,170"
14394,"263,3,34"
14395,"0,3,111"
14396,"0,23,265"
14397,"3,4,23"
14398,"169,3,40"
14399,"40,128,169"
14400,"3,4,0"
14401,"23,0,10"
14402,"3,0,10"
14403,"3,0,21"
14404,"10,11,44"
14405,"21,3,22"
14406,"0,265,340"
14407,"43,24,23"
14408,"3,187,21"
14409,"40,160,0"
14410,"40,169,3"
14411,"3,40,41"
14412,"40,0,160"
14413,"0,265,40"
14414,"3,0,40"
14415,"0,265,255"
14416,"3,10,23"
14417,"23,38,0"
14418,"3,40,160"
14419,"131,40"
14420,"3,199,170"
14421,"169,40,170"
14422,"0,271,3"
14423,"10,3,23"
14424,"40,23,160"
14425,"40,128,131"
14426,"3,21,234"
14427,"0,3,10"
14428,"0,271,3"
14429,"40,3,10"
14430,"3,124,21"
14431,"3,0,23"
14432,"138,135,40"
14433,"10,11,44"
14434,"3,21,169"
14435,"3,111,21"
14436,"3,0,21"
14437,"0,3,40"
14438,"3,169,23"
14439,"24,71,38"
14440,"0,3,145"
14441,"0,3,23"
14442,"0,38,40"
14443,"74,23,317"
14444,"3,169,34"
14445,"0,288,498"
14446,"71,74,38"
14447,"3,40,160"
14448,"15,3,16"
14449,"40,0,23"
14450,"64,10"
14451,"25,23,10"
14452,"40,3,0"
14453,"40,3,0"
14454,"160,40,3"
14455,"0,3,498"
14456,"131,40,134"
14457,"309,40,23"
14458,"40,145,0"
14459,"3,0,4"
14460,"10,64,40"
14461,"0,265,271"
14462,"0,265,3"
14463,"0,425,498"
14464,"10,40,0"
14465,"40,3,21"
14466,"3,0,40"
14467,"138,135,40"
14468,"0,271,265"
14469,"0,265,10"
14470,"40,0,313"
14471,"10,60,3"
14472,"0,3,40"
14473,"323,199,170"
14474,"0,265,23"
14475,"0,265,10"
14476,"74,23,165"
14477,"40,23,24"
14478,"0,40,23"
14479,"3,0,40"
14480,"0,23,38"
14481,"3,40,34"
14482,"3,23,0"
14483,"3,40,17"
14484,"334,3,160"
14485,"3,21,182"
14486,"3,452,0"
14487,"334,160,3"
14488,"0,3,4"
14489,"0,40,271"
14490,"3,21,0"
14491,"145,40,0"
14492,"296,169,0"
14493,"3,169,296"
14494,"0,40,10"
14495,"10,145,3"
14496,"0,23,38"
14497,"3,0,21"
14498,"0,271,40"
14499,"0,458,277"
14500,"40,160,3"
14501,"3,120,217"
14502,"0,3,265"
14503,"145,23,10"
14504,"0,3,40"
14505,"10,64,0"
14506,"3,40,21"
14507,"118,74,23"
14508,"0,3,40"
14509,"3,0,21"
14510,"3,0,21"
14511,"0,3,10"
14512,"0,220,10"
14513,"0,40,3"
14514,"40,3,23"
14515,"0,3,23"
14516,"0,40,23"
14517,"23,145,0"
14518,"169,0,23"
14519,"40,146,145"
14520,"3,401,120"
14521,"10,11,64"
14522,"220,10,3"
14523,"199,323,169"
14524,"3,0,401"
14525,"3,0,17"
14526,"0,40,271"
14527,"3,28,364"
14528,"0,271,255"
14529,"0,169,23"
14530,"3,0,265"
14531,"10,0,11"
14532,"3,40,111"
14533,"23,0,40"
14534,"0,265,271"
14535,"0,3,10"
14536,"10,64,93"
14537,"0,3,220"
14538,"3,187,40"
14539,"3,0"
14540,"3,0,17"
14541,"0,265,340"
14542,"10,0,11"
14543,"3,21,0"
14544,"0,23,10"
14545,"3,208,169"
14546,"3,40,0"
14547,"40,23,38"
14548,"23,74,40"
14549,"0,10,220"
14550,"40,160,334"
14551,"40,160,3"
14552,"160,40,334"
14553,"0,3,313"
14554,"3,452,296"
14555,"171,199,170"
14556,"0,23,26"
14557,"40,3,160"
14558,"3,21,53"
14559,"3,21,40"
14560,"3,40,0"
14561,"10,220,3"
14562,"131,40,486"
14563,"3,0,53"
14564,"0,265,3"
14565,"10,3,64"
14566,"40,160,23"
14567,"271,0,291"
14568,"0,31,23"
14569,"3,21,120"
14570,"64,80,10"
14571,"16,3,15"
14572,"40,328,23"
14573,"3,0,169"
14574,"0,38,23"
14575,"160,40,334"
14576,"220,0,10"
14577,"10,64,3"
14578,"40,146,145"
14579,"3,21,111"
14580,"10,0,40"
14581,"64,93,10"
14582,"3,160,323"
14583,"3,0,4"
14584,"0,220,10"
14585,"40,130,0"
14586,"309,38,23"
14587,"0,3,23"
14588,"3,111,21"
14589,"3,21,0"
14590,"38,0,23"
14591,"3,23,296"
14592,"3,4,40"
14593,"3,21,169"
14594,"23,3,74"
14595,"323,170,40"
14596,"0,3,182"
14597,"93,64,10"
14598,"40,3,0"
14599,"49,24,23"
14600,"3,21,169"
14601,"3,13,53"
14602,"0,3,40"
14603,"23,40,31"
14604,"23,0,145"
14605,"0,271,265"
14606,"311,0,169"
14607,"3,40,169"
14608,"3,0,4"
14609,"0,265,8"
14610,"40,23,160"
14611,"4,3,0"
14612,"74,118,23"
14613,"24,40,0"
14614,"10,64,3"
14615,"64,10,489"
14616,"10,64,3"
14617,"40,146,145"
14618,"10,11,3"
14619,"23,74,40"
14620,"0,277,3"
14621,"23,0,514"
14622,"59,0,23"
14623,"169,0,3"
14624,"0,40,184"
14625,"64,10,80"
14626,"320,311,17"
14627,"40,3,21"
14628,"0,3,271"
14629,"3,21,0"
14630,"0,265,11"
14631,"11,10,265"
14632,"23,0,40"
14633,"23,220,169"
14634,"40,128,186"
14635,"323,199,0"
14636,"271,3,0"
14637,"0,220,10"
14638,"0,3,23"
14639,"3,23,40"
14640,"0,265,514"
14641,"3,40,111"
14642,"3,21,0"
14643,"220,10,0"
14644,"40,3,41"
14645,"0,8,271"
14646,"0,3,271"
14647,"71,38,24"
14648,"3,401,21"
14649,"508,131,169"
14650,"0,296,417"
14651,"3,40,0"
14652,"0,160,8"
14653,"0,169,3"
14654,"40,250,128"
14655,"3,0,53"
14656,"3,40,169"
14657,"3,169,40"
14658,"23,74,118"
14659,"40,3,0"
14660,"40,3,131"
14661,"40,0,3"
14662,"10,145,0"
14663,"38,23,0"
14664,"40,184,145"
14665,"74,23,3"
14666,"0,458,277"
14667,"40,131,0"
14668,"49,24,10"
14669,"3,5,21"
14670,"23,3,40"
14671,"3,21,40"
14672,"120,225,3"
14673,"0,3,216"
14674,"169,40,0"
14675,"40,3,186"
14676,"131,40,406"
14677,"16,3,15"
14678,"3,0,169"
14679,"169,3,40"
14680,"0,265,271"
14681,"23,40,0"
14682,"3,40,135"
14683,"40,131,406"
14684,"3,0,265"
14685,"10,64,3"
14686,"43,10,40"
14687,"0,3,40"
14688,"3,40,21"
14689,"3,0,40"
14690,"10,64,23"
14691,"317,74,23"
14692,"71,38,24"
14693,"296,169,3"
14694,"160,40,334"
14695,"40,3,145"
14696,"160,334,40"
14697,"0,3,10"
14698,"0,265,3"
14699,"3,40,0"
14700,"290,0,277"
14701,"40,135,244"
14702,"40,265,3"
14703,"3,0,169"
14704,"3,40,21"
14705,"40,160,162"
14706,"147,156,120"
14707,"3,17,58"
14708,"3,40,21"
14709,"296,10,23"
14710,"296,169,0"
14711,"311,259,426"
14712,"169,311,40"
14713,"0,271,23"
14714,"0,169,8"
14715,"3,0,23"
14716,"145,44,402"
14717,"3,111,21"
14718,"118,23,74"
14719,"0,3,10"
14720,"3,0,40"
14721,"40,0,3"
14722,"44,0,145"
14723,"3,0,40"
14724,"0,265,458"
14725,"0,3,220"
14726,"40,11,44"
14727,"23,38,0"
14728,"0,8,38"
14729,"3,23,28"
14730,"3,199,40"
14731,"0,208,453"
14732,"3,311,169"
14733,"21,3,28"
14734,"0,3,23"
14735,"311,3,169"
14736,"3,49,0"
14737,"3,0,23"
14738,"3,4,0"
14739,"0,216,372"
14740,"220,10,0"
14741,"0,10,3"
14742,"170,199,0"
14743,"40,3,111"
14744,"3,0,40"
14745,"10,23,0"
14746,"3,23,0"
14747,"0,265,488"
14748,"0,23,271"
14749,"23,3,169"
14750,"74,23,3"
14751,"40,3,169"
14752,"171,199,170"
14753,"0,10,265"
14754,"0,480,397"
14755,"40,3,0"
14756,"0,271,3"
14757,"3,15,0"
14758,"3,111,31"
14759,"40,131,241"
14760,"3,17,120"
14761,"169,170,199"
14762,"3,21,169"
14763,"72,0,44"
14764,"40,334,160"
14765,"320,3,17"
14766,"40,169,3"
14767,"40,309,296"
14768,"131,0,265"
14769,"74,118,23"
14770,"0,3,265"
14771,"0,265,40"
14772,"0,271,265"
14773,"265,3,0"
14774,"0,3,17"
14775,"3,21,17"
14776,"3,187,34"
14777,"311,169,3"
14778,"3,523,160"
14779,"3,30,0"
14780,"0,169,265"
14781,"40,145,3"
14782,"8,0,355"
14783,"3,53,64"
14784,"0,23,40"
14785,"40,23,0"
14786,"3,0,28"
14787,"10,220,64"
14788,"0,271,40"
14789,"0,10,40"
14790,"0,8"
14791,"40,160,3"
14792,"0,23,40"
14793,"145,44,40"
14794,"64,90,10"
14795,"40,437,3"
14796,"3,169,13"
14797,"40,23,74"
14798,"40,146,145"
14799,"0,3,426"
14800,"23,0,175"
14801,"40,169,241"
14802,"337,251,169"
14803,"3,21,5"
14804,"23,0,38"
14805,"0,271,216"
14806,"3,40,0"
14807,"40,184,494"
14808,"24,23,10"
14809,"3,169,28"
14810,"3,4"
14811,"3,0,53"
14812,"0,255,271"
14813,"3,21,40"
14814,"23,10,11"
14815,"23,24,0"
14816,"3,204,13"
14817,"10,3,11"
14818,"220,0,10"
14819,"23,38,0"
14820,"0,23,3"
14821,"3,169,13"
14822,"138,40,135"
14823,"0,3,265"
14824,"23,74,38"
14825,"3,0,169"
14826,"3,0,169"
14827,"0,265,488"
14828,"40,3,23"
14829,"40,160,128"
14830,"74,23,10"
14831,"3,40,169"
14832,"0,23,3"
14833,"10,11,64"
14834,"0,40,271"
14835,"23,0,3"
14836,"0,3,10"
14837,"40,128,3"
14838,"24,71,23"
14839,"40,3,10"
14840,"0,8,265"
14841,"3,21,40"
14842,"0,3,271"
14843,"0,291,271"
14844,"3,40,53"
14845,"169,296,311"
14846,"40,23,160"
14847,"3,21,40"
14848,"40,160,0"
14849,"3,111,21"
14850,"10,3,220"
14851,"3,120,0"
14852,"74,317,23"
14853,"0,271,444"
14854,"10,3,11"
14855,"0,218,457"
14856,"40,0,271"
14857,"0,23,265"
14858,"40,41,224"
14859,"265,23,3"
14860,"40,3,160"
14861,"3,17,21"
14862,"265,3,21"
14863,"3,40,33"
14864,"40,3,41"
14865,"40,146,3"
14866,"3,21,34"
14867,"3,30,40"
14868,"402,145,40"
14869,"40,3,160"
14870,"23,10,0"
14871,"0,10,509"
14872,"4,7,3"
14873,"3,0,271"
14874,"0,220,10"
14875,"0,169,296"
14876,"3,17,40"
14877,"3,120,21"
14878,"0,10,23"
14879,"3,0,169"
14880,"40,3,111"
14881,"0,271,23"
14882,"3,40,21"
14883,"40,0,3"
14884,"10,3,44"
14885,"3,0,4"
14886,"291,0,271"
14887,"0,271,291"
14888,"0,38,23"
14889,"3,40,0"
14890,"3,0,265"
14891,"10,64,3"
14892,"21,3,40"
14893,"3,0,265"
14894,"96,31,23"
14895,"0,340,265"
14896,"169,259,311"
14897,"40,131,0"
14898,"3,23,40"
14899,"0,265,271"
14900,"71,0,24"
14901,"317,23,74"
14902,"40,131,134"
14903,"0,10,40"
14904,"199,170,169"
14905,"40,3,135"
14906,"44,145,11"
14907,"138,135,40"
14908,"160,40,3"
14909,"0,23,38"
14910,"0,3,40"
14911,"40,135,23"
14912,"0,271,277"
14913,"40,131,250"
14914,"0,265"
14915,"10,64,80"
14916,"38,40,23"
14917,"0,111,455"
14918,"3,34,53"
14919,"40,23,135"
14920,"265,40,0"
14921,"296,169,452"
14922,"40,41,224"
14923,"43,24,23"
14924,"0,3,271"
14925,"0,271,255"
14926,"3,452,296"
14927,"11,40,3"
14928,"0,271,40"
14929,"3,21,40"
14930,"339,337,3"
14931,"0,23,3"
14932,"0,23,265"
14933,"0,265,10"
14934,"199,3,23"
14935,"417,169,296"
14936,"0,3,40"
14937,"40,131,3"
14938,"169,3,38"
14939,"3,40,0"
14940,"0,10,3"
14941,"0,10,23"
14942,"0,3,265"
14943,"3,0,15"
14944,"3,21,0"
14945,"40,160,0"
14946,"3,0,4"
14947,"74,23,317"
14948,"296,169,40"
14949,"3,21,0"
14950,"0,3,40"
14951,"3,40,169"
14952,"71,38,24"
14953,"0,313,346"
14954,"0,23,38"
14955,"291,271,0"
14956,"128,40,0"
14957,"131,40,241"
14958,"3,23,0"
14959,"40,131,406"
14960,"40,3,17"
14961,"0,38,23"
14962,"0,8,23"
14963,"0,265,255"
14964,"40,145,3"
14965,"0,23,38"
14966,"459,0,169"
14967,"3,334,40"
14968,"3,23,74"
14969,"4,0,3"
14970,"40,0,455"
14971,"3,40,169"
14972,"0,3,40"
14973,"23,40,169"
14974,"265,0,64"
14975,"199,169,3"
14976,"0,23,169"
14977,"0,271,355"
14978,"431,40,135"
14979,"10,3,31"
14980,"3,0,120"
14981,"40,131,134"
14982,"3,204,21"
14983,"186,40,128"
14984,"0,271,169"
14985,"0,23,169"
14986,"0,265,288"
14987,"0,8,38"
14988,"0,265,393"
14989,"296,169,0"
14990,"3,17,28"
14991,"10,0,44"
14992,"0,271,291"
14993,"3,0,169"
14994,"3,4,0"
14995,"3,0,21"
14996,"64,10,93"
14997,"10,169,64"
14998,"40,23,0"
14999,"93,64,10"
15000,"40,3,160"
15001,"3,21,17"
15002,"40,169,3"
15003,"11,10,3"
15004,"40,0,169"
15005,"118,0,23"
15006,"455,0,40"
15007,"296,169,3"
15008,"23,3,10"
15009,"0,169,3"
15010,"3,40,169"
15011,"131,40,0"
15012,"0,40,169"
15013,"3,40,169"
15014,"0,44,3"
15015,"3,40,0"
15016,"199,171,40"
15017,"3,401,13"
15018,"10,145,40"
15019,"170,199,171"
15020,"23,0,40"
15021,"23,169,74"
15022,"40,160,149"
15023,"10,64,3"
15024,"3,85,86"
15025,"0,8,40"
15026,"0,3,265"
15027,"3,40,21"
15028,"0,271,40"
15029,"131,40,406"
15030,"74,303,23"
15031,"0,271,3"
15032,"320,17,3"
15033,"3,120,147"
15034,"3,320,17"
15035,"3,120,85"
15036,"3,5,28"
15037,"3,111,0"
15038,"0,265,271"
15039,"0,40,216"
15040,"10,0,220"
15041,"169,296,3"
15042,"0,10,218"
15043,"0,40,23"
15044,"3,21,40"
15045,"3,40,0"
15046,"3,111,0"
15047,"0,23,271"
15048,"40,3,169"
15049,"10,334,64"
15050,"3,0,40"
15051,"3,4,10"
15052,"3,187,21"
15053,"251,337,169"
15054,"0,271,3"
15055,"40,309,3"
15056,"0,498,288"
15057,"40,0,3"
15058,"3,21,0"
15059,"0,271,23"
15060,"64,10,160"
15061,"169,199,296"
15062,"3,120,147"
15063,"199,40,169"
15064,"44,10,0"
15065,"296,169,3"
15066,"40,0,131"
15067,"3,169,0"
15068,"3,40,169"
15069,"3,182,0"
15070,"3,0,40"
15071,"3,0,4"
15072,"3,120,0"
15073,"3,112,40"
15074,"40,0,135"
15075,"3,296,169"
15076,"3,0,21"
15077,"170,323,199"
15078,"220,221,10"
15079,"3,120,268"
15080,"323,199,170"
15081,"0,265,313"
15082,"3,24,0"
15083,"40,23,131"
15084,"40,131,0"
15085,"0,10,169"
15086,"220,10,0"
15087,"0,265,277"
15088,"118,74,23"
15089,"23,40,0"
15090,"0,23,271"
15091,"3,4,28"
15092,"3,40,21"
15093,"40,145,0"
15094,"3,21,28"
15095,"3,0,169"
15096,"40,160,0"
15097,"0,3,10"
15098,"0,265,277"
15099,"0,265,271"
15100,"40,3,169"
15101,"40,3,41"
15102,"40,3,53"
15103,"0,265,3"
15104,"3,5,0"
15105,"265,0,418"
15106,"170,0,323"
15107,"0,271,265"
15108,"0,44,145"
15109,"23,0,38"
15110,"337,0,3"
15111,"3,204,40"
15112,"40,0,23"
15113,"0,40,23"
15114,"40,146,3"
15115,"40,0,3"
15116,"3,225,0"
15117,"0,265,59"
15118,"23,0,40"
15119,"3,0,169"
15120,"3,0,40"
15121,"3,30,40"
15122,"0,23,40"
15123,"0,38,145"
15124,"0,40,23"
15125,"3,40,0"
15126,"3,0,4"
15127,"220,10,0"
15128,"0,211,319"
15129,"514,8,23"
15130,"40,160,0"
15131,"0,313,23"
15132,"40,3,64"
15133,"3,4,5"
15134,"3,320,21"
15135,"3,4,174"
15136,"40,128,3"
15137,"135,138,40"
15138,"40,160"
15139,"128,175,40"
15140,"0,26,23"
15141,"0,40,406"
15142,"3,30,0"
15143,"43,24,23"
15144,"10,220,0"
15145,"23,0,3"
15146,"3,40,21"
15147,"0,271,169"
15148,"0,255,313"
15149,"23,323,40"
15150,"40,3,131"
15151,"10,64,199"
15152,"0,291,271"
15153,"3,40,296"
15154,"3,111,53"
15155,"96,31,23"
15156,"3,169,23"
15157,"0,3,271"
15158,"323,3,199"
15159,"3,120,28"
15160,"296,23,40"
15161,"170,199,171"
15162,"3,169,296"
15163,"0,296,169"
15164,"10,220,3"
15165,"0,169,3"
15166,"0,3,52"
15167,"296,169,417"
15168,"3,120,17"
15169,"40,169,135"
15170,"23,0,38"
15171,"3,0,40"
15172,"4,3,19"
15173,"199,323,170"
15174,"40,169,3"
15175,"3,58,17"
15176,"199,170,323"
15177,"169,170,199"
15178,"3,40,21"
15179,"23,10,3"
15180,"0,3,21"
15181,"3,21,0"
15182,"0,23,25"
15183,"0,220,10"
15184,"3,0,21"
15185,"169,296,3"
15186,"74,23,3"
15187,"3,0,111"
15188,"271,0,265"
15189,"0,265,3"
15190,"3,4,5"
15191,"0,271,40"
15192,"3,21,296"
15193,"0,23,3"
15194,"3,120,225"
15195,"40,0,10"
15196,"0,265,169"
15197,"3,0,21"
15198,"3,28,0"
15199,"0,271,131"
15200,"40,131,0"
15201,"0,40,218"
15202,"3,182,21"
15203,"296,169,0"
15204,"40,0,3"
15205,"0,265,271"
15206,"3,21,0"
15207,"3,0,40"
15208,"3,21,0"
15209,"0,265,271"
15210,"0,220,10"
15211,"0,313,10"
15212,"3,34,21"
15213,"3,287,53"
15214,"44,0,72"
15215,"21,3,40"
15216,"0,40,3"
15217,"3,23,105"
15218,"0,10,265"
15219,"40,3,23"
15220,"145,40,0"
15221,"0,458,277"
15222,"23,40,0"
15223,"0,457,218"
15224,"0,26,27"
15225,"40,3,514"
15226,"187,40,3"
15227,"11,10,0"
15228,"0,265,218"
15229,"40,131,0"
15230,"10,3,21"
15231,"40,38,0"
15232,"0,8,10"
15233,"3,40,0"
15234,"169,3,296"
15235,"0,10,145"
15236,"170,3,199"
15237,"0,40,3"
15238,"0,3,311"
15239,"220,10,221"
15240,"23,514,40"
15241,"23,0,145"
15242,"40,3,139"
15243,"0,11,10"
15244,"3,10,169"
15245,"3,40,191"
15246,"64,10,0"
15247,"0,265,271"
15248,"23,0,3"
15249,"0,23,3"
15250,"3,0,23"
15251,"311,169,3"
15252,"0,145,10"
15253,"64,40,3"
15254,"317,74,23"
15255,"0,3,216"
15256,"0,271,265"
15257,"40,160,169"
15258,"131,40,226"
15259,"131,40,0"
15260,"111,3"
15261,"3,0,40"
15262,"40,131,23"
15263,"0,10,23"
15264,"0,10,220"
15265,"131,23,406"
15266,"131,40,0"
15267,"0,40,3"
15268,"138,40,135"
15269,"21,0,3"
15270,"0,291,265"
15271,"3,0,169"
15272,"187,21,3"
15273,"265,0,10"
15274,"0,3,291"
15275,"0,265,271"
15276,"0,40,265"
15277,"3,21,28"
15278,"40,169,3"
15279,"10,0,218"
15280,"4,3,7"
15281,"3,21,33"
15282,"23,40,3"
15283,"317,74,40"
15284,"0,265,3"
15285,"23,308,0"
15286,"3,21,191"
15287,"23,3,170"
15288,"0,265,271"
15289,"3,523,120"
15290,"54,10,0"
15291,"3,21,182"
15292,"3,17,21"
15293,"3,10,60"
15294,"23,199,323"
15295,"64,10,0"
15296,"0,10,23"
15297,"0,265,160"
15298,"0,265,271"
15299,"0,169,23"
15300,"21,3,40"
15301,"3,21,40"
15302,"3,0,28"
15303,"10,31,23"
15304,"40,169,3"
15305,"131,40,3"
15306,"131,40,0"
15307,"0,271,23"
15308,"3,40,21"
15309,"10,44,145"
15310,"3,40,296"
15311,"311,169,320"
15312,"3,21,40"
15313,"0,265,21"
15314,"131,40,241"
15315,"0,277,169"
15316,"0,265,255"
15317,"40,3,169"
15318,"3,4,111"
15319,"0,23,38"
15320,"0,169,40"
15321,"0,271,265"
15322,"23,118,74"
15323,"291,0,271"
15324,"0,271,40"
15325,"0,265,271"
15326,"169,40,3"
15327,"0,265,271"
15328,"3,40,160"
15329,"3,10,23"
15330,"0,265,40"
15331,"3,17,0"
15332,"0,265"
15333,"169,170,199"
15334,"220,10,0"
15335,"3,21,0"
15336,"74,317,23"
15337,"187,21,3"
15338,"3,21,301"
15339,"40,131,486"
15340,"0,265,271"
15341,"0,169,3"
15342,"3,0,21"
15343,"0,10,11"
15344,"0,3,23"
15345,"3,120,217"
15346,"40,0,10"
15347,"3,0,40"
15348,"3,0,28"
15349,"169,3,40"
15350,"3,4,21"
15351,"0,271,265"
15352,"169,0,170"
15353,"64,10,80"
15354,"0,40,313"
15355,"44,145,10"
15356,"0,23,3"
15357,"0,8,23"
15358,"38,23,0"
15359,"40,131,0"
15360,"0,265,10"
15361,"3,0,15"
15362,"3,111,0"
15363,"3,21,301"
15364,"40,23,0"
15365,"64,10,3"
15366,"131,40,241"
15367,"40,160,23"
15368,"40,134,169"
15369,"44,73,10"
15370,"40,241,0"
15371,"40,3,21"
15372,"0,3,23"
15373,"40,3,21"
15374,"3,28,169"
15375,"23,40,10"
15376,"169,296,40"
15377,"40,0,3"
15378,"0,208,453"
15379,"0,38,23"
15380,"0,8,271"
15381,"0,3,255"
15382,"0,265,340"
15383,"0,23,40"
15384,"3,0,40"
15385,"3,0,21"
15386,"169,0,296"
15387,"64,40,10"
15388,"0,40,313"
15389,"23,40,3"
15390,"3,15,16"
15391,"0,291,271"
15392,"3,28,364"
15393,"3,0,34"
15394,"0,23,271"
15395,"3,40,111"
15396,"40,3,169"
15397,"40,160"
15398,"0,220,457"
15399,"0,425,265"
15400,"323,199,170"
15401,"0,3,296"
15402,"10,3,40"
15403,"0,3,169"
15404,"40,0,3"
15405,"10,0,64"
15406,"3,17,34"
15407,"96,317,74"
15408,"8,0,3"
15409,"3,0,23"
15410,"3,0,40"
15411,"0,3,23"
15412,"0,265,271"
15413,"0,15,3"
15414,"169,170,3"
15415,"0,271,23"
15416,"10,40,3"
15417,"184,40,185"
15418,"0,220,10"
15419,"182,3,21"
15420,"0,255,265"
15421,"40,0,3"
15422,"40,131,23"
15423,"0,265,8"
15424,"0,23,291"
15425,"0,271,3"
15426,"0,271,255"
15427,"40,169,0"
15428,"40,0,23"
15429,"0,3,23"
15430,"3,40,0"
15431,"170,199,40"
15432,"3,40,217"
15433,"40,3,0"
15434,"3,40,0"
15435,"402,145,40"
15436,"21,3,187"
15437,"3,21,296"
15438,"0,10,220"
15439,"3,0,21"
15440,"0,23,8"
15441,"10,11,3"
15442,"23,38,0"
15443,"40,38,23"
15444,"23,11,10"
15445,"40,3,33"
15446,"0,23,40"
15447,"0,40,3"
15448,"0,3,40"
15449,"0,38,23"
15450,"436,170,169"
15451,"40,3,145"
15452,"160,334,40"
15453,"508,23,169"
15454,"3,0,5"
15455,"3,34,0"
15456,"3,53,21"
15457,"40,0,162"
15458,"3,21,0"
15459,"138,135,40"
15460,"0,145,23"
15461,"0,40,131"
15462,"3,40,191"
15463,"3,40,21"
15464,"73,44,10"
15465,"3,17,58"
15466,"169,0,296"
15467,"0,208,3"
15468,"40,131,23"
15469,"3,28,53"
15470,"145,44,40"
15471,"0,255,211"
15472,"0,218,457"
15473,"74,317,23"
15474,"3,0,34"
15475,"3,40,111"
15476,"40,131,139"
15477,"10,11,0"
15478,"337,251,0"
15479,"40,145,23"
15480,"0,3,17"
15481,"0,311,259"
15482,"40,145,44"
15483,"3,0,169"
15484,"3,0,182"
15485,"23,0,3"
15486,"23,0,74"
15487,"0,277,458"
15488,"3,16,15"
15489,"3,40,74"
15490,"0,3,23"
15491,"265,0,145"
15492,"169,40,0"
15493,"3,21,40"
15494,"3,4,0"
15495,"323,3,199"
15496,"40,199,171"
15497,"317,250,74"
15498,"0,265,271"
15499,"3,0,21"
15500,"0,265,40"
15501,"3,120,147"
15502,"64,40,10"
15503,"131,40,0"
15504,"109,11,10"
15505,"224,40,41"
15506,"0,271,218"
15507,"138,135,40"
15508,"3,111,21"
15509,"0,23,40"
15510,"23,0,169"
15511,"0,271,355"
15512,"10,3,40"
15513,"3,28,5"
15514,"8,169,296"
15515,"296,3,23"
15516,"40,131,406"
15517,"23,3,0"
15518,"265,0,425"
15519,"169,40,3"
15520,"23,74,199"
15521,"40,184,131"
15522,"323,199,170"
15523,"3,40,0"
15524,"0,271,480"
15525,"40,3,182"
15526,"40,169,494"
15527,"5,3,97"
15528,"169,0,296"
15529,"0,265,458"
15530,"3,21,0"
15531,"40,134,169"
15532,"3,28,0"
15533,"0,169,8"
15534,"40,169,23"
15535,"3,0,182"
15536,"40,131,406"
15537,"40,3,135"
15538,"23,0,3"
15539,"10,11,0"
15540,"3,40,10"
15541,"23,40,0"
15542,"0,498,288"
15543,"417,169,40"
15544,"3,293,85"
15545,"0,10,64"
15546,"3,40,23"
15547,"23,3,0"
15548,"3,40,21"
15549,"3,40,334"
15550,"64,10,3"
15551,"3,40,0"
15552,"199,3,323"
15553,"23,0,169"
15554,"0,3,40"
15555,"0,265"
15556,"3,160,40"
15557,"3,40,217"
15558,"3,4,21"
15559,"0,23,265"
15560,"0,3,21"
15561,"10,0,220"
15562,"3,21,40"
15563,"131,40,0"
15564,"3,111,0"
15565,"3,4,0"
15566,"3,40,33"
15567,"40,170,0"
15568,"323,170,199"
15569,"40,145,10"
15570,"131,40,406"
15571,"3,34,40"
15572,"10,64,40"
15573,"3,40"
15574,"169,0,170"
15575,"0,265,8"
15576,"3,21,169"
15577,"170,0,199"
15578,"10,64,93"
15579,"169,0,311"
15580,"0,40,169"
15581,"0,271,340"
15582,"23,40,38"
15583,"0,458,277"
15584,"265,0,349"
15585,"220,10,0"
15586,"0,3,23"
15587,"10,64,0"
15588,"170,64,199"
15589,"170,199,171"
15590,"38,40,23"
15591,"23,38,3"
15592,"93,64,10"
15593,"0,40,3"
15594,"241,3,40"
15595,"10,0,3"
15596,"145,40,0"
15597,"3,21,111"
15598,"40,135,3"
15599,"0,271,291"
15600,"3,111,40"
15601,"3,53,21"
15602,"0,23,296"
15603,"31,0,23"
15604,"0,271,3"
15605,"38,3,0"
15606,"3,169,452"
15607,"170,169,199"
15608,"0,8,3"
15609,"0,271,265"
15610,"158,3,22"
15611,"187,40,3"
15612,"23,71,38"
15613,"3,0,21"
15614,"3,0,13"
15615,"145,40,10"
15616,"118,74,23"
15617,"128,40,162"
15618,"10,0,40"
15619,"64,10,3"
15620,"0,3,277"
15621,"3,40,0"
15622,"3,131,10"
15623,"40,131,3"
15624,"169,3,199"
15625,"40,131,0"
15626,"3,40,21"
15627,"0,265,498"
15628,"0,311,169"
15629,"3,4,0"
15630,"3,0,53"
15631,"40,0,3"
15632,"0,265,418"
15633,"170,199,40"
15634,"3,16,15"
15635,"417,0,3"
15636,"64,10,145"
15637,"40,169,0"
15638,"10,3,40"
15639,"40,0,131"
15640,"0,277,458"
15641,"0,40,3"
15642,"0,3,265"
15643,"3,40,0"
15644,"40,146,145"
15645,"309,3,40"
15646,"0,313,271"
15647,"0,3,271"
15648,"3,523,0"
15649,"187,263,34"
15650,"0,452,3"
15651,"3,40,0"
15652,"296,169,0"
15653,"10,0,64"
15654,"3,21,169"
15655,"3,334,21"
15656,"3,0,498"
15657,"131,40,406"
15658,"64,10,93"
15659,"40,44,145"
15660,"0,271"
15661,"3,34,263"
15662,"74,23,317"
15663,"0,38,23"
15664,"0,265,23"
15665,"169,40,23"
15666,"3,225,21"
15667,"40,3,169"
15668,"40,23,3"
15669,"0,255,23"
15670,"40,3,0"
15671,"0,265,271"
15672,"402,145,40"
15673,"220,10,0"
15674,"10,0,23"
15675,"3,21,0"
15676,"0,265,255"
15677,"0,265,3"
15678,"74,135,40"
15679,"3,0,23"
15680,"0,431,311"
15681,"170,199,171"
15682,"0,271,265"
15683,"0,271,255"
15684,"3,40,0"
15685,"3,120,147"
15686,"40,23,3"
15687,"0,169,296"
15688,"3,34,263"
15689,"0,23,40"
15690,"23,0,38"
15691,"40,184,185"
15692,"40,0,145"
15693,"10,0,296"
15694,"311,259,0"
15695,"0,3,265"
15696,"4,3,0"
15697,"0,40,3"
15698,"3,0,49"
15699,"23,0,40"
15700,"10,3,64"
15701,"175,74,40"
15702,"0,288,265"
15703,"40,169,3"
15704,"4,3,0"
15705,"3,21,0"
15706,"3,40,21"
15707,"3,15,0"
15708,"3,40"
15709,"0,218,265"
15710,"3,0,169"
15711,"3,40,23"
15712,"40,10,145"
15713,"3,40,0"
15714,"40,145,131"
15715,"169,3"
15716,"40,131,0"
15717,"0,23,3"
15718,"0,169,23"
15719,"40,334,160"
15720,"0,10,3"
15721,"3,0,111"
15722,"0,199,3"
15723,"3,13,0"
15724,"0,3,40"
15725,"334,0,40"
15726,"10,23,3"
15727,"111,3,0"
15728,"3,0,169"
15729,"40,23,169"
15730,"459,169,40"
15731,"3,21,53"
15732,"0,271,255"
15733,"0,8,350"
15734,"3,21,40"
15735,"5,3,21"
15736,"401,23,38"
15737,"265,0,425"
15738,"10,40,3"
15739,"10,169,40"
15740,"40,3,296"
15741,"0,23,271"
15742,"0,211,319"
15743,"0,265,208"
15744,"296,169,300"
15745,"0,291,271"
15746,"0,10,40"
15747,"10,11,44"
15748,"24,43,23"
15749,"0,3,265"
15750,"3,0,21"
15751,"3,0,40"
15752,"169,296,3"
15753,"0,271,265"
15754,"3,40,0"
15755,"3,4,0"
15756,"3,5,40"
15757,"0,23,38"
15758,"0,40,131"
15759,"23,74,0"
15760,"3,44,10"
15761,"40,175,23"
15762,"0,8,23"
15763,"40,128,23"
15764,"3,40,160"
15765,"259,426,431"
15766,"224,3,40"
15767,"160,3,40"
15768,"0,23,3"
15769,"296,300,169"
15770,"3,21,0"
15771,"0,3,169"
15772,"169,40,309"
15773,"169,311,40"
15774,"0,265,271"
15775,"0,271,40"
15776,"0,23,271"
15777,"40,128,151"
15778,"0,3,23"
15779,"0,40,23"
15780,"171,199,170"
15781,"0,3,265"
15782,"0,3,40"
15783,"64,10,0"
15784,"3,4,21"
15785,"0,402,10"
15786,"0,444,23"
15787,"40,23,131"
15788,"3,0,40"
15789,"10,3,60"
15790,"3,64,10"
15791,"131,184,40"
15792,"3,301,85"
15793,"10,0,64"
15794,"0,208,453"
15795,"220,10,0"
15796,"5,3,57"
15797,"3,0,21"
15798,"3,4,0"
15799,"0,3,313"
15800,"3,10,40"
15801,"40,139,3"
15802,"3,17,40"
15803,"171,170,199"
15804,"3,169,0"
15805,"4,3,7"
15806,"3,0,40"
15807,"0,271,40"
15808,"3,0,169"
15809,"0,169,426"
15810,"24,10,3"
15811,"40,23,74"
15812,"3,21,40"
15813,"10,0,3"
15814,"3,40,111"
15815,"3,147,120"
15816,"199,170,0"
15817,"118,23,74"
15818,"40,3,169"
15819,"0,3,313"
15820,"10,0,64"
15821,"3,0,40"
15822,"0,169,23"
15823,"145,44,402"
15824,"169,296,311"
15825,"131,40,226"
15826,"23,0,40"
15827,"0,23,38"
15828,"0,23,169"
15829,"0,3,265"
15830,"3,21,28"
15831,"3,0,17"
15832,"40,3"
15833,"0,216,3"
15834,"25,23,24"
15835,"3,21,187"
15836,"0,23,40"
15837,"23,38,0"
15838,"40,184,131"
15839,"3,40,23"
15840,"3,0,169"
15841,"40,250,135"
15842,"169,3,0"
15843,"0,23,10"
15844,"16,3,15"
15845,"64,10,296"
15846,"40,0,10"
15847,"0,265,498"
15848,"10,64,0"
15849,"0,23,3"
15850,"3,40,23"
15851,"40,3,23"
15852,"3,0,40"
15853,"0,323,3"
15854,"0,199,170"
15855,"23,3,40"
15856,"146,40,3"
15857,"3,4,0"
15858,"3,21,0"
15859,"23,0,8"
15860,"23,0,40"
15861,"0,8,23"
15862,"49,0,3"
15863,"3,0"
15864,"0,498,288"
15865,"3,0,23"
15866,"265,340,0"
15867,"3,0,265"
15868,"0,3,23"
15869,"10,0,11"
15870,"160,40,0"
15871,"323,170,199"
15872,"0,265,40"
15873,"21,3"
15874,"0,480,255"
15875,"175,40,128"
15876,"0,271,313"
15877,"10,64,3"
15878,"40,23,184"
15879,"40,3,21"
15880,"23,40,74"
15881,"217,3,120"
15882,"0,265,271"
15883,"23,170,96"
15884,"10,23,0"
15885,"3,21,187"
15886,"23,0,38"
15887,"40,3,135"
15888,"3,10,0"
15889,"0,366,271"
15890,"40,3,0"
15891,"186,40,128"
15892,"3,4,0"
15893,"3,21,0"
15894,"0,211,277"
15895,"3,4,28"
15896,"244,40,3"
15897,"40,162,163"
15898,"0,271,291"
15899,"40,10,0"
15900,"514,23,0"
15901,"0,265,3"
15902,"145,44,0"
15903,"220,10,3"
15904,"0,340,265"
15905,"3,21,169"
15906,"0,23,38"
15907,"171,199,170"
15908,"3,169,0"
15909,"40,3,21"
15910,"23,38,3"
15911,"0,40,3"
15912,"0,480,277"
15913,"169,281,199"
15914,"3,40,111"
15915,"3,21,0"
15916,"40,3,169"
15917,"131,40,0"
15918,"0,265,271"
15919,"3,135,23"
15920,"0,8"
15921,"3,16,0"
15922,"0,10,3"
15923,"220,10,221"
15924,"10,0,220"
15925,"64,10,3"
15926,"40,131,226"
15927,"0,8,3"
15928,"3,21,13"
15929,"169,311,40"
15930,"10,64,3"
15931,"0,265,418"
15932,"3,40,21"
15933,"3,34,187"
15934,"40,3,0"
15935,"199,0,40"
15936,"11,24,10"
15937,"3,23,40"
15938,"0,3,40"
15939,"311,3,0"
15940,"169,0,311"
15941,"118,74,23"
15942,"40,0,131"
15943,"0,23,3"
15944,"3,0,169"
15945,"38,0,23"
15946,"3,120,217"
15947,"24,43,23"
15948,"23,169,38"
15949,"3,187,21"
15950,"0,271,255"
15951,"220,10,0"
15952,"40,41,3"
15953,"0,288,277"
15954,"0,23,10"
15955,"0,38,24"
15956,"3,40,28"
15957,"265,0,340"
15958,"40,3,160"
15959,"4,3,19"
15960,"3,40,21"
15961,"40,3,135"
15962,"0,265,271"
15963,"3,40,0"
15964,"3,0,40"
15965,"40,23,151"
15966,"3,21,40"
15967,"64,93,10"
15968,"208,369,0"
15969,"0,271,216"
15970,"40,0,23"
15971,"3,21,28"
15972,"0,3,265"
15973,"402,145,0"
15974,"220,10,0"
15975,"0,3,40"
15976,"323,170,199"
15977,"202,0,3"
15978,"3,15,21"
15979,"3,263,34"
15980,"402,145,38"
15981,"0,265,216"
15982,"0,271,355"
15983,"10,0,11"
15984,"0,271,277"
15985,"3,40,0"
15986,"0,265"
15987,"23,3,0"
15988,"425,265,0"
15989,"40,334,169"
15990,"3,21,191"
15991,"0,220,10"
15992,"10,40,3"
15993,"0,38,23"
15994,"145,402,10"
15995,"169,459,40"
15996,"10,64,3"
15997,"0,40,23"
15998,"3,17,21"
15999,"169,199,0"
16000,"40,3,0"
16001,"40,128,129"
16002,"0,498,10"
16003,"3,5,21"
16004,"0,23,10"
16005,"0,169,3"
16006,"54,145,40"
16007,"40,151,152"
16008,"0,171,271"
16009,"3,0,40"
16010,"255,0,271"
16011,"74,23,283"
16012,"41,40,224"
16013,"3,28,86"
16014,"3,21,15"
16015,"0,3,111"
16016,"0,265,271"
16017,"0,10,3"
16018,"40,146,145"
16019,"40,3,0"
16020,"431,259,0"
16021,"3,40,111"
16022,"3,21,5"
16023,"0,3,23"
16024,"169,296,40"
16025,"40,145,10"
16026,"220,10,0"
16027,"40,0,3"
16028,"40,3"
16029,"3,28,21"
16030,"40,3,10"
16031,"3,21,40"
16032,"10,64,0"
16033,"3,296,169"
16034,"0,271,265"
16035,"0,3,10"
16036,"0,169,3"
16037,"169,3,40"
16038,"0,3,296"
16039,"40,3,191"
16040,"0,40,514"
16041,"0,313,271"
16042,"3,0,265"
16043,"0,271,8"
16044,"3,16,15"
16045,"296,169,333"
16046,"40,187,3"
16047,"10,54,220"
16048,"3,21,0"
16049,"40,131,3"
16050,"0,10,23"
16051,"3,0,23"
16052,"138,135,40"
16053,"131,40,0"
16054,"0,3,265"
16055,"3,21,53"
16056,"169,8,0"
16057,"0,8,458"
16058,"40,250,135"
16059,"0,8,271"
16060,"0,23,31"
16061,"0,23,265"
16062,"4,3,0"
16063,"64,323,199"
16064,"3,28,40"
16065,"3,0,265"
16066,"3,21,0"
16067,"0,271,218"
16068,"3,21,40"
16069,"40,135,131"
16070,"0,271,455"
16071,"3,13,401"
16072,"3,10,64"
16073,"169,508,296"
16074,"3,40,23"
16075,"23,40,74"
16076,"160,40,334"
16077,"40,3,160"
16078,"0,213,214"
16079,"0,40,311"
16080,"0,255,271"
16081,"3,28,364"
16082,"89,26,23"
16083,"3,40,21"
16084,"10,0,40"
16085,"40,3,160"
16086,"3,17,21"
16087,"0,40,3"
16088,"40,0,3"
16089,"309,40,38"
16090,"40,3,21"
16091,"10,64,239"
16092,"3,169,0"
16093,"0,208,10"
16094,"23,40,38"
16095,"3,28,0"
16096,"0,369,208"
16097,"323,199,170"
16098,"8,23,0"
16099,"3,21,301"
16100,"0,271,265"
16101,"63,8,0"
16102,"0,8,3"
16103,"64,10,80"
16104,"3,0,40"
16105,"52,51,3"
16106,"40,23,169"
16107,"3,0,4"
16108,"0,265,288"
16109,"3,225,0"
16110,"23,0,38"
16111,"3,40,160"
16112,"0,265,488"
16113,"10,145,40"
16114,"300,296,3"
16115,"0,23,8"
16116,"0,220,10"
16117,"0,10,3"
16118,"10,3,11"
16119,"23,0,169"
16120,"40,131,3"
16121,"3,23,0"
16122,"40,3,0"
16123,"3,40,23"
16124,"0,271,3"
16125,"3,21,10"
16126,"0,458,271"
16127,"0,431,40"
16128,"23,0,40"
16129,"171,170,199"
16130,"0,10,3"
16131,"23,323,10"
16132,"0,216,23"
16133,"3,21,271"
16134,"0,3,271"
16135,"3,40,169"
16136,"0,40,271"
16137,"220,10,221"
16138,"40,3,160"
16139,"10,40,0"
16140,"3,34,21"
16141,"40,160,23"
16142,"0,23,308"
16143,"0,40,31"
16144,"0,271,265"
16145,"40,131"
16146,"10,23,0"
16147,"3,0,265"
16148,"323,199,170"
16149,"10,3,0"
16150,"10,24,0"
16151,"3,0,21"
16152,"43,24,170"
16153,"38,23,169"
16154,"0,444,23"
16155,"3,5,21"
16156,"3,21,40"
16157,"3,17,10"
16158,"10,11,0"
16159,"3,21,0"
16160,"3,21,0"
16161,"0,3,271"
16162,"225,3,156"
16163,"508,0,23"
16164,"3,85,301"
16165,"0,288,458"
16166,"0,10,64"
16167,"3,21,169"
16168,"3,4,40"
16169,"10,0,169"
16170,"24,23,44"
16171,"0,8,26"
16172,"3,225,120"
16173,"0,458,277"
16174,"3,120,147"
16175,"135,64,0"
16176,"0,265,271"
16177,"3,0,10"
16178,"3,169,459"
16179,"0,8,23"
16180,"0,3,169"
16181,"3,17,0"
16182,"3,120,147"
16183,"0,265,271"
16184,"40,0,23"
16185,"10,0,64"
16186,"3,13,4"
16187,"0,23,40"
16188,"23,24,145"
16189,"3,21"
16190,"23,0,74"
16191,"10,64,40"
16192,"10,0,145"
16193,"3,0,10"
16194,"0,271,265"
16195,"263,3,34"
16196,"0,40,23"
16197,"3,0,52"
16198,"3,21,40"
16199,"40,10,23"
16200,"23,169,40"
16201,"10,64,40"
16202,"0,3,337"
16203,"3,40,120"
16204,"3,0,354"
16205,"0,265,271"
16206,"40,23,0"
16207,"3,296,0"
16208,"11,10,0"
16209,"3,5,21"
16210,"3,16,0"
16211,"0,3,23"
16212,"3,0,23"
16213,"417,169,296"
16214,"311,169,259"
16215,"3,0,21"
16216,"0,3,265"
16217,"3,21,147"
16218,"145,0,40"
16219,"3,21,13"
16220,"0,271,265"
16221,"3,225,156"
16222,"3,0,40"
16223,"3,86,85"
16224,"40,23,3"
16225,"3,40,21"
16226,"40,131,41"
16227,"0,291,271"
16228,"3,0,21"
16229,"23,40,169"
16230,"11,3,40"
16231,"40,23,3"
16232,"3,30,21"
16233,"72,10,44"
16234,"10,3,64"
16235,"40,175,23"
16236,"323,199,170"
16237,"10,0,3"
16238,"3,21,10"
16239,"169,3,40"
16240,"10,239,3"
16241,"3,21,0"
16242,"10,311,23"
16243,"0,271,169"
16244,"170,169,3"
16245,"111,3,40"
16246,"0,3,40"
16247,"300,296,3"
16248,"169,3,40"
16249,"74,23,317"
16250,"0,3,23"
16251,"0,288,498"
16252,"40,160,3"
16253,"3,28,169"
16254,"3,21,4"
16255,"0,169,3"
16256,"3,0,15"
16257,"23,3,25"
16258,"170,199,171"
16259,"3,40,21"
16260,"0,265,277"
16261,"3,17,21"
16262,"218,0,40"
16263,"40,3,0"
16264,"170,199,40"
16265,"10,64,0"
16266,"0,265,271"
16267,"3,21,34"
16268,"0,458,277"
16269,"10,311,169"
16270,"296,169,0"
16271,"40,241,131"
16272,"23,38,0"
16273,"10,64,3"
16274,"3,0,4"
16275,"417,21,3"
16276,"3,0,28"
16277,"3,4,5"
16278,"0,255,271"
16279,"40,160,3"
16280,"40,145,402"
16281,"3,86,85"
16282,"0,291,271"
16283,"0,3,40"
16284,"3,40,111"
16285,"10,23,0"
16286,"160,40"
16287,"40,128,3"
16288,"3,120,21"
16289,"169,199,0"
16290,"3,10,23"
16291,"170,199,3"
16292,"3,10,199"
16293,"0,40,3"
16294,"10,170,199"
16295,"38,0,23"
16296,"10,220,0"
16297,"0,271,40"
16298,"40,3,0"
16299,"131,226,40"
16300,"40,169,296"
16301,"40,135,250"
16302,"10,64,3"
16303,"265,0,10"
16304,"0,3,265"
16305,"40,160,0"
16306,"0,208,3"
16307,"34,3,187"
16308,"218,0,23"
16309,"3,40,21"
16310,"3,0,21"
16311,"44,73,145"
16312,"3,40,21"
16313,"0,3,40"
16314,"3,21,4"
16315,"64,80,10"
16316,"3,53,0"
16317,"10,0,3"
16318,"3,514,417"
16319,"64,93,10"
16320,"418,265,0"
16321,"0,8,265"
16322,"323,170,199"
16323,"0,265,458"
16324,"3,217,187"
16325,"3,15,53"
16326,"0,10,221"
16327,"0,23,265"
16328,"21,3,172"
16329,"3,0,28"
16330,"0,23,271"
16331,"138,135,40"
16332,"40,160,3"
16333,"0,169,296"
16334,"170,199,169"
16335,"23,3,169"
16336,"3,21,187"
16337,"0,480,255"
16338,"0,8,265"
16339,"3,40,0"
16340,"3,21,301"
16341,"296,169,3"
16342,"0,255,3"
16343,"0,23,40"
16344,"40,160,3"
16345,"40,41,224"
16346,"417,0,169"
16347,"10,3,23"
16348,"131,40,134"
16349,"64,10,40"
16350,"0,480,458"
16351,"23,74,303"
16352,"3,0,23"
16353,"0,265,340"
16354,"64,323,10"
16355,"271,0,291"
16356,"220,10,0"
16357,"0,3,169"
16358,"40,131,3"
16359,"0,265,3"
16360,"3,4,0"
16361,"10,64,3"
16362,"40,131,241"
16363,"3,53,169"
16364,"220,0,10"
16365,"220,10,221"
16366,"3,21,0"
16367,"0,313,1"
16368,"3,17,311"
16369,"40,10,3"
16370,"40,160,151"
16371,"3,21,0"
16372,"135,40,169"
16373,"0,265,488"
16374,"0,265,169"
16375,"199,170,0"
16376,"0,3,40"
16377,"3,53,169"
16378,"63,0,23"
16379,"0,271,313"
16380,"40,224,41"
16381,"0,458,277"
16382,"3,28,0"
16383,"3,40,0"
16384,"0,271,255"
16385,"40,10,64"
16386,"63,38,23"
16387,"0,23,38"
16388,"0,23,3"
16389,"0,311,265"
16390,"0,10,40"
16391,"10,0,64"
16392,"40,3,10"
16393,"40,160,151"
16394,"3,53,34"
16395,"40,146,145"
16396,"4,3,40"
16397,"23,10,0"
16398,"0,3,265"
16399,"0,265,271"
16400,"0,265,3"
16401,"10,64,40"
16402,"40,145,0"
16403,"259,135,426"
16404,"3,21,187"
16405,"40,3,169"
16406,"0,23,313"
16407,"10,64,40"
16408,"0,8,3"
16409,"8,0,308"
16410,"0,498,288"
16411,"3,21,0"
16412,"265,0,425"
16413,"0,23,38"
16414,"0,23,169"
16415,"0,265,216"
16416,"0,40,169"
16417,"40,3,41"
16418,"3,15,0"
16419,"0,8,417"
16420,"3,23,169"
16421,"40,131,23"
16422,"3,40,21"
16423,"3,169,31"
16424,"300,296,3"
16425,"0,10,220"
16426,"0,255,480"
16427,"3,4,111"
16428,"3,40,17"
16429,"23,38,0"
16430,"3,4,0"
16431,"0,145,10"
16432,"138,40,135"
16433,"10,23,40"
16434,"160,40,334"
16435,"5,3,120"
16436,"0,211,277"
16437,"71,38,23"
16438,"3,53,0"
16439,"10,220,40"
16440,"118,74,23"
16441,"24,23,40"
16442,"0,271,23"
16443,"0,10,334"
16444,"3,21,40"
16445,"169,40,0"
16446,"3,21,0"
16447,"0,10,23"
16448,"10,0,11"
16449,"0,40,406"
16450,"3,10,11"
16451,"3,73,123"
16452,"4,3,7"
16453,"160,40,3"
16454,"74,23,38"
16455,"3,111,0"
16456,"3,51,21"
16457,"40,0,160"
16458,"0,23,3"
16459,"0,3,40"
16460,"0,71,10"
16461,"3,0,23"
16462,"3,0,21"
16463,"44,145,10"
16464,"10,0,220"
16465,"3,169,0"
16466,"40,0,313"
16467,"40,0,23"
16468,"0,40,218"
16469,"40,146,145"
16470,"71,38,3"
16471,"0,23,38"
16472,"3,455,111"
16473,"0,23,38"
16474,"4,3,0"
16475,"40,3,151"
16476,"1,0,277"
16477,"38,94,71"
16478,"40,3,328"
16479,"169,40,170"
16480,"4,40,3"
16481,"40,0,3"
16482,"3,40,10"
16483,"40,41,3"
16484,"3,311,187"
16485,"311,3,169"
16486,"182,0,3"
16487,"296,169,40"
16488,"317,74,23"
16489,"40,169,296"
16490,"0,8,277"
16491,"10,3,64"
16492,"3,21,301"
16493,"251,337,0"
16494,"169,3,38"
16495,"3,0,23"
16496,"3,120,21"
16497,"3,21,263"
16498,"3,17,21"
16499,"40,0,128"
16500,"0,265,271"
16501,"40,23,3"
16502,"40,41,111"
16503,"3,10,160"
16504,"40,145,23"
16505,"3,111,40"
16506,"10,0,3"
16507,"287,265,3"
16508,"3,4,17"
16509,"3,40,21"
16510,"0,26,199"
16511,"40,23,0"
16512,"220,10,0"
16513,"169,296,259"
16514,"3,0,265"
16515,"40,60,3"
16516,"40,0,10"
16517,"3,40,41"
16518,"40,10,0"
16519,"40,0,23"
16520,"3,169,296"
16521,"40,3,21"
16522,"3,0,265"
16523,"3,40,111"
16524,"169,23,3"
16525,"10,0,265"
16526,"3,169,21"
16527,"0,271,291"
16528,"0,480,255"
16529,"40,0,24"
16530,"10,11,44"
16531,"0,3,216"
16532,"3,0,15"
16533,"0,23,24"
16534,"425,0,265"
16535,"265,0,488"
16536,"3,17,169"
16537,"3,40"
16538,"3,0,28"
16539,"3,514,23"
16540,"23,40,131"
16541,"265,0,10"
16542,"3,169,0"
16543,"0,218,265"
16544,"3,40,0"
16545,"0,308,8"
16546,"10,64,3"
16547,"171,199,170"
16548,"0,3,265"
16549,"0,169,3"
16550,"0,128,40"
16551,"3,40,17"
16552,"23,10,3"
16553,"170,0,199"
16554,"3,40,0"
16555,"40,131,23"
16556,"0,265,340"
16557,"0,10,265"
16558,"0,265,8"
16559,"3,169,40"
16560,"131,40,0"
16561,"24,40,0"
16562,"170,199,23"
16563,"418,265,0"
16564,"3,21,182"
16565,"138,135,40"
16566,"3,17,40"
16567,"3,0,169"
16568,"23,3,0"
16569,"0,255,40"
16570,"220,10,0"
16571,"10,220,0"
16572,"3,120,225"
16573,"169,296,23"
16574,"0,265,271"
16575,"10,220,0"
16576,"0,23,3"
16577,"169,417,40"
16578,"73,44,40"
16579,"0,169,40"
16580,"10,220,40"
16581,"23,514,0"
16582,"0,271,288"
16583,"40,23,0"
16584,"3,0,40"
16585,"23,0,38"
16586,"23,296,3"
16587,"145,3,40"
16588,"23,10,40"
16589,"0,271,355"
16590,"0,354,271"
16591,"23,0,10"
16592,"40,3,41"
16593,"23,40,3"
16594,"0,296,291"
16595,"3,169,53"
16596,"0,265,271"
16597,"0,498,288"
16598,"3,40,21"
16599,"0,38,23"
16600,"40,160,3"
16601,"71,38,24"
16602,"0,23,40"
16603,"40,128,23"
16604,"3,111,40"
16605,"40,184,3"
16606,"131,40,23"
16607,"10,170,199"
16608,"23,40,3"
16609,"93,64,10"
16610,"169,3,0"
16611,"265,0,488"
16612,"40,3,184"
16613,"23,0,3"
16614,"3,0,5"
16615,"40,3,128"
16616,"3,74,23"
16617,"40,64,10"
16618,"8,0,514"
16619,"0,255,40"
16620,"40,3,160"
16621,"10,64,0"
16622,"23,40,0"
16623,"0,131,40"
16624,"265,418,0"
16625,"3,0,23"
16626,"296,40,169"
16627,"3,53,0"
16628,"0,40,23"
16629,"3,40,10"
16630,"40,23,74"
16631,"40,3,170"
16632,"0,288,23"
16633,"0,271"
16634,"3,40,23"
16635,"40,3,21"
16636,"23,74,40"
16637,"0,8,40"
16638,"40,160,151"
16639,"0,3,277"
16640,"40,160,151"
16641,"3,111,40"
16642,"40,160"
16643,"3,40,23"
16644,"0,220,10"
16645,"40,0,169"
16646,"0,271,265"
16647,"40,250,0"
16648,"0,23,26"
16649,"40,131,3"
16650,"3,40,296"
16651,"40,41,128"
16652,"0,265,255"
16653,"23,0,38"
16654,"0,3,23"
16655,"23,74,3"
16656,"3,53,21"
16657,"3,21,40"
16658,"0,3,169"
16659,"4,3,0"
16660,"3,40,0"
16661,"265,0,488"
16662,"131,40,486"
16663,"0,40,265"
16664,"199,170,0"
16665,"23,10,40"
16666,"40,128,3"
16667,"40,131,128"
16668,"317,74,23"
16669,"3,115,40"
16670,"0,265,458"
16671,"131,40,226"
16672,"0,23,26"
16673,"376,0,265"
16674,"23,38,0"
16675,"24,10,23"
16676,"0,3,255"
16677,"3,21,0"
16678,"10,23,38"
16679,"0,313,265"
16680,"10,40,334"
16681,"309,250,23"
16682,"3,17,21"
16683,"0,265,277"
16684,"0,265,3"
16685,"40,3,135"
16686,"0,458,265"
16687,"3,225,120"
16688,"74,118,23"
16689,"3,23,10"
16690,"40,128,23"
16691,"10,0,64"
16692,"0,23,40"
16693,"3,17,21"
16694,"220,0,25"
16695,"40,3,0"
16696,"0,3,265"
16697,"96,31,23"
16698,"3,21,301"
16699,"23,3,40"
16700,"0,3,23"
16701,"317,74,3"
16702,"187,3,34"
16703,"3,13,0"
16704,"0,3,296"
16705,"40,3,0"
16706,"40,3,169"
16707,"0,271,291"
16708,"40,131,406"
16709,"3,0,21"
16710,"3,17,0"
16711,"40,23,417"
16712,"3,40,30"
16713,"24,40,169"
16714,"23,0,3"
16715,"64,10,3"
16716,"498,288,0"
16717,"4,3,0"
16718,"23,0,3"
16719,"10,64,170"
16720,"10,64,11"
16721,"0,40,311"
16722,"169,296,0"
16723,"160,40,0"
16724,"0,40,3"
16725,"40,131,0"
16726,"3,111,21"
16727,"169,0,40"
16728,"169,296,0"
16729,"0,313,271"
16730,"10,0,72"
16731,"0,271,23"
16732,"3,0,40"
16733,"73,44,145"
16734,"40,0,128"
16735,"3,21,28"
16736,"40,41,224"
16737,"3,169,296"
16738,"311,169,40"
16739,"169,40,0"
16740,"54,145,322"
16741,"38,23,0"
16742,"0,265,271"
16743,"3,40,21"
16744,"3,28,0"
16745,"3,40,21"
16746,"11,10,0"
16747,"308,0,23"
16748,"0,271,265"
16749,"3,10,40"
16750,"170,169,199"
16751,"3,40,0"
16752,"0,169,3"
16753,"0,23,3"
16754,"308,0,23"
16755,"3,0,265"
16756,"3,40,17"
16757,"169,426,3"
16758,"72,10,44"
16759,"3,169,40"
16760,"4,3,0"
16761,"3,23,0"
16762,"0,514,8"
16763,"311,169,3"
16764,"3,40,23"
16765,"40,0,271"
16766,"3,4,28"
16767,"199,0,71"
16768,"3,53,169"
16769,"0,3,40"
16770,"118,74,23"
16771,"171,199,170"
16772,"3,17,169"
16773,"3,38,0"
16774,"160,40,3"
16775,"0,265,271"
16776,"10,239,0"
16777,"23,3,169"
16778,"169,23,296"
16779,"23,3,0"
16780,"3,53,0"
16781,"40,23,169"
16782,"44,0,145"
16783,"120,3,225"
16784,"182,21,3"
16785,"40,3,41"
16786,"169,296,311"
16787,"3,21,0"
16788,"120,3,217"
16789,"40,169,3"
16790,"374,135,0"
16791,"0,3,40"
16792,"40,131,0"
16793,"3,0,221"
16794,"3,0,40"
16795,"3,21,0"
16796,"40,455,131"
16797,"0,3,271"
16798,"0,23,271"
16799,"10,40,0"
16800,"0,8,265"
16801,"10,3,220"
16802,"3,21,169"
16803,"3,40,21"
16804,"3,0,169"
16805,"3,40,0"
16806,"40,41,3"
16807,"3,21,40"
16808,"3,10,0"
16809,"64,10,3"
16810,"40,131,0"
16811,"0,431,40"
16812,"0,10,23"
16813,"250,135,40"
16814,"23,296,0"
16815,"40,131,31"
16816,"0,340,271"
16817,"169,23,3"
16818,"40,128,3"
16819,"10,0,11"
16820,"0,199,169"
16821,"40,128,3"
16822,"3,0,169"
16823,"3,28"
16824,"3,40,169"
16825,"40,160"
16826,"40,241,459"
16827,"3,40,0"
16828,"3,21,40"
16829,"0,40,23"
16830,"431,3,135"
16831,"0,40,23"
16832,"10,0,23"
16833,"0,23,38"
16834,"8,0,410"
16835,"3,296,40"
16836,"170,199,171"
16837,"169,3,40"
16838,"3,21"
16839,"40,431,0"
16840,"3,23,40"
16841,"23,94,3"
16842,"10,40,145"
16843,"0,169,3"
16844,"40,3,21"
16845,"3,120,0"
16846,"169,0,23"
16847,"131,40,241"
16848,"131,40,145"
16849,"0,40,3"
16850,"0,255,271"
16851,"0,169,313"
16852,"0,366,213"
16853,"220,10,0"
16854,"10,0,3"
16855,"3,0,15"
16856,"0,3,10"
16857,"64,10,3"
16858,"64,10,3"
16859,"3,40,21"
16860,"131,40,0"
16861,"131,40,0"
16862,"40,3,0"
16863,"23,10,0"
16864,"0,40,3"
16865,"0,40,8"
16866,"40,135,250"
16867,"3,0,40"
16868,"0,3,265"
16869,"10,64,3"
16870,"3,217,120"
16871,"3,40,0"
16872,"64,3,10"
16873,"3,51,52"
16874,"10,40,3"
16875,"23,3,25"
16876,"3,0,23"
16877,"23,38,0"
16878,"0,271,3"
16879,"3,217,120"
16880,"0,23,265"
16881,"44,10,40"
16882,"3,0,21"
16883,"3,0,4"
16884,"3,287,10"
16885,"0,3,271"
16886,"3,17,40"
16887,"3,15,16"
16888,"15,16,3"
16889,"0,265,3"
16890,"3,21,40"
16891,"3,23,40"
16892,"169,296,8"
16893,"0,3,313"
16894,"0,40,3"
16895,"0,265,271"
16896,"3,120,0"
16897,"169,0,3"
16898,"220,10,54"
16899,"3,0,265"
16900,"3,182,0"
16901,"23,10,145"
16902,"135,3,0"
16903,"0,498,288"
16904,"3,17,40"
16905,"3,4,19"
16906,"3,21,40"
16907,"0,10,3"
16908,"3,21,147"
16909,"0,38,10"
16910,"40,41,3"
16911,"10,64,93"
16912,"0,23,40"
16913,"0,271,40"
16914,"3,4,0"
16915,"0,271,255"
16916,"169,296,311"
16917,"265,0,11"
16918,"3,53,0"
16919,"175,128,40"
16920,"10,3,145"
16921,"23,0,74"
16922,"3,34,0"
16923,"40,0,169"
16924,"10,40,3"
16925,"0,26,271"
16926,"0,271,265"
16927,"0,265,340"
16928,"10,0,64"
16929,"170,171,199"
16930,"0,38,23"
16931,"0,23,10"
16932,"0,271,255"
16933,"3,40,15"
16934,"3,0,169"
16935,"40,3,0"
16936,"0,169,8"
16937,"40,10,145"
16938,"3,204,13"
16939,"0,40,271"
16940,"0,169,199"
16941,"145,72,44"
16942,"0,40,23"
16943,"23,0,38"
16944,"323,170,199"
16945,"0,31,10"
16946,"40,23,296"
16947,"3,21,17"
16948,"3,0,28"
16949,"40,0,3"
16950,"169,311,40"
16951,"23,169,0"
16952,"23,38,0"
16953,"0,3,40"
16954,"40,0,23"
16955,"0,3,40"
16956,"0,8,213"
16957,"3,0,265"
16958,"3,40,169"
16959,"0,10,40"
16960,"3,169,0"
16961,"3,53,40"
16962,"10,40,23"
16963,"28,3,518"
16964,"0,271,23"
16965,"170,199,40"
16966,"23,3,40"
16967,"31,328,0"
16968,"169,40,3"
16969,"3,21,0"
16970,"0,11,265"
16971,"40,3,160"
16972,"3,311,0"
16973,"169,296,3"
16974,"23,40,3"
16975,"0,8,40"
16976,"3,21,265"
16977,"0,3,40"
16978,"40,131,0"
16979,"3,49,0"
16980,"3,21,40"
16981,"40,0,38"
16982,"10,3,40"
16983,"10,23,3"
16984,"175,40,128"
16985,"0,40,3"
16986,"64,0,10"
16987,"3,4,21"
16988,"40,3,21"
16989,"40,0,313"
16990,"0,271,255"
16991,"0,3,444"
16992,"3,21,0"
16993,"131,40,3"
16994,"23,170,199"
16995,"0,40,3"
16996,"3,40,13"
16997,"3,15,16"
16998,"220,10,0"
16999,"0,3,271"
17000,"0,271,213"
17001,"0,265,498"
17002,"40,169,3"
17003,"3,23,13"
17004,"3,40,0"
17005,"0,40,169"
17006,"74,317,40"
17007,"3,21,111"
17008,"3,28,0"
17009,"10,220,3"
17010,"96,23,31"
17011,"169,296,40"
17012,"3,40,30"
17013,"145,271,23"
17014,"3,53,0"
17015,"23,38,40"
17016,"3,287,53"
17017,"323,170,199"
17018,"24,23,0"
17019,"3,40,296"
17020,"3,147,120"
17021,"23,40,0"
17022,"0,3,169"
17023,"23,40,0"
17024,"0,271,291"
17025,"0,23,3"
17026,"3,21,0"
17027,"170,40,323"
17028,"40,41,3"
17029,"3,0,21"
17030,"3,169,0"
17031,"40,131,0"
17032,"40,0,23"
17033,"40,3,23"
17034,"0,23,40"
17035,"10,64,44"
17036,"40,23,3"
17037,"3,40,0"
17038,"3,364,21"
17039,"0,23,425"
17040,"10,0,3"
17041,"3,4,0"
17042,"3,15,28"
17043,"3,40,21"
17044,"216,0,354"
17045,"3,40,0"
17046,"169,426,311"
17047,"64,93,10"
17048,"0,355,8"
17049,"40,3,146"
17050,"3,23,40"
17051,"0,265,255"
17052,"8,0,308"
17053,"10,64,0"
17054,"3,169,311"
17055,"3,21,0"
17056,"10,23,64"
17057,"3,40,21"
17058,"0,23,417"
17059,"0,265,271"
17060,"3,0,111"
17061,"170,199,3"
17062,"0,271,277"
17063,"3,0,4"
17064,"0,3,40"
17065,"3,40,21"
17066,"3,21,28"
17067,"131,40,241"
17068,"3,21,0"
17069,"187,3,21"
17070,"0,480,366"
17071,"24,43,10"
17072,"0,10,199"
17073,"3,169,0"
17074,"23,0,38"
17075,"3,0,111"
17076,"64,10,40"
17077,"10,0,265"
17078,"74,118,23"
17079,"3,0,202"
17080,"40,135,169"
17081,"10,40,3"
17082,"10,23,40"
17083,"40,23,3"
17084,"131,40,241"
17085,"3,21,40"
17086,"64,10,80"
17087,"23,3,0"
17088,"3,21,40"
17089,"74,3,23"
17090,"40,146,145"
17091,"3,204,21"
17092,"3,21"
17093,"40,23,169"
17094,"296,169,3"
17095,"3,28,160"
17096,"128,40,130"
17097,"21,3,108"
17098,"10,220,0"
17099,"3,0,15"
17100,"3,0,21"
17101,"40,3,169"
17102,"0,277,169"
17103,"0,271,169"
17104,"3,17,40"
17105,"0,3,169"
17106,"145,3,10"
17107,"0,265,271"
17108,"0,10,40"
17109,"40,131,226"
17110,"3,265,0"
17111,"23,40,0"
17112,"3,40,21"
17113,"3,86,85"
17114,"3,0,310"
17115,"40,131,23"
17116,"23,10,145"
17117,"21,3,187"
17118,"265,0,349"
17119,"265,0,488"
17120,"26,89,23"
17121,"0,3,145"
17122,"160,40,0"
17123,"40,160,0"
17124,"0,40,220"
17125,"16,15,3"
17126,"0,311,277"
17127,"170,171,199"
17128,"23,0,74"
17129,"0,271,291"
17130,"169,170,40"
17131,"0,3,498"
17132,"38,39,0"
17133,"40,23,0"
17134,"23,24,10"
17135,"0,265,425"
17136,"0,3,265"
17137,"0,10,265"
17138,"0,169,271"
17139,"3,0,21"
17140,"187,3,21"
17141,"3,4,17"
17142,"10,23,0"
17143,"3,265,0"
17144,"131,40,0"
17145,"3,40,0"
17146,"3,0,21"
17147,"0,216,3"
17148,"3,0,4"
17149,"3,40,0"
17150,"220,10,0"
17151,"43,24,23"
17152,"3,40,0"
17153,"0,265,425"
17154,"3,21,0"
17155,"10,44,11"
17156,"0,323,3"
17157,"337,251,0"
17158,"0,255,271"
17159,"160,3,40"
17160,"0,3,21"
17161,"3,21,29"
17162,"0,265,8"
17163,"323,199,40"
17164,"10,0,145"
17165,"0,8,23"
17166,"3,0,21"
17167,"43,24,23"
17168,"3,21,0"
17169,"170,40,0"
17170,"3,0,10"
17171,"229,421,3"
17172,"40,3,23"
17173,"3,23,94"
17174,"0,3,38"
17175,"40,128,23"
17176,"64,93,10"
17177,"3,33,21"
17178,"169,311,40"
17179,"40,0,3"
17180,"40,160,334"
17181,"10,0,220"
17182,"402,145,10"
17183,"169,0,3"
17184,"40,64,145"
17185,"169,0,311"
17186,"3,100,13"
17187,"0,265,8"
17188,"40,244,135"
17189,"169,0,40"
17190,"10,11,0"
17191,"135,40,3"
17192,"0,3,271"
17193,"23,40,131"
17194,"217,10,120"
17195,"0,40,3"
17196,"23,3,40"
17197,"3,0,217"
17198,"3,21,10"
17199,"0,208,265"
17200,"145,402,40"
17201,"3,21,54"
17202,"3,169,0"
17203,"220,10,0"
17204,"0,265,8"
17205,"0,10,3"
17206,"0,271,265"
17207,"170,40,199"
17208,"3,40,120"
17209,"40,23,0"
17210,"3,0,13"
17211,"26,23,0"
17212,"3,40,169"
17213,"0,10,3"
17214,"145,0,10"
17215,"23,40,0"
17216,"131,406,40"
17217,"0,8,458"
17218,"3,21,40"
17219,"3,4,28"
17220,"0,39,38"
17221,"40,3,21"
17222,"0,40,271"
17223,"3,0,169"
17224,"3,40,64"
17225,"3,0,169"
17226,"23,0,3"
17227,"64,10,80"
17228,"0,23,296"
17229,"3,21,169"
17230,"10,3,170"
17231,"40,3,23"
17232,"3,169,0"
17233,"3,0,169"
17234,"160,40,334"
17235,"160,3,40"
17236,"3,21,5"
17237,"0,169,311"
17238,"118,23,74"
17239,"10,64,0"
17240,"5,3,296"
17241,"3,21"
17242,"436,169,3"
17243,"3,4,111"
17244,"40,23,24"
17245,"220,0,3"
17246,"10,145,72"
17247,"0,255,265"
17248,"3,21,0"
17249,"40,3,23"
17250,"0,54,10"
17251,"3,0,15"
17252,"41,40,3"
17253,"3,40,13"
17254,"0,8,277"
17255,"3,21,23"
17256,"3,17,40"
17257,"40,0,169"
17258,"0,169,296"
17259,"3,316,40"
17260,"3,169,170"
17261,"0,13,401"
17262,"145,0,10"
17263,"3,40,41"
17264,"3,23,10"
17265,"26,23,0"
17266,"40,10,3"
17267,"170,169,199"
17268,"0,255,3"
17269,"40,135,41"
17270,"3,4"
17271,"323,40,10"
17272,"311,3,0"
17273,"3,40,28"
17274,"0,40,169"
17275,"514,3,169"
17276,"71,38,0"
17277,"0,8,288"
17278,"417,296,169"
17279,"169,296,3"
17280,"3,21,40"
17281,"3,0,23"
17282,"0,23,26"
17283,"3,53,160"
17284,"0,265,271"
17285,"0,23,38"
17286,"0,8,265"
17287,"145,44,40"
17288,"3,455,28"
17289,"40,160,128"
17290,"334,160,40"
17291,"3,21,301"
17292,"3,115,21"
17293,"220,10,0"
17294,"3,120,21"
17295,"3,41,40"
17296,"0,10,40"
17297,"251,337,0"
17298,"0,3,265"
17299,"0,218,3"
17300,"74,3,317"
17301,"38,23,0"
17302,"3,0,21"
17303,"0,169,3"
17304,"452,0,169"
17305,"509,90,3"
17306,"3,40,0"
17307,"169,309,40"
17308,"40,160,0"
17309,"0,265,340"
17310,"17,320,3"
17311,"3,40,30"
17312,"0,10,220"
17313,"3,28,452"
17314,"3,4,7"
17315,"40,0,3"
17316,"93,64,40"
17317,"23,3,10"
17318,"425,265,0"
17319,"3,4,0"
17320,"3,120,217"
17321,"340,265,0"
17322,"34,3,263"
17323,"3,23,10"
17324,"3,169,53"
17325,"10,44,145"
17326,"3,40,21"
17327,"3,5,21"
17328,"160,40,0"
17329,"0,3,265"
17330,"131,40,23"
17331,"23,74,3"
17332,"17,3,0"
17333,"0,23,40"
17334,"23,38,0"
17335,"220,10,0"
17336,"3,0,40"
17337,"64,10,40"
17338,"0,265,271"
17339,"10,0,40"
17340,"3,40"
17341,"23,40,0"
17342,"40,145,23"
17343,"0,271,38"
17344,"169,40,426"
17345,"3,0,21"
17346,"0,131,271"
17347,"0,40,457"
17348,"40,313,0"
17349,"40,44,145"
17350,"0,3,10"
17351,"3,0,21"
17352,"40,135,169"
17353,"0,38,23"
17354,"458,0,277"
17355,"0,271,265"
17356,"3,64,40"
17357,"10,40,3"
17358,"74,23,317"
17359,"3,40,0"
17360,"40,0,3"
17361,"23,0,49"
17362,"323,199,43"
17363,"0,271,3"
17364,"3,21,0"
17365,"3,0,21"
17366,"296,23,169"
17367,"40,3,184"
17368,"3,23,40"
17369,"40,128,160"
17370,"138,135,40"
17371,"0,10,220"
17372,"0,10,3"
17373,"23,0,38"
17374,"0,23,265"
17375,"0,376,220"
17376,"0,265,340"
17377,"0,40,265"
17378,"0,271,1"
17379,"40,131,0"
17380,"0,3,216"
17381,"3,0,40"
17382,"169,40,0"
17383,"74,165,23"
17384,"0,40,3"
17385,"40,3,0"
17386,"0,265,277"
17387,"0,220,3"
17388,"40,160,3"
17389,"3,53,0"
17390,"3,135,40"
17391,"40,160,0"
17392,"40,146,3"
17393,"0,10,255"
17394,"0,220,3"
17395,"3,10,0"
17396,"3,21,40"
17397,"202,3,111"
17398,"10,11,40"
17399,"40,131,0"
17400,"3,21,0"
17401,"40,41,135"
17402,"0,23,40"
17403,"40,0,23"
17404,"323,199,10"
17405,"26,0,23"
17406,"3,40,187"
17407,"8,0,308"
17408,"3,0,271"
17409,"199,170,10"
17410,"0,3,40"
17411,"3,40,81"
17412,"425,0,220"
17413,"199,170,323"
17414,"3,23,0"
17415,"40,3,21"
17416,"0,458,8"
17417,"0,8"
17418,"3,64,10"
17419,"4,3,7"
17420,"160,334,40"
17421,"199,3,323"
17422,"131,40,184"
17423,"0,10,64"
17424,"3,21,40"
17425,"64,10,0"
17426,"0,10,265"
17427,"323,199,170"
17428,"138,135,0"
17429,"0,3,199"
17430,"3,23,145"
17431,"0,271,291"
17432,"0,3,40"
17433,"0,32,31"
17434,"40,3,41"
17435,"3,169,170"
17436,"3,0,40"
17437,"169,40,199"
17438,"291,0,3"
17439,"169,40,3"
17440,"0,23,40"
17441,"0,265,271"
17442,"3,40,23"
17443,"3,40,0"
17444,"0,3,40"
17445,"40,3,334"
17446,"0,8,40"
17447,"3,21,169"
17448,"23,0,26"
17449,"0,3,271"
17450,"0,265,271"
17451,"23,169,0"
17452,"54,145,23"
17453,"0,23,169"
17454,"3,0,21"
17455,"0,271,23"
17456,"3,0,21"
17457,"0,265,271"
17458,"0,40,199"
17459,"0,59,23"
17460,"220,0,10"
17461,"128,40,130"
17462,"40,185,184"
17463,"0,265,220"
17464,"3,21,40"
17465,"311,169,320"
17466,"0,23,26"
17467,"3,271,0"
17468,"3,111,40"
17469,"0,23,38"
17470,"40,334,160"
17471,"44,73,10"
17472,"40,131,0"
17473,"64,10,40"
17474,"10,0,44"
17475,"0,23,38"
17476,"74,23,38"
17477,"508,3,169"
17478,"3,169,0"
17479,"10,0,220"
17480,"220,10,40"
17481,"40,3,0"
17482,"40,0,23"
17483,"220,10,221"
17484,"64,80,10"
17485,"0,3,271"
17486,"3,40,374"
17487,"0,3,169"
17488,"3,40,21"
17489,"0,271,277"
17490,"40,3,0"
17491,"3,40,0"
17492,"40,160,3"
17493,"0,3,4"
17494,"3,40,296"
17495,"169,0,426"
17496,"3,10,64"
17497,"3,23,40"
17498,"3,0,265"
17499,"40,135,33"
17500,"3,4,28"
17501,"40,41,3"
17502,"0,313,10"
17503,"23,64,10"
17504,"40,3,0"
17505,"0,271,3"
17506,"0,40,23"
17507,"0,40,271"
17508,"0,3,199"
17509,"3,13,21"
17510,"265,0,11"
17511,"40,3,0"
17512,"296,169,40"
17513,"10,64,23"
17514,"3,5,4"
17515,"40,169,0"
17516,"23,40,0"
17517,"3,21,22"
17518,"0,3,10"
17519,"40,23,0"
17520,"138,135,40"
17521,"3,21,23"
17522,"3,0,53"
17523,"40,160,10"
17524,"0,265,3"
17525,"169,217,3"
17526,"10,220,0"
17527,"3,4,0"
17528,"0,271,3"
17529,"40,0,131"
17530,"0,288,8"
17531,"199,170,169"
17532,"23,38,0"
17533,"0,265,271"
17534,"169,311,0"
17535,"23,38,3"
17536,"40,3,0"
17537,"0,498,288"
17538,"0,169,3"
17539,"0,265,3"
17540,"287,3,0"
17541,"120,217,3"
17542,"23,74,0"
17543,"3,15,16"
17544,"3,21,187"
17545,"169,296,3"
17546,"169,296,40"
17547,"3,21,5"
17548,"40,3,41"
17549,"10,3,0"
17550,"40,3,0"
17551,"259,426,0"
17552,"0,271,265"
17553,"169,3,281"
17554,"131,40,3"
17555,"3,120,53"
17556,"3,23,40"
17557,"0,3,288"
17558,"10,145,40"
17559,"208,0,369"
17560,"296,0,169"
17561,"0,3,40"
17562,"96,31,3"
17563,"3,40,21"
17564,"0,288,8"
17565,"3,0,340"
17566,"10,64,199"
17567,"3,40,0"
17568,"0,265,216"
17569,"265,0,340"
17570,"3,21,40"
17571,"3,111,0"
17572,"3,21,169"
17573,"40,135,315"
17574,"3,5,21"
17575,"0,38,23"
17576,"3,265,0"
17577,"10,11,40"
17578,"0,3,23"
17579,"64,10,3"
17580,"40,0,130"
17581,"0,64,10"
17582,"0,26,3"
17583,"3,0,21"
17584,"169,40,3"
17585,"44,40,11"
17586,"3,4,0"
17587,"40,0,23"
17588,"40,23,3"
17589,"3,0,85"
17590,"64,10,93"
17591,"220,10,0"
17592,"0,265,3"
17593,"44,73,10"
17594,"0,135,40"
17595,"3,120,217"
17596,"21,3,187"
17597,"0,23,40"
17598,"131,40,0"
17599,"40,131,23"
17600,"3,0,21"
17601,"0,3,40"
17602,"3,28,13"
17603,"10,3,169"
17604,"0,10,3"
17605,"0,456,265"
17606,"40,23,3"
17607,"3,21,28"
17608,"0,255,271"
17609,"3,0,220"
17610,"3,0,40"
17611,"170,199,169"
17612,"3,40,21"
17613,"3,21,0"
17614,"0,3,23"
17615,"0,3,291"
17616,"32,0,3"
17617,"3,5,21"
17618,"23,40,296"
17619,"3,21,40"
17620,"3,40,0"
17621,"0,3,313"
17622,"74,23,0"
17623,"40,169,135"
17624,"170,199,323"
17625,"10,3,0"
17626,"0,8,23"
17627,"3,40,291"
17628,"220,10,0"
17629,"3,0,21"
17630,"0,23,40"
17631,"0,145,10"
17632,"0,10,3"
17633,"3,16,15"
17634,"0,265,277"
17635,"3,40,406"
17636,"3,169,53"
17637,"3,21,518"
17638,"323,199,23"
17639,"10,24,0"
17640,"38,0,23"
17641,"40,0,3"
17642,"10,0,64"
17643,"0,169,311"
17644,"3,187,0"
17645,"10,24,43"
17646,"40,10,3"
17647,"0,8,26"
17648,"40,23,3"
17649,"40,160,3"
17650,"3,21,111"
17651,"0,265,3"
17652,"3,40,28"
17653,"11,10,40"
17654,"3,53,0"
17655,"40,23,296"
17656,"3,187,0"
17657,"217,334,40"
17658,"40,131,3"
17659,"3,0,40"
17660,"0,265,277"
17661,"0,296,271"
17662,"40,145,0"
17663,"23,0,38"
17664,"170,3,169"
17665,"3,21,85"
17666,"3,21,40"
17667,"10,11,0"
17668,"10,44,11"
17669,"0,265,458"
17670,"3,40,41"
17671,"10,3,23"
17672,"0,169,3"
17673,"4,3,0"
17674,"0,23,3"
17675,"40,3,160"
17676,"220,10,221"
17677,"23,372,74"
17678,"40,23,38"
17679,"3,23,0"
17680,"10,0,220"
17681,"0,3,169"
17682,"3,4,40"
17683,"0,8,265"
17684,"0,23,38"
17685,"296,169,3"
17686,"3,15,28"
17687,"74,317,23"
17688,"334,160,10"
17689,"3,17,320"
17690,"3,40,202"
17691,"3,301,21"
17692,"0,271,23"
17693,"169,0,170"
17694,"0,265,23"
17695,"40,3,395"
17696,"3,40,10"
17697,"217,3,16"
17698,"23,38,0"
17699,"21,3,0"
17700,"0,10,145"
17701,"0,265,458"
17702,"169,0,426"
17703,"128,40,23"
17704,"40,169,3"
17705,"40,0,145"
17706,"3,21,34"
17707,"199,323,170"
17708,"0,3,23"
17709,"0,169,3"
17710,"40,3,21"
17711,"0,23,265"
17712,"40,135,184"
17713,"3,0,4"
17714,"40,71,38"
17715,"0,10,220"
17716,"3,287,53"
17717,"40,146,145"
17718,"3,40,0"
17719,"10,0,3"
17720,"40,23,0"
17721,"3,271,0"
17722,"3,21"
17723,"40,3,0"
17724,"3,169,311"
17725,"0,271,291"
17726,"3,17,139"
17727,"170,199,169"
17728,"54,23,296"
17729,"3,40,131"
17730,"323,199,170"
17731,"3,0,265"
17732,"23,3,0"
17733,"16,15,3"
17734,"3,0,111"
17735,"10,0,3"
17736,"3,169,40"
17737,"3,40,23"
17738,"220,10,3"
17739,"64,10,40"
17740,"0,169,271"
17741,"169,296,3"
17742,"3,120,217"
17743,"40,146,145"
17744,"3,111,0"
17745,"40,3,0"
17746,"0,40,3"
17747,"4,3,0"
17748,"10,64,23"
17749,"3,0,265"
17750,"71,24,38"
17751,"169,311,426"
17752,"0,220,10"
17753,"3,17,168"
17754,"0,169,296"
17755,"0,271,3"
17756,"64,40,0"
17757,"170,3,169"
17758,"23,10,40"
17759,"40,10,23"
17760,"3,53,40"
17761,"71,24,38"
17762,"23,0,169"
17763,"10,145,23"
17764,"0,10,8"
17765,"131,40,134"
17766,"0,271,265"
17767,"3,111,28"
17768,"23,0,40"
17769,"3,111,23"
17770,"3,21,0"
17771,"0,265,3"
17772,"40,3,160"
17773,"3,0,40"
17774,"3,15,16"
17775,"3,301,21"
17776,"265,0,488"
17777,"169,296,40"
17778,"0,265,3"
17779,"220,10,425"
17780,"0,271,265"
17781,"3,40,169"
17782,"0,271,265"
17783,"0,271,255"
17784,"220,10,0"
17785,"0,265,271"
17786,"3,28,21"
17787,"3,111,40"
17788,"64,10,80"
17789,"23,3,40"
17790,"0,169,311"
17791,"3,17,40"
17792,"186,128,40"
17793,"220,221,10"
17794,"187,3,40"
17795,"40,0,271"
17796,"0,265,3"
17797,"21,3,0"
17798,"40,162,0"
17799,"64,10,40"
17800,"3,40,0"
17801,"3,17,0"
17802,"3,13,21"
17803,"0,3,40"
17804,"24,71,0"
17805,"3,40,13"
17806,"10,40,0"
17807,"3,21,40"
17808,"3,0,277"
17809,"3,40,160"
17810,"3,40,0"
17811,"265,0,376"
17812,"40,3,135"
17813,"71,38,40"
17814,"0,265"
17815,"0,40,23"
17816,"24,23,3"
17817,"40,135,250"
17818,"3,265,0"
17819,"459,170,169"
17820,"40,3,21"
17821,"169,296,0"
17822,"3,21,40"
17823,"0,265,271"
17824,"40,3,23"
17825,"494,184,40"
17826,"199,323,170"
17827,"40,10,3"
17828,"0,255,313"
17829,"23,38,40"
17830,"160,40,23"
17831,"3,21,169"
17832,"3,28,207"
17833,"0,8,218"
17834,"64,10,93"
17835,"23,40,145"
17836,"40,0,170"
17837,"64,448,40"
17838,"64,3,10"
17839,"0,8,23"
17840,"145,44,24"
17841,"26,23,0"
17842,"0,265,3"
17843,"64,10,23"
17844,"0,23,8"
17845,"10,145,0"
17846,"0,8,40"
17847,"16,217,3"
17848,"234,60,3"
17849,"4,3,19"
17850,"40,0,265"
17851,"3,265,21"
17852,"3,28,364"
17853,"40,131,0"
17854,"0,38,480"
17855,"0,355,218"
17856,"10,220,0"
17857,"0,3,40"
17858,"0,8,206"
17859,"311,169,259"
17860,"23,40,145"
17861,"0,10,265"
17862,"3,0,53"
17863,"10,60,64"
17864,"3,17,21"
17865,"10,3,145"
17866,"3,234,21"
17867,"3,0,34"
17868,"3,40,0"
17869,"0,40,3"
17870,"40,3,41"
17871,"169,3,311"
17872,"169,3,0"
17873,"10,0,220"
17874,"3,0,265"
17875,"0,288,265"
17876,"118,74,23"
17877,"40,160,3"
17878,"0,64,10"
17879,"40,128,3"
17880,"40,250,0"
17881,"0,3,169"
17882,"3,323,40"
17883,"0,265"
17884,"0,271,355"
17885,"0,265,23"
17886,"3,21,40"
17887,"40,3,23"
17888,"3,40,328"
17889,"0,271,3"
17890,"21,3,0"
17891,"21,3,182"
17892,"40,0,271"
17893,"40,0,131"
17894,"169,296,170"
17895,"40,3,23"
17896,"8,514,0"
17897,"3,311,169"
17898,"3,455,28"
17899,"23,74,40"
17900,"23,169,40"
17901,"3,111,0"
17902,"3,94,10"
17903,"3,21,169"
17904,"169,3,426"
17905,"0,169,311"
17906,"10,3,11"
17907,"0,10,8"
17908,"3,40,23"
17909,"3,21,40"
17910,"3,0,30"
17911,"23,74,317"
17912,"145,44,40"
17913,"0,43,23"
17914,"3,0,291"
17915,"44,72,0"
17916,"40,3,0"
17917,"10,3,40"
17918,"169,40,170"
17919,"0,277,458"
17920,"0,271,355"
17921,"40,131,23"
17922,"0,4,3"
17923,"3,120,147"
17924,"0,23,103"
17925,"0,271,8"
17926,"38,23,71"
17927,"131,40,0"
17928,"38,23,40"
17929,"23,38,0"
17930,"0,480,410"
17931,"417,169,296"
17932,"0,271,265"
17933,"40,131,455"
17934,"3,452,169"
17935,"3,40"
17936,"3,0,34"
17937,"3,21,301"
17938,"0,3,169"
17939,"0,265,458"
17940,"40,145,0"
17941,"323,199,170"
17942,"0,265,3"
17943,"0,3,10"
17944,"23,0,26"
17945,"40,23,3"
17946,"135,40,3"
17947,"3,40,21"
17948,"40,23,3"
17949,"40,41,224"
17950,"3,111,21"
17951,"169,23,3"
17952,"31,23,10"
17953,"3,145,21"
17954,"0,8,265"
17955,"40,160,128"
17956,"8,0,270"
17957,"10,3,64"
17958,"40,169,3"
17959,"0,265,271"
17960,"3,0,271"
17961,"10,0,3"
17962,"3,4,0"
17963,"23,74,40"
17964,"0,3,40"
17965,"0,23,271"
17966,"38,145,44"
17967,"3,40,0"
17968,"3,0,169"
17969,"0,288,3"
17970,"23,118,74"
17971,"169,426,0"
17972,"23,3,0"
17973,"52,3,51"
17974,"0,74,23"
17975,"0,208,206"
17976,"3,187,0"
17977,"40,23,0"
17978,"10,60,24"
17979,"0,265,208"
17980,"0,3,265"
17981,"3,53,30"
17982,"40,3,135"
17983,"0,40,3"
17984,"0,40,3"
17985,"10,220,0"
17986,"3,0,21"
17987,"0,23,40"
17988,"3,169,120"
17989,"23,0,38"
17990,"187,3,34"
17991,"3,0,4"
17992,"3,0,38"
17993,"3,0,28"
17994,"3,40,175"
17995,"10,3,169"
17996,"0,271,40"
17997,"3,41,21"
17998,"3,23,0"
17999,"0,3,169"
18000,"3,40,60"
18001,"0,3,40"
18002,"0,169,23"
18003,"220,10,3"
18004,"0,220,10"
18005,"3,40,169"
18006,"0,25,402"
18007,"0,3,169"
18008,"0,265,458"
18009,"3,0,271"
18010,"40,3,41"
18011,"40,3"
18012,"0,291,40"
18013,"296,169,498"
18014,"0,265,23"
18015,"0,23,40"
18016,"0,10,3"
18017,"457,0,218"
18018,"0,288,498"
18019,"64,40,10"
18020,"74,317,23"
18021,"220,0,3"
18022,"40,23,169"
18023,"3,300,0"
18024,"0,23,10"
18025,"3,21,120"
18026,"0,255,40"
18027,"40,131,160"
18028,"63,38,3"
18029,"3,40,160"
18030,"0,288,498"
18031,"3,118,23"
18032,"3,0,498"
18033,"128,175,40"
18034,"10,220,0"
18035,"3,21,0"
18036,"170,199,171"
18037,"296,169,0"
18038,"199,169,170"
18039,"43,24,23"
18040,"10,0,11"
18041,"296,0,23"
18042,"0,3,265"
18043,"3,0,271"
18044,"160,40"
18045,"3,0,15"
18046,"40,146,145"
18047,"10,3,64"
18048,"3,0,5"
18049,"3,21,53"
18050,"74,317,23"
18051,"3,40,10"
18052,"40,146,145"
18053,"3,169,296"
18054,"17,320,3"
18055,"131,406,23"
18056,"13,3,401"
18057,"40,169,3"
18058,"169,311,199"
18059,"3,17,21"
18060,"131,40,0"
18061,"40,3,169"
18062,"0,23,40"
18063,"11,24,0"
18064,"3,40,0"
18065,"0,220,10"
18066,"3,120,0"
18067,"40,0,23"
18068,"40,3,21"
18069,"0,23,40"
18070,"0,23,40"
18071,"0,10,145"
18072,"3,120,518"
18073,"40,184,185"
18074,"3,111,0"
18075,"323,199,23"
18076,"44,38,169"
18077,"40,3,23"
18078,"296,169,300"
18079,"3,5,21"
18080,"3,0,40"
18081,"74,317,23"
18082,"0,3,40"
18083,"3,10,40"
18084,"444,271,0"
18085,"3,21,53"
18086,"3,0,111"
18087,"3,40,10"
18088,"5,3,21"
18089,"40,160,3"
18090,"199,323,0"
18091,"0,40,3"
18092,"40,135,3"
18093,"0,23,40"
18094,"0,3,40"
18095,"64,10,93"
18096,"40,23,38"
18097,"10,64,23"
18098,"10,64,80"
18099,"0,8,271"
18100,"64,10,169"
18101,"40,3,0"
18102,"3,4,111"
18103,"3,0,169"
18104,"23,3,10"
18105,"0,23,169"
18106,"40,160,151"
18107,"0,3,23"
18108,"131,226,40"
18109,"3,10,0"
18110,"40,3,169"
18111,"0,10,3"
18112,"3,21,0"
18113,"5,3,6"
18114,"3,452,169"
18115,"3,111,40"
18116,"3,21,0"
18117,"3,0,21"
18118,"3,187,34"
18119,"41,3,191"
18120,"3,21,0"
18121,"160,334,40"
18122,"43,323,23"
18123,"40,3,23"
18124,"40,3,21"
18125,"0,10,3"
18126,"3,4,111"
18127,"10,3,40"
18128,"0,3,480"
18129,"323,3,23"
18130,"0,40,3"
18131,"3,15,16"
18132,"0,220,10"
18133,"3,5,320"
18134,"0,265,3"
18135,"3,111,40"
18136,"0,10,40"
18137,"49,3,23"
18138,"3,13,0"
18139,"64,10,80"
18140,"3,10,0"
18141,"0,3,23"
18142,"10,0,64"
18143,"40,131,406"
18144,"3,4,21"
18145,"0,3,10"
18146,"0,8,10"
18147,"3,21,0"
18148,"40,494,0"
18149,"3,0,4"
18150,"169,426,40"
18151,"40,10,23"
18152,"40,10,145"
18153,"64,10,3"
18154,"0,10,3"
18155,"59,0,23"
18156,"160,40,73"
18157,"40,135,3"
18158,"3,0,23"
18159,"4,3,19"
18160,"3,5,40"
18161,"3,40,41"
18162,"17,3,58"
18163,"0,40,23"
18164,"64,80,10"
18165,"0,8,218"
18166,"40,3,28"
18167,"40,0,160"
18168,"10,0,145"
18169,"3,187,263"
18170,"0,23,265"
18171,"3,40,0"
18172,"40,3,64"
18173,"0,40,265"
18174,"3,21,28"
18175,"171,169,199"
18176,"3,169,311"
18177,"23,40,3"
18178,"0,271,355"
18179,"3,53,287"
18180,"220,10,0"
18181,"3,0,265"
18182,"3,217,0"
18183,"3,0,40"
18184,"3,0,23"
18185,"120,3,217"
18186,"3,0,401"
18187,"40,199,0"
18188,"23,0,10"
18189,"64,40,3"
18190,"3,160,40"
18191,"0,265,271"
18192,"0,3,40"
18193,"3,0,28"
18194,"131,241,40"
18195,"40,3,0"
18196,"0,3,265"
18197,"323,199,170"
18198,"40,128,23"
18199,"38,71,0"
18200,"38,23,0"
18201,"64,10,323"
18202,"145,402,40"
18203,"0,23,40"
18204,"23,74,3"
18205,"33,3,21"
18206,"0,23,265"
18207,"0,265,271"
18208,"25,0,3"
18209,"0,40,3"
18210,"3,40,0"
18211,"3,0,5"
18212,"3,23,40"
18213,"40,3,169"
18214,"131,406,0"
18215,"3,0,15"
18216,"3,0,21"
18217,"3,0,169"
18218,"3,21,40"
18219,"3,40,13"
18220,"40,0,313"
18221,"0,265,271"
18222,"3,17,21"
18223,"3,28,169"
18224,"0,23,3"
18225,"169,40,296"
18226,"3,169,417"
18227,"0,40,271"
18228,"10,64,80"
18229,"131,40,406"
18230,"0,3,10"
18231,"3,40,169"
18232,"0,265,425"
18233,"0,40,23"
18234,"5,3,0"
18235,"3,17,0"
18236,"3,0,40"
18237,"0,271,265"
18238,"0,366,265"
18239,"40,0,23"
18240,"3,187,21"
18241,"0,169,23"
18242,"23,3,38"
18243,"3,53,169"
18244,"3,40,28"
18245,"3,0,21"
18246,"23,40,38"
18247,"3,23,13"
18248,"0,265,311"
18249,"0,3,40"
18250,"0,3,1"
18251,"170,169,40"
18252,"0,3,23"
18253,"3,311,169"
18254,"0,10,296"
18255,"40,160,3"
18256,"3,187,40"
18257,"3,182,21"
18258,"10,0,64"
18259,"74,23,40"
18260,"23,38,74"
18261,"3,28,23"
18262,"40,0,184"
18263,"0,40,3"
18264,"0,10,3"
18265,"514,8,23"
18266,"0,265,271"
18267,"0,271,169"
18268,"0,11,10"
18269,"10,40,145"
18270,"3,34,263"
18271,"3,21,0"
18272,"3,0,23"
18273,"40,0,3"
18274,"3,0,40"
18275,"40,3,0"
18276,"3,23,0"
18277,"0,271,40"
18278,"0,277,271"
18279,"0,23,74"
18280,"23,40,0"
18281,"40,0,23"
18282,"40,0,3"
18283,"3,111,17"
18284,"3,4,21"
18285,"0,271,255"
18286,"3,523,160"
18287,"0,265,23"
18288,"3,0,21"
18289,"40,0,23"
18290,"40,0,3"
18291,"64,10,170"
18292,"23,38,425"
18293,"3,120,160"
18294,"3,21,120"
18295,"3,518,0"
18296,"3,0"
18297,"40,131,135"
18298,"0,271"
18299,"181,0,3"
18300,"40,131,406"
18301,"3,40,21"
18302,"0,38,23"
18303,"401,0,23"
18304,"3,21,40"
18305,"3,40,21"
18306,"0,265,271"
18307,"0,169,277"
18308,"0,23,265"
18309,"0,23,40"
18310,"169,337,339"
18311,"169,199,0"
18312,"0,498,10"
18313,"8,0"
18314,"0,271,3"
18315,"0,3,265"
18316,"0,23,26"
18317,"0,40,131"
18318,"3,0,509"
18319,"170,199,171"
18320,"3,187,34"
18321,"10,43,24"
18322,"170,3,199"
18323,"40,0,3"
18324,"10,64,40"
18325,"187,3,40"
18326,"0,355,271"
18327,"10,0,40"
18328,"40,0,131"
18329,"3,28,52"
18330,"0,23,40"
18331,"0,458,277"
18332,"3,40,0"
18333,"145,40,402"
18334,"3,30,160"
18335,"40,145,313"
18336,"220,0,10"
18337,"40,160,3"
18338,"3,0,8"
18339,"146,40,145"
18340,"3,21,15"
18341,"3,28,15"
18342,"40,160,0"
18343,"0,458,3"
18344,"3,40,0"
18345,"0,10,40"
18346,"0,40,3"
18347,"93,64,10"
18348,"3,21,29"
18349,"169,170,3"
18350,"169,3,311"
18351,"3,40,169"
18352,"160,40"
18353,"40,23,0"
18354,"38,23,3"
18355,"64,10,93"
18356,"0,169,3"
18357,"3,0,21"
18358,"426,169,0"
18359,"40,3,160"
18360,"40,3,131"
18361,"3,40,4"
18362,"5,3,6"
18363,"40,0,3"
18364,"3,0,120"
18365,"265,0,11"
18366,"3,0,40"
18367,"250,3,40"
18368,"0,265"
18369,"40,160"
18370,"0,458,277"
18371,"74,23,3"
18372,"3,21,28"
18373,"40,169,334"
18374,"3,28,40"
18375,"23,38,0"
18376,"0,40,10"
18377,"40,131,226"
18378,"3,23,0"
18379,"4,0,3"
18380,"3,21,169"
18381,"3,0,40"
18382,"3,0,187"
18383,"0,38,23"
18384,"3,0,40"
18385,"131,40,226"
18386,"169,0,40"
18387,"498,0,288"
18388,"3,311,169"
18389,"0,288,498"
18390,"0,271,40"
18391,"40,186,128"
18392,"8,0,514"
18393,"0,3,40"
18394,"0,8,271"
18395,"23,0,231"
18396,"0,8,206"
18397,"17,3,58"
18398,"40,0,131"
18399,"0,265,3"
18400,"311,0,169"
18401,"3,40,17"
18402,"3,40,21"
18403,"0,425,265"
18404,"23,0,3"
18405,"10,64,23"
18406,"3,5,0"
18407,"0,265,3"
18408,"3,40,21"
18409,"3,21,30"
18410,"135,138,40"
18411,"0,3,40"
18412,"0,23,3"
18413,"311,169,3"
18414,"23,38,0"
18415,"3,0,271"
18416,"64,93,10"
18417,"3,0,21"
18418,"3,21,40"
18419,"0,271,458"
18420,"40,160,3"
18421,"169,40,0"
18422,"3,21,17"
18423,"0,255,271"
18424,"40,23,3"
18425,"427,426,40"
18426,"40,3,21"
18427,"3,40,169"
18428,"0,8,23"
18429,"24,23,3"
18430,"3,0,53"
18431,"23,60,3"
18432,"3,17,15"
18433,"40,169,296"
18434,"3,40,21"
18435,"23,323,199"
18436,"40,3,250"
18437,"0,23,38"
18438,"0,23,40"
18439,"3,40,21"
18440,"0,40,3"
18441,"3,21,182"
18442,"3,28,21"
18443,"3,21,187"
18444,"10,0,23"
18445,"10,3,64"
18446,"263,34,3"
18447,"40,160,3"
18448,"10,296,169"
18449,"4,3,111"
18450,"0,458,277"
18451,"38,300,23"
18452,"226,131,40"
18453,"23,38,74"
18454,"0,271,355"
18455,"0,265,488"
18456,"131,40,406"
18457,"3,40,21"
18458,"0,265,271"
18459,"64,199,323"
18460,"0,40,23"
18461,"23,74,0"
18462,"23,40,3"
18463,"3,0,21"
18464,"0,23,8"
18465,"0,265,216"
18466,"425,3,265"
18467,"10,3,64"
18468,"3,111,21"
18469,"0,23,24"
18470,"169,0,10"
18471,"111,40,3"
18472,"0,271,3"
18473,"3,0,17"
18474,"3,4,23"
18475,"0,271,40"
18476,"0,3,169"
18477,"160,40,128"
18478,"3,187,21"
18479,"225,120,3"
18480,"40,3,169"
18481,"64,10,80"
18482,"3,0,40"
18483,"160,334,40"
18484,"3,0"
18485,"0,296,300"
18486,"4,3,385"
18487,"23,0,3"
18488,"10,0,64"
18489,"3,0,53"
18490,"23,40,145"
18491,"10,0,3"
18492,"24,43,23"
18493,"199,323,170"
18494,"4,3,0"
18495,"0,265,458"
18496,"40,160,3"
18497,"3,40,169"
18498,"138,135,40"
18499,"145,10,11"
18500,"3,40,21"
18501,"431,40,334"
18502,"296,300,169"
18503,"64,10,0"
18504,"64,10,0"
18505,"71,0,24"
18506,"0,40,3"
18507,"138,135,40"
18508,"145,40,370"
18509,"0,10,3"
18510,"40,3,131"
18511,"199,64,323"
18512,"169,0,337"
18513,"3,263,34"
18514,"3,0,5"
18515,"0,3,10"
18516,"10,0,23"
18517,"40,265,131"
18518,"17,3,0"
18519,"290,0,3"
18520,"135,244,250"
18521,"0,296,417"
18522,"0,271,23"
18523,"23,0,145"
18524,"0,265,24"
18525,"0,3,10"
18526,"3,10,219"
18527,"0,40,145"
18528,"40,3,224"
18529,"41,40,224"
18530,"146,40,145"
18531,"11,3,0"
18532,"3,0,29"
18533,"40,3,128"
18534,"0,169,3"
18535,"3,147,120"
18536,"40,3,160"
18537,"187,169,311"
18538,"23,40,3"
18539,"250,40,3"
18540,"40,0,169"
18541,"3,4,111"
18542,"0,3,170"
18543,"0,255,265"
18544,"23,24,40"
18545,"0,265,255"
18546,"0,23,3"
18547,"3,0,21"
18548,"3,24,23"
18549,"3,0,271"
18550,"0,23,3"
18551,"3,10,23"
18552,"220,10,0"
18553,"40,21,3"
18554,"3,0,15"
18555,"0,3,15"
18556,"0,23,40"
18557,"0,23,38"
18558,"40,23,3"
18559,"0,10,40"
18560,"40,131,0"
18561,"10,44,0"
18562,"3,40,41"
18563,"3,0,169"
18564,"169,311,281"
18565,"40,169,296"
18566,"54,145,10"
18567,"0,216,31"
18568,"3,40,316"
18569,"0,23,38"
18570,"3,0,265"
18571,"300,40,135"
18572,"169,3,426"
18573,"3,4,0"
18574,"38,23,0"
18575,"3,40,0"
18576,"3,21,40"
18577,"0,23,3"
18578,"40,169,23"
18579,"40,3,23"
18580,"296,169,40"
18581,"138,135,169"
18582,"169,3,40"
18583,"23,3,0"
18584,"131,40,0"
18585,"170,199,40"
18586,"64,93,10"
18587,"40,0,3"
18588,"0,145,44"
18589,"0,10,23"
18590,"354,216,0"
18591,"23,3,38"
18592,"3,0,34"
18593,"3,0,296"
18594,"3,40,169"
18595,"3,111,182"
18596,"296,169,417"
18597,"3,17,21"
18598,"0,23,40"
18599,"0,169,40"
18600,"3,21,10"
18601,"3,0,21"
18602,"0,23,8"
18603,"131,40,0"
18604,"3,23,40"
18605,"40,0,17"
18606,"0,10,3"
18607,"0,265,3"
18608,"0,40,23"
18609,"3,0,265"
18610,"138,135,40"
18611,"23,74,317"
18612,"40,3,169"
18613,"40,3,160"
18614,"0,169,311"
18615,"0,265,277"
18616,"3,182,21"
18617,"10,3,111"
18618,"0,40,3"
18619,"0,23,3"
18620,"40,3,21"
18621,"0,271,255"
18622,"40,146,3"
18623,"10,40,23"
18624,"13,204,3"
18625,"3,0,169"
18626,"10,11,0"
18627,"40,3,135"
18628,"0,40,3"
18629,"0,3,40"
18630,"3,51,52"
18631,"3,0,169"
18632,"0,3,5"
18633,"3,21,53"
18634,"0,3,40"
18635,"3,53,111"
18636,"40,3,0"
18637,"220,10,0"
18638,"138,40,135"
18639,"0,10,23"
18640,"323,40,3"
18641,"3,40"
18642,"71,40,24"
18643,"10,90,0"
18644,"3,21,53"
18645,"0,23,38"
18646,"311,169,40"
18647,"3,455,40"
18648,"40,220,10"
18649,"0,265,10"
18650,"3,28,21"
18651,"3,5,0"
18652,"40,3,41"
18653,"0,23,38"
18654,"3,17,21"
18655,"40,41,3"
18656,"0,23,40"
18657,"0,271,3"
18658,"40,23,0"
18659,"3,53,0"
18660,"3,0,169"
18661,"0,23,8"
18662,"3,21,0"
18663,"40,131,3"
18664,"3,4,0"
18665,"3,40,73"
18666,"0,10,54"
18667,"3,10,40"
18668,"0,271,3"
18669,"160,40,3"
18670,"23,40,10"
18671,"0,255,271"
18672,"3,0,21"
18673,"0,40,3"
18674,"0,265,8"
18675,"3,23,169"
18676,"169,170,40"
18677,"0,3,265"
18678,"64,10,0"
18679,"0,38,39"
18680,"0,23,3"
18681,"40,128,186"
18682,"169,199,170"
18683,"0,23,145"
18684,"3,34,187"
18685,"40,169,296"
18686,"3,13,0"
18687,"40,135,169"
18688,"3,401,13"
18689,"265,40,0"
18690,"3,53,13"
18691,"23,40,0"
18692,"145,402,8"
18693,"3,323,23"
18694,"220,0,10"
18695,"3,271,0"
18696,"23,74,118"
18697,"296,169,23"
18698,"40,43,24"
18699,"10,145,23"
18700,"0,218,3"
18701,"0,271,199"
18702,"3,0,4"
18703,"0,26,40"
18704,"23,265,0"
18705,"169,311,40"
18706,"0,10,40"
18707,"3,40,21"
18708,"0,145,3"
18709,"10,23,24"
18710,"0,265,23"
18711,"64,3,93"
18712,"0,169,3"
18713,"296,337,251"
18714,"0,3,169"
18715,"3,40,169"
18716,"3,0,23"
18717,"0,3,265"
18718,"23,38,10"
18719,"3,28,21"
18720,"296,169,0"
18721,"40,146,145"
18722,"0,3,212"
18723,"23,40,3"
18724,"64,10,3"
18725,"0,169,23"
18726,"3,0,21"
18727,"169,40,3"
18728,"0,23,38"
18729,"40,169,151"
18730,"3,0,169"
18731,"71,38,23"
18732,"0,271,8"
18733,"0,265,40"
18734,"169,40,38"
18735,"3,169,296"
18736,"40,145,0"
18737,"0,10,3"
18738,"3,0,40"
18739,"169,0,40"
18740,"40,0,271"
18741,"23,40,3"
18742,"3,40,34"
18743,"40,23,0"
18744,"3,5,0"
18745,"40,402,145"
18746,"426,169,259"
18747,"0,3,32"
18748,"40,169,3"
18749,"138,135,40"
18750,"296,169,3"
18751,"3,40,160"
18752,"74,23,38"
18753,"40,131,296"
18754,"0,8,3"
18755,"40,23,3"
18756,"64,10,80"
18757,"3,40,0"
18758,"23,24,40"
18759,"0,265,340"
18760,"0,3,23"
18761,"291,0,271"
18762,"0,265,8"
18763,"3,21,0"
18764,"11,10,3"
18765,"3,23,0"
18766,"31,0,40"
18767,"23,0,417"
18768,"3,40,30"
18769,"290,277,0"
18770,"0,206,369"
18771,"3,53,40"
18772,"38,23,39"
18773,"131,40,406"
18774,"323,64,10"
18775,"3,21,0"
18776,"3,15,16"
18777,"40,131,241"
18778,"0,145,265"
18779,"74,40,3"
18780,"10,40,3"
18781,"40,23,3"
18782,"3,40,0"
18783,"138,40,169"
18784,"3,4,15"
18785,"0,3,23"
18786,"10,0,3"
18787,"0,458,277"
18788,"23,10,40"
18789,"64,10,80"
18790,"3,21,28"
18791,"10,64,3"
18792,"0,208,369"
18793,"3,0,265"
18794,"3,120,217"
18795,"311,169,40"
18796,"0,265,349"
18797,"131,169,296"
18798,"40,23,3"
18799,"40,3,10"
18800,"3,5,0"
18801,"199,24,170"
18802,"199,170,40"
18803,"0,271,265"
18804,"0,370,216"
18805,"3,0,21"
18806,"64,10,80"
18807,"23,0,38"
18808,"3,71,24"
18809,"220,10,0"
18810,"3,169,28"
18811,"40,135,3"
18812,"40,131,128"
18813,"23,0,26"
18814,"160,334,40"
18815,"0,265,349"
18816,"11,10,0"
18817,"23,145,40"
18818,"118,23,74"
18819,"3,199,23"
18820,"3,120,21"
18821,"3,38,23"
18822,"3,0,4"
18823,"40,131,23"
18824,"40,169,3"
18825,"23,3,334"
18826,"3,187,34"
18827,"10,0,265"
18828,"0,3,10"
18829,"0,265,3"
18830,"3,21,17"
18831,"199,169,323"
18832,"0,23,40"
18833,"3,0,147"
18834,"3,21,34"
18835,"40,3,10"
18836,"0,23,265"
18837,"296,23,169"
18838,"3,21"
18839,"80,64,10"
18840,"40,0,169"
18841,"38,0,23"
18842,"0,265,288"
18843,"40,41,3"
18844,"3,0,291"
18845,"40,128,186"
18846,"25,23,10"
18847,"40,151,3"
18848,"10,145,40"
18849,"38,23,0"
18850,"3,53,523"
18851,"3,21,34"
18852,"171,199,170"
18853,"3,0,4"
18854,"3,0,217"
18855,"0,271,265"
18856,"0,169,3"
18857,"40,3,455"
18858,"40,131,0"
18859,"3,33,21"
18860,"40,160,3"
18861,"0,3,169"
18862,"40,3,0"
18863,"3,181,10"
18864,"436,169,40"
18865,"169,187,3"
18866,"0,288,498"
18867,"145,54,10"
18868,"3,23,74"
18869,"3,0,4"
18870,"0,23,169"
18871,"44,73,23"
18872,"40,131,0"
18873,"0,8,23"
18874,"54,323,145"
18875,"3,21,0"
18876,"23,0,40"
18877,"3,170,0"
18878,"0,3,271"
18879,"3,0,15"
18880,"3,40,21"
18881,"3,0,271"
18882,"3,0,40"
18883,"3,10,199"
18884,"170,3,40"
18885,"0,10,425"
18886,"0,10,40"
18887,"3,0,34"
18888,"3,160,21"
18889,"0,8,265"
18890,"24,71,10"
18891,"323,3,23"
18892,"0,271,265"
18893,"3,0,1"
18894,"0,271,3"
18895,"3,40,160"
18896,"10,44,145"
18897,"402,145,11"
18898,"74,23,38"
18899,"23,0,169"
18900,"40,135,128"
18901,"0,40,3"
18902,"0,255,271"
18903,"10,64,40"
18904,"40,135,3"
18905,"64,40,145"
18906,"23,63,0"
18907,"131,40,226"
18908,"43,24,40"
18909,"23,38,417"
18910,"3,21,311"
18911,"10,0,11"
18912,"3,0,263"
18913,"3,21,40"
18914,"0,3,271"
18915,"0,480,255"
18916,"3,111,40"
18917,"3,0,11"
18918,"0,40,23"
18919,"10,3,58"
18920,"3,0,23"
18921,"323,40,170"
18922,"0,340,265"
18923,"220,10,0"
18924,"311,0,169"
18925,"3,40,15"
18926,"40,3,184"
18927,"187,3,40"
18928,"3,21,29"
18929,"402,145,0"
18930,"3,0,21"
18931,"23,3,145"
18932,"0,296,417"
18933,"23,40,0"
18934,"40,23,38"
18935,"40,145,146"
18936,"13,169,3"
18937,"0,271,455"
18938,"0,3,23"
18939,"10,64,0"
18940,"0,40,255"
18941,"0,340,265"
18942,"169,199,170"
18943,"202,300,3"
18944,"0,265,355"
18945,"0,218,40"
18946,"0,23,265"
18947,"40,0,135"
18948,"0,458,3"
18949,"3,0,40"
18950,"3,17,0"
18951,"3,0,169"
18952,"0,277,271"
18953,"0,265,3"
18954,"320,17,3"
18955,"3,0,4"
18956,"0,277,458"
18957,"0,8"
18958,"40,146,160"
18959,"0,265,218"
18960,"3,169,21"
18961,"323,199,3"
18962,"0,40,23"
18963,"175,23,128"
18964,"0,38,3"
18965,"0,265,271"
18966,"40,23,3"
18967,"3,0,170"
18968,"40,3,169"
18969,"0,3,265"
18970,"40,0,145"
18971,"17,320,40"
18972,"169,311,0"
18973,"3,21,169"
18974,"320,3,17"
18975,"3,4,40"
18976,"43,24,23"
18977,"0,417,23"
18978,"23,0,38"
18979,"40,311,169"
18980,"3,28,21"
18981,"187,265,3"
18982,"40,160,128"
18983,"3,10,90"
18984,"3,21,85"
18985,"134,40,131"
18986,"3,34,263"
18987,"64,80,10"
18988,"3,21,29"
18989,"64,10"
18990,"4,3,7"
18991,"3,0,23"
18992,"0,3,263"
18993,"3,0,21"
18994,"10,265,64"
18995,"17,3,58"
18996,"251,337,0"
18997,"3,169,0"
18998,"13,204,3"
18999,"0,402,10"
19000,"40,135,3"
19001,"3,17,21"
19002,"3,4,0"
19003,"3,287,53"
19004,"3,40,111"
19005,"0,355,271"
19006,"3,4,0"
19007,"0,3,169"
19008,"0,23,38"
19009,"3,40,0"
19010,"0,59,23"
19011,"160,40,3"
19012,"23,3,0"
19013,"131,40,406"
19014,"3,0,58"
19015,"3,21,40"
19016,"0,265,3"
19017,"40,3,0"
19018,"3,40,10"
19019,"0,271,213"
19020,"160,334,3"
19021,"3,40,169"
19022,"40,23,3"
19023,"0,10,40"
19024,"3,4,19"
19025,"40,131,0"
19026,"40,120,3"
19027,"3,40,0"
19028,"3,4,160"
19029,"23,38,0"
19030,"152,151,40"
19031,"40,170,169"
19032,"40,169,3"
19033,"3,5,21"
19034,"64,10,80"
19035,"0,265,3"
19036,"3,40,53"
19037,"40,128,23"
19038,"0,23,3"
19039,"40,131,0"
19040,"3,21,0"
19041,"3,0,21"
19042,"0,23,38"
19043,"10,64,145"
19044,"3,169,53"
19045,"3,0,202"
19046,"0,265,271"
19047,"3,4,28"
19048,"0,23,271"
19049,"0,265,488"
19050,"40,494,459"
19051,"64,40,10"
19052,"0,255,271"
19053,"0,271,265"
19054,"10,3,0"
19055,"0,480,255"
19056,"3,0,40"
19057,"169,3,40"
19058,"0,271,3"
19059,"40,146,135"
19060,"3,15,28"
19061,"0,514,3"
19062,"3,40,0"
19063,"40,169,170"
19064,"0,3,10"
19065,"3,5,28"
19066,"3,147,0"
19067,"0,265,340"
19068,"3,17,58"
19069,"3,0,53"
19070,"3,111,21"
19071,"3,21,53"
19072,"3,21,518"
19073,"3,40,0"
19074,"217,3,120"
19075,"23,0,24"
19076,"296,169,0"
19077,"3,4,40"
19078,"11,44,10"
19079,"145,23,40"
19080,"0,8,265"
19081,"3,53,21"
19082,"40,10,3"
19083,"251,3,337"
19084,"3,0,21"
19085,"0,346,313"
19086,"145,10,40"
19087,"0,3,23"
19088,"0,23,3"
19089,"0,8,40"
19090,"17,3,58"
19091,"169,199,23"
19092,"3,4,0"
19093,"23,40,0"
19094,"0,271,3"
19095,"40,128,3"
19096,"3,23,40"
19097,"23,25,40"
19098,"220,10,3"
19099,"311,3,40"
19100,"23,0,40"
19101,"40,0,313"
19102,"3,169,28"
19103,"0,40,3"
19104,"3,0,40"
19105,"0,265,349"
19106,"3,0,40"
19107,"3,169,120"
19108,"169,296,40"
19109,"10,3,40"
19110,"3,182,265"
19111,"0,10,376"
19112,"10,64,0"
19113,"3,263,0"
19114,"337,80,251"
19115,"40,3,105"
19116,"0,265,8"
19117,"10,0,40"
19118,"40,217,160"
19119,"3,364,4"
19120,"0,265,40"
19121,"3,17,21"
19122,"0,512,23"
19123,"0,265,23"
19124,"3,0,120"
19125,"40,3,170"
19126,"3,40,160"
19127,"3,23,64"
19128,"23,74,3"
19129,"23,24,10"
19130,"3,21,160"
19131,"0,265,271"
19132,"3,0,21"
19133,"170,199,169"
19134,"291,0,271"
19135,"160,40"
19136,"0,213,271"
19137,"40,3,41"
19138,"131,40,0"
19139,"10,11,3"
19140,"0,271,277"
19141,"40,23,296"
19142,"169,281,311"
19143,"3,156,225"
19144,"169,0,3"
19145,"118,74,23"
19146,"40,128,23"
19147,"0,8,40"
19148,"3,40,147"
19149,"0,23,24"
19150,"271,0,40"
19151,"3,28"
19152,"259,311,3"
19153,"3,0,40"
19154,"0,40,3"
19155,"0,355,27"
19156,"40,23,334"
19157,"0,3,218"
19158,"10,64,3"
19159,"10,0,24"
19160,"23,10,38"
19161,"10,145,3"
19162,"0,265,458"
19163,"3,0,34"
19164,"60,234,3"
19165,"40,169,311"
19166,"64,10"
19167,"73,10,40"
19168,"23,0,40"
19169,"3,40,0"
19170,"0,265,3"
19171,"3,21,169"
19172,"3,23,0"
19173,"38,23,0"
19174,"3,17,16"
19175,"64,3,93"
19176,"40,3,10"
19177,"23,38,296"
19178,"40,131,0"
19179,"23,0,38"
19180,"220,0,10"
19181,"0,265,340"
19182,"3,21,13"
19183,"0,313,40"
19184,"23,40,0"
19185,"0,265"
19186,"0,265,271"
19187,"40,23,74"
19188,"3,40,13"
19189,"220,10,0"
19190,"3,0,40"
19191,"0,10,3"
19192,"40,169,296"
19193,"10,3,40"
19194,"10,3,0"
19195,"169,3,0"
19196,"0,346,40"
19197,"0,418,265"
19198,"3,21,40"
19199,"40,3,23"
19200,"3,0,40"
19201,"3,187,21"
19202,"265,0,488"
19203,"208,0,3"
19204,"3,21,0"
19205,"0,418,265"
19206,"24,0,23"
19207,"3,0,169"
19208,"0,169,23"
19209,"3,0,28"
19210,"128,175,40"
19211,"3,182,21"
19212,"0,40,3"
19213,"40,23,131"
19214,"3,0,40"
19215,"3,21,0"
19216,"220,221,10"
19217,"3,0,40"
19218,"0,40,10"
19219,"0,10,265"
19220,"0,8,40"
19221,"3,96,31"
19222,"3,5,21"
19223,"118,23,74"
19224,"0,271,8"
19225,"220,10,3"
19226,"64,10,80"
19227,"337,0,23"
19228,"38,71,40"
19229,"10,3,40"
19230,"3,115,21"
19231,"0,3,23"
19232,"3,0,265"
19233,"40,160,334"
19234,"0,44,10"
19235,"40,131,3"
19236,"169,40,0"
19237,"169,311,426"
19238,"0,23,38"
19239,"3,10,0"
19240,"0,10,220"
19241,"296,0,3"
19242,"0,265,3"
19243,"169,459,0"
19244,"3,40,135"
19245,"24,0,3"
19246,"0,271,213"
19247,"0,218,271"
19248,"0,296,3"
19249,"3,40,4"
19250,"23,0,3"
19251,"10,64"
19252,"0,145,10"
19253,"40,328,128"
19254,"3,187,34"
19255,"0,3,40"
19256,"40,0,152"
19257,"169,311,3"
19258,"93,10,64"
19259,"40,0,271"
19260,"3,204,13"
19261,"3,21,169"
19262,"0,458,277"
19263,"3,23,10"
19264,"40,128,186"
19265,"40,3,21"
19266,"3,21,53"
19267,"3,21,120"
19268,"23,3,0"
19269,"40,0,38"
19270,"10,145,64"
19271,"0,498,3"
19272,"3,0,53"
19273,"10,0,23"
19274,"3,21,17"
19275,"40,169,296"
19276,"0,23,40"
19277,"3,0,40"
19278,"170,199,169"
19279,"0,8,23"
19280,"0,23,38"
19281,"40,3,162"
19282,"3,0,265"
19283,"40,23,3"
19284,"3,0,40"
19285,"3,40,169"
19286,"10,0,40"
19287,"3,40,21"
19288,"3,120,169"
19289,"0,457,218"
19290,"0,3,40"
19291,"0,480,3"
19292,"0,402,145"
19293,"296,169,8"
19294,"131,40,0"
19295,"3,40,0"
19296,"3,21,40"
19297,"0,271,218"
19298,"0,10,40"
19299,"311,3,169"
19300,"0,23,3"
19301,"3,21,28"
19302,"135,40,0"
19303,"3,23,0"
19304,"64,10,3"
19305,"40,131,0"
19306,"23,74,40"
19307,"23,3,40"
19308,"10,145,40"
19309,"0,402,23"
19310,"3,40,28"
19311,"64,10,40"
19312,"94,40,23"
19313,"0,271,40"
19314,"40,10,24"
19315,"0,265,3"
19316,"0,265,271"
19317,"0,265"
19318,"3,0,40"
19319,"0,271,255"
19320,"3,53,120"
19321,"317,3,40"
19322,"0,40,220"
19323,"40,131,241"
19324,"10,40,64"
19325,"320,17,217"
19326,"170,199,277"
19327,"0,458,277"
19328,"10,145,0"
19329,"3,28,30"
19330,"3,0,17"
19331,"0,265,10"
19332,"169,3,296"
19333,"0,220,10"
19334,"0,218,313"
19335,"175,40,128"
19336,"40,3,0"
19337,"3,0,265"
19338,"0,3,8"
19339,"169,311,426"
19340,"170,199,23"
19341,"3,40,169"
19342,"40,3,0"
19343,"0,38,23"
19344,"3,169,28"
19345,"71,24,38"
19346,"0,40,313"
19347,"0,265,271"
19348,"0,40,169"
19349,"0,23,3"
19350,"175,128,3"
19351,"323,199,10"
19352,"169,40,199"
19353,"23,38,3"
19354,"10,0,220"
19355,"31,0,23"
19356,"23,40,296"
19357,"40,10,0"
19358,"138,40,135"
19359,"0,23,313"
19360,"3,0,40"
19361,"169,3,296"
19362,"131,40,3"
19363,"120,225,3"
19364,"3,40,145"
19365,"0,3,271"
19366,"3,0,10"
19367,"0,3,265"
19368,"10,0,145"
19369,"40,151,152"
19370,"0,265,376"
19371,"0,417,26"
19372,"23,40,24"
19373,"40,3,0"
19374,"0,3,40"
19375,"320,3,17"
19376,"296,169,40"
19377,"311,169,0"
19378,"0,3,10"
19379,"0,3,265"
19380,"0,3,313"
19381,"0,10,11"
19382,"0,40,271"
19383,"10,3,0"
19384,"3,0,53"
19385,"0,271,3"
19386,"23,0,38"
19387,"3,0,21"
19388,"145,23,10"
19389,"40,135,250"
19390,"0,265,3"
19391,"0,1,3"
19392,"54,10,145"
19393,"10,23,40"
19394,"0,271,265"
19395,"3,300,169"
19396,"3,0,169"
19397,"3,187,21"
19398,"0,3,498"
19399,"0,498,288"
19400,"0,512,23"
19401,"0,265,271"
19402,"40,0,169"
19403,"0,3,23"
19404,"3,40,152"
19405,"40,10,145"
19406,"3,40,0"
19407,"0,169,3"
19408,"0,8,308"
19409,"10,64,3"
19410,"3,13,204"
19411,"0,10,3"
19412,"40,74,165"
19413,"31,23,40"
19414,"169,3,0"
19415,"5,6,3"
19416,"0,40,271"
19417,"3,10,184"
19418,"3,21,17"
19419,"3,17,5"
19420,"93,10,64"
19421,"38,71,23"
19422,"186,40,128"
19423,"23,317,3"
19424,"3,40,28"
19425,"0,255,218"
19426,"10,44,145"
19427,"3,0,120"
19428,"40,0,3"
19429,"3,0,40"
19430,"334,160,10"
19431,"3,169,0"
19432,"3,120,0"
19433,"54,322,10"
19434,"3,0,199"
19435,"296,3,40"
19436,"3,21,40"
19437,"0,271,23"
19438,"4,3,13"
19439,"3,0,23"
19440,"10,0,145"
19441,"40,0,3"
19442,"40,160,3"
19443,"23,3,0"
19444,"40,0,3"
19445,"296,0,3"
19446,"0,49,23"
19447,"0,512,23"
19448,"23,3,13"
19449,"0,271,3"
19450,"0,40,3"
19451,"0,271,456"
19452,"3,21,0"
19453,"3,23,28"
19454,"3,0,40"
19455,"3,17,21"
19456,"0,265,271"
19457,"0,265,3"
19458,"3,40,160"
19459,"0,296,169"
19460,"265,0,418"
19461,"40,160,3"
19462,"160,40,3"
19463,"3,21,0"
19464,"40,23,0"
19465,"10,0,3"
19466,"3,0,40"
19467,"23,40,38"
19468,"3,17,21"
19469,"40,160,41"
19470,"10,0,40"
19471,"40,184,135"
19472,"40,3,0"
19473,"3,21,0"
19474,"40,250,131"
19475,"40,131,0"
19476,"3,0,40"
19477,"23,0,74"
19478,"3,21,0"
19479,"23,40,24"
19480,"3,40,21"
19481,"0,170,199"
19482,"170,169,199"
19483,"0,271,355"
19484,"3,4,317"
19485,"0,3,169"
19486,"3,0,265"
19487,"3,0,40"
19488,"40,169,3"
19489,"3,40,160"
19490,"131,40,226"
19491,"131,40,265"
19492,"23,3,169"
19493,"3,0,21"
19494,"3,120,0"
19495,"40,169,138"
19496,"10,0,11"
19497,"3,10,40"
19498,"40,0,160"
19499,"3,0,169"
19500,"0,23,3"
19501,"3,28,21"
19502,"40,23,128"
19503,"10,80,64"
19504,"64,10,93"
19505,"23,0,40"
19506,"3,21,0"
19507,"40,135,3"
19508,"40,0,3"
19509,"3,21,0"
19510,"3,4,0"
19511,"0,265,3"
19512,"10,220,40"
19513,"40,162,0"
19514,"3,0,21"
19515,"3,23,40"
19516,"3,21,0"
19517,"40,160,0"
19518,"40,3,160"
19519,"44,10,0"
19520,"3,40,21"
19521,"0,40,24"
19522,"40,135,250"
19523,"74,23,317"
19524,"40,3,0"
19525,"199,3,323"
19526,"74,303,23"
19527,"90,64,10"
19528,"10,3,514"
19529,"3,169,40"
19530,"3,0,40"
19531,"3,0,290"
19532,"3,169,0"
19533,"0,169,23"
19534,"0,220,10"
19535,"250,40,135"
19536,"40,135,3"
19537,"146,40,3"
19538,"0,480,255"
19539,"40,186,128"
19540,"0,8,308"
19541,"74,23,40"
19542,"74,23,40"
19543,"0,3,53"
19544,"0,265,271"
19545,"265,0,3"
19546,"220,10,0"
19547,"3,40,23"
19548,"0,211,212"
19549,"3,120,169"
19550,"0,23,3"
19551,"3,21,40"
19552,"40,131,406"
19553,"0,23,271"
19554,"337,251,296"
19555,"169,170,0"
19556,"354,216,0"
19557,"11,10,0"
19558,"4,3,19"
19559,"0,271,3"
19560,"131,40,241"
19561,"0,23,40"
19562,"0,3,40"
19563,"40,296,417"
19564,"402,40,0"
19565,"231,26,40"
19566,"131,0,406"
19567,"3,40,21"
19568,"40,0,169"
19569,"0,218,271"
19570,"3,296,0"
19571,"4,3,0"
19572,"3,40,13"
19573,"425,0,265"
19574,"40,131,3"
19575,"317,74,23"
19576,"0,265,8"
19577,"3,21,169"
19578,"296,169,40"
19579,"3,4,0"
19580,"3,169,40"
19581,"3,0,10"
19582,"0,3,40"
19583,"0,40,313"
19584,"10,0,3"
19585,"3,0,51"
19586,"0,3,271"
19587,"3,40,17"
19588,"10,64,0"
19589,"3,4,0"
19590,"0,265,169"
19591,"187,3,17"
19592,"40,169,3"
19593,"265,0,340"
19594,"0,265,3"
19595,"3,0,40"
19596,"3,111,21"
19597,"40,71,3"
19598,"169,0,216"
19599,"40,3,160"
19600,"49,24,23"
19601,"0,337,1"
19602,"199,0,170"
19603,"10,0,220"
19604,"3,40,23"
19605,"40,3,169"
19606,"3,0,49"
19607,"3,21,169"
19608,"0,271,3"
19609,"10,40,23"
19610,"3,4,28"
19611,"40,204,13"
19612,"40,128,0"
19613,"3,21,40"
19614,"0,3,8"
19615,"3,40,41"
19616,"38,23,40"
19617,"3,40,169"
19618,"0,296,169"
19619,"220,10,0"
19620,"0,255,3"
19621,"3,0,21"
19622,"23,3,169"
19623,"3,28,23"
19624,"0,265,3"
19625,"3,169,500"
19626,"3,0,40"
19627,"0,458,8"
19628,"40,131,0"
19629,"40,0,3"
19630,"10,64,80"
19631,"0,216,3"
19632,"3,23,0"
19633,"0,23,40"
19634,"169,296,0"
19635,"138,135,40"
19636,"0,23,3"
19637,"3,120,217"
19638,"0,265,38"
19639,"0,3,40"
19640,"40,0,169"
19641,"40,3,0"
19642,"0,23,38"
19643,"186,40,128"
19644,"3,13,0"
19645,"44,73,498"
19646,"0,10,218"
19647,"0,8,23"
19648,"38,39,0"
19649,"32,291,3"
19650,"0,3,23"
19651,"0,23,3"
19652,"3,0,4"
19653,"40,0,10"
19654,"131,40,0"
19655,"3,0,23"
19656,"3,21,40"
19657,"3,320,21"
