id,label
0,"10,64,93"
1,"3,17,21"
2,"3,296,169"
3,"0,271,8"
4,"10,64,44"
5,"0,8,206"
6,"10,44,40"
7,"3,21,41"
8,"23,49,24"
9,"3,21"
10,"0,10,265"
11,"40,145,23"
12,"169,199,3"
13,"0,271"
14,"23,74,10"
15,"23,44,10"
16,"10,44,64"
17,"3,21,111"
18,"10,64,93"
19,"10,220"
20,"23,24,181"
21,"0,26,23"
22,"3,5,0"
23,"40,160,315"
24,"0,10,8"
25,"40,131"
26,"3,21,40"
27,"64,10,93"
28,"3,17"
29,"3,10"
30,"24,43,23"
31,"3,147,15"
32,"40,131"
33,"10,23,26"
34,"10,220"
35,"3,21"
36,"3,0,21"
37,"10,11,24"
38,"3,4"
39,"40,3,131"
40,"0,23,271"
41,"3,21,5"
42,"40,135"
43,"0,23,271"
44,"10,11,72"
45,"40,250,10"
46,"3,17,21"
47,"10,3"
48,"40,128,186"
49,"23,145,40"
50,"0,23,38"
51,"3,147,21"
52,"10,44,220"
53,"3,23"
54,"3,21,4"
55,"3,40,21"
56,"10,64"
57,"23,169,3"
58,"23,74,26"
59,"3,21"
60,"3,10,11"
61,"64,10"
62,"0,271"
63,"3,21,4"
64,"3,0"
65,"3,21,0"
66,"40,131"
67,"169,10,170"
68,"3,17"
69,"3,21,0"
70,"64,10"
71,"10,64"
72,"40,41,224"
73,"40,3,41"
74,"10,220"
75,"0,265,271"
76,"3,21,199"
77,"0,271,23"
78,"23,24,49"
79,"10,220"
80,"10,64,93"
81,"3,40,21"
82,"10,11,12"
83,"169,296,3"
84,"24,23,49"
85,"23,38,40"
86,"40,131"
87,"40,41,21"
88,"26,23"
89,"3,169,21"
90,"24,43,145"
91,"220,10"
92,"0,271"
93,"3,4,435"
94,"23,131,40"
95,"40,131"
96,"23,24,49"
97,"40,135,41"
98,"10,40,220"
99,"23,0,38"
100,"23,26,231"
101,"23,40,38"
102,"24,23,49"
103,"3,10,156"
104,"10,23"
105,"0,271,8"
106,"3,23,0"
107,"49,24,23"
108,"0,271"
109,"0,8,206"
110,"3,5,21"
111,"23,199,169"
112,"3,4,21"
113,"3,10"
114,"10,220"
115,"199,169"
116,"3,0,21"
117,"0,3,8"
118,"40,74,145"
119,"3,21"
120,"3,147,148"
121,"0,3,265"
122,"11,10"
123,"40,41,224"
124,"3,4,21"
125,"3,21"
126,"0,3,206"
127,"10,23,40"
128,"0,271"
129,"0,265,10"
130,"64,10"
131,"169,199,170"
132,"23,38,40"
133,"40,21,38"
134,"3,21,4"
135,"10,44,40"
136,"0,271,44"
137,"40,402,145"
138,"0,265,271"
139,"3,23,21"
140,"40,41,23"
141,"3,111,4"
142,"169,199"
143,"3,21,301"
144,"10,44,72"
145,"10,11,44"
146,"3,4"
147,"169,8,0"
148,"10,64"
149,"40,160,41"
150,"23,40,135"
151,"23,169,199"
152,"3,4,435"
153,"0,271,265"
154,"199,169,40"
155,"0,26,23"
156,"40,131"
157,"10,44"
158,"40,41,3"
159,"0,169,199"
160,"0,23,8"
161,"23,38"
162,"40,131"
163,"3,21,111"
164,"0,271"
165,"40,0,169"
166,"10,64"
167,"64,10,93"
168,"10,44"
169,"40,128,41"
170,"8,10,23"
171,"3,21"
172,"23,0,38"
173,"3,4"
174,"40,169,199"
175,"0,26,23"
176,"10,64"
177,"23,0,38"
178,"3,21"
179,"23,26,0"
180,"3,21"
181,"3,21"
182,"0,265,10"
183,"3,21"
184,"0,40,3"
185,"23,24,49"
186,"0,271"
187,"135,40,3"
188,"10,64"
189,"169,199,0"
190,"169,199"
191,"199,169"
192,"23,40"
193,"26,23,89"
194,"169,199,0"
195,"169,199,40"
196,"10,44,23"
197,"3,147,21"
198,"40,131"
199,"23,0,271"
200,"24,23,10"
201,"24,23,43"
202,"23,3,24"
203,"3,4"
204,"169,199"
205,"169,199"
206,"23,24,43"
207,"23,38,26"
208,"10,24,23"
209,"10,64"
210,"3,15"
211,"0,8,235"
212,"0,271,265"
213,"3,21,111"
214,"0,23,49"
215,"23,40,24"
216,"23,32,31"
217,"23,74,10"
218,"3,21"
219,"40,160"
220,"23,38"
221,"0,271"
222,"3,4"
223,"169,199"
224,"40,160,315"
225,"3,21,40"
226,"10,64,23"
227,"10,64,93"
228,"3,5"
229,"3,17,21"
230,"10,44,145"
231,"3,21"
232,"0,40,131"
233,"3,0,21"
234,"40,145,146"
235,"40,131"
236,"23,3,169"
237,"169,199,0"
238,"402,145,40"
239,"24,43,23"
240,"0,271"
241,"0,271"
242,"40,169"
243,"40,131"
244,"0,271"
245,"0,40,131"
246,"10,60,44"
247,"93,199,169"
248,"3,21,17"
249,"40,128,129"
250,"23,10,38"
251,"10,220"
252,"3,147,21"
253,"3,0"
254,"3,23"
255,"23,0,26"
256,"3,21,40"
257,"3,40,21"
258,"40,128,129"
259,"10,44"
260,"64,10"
261,"3,4"
262,"64,10,93"
263,"3,147,148"
264,"40,21,3"
265,"3,21"
266,"23,24,21"
267,"23,38,40"
268,"64,10,93"
269,"40,160,315"
270,"3,21"
271,"40,131"
272,"23,24,49"
273,"23,44,38"
274,"10,23,44"
275,"10,64"
276,"23,32,31"
277,"3,21"
278,"74,23,118"
279,"40,131"
280,"23,38"
281,"10,220"
282,"0,271"
283,"3,21,40"
284,"3,111,147"
285,"3,4"
286,"64,10"
287,"0,271"
288,"10,64,93"
289,"23,0,26"
290,"0,40,271"
291,"23,24,43"
292,"10,44"
293,"169,0,49"
294,"3,169,0"
295,"40,41"
296,"40,41,128"
297,"40,135,3"
298,"169,0,199"
299,"3,17,40"
300,"3,15,0"
301,"169,3,21"
302,"23,40,128"
303,"3,21"
304,"169,0,170"
305,"0,271"
306,"23,10,74"
307,"0,26,23"
308,"10,64"
309,"3,40"
310,"0,271"
311,"3,21,169"
312,"3,21"
313,"23,49,24"
314,"3,17"
315,"0,271,265"
316,"40,23,38"
317,"3,21,5"
318,"23,74,3"
319,"169,199,0"
320,"0,10,8"
321,"40,131"
322,"271,3,0"
323,"3,40,296"
324,"40,160,315"
325,"40,23,131"
326,"3,21,40"
327,"199,135,40"
328,"23,24,43"
329,"0,271,169"
330,"23,24,43"
331,"128,129,40"
332,"0,271,212"
333,"3,111,40"
334,"0,271"
335,"3,21,11"
336,"23,24,43"
337,"169,3,170"
338,"3,21"
339,"3,147,21"
340,"10,220"
341,"3,147,32"
342,"40,128,129"
343,"3,4,5"
344,"40,41,135"
345,"10,40,44"
346,"169,296"
347,"10,220"
348,"3,4,41"
349,"296,169,23"
350,"10,11"
351,"23,74,40"
352,"296,169"
353,"0,10,23"
354,"3,21,4"
355,"10,44,40"
356,"23,38,26"
357,"23,31,10"
358,"0,271,8"
359,"10,64"
360,"23,40,24"
361,"10,44"
362,"3,21"
363,"169,199,40"
364,"169,170,508"
365,"0,271"
366,"0,23,8"
367,"0,10,169"
368,"23,40,38"
369,"169,199,40"
370,"3,4"
371,"23,24,10"
372,"23,74,118"
373,"40,131"
374,"0,8,206"
375,"10,23,44"
376,"169,199,170"
377,"3,21,23"
378,"40,41,224"
379,"169,40,131"
380,"3,40,4"
381,"3,21,169"
382,"169,3,199"
383,"169,199,40"
384,"3,17,10"
385,"10,220"
386,"10,220"
387,"23,74,40"
388,"0,212,211"
389,"3,21"
390,"10,220"
391,"10,40,23"
392,"0,271,313"
393,"10,64"
394,"10,0,265"
395,"3,111,21"
396,"3,23,38"
397,"3,21"
398,"169,23,337"
399,"169,170,10"
400,"10,44"
401,"169,199,10"
402,"3,147,21"
403,"0,271"
404,"3,21"
405,"0,8"
406,"3,21"
407,"40,131"
408,"3,21,40"
409,"3,21,199"
410,"3,21,40"
411,"3,15"
412,"23,49,24"
413,"169,199,23"
414,"0,8,206"
415,"131,40"
416,"0,23,38"
417,"10,220"
418,"40,23,131"
419,"23,74,40"
420,"169,170,171"
421,"220,10"
422,"0,10,271"
423,"23,74,38"
424,"0,26,271"
425,"0,271,3"
426,"296,0,169"
427,"23,24,43"
428,"10,44,40"
429,"169,199,40"
430,"0,129,128"
431,"0,23,8"
432,"10,11,44"
433,"10,64,145"
434,"23,10,3"
435,"3,41,40"
436,"0,271,216"
437,"10,220"
438,"40,128"
439,"169,337,296"
440,"296,23,3"
441,"10,0,265"
442,"3,10,17"
443,"169,170,199"
444,"0,271"
445,"3,4,435"
446,"0,271,265"
447,"0,10,271"
448,"10,64"
449,"40,128,129"
450,"0,271"
451,"0,271"
452,"296,169"
453,"40,160,3"
454,"23,74,3"
455,"169,199,3"
456,"131,40,23"
457,"10,64,220"
458,"3,147,21"
459,"40,3,169"
460,"0,271,8"
461,"169,170,3"
462,"23,10,44"
463,"40,3,184"
464,"0,271,265"
465,"0,8,271"
466,"23,26,0"
467,"0,402,23"
468,"10,11,44"
469,"3,21,187"
470,"40,169,170"
471,"0,271"
472,"64,10,93"
473,"0,216,23"
474,"23,26,0"
475,"0,10,271"
476,"0,23,8"
477,"169,199,23"
478,"40,41,3"
479,"169,10,199"
480,"40,38,23"
481,"10,44,24"
482,"40,131"
483,"0,271,23"
484,"3,21"
485,"0,8,206"
486,"10,64"
487,"0,271,212"
488,"23,74"
489,"40,160,128"
490,"10,64"
491,"40,23,111"
492,"10,64,93"
493,"0,3,265"
494,"3,21,40"
495,"0,271"
496,"40,135,41"
497,"10,24,23"
498,"0,8,206"
499,"40,10,38"
500,"3,169,199"
501,"3,40,147"
502,"23,24,49"
503,"64,10"
504,"3,17"
505,"40,131"
506,"10,64,93"
507,"199,169,40"
508,"3,21"
509,"3,21,169"
510,"10,64,93"
511,"40,128,186"
512,"0,271"
513,"23,181,10"
514,"3,111,4"
515,"40,128,186"
516,"3,21,17"
517,"23,24,181"
518,"3,21,40"
519,"3,15"
520,"0,10,265"
521,"0,271,93"
522,"145,402,40"
523,"131,40"
524,"23,32,31"
525,"23,26,0"
526,"23,74,118"
527,"40,131"
528,"296,169,23"
529,"23,38"
530,"10,64,24"
531,"10,220"
532,"44,23,10"
533,"0,23,10"
534,"169,199,40"
535,"23,38,26"
536,"3,147,21"
537,"0,8,206"
538,"10,40,44"
539,"3,21,31"
540,"0,8,271"
541,"23,38"
542,"23,10,26"
543,"3,4"
544,"3,40"
545,"40,23,128"
546,"10,64"
547,"23,135,74"
548,"3,15,21"
549,"10,24,49"
550,"40,135"
551,"0,8,206"
552,"40,3,21"
553,"220,10"
554,"10,11,12"
555,"10,23,64"
556,"24,43,23"
557,"23,38,26"
558,"10,64,93"
559,"40,128,129"
560,"220,10"
561,"0,271,265"
562,"220,10"
563,"10,23,0"
564,"3,21"
565,"23,181,24"
566,"0,128,313"
567,"0,10,271"
568,"23,74,118"
569,"10,44,11"
570,"10,64"
571,"40,23,128"
572,"3,21,40"
573,"10,64,93"
574,"10,64"
575,"40,3,41"
576,"64,10,93"
577,"10,64,40"
578,"3,21,169"
579,"10,44,11"
580,"38,23,40"
581,"3,21,40"
582,"0,271"
583,"3,10,21"
584,"169,170"
585,"0,8,206"
586,"220,10"
587,"3,147,10"
588,"31,23,40"
589,"3,21"
590,"23,38,0"
591,"10,64"
592,"169,40,170"
593,"10,44"
594,"10,220"
595,"40,135"
596,"23,38,24"
597,"0,8,206"
598,"3,15,111"
599,"23,38,40"
600,"23,74,40"
601,"40,131,23"
602,"3,5,4"
603,"0,23,49"
604,"3,4"
605,"0,23,271"
606,"40,160,315"
607,"3,147,148"
608,"0,271"
609,"23,24,74"
610,"23,24,43"
611,"23,26,40"
612,"0,10,265"
613,"3,21"
614,"40,10,128"
615,"0,271,265"
616,"10,220,44"
617,"23,31,290"
618,"24,0,49"
619,"169,199,40"
620,"0,271,26"
621,"0,8,23"
622,"3,40,21"
623,"40,3,21"
624,"40,3"
625,"0,271,313"
626,"199,169"
627,"40,131,169"
628,"10,44,145"
629,"3,4"
630,"31,402,40"
631,"0,8,206"
632,"40,169,199"
633,"169,199,170"
634,"0,271"
635,"23,44,26"
636,"40,135,3"
637,"3,21,40"
638,"40,160,315"
639,"0,271"
640,"23,74"
641,"0,8,206"
642,"40,135"
643,"40,41,23"
644,"40,3,21"
645,"26,23,0"
646,"3,147,148"
647,"23,0,31"
648,"3,4"
649,"169,199,170"
650,"10,23,145"
651,"23,26,10"
652,"10,11,220"
653,"40,160,315"
654,"23,31,0"
655,"40,41,131"
656,"3,4,21"
657,"0,8,206"
658,"3,4,21"
659,"3,40,21"
660,"40,131"
661,"0,271,10"
662,"3,21,0"
663,"24,43,23"
664,"10,11,3"
665,"43,24,23"
666,"64,10,93"
667,"3,169,31"
668,"0,23,271"
669,"23,38,26"
670,"23,24,49"
671,"10,44"
672,"220,10,40"
673,"169,199,0"
674,"40,131"
675,"3,23,147"
676,"10,44,0"
677,"3,17,21"
678,"3,21,40"
679,"10,220"
680,"0,8,206"
681,"40,131"
682,"10,64,169"
683,"23,74"
684,"23,74,40"
685,"3,15,21"
686,"40,402,145"
687,"169,199,40"
688,"169,23,199"
689,"220,10"
690,"3,21"
691,"23,169,38"
692,"3,53,147"
693,"64,10,93"
694,"0,206,8"
695,"23,0,38"
696,"23,44,10"
697,"3,15"
698,"3,21,111"
699,"40,131,128"
700,"3,17"
701,"23,10,38"
702,"23,40,38"
703,"23,10,44"
704,"23,38,26"
705,"40,135"
706,"3,128,40"
707,"40,41,224"
708,"0,271,8"
709,"23,49,24"
710,"3,17,21"
711,"40,128,184"
712,"3,15"
713,"0,212,211"
714,"169,21,3"
715,"23,49,24"
716,"3,147,40"
717,"3,4"
718,"3,21,41"
719,"23,0,131"
720,"3,4,147"
721,"10,11,12"
722,"3,21"
723,"3,21,147"
724,"3,5,21"
725,"24,43,23"
726,"169,3,21"
727,"0,8,206"
728,"169,199,10"
729,"40,41,224"
730,"169,199"
731,"169,8,40"
732,"3,17,21"
733,"10,44,23"
734,"199,169,10"
735,"0,169,199"
736,"10,93,64"
737,"199,169,3"
738,"10,11,12"
739,"23,0,26"
740,"23,26,0"
741,"0,271"
742,"3,4,5"
743,"0,40,10"
744,"145,402,0"
745,"3,4"
746,"3,23,10"
747,"23,31,169"
748,"3,199,21"
749,"10,44,24"
750,"3,21,40"
751,"43,24,23"
752,"3,111,21"
753,"169,3,170"
754,"169,170,0"
755,"23,24,43"
756,"10,44"
757,"40,23,135"
758,"3,15,21"
759,"169,170,171"
760,"169,170,296"
761,"23,3,10"
762,"10,64"
763,"3,21,41"
764,"3,21,41"
765,"0,8"
766,"0,265"
767,"169,199"
768,"0,271,265"
769,"169,199,23"
770,"3,111"
771,"10,64"
772,"3,15"
773,"3,21"
774,"169,199"
775,"3,21"
776,"3,21,169"
777,"23,40,128"
778,"3,4"
779,"10,64,145"
780,"64,10,93"
781,"64,10,40"
782,"0,271"
783,"3,23,74"
784,"3,21"
785,"40,23,38"
786,"169,0,199"
787,"23,74"
788,"0,8,206"
789,"26,0,23"
790,"3,21,40"
791,"220,10"
792,"10,44"
793,"23,38"
794,"169,199"
795,"40,131"
796,"3,5,21"
797,"3,15,21"
798,"40,131"
799,"40,111,41"
800,"40,169,160"
801,"0,8,40"
802,"0,23,38"
803,"3,40,21"
804,"3,21,53"
805,"169,199"
806,"40,0,23"
807,"10,23,44"
808,"3,21,199"
809,"169,170,21"
810,"10,23,64"
811,"24,43,23"
812,"10,44"
813,"0,271"
814,"3,21,41"
815,"40,23,41"
816,"3,21,40"
817,"3,0,265"
818,"3,17,4"
819,"3,21"
820,"0,271"
821,"40,31,3"
822,"169,10,199"
823,"24,23,43"
824,"3,21,111"
825,"40,44,10"
826,"0,8"
827,"10,11,220"
828,"169,8,170"
829,"23,131,40"
830,"10,64"
831,"0,271"
832,"10,23,44"
833,"199,169,131"
834,"3,111,40"
835,"23,40,74"
836,"169,199,508"
837,"40,184,23"
838,"3,4"
839,"3,5,21"
840,"40,402,145"
841,"3,4,41"
842,"3,5,21"
843,"23,26,89"
844,"23,169,10"
845,"40,23,93"
846,"169,199"
847,"40,128"
848,"0,271,265"
849,"23,31,169"
850,"169,3,199"
851,"44,10,23"
852,"32,31,23"
853,"23,10,71"
854,"169,170"
855,"40,145,146"
856,"23,49,24"
857,"64,10,93"
858,"3,4"
859,"169,170,135"
860,"23,0,8"
861,"24,23,43"
862,"10,23,3"
863,"0,271"
864,"3,21,5"
865,"40,128,186"
866,"3,21"
867,"170,169,171"
868,"3,21"
869,"23,24"
870,"40,21,0"
871,"3,23,38"
872,"3,23,31"
873,"169,199"
874,"0,271"
875,"10,44,23"
876,"3,21,5"
877,"131,40"
878,"169,170,171"
879,"23,0,38"
880,"3,4,21"
881,"0,206,8"
882,"10,44,145"
883,"40,3"
884,"10,44,64"
885,"40,41,3"
886,"169,199"
887,"23,10,3"
888,"3,21"
889,"199,169"
890,"10,44,23"
891,"3,111,21"
892,"23,38,24"
893,"10,44,24"
894,"44,10,23"
895,"3,0,21"
896,"40,131"
897,"3,21"
898,"40,41,3"
899,"169,0"
900,"0,271,169"
901,"3,21,41"
902,"10,23,24"
903,"40,131"
904,"64,10,93"
905,"23,38,10"
906,"0,8,265"
907,"0,8"
908,"3,10"
909,"40,23,250"
910,"10,220"
911,"10,11,44"
912,"131,3,64"
913,"10,44"
914,"10,64"
915,"10,220"
916,"3,4,435"
917,"0,271,8"
918,"3,4"
919,"3,23,10"
920,"3,147,156"
921,"10,145,40"
922,"3,23,21"
923,"64,10,93"
924,"40,145,146"
925,"23,38,10"
926,"10,3,23"
927,"40,128"
928,"3,21,40"
929,"3,21,147"
930,"23,26,0"
931,"0,10,3"
932,"23,38,40"
933,"23,40,38"
934,"64,40,10"
935,"169,508,31"
936,"3,21,40"
937,"3,15,21"
938,"3,111,21"
939,"296,169"
940,"3,4"
941,"23,26"
942,"3,53,15"
943,"169,199,135"
944,"3,4"
945,"169,199,40"
946,"0,8,206"
947,"3,21"
948,"23,74,118"
949,"40,131"
950,"0,271"
951,"10,49,239"
952,"169,170,0"
953,"23,40,131"
954,"49,24,23"
955,"10,11,0"
956,"10,145,402"
957,"23,24,49"
958,"10,60,3"
959,"23,181,31"
960,"169,199"
961,"3,169,21"
962,"10,23,0"
963,"40,41,21"
964,"10,24,43"
965,"40,128"
966,"10,64"
967,"169,0,271"
968,"3,15,23"
969,"23,74"
970,"40,135"
971,"40,160,315"
972,"23,74,24"
973,"0,10"
974,"10,220"
975,"0,271,199"
976,"0,8,206"
977,"40,135,41"
978,"3,21"
979,"40,23,160"
980,"49,24,23"
981,"0,8"
982,"3,17,21"
983,"3,21"
984,"40,131"
985,"40,160,315"
986,"23,10,74"
987,"131,40"
988,"10,64"
989,"3,40,21"
990,"3,21,187"
991,"24,10,43"
992,"169,23,199"
993,"3,21,40"
994,"10,24,43"
995,"3,21,40"
996,"169,199"
997,"40,131"
998,"40,160,74"
999,"23,74"
1000,"0,265,271"
1001,"3,4,435"
1002,"0,271,8"
1003,"131,40,23"
1004,"3,0,128"
1005,"169,199,21"
1006,"3,21"
1007,"10,23,44"
1008,"169,296,170"
1009,"10,11,3"
1010,"23,40,24"
1011,"3,21,40"
1012,"3,21"
1013,"10,64"
1014,"3,21"
1015,"0,265,23"
1016,"10,23,44"
1017,"23,38,10"
1018,"3,21,40"
1019,"3,4,435"
1020,"0,271,265"
1021,"10,220"
1022,"0,8,271"
1023,"23,26,89"
1024,"3,4"
1025,"40,135,250"
1026,"0,271,10"
1027,"23,26,169"
1028,"3,21"
1029,"23,24,43"
1030,"10,40,23"
1031,"181,43,24"
1032,"40,128,186"
1033,"3,21"
1034,"3,21,199"
1035,"40,3,23"
1036,"3,15"
1037,"3,21,111"
1038,"3,40,21"
1039,"24,43,23"
1040,"10,31,23"
1041,"10,44"
1042,"0,265,271"
1043,"0,271,199"
1044,"10,64"
1045,"23,24,74"
1046,"3,21,40"
1047,"169,508,199"
1048,"220,10"
1049,"0,40"
1050,"64,10,93"
1051,"3,40,21"
1052,"220,10"
1053,"64,10"
1054,"40,131"
1055,"40,145,146"
1056,"10,220"
1057,"3,15,23"
1058,"3,21,147"
1059,"3,40,74"
1060,"24,23,43"
1061,"3,21"
1062,"40,3"
1063,"0,271,212"
1064,"3,0,21"
1065,"40,135,184"
1066,"44,10,23"
1067,"169,0"
1068,"3,64,41"
1069,"3,40,111"
1070,"3,21,5"
1071,"0,265,49"
1072,"10,64,24"
1073,"0,8,206"
1074,"3,21,111"
1075,"3,21"
1076,"23,26,44"
1077,"3,4,147"
1078,"40,135,160"
1079,"40,41,224"
1080,"3,5,21"
1081,"3,21"
1082,"23,26,89"
1083,"40,23,38"
1084,"3,40"
1085,"10,64,145"
1086,"3,0"
1087,"10,64,239"
1088,"3,21,187"
1089,"40,128,145"
1090,"3,4"
1091,"40,3,21"
1092,"23,74"
1093,"40,3,296"
1094,"169,199"
1095,"0,169,199"
1096,"3,21,41"
1097,"3,40,21"
1098,"40,41"
1099,"40,145,146"
1100,"0,271"
1101,"0,271"
1102,"3,10,53"
1103,"10,24,43"
1104,"3,199,21"
1105,"3,23"
1106,"23,38,8"
1107,"170,169,171"
1108,"169,199"
1109,"169,199"
1110,"10,64,239"
1111,"0,8,206"
1112,"24,49,23"
1113,"3,4,435"
1114,"169,170,171"
1115,"40,160,315"
1116,"10,60,239"
1117,"0,8,271"
1118,"0,40,128"
1119,"40,145,146"
1120,"64,10,93"
1121,"3,21,40"
1122,"169,0,199"
1123,"40,131"
1124,"3,21"
1125,"169,199"
1126,"3,21"
1127,"10,64"
1128,"23,26,24"
1129,"0,271,3"
1130,"0,10,8"
1131,"10,129,3"
1132,"0,271,265"
1133,"10,64"
1134,"10,11,205"
1135,"0,212,211"
1136,"3,21"
1137,"169,296,199"
1138,"220,10"
1139,"169,0,199"
1140,"169,0"
1141,"3,21,301"
1142,"220,10"
1143,"169,199"
1144,"10,11,44"
1145,"23,10"
1146,"3,21"
1147,"23,44,10"
1148,"23,26,44"
1149,"3,21"
1150,"3,21,23"
1151,"3,40,21"
1152,"10,44,23"
1153,"40,220,10"
1154,"145,402,40"
1155,"10,64,23"
1156,"10,44"
1157,"0,271"
1158,"23,0,169"
1159,"3,111,53"
1160,"169,170,171"
1161,"3,21,187"
1162,"23,26,231"
1163,"23,74,0"
1164,"0,265,271"
1165,"23,74,38"
1166,"3,21,169"
1167,"3,40,147"
1168,"0,271,265"
1169,"23,10,44"
1170,"0,271,40"
1171,"23,24,40"
1172,"3,4"
1173,"23,0,271"
1174,"0,23,265"
1175,"23,3,10"
1176,"24,43,23"
1177,"0,271"
1178,"10,64"
1179,"40,23,160"
1180,"169,170,171"
1181,"169,199,0"
1182,"0,265,271"
1183,"23,38,0"
1184,"23,26,0"
1185,"32,23,31"
1186,"10,220"
1187,"3,40,21"
1188,"23,0,31"
1189,"169,170,171"
1190,"23,31,32"
1191,"40,135"
1192,"24,23,181"
1193,"40,41,21"
1194,"0,265,271"
1195,"169,199"
1196,"3,4"
1197,"40,128,160"
1198,"0,23,129"
1199,"23,10,3"
1200,"10,11,44"
1201,"23,32,31"
1202,"3,21,40"
1203,"23,38,74"
1204,"10,64,0"
1205,"10,44,23"
1206,"0,8,235"
1207,"0,265,271"
1208,"220,10"
1209,"23,24,43"
1210,"169,23,24"
1211,"169,10,199"
1212,"10,64"
1213,"169,199"
1214,"23,26"
1215,"220,10"
1216,"23,10,40"
1217,"3,53,111"
1218,"3,40"
1219,"10,64"
1220,"199,169"
1221,"220,10"
1222,"3,21"
1223,"3,21"
1224,"40,131"
1225,"10,11"
1226,"40,23,38"
1227,"40,160,128"
1228,"40,131"
1229,"64,10,199"
1230,"40,23"
1231,"23,169,74"
1232,"0,8,271"
1233,"23,38,0"
1234,"10,64,169"
1235,"23,40"
1236,"10,220"
1237,"0,23,38"
1238,"40,402,145"
1239,"3,10,40"
1240,"0,271,265"
1241,"3,21"
1242,"10,44,23"
1243,"40,186,160"
1244,"10,11"
1245,"0,271,265"
1246,"40,199,169"
1247,"40,23,74"
1248,"10,64"
1249,"169,199,0"
1250,"0,265,10"
1251,"10,64"
1252,"3,21"
1253,"23,40,131"
1254,"40,41,224"
1255,"10,44,23"
1256,"3,4"
1257,"0,271,265"
1258,"169,199,10"
1259,"0,265,271"
1260,"3,21"
1261,"3,10,23"
1262,"64,10,93"
1263,"0,3,8"
1264,"145,24,23"
1265,"40,3,0"
1266,"3,17"
1267,"0,206,8"
1268,"23,26,231"
1269,"3,40,21"
1270,"3,40,21"
1271,"10,44,23"
1272,"3,21"
1273,"40,131"
1274,"169,40,170"
1275,"23,44,38"
1276,"169,3,199"
1277,"3,21,4"
1278,"40,135"
1279,"15,3"
1280,"10,3"
1281,"3,21,187"
1282,"10,145,64"
1283,"3,53,147"
1284,"3,169,21"
1285,"3,21"
1286,"0,271"
1287,"23,26,38"
1288,"40,128"
1289,"0,10,3"
1290,"10,220"
1291,"64,10,169"
1292,"32,31,23"
1293,"26,23,231"
1294,"3,4,23"
1295,"3,21"
1296,"3,5"
1297,"3,21"
1298,"3,21,147"
1299,"10,64,93"
1300,"23,26,38"
1301,"23,38,26"
1302,"3,21"
1303,"3,93,10"
1304,"3,4"
1305,"3,21"
1306,"3,23,111"
1307,"199,169"
1308,"169,40,337"
1309,"3,4"
1310,"3,21,10"
1311,"23,74,10"
1312,"0,3"
1313,"10,44"
1314,"23,38,0"
1315,"3,169,199"
1316,"3,23,10"
1317,"3,265,0"
1318,"0,169,199"
1319,"3,21,111"
1320,"64,10,93"
1321,"10,220"
1322,"3,147,4"
1323,"23,74"
1324,"23,26,64"
1325,"3,21,169"
1326,"23,26,40"
1327,"10,220"
1328,"3,21,147"
1329,"3,21"
1330,"64,10"
1331,"3,4,21"
1332,"3,21,169"
1333,"169,40,199"
1334,"0,271,8"
1335,"3,21,5"
1336,"3,10"
1337,"10,220"
1338,"40,3,21"
1339,"3,147,156"
1340,"3,21,169"
1341,"40,145,146"
1342,"169,170,0"
1343,"169,199,40"
1344,"220,40,10"
1345,"40,128,129"
1346,"169,199,26"
1347,"3,147,148"
1348,"40,135,138"
1349,"169,10,199"
1350,"23,24,49"
1351,"0,271"
1352,"3,23,31"
1353,"0,8,271"
1354,"3,0,53"
1355,"0,23,271"
1356,"3,147"
1357,"3,21"
1358,"74,23,10"
1359,"10,11"
1360,"3,23,271"
1361,"40,296,128"
1362,"3,21"
1363,"169,199"
1364,"3,21,169"
1365,"169,199,49"
1366,"23,0,38"
1367,"3,21,147"
1368,"3,21,4"
1369,"23,74"
1370,"0,271"
1371,"40,41,128"
1372,"10,44"
1373,"10,44"
1374,"10,44"
1375,"44,10"
1376,"3,40,21"
1377,"169,10,170"
1378,"3,10,64"
1379,"23,40,38"
1380,"44,10,23"
1381,"0,8,206"
1382,"3,21,147"
1383,"3,21"
1384,"3,21"
1385,"40,160,315"
1386,"169,23,181"
1387,"26,89,23"
1388,"10,11"
1389,"3,21"
1390,"17,3"
1391,"0,10,64"
1392,"3,21,169"
1393,"40,41,128"
1394,"3,21"
1395,"40,135,138"
1396,"10,44"
1397,"0,271,265"
1398,"23,38"
1399,"169,199"
1400,"40,23,186"
1401,"169,170,40"
1402,"3,4"
1403,"3,21"
1404,"10,44"
1405,"199,169,40"
1406,"3,17,21"
1407,"3,111,21"
1408,"3,4,21"
1409,"10,24,23"
1410,"239,60,23"
1411,"0,23,26"
1412,"3,40,169"
1413,"10,40,145"
1414,"10,220"
1415,"3,21,17"
1416,"3,15,10"
1417,"3,21,40"
1418,"3,21,5"
1419,"0,8,10"
1420,"40,41,3"
1421,"23,24,38"
1422,"40,160,315"
1423,"23,38,26"
1424,"23,74,40"
1425,"3,21,41"
1426,"3,21,199"
1427,"23,38,26"
1428,"10,44,23"
1429,"3,169,21"
1430,"10,44"
1431,"3,40,21"
1432,"23,38,24"
1433,"10,64,93"
1434,"10,64"
1435,"10,64"
1436,"169,23,40"
1437,"199,169,23"
1438,"23,24,49"
1439,"40,23,24"
1440,"3,21,40"
1441,"3,21"
1442,"0,271,265"
1443,"10,64"
1444,"10,11,44"
1445,"23,10,74"
1446,"23,74,26"
1447,"24,23,49"
1448,"40,10,145"
1449,"3,21"
1450,"0,271,8"
1451,"3,111,40"
1452,"10,40,11"
1453,"3,21"
1454,"10,64"
1455,"40,160"
1456,"3,4"
1457,"40,41,224"
1458,"3,169,199"
1459,"199,169"
1460,"24,23,43"
1461,"40,3,41"
1462,"10,11,44"
1463,"10,44,23"
1464,"23,10,24"
1465,"40,128,129"
1466,"0,271,23"
1467,"199,169,10"
1468,"0,8,206"
1469,"23,74,118"
1470,"169,3,199"
1471,"10,64,23"
1472,"0,271,265"
1473,"3,5,4"
1474,"3,4,435"
1475,"10,64"
1476,"10,23,220"
1477,"3,4,435"
1478,"0,271"
1479,"40,128,186"
1480,"23,74"
1481,"10,44"
1482,"3,4,21"
1483,"0,265,271"
1484,"23,24,49"
1485,"3,21,15"
1486,"3,21,5"
1487,"23,74,24"
1488,"3,21,187"
1489,"131,40"
1490,"3,169,53"
1491,"10,64,24"
1492,"23,24,43"
1493,"0,271"
1494,"3,23,31"
1495,"40,23,131"
1496,"23,128,40"
1497,"40,131,128"
1498,"23,10,40"
1499,"40,131"
1500,"23,10,169"
1501,"3,301,21"
1502,"169,40,199"
1503,"220,10"
1504,"23,38,40"
1505,"3,21,147"
1506,"169,0"
1507,"23,0,26"
1508,"3,21"
1509,"0,271,8"
1510,"3,40,21"
1511,"169,170,199"
1512,"40,135"
1513,"0,8,206"
1514,"199,169,40"
1515,"3,21,4"
1516,"3,169"
1517,"0,21,3"
1518,"23,169,145"
1519,"3,40,21"
1520,"23,74,24"
1521,"23,24,43"
1522,"3,21"
1523,"23,24,49"
1524,"64,10,24"
1525,"10,11,44"
1526,"23,24,49"
1527,"10,64"
1528,"0,212,211"
1529,"38,23,10"
1530,"169,199,32"
1531,"10,220"
1532,"10,64,44"
1533,"10,24,23"
1534,"10,44,23"
1535,"10,220"
1536,"0,169"
1537,"169,170,199"
1538,"0,271,3"
1539,"3,15,4"
1540,"23,26,38"
1541,"3,21,169"
1542,"3,21"
1543,"40,135"
1544,"10,64,23"
1545,"40,128,129"
1546,"3,40,10"
1547,"10,23,3"
1548,"10,44"
1549,"10,64"
1550,"0,271"
1551,"3,4,435"
1552,"23,74"
1553,"3,4"
1554,"3,4,147"
1555,"3,40,15"
1556,"0,199,169"
1557,"3,40,147"
1558,"10,220"
1559,"10,64,40"
1560,"169,296"
1561,"10,64"
1562,"3,21,147"
1563,"23,38,131"
1564,"3,21,131"
1565,"169,40,135"
1566,"10,44,23"
1567,"0,8,26"
1568,"23,74,38"
1569,"0,8,206"
1570,"10,64"
1571,"10,44,23"
1572,"3,17,21"
1573,"169,296"
1574,"10,64,0"
1575,"10,220"
1576,"23,38"
1577,"3,147"
1578,"40,128,129"
1579,"169,0,199"
1580,"3,21"
1581,"3,21,10"
1582,"181,10,23"
1583,"169,170,199"
1584,"3,21"
1585,"40,23,135"
1586,"169,199,10"
1587,"3,21"
1588,"10,220,23"
1589,"23,74"
1590,"40,128,186"
1591,"44,10"
1592,"169,199"
1593,"169,170,171"
1594,"23,24,43"
1595,"169,170,171"
1596,"40,0,128"
1597,"3,147,148"
1598,"3,5,301"
1599,"10,44,23"
1600,"169,199,0"
1601,"40,128,186"
1602,"10,64,44"
1603,"10,11"
1604,"0,271,131"
1605,"3,21,4"
1606,"40,41,128"
1607,"296,169,23"
1608,"40,169"
1609,"3,21,15"
1610,"23,49,24"
1611,"40,128,186"
1612,"23,40,38"
1613,"3,21"
1614,"169,3,199"
1615,"3,21,4"
1616,"0,271"
1617,"23,38,169"
1618,"3,21,41"
1619,"220,10"
1620,"3,169,21"
1621,"199,169"
1622,"40,199,169"
1623,"169,296"
1624,"0,271"
1625,"23,26,38"
1626,"0,10,265"
1627,"23,74"
1628,"40,131,250"
1629,"40,131"
1630,"10,43,145"
1631,"40,44,10"
1632,"0,8,23"
1633,"3,21,147"
1634,"10,44,23"
1635,"0,10"
1636,"23,10"
1637,"0,271,265"
1638,"3,4,21"
1639,"40,131,23"
1640,"3,199,169"
1641,"3,21,41"
1642,"3,0,21"
1643,"10,11,0"
1644,"23,10,181"
1645,"0,271"
1646,"23,24,10"
1647,"40,3,11"
1648,"23,169,31"
1649,"23,74,10"
1650,"64,10,93"
1651,"0,265,271"
1652,"3,5,21"
1653,"0,271,40"
1654,"3,21,40"
1655,"3,147,156"
1656,"23,49,24"
1657,"169,170"
1658,"3,21,147"
1659,"10,44,0"
1660,"31,169,40"
1661,"3,5,21"
1662,"40,128"
1663,"40,131"
1664,"3,4"
1665,"44,10"
1666,"3,40"
1667,"10,44,72"
1668,"3,23,169"
1669,"40,131"
1670,"0,265,10"
1671,"10,44"
1672,"169,3,199"
1673,"40,3,184"
1674,"128,3,40"
1675,"10,64,24"
1676,"0,271"
1677,"10,169,64"
1678,"0,128"
1679,"3,111,23"
1680,"23,24,43"
1681,"0,271"
1682,"0,8,206"
1683,"3,21"
1684,"3,21"
1685,"0,265,199"
1686,"3,21"
1687,"40,128,17"
1688,"3,21"
1689,"40,131"
1690,"3,40,0"
1691,"3,21,187"
1692,"169,199"
1693,"3,4"
1694,"0,271,265"
1695,"40,23,74"
1696,"10,220,64"
1697,"40,128,129"
1698,"3,21,147"
1699,"40,3"
1700,"10,11,12"
1701,"3,10,23"
1702,"3,21"
1703,"0,271,265"
1704,"10,11"
1705,"3,21,147"
1706,"3,147"
1707,"0,271"
1708,"23,135,40"
1709,"40,160,128"
1710,"23,10,72"
1711,"0,271,8"
1712,"23,10,44"
1713,"0,169,10"
1714,"3,23,15"
1715,"169,170,171"
1716,"3,15"
1717,"0,271,40"
1718,"169,296"
1719,"23,38,10"
1720,"40,131"
1721,"23,10,64"
1722,"10,11,44"
1723,"10,44"
1724,"40,128"
1725,"10,220"
1726,"23,26,0"
1727,"23,74"
1728,"10,40,11"
1729,"0,10"
1730,"3,21"
1731,"169,199"
1732,"169,170,3"
1733,"64,10,93"
1734,"3,21"
1735,"0,271"
1736,"10,44,23"
1737,"3,21,17"
1738,"23,24,10"
1739,"40,3"
1740,"3,21"
1741,"3,21"
1742,"0,271,8"
1743,"0,169,199"
1744,"3,23,38"
1745,"3,21,40"
1746,"3,169,199"
1747,"3,4,21"
1748,"26,40,89"
1749,"10,64"
1750,"64,10,40"
1751,"10,31,290"
1752,"0,23,26"
1753,"0,271"
1754,"23,24,181"
1755,"169,199,40"
1756,"40,135,250"
1757,"23,0,38"
1758,"0,128,313"
1759,"23,74,26"
1760,"23,38"
1761,"3,21,53"
1762,"10,44"
1763,"169,170,199"
1764,"10,220"
1765,"40,3,41"
1766,"40,135"
1767,"0,8,23"
1768,"3,21,147"
1769,"3,199,21"
1770,"3,21"
1771,"0,8"
1772,"3,21"
1773,"40,21,3"
1774,"10,11,12"
1775,"40,169,199"
1776,"10,64"
1777,"3,21,5"
1778,"3,40"
1779,"3,21"
1780,"169,199"
1781,"169,0,199"
1782,"0,271,26"
1783,"23,74,10"
1784,"40,128,129"
1785,"169,170,171"
1786,"23,0,38"
1787,"10,145,24"
1788,"40,41,160"
1789,"3,169,199"
1790,"40,3,10"
1791,"10,220"
1792,"23,74,10"
1793,"10,64,23"
1794,"40,135,131"
1795,"0,199,271"
1796,"23,10,44"
1797,"10,220"
1798,"23,38,40"
1799,"3,21"
1800,"31,169,145"
1801,"0,169,199"
1802,"3,21,169"
1803,"10,0,265"
1804,"23,74,24"
1805,"0,8,235"
1806,"199,3,21"
1807,"49,24,23"
1808,"3,40"
1809,"23,31,32"
1810,"23,169,296"
1811,"3,23,21"
1812,"3,5,21"
1813,"10,220"
1814,"3,10"
1815,"23,10,25"
1816,"40,41,3"
1817,"3,21,40"
1818,"181,23,24"
1819,"3,10,23"
1820,"10,44,11"
1821,"23,74,118"
1822,"3,21"
1823,"23,26"
1824,"3,40,21"
1825,"23,10,44"
1826,"10,40,44"
1827,"10,64"
1828,"3,21,40"
1829,"169,170,171"
1830,"169,170,508"
1831,"0,271,169"
1832,"0,271,265"
1833,"3,21"
1834,"169,0,170"
1835,"0,128,313"
1836,"10,23,31"
1837,"10,44,220"
1838,"3,53,111"
1839,"3,0,23"
1840,"40,128,8"
1841,"3,21,10"
1842,"3,21"
1843,"3,21,0"
1844,"0,271,8"
1845,"10,44,24"
1846,"40,160,315"
1847,"23,74,0"
1848,"0,271,26"
1849,"3,15,74"
1850,"3,15"
1851,"10,44,23"
1852,"3,111,40"
1853,"3,40,131"
1854,"10,64,93"
1855,"296,8,169"
1856,"0,206,8"
1857,"40,128"
1858,"40,3,41"
1859,"0,265,271"
1860,"40,23,74"
1861,"40,135,23"
1862,"0,26,271"
1863,"64,10,93"
1864,"32,31,40"
1865,"40,131"
1866,"0,8,10"
1867,"169,508,426"
1868,"23,74"
1869,"0,8,206"
1870,"40,160,315"
1871,"0,271"
1872,"169,32,199"
1873,"0,265,271"
1874,"44,23,0"
1875,"40,131"
1876,"40,128,129"
1877,"43,24,23"
1878,"3,21"
1879,"0,271,26"
1880,"0,10,220"
1881,"169,199,10"
1882,"10,3,64"
1883,"23,74,118"
1884,"3,199,169"
1885,"3,4"
1886,"3,21,10"
1887,"64,181,10"
1888,"10,64,93"
1889,"3,147,21"
1890,"23,74,118"
1891,"3,15"
1892,"0,271"
1893,"10,220,40"
1894,"23,38,309"
1895,"0,8,206"
1896,"23,25,24"
1897,"10,64,26"
1898,"3,4"
1899,"0,8,271"
1900,"40,135,23"
1901,"3,17"
1902,"3,169,21"
1903,"3,21,40"
1904,"3,17"
1905,"3,169,53"
1906,"0,8,271"
1907,"3,0,111"
1908,"3,31,32"
1909,"3,4"
1910,"10,220,8"
1911,"10,220"
1912,"0,23,40"
1913,"3,21,5"
1914,"169,199"
1915,"0,271"
1916,"3,147,21"
1917,"0,271"
1918,"0,271,8"
1919,"169,199"
1920,"23,74"
1921,"10,64"
1922,"23,74,118"
1923,"3,4"
1924,"40,3,41"
1925,"3,4"
1926,"3,4,21"
1927,"0,23,26"
1928,"169,170,40"
1929,"3,21,5"
1930,"23,10,44"
1931,"23,10,38"
1932,"0,271"
1933,"3,4,21"
1934,"10,220"
1935,"74,23,118"
1936,"169,0,199"
1937,"3,40,41"
1938,"3,21,301"
1939,"169,508,426"
1940,"43,24,10"
1941,"0,220,10"
1942,"0,271"
1943,"23,10,38"
1944,"23,0,31"
1945,"40,128,23"
1946,"23,40,74"
1947,"74,23"
1948,"220,10"
1949,"10,11"
1950,"23,74"
1951,"10,23,169"
1952,"169,199,40"
1953,"3,0,4"
1954,"10,220"
1955,"3,40,21"
1956,"10,64"
1957,"3,21"
1958,"3,21,147"
1959,"0,271"
1960,"169,0,40"
1961,"3,4,21"
1962,"10,220"
1963,"64,10,93"
1964,"169,0,296"
1965,"23,49,24"
1966,"10,11,12"
1967,"23,74,38"
1968,"10,64,93"
1969,"0,271"
1970,"23,38,10"
1971,"10,220"
1972,"220,10"
1973,"23,3,10"
1974,"10,220"
1975,"0,271,265"
1976,"0,271"
1977,"3,21,23"
1978,"0,271"
1979,"0,8,206"
1980,"23,24,10"
1981,"3,4,21"
1982,"10,64"
1983,"3,21,53"
1984,"0,8,235"
1985,"43,24,23"
1986,"0,271"
1987,"0,271,26"
1988,"40,131"
1989,"220,10"
1990,"3,21"
1991,"10,64,43"
1992,"3,40,21"
1993,"3,10,15"
1994,"3,21,40"
1995,"23,74"
1996,"169,508,426"
1997,"169,199"
1998,"169,199,40"
1999,"10,64,23"
2000,"0,8"
2001,"23,40,24"
2002,"3,21,41"
2003,"23,10,44"
2004,"3,21,187"
2005,"169,199,0"
2006,"23,40,74"
2007,"0,169,271"
2008,"10,64"
2009,"10,3,23"
2010,"199,169"
2011,"0,169,271"
2012,"10,64"
2013,"0,271"
2014,"0,271,265"
2015,"0,8,206"
2016,"169,199,64"
2017,"40,128,135"
2018,"23,3,74"
2019,"10,220"
2020,"169,170,171"
2021,"3,21,40"
2022,"3,21"
2023,"3,169,53"
2024,"40,3,21"
2025,"169,199"
2026,"3,21,301"
2027,"26,23,89"
2028,"0,271"
2029,"10,11,44"
2030,"40,131"
2031,"23,38,44"
2032,"0,169,199"
2033,"24,23,43"
2034,"40,41,21"
2035,"169,0,199"
2036,"23,38,10"
2037,"3,5"
2038,"3,21"
2039,"10,220"
2040,"169,21,3"
2041,"3,21"
2042,"169,199,40"
2043,"0,265,10"
2044,"0,271,8"
2045,"3,40,0"
2046,"10,44"
2047,"169,3,111"
2048,"10,11"
2049,"111,3,123"
2050,"10,44"
2051,"3,21,169"
2052,"3,169,199"
2053,"40,145,146"
2054,"32,23,31"
2055,"64,10,93"
2056,"169,170,171"
2057,"0,271"
2058,"40,146,145"
2059,"40,41,23"
2060,"23,31,32"
2061,"3,21"
2062,"3,21,17"
2063,"10,44"
2064,"23,181,145"
2065,"169,0,296"
2066,"10,169,0"
2067,"10,64"
2068,"3,4,435"
2069,"23,49,24"
2070,"10,64"
2071,"3,17,40"
2072,"3,169,21"
2073,"23,24,71"
2074,"3,21,41"
2075,"23,74,118"
2076,"40,169,10"
2077,"3,147,148"
2078,"169,10,199"
2079,"199,169"
2080,"0,271,3"
2081,"40,160,3"
2082,"23,26,0"
2083,"0,271,169"
2084,"169,170,199"
2085,"169,199"
2086,"199,169"
2087,"40,41,21"
2088,"3,10,17"
2089,"0,271,265"
2090,"23,0,26"
2091,"0,271,3"
2092,"3,21,4"
2093,"0,271,169"
2094,"32,31,23"
2095,"0,8,235"
2096,"0,271"
2097,"40,3,131"
2098,"10,64,21"
2099,"10,145,23"
2100,"23,8,0"
2101,"3,169,21"
2102,"3,111"
2103,"40,169,199"
2104,"64,10"
2105,"40,128,129"
2106,"10,44,23"
2107,"169,170,171"
2108,"3,21,147"
2109,"10,220"
2110,"169,199"
2111,"3,40,21"
2112,"0,271"
2113,"64,10,93"
2114,"40,23,128"
2115,"0,271"
2116,"3,147,156"
2117,"0,23,271"
2118,"10,44"
2119,"0,10,23"
2120,"10,44"
2121,"0,23,26"
2122,"40,131"
2123,"40,23,10"
2124,"64,40,10"
2125,"23,49,24"
2126,"10,11,12"
2127,"3,147,156"
2128,"0,271,8"
2129,"3,169,199"
2130,"10,11"
2131,"23,74,40"
2132,"64,10,93"
2133,"23,3"
2134,"64,10,93"
2135,"3,40,169"
2136,"0,271"
2137,"10,145,402"
2138,"40,3,21"
2139,"3,4,435"
2140,"3,21"
2141,"40,131"
2142,"23,0,38"
2143,"3,4"
2144,"23,24,49"
2145,"10,23,181"
2146,"169,0,10"
2147,"0,271"
2148,"10,220"
2149,"23,24,49"
2150,"23,38,0"
2151,"10,64,93"
2152,"3,21,147"
2153,"40,131,23"
2154,"0,8"
2155,"3,21,301"
2156,"23,24,10"
2157,"181,40,64"
2158,"40,3,4"
2159,"40,44,145"
2160,"23,38,0"
2161,"0,3,169"
2162,"10,220"
2163,"3,111,23"
2164,"23,74"
2165,"169,170,171"
2166,"220,10"
2167,"23,40,74"
2168,"40,131"
2169,"169,199,10"
2170,"0,26,8"
2171,"40,160,315"
2172,"3,21"
2173,"40,184,128"
2174,"3,206,8"
2175,"0,23,26"
2176,"23,38"
2177,"23,26,3"
2178,"23,44,169"
2179,"3,17"
2180,"23,24,43"
2181,"40,131,23"
2182,"10,0,23"
2183,"0,271,8"
2184,"0,8,10"
2185,"3,147,156"
2186,"3,21,147"
2187,"40,160,315"
2188,"23,24,43"
2189,"3,21,15"
2190,"3,21,169"
2191,"40,145,402"
2192,"10,44,11"
2193,"3,17"
2194,"3,21,199"
2195,"0,199,169"
2196,"0,3,271"
2197,"40,131"
2198,"220,10,3"
2199,"199,169"
2200,"40,3"
2201,"0,271"
2202,"10,64"
2203,"169,170,171"
2204,"23,49,24"
2205,"23,169,32"
2206,"3,21"
2207,"0,271"
2208,"0,40,128"
2209,"169,3,199"
2210,"23,74,118"
2211,"0,169"
2212,"3,147,156"
2213,"3,4,21"
2214,"23,40,38"
2215,"0,40,271"
2216,"3,21"
2217,"40,131"
2218,"10,220"
2219,"220,0,3"
2220,"220,10"
2221,"40,131"
2222,"31,23,60"
2223,"10,44,0"
2224,"10,44,23"
2225,"3,4"
2226,"3,21"
2227,"10,220"
2228,"0,8,206"
2229,"0,199,169"
2230,"93,23,10"
2231,"10,220"
2232,"23,40,24"
2233,"10,44"
2234,"10,11"
2235,"40,145,402"
2236,"10,220"
2237,"0,8"
2238,"220,10"
2239,"0,265,271"
2240,"3,4,5"
2241,"49,24,3"
2242,"3,4,435"
2243,"3,160,40"
2244,"64,10"
2245,"40,145,402"
2246,"40,41,21"
2247,"220,10"
2248,"23,43,24"
2249,"23,10,24"
2250,"40,128"
2251,"3,17,21"
2252,"3,147,156"
2253,"10,220"
2254,"21,3,40"
2255,"10,11"
2256,"3,17"
2257,"0,8"
2258,"0,271,265"
2259,"220,10"
2260,"23,74,3"
2261,"23,74,118"
2262,"10,11"
2263,"40,135"
2264,"0,271"
2265,"40,41,131"
2266,"169,199"
2267,"10,11,44"
2268,"0,212,211"
2269,"64,10,93"
2270,"3,21,0"
2271,"169,199"
2272,"169,199,40"
2273,"3,4"
2274,"3,15,21"
2275,"169,296"
2276,"10,44,23"
2277,"169,3,199"
2278,"3,21,40"
2279,"0,271,265"
2280,"0,271,216"
2281,"23,24,43"
2282,"169,40,199"
2283,"23,26,89"
2284,"169,296"
2285,"0,265,3"
2286,"3,21,5"
2287,"3,147"
2288,"3,17,21"
2289,"10,220"
2290,"3,21"
2291,"40,135"
2292,"3,21,40"
2293,"23,74,118"
2294,"0,271"
2295,"10,11"
2296,"220,10"
2297,"3,21"
2298,"220,10"
2299,"169,170,40"
2300,"0,271,265"
2301,"23,38,3"
2302,"23,38,74"
2303,"3,40,135"
2304,"3,169,21"
2305,"3,15,271"
2306,"0,271,265"
2307,"40,128,186"
2308,"0,271,8"
2309,"3,17"
2310,"10,24,145"
2311,"0,8,235"
2312,"3,21,41"
2313,"169,199"
2314,"10,220"
2315,"10,23,40"
2316,"23,26,38"
2317,"49,23,24"
2318,"10,220,40"
2319,"0,271,265"
2320,"3,4,21"
2321,"169,199,508"
2322,"0,23,26"
2323,"0,8,216"
2324,"169,3,199"
2325,"0,271,211"
2326,"0,271"
2327,"23,38,26"
2328,"10,145,40"
2329,"40,128,186"
2330,"32,23,31"
2331,"0,44,271"
2332,"0,169,23"
2333,"44,10,23"
2334,"0,271,23"
2335,"23,26,38"
2336,"40,160,315"
2337,"10,220"
2338,"3,4"
2339,"3,4"
2340,"23,74"
2341,"44,23,10"
2342,"3,21"
2343,"23,38,10"
2344,"23,74,169"
2345,"3,21,15"
2346,"23,74,118"
2347,"10,220"
2348,"3,21"
2349,"169,199,40"
2350,"10,64"
2351,"10,11,23"
2352,"3,21"
2353,"10,220"
2354,"0,10,265"
2355,"10,11,0"
2356,"3,21"
2357,"170,169,171"
2358,"169,199,23"
2359,"44,23,10"
2360,"0,265"
2361,"10,44"
2362,"169,199"
2363,"40,41,224"
2364,"3,21,145"
2365,"128,129"
2366,"10,220"
2367,"40,135,250"
2368,"23,74"
2369,"10,44,72"
2370,"3,21,147"
2371,"23,26,38"
2372,"32,31,23"
2373,"220,10"
2374,"220,10"
2375,"10,44,23"
2376,"3,21,40"
2377,"10,0,44"
2378,"3,21,15"
2379,"40,44,10"
2380,"0,271"
2381,"0,10,265"
2382,"3,40,21"
2383,"3,111,21"
2384,"10,64"
2385,"3,21"
2386,"40,131,23"
2387,"169,199"
2388,"10,44"
2389,"169,170,199"
2390,"3,21,5"
2391,"10,11"
2392,"169,170,171"
2393,"3,147,156"
2394,"10,11"
2395,"10,3,44"
2396,"10,220"
2397,"10,44,23"
2398,"169,170,171"
2399,"40,41,224"
2400,"10,40,23"
2401,"23,49,24"
2402,"3,21,169"
2403,"0,271,8"
2404,"3,21"
2405,"10,23,64"
2406,"40,3,135"
2407,"10,44,11"
2408,"23,24,43"
2409,"10,44"
2410,"23,10,24"
2411,"40,131,41"
2412,"3,21,0"
2413,"41,40,3"
2414,"10,11,44"
2415,"3,15"
2416,"23,74,118"
2417,"10,93,64"
2418,"10,23,44"
2419,"10,64,93"
2420,"169,3,199"
2421,"23,24,43"
2422,"3,15,21"
2423,"3,21"
2424,"3,4"
2425,"64,10"
2426,"3,21,111"
2427,"169,0,26"
2428,"23,74,118"
2429,"0,3"
2430,"23,26,0"
2431,"40,128,129"
2432,"0,271"
2433,"3,0,265"
2434,"3,147,148"
2435,"3,21,40"
2436,"199,169"
2437,"23,74,26"
2438,"169,170,199"
2439,"3,40,147"
2440,"10,44,72"
2441,"0,8,206"
2442,"64,10,93"
2443,"3,21,199"
2444,"40,131"
2445,"40,160,169"
2446,"10,24,23"
2447,"23,26,231"
2448,"40,131"
2449,"10,220"
2450,"3,169,21"
2451,"0,8"
2452,"40,0"
2453,"40,169,135"
2454,"3,21"
2455,"0,271"
2456,"40,128,129"
2457,"169,170,171"
2458,"3,296,40"
2459,"10,11,44"
2460,"3,169,199"
2461,"23,44,24"
2462,"3,21,301"
2463,"3,21"
2464,"10,64,93"
2465,"0,271,169"
2466,"10,220,145"
2467,"169,0,170"
2468,"220,10"
2469,"169,170,171"
2470,"10,64"
2471,"220,10"
2472,"40,128"
2473,"3,17"
2474,"40,128,0"
2475,"169,296,3"
2476,"3,21"
2477,"23,24,181"
2478,"3,199,169"
2479,"3,21,40"
2480,"32,23,31"
2481,"199,169"
2482,"10,64"
2483,"3,17,21"
2484,"23,24,49"
2485,"169,199"
2486,"0,271,212"
2487,"0,265,271"
2488,"10,64,40"
2489,"3,21,111"
2490,"3,17,21"
2491,"0,271,265"
2492,"0,271"
2493,"10,44,24"
2494,"0,271,265"
2495,"10,220,40"
2496,"40,21,41"
2497,"23,40,74"
2498,"40,131,21"
2499,"0,271,296"
2500,"169,170,199"
2501,"3,21"
2502,"23,0,26"
2503,"3,0,15"
2504,"40,131"
2505,"0,271,26"
2506,"40,128,129"
2507,"3,147,21"
2508,"169,40,199"
2509,"23,44,72"
2510,"23,24,43"
2511,"40,3,41"
2512,"0,271"
2513,"128,129,40"
2514,"64,10"
2515,"3,21,187"
2516,"10,44,24"
2517,"23,43,24"
2518,"10,145,220"
2519,"131,40"
2520,"10,44,23"
2521,"3,21,40"
2522,"3,21,147"
2523,"169,199"
2524,"10,23,44"
2525,"0,10"
2526,"10,24,23"
2527,"23,38"
2528,"10,44"
2529,"0,8,23"
2530,"74,10,220"
2531,"23,40,220"
2532,"0,8,206"
2533,"169,199,64"
2534,"0,128,40"
2535,"3,135,23"
2536,"3,21,0"
2537,"181,145,43"
2538,"40,131,3"
2539,"3,21"
2540,"10,11,44"
2541,"3,21"
2542,"23,0,38"
2543,"40,41,224"
2544,"0,271"
2545,"40,131"
2546,"0,10,23"
2547,"3,21,23"
2548,"0,40,23"
2549,"0,26,23"
2550,"169,199,40"
2551,"10,64"
2552,"135,40,138"
2553,"23,38"
2554,"10,11,12"
2555,"3,10,53"
2556,"10,64"
2557,"3,10,111"
2558,"169,170,171"
2559,"40,3"
2560,"10,64,145"
2561,"3,15,4"
2562,"3,169,0"
2563,"0,271,169"
2564,"40,128,186"
2565,"23,10,24"
2566,"40,128,129"
2567,"3,111,21"
2568,"10,3,0"
2569,"10,220"
2570,"0,271"
2571,"3,21,17"
2572,"10,239,23"
2573,"23,38,40"
2574,"3,10,0"
2575,"10,23,24"
2576,"3,147,53"
2577,"23,49,24"
2578,"3,40,21"
2579,"10,23,64"
2580,"169,23,38"
2581,"10,220"
2582,"0,265,8"
2583,"40,128,186"
2584,"3,23,15"
2585,"296,169"
2586,"40,23,24"
2587,"3,21"
2588,"3,40,111"
2589,"10,220"
2590,"3,21,15"
2591,"0,271"
2592,"40,3,199"
2593,"10,11,3"
2594,"3,5,21"
2595,"169,199,0"
2596,"169,23,296"
2597,"40,131"
2598,"40,186,128"
2599,"0,206,8"
2600,"23,3,74"
2601,"0,10,271"
2602,"40,23,160"
2603,"40,23,131"
2604,"3,17,21"
2605,"0,271,26"
2606,"0,271,265"
2607,"23,74,3"
2608,"23,26"
2609,"40,135"
2610,"24,43,23"
2611,"0,271"
2612,"49,24,23"
2613,"44,10"
2614,"23,40,38"
2615,"40,41"
2616,"23,24,43"
2617,"10,64"
2618,"0,271,8"
2619,"169,199,3"
2620,"40,135,38"
2621,"0,271"
2622,"23,24,40"
2623,"3,15,21"
2624,"3,53,147"
2625,"0,271,265"
2626,"40,131"
2627,"3,21"
2628,"23,38,40"
2629,"0,271,23"
2630,"169,40,402"
2631,"40,128"
2632,"3,21"
2633,"23,24,43"
2634,"3,40,21"
2635,"199,10,169"
2636,"10,23,44"
2637,"3,21,169"
2638,"3,4,40"
2639,"3,147,156"
2640,"23,10"
2641,"40,131"
2642,"40,146,145"
2643,"169,199,40"
2644,"0,40,128"
2645,"3,21"
2646,"169,8,170"
2647,"3,21"
2648,"0,271,8"
2649,"0,265,271"
2650,"40,23,74"
2651,"3,21,23"
2652,"10,64"
2653,"3,17"
2654,"40,131"
2655,"10,64"
2656,"131,40"
2657,"23,74"
2658,"10,64"
2659,"10,220"
2660,"3,4"
2661,"3,17,21"
2662,"3,21,169"
2663,"24,10,43"
2664,"169,199,40"
2665,"23,26,38"
2666,"3,4,40"
2667,"3,147,156"
2668,"3,111,10"
2669,"24,23,43"
2670,"10,220,0"
2671,"10,11,44"
2672,"3,21,5"
2673,"23,169,40"
2674,"10,44"
2675,"3,21,41"
2676,"40,131"
2677,"3,17,40"
2678,"3,21,41"
2679,"3,10"
2680,"0,265,271"
2681,"169,0,199"
2682,"0,271,8"
2683,"3,21,53"
2684,"0,271"
2685,"10,64"
2686,"3,4,435"
2687,"169,199,10"
2688,"3,17"
2689,"40,3,41"
2690,"40,135,250"
2691,"169,199"
2692,"40,131"
2693,"23,40"
2694,"3,21,187"
2695,"40,169,199"
2696,"23,40,74"
2697,"10,64"
2698,"40,135,138"
2699,"40,131,23"
2700,"40,224,41"
2701,"3,21,147"
2702,"10,220"
2703,"3,4,21"
2704,"40,41,135"
2705,"199,169"
2706,"44,23,10"
2707,"199,0,169"
2708,"0,3,206"
2709,"169,40,199"
2710,"3,21"
2711,"23,38,309"
2712,"0,169,199"
2713,"10,64"
2714,"3,10,44"
2715,"3,169,21"
2716,"0,8"
2717,"3,169,21"
2718,"169,296,0"
2719,"199,169"
2720,"40,10,64"
2721,"23,10,0"
2722,"0,271"
2723,"169,3,21"
2724,"23,24,49"
2725,"0,271"
2726,"3,21"
2727,"23,24,43"
2728,"10,220"
2729,"169,23,0"
2730,"40,131,23"
2731,"3,21"
2732,"23,74"
2733,"40,145,146"
2734,"10,64,40"
2735,"10,44,0"
2736,"10,11,44"
2737,"3,147,15"
2738,"169,199"
2739,"10,220"
2740,"40,199,169"
2741,"40,0,145"
2742,"40,135,23"
2743,"23,74,118"
2744,"3,15,147"
2745,"23,24,49"
2746,"10,64"
2747,"40,3,147"
2748,"40,131"
2749,"32,31,23"
2750,"23,24,44"
2751,"40,135,250"
2752,"3,40,23"
2753,"3,10,21"
2754,"24,23,43"
2755,"10,64"
2756,"0,271"
2757,"23,74"
2758,"220,10"
2759,"10,220"
2760,"3,21,41"
2761,"0,8,206"
2762,"74,23"
2763,"10,220"
2764,"3,21"
2765,"0,271,265"
2766,"40,41,128"
2767,"3,23,21"
2768,"40,160,315"
2769,"40,160"
2770,"169,199"
2771,"10,11"
2772,"40,131"
2773,"10,24,23"
2774,"3,23,21"
2775,"10,11,44"
2776,"40,23,10"
2777,"3,4"
2778,"0,271,265"
2779,"0,23,271"
2780,"3,169,199"
2781,"0,8"
2782,"0,271,3"
2783,"10,44,23"
2784,"3,17"
2785,"10,220"
2786,"23,24,49"
2787,"23,74,118"
2788,"0,169,199"
2789,"23,40"
2790,"40,131"
2791,"131,40"
2792,"40,23,3"
2793,"199,169"
2794,"3,147,15"
2795,"40,41,21"
2796,"40,131,128"
2797,"0,271"
2798,"3,21"
2799,"0,128,10"
2800,"0,8,40"
2801,"169,199"
2802,"64,10"
2803,"40,131"
2804,"0,23,296"
2805,"23,49,24"
2806,"40,186,128"
2807,"3,21"
2808,"10,44,145"
2809,"10,64"
2810,"0,8,206"
2811,"3,0,40"
2812,"0,271,8"
2813,"64,10,93"
2814,"40,23,21"
2815,"3,23,21"
2816,"169,199,23"
2817,"23,40,38"
2818,"3,17"
2819,"169,40,3"
2820,"3,21,40"
2821,"3,21,301"
2822,"32,31,23"
2823,"169,296,10"
2824,"169,199"
2825,"10,64,3"
2826,"3,169,21"
2827,"0,3,40"
2828,"23,74,71"
2829,"0,271,10"
2830,"40,111,3"
2831,"40,128"
2832,"23,26,0"
2833,"40,128,129"
2834,"169,199"
2835,"3,21,5"
2836,"23,74,118"
2837,"10,44"
2838,"169,199,170"
2839,"169,170,171"
2840,"3,199,21"
2841,"40,131"
2842,"10,169,3"
2843,"3,169,21"
2844,"3,4"
2845,"3,4,21"
2846,"93,64,10"
2847,"3,10,17"
2848,"0,3,271"
2849,"10,220"
2850,"169,296"
2851,"3,17"
2852,"23,74"
2853,"40,135"
2854,"40,74,128"
2855,"3,206,8"
2856,"3,21,169"
2857,"40,3,23"
2858,"0,23,265"
2859,"40,131,41"
2860,"3,169,199"
2861,"0,26,89"
2862,"3,21,17"
2863,"3,21"
2864,"3,4"
2865,"40,131"
2866,"23,38,309"
2867,"3,0"
2868,"199,169"
2869,"23,40,131"
2870,"0,271"
2871,"40,131"
2872,"64,10,93"
2873,"0,271,212"
2874,"135,40,138"
2875,"0,128,40"
2876,"40,131"
2877,"10,64,23"
2878,"0,313,271"
2879,"3,4"
2880,"0,271,23"
2881,"24,23,43"
2882,"169,199,40"
2883,"3,4"
2884,"0,265,23"
2885,"10,220"
2886,"3,4"
2887,"0,271"
2888,"40,23,131"
2889,"44,10"
2890,"10,145,40"
2891,"40,135,3"
2892,"3,147,40"
2893,"23,26,0"
2894,"74,23"
2895,"23,24,49"
2896,"0,271,265"
2897,"10,64"
2898,"3,40,21"
2899,"23,74"
2900,"131,40"
2901,"3,15"
2902,"44,23,24"
2903,"0,265"
2904,"10,11,0"
2905,"3,15,0"
2906,"0,8,206"
2907,"3,40,21"
2908,"147,32,3"
2909,"23,3,74"
2910,"40,23,10"
2911,"0,23,26"
2912,"169,0,199"
2913,"128,129,40"
2914,"0,271,26"
2915,"23,31,24"
2916,"0,271"
2917,"10,220"
2918,"10,169,64"
2919,"0,271"
2920,"64,10,93"
2921,"40,131"
2922,"3,147,156"
2923,"40,41,131"
2924,"169,40,170"
2925,"199,169"
2926,"3,40,10"
2927,"169,199,32"
2928,"40,160,315"
2929,"10,44,145"
2930,"40,128,129"
2931,"23,24,43"
2932,"23,38,24"
2933,"3,21,40"
2934,"10,145,40"
2935,"3,4"
2936,"3,21,41"
2937,"3,40,4"
2938,"10,64,93"
2939,"3,21"
2940,"10,44"
2941,"3,4,265"
2942,"40,135,23"
2943,"23,24,43"
2944,"40,41,135"
2945,"40,23,135"
2946,"10,11,44"
2947,"23,74"
2948,"0,23,26"
2949,"40,184,131"
2950,"3,4,21"
2951,"3,169,21"
2952,"40,169,170"
2953,"40,23,135"
2954,"10,24,23"
2955,"10,23,31"
2956,"3,147,21"
2957,"10,11"
2958,"3,0,31"
2959,"0,23,8"
2960,"3,4"
2961,"64,10,40"
2962,"169,170,171"
2963,"23,49,24"
2964,"0,271"
2965,"0,23,169"
2966,"40,131"
2967,"10,64"
2968,"23,49,24"
2969,"23,49,24"
2970,"40,128,129"
2971,"0,3,169"
2972,"23,10,0"
2973,"0,8,206"
2974,"3,21"
2975,"3,21,147"
2976,"3,21,40"
2977,"64,10,93"
2978,"3,21"
2979,"40,250,135"
2980,"10,220,0"
2981,"40,10,402"
2982,"40,21,3"
2983,"10,44,220"
2984,"40,23,74"
2985,"0,23,26"
2986,"44,10,0"
2987,"40,160,315"
2988,"23,0,26"
2989,"10,145,0"
2990,"3,21"
2991,"10,11,3"
2992,"32,23,31"
2993,"10,44,0"
2994,"23,24,43"
2995,"10,220"
2996,"3,21"
2997,"40,3,21"
2998,"40,93,131"
2999,"40,41,131"
3000,"10,23,44"
3001,"3,169,15"
3002,"10,11"
3003,"23,0,26"
3004,"169,296,3"
3005,"4,3,40"
3006,"23,0,26"
3007,"40,135"
3008,"23,32,31"
3009,"40,41,3"
3010,"3,21,169"
3011,"10,44,11"
3012,"3,21,0"
3013,"10,64"
3014,"0,271,265"
3015,"3,10,21"
3016,"23,10,38"
3017,"508,169,23"
3018,"23,3"
3019,"23,44,24"
3020,"3,21"
3021,"3,44,10"
3022,"40,145,44"
3023,"10,220,40"
3024,"3,40,147"
3025,"40,128"
3026,"32,31,23"
3027,"10,64"
3028,"169,199,10"
3029,"3,5,93"
3030,"0,8,271"
3031,"169,199,10"
3032,"3,21,41"
3033,"0,271"
3034,"23,24,38"
3035,"0,8,235"
3036,"3,15,4"
3037,"3,147,21"
3038,"3,21,169"
3039,"0,169,206"
3040,"26,23,0"
3041,"40,128,186"
3042,"3,21,169"
3043,"169,10,64"
3044,"3,17"
3045,"3,21"
3046,"23,24,10"
3047,"3,21,147"
3048,"3,21"
3049,"3,4,435"
3050,"40,160,315"
3051,"40,23"
3052,"0,271"
3053,"23,38,10"
3054,"3,147,23"
3055,"40,128,129"
3056,"169,296"
3057,"10,64,0"
3058,"3,111,21"
3059,"10,24,43"
3060,"10,44"
3061,"0,49,24"
3062,"3,111,41"
3063,"44,23,10"
3064,"10,0,44"
3065,"169,199"
3066,"23,40,38"
3067,"23,26,38"
3068,"8,0,206"
3069,"23,74,3"
3070,"0,271,8"
3071,"40,131,10"
3072,"24,43,181"
3073,"169,40,508"
3074,"169,199,40"
3075,"3,40,21"
3076,"4,3"
3077,"3,169,21"
3078,"3,21,169"
3079,"0,23,8"
3080,"10,64,23"
3081,"23,38"
3082,"10,11,44"
3083,"23,31,32"
3084,"64,10,93"
3085,"3,21"
3086,"40,135,169"
3087,"3,40,21"
3088,"10,11,12"
3089,"23,38"
3090,"3,4,435"
3091,"10,11,12"
3092,"10,145,402"
3093,"32,31,23"
3094,"23,26,38"
3095,"40,23,128"
3096,"40,145,146"
3097,"0,271,26"
3098,"0,271"
3099,"23,38"
3100,"3,21"
3101,"3,40,21"
3102,"23,74,38"
3103,"40,160,315"
3104,"40,128,129"
3105,"10,64,93"
3106,"181,40,3"
3107,"199,169"
3108,"3,4,147"
3109,"169,0,199"
3110,"3,21,40"
3111,"10,220,0"
3112,"169,199,40"
3113,"3,21,147"
3114,"3,23"
3115,"296,3,169"
3116,"3,4"
3117,"40,131,3"
3118,"3,21,10"
3119,"40,21,41"
3120,"23,38,74"
3121,"64,10"
3122,"0,23,26"
3123,"169,199,40"
3124,"220,10,402"
3125,"199,169"
3126,"10,64,220"
3127,"3,4,10"
3128,"10,44,64"
3129,"3,4,21"
3130,"10,44"
3131,"3,169,21"
3132,"3,40,21"
3133,"199,169,21"
3134,"3,4,0"
3135,"3,147,156"
3136,"10,44,23"
3137,"3,40,111"
3138,"3,15,147"
3139,"3,21,17"
3140,"3,21"
3141,"40,3,160"
3142,"3,4,435"
3143,"40,10,145"
3144,"0,271"
3145,"23,40,74"
3146,"10,64"
3147,"3,21,40"
3148,"23,74"
3149,"3,21,40"
3150,"3,17,21"
3151,"23,74"
3152,"40,131"
3153,"3,17,21"
3154,"40,160,315"
3155,"3,23"
3156,"3,23,0"
3157,"10,220"
3158,"0,8,206"
3159,"23,24,43"
3160,"169,199,40"
3161,"3,4,435"
3162,"3,169,23"
3163,"40,41,3"
3164,"10,44"
3165,"169,199,0"
3166,"0,206,8"
3167,"169,0,199"
3168,"3,21,187"
3169,"169,170,21"
3170,"3,21,4"
3171,"169,199,135"
3172,"40,23,38"
3173,"40,131"
3174,"169,199,170"
3175,"0,271,265"
3176,"0,8"
3177,"0,23,26"
3178,"23,74"
3179,"0,271,26"
3180,"10,44,23"
3181,"3,4"
3182,"3,21,187"
3183,"24,23,43"
3184,"3,147,156"
3185,"40,41,128"
3186,"31,23,169"
3187,"10,220"
3188,"23,24,43"
3189,"10,44,72"
3190,"199,169,40"
3191,"169,199"
3192,"23,40,24"
3193,"169,199,3"
3194,"40,128,129"
3195,"3,147,156"
3196,"169,199,8"
3197,"0,8,235"
3198,"40,23,145"
3199,"0,93,23"
3200,"23,40,74"
3201,"23,169,38"
3202,"0,271,169"
3203,"40,128"
3204,"10,11,44"
3205,"40,160,315"
3206,"3,21,40"
3207,"40,131,199"
3208,"40,131"
3209,"3,40,21"
3210,"3,21"
3211,"10,0,265"
3212,"40,23,135"
3213,"40,186,128"
3214,"169,199"
3215,"3,21,199"
3216,"10,64"
3217,"23,26,38"
3218,"40,145,146"
3219,"3,10,17"
3220,"169,296,8"
3221,"40,23,135"
3222,"0,265,271"
3223,"0,271,8"
3224,"23,38,40"
3225,"40,3,131"
3226,"23,38"
3227,"0,26,23"
3228,"3,169,0"
3229,"0,271,8"
3230,"0,271"
3231,"169,199,40"
3232,"24,43,23"
3233,"10,44,23"
3234,"23,181,24"
3235,"3,21,169"
3236,"40,131,41"
3237,"23,38,74"
3238,"10,220"
3239,"40,135,23"
3240,"24,23,49"
3241,"3,147,21"
3242,"10,60,23"
3243,"169,199"
3244,"44,10,40"
3245,"10,64"
3246,"40,23,74"
3247,"10,44,11"
3248,"10,11,44"
3249,"23,74,3"
3250,"10,64"
3251,"3,40,21"
3252,"3,4,21"
3253,"40,145,146"
3254,"3,21,40"
3255,"0,271"
3256,"0,271"
3257,"0,271"
3258,"3,4,21"
3259,"3,21,147"
3260,"3,111,147"
3261,"220,10"
3262,"10,64"
3263,"40,169,135"
3264,"23,74,3"
3265,"64,10"
3266,"40,41,224"
3267,"0,271,40"
3268,"0,271"
3269,"44,10,0"
3270,"23,0,38"
3271,"23,74,118"
3272,"0,271,3"
3273,"40,131"
3274,"3,21"
3275,"40,186,128"
3276,"10,44,23"
3277,"32,31,23"
3278,"169,170,171"
3279,"3,21,199"
3280,"169,23,0"
3281,"3,21,40"
3282,"3,21,169"
3283,"40,131"
3284,"169,296,0"
3285,"3,147,23"
3286,"0,8,23"
3287,"0,10,212"
3288,"3,5,21"
3289,"40,131,250"
3290,"3,21,17"
3291,"23,38,309"
3292,"169,199,21"
3293,"3,40,23"
3294,"3,21"
3295,"3,160,40"
3296,"3,21,40"
3297,"220,10"
3298,"3,4"
3299,"3,21,169"
3300,"3,15"
3301,"23,44,38"
3302,"40,10"
3303,"10,64,24"
3304,"169,170,10"
3305,"0,271"
3306,"0,271"
3307,"10,220"
3308,"0,271"
3309,"40,131,10"
3310,"0,271,169"
3311,"10,44,40"
3312,"3,21"
3313,"10,64"
3314,"40,3,21"
3315,"23,49,24"
3316,"3,0,265"
3317,"0,271"
3318,"3,147,160"
3319,"0,265,23"
3320,"3,21,23"
3321,"169,199"
3322,"44,10,23"
3323,"40,131,241"
3324,"3,21,0"
3325,"3,5"
3326,"23,32,31"
3327,"23,0,26"
3328,"10,220"
3329,"3,21,5"
3330,"3,21,40"
3331,"3,10,40"
3332,"0,265,271"
3333,"3,21"
3334,"169,199,3"
3335,"40,23,129"
3336,"3,15,21"
3337,"3,17"
3338,"199,169,3"
3339,"0,271"
3340,"23,40,145"
3341,"23,24,49"
3342,"3,21"
3343,"3,21,169"
3344,"199,169"
3345,"10,220"
3346,"0,23,271"
3347,"3,21,0"
3348,"0,271,265"
3349,"220,10"
3350,"169,0,10"
3351,"0,271,10"
3352,"23,38,309"
3353,"40,160,315"
3354,"40,128,129"
3355,"3,4,21"
3356,"40,135,250"
3357,"3,17"
3358,"40,160"
3359,"23,26,89"
3360,"0,271"
3361,"23,24,10"
3362,"3,4"
3363,"40,128,129"
3364,"40,128,129"
3365,"3,21,187"
3366,"40,3,21"
3367,"131,40"
3368,"0,8"
3369,"0,271"
3370,"0,271,265"
3371,"3,17,15"
3372,"3,21"
3373,"10,44"
3374,"40,128,129"
3375,"181,23,40"
3376,"10,11,44"
3377,"23,40,3"
3378,"169,170,171"
3379,"40,131,23"
3380,"23,128,40"
3381,"0,23,8"
3382,"23,40,74"
3383,"10,64,93"
3384,"3,40,21"
3385,"23,40,74"
3386,"40,250,135"
3387,"169,170,171"
3388,"0,10,129"
3389,"40,3,0"
3390,"40,3,21"
3391,"23,38,0"
3392,"10,44,11"
3393,"40,23,41"
3394,"3,169,21"
3395,"40,135,3"
3396,"10,40,44"
3397,"10,11,44"
3398,"74,23,118"
3399,"40,23,26"
3400,"10,44"
3401,"3,21"
3402,"23,24,43"
3403,"0,26,8"
3404,"10,64"
3405,"40,145,10"
3406,"169,199,3"
3407,"3,21"
3408,"24,10,23"
3409,"23,49,24"
3410,"131,3,0"
3411,"169,40,199"
3412,"23,26,0"
3413,"10,24,64"
3414,"24,49,23"
3415,"23,24,43"
3416,"23,71,74"
3417,"40,145,44"
3418,"10,23,11"
3419,"40,23,128"
3420,"0,10,49"
3421,"10,64"
3422,"49,23,24"
3423,"40,3,21"
3424,"0,8,206"
3425,"31,23,32"
3426,"0,265,271"
3427,"0,271"
3428,"3,21,147"
3429,"10,40"
3430,"3,21,5"
3431,"169,199"
3432,"135,40,169"
3433,"40,131"
3434,"23,26,0"
3435,"40,3"
3436,"0,8,206"
3437,"23,40,74"
3438,"23,10,24"
3439,"40,131"
3440,"40,131"
3441,"10,44,23"
3442,"0,296,169"
3443,"169,199,0"
3444,"23,40,74"
3445,"3,17,10"
3446,"40,160,3"
3447,"23,0,10"
3448,"40,41,128"
3449,"3,4,21"
3450,"0,8,206"
3451,"169,170,199"
3452,"0,271"
3453,"3,21,4"
3454,"3,21,4"
3455,"0,271"
3456,"3,21,10"
3457,"3,21"
3458,"169,0,199"
3459,"23,49,24"
3460,"40,131"
3461,"0,26,271"
3462,"131,40"
3463,"3,21"
3464,"26,23"
3465,"40,128,41"
3466,"10,24,44"
3467,"3,4"
3468,"3,4"
3469,"3,147,40"
3470,"3,21,147"
3471,"0,271"
3472,"4,3"
3473,"10,145,402"
3474,"10,64"
3475,"10,11"
3476,"0,199,169"
3477,"3,21,147"
3478,"23,40,38"
3479,"10,3,11"
3480,"23,26,231"
3481,"23,74,38"
3482,"3,147,148"
3483,"3,169,21"
3484,"3,4"
3485,"3,21,0"
3486,"3,17,21"
3487,"169,199,170"
3488,"169,40,170"
3489,"3,21,147"
3490,"23,38,74"
3491,"23,32,31"
3492,"3,40"
3493,"40,128,129"
3494,"3,21"
3495,"40,26,89"
3496,"169,199,3"
3497,"23,24,43"
3498,"199,3,169"
3499,"0,8,206"
3500,"199,0,169"
3501,"3,21"
3502,"40,135,3"
3503,"10,44"
3504,"169,199,3"
3505,"3,21,40"
3506,"10,11,44"
3507,"23,74,118"
3508,"220,10"
3509,"0,8,206"
3510,"0,271"
3511,"40,3,23"
3512,"23,74,26"
3513,"40,49,239"
3514,"3,147,74"
3515,"23,24,43"
3516,"169,40,199"
3517,"10,3"
3518,"40,160,315"
3519,"10,44,23"
3520,"3,21"
3521,"10,23,11"
3522,"40,131,10"
3523,"40,160,315"
3524,"3,40,147"
3525,"23,38,10"
3526,"169,296,3"
3527,"3,147,156"
3528,"3,21"
3529,"40,41"
3530,"3,111,296"
3531,"10,220"
3532,"23,40,74"
3533,"23,10,24"
3534,"3,21,147"
3535,"199,169"
3536,"3,21,15"
3537,"3,21,147"
3538,"3,21,17"
3539,"3,21"
3540,"23,26"
3541,"23,24,49"
3542,"0,8,265"
3543,"3,147,53"
3544,"131,40"
3545,"23,26,0"
3546,"0,8,206"
3547,"23,24,49"
3548,"3,10,17"
3549,"0,271,40"
3550,"32,23,31"
3551,"402,145,0"
3552,"0,271"
3553,"169,199,3"
3554,"3,21,10"
3555,"0,271"
3556,"3,21,17"
3557,"40,3,41"
3558,"23,74,118"
3559,"3,4"
3560,"169,170,171"
3561,"3,21"
3562,"3,4,0"
3563,"40,21,3"
3564,"64,10,3"
3565,"3,17,21"
3566,"3,21,4"
3567,"40,145,31"
3568,"3,21"
3569,"169,199"
3570,"40,3,21"
3571,"23,74,3"
3572,"10,64,40"
3573,"199,169,40"
3574,"3,40,21"
3575,"10,11,44"
3576,"40,23,128"
3577,"10,220"
3578,"23,10,44"
3579,"40,186,128"
3580,"10,64"
3581,"0,271"
3582,"10,23,44"
3583,"23,32,31"
3584,"169,128,129"
3585,"3,21"
3586,"23,24,43"
3587,"3,21"
3588,"40,135"
3589,"23,26,0"
3590,"10,220"
3591,"0,265,10"
3592,"169,32,31"
3593,"23,0,26"
3594,"23,40,38"
3595,"23,40,181"
3596,"169,296"
3597,"32,23,31"
3598,"3,4,10"
3599,"131,40,23"
3600,"3,17"
3601,"3,40,23"
3602,"3,21,111"
3603,"3,147,148"
3604,"3,147,148"
3605,"0,10,265"
3606,"0,271"
3607,"40,23,135"
3608,"23,24,49"
3609,"3,21"
3610,"3,21"
3611,"3,21,5"
3612,"23,10,38"
3613,"40,131,3"
3614,"3,21,4"
3615,"0,271,8"
3616,"10,64,23"
3617,"145,40,24"
3618,"169,199"
3619,"3,40,147"
3620,"0,271"
3621,"169,199"
3622,"23,10,44"
3623,"3,4"
3624,"3,21"
3625,"10,220"
3626,"10,64,23"
3627,"402,40,145"
3628,"40,131"
3629,"3,40,147"
3630,"23,38,26"
3631,"64,10,93"
3632,"23,26,38"
3633,"40,169,199"
3634,"23,26,128"
3635,"3,4"
3636,"10,44,11"
3637,"40,128,129"
3638,"3,169,17"
3639,"64,10,40"
3640,"10,44"
3641,"3,4,10"
3642,"40,10,23"
3643,"40,131"
3644,"3,40"
3645,"3,147,156"
3646,"10,44"
3647,"10,3,23"
3648,"169,337,40"
3649,"23,74,38"
3650,"0,169"
3651,"3,4"
3652,"23,10,40"
3653,"169,23,170"
3654,"118,74,23"
3655,"3,21,10"
3656,"10,44"
3657,"10,44,0"
3658,"3,147,148"
3659,"0,271"
3660,"199,169"
3661,"10,44"
3662,"0,271"
3663,"3,21"
3664,"145,402,10"
3665,"64,10,93"
3666,"23,0,26"
3667,"10,44"
3668,"3,40,4"
3669,"40,145,146"
3670,"10,23,44"
3671,"64,169,3"
3672,"3,21,169"
3673,"3,4,435"
3674,"10,44"
3675,"40,184,131"
3676,"23,74"
3677,"3,147,10"
3678,"0,271"
3679,"0,271"
3680,"40,0"
3681,"3,21"
3682,"169,199,40"
3683,"3,15,169"
3684,"3,21,147"
3685,"3,21,147"
3686,"40,41,224"
3687,"0,26,271"
3688,"40,131,41"
3689,"40,131"
3690,"169,170,3"
3691,"169,170,171"
3692,"23,38,24"
3693,"40,135,138"
3694,"23,3,21"
3695,"23,40,0"
3696,"0,44"
3697,"23,40,21"
3698,"3,21,301"
3699,"3,21,187"
3700,"0,169,271"
3701,"3,40,21"
3702,"199,169"
3703,"3,111,40"
3704,"32,31,23"
3705,"169,40,170"
3706,"3,40"
3707,"40,160,315"
3708,"24,23,49"
3709,"3,147,156"
3710,"3,4"
3711,"10,220"
3712,"3,21"
3713,"23,74"
3714,"10,64"
3715,"220,10"
3716,"0,271"
3717,"10,220"
3718,"23,10,38"
3719,"10,44,23"
3720,"3,21"
3721,"10,64,0"
3722,"40,23"
3723,"3,147,148"
3724,"32,23,31"
3725,"3,4"
3726,"3,4,435"
3727,"23,26,0"
3728,"26,23,0"
3729,"23,38,0"
3730,"23,38,107"
3731,"3,21"
3732,"0,8"
3733,"10,44"
3734,"23,10,38"
3735,"10,220"
3736,"169,199,0"
3737,"0,10,23"
3738,"23,38,74"
3739,"3,21"
3740,"10,24,145"
3741,"0,8,235"
3742,"0,23"
3743,"23,0,24"
3744,"0,271,169"
3745,"0,271"
3746,"10,220"
3747,"3,4,435"
3748,"23,74"
3749,"23,145,24"
3750,"3,17,4"
3751,"40,23,131"
3752,"0,8,206"
3753,"40,3,111"
3754,"23,0,26"
3755,"169,170,171"
3756,"3,21,31"
3757,"10,40"
3758,"10,40,145"
3759,"23,38,44"
3760,"23,40,38"
3761,"64,10"
3762,"40,10,24"
3763,"23,49,24"
3764,"169,199"
3765,"40,23,74"
3766,"23,74,118"
3767,"10,220"
3768,"3,4"
3769,"169,10,508"
3770,"169,40,135"
3771,"3,21"
3772,"0,23,271"
3773,"3,40,21"
3774,"0,23,8"
3775,"0,265,271"
3776,"23,24,40"
3777,"40,169,131"
3778,"3,4"
3779,"40,131,184"
3780,"3,4,435"
3781,"3,40,160"
3782,"40,184,23"
3783,"40,23,38"
3784,"3,17"
3785,"10,64,199"
3786,"3,169,21"
3787,"169,0"
3788,"0,8,206"
3789,"3,147,21"
3790,"3,21,187"
3791,"0,271"
3792,"0,8,206"
3793,"10,64"
3794,"10,64"
3795,"40,131"
3796,"10,220"
3797,"3,40,169"
3798,"40,169,128"
3799,"23,26,89"
3800,"169,199"
3801,"3,21,187"
3802,"40,44,10"
3803,"10,44"
3804,"10,44,11"
3805,"0,271,26"
3806,"10,145,0"
3807,"10,44,23"
3808,"40,131"
3809,"0,3"
3810,"40,23,38"
3811,"40,10,145"
3812,"3,21,4"
3813,"40,131"
3814,"40,26,23"
3815,"40,135"
3816,"3,21,17"
3817,"10,0,145"
3818,"3,4"
3819,"23,74,3"
3820,"10,44,23"
3821,"0,271"
3822,"0,23,26"
3823,"3,40,160"
3824,"220,10"
3825,"3,15,21"
3826,"10,44,24"
3827,"0,23,8"
3828,"3,4,435"
3829,"23,38"
3830,"0,3,271"
3831,"23,3,24"
3832,"10,44,64"
3833,"128,40,129"
3834,"3,21,147"
3835,"10,220"
3836,"0,271"
3837,"3,4"
3838,"0,271,216"
3839,"10,220"
3840,"0,271,23"
3841,"23,44,40"
3842,"24,43,23"
3843,"3,17"
3844,"0,8,206"
3845,"3,21,41"
3846,"10,220"
3847,"169,170,171"
3848,"10,11"
3849,"40,131"
3850,"3,21"
3851,"10,0"
3852,"40,145,146"
3853,"199,169,23"
3854,"0,271"
3855,"23,49,24"
3856,"169,170,337"
3857,"3,15,21"
3858,"3,147,40"
3859,"3,21"
3860,"3,40,21"
3861,"64,10,93"
3862,"3,21,187"
3863,"40,160,315"
3864,"169,199,3"
3865,"10,220"
3866,"23,131"
3867,"169,199,0"
3868,"23,49,24"
3869,"0,271"
3870,"74,10,3"
3871,"10,11,12"
3872,"169,170,171"
3873,"129,128,40"
3874,"169,10,199"
3875,"23,38"
3876,"0,271"
3877,"3,21,40"
3878,"3,21"
3879,"0,8"
3880,"10,0,11"
3881,"40,23,74"
3882,"3,4"
3883,"10,44"
3884,"0,271"
3885,"3,10,21"
3886,"0,8,206"
3887,"23,32,31"
3888,"3,15"
3889,"169,199,10"
3890,"10,11"
3891,"23,24,40"
3892,"0,40,128"
3893,"3,4"
3894,"3,147,21"
3895,"3,21,74"
3896,"3,21,128"
3897,"169,199,40"
3898,"23,38"
3899,"26,23,231"
3900,"40,3,41"
3901,"3,169,0"
3902,"23,38"
3903,"169,0,296"
3904,"23,74,118"
3905,"23,26,89"
3906,"0,271,8"
3907,"0,8,235"
3908,"23,38,26"
3909,"169,170,171"
3910,"10,44"
3911,"40,3"
3912,"3,40,21"
3913,"64,93,10"
3914,"220,10"
3915,"23,74,3"
3916,"199,169,181"
3917,"3,21,40"
3918,"402,145,23"
3919,"131,40,3"
3920,"3,40,111"
3921,"10,44,11"
3922,"10,0"
3923,"40,184,23"
3924,"23,24,43"
3925,"23,49,24"
3926,"23,74"
3927,"23,169,10"
3928,"3,40,147"
3929,"169,170,40"
3930,"3,21,40"
3931,"10,11,44"
3932,"10,64,23"
3933,"10,220"
3934,"40,41,224"
3935,"0,271"
3936,"3,21"
3937,"49,23,24"
3938,"10,64"
3939,"40,135,138"
3940,"40,145,131"
3941,"23,24,43"
3942,"0,3,271"
3943,"10,23,131"
3944,"0,271"
3945,"169,199"
3946,"44,10"
3947,"10,64"
3948,"23,74,3"
3949,"10,44,72"
3950,"0,23,169"
3951,"3,21,4"
3952,"40,10,3"
3953,"10,0,44"
3954,"10,44"
3955,"44,10,128"
3956,"3,5,10"
3957,"0,8"
3958,"40,131"
3959,"40,131,93"
3960,"23,24"
3961,"23,38,10"
3962,"3,21,40"
3963,"0,265"
3964,"40,131,23"
3965,"23,10,74"
3966,"0,8"
3967,"10,220"
3968,"23,0,44"
3969,"0,8,206"
3970,"3,53,10"
3971,"23,24,49"
3972,"3,21,41"
3973,"3,21,53"
3974,"0,8,206"
3975,"0,271"
3976,"3,4"
3977,"3,21,4"
3978,"3,147,21"
3979,"0,271,199"
3980,"10,64"
3981,"10,11,0"
3982,"0,271,8"
3983,"0,8,235"
3984,"0,271"
3985,"169,40,337"
3986,"40,145,10"
3987,"0,44"
3988,"40,131"
3989,"40,3,41"
3990,"23,38,74"
3991,"40,41,224"
3992,"128,129,40"
3993,"0,271,3"
3994,"40,10,145"
3995,"10,220"
3996,"23,40,38"
3997,"3,4"
3998,"3,147,40"
3999,"169,3,337"
4000,"0,23,8"
4001,"0,271"
4002,"3,40,111"
4003,"3,23,147"
4004,"3,4,435"
4005,"199,169,40"
4006,"3,169,21"
4007,"40,131,3"
4008,"0,23,38"
4009,"23,10,38"
4010,"3,74,23"
4011,"23,3,74"
4012,"10,64"
4013,"3,21,169"
4014,"3,21,187"
4015,"3,21,5"
4016,"10,64,93"
4017,"0,8,206"
4018,"169,296,0"
4019,"3,4,21"
4020,"169,0,199"
4021,"0,8,206"
4022,"24,23,43"
4023,"23,0,26"
4024,"3,21"
4025,"3,21"
4026,"3,21,4"
4027,"3,21,169"
4028,"10,3,44"
4029,"40,3,169"
4030,"169,170,171"
4031,"3,21"
4032,"3,0,271"
4033,"49,23,24"
4034,"3,4,435"
4035,"40,23,131"
4036,"3,4"
4037,"3,23,40"
4038,"0,271,169"
4039,"3,21"
4040,"10,44,40"
4041,"3,21"
4042,"3,40,21"
4043,"169,23,296"
4044,"3,21,40"
4045,"10,11,3"
4046,"0,265,8"
4047,"3,21,147"
4048,"0,3,271"
4049,"0,271,220"
4050,"0,8,271"
4051,"402,145,40"
4052,"40,3,41"
4053,"169,199"
4054,"0,8"
4055,"10,40,145"
4056,"40,3,0"
4057,"23,131,24"
4058,"3,38,23"
4059,"0,271"
4060,"3,21,17"
4061,"169,3,199"
4062,"40,128,186"
4063,"10,64,24"
4064,"10,220"
4065,"3,21,40"
4066,"3,21"
4067,"3,147,160"
4068,"3,21,169"
4069,"10,64"
4070,"40,145"
4071,"3,21,40"
4072,"23,135,3"
4073,"40,128,131"
4074,"0,271,40"
4075,"40,160,315"
4076,"10,44,24"
4077,"0,271"
4078,"3,21,147"
4079,"0,271"
4080,"10,44"
4081,"10,11"
4082,"10,24,23"
4083,"3,199,169"
4084,"40,131"
4085,"0,23,271"
4086,"40,131"
4087,"3,21,40"
4088,"23,74"
4089,"169,199,3"
4090,"32,23,31"
4091,"23,38,0"
4092,"3,21,40"
4093,"3,21"
4094,"40,41,135"
4095,"23,38,74"
4096,"10,220"
4097,"40,128,0"
4098,"32,31,23"
4099,"40,23,38"
4100,"10,11,44"
4101,"40,23,38"
4102,"23,10,74"
4103,"0,271"
4104,"23,24,49"
4105,"169,199,40"
4106,"26,0,23"
4107,"23,24,43"
4108,"10,44,72"
4109,"3,21"
4110,"3,40,21"
4111,"40,23,44"
4112,"10,11,12"
4113,"44,10"
4114,"10,44"
4115,"10,0,11"
4116,"3,21,40"
4117,"10,64"
4118,"3,40,250"
4119,"40,131"
4120,"3,4"
4121,"10,220"
4122,"3,4"
4123,"0,271"
4124,"23,38,10"
4125,"23,24,43"
4126,"3,4,23"
4127,"40,131"
4128,"169,23,26"
4129,"23,24,25"
4130,"23,38"
4131,"40,3"
4132,"3,17"
4133,"40,41,3"
4134,"49,24,0"
4135,"3,21,23"
4136,"3,4,147"
4137,"3,5"
4138,"3,21,187"
4139,"0,271,8"
4140,"3,4"
4141,"40,23,250"
4142,"23,0,199"
4143,"40,131"
4144,"40,135"
4145,"10,44,40"
4146,"40,3"
4147,"40,3,160"
4148,"23,38,0"
4149,"169,199,135"
4150,"169,199,170"
4151,"3,21"
4152,"10,64,24"
4153,"296,169"
4154,"40,41,3"
4155,"128,40,346"
4156,"0,220,10"
4157,"64,10,93"
4158,"40,3,21"
4159,"40,23,74"
4160,"0,169,296"
4161,"0,271"
4162,"135,40,138"
4163,"3,169,21"
4164,"10,64,0"
4165,"17,3"
4166,"10,220"
4167,"10,23,26"
4168,"169,199,131"
4169,"3,53,0"
4170,"3,21"
4171,"3,41,40"
4172,"3,40,23"
4173,"0,271,26"
4174,"32,31,23"
4175,"3,17"
4176,"0,271,265"
4177,"3,21"
4178,"23,10,38"
4179,"0,271"
4180,"0,271"
4181,"40,160,315"
4182,"74,23,10"
4183,"10,72,44"
4184,"3,169,147"
4185,"10,220"
4186,"23,24,43"
4187,"23,40,38"
4188,"10,220"
4189,"23,24,40"
4190,"10,3,74"
4191,"23,24,49"
4192,"10,64,93"
4193,"0,8"
4194,"3,21,41"
4195,"169,199"
4196,"0,271,8"
4197,"40,128,0"
4198,"3,4"
4199,"0,128,23"
4200,"3,296,53"
4201,"64,10"
4202,"0,271,23"
4203,"40,186,128"
4204,"10,23,44"
4205,"10,220"
4206,"23,0,26"
4207,"74,23,10"
4208,"10,44"
4209,"3,4"
4210,"23,10"
4211,"64,10,93"
4212,"169,199"
4213,"23,38,8"
4214,"0,3,265"
4215,"220,10"
4216,"3,64,135"
4217,"0,271"
4218,"0,8,206"
4219,"169,199,170"
4220,"40,131"
4221,"23,24,49"
4222,"0,271"
4223,"3,169,21"
4224,"3,17,10"
4225,"3,111,40"
4226,"23,38,24"
4227,"23,74"
4228,"23,0,169"
4229,"40,131"
4230,"3,21"
4231,"0,271,10"
4232,"44,10,40"
4233,"40,23,145"
4234,"3,10,15"
4235,"40,41,224"
4236,"40,23,24"
4237,"3,296,111"
4238,"23,24,43"
4239,"0,23,26"
4240,"23,24,43"
4241,"3,21,0"
4242,"3,21,187"
4243,"10,64,40"
4244,"3,21"
4245,"0,23,8"
4246,"0,271"
4247,"74,23,40"
4248,"3,23,74"
4249,"10,40,128"
4250,"3,21,4"
4251,"10,64,93"
4252,"169,296"
4253,"23,38,309"
4254,"10,44,64"
4255,"3,147,21"
4256,"40,131"
4257,"10,11,44"
4258,"3,4,0"
4259,"3,21"
4260,"0,8"
4261,"17,3"
4262,"3,4"
4263,"40,135,41"
4264,"3,11,10"
4265,"0,271,26"
4266,"3,4,40"
4267,"10,64,23"
4268,"3,40,21"
4269,"23,10,44"
4270,"10,11,3"
4271,"3,111,53"
4272,"3,17,21"
4273,"0,8"
4274,"23,38"
4275,"169,199,40"
4276,"169,170,171"
4277,"169,199,0"
4278,"3,169,21"
4279,"3,21,41"
4280,"40,23,169"
4281,"169,23,24"
4282,"23,24,43"
4283,"169,170,171"
4284,"40,131,128"
4285,"199,23,24"
4286,"10,145,64"
4287,"40,131,184"
4288,"220,10"
4289,"220,10"
4290,"10,220"
4291,"74,23,118"
4292,"10,44,40"
4293,"10,44,23"
4294,"40,3,135"
4295,"40,128"
4296,"23,8,38"
4297,"0,8"
4298,"40,41,128"
4299,"10,169,23"
4300,"10,44,23"
4301,"169,0,170"
4302,"40,135,138"
4303,"23,10,64"
4304,"23,40,74"
4305,"0,265,10"
4306,"10,44,23"
4307,"40,128"
4308,"31,10,23"
4309,"23,24,145"
4310,"23,49,24"
4311,"169,199"
4312,"40,131"
4313,"40,160,315"
4314,"64,10,93"
4315,"3,17,21"
4316,"10,44,23"
4317,"26,23,0"
4318,"23,0"
4319,"23,169,38"
4320,"23,40,74"
4321,"40,131,41"
4322,"10,44"
4323,"23,3,38"
4324,"169,170,171"
4325,"23,24,43"
4326,"0,3"
4327,"26,0,23"
4328,"10,40,11"
4329,"3,40,21"
4330,"0,8,206"
4331,"23,3,38"
4332,"10,23,24"
4333,"3,147,40"
4334,"40,41,21"
4335,"23,3,74"
4336,"64,10,93"
4337,"3,21,145"
4338,"3,4,21"
4339,"3,10,44"
4340,"3,21,15"
4341,"38,23,0"
4342,"40,160,315"
4343,"40,131"
4344,"10,0,220"
4345,"3,4"
4346,"3,169"
4347,"10,11,44"
4348,"169,199,23"
4349,"3,21"
4350,"3,21,147"
4351,"10,64"
4352,"24,23,40"
4353,"23,74,118"
4354,"0,169,199"
4355,"169,199,10"
4356,"3,21"
4357,"40,135"
4358,"3,21,5"
4359,"40,184,131"
4360,"40,131,23"
4361,"169,170,171"
4362,"10,11,44"
4363,"0,23,8"
4364,"0,23,26"
4365,"40,169,199"
4366,"3,21,40"
4367,"23,3,31"
4368,"23,74,118"
4369,"0,199,169"
4370,"3,21"
4371,"3,23"
4372,"10,11"
4373,"23,74,118"
4374,"40,41,135"
4375,"3,21"
4376,"10,23,31"
4377,"40,23,0"
4378,"40,3,41"
4379,"3,10"
4380,"3,4"
4381,"220,10"
4382,"128,40,23"
4383,"40,131"
4384,"3,21"
4385,"3,23,15"
4386,"64,10,93"
4387,"3,4"
4388,"220,10"
4389,"10,44,23"
4390,"40,147,160"
4391,"10,145,64"
4392,"23,38,40"
4393,"23,74,26"
4394,"0,199,169"
4395,"40,24,23"
4396,"220,10"
4397,"3,17"
4398,"40,23"
4399,"3,21"
4400,"0,26,23"
4401,"23,74,118"
4402,"131,40,169"
4403,"10,220"
4404,"10,44"
4405,"3,21"
4406,"23,38,169"
4407,"40,181,23"
4408,"169,199"
4409,"40,3,131"
4410,"23,38,26"
4411,"23,32,31"
4412,"169,0,170"
4413,"3,21"
4414,"3,21,40"
4415,"3,40,21"
4416,"40,131"
4417,"0,271"
4418,"169,64,199"
4419,"3,21"
4420,"23,10,24"
4421,"40,23,74"
4422,"3,21"
4423,"23,24,181"
4424,"0,8,206"
4425,"10,64"
4426,"0,271"
4427,"49,23,24"
4428,"10,3,23"
4429,"0,271"
4430,"3,21"
4431,"3,21,169"
4432,"10,11,12"
4433,"169,199,3"
4434,"40,250,135"
4435,"3,40,41"
4436,"3,21,147"
4437,"3,4"
4438,"0,271"
4439,"23,0,26"
4440,"0,8,23"
4441,"23,206,0"
4442,"3,23,40"
4443,"3,21,11"
4444,"0,206,8"
4445,"64,10,93"
4446,"10,44,40"
4447,"10,44"
4448,"131,40"
4449,"64,10,93"
4450,"3,15"
4451,"23,10,40"
4452,"169,199,10"
4453,"23,10"
4454,"10,220"
4455,"40,128"
4456,"40,131,41"
4457,"10,220"
4458,"0,271,26"
4459,"40,145,23"
4460,"10,64"
4461,"40,131"
4462,"10,220"
4463,"3,21,5"
4464,"10,64,239"
4465,"169,199"
4466,"3,21,169"
4467,"10,64,93"
4468,"40,41,135"
4469,"23,40,38"
4470,"3,21,169"
4471,"0,8,206"
4472,"0,8,206"
4473,"10,11,0"
4474,"3,21"
4475,"10,169,64"
4476,"169,170,171"
4477,"169,199"
4478,"3,21,41"
4479,"23,3,74"
4480,"0,169"
4481,"40,131"
4482,"40,111,128"
4483,"40,160,315"
4484,"0,8,10"
4485,"23,10,3"
4486,"3,21,147"
4487,"23,74,3"
4488,"3,21"
4489,"40,160,128"
4490,"10,64"
4491,"169,170,40"
4492,"0,10,212"
4493,"0,271"
4494,"0,271,3"
4495,"169,3,23"
4496,"0,169,199"
4497,"40,145,41"
4498,"131,40"
4499,"3,111,40"
4500,"0,271"
4501,"40,131"
4502,"3,64,4"
4503,"10,145,40"
4504,"23,3,38"
4505,"0,23,271"
4506,"23,49,24"
4507,"10,220"
4508,"0,271"
4509,"23,74"
4510,"3,147,23"
4511,"40,23,74"
4512,"23,74,24"
4513,"0,8,206"
4514,"3,160,10"
4515,"3,40"
4516,"40,160,315"
4517,"0,8"
4518,"131,40"
4519,"40,145,146"
4520,"40,128"
4521,"40,21,128"
4522,"23,10,26"
4523,"10,23,38"
4524,"23,169,38"
4525,"3,199,169"
4526,"0,10,8"
4527,"40,131"
4528,"0,271,8"
4529,"10,44,11"
4530,"3,4"
4531,"3,147,21"
4532,"40,131"
4533,"0,8,206"
4534,"0,10,23"
4535,"3,21"
4536,"3,21,40"
4537,"10,64,93"
4538,"40,402,145"
4539,"40,3"
4540,"10,220"
4541,"3,169,21"
4542,"40,41,128"
4543,"169,199,508"
4544,"31,23,10"
4545,"3,21,301"
4546,"3,21"
4547,"40,160,315"
4548,"23,3,40"
4549,"40,131,3"
4550,"3,4,147"
4551,"23,24,49"
4552,"10,64,93"
4553,"23,74"
4554,"169,199"
4555,"10,44,40"
4556,"10,44,23"
4557,"3,169,21"
4558,"3,40"
4559,"23,44,10"
4560,"3,21,220"
4561,"40,131,23"
4562,"10,64"
4563,"3,147,21"
4564,"10,11"
4565,"40,160,315"
4566,"23,40,24"
4567,"0,169,199"
4568,"23,74,40"
4569,"3,5,21"
4570,"23,24,43"
4571,"10,11,3"
4572,"169,40,199"
4573,"23,181,40"
4574,"24,10,23"
4575,"40,21,3"
4576,"10,40,11"
4577,"64,10,93"
4578,"0,8,23"
4579,"3,40,21"
4580,"169,3,199"
4581,"0,26,89"
4582,"0,169,3"
4583,"23,40,38"
4584,"3,21,169"
4585,"23,40,24"
4586,"3,21,15"
4587,"10,44"
4588,"3,21,147"
4589,"0,271"
4590,"23,0,26"
4591,"3,21"
4592,"3,4"
4593,"40,184,23"
4594,"10,23,44"
4595,"3,21"
4596,"169,3,0"
4597,"23,40,26"
4598,"21,3,187"
4599,"3,40,10"
4600,"10,220"
4601,"0,271,23"
4602,"40,3"
4603,"40,128"
4604,"10,64,23"
4605,"40,128,186"
4606,"40,160,315"
4607,"0,271,265"
4608,"23,74"
4609,"10,220,0"
4610,"40,3"
4611,"169,40,170"
4612,"0,271"
4613,"3,4"
4614,"169,3,0"
4615,"3,74,15"
4616,"3,10"
4617,"40,131"
4618,"74,23,10"
4619,"23,24,40"
4620,"131,40"
4621,"10,23,64"
4622,"0,271"
4623,"3,21,40"
4624,"40,131,41"
4625,"3,4,10"
4626,"169,199,64"
4627,"3,21"
4628,"3,21,23"
4629,"10,11,12"
4630,"64,10,93"
4631,"40,128,23"
4632,"23,26,10"
4633,"23,169,38"
4634,"3,21,187"
4635,"169,199,10"
4636,"40,160,315"
4637,"3,23,21"
4638,"131,40"
4639,"23,26,38"
4640,"3,147,15"
4641,"3,21"
4642,"49,24,23"
4643,"40,23,128"
4644,"3,21"
4645,"64,10,93"
4646,"23,10,40"
4647,"169,199,40"
4648,"169,10,199"
4649,"3,21"
4650,"220,10"
4651,"40,131,128"
4652,"199,169"
4653,"23,24"
4654,"10,93,239"
4655,"3,169,147"
4656,"3,21,0"
4657,"10,11,44"
4658,"26,23,0"
4659,"0,271,10"
4660,"0,271"
4661,"169,199,3"
4662,"3,21"
4663,"40,3,41"
4664,"40,145,146"
4665,"10,11,3"
4666,"40,145,23"
4667,"3,21,5"
4668,"0,271"
4669,"26,23,89"
4670,"169,199,170"
4671,"23,131,40"
4672,"0,271"
4673,"23,74,3"
4674,"3,21,169"
4675,"40,129,128"
4676,"169,199,0"
4677,"169,23,199"
4678,"40,186,128"
4679,"0,26,271"
4680,"23,3,24"
4681,"3,15,23"
4682,"169,170"
4683,"199,169"
4684,"3,21"
4685,"10,64,93"
4686,"169,3"
4687,"3,5,4"
4688,"0,271,8"
4689,"40,160"
4690,"0,271,265"
4691,"0,271,8"
4692,"21,3"
4693,"3,111,21"
4694,"23,10,38"
4695,"23,10"
4696,"3,4"
4697,"3,21"
4698,"23,10,44"
4699,"64,10,93"
4700,"169,170,171"
4701,"169,170,296"
4702,"3,147,156"
4703,"220,10"
4704,"32,31,23"
4705,"0,271"
4706,"3,147,21"
4707,"131,40"
4708,"296,169,3"
4709,"23,40,38"
4710,"169,0,199"
4711,"10,220"
4712,"64,10"
4713,"23,40,38"
4714,"23,38"
4715,"0,271,265"
4716,"23,24,49"
4717,"0,271"
4718,"3,40,147"
4719,"0,271,40"
4720,"23,38,44"
4721,"199,40,169"
4722,"23,26,10"
4723,"40,10"
4724,"0,10,271"
4725,"128,40,129"
4726,"23,74"
4727,"3,4"
4728,"23,10,3"
4729,"3,40,17"
4730,"3,21,199"
4731,"3,21,301"
4732,"3,21,4"
4733,"10,44,24"
4734,"10,220"
4735,"23,10,169"
4736,"3,40,21"
4737,"3,21"
4738,"169,170,171"
4739,"10,3,220"
4740,"3,21,147"
4741,"3,53,147"
4742,"3,169,21"
4743,"169,170,199"
4744,"3,21,147"
4745,"3,40,41"
4746,"3,21,5"
4747,"23,40,24"
4748,"40,23,128"
4749,"10,40,23"
4750,"10,220"
4751,"0,271,265"
4752,"40,23,31"
4753,"199,169,40"
4754,"40,184,128"
4755,"0,8"
4756,"23,296,169"
4757,"0,8,235"
4758,"3,21"
4759,"3,21,40"
4760,"23,3,250"
4761,"3,23,147"
4762,"3,21"
4763,"23,38,128"
4764,"40,135,23"
4765,"3,21,111"
4766,"40,128,74"
4767,"0,10,265"
4768,"10,11"
4769,"0,8,271"
4770,"40,160,315"
4771,"3,21,5"
4772,"10,44"
4773,"3,21,4"
4774,"3,21"
4775,"3,21,40"
4776,"199,169,3"
4777,"3,40,41"
4778,"0,271"
4779,"220,10"
4780,"3,53,296"
4781,"44,10"
4782,"23,31,147"
4783,"10,64"
4784,"3,21,187"
4785,"3,15,23"
4786,"23,26,38"
4787,"3,5"
4788,"40,135,250"
4789,"23,26,44"
4790,"40,145,402"
4791,"3,21"
4792,"0,8,206"
4793,"23,74,38"
4794,"3,4,435"
4795,"10,220,3"
4796,"0,271"
4797,"3,21,53"
4798,"0,271"
4799,"169,170,23"
4800,"40,128,41"
4801,"3,40,135"
4802,"10,220"
4803,"40,41,3"
4804,"169,199"
4805,"3,21"
4806,"0,271"
4807,"3,23,53"
4808,"23,74,118"
4809,"24,23,43"
4810,"10,0,11"
4811,"40,3,135"
4812,"3,21,301"
4813,"10,23,24"
4814,"23,49,24"
4815,"10,64"
4816,"169,296"
4817,"0,271,8"
4818,"10,25,24"
4819,"3,21,187"
4820,"169,0,199"
4821,"0,8,206"
4822,"3,17"
4823,"44,10,72"
4824,"3,4,21"
4825,"23,32,31"
4826,"10,44"
4827,"10,44,11"
4828,"40,128,129"
4829,"3,21,40"
4830,"169,10,145"
4831,"0,26,23"
4832,"0,8,206"
4833,"40,131"
4834,"0,271"
4835,"3,147,148"
4836,"10,23,44"
4837,"40,145,146"
4838,"3,17"
4839,"40,3"
4840,"169,199"
4841,"199,169"
4842,"3,21,111"
4843,"23,44,24"
4844,"10,44"
4845,"3,21,147"
4846,"3,147,148"
4847,"10,220"
4848,"3,21,169"
4849,"145,402,40"
4850,"0,8,206"
4851,"40,23,44"
4852,"40,41,131"
4853,"23,40,145"
4854,"0,3,265"
4855,"23,24,43"
4856,"40,128,129"
4857,"10,220"
4858,"23,24,49"
4859,"10,220"
4860,"3,21"
4861,"10,64,93"
4862,"40,111,41"
4863,"169,199,40"
4864,"3,10,21"
4865,"40,128,129"
4866,"23,24,49"
4867,"3,147,148"
4868,"23,32,31"
4869,"0,271"
4870,"10,64"
4871,"169,170,171"
4872,"10,220,40"
4873,"169,199,135"
4874,"23,74"
4875,"3,21"
4876,"3,17"
4877,"0,271,216"
4878,"40,3,41"
4879,"0,271,8"
4880,"145,23,402"
4881,"23,38,74"
4882,"10,220"
4883,"3,23,53"
4884,"0,128,313"
4885,"40,23,128"
4886,"3,21,147"
4887,"3,15,21"
4888,"3,147,156"
4889,"169,199"
4890,"10,0,265"
4891,"169,199,10"
4892,"3,21"
4893,"0,199,169"
4894,"10,44,23"
4895,"0,206,8"
4896,"10,44,23"
4897,"23,74,3"
4898,"3,21"
4899,"3,21,40"
4900,"3,21,40"
4901,"10,11"
4902,"169,296"
4903,"169,170,171"
4904,"40,160,315"
4905,"169,199"
4906,"10,64,93"
4907,"0,169,271"
4908,"3,169,21"
4909,"3,17"
4910,"23,74,38"
4911,"40,145,146"
4912,"3,21"
4913,"24,43,23"
4914,"40,10,64"
4915,"3,21,199"
4916,"10,220"
4917,"0,265,271"
4918,"23,74,10"
4919,"23,38"
4920,"3,21"
4921,"23,38,26"
4922,"10,64"
4923,"0,199,271"
4924,"3,15"
4925,"40,21,3"
4926,"64,10"
4927,"40,3,21"
4928,"10,44,11"
4929,"40,135,131"
4930,"40,184,23"
4931,"3,21,23"
4932,"40,128,186"
4933,"10,64"
4934,"220,10"
4935,"23,74,118"
4936,"10,220"
4937,"169,199"
4938,"40,41,160"
4939,"0,8,271"
4940,"169,199,10"
4941,"0,212,211"
4942,"23,49,24"
4943,"23,24,74"
4944,"49,24,23"
4945,"220,10"
4946,"40,0,128"
4947,"10,31,23"
4948,"40,160,41"
4949,"23,24,40"
4950,"3,23,111"
4951,"23,26,40"
4952,"0,8,206"
4953,"3,4"
4954,"40,0,31"
4955,"40,145,402"
4956,"220,10"
4957,"23,74,26"
4958,"10,64,93"
4959,"10,44"
4960,"169,199"
4961,"169,3,111"
4962,"3,5,10"
4963,"3,23,74"
4964,"0,8,206"
4965,"3,41,32"
4966,"10,44,24"
4967,"3,21,0"
4968,"23,74,24"
4969,"23,10,220"
4970,"23,10,44"
4971,"10,220"
4972,"220,10"
4973,"3,40,41"
4974,"3,4,435"
4975,"24,10,23"
4976,"3,21"
4977,"3,21,147"
4978,"23,74,118"
4979,"0,3"
4980,"0,10,271"
4981,"10,44"
4982,"169,3,21"
4983,"40,3,135"
4984,"3,21"
4985,"3,21"
4986,"23,40,74"
4987,"40,3,131"
4988,"0,10,169"
4989,"40,131,128"
4990,"23,74"
4991,"10,0,220"
4992,"3,21"
4993,"3,21,23"
4994,"40,41,224"
4995,"10,64"
4996,"23,296,8"
4997,"169,199"
4998,"10,220"
4999,"64,93,10"
5000,"169,10,23"
5001,"3,169,4"
5002,"3,21"
5003,"40,23,128"
5004,"3,10,145"
5005,"169,199,10"
5006,"23,26,0"
5007,"169,199"
5008,"40,160,315"
5009,"40,131"
5010,"23,0,38"
5011,"0,271"
5012,"40,23,10"
5013,"3,4"
5014,"23,38"
5015,"93,64,10"
5016,"64,10,93"
5017,"4,3,435"
5018,"40,169,199"
5019,"169,170,10"
5020,"40,135"
5021,"10,3"
5022,"10,64"
5023,"169,199"
5024,"3,5,21"
5025,"169,199,21"
5026,"0,128,40"
5027,"40,3,41"
5028,"3,111,23"
5029,"3,147,156"
5030,"0,8,271"
5031,"3,4,435"
5032,"135,40,138"
5033,"169,199,170"
5034,"40,10,21"
5035,"0,271,8"
5036,"3,147,40"
5037,"169,296"
5038,"169,199,0"
5039,"40,131"
5040,"24,23,10"
5041,"64,10"
5042,"23,26,231"
5043,"10,24,23"
5044,"64,10,93"
5045,"40,128,129"
5046,"3,147,148"
5047,"3,4"
5048,"23,74,71"
5049,"3,21"
5050,"3,21,187"
5051,"40,184,128"
5052,"40,131"
5053,"3,15"
5054,"23,74,118"
5055,"3,4,23"
5056,"10,64"
5057,"3,147,148"
5058,"10,44,23"
5059,"3,169,21"
5060,"3,21"
5061,"3,21,147"
5062,"169,170,40"
5063,"3,40,21"
5064,"0,271,265"
5065,"3,4,5"
5066,"0,8"
5067,"3,4"
5068,"40,131"
5069,"3,4,435"
5070,"0,265,23"
5071,"10,23,24"
5072,"23,44,10"
5073,"40,135,23"
5074,"3,21,187"
5075,"3,21,41"
5076,"3,21"
5077,"3,21,147"
5078,"10,220"
5079,"40,186,128"
5080,"10,64,44"
5081,"10,220"
5082,"23,74"
5083,"169,40,8"
5084,"10,220,23"
5085,"3,21"
5086,"40,184"
5087,"3,17"
5088,"40,131"
5089,"40,3,145"
5090,"169,199"
5091,"23,10,38"
5092,"10,220"
5093,"10,220"
5094,"10,11"
5095,"23,24,74"
5096,"10,11"
5097,"10,64"
5098,"0,271"
5099,"10,44"
5100,"169,296"
5101,"40,128,129"
5102,"169,21,3"
5103,"40,128,250"
5104,"23,38,24"
5105,"169,199"
5106,"40,21,187"
5107,"3,21,169"
5108,"32,23,31"
5109,"3,17"
5110,"3,21,40"
5111,"49,24,40"
5112,"3,21,147"
5113,"3,15"
5114,"3,147,21"
5115,"10,40,239"
5116,"169,199"
5117,"0,10,271"
5118,"3,147,148"
5119,"3,21"
5120,"3,41,21"
5121,"10,40,145"
5122,"3,147,148"
5123,"3,21"
5124,"10,64"
5125,"10,44"
5126,"40,131"
5127,"169,23,3"
5128,"131,40"
5129,"128,129,40"
5130,"10,220"
5131,"23,74,38"
5132,"23,40"
5133,"10,220"
5134,"40,145,402"
5135,"0,8,206"
5136,"40,131,3"
5137,"0,8,40"
5138,"0,8,206"
5139,"0,271"
5140,"10,64,93"
5141,"64,10,93"
5142,"10,64"
5143,"169,170,171"
5144,"0,26,271"
5145,"3,5,4"
5146,"40,3,23"
5147,"402,10,145"
5148,"0,10,40"
5149,"3,21,41"
5150,"10,64,0"
5151,"3,4,147"
5152,"64,10"
5153,"169,3,135"
5154,"10,11"
5155,"10,44,23"
5156,"3,21"
5157,"3,199,21"
5158,"40,41,131"
5159,"23,40,131"
5160,"3,4,21"
5161,"3,21,169"
5162,"169,199,40"
5163,"10,220"
5164,"169,199,23"
5165,"0,10,271"
5166,"40,131,220"
5167,"3,21,17"
5168,"10,220"
5169,"3,23,40"
5170,"3,4,0"
5171,"0,40,8"
5172,"3,147,21"
5173,"3,296,15"
5174,"44,72,10"
5175,"3,53,21"
5176,"3,147,148"
5177,"169,3,199"
5178,"169,170,220"
5179,"10,24,23"
5180,"10,44"
5181,"3,0"
5182,"10,64,220"
5183,"23,26,231"
5184,"10,11"
5185,"169,10,23"
5186,"3,21"
5187,"23,74,26"
5188,"3,21,5"
5189,"3,40"
5190,"3,21,40"
5191,"169,199"
5192,"40,145,402"
5193,"23,74,40"
5194,"40,21,3"
5195,"23,49,24"
5196,"10,44,72"
5197,"0,10,8"
5198,"3,40"
5199,"0,31,131"
5200,"0,40,10"
5201,"3,17,21"
5202,"128,129"
5203,"23,38,26"
5204,"23,38,24"
5205,"40,3,41"
5206,"3,21,40"
5207,"3,21,40"
5208,"0,8,206"
5209,"169,199,21"
5210,"23,38,0"
5211,"10,23,44"
5212,"199,169"
5213,"40,41,160"
5214,"3,21,40"
5215,"10,44"
5216,"10,40,145"
5217,"169,170,171"
5218,"169,199"
5219,"23,74,3"
5220,"169,23,40"
5221,"3,21"
5222,"0,145,8"
5223,"23,38,74"
5224,"40,128,129"
5225,"169,508,23"
5226,"23,26,0"
5227,"10,64,93"
5228,"0,271"
5229,"10,11"
5230,"0,23,26"
5231,"0,271"
5232,"3,21,4"
5233,"40,3,41"
5234,"40,128,129"
5235,"10,44,23"
5236,"169,199,0"
5237,"169,170"
5238,"10,64,93"
5239,"169,199"
5240,"10,23,11"
5241,"3,10,15"
5242,"23,26,38"
5243,"220,10"
5244,"40,23,38"
5245,"3,21,40"
5246,"169,40,199"
5247,"3,4"
5248,"169,0,170"
5249,"40,131"
5250,"40,131"
5251,"23,74"
5252,"3,21,41"
5253,"3,0,21"
5254,"23,32,31"
5255,"0,271,313"
5256,"169,199"
5257,"40,145,146"
5258,"0,10,44"
5259,"0,8,206"
5260,"0,23,26"
5261,"23,40,74"
5262,"40,23,24"
5263,"23,38,26"
5264,"169,145,25"
5265,"10,220"
5266,"3,169"
5267,"169,199,10"
5268,"3,4,435"
5269,"3,21"
5270,"0,271"
5271,"40,145,169"
5272,"23,3,44"
5273,"40,169,170"
5274,"40,131"
5275,"31,23,169"
5276,"0,8,206"
5277,"0,26,271"
5278,"169,0,199"
5279,"3,21"
5280,"23,26,89"
5281,"23,40,44"
5282,"169,10,64"
5283,"23,74,3"
5284,"0,23,26"
5285,"3,147,148"
5286,"169,3,199"
5287,"3,21,169"
5288,"3,21,147"
5289,"40,160,0"
5290,"3,21"
5291,"3,147,21"
5292,"40,23,131"
5293,"0,271"
5294,"23,38,26"
5295,"169,199,0"
5296,"40,23,250"
5297,"23,44,10"
5298,"199,169,23"
5299,"10,220"
5300,"24,43,40"
5301,"10,23,64"
5302,"169,0,199"
5303,"24,23,43"
5304,"10,23,44"
5305,"0,3,40"
5306,"3,21,187"
5307,"40,23,74"
5308,"23,44,145"
5309,"10,64"
5310,"74,23,40"
5311,"10,44,11"
5312,"3,40"
5313,"0,23,10"
5314,"0,271,265"
5315,"10,44"
5316,"0,169,271"
5317,"3,21,146"
5318,"0,271,265"
5319,"3,17,21"
5320,"169,3,40"
5321,"40,131"
5322,"3,169,21"
5323,"0,8,23"
5324,"40,131,0"
5325,"135,40,4"
5326,"3,21,41"
5327,"169,199,3"
5328,"3,17"
5329,"23,38,0"
5330,"40,3,147"
5331,"40,131"
5332,"10,220,44"
5333,"3,21,4"
5334,"40,135"
5335,"3,40,111"
5336,"169,199"
5337,"23,32,31"
5338,"169,170,171"
5339,"40,131"
5340,"169,170,171"
5341,"169,199"
5342,"3,21"
5343,"40,0,199"
5344,"23,40,145"
5345,"23,38,0"
5346,"10,44,23"
5347,"23,26,169"
5348,"0,8,271"
5349,"3,10,169"
5350,"169,23,296"
5351,"3,21"
5352,"40,131"
5353,"10,0"
5354,"145,10,40"
5355,"40,131"
5356,"3,10,53"
5357,"23,74,38"
5358,"3,21,41"
5359,"23,49,24"
5360,"0,8,23"
5361,"3,21,40"
5362,"23,40,38"
5363,"3,15,111"
5364,"10,44"
5365,"3,21"
5366,"3,147,21"
5367,"169,170,40"
5368,"169,40,170"
5369,"3,21"
5370,"3,4"
5371,"10,64"
5372,"3,31,169"
5373,"0,265,271"
5374,"10,169,199"
5375,"40,131"
5376,"169,199"
5377,"199,0,169"
5378,"3,4"
5379,"169,170,10"
5380,"10,23,220"
5381,"40,128,186"
5382,"220,10"
5383,"0,271"
5384,"40,131,21"
5385,"0,271"
5386,"40,31,169"
5387,"3,10,21"
5388,"10,11,12"
5389,"0,21,40"
5390,"10,44"
5391,"10,64,93"
5392,"169,296"
5393,"3,21,199"
5394,"40,145,402"
5395,"23,40,145"
5396,"23,38,74"
5397,"0,8,271"
5398,"0,8,271"
5399,"0,23,271"
5400,"3,40,21"
5401,"169,199,10"
5402,"49,10,24"
5403,"40,131,41"
5404,"0,271,265"
5405,"40,131"
5406,"40,128,186"
5407,"0,26,271"
5408,"169,199"
5409,"3,147,148"
5410,"0,8,206"
5411,"169,296"
5412,"169,199"
5413,"64,10,93"
5414,"169,199"
5415,"10,31,169"
5416,"3,21"
5417,"3,21,5"
5418,"10,44,3"
5419,"10,44,40"
5420,"3,17"
5421,"21,3,40"
5422,"3,21,187"
5423,"3,21,187"
5424,"64,10,93"
5425,"169,64,10"
5426,"3,10,53"
5427,"23,49,24"
5428,"10,64"
5429,"10,220"
5430,"3,21"
5431,"3,4,435"
5432,"23,40,74"
5433,"10,3"
5434,"0,8"
5435,"10,64,23"
5436,"23,74,40"
5437,"0,8"
5438,"0,26,23"
5439,"40,146,145"
5440,"23,26,10"
5441,"23,220,3"
5442,"0,8,271"
5443,"0,8,206"
5444,"3,21,40"
5445,"40,0,10"
5446,"0,271"
5447,"40,3,21"
5448,"10,0"
5449,"40,184"
5450,"24,23,239"
5451,"3,169,199"
5452,"296,169"
5453,"3,21,187"
5454,"0,169"
5455,"40,131,21"
5456,"0,271"
5457,"169,21,199"
5458,"23,10,31"
5459,"3,17"
5460,"3,21,147"
5461,"24,43,10"
5462,"23,74"
5463,"3,21"
5464,"3,21"
5465,"0,10,64"
5466,"0,271,8"
5467,"40,169,170"
5468,"23,24,43"
5469,"0,271,8"
5470,"0,271,26"
5471,"169,296,170"
5472,"3,23,21"
5473,"0,271"
5474,"0,271,265"
5475,"3,147,21"
5476,"3,4,21"
5477,"10,64"
5478,"23,44,24"
5479,"296,169"
5480,"169,199"
5481,"3,40,111"
5482,"169,170,171"
5483,"0,8,206"
5484,"3,21,199"
5485,"169,296"
5486,"3,23,31"
5487,"23,24,199"
5488,"23,31,32"
5489,"296,169"
5490,"3,21,40"
5491,"10,64,169"
5492,"3,21"
5493,"10,64"
5494,"3,4"
5495,"0,271"
5496,"40,128"
5497,"0,26,271"
5498,"3,10,220"
5499,"3,10"
5500,"10,11,12"
5501,"10,44,23"
5502,"23,24,38"
5503,"64,10,93"
5504,"23,40,74"
5505,"40,131,23"
5506,"0,8,218"
5507,"0,212,211"
5508,"0,271,265"
5509,"10,169,24"
5510,"3,40"
5511,"3,21"
5512,"135,40,169"
5513,"3,21"
5514,"10,220,23"
5515,"44,10"
5516,"40,131"
5517,"10,64"
5518,"40,23,131"
5519,"3,21,40"
5520,"23,10,74"
5521,"23,26,24"
5522,"10,23,44"
5523,"3,21"
5524,"10,220"
5525,"3,147,21"
5526,"23,0,31"
5527,"0,3,169"
5528,"3,111,41"
5529,"10,11,44"
5530,"3,21,4"
5531,"10,44,23"
5532,"23,38,74"
5533,"169,199,40"
5534,"3,23,21"
5535,"0,271"
5536,"3,21,5"
5537,"3,21,169"
5538,"169,10,170"
5539,"10,11,44"
5540,"23,74,40"
5541,"181,23,145"
5542,"3,21,169"
5543,"0,169,199"
5544,"23,74,10"
5545,"3,21,40"
5546,"23,24,43"
5547,"169,199,3"
5548,"3,17,40"
5549,"10,11"
5550,"135,40,138"
5551,"40,135,169"
5552,"0,40,271"
5553,"169,170,199"
5554,"0,271"
5555,"23,24,44"
5556,"3,23,10"
5557,"23,24,49"
5558,"0,265,271"
5559,"23,38,26"
5560,"3,21,147"
5561,"3,21,147"
5562,"10,11,44"
5563,"10,220,0"
5564,"23,24,43"
5565,"0,271,8"
5566,"10,44"
5567,"0,169,337"
5568,"3,21,5"
5569,"40,41,224"
5570,"220,10"
5571,"23,24,43"
5572,"169,170,49"
5573,"3,21"
5574,"40,21,135"
5575,"23,0,38"
5576,"169,170,171"
5577,"0,271,265"
5578,"0,271,265"
5579,"10,220"
5580,"40,128"
5581,"44,10,8"
5582,"3,4"
5583,"40,135,23"
5584,"40,131"
5585,"44,72,23"
5586,"40,169,199"
5587,"10,220"
5588,"40,128"
5589,"3,40,21"
5590,"0,271,8"
5591,"23,38,74"
5592,"40,131"
5593,"40,41,128"
5594,"10,220"
5595,"23,26,38"
5596,"0,23,271"
5597,"169,296"
5598,"40,131,21"
5599,"0,271"
5600,"3,53,111"
5601,"10,44,23"
5602,"3,21,40"
5603,"23,0,26"
5604,"23,38,40"
5605,"10,44,0"
5606,"10,220"
5607,"0,23"
5608,"220,10"
5609,"24,23,40"
5610,"3,4"
5611,"0,271,3"
5612,"0,169,271"
5613,"3,0,21"
5614,"0,23,271"
5615,"3,15,4"
5616,"10,64"
5617,"0,271"
5618,"0,271,26"
5619,"3,5,21"
5620,"10,64,93"
5621,"10,220"
5622,"40,0,128"
5623,"0,23,271"
5624,"0,271"
5625,"3,10"
5626,"44,40,10"
5627,"169,40,199"
5628,"23,131,40"
5629,"23,3,220"
5630,"3,23,24"
5631,"23,31,32"
5632,"40,0,3"
5633,"169,199,10"
5634,"170,169,135"
5635,"64,10,93"
5636,"169,170,171"
5637,"23,26,89"
5638,"10,11,3"
5639,"3,169,21"
5640,"40,128"
5641,"0,271"
5642,"169,40,199"
5643,"40,3"
5644,"199,169"
5645,"0,64,10"
5646,"40,145,146"
5647,"10,64"
5648,"23,10,40"
5649,"23,38,40"
5650,"3,40,21"
5651,"169,296"
5652,"0,271"
5653,"23,38,40"
5654,"3,4"
5655,"0,8,271"
5656,"3,147,21"
5657,"3,40"
5658,"3,15,53"
5659,"3,21,111"
5660,"40,41,135"
5661,"10,64"
5662,"40,145,146"
5663,"23,26,231"
5664,"0,271"
5665,"0,271"
5666,"40,3,21"
5667,"3,40,5"
5668,"23,74,118"
5669,"145,10,169"
5670,"0,271,265"
5671,"10,64"
5672,"24,44,10"
5673,"23,40,131"
5674,"10,64"
5675,"3,21,4"
5676,"23,3"
5677,"169,0,296"
5678,"23,74,118"
5679,"3,21"
5680,"0,3,271"
5681,"10,44,145"
5682,"3,21"
5683,"10,44"
5684,"40,128,41"
5685,"3,23"
5686,"3,169,40"
5687,"10,11,64"
5688,"0,23,38"
5689,"49,24,21"
5690,"64,10"
5691,"40,128,186"
5692,"169,296,3"
5693,"23,10,26"
5694,"23,26,231"
5695,"23,74,26"
5696,"23,181,43"
5697,"3,4,435"
5698,"23,24,49"
5699,"3,147,23"
5700,"40,160,315"
5701,"169,296"
5702,"3,21,40"
5703,"10,64,24"
5704,"10,64"
5705,"3,21"
5706,"3,15,23"
5707,"40,131,184"
5708,"169,199"
5709,"3,40,147"
5710,"40,23,181"
5711,"0,8"
5712,"0,8,271"
5713,"10,220"
5714,"40,131"
5715,"169,0,199"
5716,"169,199"
5717,"10,11,12"
5718,"3,15"
5719,"40,131,128"
5720,"169,40,170"
5721,"3,21"
5722,"10,220"
5723,"40,131"
5724,"10,64,44"
5725,"3,21,147"
5726,"0,271"
5727,"3,4,435"
5728,"169,199,40"
5729,"23,10,24"
5730,"169,199,10"
5731,"0,271,23"
5732,"0,64,169"
5733,"23,74,40"
5734,"40,146,145"
5735,"3,15,21"
5736,"23,38,0"
5737,"23,31,8"
5738,"3,21,0"
5739,"10,24,64"
5740,"3,4"
5741,"23,49,24"
5742,"10,220"
5743,"3,4,435"
5744,"0,265,271"
5745,"3,147,156"
5746,"10,64"
5747,"23,40,508"
5748,"10,24,44"
5749,"64,10,93"
5750,"220,10"
5751,"40,160,128"
5752,"40,135"
5753,"10,40,220"
5754,"40,160,128"
5755,"24,43,23"
5756,"169,199"
5757,"3,60,13"
5758,"40,23"
5759,"169,0"
5760,"220,10"
5761,"40,131"
5762,"3,4,21"
5763,"10,44"
5764,"4,3"
5765,"3,21"
5766,"10,72,44"
5767,"41,40,224"
5768,"23,169,0"
5769,"169,199"
5770,"3,21,4"
5771,"23,26,89"
5772,"10,40,0"
5773,"181,10,43"
5774,"3,21"
5775,"44,10,23"
5776,"44,10"
5777,"3,169,199"
5778,"40,3"
5779,"3,21,41"
5780,"0,26,23"
5781,"3,40,21"
5782,"10,44"
5783,"3,40,10"
5784,"3,147,111"
5785,"3,23,147"
5786,"169,199"
5787,"10,220"
5788,"23,40,74"
5789,"40,23,38"
5790,"23,0,26"
5791,"23,131,24"
5792,"10,169,64"
5793,"3,40,131"
5794,"10,0,265"
5795,"169,199,40"
5796,"169,199,170"
5797,"10,44"
5798,"169,199,23"
5799,"23,74,40"
5800,"10,11,44"
5801,"40,160,315"
5802,"23,38"
5803,"23,24,43"
5804,"23,24,49"
5805,"0,271"
5806,"0,271,145"
5807,"0,3"
5808,"3,147,148"
5809,"23,24,0"
5810,"0,10,23"
5811,"3,15"
5812,"169,199"
5813,"3,21,169"
5814,"0,271"
5815,"0,23,26"
5816,"3,169,4"
5817,"40,128,131"
5818,"169,23,0"
5819,"169,199,40"
5820,"10,220"
5821,"0,8,206"
5822,"0,271"
5823,"23,10"
5824,"10,44,24"
5825,"40,23"
5826,"23,24,38"
5827,"3,21,147"
5828,"10,220"
5829,"24,23,43"
5830,"10,23,93"
5831,"3,21"
5832,"23,131,40"
5833,"23,26,38"
5834,"10,0,40"
5835,"40,128,129"
5836,"4,3,435"
5837,"10,220"
5838,"3,21,199"
5839,"10,220"
5840,"40,128,131"
5841,"40,160,315"
5842,"10,11"
5843,"199,169"
5844,"3,21"
5845,"0,26,128"
5846,"3,40,21"
5847,"3,40,296"
5848,"0,3,8"
5849,"169,8,296"
5850,"10,38,0"
5851,"10,64"
5852,"23,38,26"
5853,"3,21,53"
5854,"169,199"
5855,"40,131"
5856,"0,8,23"
5857,"40,131"
5858,"3,17"
5859,"0,265,271"
5860,"64,10,93"
5861,"23,10,74"
5862,"10,44,23"
5863,"3,4"
5864,"145,40,402"
5865,"40,184"
5866,"23,38"
5867,"10,220"
5868,"10,23,181"
5869,"3,10,5"
5870,"3,147,21"
5871,"169,199,0"
5872,"64,10"
5873,"10,23,44"
5874,"3,21"
5875,"40,131"
5876,"169,199"
5877,"32,31,23"
5878,"0,271,199"
5879,"3,40,21"
5880,"40,160,315"
5881,"3,21,23"
5882,"40,131"
5883,"169,199"
5884,"23,38,24"
5885,"0,271"
5886,"10,220"
5887,"10,3,44"
5888,"23,24,49"
5889,"40,128,250"
5890,"10,23"
5891,"3,21,301"
5892,"0,271"
5893,"3,21,41"
5894,"40,24,239"
5895,"0,23,265"
5896,"40,17,131"
5897,"3,4"
5898,"3,17"
5899,"169,296,3"
5900,"40,131"
5901,"199,40,169"
5902,"23,3,135"
5903,"169,199,10"
5904,"23,74,118"
5905,"3,21"
5906,"10,11,44"
5907,"40,128,186"
5908,"169,40"
5909,"64,10,93"
5910,"0,212,211"
5911,"40,135"
5912,"23,24,40"
5913,"40,131,41"
5914,"0,8"
5915,"23,10,25"
5916,"40,131"
5917,"40,131"
5918,"40,0,128"
5919,"3,147,156"
5920,"10,44,11"
5921,"23,40,71"
5922,"0,271"
5923,"43,24,23"
5924,"0,271,265"
5925,"3,0,21"
5926,"10,64"
5927,"3,21"
5928,"3,21,147"
5929,"3,4"
5930,"23,24,169"
5931,"10,44,24"
5932,"64,10,93"
5933,"3,40,21"
5934,"3,4,435"
5935,"40,169"
5936,"0,10,218"
5937,"23,10,40"
5938,"10,23"
5939,"40,160,315"
5940,"0,212,211"
5941,"10,64"
5942,"3,4"
5943,"10,220"
5944,"3,4"
5945,"40,135,23"
5946,"23,74,38"
5947,"0,23,8"
5948,"10,220"
5949,"0,3"
5950,"10,44,40"
5951,"0,271,40"
5952,"23,199"
5953,"3,21,74"
5954,"40,131,41"
5955,"135,40,138"
5956,"3,147,156"
5957,"3,15,21"
5958,"3,40,147"
5959,"169,49,8"
5960,"3,21,17"
5961,"40,3,169"
5962,"3,21"
5963,"10,44,0"
5964,"3,147,148"
5965,"0,271,218"
5966,"40,131"
5967,"40,23,24"
5968,"3,15"
5969,"169,199,3"
5970,"23,44,10"
5971,"169,170,171"
5972,"24,43,23"
5973,"0,8,206"
5974,"3,21"
5975,"23,40,131"
5976,"40,23,3"
5977,"10,220"
5978,"3,21,17"
5979,"64,10"
5980,"10,220"
5981,"0,271,265"
5982,"0,271"
5983,"10,11"
5984,"199,169,23"
5985,"3,4,169"
5986,"40,41,128"
5987,"0,169"
5988,"23,26,10"
5989,"3,21"
5990,"3,21,170"
5991,"0,8,265"
5992,"0,212,211"
5993,"220,10"
5994,"40,131"
5995,"10,64"
5996,"3,4"
5997,"220,10"
5998,"3,4,5"
5999,"40,131"
6000,"40,181,145"
6001,"3,21,147"
6002,"3,0,23"
6003,"0,271"
6004,"23,74,0"
6005,"23,181,40"
6006,"40,131,128"
6007,"3,21"
6008,"3,21,169"
6009,"3,21"
6010,"10,64,24"
6011,"3,5"
6012,"64,10,93"
6013,"10,44"
6014,"3,21"
6015,"3,169,21"
6016,"3,21,0"
6017,"10,169,64"
6018,"0,271,8"
6019,"3,111,40"
6020,"64,24,23"
6021,"0,271,265"
6022,"0,8,206"
6023,"3,21"
6024,"0,8,206"
6025,"23,10,44"
6026,"3,21"
6027,"0,8"
6028,"3,147,156"
6029,"40,131"
6030,"3,199,169"
6031,"23,74,118"
6032,"0,271"
6033,"40,145,10"
6034,"3,21"
6035,"40,135"
6036,"10,44,23"
6037,"23,74"
6038,"23,26,231"
6039,"3,4"
6040,"40,160,315"
6041,"40,131,23"
6042,"3,21,111"
6043,"40,135"
6044,"0,10"
6045,"40,131"
6046,"220,10"
6047,"24,23,43"
6048,"10,44,23"
6049,"3,38,21"
6050,"23,74,40"
6051,"40,23,74"
6052,"10,64,3"
6053,"40,135,41"
6054,"40,23,131"
6055,"3,10,17"
6056,"40,21,131"
6057,"0,271"
6058,"40,53,160"
6059,"23,26,38"
6060,"40,186,128"
6061,"40,3"
6062,"40,131,23"
6063,"3,40,21"
6064,"3,23,41"
6065,"23,24"
6066,"3,21,147"
6067,"23,38,32"
6068,"169,199"
6069,"3,4,435"
6070,"3,4"
6071,"3,5,21"
6072,"0,271,8"
6073,"169,296"
6074,"3,21,10"
6075,"40,160,315"
6076,"10,44"
6077,"0,271"
6078,"169,199,131"
6079,"23,24,43"
6080,"0,10,23"
6081,"0,8,3"
6082,"0,271,199"
6083,"0,169,271"
6084,"23,26,10"
6085,"10,64,23"
6086,"40,160,315"
6087,"23,74"
6088,"23,49,24"
6089,"24,10,43"
6090,"64,10,93"
6091,"10,64"
6092,"169,199,10"
6093,"40,128,129"
6094,"40,23,131"
6095,"0,23,26"
6096,"3,21,41"
6097,"10,44"
6098,"3,4"
6099,"64,10,93"
6100,"0,8,206"
6101,"40,23,250"
6102,"169,10,64"
6103,"0,271"
6104,"169,170,3"
6105,"169,296,23"
6106,"0,3,271"
6107,"40,131"
6108,"10,44,72"
6109,"3,4,147"
6110,"23,72,10"
6111,"23,40,131"
6112,"40,131,3"
6113,"169,10,199"
6114,"10,220"
6115,"169,64,199"
6116,"0,271"
6117,"0,265,10"
6118,"23,0,26"
6119,"10,11"
6120,"0,8,206"
6121,"10,44"
6122,"3,15,21"
6123,"40,23,128"
6124,"3,169,21"
6125,"0,271,8"
6126,"3,21,17"
6127,"3,21,41"
6128,"40,128,186"
6129,"44,10"
6130,"3,21"
6131,"3,17"
6132,"40,3,21"
6133,"0,271"
6134,"10,64"
6135,"3,147,21"
6136,"10,44"
6137,"3,21,147"
6138,"3,5,169"
6139,"40,3,21"
6140,"3,21"
6141,"44,10,40"
6142,"64,10,93"
6143,"64,10,93"
6144,"10,44"
6145,"41,40,224"
6146,"44,10,23"
6147,"0,271,26"
6148,"3,21,17"
6149,"24,23,10"
6150,"3,21"
6151,"296,0,169"
6152,"169,199"
6153,"169,40,199"
6154,"23,131,31"
6155,"10,220"
6156,"3,10,53"
6157,"23,44,10"
6158,"23,40,24"
6159,"40,131"
6160,"0,128,40"
6161,"3,15,4"
6162,"40,160,315"
6163,"169,199"
6164,"169,3,170"
6165,"10,44,23"
6166,"169,170"
6167,"10,220"
6168,"145,23,402"
6169,"3,21,0"
6170,"3,4,435"
6171,"3,296,169"
6172,"3,21,147"
6173,"169,40,199"
6174,"3,23,74"
6175,"23,3,40"
6176,"40,160,315"
6177,"40,128,129"
6178,"3,15,4"
6179,"10,169"
6180,"40,160,315"
6181,"10,220"
6182,"23,40,44"
6183,"40,23,10"
6184,"0,23,26"
6185,"3,169,199"
6186,"3,17"
6187,"23,24,49"
6188,"23,24,43"
6189,"74,23,118"
6190,"0,23,26"
6191,"23,74,40"
6192,"0,199,169"
6193,"23,38,40"
6194,"10,23,44"
6195,"23,40"
6196,"3,147,21"
6197,"3,21,4"
6198,"23,74,118"
6199,"24,23,43"
6200,"3,21,40"
6201,"10,64,93"
6202,"0,199,169"
6203,"145,181,64"
6204,"40,160,315"
6205,"23,26,38"
6206,"10,64"
6207,"3,40,21"
6208,"0,44,145"
6209,"3,40,21"
6210,"0,8,235"
6211,"3,21"
6212,"40,131,184"
6213,"23,0,26"
6214,"3,15"
6215,"10,11,12"
6216,"10,23,44"
6217,"0,40,31"
6218,"23,24,43"
6219,"40,131,160"
6220,"220,10"
6221,"0,271"
6222,"3,4,23"
6223,"40,131"
6224,"10,23"
6225,"220,10"
6226,"10,220"
6227,"10,64"
6228,"40,128"
6229,"3,21,187"
6230,"0,271"
6231,"0,271"
6232,"3,23,21"
6233,"0,271"
6234,"3,296,169"
6235,"3,21,169"
6236,"3,4"
6237,"128,40,23"
6238,"44,23,10"
6239,"10,44,23"
6240,"169,170,171"
6241,"40,131"
6242,"3,15,23"
6243,"3,21"
6244,"169,170,171"
6245,"23,38,3"
6246,"169,199"
6247,"3,21"
6248,"169,8"
6249,"10,23,44"
6250,"40,160,131"
6251,"0,271,8"
6252,"3,23,21"
6253,"3,169,21"
6254,"10,220"
6255,"3,296,147"
6256,"40,135,138"
6257,"0,271"
6258,"23,38,309"
6259,"0,128,313"
6260,"40,23,3"
6261,"40,184"
6262,"0,10"
6263,"40,41,135"
6264,"199,169"
6265,"10,64,93"
6266,"3,21,41"
6267,"3,21"
6268,"3,4"
6269,"3,21,41"
6270,"40,184,169"
6271,"3,21,169"
6272,"3,21,40"
6273,"3,21,147"
6274,"10,11,0"
6275,"3,21,5"
6276,"0,271"
6277,"10,44,11"
6278,"169,40,24"
6279,"17,3,10"
6280,"0,271"
6281,"3,4"
6282,"3,4"
6283,"40,3,160"
6284,"3,4"
6285,"3,4,435"
6286,"0,271"
6287,"64,10,93"
6288,"169,170,171"
6289,"40,3,41"
6290,"32,31,23"
6291,"40,131,3"
6292,"23,24,49"
6293,"3,21,40"
6294,"40,23"
6295,"10,44"
6296,"3,169,21"
6297,"0,8,206"
6298,"40,135,3"
6299,"10,11,64"
6300,"40,131"
6301,"169,199"
6302,"0,8,206"
6303,"40,10"
6304,"0,271"
6305,"10,44,11"
6306,"40,169,199"
6307,"23,3,74"
6308,"10,24,44"
6309,"3,40,21"
6310,"43,24,23"
6311,"10,44,23"
6312,"23,24,49"
6313,"199,169,40"
6314,"10,44"
6315,"23,74,118"
6316,"3,301,23"
6317,"10,44"
6318,"10,64"
6319,"10,64"
6320,"10,3,220"
6321,"23,24,43"
6322,"10,64"
6323,"10,44"
6324,"199,169"
6325,"40,128"
6326,"169,199"
6327,"3,4"
6328,"169,170,171"
6329,"10,220"
6330,"3,17"
6331,"3,4"
6332,"32,31,23"
6333,"49,23,24"
6334,"10,145,23"
6335,"23,38"
6336,"3,15,17"
6337,"3,21,40"
6338,"3,15"
6339,"23,10,38"
6340,"3,21,301"
6341,"3,10,11"
6342,"10,44"
6343,"10,181,24"
6344,"0,271"
6345,"0,8,206"
6346,"40,44,10"
6347,"220,10"
6348,"199,23,169"
6349,"3,21,111"
6350,"169,199"
6351,"40,160,128"
6352,"0,265,10"
6353,"0,271"
6354,"3,21"
6355,"10,145,38"
6356,"3,21,147"
6357,"169,31,23"
6358,"3,4"
6359,"40,23,74"
6360,"0,3,10"
6361,"169,3,296"
6362,"24,23,43"
6363,"41,40,224"
6364,"3,21,169"
6365,"40,145,23"
6366,"40,128"
6367,"23,169,31"
6368,"10,220,0"
6369,"3,40,41"
6370,"10,44,11"
6371,"3,23"
6372,"0,212,271"
6373,"40,3,41"
6374,"220,10"
6375,"40,131"
6376,"3,21"
6377,"23,24,49"
6378,"40,184,128"
6379,"3,21,147"
6380,"0,265"
6381,"0,271"
6382,"0,271,23"
6383,"10,220"
6384,"3,40,21"
6385,"23,10,24"
6386,"0,8"
6387,"169,199"
6388,"0,8,206"
6389,"3,21,147"
6390,"23,74"
6391,"10,24,44"
6392,"23,38,24"
6393,"3,21,199"
6394,"40,44,131"
6395,"169,199,10"
6396,"40,184,41"
6397,"169,0,199"
6398,"0,271"
6399,"10,220"
6400,"10,11,44"
6401,"0,3,271"
6402,"3,23,147"
6403,"3,21,301"
6404,"23,64,24"
6405,"10,24,23"
6406,"0,8,206"
6407,"40,146,145"
6408,"3,4,435"
6409,"0,8,271"
6410,"3,21,147"
6411,"23,3,26"
6412,"3,15"
6413,"23,10,24"
6414,"40,21,187"
6415,"3,4,21"
6416,"3,4,435"
6417,"23,40,74"
6418,"169,170,171"
6419,"131,40"
6420,"40,3,135"
6421,"3,4"
6422,"40,131,41"
6423,"169,199,10"
6424,"10,64"
6425,"3,40,21"
6426,"0,8,235"
6427,"40,131,10"
6428,"3,31,23"
6429,"40,131"
6430,"0,8,265"
6431,"169,199"
6432,"0,10,265"
6433,"23,24,49"
6434,"0,23"
6435,"40,184"
6436,"23,38,74"
6437,"10,23,74"
6438,"3,147,17"
6439,"3,17"
6440,"40,131,23"
6441,"0,26,23"
6442,"169,199"
6443,"23,40,38"
6444,"64,10,93"
6445,"3,4"
6446,"40,184,128"
6447,"4,3,435"
6448,"3,40,5"
6449,"3,21,17"
6450,"23,169,199"
6451,"40,23,135"
6452,"23,38"
6453,"0,8,206"
6454,"10,44,220"
6455,"10,44"
6456,"0,23,8"
6457,"3,15"
6458,"40,49,24"
6459,"3,21,169"
6460,"10,64,220"
6461,"0,271"
6462,"10,220"
6463,"23,3"
6464,"23,24,49"
6465,"3,169,21"
6466,"10,64,23"
6467,"0,199,169"
6468,"10,23,24"
6469,"40,131,3"
6470,"0,8,169"
6471,"40,3,10"
6472,"24,43,23"
6473,"3,147,21"
6474,"3,40"
6475,"131,40"
6476,"3,40,41"
6477,"40,3,128"
6478,"0,271,169"
6479,"40,21,41"
6480,"0,271"
6481,"40,10"
6482,"3,296,169"
6483,"40,41,128"
6484,"40,23,402"
6485,"0,271"
6486,"0,10,271"
6487,"3,21,5"
6488,"40,131"
6489,"40,23,131"
6490,"3,21"
6491,"0,271,8"
6492,"169,170,199"
6493,"3,40,21"
6494,"10,64,93"
6495,"3,296,169"
6496,"10,64"
6497,"169,40,170"
6498,"0,8,206"
6499,"169,199"
6500,"10,44"
6501,"3,21,147"
6502,"0,206,8"
6503,"40,23,31"
6504,"220,10"
6505,"10,64"
6506,"0,271,3"
6507,"40,135"
6508,"10,11,44"
6509,"40,128,129"
6510,"10,44,40"
6511,"3,21"
6512,"169,170,199"
6513,"3,169,21"
6514,"10,44"
6515,"10,220"
6516,"10,44,11"
6517,"23,40,31"
6518,"10,11"
6519,"3,74,23"
6520,"40,131"
6521,"10,0,64"
6522,"3,53,111"
6523,"3,4"
6524,"10,23,44"
6525,"169,170,171"
6526,"169,199"
6527,"40,160,315"
6528,"3,21,40"
6529,"3,147,21"
6530,"3,21"
6531,"23,40,10"
6532,"0,23"
6533,"3,4"
6534,"199,169,40"
6535,"23,220,40"
6536,"40,3"
6537,"3,21,111"
6538,"3,147,21"
6539,"40,128,129"
6540,"40,145,402"
6541,"40,128,129"
6542,"169,0,170"
6543,"220,0,10"
6544,"3,21"
6545,"23,38,309"
6546,"10,64"
6547,"3,40,160"
6548,"40,160,315"
6549,"40,128,186"
6550,"131,40"
6551,"0,271"
6552,"10,44"
6553,"10,64,93"
6554,"10,220"
6555,"3,21,111"
6556,"10,11"
6557,"169,170,171"
6558,"32,23,31"
6559,"0,296,169"
6560,"169,199,40"
6561,"10,44,145"
6562,"23,169,40"
6563,"23,24,131"
6564,"23,74,10"
6565,"23,74,135"
6566,"3,40,21"
6567,"3,21"
6568,"3,17"
6569,"169,199"
6570,"0,271,265"
6571,"0,8"
6572,"23,38,26"
6573,"0,23,26"
6574,"24,49,23"
6575,"3,111,41"
6576,"169,0,337"
6577,"10,11,23"
6578,"0,271,10"
6579,"199,169,40"
6580,"44,10"
6581,"23,0,24"
6582,"40,131"
6583,"3,40"
6584,"40,160,315"
6585,"23,38,40"
6586,"3,15,4"
6587,"24,23,43"
6588,"220,40,131"
6589,"199,169"
6590,"23,10,26"
6591,"40,128,131"
6592,"40,3,128"
6593,"220,10"
6594,"40,145,3"
6595,"23,38,131"
6596,"10,0,3"
6597,"3,40"
6598,"3,4,435"
6599,"10,220"
6600,"23,38,24"
6601,"10,44"
6602,"3,21,40"
6603,"10,64,40"
6604,"41,3,40"
6605,"3,21,169"
6606,"3,53,147"
6607,"199,169"
6608,"23,31,32"
6609,"64,10,93"
6610,"3,147,4"
6611,"0,271"
6612,"23,38,21"
6613,"10,11,44"
6614,"3,169,21"
6615,"40,135"
6616,"3,4,435"
6617,"131,40,23"
6618,"40,128"
6619,"3,21,17"
6620,"3,21,40"
6621,"10,23,44"
6622,"0,212,271"
6623,"0,206,8"
6624,"169,199,40"
6625,"10,11"
6626,"40,135,138"
6627,"3,21"
6628,"10,220"
6629,"3,93,5"
6630,"0,26,271"
6631,"0,271"
6632,"3,21,40"
6633,"0,271,265"
6634,"0,169,3"
6635,"23,38,40"
6636,"23,8,0"
6637,"3,21,5"
6638,"23,38,0"
6639,"64,10"
6640,"3,147,148"
6641,"0,271"
6642,"169,199,3"
6643,"23,10,38"
6644,"3,40"
6645,"23,26,231"
6646,"10,44"
6647,"169,170,171"
6648,"169,0,8"
6649,"3,4"
6650,"199,169,23"
6651,"10,145,44"
6652,"40,41,224"
6653,"23,38,0"
6654,"23,74"
6655,"3,21"
6656,"40,23,3"
6657,"23,38,44"
6658,"199,169,23"
6659,"21,40,3"
6660,"220,10"
6661,"24,43,23"
6662,"40,0,23"
6663,"40,128,23"
6664,"10,220"
6665,"3,21,147"
6666,"0,271"
6667,"3,15"
6668,"40,131"
6669,"23,40"
6670,"40,131,23"
6671,"23,26,0"
6672,"23,169,296"
6673,"40,10,23"
6674,"0,23,31"
6675,"23,40,145"
6676,"10,64,93"
6677,"169,199"
6678,"40,271,0"
6679,"0,8,206"
6680,"0,271,216"
6681,"23,38,3"
6682,"40,10"
6683,"10,64"
6684,"3,21"
6685,"169,135,40"
6686,"40,160,315"
6687,"3,21,169"
6688,"44,10,0"
6689,"0,271"
6690,"40,145,402"
6691,"3,40,131"
6692,"169,199,40"
6693,"3,21"
6694,"0,271"
6695,"3,147,148"
6696,"3,5,21"
6697,"3,111,199"
6698,"40,131"
6699,"3,21"
6700,"3,21"
6701,"10,11,12"
6702,"40,38,135"
6703,"10,220"
6704,"3,40,21"
6705,"23,0,38"
6706,"3,5,10"
6707,"23,40"
6708,"3,15"
6709,"23,31,181"
6710,"0,271,26"
6711,"23,24,10"
6712,"3,21"
6713,"169,199,40"
6714,"23,38,74"
6715,"199,169,10"
6716,"10,220"
6717,"24,43,23"
6718,"0,8"
6719,"0,23,8"
6720,"23,38,40"
6721,"10,44,23"
6722,"10,44"
6723,"23,26,38"
6724,"10,220"
6725,"40,131"
6726,"169,199,170"
6727,"0,271"
6728,"3,15,53"
6729,"40,131"
6730,"0,271,10"
6731,"169,170,171"
6732,"3,21"
6733,"3,147,21"
6734,"10,44"
6735,"23,26,0"
6736,"40,23,38"
6737,"402,145,10"
6738,"220,10"
6739,"3,147,23"
6740,"0,8,206"
6741,"40,169,199"
6742,"10,23,24"
6743,"10,220"
6744,"8,206,0"
6745,"3,21,40"
6746,"23,74,40"
6747,"23,40,24"
6748,"3,21,17"
6749,"3,40,23"
6750,"3,4"
6751,"0,271,265"
6752,"3,40,21"
6753,"40,3,21"
6754,"3,21,10"
6755,"296,169"
6756,"10,220"
6757,"3,21,23"
6758,"3,4"
6759,"3,147,40"
6760,"23,26,89"
6761,"10,11,12"
6762,"199,169,3"
6763,"23,26,0"
6764,"23,32,3"
6765,"3,0,21"
6766,"0,271"
6767,"10,44"
6768,"220,10"
6769,"169,10,199"
6770,"169,3,147"
6771,"0,271,8"
6772,"23,74,118"
6773,"40,160,0"
6774,"3,21"
6775,"3,4"
6776,"3,17"
6777,"169,296"
6778,"40,128,129"
6779,"0,271"
6780,"3,17"
6781,"40,131"
6782,"23,74,118"
6783,"169,199"
6784,"44,10,23"
6785,"0,271,265"
6786,"10,220,44"
6787,"131,40"
6788,"10,40,23"
6789,"169,296,170"
6790,"0,8,206"
6791,"10,44,145"
6792,"0,8,235"
6793,"220,10,0"
6794,"49,24,23"
6795,"0,271,26"
6796,"199,169,40"
6797,"23,38,40"
6798,"3,199,169"
6799,"3,4"
6800,"3,4,435"
6801,"23,74,10"
6802,"3,21,147"
6803,"0,271"
6804,"10,11,64"
6805,"23,10,44"
6806,"10,25,23"
6807,"169,0,337"
6808,"169,296,8"
6809,"3,4,435"
6810,"0,271,199"
6811,"40,128,41"
6812,"3,21"
6813,"3,169,170"
6814,"3,4"
6815,"10,11,44"
6816,"40,3,160"
6817,"199,169,40"
6818,"3,21"
6819,"3,21"
6820,"0,271,265"
6821,"0,271,265"
6822,"40,23,38"
6823,"40,41,74"
6824,"0,271"
6825,"10,64"
6826,"40,169,199"
6827,"40,131"
6828,"0,271,8"
6829,"23,10,24"
6830,"32,31,23"
6831,"24,10,43"
6832,"169,170,508"
6833,"3,21"
6834,"3,21,147"
6835,"40,135,128"
6836,"3,4,435"
6837,"10,64"
6838,"40,131,23"
6839,"23,40,74"
6840,"220,10,40"
6841,"169,296,8"
6842,"23,44,38"
6843,"23,0,38"
6844,"40,3,41"
6845,"0,271"
6846,"10,64,145"
6847,"3,21,187"
6848,"10,0"
6849,"23,24,43"
6850,"3,40,21"
6851,"23,26,10"
6852,"10,64,145"
6853,"0,8,206"
6854,"10,44,23"
6855,"3,21,40"
6856,"40,10,23"
6857,"3,15"
6858,"0,8,206"
6859,"0,271,8"
6860,"169,199"
6861,"169,199,40"
6862,"3,147,40"
6863,"10,44,24"
6864,"10,11"
6865,"40,250,135"
6866,"169,296,199"
6867,"10,64"
6868,"0,271"
6869,"10,64"
6870,"3,53,111"
6871,"40,131,0"
6872,"40,131"
6873,"10,23,44"
6874,"0,271"
6875,"23,0,26"
6876,"199,169"
6877,"40,26,89"
6878,"169,3"
6879,"3,21"
6880,"0,8,206"
6881,"220,10"
6882,"169,199"
6883,"181,23,64"
6884,"0,271,26"
6885,"169,296"
6886,"3,40"
6887,"181,23,145"
6888,"40,3,160"
6889,"10,44,11"
6890,"0,271"
6891,"23,40,131"
6892,"0,23,26"
6893,"0,271"
6894,"23,38"
6895,"24,43,23"
6896,"0,40,271"
6897,"0,271,265"
6898,"3,40,23"
6899,"40,128"
6900,"23,38"
6901,"10,11"
6902,"23,199,169"
6903,"10,220"
6904,"23,38,10"
6905,"23,26,169"
6906,"23,74"
6907,"3,21,15"
6908,"23,74,118"
6909,"10,44"
6910,"0,8"
6911,"3,15"
6912,"169,170,171"
6913,"40,131"
6914,"0,8,206"
6915,"8,0,206"
6916,"23,74"
6917,"40,23,38"
6918,"49,40,23"
6919,"3,4,23"
6920,"3,4"
6921,"10,220"
6922,"3,4,21"
6923,"23,74,118"
6924,"23,74"
6925,"169,0,31"
6926,"23,38,26"
6927,"10,220"
6928,"0,271"
6929,"23,40,38"
6930,"3,15,10"
6931,"10,64,23"
6932,"40,160,315"
6933,"169,199"
6934,"10,220,24"
6935,"3,0,271"
6936,"40,3,186"
6937,"23,0,145"
6938,"3,111,4"
6939,"10,44"
6940,"23,74,40"
6941,"0,265,271"
6942,"10,145,40"
6943,"169,170,171"
6944,"3,4,435"
6945,"23,40,131"
6946,"169,0,170"
6947,"0,8,206"
6948,"3,147,156"
6949,"3,5"
6950,"3,4,5"
6951,"10,64,93"
6952,"49,24,23"
6953,"3,21,169"
6954,"10,0"
6955,"10,64"
6956,"10,220"
6957,"3,15"
6958,"10,220"
6959,"169,0,199"
6960,"3,4"
6961,"3,296,40"
6962,"10,44,23"
6963,"4,3,435"
6964,"40,131"
6965,"199,169"
6966,"23,0,8"
6967,"23,38,26"
6968,"0,271,3"
6969,"23,24,49"
6970,"3,21,111"
6971,"3,21"
6972,"40,169,199"
6973,"44,10"
6974,"23,40,74"
6975,"169,170,171"
6976,"10,220"
6977,"3,21,0"
6978,"3,199,21"
6979,"0,8,206"
6980,"3,40,147"
6981,"10,220"
6982,"169,199,10"
6983,"10,64,93"
6984,"40,41,131"
6985,"40,41,135"
6986,"10,169,24"
6987,"169,199,0"
6988,"40,160,41"
6989,"169,170,171"
6990,"169,10,199"
6991,"169,199,0"
6992,"40,41,224"
6993,"169,296"
6994,"23,38"
6995,"3,4"
6996,"3,21,187"
6997,"40,184,131"
6998,"169,170,171"
6999,"40,131"
7000,"64,10,93"
7001,"64,10"
7002,"0,271,3"
7003,"10,64,93"
7004,"3,21"
7005,"40,128"
7006,"296,169"
7007,"3,40"
7008,"3,147,21"
7009,"3,4,435"
7010,"3,4"
7011,"40,131"
7012,"3,21"
7013,"40,23,10"
7014,"0,271,3"
7015,"32,31,23"
7016,"10,44,40"
7017,"0,271"
7018,"3,17,21"
7019,"3,21,111"
7020,"23,3,74"
7021,"23,31,145"
7022,"40,128,160"
7023,"10,23,44"
7024,"23,38"
7025,"3,111,21"
7026,"40,296,169"
7027,"40,44,10"
7028,"0,271"
7029,"40,10,64"
7030,"40,41"
7031,"3,23,15"
7032,"3,21,17"
7033,"0,26,89"
7034,"0,271"
7035,"10,23,44"
7036,"10,44"
7037,"3,21"
7038,"40,184,131"
7039,"10,11,12"
7040,"169,0,199"
7041,"23,3,40"
7042,"145,40,181"
7043,"10,64,93"
7044,"10,24,23"
7045,"40,135"
7046,"23,10,44"
7047,"10,44"
7048,"3,21"
7049,"40,3,128"
7050,"169,199,0"
7051,"169,8,170"
7052,"23,0,44"
7053,"220,10"
7054,"40,41,131"
7055,"169,0,199"
7056,"10,23,64"
7057,"0,23,206"
7058,"3,10,4"
7059,"38,23,0"
7060,"3,0,21"
7061,"3,4"
7062,"40,23,160"
7063,"199,169"
7064,"23,26,89"
7065,"40,0"
7066,"0,271"
7067,"10,220"
7068,"169,199"
7069,"0,8,206"
7070,"23,74,40"
7071,"169,296"
7072,"23,38,40"
7073,"10,0,23"
7074,"3,49,24"
7075,"10,44,24"
7076,"0,271,265"
7077,"145,40,402"
7078,"23,74"
7079,"169,170,23"
7080,"3,17"
7081,"44,10,23"
7082,"10,220,40"
7083,"169,170,171"
7084,"0,8"
7085,"3,40,21"
7086,"23,38,44"
7087,"23,38,24"
7088,"24,23,43"
7089,"3,147,21"
7090,"3,4"
7091,"10,64,23"
7092,"23,40,10"
7093,"3,40,4"
7094,"3,21,11"
7095,"10,44"
7096,"3,21,40"
7097,"10,220"
7098,"3,169,21"
7099,"40,145,31"
7100,"0,271,313"
7101,"32,31,23"
7102,"10,44,23"
7103,"49,23,24"
7104,"23,74,10"
7105,"40,128,160"
7106,"10,44,0"
7107,"49,23,24"
7108,"10,44,11"
7109,"23,3,38"
7110,"10,11"
7111,"23,74,118"
7112,"169,199,40"
7113,"40,23,31"
7114,"23,38,309"
7115,"0,26,271"
7116,"23,40,64"
7117,"24,43,23"
7118,"23,10,24"
7119,"40,131"
7120,"128,40,129"
7121,"10,220,44"
7122,"0,8"
7123,"40,135,169"
7124,"3,21"
7125,"31,23,169"
7126,"169,170,171"
7127,"3,40,21"
7128,"10,220"
7129,"10,64,93"
7130,"3,21,147"
7131,"0,199,169"
7132,"10,44,24"
7133,"0,271"
7134,"10,64,23"
7135,"0,271,26"
7136,"169,199,0"
7137,"0,271,265"
7138,"3,21,53"
7139,"3,21"
7140,"3,21"
7141,"40,23,0"
7142,"10,23,220"
7143,"10,220"
7144,"0,199,169"
7145,"169,23,296"
7146,"23,74,220"
7147,"0,271"
7148,"40,41,131"
7149,"40,145,184"
7150,"3,169,21"
7151,"3,169,21"
7152,"169,199,40"
7153,"169,199,0"
7154,"0,8,206"
7155,"44,10"
7156,"3,40"
7157,"3,4"
7158,"3,21,169"
7159,"40,23,128"
7160,"40,160,128"
7161,"23,131,40"
7162,"169,170,171"
7163,"0,3"
7164,"40,3"
7165,"169,170"
7166,"3,21,169"
7167,"23,74,10"
7168,"3,40,41"
7169,"3,21,169"
7170,"10,0,44"
7171,"40,160,315"
7172,"40,128,160"
7173,"3,4,435"
7174,"0,8"
7175,"3,15,4"
7176,"0,271"
7177,"3,21,32"
7178,"0,271"
7179,"0,169,199"
7180,"135,40,138"
7181,"131,40,23"
7182,"40,128,186"
7183,"23,26,231"
7184,"169,296"
7185,"40,145,402"
7186,"40,402,145"
7187,"3,21,4"
7188,"23,24,10"
7189,"10,220"
7190,"3,169,0"
7191,"3,4,147"
7192,"64,10,40"
7193,"40,131"
7194,"40,128,129"
7195,"0,271"
7196,"40,160,315"
7197,"10,145,24"
7198,"40,41,3"
7199,"44,10"
7200,"0,8,271"
7201,"40,135,41"
7202,"64,10,93"
7203,"0,10,271"
7204,"169,199,40"
7205,"10,40,23"
7206,"40,145,402"
7207,"0,212,211"
7208,"3,40,21"
7209,"10,44,0"
7210,"3,4,40"
7211,"3,15"
7212,"3,4,435"
7213,"128,40,129"
7214,"23,24,43"
7215,"10,64"
7216,"3,21,40"
7217,"169,135,40"
7218,"169,40,199"
7219,"10,64,93"
7220,"10,220"
7221,"40,23,3"
7222,"44,10,23"
7223,"169,199"
7224,"220,10"
7225,"40,199,169"
7226,"3,21"
7227,"3,10,21"
7228,"3,21,4"
7229,"40,131,128"
7230,"3,21,301"
7231,"40,131,41"
7232,"0,271,23"
7233,"23,74,38"
7234,"3,17,21"
7235,"23,32,31"
7236,"10,220"
7237,"10,40,44"
7238,"3,21,40"
7239,"3,21,187"
7240,"3,21,17"
7241,"169,199,3"
7242,"3,23,15"
7243,"169,40,199"
7244,"3,21,40"
7245,"3,4,435"
7246,"40,3,160"
7247,"3,21,147"
7248,"40,145,146"
7249,"23,38,40"
7250,"21,3,169"
7251,"3,156,147"
7252,"3,21"
7253,"23,169,31"
7254,"128,40"
7255,"10,44"
7256,"3,40,5"
7257,"3,23,74"
7258,"3,199,169"
7259,"0,265,3"
7260,"23,24,10"
7261,"3,21"
7262,"40,169,131"
7263,"40,23,128"
7264,"0,271,366"
7265,"0,169,49"
7266,"23,74,38"
7267,"0,271"
7268,"3,21,147"
7269,"169,199,40"
7270,"10,23,40"
7271,"3,21,187"
7272,"3,169,21"
7273,"3,40"
7274,"3,169,21"
7275,"0,271"
7276,"0,23,8"
7277,"24,23,43"
7278,"40,23,38"
7279,"40,160,315"
7280,"3,17"
7281,"3,4"
7282,"40,49,24"
7283,"10,44,23"
7284,"0,271,265"
7285,"3,147,156"
7286,"0,265"
7287,"169,0,337"
7288,"3,21,17"
7289,"169,199,0"
7290,"4,3"
7291,"40,145,146"
7292,"32,23,31"
7293,"3,40"
7294,"40,131,23"
7295,"3,21"
7296,"0,8,206"
7297,"23,49,24"
7298,"0,271,265"
7299,"23,26"
7300,"10,44,23"
7301,"10,64,93"
7302,"0,169,3"
7303,"10,11,44"
7304,"0,169,337"
7305,"10,44"
7306,"3,17,21"
7307,"10,40,23"
7308,"23,24,181"
7309,"3,21,169"
7310,"3,21,41"
7311,"3,4"
7312,"10,11,12"
7313,"43,24,23"
7314,"0,271,265"
7315,"0,271"
7316,"40,131"
7317,"3,147,40"
7318,"23,74,24"
7319,"0,3,169"
7320,"23,74,40"
7321,"40,135,3"
7322,"40,131"
7323,"3,21"
7324,"31,0,271"
7325,"0,23,40"
7326,"0,26,23"
7327,"3,40,21"
7328,"169,199"
7329,"0,271"
7330,"3,21"
7331,"23,32,31"
7332,"40,41,224"
7333,"40,128,129"
7334,"0,271"
7335,"169,199,23"
7336,"199,169"
7337,"23,38,40"
7338,"10,64,23"
7339,"40,128"
7340,"3,15"
7341,"23,26,38"
7342,"40,128,186"
7343,"3,40,41"
7344,"169,170,171"
7345,"3,40,21"
7346,"3,40"
7347,"3,169,199"
7348,"23,26,231"
7349,"3,21"
7350,"40,23,184"
7351,"0,271,10"
7352,"10,23,74"
7353,"40,131"
7354,"0,271,265"
7355,"10,64,93"
7356,"3,10,5"
7357,"169,3,199"
7358,"3,21,169"
7359,"3,21"
7360,"8,0,206"
7361,"3,21,40"
7362,"131,40"
7363,"3,4"
7364,"3,40"
7365,"64,10"
7366,"169,199,170"
7367,"23,40,74"
7368,"40,3,41"
7369,"40,23,93"
7370,"220,10,0"
7371,"0,271,212"
7372,"3,15"
7373,"3,111,4"
7374,"3,21"
7375,"23,40,128"
7376,"10,44"
7377,"10,44,24"
7378,"40,128,129"
7379,"3,4"
7380,"169,199"
7381,"3,21,40"
7382,"10,220"
7383,"3,21"
7384,"0,265,23"
7385,"0,10,212"
7386,"3,4"
7387,"10,11,12"
7388,"40,23,49"
7389,"31,32,3"
7390,"3,21"
7391,"40,128,129"
7392,"10,44,40"
7393,"40,23,131"
7394,"23,0,38"
7395,"40,3,31"
7396,"40,169,38"
7397,"3,4"
7398,"10,220"
7399,"23,40,26"
7400,"10,44"
7401,"23,3,21"
7402,"10,64"
7403,"145,40,402"
7404,"40,131,41"
7405,"10,64,24"
7406,"40,131,21"
7407,"0,271,220"
7408,"169,199,3"
7409,"24,43,10"
7410,"3,21"
7411,"40,135,250"
7412,"40,135,21"
7413,"3,23,15"
7414,"3,147,156"
7415,"10,44"
7416,"10,0,145"
7417,"199,169"
7418,"40,131"
7419,"23,40,38"
7420,"0,10,11"
7421,"3,21"
7422,"199,169,0"
7423,"10,64"
7424,"23,38,0"
7425,"3,21"
7426,"10,11,0"
7427,"0,271,3"
7428,"3,21,4"
7429,"10,44"
7430,"41,224,3"
7431,"23,26,231"
7432,"169,170,199"
7433,"3,23,21"
7434,"169,3,199"
7435,"40,128,131"
7436,"3,17,21"
7437,"10,64,24"
7438,"0,271"
7439,"3,23,10"
7440,"0,271,26"
7441,"10,11,12"
7442,"169,199"
7443,"10,11,3"
7444,"40,169,135"
7445,"40,3"
7446,"23,26,38"
7447,"40,23,31"
7448,"3,21"
7449,"23,49,24"
7450,"3,21"
7451,"3,21,40"
7452,"10,44,23"
7453,"3,21,169"
7454,"0,23,271"
7455,"3,4"
7456,"169,0,296"
7457,"10,64"
7458,"23,74,24"
7459,"10,44"
7460,"0,26,271"
7461,"3,17"
7462,"10,23,49"
7463,"3,21"
7464,"169,170,199"
7465,"3,21"
7466,"131,40,93"
7467,"0,8,206"
7468,"23,74"
7469,"3,4,435"
7470,"23,40,24"
7471,"23,38,40"
7472,"169,199"
7473,"169,199,131"
7474,"0,271"
7475,"3,17,15"
7476,"40,160,315"
7477,"169,135,40"
7478,"10,24,23"
7479,"0,271"
7480,"3,21,41"
7481,"10,44,11"
7482,"169,170,40"
7483,"3,21,53"
7484,"0,271,265"
7485,"10,64"
7486,"0,10,271"
7487,"40,131"
7488,"0,271"
7489,"40,131,128"
7490,"3,21,4"
7491,"40,3,41"
7492,"23,40,24"
7493,"10,220"
7494,"0,49,24"
7495,"23,169,38"
7496,"40,41,224"
7497,"220,10"
7498,"0,26,271"
7499,"169,199"
7500,"3,4"
7501,"0,271"
7502,"10,44,11"
7503,"0,271"
7504,"169,170,10"
7505,"169,199,10"
7506,"23,74"
7507,"3,0,21"
7508,"169,170,171"
7509,"23,74"
7510,"3,23,147"
7511,"40,23,74"
7512,"0,169,199"
7513,"10,64,93"
7514,"23,31,32"
7515,"3,40,41"
7516,"3,21"
7517,"169,199,10"
7518,"40,131"
7519,"169,199,3"
7520,"10,220"
7521,"23,38,26"
7522,"40,10,23"
7523,"169,0,3"
7524,"0,271,10"
7525,"40,131,23"
7526,"3,21,147"
7527,"40,131"
7528,"3,4,21"
7529,"169,170,171"
7530,"23,10,24"
7531,"10,44,11"
7532,"40,145,146"
7533,"3,4"
7534,"3,15"
7535,"24,23,40"
7536,"10,64"
7537,"40,41,3"
7538,"3,21,17"
7539,"0,8,206"
7540,"40,135"
7541,"169,199,40"
7542,"40,3,21"
7543,"32,31,23"
7544,"0,271"
7545,"3,21,187"
7546,"0,23,8"
7547,"49,24,23"
7548,"0,271"
7549,"10,44,23"
7550,"10,40,3"
7551,"0,271"
7552,"3,199,21"
7553,"3,15"
7554,"10,64"
7555,"10,220"
7556,"31,23,10"
7557,"3,4"
7558,"40,23,21"
7559,"169,40,170"
7560,"44,3,10"
7561,"3,21,4"
7562,"0,169,199"
7563,"23,24,43"
7564,"3,15,21"
7565,"23,145,169"
7566,"10,220"
7567,"0,8,206"
7568,"220,10"
7569,"3,147,21"
7570,"10,64,93"
7571,"40,3,41"
7572,"10,44,23"
7573,"10,220"
7574,"3,40,21"
7575,"23,38,26"
7576,"3,4,169"
7577,"131,40"
7578,"169,199"
7579,"23,24"
7580,"23,38,169"
7581,"10,44"
7582,"0,271"
7583,"3,15,147"
7584,"40,131,41"
7585,"3,21,169"
7586,"3,21,40"
7587,"24,23,43"
7588,"3,21,147"
7589,"10,44"
7590,"3,21,23"
7591,"40,135,41"
7592,"3,147,148"
7593,"3,4"
7594,"3,15"
7595,"0,271"
7596,"23,24,43"
7597,"40,220,10"
7598,"40,23,3"
7599,"169,199,40"
7600,"169,199"
7601,"24,23,43"
7602,"23,10,74"
7603,"40,23,31"
7604,"23,38,10"
7605,"0,271"
7606,"23,26"
7607,"3,147,4"
7608,"10,220"
7609,"23,49,24"
7610,"0,169,271"
7611,"3,21"
7612,"10,64"
7613,"0,271,23"
7614,"10,11,44"
7615,"0,271"
7616,"220,10"
7617,"10,44"
7618,"3,21"
7619,"40,23,24"
7620,"23,24,181"
7621,"10,11,44"
7622,"23,10,24"
7623,"3,21,15"
7624,"169,170,171"
7625,"0,271,8"
7626,"3,0,21"
7627,"3,17"
7628,"3,21,40"
7629,"40,160,315"
7630,"49,23,296"
7631,"3,21,147"
7632,"10,43,24"
7633,"10,220,0"
7634,"26,0,23"
7635,"3,21,169"
7636,"10,40,93"
7637,"40,0,402"
7638,"40,199,169"
7639,"3,21,40"
7640,"23,49,24"
7641,"31,3,10"
7642,"0,271,10"
7643,"0,128,129"
7644,"3,21"
7645,"40,128,23"
7646,"3,21,5"
7647,"0,271,3"
7648,"23,40,38"
7649,"0,271,265"
7650,"296,169"
7651,"10,220"
7652,"40,160,315"
7653,"40,296,21"
7654,"10,64"
7655,"23,26,89"
7656,"43,24,23"
7657,"3,15,0"
7658,"40,23,38"
7659,"3,21,169"
7660,"3,21,15"
7661,"40,23,131"
7662,"220,10"
7663,"23,10,44"
7664,"169,199,10"
7665,"40,131"
7666,"40,199,169"
7667,"3,17,10"
7668,"3,147,4"
7669,"3,5,21"
7670,"0,271"
7671,"169,170,171"
7672,"10,220,402"
7673,"10,220"
7674,"169,170,40"
7675,"10,23"
7676,"40,0,128"
7677,"23,40,31"
7678,"10,64,43"
7679,"3,21"
7680,"3,21"
7681,"169,170,171"
7682,"40,131"
7683,"0,23,26"
7684,"3,21"
7685,"10,0,40"
7686,"0,271,265"
7687,"3,4,10"
7688,"40,135,3"
7689,"3,21,40"
7690,"3,21"
7691,"40,135"
7692,"40,131"
7693,"10,64"
7694,"3,17"
7695,"10,0,44"
7696,"0,8,271"
7697,"3,23"
7698,"40,135,23"
7699,"23,49,24"
7700,"169,40,170"
7701,"23,40,131"
7702,"169,199,0"
7703,"64,10,93"
7704,"23,38,26"
7705,"40,0,128"
7706,"3,23,111"
7707,"3,147,156"
7708,"10,8,23"
7709,"40,128"
7710,"40,160,315"
7711,"23,26,38"
7712,"3,0,21"
7713,"23,74"
7714,"0,271,26"
7715,"10,24,44"
7716,"0,169"
7717,"40,3,128"
7718,"10,64,44"
7719,"3,21,23"
7720,"40,131"
7721,"10,64,24"
7722,"3,40,41"
7723,"23,74,118"
7724,"40,23"
7725,"10,145,402"
7726,"3,40,21"
7727,"10,64"
7728,"40,146,145"
7729,"3,40,21"
7730,"3,40,17"
7731,"169,170,171"
7732,"3,0,21"
7733,"0,23,169"
7734,"10,64"
7735,"10,23,24"
7736,"40,23,135"
7737,"3,21,4"
7738,"40,160,315"
7739,"3,17"
7740,"24,23,10"
7741,"31,23,10"
7742,"3,4,23"
7743,"3,147,148"
7744,"3,21"
7745,"3,21,40"
7746,"40,41,128"
7747,"3,21"
7748,"26,231,23"
7749,"3,40,186"
7750,"40,145,23"
7751,"3,4"
7752,"0,271,265"
7753,"40,3,21"
7754,"0,265,23"
7755,"3,17,220"
7756,"3,21,169"
7757,"169,24,23"
7758,"23,32,31"
7759,"10,23,169"
7760,"23,38,40"
7761,"0,271,265"
7762,"10,40,145"
7763,"0,26,23"
7764,"23,0,26"
7765,"3,15"
7766,"64,10,93"
7767,"10,169,3"
7768,"3,15,17"
7769,"40,135"
7770,"3,147,23"
7771,"3,147,21"
7772,"3,23,40"
7773,"169,199"
7774,"0,271"
7775,"0,8"
7776,"3,23,53"
7777,"0,23,38"
7778,"40,131"
7779,"10,220,38"
7780,"10,64,44"
7781,"3,21,147"
7782,"23,74,3"
7783,"169,199,0"
7784,"3,4"
7785,"220,10"
7786,"3,21,40"
7787,"23,38,26"
7788,"0,10,265"
7789,"23,26,38"
7790,"23,38"
7791,"10,11,44"
7792,"3,40,21"
7793,"40,21,3"
7794,"10,220"
7795,"3,111,40"
7796,"10,220"
7797,"10,169,199"
7798,"169,296,3"
7799,"23,38"
7800,"40,131"
7801,"10,44,0"
7802,"23,40,131"
7803,"23,74,62"
7804,"3,17"
7805,"3,21,40"
7806,"40,131,3"
7807,"3,21"
7808,"3,23,147"
7809,"10,11"
7810,"0,220,10"
7811,"3,21"
7812,"10,11,44"
7813,"0,169,199"
7814,"169,170,171"
7815,"40,41,224"
7816,"3,40,11"
7817,"64,10"
7818,"3,21"
7819,"3,21"
7820,"43,10,64"
7821,"10,23,44"
7822,"0,271"
7823,"23,10"
7824,"3,15"
7825,"3,10,53"
7826,"169,199,135"
7827,"0,265,3"
7828,"23,40,26"
7829,"0,271"
7830,"23,38,26"
7831,"169,199,40"
7832,"31,0"
7833,"23,10,24"
7834,"3,21,4"
7835,"169,64,10"
7836,"169,199"
7837,"169,199"
7838,"10,11"
7839,"10,44,23"
7840,"3,21,111"
7841,"23,26,0"
7842,"40,10"
7843,"3,40,21"
7844,"0,271,265"
7845,"24,43,40"
7846,"40,131"
7847,"40,160,315"
7848,"3,4"
7849,"3,17"
7850,"3,21"
7851,"3,32,31"
7852,"40,128"
7853,"0,8,206"
7854,"23,10,169"
7855,"169,199,0"
7856,"10,44"
7857,"40,10,128"
7858,"40,128,160"
7859,"0,271,265"
7860,"0,8"
7861,"3,4"
7862,"23,74,118"
7863,"40,145,146"
7864,"3,21,147"
7865,"23,3,74"
7866,"10,44,23"
7867,"23,49,24"
7868,"0,169,199"
7869,"3,23,21"
7870,"64,93,10"
7871,"23,24,49"
7872,"3,40,23"
7873,"169,10,11"
7874,"0,26,89"
7875,"23,38,40"
7876,"23,131,40"
7877,"10,64"
7878,"40,3,41"
7879,"169,0,199"
7880,"40,21,3"
7881,"3,0,265"
7882,"64,10,93"
7883,"23,10,24"
7884,"40,135"
7885,"0,271,169"
7886,"3,17"
7887,"3,23,147"
7888,"0,265"
7889,"23,32,31"
7890,"3,17"
7891,"0,212,211"
7892,"10,3,60"
7893,"0,8"
7894,"3,147,148"
7895,"3,10,11"
7896,"23,40,74"
7897,"169,170,171"
7898,"40,160,41"
7899,"3,21,17"
7900,"0,10,402"
7901,"23,10,31"
7902,"0,271"
7903,"0,10,23"
7904,"3,21,169"
7905,"3,21,0"
7906,"169,170,171"
7907,"3,21,169"
7908,"169,199"
7909,"169,23,296"
7910,"169,24,23"
7911,"44,10,23"
7912,"23,74,40"
7913,"0,199,169"
7914,"64,10,181"
7915,"3,4,21"
7916,"3,147,21"
7917,"24,43,23"
7918,"10,44"
7919,"169,199,170"
7920,"199,169"
7921,"10,220"
7922,"169,296,23"
7923,"64,10,40"
7924,"3,169,21"
7925,"23,74,40"
7926,"10,64,93"
7927,"23,40,38"
7928,"23,74,10"
7929,"131,40"
7930,"0,271"
7931,"3,21,5"
7932,"0,265,271"
7933,"3,40,21"
7934,"3,21,40"
7935,"0,169,199"
7936,"3,10"
7937,"0,8,206"
7938,"10,44,23"
7939,"3,15,21"
7940,"135,3,23"
7941,"23,32,31"
7942,"10,11,44"
7943,"199,169,135"
7944,"128,129,40"
7945,"23,31"
7946,"169,8,170"
7947,"23,24,10"
7948,"135,138,40"
7949,"10,24,40"
7950,"23,10,44"
7951,"3,17,21"
7952,"3,4"
7953,"40,131"
7954,"0,271"
7955,"40,160,315"
7956,"3,21,147"
7957,"10,44,23"
7958,"40,21,131"
7959,"0,265,23"
7960,"169,199"
7961,"0,169,271"
7962,"10,44"
7963,"3,4,435"
7964,"64,93,10"
7965,"3,21,5"
7966,"3,15,21"
7967,"3,21,40"
7968,"23,44,10"
7969,"3,21,169"
7970,"40,3"
7971,"3,40,74"
7972,"40,131"
7973,"3,21"
7974,"0,271"
7975,"23,26"
7976,"44,10,23"
7977,"10,44"
7978,"0,271,265"
7979,"40,64,128"
7980,"23,24,181"
7981,"10,23,64"
7982,"40,131"
7983,"3,23,111"
7984,"3,21,147"
7985,"40,131"
7986,"10,220,169"
7987,"40,128,129"
7988,"0,3,21"
7989,"10,220"
7990,"26,0,23"
7991,"23,10,24"
7992,"3,15,21"
7993,"0,10,265"
7994,"23,24,40"
7995,"169,3,199"
7996,"0,271"
7997,"3,21"
7998,"3,21,10"
7999,"26,23,231"
8000,"169,296,170"
8001,"3,23,40"
8002,"40,131"
8003,"3,111"
8004,"10,23,44"
8005,"3,17,40"
8006,"10,64"
8007,"3,15,147"
8008,"3,21"
8009,"23,26,231"
8010,"23,26,0"
8011,"3,111,23"
8012,"0,8,206"
8013,"24,23,49"
8014,"0,271,265"
8015,"0,271,26"
8016,"169,199"
8017,"3,21"
8018,"3,21,40"
8019,"44,10,0"
8020,"10,40,23"
8021,"3,21"
8022,"23,38,26"
8023,"40,131,3"
8024,"10,3,44"
8025,"40,3"
8026,"40,3,135"
8027,"10,11,12"
8028,"0,271,3"
8029,"3,4,435"
8030,"169,3,170"
8031,"169,170,199"
8032,"23,26,38"
8033,"3,17"
8034,"23,169,31"
8035,"3,21,40"
8036,"40,23,74"
8037,"40,128,145"
8038,"40,128,160"
8039,"10,64"
8040,"3,21,220"
8041,"169,0,3"
8042,"3,40,10"
8043,"0,271,265"
8044,"169,40,199"
8045,"10,220"
8046,"3,4"
8047,"3,21,5"
8048,"3,5,21"
8049,"93,10"
8050,"3,17"
8051,"23,26"
8052,"0,8,206"
8053,"3,21,169"
8054,"3,21,17"
8055,"23,10,74"
8056,"23,40,24"
8057,"23,169,8"
8058,"3,23,31"
8059,"40,23,38"
8060,"10,220"
8061,"10,220"
8062,"40,131,199"
8063,"40,128"
8064,"24,43,23"
8065,"169,199,170"
8066,"3,4,21"
8067,"3,21"
8068,"3,21,17"
8069,"145,40,402"
8070,"3,40,17"
8071,"10,11,12"
8072,"44,10,23"
8073,"40,135"
8074,"10,24,508"
8075,"23,10,24"
8076,"40,184,131"
8077,"10,3"
8078,"10,23,40"
8079,"3,21"
8080,"40,131"
8081,"23,43,24"
8082,"0,23,26"
8083,"40,131"
8084,"40,23,41"
8085,"40,128"
8086,"3,40,21"
8087,"0,10"
8088,"0,271,265"
8089,"0,23"
8090,"0,271"
8091,"3,44,111"
8092,"10,44,23"
8093,"10,220"
8094,"169,199"
8095,"199,169,3"
8096,"40,131"
8097,"3,4,21"
8098,"10,220,0"
8099,"10,44,220"
8100,"23,38,24"
8101,"169,170,171"
8102,"23,26,10"
8103,"3,21,4"
8104,"3,21"
8105,"3,21"
8106,"10,40,145"
8107,"3,21,40"
8108,"3,21,15"
8109,"0,271"
8110,"3,147,148"
8111,"24,23,43"
8112,"40,145,128"
8113,"3,4,21"
8114,"40,128,135"
8115,"40,23,74"
8116,"3,147,40"
8117,"10,220"
8118,"3,21,147"
8119,"23,38,0"
8120,"23,38,26"
8121,"23,24,43"
8122,"3,15"
8123,"23,40,74"
8124,"169,296,0"
8125,"169,199,10"
8126,"10,44,11"
8127,"10,44"
8128,"10,23,239"
8129,"40,184,128"
8130,"23,38"
8131,"0,265,271"
8132,"32,31,23"
8133,"3,40"
8134,"10,220"
8135,"0,10,271"
8136,"169,296"
8137,"3,15"
8138,"3,21,0"
8139,"10,220"
8140,"23,74"
8141,"3,21"
8142,"10,44,23"
8143,"169,199,10"
8144,"169,296,23"
8145,"40,128,131"
8146,"3,40,17"
8147,"3,21"
8148,"3,4"
8149,"0,23,26"
8150,"296,169"
8151,"0,8,235"
8152,"40,160,315"
8153,"23,10,31"
8154,"0,271"
8155,"3,23,41"
8156,"0,169,3"
8157,"40,23,131"
8158,"0,8"
8159,"40,23,38"
8160,"40,128,186"
8161,"40,184,23"
8162,"3,169,21"
8163,"3,147,156"
8164,"23,10"
8165,"40,3,184"
8166,"24,23,43"
8167,"3,21"
8168,"3,4,21"
8169,"3,21"
8170,"0,271"
8171,"44,10,23"
8172,"169,199"
8173,"23,26,89"
8174,"0,271,23"
8175,"0,271"
8176,"40,131"
8177,"3,4,64"
8178,"0,265,271"
8179,"3,4"
8180,"169,0,199"
8181,"40,131"
8182,"40,3,131"
8183,"23,10,74"
8184,"40,131"
8185,"10,220,402"
8186,"169,199"
8187,"3,21"
8188,"40,3"
8189,"169,10,199"
8190,"40,129,131"
8191,"40,128,186"
8192,"3,23,15"
8193,"40,23,145"
8194,"3,21,147"
8195,"23,40,38"
8196,"10,44"
8197,"3,21,301"
8198,"23,38,74"
8199,"64,10,93"
8200,"10,220,3"
8201,"0,212,211"
8202,"3,0,8"
8203,"3,21,169"
8204,"23,38,0"
8205,"0,8,206"
8206,"10,0,23"
8207,"0,271"
8208,"40,131"
8209,"10,199,169"
8210,"0,8,271"
8211,"10,0,44"
8212,"40,23,128"
8213,"0,8,235"
8214,"23,10,38"
8215,"0,271"
8216,"10,220"
8217,"3,17"
8218,"3,4"
8219,"23,49,24"
8220,"3,0,21"
8221,"23,49,24"
8222,"40,10,0"
8223,"3,21"
8224,"23,24,49"
8225,"49,169,24"
8226,"40,23,131"
8227,"3,17,128"
8228,"10,23,0"
8229,"169,296,23"
8230,"3,21"
8231,"0,271"
8232,"23,74"
8233,"24,43,23"
8234,"3,23,4"
8235,"23,38"
8236,"23,38"
8237,"3,53,21"
8238,"3,0,265"
8239,"0,271,26"
8240,"0,271"
8241,"23,24,43"
8242,"3,4"
8243,"40,131,23"
8244,"40,160,315"
8245,"40,10,145"
8246,"10,23,11"
8247,"10,0,44"
8248,"3,4,435"
8249,"0,271,8"
8250,"23,32,31"
8251,"169,199"
8252,"0,271,265"
8253,"0,8,206"
8254,"10,44,64"
8255,"10,23,239"
8256,"10,239,64"
8257,"3,0,21"
8258,"23,24,49"
8259,"40,131"
8260,"23,24,181"
8261,"10,64,24"
8262,"23,10,24"
8263,"3,21,199"
8264,"0,10,271"
8265,"169,199"
8266,"3,23"
8267,"10,23,64"
8268,"199,169"
8269,"23,40,74"
8270,"0,10,8"
8271,"3,169,21"
8272,"169,199,170"
8273,"0,23,8"
8274,"3,4"
8275,"24,23,43"
8276,"23,40,74"
8277,"40,3,128"
8278,"3,21,147"
8279,"23,31,24"
8280,"10,220"
8281,"40,131,169"
8282,"3,15"
8283,"169,296"
8284,"0,271"
8285,"40,131"
8286,"40,160,315"
8287,"3,21,147"
8288,"3,169,199"
8289,"3,4"
8290,"23,24,74"
8291,"10,169,171"
8292,"10,64"
8293,"40,184"
8294,"23,24,49"
8295,"0,8,206"
8296,"169,199"
8297,"3,4,53"
8298,"40,131"
8299,"3,4"
8300,"169,0,199"
8301,"0,169"
8302,"3,147,21"
8303,"23,40,3"
8304,"23,26,89"
8305,"3,21,147"
8306,"3,4,17"
8307,"0,8,206"
8308,"3,5,169"
8309,"40,3,41"
8310,"3,21"
8311,"0,271,23"
8312,"10,64,3"
8313,"23,38,74"
8314,"23,44,24"
8315,"3,21"
8316,"0,271"
8317,"3,21,40"
8318,"40,169,199"
8319,"49,23,24"
8320,"169,170,40"
8321,"3,41,40"
8322,"24,43,23"
8323,"24,23,43"
8324,"10,64"
8325,"10,64"
8326,"169,199"
8327,"40,128"
8328,"23,74,40"
8329,"169,508,23"
8330,"10,220"
8331,"3,21,4"
8332,"10,24,145"
8333,"10,11,12"
8334,"3,4,147"
8335,"3,21,17"
8336,"3,21"
8337,"40,23,38"
8338,"3,21,40"
8339,"40,160,315"
8340,"3,17"
8341,"3,40,21"
8342,"3,4"
8343,"0,8"
8344,"64,10,93"
8345,"23,26,3"
8346,"3,21,40"
8347,"40,41,3"
8348,"40,31,23"
8349,"23,74,3"
8350,"23,24,10"
8351,"10,11,44"
8352,"0,10,265"
8353,"0,23,26"
8354,"10,44,23"
8355,"3,23,111"
8356,"10,64,93"
8357,"3,4,435"
8358,"23,40,74"
8359,"10,44,220"
8360,"23,38,40"
8361,"169,199"
8362,"169,170,171"
8363,"0,128,26"
8364,"40,23,184"
8365,"0,271"
8366,"3,4"
8367,"32,23,31"
8368,"10,11"
8369,"3,21,147"
8370,"23,38,26"
8371,"0,23,26"
8372,"169,40,199"
8373,"23,131,40"
8374,"40,160,128"
8375,"3,17"
8376,"10,44,23"
8377,"0,271,313"
8378,"3,15"
8379,"10,11,44"
8380,"23,40,71"
8381,"3,40,41"
8382,"3,0,21"
8383,"10,23,44"
8384,"23,44"
8385,"0,8,271"
8386,"40,199,169"
8387,"10,145,0"
8388,"3,21,199"
8389,"10,220"
8390,"3,111,169"
8391,"40,160,315"
8392,"3,21,40"
8393,"3,21"
8394,"32,31,23"
8395,"3,21,199"
8396,"0,265,10"
8397,"44,10"
8398,"170,169,171"
8399,"0,10,40"
8400,"10,11,44"
8401,"23,74,31"
8402,"3,4"
8403,"169,199,40"
8404,"169,199,40"
8405,"169,199,21"
8406,"23,26,38"
8407,"10,44"
8408,"3,40,21"
8409,"3,21,40"
8410,"23,38,74"
8411,"23,0,296"
8412,"10,220,40"
8413,"10,44,23"
8414,"64,10,93"
8415,"10,44,11"
8416,"0,271,44"
8417,"10,64"
8418,"3,15,4"
8419,"23,74,38"
8420,"0,271"
8421,"10,64"
8422,"23,26,0"
8423,"135,40,169"
8424,"40,131"
8425,"40,131"
8426,"23,24,38"
8427,"23,0,26"
8428,"10,24,23"
8429,"10,40,402"
8430,"3,0,21"
8431,"169,199"
8432,"0,271,3"
8433,"10,64"
8434,"10,11"
8435,"3,296,21"
8436,"3,21,147"
8437,"0,3,265"
8438,"23,38,309"
8439,"3,21,17"
8440,"40,23,128"
8441,"3,17"
8442,"0,8,206"
8443,"3,21,40"
8444,"23,74,10"
8445,"3,23,38"
8446,"169,199"
8447,"10,44"
8448,"0,271"
8449,"3,4,5"
8450,"0,129,8"
8451,"23,38,10"
8452,"3,21,111"
8453,"0,271,265"
8454,"40,128"
8455,"23,38,309"
8456,"23,10,38"
8457,"3,21,187"
8458,"169,199,508"
8459,"0,271,265"
8460,"0,271,8"
8461,"0,26,23"
8462,"23,38,26"
8463,"23,44,24"
8464,"40,3"
8465,"40,160,315"
8466,"169,0,26"
8467,"40,41,224"
8468,"23,40,131"
8469,"44,72,10"
8470,"3,17"
8471,"0,3,271"
8472,"169,199"
8473,"64,10,93"
8474,"169,199,10"
8475,"0,8,206"
8476,"0,271,8"
8477,"23,24,43"
8478,"10,220"
8479,"169,4,508"
8480,"3,4,15"
8481,"220,10"
8482,"129,23,128"
8483,"10,220"
8484,"169,199,21"
8485,"220,10"
8486,"38,21,3"
8487,"169,199,40"
8488,"3,23,21"
8489,"10,40,131"
8490,"169,199,3"
8491,"40,128"
8492,"3,169,0"
8493,"49,23,24"
8494,"23,10,40"
8495,"23,24,49"
8496,"0,271"
8497,"23,40,145"
8498,"10,64"
8499,"3,169,296"
8500,"169,199"
8501,"3,21,301"
8502,"0,8,206"
8503,"23,145,40"
8504,"169,3"
8505,"10,24,239"
8506,"3,40,23"
8507,"169,199,40"
8508,"10,11,44"
8509,"40,160,315"
8510,"23,10,74"
8511,"169,199"
8512,"40,131,41"
8513,"3,21"
8514,"169,40,199"
8515,"3,17"
8516,"169,3"
8517,"169,199,23"
8518,"0,271,40"
8519,"10,44,23"
8520,"169,40,199"
8521,"3,147,148"
8522,"10,26,23"
8523,"0,271,64"
8524,"40,23,135"
8525,"23,3,74"
8526,"23,26,0"
8527,"10,44,72"
8528,"3,111,40"
8529,"40,131"
8530,"199,169,0"
8531,"3,21,24"
8532,"3,21,23"
8533,"3,4"
8534,"10,220"
8535,"3,21"
8536,"10,44"
8537,"23,26,38"
8538,"23,10,24"
8539,"0,265,271"
8540,"3,21"
8541,"169,40,135"
8542,"0,3,31"
8543,"40,3,21"
8544,"220,10"
8545,"3,21,41"
8546,"0,271,3"
8547,"3,21,187"
8548,"40,145,146"
8549,"0,8,23"
8550,"40,160,315"
8551,"0,10"
8552,"10,0"
8553,"3,17"
8554,"3,21,40"
8555,"3,21"
8556,"3,21"
8557,"0,169,271"
8558,"23,38,74"
8559,"220,10"
8560,"10,64"
8561,"10,11,0"
8562,"10,64"
8563,"23,26,231"
8564,"10,44"
8565,"0,8,313"
8566,"145,40,402"
8567,"169,10,170"
8568,"169,199"
8569,"40,131"
8570,"3,21"
8571,"3,21"
8572,"10,220"
8573,"199,169"
8574,"0,265,271"
8575,"3,111,21"
8576,"10,220"
8577,"3,147,156"
8578,"40,199,169"
8579,"24,23,43"
8580,"3,169,21"
8581,"23,38"
8582,"10,44,23"
8583,"3,21"
8584,"26,23,0"
8585,"40,128,129"
8586,"3,40,21"
8587,"23,24,49"
8588,"23,10,24"
8589,"23,31,32"
8590,"3,40"
8591,"10,40,220"
8592,"23,24,43"
8593,"169,0,170"
8594,"0,10,220"
8595,"169,40,199"
8596,"64,10,93"
8597,"0,271,40"
8598,"199,169"
8599,"3,15"
8600,"40,128,0"
8601,"10,64"
8602,"169,170,199"
8603,"40,3"
8604,"40,131,160"
8605,"169,3,21"
8606,"3,111"
8607,"10,11,44"
8608,"169,8,296"
8609,"169,170,171"
8610,"3,21,187"
8611,"23,74,118"
8612,"10,23,44"
8613,"10,11,44"
8614,"0,271,265"
8615,"23,38,24"
8616,"0,271"
8617,"23,49,24"
8618,"3,21,169"
8619,"40,23,181"
8620,"3,40"
8621,"3,21,41"
8622,"3,0"
8623,"169,199"
8624,"17,3,10"
8625,"40,131"
8626,"10,220"
8627,"10,23,40"
8628,"40,135,23"
8629,"3,23,40"
8630,"3,5,21"
8631,"21,0,199"
8632,"0,26,23"
8633,"0,169,296"
8634,"3,40,21"
8635,"3,21"
8636,"24,23,43"
8637,"3,147,15"
8638,"40,131,23"
8639,"3,147,156"
8640,"23,38,31"
8641,"40,41,135"
8642,"40,131"
8643,"0,23,26"
8644,"72,44,10"
8645,"3,0,265"
8646,"3,40,21"
8647,"131,23,40"
8648,"40,160,128"
8649,"3,23,10"
8650,"3,21,4"
8651,"0,265,10"
8652,"0,212,271"
8653,"40,128,169"
8654,"169,40,199"
8655,"10,23,24"
8656,"3,21,74"
8657,"40,131"
8658,"49,24,23"
8659,"23,49,24"
8660,"128,40,129"
8661,"0,271"
8662,"10,11,44"
8663,"40,131"
8664,"10,44"
8665,"131,40"
8666,"0,3,271"
8667,"0,169,3"
8668,"3,4"
8669,"0,271,23"
8670,"3,21,15"
8671,"0,271,23"
8672,"10,220"
8673,"0,271"
8674,"40,135,250"
8675,"3,21,147"
8676,"10,64"
8677,"3,21,40"
8678,"169,199"
8679,"49,23,0"
8680,"169,199"
8681,"0,8,206"
8682,"3,21,169"
8683,"3,21"
8684,"169,199,23"
8685,"3,21,53"
8686,"169,199"
8687,"23,24,43"
8688,"23,24,49"
8689,"0,8,206"
8690,"169,199,3"
8691,"3,21"
8692,"3,40,41"
8693,"3,40,21"
8694,"10,64"
8695,"40,135,138"
8696,"64,10"
8697,"23,181,24"
8698,"10,220"
8699,"0,8"
8700,"0,169,199"
8701,"10,64"
8702,"3,40,147"
8703,"3,147"
8704,"0,199,169"
8705,"23,24,43"
8706,"40,135,41"
8707,"23,40,38"
8708,"23,0,26"
8709,"23,10,24"
8710,"40,23,508"
8711,"40,129,128"
8712,"0,271,26"
8713,"40,23,135"
8714,"10,44,220"
8715,"169,170,171"
8716,"40,3,41"
8717,"3,40"
8718,"64,10,93"
8719,"3,21,0"
8720,"0,271"
8721,"3,4,21"
8722,"3,21,147"
8723,"23,31,32"
8724,"40,135,3"
8725,"10,44"
8726,"10,64"
8727,"23,49,24"
8728,"23,74"
8729,"3,17,21"
8730,"40,131"
8731,"0,271"
8732,"44,10"
8733,"169,40,135"
8734,"40,3,296"
8735,"40,128,135"
8736,"3,21"
8737,"10,24,44"
8738,"10,44"
8739,"169,199,23"
8740,"23,24,49"
8741,"23,26,0"
8742,"3,15,111"
8743,"169,199,64"
8744,"10,220"
8745,"0,271"
8746,"40,10,128"
8747,"3,40"
8748,"169,0,296"
8749,"0,271,40"
8750,"0,271,23"
8751,"0,271"
8752,"40,23,145"
8753,"0,271,8"
8754,"10,11"
8755,"3,40,128"
8756,"0,271,265"
8757,"10,220"
8758,"0,220,3"
8759,"3,23,10"
8760,"3,111,169"
8761,"40,0,38"
8762,"199,169,0"
8763,"40,135,138"
8764,"3,15,21"
8765,"0,271"
8766,"32,31,23"
8767,"23,10,24"
8768,"10,11,44"
8769,"40,131,23"
8770,"0,271"
8771,"10,220"
8772,"23,26,10"
8773,"10,24,220"
8774,"40,131,128"
8775,"10,64,93"
8776,"3,21,40"
8777,"0,23,26"
8778,"23,24,43"
8779,"3,40,21"
8780,"23,40,135"
8781,"0,271,8"
8782,"40,145,146"
8783,"169,199"
8784,"169,199"
8785,"10,64"
8786,"10,44"
8787,"43,24,23"
8788,"3,21,40"
8789,"23,74"
8790,"10,220"
8791,"10,220"
8792,"0,169,23"
8793,"8,0,3"
8794,"169,3,199"
8795,"3,40,21"
8796,"0,271,8"
8797,"3,40,21"
8798,"10,64"
8799,"3,21"
8800,"40,128,186"
8801,"0,8,206"
8802,"32,23,31"
8803,"10,220,0"
8804,"23,32,31"
8805,"0,271"
8806,"10,44,11"
8807,"23,49,24"
8808,"3,21,111"
8809,"23,32,31"
8810,"0,8,26"
8811,"3,21,40"
8812,"10,64"
8813,"0,271,265"
8814,"23,74,118"
8815,"3,21"
8816,"3,21"
8817,"3,21,0"
8818,"0,271,169"
8819,"23,26,38"
8820,"23,131,40"
8821,"0,271"
8822,"169,199"
8823,"0,220,10"
8824,"3,271,23"
8825,"23,74,24"
8826,"3,15,21"
8827,"199,169,40"
8828,"3,21"
8829,"0,8,271"
8830,"0,23,271"
8831,"3,17,21"
8832,"40,23,44"
8833,"3,10"
8834,"3,21,40"
8835,"0,8,235"
8836,"10,0,44"
8837,"169,170,171"
8838,"23,74,10"
8839,"0,271"
8840,"3,21"
8841,"40,128"
8842,"23,26,74"
8843,"3,21"
8844,"49,24,23"
8845,"3,23"
8846,"169,199"
8847,"3,21,41"
8848,"40,146,145"
8849,"40,145,146"
8850,"10,64"
8851,"40,131,41"
8852,"10,220"
8853,"199,169"
8854,"199,169,23"
8855,"131,40"
8856,"10,24,64"
8857,"44,10"
8858,"10,220"
8859,"44,10,40"
8860,"23,10,26"
8861,"0,10,199"
8862,"3,4,435"
8863,"10,64"
8864,"23,74,40"
8865,"40,181,3"
8866,"40,169,170"
8867,"3,169,8"
8868,"23,31,32"
8869,"3,21,169"
8870,"23,74,3"
8871,"169,199,10"
8872,"10,11,44"
8873,"3,4"
8874,"40,402,145"
8875,"40,131,160"
8876,"3,169,21"
8877,"0,23,26"
8878,"0,8,206"
8879,"170,169,171"
8880,"40,21,3"
8881,"0,10,265"
8882,"0,169,170"
8883,"10,64,44"
8884,"3,4"
8885,"40,131,21"
8886,"3,21,17"
8887,"10,220"
8888,"23,38,24"
8889,"3,0,40"
8890,"402,10,145"
8891,"169,170,171"
8892,"169,0,199"
8893,"3,169,199"
8894,"0,10,265"
8895,"3,21,17"
8896,"0,271"
8897,"3,15,147"
8898,"220,10"
8899,"3,147,21"
8900,"0,8,206"
8901,"169,199,23"
8902,"40,3,135"
8903,"23,199,38"
8904,"10,44"
8905,"3,147,21"
8906,"3,4"
8907,"40,131"
8908,"3,40"
8909,"40,186,128"
8910,"23,32,31"
8911,"23,0,74"
8912,"3,15,23"
8913,"169,10,44"
8914,"3,147,21"
8915,"40,135,250"
8916,"40,169,199"
8917,"40,131"
8918,"10,44"
8919,"3,40,147"
8920,"23,74,3"
8921,"169,199,3"
8922,"23,10,38"
8923,"3,5"
8924,"0,8"
8925,"10,23,31"
8926,"40,128"
8927,"64,10,93"
8928,"3,21"
8929,"3,21"
8930,"0,72,23"
8931,"169,296"
8932,"10,23,72"
8933,"10,24,44"
8934,"40,23,0"
8935,"23,26,0"
8936,"3,147,148"
8937,"49,23,24"
8938,"0,271,3"
8939,"199,169,0"
8940,"40,10,23"
8941,"3,21,187"
8942,"169,199"
8943,"220,10"
8944,"0,271,265"
8945,"169,199,26"
8946,"0,8,235"
8947,"23,0,24"
8948,"23,181,24"
8949,"10,220,0"
8950,"3,4,147"
8951,"40,131,23"
8952,"3,10,40"
8953,"169,23,199"
8954,"10,64,93"
8955,"169,40,135"
8956,"10,44,40"
8957,"169,170,171"
8958,"3,21,0"
8959,"40,128"
8960,"220,10"
8961,"23,74,10"
8962,"40,41,224"
8963,"40,23,220"
8964,"10,44"
8965,"44,23,10"
8966,"3,4,40"
8967,"3,21,4"
8968,"3,4"
8969,"3,21,40"
8970,"3,21,15"
8971,"40,38,23"
8972,"3,21"
8973,"0,40,31"
8974,"40,160,315"
8975,"3,21,147"
8976,"3,0,21"
8977,"40,131"
8978,"10,44"
8979,"10,64"
8980,"220,10"
8981,"3,40,21"
8982,"40,44,10"
8983,"3,147,156"
8984,"169,170,0"
8985,"0,10,271"
8986,"10,44,0"
8987,"169,199,26"
8988,"23,26,38"
8989,"169,170,171"
8990,"3,147,148"
8991,"40,160,315"
8992,"10,44"
8993,"40,23,38"
8994,"23,38,26"
8995,"10,44"
8996,"23,24,43"
8997,"40,186,128"
8998,"40,181,145"
8999,"3,4,435"
9000,"3,111,4"
9001,"199,0,169"
9002,"10,220"
9003,"40,44,145"
9004,"10,220"
9005,"40,135"
9006,"10,23,64"
9007,"3,4,21"
9008,"23,40,44"
9009,"3,4"
9010,"0,271"
9011,"23,10,26"
9012,"10,44"
9013,"10,220"
9014,"10,220"
9015,"0,10,40"
9016,"3,40,21"
9017,"3,21,5"
9018,"10,11,44"
9019,"0,10"
9020,"23,74,10"
9021,"40,41,131"
9022,"3,21,5"
9023,"169,199,0"
9024,"0,271,265"
9025,"0,271,265"
9026,"3,10,17"
9027,"3,21,40"
9028,"181,23,40"
9029,"23,10,3"
9030,"10,31,23"
9031,"169,23,38"
9032,"3,40,21"
9033,"10,220"
9034,"23,3,24"
9035,"0,169,10"
9036,"3,21"
9037,"10,64,93"
9038,"169,296,8"
9039,"3,147,148"
9040,"0,271"
9041,"23,49,24"
9042,"40,160,315"
9043,"23,24,26"
9044,"3,21"
9045,"0,271"
9046,"3,21,187"
9047,"64,10,93"
9048,"10,64"
9049,"3,21"
9050,"10,220"
9051,"0,271"
9052,"3,21,40"
9053,"3,23,160"
9054,"10,220"
9055,"3,21,17"
9056,"3,40,41"
9057,"23,24,43"
9058,"40,41,3"
9059,"32,31,23"
9060,"0,8"
9061,"10,11,23"
9062,"40,128,186"
9063,"10,23"
9064,"3,21,40"
9065,"40,23,74"
9066,"169,40,199"
9067,"23,74"
9068,"3,17"
9069,"3,4"
9070,"10,220"
9071,"23,10,3"
9072,"10,23,44"
9073,"169,199"
9074,"169,199,0"
9075,"0,271"
9076,"10,64"
9077,"0,169,3"
9078,"40,135"
9079,"3,15"
9080,"0,265,23"
9081,"40,160,23"
9082,"10,64"
9083,"23,38,0"
9084,"40,199,169"
9085,"3,4,21"
9086,"169,3,199"
9087,"0,8,206"
9088,"0,271"
9089,"3,15,21"
9090,"10,40"
9091,"169,199"
9092,"169,199"
9093,"8,0,206"
9094,"169,10,199"
9095,"3,15"
9096,"169,199"
9097,"10,44,24"
9098,"3,21"
9099,"3,4"
9100,"23,49,24"
9101,"10,23,128"
9102,"181,145,40"
9103,"3,0,40"
9104,"23,38,74"
9105,"40,135,41"
9106,"10,220"
9107,"23,11,3"
9108,"0,10,265"
9109,"10,44"
9110,"40,3,131"
9111,"3,21"
9112,"40,160,315"
9113,"220,10"
9114,"169,199"
9115,"10,11,44"
9116,"3,21"
9117,"10,44,23"
9118,"23,74,40"
9119,"23,74"
9120,"40,128,129"
9121,"3,4,21"
9122,"3,21"
9123,"0,23,10"
9124,"10,220,145"
9125,"0,169,199"
9126,"3,21"
9127,"10,0,11"
9128,"0,271,10"
9129,"23,74"
9130,"3,111,0"
9131,"10,23,169"
9132,"3,21"
9133,"23,40,131"
9134,"23,38"
9135,"10,44,23"
9136,"23,43,10"
9137,"40,3,135"
9138,"32,31,23"
9139,"10,11"
9140,"10,44"
9141,"40,128"
9142,"10,220"
9143,"3,4"
9144,"169,40,170"
9145,"23,32,31"
9146,"40,128,129"
9147,"3,21,0"
9148,"0,3"
9149,"0,26,23"
9150,"169,23,199"
9151,"24,23,181"
9152,"3,40"
9153,"10,220"
9154,"296,169,23"
9155,"3,21,187"
9156,"3,4"
9157,"23,40,38"
9158,"220,10"
9159,"0,3,265"
9160,"169,296,23"
9161,"40,128,41"
9162,"0,26,23"
9163,"169,170,171"
9164,"10,93,64"
9165,"64,10"
9166,"0,271"
9167,"3,40,21"
9168,"3,4"
9169,"10,64"
9170,"0,271"
9171,"23,74,118"
9172,"169,199"
9173,"26,23,0"
9174,"10,11,12"
9175,"3,21"
9176,"8,0,206"
9177,"10,64"
9178,"169,40,199"
9179,"23,24,43"
9180,"10,64"
9181,"3,40,21"
9182,"220,10"
9183,"3,21"
9184,"10,11,12"
9185,"169,23,44"
9186,"40,128"
9187,"0,8,206"
9188,"3,17"
9189,"40,23"
9190,"199,169"
9191,"10,64"
9192,"10,44,23"
9193,"40,0,23"
9194,"40,135,160"
9195,"40,93,23"
9196,"3,199,21"
9197,"169,199,0"
9198,"169,0"
9199,"0,8"
9200,"3,40,21"
9201,"10,220"
9202,"3,17"
9203,"23,10,26"
9204,"3,10,53"
9205,"169,199,40"
9206,"3,21,40"
9207,"40,131"
9208,"0,271"
9209,"40,10,128"
9210,"169,135,40"
9211,"23,26,38"
9212,"10,44,24"
9213,"3,5,21"
9214,"40,10,3"
9215,"10,23,24"
9216,"3,0,40"
9217,"0,271,3"
9218,"3,21,111"
9219,"220,10"
9220,"10,44"
9221,"23,40,3"
9222,"3,21,40"
9223,"64,10,93"
9224,"3,0,21"
9225,"3,21,10"
9226,"64,10"
9227,"0,169,271"
9228,"10,64,181"
9229,"0,3,271"
9230,"169,170,135"
9231,"10,23,44"
9232,"3,21"
9233,"10,64,0"
9234,"40,160,315"
9235,"40,160,315"
9236,"0,23,38"
9237,"3,21,0"
9238,"0,8,206"
9239,"169,296,23"
9240,"32,31"
9241,"40,3,128"
9242,"10,220"
9243,"0,26,271"
9244,"3,21"
9245,"40,23,135"
9246,"23,40,128"
9247,"0,8,23"
9248,"111,169,296"
9249,"0,8"
9250,"40,145,128"
9251,"10,64"
9252,"10,64"
9253,"3,21"
9254,"0,271"
9255,"169,199"
9256,"23,74"
9257,"0,271,26"
9258,"3,147,148"
9259,"169,199"
9260,"199,169,181"
9261,"23,74"
9262,"40,135"
9263,"10,64,40"
9264,"3,21,169"
9265,"23,74,10"
9266,"3,4"
9267,"0,271"
9268,"3,21,23"
9269,"169,170,171"
9270,"0,271"
9271,"40,128,129"
9272,"10,11"
9273,"3,10,53"
9274,"3,21,111"
9275,"23,38,145"
9276,"23,3,74"
9277,"23,40,38"
9278,"3,21,147"
9279,"3,21,53"
9280,"10,93,64"
9281,"3,21"
9282,"3,40,147"
9283,"10,44,23"
9284,"169,170,199"
9285,"10,220"
9286,"23,74,38"
9287,"0,23"
9288,"169,199,21"
9289,"23,3,40"
9290,"23,26,38"
9291,"10,220"
9292,"23,3,31"
9293,"3,21,5"
9294,"0,10,265"
9295,"0,271"
9296,"3,21,40"
9297,"40,128,186"
9298,"0,271"
9299,"40,23,38"
9300,"23,3,24"
9301,"3,40,23"
9302,"10,44"
9303,"0,265,10"
9304,"3,21,199"
9305,"169,199"
9306,"40,250,135"
9307,"3,23,31"
9308,"10,11,44"
9309,"3,4"
9310,"64,10,93"
9311,"64,10,93"
9312,"3,11,23"
9313,"0,23,26"
9314,"10,64"
9315,"23,40"
9316,"3,21,40"
9317,"3,5,21"
9318,"3,4"
9319,"3,23,15"
9320,"23,38,0"
9321,"23,3,38"
9322,"49,23,24"
9323,"169,199,3"
9324,"40,3,41"
9325,"0,271"
9326,"169,199"
9327,"40,128,131"
9328,"220,10"
9329,"23,0,38"
9330,"3,169,21"
9331,"3,21"
9332,"3,40,21"
9333,"23,40,24"
9334,"3,4,40"
9335,"24,49,23"
9336,"3,4,435"
9337,"3,41,111"
9338,"40,41,3"
9339,"10,3,64"
9340,"169,10,199"
9341,"199,169"
9342,"10,64"
9343,"23,74,118"
9344,"23,40,74"
9345,"3,21"
9346,"23,74"
9347,"0,271"
9348,"10,0,44"
9349,"0,271"
9350,"0,21,265"
9351,"169,0,26"
9352,"3,147,21"
9353,"10,64"
9354,"23,0,26"
9355,"3,4"
9356,"169,170,171"
9357,"199,21,3"
9358,"40,169,199"
9359,"199,169"
9360,"3,40,21"
9361,"8,0,206"
9362,"169,170,171"
9363,"3,21,111"
9364,"169,199,40"
9365,"3,21"
9366,"24,23,145"
9367,"169,199"
9368,"23,0,26"
9369,"3,5,10"
9370,"3,135,23"
9371,"3,4"
9372,"3,147,156"
9373,"169,3"
9374,"40,160,3"
9375,"10,220"
9376,"0,271,8"
9377,"10,64"
9378,"23,24,10"
9379,"0,271,8"
9380,"40,135,41"
9381,"0,8"
9382,"3,40,23"
9383,"23,74,118"
9384,"0,206,8"
9385,"40,23,24"
9386,"0,8,271"
9387,"0,8,206"
9388,"40,160,315"
9389,"40,184,10"
9390,"0,8,206"
9391,"40,23,74"
9392,"3,147,21"
9393,"0,8,271"
9394,"0,265,11"
9395,"169,296"
9396,"3,128,0"
9397,"0,10,23"
9398,"24,43,23"
9399,"3,147,148"
9400,"3,53,21"
9401,"40,128,23"
9402,"0,271,216"
9403,"40,160,315"
9404,"169,199,40"
9405,"40,131,41"
9406,"64,93,10"
9407,"3,21"
9408,"3,147,40"
9409,"23,24,40"
9410,"40,128"
9411,"40,160,41"
9412,"23,10,145"
9413,"23,26,231"
9414,"10,44,23"
9415,"23,24,49"
9416,"23,145,10"
9417,"3,4"
9418,"40,131,64"
9419,"23,49,24"
9420,"3,21,4"
9421,"0,199,169"
9422,"169,199,40"
9423,"40,3"
9424,"3,21,5"
9425,"3,17,21"
9426,"4,3"
9427,"10,145,40"
9428,"3,17"
9429,"169,199"
9430,"10,11,72"
9431,"0,271"
9432,"3,4"
9433,"3,21,169"
9434,"0,26,271"
9435,"3,15,23"
9436,"10,220"
9437,"3,21,40"
9438,"169,10,199"
9439,"40,199,169"
9440,"40,131"
9441,"3,40,21"
9442,"3,40,21"
9443,"0,271,265"
9444,"23,74,38"
9445,"23,10,44"
9446,"0,271,26"
9447,"169,199,3"
9448,"23,44,145"
9449,"3,40,21"
9450,"3,21"
9451,"0,271"
9452,"0,8,206"
9453,"23,24,71"
9454,"10,64,93"
9455,"23,0,26"
9456,"0,271"
9457,"40,3,21"
9458,"0,23,26"
9459,"169,508,426"
9460,"23,74,26"
9461,"0,8"
9462,"3,21,169"
9463,"3,21"
9464,"0,8"
9465,"40,135"
9466,"23,31,10"
9467,"23,26,38"
9468,"40,23,32"
9469,"23,24,43"
9470,"40,131,169"
9471,"3,147,21"
9472,"23,402,0"
9473,"10,44,23"
9474,"169,199,0"
9475,"40,131"
9476,"3,147,21"
9477,"10,220"
9478,"10,64"
9479,"23,74"
9480,"10,402,40"
9481,"169,170,199"
9482,"10,64"
9483,"0,10,220"
9484,"40,23,93"
9485,"3,169,147"
9486,"3,40"
9487,"23,40,131"
9488,"0,271,10"
9489,"3,17"
9490,"3,21,169"
9491,"0,206,8"
9492,"3,15"
9493,"0,212,211"
9494,"0,8,206"
9495,"23,0,26"
9496,"3,23,31"
9497,"10,64"
9498,"40,128,129"
9499,"3,4"
9500,"169,296,23"
9501,"40,160,315"
9502,"23,74"
9503,"10,220"
9504,"220,10"
9505,"40,131,41"
9506,"0,8,206"
9507,"0,8"
9508,"40,160,315"
9509,"169,199"
9510,"10,44,11"
9511,"0,271"
9512,"3,21,5"
9513,"10,44,11"
9514,"0,169,271"
9515,"23,74,3"
9516,"169,199,40"
9517,"3,21,40"
9518,"40,23,38"
9519,"3,169,21"
9520,"32,31,23"
9521,"169,199,40"
9522,"40,41,21"
9523,"169,199"
9524,"40,3,41"
9525,"10,23,44"
9526,"0,8,206"
9527,"169,0,199"
9528,"40,3,21"
9529,"3,21"
9530,"3,4"
9531,"10,64,26"
9532,"10,64"
9533,"0,271,296"
9534,"3,17"
9535,"0,271,8"
9536,"23,26,38"
9537,"3,21"
9538,"10,11,64"
9539,"0,3,8"
9540,"3,21"
9541,"23,24,10"
9542,"0,271"
9543,"296,169,0"
9544,"10,220"
9545,"3,21"
9546,"40,128"
9547,"23,10,24"
9548,"23,40,74"
9549,"128,129,40"
9550,"3,21,40"
9551,"0,271"
9552,"0,40,271"
9553,"3,40,147"
9554,"40,131,250"
9555,"3,4,435"
9556,"64,10"
9557,"10,0,265"
9558,"131,40,23"
9559,"64,10,93"
9560,"220,10"
9561,"169,170,171"
9562,"10,220"
9563,"169,10,24"
9564,"40,145,146"
9565,"169,0,170"
9566,"10,11,12"
9567,"23,49,24"
9568,"23,24,43"
9569,"40,169,23"
9570,"3,21"
9571,"23,24,74"
9572,"40,131,23"
9573,"23,296,26"
9574,"3,169,21"
9575,"220,10"
9576,"0,271,8"
9577,"3,21,40"
9578,"64,10"
9579,"0,40,8"
9580,"0,271,169"
9581,"3,21,40"
9582,"24,23,43"
9583,"23,74,40"
9584,"3,40,147"
9585,"0,8,89"
9586,"40,402,145"
9587,"0,10,212"
9588,"3,4,435"
9589,"169,170,3"
9590,"3,40,21"
9591,"10,11,3"
9592,"40,131"
9593,"169,170,171"
9594,"32,23,31"
9595,"23,32,31"
9596,"3,21,147"
9597,"131,40"
9598,"3,23,10"
9599,"0,23,10"
9600,"40,128"
9601,"23,74,118"
9602,"3,17,10"
9603,"0,271,265"
9604,"23,38,10"
9605,"40,131,64"
9606,"32,31,169"
9607,"40,3,131"
9608,"169,3,170"
9609,"3,271,23"
9610,"40,10,0"
9611,"3,21,41"
9612,"0,8,206"
9613,"23,38,24"
9614,"3,147,0"
9615,"3,4"
9616,"169,199"
9617,"10,3,220"
9618,"220,10"
9619,"49,0,23"
9620,"40,131,23"
9621,"169,296,23"
9622,"3,5,21"
9623,"0,271"
9624,"10,64,0"
9625,"169,170,199"
9626,"3,21,187"
9627,"169,296,8"
9628,"169,199,64"
9629,"0,23,8"
9630,"0,8,216"
9631,"24,23,43"
9632,"3,21,41"
9633,"0,23,49"
9634,"0,8,206"
9635,"169,170,171"
9636,"23,24,49"
9637,"0,271"
9638,"169,170,10"
9639,"40,23"
9640,"3,40,21"
9641,"10,24,43"
9642,"169,199,296"
9643,"23,49,24"
9644,"169,199,3"
9645,"23,38,8"
9646,"3,147,148"
9647,"40,128,186"
9648,"44,23,24"
9649,"3,21,0"
9650,"169,170,171"
9651,"41,40,224"
9652,"131,40"
9653,"0,49,8"
9654,"0,31,296"
9655,"40,145,41"
9656,"10,24,64"
9657,"23,10,38"
9658,"169,199,21"
9659,"64,10,93"
9660,"24,43,23"
9661,"40,131,3"
9662,"23,74"
9663,"169,0,199"
9664,"199,169,23"
9665,"10,220"
9666,"199,169"
9667,"3,169,21"
9668,"3,21,41"
9669,"181,24,43"
9670,"199,169"
9671,"169,199"
9672,"40,131"
9673,"3,21,169"
9674,"3,199,169"
9675,"10,64,93"
9676,"10,11"
9677,"32,31,23"
9678,"23,26,89"
9679,"23,74"
9680,"3,147,156"
9681,"3,21,40"
9682,"3,147,21"
9683,"23,10,38"
9684,"220,10"
9685,"10,220"
9686,"169,170,23"
9687,"169,199,10"
9688,"169,199,40"
9689,"40,135"
9690,"3,111,21"
9691,"3,23,21"
9692,"3,40,5"
9693,"169,170,40"
9694,"3,21,147"
9695,"10,44"
9696,"0,3,271"
9697,"10,220"
9698,"40,131"
9699,"0,271"
9700,"220,10"
9701,"0,271"
9702,"23,3,74"
9703,"169,23,199"
9704,"23,74,118"
9705,"10,23,38"
9706,"10,44,220"
9707,"40,145,402"
9708,"0,21,40"
9709,"169,10,64"
9710,"64,10,169"
9711,"40,23,160"
9712,"40,135,41"
9713,"3,23,21"
9714,"169,170,199"
9715,"10,44,64"
9716,"40,21,131"
9717,"169,199"
9718,"169,199"
9719,"44,72,10"
9720,"0,10"
9721,"0,271,128"
9722,"3,21"
9723,"3,21,147"
9724,"3,21"
9725,"3,21"
9726,"3,4"
9727,"40,131,41"
9728,"44,10"
9729,"10,64"
9730,"23,74,24"
9731,"3,10,220"
9732,"3,147,40"
9733,"0,271"
9734,"3,17"
9735,"23,24,38"
9736,"3,21,187"
9737,"64,10,93"
9738,"3,4,435"
9739,"40,169,131"
9740,"3,21,10"
9741,"10,220"
9742,"0,265,271"
9743,"10,64,199"
9744,"23,10,40"
9745,"44,10"
9746,"40,41,128"
9747,"3,21,4"
9748,"10,23,220"
9749,"23,40,38"
9750,"0,23,40"
9751,"169,199"
9752,"0,26,23"
9753,"0,271,26"
9754,"23,3,74"
9755,"10,220"
9756,"402,145,44"
9757,"40,131"
9758,"3,21,4"
9759,"40,23,10"
9760,"23,38,107"
9761,"23,74,40"
9762,"3,21"
9763,"10,220"
9764,"3,169,21"
9765,"40,41,21"
9766,"3,21"
9767,"23,24,10"
9768,"169,199"
9769,"3,21,199"
9770,"10,220"
9771,"4,3,435"
9772,"40,184,131"
9773,"10,64"
9774,"23,38,40"
9775,"40,145,146"
9776,"10,64"
9777,"3,21,40"
9778,"169,199"
9779,"3,40,0"
9780,"3,21,199"
9781,"169,170,3"
9782,"24,23,43"
9783,"0,23"
9784,"169,170,171"
9785,"3,21,4"
9786,"0,271"
9787,"0,265,271"
9788,"3,21,40"
9789,"40,128"
9790,"23,38,40"
9791,"169,10,199"
9792,"24,23,49"
9793,"40,131"
9794,"10,44"
9795,"23,24,43"
9796,"64,10,3"
9797,"40,131,160"
9798,"40,128"
9799,"220,10"
9800,"23,24,64"
9801,"3,169,21"
9802,"40,135,23"
9803,"3,40"
9804,"0,271"
9805,"3,17"
9806,"3,21,0"
9807,"3,21"
9808,"3,10,0"
9809,"3,23,21"
9810,"3,21,147"
9811,"3,169,199"
9812,"3,21,40"
9813,"24,23,43"
9814,"10,64,40"
9815,"40,3,41"
9816,"3,21"
9817,"0,206,8"
9818,"3,17"
9819,"10,64"
9820,"402,145,220"
9821,"40,23,131"
9822,"0,212,128"
9823,"40,131"
9824,"3,17,21"
9825,"23,38,74"
9826,"10,64,145"
9827,"23,31"
9828,"3,23,38"
9829,"169,199,23"
9830,"3,4"
9831,"3,21,4"
9832,"3,21,17"
9833,"3,5,21"
9834,"10,11,12"
9835,"0,271"
9836,"3,15"
9837,"10,220"
9838,"23,24,43"
9839,"169,199,135"
9840,"3,21,199"
9841,"3,4"
9842,"23,38,26"
9843,"10,44,23"
9844,"23,43,24"
9845,"40,160,315"
9846,"10,23,44"
9847,"0,271,265"
9848,"10,220,0"
9849,"10,64"
9850,"23,24,131"
9851,"3,21,301"
9852,"0,26,271"
9853,"24,43,23"
9854,"0,8,23"
9855,"3,21,147"
9856,"40,41,224"
9857,"10,220"
9858,"23,74,10"
9859,"3,147,148"
9860,"10,40,64"
9861,"169,199,40"
9862,"3,4,21"
9863,"10,220"
9864,"0,31,23"
9865,"0,271"
9866,"3,21"
9867,"3,21"
9868,"199,169"
9869,"40,128,74"
9870,"10,11"
9871,"3,53,147"
9872,"0,8,206"
9873,"169,199,3"
9874,"169,170,171"
9875,"3,15,21"
9876,"0,8,206"
9877,"3,21,23"
9878,"0,271"
9879,"40,41,21"
9880,"0,271"
9881,"169,199"
9882,"3,21"
9883,"169,199,3"
9884,"10,220"
9885,"128,40,23"
9886,"3,147,148"
9887,"40,23,74"
9888,"10,0,3"
9889,"0,271"
9890,"10,220,24"
9891,"3,4"
9892,"64,10,93"
9893,"169,170,171"
9894,"40,160,128"
9895,"3,147,156"
9896,"169,170,171"
9897,"3,4,21"
9898,"10,23,44"
9899,"21,3"
9900,"23,0,26"
9901,"40,23,145"
9902,"0,23,8"
9903,"10,64"
9904,"10,169,199"
9905,"3,147,40"
9906,"0,271,8"
9907,"23,40,31"
9908,"147,156,3"
9909,"3,21"
9910,"40,135,250"
9911,"23,145,402"
9912,"10,220,44"
9913,"10,0,169"
9914,"0,212,8"
9915,"3,17,21"
9916,"3,21,187"
9917,"23,10,74"
9918,"3,40,41"
9919,"10,44,24"
9920,"3,17"
9921,"40,160,315"
9922,"3,21"
9923,"3,21,5"
9924,"40,169,199"
9925,"40,128,186"
9926,"40,0,131"
9927,"10,11"
9928,"10,40,38"
9929,"3,17,21"
9930,"3,147,156"
9931,"0,169,199"
9932,"10,44"
9933,"169,8,296"
9934,"40,41,224"
9935,"3,4,21"
9936,"3,10,21"
9937,"0,8,23"
9938,"0,271,265"
9939,"169,199,170"
9940,"3,199,169"
9941,"10,40,24"
9942,"40,23,74"
9943,"23,10,24"
9944,"10,64"
9945,"0,10"
9946,"0,8"
9947,"0,8,206"
9948,"3,21,147"
9949,"40,131,23"
9950,"10,220"
9951,"0,8,206"
9952,"169,199,40"
9953,"10,220"
9954,"3,21,40"
9955,"3,21"
9956,"3,21,23"
9957,"3,10,23"
9958,"40,21,41"
9959,"3,15"
9960,"3,4"
9961,"10,220,23"
9962,"40,250,23"
9963,"40,131"
9964,"3,21,187"
9965,"3,40,21"
9966,"23,169,0"
9967,"10,44"
9968,"169,0"
9969,"0,131,23"
9970,"3,21,147"
9971,"3,21"
9972,"131,40"
9973,"3,23,15"
9974,"40,128,129"
9975,"169,170,171"
9976,"3,17,21"
9977,"0,8,265"
9978,"10,64"
9979,"10,24,23"
9980,"3,21,40"
9981,"10,93,64"
9982,"10,220"
9983,"0,271"
9984,"3,15,4"
9985,"3,21"
9986,"0,23,26"
9987,"23,26,38"
9988,"0,271,10"
9989,"3,4"
9990,"40,3"
9991,"40,184,128"
9992,"10,44"
9993,"0,199,169"
9994,"3,21"
9995,"220,10"
9996,"40,10,44"
9997,"23,74,24"
9998,"169,170,171"
9999,"0,128,313"
10000,"0,23,38"
10001,"3,15,10"
10002,"0,212,8"
10003,"169,0,199"
10004,"3,4"
10005,"0,10,220"
10006,"220,10"
10007,"169,0,3"
10008,"131,40"
10009,"23,169,24"
10010,"10,220"
10011,"169,170,199"
10012,"23,24,38"
10013,"3,21"
10014,"40,135,23"
10015,"3,0,21"
10016,"40,131,160"
10017,"40,10,181"
10018,"40,146,145"
10019,"0,271"
10020,"3,220,17"
10021,"40,23,128"
10022,"40,160,315"
10023,"40,145,402"
10024,"3,169"
10025,"24,10,43"
10026,"0,8,23"
10027,"0,23,26"
10028,"23,31,38"
10029,"40,23"
10030,"40,3"
10031,"0,3"
10032,"220,10"
10033,"3,21,40"
10034,"3,169,170"
10035,"3,21,40"
10036,"135,40,23"
10037,"3,21,53"
10038,"24,43,23"
10039,"40,3"
10040,"64,10,93"
10041,"23,26,0"
10042,"40,146,145"
10043,"40,131"
10044,"74,23"
10045,"169,199,10"
10046,"10,23,71"
10047,"10,220"
10048,"40,160,169"
10049,"10,11"
10050,"3,40"
10051,"169,199,10"
10052,"0,271,169"
10053,"0,8,206"
10054,"3,40,21"
10055,"3,21,187"
10056,"3,147,148"
10057,"199,169"
10058,"3,21,17"
10059,"3,17"
10060,"40,23,10"
10061,"3,40,21"
10062,"0,265,10"
10063,"23,31,131"
10064,"0,199,169"
10065,"10,24,23"
10066,"40,184"
10067,"40,169,199"
10068,"10,64"
10069,"10,220"
10070,"3,4"
10071,"3,21"
10072,"10,220"
10073,"23,0,26"
10074,"3,40,21"
10075,"40,131,128"
10076,"3,4,435"
10077,"10,64,23"
10078,"0,8,206"
10079,"169,170,171"
10080,"40,131"
10081,"64,10,93"
10082,"3,15,147"
10083,"40,131,23"
10084,"0,26,23"
10085,"3,21"
10086,"23,74"
10087,"10,44,145"
10088,"40,128,129"
10089,"3,21,17"
10090,"0,271"
10091,"3,21,23"
10092,"10,3,11"
10093,"40,128,186"
10094,"3,15,147"
10095,"10,11"
10096,"23,40,24"
10097,"3,21,23"
10098,"3,40,41"
10099,"3,21"
10100,"3,40,23"
10101,"3,4,5"
10102,"3,21,147"
10103,"0,271,265"
10104,"3,21"
10105,"169,23,199"
10106,"3,21,17"
10107,"3,40,23"
10108,"10,64"
10109,"169,170,199"
10110,"169,199"
10111,"0,10"
10112,"169,199,23"
10113,"3,21,41"
10114,"44,10"
10115,"40,131,41"
10116,"0,271"
10117,"10,220"
10118,"0,271"
10119,"3,21,169"
10120,"3,40,41"
10121,"10,220"
10122,"169,199"
10123,"0,271"
10124,"169,199"
10125,"10,24,23"
10126,"220,10"
10127,"10,44"
10128,"0,271"
10129,"23,10,44"
10130,"40,135"
10131,"0,271"
10132,"0,271,216"
10133,"3,21,301"
10134,"3,21,187"
10135,"0,271,26"
10136,"64,199,10"
10137,"3,169,40"
10138,"10,145,40"
10139,"3,23,111"
10140,"0,271,26"
10141,"10,11,12"
10142,"169,170,8"
10143,"169,199"
10144,"0,271"
10145,"40,44,10"
10146,"40,135,138"
10147,"0,169,271"
10148,"23,40,169"
10149,"3,23,15"
10150,"10,49,239"
10151,"40,41"
10152,"220,10"
10153,"40,128"
10154,"3,10"
10155,"3,21"
10156,"40,128,41"
10157,"3,0,8"
10158,"169,199"
10159,"23,24,49"
10160,"23,26,89"
10161,"10,24,64"
10162,"40,0,131"
10163,"49,23,24"
10164,"3,17"
10165,"169,199"
10166,"10,44,72"
10167,"0,271"
10168,"402,10,145"
10169,"10,64,44"
10170,"23,10,40"
10171,"3,21,199"
10172,"3,21"
10173,"3,147,32"
10174,"40,3"
10175,"3,23,32"
10176,"3,21"
10177,"40,184,131"
10178,"3,21,147"
10179,"3,21"
10180,"40,24,181"
10181,"40,3"
10182,"199,169"
10183,"10,11,44"
10184,"169,199,0"
10185,"40,135,23"
10186,"3,40,23"
10187,"3,21,147"
10188,"24,43,181"
10189,"220,10"
10190,"3,21"
10191,"40,3"
10192,"10,44"
10193,"10,44"
10194,"10,64"
10195,"40,3,131"
10196,"10,64"
10197,"3,147,21"
10198,"10,64"
10199,"23,74,38"
10200,"40,131,199"
10201,"3,21,4"
10202,"0,10,265"
10203,"220,10"
10204,"10,220"
10205,"10,40,145"
10206,"10,23,72"
10207,"0,8,271"
10208,"169,170,40"
10209,"145,10,24"
10210,"3,21,40"
10211,"10,23,11"
10212,"23,26,0"
10213,"40,0,402"
10214,"0,23,26"
10215,"10,23,0"
10216,"10,24,44"
10217,"0,271"
10218,"3,21"
10219,"23,31,32"
10220,"24,23,49"
10221,"3,4,435"
10222,"169,3,21"
10223,"3,21"
10224,"23,38,24"
10225,"0,296,26"
10226,"40,128,23"
10227,"40,3,21"
10228,"3,21,169"
10229,"0,23,38"
10230,"3,21,40"
10231,"3,5"
10232,"40,3,74"
10233,"3,21,111"
10234,"0,271"
10235,"64,10,93"
10236,"220,10"
10237,"169,40,135"
10238,"0,10,271"
10239,"40,160,41"
10240,"3,21"
10241,"23,10"
10242,"0,271,26"
10243,"199,169"
10244,"0,23,271"
10245,"23,10,40"
10246,"10,44,145"
10247,"3,4"
10248,"169,199,40"
10249,"3,4"
10250,"0,8,206"
10251,"40,23,74"
10252,"0,40,38"
10253,"23,38,26"
10254,"10,64"
10255,"3,21"
10256,"10,23,26"
10257,"0,271"
10258,"0,40,128"
10259,"0,8"
10260,"40,0,4"
10261,"3,169,199"
10262,"10,64"
10263,"10,220"
10264,"3,21"
10265,"40,41,135"
10266,"3,15,21"
10267,"0,271,265"
10268,"23,10,24"
10269,"10,169,199"
10270,"3,15"
10271,"32,31,23"
10272,"40,23"
10273,"3,21"
10274,"3,0,23"
10275,"40,131,184"
10276,"0,271"
10277,"40,3,21"
10278,"3,15"
10279,"10,64"
10280,"131,40,38"
10281,"24,169,43"
10282,"3,40"
10283,"0,23,265"
10284,"10,44,23"
10285,"3,147,21"
10286,"10,220"
10287,"23,3,10"
10288,"23,24,10"
10289,"199,0,169"
10290,"3,21,40"
10291,"3,40,21"
10292,"10,24,44"
10293,"3,111,23"
10294,"10,220"
10295,"145,40,146"
10296,"3,21"
10297,"10,44,72"
10298,"10,44"
10299,"40,135"
10300,"0,23,38"
10301,"0,271"
10302,"40,131,41"
10303,"3,21"
10304,"3,21,40"
10305,"0,271,8"
10306,"3,147,21"
10307,"3,21"
10308,"40,145,146"
10309,"10,11,12"
10310,"3,21"
10311,"3,147,156"
10312,"40,3,135"
10313,"10,40,145"
10314,"40,23,135"
10315,"3,10,21"
10316,"10,220,169"
10317,"3,21"
10318,"0,23"
10319,"169,170"
10320,"40,128,129"
10321,"0,212,218"
10322,"40,17,3"
10323,"10,220"
10324,"23,0,8"
10325,"3,40,41"
10326,"49,24,23"
10327,"24,23,10"
10328,"3,21,41"
10329,"3,4"
10330,"0,23,271"
10331,"3,21"
10332,"169,0,40"
10333,"40,0,128"
10334,"23,24,43"
10335,"3,21,4"
10336,"0,271"
10337,"0,271"
10338,"169,199"
10339,"3,17,10"
10340,"23,31,40"
10341,"3,21"
10342,"0,271,23"
10343,"40,145,146"
10344,"23,74,38"
10345,"23,74,40"
10346,"0,8,271"
10347,"0,271"
10348,"40,23,131"
10349,"10,169,31"
10350,"40,3,21"
10351,"10,64"
10352,"3,21"
10353,"23,10,74"
10354,"0,271,265"
10355,"296,169,93"
10356,"3,21,41"
10357,"169,199,40"
10358,"23,74,118"
10359,"3,199,169"
10360,"40,23,74"
10361,"23,74"
10362,"10,11,44"
10363,"3,21,147"
10364,"0,271"
10365,"169,199"
10366,"10,220,0"
10367,"0,271"
10368,"10,23,64"
10369,"10,44"
10370,"0,271,212"
10371,"23,44,10"
10372,"0,212,211"
10373,"3,111,21"
10374,"31,40,23"
10375,"40,186,128"
10376,"23,74"
10377,"40,199,169"
10378,"10,64"
10379,"40,131"
10380,"23,10,24"
10381,"3,169,21"
10382,"0,23,265"
10383,"10,402,145"
10384,"40,131"
10385,"10,40,402"
10386,"3,0,4"
10387,"3,21,40"
10388,"10,239,60"
10389,"10,44"
10390,"0,8,265"
10391,"23,74"
10392,"0,271"
10393,"3,4,435"
10394,"3,23,53"
10395,"3,23,21"
10396,"3,4"
10397,"131,40,64"
10398,"0,265,271"
10399,"40,131"
10400,"23,0,38"
10401,"3,10,23"
10402,"169,170,296"
10403,"199,169,23"
10404,"10,44"
10405,"10,0,44"
10406,"169,199,3"
10407,"3,147,148"
10408,"169,10,199"
10409,"24,23,43"
10410,"10,64,23"
10411,"3,21"
10412,"0,8,3"
10413,"0,23,26"
10414,"3,21,17"
10415,"3,21,15"
10416,"40,131"
10417,"3,4,21"
10418,"0,265,271"
10419,"10,11,12"
10420,"10,23,93"
10421,"64,10"
10422,"93,64,10"
10423,"64,10,93"
10424,"3,40"
10425,"23,74,38"
10426,"23,43,24"
10427,"3,199,21"
10428,"169,199,24"
10429,"10,145,40"
10430,"40,135,169"
10431,"10,11,12"
10432,"402,145,40"
10433,"32,23,31"
10434,"3,21,111"
10435,"0,26,271"
10436,"3,4"
10437,"169,199,170"
10438,"3,40,21"
10439,"23,169,40"
10440,"3,21,23"
10441,"169,8,296"
10442,"3,10,23"
10443,"44,10,23"
10444,"3,169,21"
10445,"40,131,169"
10446,"3,40"
10447,"40,199,169"
10448,"169,170,171"
10449,"169,199"
10450,"40,10,44"
10451,"40,41,128"
10452,"169,199"
10453,"3,4"
10454,"199,169"
10455,"40,181,23"
10456,"40,145,146"
10457,"0,8,206"
10458,"10,220"
10459,"0,8,235"
10460,"23,74,118"
10461,"10,11,12"
10462,"0,271"
10463,"3,4,435"
10464,"40,250,135"
10465,"0,10"
10466,"10,11,23"
10467,"0,169,199"
10468,"0,23,8"
10469,"0,271"
10470,"10,220"
10471,"23,38"
10472,"10,220,0"
10473,"3,4,435"
10474,"199,169"
10475,"3,21,23"
10476,"169,296,8"
10477,"3,53,64"
10478,"169,296,23"
10479,"40,160,315"
10480,"3,4"
10481,"40,160,315"
10482,"40,41,21"
10483,"23,31,40"
10484,"10,220"
10485,"43,24,23"
10486,"169,10,199"
10487,"40,135,169"
10488,"3,147,21"
10489,"296,3,169"
10490,"3,21"
10491,"169,199,21"
10492,"10,64,23"
10493,"40,131"
10494,"169,170,171"
10495,"3,17,21"
10496,"10,11,72"
10497,"3,147,40"
10498,"169,199,135"
10499,"169,199,0"
10500,"0,23,26"
10501,"64,10,93"
10502,"40,160,131"
10503,"10,220"
10504,"40,23,128"
10505,"3,4,23"
10506,"0,26,271"
10507,"3,21"
10508,"40,169,128"
10509,"10,64"
10510,"40,3,4"
10511,"23,40,38"
10512,"23,0,26"
10513,"23,74,26"
10514,"23,24,43"
10515,"40,131"
10516,"206,8,220"
10517,"10,11"
10518,"3,0,21"
10519,"40,23,26"
10520,"10,64,93"
10521,"10,64"
10522,"40,135,131"
10523,"3,296,5"
10524,"3,21,41"
10525,"169,3,199"
10526,"10,44,220"
10527,"10,44,23"
10528,"3,10,23"
10529,"10,220"
10530,"0,8"
10531,"40,41,160"
10532,"10,44"
10533,"3,21,199"
10534,"0,271,8"
10535,"3,4"
10536,"23,26,10"
10537,"3,21"
10538,"23,74,38"
10539,"40,160,315"
10540,"3,21,4"
10541,"10,64,93"
10542,"169,199,10"
10543,"3,160,111"
10544,"3,21,44"
10545,"26,23,89"
10546,"3,4,64"
10547,"10,11"
10548,"23,3,31"
10549,"0,271"
10550,"32,31,23"
10551,"402,145,40"
10552,"3,21,169"
10553,"296,169"
10554,"41,40,224"
10555,"10,64"
10556,"40,3,10"
10557,"24,23,49"
10558,"40,21,3"
10559,"40,131"
10560,"0,23,8"
10561,"23,40,74"
10562,"199,169,24"
10563,"10,44"
10564,"10,44"
10565,"3,41,111"
10566,"10,23,49"
10567,"10,44,64"
10568,"23,24,43"
10569,"3,21,5"
10570,"3,21"
10571,"40,135,3"
10572,"23,26,0"
10573,"3,40,21"
10574,"10,11,12"
10575,"23,40,74"
10576,"0,271"
10577,"23,38"
10578,"3,21,187"
10579,"40,131,145"
10580,"220,10"
10581,"0,8,271"
10582,"169,3,170"
10583,"0,271"
10584,"169,199,40"
10585,"0,265,271"
10586,"169,0,10"
10587,"40,131"
10588,"10,11"
10589,"23,38,26"
10590,"3,21,169"
10591,"169,23,199"
10592,"44,10"
10593,"3,40,21"
10594,"40,131"
10595,"40,21,3"
10596,"10,44"
10597,"0,265,271"
10598,"23,74,3"
10599,"10,23,40"
10600,"0,271"
10601,"3,17"
10602,"145,40,10"
10603,"40,128,131"
10604,"169,296"
10605,"3,4,23"
10606,"10,64"
10607,"3,111,169"
10608,"3,147,4"
10609,"3,17"
10610,"40,131,23"
10611,"3,21"
10612,"10,64,93"
10613,"169,199,10"
10614,"3,21"
10615,"3,21,147"
10616,"3,4,21"
10617,"23,10,44"
10618,"3,40,21"
10619,"10,24,64"
10620,"3,21"
10621,"128,40"
10622,"169,199"
10623,"23,40,38"
10624,"129,40,128"
10625,"23,26,89"
10626,"10,220,40"
10627,"0,271"
10628,"169,199,10"
10629,"3,5"
10630,"3,21,40"
10631,"26,23,169"
10632,"10,220"
10633,"0,265"
10634,"10,64"
10635,"0,271,199"
10636,"3,21,40"
10637,"3,147,40"
10638,"3,17"
10639,"40,41,224"
10640,"0,8,271"
10641,"0,3,271"
10642,"0,3,111"
10643,"3,5,10"
10644,"10,23,24"
10645,"44,10"
10646,"169,160,199"
10647,"0,271"
10648,"23,38,26"
10649,"10,64,169"
10650,"10,44,24"
10651,"10,44"
10652,"23,38,40"
10653,"3,21"
10654,"40,129,128"
10655,"10,11,12"
10656,"40,131"
10657,"0,271"
10658,"0,23,26"
10659,"0,271,8"
10660,"3,15,23"
10661,"40,21,135"
10662,"199,24,43"
10663,"10,23,25"
10664,"169,199,170"
10665,"0,271"
10666,"40,41,128"
10667,"3,0,156"
10668,"23,38,26"
10669,"40,265,3"
10670,"10,220"
10671,"0,271"
10672,"40,128,21"
10673,"23,24,31"
10674,"0,271,8"
10675,"3,21"
10676,"296,169,40"
10677,"0,23,8"
10678,"49,23,24"
10679,"31,23,32"
10680,"169,0,199"
10681,"3,4,21"
10682,"3,21,23"
10683,"131,40"
10684,"40,128,135"
10685,"3,21,40"
10686,"0,271"
10687,"169,508,426"
10688,"23,40,38"
10689,"40,169,184"
10690,"169,199,135"
10691,"199,169"
10692,"3,23,53"
10693,"3,147,148"
10694,"0,23,8"
10695,"40,131,23"
10696,"3,5,21"
10697,"3,23"
10698,"3,4,17"
10699,"0,271"
10700,"10,64,40"
10701,"10,0,44"
10702,"3,21,40"
10703,"10,64"
10704,"10,0,220"
10705,"23,0,38"
10706,"40,131,3"
10707,"3,4,435"
10708,"3,21,147"
10709,"3,40,21"
10710,"169,3,199"
10711,"0,8"
10712,"23,24,43"
10713,"169,199"
10714,"10,64,93"
10715,"0,271,265"
10716,"64,10,93"
10717,"23,24,43"
10718,"3,4"
10719,"23,40,31"
10720,"169,170,3"
10721,"40,23,10"
10722,"296,169"
10723,"3,4"
10724,"3,111,40"
10725,"49,23,24"
10726,"10,220"
10727,"169,170,3"
10728,"10,44"
10729,"0,10,265"
10730,"0,169,271"
10731,"23,24,43"
10732,"0,271,265"
10733,"3,17"
10734,"3,21"
10735,"0,271"
10736,"10,64"
10737,"3,32,31"
10738,"3,21,40"
10739,"3,23,147"
10740,"3,21,169"
10741,"40,23,38"
10742,"10,44,11"
10743,"3,169,40"
10744,"169,199,40"
10745,"169,199,3"
10746,"0,271"
10747,"44,10"
10748,"169,64,10"
10749,"3,21,5"
10750,"3,21,17"
10751,"40,23,10"
10752,"169,40,199"
10753,"10,220"
10754,"40,131"
10755,"10,44"
10756,"0,271,216"
10757,"10,44,23"
10758,"3,4"
10759,"0,23"
10760,"3,17,10"
10761,"23,38,40"
10762,"3,40,23"
10763,"3,21,199"
10764,"128,40,129"
10765,"3,4"
10766,"0,23,265"
10767,"3,21,17"
10768,"169,199"
10769,"3,147,15"
10770,"43,23,24"
10771,"169,23,199"
10772,"40,41"
10773,"169,199"
10774,"10,44"
10775,"40,3,135"
10776,"3,21,169"
10777,"10,220"
10778,"3,21,40"
10779,"0,271,265"
10780,"3,4"
10781,"10,220"
10782,"0,271,8"
10783,"3,21,187"
10784,"3,111,40"
10785,"3,21"
10786,"3,21,40"
10787,"0,10,265"
10788,"199,169,0"
10789,"0,271,40"
10790,"0,271,23"
10791,"43,24,23"
10792,"0,271"
10793,"3,21,147"
10794,"3,169,199"
10795,"40,41,3"
10796,"3,4"
10797,"169,199,40"
10798,"3,21,206"
10799,"23,24,181"
10800,"10,220,40"
10801,"40,145,146"
10802,"23,74"
10803,"23,10,40"
10804,"0,8,235"
10805,"64,10,145"
10806,"23,74"
10807,"3,21"
10808,"10,23"
10809,"23,0,26"
10810,"40,135"
10811,"3,21,147"
10812,"10,239,64"
10813,"0,3,169"
10814,"10,3,11"
10815,"169,199,23"
10816,"10,44"
10817,"23,26,231"
10818,"23,10,26"
10819,"10,64,93"
10820,"0,271"
10821,"3,21,147"
10822,"220,10"
10823,"169,170,199"
10824,"64,10"
10825,"23,24,10"
10826,"10,220,0"
10827,"10,23,74"
10828,"169,8,0"
10829,"40,131,41"
10830,"10,11"
10831,"3,23,74"
10832,"0,271,3"
10833,"3,21,187"
10834,"4,3,435"
10835,"3,21,0"
10836,"23,74,10"
10837,"23,24,38"
10838,"40,3,17"
10839,"0,10,23"
10840,"40,131"
10841,"23,74,3"
10842,"0,271,265"
10843,"0,271"
10844,"0,271"
10845,"3,21,0"
10846,"169,40,0"
10847,"3,21"
10848,"0,26,23"
10849,"3,21"
10850,"64,10,93"
10851,"0,271"
10852,"44,10"
10853,"23,26,74"
10854,"3,21,147"
10855,"23,26,38"
10856,"40,74,23"
10857,"0,271"
10858,"23,10,44"
10859,"23,44,24"
10860,"0,26,23"
10861,"23,74"
10862,"3,21"
10863,"10,220"
10864,"3,21,74"
10865,"10,64"
10866,"10,31,23"
10867,"10,220,40"
10868,"10,0,265"
10869,"10,11,44"
10870,"3,17,40"
10871,"220,10"
10872,"0,271"
10873,"40,135,23"
10874,"40,131"
10875,"0,3,271"
10876,"0,271"
10877,"23,74,40"
10878,"40,23,38"
10879,"23,74,118"
10880,"0,8,206"
10881,"23,169,38"
10882,"3,21,147"
10883,"3,169,296"
10884,"23,31"
10885,"40,184,23"
10886,"220,0,10"
10887,"10,24,23"
10888,"10,64"
10889,"10,44,23"
10890,"3,23,53"
10891,"3,40,21"
10892,"40,169,160"
10893,"3,15"
10894,"0,271,265"
10895,"3,4"
10896,"3,21,5"
10897,"3,21,111"
10898,"23,32,31"
10899,"40,169,23"
10900,"3,21,4"
10901,"3,21"
10902,"40,41,23"
10903,"40,3,21"
10904,"23,131,40"
10905,"10,44,11"
10906,"3,23,21"
10907,"40,169,199"
10908,"296,169,3"
10909,"40,135,3"
10910,"3,4,435"
10911,"3,21"
10912,"10,64"
10913,"23,26,231"
10914,"3,21"
10915,"10,44"
10916,"10,93,64"
10917,"0,271,265"
10918,"0,26,23"
10919,"3,4"
10920,"3,4"
10921,"10,64,23"
10922,"40,128,129"
10923,"10,64"
10924,"0,8"
10925,"40,41,21"
10926,"0,8,206"
10927,"296,169,3"
10928,"3,17,21"
10929,"40,21,128"
10930,"3,21,4"
10931,"10,64,93"
10932,"23,24,10"
10933,"0,271,265"
10934,"0,23"
10935,"10,145,40"
10936,"0,23,26"
10937,"0,271,64"
10938,"40,3,21"
10939,"10,3,169"
10940,"10,24,23"
10941,"3,21,147"
10942,"0,23,8"
10943,"49,24,23"
10944,"3,4,435"
10945,"40,3,21"
10946,"10,0"
10947,"135,40,138"
10948,"10,64"
10949,"0,23,265"
10950,"0,8,206"
10951,"0,3,169"
10952,"3,147,23"
10953,"23,74,3"
10954,"145,40,402"
10955,"23,38,10"
10956,"10,220"
10957,"3,4"
10958,"3,21,147"
10959,"49,23,24"
10960,"0,169,3"
10961,"3,21"
10962,"3,31,40"
10963,"10,44"
10964,"43,40,24"
10965,"23,24,43"
10966,"40,128,186"
10967,"199,169"
10968,"3,21"
10969,"169,508,23"
10970,"23,74,3"
10971,"0,271"
10972,"3,21,147"
10973,"40,135,41"
10974,"169,23,296"
10975,"3,21"
10976,"43,24,23"
10977,"3,21"
10978,"3,21,199"
10979,"0,271,212"
10980,"40,135,23"
10981,"3,15"
10982,"3,169,21"
10983,"23,10"
10984,"23,181,40"
10985,"3,40"
10986,"0,271"
10987,"40,128"
10988,"3,21,41"
10989,"10,220"
10990,"0,271,218"
10991,"0,40,271"
10992,"40,128"
10993,"3,111,53"
10994,"3,17"
10995,"3,145,21"
10996,"3,40"
10997,"23,40,74"
10998,"40,131"
10999,"3,21,40"
11000,"296,3,169"
11001,"169,170,171"
11002,"40,131,23"
11003,"26,23,0"
11004,"40,41,135"
11005,"3,4,21"
11006,"10,11,12"
11007,"40,250,135"
11008,"23,0,26"
11009,"10,64"
11010,"10,239,24"
11011,"220,10"
11012,"10,220"
11013,"40,131"
11014,"10,64"
11015,"40,23,44"
11016,"169,0,199"
11017,"169,23,40"
11018,"40,402,145"
11019,"169,508,170"
11020,"40,128,186"
11021,"0,8"
11022,"10,44,23"
11023,"40,10,145"
11024,"169,199"
11025,"23,24,32"
11026,"128,40,129"
11027,"169,296,23"
11028,"3,21,147"
11029,"23,24,181"
11030,"40,23,131"
11031,"169,170,171"
11032,"23,169,145"
11033,"0,271,3"
11034,"0,271,26"
11035,"23,24,169"
11036,"3,21,4"
11037,"10,44,23"
11038,"23,38,26"
11039,"23,74,26"
11040,"3,169,21"
11041,"169,170,171"
11042,"3,21,23"
11043,"0,265,271"
11044,"0,271,313"
11045,"0,271"
11046,"3,21,4"
11047,"169,296,0"
11048,"0,199,169"
11049,"0,10,169"
11050,"0,199,271"
11051,"169,296"
11052,"3,21,41"
11053,"10,220,0"
11054,"23,74,118"
11055,"23,49,24"
11056,"40,131"
11057,"40,23,64"
11058,"64,10,93"
11059,"169,31,40"
11060,"169,64,10"
11061,"10,0,402"
11062,"3,21,169"
11063,"40,10,44"
11064,"40,128,129"
11065,"64,10"
11066,"0,271,23"
11067,"10,44,23"
11068,"10,64"
11069,"0,8"
11070,"10,24,23"
11071,"169,0,199"
11072,"3,4,21"
11073,"220,10"
11074,"3,21,17"
11075,"3,21"
11076,"40,128,129"
11077,"3,199,21"
11078,"23,10,40"
11079,"10,64"
11080,"0,271"
11081,"40,128"
11082,"3,17"
11083,"3,21,15"
11084,"10,44"
11085,"49,24,23"
11086,"169,199,23"
11087,"169,199,10"
11088,"10,11"
11089,"199,169,0"
11090,"145,40,402"
11091,"3,23"
11092,"3,21,23"
11093,"0,8,206"
11094,"0,26,23"
11095,"40,160,169"
11096,"0,23,271"
11097,"23,38,40"
11098,"23,38"
11099,"40,131"
11100,"23,38,24"
11101,"40,131,38"
11102,"131,40"
11103,"3,21,40"
11104,"3,4"
11105,"169,8,170"
11106,"10,44"
11107,"3,40,41"
11108,"0,271"
11109,"40,131"
11110,"10,44"
11111,"10,64"
11112,"74,23,40"
11113,"40,49,10"
11114,"3,21"
11115,"199,169,23"
11116,"0,8,206"
11117,"220,10"
11118,"10,64"
11119,"40,160,315"
11120,"169,23,31"
11121,"3,21"
11122,"0,271,3"
11123,"3,21"
11124,"3,4"
11125,"3,21"
11126,"40,131"
11127,"32,23,31"
11128,"0,271"
11129,"0,271,26"
11130,"23,10,72"
11131,"40,23,131"
11132,"23,74"
11133,"0,271"
11134,"23,74"
11135,"0,271,8"
11136,"0,10,8"
11137,"3,0,21"
11138,"0,271"
11139,"3,17"
11140,"40,160,315"
11141,"0,10,271"
11142,"0,271"
11143,"3,40,160"
11144,"40,131"
11145,"10,220"
11146,"3,15,17"
11147,"23,26,10"
11148,"40,3,41"
11149,"40,135,41"
11150,"23,26,231"
11151,"40,23,111"
11152,"23,24,43"
11153,"64,10,93"
11154,"3,21,11"
11155,"40,41,128"
11156,"40,131"
11157,"10,23,169"
11158,"0,23,199"
11159,"169,0,199"
11160,"40,128,129"
11161,"10,220"
11162,"145,402,40"
11163,"3,145,10"
11164,"3,40,21"
11165,"43,24,23"
11166,"220,10"
11167,"10,44,23"
11168,"10,220"
11169,"10,220,23"
11170,"64,10"
11171,"3,5,4"
11172,"0,271"
11173,"40,135,250"
11174,"23,131,10"
11175,"169,0,199"
11176,"10,3,11"
11177,"3,147,156"
11178,"40,131,41"
11179,"169,40,199"
11180,"10,0,23"
11181,"3,21,187"
11182,"40,160,315"
11183,"23,49,24"
11184,"169,199,40"
11185,"10,44,23"
11186,"3,199,21"
11187,"169,10,199"
11188,"3,21,5"
11189,"0,8,206"
11190,"40,402,145"
11191,"23,38,26"
11192,"0,8,10"
11193,"3,15,53"
11194,"3,4"
11195,"23,128,38"
11196,"23,10,24"
11197,"169,26,10"
11198,"169,199,10"
11199,"199,169,26"
11200,"64,10,93"
11201,"23,38,309"
11202,"0,8,206"
11203,"0,271,265"
11204,"3,21,40"
11205,"64,10,93"
11206,"40,23"
11207,"3,40"
11208,"40,10,93"
11209,"3,135,93"
11210,"43,24,23"
11211,"0,271"
11212,"0,271,8"
11213,"3,21,169"
11214,"40,131"
11215,"10,64,44"
11216,"169,199,135"
11217,"10,44,11"
11218,"40,169,170"
11219,"3,21"
11220,"10,44,23"
11221,"23,26,89"
11222,"23,49,24"
11223,"0,271,8"
11224,"40,131"
11225,"199,169,135"
11226,"10,220"
11227,"3,21,169"
11228,"3,15"
11229,"23,38,26"
11230,"0,169,199"
11231,"24,49,23"
11232,"0,271"
11233,"10,23,220"
11234,"23,26,10"
11235,"23,40,31"
11236,"40,131,128"
11237,"3,21,147"
11238,"3,17,40"
11239,"24,43,23"
11240,"3,93,5"
11241,"40,131,169"
11242,"23,40,74"
11243,"0,271,40"
11244,"10,64"
11245,"0,212,211"
11246,"3,21,147"
11247,"10,220"
11248,"3,21"
11249,"3,15,23"
11250,"169,199,0"
11251,"169,199,40"
11252,"0,271,265"
11253,"3,40,21"
11254,"23,169,40"
11255,"23,0,24"
11256,"10,11,44"
11257,"10,44,64"
11258,"3,15"
11259,"10,64,40"
11260,"10,64"
11261,"10,0,220"
11262,"169,199"
11263,"44,23,24"
11264,"3,147,156"
11265,"169,199"
11266,"40,41,131"
11267,"10,0,220"
11268,"40,128,184"
11269,"40,3,10"
11270,"0,265,271"
11271,"3,21"
11272,"8,0,206"
11273,"23,24,43"
11274,"23,0"
11275,"10,145,24"
11276,"40,145,74"
11277,"40,3,135"
11278,"0,271"
11279,"23,38,8"
11280,"169,40,337"
11281,"23,24,38"
11282,"10,44"
11283,"3,21,187"
11284,"0,212,271"
11285,"40,131"
11286,"10,44"
11287,"169,0,170"
11288,"10,44,0"
11289,"169,170,135"
11290,"10,44"
11291,"402,145,40"
11292,"3,4"
11293,"0,23,26"
11294,"23,32,31"
11295,"3,17"
11296,"10,64"
11297,"169,199,40"
11298,"3,169,21"
11299,"64,10"
11300,"10,23,24"
11301,"40,135,138"
11302,"3,169,21"
11303,"169,0,199"
11304,"10,64,93"
11305,"3,21,40"
11306,"3,21,147"
11307,"40,131,3"
11308,"23,38,40"
11309,"0,8,265"
11310,"3,21,15"
11311,"3,40,147"
11312,"0,265,3"
11313,"23,24,49"
11314,"40,135,169"
11315,"23,10,74"
11316,"3,21,147"
11317,"220,10"
11318,"199,169"
11319,"169,3,23"
11320,"3,4"
11321,"10,44,23"
11322,"0,271"
11323,"220,10"
11324,"23,181,24"
11325,"10,64"
11326,"10,0,44"
11327,"3,21,40"
11328,"0,40,26"
11329,"23,32,31"
11330,"169,296"
11331,"23,74,40"
11332,"23,32,31"
11333,"3,15,21"
11334,"169,170,171"
11335,"10,220"
11336,"3,40,21"
11337,"0,40,3"
11338,"3,0,40"
11339,"43,24,23"
11340,"169,199,40"
11341,"0,10"
11342,"170,169,171"
11343,"10,220"
11344,"40,3,21"
11345,"10,64,93"
11346,"3,40,21"
11347,"40,131"
11348,"169,10,199"
11349,"169,40,199"
11350,"40,41,3"
11351,"3,4,147"
11352,"0,23,171"
11353,"10,64,93"
11354,"169,23,26"
11355,"23,3"
11356,"3,21,199"
11357,"169,199"
11358,"0,8"
11359,"3,21,40"
11360,"40,23,31"
11361,"10,24,239"
11362,"3,23,38"
11363,"3,21,17"
11364,"10,0,44"
11365,"3,21,17"
11366,"10,220"
11367,"4,3,435"
11368,"23,10,49"
11369,"3,15"
11370,"0,271,8"
11371,"40,131,21"
11372,"3,21"
11373,"44,10,24"
11374,"135,40"
11375,"0,271"
11376,"3,21,40"
11377,"10,220"
11378,"0,271"
11379,"10,220"
11380,"40,131"
11381,"3,17"
11382,"0,8,23"
11383,"23,0,38"
11384,"23,49,24"
11385,"23,49,24"
11386,"23,0,89"
11387,"3,21"
11388,"3,169,21"
11389,"3,21,147"
11390,"10,11"
11391,"3,111,53"
11392,"40,131,23"
11393,"40,128,23"
11394,"10,40,220"
11395,"10,220"
11396,"131,40,199"
11397,"23,26"
11398,"23,40,8"
11399,"169,199,0"
11400,"169,199"
11401,"0,271"
11402,"40,23,21"
11403,"0,8,206"
11404,"40,402,145"
11405,"23,40,74"
11406,"3,147,156"
11407,"0,8"
11408,"10,220"
11409,"3,5,4"
11410,"23,74,10"
11411,"40,135"
11412,"3,21"
11413,"3,21,40"
11414,"23,38,26"
11415,"40,128,8"
11416,"23,3"
11417,"40,23,74"
11418,"169,199,3"
11419,"10,0,145"
11420,"169,10,64"
11421,"296,169,64"
11422,"23,3,53"
11423,"0,8,235"
11424,"40,23,10"
11425,"40,0,23"
11426,"3,0,21"
11427,"128,129,40"
11428,"49,23,24"
11429,"0,169"
11430,"10,220"
11431,"40,128,0"
11432,"3,4,21"
11433,"10,11"
11434,"10,220"
11435,"10,44,0"
11436,"40,128,160"
11437,"40,131,23"
11438,"3,4"
11439,"40,145,146"
11440,"40,184,23"
11441,"10,44"
11442,"3,147,156"
11443,"3,53,169"
11444,"0,10,402"
11445,"40,21,3"
11446,"40,135,23"
11447,"40,41,3"
11448,"0,199,23"
11449,"3,15"
11450,"10,64,24"
11451,"40,128,129"
11452,"3,21,15"
11453,"0,206,8"
11454,"23,10,44"
11455,"3,147,21"
11456,"3,10,23"
11457,"220,10"
11458,"3,21,147"
11459,"10,44"
11460,"23,0,8"
11461,"10,0,44"
11462,"3,147,40"
11463,"10,220"
11464,"3,220,21"
11465,"3,147,156"
11466,"10,220,0"
11467,"3,21"
11468,"3,10,64"
11469,"10,74,40"
11470,"169,199"
11471,"23,24,49"
11472,"3,4"
11473,"10,23,44"
11474,"23,44,10"
11475,"3,21"
11476,"3,23,4"
11477,"0,271"
11478,"3,21,10"
11479,"10,64"
11480,"40,23,71"
11481,"10,44,23"
11482,"3,21"
11483,"145,40,10"
11484,"169,199,49"
11485,"0,271,265"
11486,"220,10"
11487,"169,199,40"
11488,"23,0,26"
11489,"3,4"
11490,"3,21,15"
11491,"131,40"
11492,"23,49,24"
11493,"170,169,171"
11494,"0,271"
11495,"0,271,212"
11496,"23,32,31"
11497,"3,21,53"
11498,"169,170,40"
11499,"169,23,31"
11500,"0,8"
11501,"3,32,31"
11502,"3,21,4"
11503,"23,26"
11504,"3,15,21"
11505,"3,147,160"
11506,"23,40,38"
11507,"3,5,21"
11508,"3,21"
11509,"3,169,170"
11510,"3,21,15"
11511,"10,64"
11512,"3,4"
11513,"3,21,187"
11514,"220,10"
11515,"169,296"
11516,"0,199,271"
11517,"3,21,187"
11518,"40,41,131"
11519,"169,10,3"
11520,"3,111,40"
11521,"40,160,128"
11522,"0,40"
11523,"23,40,38"
11524,"23,44,10"
11525,"169,199,170"
11526,"220,10"
11527,"10,64,93"
11528,"40,23,128"
11529,"169,199"
11530,"169,199"
11531,"3,21,40"
11532,"40,0,135"
11533,"3,4"
11534,"10,64,11"
11535,"3,169,199"
11536,"23,0,26"
11537,"10,44,11"
11538,"44,10,23"
11539,"10,11"
11540,"3,10,23"
11541,"10,44,23"
11542,"169,0,199"
11543,"64,10,93"
11544,"40,135,3"
11545,"10,44,24"
11546,"3,169,21"
11547,"3,147,21"
11548,"131,23,40"
11549,"40,3,21"
11550,"40,131"
11551,"10,40,23"
11552,"40,128,129"
11553,"135,40,138"
11554,"23,40,131"
11555,"23,0,26"
11556,"3,21"
11557,"10,64"
11558,"23,38,0"
11559,"3,21"
11560,"3,21"
11561,"220,10"
11562,"40,3,10"
11563,"0,271,265"
11564,"3,40,21"
11565,"40,131"
11566,"10,220"
11567,"40,128,129"
11568,"0,271,8"
11569,"3,40,41"
11570,"169,23,199"
11571,"49,23,24"
11572,"10,11,44"
11573,"40,23"
11574,"0,8,206"
11575,"0,265"
11576,"23,40,3"
11577,"10,64,169"
11578,"169,170,187"
11579,"3,147,21"
11580,"0,271,8"
11581,"0,169,199"
11582,"23,10,3"
11583,"3,4"
11584,"3,21,5"
11585,"3,21,40"
11586,"23,74,118"
11587,"3,15,21"
11588,"0,271,23"
11589,"3,21,147"
11590,"10,64"
11591,"40,160,315"
11592,"169,199"
11593,"10,44,0"
11594,"0,265,10"
11595,"169,199,21"
11596,"10,64,169"
11597,"10,64"
11598,"3,21"
11599,"10,239,64"
11600,"23,74,118"
11601,"169,199,3"
11602,"3,21,169"
11603,"23,74,38"
11604,"10,64"
11605,"0,271,40"
11606,"40,160,315"
11607,"3,10,60"
11608,"0,271,40"
11609,"131,40,3"
11610,"40,3,21"
11611,"10,64"
11612,"3,21"
11613,"64,10,93"
11614,"3,21,187"
11615,"0,271,44"
11616,"3,21,17"
11617,"23,40,131"
11618,"23,74,10"
11619,"40,131,128"
11620,"40,145,131"
11621,"169,199"
11622,"3,21,40"
11623,"74,23,40"
11624,"3,17,21"
11625,"44,72,10"
11626,"23,38"
11627,"0,10,265"
11628,"3,21,40"
11629,"169,23,199"
11630,"129,40,0"
11631,"23,10,40"
11632,"3,21,147"
11633,"220,10"
11634,"23,74"
11635,"10,23,44"
11636,"3,21"
11637,"10,11,44"
11638,"23,40"
11639,"23,40,38"
11640,"3,23,21"
11641,"10,64,93"
11642,"23,24,49"
11643,"23,128,24"
11644,"3,147,21"
11645,"10,44,40"
11646,"40,131"
11647,"3,10,40"
11648,"3,21,147"
11649,"40,131,128"
11650,"10,11,23"
11651,"3,21,40"
11652,"0,23,271"
11653,"0,8,271"
11654,"23,24,43"
11655,"10,44,220"
11656,"40,131"
11657,"3,21"
11658,"3,4,21"
11659,"0,26,23"
11660,"3,4"
11661,"220,10"
11662,"24,23,43"
11663,"10,220"
11664,"3,21,187"
11665,"3,17,21"
11666,"10,64,220"
11667,"40,135,41"
11668,"10,11,64"
11669,"169,199,0"
11670,"3,21,17"
11671,"23,38,40"
11672,"23,38,24"
11673,"23,74"
11674,"23,74,3"
11675,"169,170,508"
11676,"169,170"
11677,"169,199,3"
11678,"0,271"
11679,"0,271,23"
11680,"10,23,24"
11681,"10,24,44"
11682,"10,220"
11683,"181,10,23"
11684,"23,24,181"
11685,"169,199,40"
11686,"3,111,296"
11687,"40,21,3"
11688,"10,23,220"
11689,"3,21"
11690,"3,21,74"
11691,"0,10,265"
11692,"64,10"
11693,"3,4"
11694,"0,271"
11695,"3,5"
11696,"0,169,199"
11697,"0,212,211"
11698,"0,128,313"
11699,"3,4,21"
11700,"169,170,40"
11701,"3,21,147"
11702,"169,0,199"
11703,"10,44,402"
11704,"40,145,402"
11705,"3,21,40"
11706,"3,147,53"
11707,"3,17"
11708,"10,24,23"
11709,"0,10,212"
11710,"40,135"
11711,"3,4"
11712,"23,24,40"
11713,"10,64,93"
11714,"64,10,93"
11715,"3,128,40"
11716,"43,24,10"
11717,"40,131,41"
11718,"199,169"
11719,"0,23,26"
11720,"3,21"
11721,"3,21,187"
11722,"3,31,23"
11723,"10,23,64"
11724,"40,3,41"
11725,"3,40,10"
11726,"169,0,337"
11727,"10,11"
11728,"40,111,23"
11729,"23,24,10"
11730,"3,4,435"
11731,"0,26,23"
11732,"40,128,41"
11733,"40,131"
11734,"3,169,21"
11735,"169,31,23"
11736,"3,21,32"
11737,"23,74,40"
11738,"0,8,206"
11739,"10,44,145"
11740,"10,220"
11741,"3,4,21"
11742,"3,147,21"
11743,"169,8,296"
11744,"3,21,40"
11745,"3,147,148"
11746,"3,169,199"
11747,"3,17,40"
11748,"3,21,15"
11749,"169,199,40"
11750,"40,128,186"
11751,"169,0,199"
11752,"3,21"
11753,"10,44,72"
11754,"23,40,131"
11755,"24,43,23"
11756,"10,11"
11757,"23,40,131"
11758,"10,64"
11759,"10,169,64"
11760,"23,38,24"
11761,"23,40,135"
11762,"3,21,41"
11763,"3,21,111"
11764,"3,40,21"
11765,"3,17,21"
11766,"0,271"
11767,"3,21"
11768,"3,15"
11769,"23,199,169"
11770,"3,21"
11771,"3,21"
11772,"3,21,147"
11773,"3,169,21"
11774,"169,40,160"
11775,"40,131"
11776,"10,64"
11777,"3,21,199"
11778,"10,64"
11779,"10,11"
11780,"10,64"
11781,"169,170,199"
11782,"169,199"
11783,"49,23,24"
11784,"24,23,10"
11785,"23,44,72"
11786,"169,199"
11787,"3,4"
11788,"10,23,24"
11789,"40,131"
11790,"3,147,156"
11791,"40,128,129"
11792,"23,40,38"
11793,"10,0,23"
11794,"23,10,24"
11795,"0,169,129"
11796,"23,38,128"
11797,"10,11,44"
11798,"23,38,40"
11799,"40,128,186"
11800,"0,8,271"
11801,"3,21"
11802,"3,49,265"
11803,"3,4"
11804,"3,21,40"
11805,"3,21,187"
11806,"3,21,187"
11807,"23,40"
11808,"23,10,74"
11809,"10,64"
11810,"3,40,21"
11811,"40,145,402"
11812,"3,21"
11813,"3,17,21"
11814,"10,44,23"
11815,"40,184,131"
11816,"40,135,250"
11817,"3,4"
11818,"10,11"
11819,"169,199,0"
11820,"3,21"
11821,"40,169,160"
11822,"169,0,23"
11823,"220,10"
11824,"0,271"
11825,"3,21,40"
11826,"10,44,23"
11827,"0,8,265"
11828,"40,3"
11829,"10,11,60"
11830,"3,10"
11831,"169,199,170"
11832,"10,220"
11833,"3,147,21"
11834,"0,271,8"
11835,"0,271,40"
11836,"0,271"
11837,"0,26,271"
11838,"40,131"
11839,"3,21"
11840,"40,250,23"
11841,"3,4"
11842,"10,44,23"
11843,"0,271,10"
11844,"0,23,8"
11845,"10,23,24"
11846,"23,38,8"
11847,"0,199,169"
11848,"0,10,271"
11849,"10,23,44"
11850,"23,74,118"
11851,"0,313,346"
11852,"0,265,271"
11853,"0,271,8"
11854,"3,21,169"
11855,"10,220"
11856,"10,44,11"
11857,"10,64"
11858,"3,111,0"
11859,"23,31,32"
11860,"0,8,265"
11861,"10,11,40"
11862,"23,74,38"
11863,"10,220"
11864,"3,21,199"
11865,"40,160,315"
11866,"10,44"
11867,"135,169,199"
11868,"10,64"
11869,"3,17,21"
11870,"3,21"
11871,"10,44"
11872,"3,4"
11873,"44,10,23"
11874,"3,17"
11875,"0,10,265"
11876,"23,40,74"
11877,"3,15"
11878,"206,0,8"
11879,"40,160,315"
11880,"10,64"
11881,"0,40"
11882,"40,169,135"
11883,"169,199,170"
11884,"0,8"
11885,"0,26,271"
11886,"3,169,21"
11887,"0,8,206"
11888,"3,4"
11889,"3,21"
11890,"0,10,8"
11891,"10,220"
11892,"3,17"
11893,"169,296"
11894,"169,199,49"
11895,"0,10,296"
11896,"10,220"
11897,"10,220"
11898,"10,11,220"
11899,"3,10"
11900,"169,199,40"
11901,"3,169,21"
11902,"169,170,171"
11903,"10,169,508"
11904,"40,23,3"
11905,"10,11"
11906,"44,0,10"
11907,"10,64"
11908,"3,17"
11909,"40,135"
11910,"169,40,23"
11911,"3,15,21"
11912,"4,3,435"
11913,"23,74,3"
11914,"40,10,145"
11915,"23,74,26"
11916,"40,23,128"
11917,"64,93,10"
11918,"10,44,23"
11919,"10,64,220"
11920,"23,31,32"
11921,"3,21,40"
11922,"3,21"
11923,"23,38,40"
11924,"169,199,170"
11925,"3,10"
11926,"40,135,3"
11927,"40,23,26"
11928,"0,271,265"
11929,"3,4"
11930,"23,74,38"
11931,"23,10,26"
11932,"169,296"
11933,"0,212,271"
11934,"3,21,23"
11935,"3,147,21"
11936,"23,24,31"
11937,"199,40,169"
11938,"40,131"
11939,"3,21,5"
11940,"3,21"
11941,"40,184,128"
11942,"3,147,40"
11943,"40,23,135"
11944,"10,64,93"
11945,"10,11"
11946,"3,4,435"
11947,"169,199"
11948,"10,44"
11949,"3,40,135"
11950,"10,11,44"
11951,"10,44,0"
11952,"23,38,309"
11953,"220,10"
11954,"3,21"
11955,"0,169,271"
11956,"40,131,23"
11957,"10,64,60"
11958,"40,41,128"
11959,"3,15,4"
11960,"23,44,10"
11961,"3,169,21"
11962,"0,10,21"
11963,"3,0,169"
11964,"0,212,10"
11965,"3,147,156"
11966,"23,38,107"
11967,"3,111,21"
11968,"23,74"
11969,"10,64"
11970,"169,199,3"
11971,"10,64"
11972,"10,44"
11973,"0,8,206"
11974,"199,169"
11975,"40,128,186"
11976,"23,0,38"
11977,"169,0,199"
11978,"169,199"
11979,"10,23,24"
11980,"3,21,187"
11981,"23,38,40"
11982,"169,3,170"
11983,"0,271"
11984,"199,0,23"
11985,"3,169,21"
11986,"169,40,135"
11987,"10,0,44"
11988,"40,131"
11989,"206,0,8"
11990,"3,21"
11991,"3,21,4"
11992,"40,3,21"
11993,"3,21,10"
11994,"169,199"
11995,"271,0,23"
11996,"10,220"
11997,"40,131"
11998,"220,10"
11999,"3,21,40"
12000,"10,64"
12001,"0,145,40"
12002,"3,21"
12003,"40,145,146"
12004,"3,147,21"
12005,"40,23,128"
12006,"3,21"
12007,"3,21,169"
12008,"3,23,147"
12009,"0,3,271"
12010,"40,131"
12011,"40,10,23"
12012,"3,21,147"
12013,"3,40,21"
12014,"169,40,170"
12015,"0,271,265"
12016,"40,3,184"
12017,"3,17,4"
12018,"10,44,64"
12019,"3,4"
12020,"40,3,41"
12021,"3,131,23"
12022,"40,128,184"
12023,"3,17,21"
12024,"3,21,4"
12025,"4,3"
12026,"23,26,10"
12027,"10,40,44"
12028,"169,199,0"
12029,"31,23,169"
12030,"40,23"
12031,"40,21,128"
12032,"3,21"
12033,"40,131"
12034,"0,271,8"
12035,"3,21,199"
12036,"0,23,8"
12037,"10,23,44"
12038,"23,3,38"
12039,"3,199,21"
12040,"3,5,21"
12041,"23,38"
12042,"0,26,271"
12043,"23,44,10"
12044,"0,271,26"
12045,"23,38"
12046,"3,0,4"
12047,"169,199"
12048,"10,23,24"
12049,"10,64,93"
12050,"169,170,171"
12051,"0,10,265"
12052,"23,24,181"
12053,"3,21,147"
12054,"3,21,187"
12055,"0,23,8"
12056,"169,170,171"
12057,"23,74,118"
12058,"220,10,23"
12059,"3,147"
12060,"145,40,402"
12061,"40,131"
12062,"3,21,187"
12063,"23,24,40"
12064,"3,21,17"
12065,"10,64"
12066,"44,10"
12067,"23,24,43"
12068,"3,23,147"
12069,"10,11,44"
12070,"0,23,271"
12071,"0,271"
12072,"40,220,41"
12073,"10,44"
12074,"10,64"
12075,"3,17,10"
12076,"10,199,64"
12077,"10,44,11"
12078,"3,21"
12079,"40,131"
12080,"3,40,21"
12081,"64,10,93"
12082,"145,402,10"
12083,"10,11,60"
12084,"3,147,21"
12085,"40,74,145"
12086,"10,64"
12087,"10,64"
12088,"3,0"
12089,"169,170,40"
12090,"3,15,147"
12091,"40,160,315"
12092,"3,21,0"
12093,"10,220"
12094,"3,21,40"
12095,"23,24,43"
12096,"199,23,169"
12097,"0,271,8"
12098,"0,271,8"
12099,"0,271"
12100,"3,21"
12101,"23,49,24"
12102,"40,23,10"
12103,"40,41,3"
12104,"0,8,271"
12105,"64,10"
12106,"40,3,41"
12107,"3,21,17"
12108,"3,0,21"
12109,"23,10,40"
12110,"23,40,24"
12111,"10,64,93"
12112,"296,169"
12113,"3,21"
12114,"0,169,271"
12115,"64,10,23"
12116,"10,44"
12117,"0,40,402"
12118,"0,271"
12119,"10,64,93"
12120,"43,23,24"
12121,"0,271,265"
12122,"43,24,23"
12123,"0,271,199"
12124,"23,24,43"
12125,"0,8"
12126,"23,26,89"
12127,"3,21,0"
12128,"23,49,24"
12129,"3,21,169"
12130,"3,21"
12131,"10,40,3"
12132,"10,60,3"
12133,"40,41,21"
12134,"40,145,146"
12135,"23,3,24"
12136,"24,43,23"
12137,"0,23,8"
12138,"10,64,23"
12139,"3,21,169"
12140,"0,271"
12141,"10,220"
12142,"0,23,271"
12143,"44,10,23"
12144,"169,23,199"
12145,"3,169,199"
12146,"10,64"
12147,"10,169,44"
12148,"0,271,23"
12149,"220,10"
12150,"0,271"
12151,"43,24,23"
12152,"10,40,145"
12153,"23,24,43"
12154,"23,38"
12155,"10,40,181"
12156,"40,135"
12157,"10,23,44"
12158,"64,10,3"
12159,"40,160,315"
12160,"40,131"
12161,"170,171,169"
12162,"0,271,23"
12163,"220,10"
12164,"0,271"
12165,"169,199,40"
12166,"41,40,224"
12167,"135,40,138"
12168,"40,131"
12169,"32,31,23"
12170,"64,10,93"
12171,"40,41,224"
12172,"40,131,128"
12173,"10,23,24"
12174,"49,23,24"
12175,"23,74,118"
12176,"23,3,74"
12177,"3,21,15"
12178,"40,160,315"
12179,"3,0,220"
12180,"169,199"
12181,"0,265,8"
12182,"40,129,128"
12183,"40,3"
12184,"23,0,10"
12185,"0,26,271"
12186,"0,265,271"
12187,"3,21,23"
12188,"40,131"
12189,"0,271,8"
12190,"3,15"
12191,"0,271,26"
12192,"3,17"
12193,"40,23,38"
12194,"169,23,296"
12195,"0,23,38"
12196,"3,147,21"
12197,"23,10,26"
12198,"10,64,0"
12199,"40,131"
12200,"0,8,206"
12201,"3,21"
12202,"40,128,129"
12203,"10,44"
12204,"23,24,74"
12205,"3,21,10"
12206,"169,170,171"
12207,"3,15"
12208,"23,26,89"
12209,"0,271,23"
12210,"3,15"
12211,"10,44"
12212,"3,4"
12213,"40,128,160"
12214,"0,8,265"
12215,"3,21,40"
12216,"3,21,169"
12217,"169,3,199"
12218,"40,131"
12219,"3,15,4"
12220,"169,3,199"
12221,"0,271,23"
12222,"23,169,26"
12223,"0,271,265"
12224,"3,4"
12225,"23,26,38"
12226,"0,169,271"
12227,"3,5,21"
12228,"23,44,10"
12229,"40,41,224"
12230,"3,4,23"
12231,"3,169"
12232,"3,21,199"
12233,"40,131,10"
12234,"3,21"
12235,"3,23,10"
12236,"3,21"
12237,"3,21,187"
12238,"10,64"
12239,"40,3,41"
12240,"0,271,23"
12241,"3,21"
12242,"23,199,169"
12243,"3,17"
12244,"10,64"
12245,"23,38"
12246,"40,41,128"
12247,"0,271"
12248,"40,184"
12249,"0,199,169"
12250,"3,21,147"
12251,"23,24,49"
12252,"40,3,169"
12253,"3,111,40"
12254,"10,220"
12255,"0,271,265"
12256,"40,3,23"
12257,"40,169"
12258,"23,31,169"
12259,"0,169,271"
12260,"23,38,24"
12261,"23,38,10"
12262,"23,3,0"
12263,"40,23,135"
12264,"0,271"
12265,"169,0,199"
12266,"10,44"
12267,"3,21"
12268,"10,24,23"
12269,"145,40,402"
12270,"40,145,146"
12271,"40,135,431"
12272,"23,74,118"
12273,"0,271,8"
12274,"40,131,184"
12275,"10,44,23"
12276,"3,4,169"
12277,"10,24,23"
12278,"24,49,23"
12279,"3,21,147"
12280,"0,169,8"
12281,"40,160,315"
12282,"0,169,271"
12283,"3,21,147"
12284,"23,3,10"
12285,"0,271"
12286,"169,135,40"
12287,"10,220"
12288,"23,169,24"
12289,"10,145,44"
12290,"10,24,64"
12291,"3,4,169"
12292,"10,220"
12293,"131,40"
12294,"23,38,145"
12295,"40,131"
12296,"3,21"
12297,"23,32,31"
12298,"40,38,23"
12299,"10,64,23"
12300,"0,271,265"
12301,"10,64"
12302,"10,44,23"
12303,"40,23,184"
12304,"64,10,93"
12305,"0,271,265"
12306,"10,24,181"
12307,"23,24,44"
12308,"0,271"
12309,"0,40,128"
12310,"40,128,129"
12311,"40,23,21"
12312,"3,4"
12313,"3,23,21"
12314,"0,10,265"
12315,"40,131"
12316,"169,199"
12317,"0,271,265"
12318,"10,11"
12319,"40,131"
12320,"3,147,40"
12321,"3,4,111"
12322,"23,26,0"
12323,"23,199,26"
12324,"3,147"
12325,"23,40"
12326,"40,0,128"
12327,"40,41,224"
12328,"3,40,17"
12329,"0,23,8"
12330,"40,135,23"
12331,"0,10"
12332,"169,199,170"
12333,"44,10,23"
12334,"10,11"
12335,"23,38,0"
12336,"3,21,23"
12337,"40,23,131"
12338,"3,0,265"
12339,"0,169,271"
12340,"3,21,147"
12341,"169,508,23"
12342,"169,3,170"
12343,"0,271"
12344,"3,40,128"
12345,"40,128,129"
12346,"21,3,199"
12347,"10,220"
12348,"3,4"
12349,"145,40,23"
12350,"40,0"
12351,"23,38,40"
12352,"3,21,147"
12353,"40,3,160"
12354,"10,11,64"
12355,"0,265,3"
12356,"0,8,206"
12357,"3,169,170"
12358,"23,38,26"
12359,"10,220"
12360,"169,199,10"
12361,"40,131"
12362,"3,111,21"
12363,"0,8,206"
12364,"40,3,21"
12365,"23,0,49"
12366,"3,147,21"
12367,"10,11,3"
12368,"3,21,40"
12369,"40,3"
12370,"181,10,23"
12371,"169,199"
12372,"40,131,41"
12373,"0,271,265"
12374,"3,147,21"
12375,"40,23,10"
12376,"3,4,435"
12377,"40,131,128"
12378,"10,220"
12379,"3,5,21"
12380,"0,265,10"
12381,"40,41,21"
12382,"0,271"
12383,"169,170,171"
12384,"169,296,8"
12385,"40,128,186"
12386,"40,10,145"
12387,"3,21,40"
12388,"3,135,93"
12389,"169,23,40"
12390,"169,199,10"
12391,"64,10"
12392,"169,337,40"
12393,"199,169"
12394,"40,128"
12395,"10,44"
12396,"10,11,44"
12397,"169,170,199"
12398,"0,265,10"
12399,"169,199,135"
12400,"23,40,38"
12401,"10,44"
12402,"40,128,186"
12403,"3,21,199"
12404,"10,44,23"
12405,"32,23,31"
12406,"10,23,40"
12407,"199,169,3"
12408,"10,239,49"
12409,"169,0,199"
12410,"40,41,224"
12411,"0,271"
12412,"10,23,44"
12413,"3,21,53"
12414,"40,3,160"
12415,"23,24,3"
12416,"3,21,147"
12417,"3,21,301"
12418,"40,160,315"
12419,"169,199"
12420,"0,212,211"
12421,"49,0,24"
12422,"23,24,38"
12423,"23,40,74"
12424,"40,44,131"
12425,"3,4"
12426,"40,0,402"
12427,"40,0,23"
12428,"3,40,131"
12429,"24,23,43"
12430,"23,74"
12431,"3,21"
12432,"10,220"
12433,"40,184"
12434,"0,169,271"
12435,"40,49,24"
12436,"23,26,89"
12437,"3,21"
12438,"40,41,128"
12439,"23,38,24"
12440,"40,41,3"
12441,"3,21,145"
12442,"169,199,0"
12443,"10,11,44"
12444,"3,23,21"
12445,"220,10"
12446,"3,23"
12447,"3,4,21"
12448,"10,44"
12449,"23,38,74"
12450,"3,4"
12451,"3,0,23"
12452,"0,10,265"
12453,"10,44"
12454,"10,220"
12455,"10,64"
12456,"40,131"
12457,"220,10"
12458,"3,21"
12459,"0,271"
12460,"169,199"
12461,"23,38"
12462,"40,0,128"
12463,"169,170,171"
12464,"3,21"
12465,"3,147,156"
12466,"0,265,271"
12467,"3,4"
12468,"3,147,21"
12469,"169,21,3"
12470,"0,271"
12471,"0,23,271"
12472,"169,199"
12473,"8,0,206"
12474,"0,23,169"
12475,"40,131,184"
12476,"23,74,118"
12477,"3,4,21"
12478,"10,11,220"
12479,"10,40,184"
12480,"24,23,43"
12481,"40,131,128"
12482,"40,128"
12483,"23,40,38"
12484,"3,4,21"
12485,"169,199"
12486,"0,271"
12487,"23,38,40"
12488,"169,199"
12489,"0,3,21"
12490,"23,26,38"
12491,"3,147,148"
12492,"135,40,138"
12493,"0,169,199"
12494,"64,24,181"
12495,"10,64,239"
12496,"10,220"
12497,"3,40,21"
12498,"10,11,44"
12499,"3,4"
12500,"64,10"
12501,"199,23,169"
12502,"0,8,23"
12503,"23,74,118"
12504,"3,199,169"
12505,"3,199,169"
12506,"23,24,44"
12507,"40,128,184"
12508,"3,21,15"
12509,"0,271"
12510,"0,271,265"
12511,"169,199,170"
12512,"3,15"
12513,"40,21,38"
12514,"40,128"
12515,"23,38,0"
12516,"40,3"
12517,"3,21,40"
12518,"169,3"
12519,"3,21"
12520,"10,64"
12521,"3,21,4"
12522,"0,212,211"
12523,"10,11,23"
12524,"23,24,44"
12525,"10,64"
12526,"0,8"
12527,"0,271"
12528,"40,160,315"
12529,"3,15"
12530,"23,38,0"
12531,"32,23,31"
12532,"24,49,23"
12533,"10,23,74"
12534,"3,21"
12535,"23,24,10"
12536,"10,11,44"
12537,"40,3,41"
12538,"3,21"
12539,"0,271"
12540,"40,128"
12541,"169,0,337"
12542,"10,11,23"
12543,"0,206,8"
12544,"23,74,38"
12545,"23,74,24"
12546,"10,44"
12547,"3,23,21"
12548,"3,21,147"
12549,"3,4"
12550,"40,23,10"
12551,"3,5,4"
12552,"49,24,40"
12553,"169,296,23"
12554,"3,21"
12555,"3,21,147"
12556,"169,170,40"
12557,"169,199,135"
12558,"10,44,23"
12559,"10,0,23"
12560,"0,271"
12561,"40,128,129"
12562,"23,31,32"
12563,"0,265"
12564,"49,24,23"
12565,"0,265"
12566,"169,199,40"
12567,"0,271"
12568,"0,271"
12569,"0,271,212"
12570,"23,250,309"
12571,"10,44,11"
12572,"3,21,169"
12573,"23,10,24"
12574,"40,41,135"
12575,"3,21,147"
12576,"40,21,3"
12577,"3,21"
12578,"23,24,49"
12579,"23,38,26"
12580,"44,10,23"
12581,"10,11,44"
12582,"3,21,147"
12583,"23,38,24"
12584,"3,21,147"
12585,"40,131,128"
12586,"3,0,21"
12587,"3,4,435"
12588,"3,21,147"
12589,"0,271,212"
12590,"3,21"
12591,"3,40,17"
12592,"0,271,26"
12593,"3,147,23"
12594,"40,23,128"
12595,"23,74,118"
12596,"40,131"
12597,"169,199"
12598,"3,15,4"
12599,"3,21,169"
12600,"3,21,187"
12601,"23,0,26"
12602,"23,24,49"
12603,"0,265,271"
12604,"23,38,309"
12605,"0,271"
12606,"10,64"
12607,"0,265,271"
12608,"40,21,49"
12609,"0,271"
12610,"40,145,23"
12611,"3,21"
12612,"0,23,26"
12613,"40,3,0"
12614,"3,147,111"
12615,"3,21,40"
12616,"0,271,265"
12617,"3,21"
12618,"0,271,265"
12619,"3,147,148"
12620,"3,5,4"
12621,"402,145,23"
12622,"23,38,10"
12623,"0,3,271"
12624,"10,40,23"
12625,"10,11,44"
12626,"23,40,145"
12627,"169,199"
12628,"3,21,40"
12629,"0,3,271"
12630,"3,21"
12631,"23,10,145"
12632,"0,145,211"
12633,"0,271,265"
12634,"3,21,15"
12635,"3,21,40"
12636,"3,21,5"
12637,"3,40,21"
12638,"0,3,271"
12639,"3,15"
12640,"3,0,4"
12641,"3,21,10"
12642,"23,40"
12643,"23,38,309"
12644,"23,74"
12645,"23,0,49"
12646,"169,0,21"
12647,"3,21"
12648,"10,64,169"
12649,"40,3,41"
12650,"0,8,271"
12651,"3,21"
12652,"40,145,23"
12653,"3,40,21"
12654,"3,23,53"
12655,"169,337,199"
12656,"0,271,265"
12657,"3,21,187"
12658,"0,271"
12659,"23,74"
12660,"402,145,40"
12661,"3,147,40"
12662,"40,145,74"
12663,"3,4"
12664,"131,23,40"
12665,"10,64,44"
12666,"3,40,21"
12667,"220,10"
12668,"40,131,3"
12669,"40,23,131"
12670,"0,271"
12671,"10,23,44"
12672,"3,17"
12673,"23,40,145"
12674,"10,23,169"
12675,"23,74,26"
12676,"3,40"
12677,"3,169,21"
12678,"10,64"
12679,"3,21,40"
12680,"40,131"
12681,"10,40,24"
12682,"0,271,265"
12683,"23,24,40"
12684,"0,10,44"
12685,"169,199,40"
12686,"169,199,23"
12687,"0,10,11"
12688,"23,26,89"
12689,"169,296,8"
12690,"169,199,21"
12691,"10,220"
12692,"3,4"
12693,"10,64"
12694,"169,199"
12695,"10,23,220"
12696,"3,40,145"
12697,"3,21,10"
12698,"0,271,23"
12699,"199,169"
12700,"40,3,21"
12701,"23,0,49"
12702,"3,21,111"
12703,"40,160,315"
12704,"0,271"
12705,"131,40"
12706,"40,38,131"
12707,"3,53,21"
12708,"23,0,26"
12709,"10,23,44"
12710,"64,10,93"
12711,"23,24,43"
12712,"10,44,24"
12713,"10,44,220"
12714,"3,21,0"
12715,"0,271"
12716,"40,128,135"
12717,"3,40,21"
12718,"3,21,169"
12719,"10,220"
12720,"40,160,315"
12721,"169,0,199"
12722,"3,147,21"
12723,"3,17,21"
12724,"40,160,315"
12725,"23,40,74"
12726,"10,44,23"
12727,"128,129,40"
12728,"3,21,38"
12729,"44,10,23"
12730,"23,10,38"
12731,"10,0,44"
12732,"0,40,271"
12733,"169,199,40"
12734,"3,21,199"
12735,"3,40,41"
12736,"10,23,24"
12737,"23,74,118"
12738,"0,26,271"
12739,"3,21,40"
12740,"3,21,4"
12741,"10,169,220"
12742,"0,271"
12743,"3,23,31"
12744,"3,40,17"
12745,"10,64"
12746,"40,131"
12747,"0,271"
12748,"0,265,23"
12749,"40,131"
12750,"0,271,8"
12751,"10,64,11"
12752,"0,271"
12753,"131,40,23"
12754,"0,271"
12755,"40,23,38"
12756,"24,64,10"
12757,"23,49,24"
12758,"3,169,21"
12759,"40,21,49"
12760,"0,271,23"
12761,"3,4"
12762,"3,17"
12763,"0,8,235"
12764,"0,169,199"
12765,"0,8,206"
12766,"24,43,23"
12767,"3,4"
12768,"10,220"
12769,"10,64"
12770,"23,38,3"
12771,"44,10"
12772,"0,8,235"
12773,"23,74,118"
12774,"3,21,147"
12775,"3,169,21"
12776,"10,220"
12777,"3,21,169"
12778,"23,24,43"
12779,"3,21,147"
12780,"10,3,0"
12781,"3,147,21"
12782,"10,64,93"
12783,"10,64"
12784,"3,15"
12785,"24,23,43"
12786,"3,147,40"
12787,"169,199,3"
12788,"0,271"
12789,"169,170,40"
12790,"169,170"
12791,"10,64"
12792,"23,38,26"
12793,"3,111,40"
12794,"3,4,21"
12795,"23,74"
12796,"23,49,24"
12797,"10,44"
12798,"169,199,10"
12799,"3,4"
12800,"40,402,145"
12801,"3,15,21"
12802,"3,169,199"
12803,"10,24,64"
12804,"169,199,23"
12805,"3,147,21"
12806,"0,8,271"
12807,"10,64"
12808,"3,21,147"
12809,"169,40,170"
12810,"0,212,211"
12811,"169,23,199"
12812,"64,10,93"
12813,"0,8,271"
12814,"10,64"
12815,"40,3,41"
12816,"3,10"
12817,"3,21,147"
12818,"169,170,171"
12819,"0,8,206"
12820,"169,10,199"
12821,"3,21,187"
12822,"0,169,23"
12823,"21,40,49"
12824,"169,170"
12825,"49,24,23"
12826,"131,40"
12827,"169,199"
12828,"169,199"
12829,"3,10,21"
12830,"10,64,44"
12831,"17,3"
12832,"10,11,12"
12833,"3,41,224"
12834,"3,21"
12835,"0,8,26"
12836,"64,10,93"
12837,"3,15"
12838,"3,23,41"
12839,"10,220"
12840,"3,21,15"
12841,"0,271,8"
12842,"23,74"
12843,"23,40,131"
12844,"3,21,17"
12845,"23,10,0"
12846,"40,128,129"
12847,"3,4,21"
12848,"3,21,23"
12849,"10,220"
12850,"40,0,128"
12851,"3,21"
12852,"3,4"
12853,"40,3,21"
12854,"10,44"
12855,"169,199"
12856,"10,11,12"
12857,"0,265,271"
12858,"3,0,21"
12859,"220,10"
12860,"40,169,199"
12861,"3,4"
12862,"3,15"
12863,"0,265,271"
12864,"3,21,169"
12865,"3,21"
12866,"10,220"
12867,"10,64,11"
12868,"3,40,21"
12869,"0,8,206"
12870,"3,17"
12871,"40,31,0"
12872,"3,21,187"
12873,"10,64"
12874,"23,40,38"
12875,"0,26,271"
12876,"10,44,23"
12877,"3,4"
12878,"10,220"
12879,"3,17"
12880,"0,8,206"
12881,"3,147,148"
12882,"23,31,3"
12883,"40,131,3"
12884,"3,0,10"
12885,"169,170,171"
12886,"3,15,17"
12887,"40,250,128"
12888,"3,21,169"
12889,"3,21"
12890,"26,89,23"
12891,"3,147,148"
12892,"0,169,271"
12893,"23,74,118"
12894,"0,271,26"
12895,"40,3,41"
12896,"23,38,44"
12897,"23,40"
12898,"0,8,296"
12899,"169,199,40"
12900,"40,128,131"
12901,"3,21,169"
12902,"3,199,21"
12903,"0,3,271"
12904,"3,0,111"
12905,"23,24,43"
12906,"145,40,402"
12907,"169,199,40"
12908,"131,40"
12909,"10,44,23"
12910,"40,3,41"
12911,"23,26,89"
12912,"3,21,0"
12913,"3,147,15"
12914,"24,23,43"
12915,"3,21,187"
12916,"10,23,24"
12917,"8,0,206"
12918,"23,3"
12919,"24,23,43"
12920,"31,23,32"
12921,"10,44"
12922,"3,15,21"
12923,"0,199,169"
12924,"40,135"
12925,"220,10"
12926,"23,74,38"
12927,"40,169"
12928,"3,147,148"
12929,"3,40,21"
12930,"23,10,25"
12931,"23,38,40"
12932,"0,8,206"
12933,"0,169,199"
12934,"3,21"
12935,"10,220"
12936,"23,40"
12937,"0,8,206"
12938,"3,4"
12939,"10,44"
12940,"0,271"
12941,"169,170,171"
12942,"10,3,23"
12943,"0,265,271"
12944,"10,64"
12945,"10,220"
12946,"64,10,93"
12947,"40,23,128"
12948,"3,111,40"
12949,"0,169,199"
12950,"3,4"
12951,"10,220"
12952,"3,40,21"
12953,"3,53,147"
12954,"10,0"
12955,"3,4,435"
12956,"169,170,171"
12957,"49,24,23"
12958,"40,128"
12959,"0,3"
12960,"40,23,135"
12961,"169,3,21"
12962,"0,271"
12963,"23,74"
12964,"23,26,10"
12965,"3,21,40"
12966,"10,24,23"
12967,"3,111,147"
12968,"40,160,315"
12969,"3,21,169"
12970,"23,24,74"
12971,"40,146,145"
12972,"169,199,40"
12973,"10,0,265"
12974,"23,26,10"
12975,"296,169"
12976,"0,271"
12977,"40,128"
12978,"3,40"
12979,"3,4,169"
12980,"3,21"
12981,"40,131,3"
12982,"23,40,74"
12983,"10,64,93"
12984,"169,170,0"
12985,"0,23,271"
12986,"40,135,250"
12987,"3,40"
12988,"23,24,49"
12989,"23,8,10"
12990,"169,199,3"
12991,"40,145,402"
12992,"10,44"
12993,"0,169,199"
12994,"0,265,10"
12995,"10,23,44"
12996,"3,21,40"
12997,"23,24,43"
12998,"10,40,145"
12999,"24,43,23"
13000,"3,21,40"
13001,"169,40,170"
13002,"3,21"
13003,"3,4"
13004,"10,24,43"
13005,"40,3"
13006,"10,64"
13007,"3,21,40"
13008,"0,271"
13009,"10,44"
13010,"3,40,131"
13011,"3,17,10"
13012,"10,23,44"
13013,"23,40,131"
13014,"3,15,4"
13015,"44,10"
13016,"0,271,26"
13017,"3,147,148"
13018,"3,4,21"
13019,"0,271"
13020,"10,44"
13021,"40,131,23"
13022,"3,21,169"
13023,"23,10,181"
13024,"0,10,23"
13025,"32,31,23"
13026,"3,21,187"
13027,"40,160,315"
13028,"169,199,170"
13029,"0,271"
13030,"23,0,26"
13031,"169,199,170"
13032,"23,3,38"
13033,"23,26,89"
13034,"23,40,74"
13035,"0,271,8"
13036,"23,169,0"
13037,"169,199"
13038,"40,206,3"
13039,"3,199,21"
13040,"3,15,147"
13041,"169,199"
13042,"10,220"
13043,"0,10,11"
13044,"3,21,23"
13045,"0,8,40"
13046,"3,169,21"
13047,"3,5,4"
13048,"3,147"
13049,"10,24,145"
13050,"3,21"
13051,"40,128,186"
13052,"23,3,74"
13053,"74,23,40"
13054,"10,44,64"
13055,"40,23,128"
13056,"3,21"
13057,"23,199,169"
13058,"40,89,26"
13059,"199,169"
13060,"23,40,508"
13061,"23,26,0"
13062,"23,40,169"
13063,"296,169"
13064,"145,10,40"
13065,"3,17,169"
13066,"0,10,216"
13067,"23,74,10"
13068,"3,21,148"
13069,"3,21,40"
13070,"23,10,40"
13071,"220,10"
13072,"220,10"
13073,"23,74,38"
13074,"40,131"
13075,"40,23,128"
13076,"40,23,74"
13077,"40,160,23"
13078,"32,31,23"
13079,"24,43,23"
13080,"10,64"
13081,"0,271"
13082,"169,170,10"
13083,"10,44,23"
13084,"169,170,171"
13085,"169,199"
13086,"64,10"
13087,"3,21,147"
13088,"40,128,129"
13089,"3,4,435"
13090,"0,169,271"
13091,"23,40,131"
13092,"3,40,135"
13093,"0,271"
13094,"199,40,169"
13095,"23,38,40"
13096,"0,8,271"
13097,"3,21,23"
13098,"0,10,8"
13099,"40,3,160"
13100,"8,0,206"
13101,"10,220"
13102,"10,23,49"
13103,"40,3,135"
13104,"40,41,224"
13105,"40,131"
13106,"23,38,74"
13107,"40,129,128"
13108,"3,4,21"
13109,"23,24,10"
13110,"23,74,118"
13111,"3,0,40"
13112,"10,44,11"
13113,"23,74,40"
13114,"3,21"
13115,"23,40,38"
13116,"0,10,220"
13117,"3,147,23"
13118,"3,21,147"
13119,"0,8,206"
13120,"40,160,315"
13121,"3,4"
13122,"169,199"
13123,"0,271"
13124,"40,128,23"
13125,"0,3,128"
13126,"3,21,5"
13127,"23,40,145"
13128,"23,74"
13129,"0,26,8"
13130,"3,21"
13131,"0,8,206"
13132,"40,128,129"
13133,"40,184"
13134,"10,11"
13135,"10,24,23"
13136,"0,8,206"
13137,"10,64,181"
13138,"10,44"
13139,"23,24,38"
13140,"10,220"
13141,"3,21"
13142,"10,64,23"
13143,"0,271"
13144,"3,4,23"
13145,"10,11"
13146,"40,23,128"
13147,"3,4,5"
13148,"0,271"
13149,"40,135"
13150,"0,10,265"
13151,"3,147,156"
13152,"40,128,3"
13153,"0,8"
13154,"10,11"
13155,"3,31,21"
13156,"40,131"
13157,"40,38,23"
13158,"3,21,5"
13159,"0,271,8"
13160,"10,44"
13161,"3,21,40"
13162,"3,4,21"
13163,"3,21"
13164,"0,8,206"
13165,"10,11,44"
13166,"10,64,93"
13167,"10,11"
13168,"3,17"
13169,"3,4,435"
13170,"3,40,111"
13171,"23,21,3"
13172,"169,199"
13173,"169,199,40"
13174,"0,3,265"
13175,"3,21"
13176,"3,4"
13177,"169,3"
13178,"64,10"
13179,"10,24,23"
13180,"23,0"
13181,"10,64,93"
13182,"10,64"
13183,"40,10,181"
13184,"3,32,31"
13185,"0,8,206"
13186,"40,41,23"
13187,"220,10"
13188,"10,64,44"
13189,"40,131"
13190,"40,131"
13191,"3,169,53"
13192,"24,23,43"
13193,"40,135,23"
13194,"0,23,271"
13195,"0,271"
13196,"169,199,135"
13197,"0,271"
13198,"3,40,21"
13199,"169,337,40"
13200,"3,21"
13201,"40,145,146"
13202,"3,21,169"
13203,"3,53,111"
13204,"3,17,10"
13205,"10,220"
13206,"10,11,44"
13207,"10,64,93"
13208,"10,11,12"
13209,"23,31,32"
13210,"3,147,156"
13211,"40,128"
13212,"3,21,147"
13213,"10,64,93"
13214,"24,43,23"
13215,"3,21"
13216,"169,8,40"
13217,"23,10,44"
13218,"10,23,11"
13219,"3,40,21"
13220,"23,169"
13221,"44,10,23"
13222,"23,40,31"
13223,"0,271,265"
13224,"3,169,199"
13225,"3,17"
13226,"40,131"
13227,"3,4"
13228,"23,38,10"
13229,"23,10,24"
13230,"199,169"
13231,"169,199,508"
13232,"40,160,315"
13233,"3,24,169"
13234,"64,10,93"
13235,"40,3,41"
13236,"23,24,40"
13237,"3,21,199"
13238,"3,21,0"
13239,"3,21,111"
13240,"145,402,40"
13241,"40,44,10"
13242,"64,93,10"
13243,"10,220"
13244,"3,111"
13245,"40,131"
13246,"44,40,10"
13247,"10,64,26"
13248,"3,21"
13249,"169,40,135"
13250,"0,271"
13251,"23,131,40"
13252,"10,145,44"
13253,"10,44"
13254,"10,44,11"
13255,"10,64"
13256,"3,21"
13257,"0,265,271"
13258,"40,135,169"
13259,"3,4"
13260,"40,128"
13261,"0,271"
13262,"40,10,74"
13263,"169,199"
13264,"10,64"
13265,"23,74,24"
13266,"64,181,40"
13267,"10,44,220"
13268,"3,147,23"
13269,"10,11"
13270,"169,199"
13271,"10,64"
13272,"26,23,0"
13273,"40,160,315"
13274,"3,21,187"
13275,"40,131"
13276,"40,23,38"
13277,"23,40,74"
13278,"10,64"
13279,"296,0,3"
13280,"3,21,0"
13281,"0,199,169"
13282,"23,169,145"
13283,"23,26,0"
13284,"10,44,145"
13285,"23,74"
13286,"40,41,128"
13287,"40,169,41"
13288,"23,169,145"
13289,"10,23,31"
13290,"3,17,10"
13291,"10,220"
13292,"131,40"
13293,"0,271"
13294,"23,38,0"
13295,"3,21"
13296,"3,21"
13297,"0,8,206"
13298,"3,21,147"
13299,"23,10,24"
13300,"3,4,21"
13301,"0,8"
13302,"3,4"
13303,"0,271,265"
13304,"169,170,199"
13305,"10,220"
13306,"0,212,10"
13307,"40,128,64"
13308,"0,271"
13309,"40,160,315"
13310,"40,402,145"
13311,"3,17"
13312,"40,128,129"
13313,"3,40"
13314,"169,170,171"
13315,"40,145,402"
13316,"40,135,41"
13317,"24,43,23"
13318,"10,11,0"
13319,"169,199"
13320,"0,265,271"
13321,"0,8"
13322,"10,11,31"
13323,"23,40,145"
13324,"23,60,239"
13325,"40,128,186"
13326,"3,40,169"
13327,"169,199,40"
13328,"0,271,199"
13329,"3,199,169"
13330,"3,21,187"
13331,"0,10"
13332,"0,271"
13333,"40,131,10"
13334,"10,11,44"
13335,"3,23,40"
13336,"10,44"
13337,"10,64,93"
13338,"40,160,315"
13339,"10,23,24"
13340,"23,38,74"
13341,"3,0,53"
13342,"169,170,171"
13343,"10,64,23"
13344,"199,169,38"
13345,"23,10,38"
13346,"0,26,271"
13347,"169,0,199"
13348,"10,40,71"
13349,"3,169,21"
13350,"23,74,3"
13351,"0,8"
13352,"3,21"
13353,"23,26,64"
13354,"40,44,10"
13355,"0,169,296"
13356,"3,169,21"
13357,"23,24,49"
13358,"10,11,44"
13359,"10,44,23"
13360,"23,24,49"
13361,"10,11,64"
13362,"3,21"
13363,"10,44"
13364,"23,26,40"
13365,"10,24,44"
13366,"169,40,199"
13367,"4,3,435"
13368,"40,131"
13369,"40,135,41"
13370,"40,160,315"
13371,"0,271"
13372,"0,8"
13373,"3,21,111"
13374,"0,271"
13375,"23,24,169"
13376,"40,131"
13377,"40,131"
13378,"169,199"
13379,"169,0,129"
13380,"3,147,40"
13381,"3,21"
13382,"296,169"
13383,"10,220"
13384,"8,3,0"
13385,"40,128,129"
13386,"0,3,21"
13387,"3,21,17"
13388,"3,17,169"
13389,"0,23,169"
13390,"199,169,3"
13391,"40,21,199"
13392,"40,24,181"
13393,"169,23,40"
13394,"40,128,129"
13395,"10,23,74"
13396,"3,21,41"
13397,"169,40,131"
13398,"40,41,3"
13399,"10,44"
13400,"220,10"
13401,"147,199,156"
13402,"0,271,8"
13403,"3,21,4"
13404,"10,17,3"
13405,"0,10,220"
13406,"40,145,169"
13407,"64,10,93"
13408,"169,199,40"
13409,"3,21,15"
13410,"3,147,148"
13411,"0,271"
13412,"23,10,44"
13413,"3,111,4"
13414,"3,21"
13415,"40,0,8"
13416,"10,11,23"
13417,"23,38"
13418,"74,23"
13419,"32,23,31"
13420,"3,21,40"
13421,"10,44"
13422,"23,24,49"
13423,"3,21,4"
13424,"3,15"
13425,"40,0,128"
13426,"169,199,296"
13427,"44,10"
13428,"23,26,8"
13429,"23,38,40"
13430,"0,8,206"
13431,"3,21,17"
13432,"23,43,24"
13433,"3,4"
13434,"10,44"
13435,"3,21,15"
13436,"0,271,23"
13437,"0,10,265"
13438,"0,10,271"
13439,"10,64,93"
13440,"0,8,235"
13441,"23,38"
13442,"10,220"
13443,"10,44"
13444,"3,4,40"
13445,"23,10"
13446,"23,40,131"
13447,"23,74,38"
13448,"23,32,31"
13449,"40,131"
13450,"3,15"
13451,"3,21,187"
13452,"23,49,24"
13453,"3,4"
13454,"10,11"
13455,"199,169,23"
13456,"3,5,21"
13457,"23,24,43"
13458,"10,64,169"
13459,"23,0,8"
13460,"3,21,301"
13461,"23,38,26"
13462,"40,23,10"
13463,"3,21,187"
13464,"0,8"
13465,"10,23,24"
13466,"23,24,43"
13467,"10,24,23"
13468,"0,26,8"
13469,"0,265,49"
13470,"3,17"
13471,"169,199"
13472,"0,8,206"
13473,"3,4,23"
13474,"3,21,24"
13475,"24,10,23"
13476,"40,131,184"
13477,"40,41,128"
13478,"23,40,44"
13479,"23,26,8"
13480,"23,38,40"
13481,"3,23,4"
13482,"0,271,26"
13483,"23,38"
13484,"169,170"
13485,"10,24,64"
13486,"169,199"
13487,"0,271,212"
13488,"3,4,5"
13489,"3,21,40"
13490,"10,49,239"
13491,"169,199,3"
13492,"23,74,38"
13493,"3,199,169"
13494,"0,26,271"
13495,"23,74"
13496,"40,21,3"
13497,"10,44,24"
13498,"10,93,64"
13499,"3,169,21"
13500,"128,40"
13501,"40,24,3"
13502,"169,3"
13503,"4,3"
13504,"23,26,0"
13505,"40,23,184"
13506,"40,160,3"
13507,"23,38,26"
13508,"169,170,199"
13509,"3,21"
13510,"3,40,21"
13511,"3,147,156"
13512,"40,131,135"
13513,"24,43,23"
13514,"169,0,199"
13515,"3,21"
13516,"40,23,74"
13517,"3,4,435"
13518,"3,169,21"
13519,"3,17,21"
13520,"0,23,8"
13521,"23,38"
13522,"3,21,0"
13523,"10,0,44"
13524,"23,38"
13525,"0,271"
13526,"0,10,40"
13527,"23,49,24"
13528,"23,38,44"
13529,"23,3,40"
13530,"0,8,206"
13531,"23,74,26"
13532,"23,40,10"
13533,"10,220"
13534,"10,23,74"
13535,"23,74,118"
13536,"40,3,21"
13537,"131,23,40"
13538,"10,64"
13539,"23,10,44"
13540,"3,21,41"
13541,"40,131"
13542,"199,169,23"
13543,"3,169,0"
13544,"10,64"
13545,"131,40"
13546,"32,31,23"
13547,"23,26,0"
13548,"23,24,43"
13549,"3,21,169"
13550,"0,271"
13551,"40,131"
13552,"0,128,8"
13553,"40,128,129"
13554,"40,131"
13555,"10,40,181"
13556,"3,5,21"
13557,"3,21,147"
13558,"40,23"
13559,"0,8,206"
13560,"3,21"
13561,"3,21,187"
13562,"3,147,40"
13563,"43,23,24"
13564,"40,131,128"
13565,"10,220"
13566,"40,160,315"
13567,"3,147,148"
13568,"0,271,212"
13569,"40,145,146"
13570,"64,10,93"
13571,"0,271"
13572,"3,4,21"
13573,"3,0"
13574,"3,40,21"
13575,"3,21,147"
13576,"3,21,40"
13577,"64,10,93"
13578,"23,10,44"
13579,"169,40,199"
13580,"0,271,265"
13581,"23,3,38"
13582,"3,21,40"
13583,"3,40,21"
13584,"10,11"
13585,"3,10"
13586,"131,40"
13587,"169,10,64"
13588,"169,199"
13589,"3,21"
13590,"0,265,271"
13591,"3,169,111"
13592,"23,26,38"
13593,"10,64,93"
13594,"3,15,4"
13595,"10,64,239"
13596,"0,271"
13597,"3,40,21"
13598,"0,8,206"
13599,"3,40,4"
13600,"0,271,265"
13601,"32,23,31"
13602,"23,0,38"
13603,"3,21,10"
13604,"199,169,0"
13605,"23,24,43"
13606,"40,184,131"
13607,"3,21,169"
13608,"23,10,24"
13609,"0,271,265"
13610,"3,15,17"
13611,"24,43,40"
13612,"169,170,135"
13613,"3,40,21"
13614,"3,21,40"
13615,"0,265,3"
13616,"40,169,160"
13617,"169,170"
13618,"31,32,3"
13619,"3,21"
13620,"23,49,24"
13621,"3,21,40"
13622,"0,23,26"
13623,"3,5"
13624,"23,199,26"
13625,"64,10,93"
13626,"40,128,23"
13627,"10,64"
13628,"8,0,206"
13629,"3,40,21"
13630,"3,111,21"
13631,"0,271"
13632,"23,74,3"
13633,"23,24,10"
13634,"3,40,21"
13635,"10,64,0"
13636,"3,23,10"
13637,"23,24,181"
13638,"40,135,41"
13639,"169,8,170"
13640,"3,21"
13641,"23,24,43"
13642,"23,0,10"
13643,"23,26,44"
13644,"3,169,199"
13645,"40,131"
13646,"10,44,11"
13647,"23,49,24"
13648,"40,128,131"
13649,"0,8,206"
13650,"3,40,21"
13651,"0,271,265"
13652,"3,15,4"
13653,"23,74,118"
13654,"10,220"
13655,"10,220"
13656,"23,24,43"
13657,"3,21"
13658,"169,199,40"
13659,"40,135"
13660,"3,15,21"
13661,"3,21,15"
13662,"145,10,402"
13663,"3,4,23"
13664,"0,271,265"
13665,"40,169,199"
13666,"10,145,40"
13667,"10,44"
13668,"0,212,211"
13669,"3,21,169"
13670,"40,135,23"
13671,"23,74"
13672,"296,169"
13673,"23,26,231"
13674,"23,32,31"
13675,"40,23,74"
13676,"0,265,271"
13677,"10,220"
13678,"0,10,265"
13679,"3,21"
13680,"169,199,64"
13681,"10,169,11"
13682,"10,3,17"
13683,"0,8,206"
13684,"131,40,169"
13685,"10,11,44"
13686,"3,40,131"
13687,"10,220"
13688,"3,21"
13689,"23,26,89"
13690,"40,131"
13691,"40,23"
13692,"10,23,44"
13693,"3,15,21"
13694,"23,38,3"
13695,"3,147,169"
13696,"23,10,26"
13697,"21,3,199"
13698,"40,128"
13699,"3,4"
13700,"3,21,169"
13701,"24,23,43"
13702,"64,10,93"
13703,"10,220"
13704,"10,44"
13705,"64,10"
13706,"3,21,10"
13707,"40,41,224"
13708,"3,21,169"
13709,"10,64"
13710,"40,128,129"
13711,"10,23"
13712,"3,21"
13713,"0,265,271"
13714,"3,4"
13715,"0,271,313"
13716,"169,199,0"
13717,"23,74"
13718,"169,170,199"
13719,"40,21,131"
13720,"169,199"
13721,"23,49,24"
13722,"3,21,147"
13723,"169,199,10"
13724,"169,23,296"
13725,"3,21"
13726,"3,21,5"
13727,"3,21,5"
13728,"3,169,21"
13729,"169,0,199"
13730,"0,271,26"
13731,"3,0,169"
13732,"3,111,4"
13733,"3,21,41"
13734,"3,40,111"
13735,"10,11"
13736,"169,199"
13737,"23,8,38"
13738,"10,220,23"
13739,"0,271"
13740,"3,21,5"
13741,"3,40,21"
13742,"3,21,169"
13743,"23,199,26"
13744,"24,43,23"
13745,"23,40,10"
13746,"40,3"
13747,"10,64,23"
13748,"10,0"
13749,"23,74,3"
13750,"23,296,31"
13751,"3,21,40"
13752,"3,0,21"
13753,"3,5,21"
13754,"10,23,24"
13755,"10,64,23"
13756,"169,199,23"
13757,"40,135,160"
13758,"40,131,160"
13759,"40,64,10"
13760,"40,131,3"
13761,"0,271,8"
13762,"10,220"
13763,"10,64"
13764,"10,64,93"
13765,"3,15,21"
13766,"169,170,171"
13767,"0,271,23"
13768,"169,199,40"
13769,"10,44"
13770,"0,271,265"
13771,"169,199,10"
13772,"3,4,21"
13773,"40,131"
13774,"169,10,64"
13775,"10,44"
13776,"3,21,4"
13777,"10,11"
13778,"23,10,74"
13779,"23,3,0"
13780,"0,31,296"
13781,"0,271"
13782,"3,21,199"
13783,"3,4"
13784,"23,38,24"
13785,"3,0,23"
13786,"10,44"
13787,"0,271,3"
13788,"23,24,25"
13789,"3,4"
13790,"0,8,128"
13791,"3,21,187"
13792,"181,24,23"
13793,"3,21,147"
13794,"10,44"
13795,"220,10"
13796,"10,64"
13797,"40,3,135"
13798,"23,10,44"
13799,"169,199"
13800,"3,147,21"
13801,"23,74,118"
13802,"40,160,315"
13803,"3,17"
13804,"3,21"
13805,"23,40,0"
13806,"0,23,26"
13807,"10,220"
13808,"3,21,169"
13809,"40,131"
13810,"23,49,24"
13811,"10,220"
13812,"0,10,220"
13813,"10,23,44"
13814,"3,21,41"
13815,"169,199,40"
13816,"10,11,12"
13817,"3,4"
13818,"23,3,38"
13819,"0,23,26"
13820,"23,24,40"
13821,"3,4,435"
13822,"0,271,265"
13823,"23,24,49"
13824,"23,38,74"
13825,"10,44"
13826,"3,23,15"
13827,"23,40"
13828,"3,4,44"
13829,"32,31,23"
13830,"0,271"
13831,"3,17"
13832,"3,21"
13833,"169,296"
13834,"0,40,271"
13835,"3,169,199"
13836,"0,8,206"
13837,"10,64,23"
13838,"3,21,147"
13839,"0,271,212"
13840,"40,131,3"
13841,"3,21,4"
13842,"40,128,145"
13843,"3,4"
13844,"40,131,21"
13845,"23,24,10"
13846,"10,64"
13847,"0,265,8"
13848,"64,10,93"
13849,"3,21,199"
13850,"10,3,64"
13851,"23,40,38"
13852,"3,15,53"
13853,"0,26,23"
13854,"3,21"
13855,"0,271"
13856,"199,169,3"
13857,"10,24,43"
13858,"23,24,40"
13859,"3,147,53"
13860,"0,271"
13861,"10,220"
13862,"40,145,146"
13863,"40,31,169"
13864,"0,8"
13865,"10,220"
13866,"3,21,170"
13867,"23,26,169"
13868,"23,38,309"
13869,"3,23,21"
13870,"3,40,169"
13871,"32,31,23"
13872,"40,131,23"
13873,"3,21,40"
13874,"23,74,26"
13875,"0,64,10"
13876,"3,17,21"
13877,"23,26"
13878,"40,128,129"
13879,"10,64"
13880,"10,220"
13881,"10,64"
13882,"147,3,23"
13883,"3,21,40"
13884,"40,131,31"
13885,"3,21,301"
13886,"0,265,10"
13887,"220,10"
13888,"40,128,129"
13889,"10,64,169"
13890,"3,169,21"
13891,"3,21,17"
13892,"10,64"
13893,"10,44"
13894,"40,23,26"
13895,"10,23,24"
13896,"40,131"
13897,"0,169,8"
13898,"40,41,128"
13899,"23,72,10"
13900,"169,199,40"
13901,"0,271"
13902,"3,21,40"
13903,"64,10,93"
13904,"169,170,3"
13905,"3,21,40"
13906,"3,15"
13907,"23,44,10"
13908,"23,74,10"
13909,"40,160,10"
13910,"41,40,224"
13911,"3,21,169"
13912,"0,26,23"
13913,"40,131"
13914,"169,170,296"
13915,"220,10"
13916,"0,23,26"
13917,"8,0,3"
13918,"10,93,64"
13919,"3,169,40"
13920,"3,21,147"
13921,"40,128,160"
13922,"44,10,23"
13923,"3,21,40"
13924,"3,21"
13925,"10,181,43"
13926,"40,128,186"
13927,"169,3,170"
13928,"40,184,23"
13929,"23,10,74"
13930,"3,4,21"
13931,"40,131"
13932,"3,40,21"
13933,"40,10,23"
13934,"23,0,26"
13935,"3,40,41"
13936,"40,160,315"
13937,"3,169,21"
13938,"3,147,156"
13939,"10,11,44"
13940,"10,44,40"
13941,"40,250,23"
13942,"296,169"
13943,"40,23,131"
13944,"220,10"
13945,"10,64,3"
13946,"10,220"
13947,"10,44,23"
13948,"40,23,74"
13949,"3,21,5"
13950,"40,0,128"
13951,"3,17,21"
13952,"0,10,265"
13953,"169,199"
13954,"169,40,199"
13955,"3,4,435"
13956,"3,4"
13957,"169,199"
13958,"169,296"
13959,"64,10,93"
13960,"3,21"
13961,"169,296,23"
13962,"23,74,118"
13963,"8,169,296"
13964,"0,271"
13965,"40,41,135"
13966,"3,10,44"
13967,"0,40,10"
13968,"0,8,235"
13969,"0,8,313"
13970,"3,4,15"
13971,"3,15"
13972,"169,40,3"
13973,"40,135"
13974,"23,74,118"
13975,"0,271"
13976,"3,169,199"
13977,"0,40,31"
13978,"10,44"
13979,"0,169,199"
13980,"23,0,169"
13981,"40,128,3"
13982,"23,74,44"
13983,"3,21,40"
13984,"3,40,23"
13985,"40,3,135"
13986,"10,64"
13987,"10,220"
13988,"3,169,15"
13989,"3,21"
13990,"10,64,93"
13991,"40,23,31"
13992,"10,64"
13993,"3,15,31"
13994,"40,0,128"
13995,"3,21,40"
13996,"64,10,93"
13997,"3,17,21"
13998,"40,131"
13999,"3,15,21"
14000,"49,24,23"
14001,"0,271,169"
14002,"3,4"
14003,"0,271,3"
14004,"10,44"
14005,"3,21"
14006,"10,145,40"
14007,"3,21,17"
14008,"10,11,12"
14009,"10,220"
14010,"10,64"
14011,"181,23,145"
14012,"3,21,41"
14013,"3,21,17"
14014,"169,170,171"
14015,"0,271"
14016,"40,131"
14017,"3,169,21"
14018,"40,131,128"
14019,"3,147,21"
14020,"3,21,40"
14021,"169,199,40"
14022,"23,40,10"
14023,"10,44"
14024,"169,23,0"
14025,"3,21"
14026,"40,145,146"
14027,"40,128,0"
14028,"0,271"
14029,"3,21,187"
14030,"23,74,40"
14031,"3,21"
14032,"3,21"
14033,"40,131"
14034,"10,31,23"
14035,"23,38,26"
14036,"40,131"
14037,"40,41,224"
14038,"23,26,0"
14039,"23,38,40"
14040,"40,128,186"
14041,"0,8,271"
14042,"3,4"
14043,"64,10"
14044,"3,21"
14045,"3,21"
14046,"3,5,10"
14047,"10,64,220"
14048,"0,8,206"
14049,"169,170,171"
14050,"3,10,220"
14051,"23,40,128"
14052,"10,64"
14053,"170,169,171"
14054,"40,135"
14055,"40,3,41"
14056,"0,271,24"
14057,"23,26,0"
14058,"3,23,40"
14059,"23,74,38"
14060,"0,271"
14061,"26,89,23"
14062,"23,3,21"
14063,"40,128,129"
14064,"3,23,4"
14065,"10,44"
14066,"3,21,40"
14067,"40,145,146"
14068,"3,21,169"
14069,"0,8,206"
14070,"0,8"
14071,"10,23,40"
14072,"10,31,3"
14073,"0,271,26"
14074,"0,271"
14075,"181,40,23"
14076,"169,199,3"
14077,"199,169"
14078,"3,15"
14079,"23,26,38"
14080,"0,271,64"
14081,"3,21"
14082,"40,128,186"
14083,"169,170,199"
14084,"10,64,93"
14085,"40,23,184"
14086,"40,128,160"
14087,"3,40,21"
14088,"10,11,12"
14089,"40,129,128"
14090,"40,184,23"
14091,"24,40,49"
14092,"41,224,3"
14093,"0,271,169"
14094,"23,38,74"
14095,"23,169,40"
14096,"23,24,71"
14097,"23,74,40"
14098,"3,21,301"
14099,"3,21,147"
14100,"4,3"
14101,"10,0,44"
14102,"3,21,10"
14103,"0,271,8"
14104,"40,41,128"
14105,"3,4,435"
14106,"0,265,3"
14107,"3,21,40"
14108,"10,220,3"
14109,"23,24,49"
14110,"40,131"
14111,"23,10,38"
14112,"23,26,38"
14113,"131,40"
14114,"40,131,169"
14115,"3,21"
14116,"199,169,3"
14117,"0,26,23"
14118,"64,10,93"
14119,"0,271,265"
14120,"220,10"
14121,"23,44,10"
14122,"10,64"
14123,"3,4"
14124,"40,23,74"
14125,"3,147,156"
14126,"23,40"
14127,"3,169,21"
14128,"40,131"
14129,"23,74"
14130,"23,38,24"
14131,"3,17,10"
14132,"40,160,315"
14133,"40,131"
14134,"23,24,49"
14135,"40,41,3"
14136,"0,271"
14137,"40,131"
14138,"10,23,44"
14139,"0,271,265"
14140,"40,169,199"
14141,"0,271"
14142,"23,24,43"
14143,"3,21"
14144,"23,49,24"
14145,"0,271"
14146,"40,184,128"
14147,"40,184,3"
14148,"10,23,24"
14149,"3,147,148"
14150,"0,271"
14151,"0,271"
14152,"10,220,0"
14153,"0,271,212"
14154,"0,8,206"
14155,"3,21,169"
14156,"10,64,93"
14157,"3,21,5"
14158,"0,23,10"
14159,"3,147,156"
14160,"23,24,43"
14161,"10,64"
14162,"0,10,265"
14163,"40,131"
14164,"64,10,93"
14165,"169,199,40"
14166,"0,8,206"
14167,"10,44"
14168,"3,21,187"
14169,"10,220,0"
14170,"10,220"
14171,"3,15,4"
14172,"40,10,128"
14173,"199,169"
14174,"10,220"
14175,"3,40,21"
14176,"169,199,508"
14177,"3,21"
14178,"40,169"
14179,"40,135,3"
14180,"40,3,135"
14181,"23,32,31"
14182,"10,44,0"
14183,"23,32,31"
14184,"3,21,5"
14185,"10,64,169"
14186,"3,40,21"
14187,"43,24,23"
14188,"3,147,156"
14189,"3,147,21"
14190,"3,40,21"
14191,"23,26,0"
14192,"0,271,265"
14193,"26,23,89"
14194,"0,271"
14195,"23,31,32"
14196,"3,21,40"
14197,"10,23,24"
14198,"0,26,271"
14199,"169,40,23"
14200,"3,10,111"
14201,"0,8,271"
14202,"3,21"
14203,"3,40,21"
14204,"31,40,23"
14205,"0,169"
14206,"0,265,271"
14207,"10,11,44"
14208,"0,8,206"
14209,"0,271"
14210,"0,265,10"
14211,"40,160,315"
14212,"169,199"
14213,"3,10,21"
14214,"40,128"
14215,"10,64"
14216,"0,265,271"
14217,"40,131,23"
14218,"169,0"
14219,"3,17,21"
14220,"3,21,5"
14221,"0,23,271"
14222,"3,21,74"
14223,"169,199"
14224,"0,8,235"
14225,"23,26,89"
14226,"40,41,160"
14227,"3,40"
14228,"181,40,145"
14229,"23,24,43"
14230,"24,23,43"
14231,"10,44,23"
14232,"40,128,131"
14233,"0,169,271"
14234,"0,271,8"
14235,"23,74,40"
14236,"3,10,220"
14237,"10,64"
14238,"23,38"
14239,"0,271"
14240,"3,17"
14241,"3,147,148"
14242,"0,8,206"
14243,"145,402,40"
14244,"10,74,23"
14245,"23,38,309"
14246,"0,271"
14247,"23,74,40"
14248,"3,21,187"
14249,"199,169"
14250,"26,23,89"
14251,"128,8,40"
14252,"3,21,40"
14253,"10,31,296"
14254,"0,271"
14255,"3,147,40"
14256,"3,15,23"
14257,"220,10"
14258,"10,44"
14259,"3,21,169"
14260,"169,23,26"
14261,"10,11,12"
14262,"40,3,17"
14263,"10,11,205"
14264,"3,21"
14265,"3,21"
14266,"40,135,41"
14267,"10,11"
14268,"64,10"
14269,"0,265,23"
14270,"169,23,199"
14271,"40,3,21"
14272,"10,220"
14273,"3,21,15"
14274,"169,199"
14275,"3,21,40"
14276,"23,40,0"
14277,"3,17"
14278,"23,31,0"
14279,"40,296,3"
14280,"40,131"
14281,"40,128,186"
14282,"43,23,24"
14283,"10,220"
14284,"3,21,41"
14285,"23,40,38"
14286,"199,169,40"
14287,"23,32,31"
14288,"4,3"
14289,"40,128"
14290,"3,4"
14291,"23,40,74"
14292,"0,271,40"
14293,"23,0,38"
14294,"10,64"
14295,"3,21,0"
14296,"40,23,41"
14297,"0,271"
14298,"0,271,265"
14299,"3,21,0"
14300,"0,271,8"
14301,"169,199,40"
14302,"3,23,24"
14303,"3,4,435"
14304,"40,145,402"
14305,"3,15,23"
14306,"23,26,231"
14307,"44,10,40"
14308,"40,145,44"
14309,"4,3"
14310,"64,10,93"
14311,"169,8,170"
14312,"0,271"
14313,"10,44,220"
14314,"0,8,23"
14315,"169,296"
14316,"3,4,23"
14317,"0,271,265"
14318,"10,24,23"
14319,"3,4"
14320,"3,21,40"
14321,"3,21,169"
14322,"3,4"
14323,"0,3,265"
14324,"0,265,271"
14325,"64,169,199"
14326,"40,23,135"
14327,"3,15"
14328,"0,271,26"
14329,"0,8,206"
14330,"10,64,44"
14331,"169,199"
14332,"3,147,148"
14333,"3,21,0"
14334,"10,64,93"
14335,"40,131,41"
14336,"169,296"
14337,"169,0,199"
14338,"0,271"
14339,"10,0,23"
14340,"10,3,11"
14341,"3,0,40"
14342,"3,5,21"
14343,"23,8,0"
14344,"169,508,199"
14345,"3,4,435"
14346,"23,199,169"
14347,"40,128,129"
14348,"3,21"
14349,"199,169"
14350,"296,40,169"
14351,"23,10,24"
14352,"0,40,271"
14353,"169,40,38"
14354,"3,40,21"
14355,"40,23,131"
14356,"220,10"
14357,"40,131,3"
14358,"169,296,23"
14359,"24,10,40"
14360,"64,10"
14361,"0,271"
14362,"3,4"
14363,"169,3,21"
14364,"3,0,21"
14365,"40,199,169"
14366,"3,21,40"
14367,"40,131"
14368,"3,4"
14369,"23,3"
14370,"0,23,26"
14371,"10,44"
14372,"23,10,24"
14373,"3,4"
14374,"3,21,0"
14375,"3,23,24"
14376,"10,44,23"
14377,"3,23,24"
14378,"220,10"
14379,"23,74,3"
14380,"40,0,160"
14381,"3,147,23"
14382,"0,265,271"
14383,"3,21"
14384,"23,74"
14385,"3,21,147"
14386,"0,169,199"
14387,"3,15"
14388,"169,170,171"
14389,"23,44,10"
14390,"3,21,40"
14391,"169,0,199"
14392,"23,32,31"
14393,"23,181,64"
14394,"3,21,187"
14395,"10,11,12"
14396,"0,23,8"
14397,"3,4,435"
14398,"169,40,170"
14399,"40,128,129"
14400,"3,4"
14401,"23,49,24"
14402,"64,93,10"
14403,"3,40,10"
14404,"10,44,23"
14405,"3,21"
14406,"0,169,265"
14407,"23,24,10"
14408,"3,21,147"
14409,"40,131,160"
14410,"40,169,199"
14411,"3,40,135"
14412,"40,128,10"
14413,"220,10"
14414,"10,44,23"
14415,"0,271"
14416,"23,38,10"
14417,"10,23,38"
14418,"3,40,4"
14419,"40,131"
14420,"23,24,31"
14421,"169,170,171"
14422,"32,31,23"
14423,"3,10,11"
14424,"40,131"
14425,"40,128,129"
14426,"10,3,60"
14427,"10,220"
14428,"0,271,169"
14429,"10,64"
14430,"49,40,21"
14431,"32,31,23"
14432,"40,135"
14433,"10,44,23"
14434,"3,21"
14435,"3,21"
14436,"3,5,21"
14437,"3,15,147"
14438,"3,23,169"
14439,"23,74,24"
14440,"44,10"
14441,"23,26,89"
14442,"0,169,199"
14443,"64,10,23"
14444,"3,21,40"
14445,"0,8,271"
14446,"23,74,40"
14447,"3,40,147"
14448,"3,15,10"
14449,"40,128"
14450,"10,64"
14451,"10,23,24"
14452,"40,0,128"
14453,"23,40,31"
14454,"40,160,131"
14455,"3,21,15"
14456,"40,131"
14457,"23,38,40"
14458,"10,23,44"
14459,"3,4,435"
14460,"10,64,93"
14461,"0,271"
14462,"0,10,220"
14463,"10,44,64"
14464,"10,169,40"
14465,"40,3,21"
14466,"3,17"
14467,"40,135"
14468,"0,271"
14469,"10,220,24"
14470,"40,128"
14471,"23,49,145"
14472,"10,64,93"
14473,"181,24,43"
14474,"0,26,271"
14475,"10,11,44"
14476,"23,40,93"
14477,"10,44,24"
14478,"23,32,31"
14479,"3,147,148"
14480,"23,26,0"
14481,"3,147,40"
14482,"3,23,4"
14483,"3,40,145"
14484,"3,21,111"
14485,"3,169,199"
14486,"3,4"
14487,"3,40,111"
14488,"4,3"
14489,"23,40,74"
14490,"3,21"
14491,"24,10,23"
14492,"296,169,40"
14493,"3,169,21"
14494,"40,23,31"
14495,"10,64,40"
14496,"169,23,170"
14497,"3,17,21"
14498,"40,131"
14499,"0,8,206"
14500,"40,160,315"
14501,"3,147,15"
14502,"23,40,0"
14503,"44,10"
14504,"3,21,301"
14505,"10,64"
14506,"3,40,21"
14507,"23,74,118"
14508,"10,239,24"
14509,"3,147,21"
14510,"3,21,301"
14511,"10,44,11"
14512,"10,220"
14513,"0,10,44"
14514,"40,21,3"
14515,"40,0,128"
14516,"0,145,402"
14517,"10,44"
14518,"23,32,31"
14519,"40,145,146"
14520,"3,53,15"
14521,"10,11,44"
14522,"220,10"
14523,"169,199,10"
14524,"3,53,44"
14525,"3,17"
14526,"0,271,40"
14527,"3,4"
14528,"0,271"
14529,"199,169,23"
14530,"3,21,187"
14531,"10,11"
14532,"3,21"
14533,"23,26,40"
14534,"0,271"
14535,"40,10,3"
14536,"64,10,93"
14537,"0,271,10"
14538,"3,21,187"
14539,"3,15"
14540,"3,17"
14541,"0,271"
14542,"10,44,11"
14543,"3,4,21"
14544,"145,40,402"
14545,"169,199"
14546,"64,24,3"
14547,"40,131,23"
14548,"23,40"
14549,"10,44,145"
14550,"40,128,186"
14551,"23,40,38"
14552,"40,160"
14553,"0,271,313"
14554,"40,3"
14555,"169,170,171"
14556,"23,26,231"
14557,"40,3,41"
14558,"3,21"
14559,"3,21"
14560,"3,23,4"
14561,"10,220"
14562,"131,40"
14563,"3,21,131"
14564,"3,17,0"
14565,"10,3,17"
14566,"24,23,43"
14567,"0,271,265"
14568,"23,31,32"
14569,"3,147,21"
14570,"64,10,93"
14571,"3,21,111"
14572,"23,128,40"
14573,"3,21,301"
14574,"23,38,8"
14575,"40,160"
14576,"220,10"
14577,"10,64"
14578,"40,145,146"
14579,"3,21,147"
14580,"10,220"
14581,"64,10,93"
14582,"24,23,10"
14583,"3,4,435"
14584,"220,10"
14585,"128,40"
14586,"23,38,309"
14587,"40,3,41"
14588,"3,21,74"
14589,"3,4"
14590,"23,38"
14591,"23,24,49"
14592,"3,4,111"
14593,"169,199"
14594,"23,74"
14595,"24,43,23"
14596,"3,21,169"
14597,"64,10,93"
14598,"10,44"
14599,"23,24,49"
14600,"3,21"
14601,"3,21,11"
14602,"40,3"
14603,"23,32,31"
14604,"10,44"
14605,"0,271"
14606,"199,169,21"
14607,"3,169,4"
14608,"3,4,435"
14609,"0,271"
14610,"40,128"
14611,"3,4,435"
14612,"23,74"
14613,"23,49,24"
14614,"10,64,93"
14615,"10,64"
14616,"10,64"
14617,"40,145,146"
14618,"10,11"
14619,"23,74"
14620,"0,212,211"
14621,"23,38,74"
14622,"10,0,265"
14623,"169,199,40"
14624,"169,199,40"
14625,"10,64"
14626,"3,0"
14627,"40,21,3"
14628,"0,8,271"
14629,"3,21"
14630,"10,44,72"
14631,"10,11"
14632,"296,169"
14633,"10,220"
14634,"40,41,160"
14635,"23,24,181"
14636,"3,4,0"
14637,"220,10"
14638,"10,44"
14639,"10,23,220"
14640,"169,199"
14641,"3,21"
14642,"3,21,169"
14643,"220,10"
14644,"40,41,21"
14645,"0,8"
14646,"3,5,271"
14647,"23,74,24"
14648,"3,147,21"
14649,"169,508,199"
14650,"0,10,169"
14651,"3,21,41"
14652,"0,8"
14653,"169,3"
14654,"40,128,41"
14655,"3,21,111"
14656,"3,40,21"
14657,"3,10"
14658,"23,74"
14659,"40,160,41"
14660,"40,21,3"
14661,"40,160,315"
14662,"10,44,24"
14663,"23,38,44"
14664,"40,145,128"
14665,"23,74,40"
14666,"0,206,8"
14667,"40,131,135"
14668,"24,23,49"
14669,"3,5"
14670,"23,74,40"
14671,"3,40"
14672,"3,147,156"
14673,"0,271"
14674,"169,0"
14675,"40,3,128"
14676,"40,128,129"
14677,"3,15,23"
14678,"169,199"
14679,"169,199,3"
14680,"0,271"
14681,"40,23,131"
14682,"40,135,41"
14683,"40,131"
14684,"3,21,147"
14685,"64,10,93"
14686,"10,43,24"
14687,"40,41,3"
14688,"3,21"
14689,"3,21,169"
14690,"10,64,40"
14691,"23,74,40"
14692,"23,24,10"
14693,"169,296"
14694,"40,160,315"
14695,"43,24"
14696,"40,160,315"
14697,"10,44"
14698,"0,265,10"
14699,"3,23,74"
14700,"10,31,93"
14701,"40,3,135"
14702,"40,3,21"
14703,"3,21,169"
14704,"3,21"
14705,"40,128,41"
14706,"3,147,156"
14707,"3,17"
14708,"3,21"
14709,"24,23,49"
14710,"169,296,0"
14711,"199,169"
14712,"169,170,296"
14713,"0,206,8"
14714,"169,8"
14715,"32,23,31"
14716,"10,44,24"
14717,"3,21"
14718,"23,10,74"
14719,"10,64"
14720,"3,40"
14721,"23,24,49"
14722,"10,44,0"
14723,"3,147,148"
14724,"0,265"
14725,"10,220"
14726,"10,44,23"
14727,"23,0,38"
14728,"0,8,38"
14729,"3,40"
14730,"10,64"
14731,"0,265,10"
14732,"3,21,187"
14733,"3,40,21"
14734,"10,220"
14735,"3,21,199"
14736,"10,23,49"
14737,"23,10,40"
14738,"3,4"
14739,"0,212,10"
14740,"10,220"
14741,"10,220"
14742,"43,24,169"
14743,"40,145,146"
14744,"131,40"
14745,"10,64"
14746,"3,23,74"
14747,"0,271"
14748,"220,23,10"
14749,"23,40"
14750,"23,74"
14751,"169,199,40"
14752,"170,169,171"
14753,"10,64"
14754,"0,271,8"
14755,"40,3,21"
14756,"0,271"
14757,"3,15"
14758,"31,40,169"
14759,"40,131"
14760,"3,21,301"
14761,"169,170,199"
14762,"3,169,147"
14763,"10,44"
14764,"169,40,199"
14765,"3,21,40"
14766,"169,199"
14767,"3,23,40"
14768,"131,40"
14769,"23,74,118"
14770,"0,271"
14771,"23,24,49"
14772,"0,271"
14773,"3,21"
14774,"3,17"
14775,"3,21"
14776,"3,21,169"
14777,"169,199"
14778,"3,21,147"
14779,"3,147,23"
14780,"0,10,169"
14781,"40,131"
14782,"0,8"
14783,"3,147,53"
14784,"23,49,24"
14785,"40,23,93"
14786,"3,147,53"
14787,"10,64,220"
14788,"40,131,23"
14789,"10,64"
14790,"0,23,26"
14791,"40,160,41"
14792,"23,49,24"
14793,"10,44,24"
14794,"10,64"
14795,"40,145,146"
14796,"3,21"
14797,"40,23,74"
14798,"40,145,146"
14799,"0,169,271"
14800,"23,38,74"
14801,"169,199,170"
14802,"169,199"
14803,"3,21,5"
14804,"23,26,38"
14805,"0,271"
14806,"3,21,40"
14807,"40,128,186"
14808,"23,24,43"
14809,"3,169,21"
14810,"3,4"
14811,"3,21,10"
14812,"0,271"
14813,"3,21"
14814,"23,24,10"
14815,"23,10,24"
14816,"3,21"
14817,"10,11"
14818,"220,10"
14819,"23,0,26"
14820,"23,38,24"
14821,"3,21,301"
14822,"40,135,21"
14823,"0,265,271"
14824,"23,199,169"
14825,"3,21,169"
14826,"3,5,169"
14827,"0,271,265"
14828,"3,4"
14829,"40,128"
14830,"23,74,40"
14831,"3,21,17"
14832,"10,220"
14833,"10,44,11"
14834,"0,8,23"
14835,"23,74,26"
14836,"3,40,74"
14837,"40,186,128"
14838,"23,74,10"
14839,"220,10,40"
14840,"0,23"
14841,"3,21"
14842,"23,0,26"
14843,"32,31,23"
14844,"3,147,53"
14845,"169,199,170"
14846,"40,128"
14847,"3,21,40"
14848,"40,160,131"
14849,"3,21,147"
14850,"10,220"
14851,"3,147,148"
14852,"23,40,74"
14853,"0,271"
14854,"10,11,12"
14855,"0,271,26"
14856,"40,128,0"
14857,"0,8,206"
14858,"40,41,224"
14859,"23,24,49"
14860,"40,131"
14861,"3,21"
14862,"3,21,199"
14863,"3,40,21"
14864,"40,41,3"
14865,"40,145,146"
14866,"3,21"
14867,"3,21"
14868,"10,44"
14869,"40,160,315"
14870,"23,44,10"
14871,"10,44,11"
14872,"3,4"
14873,"3,15,147"
14874,"10,220"
14875,"23,199,169"
14876,"3,17,40"
14877,"3,147,148"
14878,"10,220"
14879,"3,21,40"
14880,"3,40,111"
14881,"169,199,0"
14882,"3,21,40"
14883,"23,49,24"
14884,"10,44"
14885,"3,4"
14886,"23,0,10"
14887,"0,23,271"
14888,"23,0,26"
14889,"3,10"
14890,"32,31,23"
14891,"10,64"
14892,"40,3,41"
14893,"3,21,15"
14894,"23,31,169"
14895,"0,271,265"
14896,"199,169"
14897,"40,44,131"
14898,"23,40,3"
14899,"0,3,265"
14900,"10,44,23"
14901,"23,40,74"
14902,"40,131"
14903,"145,10,402"
14904,"169,170"
14905,"40,199,169"
14906,"10,44"
14907,"40,135"
14908,"40,160,315"
14909,"23,26,0"
14910,"3,301,21"
14911,"40,135,41"
14912,"0,271,8"
14913,"40,131,23"
14914,"0,10,265"
14915,"10,64"
14916,"23,40,38"
14917,"169,199,40"
14918,"3,21,17"
14919,"169,199,40"
14920,"23,49,24"
14921,"169,296"
14922,"40,41,224"
14923,"24,10,43"
14924,"0,8,271"
14925,"0,271"
14926,"3,23,53"
14927,"10,11"
14928,"40,131"
14929,"3,21"
14930,"169,337,3"
14931,"0,26,23"
14932,"23,10,0"
14933,"0,10,220"
14934,"169,199,170"
14935,"169,199,170"
14936,"0,271"
14937,"40,131"
14938,"23,169,38"
14939,"3,21,0"
14940,"0,271,3"
14941,"10,220,40"
14942,"169,3,21"
14943,"3,17,10"
14944,"3,21"
14945,"40,160,41"
14946,"3,4"
14947,"23,74"
14948,"169,296"
14949,"3,169,0"
14950,"40,184,220"
14951,"3,147,296"
14952,"23,44,24"
14953,"0,271,313"
14954,"23,24,38"
14955,"0,31,131"
14956,"40,128,0"
14957,"131,40"
14958,"40,23,74"
14959,"40,23,131"
14960,"10,40,3"
14961,"23,38,26"
14962,"23,26,0"
14963,"0,271"
14964,"40,145,131"
14965,"0,23,38"
14966,"40,169"
14967,"3,147,53"
14968,"23,3,74"
14969,"3,4"
14970,"40,128,129"
14971,"3,40"
14972,"23,24,3"
14973,"23,40,38"
14974,"64,10"
14975,"169,170,171"
14976,"0,23,26"
14977,"0,271"
14978,"199,169"
14979,"10,64,93"
14980,"23,0,271"
14981,"40,131"
14982,"3,21"
14983,"40,128,186"
14984,"0,271,169"
14985,"0,26,271"
14986,"0,8,271"
14987,"0,40"
14988,"23,10,24"
14989,"23,24,8"
14990,"3,21,17"
14991,"10,44"
14992,"0,271"
14993,"3,4"
14994,"3,4"
14995,"3,21"
14996,"10,64,93"
14997,"10,169,199"
14998,"24,43,23"
14999,"10,64,93"
15000,"40,160,315"
15001,"3,21,4"
15002,"40,169,199"
15003,"10,11,44"
15004,"169,170,171"
15005,"23,74,118"
15006,"40,131"
15007,"24,49,23"
15008,"23,24,49"
15009,"40,169,3"
15010,"3,169,11"
15011,"40,23,131"
15012,"40,0"
15013,"3,40,21"
15014,"10,44,11"
15015,"3,4"
15016,"169,170,171"
15017,"3,21,40"
15018,"10,44,40"
15019,"169,170,171"
15020,"23,74"
15021,"169,199"
15022,"40,41,74"
15023,"10,64"
15024,"3,21,301"
15025,"0,23,8"
15026,"3,21,17"
15027,"3,21,40"
15028,"0,40"
15029,"40,131"
15030,"23,74"
15031,"0,26,271"
15032,"3,40,21"
15033,"3,147,148"
15034,"3,21,301"
15035,"3,21,147"
15036,"3,21,4"
15037,"3,0,5"
15038,"0,271,199"
15039,"0,128,40"
15040,"10,220"
15041,"169,23"
15042,"10,64"
15043,"0,8,206"
15044,"3,21,40"
15045,"40,3"
15046,"3,4,111"
15047,"0,23"
15048,"40,23,74"
15049,"64,10,93"
15050,"135,40,23"
15051,"3,4,435"
15052,"3,21,187"
15053,"169,199"
15054,"0,271,212"
15055,"23,40,38"
15056,"0,8,271"
15057,"40,10,44"
15058,"3,21,239"
15059,"0,10,23"
15060,"64,10,93"
15061,"169,199"
15062,"3,4,147"
15063,"169,199,10"
15064,"10,44,11"
15065,"169,170,296"
15066,"40,131"
15067,"3,40,21"
15068,"3,21,40"
15069,"3,21"
15070,"3,0,271"
15071,"3,4,435"
15072,"3,147,21"
15073,"3,111,40"
15074,"40,135"
15075,"3,296,169"
15076,"3,21,169"
15077,"24,43,23"
15078,"10,220"
15079,"3,147,148"
15080,"23,24,145"
15081,"0,8,271"
15082,"24,23,49"
15083,"40,23,131"
15084,"40,131"
15085,"10,23,44"
15086,"220,10"
15087,"0,265,271"
15088,"23,74,118"
15089,"0,26,23"
15090,"169,23,0"
15091,"3,4,435"
15092,"3,40"
15093,"40,145,402"
15094,"3,21"
15095,"169,3,21"
15096,"40,41,131"
15097,"10,11,12"
15098,"0,271,265"
15099,"0,128,40"
15100,"40,41,23"
15101,"40,3,21"
15102,"3,10,111"
15103,"3,17"
15104,"3,21,5"
15105,"0,49,23"
15106,"23,24,43"
15107,"0,271,169"
15108,"10,44,0"
15109,"23,169,24"
15110,"169,3,170"
15111,"3,21,40"
15112,"23,74,10"
15113,"10,23,24"
15114,"40,145,146"
15115,"40,131"
15116,"3,147,156"
15117,"10,44,0"
15118,"10,44,23"
15119,"199,0,169"
15120,"3,147,148"
15121,"3,21,15"
15122,"402,145,40"
15123,"23,10,24"
15124,"169,23,0"
15125,"40,3"
15126,"3,4"
15127,"220,10"
15128,"0,10,212"
15129,"23,26,231"
15130,"40,131,128"
15131,"10,23,40"
15132,"10,40,64"
15133,"3,4"
15134,"3,4,21"
15135,"3,147,5"
15136,"40,23,128"
15137,"135,138,40"
15138,"40,160,131"
15139,"40,23,38"
15140,"0,26,346"
15141,"23,40,74"
15142,"3,21,4"
15143,"23,24,43"
15144,"10,220"
15145,"23,32,31"
15146,"3,40,21"
15147,"169,0"
15148,"0,271"
15149,"24,43,23"
15150,"40,10,44"
15151,"64,10,93"
15152,"220,10"
15153,"3,40,21"
15154,"3,21"
15155,"31,169,23"
15156,"169,3,21"
15157,"0,271,265"
15158,"23,31,24"
15159,"3,21,147"
15160,"23,24,49"
15161,"169,170,171"
15162,"3,21,0"
15163,"23,0"
15164,"10,220"
15165,"169,199,49"
15166,"0,3,265"
15167,"169,296,3"
15168,"3,147,21"
15169,"40,169,199"
15170,"23,10,38"
15171,"3,4"
15172,"3,4"
15173,"23,24,181"
15174,"169,199,40"
15175,"3,40,17"
15176,"24,43,40"
15177,"169,199"
15178,"3,40"
15179,"23,10,44"
15180,"3,21"
15181,"3,21"
15182,"10,220,23"
15183,"10,220"
15184,"3,21,147"
15185,"169,296"
15186,"23,74,38"
15187,"23,32,31"
15188,"0,271"
15189,"40,131,145"
15190,"3,4"
15191,"0,206,8"
15192,"3,21"
15193,"23,38"
15194,"3,147,156"
15195,"40,10,44"
15196,"169,0"
15197,"3,147,21"
15198,"3,21,5"
15199,"40,131"
15200,"169,40,131"
15201,"0,10,40"
15202,"3,21,111"
15203,"49,24,23"
15204,"40,44,10"
15205,"0,271"
15206,"3,21,147"
15207,"3,21"
15208,"3,21"
15209,"0,3,169"
15210,"10,220"
15211,"220,10"
15212,"3,21,169"
15213,"3,21,199"
15214,"10,44"
15215,"3,21,40"
15216,"0,271"
15217,"23,74"
15218,"10,11"
15219,"40,128,186"
15220,"23,24,44"
15221,"0,212,211"
15222,"43,23,24"
15223,"10,64,169"
15224,"0,26,271"
15225,"40,23,131"
15226,"40,131,3"
15227,"10,11,12"
15228,"169,23,170"
15229,"131,40"
15230,"10,64"
15231,"23,26,0"
15232,"0,8,271"
15233,"3,10,21"
15234,"169,8,3"
15235,"402,145,10"
15236,"3,21,40"
15237,"199,40,169"
15238,"199,3,169"
15239,"10,220"
15240,"10,23,24"
15241,"44,128,26"
15242,"169,3,170"
15243,"10,0,11"
15244,"10,64"
15245,"3,21"
15246,"10,64"
15247,"0,271"
15248,"23,32,31"
15249,"23,32,31"
15250,"3,147,21"
15251,"199,169"
15252,"10,44"
15253,"23,3,74"
15254,"3,74,40"
15255,"0,271"
15256,"0,271"
15257,"199,169"
15258,"40,131"
15259,"40,131"
15260,"3,111,21"
15261,"3,21,0"
15262,"40,131,128"
15263,"10,44,220"
15264,"10,220"
15265,"23,74,24"
15266,"40,131"
15267,"74,23"
15268,"40,135"
15269,"21,3,0"
15270,"0,265,271"
15271,"3,21,187"
15272,"3,21,169"
15273,"10,11"
15274,"10,220"
15275,"0,271"
15276,"40,170,169"
15277,"3,21"
15278,"169,40,199"
15279,"10,64"
15280,"3,4,435"
15281,"3,21"
15282,"40,131,23"
15283,"23,40,74"
15284,"44,10,72"
15285,"23,26,89"
15286,"3,21,41"
15287,"169,199,170"
15288,"0,199,169"
15289,"3,147,148"
15290,"10,220,40"
15291,"3,21"
15292,"3,17,41"
15293,"3,17,10"
15294,"10,64,24"
15295,"64,10"
15296,"10,24,44"
15297,"10,11"
15298,"0,265,271"
15299,"169,3"
15300,"3,21,40"
15301,"3,21,4"
15302,"3,4"
15303,"10,220,23"
15304,"296,169"
15305,"40,131"
15306,"40,131"
15307,"199,169,23"
15308,"10,23,239"
15309,"10,44"
15310,"3,40,21"
15311,"169,199,40"
15312,"3,21,41"
15313,"199,0,169"
15314,"40,131"
15315,"169,199,0"
15316,"0,271,265"
15317,"40,128,41"
15318,"3,4"
15319,"0,10,8"
15320,"169,199,508"
15321,"0,271"
15322,"3,23,74"
15323,"0,271,8"
15324,"0,169,271"
15325,"0,271"
15326,"169,199"
15327,"0,271"
15328,"3,21,40"
15329,"10,44,72"
15330,"0,26,89"
15331,"3,17"
15332,"0,8,235"
15333,"169,199,21"
15334,"10,220"
15335,"3,21,147"
15336,"23,74,40"
15337,"3,21"
15338,"3,21,147"
15339,"40,131,44"
15340,"0,265,199"
15341,"169,0,199"
15342,"40,3,21"
15343,"23,74,40"
15344,"0,206,8"
15345,"3,23,15"
15346,"10,220,64"
15347,"3,21,147"
15348,"3,10,21"
15349,"169,199"
15350,"3,21,4"
15351,"0,271"
15352,"169,170,3"
15353,"10,64"
15354,"40,128"
15355,"10,44"
15356,"10,23,0"
15357,"0,23,271"
15358,"10,44"
15359,"40,131"
15360,"10,11"
15361,"3,0"
15362,"3,111"
15363,"3,21"
15364,"44,10,40"
15365,"64,10,93"
15366,"40,131"
15367,"23,38,74"
15368,"40,131"
15369,"10,44"
15370,"40,131,23"
15371,"3,21,147"
15372,"49,169,24"
15373,"40,135,3"
15374,"3,21"
15375,"10,44"
15376,"23,169,31"
15377,"40,3,131"
15378,"0,265,10"
15379,"23,26,38"
15380,"0,8"
15381,"0,3,212"
15382,"0,271,265"
15383,"3,23,0"
15384,"3,147,21"
15385,"31,32,23"
15386,"169,199"
15387,"64,10,93"
15388,"40,128,0"
15389,"40,128,186"
15390,"3,15"
15391,"0,26,23"
15392,"3,21"
15393,"3,21,23"
15394,"23,131,40"
15395,"3,111,40"
15396,"23,0,31"
15397,"40,160,315"
15398,"10,220"
15399,"220,10"
15400,"40,169,181"
15401,"0,271"
15402,"10,64,239"
15403,"0,169,271"
15404,"40,10"
15405,"10,64,23"
15406,"3,17,10"
15407,"169,31,23"
15408,"0,26,8"
15409,"3,4,23"
15410,"3,147,21"
15411,"3,15,23"
15412,"0,271"
15413,"3,15"
15414,"169,3,23"
15415,"23,0,74"
15416,"10,40,23"
15417,"40,184"
15418,"220,10"
15419,"3,53,147"
15420,"0,271"
15421,"23,10,3"
15422,"40,23,38"
15423,"0,8,265"
15424,"131,0,169"
15425,"0,271,8"
15426,"0,271"
15427,"199,169"
15428,"40,131"
15429,"0,271,40"
15430,"24,23,43"
15431,"23,24,43"
15432,"3,21,40"
15433,"23,31,32"
15434,"10,64,93"
15435,"44,10,23"
15436,"40,3,21"
15437,"3,21"
15438,"10,220"
15439,"169,3,21"
15440,"26,89,23"
15441,"10,11,60"
15442,"44,23,10"
15443,"10,44,23"
15444,"10,64,24"
15445,"3,21,40"
15446,"23,74"
15447,"3,21"
15448,"40,10,3"
15449,"23,38"
15450,"169,199"
15451,"40,3"
15452,"40,160,315"
15453,"169,199,508"
15454,"3,0"
15455,"3,21"
15456,"3,21,147"
15457,"26,89,23"
15458,"3,21"
15459,"40,135"
15460,"10,44"
15461,"0,8,235"
15462,"3,21"
15463,"3,21"
15464,"10,44"
15465,"3,21"
15466,"169,8,0"
15467,"0,271,265"
15468,"10,23,74"
15469,"3,21,40"
15470,"10,44"
15471,"0,271,212"
15472,"0,271"
15473,"40,23,74"
15474,"10,220,3"
15475,"3,111,40"
15476,"40,3"
15477,"10,11"
15478,"169,199"
15479,"10,44,23"
15480,"3,10,17"
15481,"199,169"
15482,"44,10"
15483,"169,199"
15484,"3,53,0"
15485,"74,23,3"
15486,"23,74,38"
15487,"0,212,211"
15488,"3,21,187"
15489,"3,21,17"
15490,"199,0,169"
15491,"10,0,44"
15492,"169,199"
15493,"3,21"
15494,"3,4"
15495,"64,10,181"
15496,"169,170,171"
15497,"169,199"
15498,"0,271"
15499,"3,21,169"
15500,"0,271,3"
15501,"3,147,4"
15502,"10,64,93"
15503,"40,131"
15504,"24,23,10"
15505,"40,41,224"
15506,"0,169,199"
15507,"40,135,21"
15508,"3,21,111"
15509,"23,10,44"
15510,"23,38,74"
15511,"0,271"
15512,"10,64"
15513,"3,21"
15514,"169,296,170"
15515,"169,296,23"
15516,"40,131"
15517,"32,23,31"
15518,"10,0,24"
15519,"40,169"
15520,"40,23,74"
15521,"40,131,184"
15522,"23,181,24"
15523,"3,17,10"
15524,"0,271,8"
15525,"3,40,41"
15526,"40,169"
15527,"3,21,5"
15528,"169,296,31"
15529,"0,271"
15530,"3,21"
15531,"40,131"
15532,"3,21"
15533,"169,8,170"
15534,"10,64,93"
15535,"3,4"
15536,"40,131"
15537,"40,3,135"
15538,"23,38,10"
15539,"10,11,12"
15540,"169,170,40"
15541,"23,26,231"
15542,"23,40,8"
15543,"26,23,40"
15544,"3,21,147"
15545,"10,64"
15546,"3,23,40"
15547,"23,181,24"
15548,"3,21"
15549,"3,5,13"
15550,"10,93,64"
15551,"3,40"
15552,"23,40,145"
15553,"23,44,10"
15554,"10,0,129"
15555,"0,8"
15556,"10,64"
15557,"3,21,147"
15558,"3,4"
15559,"23,24,49"
15560,"3,21"
15561,"220,10"
15562,"3,21"
15563,"40,131"
15564,"3,21,147"
15565,"4,3,435"
15566,"3,147,40"
15567,"23,24,43"
15568,"181,23,43"
15569,"24,23,43"
15570,"131,40,169"
15571,"3,21,187"
15572,"10,64"
15573,"3,40,41"
15574,"169,170,199"
15575,"0,8,206"
15576,"3,17,11"
15577,"23,24,43"
15578,"64,10,93"
15579,"169,199"
15580,"0,271,26"
15581,"0,271"
15582,"23,38,40"
15583,"0,8,206"
15584,"0,265,271"
15585,"220,10"
15586,"3,4"
15587,"145,10,402"
15588,"169,64,170"
15589,"169,170,171"
15590,"23,74"
15591,"23,10,24"
15592,"64,10,93"
15593,"0,23,40"
15594,"3,40,21"
15595,"10,220,40"
15596,"145,402,40"
15597,"3,21"
15598,"40,145,146"
15599,"0,271"
15600,"3,21,111"
15601,"3,21"
15602,"23,38,74"
15603,"23,169,296"
15604,"169,0,170"
15605,"10,40,220"
15606,"3,21,169"
15607,"169,0,170"
15608,"0,8"
15609,"40,131"
15610,"40,3,21"
15611,"21,3,40"
15612,"23,74"
15613,"3,147,148"
15614,"3,10,11"
15615,"145,402,40"
15616,"23,74,118"
15617,"128,129,40"
15618,"10,64"
15619,"10,64,93"
15620,"10,64,145"
15621,"40,3,21"
15622,"40,131,23"
15623,"40,184,131"
15624,"169,199"
15625,"40,0,128"
15626,"3,41,21"
15627,"0,8"
15628,"199,3,169"
15629,"3,4"
15630,"3,21"
15631,"40,128,21"
15632,"0,265,10"
15633,"169,170"
15634,"3,21,15"
15635,"0,23,8"
15636,"10,64"
15637,"40,169,160"
15638,"10,44,145"
15639,"40,128,131"
15640,"0,271,23"
15641,"10,44"
15642,"0,10,220"
15643,"40,186,128"
15644,"40,145,146"
15645,"23,38,10"
15646,"0,26,271"
15647,"0,8"
15648,"3,147,32"
15649,"3,21,0"
15650,"0,169,3"
15651,"3,15"
15652,"169,8,296"
15653,"10,64"
15654,"3,21"
15655,"3,21,199"
15656,"3,147,23"
15657,"40,131"
15658,"64,10,93"
15659,"44,10,40"
15660,"0,271"
15661,"3,21"
15662,"23,38,26"
15663,"23,10,38"
15664,"0,3,271"
15665,"40,169,199"
15666,"3,147,156"
15667,"40,0,3"
15668,"40,128,129"
15669,"0,169,23"
15670,"23,135,74"
15671,"0,271"
15672,"10,44,402"
15673,"10,220"
15674,"10,220,0"
15675,"3,17"
15676,"0,271,265"
15677,"0,265,271"
15678,"40,135,74"
15679,"10,23"
15680,"199,169"
15681,"169,170,171"
15682,"0,271"
15683,"0,271"
15684,"3,40,21"
15685,"3,21"
15686,"24,23,43"
15687,"169,199,26"
15688,"3,21"
15689,"49,23,24"
15690,"23,0,40"
15691,"40,184,160"
15692,"40,128"
15693,"10,44,11"
15694,"199,169"
15695,"0,265,271"
15696,"3,4,435"
15697,"10,8,0"
15698,"23,24,49"
15699,"23,40,74"
15700,"10,64,93"
15701,"23,40,74"
15702,"0,8,206"
15703,"169,199"
15704,"3,4,435"
15705,"3,21"
15706,"3,21"
15707,"3,15"
15708,"3,21,40"
15709,"0,271,8"
15710,"3,0,271"
15711,"3,4"
15712,"40,145,10"
15713,"4,3"
15714,"131,40"
15715,"169,170,10"
15716,"40,131"
15717,"23,24,43"
15718,"169,0,199"
15719,"40,184,160"
15720,"10,220,44"
15721,"3,4,435"
15722,"170,169,171"
15723,"3,5,21"
15724,"40,0,160"
15725,"23,31,169"
15726,"40,145,169"
15727,"3,4"
15728,"169,199"
15729,"40,131,23"
15730,"169,40,170"
15731,"3,21"
15732,"0,271"
15733,"0,26,23"
15734,"3,21,40"
15735,"3,21,5"
15736,"23,10,44"
15737,"0,271"
15738,"49,24,23"
15739,"10,23,40"
15740,"23,49,24"
15741,"0,23,26"
15742,"0,271"
15743,"0,265,271"
15744,"23,40,38"
15745,"23,40,38"
15746,"10,11,44"
15747,"10,44,11"
15748,"24,10,23"
15749,"0,10,271"
15750,"3,17,21"
15751,"3,21,40"
15752,"169,296"
15753,"0,8,206"
15754,"3,17"
15755,"3,4,435"
15756,"3,4"
15757,"23,24,49"
15758,"131,40"
15759,"23,10,72"
15760,"44,10,23"
15761,"23,40,38"
15762,"0,271,26"
15763,"40,128"
15764,"40,3,41"
15765,"199,169"
15766,"3,41,224"
15767,"3,40,17"
15768,"32,23,31"
15769,"3,21,41"
15770,"3,21"
15771,"169,199,0"
15772,"23,135,309"
15773,"169,199"
15774,"0,271,265"
15775,"0,271"
15776,"0,8,206"
15777,"40,128,160"
15778,"10,44"
15779,"24,23,43"
15780,"170,169,171"
15781,"3,10,21"
15782,"0,3,8"
15783,"10,64"
15784,"3,4,21"
15785,"402,145,40"
15786,"23,0,26"
15787,"23,40,24"
15788,"3,21"
15789,"10,11,3"
15790,"10,64,93"
15791,"40,131,169"
15792,"3,21,301"
15793,"10,64"
15794,"0,265,10"
15795,"220,10"
15796,"3,21,5"
15797,"3,21"
15798,"3,4,435"
15799,"0,265,10"
15800,"10,220"
15801,"3,40"
15802,"3,41,21"
15803,"169,170,171"
15804,"3,169,296"
15805,"3,4,435"
15806,"3,40,23"
15807,"0,271"
15808,"3,0,15"
15809,"169,199,49"
15810,"10,40,145"
15811,"23,74"
15812,"40,41,3"
15813,"10,220"
15814,"41,40,224"
15815,"3,21,147"
15816,"169,199"
15817,"23,74,118"
15818,"40,169,23"
15819,"0,265,10"
15820,"10,11,72"
15821,"3,21,169"
15822,"23,10,44"
15823,"10,44"
15824,"169,199"
15825,"131,40"
15826,"10,23,44"
15827,"0,23,26"
15828,"169,23,26"
15829,"0,265,271"
15830,"3,21"
15831,"3,17"
15832,"3,40,21"
15833,"402,10,145"
15834,"10,23,25"
15835,"3,21,40"
15836,"23,74,40"
15837,"23,38"
15838,"40,184,131"
15839,"64,10,93"
15840,"169,170,199"
15841,"40,169,131"
15842,"3,21,169"
15843,"64,10"
15844,"3,15"
15845,"10,64"
15846,"10,11,12"
15847,"49,0,24"
15848,"10,64"
15849,"23,26,0"
15850,"23,38,309"
15851,"40,23,10"
15852,"3,40,21"
15853,"23,24,43"
15854,"169,170,171"
15855,"23,38,40"
15856,"40,145,146"
15857,"3,4"
15858,"3,21,0"
15859,"0,23,8"
15860,"23,0,26"
15861,"0,8,206"
15862,"23,49,24"
15863,"3,4"
15864,"10,220"
15865,"23,3,74"
15866,"0,265,10"
15867,"3,21,187"
15868,"0,271"
15869,"10,11"
15870,"40,160,315"
15871,"23,24,43"
15872,"49,23,24"
15873,"3,21"
15874,"0,271"
15875,"40,23,128"
15876,"0,271"
15877,"64,10,93"
15878,"23,40,131"
15879,"40,3,21"
15880,"23,40"
15881,"3,23,147"
15882,"0,265,271"
15883,"23,10,24"
15884,"24,23,49"
15885,"3,169,21"
15886,"26,23,89"
15887,"23,40,135"
15888,"10,169,170"
15889,"0,271"
15890,"3,21"
15891,"40,128,186"
15892,"3,4"
15893,"3,199,21"
15894,"0,212,271"
15895,"3,4,435"
15896,"3,40,21"
15897,"40,250,135"
15898,"0,8,271"
15899,"31,23,40"
15900,"23,26"
15901,"0,271,265"
15902,"44,10"
15903,"220,10"
15904,"0,271,265"
15905,"3,21"
15906,"23,38,26"
15907,"169,170,171"
15908,"3,21"
15909,"3,40,21"
15910,"23,8,206"
15911,"40,250,10"
15912,"0,271,10"
15913,"199,169"
15914,"3,21,10"
15915,"3,21,40"
15916,"40,135,23"
15917,"40,131"
15918,"0,271"
15919,"40,135"
15920,"0,8,206"
15921,"3,21,15"
15922,"10,64,93"
15923,"10,220"
15924,"220,10"
15925,"64,10"
15926,"40,131"
15927,"0,8,206"
15928,"3,21,5"
15929,"169,199"
15930,"10,64,93"
15931,"0,8,206"
15932,"3,40,21"
15933,"3,21,187"
15934,"24,49,23"
15935,"169,199,10"
15936,"23,44,24"
15937,"3,4,40"
15938,"145,402,40"
15939,"3,21,169"
15940,"169,8,0"
15941,"23,74,118"
15942,"40,131"
15943,"40,145,402"
15944,"169,199,23"
15945,"23,38,44"
15946,"3,147,148"
15947,"23,24,10"
15948,"23,40,38"
15949,"3,21,187"
15950,"0,169,271"
15951,"10,220"
15952,"40,41"
15953,"0,220,10"
15954,"40,402,145"
15955,"44,10,23"
15956,"3,21,40"
15957,"0,271"
15958,"40,23"
15959,"3,4"
15960,"3,40,21"
15961,"3,135,53"
15962,"0,265,271"
15963,"3,17"
15964,"3,4,15"
15965,"40,38,128"
15966,"3,21"
15967,"64,10,93"
15968,"0,8,206"
15969,"0,10,271"
15970,"23,74,40"
15971,"3,21,4"
15972,"3,169,21"
15973,"10,44"
15974,"10,220"
15975,"10,64,49"
15976,"23,24,181"
15977,"0,10,265"
15978,"3,21"
15979,"3,21,187"
15980,"10,44"
15981,"0,10,220"
15982,"0,271"
15983,"10,44,72"
15984,"0,271"
15985,"3,21,40"
15986,"10,220"
15987,"23,74"
15988,"3,0,265"
15989,"23,38"
15990,"3,21,41"
15991,"10,220"
15992,"40,23,160"
15993,"0,23,26"
15994,"44,10"
15995,"169,40,170"
15996,"10,11"
15997,"40,0,26"
15998,"3,21"
15999,"169,199"
16000,"40,160,315"
16001,"40,128,23"
16002,"10,64"
16003,"3,5,4"
16004,"10,44,40"
16005,"169,3,199"
16006,"23,24,43"
16007,"40,160,145"
16008,"169,170,171"
16009,"3,147,31"
16010,"0,271"
16011,"40,74,10"
16012,"40,41,3"
16013,"3,10,5"
16014,"3,21"
16015,"74,23,40"
16016,"0,271"
16017,"10,23,44"
16018,"40,145,146"
16019,"40,3,160"
16020,"199,169"
16021,"3,111"
16022,"3,21"
16023,"3,10,23"
16024,"169,199"
16025,"10,44,40"
16026,"220,10"
16027,"3,0,111"
16028,"3,40,21"
16029,"3,21"
16030,"93,64,10"
16031,"21,3,40"
16032,"10,64"
16033,"3,4,21"
16034,"0,271,265"
16035,"10,220"
16036,"169,0,220"
16037,"40,93,23"
16038,"10,0,64"
16039,"40,3,41"
16040,"0,265,271"
16041,"40,0,10"
16042,"3,21,4"
16043,"206,8,0"
16044,"3,15"
16045,"169,296,23"
16046,"21,40,3"
16047,"10,220,402"
16048,"3,21,147"
16049,"40,3,131"
16050,"10,44"
16051,"23,3,10"
16052,"40,135,3"
16053,"131,40"
16054,"32,23,31"
16055,"3,15,53"
16056,"169,199"
16057,"0,23,8"
16058,"40,0,41"
16059,"0,8,206"
16060,"23,10,31"
16061,"0,271,26"
16062,"3,4,435"
16063,"64,181,10"
16064,"3,21,147"
16065,"0,3"
16066,"3,0,40"
16067,"0,271"
16068,"3,21"
16069,"40,128,135"
16070,"0,271"
16071,"3,21,131"
16072,"3,17,10"
16073,"169,170,296"
16074,"23,38,107"
16075,"40,23,74"
16076,"40,160,315"
16077,"40,160,41"
16078,"0,271"
16079,"199,169"
16080,"0,271"
16081,"3,4"
16082,"26,23,89"
16083,"3,21,4"
16084,"10,64"
16085,"3,40,21"
16086,"3,17"
16087,"169,199"
16088,"131,40"
16089,"3,23,21"
16090,"23,38,3"
16091,"10,64"
16092,"3,4"
16093,"402,220,145"
16094,"23,26,0"
16095,"3,21,147"
16096,"0,206,8"
16097,"169,199"
16098,"23,26,38"
16099,"3,4"
16100,"0,271"
16101,"23,38,40"
16102,"0,8,235"
16103,"10,64"
16104,"3,147,156"
16105,"3,0,21"
16106,"23,3,38"
16107,"3,4"
16108,"220,10"
16109,"3,147,156"
16110,"23,38"
16111,"3,21,40"
16112,"0,271"
16113,"10,44"
16114,"3,21,40"
16115,"0,8,206"
16116,"220,10"
16117,"64,10"
16118,"10,11,44"
16119,"23,3,74"
16120,"40,131"
16121,"3,15,296"
16122,"40,145,24"
16123,"3,10,5"
16124,"0,271,3"
16125,"3,199,21"
16126,"0,271"
16127,"199,169"
16128,"23,40,26"
16129,"169,170,171"
16130,"10,220,11"
16131,"23,10,24"
16132,"0,212,23"
16133,"3,4,5"
16134,"0,271"
16135,"169,199,40"
16136,"0,271,40"
16137,"10,220"
16138,"3,40,21"
16139,"10,11"
16140,"3,21"
16141,"23,24,49"
16142,"23,38,26"
16143,"31,40,0"
16144,"0,271"
16145,"40,131"
16146,"10,220,0"
16147,"23,74,3"
16148,"23,43,24"
16149,"10,220"
16150,"10,24,43"
16151,"3,21"
16152,"43,24,23"
16153,"169,23,170"
16154,"0,40,23"
16155,"3,4,21"
16156,"3,40,21"
16157,"3,17,10"
16158,"10,44"
16159,"24,49,3"
16160,"3,21,147"
16161,"10,220"
16162,"3,147,156"
16163,"23,38,10"
16164,"3,21,301"
16165,"0,8,206"
16166,"10,64"
16167,"3,17"
16168,"3,4"
16169,"10,64"
16170,"44,10"
16171,"0,26,23"
16172,"3,147,156"
16173,"0,271,216"
16174,"3,147,21"
16175,"199,169,135"
16176,"0,271"
16177,"3,21,187"
16178,"40,21,3"
16179,"0,8,265"
16180,"169,10,135"
16181,"3,40,21"
16182,"3,147,148"
16183,"0,169,199"
16184,"23,24,43"
16185,"10,64"
16186,"3,4"
16187,"199,169,23"
16188,"44,23,24"
16189,"3,21"
16190,"23,74,118"
16191,"10,64"
16192,"10,44,11"
16193,"10,24,43"
16194,"10,0"
16195,"3,21"
16196,"40,0,128"
16197,"3,0,21"
16198,"3,21"
16199,"23,24,10"
16200,"23,128,129"
16201,"10,64,24"
16202,"169,199"
16203,"3,21"
16204,"3,21"
16205,"0,271"
16206,"40,128"
16207,"3,21,40"
16208,"10,11,44"
16209,"3,4"
16210,"3,15,10"
16211,"3,4"
16212,"3,23"
16213,"169,170,171"
16214,"199,169"
16215,"10,64"
16216,"23,32,38"
16217,"3,21,147"
16218,"40,402,145"
16219,"3,21"
16220,"0,8,235"
16221,"3,21,147"
16222,"40,145,402"
16223,"3,21"
16224,"64,40,10"
16225,"3,40,21"
16226,"40,128,131"
16227,"0,8,206"
16228,"3,147,148"
16229,"23,49,24"
16230,"3,21,10"
16231,"23,49,24"
16232,"3,21,187"
16233,"10,72,44"
16234,"10,11"
16235,"40,23,160"
16236,"24,23,40"
16237,"10,64"
16238,"3,10"
16239,"169,40,170"
16240,"169,199,10"
16241,"3,4"
16242,"169,199,10"
16243,"0,169,199"
16244,"169,199,64"
16245,"169,3,111"
16246,"10,44,40"
16247,"40,3,21"
16248,"169,199,170"
16249,"23,74"
16250,"10,220"
16251,"0,271,8"
16252,"40,160,186"
16253,"3,21"
16254,"3,4"
16255,"169,199,49"
16256,"3,21,147"
16257,"10,23,220"
16258,"169,170,171"
16259,"3,21,41"
16260,"0,271,265"
16261,"3,17"
16262,"0,10,11"
16263,"3,40,41"
16264,"169,170,171"
16265,"10,64"
16266,"0,3,271"
16267,"3,21,169"
16268,"0,265,10"
16269,"169,10,199"
16270,"23,169,38"
16271,"40,131"
16272,"23,10,38"
16273,"10,64,93"
16274,"3,4"
16275,"169,199,21"
16276,"3,21,169"
16277,"3,4"
16278,"0,271,169"
16279,"40,160,315"
16280,"10,44"
16281,"3,111,21"
16282,"32,31,23"
16283,"0,271"
16284,"3,21,40"
16285,"40,23,10"
16286,"40,160,128"
16287,"40,128"
16288,"3,21,23"
16289,"24,23,43"
16290,"93,10,64"
16291,"169,199"
16292,"10,24,64"
16293,"40,131"
16294,"169,10,199"
16295,"23,0,26"
16296,"10,220"
16297,"402,145,40"
16298,"23,40,74"
16299,"131,40"
16300,"40,3"
16301,"40,3,135"
16302,"10,239,60"
16303,"10,0,265"
16304,"0,8"
16305,"40,160,315"
16306,"0,8,206"
16307,"3,21,187"
16308,"0,10,23"
16309,"3,40,21"
16310,"3,21,147"
16311,"10,44"
16312,"3,21"
16313,"10,40,23"
16314,"3,21"
16315,"10,64"
16316,"3,17,21"
16317,"10,44"
16318,"44,10,23"
16319,"64,10,93"
16320,"0,23,10"
16321,"0,8,206"
16322,"43,24,23"
16323,"0,271"
16324,"3,21,187"
16325,"3,15,4"
16326,"0,10,128"
16327,"0,23,271"
16328,"3,21"
16329,"3,4"
16330,"0,26,271"
16331,"40,135,169"
16332,"40,41,160"
16333,"10,23,44"
16334,"169,170,23"
16335,"23,0,271"
16336,"3,21,147"
16337,"0,271"
16338,"0,8,206"
16339,"3,21"
16340,"3,21,301"
16341,"10,31,169"
16342,"0,169,271"
16343,"23,0,38"
16344,"40,160,315"
16345,"40,41,224"
16346,"40,3,21"
16347,"40,145,402"
16348,"40,131"
16349,"64,10,93"
16350,"0,212,211"
16351,"23,74,38"
16352,"23,10,0"
16353,"0,271,23"
16354,"64,10,24"
16355,"40,0,131"
16356,"10,220"
16357,"169,170,199"
16358,"40,131"
16359,"199,169,135"
16360,"3,4"
16361,"10,64"
16362,"40,131,41"
16363,"3,4,21"
16364,"10,220"
16365,"10,220"
16366,"3,21"
16367,"0,271,212"
16368,"3,64,10"
16369,"23,49,24"
16370,"40,160,315"
16371,"32,31,23"
16372,"199,169"
16373,"0,271,3"
16374,"169,170,0"
16375,"169,170,171"
16376,"23,40,38"
16377,"3,31,53"
16378,"23,38,40"
16379,"0,169,271"
16380,"40,41,224"
16381,"23,0,26"
16382,"3,21,147"
16383,"3,21"
16384,"0,271"
16385,"10,23"
16386,"23,38,40"
16387,"23,8,0"
16388,"169,199"
16389,"169,0,3"
16390,"10,64,44"
16391,"10,64"
16392,"40,10,169"
16393,"40,160,315"
16394,"3,21"
16395,"40,145,146"
16396,"3,4"
16397,"10,44,23"
16398,"49,0,24"
16399,"0,271"
16400,"0,3,271"
16401,"64,10,93"
16402,"40,44,10"
16403,"169,199,40"
16404,"3,21"
16405,"40,41,160"
16406,"23,74,24"
16407,"10,64"
16408,"0,8,206"
16409,"0,23,26"
16410,"0,8,206"
16411,"3,21"
16412,"10,220"
16413,"0,23"
16414,"23,10,44"
16415,"0,8,271"
16416,"169,199,40"
16417,"3,21,41"
16418,"3,15"
16419,"8,0,206"
16420,"23,3,74"
16421,"40,131"
16422,"3,17,40"
16423,"23,31,32"
16424,"3,40,21"
16425,"10,220"
16426,"0,271"
16427,"3,4"
16428,"3,21,0"
16429,"23,38,40"
16430,"3,4,21"
16431,"10,44,23"
16432,"40,135,138"
16433,"40,145,10"
16434,"40,160,315"
16435,"3,5,147"
16436,"0,8,212"
16437,"10,23,145"
16438,"3,21,147"
16439,"10,220"
16440,"23,74,118"
16441,"23,49,24"
16442,"0,26,23"
16443,"10,24,145"
16444,"3,21"
16445,"169,199"
16446,"3,4"
16447,"10,23"
16448,"10,44,11"
16449,"23,74,38"
16450,"10,11,44"
16451,"3,17"
16452,"3,4"
16453,"40,3,128"
16454,"23,74"
16455,"3,111,21"
16456,"3,21,0"
16457,"0,8,128"
16458,"23,24,31"
16459,"23,3"
16460,"10,11,44"
16461,"3,147,156"
16462,"3,21"
16463,"10,44"
16464,"10,64,220"
16465,"3,40,0"
16466,"40,128"
16467,"40,131,10"
16468,"10,44,0"
16469,"40,145,146"
16470,"10,23,74"
16471,"0,23,26"
16472,"3,21,53"
16473,"10,44,23"
16474,"3,4"
16475,"40,160,315"
16476,"0,271,128"
16477,"23,38,44"
16478,"145,23,40"
16479,"169,40,199"
16480,"3,4"
16481,"24,23,43"
16482,"131,40,3"
16483,"40,41,21"
16484,"3,21,187"
16485,"199,40,169"
16486,"3,169,199"
16487,"169,296,337"
16488,"40,74,23"
16489,"169,296"
16490,"0,8,206"
16491,"10,64,93"
16492,"3,21"
16493,"169,199"
16494,"169,199"
16495,"169,40,199"
16496,"3,21,147"
16497,"3,21,187"
16498,"3,40,21"
16499,"40,128,131"
16500,"0,271,31"
16501,"23,24,43"
16502,"40,135,41"
16503,"10,64,23"
16504,"10,23,44"
16505,"3,40,21"
16506,"10,11,12"
16507,"23,3,24"
16508,"3,4,21"
16509,"3,21"
16510,"0,169,271"
16511,"23,24,43"
16512,"220,10"
16513,"169,199"
16514,"3,21,187"
16515,"10,60,24"
16516,"40,131,145"
16517,"3,147,21"
16518,"10,11,12"
16519,"40,23,131"
16520,"40,184"
16521,"40,41,3"
16522,"3,17"
16523,"3,21"
16524,"169,199,23"
16525,"10,11"
16526,"3,169,21"
16527,"169,0,199"
16528,"0,271,8"
16529,"23,24,43"
16530,"10,11"
16531,"0,10,212"
16532,"3,17,15"
16533,"10,44"
16534,"10,220"
16535,"0,271"
16536,"3,17"
16537,"3,40"
16538,"3,4"
16539,"23,26,3"
16540,"40,131"
16541,"40,11,10"
16542,"3,21,187"
16543,"0,271,26"
16544,"3,15"
16545,"23,38,3"
16546,"10,11,60"
16547,"169,170,171"
16548,"131,40,0"
16549,"0,271,10"
16550,"40,128,129"
16551,"3,23"
16552,"23,169,24"
16553,"169,170,171"
16554,"3,21,40"
16555,"131,40,23"
16556,"0,271"
16557,"10,11"
16558,"49,23,24"
16559,"3,21,40"
16560,"40,131"
16561,"23,24,49"
16562,"169,170,171"
16563,"0,265,23"
16564,"3,21,187"
16565,"40,135,138"
16566,"3,17"
16567,"199,169,0"
16568,"32,31,23"
16569,"0,271,265"
16570,"10,220"
16571,"220,10"
16572,"3,147,156"
16573,"40,38,23"
16574,"0,169,271"
16575,"220,10"
16576,"10,44,23"
16577,"169,170,199"
16578,"10,44"
16579,"169,170,171"
16580,"10,220"
16581,"23,26"
16582,"0,271,265"
16583,"40,23,131"
16584,"3,169,0"
16585,"23,74,40"
16586,"23,49,24"
16587,"23,145,10"
16588,"10,44,23"
16589,"0,271"
16590,"0,271,169"
16591,"10,220"
16592,"3,40,41"
16593,"23,3,40"
16594,"169,199"
16595,"3,21,169"
16596,"0,265,271"
16597,"0,49,24"
16598,"3,21"
16599,"10,23"
16600,"40,21,41"
16601,"23,24,128"
16602,"10,40,24"
16603,"40,23,24"
16604,"3,21,147"
16605,"40,3"
16606,"40,23,131"
16607,"24,43,23"
16608,"23,38,10"
16609,"10,64,93"
16610,"169,40,199"
16611,"0,265,23"
16612,"3,21,40"
16613,"40,23,220"
16614,"3,4"
16615,"40,250,135"
16616,"23,74"
16617,"10,64,93"
16618,"0,23,8"
16619,"0,271"
16620,"40,41,128"
16621,"10,64,239"
16622,"40,23,38"
16623,"23,24,49"
16624,"40,131,169"
16625,"23,38,26"
16626,"296,169"
16627,"3,147,21"
16628,"220,10"
16629,"3,10,21"
16630,"40,128,74"
16631,"23,24,43"
16632,"0,8,206"
16633,"0,271"
16634,"3,93,64"
16635,"3,40,21"
16636,"40,23,131"
16637,"23,26,0"
16638,"40,160,315"
16639,"3,4,0"
16640,"40,160,128"
16641,"3,111,21"
16642,"40,160,315"
16643,"3,147,40"
16644,"10,220"
16645,"40,169,135"
16646,"0,271,265"
16647,"40,23,38"
16648,"23,26,89"
16649,"40,131"
16650,"40,3"
16651,"40,186,128"
16652,"0,271,265"
16653,"23,169,38"
16654,"0,271,8"
16655,"23,74"
16656,"3,21"
16657,"3,21,23"
16658,"0,206,8"
16659,"3,4,435"
16660,"169,40,199"
16661,"0,271,265"
16662,"40,131"
16663,"0,271,265"
16664,"169,170,171"
16665,"23,38,74"
16666,"40,128,184"
16667,"40,128,23"
16668,"3,23"
16669,"3,21"
16670,"0,8,206"
16671,"40,131"
16672,"23,26,8"
16673,"10,44,11"
16674,"23,38,24"
16675,"10,64"
16676,"0,271,8"
16677,"3,21"
16678,"26,23,10"
16679,"0,271,265"
16680,"64,10,93"
16681,"40,23,38"
16682,"3,21,17"
16683,"0,271,265"
16684,"0,10,8"
16685,"40,3"
16686,"0,10,8"
16687,"3,4,147"
16688,"23,74,118"
16689,"23,3,21"
16690,"40,128,129"
16691,"10,64"
16692,"23,38,40"
16693,"3,21"
16694,"40,145,10"
16695,"10,44,0"
16696,"0,10,23"
16697,"23,40,31"
16698,"3,21,147"
16699,"10,24,23"
16700,"23,24,38"
16701,"23,40,74"
16702,"3,21,187"
16703,"3,40,131"
16704,"10,220"
16705,"40,131,128"
16706,"169,199,3"
16707,"3,169,170"
16708,"40,128,129"
16709,"10,169,199"
16710,"3,17"
16711,"40,128,26"
16712,"3,21"
16713,"169,170"
16714,"23,49,24"
16715,"10,64"
16716,"10,44,145"
16717,"3,4"
16718,"23,26,169"
16719,"10,64"
16720,"10,64,23"
16721,"0,169,271"
16722,"169,8,296"
16723,"40,41,21"
16724,"0,8,235"
16725,"169,170,171"
16726,"3,53,23"
16727,"169,40,337"
16728,"169,199,0"
16729,"0,26,128"
16730,"10,11,44"
16731,"23,199,169"
16732,"3,4,40"
16733,"44,10"
16734,"40,0,26"
16735,"3,4"
16736,"40,41,224"
16737,"3,169,31"
16738,"169,199"
16739,"169,199,40"
16740,"145,402,40"
16741,"23,38,74"
16742,"0,8,206"
16743,"40,3"
16744,"3,4,21"
16745,"3,0,21"
16746,"10,11"
16747,"23,26,231"
16748,"0,8,235"
16749,"10,145,23"
16750,"169,170,171"
16751,"40,3"
16752,"169,199"
16753,"0,271,26"
16754,"23,26,89"
16755,"3,4"
16756,"3,111,41"
16757,"169,199"
16758,"10,44,23"
16759,"3,21,301"
16760,"3,4,435"
16761,"296,23,169"
16762,"23,26,74"
16763,"169,199"
16764,"10,3,11"
16765,"40,128,129"
16766,"3,4"
16767,"169,199"
16768,"3,21,147"
16769,"0,10"
16770,"23,74,118"
16771,"169,170,171"
16772,"3,21,187"
16773,"199,169"
16774,"40,160,315"
16775,"0,271,265"
16776,"10,64,24"
16777,"23,74,3"
16778,"23,26,40"
16779,"23,3,74"
16780,"3,21"
16781,"23,40,74"
16782,"10,44"
16783,"3,147,148"
16784,"23,74,3"
16785,"3,40"
16786,"169,0,199"
16787,"3,21"
16788,"3,147,148"
16789,"169,8,296"
16790,"40,135"
16791,"3,21,5"
16792,"40,131"
16793,"3,220,10"
16794,"40,17,3"
16795,"3,21"
16796,"40,131,41"
16797,"199,169,0"
16798,"23,0,26"
16799,"10,64"
16800,"0,8,206"
16801,"10,220"
16802,"3,21,23"
16803,"3,147,21"
16804,"3,4,169"
16805,"3,21,301"
16806,"40,41"
16807,"3,21,40"
16808,"3,10,220"
16809,"64,10,93"
16810,"40,131"
16811,"199,169"
16812,"23,24,43"
16813,"23,38,135"
16814,"10,44"
16815,"40,23,131"
16816,"0,271"
16817,"3,169,199"
16818,"40,128,129"
16819,"10,11,3"
16820,"169,170,171"
16821,"40,128,186"
16822,"3,21,169"
16823,"3,21"
16824,"3,21,23"
16825,"40,160,315"
16826,"40,10,131"
16827,"3,21,147"
16828,"3,21"
16829,"169,23,296"
16830,"169,199,135"
16831,"0,23,26"
16832,"23,40,10"
16833,"23,38,44"
16834,"0,8,23"
16835,"3,21,111"
16836,"169,170,171"
16837,"40,169,199"
16838,"3,21"
16839,"40,169,199"
16840,"3,23,74"
16841,"23,40,74"
16842,"23,24,43"
16843,"199,169,40"
16844,"3,21,41"
16845,"3,21,147"
16846,"169,199"
16847,"131,40"
16848,"131,40"
16849,"0,8,206"
16850,"0,271"
16851,"0,169,26"
16852,"0,271"
16853,"220,10"
16854,"10,11,12"
16855,"3,15,53"
16856,"10,3,220"
16857,"24,40,181"
16858,"23,64,43"
16859,"3,17"
16860,"40,131"
16861,"40,131"
16862,"40,44,10"
16863,"10,44,23"
16864,"0,271,23"
16865,"0,26,8"
16866,"10,44,11"
16867,"3,4"
16868,"0,8,206"
16869,"10,64"
16870,"3,147,15"
16871,"3,21,187"
16872,"10,64,93"
16873,"3,17"
16874,"10,11,44"
16875,"10,23,25"
16876,"23,24,3"
16877,"23,10,24"
16878,"10,220,0"
16879,"3,21"
16880,"23,10,0"
16881,"10,44,11"
16882,"3,23,21"
16883,"3,4"
16884,"24,23,10"
16885,"0,271"
16886,"3,21,40"
16887,"3,15"
16888,"3,10,15"
16889,"0,271,265"
16890,"3,21,147"
16891,"23,31,32"
16892,"169,170,8"
16893,"0,265,10"
16894,"40,3,21"
16895,"0,271,23"
16896,"3,147,53"
16897,"0,169,3"
16898,"10,220"
16899,"3,23,40"
16900,"3,21,169"
16901,"10,44,23"
16902,"135,170,3"
16903,"0,8"
16904,"3,0,21"
16905,"3,4"
16906,"3,21"
16907,"10,220"
16908,"3,4,147"
16909,"10,44,23"
16910,"21,3,40"
16911,"10,64,93"
16912,"10,44"
16913,"0,271,265"
16914,"3,4"
16915,"0,271"
16916,"169,0,3"
16917,"10,23,44"
16918,"3,21"
16919,"23,40,74"
16920,"10,145,40"
16921,"23,74,26"
16922,"3,21,187"
16923,"199,169"
16924,"10,11"
16925,"0,26,271"
16926,"0,271"
16927,"0,271,265"
16928,"10,64"
16929,"169,170,171"
16930,"23,38,24"
16931,"10,23,24"
16932,"0,271"
16933,"40,3,184"
16934,"3,169,21"
16935,"23,40,24"
16936,"169,8,170"
16937,"24,43,10"
16938,"3,40,21"
16939,"0,40,3"
16940,"169,199"
16941,"10,44,23"
16942,"10,220"
16943,"23,26,74"
16944,"24,43,23"
16945,"10,40,220"
16946,"128,23,40"
16947,"3,21,17"
16948,"3,4,17"
16949,"0,40,23"
16950,"169,199"
16951,"23,40,169"
16952,"23,74,118"
16953,"0,40"
16954,"24,23,43"
16955,"0,8,265"
16956,"0,271"
16957,"3,17,21"
16958,"169,170,40"
16959,"10,220"
16960,"3,169,21"
16961,"23,3"
16962,"10,220,40"
16963,"3,21,147"
16964,"0,23,26"
16965,"24,23,43"
16966,"40,10,23"
16967,"23,31,40"
16968,"169,199,3"
16969,"3,21"
16970,"10,11,205"
16971,"3,40,21"
16972,"10,3,24"
16973,"0,10,3"
16974,"23,24,49"
16975,"0,8"
16976,"3,21,40"
16977,"10,220"
16978,"40,131"
16979,"23,24,49"
16980,"3,21,10"
16981,"40,131,145"
16982,"10,40,64"
16983,"10,44,23"
16984,"40,23"
16985,"32,169,31"
16986,"10,64,23"
16987,"3,4,435"
16988,"40,3,21"
16989,"128,40,129"
16990,"0,271"
16991,"3,21,40"
16992,"3,21,199"
16993,"40,131"
16994,"10,24,23"
16995,"10,296,23"
16996,"3,21,128"
16997,"3,15"
16998,"10,220"
16999,"0,40,31"
17000,"0,271"
17001,"3,15,265"
17002,"169,199,3"
17003,"3,21"
17004,"40,3"
17005,"169,128,129"
17006,"40,23,128"
17007,"3,32,31"
17008,"10,3,296"
17009,"10,220"
17010,"169,23,31"
17011,"169,40,170"
17012,"3,4,40"
17013,"10,64"
17014,"3,23,74"
17015,"23,199,26"
17016,"3,23,0"
17017,"169,10,64"
17018,"23,24,43"
17019,"23,3,38"
17020,"3,147,40"
17021,"10,44,23"
17022,"3,21,169"
17023,"23,26,38"
17024,"0,8,271"
17025,"10,23,11"
17026,"3,21"
17027,"40,43,23"
17028,"40,21,41"
17029,"3,21"
17030,"169,199,3"
17031,"40,128,129"
17032,"23,24,43"
17033,"40,131"
17034,"10,23,26"
17035,"10,23,44"
17036,"40,184,128"
17037,"3,40,21"
17038,"3,4"
17039,"10,64"
17040,"23,44,40"
17041,"3,4"
17042,"3,15,21"
17043,"40,3,135"
17044,"0,10"
17045,"3,169,199"
17046,"169,199"
17047,"64,10,93"
17048,"0,271,23"
17049,"3,40,21"
17050,"31,23,32"
17051,"0,23,271"
17052,"0,23,8"
17053,"10,64"
17054,"169,3,21"
17055,"40,23,10"
17056,"10,64"
17057,"3,21,40"
17058,"199,169,23"
17059,"0,271"
17060,"3,21,40"
17061,"181,10,3"
17062,"0,271,212"
17063,"3,4"
17064,"0,271"
17065,"3,21"
17066,"3,21"
17067,"131,40"
17068,"3,21"
17069,"3,21,187"
17070,"0,271"
17071,"23,10,24"
17072,"169,10,199"
17073,"10,3,0"
17074,"23,38"
17075,"3,111,41"
17076,"10,64,93"
17077,"10,11"
17078,"23,74,118"
17079,"3,4"
17080,"169,199,40"
17081,"10,64"
17082,"23,40,24"
17083,"23,24,74"
17084,"40,131"
17085,"3,21"
17086,"64,10"
17087,"23,32,31"
17088,"3,40,21"
17089,"3,40,111"
17090,"40,145,146"
17091,"3,21,10"
17092,"3,21,147"
17093,"40,23,131"
17094,"169,296"
17095,"3,4"
17096,"40,128"
17097,"3,21,40"
17098,"10,220"
17099,"3,169,199"
17100,"3,21,40"
17101,"169,170,171"
17102,"0,169,199"
17103,"0,169,199"
17104,"3,4,21"
17105,"169,199"
17106,"10,44,64"
17107,"0,271"
17108,"23,10"
17109,"40,131"
17110,"3,4,21"
17111,"23,74,3"
17112,"3,21"
17113,"3,21,147"
17114,"3,4"
17115,"40,131"
17116,"23,10,38"
17117,"3,40,169"
17118,"0,271,265"
17119,"0,271,265"
17120,"23,26,89"
17121,"10,44,23"
17122,"40,160,315"
17123,"40,160,315"
17124,"10,220"
17125,"3,15"
17126,"169,199,0"
17127,"169,170,171"
17128,"23,74"
17129,"0,169,199"
17130,"40,23,10"
17131,"3,23,31"
17132,"23,38"
17133,"43,24,23"
17134,"23,24,10"
17135,"0,8,271"
17136,"0,271,265"
17137,"10,44,11"
17138,"0,271,26"
17139,"3,21,40"
17140,"3,199,21"
17141,"3,4"
17142,"10,23,64"
17143,"3,21"
17144,"40,131"
17145,"40,3"
17146,"3,21,17"
17147,"0,10"
17148,"3,4"
17149,"128,296,129"
17150,"220,10"
17151,"10,23,24"
17152,"3,40,21"
17153,"0,271,265"
17154,"3,21"
17155,"10,44,11"
17156,"43,24"
17157,"169,199"
17158,"0,271"
17159,"40,160,315"
17160,"0,10,402"
17161,"3,21"
17162,"0,8,265"
17163,"181,145,10"
17164,"10,44"
17165,"23,0,38"
17166,"3,4,15"
17167,"23,24,43"
17168,"3,40,17"
17169,"23,24,43"
17170,"3,10,4"
17171,"0,10,3"
17172,"23,49,24"
17173,"23,44,24"
17174,"10,64,0"
17175,"40,128,129"
17176,"64,10,93"
17177,"3,21,40"
17178,"199,169"
17179,"40,160,315"
17180,"40,128,160"
17181,"10,220"
17182,"10,44"
17183,"169,199"
17184,"10,64,93"
17185,"169,199"
17186,"3,21,10"
17187,"0,271"
17188,"40,3,135"
17189,"169,337,0"
17190,"10,11"
17191,"40,135"
17192,"0,31,40"
17193,"23,74,40"
17194,"220,10"
17195,"169,40,199"
17196,"3,23,74"
17197,"0,10,23"
17198,"3,169,21"
17199,"0,8,206"
17200,"44,10,23"
17201,"3,21"
17202,"3,169,199"
17203,"10,220"
17204,"0,8,206"
17205,"10,11"
17206,"0,271"
17207,"169,170,171"
17208,"3,147,148"
17209,"40,135,41"
17210,"3,21,17"
17211,"26,23"
17212,"169,199,40"
17213,"10,220"
17214,"44,10"
17215,"23,74,40"
17216,"40,131"
17217,"0,8,206"
17218,"3,21,147"
17219,"3,4"
17220,"23,10,38"
17221,"3,21,40"
17222,"10,11,220"
17223,"3,21,169"
17224,"3,64,10"
17225,"3,21"
17226,"10,23"
17227,"10,64"
17228,"40,23,131"
17229,"3,21"
17230,"24,43,23"
17231,"40,131,23"
17232,"23,199,169"
17233,"3,4,5"
17234,"40,160,315"
17235,"3,23,40"
17236,"3,21"
17237,"169,199,0"
17238,"23,74,118"
17239,"10,64"
17240,"3,5,21"
17241,"3,21"
17242,"169,199,3"
17243,"3,4,435"
17244,"23,24,43"
17245,"10,220"
17246,"10,44,24"
17247,"0,8,145"
17248,"3,21,187"
17249,"3,21"
17250,"10,40,220"
17251,"3,10,15"
17252,"40,41,224"
17253,"23,40,38"
17254,"0,23,26"
17255,"0,23,3"
17256,"40,3,21"
17257,"23,74"
17258,"169,0,23"
17259,"3,21"
17260,"169,170,199"
17261,"40,23,31"
17262,"10,24,23"
17263,"3,40,21"
17264,"23,38,10"
17265,"23,26,38"
17266,"10,64,93"
17267,"169,170,171"
17268,"0,271"
17269,"40,128,41"
17270,"3,4"
17271,"23,24,43"
17272,"169,3,199"
17273,"3,21"
17274,"3,4"
17275,"10,23,44"
17276,"23,38,0"
17277,"0,8"
17278,"169,170,0"
17279,"169,296"
17280,"3,147,21"
17281,"23,3,74"
17282,"23,26,40"
17283,"3,53,21"
17284,"0,271"
17285,"23,0"
17286,"0,8,206"
17287,"44,10"
17288,"3,21,23"
17289,"40,128,186"
17290,"169,199,40"
17291,"3,21"
17292,"3,21"
17293,"10,220"
17294,"3,21"
17295,"3,40,21"
17296,"10,220"
17297,"169,199"
17298,"0,271"
17299,"10,11,12"
17300,"23,74"
17301,"23,38"
17302,"169,199,21"
17303,"169,3,0"
17304,"0,40,3"
17305,"10,64"
17306,"40,169"
17307,"23,38,309"
17308,"40,128,41"
17309,"169,199,0"
17310,"3,17,10"
17311,"3,40,23"
17312,"10,220"
17313,"3,15,147"
17314,"3,4,435"
17315,"40,3,135"
17316,"64,10,93"
17317,"23,10,38"
17318,"220,10"
17319,"3,4"
17320,"3,4,23"
17321,"0,265,271"
17322,"3,21,17"
17323,"10,23,239"
17324,"3,21,169"
17325,"10,44"
17326,"3,21,40"
17327,"3,5,21"
17328,"40,160,315"
17329,"0,271,265"
17330,"23,131,24"
17331,"23,74"
17332,"17,3"
17333,"23,24,40"
17334,"23,38"
17335,"220,10"
17336,"3,21,10"
17337,"10,64"
17338,"0,271,8"
17339,"10,64"
17340,"40,3"
17341,"23,40,74"
17342,"10,44"
17343,"23,38,24"
17344,"169,199,508"
17345,"23,49,24"
17346,"131,40"
17347,"0,40"
17348,"40,145,402"
17349,"10,44"
17350,"10,23,64"
17351,"3,147,21"
17352,"40,135,41"
17353,"23,74"
17354,"0,8,206"
17355,"0,271"
17356,"64,10,93"
17357,"10,64,239"
17358,"23,74"
17359,"23,128,38"
17360,"23,3,74"
17361,"23,24,49"
17362,"43,24,23"
17363,"0,271"
17364,"3,199,169"
17365,"3,21"
17366,"23,26,231"
17367,"40,184,128"
17368,"24,43,10"
17369,"40,128"
17370,"40,135"
17371,"10,220,24"
17372,"10,64"
17373,"23,26,0"
17374,"23,24,38"
17375,"10,220"
17376,"0,271"
17377,"40,160,315"
17378,"0,169"
17379,"40,131"
17380,"0,271"
17381,"3,4,15"
17382,"10,169,199"
17383,"23,74"
17384,"23,49,24"
17385,"40,3,60"
17386,"0,199,169"
17387,"10,220"
17388,"40,128,186"
17389,"3,10,15"
17390,"3,43,60"
17391,"40,74,23"
17392,"40,145,146"
17393,"10,220"
17394,"10,220,40"
17395,"169,199,10"
17396,"3,21,147"
17397,"3,53,10"
17398,"10,11"
17399,"40,131"
17400,"3,21,199"
17401,"40,41,224"
17402,"43,23,24"
17403,"23,131,24"
17404,"24,10,43"
17405,"0,23,26"
17406,"40,131,41"
17407,"26,23,231"
17408,"32,31,23"
17409,"10,169,64"
17410,"24,49,23"
17411,"3,21"
17412,"10,220"
17413,"23,24,43"
17414,"23,74,118"
17415,"40,3,135"
17416,"0,8,206"
17417,"0,8,206"
17418,"23,31,328"
17419,"3,4,435"
17420,"40,160,315"
17421,"23,24,31"
17422,"40,131"
17423,"10,64"
17424,"3,21,147"
17425,"10,64"
17426,"23,44,10"
17427,"23,24,43"
17428,"40,135,3"
17429,"23,24,43"
17430,"10,44,23"
17431,"0,10,265"
17432,"169,10,170"
17433,"32,31,23"
17434,"3,21,40"
17435,"3,21,169"
17436,"3,40,21"
17437,"169,199"
17438,"10,296,169"
17439,"169,199,170"
17440,"10,44,23"
17441,"0,271"
17442,"40,23,38"
17443,"3,21,40"
17444,"0,8"
17445,"40,3,111"
17446,"0,8"
17447,"3,21,169"
17448,"23,26,89"
17449,"3,4"
17450,"0,271"
17451,"23,40,74"
17452,"402,145,40"
17453,"199,169,23"
17454,"3,21,147"
17455,"26,23,38"
17456,"3,147,148"
17457,"0,271"
17458,"10,72,23"
17459,"0,265,10"
17460,"10,220"
17461,"40,128,23"
17462,"40,184"
17463,"220,10"
17464,"3,21"
17465,"199,169"
17466,"0,23,26"
17467,"3,4"
17468,"3,111,53"
17469,"23,26,38"
17470,"40,10,128"
17471,"10,44,23"
17472,"40,131"
17473,"64,10"
17474,"10,44,11"
17475,"23,38,107"
17476,"23,10,74"
17477,"169,508,199"
17478,"23,38,128"
17479,"10,0,220"
17480,"10,220"
17481,"3,21"
17482,"23,38,10"
17483,"220,10"
17484,"10,64"
17485,"10,220,0"
17486,"40,135"
17487,"23,74"
17488,"3,4,15"
17489,"0,271"
17490,"23,40"
17491,"10,64,3"
17492,"40,135,128"
17493,"3,4"
17494,"40,3,21"
17495,"169,199"
17496,"10,64,239"
17497,"23,38,40"
17498,"3,21,147"
17499,"3,40,21"
17500,"3,4,435"
17501,"40,41,21"
17502,"0,271,8"
17503,"64,10"
17504,"3,40,21"
17505,"0,271,3"
17506,"0,8,235"
17507,"0,40,23"
17508,"10,24,23"
17509,"3,21"
17510,"10,11,265"
17511,"23,10,74"
17512,"296,169,3"
17513,"10,64"
17514,"3,21,5"
17515,"40,169,160"
17516,"64,23,93"
17517,"3,21"
17518,"0,271"
17519,"40,23,74"
17520,"40,135"
17521,"3,21"
17522,"3,21,0"
17523,"64,10,40"
17524,"0,265,10"
17525,"169,10,38"
17526,"10,220"
17527,"3,4"
17528,"0,271"
17529,"131,40"
17530,"0,8,23"
17531,"169,199"
17532,"23,26,10"
17533,"0,265,271"
17534,"0,169"
17535,"23,24,38"
17536,"169,3,199"
17537,"0,8"
17538,"169,199"
17539,"0,3,265"
17540,"10,3,23"
17541,"3,147,169"
17542,"23,74"
17543,"3,21,15"
17544,"199,40,169"
17545,"169,296,23"
17546,"169,199,508"
17547,"3,21"
17548,"40,3,41"
17549,"10,11,44"
17550,"40,21,3"
17551,"169,199"
17552,"0,169,271"
17553,"199,169"
17554,"40,131"
17555,"3,147,148"
17556,"93,10,64"
17557,"0,402,10"
17558,"24,49,23"
17559,"0,206,8"
17560,"26,0,23"
17561,"10,220"
17562,"31,40,23"
17563,"3,21"
17564,"0,8,206"
17565,"3,21"
17566,"10,64"
17567,"3,147,21"
17568,"0,10,220"
17569,"0,271,265"
17570,"3,21,40"
17571,"3,4"
17572,"3,21"
17573,"40,160,315"
17574,"3,21"
17575,"23,38"
17576,"3,21"
17577,"10,64"
17578,"23,49,24"
17579,"10,64"
17580,"40,128"
17581,"10,64"
17582,"26,23,0"
17583,"3,21"
17584,"169,199,170"
17585,"10,44,11"
17586,"3,4"
17587,"26,40,23"
17588,"23,24,49"
17589,"3,21,301"
17590,"64,10,93"
17591,"10,220"
17592,"199,169,21"
17593,"10,44,11"
17594,"199,169,40"
17595,"3,21"
17596,"3,21,169"
17597,"23,0,38"
17598,"40,128,129"
17599,"40,128,129"
17600,"3,21,5"
17601,"10,11,44"
17602,"3,21,40"
17603,"10,220"
17604,"10,220"
17605,"0,271"
17606,"40,23,74"
17607,"3,21,169"
17608,"0,271"
17609,"220,10"
17610,"3,15"
17611,"169,3,170"
17612,"3,21,4"
17613,"3,40,21"
17614,"3,21"
17615,"3,21,187"
17616,"32,31,23"
17617,"3,21,5"
17618,"23,38,169"
17619,"3,21"
17620,"3,40,23"
17621,"0,169,271"
17622,"23,74,40"
17623,"169,199,170"
17624,"169,199,170"
17625,"10,11,23"
17626,"0,8,271"
17627,"40,131"
17628,"10,220"
17629,"3,21,187"
17630,"23,74"
17631,"24,10,44"
17632,"10,220"
17633,"3,15,147"
17634,"0,8,206"
17635,"24,49,23"
17636,"3,21"
17637,"3,21"
17638,"24,23,43"
17639,"10,145,402"
17640,"23,38,24"
17641,"40,131,128"
17642,"10,23,64"
17643,"169,170,171"
17644,"3,21,187"
17645,"24,43,23"
17646,"10,44,64"
17647,"0,8,23"
17648,"40,128,24"
17649,"3,40,147"
17650,"3,21,4"
17651,"32,31,23"
17652,"3,21"
17653,"10,11"
17654,"0,3,265"
17655,"296,169,23"
17656,"3,21,170"
17657,"169,0,8"
17658,"40,23,128"
17659,"40,31,32"
17660,"0,271,265"
17661,"0,23,26"
17662,"23,24,43"
17663,"23,38,24"
17664,"3,169,21"
17665,"3,40,21"
17666,"3,21,41"
17667,"10,64"
17668,"10,44,11"
17669,"0,271,8"
17670,"3,21"
17671,"10,23,38"
17672,"169,3,199"
17673,"3,4"
17674,"10,220"
17675,"40,131"
17676,"10,220"
17677,"23,38,74"
17678,"23,26,10"
17679,"23,32,31"
17680,"220,10"
17681,"169,0,199"
17682,"3,4"
17683,"0,8"
17684,"23,0,8"
17685,"169,40,8"
17686,"3,15,21"
17687,"23,38,74"
17688,"64,10,93"
17689,"3,21"
17690,"3,21,40"
17691,"3,21,17"
17692,"23,26,0"
17693,"169,170,40"
17694,"0,265,271"
17695,"40,41"
17696,"40,10,24"
17697,"3,147,15"
17698,"23,26,0"
17699,"169,199,0"
17700,"10,44,64"
17701,"0,265"
17702,"169,199"
17703,"40,128,129"
17704,"169,199"
17705,"10,44,24"
17706,"3,21,4"
17707,"181,23,145"
17708,"0,8,235"
17709,"169,199"
17710,"40,41,3"
17711,"0,23,26"
17712,"40,184"
17713,"3,4"
17714,"23,74,10"
17715,"10,44,40"
17716,"3,17"
17717,"40,145,146"
17718,"169,199,3"
17719,"10,11,44"
17720,"23,10,169"
17721,"3,21,4"
17722,"3,21,147"
17723,"40,3,135"
17724,"3,21,169"
17725,"0,271"
17726,"3,17,21"
17727,"169,170"
17728,"23,169,31"
17729,"3,21,40"
17730,"23,24,181"
17731,"3,0,21"
17732,"23,40,24"
17733,"3,15,10"
17734,"3,4"
17735,"10,220"
17736,"3,21,169"
17737,"43,24,23"
17738,"220,10"
17739,"10,64"
17740,"10,169,199"
17741,"169,23,296"
17742,"3,4,21"
17743,"40,145,146"
17744,"3,4"
17745,"40,131"
17746,"40,49,24"
17747,"3,4,435"
17748,"10,64"
17749,"3,21"
17750,"23,10,74"
17751,"169,199,3"
17752,"10,220"
17753,"40,3,17"
17754,"169,199,296"
17755,"23,0,38"
17756,"10,64,93"
17757,"169,170,171"
17758,"23,10,24"
17759,"10,64,40"
17760,"3,40,147"
17761,"10,23,44"
17762,"23,38,26"
17763,"24,43,10"
17764,"0,10,271"
17765,"40,131"
17766,"0,271,23"
17767,"3,21,147"
17768,"23,38"
17769,"3,147,21"
17770,"40,10"
17771,"3,21"
17772,"40,128,41"
17773,"40,0,128"
17774,"3,15"
17775,"3,21"
17776,"0,271,23"
17777,"169,296"
17778,"0,212,211"
17779,"220,10"
17780,"0,271"
17781,"23,169,199"
17782,"0,271,23"
17783,"0,271"
17784,"220,10"
17785,"0,271"
17786,"3,21,40"
17787,"3,4"
17788,"10,64"
17789,"23,24,131"
17790,"169,199,38"
17791,"3,21,40"
17792,"40,128,186"
17793,"220,10"
17794,"3,21,187"
17795,"40,131"
17796,"0,10"
17797,"3,21,40"
17798,"40,128,131"
17799,"64,10,93"
17800,"3,10"
17801,"3,17"
17802,"3,21,40"
17803,"169,170,0"
17804,"23,24,10"
17805,"3,21,169"
17806,"40,10,64"
17807,"3,21"
17808,"3,4"
17809,"3,40,111"
17810,"3,21,40"
17811,"10,0,64"
17812,"40,135,23"
17813,"23,40,74"
17814,"0,271"
17815,"0,40,131"
17816,"24,43,23"
17817,"40,135,128"
17818,"199,3,169"
17819,"169,170,135"
17820,"3,40,41"
17821,"169,10,64"
17822,"3,147,148"
17823,"0,271,8"
17824,"40,131,3"
17825,"40,184,131"
17826,"169,199,24"
17827,"64,10,93"
17828,"0,271"
17829,"23,74,40"
17830,"40,160,315"
17831,"3,21,40"
17832,"3,4"
17833,"0,8,271"
17834,"64,10,93"
17835,"23,10,24"
17836,"43,24,23"
17837,"10,44"
17838,"10,64"
17839,"0,8"
17840,"10,44,24"
17841,"23,26,231"
17842,"0,265,271"
17843,"10,64"
17844,"10,23,44"
17845,"10,44,11"
17846,"0,8,206"
17847,"3,15"
17848,"10,23"
17849,"3,4"
17850,"40,41,224"
17851,"40,128,129"
17852,"3,4"
17853,"40,128,129"
17854,"0,23,26"
17855,"0,271"
17856,"10,220"
17857,"3,40,23"
17858,"0,8,206"
17859,"199,169"
17860,"44,10,23"
17861,"10,0,265"
17862,"3,21,169"
17863,"10,64"
17864,"3,21"
17865,"10,64"
17866,"10,3,23"
17867,"3,21,4"
17868,"10,11,145"
17869,"3,0,21"
17870,"41,40,224"
17871,"169,3,199"
17872,"169,199"
17873,"10,220,44"
17874,"3,17"
17875,"10,220"
17876,"23,74,118"
17877,"40,135,41"
17878,"0,64,10"
17879,"40,128,186"
17880,"40,131,41"
17881,"0,169,271"
17882,"23,24,181"
17883,"0,271"
17884,"0,271,26"
17885,"0,23,8"
17886,"3,21"
17887,"40,3,23"
17888,"40,128,129"
17889,"0,265,8"
17890,"21,3,41"
17891,"3,21,0"
17892,"23,24,49"
17893,"128,129"
17894,"169,170,171"
17895,"40,23,135"
17896,"23,40,220"
17897,"3,21,169"
17898,"3,4,21"
17899,"169,3,199"
17900,"169,23"
17901,"3,4"
17902,"23,40,131"
17903,"3,10,21"
17904,"169,199"
17905,"0,271,169"
17906,"10,11"
17907,"40,220,10"
17908,"3,40"
17909,"3,21,40"
17910,"3,21,40"
17911,"23,74,38"
17912,"10,44,0"
17913,"43,24,23"
17914,"3,147,148"
17915,"10,44"
17916,"23,24,31"
17917,"10,64,93"
17918,"169,170,171"
17919,"169,199"
17920,"0,169,271"
17921,"40,131"
17922,"3,4"
17923,"3,147,40"
17924,"23,26,0"
17925,"0,8"
17926,"23,74,26"
17927,"40,131"
17928,"169,199"
17929,"23,38,26"
17930,"0,10,271"
17931,"169,0,170"
17932,"0,271"
17933,"40,131"
17934,"3,147,40"
17935,"3,21,40"
17936,"3,21,187"
17937,"3,21"
17938,"169,199,3"
17939,"0,8,206"
17940,"40,44,10"
17941,"24,23,43"
17942,"0,265,271"
17943,"10,23,44"
17944,"23,26,38"
17945,"23,38,309"
17946,"3,10,147"
17947,"40,186,23"
17948,"40,23,38"
17949,"40,41,224"
17950,"3,111,4"
17951,"23,10,40"
17952,"40,23,64"
17953,"3,145,10"
17954,"0,8,206"
17955,"40,160,41"
17956,"169,8,296"
17957,"10,64"
17958,"169,40,199"
17959,"0,271"
17960,"3,21,40"
17961,"10,44,11"
17962,"3,4"
17963,"23,74"
17964,"10,220"
17965,"40,23,131"
17966,"23,44,10"
17967,"3,40,0"
17968,"3,10,5"
17969,"0,271,26"
17970,"23,38,74"
17971,"169,199"
17972,"3,40,4"
17973,"3,0,17"
17974,"23,74"
17975,"0,8,206"
17976,"3,21,187"
17977,"40,131,21"
17978,"10,64,23"
17979,"0,8,235"
17980,"199,23,0"
17981,"3,21,147"
17982,"40,128,186"
17983,"40,128,129"
17984,"10,220,40"
17985,"10,220"
17986,"3,4,21"
17987,"24,23,43"
17988,"169,199,3"
17989,"23,10,26"
17990,"3,21,187"
17991,"4,3"
17992,"3,21,5"
17993,"3,0,169"
17994,"40,23"
17995,"10,44,3"
17996,"40,131"
17997,"3,41,21"
17998,"23,40,38"
17999,"199,169,23"
18000,"10,3,11"
18001,"10,44,11"
18002,"23,26,38"
18003,"10,220"
18004,"220,10"
18005,"10,23,64"
18006,"23,10,24"
18007,"0,40,8"
18008,"0,265,271"
18009,"3,40,4"
18010,"40,3,41"
18011,"3,21"
18012,"32,31,23"
18013,"169,296,0"
18014,"0,23,199"
18015,"169,170,171"
18016,"10,11,12"
18017,"0,271"
18018,"0,271"
18019,"10,64,23"
18020,"23,40,74"
18021,"10,220"
18022,"40,131,23"
18023,"23,74,40"
18024,"23,10,24"
18025,"3,21,147"
18026,"0,271"
18027,"40,131"
18028,"23,38,26"
18029,"3,21"
18030,"0,8"
18031,"3,23,21"
18032,"10,0"
18033,"40,23,250"
18034,"10,220"
18035,"3,21"
18036,"169,170,171"
18037,"169,296"
18038,"169,170,199"
18039,"23,24,10"
18040,"10,11"
18041,"23,169,38"
18042,"0,49,23"
18043,"3,111,21"
18044,"40,160,131"
18045,"3,15,4"
18046,"40,146,145"
18047,"10,64"
18048,"3,5,21"
18049,"3,21"
18050,"23,74,40"
18051,"3,21,40"
18052,"40,145,146"
18053,"23,32,31"
18054,"3,17"
18055,"40,145,23"
18056,"3,21"
18057,"40,184"
18058,"64,169,10"
18059,"3,21,17"
18060,"40,131"
18061,"40,160,41"
18062,"23,40,74"
18063,"10,11,24"
18064,"3,4"
18065,"10,220"
18066,"3,21,4"
18067,"10,44,23"
18068,"3,21,40"
18069,"23,26,24"
18070,"23,74,24"
18071,"10,24,23"
18072,"3,147"
18073,"40,184"
18074,"3,111,53"
18075,"24,181,23"
18076,"10,44"
18077,"40,131,160"
18078,"169,296"
18079,"3,5,21"
18080,"3,21"
18081,"23,10,74"
18082,"3,11,60"
18083,"10,64,3"
18084,"40,131,0"
18085,"3,21"
18086,"3,4,21"
18087,"3,145,21"
18088,"3,21,4"
18089,"40,160,315"
18090,"64,181,10"
18091,"23,32,31"
18092,"169,170,40"
18093,"10,44"
18094,"3,0,4"
18095,"10,64,93"
18096,"169,170,40"
18097,"10,64"
18098,"10,199,169"
18099,"0,8,206"
18100,"10,64,44"
18101,"40,21,131"
18102,"3,4"
18103,"10,0,220"
18104,"40,23"
18105,"0,23,8"
18106,"40,160,315"
18107,"23,32,31"
18108,"40,131"
18109,"10,11"
18110,"40,131,3"
18111,"10,220,0"
18112,"3,21,5"
18113,"3,5"
18114,"3,21"
18115,"3,111"
18116,"3,40,111"
18117,"3,147,21"
18118,"3,21,187"
18119,"3,21,41"
18120,"3,21"
18121,"64,10,93"
18122,"24,23,43"
18123,"169,170,171"
18124,"3,40,41"
18125,"220,10"
18126,"4,3,435"
18127,"10,44,23"
18128,"0,271,40"
18129,"23,24,43"
18130,"0,8"
18131,"3,15,21"
18132,"220,10"
18133,"3,21,5"
18134,"0,271,265"
18135,"3,111,147"
18136,"0,8,271"
18137,"23,49,24"
18138,"3,5,21"
18139,"10,64"
18140,"23,31,32"
18141,"0,271"
18142,"10,23,44"
18143,"40,23,131"
18144,"3,4"
18145,"220,10"
18146,"10,64,23"
18147,"3,21"
18148,"40,131"
18149,"3,4,435"
18150,"169,199"
18151,"24,43,23"
18152,"40,10,145"
18153,"10,64,40"
18154,"0,10,8"
18155,"10,0,265"
18156,"40,160,315"
18157,"40,135"
18158,"23,74,3"
18159,"3,4"
18160,"3,21,40"
18161,"3,21"
18162,"3,17"
18163,"23,26,89"
18164,"10,64"
18165,"0,271,8"
18166,"40,3"
18167,"10,23,11"
18168,"10,40,44"
18169,"3,21,187"
18170,"23,0,131"
18171,"3,21"
18172,"23,24,10"
18173,"49,23,24"
18174,"3,21"
18175,"169,170,171"
18176,"3,4,21"
18177,"23,74,40"
18178,"0,271"
18179,"3,169,21"
18180,"10,220"
18181,"3,21"
18182,"3,111,53"
18183,"3,21,169"
18184,"10,64"
18185,"3,15,23"
18186,"3,5,21"
18187,"23,181,24"
18188,"145,402,40"
18189,"10,64,93"
18190,"23,3,40"
18191,"0,271,265"
18192,"10,3,0"
18193,"3,169,10"
18194,"40,131"
18195,"40,3,41"
18196,"74,23,3"
18197,"23,24,43"
18198,"40,128,129"
18199,"23,26,38"
18200,"23,38,0"
18201,"169,64,10"
18202,"10,44,220"
18203,"0,26,271"
18204,"40,128,145"
18205,"3,21"
18206,"10,0,23"
18207,"0,271"
18208,"10,40,44"
18209,"23,24,43"
18210,"3,169,0"
18211,"3,21,4"
18212,"23,74,3"
18213,"3,21,40"
18214,"40,131,0"
18215,"3,10,64"
18216,"3,15"
18217,"3,10,53"
18218,"3,147,21"
18219,"3,21,40"
18220,"40,128,129"
18221,"0,271"
18222,"3,40,5"
18223,"3,21"
18224,"0,8,26"
18225,"169,296"
18226,"169,199,21"
18227,"0,10,131"
18228,"64,10"
18229,"40,131"
18230,"10,64,0"
18231,"3,21"
18232,"0,8,206"
18233,"23,3,74"
18234,"3,5,4"
18235,"3,21,40"
18236,"3,15,21"
18237,"0,271"
18238,"0,271"
18239,"23,40,128"
18240,"3,21"
18241,"169,0,199"
18242,"23,10,44"
18243,"3,23,53"
18244,"3,21"
18245,"3,147,21"
18246,"40,23,38"
18247,"3,23,40"
18248,"169,23,0"
18249,"23,0,128"
18250,"0,212,271"
18251,"169,170,3"
18252,"220,10"
18253,"3,21"
18254,"10,64"
18255,"40,41,128"
18256,"3,21,40"
18257,"3,4,21"
18258,"10,220"
18259,"23,74"
18260,"23,40,38"
18261,"3,21,4"
18262,"169,170,171"
18263,"23,74,3"
18264,"10,220,402"
18265,"23,26,38"
18266,"0,271"
18267,"169,0,271"
18268,"10,11"
18269,"10,24,145"
18270,"40,3,169"
18271,"3,17"
18272,"3,0,265"
18273,"40,128,129"
18274,"3,40,186"
18275,"40,135,145"
18276,"169,0,23"
18277,"0,271"
18278,"0,271"
18279,"23,38,199"
18280,"40,23,3"
18281,"40,10,44"
18282,"40,3,41"
18283,"3,21,17"
18284,"3,4,435"
18285,"0,271"
18286,"3,147,21"
18287,"23,24,49"
18288,"3,21,40"
18289,"64,10,93"
18290,"10,40,23"
18291,"169,10,199"
18292,"23,10,24"
18293,"3,147,21"
18294,"3,21,147"
18295,"3,21,147"
18296,"3,40,21"
18297,"40,128,131"
18298,"0,271"
18299,"23,93,10"
18300,"40,131,128"
18301,"3,40,21"
18302,"23,0,44"
18303,"23,40,24"
18304,"3,21,40"
18305,"3,4"
18306,"0,271"
18307,"0,8,10"
18308,"0,271,265"
18309,"0,26,23"
18310,"169,337,199"
18311,"169,199"
18312,"10,220"
18313,"0,8,23"
18314,"0,169,271"
18315,"3,4,0"
18316,"0,8,206"
18317,"23,40,131"
18318,"10,64"
18319,"169,170,171"
18320,"3,21,187"
18321,"10,24,43"
18322,"23,24,43"
18323,"169,199"
18324,"64,10"
18325,"40,21,0"
18326,"0,271,26"
18327,"10,64"
18328,"131,40,199"
18329,"3,21"
18330,"10,44,23"
18331,"169,199,170"
18332,"3,21"
18333,"10,44,40"
18334,"3,147,21"
18335,"40,128"
18336,"10,220"
18337,"40,160,315"
18338,"3,10"
18339,"40,146,145"
18340,"3,21,111"
18341,"3,21"
18342,"40,131,128"
18343,"220,10"
18344,"3,21"
18345,"10,64"
18346,"3,40"
18347,"64,10,93"
18348,"3,21"
18349,"169,170,171"
18350,"3,199,169"
18351,"169,199,170"
18352,"40,160,315"
18353,"40,128,129"
18354,"3,23,21"
18355,"64,10,93"
18356,"10,199,169"
18357,"3,15,21"
18358,"169,199"
18359,"40,41,21"
18360,"40,3,41"
18361,"3,4"
18362,"3,21"
18363,"43,24,10"
18364,"3,147,160"
18365,"10,0,44"
18366,"3,17,10"
18367,"3,250,23"
18368,"0,271,265"
18369,"40,160,41"
18370,"0,8"
18371,"23,74"
18372,"3,21"
18373,"169,199"
18374,"3,21,40"
18375,"23,169,296"
18376,"10,40,220"
18377,"40,131"
18378,"0,3,8"
18379,"3,4"
18380,"3,40,21"
18381,"10,64"
18382,"3,21,187"
18383,"0,23,38"
18384,"3,147,15"
18385,"40,131"
18386,"169,0,199"
18387,"145,10,24"
18388,"3,21,169"
18389,"0,271,3"
18390,"0,271"
18391,"40,128,186"
18392,"0,8,23"
18393,"3,4"
18394,"0,8,271"
18395,"23,26,10"
18396,"0,8,206"
18397,"3,17"
18398,"40,131"
18399,"169,199,0"
18400,"169,199"
18401,"3,21,40"
18402,"3,40,21"
18403,"220,10"
18404,"23,0,38"
18405,"10,44,64"
18406,"3,21,5"
18407,"0,8,271"
18408,"3,21"
18409,"3,21"
18410,"135,40,138"
18411,"0,313,346"
18412,"23,0,40"
18413,"3,21,187"
18414,"44,23,10"
18415,"3,21"
18416,"64,10,93"
18417,"3,21,187"
18418,"3,21,41"
18419,"0,271"
18420,"40,160,3"
18421,"169,170,171"
18422,"3,169,21"
18423,"0,271,8"
18424,"40,23,131"
18425,"169,199,40"
18426,"40,128,129"
18427,"3,21"
18428,"23,0,26"
18429,"23,3"
18430,"23,24,40"
18431,"23,74,24"
18432,"3,21"
18433,"40,41,135"
18434,"3,21,147"
18435,"169,181,24"
18436,"40,41,135"
18437,"23,26,231"
18438,"74,23,10"
18439,"3,21,40"
18440,"10,74,3"
18441,"169,199,3"
18442,"3,4"
18443,"3,21"
18444,"23,40,10"
18445,"10,64,44"
18446,"3,21,187"
18447,"40,41,160"
18448,"10,23,40"
18449,"3,4,435"
18450,"0,271"
18451,"23,38,309"
18452,"40,131"
18453,"23,38,74"
18454,"0,271"
18455,"0,271"
18456,"40,131"
18457,"3,21,111"
18458,"0,271,23"
18459,"169,199,10"
18460,"0,8,206"
18461,"23,74,10"
18462,"74,23"
18463,"3,21"
18464,"0,23,26"
18465,"0,212,211"
18466,"3,21"
18467,"23,10,74"
18468,"3,4"
18469,"23,10,44"
18470,"10,169,199"
18471,"3,111"
18472,"169,0,199"
18473,"3,0"
18474,"3,4"
18475,"23,26,89"
18476,"169,199"
18477,"40,160,128"
18478,"3,21,187"
18479,"3,147,156"
18480,"40,41,135"
18481,"10,64,93"
18482,"3,40,0"
18483,"40,160,315"
18484,"3,4,5"
18485,"3,40,21"
18486,"3,4"
18487,"23,74"
18488,"10,64"
18489,"3,21,169"
18490,"10,44"
18491,"10,145,402"
18492,"10,23,24"
18493,"23,181,24"
18494,"4,3,435"
18495,"0,271"
18496,"3,40,160"
18497,"169,199,40"
18498,"40,135"
18499,"10,44,23"
18500,"3,4"
18501,"40,199,169"
18502,"296,169"
18503,"10,44,24"
18504,"10,64"
18505,"23,10,24"
18506,"10,44,3"
18507,"40,135,138"
18508,"10,44"
18509,"40,23"
18510,"3,40,21"
18511,"169,64,199"
18512,"0,169"
18513,"3,21"
18514,"3,5,21"
18515,"10,220,0"
18516,"10,64,220"
18517,"23,131,24"
18518,"3,17"
18519,"23,31,0"
18520,"40,3,135"
18521,"0,8,271"
18522,"23,26,0"
18523,"10,23,44"
18524,"10,44,0"
18525,"23,49,24"
18526,"3,10,23"
18527,"10,24,145"
18528,"40,41,224"
18529,"40,41"
18530,"40,145,146"
18531,"10,44,23"
18532,"3,111,21"
18533,"128,129,40"
18534,"0,271,10"
18535,"3,147,156"
18536,"3,21,40"
18537,"3,21,187"
18538,"23,74,3"
18539,"40,131,135"
18540,"128,40,129"
18541,"3,4"
18542,"169,3,170"
18543,"0,271,3"
18544,"23,49,24"
18545,"0,271"
18546,"0,271,8"
18547,"10,3,17"
18548,"40,0,3"
18549,"3,0,271"
18550,"0,265"
18551,"10,23"
18552,"10,44,220"
18553,"40,3,41"
18554,"3,15"
18555,"3,15"
18556,"23,38,26"
18557,"23,0,38"
18558,"169,199"
18559,"10,11,0"
18560,"131,40,23"
18561,"10,44,23"
18562,"3,147,21"
18563,"0,3,40"
18564,"169,199"
18565,"40,128,129"
18566,"145,10,402"
18567,"0,128,40"
18568,"3,147,21"
18569,"0,23,26"
18570,"3,17"
18571,"3,40,21"
18572,"169,3,170"
18573,"3,4"
18574,"23,38"
18575,"3,147,4"
18576,"3,21,41"
18577,"220,10,23"
18578,"23,38,40"
18579,"23,3,40"
18580,"169,296"
18581,"40,169,135"
18582,"169,3,40"
18583,"23,74,38"
18584,"40,131"
18585,"169,199,10"
18586,"64,10,93"
18587,"169,199,40"
18588,"10,44"
18589,"10,145,40"
18590,"0,271,10"
18591,"10,23,44"
18592,"3,21,187"
18593,"3,10,21"
18594,"40,41,21"
18595,"3,21,147"
18596,"169,296"
18597,"3,21,4"
18598,"0,23,26"
18599,"169,8,0"
18600,"64,10,93"
18601,"3,21,147"
18602,"0,23,8"
18603,"131,40"
18604,"3,40,21"
18605,"40,160,315"
18606,"10,220"
18607,"199,49,169"
18608,"32,31,23"
18609,"3,21"
18610,"40,135,169"
18611,"23,74,40"
18612,"26,10,23"
18613,"40,41,74"
18614,"0,169,49"
18615,"0,271,265"
18616,"3,4"
18617,"10,11,12"
18618,"23,0,26"
18619,"206,8,0"
18620,"40,3"
18621,"0,271"
18622,"40,146,145"
18623,"10,64"
18624,"3,21,40"
18625,"10,11,23"
18626,"10,11,12"
18627,"40,23,135"
18628,"169,296,3"
18629,"23,10"
18630,"3,4"
18631,"3,156,147"
18632,"3,5"
18633,"3,21,41"
18634,"0,8,206"
18635,"3,111,53"
18636,"23,74"
18637,"10,220"
18638,"40,135"
18639,"10,220"
18640,"24,23,10"
18641,"3,21,5"
18642,"23,74,40"
18643,"64,10"
18644,"3,21"
18645,"23,38,24"
18646,"199,169"
18647,"3,21,147"
18648,"10,64,40"
18649,"10,44,23"
18650,"3,15"
18651,"3,21,5"
18652,"3,40,147"
18653,"23,40,38"
18654,"3,17,10"
18655,"40,41,224"
18656,"0,271"
18657,"0,271"
18658,"44,23,10"
18659,"3,169,21"
18660,"199,169"
18661,"0,8,206"
18662,"3,147,21"
18663,"40,131"
18664,"3,4"
18665,"10,44,40"
18666,"10,44,220"
18667,"10,64,93"
18668,"0,271"
18669,"40,160,315"
18670,"10,23,24"
18671,"0,265,271"
18672,"3,21"
18673,"40,0"
18674,"0,265,23"
18675,"3,23,21"
18676,"169,40,170"
18677,"3,145,23"
18678,"10,64"
18679,"0,10,271"
18680,"8,0,206"
18681,"40,186,128"
18682,"169,170,171"
18683,"0,402,145"
18684,"3,21,187"
18685,"23,49,24"
18686,"3,21"
18687,"40,3,21"
18688,"3,21"
18689,"24,49,23"
18690,"3,21"
18691,"23,40,131"
18692,"10,44,24"
18693,"181,145,40"
18694,"10,220"
18695,"3,40,10"
18696,"23,74,118"
18697,"169,170,171"
18698,"24,43,23"
18699,"10,44"
18700,"0,8,271"
18701,"169,0,199"
18702,"3,4"
18703,"0,40,26"
18704,"23,10"
18705,"169,199,3"
18706,"10,64,199"
18707,"40,3,21"
18708,"10,0,44"
18709,"10,64,24"
18710,"169,199,23"
18711,"64,93,10"
18712,"169,3,199"
18713,"169,199"
18714,"0,3,23"
18715,"3,169,21"
18716,"296,169"
18717,"3,21,169"
18718,"10,44,23"
18719,"3,147,21"
18720,"169,0,296"
18721,"40,145,146"
18722,"0,212,211"
18723,"24,10,23"
18724,"64,10,93"
18725,"199,169"
18726,"3,40,21"
18727,"169,199,40"
18728,"23,0,24"
18729,"40,160,315"
18730,"0,128,40"
18731,"23,74,38"
18732,"0,23"
18733,"40,131"
18734,"169,170"
18735,"3,21,169"
18736,"10,44,23"
18737,"220,10,8"
18738,"23,3,10"
18739,"169,199,337"
18740,"40,128,0"
18741,"3,147,53"
18742,"3,21"
18743,"0,271,313"
18744,"3,5,21"
18745,"40,131"
18746,"169,199"
18747,"32,31,23"
18748,"40,135,41"
18749,"40,169,199"
18750,"23,3,296"
18751,"3,147,156"
18752,"23,74,40"
18753,"40,131"
18754,"0,8,206"
18755,"40,131,23"
18756,"10,64"
18757,"3,21"
18758,"23,49,24"
18759,"0,265"
18760,"23,38,26"
18761,"23,24,43"
18762,"0,271,10"
18763,"3,21"
18764,"10,11"
18765,"23,38,74"
18766,"40,131,23"
18767,"0,23,26"
18768,"3,147,21"
18769,"31,290,32"
18770,"0,8,206"
18771,"3,23,32"
18772,"23,38"
18773,"131,40"
18774,"181,64,40"
18775,"3,21,5"
18776,"3,40,17"
18777,"40,131"
18778,"10,44,145"
18779,"3,21,40"
18780,"10,64"
18781,"24,43,23"
18782,"23,10,31"
18783,"169,40,199"
18784,"3,4"
18785,"10,23,8"
18786,"10,44"
18787,"0,271"
18788,"10,44,23"
18789,"10,64"
18790,"3,21,41"
18791,"10,64"
18792,"0,206,8"
18793,"3,21"
18794,"3,147"
18795,"169,199"
18796,"0,265,8"
18797,"169,170,171"
18798,"23,24,49"
18799,"23,43,24"
18800,"3,5,21"
18801,"169,199,24"
18802,"169,170,171"
18803,"0,271"
18804,"10,220"
18805,"10,3,160"
18806,"64,10"
18807,"23,0,26"
18808,"40,131,3"
18809,"10,220"
18810,"3,4,23"
18811,"40,3,41"
18812,"40,128,23"
18813,"23,26"
18814,"40,160,315"
18815,"0,8,206"
18816,"10,11,44"
18817,"10,44"
18818,"23,26,74"
18819,"23,24,10"
18820,"3,147,148"
18821,"23,38,10"
18822,"3,4,0"
18823,"23,40,24"
18824,"40,169,135"
18825,"169,10,199"
18826,"3,21"
18827,"169,10,170"
18828,"10,11,3"
18829,"0,8"
18830,"3,21,17"
18831,"169,199,10"
18832,"23,74"
18833,"3,40,147"
18834,"3,21,187"
18835,"10,44,40"
18836,"0,8"
18837,"169,23,38"
18838,"3,21"
18839,"10,64"
18840,"169,199"
18841,"23,26,38"
18842,"0,271"
18843,"3,21,147"
18844,"32,31,23"
18845,"40,128,184"
18846,"10,23,25"
18847,"40,160,135"
18848,"10,44,220"
18849,"23,38"
18850,"3,21,53"
18851,"3,21,4"
18852,"169,170,171"
18853,"3,4,435"
18854,"3,10,11"
18855,"0,271"
18856,"169,199,23"
18857,"23,24,49"
18858,"40,131"
18859,"3,40,21"
18860,"3,40,21"
18861,"0,271,265"
18862,"10,64"
18863,"24,23,10"
18864,"169,199,40"
18865,"199,169,3"
18866,"0,271,8"
18867,"10,145,220"
18868,"3,23,74"
18869,"3,4"
18870,"169,199,23"
18871,"23,10,44"
18872,"131,40"
18873,"0,8,271"
18874,"23,24,43"
18875,"3,23,74"
18876,"23,26,38"
18877,"169,199,10"
18878,"3,21,135"
18879,"3,15,23"
18880,"3,21"
18881,"3,147,4"
18882,"3,4"
18883,"169,199,10"
18884,"23,32,31"
18885,"10,220"
18886,"10,64"
18887,"3,21,187"
18888,"3,21,147"
18889,"0,8,206"
18890,"10,44"
18891,"43,24,23"
18892,"0,271"
18893,"3,21"
18894,"0,8,206"
18895,"3,21"
18896,"10,44,220"
18897,"10,44"
18898,"23,74"
18899,"23,169,26"
18900,"40,128,186"
18901,"0,23,111"
18902,"0,271"
18903,"10,64"
18904,"40,135,3"
18905,"10,64,23"
18906,"23,38"
18907,"23,10,44"
18908,"24,23,43"
18909,"23,38"
18910,"3,40,21"
18911,"10,11"
18912,"3,21,147"
18913,"40,23,131"
18914,"0,169,296"
18915,"0,271"
18916,"3,21,111"
18917,"10,3,11"
18918,"10,44,23"
18919,"3,17,10"
18920,"3,147,156"
18921,"24,23,43"
18922,"0,265,271"
18923,"10,220"
18924,"199,169"
18925,"3,17"
18926,"3,0,21"
18927,"169,40,199"
18928,"3,21"
18929,"145,402,10"
18930,"169,3,199"
18931,"40,23,74"
18932,"0,23,26"
18933,"23,131,40"
18934,"23,74,10"
18935,"40,145,146"
18936,"64,10,93"
18937,"0,271"
18938,"40,74,23"
18939,"10,64,93"
18940,"0,8"
18941,"0,26,89"
18942,"169,170,40"
18943,"3,53,21"
18944,"0,271"
18945,"10,11,44"
18946,"0,271"
18947,"40,3,21"
18948,"10,220"
18949,"3,21,40"
18950,"3,17"
18951,"10,220"
18952,"0,271"
18953,"0,265,271"
18954,"3,40"
18955,"3,4"
18956,"0,271,212"
18957,"0,8,235"
18958,"40,145,146"
18959,"10,11,44"
18960,"3,21"
18961,"23,24,43"
18962,"0,271,26"
18963,"23,38,24"
18964,"23,0,24"
18965,"0,271"
18966,"40,135,250"
18967,"3,169,21"
18968,"40,3,21"
18969,"10,44,23"
18970,"40,160,41"
18971,"3,17,40"
18972,"169,337,199"
18973,"3,169,21"
18974,"3,21"
18975,"3,4"
18976,"24,23,43"
18977,"23,26,0"
18978,"23,38,74"
18979,"23,40,74"
18980,"3,21,147"
18981,"3,10"
18982,"40,41,128"
18983,"10,44,11"
18984,"3,21,111"
18985,"40,131"
18986,"3,21,187"
18987,"10,64"
18988,"3,21"
18989,"10,64"
18990,"3,4,435"
18991,"3,21"
18992,"10,220,3"
18993,"3,21,40"
18994,"10,64"
18995,"17,3"
18996,"169,199"
18997,"3,23,169"
18998,"3,21"
18999,"10,44"
19000,"40,135"
19001,"3,17,10"
19002,"3,4"
19003,"3,21"
19004,"3,21,187"
19005,"0,271"
19006,"3,4"
19007,"199,169"
19008,"199,169"
19009,"3,40,186"
19010,"0,265,10"
19011,"40,3"
19012,"23,31,32"
19013,"40,131"
19014,"3,169,199"
19015,"3,21,40"
19016,"10,3,17"
19017,"3,147,148"
19018,"220,10"
19019,"0,271,10"
19020,"64,10,93"
19021,"3,21,40"
19022,"0,23,40"
19023,"10,220"
19024,"3,4,435"
19025,"40,131"
19026,"3,147,160"
19027,"3,23,53"
19028,"3,4"
19029,"23,38"
19030,"40,131,160"
19031,"43,10,24"
19032,"40,160,169"
19033,"3,5,21"
19034,"10,64"
19035,"0,8,271"
19036,"3,147,40"
19037,"40,128,23"
19038,"23,31,32"
19039,"40,128"
19040,"3,21,40"
19041,"3,21,5"
19042,"10,44,23"
19043,"10,44,11"
19044,"3,21,23"
19045,"3,10,53"
19046,"0,271,3"
19047,"3,21,4"
19048,"0,26,23"
19049,"0,271"
19050,"40,169,184"
19051,"10,64,93"
19052,"0,271"
19053,"0,8,271"
19054,"10,220"
19055,"0,271,8"
19056,"3,145,0"
19057,"169,199"
19058,"3,10,23"
19059,"40,145,146"
19060,"3,15,147"
19061,"10,44,23"
19062,"199,3,169"
19063,"169,199,40"
19064,"10,17,3"
19065,"3,5,21"
19066,"3,147,156"
19067,"0,271"
19068,"3,17"
19069,"3,169,64"
19070,"3,21"
19071,"3,21"
19072,"3,21,147"
19073,"3,21,40"
19074,"3,147,21"
19075,"23,10,44"
19076,"169,296,8"
19077,"3,4,435"
19078,"10,44,11"
19079,"44,40,10"
19080,"0,271,8"
19081,"3,23,15"
19082,"10,64,93"
19083,"169,199"
19084,"3,40,21"
19085,"0,8,26"
19086,"10,44,64"
19087,"32,31,23"
19088,"40,131,3"
19089,"0,8,128"
19090,"3,17,10"
19091,"3,10,169"
19092,"3,4,21"
19093,"24,10,23"
19094,"0,271"
19095,"40,128,186"
19096,"32,31,23"
19097,"23,10,24"
19098,"220,10"
19099,"10,169,199"
19100,"23,74,118"
19101,"128,129,40"
19102,"3,169,21"
19103,"40,128,3"
19104,"3,21,32"
19105,"0,271,265"
19106,"3,10,21"
19107,"3,21,169"
19108,"296,169"
19109,"10,64"
19110,"3,169,199"
19111,"0,8,10"
19112,"10,64"
19113,"3,21,40"
19114,"169,199"
19115,"40,23,145"
19116,"0,271,40"
19117,"10,44"
19118,"40,160,3"
19119,"3,4"
19120,"10,0"
19121,"3,21"
19122,"0,10,265"
19123,"0,271,265"
19124,"3,147,21"
19125,"23,24,49"
19126,"3,40,147"
19127,"3,21,23"
19128,"23,74"
19129,"10,23,44"
19130,"3,21"
19131,"0,271,199"
19132,"3,169,53"
19133,"169,170,171"
19134,"0,271,10"
19135,"40,160,315"
19136,"0,271"
19137,"40,131,41"
19138,"40,131"
19139,"10,11,12"
19140,"0,271,8"
19141,"23,38"
19142,"199,169"
19143,"3,156,147"
19144,"169,0,199"
19145,"23,118,74"
19146,"40,128"
19147,"0,8"
19148,"3,147,21"
19149,"10,44,24"
19150,"0,271"
19151,"3,4"
19152,"199,169"
19153,"40,3,17"
19154,"0,23,49"
19155,"0,271"
19156,"40,128,74"
19157,"0,10,11"
19158,"64,10"
19159,"10,24,43"
19160,"23,10,74"
19161,"10,8,0"
19162,"0,8,206"
19163,"3,21,74"
19164,"23,10,60"
19165,"169,199,40"
19166,"10,64"
19167,"10,44,23"
19168,"3,0,21"
19169,"3,21,147"
19170,"10,44,72"
19171,"3,21"
19172,"23,3,24"
19173,"23,38,24"
19174,"3,17,10"
19175,"64,10,93"
19176,"40,131"
19177,"10,23,44"
19178,"40,131"
19179,"23,26,0"
19180,"10,220"
19181,"0,265,271"
19182,"3,10,21"
19183,"0,313,346"
19184,"23,40,38"
19185,"0,8,206"
19186,"0,271"
19187,"40,23,74"
19188,"3,21,5"
19189,"10,220,23"
19190,"3,10,23"
19191,"10,220"
19192,"40,169,145"
19193,"10,64,239"
19194,"10,64"
19195,"23,169,31"
19196,"0,128,26"
19197,"23,0,26"
19198,"3,147,148"
19199,"3,21,40"
19200,"3,147,53"
19201,"3,17,21"
19202,"0,271,265"
19203,"0,3,265"
19204,"3,40,21"
19205,"23,0,49"
19206,"44,10,0"
19207,"169,199"
19208,"169,0,44"
19209,"3,0,21"
19210,"40,128,10"
19211,"3,4,21"
19212,"40,199,169"
19213,"40,128,296"
19214,"23,32,31"
19215,"3,21"
19216,"10,220"
19217,"3,147,40"
19218,"44,10,23"
19219,"10,220"
19220,"0,23,26"
19221,"3,169,170"
19222,"3,21,147"
19223,"23,74,118"
19224,"0,8,206"
19225,"10,220"
19226,"10,64"
19227,"169,23,199"
19228,"23,74,10"
19229,"10,24,23"
19230,"3,21,5"
19231,"23,31,32"
19232,"3,21,40"
19233,"40,128,186"
19234,"10,44,23"
19235,"40,131,23"
19236,"169,199,170"
19237,"169,199"
19238,"23,38,26"
19239,"10,24,23"
19240,"10,220"
19241,"23,49,24"
19242,"0,10,265"
19243,"169,170"
19244,"40,3,21"
19245,"10,74,23"
19246,"0,271"
19247,"0,199,169"
19248,"296,169"
19249,"3,4"
19250,"23,74"
19251,"10,64"
19252,"10,44,0"
19253,"40,128,131"
19254,"3,21"
19255,"23,40,10"
19256,"40,160,315"
19257,"169,40,170"
19258,"10,64,93"
19259,"40,128,0"
19260,"3,10"
19261,"3,21,187"
19262,"0,199,169"
19263,"10,64,23"
19264,"40,23,24"
19265,"40,21,3"
19266,"3,21,147"
19267,"3,21"
19268,"23,10,64"
19269,"23,38"
19270,"10,64,93"
19271,"3,23,15"
19272,"3,21,147"
19273,"10,44"
19274,"3,21"
19275,"40,3,41"
19276,"23,24,43"
19277,"23,32,31"
19278,"169,170,171"
19279,"8,0,206"
19280,"23,38,10"
19281,"40,250,135"
19282,"3,21"
19283,"40,23,145"
19284,"3,4,435"
19285,"3,21,40"
19286,"10,64,220"
19287,"32,31,23"
19288,"3,21,147"
19289,"0,271,8"
19290,"3,4,23"
19291,"0,8,271"
19292,"40,402,145"
19293,"8,169,0"
19294,"131,40"
19295,"40,41,3"
19296,"3,21,40"
19297,"0,271"
19298,"10,23,40"
19299,"3,169,21"
19300,"23,74"
19301,"3,21"
19302,"40,21,23"
19303,"32,23,31"
19304,"10,64,93"
19305,"40,131"
19306,"40,23,10"
19307,"23,38,40"
19308,"10,44"
19309,"145,40,402"
19310,"3,21"
19311,"10,64,93"
19312,"23,40,74"
19313,"0,128,40"
19314,"23,24,40"
19315,"0,31,265"
19316,"0,271"
19317,"0,10,265"
19318,"40,31,60"
19319,"0,271"
19320,"3,147,21"
19321,"40,41,21"
19322,"10,220"
19323,"40,169,131"
19324,"64,10,40"
19325,"3,40,21"
19326,"169,170,171"
19327,"0,23,26"
19328,"10,145,402"
19329,"3,4,21"
19330,"3,17"
19331,"10,44,40"
19332,"169,199,337"
19333,"220,10"
19334,"0,271"
19335,"40,128,23"
19336,"3,40,41"
19337,"3,21,169"
19338,"3,4"
19339,"169,199"
19340,"169,10,64"
19341,"169,3,199"
19342,"40,3,41"
19343,"0,8,206"
19344,"3,21"
19345,"10,23,74"
19346,"40,128,129"
19347,"0,271,8"
19348,"0,169"
19349,"23,169,0"
19350,"40,23,38"
19351,"24,23,43"
19352,"169,170,171"
19353,"44,10,23"
19354,"10,220"
19355,"32,23,31"
19356,"49,24,23"
19357,"40,145,402"
19358,"40,135,3"
19359,"23,26,38"
19360,"3,169,0"
19361,"169,508,31"
19362,"40,131"
19363,"3,147,21"
19364,"40,24,23"
19365,"0,3"
19366,"10,64"
19367,"10,169,64"
19368,"10,11,44"
19369,"40,160,128"
19370,"0,271,265"
19371,"0,26,23"
19372,"23,74,40"
19373,"40,131"
19374,"3,23"
19375,"3,21,17"
19376,"169,296"
19377,"169,199"
19378,"10,220"
19379,"10,44"
19380,"0,265,10"
19381,"10,11"
19382,"0,169,170"
19383,"23,3,24"
19384,"3,21"
19385,"0,8"
19386,"23,169,26"
19387,"3,0,21"
19388,"10,23,44"
19389,"40,135,41"
19390,"10,11,0"
19391,"0,271,169"
19392,"10,24,145"
19393,"49,24,23"
19394,"0,199,169"
19395,"40,3,41"
19396,"199,3,169"
19397,"3,21,169"
19398,"10,3,17"
19399,"220,10"
19400,"0,10,265"
19401,"0,271,8"
19402,"169,170,171"
19403,"74,23,10"
19404,"3,40,21"
19405,"10,40,64"
19406,"40,3,21"
19407,"169,199,296"
19408,"23,0,26"
19409,"10,64,3"
19410,"3,40,21"
19411,"10,0,220"
19412,"23,74,40"
19413,"23,131,24"
19414,"23,38,169"
19415,"3,5"
19416,"0,8,235"
19417,"23,169,145"
19418,"3,21,17"
19419,"3,21"
19420,"64,10,93"
19421,"23,24,74"
19422,"40,186,128"
19423,"40,23,74"
19424,"3,21,4"
19425,"0,8,206"
19426,"10,44,11"
19427,"3,147,148"
19428,"23,10,40"
19429,"64,93,10"
19430,"10,64,93"
19431,"3,21,187"
19432,"3,147,40"
19433,"3,10,145"
19434,"3,169,199"
19435,"23,40,31"
19436,"3,21"
19437,"0,23"
19438,"3,4"
19439,"3,21,40"
19440,"10,11"
19441,"23,49,24"
19442,"40,160,315"
19443,"23,24,49"
19444,"23,31,0"
19445,"10,0,131"
19446,"23,49,24"
19447,"0,10,265"
19448,"181,23,145"
19449,"0,23,38"
19450,"0,128,40"
19451,"0,271"
19452,"3,23,31"
19453,"3,10,111"
19454,"3,0"
19455,"3,17"
19456,"0,271"
19457,"0,271,265"
19458,"3,40,21"
19459,"169,0"
19460,"0,265,23"
19461,"3,40,21"
19462,"40,160"
19463,"3,147,21"
19464,"40,128,23"
19465,"10,11"
19466,"3,21,17"
19467,"23,26,89"
19468,"3,21"
19469,"40,186,128"
19470,"10,44,11"
19471,"40,184,131"
19472,"23,44,10"
19473,"3,21"
19474,"40,41,135"
19475,"23,40,131"
19476,"3,169,111"
19477,"23,74"
19478,"3,21,5"
19479,"40,145,402"
19480,"3,21,40"
19481,"169,170,171"
19482,"169,170,171"
19483,"0,271"
19484,"3,4,40"
19485,"199,169"
19486,"3,21,0"
19487,"3,23,21"
19488,"169,3"
19489,"3,21,53"
19490,"40,131"
19491,"40,131"
19492,"169,199"
19493,"3,21"
19494,"3,15,147"
19495,"169,40,135"
19496,"10,11"
19497,"10,23,239"
19498,"40,23,74"
19499,"3,21,169"
19500,"0,8,206"
19501,"3,21"
19502,"40,128"
19503,"10,64"
19504,"64,10,93"
19505,"23,74"
19506,"3,147,148"
19507,"40,41,160"
19508,"40,169,199"
19509,"3,21"
19510,"3,4"
19511,"169,0,199"
19512,"10,220"
19513,"10,40"
19514,"3,169,199"
19515,"23,24,145"
19516,"3,40,21"
19517,"40,131,160"
19518,"40,128,186"
19519,"10,44,11"
19520,"3,21"
19521,"0,8,235"
19522,"40,135,131"
19523,"23,74,3"
19524,"40,23,128"
19525,"23,10,24"
19526,"23,74"
19527,"64,10"
19528,"10,64,24"
19529,"3,21,5"
19530,"3,21,147"
19531,"40,23,169"
19532,"169,170,171"
19533,"169,199"
19534,"10,220"
19535,"40,135,41"
19536,"40,250,135"
19537,"40,146,145"
19538,"0,271"
19539,"40,128,186"
19540,"0,8,206"
19541,"23,74"
19542,"23,74,40"
19543,"3,21,53"
19544,"0,23,8"
19545,"3,21,169"
19546,"220,10"
19547,"40,3,128"
19548,"0,10,271"
19549,"3,147,296"
19550,"23,38,24"
19551,"3,21,40"
19552,"40,131"
19553,"23,40,74"
19554,"169,199"
19555,"169,337,40"
19556,"0,10"
19557,"10,44,23"
19558,"3,4,435"
19559,"3,74,21"
19560,"131,169,40"
19561,"23,31,0"
19562,"40,0,23"
19563,"40,128,129"
19564,"40,10,402"
19565,"23,26,231"
19566,"40,131"
19567,"3,21"
19568,"40,128,129"
19569,"0,271"
19570,"296,169"
19571,"3,4"
19572,"3,21,147"
19573,"10,220,24"
19574,"40,131"
19575,"40,23,184"
19576,"10,0,11"
19577,"3,169,21"
19578,"169,296"
19579,"3,4,435"
19580,"3,17"
19581,"145,40,402"
19582,"23,129,128"
19583,"40,128,129"
19584,"10,64,0"
19585,"3,23,40"
19586,"0,271"
19587,"3,21,40"
19588,"10,64"
19589,"3,4,435"
19590,"49,169,199"
19591,"3,21,40"
19592,"40,41,3"
19593,"0,10,265"
19594,"0,3"
19595,"3,23,0"
19596,"3,111,21"
19597,"40,128,135"
19598,"169,199,508"
19599,"3,111,21"
19600,"24,49,23"
19601,"169,0,199"
19602,"169,199"
19603,"10,220,0"
19604,"3,21"
19605,"40,3,41"
19606,"10,23,49"
19607,"3,21"
19608,"0,199,23"
19609,"10,11"
19610,"3,4"
19611,"3,21,40"
19612,"128,40,129"
19613,"49,3,21"
19614,"0,8,206"
19615,"3,40,41"
19616,"44,10,23"
19617,"169,199"
19618,"169,199,8"
19619,"10,220"
19620,"3,0"
19621,"3,21"
19622,"23,3,40"
19623,"23,3,74"
19624,"169,199,0"
19625,"3,4"
19626,"3,147"
19627,"0,8,206"
19628,"40,131"
19629,"23,74"
19630,"10,64"
19631,"0,128,271"
19632,"3,4"
19633,"23,0,26"
19634,"169,296"
19635,"135,40,138"
19636,"40,74,23"
19637,"3,21,147"
19638,"23,38,0"
19639,"23,10,44"
19640,"23,31,169"
19641,"40,3,21"
19642,"23,38,0"
19643,"40,128,186"
19644,"3,21,40"
19645,"10,44"
19646,"169,170,199"
19647,"0,271,23"
19648,"23,26,0"
19649,"23,32,31"
19650,"31,23,169"
19651,"0,23,38"
19652,"3,21"
19653,"10,40,44"
19654,"40,131"
19655,"10,23,44"
19656,"40,41,3"
19657,"3,21"
