id,label
0,"64,93,10"
1,"17,3,18"
2,"3,21,53"
3,"0,8,216"
4,"10,220,44"
5,"8,0,206"
6,"145,40"
7,"21,3,42"
8,"49,24,23"
9,"3,21,30"
10,"265,0"
11,"40,137,145"
12,"169,199,170"
13,"271,456,0"
14,"23,74,38"
15,"38,23,264"
16,"10,44,11"
17,"3,111,21"
18,"93,64,10"
19,"220,10,221"
20,"24,43,23"
21,"23,26"
22,"3,5,6"
23,"40,128,160"
24,"0,10,8"
25,"40,131,184"
26,"3,21"
27,"93,64,10"
28,"3,17,18"
29,"23,3,13"
30,"43,24,23"
31,"3,30,21"
32,"131,40,184"
33,"23,38,26"
34,"220,10,221"
35,"3,21"
36,"3,21,5"
37,"10,11,44"
38,"4,3,19"
39,"40,3"
40,"23,26,38"
41,"3,5,21"
42,"135,40"
43,"0,218,265"
44,"10,11,44"
45,"40,128"
46,"3,17"
47,"10,60,64"
48,"128,40,184"
49,"23,24,21"
50,"23,38,82"
51,"3,21,147"
52,"10,220,44"
53,"3,21,23"
54,"3,111,4"
55,"40,21,3"
56,"10,64,90"
57,"23,21,53"
58,"23,74,26"
59,"3,28,21"
60,"11,10,44"
61,"64,10"
62,"271,0,265"
63,"3,21"
64,"0,3,208"
65,"3,21"
66,"40,131"
67,"169,170,199"
68,"17,3,18"
69,"3,21"
70,"64,10,93"
71,"64,10"
72,"40,41,128"
73,"41,40,42"
74,"220,221,10"
75,"0,265"
76,"3,21"
77,"350,26"
78,"23,24,49"
79,"220,221,10"
80,"64,93,10"
81,"3,40,21"
82,"10,11,44"
83,"306,296,3"
84,"24,23,49"
85,"23,38"
86,"131,40,184"
87,"41,40,128"
88,"26,23"
89,"3,53,21"
90,"24,43,145"
91,"220,10,221"
92,"0,8,265"
93,"4,3,19"
94,"31,24,23"
95,"40,145"
96,"49,24,23"
97,"40,131,128"
98,"402,145,40"
99,"23,26"
100,"23,26,231"
101,"23,105,24"
102,"24,23,49"
103,"3,147,85"
104,"23,38,10"
105,"350,0,8"
106,"3,21,85"
107,"49,24,23"
108,"0,216,271"
109,"0,8,206"
110,"3,5,21"
111,"199,311,38"
112,"3,4,21"
113,"3,21,34"
114,"10,220,221"
115,"199,169,426"
116,"0,3"
117,"10,220"
118,"40,145,128"
119,"3,21,17"
120,"3,147,111"
121,"0,265,3"
122,"10,11,69"
123,"40,41"
124,"3,4,21"
125,"3,21"
126,"229,10,0"
127,"38,23"
128,"0,271,265"
129,"0,265"
130,"64,10,40"
131,"169,170,199"
132,"23,38"
133,"21,40,41"
134,"3,30,28"
135,"145,24,23"
136,"0,218,271"
137,"145,40,402"
138,"0,265,271"
139,"171,169,199"
140,"40,41,23"
141,"3,111"
142,"169,199,170"
143,"3,21"
144,"10,72,23"
145,"10,44,11"
146,"4,3,7"
147,"169,296"
148,"10,64"
149,"40,160"
150,"135,23"
151,"23,38,199"
152,"4,3,19"
153,"0,265,271"
154,"199,170,311"
155,"26,350,231"
156,"40,131,145"
157,"10,44,23"
158,"128,40,41"
159,"199,169,311"
160,"23,38,26"
161,"82,38,23"
162,"241,40,131"
163,"3,21,111"
164,"0,271,8"
165,"128,40,0"
166,"10,64,90"
167,"64,93,10"
168,"44,11,10"
169,"40,128,41"
170,"23,169"
171,"3,21,147"
172,"23,38,26"
173,"4,3,19"
174,"169,170,199"
175,"128,26,38"
176,"10,64"
177,"82,38,23"
178,"3,21,5"
179,"23,26"
180,"21,3"
181,"3,21,23"
182,"265,0"
183,"3,21,111"
184,"128,3,0"
185,"23,49,24"
186,"0,271,216"
187,"135,40,236"
188,"10,64"
189,"169,170,199"
190,"169,170,199"
191,"311,426,199"
192,"128,184,426"
193,"38,105,23"
194,"337,223,311"
195,"431,135,199"
196,"145,44,10"
197,"3,21"
198,"40,131,128"
199,"0,265,271"
200,"24,23"
201,"24,43,23"
202,"3,23,21"
203,"3,4,21"
204,"169,426,170"
205,"169,426,170"
206,"43,24,23"
207,"23,38"
208,"10,24,64"
209,"10,64"
210,"3,53,34"
211,"0,8,235"
212,"0,265,271"
213,"3,53,111"
214,"0,265,23"
215,"43,24,23"
216,"23,32,31"
217,"38,23,74"
218,"3,21"
219,"40,160"
220,"38,23"
221,"0,271"
222,"4,3,7"
223,"199,169,170"
224,"40,160,151"
225,"3,13,21"
226,"10,64"
227,"10,64,93"
228,"5,6,3"
229,"3,17,21"
230,"145,402,44"
231,"3,21"
232,"23,26"
233,"3,28,21"
234,"40,145,128"
235,"40,131,134"
236,"23,38"
237,"169,426,199"
238,"402,145,220"
239,"43,24,23"
240,"0,26,23"
241,"0,271,265"
242,"184,40,494"
243,"40,131"
244,"0,271,218"
245,"15,0,159"
246,"60,10"
247,"93,40,169"
248,"3,17,21"
249,"129,128,130"
250,"38,44,11"
251,"220,221,10"
252,"3,21,147"
253,"3,21"
254,"23,38,24"
255,"23,26,38"
256,"3,21"
257,"3,13,21"
258,"40,129,130"
259,"44,10,145"
260,"64,93,10"
261,"4,3,7"
262,"93,64,10"
263,"3,21"
264,"21,3"
265,"3,21"
266,"38,23"
267,"38,23"
268,"64,93,10"
269,"40,160,135"
270,"3,21"
271,"40,131"
272,"23,49,24"
273,"38,23,24"
274,"44,10,145"
275,"10,64"
276,"23,32,31"
277,"3,21,30"
278,"74,118,23"
279,"40,131,184"
280,"23,38"
281,"10,220,221"
282,"0,265,8"
283,"3,21"
284,"3,85,21"
285,"3,4"
286,"64,10"
287,"0,8"
288,"64,10,93"
289,"23,26,38"
290,"0,218,271"
291,"43,24,23"
292,"44,10,11"
293,"426,169,49"
294,"3,21"
295,"40,128,160"
296,"40,41,184"
297,"135,40"
298,"169,199,170"
299,"3,17,21"
300,"3,15,21"
301,"170,169,199"
302,"38,23,74"
303,"3,21"
304,"169,170,199"
305,"0,271"
306,"38,23"
307,"26,89,23"
308,"10,64,65"
309,"40,128,3"
310,"0,271"
311,"21,3"
312,"3,21"
313,"23,24,49"
314,"3,17,18"
315,"0,271,265"
316,"23,38,128"
317,"3,5,21"
318,"23,303,74"
319,"426,169,170"
320,"216,0,211"
321,"40,131,184"
322,"40,135"
323,"3,111"
324,"40,160,315"
325,"131,40,23"
326,"3,28"
327,"431,135"
328,"43,24,23"
329,"426,169,337"
330,"23,24,43"
331,"40,129,128"
332,"216,0,211"
333,"111,3,123"
334,"0,271,216"
335,"3,21,13"
336,"24,43,23"
337,"17,34,3"
338,"3,21"
339,"3,21,147"
340,"10,220,221"
341,"3,31,147"
342,"40,128,129"
343,"5,3,4"
344,"40,131,128"
345,"145,40"
346,"296,169,460"
347,"10,220,221"
348,"3,4,30"
349,"296,10,169"
350,"10,11,44"
351,"74,23,303"
352,"296,169"
353,"23,38,0"
354,"3,21,13"
355,"145,44,40"
356,"38,23,82"
357,"31,23,508"
358,"0,265,8"
359,"10,64"
360,"23,31,40"
361,"10,145,44"
362,"3,21"
363,"170,169,199"
364,"169,426"
365,"0,271,265"
366,"38,23,0"
367,"0,23,216"
368,"23,38,74"
369,"431,135,199"
370,"3,4,21"
371,"43,24,23"
372,"74,23,118"
373,"131,40,184"
374,"8,0,206"
375,"44,145,10"
376,"170,169,199"
377,"30,3,48"
378,"40,41"
379,"31,23"
380,"3,40,4"
381,"3,170,199"
382,"170,169,199"
383,"169,199,170"
384,"17,18,3"
385,"220,221,10"
386,"10,220,221"
387,"38,23,74"
388,"0,216,211"
389,"3,21,28"
390,"220,221,10"
391,"40,23,24"
392,"0,8,216"
393,"10,64,11"
394,"10,265,11"
395,"3,111"
396,"23,48,38"
397,"3,21"
398,"169,337,170"
399,"170,169,199"
400,"44,145,10"
401,"170,199,169"
402,"3,21,147"
403,"0,208,271"
404,"3,21"
405,"0,8,235"
406,"3,21"
407,"40,131"
408,"3,21,34"
409,"21,3,53"
410,"21,3,41"
411,"3,15"
412,"49,23,24"
413,"169,199,170"
414,"0,8,206"
415,"131,40,226"
416,"38,23,26"
417,"220,221,10"
418,"31,40,131"
419,"23,74,38"
420,"169,170,199"
421,"220,221,10"
422,"216,370,0"
423,"74,303,23"
424,"26,350,23"
425,"0,265,271"
426,"296,169"
427,"24,23,43"
428,"145,10,24"
429,"199,170,169"
430,"128,40,129"
431,"26,23,350"
432,"10,11,44"
433,"64,402,145"
434,"234,10,23"
435,"41,40,111"
436,"0,216,208"
437,"10,220,221"
438,"128,40"
439,"169,337,170"
440,"23,31,10"
441,"10,265,11"
442,"3,17,21"
443,"169,199,170"
444,"0,216"
445,"3,4"
446,"0,265,271"
447,"0,216,8"
448,"10,64,93"
449,"129,40,128"
450,"456,271,0"
451,"0,216"
452,"296,23,169"
453,"40,160,41"
454,"74,303,23"
455,"199,169,170"
456,"131,40,23"
457,"10,64,220"
458,"3,21,147"
459,"40,3,131"
460,"0,8"
461,"170,169,199"
462,"10,23,38"
463,"184,40"
464,"0,265,271"
465,"0,8"
466,"23,26,350"
467,"402,145"
468,"44,11,10"
469,"21,3"
470,"169,170,199"
471,"0,271,265"
472,"64,93,10"
473,"0,216,249"
474,"26,23,350"
475,"0,265,271"
476,"23,38,0"
477,"199,169,170"
478,"3,21,40"
479,"169,170,199"
480,"74,38,40"
481,"10,44,145"
482,"40,131,184"
483,"38,10,23"
484,"3,21"
485,"0,8,206"
486,"64,10,65"
487,"0,216"
488,"23,74,165"
489,"40,160,184"
490,"64,10"
491,"40,74,145"
492,"93,64,10"
493,"0,265,271"
494,"41,40,3"
495,"0,271,265"
496,"40,128,41"
497,"43,24,10"
498,"8,0,206"
499,"10,145"
500,"3,21,170"
501,"3,21,147"
502,"24,23,31"
503,"64,10,448"
504,"17,18,3"
505,"40,131,128"
506,"10,64,93"
507,"431,135"
508,"3,21"
509,"426,21,53"
510,"93,64,10"
511,"40,128,160"
512,"0,271,23"
513,"61,181,60"
514,"3,111"
515,"40,128,41"
516,"3,17,18"
517,"43,23,24"
518,"199,170,169"
519,"3,17"
520,"0,10,265"
521,"0,216"
522,"145,402,40"
523,"131,40,184"
524,"23,32,31"
525,"23,26,231"
526,"23,74,38"
527,"134,131,40"
528,"296,169,10"
529,"38,23,82"
530,"10,60,64"
531,"220,10,221"
532,"44,145,264"
533,"0,216"
534,"169,199,170"
535,"23,38,26"
536,"3,21,147"
537,"0,8,206"
538,"145,40"
539,"3,21,53"
540,"0,8,265"
541,"38,23"
542,"23,26,38"
543,"4,3"
544,"40,41,111"
545,"184,40,128"
546,"10,64,93"
547,"118,23,3"
548,"3,21"
549,"24,23,60"
550,"135,40,138"
551,"0,208,3"
552,"40,128,3"
553,"220,221,242"
554,"10,11,44"
555,"60,93,23"
556,"43,24,60"
557,"38,26,23"
558,"64,10,93"
559,"40,129,128"
560,"220,221,10"
561,"0,265,271"
562,"220,221,10"
563,"11,10,44"
564,"3,21"
565,"43,24,32"
566,"0,8,350"
567,"216,370,0"
568,"23,74,118"
569,"10,11,44"
570,"60,10,64"
571,"128,40,74"
572,"3,21"
573,"64,10,93"
574,"10,64,11"
575,"21,3,41"
576,"93,64,10"
577,"64,10,93"
578,"3,21,53"
579,"10,44,11"
580,"38,23"
581,"3,41,21"
582,"218,255,0"
583,"3,21"
584,"170,199,169"
585,"0,8"
586,"220,221,242"
587,"3,21"
588,"31,23,32"
589,"3,21"
590,"23,38,26"
591,"10,64,90"
592,"169,170,199"
593,"145,23,38"
594,"10,220,221"
595,"135,236,40"
596,"23,38,63"
597,"0,8,206"
598,"3,21,85"
599,"38,23,137"
600,"74,23,10"
601,"131,40,128"
602,"5,3,6"
603,"265,0,23"
604,"3,4,21"
605,"0,265,271"
606,"40,160"
607,"3,147,21"
608,"0,271"
609,"23,24,38"
610,"43,24,23"
611,"23,26"
612,"0,265"
613,"3,21,5"
614,"129,40,128"
615,"0,255,271"
616,"145,10,402"
617,"290,31,23"
618,"23,24,49"
619,"135,431,40"
620,"350,26"
621,"26,23"
622,"40,3,111"
623,"3,21"
624,"3,100,21"
625,"350,0,26"
626,"426,169,199"
627,"40,10,131"
628,"145,402,40"
629,"4,3,19"
630,"328,31"
631,"0,8,206"
632,"199,169,170"
633,"199,169,170"
634,"255,0,218"
635,"23,26,38"
636,"40,135"
637,"21,3,40"
638,"40,160,128"
639,"0,271,265"
640,"74,38,165"
641,"0,8"
642,"40,135"
643,"40,128,131"
644,"3,21"
645,"26,23,38"
646,"3,21"
647,"31,23"
648,"3,4"
649,"169,170,199"
650,"10,38,145"
651,"23,26,38"
652,"10,220"
653,"40,128,160"
654,"31,23"
655,"40,131,128"
656,"3,21,4"
657,"0,8,206"
658,"3,21,4"
659,"3,13"
660,"40,131,184"
661,"296,169,0"
662,"3,21"
663,"43,24,23"
664,"10,11,44"
665,"43,24,23"
666,"64,93,10"
667,"31,23"
668,"0,23"
669,"38,23"
670,"23,24"
671,"145,23"
672,"10,220,221"
673,"311,199,170"
674,"131,40,184"
675,"3,147,21"
676,"10,44,145"
677,"3,21,17"
678,"3,111,21"
679,"220,10,221"
680,"8,0,206"
681,"131,134,40"
682,"10,64"
683,"74,23,38"
684,"23,74,184"
685,"3,21,34"
686,"145,40,402"
687,"199,169,170"
688,"426,169"
689,"220,221,10"
690,"3,21,53"
691,"40,170,199"
692,"3,21,53"
693,"64,93,10"
694,"0,8,206"
695,"23,38,82"
696,"38,23,24"
697,"3,15,4"
698,"3,53,21"
699,"40,131,128"
700,"17,18,3"
701,"10,24,38"
702,"23,38"
703,"38,23"
704,"23,38"
705,"135,40,138"
706,"3,128,131"
707,"40,41,128"
708,"0,8,265"
709,"24,49,23"
710,"3,17,21"
711,"184,40,128"
712,"3,15,21"
713,"216,211,0"
714,"21,169,48"
715,"49,23,24"
716,"3,21,147"
717,"3,4"
718,"3,21,41"
719,"23,38,145"
720,"3,21,53"
721,"10,11,44"
722,"21,3"
723,"3,21,147"
724,"3,5,21"
725,"43,24,23"
726,"3,170,21"
727,"0,8"
728,"170,199,169"
729,"40,41"
730,"169,426,296"
731,"169,170,199"
732,"3,17,21"
733,"10,44,11"
734,"199,170,311"
735,"311,169,337"
736,"10,64,93"
737,"311,170,199"
738,"10,11,44"
739,"350,26,8"
740,"23,26,38"
741,"271,0,265"
742,"3,4"
743,"23,145,10"
744,"145,40"
745,"3,4"
746,"23,31,60"
747,"31,258,23"
748,"3,53,21"
749,"10,44,145"
750,"41,42,21"
751,"24,43,23"
752,"111,3"
753,"170,199,169"
754,"169,170,199"
755,"43,24"
756,"145,44,10"
757,"175,40,162"
758,"3,15,21"
759,"169,170,199"
760,"169,170,199"
761,"208,0"
762,"10,64,60"
763,"3,21"
764,"3,21"
765,"0,8"
766,"0,8,265"
767,"169,426,170"
768,"0,265,271"
769,"61,199,170"
770,"3,111"
771,"10,64"
772,"3,17,15"
773,"3,21,28"
774,"199,170,169"
775,"3,21"
776,"170,199,21"
777,"23,38,128"
778,"4,3,19"
779,"10,64,60"
780,"93,64,10"
781,"64,93,60"
782,"0,265,271"
783,"3,93,23"
784,"3,21,30"
785,"38,23"
786,"337,199,311"
787,"38,74,23"
788,"8,0,206"
789,"26,89,23"
790,"21,40,3"
791,"10,220,221"
792,"44,11,10"
793,"23,38,24"
794,"426,311,169"
795,"40,131,184"
796,"3,5,21"
797,"3,21,53"
798,"40,131,184"
799,"111,112,40"
800,"40,135,184"
801,"0,8,208"
802,"38,26,23"
803,"3,40"
804,"3,21"
805,"426,169,170"
806,"23,38"
807,"38,23,24"
808,"21,3,311"
809,"170,199,169"
810,"23,24,38"
811,"43,24,23"
812,"10,44,11"
813,"0,8,271"
814,"21,3,41"
815,"40,128"
816,"3,21"
817,"265,0"
818,"3,17,21"
819,"170,169,199"
820,"255,0,462"
821,"3,17,21"
822,"426,170,169"
823,"24,43,23"
824,"3,111,21"
825,"40,145"
826,"391,8,0"
827,"10,11,44"
828,"169,170,199"
829,"40,131,241"
830,"10,64,90"
831,"0,255,271"
832,"10,44,23"
833,"199,169,170"
834,"3,21,111"
835,"23,40"
836,"169,426,170"
837,"40,184,185"
838,"3,4,21"
839,"3,5,21"
840,"402,145,40"
841,"3,111,85"
842,"3,5,21"
843,"23,26,89"
844,"23,31,24"
845,"23,93"
846,"169,199,170"
847,"130,128,40"
848,"0,350,26"
849,"31,23,96"
850,"169,199,170"
851,"38,23,10"
852,"32,31,23"
853,"38,23,71"
854,"169,170,199"
855,"40,145,128"
856,"49,23,24"
857,"93,64,10"
858,"3,4,21"
859,"169,199,170"
860,"23,38,26"
861,"24,43,60"
862,"40,60,23"
863,"0,255,271"
864,"3,13"
865,"40,160,128"
866,"3,21,5"
867,"169,170,171"
868,"3,13,21"
869,"23,24,43"
870,"40,128,21"
871,"23,38"
872,"3,21,53"
873,"199,169,170"
874,"0,8,271"
875,"44,145,38"
876,"3,13,21"
877,"131,40,226"
878,"169,170,199"
879,"38,23"
880,"3,4,5"
881,"0,8,206"
882,"145,402,44"
883,"40,131,128"
884,"44,10,11"
885,"41,40,42"
886,"426,169,170"
887,"10,60,64"
888,"3,21,30"
889,"426,311,199"
890,"145,10,44"
891,"3,111,275"
892,"23,38"
893,"10,44,11"
894,"10,23,38"
895,"3,21,111"
896,"131,40,184"
897,"3,21"
898,"40,41"
899,"169,170,296"
900,"0,216"
901,"3,21,41"
902,"23,24,10"
903,"40,131,226"
904,"64,10,93"
905,"23,38"
906,"0,8"
907,"0,8,235"
908,"3,13,10"
909,"128,40"
910,"10,220,221"
911,"10,44,11"
912,"10,64,93"
913,"44,10,145"
914,"10,64"
915,"220,221,10"
916,"3,4,21"
917,"0,218,26"
918,"3,4,30"
919,"23,0"
920,"3,147,21"
921,"60,234,21"
922,"3,23"
923,"64,10,93"
924,"40,128,184"
925,"38,23"
926,"234,10,21"
927,"40,128,130"
928,"3,21,40"
929,"3,30,21"
930,"23,38,26"
931,"229,10"
932,"38,23,0"
933,"38,23,74"
934,"93,43,64"
935,"426,169,508"
936,"3,21"
937,"3,21,53"
938,"3,111,21"
939,"23,296,169"
940,"4,3"
941,"26,23,89"
942,"3,21,53"
943,"199,426,169"
944,"4,3,19"
945,"169,199,170"
946,"0,8,206"
947,"3,21"
948,"74,118,23"
949,"131,241,40"
950,"0,271,265"
951,"60,239,10"
952,"169,170,199"
953,"23,40,31"
954,"49,24,23"
955,"10,11,44"
956,"145,402"
957,"24,23,49"
958,"234,21,60"
959,"43,24,23"
960,"199,169,170"
961,"170,199,169"
962,"59,24,11"
963,"40,128,131"
964,"24,10,23"
965,"130,128,40"
966,"64,10"
967,"169,170,199"
968,"3,53,4"
969,"38,74,23"
970,"40,135"
971,"40,160,135"
972,"23,74,24"
973,"216,370,0"
974,"220,10,221"
975,"199,311,170"
976,"8,0,206"
977,"3,21,40"
978,"3,21,17"
979,"40,160,23"
980,"265,49,23"
981,"0,8"
982,"17,18,3"
983,"3,21"
984,"131,40,134"
985,"40,160,151"
986,"23,105,24"
987,"131,134,40"
988,"10,64,60"
989,"3,21,28"
990,"3,21"
991,"24,10"
992,"23,38,199"
993,"3,111,21"
994,"24,23"
995,"3,21,53"
996,"199,170,169"
997,"40,131,184"
998,"40,160,128"
999,"23,74,10"
1000,"0,265"
1001,"3,4,21"
1002,"0,8,216"
1003,"23,24,241"
1004,"3,21"
1005,"170,199,169"
1006,"3,21"
1007,"23,24,38"
1008,"169,296,170"
1009,"10,11"
1010,"23,231,26"
1011,"3,21"
1012,"3,21"
1013,"10,64"
1014,"3,21,30"
1015,"0,265"
1016,"23,38,24"
1017,"38,23"
1018,"3,21"
1019,"3,4"
1020,"0,271,255"
1021,"220,221,10"
1022,"0,8"
1023,"26,23,89"
1024,"3,4"
1025,"128,40"
1026,"0,8,265"
1027,"23,216,38"
1028,"3,21"
1029,"24,43,23"
1030,"23,24,10"
1031,"43,24,23"
1032,"128,40,160"
1033,"3,21"
1034,"3,21"
1035,"3,53,40"
1036,"3,4,15"
1037,"3,21,111"
1038,"3,21,40"
1039,"43,24,23"
1040,"60,93,10"
1041,"44,10,145"
1042,"0,265"
1043,"426,337,199"
1044,"64,10,90"
1045,"23,24,74"
1046,"3,21"
1047,"426,169,508"
1048,"220,221,242"
1049,"0,208,271"
1050,"64,10,93"
1051,"3,21"
1052,"220,242,221"
1053,"64,93,10"
1054,"40,184,131"
1055,"40,38,137"
1056,"220,221,10"
1057,"3,21,53"
1058,"3,21,147"
1059,"40,3"
1060,"24,43,23"
1061,"3,21,28"
1062,"40,111,3"
1063,"0,216,211"
1064,"3,28,21"
1065,"40,184,151"
1066,"44,145,264"
1067,"169,426,296"
1068,"3,21,111"
1069,"3,111"
1070,"3,5,21"
1071,"0,265"
1072,"60,10,64"
1073,"8,0,206"
1074,"3,53,111"
1075,"3,21"
1076,"26,23"
1077,"4,3,147"
1078,"40,160,151"
1079,"40,41,3"
1080,"3,21"
1081,"3,13,21"
1082,"23,26,89"
1083,"38,162,175"
1084,"3,40,41"
1085,"402,145,64"
1086,"0,216,3"
1087,"10,60,64"
1088,"3,21"
1089,"40,128,145"
1090,"3,4,5"
1091,"40,3"
1092,"74,23,38"
1093,"3,21,41"
1094,"169,426,199"
1095,"426,199,170"
1096,"3,21,17"
1097,"40,21,3"
1098,"40,41,128"
1099,"40,145,146"
1100,"0,271,255"
1101,"0,255,271"
1102,"3,53,111"
1103,"43,24"
1104,"3,21"
1105,"23,303,10"
1106,"23,38,26"
1107,"169,170,199"
1108,"426,169,199"
1109,"426,169,199"
1110,"60,10,64"
1111,"0,8"
1112,"24,23,49"
1113,"3,4,21"
1114,"169,199,170"
1115,"40,160,135"
1116,"60,23,24"
1117,"0,8,216"
1118,"128,40"
1119,"40,184"
1120,"64,93,10"
1121,"3,21,17"
1122,"169,170,199"
1123,"131,40"
1124,"3,21"
1125,"199,169,170"
1126,"3,21,5"
1127,"10,64"
1128,"23,38,26"
1129,"0,271"
1130,"8,0"
1131,"10,23,44"
1132,"0,265,271"
1133,"10,64,44"
1134,"11,10,44"
1135,"0,211,216"
1136,"3,21"
1137,"169,170,296"
1138,"220,221,10"
1139,"169,199,170"
1140,"169,296"
1141,"3,21,5"
1142,"220,221,10"
1143,"426,169,199"
1144,"10,44,11"
1145,"23,24"
1146,"3,28,21"
1147,"23,26,38"
1148,"23,26,38"
1149,"3,21"
1150,"3,30,21"
1151,"3,40,21"
1152,"44,10,145"
1153,"10,220"
1154,"402,145,40"
1155,"10,60,24"
1156,"145,44,10"
1157,"255,0,218"
1158,"23,26,38"
1159,"3,53,523"
1160,"171,199,170"
1161,"3,21"
1162,"26,231,23"
1163,"23,74,38"
1164,"265,0,340"
1165,"23,74,38"
1166,"3,21,170"
1167,"21,3"
1168,"0,271,265"
1169,"38,23"
1170,"0,8,216"
1171,"23,24,38"
1172,"4,3,375"
1173,"23,265,26"
1174,"0,265,23"
1175,"23,60,10"
1176,"24,43,23"
1177,"0,271,265"
1178,"10,64"
1179,"40,128,160"
1180,"170,199,169"
1181,"311,426,337"
1182,"0,265"
1183,"38,82"
1184,"23,26"
1185,"32,31,23"
1186,"220,10,221"
1187,"3,17,21"
1188,"31,23"
1189,"169,199,170"
1190,"31,32,23"
1191,"135,40,236"
1192,"93,181,64"
1193,"40,41,128"
1194,"0,265"
1195,"426,199,311"
1196,"3,4,30"
1197,"40,184,160"
1198,"0,23"
1199,"60,23,24"
1200,"11,10,44"
1201,"23,32,31"
1202,"3,21,111"
1203,"38,23,74"
1204,"10,24"
1205,"38,23,24"
1206,"8,0"
1207,"0,265,271"
1208,"220,10,221"
1209,"24,43,23"
1210,"128,169,23"
1211,"169,426"
1212,"10,64"
1213,"426,170,199"
1214,"26,23,350"
1215,"220,10,221"
1216,"135,40,10"
1217,"3,53,111"
1218,"111,40,123"
1219,"10,64"
1220,"199,170,426"
1221,"220,10,221"
1222,"3,21,30"
1223,"3,21"
1224,"40,131,184"
1225,"10,11,69"
1226,"38,23"
1227,"40,184,128"
1228,"40,131,145"
1229,"199,170,169"
1230,"40,128,74"
1231,"3,21,13"
1232,"0,8"
1233,"38,23,26"
1234,"145,169,426"
1235,"40,23"
1236,"220,221,242"
1237,"82,0"
1238,"402,145,31"
1239,"10,3,5"
1240,"0,8"
1241,"3,21,5"
1242,"44,145"
1243,"128,186,40"
1244,"10,11,44"
1245,"0,271,265"
1246,"431,135"
1247,"23,40,74"
1248,"10,64"
1249,"426,169,170"
1250,"0,265"
1251,"64,10,65"
1252,"3,21,85"
1253,"131,184"
1254,"40,41,3"
1255,"23,38,145"
1256,"3,4,21"
1257,"0,271,265"
1258,"426,169,170"
1259,"0,265,8"
1260,"3,21"
1261,"23,10,31"
1262,"93,64,10"
1263,"0,3"
1264,"24,23"
1265,"3,40,13"
1266,"3,17,18"
1267,"82,38"
1268,"23,26"
1269,"3,21"
1270,"3,41,40"
1271,"38,71,44"
1272,"3,21,30"
1273,"23,31,24"
1274,"169,170,459"
1275,"23,38"
1276,"17,18,426"
1277,"3,4,111"
1278,"40,135"
1279,"3,15"
1280,"10,11,220"
1281,"3,21"
1282,"145,40,10"
1283,"3,53,523"
1284,"170,169,199"
1285,"3,21"
1286,"0,271,265"
1287,"26,23,350"
1288,"128,40,130"
1289,"229,10"
1290,"220,10,221"
1291,"169,426,170"
1292,"32,31,23"
1293,"26,231,23"
1294,"23,3"
1295,"3,21,53"
1296,"5,3,6"
1297,"3,21"
1298,"3,21,147"
1299,"64,93,10"
1300,"23,38,26"
1301,"23,38"
1302,"3,21,30"
1303,"3,21,93"
1304,"3,4,111"
1305,"3,21"
1306,"3,23,53"
1307,"170,199,311"
1308,"169,170,199"
1309,"23,4,3"
1310,"3,21"
1311,"23,10,220"
1312,"3,0"
1313,"38,23,145"
1314,"23,38,26"
1315,"170,199,426"
1316,"3,21,23"
1317,"0,265"
1318,"426,199,170"
1319,"3,111,21"
1320,"64,93,10"
1321,"220,221,10"
1322,"3,147,21"
1323,"74,303,23"
1324,"23,26,38"
1325,"170,3,21"
1326,"23,26,38"
1327,"220,221,10"
1328,"3,21,30"
1329,"3,13,5"
1330,"64,10"
1331,"3,4,111"
1332,"3,21,53"
1333,"128,169,170"
1334,"0,350,26"
1335,"3,28,21"
1336,"3,13"
1337,"220,221,10"
1338,"40,41,128"
1339,"3,147,21"
1340,"21,3,187"
1341,"40,145,146"
1342,"169,199,170"
1343,"199,170,169"
1344,"220,221,10"
1345,"40,131,128"
1346,"426,169,199"
1347,"3,147,53"
1348,"135,138,40"
1349,"169,170,199"
1350,"23,24"
1351,"0,350,26"
1352,"3,23,53"
1353,"0,8,218"
1354,"3,53,21"
1355,"0,23,265"
1356,"3,120,21"
1357,"3,21,28"
1358,"23,74,38"
1359,"10,11,44"
1360,"3,147,21"
1361,"130,40,129"
1362,"3,30,21"
1363,"169,170,199"
1364,"3,21,53"
1365,"426,24,49"
1366,"26,23,38"
1367,"3,28,30"
1368,"3,21"
1369,"165,74,184"
1370,"271,0,265"
1371,"40,128,41"
1372,"44,10,145"
1373,"44,145,10"
1374,"24,44,145"
1375,"44,10,11"
1376,"3,111,53"
1377,"170,199,169"
1378,"64,10,65"
1379,"23,38"
1380,"145,44,45"
1381,"0,8"
1382,"3,21"
1383,"3,111,21"
1384,"3,21"
1385,"40,160,128"
1386,"181,43,61"
1387,"26,89,23"
1388,"11,10,44"
1389,"3,21,5"
1390,"17,3,18"
1391,"0,216,271"
1392,"3,21,170"
1393,"40,131,128"
1394,"3,21"
1395,"135,40"
1396,"44,10,11"
1397,"0,265,8"
1398,"23,38"
1399,"169,170,199"
1400,"40,128,41"
1401,"169,170,199"
1402,"3,4"
1403,"3,21"
1404,"145,44,10"
1405,"199,170,181"
1406,"17,3,18"
1407,"3,111,21"
1408,"3,28,4"
1409,"23,24,10"
1410,"239,60,31"
1411,"23,26"
1412,"40,128,170"
1413,"145,40"
1414,"10,220,221"
1415,"3,21"
1416,"3,53,111"
1417,"3,21"
1418,"3,5,21"
1419,"0,8"
1420,"40,3,21"
1421,"38,23,74"
1422,"40,160,184"
1423,"23,26,38"
1424,"23,74,38"
1425,"3,21"
1426,"128,311,187"
1427,"23,26,38"
1428,"10,44"
1429,"3,21,53"
1430,"10,44,145"
1431,"3,21"
1432,"38,23"
1433,"64,10,93"
1434,"10,145,64"
1435,"10,64"
1436,"23,169"
1437,"199,311,170"
1438,"24,23,49"
1439,"40,23,105"
1440,"3,21"
1441,"3,21"
1442,"0,169,337"
1443,"10,64"
1444,"10,44,11"
1445,"23,24,60"
1446,"23,74,118"
1447,"24,49,23"
1448,"145,44,40"
1449,"41,3,21"
1450,"0,8,265"
1451,"111,3"
1452,"10,60"
1453,"3,21"
1454,"10,64"
1455,"40,160"
1456,"3,21,4"
1457,"40,41"
1458,"3,21"
1459,"199,311,170"
1460,"24,43,23"
1461,"40,111,41"
1462,"10,44,11"
1463,"145,10,44"
1464,"23,24"
1465,"128,129,40"
1466,"0,265,271"
1467,"199,170"
1468,"8,0,206"
1469,"23,74,118"
1470,"169,170,199"
1471,"43,24,23"
1472,"0,265,271"
1473,"3,5,4"
1474,"4,3,19"
1475,"64,10"
1476,"10,220,0"
1477,"4,3"
1478,"0,271,255"
1479,"40,128,160"
1480,"23,74,38"
1481,"145,10,40"
1482,"3,21"
1483,"0,265,8"
1484,"24,49,23"
1485,"3,21,17"
1486,"3,21"
1487,"10,23,69"
1488,"3,17,21"
1489,"40,131,184"
1490,"3,21,53"
1491,"60,10,64"
1492,"23,24,43"
1493,"0,271,265"
1494,"3,111,21"
1495,"38,23"
1496,"23,38,24"
1497,"131,40,128"
1498,"38,145,10"
1499,"40,131,184"
1500,"38,23"
1501,"3,85,21"
1502,"169,199,170"
1503,"220,221,10"
1504,"38,23,74"
1505,"3,21"
1506,"199,169,170"
1507,"26,23,38"
1508,"21,3,40"
1509,"0,255,271"
1510,"3,21,34"
1511,"169,170,199"
1512,"40,135"
1513,"0,8,206"
1514,"431,135,40"
1515,"3,21,30"
1516,"169,337,339"
1517,"128,40"
1518,"23,24,10"
1519,"3,28,30"
1520,"23,10"
1521,"43,24,23"
1522,"3,21"
1523,"23,24,49"
1524,"64,93,10"
1525,"10,11,44"
1526,"49,24,23"
1527,"10,64"
1528,"0,216,211"
1529,"38,23"
1530,"169,32,199"
1531,"220,10,221"
1532,"10,24,23"
1533,"24,43,23"
1534,"10,44"
1535,"10,220,221"
1536,"169,170,199"
1537,"169,199,170"
1538,"0,3,265"
1539,"3,21,53"
1540,"38,23,91"
1541,"3,311,337"
1542,"3,21"
1543,"40,135,138"
1544,"10,24,23"
1545,"40,128,129"
1546,"3,21,40"
1547,"234,60,21"
1548,"145,10,44"
1549,"10,64"
1550,"0,208,216"
1551,"3,4"
1552,"23,74"
1553,"3,4"
1554,"3,4,21"
1555,"3,74,38"
1556,"0,426,265"
1557,"3,21,53"
1558,"220,10,221"
1559,"60,64,10"
1560,"296,169"
1561,"10,64"
1562,"3,21,4"
1563,"23,38,63"
1564,"3,21"
1565,"135,138,169"
1566,"38,10,23"
1567,"0,218,8"
1568,"23,38,74"
1569,"8,0,206"
1570,"10,64,90"
1571,"10,23,44"
1572,"17,18,3"
1573,"296,169,306"
1574,"10,24"
1575,"10,220,221"
1576,"23,38"
1577,"3,21,147"
1578,"128,40,129"
1579,"199,311,170"
1580,"3,21"
1581,"3,21,53"
1582,"64,93,181"
1583,"169,170,199"
1584,"3,21"
1585,"40,38,23"
1586,"169,426,170"
1587,"3,21"
1588,"43,24"
1589,"23,40,74"
1590,"40,128,160"
1591,"44,10,145"
1592,"169,170,199"
1593,"171,170,199"
1594,"24,43,23"
1595,"171,170,199"
1596,"128,195"
1597,"3,21,147"
1598,"3,5,85"
1599,"44,145,23"
1600,"199,170,24"
1601,"40,128,184"
1602,"10,64,44"
1603,"10,11,44"
1604,"0,8,267"
1605,"3,21,30"
1606,"40,128,41"
1607,"23,296,306"
1608,"169,170,199"
1609,"3,21"
1610,"24,49,23"
1611,"40,184"
1612,"23,40,38"
1613,"3,21,17"
1614,"199,170,169"
1615,"3,4,21"
1616,"0,271,255"
1617,"23,38"
1618,"3,21,111"
1619,"220,221,242"
1620,"3,21,170"
1621,"135,431,426"
1622,"431,135"
1623,"169,296"
1624,"0,271,265"
1625,"38,23"
1626,"220,10,221"
1627,"23,74,118"
1628,"40,128,41"
1629,"131,40,134"
1630,"43,93,24"
1631,"40,145"
1632,"23,38,0"
1633,"3,21,111"
1634,"10,44,64"
1635,"0,216"
1636,"23,10,24"
1637,"0,265,8"
1638,"3,4,21"
1639,"40,131,23"
1640,"170,199,311"
1641,"3,21,53"
1642,"3,17,21"
1643,"10,11,44"
1644,"60,43,93"
1645,"0,271"
1646,"24,60,23"
1647,"10,40"
1648,"31,23,24"
1649,"23,74,38"
1650,"64,93,10"
1651,"265,0,340"
1652,"3,5,28"
1653,"0,208"
1654,"3,21"
1655,"3,147,21"
1656,"49,24,23"
1657,"169,426,170"
1658,"3,21"
1659,"10,44,11"
1660,"31,23"
1661,"5,3,6"
1662,"130,128,40"
1663,"40,131,134"
1664,"3,4"
1665,"44,10,145"
1666,"40,3"
1667,"10,23,44"
1668,"3,28"
1669,"131,40,134"
1670,"0,265"
1671,"44,10,11"
1672,"426,170,21"
1673,"3,53,184"
1674,"3,23"
1675,"43,24,64"
1676,"0,271,169"
1677,"169,426,199"
1678,"128,129,130"
1679,"111,3,123"
1680,"24,43,23"
1681,"0,255,271"
1682,"0,8,206"
1683,"3,21,53"
1684,"3,21"
1685,"0,271,265"
1686,"3,21"
1687,"40,3,128"
1688,"3,21"
1689,"40,131,134"
1690,"21,3"
1691,"21,3"
1692,"169,426,170"
1693,"3,4,30"
1694,"0,216,211"
1695,"40,23"
1696,"10,24,220"
1697,"128,40,129"
1698,"3,53,111"
1699,"128,40"
1700,"10,11,44"
1701,"3,111,85"
1702,"3,21"
1703,"0,265,271"
1704,"10,60,234"
1705,"3,21,53"
1706,"3,21,147"
1707,"0,271,265"
1708,"23,169,38"
1709,"40,184"
1710,"10,61,60"
1711,"0,8"
1712,"38,264,145"
1713,"426,169,170"
1714,"3,53,120"
1715,"169,171,199"
1716,"3,15,17"
1717,"128,195,0"
1718,"169,296,170"
1719,"0,38,23"
1720,"131,40,184"
1721,"43,24,23"
1722,"10,44,11"
1723,"145,44,10"
1724,"40,128"
1725,"10,220,221"
1726,"26,23,231"
1727,"74,38,23"
1728,"11,69,44"
1729,"0,265,10"
1730,"3,21,34"
1731,"170,199,169"
1732,"170,169,199"
1733,"64,93,10"
1734,"21,3"
1735,"0,265,271"
1736,"44,10,145"
1737,"3,21,17"
1738,"24,43,23"
1739,"3,28"
1740,"3,21"
1741,"3,21"
1742,"0,8"
1743,"199,170,169"
1744,"48,21"
1745,"21,3"
1746,"426,170,199"
1747,"3,4,21"
1748,"89,26"
1749,"64,10"
1750,"64,10,93"
1751,"290,31,10"
1752,"23,26,38"
1753,"0,271,265"
1754,"24,23,43"
1755,"169,199,170"
1756,"40,128"
1757,"38,23,24"
1758,"0,313,8"
1759,"74,23,38"
1760,"38,23"
1761,"3,21"
1762,"44,145,10"
1763,"169,170,426"
1764,"220,10,221"
1765,"40,41,3"
1766,"135,40,138"
1767,"0,8"
1768,"3,21,147"
1769,"311,199,170"
1770,"3,21"
1771,"0,8"
1772,"3,21"
1773,"128,21,40"
1774,"10,11,44"
1775,"199,169,170"
1776,"10,64"
1777,"3,21,111"
1778,"3,21"
1779,"3,21"
1780,"199,169,170"
1781,"199,170,169"
1782,"0,271,255"
1783,"23,38,74"
1784,"129,40,128"
1785,"169,170,199"
1786,"23,38,82"
1787,"145,40,10"
1788,"40,128,160"
1789,"169,199,170"
1790,"135,40,10"
1791,"220,221,242"
1792,"38,23"
1793,"10,11,44"
1794,"40,135"
1795,"0,216,211"
1796,"38,23,26"
1797,"10,220,221"
1798,"23,38"
1799,"3,21,30"
1800,"31,23"
1801,"169,426,311"
1802,"3,17,21"
1803,"10,24,11"
1804,"74,23,38"
1805,"0,8,235"
1806,"3,21"
1807,"49,24,23"
1808,"40,128"
1809,"31,23,24"
1810,"31,23"
1811,"3,28"
1812,"3,5,21"
1813,"10,220,221"
1814,"169,296"
1815,"25,24,10"
1816,"40,41"
1817,"21,3"
1818,"181,61,24"
1819,"3,21,23"
1820,"44,38,11"
1821,"74,118,23"
1822,"3,21"
1823,"23,26,38"
1824,"3,111,40"
1825,"23,38"
1826,"145,10"
1827,"10,44,64"
1828,"3,21"
1829,"169,199,170"
1830,"169,426,508"
1831,"0,216"
1832,"0,271"
1833,"3,21,30"
1834,"169,170,199"
1835,"0,8"
1836,"60,31,239"
1837,"145,10,44"
1838,"3,53,523"
1839,"0,8,208"
1840,"40,128"
1841,"3,21"
1842,"3,21"
1843,"3,21"
1844,"0,216,8"
1845,"10,145,24"
1846,"40,184,131"
1847,"23,0,31"
1848,"350,26,0"
1849,"3,17,15"
1850,"3,17,21"
1851,"10,44,64"
1852,"111,3"
1853,"13,131,3"
1854,"64,93,10"
1855,"169,296"
1856,"8,0,206"
1857,"128,40"
1858,"40,41,160"
1859,"0,265,271"
1860,"23,74"
1861,"40,135"
1862,"350,26"
1863,"64,93,10"
1864,"31,32,23"
1865,"131,40,134"
1866,"0,8"
1867,"426,508,169"
1868,"23,74,165"
1869,"8,0,206"
1870,"40,160,184"
1871,"0,265,271"
1872,"32,31,23"
1873,"0,265,271"
1874,"38,23"
1875,"40,131"
1876,"129,40,128"
1877,"43,24"
1878,"3,21"
1879,"0,350,8"
1880,"0,216,370"
1881,"64,170,199"
1882,"10,64"
1883,"74,118,23"
1884,"426,311,40"
1885,"3,4"
1886,"3,21"
1887,"181,64,93"
1888,"64,93,10"
1889,"3,147,21"
1890,"74,23,118"
1891,"3,15,21"
1892,"0,271,255"
1893,"220,242,221"
1894,"38,23"
1895,"0,8,206"
1896,"23,10,25"
1897,"10,26,335"
1898,"3,4,375"
1899,"26,350,23"
1900,"40,128,38"
1901,"17,3,18"
1902,"3,10"
1903,"3,21"
1904,"3,17"
1905,"3,53,111"
1906,"0,23,8"
1907,"3,111"
1908,"3,21,111"
1909,"3,4,111"
1910,"10,220,23"
1911,"220,221,10"
1912,"128,0"
1913,"3,21,85"
1914,"169,199,170"
1915,"0,271,255"
1916,"3,147,21"
1917,"0,218,350"
1918,"0,271,216"
1919,"199,170,426"
1920,"23,74,38"
1921,"10,64"
1922,"23,74,26"
1923,"3,4"
1924,"40,41"
1925,"3,4"
1926,"3,4,188"
1927,"23,0,26"
1928,"169,170,199"
1929,"3,5,21"
1930,"23,24"
1931,"23,38"
1932,"0,271,265"
1933,"3,21,147"
1934,"220,221,10"
1935,"74,118,23"
1936,"199,169,170"
1937,"40,41,128"
1938,"3,21"
1939,"426,508,169"
1940,"43,24,23"
1941,"10,220,0"
1942,"0,271,265"
1943,"10,23,40"
1944,"31,23,145"
1945,"40,128,74"
1946,"40,145,74"
1947,"23,74,165"
1948,"220,221,10"
1949,"10,69,11"
1950,"23,38,74"
1951,"23,24,49"
1952,"199,169,170"
1953,"3,4"
1954,"220,10,221"
1955,"3,21,41"
1956,"64,10,93"
1957,"3,21,85"
1958,"3,21,53"
1959,"0,271,265"
1960,"169,0,199"
1961,"3,4,28"
1962,"10,220,221"
1963,"64,93,10"
1964,"169,296"
1965,"23,49,24"
1966,"10,11,44"
1967,"23,38,74"
1968,"93,64,10"
1969,"0,271,265"
1970,"38,23"
1971,"220,221,10"
1972,"10,220,221"
1973,"23,31,24"
1974,"220,221,10"
1975,"0,265,271"
1976,"0,255,271"
1977,"23,105,24"
1978,"0,271,265"
1979,"8,0,206"
1980,"24,43,23"
1981,"3,21,30"
1982,"10,64,65"
1983,"3,21,53"
1984,"8,0,235"
1985,"24,43,23"
1986,"0,216"
1987,"350,26,0"
1988,"40,131,226"
1989,"220,221,242"
1990,"3,21,4"
1991,"10,64,43"
1992,"3,21,111"
1993,"3,21,10"
1994,"3,21,111"
1995,"23,24,74"
1996,"426,508,169"
1997,"426,199,169"
1998,"169,170,199"
1999,"23,335,10"
2000,"0,8,265"
2001,"43,24,181"
2002,"3,21"
2003,"23,38"
2004,"3,21,17"
2005,"199,170,426"
2006,"74,23,40"
2007,"296,40,0"
2008,"10,90,64"
2009,"10,60,11"
2010,"199,170,311"
2011,"199,170,311"
2012,"10,64"
2013,"0,271,255"
2014,"0,265,271"
2015,"0,8,206"
2016,"199,170,169"
2017,"40,128,41"
2018,"23,24,74"
2019,"220,221,10"
2020,"199,170,169"
2021,"3,21"
2022,"3,21,5"
2023,"3,53,523"
2024,"40,128,3"
2025,"199,170,169"
2026,"3,21,85"
2027,"26,23,89"
2028,"0,216,8"
2029,"10,11,44"
2030,"131,40,134"
2031,"38,23,82"
2032,"199,170,311"
2033,"24,23,43"
2034,"40,41,42"
2035,"169,199,170"
2036,"23,38,26"
2037,"3,5,6"
2038,"3,21,17"
2039,"10,220"
2040,"170,199,169"
2041,"3,21"
2042,"199,170,169"
2043,"0,265"
2044,"0,8,216"
2045,"3,21,53"
2046,"44,145,11"
2047,"135,169,296"
2048,"11,10,44"
2049,"111,123,3"
2050,"10,44,11"
2051,"3,21,170"
2052,"3,21"
2053,"40,145,128"
2054,"32,31,23"
2055,"64,93,10"
2056,"169,170,199"
2057,"0,271,265"
2058,"40,3,145"
2059,"40,41"
2060,"31,23,32"
2061,"3,21"
2062,"3,21"
2063,"10,44"
2064,"43,24,23"
2065,"169,170,296"
2066,"10,508,31"
2067,"10,64,44"
2068,"4,3,19"
2069,"49,23,24"
2070,"10,64"
2071,"17,3,21"
2072,"3,21,30"
2073,"23,74,38"
2074,"3,21"
2075,"74,84,23"
2076,"31,23"
2077,"3,147,21"
2078,"170,169,199"
2079,"199,170,169"
2080,"0,199,170"
2081,"40,160,41"
2082,"26,23,38"
2083,"0,271,208"
2084,"169,199,170"
2085,"169,199,170"
2086,"259,431,135"
2087,"40,128,41"
2088,"3,17,85"
2089,"0,265,8"
2090,"350,26,23"
2091,"0,208"
2092,"3,5"
2093,"0,265,218"
2094,"32,31,23"
2095,"0,8"
2096,"0,216"
2097,"40,131"
2098,"10,64,60"
2099,"10,64"
2100,"38,23"
2101,"3,21,170"
2102,"111,112,3"
2103,"40,135,199"
2104,"64,10,90"
2105,"128,40,129"
2106,"38,23"
2107,"169,170,199"
2108,"3,21,147"
2109,"220,221,10"
2110,"169,426,170"
2111,"40,41"
2112,"0,8,271"
2113,"93,64,10"
2114,"23,137,38"
2115,"271,265,0"
2116,"3,147,156"
2117,"265,23,0"
2118,"10,44,11"
2119,"23,38"
2120,"44,10,145"
2121,"26,350"
2122,"40,131,184"
2123,"131,40,135"
2124,"43,64,93"
2125,"49,24,23"
2126,"10,11,44"
2127,"3,21,147"
2128,"0,8,216"
2129,"3,170,199"
2130,"10,44,11"
2131,"74,23,40"
2132,"64,93,10"
2133,"23,48,3"
2134,"64,93,10"
2135,"3,40,21"
2136,"271,0,265"
2137,"10,220,402"
2138,"40,41"
2139,"3,4"
2140,"21,3"
2141,"131,40,184"
2142,"23,0,38"
2143,"3,4,28"
2144,"24,49,23"
2145,"23,24"
2146,"169,296,0"
2147,"0,8,271"
2148,"220,10,221"
2149,"426,24,170"
2150,"23,38"
2151,"93,64,10"
2152,"3,21,28"
2153,"40,145,38"
2154,"0,8"
2155,"3,21"
2156,"23,62,44"
2157,"64,93,60"
2158,"40,23"
2159,"40,145"
2160,"38,23,82"
2161,"3,28,21"
2162,"220,10,221"
2163,"111,3,123"
2164,"23,74"
2165,"169,199,170"
2166,"220,221,10"
2167,"74,23,40"
2168,"40,131"
2169,"170,199,169"
2170,"0,23,26"
2171,"40,160,151"
2172,"3,21"
2173,"40,184"
2174,"3,21,13"
2175,"23,26,0"
2176,"48,38,21"
2177,"23,26"
2178,"23,24,38"
2179,"3,17,18"
2180,"43,24,23"
2181,"40,131,128"
2182,"23,24,38"
2183,"0,8,350"
2184,"0,8"
2185,"3,147,21"
2186,"3,21"
2187,"40,184,160"
2188,"23,24,43"
2189,"3,21,53"
2190,"3,21"
2191,"40,145"
2192,"44,11,10"
2193,"17,3,18"
2194,"3,53,426"
2195,"199,170,311"
2196,"0,271,265"
2197,"40,131"
2198,"220,242,221"
2199,"170,426,199"
2200,"40,3"
2201,"271,0,456"
2202,"64,10"
2203,"169,171,199"
2204,"49,23,24"
2205,"199,170,169"
2206,"3,21"
2207,"0,271,255"
2208,"0,8,313"
2209,"40,169,199"
2210,"74,23,118"
2211,"169,199,170"
2212,"3,147,21"
2213,"3,4,21"
2214,"23,38"
2215,"40,128"
2216,"3,21,53"
2217,"40,131,128"
2218,"220,221,242"
2219,"0,220,221"
2220,"220,221,10"
2221,"40,131,184"
2222,"31,23,60"
2223,"10,44,0"
2224,"38,23"
2225,"3,4"
2226,"3,21,40"
2227,"10,220,221"
2228,"0,8,206"
2229,"311,337,199"
2230,"93,64,10"
2231,"220,221,242"
2232,"23,38,74"
2233,"10,44,145"
2234,"10,44,11"
2235,"402,145,40"
2236,"220,221,10"
2237,"0,8"
2238,"220,221,242"
2239,"0,265,8"
2240,"3,4,21"
2241,"23,24,49"
2242,"3,4,5"
2243,"3,30,28"
2244,"64,10,93"
2245,"40,145,402"
2246,"40,21"
2247,"220,221,10"
2248,"24,43,23"
2249,"145,10,44"
2250,"40,130,128"
2251,"3,17,21"
2252,"3,147,30"
2253,"10,220,221"
2254,"21,3,48"
2255,"11,10,44"
2256,"18,17,168"
2257,"0,8,235"
2258,"0,255,271"
2259,"220,221,10"
2260,"38,23"
2261,"23,31,38"
2262,"10,11,220"
2263,"135,40"
2264,"0,271,216"
2265,"40,3"
2266,"169,199,426"
2267,"10,11,44"
2268,"0,216,211"
2269,"64,93,10"
2270,"3,21,4"
2271,"426,169,170"
2272,"40,135,199"
2273,"3,4"
2274,"3,21,17"
2275,"169,170,296"
2276,"145,44,10"
2277,"169,170,199"
2278,"3,21"
2279,"0,255"
2280,"216,0"
2281,"43,24,23"
2282,"169,170,199"
2283,"26,23,89"
2284,"296,169"
2285,"0,265,340"
2286,"3,5,21"
2287,"3,147,21"
2288,"3,17,21"
2289,"220,221,242"
2290,"3,28,21"
2291,"135,138,40"
2292,"3,21"
2293,"74,23,118"
2294,"0,271,265"
2295,"11,10"
2296,"220,221,242"
2297,"3,21"
2298,"220,221,242"
2299,"169,199,170"
2300,"0,265,271"
2301,"38,23,48"
2302,"23,74,38"
2303,"135,3,236"
2304,"199,170,3"
2305,"3,21,17"
2306,"0,265"
2307,"40,128,160"
2308,"350,26,0"
2309,"18,17,168"
2310,"10,24,44"
2311,"0,8"
2312,"3,21"
2313,"199,169,170"
2314,"10,220,221"
2315,"10,23"
2316,"23,26,38"
2317,"24,23,49"
2318,"220,10"
2319,"265,0,271"
2320,"3,30,4"
2321,"426,169"
2322,"23,26"
2323,"0,216"
2324,"169,296,199"
2325,"0,216,8"
2326,"0,216"
2327,"38,26,23"
2328,"10,145,220"
2329,"40,128,41"
2330,"32,31,23"
2331,"0,216"
2332,"169,426,23"
2333,"38,44,23"
2334,"23,0"
2335,"38,23,26"
2336,"40,160"
2337,"220,221,242"
2338,"3,4,21"
2339,"4,3,19"
2340,"23,74,24"
2341,"145,38,402"
2342,"3,21"
2343,"23,38,24"
2344,"431,135,40"
2345,"3,28,21"
2346,"74,23,118"
2347,"10,220,221"
2348,"3,21,17"
2349,"199,170,169"
2350,"64,10,90"
2351,"10,11,44"
2352,"3,21,53"
2353,"10,220,221"
2354,"0,265,8"
2355,"10,44,11"
2356,"21,3"
2357,"170,169,199"
2358,"169,199,170"
2359,"38,23,145"
2360,"0,265,8"
2361,"10,44,145"
2362,"199,169,170"
2363,"40,41,128"
2364,"40,21,3"
2365,"129,128"
2366,"220,10,221"
2367,"128,40"
2368,"74,165,23"
2369,"72,23,24"
2370,"3,21,30"
2371,"26,23,38"
2372,"31,32,23"
2373,"220,221,242"
2374,"220,10,221"
2375,"145,44,402"
2376,"3,21,53"
2377,"44,10"
2378,"3,21,15"
2379,"40,145"
2380,"0,271,255"
2381,"0,265"
2382,"21,3,40"
2383,"3,111,21"
2384,"10,64,93"
2385,"3,28,21"
2386,"40,131,128"
2387,"169,199,170"
2388,"44,145,11"
2389,"170,169,199"
2390,"3,21,85"
2391,"10,60,64"
2392,"171,169,170"
2393,"3,147,21"
2394,"10,69"
2395,"0,145,40"
2396,"220,10,221"
2397,"10,23,44"
2398,"169,199,170"
2399,"40,41"
2400,"220,10,25"
2401,"49,23,24"
2402,"3,21,53"
2403,"0,216"
2404,"3,21,5"
2405,"24,181,60"
2406,"40,3"
2407,"44,11,10"
2408,"24,23,43"
2409,"44,10,145"
2410,"24,23"
2411,"40,128"
2412,"3,21"
2413,"40,3,41"
2414,"10,11,44"
2415,"3,15"
2416,"74,118,23"
2417,"64,10,93"
2418,"38,23,264"
2419,"64,93,10"
2420,"21,3,199"
2421,"43,24,23"
2422,"3,21,17"
2423,"3,21"
2424,"4,3"
2425,"64,10"
2426,"3,21,111"
2427,"337,169,426"
2428,"74,118,23"
2429,"0,265,271"
2430,"23,38,26"
2431,"128,129,40"
2432,"0,271,216"
2433,"3,0,265"
2434,"3,21,147"
2435,"21,3,41"
2436,"199,426,311"
2437,"23,74,38"
2438,"169,170,199"
2439,"3,147,21"
2440,"10,44,145"
2441,"0,8,206"
2442,"93,64,10"
2443,"3,21,30"
2444,"131,40,241"
2445,"40,135"
2446,"24,23,43"
2447,"23,26,231"
2448,"40,131,145"
2449,"10,220,221"
2450,"3,21,34"
2451,"0,8,391"
2452,"40,128"
2453,"135,199,170"
2454,"3,21"
2455,"0,271,265"
2456,"128,40,129"
2457,"199,170,169"
2458,"23,93,3"
2459,"10,11,44"
2460,"170,3,199"
2461,"23,145,24"
2462,"3,85,5"
2463,"3,21"
2464,"10,64,93"
2465,"0,337,265"
2466,"402,40,24"
2467,"23,169,170"
2468,"220,221,10"
2469,"170,199,169"
2470,"64,10"
2471,"220,221,242"
2472,"128,130,40"
2473,"3,17,18"
2474,"40,131,128"
2475,"3,21,53"
2476,"3,21"
2477,"43,24,23"
2478,"199,170,426"
2479,"3,111,21"
2480,"32,31,23"
2481,"431,135,259"
2482,"10,64,90"
2483,"3,21,17"
2484,"24,23,49"
2485,"426,169,199"
2486,"0,216,211"
2487,"0,265"
2488,"508,31,426"
2489,"3,21,111"
2490,"17,3,21"
2491,"0,265"
2492,"0,271,265"
2493,"145,44,10"
2494,"0,216,211"
2495,"10,220"
2496,"40,128,41"
2497,"23,38,74"
2498,"40,131"
2499,"23,0,296"
2500,"170,199,169"
2501,"3,21"
2502,"0,23,38"
2503,"3,0,21"
2504,"40,131,145"
2505,"0,26,350"
2506,"40,128"
2507,"3,28,21"
2508,"169,426,170"
2509,"72,24,23"
2510,"43,24,23"
2511,"41,40,3"
2512,"0,271,265"
2513,"129,128,40"
2514,"64,10,93"
2515,"3,21"
2516,"145,24,44"
2517,"43,24,23"
2518,"10,145,220"
2519,"40,131,134"
2520,"23,10,38"
2521,"3,21"
2522,"3,28,21"
2523,"311,199,170"
2524,"10,145,60"
2525,"0,216"
2526,"43,24,23"
2527,"23,38"
2528,"145,216,38"
2529,"8,0,23"
2530,"220,221,10"
2531,"31,23"
2532,"0,8,206"
2533,"169,426,199"
2534,"0,313,8"
2535,"40,3,21"
2536,"3,28,21"
2537,"23,24,43"
2538,"3,21,40"
2539,"3,21,53"
2540,"10,11,44"
2541,"21,3"
2542,"23,26,38"
2543,"40,41,128"
2544,"0,271,255"
2545,"40,184,131"
2546,"0,24,265"
2547,"169,21,3"
2548,"370,23,0"
2549,"26,350,23"
2550,"199,170,169"
2551,"10,64"
2552,"135,138"
2553,"23,38"
2554,"10,44,11"
2555,"3,4"
2556,"10,64"
2557,"3,21"
2558,"170,199,169"
2559,"40,128,160"
2560,"0,10"
2561,"3,21,53"
2562,"3,265,0"
2563,"169,170,199"
2564,"40,184,186"
2565,"24,23,43"
2566,"40,128,131"
2567,"3,111"
2568,"265,218,255"
2569,"10,220,221"
2570,"0,271,255"
2571,"3,21,28"
2572,"60,239,64"
2573,"38,91,137"
2574,"3,40"
2575,"10,220,23"
2576,"3,53,111"
2577,"24,23,49"
2578,"41,21,3"
2579,"10,23,60"
2580,"38,10,82"
2581,"220,221,242"
2582,"0,8,265"
2583,"40,128,184"
2584,"3,23,21"
2585,"10,296"
2586,"40,24"
2587,"3,21"
2588,"3,21,53"
2589,"10,220,221"
2590,"3,21,53"
2591,"0,8"
2592,"40,41,128"
2593,"10,220,221"
2594,"3,5,4"
2595,"199,169,170"
2596,"23,31,169"
2597,"40,131,241"
2598,"40,128,184"
2599,"8,0,206"
2600,"23,40,74"
2601,"216,0,211"
2602,"40,131"
2603,"40,131,241"
2604,"17,3,18"
2605,"26,350"
2606,"0,271,218"
2607,"23,74,24"
2608,"26,23,350"
2609,"135,40,138"
2610,"43,24,23"
2611,"0,271"
2612,"49,24,23"
2613,"145,40"
2614,"23,38,74"
2615,"40,128,41"
2616,"43,24,23"
2617,"10,64,44"
2618,"0,8,271"
2619,"169,199,170"
2620,"40,48,21"
2621,"271,0,265"
2622,"181,60,23"
2623,"3,21,34"
2624,"3,111,53"
2625,"0,265,271"
2626,"40,131,184"
2627,"3,21"
2628,"137,145,40"
2629,"0,218,265"
2630,"426,508,402"
2631,"130,40,128"
2632,"3,21"
2633,"24,23,43"
2634,"3,21,40"
2635,"199,170,426"
2636,"38,370,23"
2637,"21,3,53"
2638,"3,4"
2639,"3,147,21"
2640,"23,24"
2641,"40,131,128"
2642,"40,145"
2643,"169,199,170"
2644,"111,128,3"
2645,"3,21,30"
2646,"169,170,199"
2647,"3,21"
2648,"0,26,23"
2649,"0,265,271"
2650,"23,40,74"
2651,"3,21,111"
2652,"64,10,65"
2653,"3,17,21"
2654,"131,40,134"
2655,"10,64,93"
2656,"131,40,226"
2657,"74,165,23"
2658,"10,64"
2659,"220,221,242"
2660,"4,3,19"
2661,"3,17,21"
2662,"3,21,111"
2663,"24,43,23"
2664,"169,199,170"
2665,"26,23,350"
2666,"3,4,53"
2667,"3,21,147"
2668,"3,111,275"
2669,"43,24,23"
2670,"10,31"
2671,"10,11,44"
2672,"3,5,6"
2673,"169,23,31"
2674,"10,44,11"
2675,"3,111"
2676,"40,131,184"
2677,"17,3,18"
2678,"3,21,111"
2679,"3,10,11"
2680,"0,265"
2681,"199,169,170"
2682,"350,26"
2683,"3,21"
2684,"0,216"
2685,"10,64,90"
2686,"3,4"
2687,"170,199,169"
2688,"17,18,21"
2689,"40,41,111"
2690,"40,128"
2691,"199,169,170"
2692,"131,40,184"
2693,"40,23"
2694,"3,199,170"
2695,"40,184,169"
2696,"23,74"
2697,"10,64"
2698,"138,135,236"
2699,"40,131,241"
2700,"40,184,186"
2701,"3,30,21"
2702,"10,220,221"
2703,"3,21,4"
2704,"40,41,135"
2705,"311,199,169"
2706,"24,23,145"
2707,"199,170,311"
2708,"206,0,229"
2709,"169,170,199"
2710,"3,111,21"
2711,"23,38,21"
2712,"426,199,311"
2713,"10,64,65"
2714,"3,10,40"
2715,"169,170,199"
2716,"0,8"
2717,"3,21,53"
2718,"296,169"
2719,"311,199,426"
2720,"40,145"
2721,"23,38"
2722,"0,271,255"
2723,"170,199,169"
2724,"24,23,49"
2725,"271,0,456"
2726,"3,21"
2727,"24,43,23"
2728,"220,221,10"
2729,"426,311,169"
2730,"131,40,184"
2731,"3,21,30"
2732,"23,74,24"
2733,"40,145"
2734,"64,10,93"
2735,"10,44,145"
2736,"10,44,11"
2737,"3,21,17"
2738,"170,169,199"
2739,"10,220,221"
2740,"40,128,199"
2741,"145,40,402"
2742,"40,41,74"
2743,"23,74,118"
2744,"3,21,53"
2745,"23,24"
2746,"10,64,90"
2747,"40,184,160"
2748,"131,40,184"
2749,"32,31,23"
2750,"23,38,24"
2751,"40,128,135"
2752,"111,3,123"
2753,"3,21"
2754,"24,23,43"
2755,"10,64,93"
2756,"0,271,255"
2757,"23,74,38"
2758,"220,10,221"
2759,"220,221,10"
2760,"3,21,111"
2761,"0,8,206"
2762,"23,74,118"
2763,"220,10,221"
2764,"3,21"
2765,"0,265,271"
2766,"40,128,41"
2767,"40,28,3"
2768,"40,160"
2769,"40,160,41"
2770,"169,170,199"
2771,"10,60,64"
2772,"131,40,134"
2773,"24,10,23"
2774,"3,21,53"
2775,"10,11"
2776,"40,128,38"
2777,"4,3,375"
2778,"0,265,1"
2779,"23,26,0"
2780,"3,170,21"
2781,"0,8"
2782,"0,271"
2783,"44,23,10"
2784,"17,18,3"
2785,"10,220,221"
2786,"24,49,23"
2787,"74,23,118"
2788,"426,199,170"
2789,"74,23,175"
2790,"131,40,241"
2791,"131,40,184"
2792,"23,111,74"
2793,"426,169,311"
2794,"3,21,53"
2795,"41,40"
2796,"128,40,131"
2797,"0,271"
2798,"3,21"
2799,"0,10"
2800,"128,129,40"
2801,"426,169,199"
2802,"10,64"
2803,"40,131"
2804,"26,23"
2805,"23,49,24"
2806,"40,128"
2807,"3,21"
2808,"145,10,44"
2809,"64,10"
2810,"0,8,206"
2811,"3,4,21"
2812,"0,8,271"
2813,"93,64,10"
2814,"21,3"
2815,"3,23,21"
2816,"169,426,170"
2817,"23,105,24"
2818,"18,17,168"
2819,"170,199,169"
2820,"3,21,13"
2821,"3,4,111"
2822,"23,31,32"
2823,"169,296"
2824,"199,170,311"
2825,"60,64,93"
2826,"3,21,53"
2827,"0,128,40"
2828,"23,38,74"
2829,"0,8"
2830,"111,123,40"
2831,"40,128,130"
2832,"26,38,89"
2833,"40,129,128"
2834,"169,199,170"
2835,"3,21"
2836,"23,74,118"
2837,"10,44,11"
2838,"169,426,170"
2839,"171,169,170"
2840,"3,21"
2841,"131,40,134"
2842,"10,44,11"
2843,"3,170,21"
2844,"3,4,111"
2845,"3,21,4"
2846,"93,64,10"
2847,"18,17,168"
2848,"0,216,8"
2849,"10,220,221"
2850,"296,169"
2851,"17,3,18"
2852,"74,303,23"
2853,"40,135,138"
2854,"40,184,128"
2855,"3,21"
2856,"3,21,53"
2857,"23,24,105"
2858,"0,23,265"
2859,"40,131,128"
2860,"169,199,3"
2861,"23,26,89"
2862,"3,21,17"
2863,"3,21"
2864,"4,3,19"
2865,"40,131"
2866,"38,48,23"
2867,"3,4"
2868,"199,170,169"
2869,"23,105"
2870,"0,271,218"
2871,"131,40,184"
2872,"64,93,10"
2873,"0,216"
2874,"135,138,40"
2875,"0,8,313"
2876,"40,131,128"
2877,"24,10,43"
2878,"0,8"
2879,"3,4"
2880,"0,271,265"
2881,"24,43,23"
2882,"199,169,170"
2883,"4,3,375"
2884,"0,218,265"
2885,"10,220,221"
2886,"4,3,19"
2887,"271,456,429"
2888,"23,24,131"
2889,"44,11,145"
2890,"10,220,145"
2891,"40,21,3"
2892,"3,21,147"
2893,"23,74,26"
2894,"74,23,303"
2895,"23,24,49"
2896,"265,0,271"
2897,"64,93,10"
2898,"3,13,5"
2899,"74,165,23"
2900,"131,40,226"
2901,"3,15,53"
2902,"145,38,44"
2903,"0,265"
2904,"0,11,10"
2905,"3,17"
2906,"8,0,206"
2907,"21,3"
2908,"3,147"
2909,"69,23,62"
2910,"38,23,131"
2911,"23,38,26"
2912,"169,296,199"
2913,"129,40,128"
2914,"0,23,26"
2915,"31,23,24"
2916,"0,271,265"
2917,"220,10,221"
2918,"169,426,170"
2919,"0,271,265"
2920,"64,10,93"
2921,"131,40,184"
2922,"3,147,85"
2923,"40,128,160"
2924,"169,40,199"
2925,"311,199,170"
2926,"3,21,5"
2927,"199,169,170"
2928,"40,160,128"
2929,"10,145,24"
2930,"129,128,40"
2931,"24,23,43"
2932,"38,23"
2933,"3,21"
2934,"145,10,23"
2935,"3,4,28"
2936,"3,21"
2937,"3,4,111"
2938,"10,64,93"
2939,"3,21,30"
2940,"10,44,145"
2941,"3,21,4"
2942,"40,135"
2943,"24,43,23"
2944,"40,41,135"
2945,"40,74,38"
2946,"10,11,44"
2947,"303,74,165"
2948,"26,23"
2949,"40,184,128"
2950,"3,147,4"
2951,"170,169,199"
2952,"169,170,199"
2953,"40,386,135"
2954,"24,23"
2955,"23,60,24"
2956,"3,21,53"
2957,"11,10,44"
2958,"40,3,10"
2959,"265,0"
2960,"3,4,111"
2961,"60,64,93"
2962,"169,170,199"
2963,"23,24,49"
2964,"0,271,265"
2965,"31,23,508"
2966,"131,40,184"
2967,"10,64,90"
2968,"24,23,49"
2969,"23,24,49"
2970,"128,40,129"
2971,"0,208,265"
2972,"23,38"
2973,"0,8,206"
2974,"3,21"
2975,"3,21,53"
2976,"41,3,42"
2977,"64,93,10"
2978,"3,21,147"
2979,"40,128"
2980,"220,10,221"
2981,"402,145,40"
2982,"40,41,145"
2983,"10,44"
2984,"23,40"
2985,"128,0"
2986,"44,10,145"
2987,"40,135,160"
2988,"23,38,26"
2989,"0,10,24"
2990,"3,21"
2991,"44,11,10"
2992,"31,32,23"
2993,"10,44,145"
2994,"43,24,23"
2995,"10,220,221"
2996,"3,21"
2997,"40,41"
2998,"93,23,64"
2999,"40,131,128"
3000,"23,24,38"
3001,"3,21"
3002,"10,44,11"
3003,"23,26"
3004,"169,296,306"
3005,"3,4"
3006,"216,23,370"
3007,"135,40,138"
3008,"23,31,32"
3009,"40,41,128"
3010,"3,21"
3011,"44,10,11"
3012,"21,170,3"
3013,"64,10"
3014,"0,271,265"
3015,"3,40,13"
3016,"23,38"
3017,"508,426,169"
3018,"23,61,181"
3019,"38,23,24"
3020,"3,21,17"
3021,"3,13,5"
3022,"145,40,402"
3023,"10,145,44"
3024,"3,4,21"
3025,"130,128,40"
3026,"32,31,23"
3027,"10,64"
3028,"169,426,170"
3029,"3,13"
3030,"0,216,211"
3031,"426,169"
3032,"3,111,21"
3033,"271,0,265"
3034,"23,38,24"
3035,"8,0,235"
3036,"3,4,21"
3037,"3,53,111"
3038,"170,21,199"
3039,"31,23,0"
3040,"26,89,23"
3041,"40,184,131"
3042,"3,170,169"
3043,"170,199,169"
3044,"17,18,3"
3045,"3,40,111"
3046,"23,24,38"
3047,"3,21,147"
3048,"21,3"
3049,"3,4,21"
3050,"40,160,151"
3051,"23,24"
3052,"0,271,255"
3053,"23,38"
3054,"3,111,21"
3055,"129,128,40"
3056,"296,169"
3057,"10,64,216"
3058,"3,111"
3059,"24,43,23"
3060,"145,44,10"
3061,"0,265"
3062,"111,3"
3063,"23,24,38"
3064,"23,145,10"
3065,"169,426,199"
3066,"23,105"
3067,"23,26,38"
3068,"8,206,0"
3069,"23,74"
3070,"0,216,271"
3071,"40,38,23"
3072,"43,24"
3073,"426,169,508"
3074,"169,170,339"
3075,"40,17,3"
3076,"4,3,19"
3077,"3,199,21"
3078,"3,53,21"
3079,"23,8,0"
3080,"60,64,10"
3081,"82,38,23"
3082,"11,10,44"
3083,"23,31,32"
3084,"93,64,10"
3085,"3,21,17"
3086,"135,138,40"
3087,"3,21"
3088,"10,11,44"
3089,"23,38"
3090,"3,4"
3091,"10,11,44"
3092,"145,402,40"
3093,"32,31,23"
3094,"23,38,26"
3095,"40,128,184"
3096,"40,145,128"
3097,"0,350,26"
3098,"0,271,265"
3099,"23,26,38"
3100,"3,21,17"
3101,"41,40"
3102,"23,38"
3103,"40,160,41"
3104,"40,128,129"
3105,"64,93,10"
3106,"181,23,61"
3107,"199,170,169"
3108,"3,53,111"
3109,"199,169,170"
3110,"3,21,40"
3111,"10,220,44"
3112,"199,170,169"
3113,"3,30,28"
3114,"3,21"
3115,"131,23,31"
3116,"4,3,19"
3117,"40,131"
3118,"3,30"
3119,"40,128,131"
3120,"23,38"
3121,"64,10,65"
3122,"23,26,89"
3123,"169,199,170"
3124,"10,220,402"
3125,"311,199,426"
3126,"10,64,220"
3127,"3,53,4"
3128,"10,44,64"
3129,"3,4,5"
3130,"10,44,11"
3131,"3,21,53"
3132,"21,3"
3133,"199,170,311"
3134,"3,4,28"
3135,"3,147,21"
3136,"38,145,264"
3137,"111,112,3"
3138,"3,21"
3139,"3,17,21"
3140,"3,21"
3141,"3,160,40"
3142,"3,4,30"
3143,"24,40,23"
3144,"0,271,8"
3145,"38,71,23"
3146,"10,64"
3147,"3,21"
3148,"23,38,74"
3149,"3,21"
3150,"3,17,21"
3151,"23,74"
3152,"40,131,184"
3153,"3,17,21"
3154,"40,128,160"
3155,"3,53,523"
3156,"23,3"
3157,"220,221,10"
3158,"0,8,206"
3159,"43,24,23"
3160,"199,170,169"
3161,"4,3,19"
3162,"38,23,48"
3163,"40,41,160"
3164,"44,10,11"
3165,"426,169,170"
3166,"8,206,0"
3167,"199,170,311"
3168,"3,21"
3169,"170,3,21"
3170,"3,111,21"
3171,"431,135,40"
3172,"38,23"
3173,"131,40,134"
3174,"426,169,508"
3175,"265,0,23"
3176,"0,8,218"
3177,"23,26,38"
3178,"23,74,38"
3179,"350,26"
3180,"44,11,10"
3181,"4,19,7"
3182,"21,187,3"
3183,"43,24,23"
3184,"3,147,156"
3185,"40,128,160"
3186,"31,23"
3187,"220,221,242"
3188,"23,24,43"
3189,"72,44,10"
3190,"135,431,199"
3191,"199,169,170"
3192,"24,43,23"
3193,"199,170,169"
3194,"128,40,131"
3195,"135,147,156"
3196,"169,199,296"
3197,"0,8,235"
3198,"23,31,24"
3199,"93,64,60"
3200,"74,23,303"
3201,"169,296,426"
3202,"0,169,199"
3203,"40,128,130"
3204,"10,11,44"
3205,"40,160,41"
3206,"21,41,40"
3207,"199,170,131"
3208,"40,131,184"
3209,"3,40,41"
3210,"3,53,21"
3211,"10,11,265"
3212,"38,23,128"
3213,"40,128,184"
3214,"426,169,170"
3215,"21,3,311"
3216,"10,64"
3217,"23,38,26"
3218,"40,128,145"
3219,"17,18,3"
3220,"169,199,170"
3221,"128,175,162"
3222,"0,8,216"
3223,"0,8,271"
3224,"38,137,23"
3225,"3,21,40"
3226,"38,82,23"
3227,"26,231,23"
3228,"128,169"
3229,"0,8,216"
3230,"0,8,271"
3231,"135,431,199"
3232,"43,24,23"
3233,"23,10,44"
3234,"23,24,31"
3235,"3,21,199"
3236,"40,131,128"
3237,"23,38"
3238,"220,221,242"
3239,"40,135"
3240,"24,265,10"
3241,"3,21,53"
3242,"60,10"
3243,"426,169,170"
3244,"145,40"
3245,"64,10,65"
3246,"40,184,23"
3247,"10,44,11"
3248,"10,220,11"
3249,"23,24,38"
3250,"64,10,93"
3251,"41,21,42"
3252,"3,21,4"
3253,"40,145,146"
3254,"3,21"
3255,"0,271,255"
3256,"271,265,0"
3257,"271,0,265"
3258,"3,4,21"
3259,"3,21,53"
3260,"3,111,53"
3261,"220,10,221"
3262,"10,64"
3263,"169,23,3"
3264,"23,74,38"
3265,"64,93,65"
3266,"40,41,3"
3267,"0,271,265"
3268,"0,271,218"
3269,"216,145,0"
3270,"145,40,38"
3271,"74,23,118"
3272,"0,271,366"
3273,"40,131,23"
3274,"3,21"
3275,"40,184,160"
3276,"10,44"
3277,"32,31,23"
3278,"169,170,199"
3279,"21,426,3"
3280,"169,170,199"
3281,"3,21"
3282,"3,21"
3283,"40,131"
3284,"426,169,23"
3285,"3,147,21"
3286,"0,8,23"
3287,"0,211,216"
3288,"5,3,6"
3289,"128,40"
3290,"3,17,21"
3291,"10,23"
3292,"170,199,169"
3293,"3,4,139"
3294,"3,21"
3295,"160,40,302"
3296,"3,21,41"
3297,"220,221,242"
3298,"3,4"
3299,"21,3"
3300,"3,15,17"
3301,"23,38"
3302,"145,40"
3303,"64,23,24"
3304,"170,199,169"
3305,"0,255,218"
3306,"216,0,370"
3307,"220,10,221"
3308,"0,271,216"
3309,"10,23"
3310,"26,0,350"
3311,"145,10,44"
3312,"3,21"
3313,"64,10,65"
3314,"40,3,128"
3315,"49,24,23"
3316,"265,0,271"
3317,"0,271,265"
3318,"3,21,17"
3319,"0,265"
3320,"3,28,30"
3321,"169,199,170"
3322,"145,23,10"
3323,"40,169,128"
3324,"3,21,4"
3325,"3,5"
3326,"23,32,31"
3327,"23,38"
3328,"10,220,221"
3329,"3,5,4"
3330,"21,3,41"
3331,"10,3,44"
3332,"0,265,8"
3333,"3,21"
3334,"169,199,426"
3335,"145,208,10"
3336,"3,21,15"
3337,"17,3,18"
3338,"199,170,337"
3339,"0,271,366"
3340,"23,31,402"
3341,"49,24,23"
3342,"3,21"
3343,"170,199,3"
3344,"426,199,311"
3345,"220,10,221"
3346,"26,23,216"
3347,"3,21"
3348,"0,8,265"
3349,"220,221,242"
3350,"170,169,199"
3351,"0,216,8"
3352,"38,309,10"
3353,"40,184,128"
3354,"128,40,129"
3355,"3,4,111"
3356,"40,131,162"
3357,"17,3,18"
3358,"160,40,41"
3359,"26,23,89"
3360,"0,255,271"
3361,"145,40,44"
3362,"3,4"
3363,"128,129,40"
3364,"40,128,129"
3365,"3,21,17"
3366,"40,128"
3367,"40,131,226"
3368,"0,8,23"
3369,"0,271,8"
3370,"0,271,218"
3371,"3,17,21"
3372,"3,21,111"
3373,"10,44,24"
3374,"128,40,129"
3375,"181,64,60"
3376,"10,44,11"
3377,"23,40"
3378,"169,199,170"
3379,"23,40,131"
3380,"129,128,40"
3381,"0,265,8"
3382,"23,74,38"
3383,"64,10,93"
3384,"3,10,17"
3385,"23,38,74"
3386,"40,128"
3387,"171,169,199"
3388,"0,216,211"
3389,"3,5,13"
3390,"40,41,160"
3391,"23,38"
3392,"11,44,10"
3393,"40,128"
3394,"3,53"
3395,"3,21,10"
3396,"10,145,40"
3397,"10,44,11"
3398,"74,23"
3399,"23,128,26"
3400,"44,10,11"
3401,"3,21,4"
3402,"23,24,43"
3403,"26,89,0"
3404,"64,93,10"
3405,"145,402,40"
3406,"170,426,199"
3407,"3,21,30"
3408,"43,24,23"
3409,"23,24,49"
3410,"131,241,40"
3411,"169,426,199"
3412,"26,23,350"
3413,"10,64"
3414,"24,23,49"
3415,"24,43,23"
3416,"38,23,71"
3417,"145,40"
3418,"31,23,24"
3419,"128,23,74"
3420,"0,265"
3421,"10,64"
3422,"49,24,23"
3423,"40,128,184"
3424,"0,8,206"
3425,"31,23"
3426,"0,265,271"
3427,"0,255,271"
3428,"3,21,30"
3429,"145,10,40"
3430,"3,5,21"
3431,"426,169,170"
3432,"135,189,40"
3433,"40,131,128"
3434,"26,350,23"
3435,"28,3,190"
3436,"8,0"
3437,"23,60"
3438,"24,43,23"
3439,"40,131,184"
3440,"40,131,184"
3441,"38,23,44"
3442,"0,265,8"
3443,"199,170,311"
3444,"131,23,184"
3445,"17,3,18"
3446,"40,160,128"
3447,"38,23"
3448,"40,41,128"
3449,"3,21,53"
3450,"0,8,206"
3451,"170,169,199"
3452,"0,218,350"
3453,"3,21,4"
3454,"3,21"
3455,"271,0,265"
3456,"3,4,21"
3457,"3,21,111"
3458,"199,169,170"
3459,"49,24,23"
3460,"131,40,134"
3461,"26,23,231"
3462,"40,131"
3463,"3,21"
3464,"350,26,23"
3465,"40,128"
3466,"10,24,44"
3467,"3,28,4"
3468,"3,4"
3469,"3,21"
3470,"3,21,147"
3471,"0,216,8"
3472,"4,19,7"
3473,"145,402"
3474,"10,64"
3475,"11,10,44"
3476,"199,170,311"
3477,"3,21,5"
3478,"38,23"
3479,"10,11,44"
3480,"231,26,23"
3481,"38,23,74"
3482,"3,21,147"
3483,"170,199,169"
3484,"4,3"
3485,"3,21"
3486,"3,17,21"
3487,"199,170,169"
3488,"169,170,199"
3489,"3,21,147"
3490,"23,38"
3491,"31,23,32"
3492,"3,40,131"
3493,"128,40,129"
3494,"3,21"
3495,"89,26,23"
3496,"199,169,170"
3497,"43,24,23"
3498,"199,170,311"
3499,"0,8"
3500,"223,311,337"
3501,"3,21"
3502,"40,135"
3503,"145,44,10"
3504,"199,169,170"
3505,"3,17,21"
3506,"11,44,10"
3507,"74,23,118"
3508,"220,242,221"
3509,"0,8,206"
3510,"0,271,265"
3511,"10,3,64"
3512,"23,74,26"
3513,"49,31,23"
3514,"41,3,21"
3515,"43,24,23"
3516,"199,169,170"
3517,"10,44,3"
3518,"160,40,151"
3519,"10,44,145"
3520,"3,21"
3521,"23,44,10"
3522,"145,40"
3523,"40,135,184"
3524,"3,147,21"
3525,"10,23,38"
3526,"169,296"
3527,"3,147,85"
3528,"3,21"
3529,"40,41,128"
3530,"3,111,21"
3531,"220,221,10"
3532,"74,128,175"
3533,"24,23,43"
3534,"3,30,28"
3535,"199,170,311"
3536,"3,21,28"
3537,"3,21,53"
3538,"3,21,30"
3539,"3,85,5"
3540,"23,26,38"
3541,"49,24,23"
3542,"0,265,418"
3543,"3,53,21"
3544,"40,131,226"
3545,"26,23,89"
3546,"8,206,0"
3547,"23,40,24"
3548,"220,10,221"
3549,"40,128,271"
3550,"32,31,23"
3551,"145,0,402"
3552,"0,271,265"
3553,"169,170,199"
3554,"3,21,13"
3555,"0,271"
3556,"3,17"
3557,"40,41,128"
3558,"118,74,23"
3559,"4,3"
3560,"169,199,170"
3561,"3,21"
3562,"3,4"
3563,"40,41,128"
3564,"64,93,10"
3565,"3,17,18"
3566,"3,40,21"
3567,"31,23"
3568,"3,21"
3569,"311,170,199"
3570,"40,128,131"
3571,"23,38,74"
3572,"10,64"
3573,"199,170,169"
3574,"3,28,30"
3575,"10,44,11"
3576,"23,40,128"
3577,"220,10,221"
3578,"23,24,10"
3579,"128,40,186"
3580,"10,64,448"
3581,"271,0,265"
3582,"44,10,38"
3583,"32,31,23"
3584,"169,170,129"
3585,"3,21"
3586,"23,24,43"
3587,"3,21"
3588,"40,135"
3589,"23,26,38"
3590,"220,10,221"
3591,"0,8,265"
3592,"32,31,23"
3593,"23,26,38"
3594,"38,23"
3595,"23,24,43"
3596,"296,169,0"
3597,"32,31,23"
3598,"3,4,40"
3599,"131,241,40"
3600,"17,3,18"
3601,"23,74,3"
3602,"3,111,21"
3603,"3,21,111"
3604,"3,21,53"
3605,"265,0"
3606,"0,271,265"
3607,"3,21,30"
3608,"49,24,23"
3609,"3,21"
3610,"3,21,30"
3611,"3,13,21"
3612,"38,26,23"
3613,"184,131,40"
3614,"3,21,111"
3615,"0,8,271"
3616,"10,64,90"
3617,"145,40"
3618,"169,199,170"
3619,"3,21"
3620,"0,271,265"
3621,"169,170,199"
3622,"10,23,145"
3623,"3,4,21"
3624,"3,13,28"
3625,"10,220,221"
3626,"23,31"
3627,"402,40,145"
3628,"131,40,184"
3629,"3,21"
3630,"23,38"
3631,"64,93,10"
3632,"23,38,26"
3633,"40,135,169"
3634,"26,23,89"
3635,"3,4,111"
3636,"10,44"
3637,"40,128"
3638,"3,17,21"
3639,"64,10,93"
3640,"44,10,11"
3641,"3,53,21"
3642,"10,145,44"
3643,"131,40,184"
3644,"40,111,184"
3645,"3,21"
3646,"10,44,11"
3647,"3,0,265"
3648,"169,337,339"
3649,"23,38,74"
3650,"170,169,199"
3651,"3,4,111"
3652,"23,10,24"
3653,"169,23,426"
3654,"118,74,23"
3655,"3,21"
3656,"145,44,38"
3657,"10,44"
3658,"3,21,147"
3659,"0,216,8"
3660,"199,170,311"
3661,"10,44,145"
3662,"0,271,265"
3663,"3,21"
3664,"402,145"
3665,"93,64,10"
3666,"23,26,0"
3667,"10,11,44"
3668,"3,21,28"
3669,"40,128,131"
3670,"10,145,23"
3671,"24,23,64"
3672,"3,21"
3673,"3,4"
3674,"145,44,10"
3675,"40,184,128"
3676,"74,165,303"
3677,"3,13,21"
3678,"0,265,350"
3679,"271,0,265"
3680,"40,131,128"
3681,"3,21,5"
3682,"169,199,170"
3683,"3,21,34"
3684,"3,21"
3685,"3,21,30"
3686,"40,41"
3687,"350,26"
3688,"40,241,131"
3689,"131,40,134"
3690,"41,21,170"
3691,"169,426,170"
3692,"38,23"
3693,"135,40,138"
3694,"48,38,21"
3695,"10,44,145"
3696,"44,145,11"
3697,"21,3"
3698,"3,21"
3699,"3,21,53"
3700,"426,199,170"
3701,"21,3,40"
3702,"170,199,311"
3703,"111,3,40"
3704,"31,32,23"
3705,"199,170,169"
3706,"40,3,111"
3707,"40,160,315"
3708,"24,49,23"
3709,"3,21,147"
3710,"3,4"
3711,"10,220,221"
3712,"3,30,21"
3713,"23,10"
3714,"64,10,90"
3715,"220,221,10"
3716,"0,271,265"
3717,"220,221,10"
3718,"38,23"
3719,"44,10,145"
3720,"3,21,28"
3721,"10,64"
3722,"23,38,24"
3723,"3,21,147"
3724,"31,32,23"
3725,"3,4,111"
3726,"3,4"
3727,"26,23"
3728,"26,23"
3729,"38,23,82"
3730,"23,74,38"
3731,"3,21,53"
3732,"0,8"
3733,"10,44,11"
3734,"23,38"
3735,"220,221,10"
3736,"199,170,311"
3737,"26,23,89"
3738,"23,74,38"
3739,"3,21"
3740,"24,43,10"
3741,"8,0,235"
3742,"23,38,0"
3743,"23,24,38"
3744,"216,0,1"
3745,"255,218,0"
3746,"220,10,221"
3747,"4,3,19"
3748,"38,23,74"
3749,"38,23,145"
3750,"3,17,21"
3751,"40,145,131"
3752,"8,206,0"
3753,"111,3,123"
3754,"26,23,38"
3755,"169,170,199"
3756,"3,21,53"
3757,"10,40,145"
3758,"145,40"
3759,"23,38,82"
3760,"23,105,24"
3761,"64,90,10"
3762,"60,10,24"
3763,"23,24,49"
3764,"426,169"
3765,"40,74,23"
3766,"23,38,74"
3767,"220,221,242"
3768,"23,3"
3769,"426,508,169"
3770,"169,199,135"
3771,"3,21,53"
3772,"350,26"
3773,"3,21"
3774,"0,265,23"
3775,"0,265,271"
3776,"23,24"
3777,"40,131,128"
3778,"4,3,5"
3779,"40,184"
3780,"3,4,21"
3781,"3,35,41"
3782,"184,185,40"
3783,"40,131,128"
3784,"3,17"
3785,"10,145,169"
3786,"170,199,169"
3787,"169,199,170"
3788,"8,0,206"
3789,"3,111,53"
3790,"3,21"
3791,"0,271,8"
3792,"0,8"
3793,"10,64"
3794,"10,64"
3795,"40,131,145"
3796,"220,221,10"
3797,"3,111,21"
3798,"169,296"
3799,"23,26,89"
3800,"426,311,199"
3801,"21,3,34"
3802,"40,145"
3803,"0,145"
3804,"44,11,10"
3805,"26,89,23"
3806,"145,40,44"
3807,"44,11,69"
3808,"131,40,184"
3809,"3,0,21"
3810,"128,40,137"
3811,"145,402,40"
3812,"3,28,21"
3813,"40,131"
3814,"89,26,23"
3815,"40,135"
3816,"3,21"
3817,"10,145,0"
3818,"4,3"
3819,"3,74,21"
3820,"38,23,145"
3821,"0,271,255"
3822,"23,26,89"
3823,"3,40,111"
3824,"220,221,10"
3825,"3,21,17"
3826,"24,145,38"
3827,"23,38"
3828,"3,4"
3829,"38,82,23"
3830,"0,265,271"
3831,"60,23"
3832,"10,44,23"
3833,"128,129,40"
3834,"3,21,147"
3835,"220,221,10"
3836,"0,271,265"
3837,"4,375,3"
3838,"0,8,218"
3839,"220,10,221"
3840,"271,456,0"
3841,"145,40,402"
3842,"24,43,23"
3843,"17,18,3"
3844,"8,0,206"
3845,"21,3,41"
3846,"10,220,221"
3847,"171,199,170"
3848,"11,10,44"
3849,"40,145,131"
3850,"3,21,28"
3851,"10,44,145"
3852,"40,145,128"
3853,"431,135,40"
3854,"0,271,265"
3855,"23,24,31"
3856,"169,170,199"
3857,"3,21,15"
3858,"3,147,21"
3859,"3,21,85"
3860,"41,42,40"
3861,"64,93,10"
3862,"3,21,17"
3863,"160,40,315"
3864,"170,199,311"
3865,"10,220"
3866,"131,23"
3867,"169,426,199"
3868,"49,23,24"
3869,"0,271,265"
3870,"23,74,38"
3871,"10,44,11"
3872,"169,199,170"
3873,"129,128,40"
3874,"426,169,170"
3875,"38,82,23"
3876,"0,271,265"
3877,"3,21"
3878,"3,21,34"
3879,"8,0,235"
3880,"10,11,12"
3881,"137,74"
3882,"3,4,30"
3883,"145,40,44"
3884,"0,265,271"
3885,"3,21"
3886,"0,8,206"
3887,"23,31,32"
3888,"3,17,15"
3889,"199,170,169"
3890,"10,11,44"
3891,"23,24"
3892,"208,0"
3893,"3,4"
3894,"3,21,147"
3895,"3,4,40"
3896,"3,21,28"
3897,"199,169,170"
3898,"38,23,82"
3899,"23,26,231"
3900,"41,40,128"
3901,"169,337,3"
3902,"38,23"
3903,"296,169,0"
3904,"74,23,84"
3905,"23,26"
3906,"0,216,271"
3907,"8,0,235"
3908,"23,38,26"
3909,"169,170,199"
3910,"44,145,10"
3911,"40,3"
3912,"111,3,123"
3913,"93,64,10"
3914,"220,10,221"
3915,"74,303,23"
3916,"199,170,181"
3917,"3,21"
3918,"402,145"
3919,"131,184,368"
3920,"111,112,3"
3921,"10,11,44"
3922,"0,24,265"
3923,"40,184"
3924,"43,24,23"
3925,"23,49,31"
3926,"23,24,31"
3927,"23,24,31"
3928,"3,40,21"
3929,"169,170,199"
3930,"3,5,30"
3931,"10,11,44"
3932,"10,64"
3933,"220,221,10"
3934,"40,41,160"
3935,"0,271,216"
3936,"3,21"
3937,"24,49,23"
3938,"10,64,44"
3939,"40,135,138"
3940,"40,145,402"
3941,"23,24,43"
3942,"0,265"
3943,"145,40"
3944,"0,271,265"
3945,"169,199,170"
3946,"44,145,10"
3947,"64,10"
3948,"23,24,74"
3949,"72,44,10"
3950,"0,26,8"
3951,"3,21,53"
3952,"40,10,23"
3953,"10,11,44"
3954,"145,44,10"
3955,"10,23,44"
3956,"3,13,5"
3957,"0,8,265"
3958,"40,131,134"
3959,"131,40,241"
3960,"24,23"
3961,"38,23"
3962,"3,21"
3963,"0,265"
3964,"40,145,31"
3965,"23,74,38"
3966,"0,8"
3967,"220,221,10"
3968,"23,38"
3969,"0,8"
3970,"3,21"
3971,"24,49,23"
3972,"3,111,21"
3973,"3,21,53"
3974,"8,0,206"
3975,"271,456,0"
3976,"4,3,19"
3977,"3,111,53"
3978,"23,31,3"
3979,"0,271"
3980,"10,64,11"
3981,"10,11,44"
3982,"0,8,216"
3983,"8,0,235"
3984,"0,271,265"
3985,"169,337,339"
3986,"40,145"
3987,"264,145,38"
3988,"40,131,184"
3989,"21,40,3"
3990,"38,23,74"
3991,"40,41,128"
3992,"40,128,129"
3993,"0,218,271"
3994,"40,145,402"
3995,"10,220,221"
3996,"38,23,137"
3997,"4,375,3"
3998,"3,21,147"
3999,"169,199,170"
4000,"0,128,23"
4001,"271,0,456"
4002,"111,3"
4003,"3,30"
4004,"3,4"
4005,"135,40,431"
4006,"169,170,199"
4007,"40,184"
4008,"0,82,38"
4009,"10,23"
4010,"23,24,74"
4011,"23,74,38"
4012,"64,10"
4013,"3,170,21"
4014,"3,17,21"
4015,"3,5,21"
4016,"64,93,10"
4017,"8,0,206"
4018,"169,296,199"
4019,"3,30,4"
4020,"426,170,169"
4021,"0,8,206"
4022,"43,24,23"
4023,"23,26,38"
4024,"3,21"
4025,"21,3"
4026,"3,4,30"
4027,"3,21,53"
4028,"10,23"
4029,"40,199,170"
4030,"169,170,199"
4031,"3,21"
4032,"0,265"
4033,"24,23"
4034,"3,4"
4035,"38,23"
4036,"3,4"
4037,"23,105,3"
4038,"0,10,8"
4039,"3,21,5"
4040,"145,44,10"
4041,"3,13,21"
4042,"3,135,40"
4043,"131,23,241"
4044,"3,21"
4045,"10,44,11"
4046,"0,265,8"
4047,"3,21,53"
4048,"0,271"
4049,"0,8,216"
4050,"0,8,265"
4051,"31,402,145"
4052,"41,40,42"
4053,"170,169,199"
4054,"0,8,235"
4055,"145,402,40"
4056,"40,128"
4057,"23,31,24"
4058,"38,137"
4059,"0,271,255"
4060,"3,17,21"
4061,"169,170,199"
4062,"128,40"
4063,"24,43,10"
4064,"220,221,10"
4065,"3,111"
4066,"3,21,147"
4067,"3,147,120"
4068,"3,21,199"
4069,"10,64"
4070,"40,145"
4071,"3,21,147"
4072,"135,138,139"
4073,"40,128"
4074,"0,265,271"
4075,"160,40,315"
4076,"24,10,23"
4077,"0,8,218"
4078,"3,21,5"
4079,"0,271,255"
4080,"44,10,145"
4081,"10,60"
4082,"43,24"
4083,"199,170,169"
4084,"40,131"
4085,"23,265,38"
4086,"40,131,184"
4087,"3,111,21"
4088,"74,23,38"
4089,"169,199,170"
4090,"32,31,23"
4091,"23,24,38"
4092,"21,3,40"
4093,"3,21"
4094,"40,41,128"
4095,"23,38"
4096,"220,221,10"
4097,"40,128,131"
4098,"32,31,23"
4099,"23,38"
4100,"10,44,11"
4101,"40,145,23"
4102,"23,74,24"
4103,"0,255,271"
4104,"31,23,24"
4105,"135,40,431"
4106,"350,26"
4107,"24,43,23"
4108,"44,10,72"
4109,"3,30,21"
4110,"40,128,41"
4111,"40,145,23"
4112,"10,11,44"
4113,"145,40"
4114,"10,44,11"
4115,"11,10,44"
4116,"3,40,21"
4117,"64,10,65"
4118,"38,23,48"
4119,"131,40,134"
4120,"4,3"
4121,"10,220,221"
4122,"3,4"
4123,"0,271,8"
4124,"23,38,26"
4125,"23,24"
4126,"3,4"
4127,"131,40,184"
4128,"23,38,26"
4129,"25,10,23"
4130,"23,38"
4131,"40,128"
4132,"17,3,18"
4133,"40,128,41"
4134,"49,24,265"
4135,"3,21"
4136,"3,53,4"
4137,"5,3,6"
4138,"3,21"
4139,"0,8"
4140,"4,3,7"
4141,"128,40"
4142,"23,265"
4143,"40,131,128"
4144,"40,135"
4145,"145,40,44"
4146,"40,3,21"
4147,"40,160,128"
4148,"23,38"
4149,"135,431,40"
4150,"169,170,199"
4151,"3,21,4"
4152,"10,60,64"
4153,"296,169,23"
4154,"40,41,128"
4155,"128,130,40"
4156,"0,208,229"
4157,"64,10,93"
4158,"41,21,40"
4159,"40,23,74"
4160,"296,169"
4161,"0,218,271"
4162,"135,138,40"
4163,"170,199,169"
4164,"23,24,10"
4165,"3,17,18"
4166,"220,221,242"
4167,"23,26,89"
4168,"169,199,170"
4169,"3,28,0"
4170,"3,28,21"
4171,"40,3,111"
4172,"3,21,28"
4173,"0,23,38"
4174,"31,32,23"
4175,"17,3,18"
4176,"0,271,265"
4177,"21,3"
4178,"23,74,10"
4179,"0,271,265"
4180,"0,271,265"
4181,"40,160,151"
4182,"23,74,38"
4183,"72,44,23"
4184,"23,31,24"
4185,"10,220,221"
4186,"43,24,23"
4187,"23,38"
4188,"220,221,10"
4189,"23,24"
4190,"74,23"
4191,"23,24"
4192,"93,64,10"
4193,"0,8"
4194,"3,21"
4195,"169,199,170"
4196,"0,8"
4197,"128,195,40"
4198,"4,3"
4199,"128,40,74"
4200,"3,21"
4201,"64,10"
4202,"26,23"
4203,"40,184,128"
4204,"145,44,38"
4205,"220,221,242"
4206,"23,26,38"
4207,"23,74,38"
4208,"10,11,44"
4209,"4,3"
4210,"23,38,24"
4211,"93,64,10"
4212,"169,170,199"
4213,"82,38,39"
4214,"0,265,218"
4215,"220,221,10"
4216,"3,21"
4217,"271,0,265"
4218,"0,8,206"
4219,"170,169,199"
4220,"40,131,184"
4221,"23,24,49"
4222,"0,255,218"
4223,"170,199,426"
4224,"17,18,168"
4225,"111,3,267"
4226,"23,38"
4227,"23,31,74"
4228,"0,23,10"
4229,"40,131"
4230,"3,21"
4231,"0,216,370"
4232,"145,10,44"
4233,"40,402,145"
4234,"3,21,4"
4235,"40,184,186"
4236,"43,24,23"
4237,"3,111,21"
4238,"43,24,23"
4239,"0,23,26"
4240,"24,43,23"
4241,"3,21"
4242,"3,21"
4243,"64,93,60"
4244,"3,21,111"
4245,"23,26"
4246,"271,0,265"
4247,"40,135,74"
4248,"3,21,60"
4249,"23,38,40"
4250,"3,21,28"
4251,"10,64,93"
4252,"169,296"
4253,"23,38,309"
4254,"10,44,11"
4255,"3,21,147"
4256,"40,131"
4257,"11,265,0"
4258,"3,4"
4259,"3,111,21"
4260,"0,8,235"
4261,"17,18,168"
4262,"3,4"
4263,"40,128,41"
4264,"3,13,17"
4265,"350,26"
4266,"3,4,5"
4267,"10,64,44"
4268,"3,21"
4269,"38,23,24"
4270,"11,10"
4271,"3,111,53"
4272,"3,21,17"
4273,"0,8"
4274,"82,38,39"
4275,"169,199,170"
4276,"169,199,170"
4277,"199,170,311"
4278,"3,21,170"
4279,"3,21,111"
4280,"3,21,169"
4281,"426,169,199"
4282,"43,24,23"
4283,"171,169,170"
4284,"40,131,128"
4285,"49,23,24"
4286,"64,10,60"
4287,"40,184"
4288,"220,10,221"
4289,"220,221,10"
4290,"10,220"
4291,"23,74,118"
4292,"44,10,11"
4293,"23,24"
4294,"3,30,21"
4295,"128,130,40"
4296,"23,38,26"
4297,"0,8"
4298,"40,128"
4299,"38,426,145"
4300,"10,44,23"
4301,"169,426,170"
4302,"40,135,138"
4303,"23,10,24"
4304,"23,38,40"
4305,"0,8,265"
4306,"10,11,44"
4307,"130,129,128"
4308,"31,23"
4309,"43,24,145"
4310,"23,24,49"
4311,"169,426,199"
4312,"40,131,184"
4313,"40,184,160"
4314,"93,64,10"
4315,"3,21,17"
4316,"38,23,145"
4317,"23,26"
4318,"23,26,38"
4319,"23,38"
4320,"74,23"
4321,"40,131,184"
4322,"10,44,11"
4323,"23,38,48"
4324,"169,170,199"
4325,"24,23,43"
4326,"0,265"
4327,"26,23,350"
4328,"10,64,60"
4329,"40,128,41"
4330,"8,206,231"
4331,"23,3"
4332,"24,43,23"
4333,"3,147,21"
4334,"40,128,41"
4335,"23,0,135"
4336,"93,64,10"
4337,"3,21,111"
4338,"3,21,30"
4339,"3,13,21"
4340,"3,21,53"
4341,"38,23"
4342,"40,184,160"
4343,"131,40,184"
4344,"44,10,145"
4345,"3,4,375"
4346,"169,170,199"
4347,"10,44,11"
4348,"169,426,170"
4349,"3,21"
4350,"3,21,147"
4351,"64,10,93"
4352,"24,43,23"
4353,"74,23,118"
4354,"0,426,311"
4355,"170,199,169"
4356,"21,3"
4357,"40,135,138"
4358,"3,13,21"
4359,"40,184,185"
4360,"40,145,131"
4361,"171,169,199"
4362,"10,11,44"
4363,"216,169,23"
4364,"23,26"
4365,"40,128"
4366,"3,21,28"
4367,"23,31"
4368,"74,118,23"
4369,"337,426,311"
4370,"3,21"
4371,"3,23"
4372,"10,44,11"
4373,"23,74,38"
4374,"40,3,21"
4375,"3,21,30"
4376,"23,31"
4377,"128,23,40"
4378,"41,40,42"
4379,"10,93,64"
4380,"4,3,19"
4381,"220,221,10"
4382,"23,31,24"
4383,"40,131,128"
4384,"3,21,30"
4385,"3,23"
4386,"64,93,10"
4387,"3,4"
4388,"220,221,10"
4389,"38,44,145"
4390,"40,135,184"
4391,"10,145,220"
4392,"38,23,40"
4393,"23,38"
4394,"311,426,223"
4395,"64,10,93"
4396,"10,220,221"
4397,"3,17"
4398,"23,38,74"
4399,"3,21"
4400,"26,89"
4401,"118,74,23"
4402,"169,131,199"
4403,"220,10,221"
4404,"145,38,44"
4405,"3,21"
4406,"38,23"
4407,"23,93,24"
4408,"169,170,199"
4409,"40,3,21"
4410,"23,38,26"
4411,"32,31,23"
4412,"169,170,199"
4413,"3,21"
4414,"3,21,17"
4415,"3,21,111"
4416,"131,40,184"
4417,"271,0,265"
4418,"170,199,169"
4419,"21,3"
4420,"23,24"
4421,"135,40"
4422,"21,3,30"
4423,"24,43,23"
4424,"8,0,206"
4425,"64,10"
4426,"271,0,456"
4427,"24,23,49"
4428,"60,10,31"
4429,"0,271,265"
4430,"3,21"
4431,"3,53,21"
4432,"10,11,44"
4433,"169,199,426"
4434,"128,40"
4435,"40,41,3"
4436,"3,30,21"
4437,"4,3,19"
4438,"0,271,8"
4439,"23,26,38"
4440,"23,38"
4441,"0,8,206"
4442,"23,3,105"
4443,"3,21,111"
4444,"8,0,206"
4445,"93,64,10"
4446,"145,40,44"
4447,"44,11,10"
4448,"40,131"
4449,"64,93,10"
4450,"3,21,15"
4451,"23,38,24"
4452,"170,199,426"
4453,"24,23"
4454,"220,221,10"
4455,"40,128,130"
4456,"40,131,128"
4457,"220,221,10"
4458,"26,350,23"
4459,"23,24"
4460,"10,64,65"
4461,"40,131,128"
4462,"220,221,10"
4463,"3,5,21"
4464,"64,10,93"
4465,"199,169,170"
4466,"3,21,17"
4467,"93,64,10"
4468,"40,41,21"
4469,"38,23"
4470,"3,21"
4471,"0,8,206"
4472,"0,8"
4473,"10,11,69"
4474,"3,21"
4475,"426,169,199"
4476,"169,199,170"
4477,"199,169,170"
4478,"3,111,21"
4479,"23,3,21"
4480,"169,199,170"
4481,"131,40,184"
4482,"40,111,128"
4483,"40,160"
4484,"0,8"
4485,"60,23,24"
4486,"3,21,17"
4487,"74,23,303"
4488,"3,21"
4489,"40,160,184"
4490,"10,64"
4491,"169,170,426"
4492,"0,216,211"
4493,"0,271,265"
4494,"0,216"
4495,"23,31,38"
4496,"311,199,170"
4497,"40,145,41"
4498,"131,40,184"
4499,"3,111"
4500,"0,271,265"
4501,"131,40,184"
4502,"3,21"
4503,"24,43,23"
4504,"23,38,74"
4505,"350,26,23"
4506,"23,49,24"
4507,"220,221,10"
4508,"0,218,216"
4509,"23,74,38"
4510,"3,53,23"
4511,"23,74,40"
4512,"69,10,23"
4513,"0,8,206"
4514,"3,21"
4515,"3,111,40"
4516,"40,160,41"
4517,"0,8,391"
4518,"131,40,226"
4519,"40,145"
4520,"40,128,130"
4521,"40,128,131"
4522,"23,38,26"
4523,"10,23,24"
4524,"23,169,31"
4525,"199,170,311"
4526,"0,8,10"
4527,"131,40,134"
4528,"0,216,8"
4529,"44,10,11"
4530,"3,4,5"
4531,"3,21,147"
4532,"131,40,184"
4533,"0,8,206"
4534,"11,10,44"
4535,"3,21,28"
4536,"3,21"
4537,"64,93,10"
4538,"402,40,145"
4539,"40,184,3"
4540,"220,221,10"
4541,"3,21,53"
4542,"40,128,160"
4543,"426,169"
4544,"31,23"
4545,"3,85,21"
4546,"3,21"
4547,"40,160,151"
4548,"3,21"
4549,"40,3"
4550,"3,4,30"
4551,"24,23,49"
4552,"64,93,10"
4553,"74,23,38"
4554,"169,199,170"
4555,"145,44,10"
4556,"44,38,264"
4557,"3,21,17"
4558,"3,40,21"
4559,"23,145,38"
4560,"3,21"
4561,"128,40,131"
4562,"10,64"
4563,"3,21,17"
4564,"10,11,44"
4565,"40,160,151"
4566,"23,24,31"
4567,"426,169,337"
4568,"40,23"
4569,"3,5,21"
4570,"24,23,43"
4571,"10,60"
4572,"169,199,170"
4573,"23,24"
4574,"23,24,43"
4575,"40,131,184"
4576,"10,44,11"
4577,"64,93,10"
4578,"23,26,350"
4579,"21,3"
4580,"199,170,169"
4581,"26,23,89"
4582,"199,170,426"
4583,"23,38"
4584,"21,3"
4585,"23,60,40"
4586,"3,21,53"
4587,"44,10,11"
4588,"3,21,28"
4589,"0,271,216"
4590,"26,23,89"
4591,"21,3"
4592,"40,4,28"
4593,"40,184,185"
4594,"23,38,69"
4595,"3,21,5"
4596,"170,199,169"
4597,"23,26,38"
4598,"21,3,187"
4599,"10,3,40"
4600,"220,221,10"
4601,"0,8"
4602,"3,4,13"
4603,"128,40"
4604,"64,23,24"
4605,"40,128,184"
4606,"40,160,41"
4607,"0,255,271"
4608,"23,74,38"
4609,"10,220,221"
4610,"40,41,21"
4611,"169,170,199"
4612,"0,271,255"
4613,"3,4"
4614,"169,170,199"
4615,"3,30,4"
4616,"3,21,53"
4617,"131,134,40"
4618,"23,74,118"
4619,"24,23"
4620,"40,131,226"
4621,"24,10,60"
4622,"0,271,216"
4623,"21,3"
4624,"40,131,128"
4625,"3,4"
4626,"93,64,199"
4627,"3,21"
4628,"23,3,38"
4629,"10,11,44"
4630,"64,93,10"
4631,"184,23,40"
4632,"23,26,89"
4633,"23,31"
4634,"3,21,17"
4635,"169,170,199"
4636,"40,160"
4637,"40,184,128"
4638,"131,40,184"
4639,"26,23,38"
4640,"3,21,53"
4641,"3,21"
4642,"24,49,23"
4643,"23,128,40"
4644,"3,21"
4645,"64,93,10"
4646,"23,38"
4647,"169,170,339"
4648,"170,60,199"
4649,"3,21"
4650,"220,221,10"
4651,"40,131,184"
4652,"199,281,311"
4653,"23,24,43"
4654,"60,93,64"
4655,"3,53,523"
4656,"3,21"
4657,"10,11,44"
4658,"26,89,23"
4659,"0,216,211"
4660,"0,271,456"
4661,"169,199,170"
4662,"3,21,30"
4663,"40,41"
4664,"40,184,128"
4665,"10,60,44"
4666,"40,145,128"
4667,"3,5,21"
4668,"0,271,265"
4669,"26,23,89"
4670,"169,199,170"
4671,"23,31"
4672,"0,8"
4673,"23,74"
4674,"3,21,170"
4675,"40,131"
4676,"426,311,337"
4677,"169,170,38"
4678,"40,128,160"
4679,"26,350,23"
4680,"23,38,74"
4681,"3,53,21"
4682,"170,199,169"
4683,"311,199,170"
4684,"3,21"
4685,"64,10,93"
4686,"169,23,28"
4687,"3,4,5"
4688,"0,216,8"
4689,"40,160,41"
4690,"0,218,265"
4691,"0,23,265"
4692,"21,128,3"
4693,"3,111,21"
4694,"38,23,26"
4695,"23,74"
4696,"4,3,7"
4697,"3,21"
4698,"38,23"
4699,"64,93,10"
4700,"171,170,169"
4701,"169,170,199"
4702,"3,147,21"
4703,"220,221,242"
4704,"32,31,23"
4705,"0,255,271"
4706,"3,21,147"
4707,"40,131,184"
4708,"296,3,111"
4709,"40,128,23"
4710,"426,311,199"
4711,"220,10,221"
4712,"64,10,93"
4713,"23,24,105"
4714,"23,38"
4715,"0,265,271"
4716,"49,23,24"
4717,"271,0,265"
4718,"3,147,21"
4719,"0,128,40"
4720,"38,23"
4721,"135,40,431"
4722,"23,26"
4723,"40,0,10"
4724,"0,216"
4725,"129,128,130"
4726,"23,74,38"
4727,"4,3,19"
4728,"40,23,145"
4729,"3,17,21"
4730,"21,3,187"
4731,"3,21,85"
4732,"3,30,21"
4733,"44,10,145"
4734,"220,221,10"
4735,"60,61,170"
4736,"3,21,17"
4737,"3,21"
4738,"171,199,170"
4739,"10,220,131"
4740,"3,21,147"
4741,"3,21,53"
4742,"170,3,169"
4743,"169,199,170"
4744,"3,21,111"
4745,"3,21,30"
4746,"3,21"
4747,"23,24,131"
4748,"74,40,184"
4749,"402,145"
4750,"10,220,221"
4751,"0,265,255"
4752,"31,23,258"
4753,"199,170,169"
4754,"184,40,128"
4755,"0,8,235"
4756,"131,23,134"
4757,"8,0"
4758,"21,3"
4759,"3,21"
4760,"309,38,23"
4761,"3,147,23"
4762,"3,21"
4763,"23,38,74"
4764,"128,40"
4765,"3,111,53"
4766,"40,128,184"
4767,"265,0"
4768,"11,10,44"
4769,"0,216,8"
4770,"40,160"
4771,"3,5,21"
4772,"44,38,145"
4773,"3,21,53"
4774,"3,28,21"
4775,"3,21"
4776,"199,3,170"
4777,"21,3"
4778,"0,271,265"
4779,"220,221,10"
4780,"3,21"
4781,"44,145,10"
4782,"31,23,508"
4783,"64,90,10"
4784,"21,170,187"
4785,"3,4,188"
4786,"23,26"
4787,"5,3,6"
4788,"40,128,21"
4789,"350,26,23"
4790,"402,145"
4791,"3,21"
4792,"0,8"
4793,"23,74,38"
4794,"3,4,21"
4795,"23,10"
4796,"271,0,255"
4797,"3,21"
4798,"0,218,271"
4799,"169,170,199"
4800,"40,128,41"
4801,"3,21,13"
4802,"10,220,221"
4803,"40,41,128"
4804,"199,170,169"
4805,"3,21,5"
4806,"0,1,2"
4807,"3,23,53"
4808,"74,118,23"
4809,"24,43,23"
4810,"10,11,0"
4811,"40,135"
4812,"3,21,85"
4813,"61,60,10"
4814,"24,23,49"
4815,"10,64"
4816,"169,296"
4817,"0,216,8"
4818,"10,220,24"
4819,"21,3"
4820,"199,170,311"
4821,"8,206,0"
4822,"3,17,18"
4823,"72,23,44"
4824,"3,4"
4825,"32,31,23"
4826,"44,11,10"
4827,"10,44,11"
4828,"128,40,129"
4829,"3,21"
4830,"169,170,199"
4831,"26,89,23"
4832,"0,8,206"
4833,"40,131,226"
4834,"0,8,271"
4835,"3,21,111"
4836,"10,44,11"
4837,"40,145"
4838,"3,17,18"
4839,"21,3,40"
4840,"169,170,199"
4841,"169,426,199"
4842,"3,21,111"
4843,"38,71,23"
4844,"10,44,11"
4845,"3,21"
4846,"3,147,21"
4847,"10,220,221"
4848,"3,17,21"
4849,"145,402,40"
4850,"0,8,206"
4851,"128,40"
4852,"40,131,128"
4853,"40,74,145"
4854,"3,28"
4855,"23,24,43"
4856,"40,129,128"
4857,"220,221,242"
4858,"23,24,49"
4859,"220,10,221"
4860,"3,21"
4861,"93,64,10"
4862,"40,41,160"
4863,"199,169,170"
4864,"3,21,145"
4865,"128,40,129"
4866,"24,23,49"
4867,"3,21,53"
4868,"32,31,23"
4869,"0,271,265"
4870,"10,64,335"
4871,"169,170,199"
4872,"10,220,221"
4873,"431,135"
4874,"23,74,38"
4875,"3,21,53"
4876,"17,18,3"
4877,"0,216"
4878,"128,40,41"
4879,"0,218,271"
4880,"31,328,145"
4881,"23,38,137"
4882,"220,10,221"
4883,"3,21,111"
4884,"0,313,8"
4885,"128,74,38"
4886,"3,21"
4887,"3,21,53"
4888,"156,147"
4889,"170,199,169"
4890,"10,11,265"
4891,"169,170,199"
4892,"3,21,5"
4893,"0,426,311"
4894,"38,264,44"
4895,"0,8,206"
4896,"10,44,23"
4897,"23,31,24"
4898,"21,3"
4899,"3,21"
4900,"3,21"
4901,"10,11,44"
4902,"296,169,23"
4903,"171,199,169"
4904,"40,160,41"
4905,"199,170,311"
4906,"64,10,93"
4907,"169,170,199"
4908,"3,21"
4909,"17,3,18"
4910,"23,38,74"
4911,"40,145"
4912,"3,21"
4913,"43,24,23"
4914,"10,64,145"
4915,"53,3,68"
4916,"220,221,10"
4917,"0,8,218"
4918,"23,38,74"
4919,"23,38"
4920,"3,21,30"
4921,"23,38,26"
4922,"64,10,65"
4923,"311,199,170"
4924,"3,15,4"
4925,"40,131,184"
4926,"64,10,448"
4927,"3,21"
4928,"10,44,11"
4929,"40,128,135"
4930,"184,40,131"
4931,"3,21"
4932,"40,128,186"
4933,"10,64"
4934,"220,221,10"
4935,"23,74,118"
4936,"220,10,221"
4937,"426,169,170"
4938,"40,41,160"
4939,"0,216,8"
4940,"426,169,170"
4941,"0,216,211"
4942,"23,31,24"
4943,"23,74,165"
4944,"23,24,49"
4945,"220,221,242"
4946,"128,0,129"
4947,"31,508,23"
4948,"40,131,128"
4949,"145,40"
4950,"3,28,111"
4951,"23,26,231"
4952,"8,206,0"
4953,"3,4"
4954,"31,134,486"
4955,"145,40,402"
4956,"220,10,221"
4957,"26,23,38"
4958,"10,64,93"
4959,"44,11,10"
4960,"169,426,199"
4961,"169,111,123"
4962,"3,5"
4963,"23,3,10"
4964,"0,8,206"
4965,"32,21,3"
4966,"10,44"
4967,"3,4"
4968,"23,74,69"
4969,"10,220,23"
4970,"38,23"
4971,"10,220,221"
4972,"220,221,10"
4973,"3,21"
4974,"4,3,19"
4975,"24,23"
4976,"3,21"
4977,"3,21,147"
4978,"23,74,38"
4979,"0,3"
4980,"0,216"
4981,"145,10,44"
4982,"169,170,199"
4983,"40,135,41"
4984,"223,311,337"
4985,"3,21,30"
4986,"74,23,38"
4987,"40,131,128"
4988,"426,169,0"
4989,"40,131,128"
4990,"23,74,303"
4991,"10,220,44"
4992,"3,21,53"
4993,"3,28"
4994,"40,128,41"
4995,"10,64"
4996,"31,23"
4997,"426,169,170"
4998,"220,221,10"
4999,"93,64,10"
5000,"10,145"
5001,"3,4"
5002,"3,21"
5003,"74,40,23"
5004,"3,21,13"
5005,"426,169,170"
5006,"26,23,89"
5007,"199,170,169"
5008,"40,160,128"
5009,"40,131"
5010,"38,23"
5011,"0,271"
5012,"23,40,145"
5013,"3,4,5"
5014,"23,38"
5015,"93,64,10"
5016,"93,64,10"
5017,"4,3,188"
5018,"169,199,170"
5019,"170,199,169"
5020,"135,138,40"
5021,"10,220,11"
5022,"10,64"
5023,"169,426,296"
5024,"3,5,147"
5025,"311,337,170"
5026,"0,128,313"
5027,"40,41,128"
5028,"3,111,53"
5029,"147,21,3"
5030,"0,26,350"
5031,"4,3,19"
5032,"135,138"
5033,"169,199,170"
5034,"40,10,21"
5035,"0,26,350"
5036,"3,147,120"
5037,"296,169,306"
5038,"170,169,199"
5039,"40,131,184"
5040,"43,24,23"
5041,"64,10,93"
5042,"23,74,38"
5043,"24,23,10"
5044,"93,64,10"
5045,"40,128,129"
5046,"3,21,147"
5047,"4,3,19"
5048,"74,165,23"
5049,"3,21,111"
5050,"3,21"
5051,"184,40,185"
5052,"40,131,184"
5053,"3,17,15"
5054,"74,23,118"
5055,"3,4"
5056,"10,64,90"
5057,"3,21,53"
5058,"10,44,145"
5059,"170,3,199"
5060,"3,53,21"
5061,"3,28,21"
5062,"169,170,199"
5063,"3,21"
5064,"0,218,8"
5065,"3,4,5"
5066,"0,8"
5067,"3,4,111"
5068,"40,131,184"
5069,"3,4,5"
5070,"0,265"
5071,"23,64,24"
5072,"264,38,145"
5073,"40,135"
5074,"3,21"
5075,"3,21"
5076,"3,21,13"
5077,"3,21"
5078,"220,10,221"
5079,"40,186,128"
5080,"10,64"
5081,"220,221,242"
5082,"74,23,165"
5083,"169,170,199"
5084,"10,145,40"
5085,"3,21"
5086,"184,185,40"
5087,"17,18,3"
5088,"40,131,184"
5089,"3,21,40"
5090,"199,169,426"
5091,"23,38"
5092,"220,10,221"
5093,"10,0"
5094,"10,11,44"
5095,"38,23,24"
5096,"10,11,44"
5097,"64,10,93"
5098,"0,216,271"
5099,"44,11,10"
5100,"296,169,306"
5101,"128,129,40"
5102,"169,170,199"
5103,"128,40"
5104,"38,82,23"
5105,"426,311,169"
5106,"21,3,187"
5107,"3,21,17"
5108,"32,31,23"
5109,"3,17"
5110,"3,21,30"
5111,"24,49,23"
5112,"3,21,147"
5113,"3,53,15"
5114,"21,3,41"
5115,"60,239,40"
5116,"169,426,199"
5117,"0,216,8"
5118,"3,147,21"
5119,"3,21"
5120,"3,111"
5121,"402,145,40"
5122,"3,21,53"
5123,"3,21,53"
5124,"10,64"
5125,"10,44,145"
5126,"40,131,128"
5127,"431,135,23"
5128,"131,40,184"
5129,"128,40,129"
5130,"220,221,10"
5131,"23,84,74"
5132,"38,23"
5133,"220,221,10"
5134,"402,40,145"
5135,"0,8,206"
5136,"40,128,131"
5137,"3,0"
5138,"0,8,206"
5139,"0,1,271"
5140,"64,10,93"
5141,"64,93,10"
5142,"10,64"
5143,"171,169,170"
5144,"26,350,23"
5145,"3,5,4"
5146,"40,3"
5147,"402,145,10"
5148,"216,0"
5149,"3,21"
5150,"10,64"
5151,"3,28,147"
5152,"64,10,65"
5153,"3,169,21"
5154,"10,11,44"
5155,"44,10,11"
5156,"3,21,17"
5157,"337,199,170"
5158,"40,131,128"
5159,"23,105,106"
5160,"3,4,111"
5161,"3,21"
5162,"199,170,169"
5163,"220,221,242"
5164,"169,23,38"
5165,"0,218,255"
5166,"40,31,145"
5167,"3,17,21"
5168,"220,221,10"
5169,"23,105,24"
5170,"23,0,40"
5171,"128,129,40"
5172,"3,21"
5173,"3,21,17"
5174,"72,44,23"
5175,"3,53,21"
5176,"3,147,120"
5177,"169,426,311"
5178,"169,426,170"
5179,"24,23"
5180,"44,11,10"
5181,"3,28,21"
5182,"10,64,220"
5183,"26,23,231"
5184,"10,11,44"
5185,"169,23,170"
5186,"3,21"
5187,"23,74"
5188,"3,21,5"
5189,"40,3"
5190,"3,21,111"
5191,"426,169,170"
5192,"402,145,40"
5193,"38,23,74"
5194,"40,21,3"
5195,"49,24,23"
5196,"10,44,72"
5197,"10,145,38"
5198,"40,41,160"
5199,"31,0,208"
5200,"426,169"
5201,"3,17,21"
5202,"129,128"
5203,"38,23,82"
5204,"23,38"
5205,"41,40,128"
5206,"3,21,28"
5207,"3,21,13"
5208,"0,8,206"
5209,"199,170,169"
5210,"38,23,82"
5211,"44,10,145"
5212,"199,311,169"
5213,"40,128,160"
5214,"3,111,21"
5215,"145,44,10"
5216,"40,24,23"
5217,"169,171,170"
5218,"169,170,199"
5219,"69,10,62"
5220,"23,24,31"
5221,"3,21"
5222,"24,49,402"
5223,"23,38"
5224,"40,128,129"
5225,"508,426,169"
5226,"23,26,38"
5227,"10,64,93"
5228,"0,271,265"
5229,"11,10,44"
5230,"23,26,0"
5231,"0,255,218"
5232,"3,21"
5233,"40,41,21"
5234,"40,128,129"
5235,"145,44,23"
5236,"169,199,170"
5237,"169,170,199"
5238,"10,64,93"
5239,"199,170,169"
5240,"10,44,11"
5241,"3,21,111"
5242,"23,26,38"
5243,"10,220,221"
5244,"23,38,137"
5245,"21,3,42"
5246,"40,135"
5247,"3,4,28"
5248,"169,170,199"
5249,"40,131,184"
5250,"40,131"
5251,"23,74,38"
5252,"21,3,41"
5253,"3,21,17"
5254,"23,32,31"
5255,"0,8"
5256,"199,169,170"
5257,"40,128,184"
5258,"23,145,44"
5259,"0,8,206"
5260,"26,0,23"
5261,"23,74"
5262,"61,60,181"
5263,"23,38,26"
5264,"31,23"
5265,"10,220,221"
5266,"169,337,170"
5267,"169,426,170"
5268,"4,3,19"
5269,"21,3"
5270,"0,271"
5271,"40,128"
5272,"23,31,24"
5273,"40,184,169"
5274,"40,131"
5275,"31,23,328"
5276,"0,8,206"
5277,"26,350,23"
5278,"169,199,170"
5279,"3,21"
5280,"23,26,89"
5281,"38,23,145"
5282,"170,31,169"
5283,"23,74,38"
5284,"0,8,23"
5285,"3,21,147"
5286,"187,3,21"
5287,"3,21"
5288,"3,30,21"
5289,"40,160"
5290,"3,21,53"
5291,"3,21"
5292,"23,40,131"
5293,"0,271,216"
5294,"23,38"
5295,"426,169,170"
5296,"40,128,131"
5297,"10,23,38"
5298,"311,199,426"
5299,"220,221,10"
5300,"43,24,23"
5301,"40,145,24"
5302,"169,199,170"
5303,"43,24,23"
5304,"23,24"
5305,"3,0,21"
5306,"3,17,21"
5307,"40,128,184"
5308,"145,40"
5309,"10,64,11"
5310,"74,23,303"
5311,"10,44,11"
5312,"40,3,17"
5313,"23,26,231"
5314,"0,218,271"
5315,"10,44,11"
5316,"0,8"
5317,"3,21,111"
5318,"0,265,8"
5319,"3,21,17"
5320,"169,53,170"
5321,"40,131,184"
5322,"3,21,170"
5323,"0,8,26"
5324,"10,145,40"
5325,"135,189"
5326,"3,111,21"
5327,"199,170,311"
5328,"17,3,18"
5329,"23,38"
5330,"40,23,160"
5331,"40,131"
5332,"10,220"
5333,"3,28,30"
5334,"135,40,138"
5335,"111,3"
5336,"199,170,169"
5337,"31,32,23"
5338,"169,199,170"
5339,"40,131,184"
5340,"169,170,199"
5341,"169,199,170"
5342,"3,21"
5343,"128,199,170"
5344,"145,40"
5345,"38,23"
5346,"44,11,69"
5347,"23,26,24"
5348,"350,26"
5349,"10,60"
5350,"23,145,40"
5351,"3,21"
5352,"40,131"
5353,"10,0,11"
5354,"145,40"
5355,"40,131,134"
5356,"3,21"
5357,"23,38,74"
5358,"3,30,21"
5359,"23,49,24"
5360,"0,23,26"
5361,"3,21,147"
5362,"23,38"
5363,"3,15,4"
5364,"10,44,11"
5365,"3,21"
5366,"3,21,53"
5367,"169,170,199"
5368,"169,170,199"
5369,"3,21,5"
5370,"4,3,19"
5371,"64,93,10"
5372,"31,328,23"
5373,"0,265"
5374,"169,426,170"
5375,"131,40,226"
5376,"199,169,170"
5377,"199,170,311"
5378,"3,4"
5379,"169,170,199"
5380,"23,38,220"
5381,"186,40,128"
5382,"220,221,242"
5383,"0,271,265"
5384,"131,40,184"
5385,"271,0,265"
5386,"31,23"
5387,"3,21,10"
5388,"10,11,44"
5389,"128,40"
5390,"44,10,145"
5391,"93,64,10"
5392,"296,169,337"
5393,"199,337,170"
5394,"145,402,40"
5395,"23,24,38"
5396,"23,38,74"
5397,"0,8"
5398,"0,8,271"
5399,"23,26,74"
5400,"3,21"
5401,"426,169,199"
5402,"49,24,23"
5403,"40,128,131"
5404,"0,265,271"
5405,"40,131,128"
5406,"40,128,160"
5407,"26,23"
5408,"199,170,169"
5409,"3,21,147"
5410,"0,8"
5411,"296,169,306"
5412,"169,199,170"
5413,"64,93,10"
5414,"169,426,199"
5415,"31,23"
5416,"3,21,53"
5417,"3,21"
5418,"10,44,11"
5419,"145,0,10"
5420,"17,3,18"
5421,"21,3,187"
5422,"21,3,311"
5423,"3,21,17"
5424,"64,93,10"
5425,"169,170,199"
5426,"3,21,10"
5427,"23,24,49"
5428,"64,10,335"
5429,"220,10,221"
5430,"3,21,17"
5431,"4,3,19"
5432,"23,24"
5433,"3,13,10"
5434,"0,8"
5435,"10,64,145"
5436,"38,23,74"
5437,"0,8,235"
5438,"23,26"
5439,"40,128,184"
5440,"23,38,26"
5441,"23,24,31"
5442,"0,8,265"
5443,"0,8,206"
5444,"3,21"
5445,"40,145"
5446,"0,271,265"
5447,"40,21,3"
5448,"0,216"
5449,"184,40,185"
5450,"60,10,64"
5451,"170,199,311"
5452,"296,169"
5453,"21,3,187"
5454,"169,170,199"
5455,"40,145"
5456,"0,271,216"
5457,"199,170,169"
5458,"31,258,23"
5459,"3,21,17"
5460,"3,21,53"
5461,"43,24,23"
5462,"3,4,74"
5463,"3,21"
5464,"3,21,28"
5465,"170,199,426"
5466,"0,265,271"
5467,"170,169,199"
5468,"43,24,23"
5469,"0,8,350"
5470,"26,23,231"
5471,"169,426,296"
5472,"74,23,40"
5473,"0,265,271"
5474,"0,218,8"
5475,"3,21,53"
5476,"3,111"
5477,"10,64"
5478,"23,38,24"
5479,"296,31,169"
5480,"426,169,199"
5481,"111,3,123"
5482,"169,170,199"
5483,"0,8"
5484,"3,53,21"
5485,"296,169"
5486,"265,221,242"
5487,"170,199,337"
5488,"31,23,32"
5489,"296,169"
5490,"3,21"
5491,"169,426"
5492,"3,21"
5493,"10,64"
5494,"3,30,4"
5495,"0,271,265"
5496,"40,128,129"
5497,"350,26,23"
5498,"3,10,17"
5499,"3,13"
5500,"10,11,44"
5501,"38,145,71"
5502,"23,38,24"
5503,"64,10,93"
5504,"23,74,38"
5505,"131,40,184"
5506,"0,218,8"
5507,"0,216,211"
5508,"23,265"
5509,"169,426"
5510,"3,41,21"
5511,"3,21"
5512,"135,169,199"
5513,"3,21"
5514,"220,10"
5515,"44,11,145"
5516,"131,40,184"
5517,"10,64"
5518,"40,131,128"
5519,"21,3"
5520,"23,74,38"
5521,"23,26,350"
5522,"23,38,105"
5523,"3,21,28"
5524,"220,10,221"
5525,"3,21,28"
5526,"31,328,23"
5527,"0,229"
5528,"111,3,112"
5529,"10,44,11"
5530,"3,21,85"
5531,"145,44,38"
5532,"23,38"
5533,"199,170,169"
5534,"3,21,53"
5535,"0,216,271"
5536,"3,21,5"
5537,"3,21,34"
5538,"169,170,199"
5539,"10,11,44"
5540,"23,38,74"
5541,"43,24,181"
5542,"3,170,21"
5543,"199,426,170"
5544,"38,23"
5545,"3,111"
5546,"43,24,23"
5547,"199,170,169"
5548,"3,21,111"
5549,"10,11,220"
5550,"135,138,236"
5551,"135,138,199"
5552,"0,128,40"
5553,"169,170,199"
5554,"0,271"
5555,"24,38,23"
5556,"23,40,10"
5557,"23,38,24"
5558,"0,265"
5559,"38,23,26"
5560,"3,21,53"
5561,"3,21"
5562,"10,44,11"
5563,"10,220,221"
5564,"43,24,23"
5565,"0,8"
5566,"10,44,11"
5567,"169,337,0"
5568,"3,21,5"
5569,"40,41"
5570,"220,10,221"
5571,"24,43,23"
5572,"169,426,170"
5573,"3,21"
5574,"40,48,41"
5575,"23,105"
5576,"169,170,199"
5577,"0,216"
5578,"0,8,218"
5579,"220,221,10"
5580,"40,130,128"
5581,"10,44,11"
5582,"4,3"
5583,"135,40"
5584,"131,40,184"
5585,"72,44,145"
5586,"135,138,40"
5587,"220,10,221"
5588,"130,40,128"
5589,"21,3,41"
5590,"0,8"
5591,"23,74,38"
5592,"131,40,134"
5593,"41,40,128"
5594,"220,221,10"
5595,"23,26,38"
5596,"0,265,23"
5597,"296,169"
5598,"40,131"
5599,"0,271,265"
5600,"3,111,53"
5601,"44,10,145"
5602,"41,40,21"
5603,"23,26"
5604,"38,23"
5605,"10,44,11"
5606,"10,220,221"
5607,"23,26,38"
5608,"220,221,242"
5609,"24,43,181"
5610,"3,4,21"
5611,"0,255,271"
5612,"199,170,311"
5613,"3,426,311"
5614,"23,26,265"
5615,"3,21,4"
5616,"10,60,64"
5617,"0,271,265"
5618,"26,350,23"
5619,"3,21,5"
5620,"93,64,10"
5621,"10,220,221"
5622,"40,128"
5623,"0,8"
5624,"0,271,265"
5625,"3,21"
5626,"40,145"
5627,"40,169,199"
5628,"131,23,40"
5629,"10,220"
5630,"60,10,23"
5631,"23,31"
5632,"128,40,131"
5633,"199,170,169"
5634,"170,169,199"
5635,"64,93,10"
5636,"169,171,199"
5637,"26,23,89"
5638,"10,11"
5639,"3,169,53"
5640,"40,128"
5641,"271,456,0"
5642,"169,170,426"
5643,"40,131,3"
5644,"199,170,169"
5645,"26,350,89"
5646,"40,145,74"
5647,"64,10"
5648,"23,40,38"
5649,"38,23,82"
5650,"3,21,40"
5651,"169,296,306"
5652,"0,216,271"
5653,"38,23"
5654,"3,4"
5655,"350,0,26"
5656,"3,21,147"
5657,"40,3,41"
5658,"3,53,21"
5659,"3,111"
5660,"40,41,160"
5661,"10,64,65"
5662,"40,145"
5663,"26,23,231"
5664,"0,271,265"
5665,"0,271,265"
5666,"40,41,128"
5667,"3,40"
5668,"23,74,118"
5669,"145,402"
5670,"265,0,271"
5671,"64,10,65"
5672,"24,23"
5673,"131,23,40"
5674,"64,10"
5675,"3,21,111"
5676,"23,60,135"
5677,"296,169"
5678,"74,118,23"
5679,"21,3"
5680,"0,271"
5681,"145,10,44"
5682,"3,21"
5683,"145,44,23"
5684,"40,128,160"
5685,"3,30,28"
5686,"3,21,53"
5687,"10,11,44"
5688,"169,23"
5689,"49,3,21"
5690,"64,335,10"
5691,"128,40,186"
5692,"3,21,53"
5693,"40,23,10"
5694,"23,24,26"
5695,"23,74"
5696,"24,23,60"
5697,"3,4,111"
5698,"24,23,49"
5699,"3,21,147"
5700,"160,40,315"
5701,"296,169"
5702,"3,21,41"
5703,"10,24,145"
5704,"64,10,93"
5705,"21,3,53"
5706,"3,15"
5707,"40,184,131"
5708,"170,169,199"
5709,"3,40,5"
5710,"23,24,181"
5711,"23,26,350"
5712,"0,8"
5713,"220,10,221"
5714,"40,131,128"
5715,"426,169,170"
5716,"169,170,199"
5717,"10,11,44"
5718,"3,53,15"
5719,"40,131,128"
5720,"199,170,169"
5721,"21,3"
5722,"10,23,220"
5723,"40,131"
5724,"10,64,44"
5725,"3,21,53"
5726,"0,271"
5727,"3,4,21"
5728,"169,170,199"
5729,"23,24,10"
5730,"170,169,199"
5731,"23,93,43"
5732,"170,169,199"
5733,"74,40,23"
5734,"40,128,184"
5735,"3,53,30"
5736,"38,23"
5737,"31,328,23"
5738,"3,28,21"
5739,"10,60,64"
5740,"3,4"
5741,"23,24,49"
5742,"220,221,10"
5743,"4,3,19"
5744,"0,265"
5745,"3,147,21"
5746,"10,64,44"
5747,"508,31,258"
5748,"24,43,23"
5749,"64,93,10"
5750,"220,221,242"
5751,"40,160,128"
5752,"135,138,40"
5753,"31,10,220"
5754,"40,128,184"
5755,"24,43,23"
5756,"169,199,170"
5757,"3,147,53"
5758,"40,184,135"
5759,"169,199,170"
5760,"220,221,10"
5761,"40,131,184"
5762,"3,4,21"
5763,"10,145,44"
5764,"4,3,19"
5765,"3,111,21"
5766,"10,44,145"
5767,"40,41"
5768,"23,38"
5769,"169,426,199"
5770,"3,111,147"
5771,"26,23,89"
5772,"145,40"
5773,"60,181,23"
5774,"3,21,30"
5775,"44,145,10"
5776,"44,11,10"
5777,"169,199,170"
5778,"3,41,40"
5779,"3,21,30"
5780,"216,0,370"
5781,"3,21"
5782,"145,44,10"
5783,"135,3,40"
5784,"3,111,147"
5785,"40,135,3"
5786,"169,199,170"
5787,"220,242,221"
5788,"74,23,175"
5789,"40,38,23"
5790,"23,26"
5791,"23,31,40"
5792,"90,64,10"
5793,"13,3,40"
5794,"10,265,11"
5795,"169,199,170"
5796,"199,170,169"
5797,"44,10,145"
5798,"169,426,23"
5799,"23,38,105"
5800,"10,44,11"
5801,"40,160,184"
5802,"38,23"
5803,"43,24,23"
5804,"23,24,31"
5805,"0,216,271"
5806,"0,216"
5807,"0,3"
5808,"3,21,147"
5809,"23,24,38"
5810,"11,44,10"
5811,"3,17,21"
5812,"311,426,199"
5813,"3,21,53"
5814,"0,8,271"
5815,"23,26"
5816,"170,169,3"
5817,"40,128"
5818,"31,23,169"
5819,"199,169,170"
5820,"220,221,10"
5821,"0,8"
5822,"0,255,271"
5823,"38,23,24"
5824,"10,24,44"
5825,"23,38,24"
5826,"23,38"
5827,"3,21,53"
5828,"220,221,10"
5829,"43,24"
5830,"60,31,49"
5831,"3,21,28"
5832,"31,23,40"
5833,"23,38,26"
5834,"38,89,23"
5835,"40,128,129"
5836,"4,3,19"
5837,"220,221,10"
5838,"21,3,199"
5839,"10,220,221"
5840,"40,131,184"
5841,"40,160,41"
5842,"10,11,44"
5843,"199,426,311"
5844,"3,21"
5845,"0,8,26"
5846,"3,21"
5847,"21,3,40"
5848,"3,0,8"
5849,"169,199,170"
5850,"220,38,10"
5851,"10,64"
5852,"23,38"
5853,"3,53,111"
5854,"199,169,170"
5855,"40,131,184"
5856,"0,8"
5857,"40,131"
5858,"17,3,18"
5859,"0,208,216"
5860,"64,93,10"
5861,"38,23"
5862,"44,11,145"
5863,"4,375,3"
5864,"402,145,40"
5865,"184,40,185"
5866,"82,38,39"
5867,"220,221,242"
5868,"24,43,23"
5869,"3,5"
5870,"3,21,147"
5871,"337,199,170"
5872,"64,93,43"
5873,"10,23,44"
5874,"3,21"
5875,"131,40,184"
5876,"426,199,311"
5877,"32,31,23"
5878,"0,1,337"
5879,"40,3,21"
5880,"40,160,41"
5881,"48,3,21"
5882,"40,131,134"
5883,"169,311,259"
5884,"23,38"
5885,"0,271,255"
5886,"220,10,242"
5887,"10,44,11"
5888,"23,24,49"
5889,"128,40"
5890,"10,23"
5891,"3,85,21"
5892,"0,271"
5893,"21,3,30"
5894,"49,23,31"
5895,"265,0"
5896,"17,18,40"
5897,"3,4,5"
5898,"3,21"
5899,"23,169,31"
5900,"40,131,184"
5901,"431,135,40"
5902,"3,4"
5903,"426,169,170"
5904,"23,74,118"
5905,"3,4,21"
5906,"11,10,44"
5907,"40,128,160"
5908,"169,170,199"
5909,"64,93,10"
5910,"211,0,216"
5911,"135,40,138"
5912,"23,24"
5913,"40,131,184"
5914,"0,8"
5915,"23,24,25"
5916,"40,131,184"
5917,"40,131,184"
5918,"128,40,131"
5919,"3,147,21"
5920,"44,11,10"
5921,"23,24,40"
5922,"0,216,271"
5923,"43,24,23"
5924,"0,271,265"
5925,"3,28"
5926,"10,64"
5927,"3,21,17"
5928,"3,21,30"
5929,"4,3,19"
5930,"426,199,169"
5931,"11,69,44"
5932,"64,93,10"
5933,"3,21,40"
5934,"3,4,30"
5935,"169,199,170"
5936,"11,44,0"
5937,"23,145,24"
5938,"23,26,38"
5939,"40,160"
5940,"0,211,216"
5941,"64,10"
5942,"3,4"
5943,"220,221,10"
5944,"3,4,111"
5945,"74,3,23"
5946,"23,74,38"
5947,"23,38,26"
5948,"220,242,221"
5949,"0,208,3"
5950,"145,44,402"
5951,"0,271,8"
5952,"38,23,169"
5953,"3,21"
5954,"40,131,128"
5955,"138,135"
5956,"3,21,147"
5957,"3,15,21"
5958,"3,21,147"
5959,"169,296,199"
5960,"3,21"
5961,"241,135,494"
5962,"3,21"
5963,"38,44,145"
5964,"3,21,53"
5965,"218,0,265"
5966,"131,40,184"
5967,"40,38,3"
5968,"3,21,15"
5969,"199,170,169"
5970,"38,23"
5971,"169,170,199"
5972,"43,24,23"
5973,"0,8,206"
5974,"21,3"
5975,"38,23,74"
5976,"135,40"
5977,"10,220"
5978,"17,3,21"
5979,"64,10"
5980,"10,220,242"
5981,"0,265,271"
5982,"0,216,8"
5983,"10,44,11"
5984,"426,169,311"
5985,"3,4,21"
5986,"40,128,160"
5987,"337,311,169"
5988,"26,23,231"
5989,"3,21"
5990,"170,199,171"
5991,"0,265"
5992,"0,211,216"
5993,"10,220,221"
5994,"40,131,145"
5995,"10,64"
5996,"4,3"
5997,"220,221,242"
5998,"3,4,5"
5999,"40,131,128"
6000,"93,64,43"
6001,"3,21,53"
6002,"3,111,53"
6003,"0,8,216"
6004,"38,23,10"
6005,"23,24,31"
6006,"40,131,128"
6007,"21,3,23"
6008,"3,21,199"
6009,"3,21"
6010,"10,24,64"
6011,"3,5,21"
6012,"64,93,10"
6013,"44,145,11"
6014,"3,21,53"
6015,"199,170,426"
6016,"3,21,147"
6017,"169,426"
6018,"0,8,218"
6019,"3,111"
6020,"43,24,23"
6021,"271,265,0"
6022,"0,8,206"
6023,"3,21"
6024,"0,8"
6025,"10,44,72"
6026,"3,21"
6027,"0,8"
6028,"3,147,21"
6029,"40,131,184"
6030,"3,21,53"
6031,"74,23,118"
6032,"0,255,271"
6033,"40,145"
6034,"3,21,111"
6035,"40,135"
6036,"145,402,44"
6037,"23,74,38"
6038,"23,26,231"
6039,"3,4,111"
6040,"40,160,184"
6041,"40,131,184"
6042,"111,3,40"
6043,"135,138,40"
6044,"0,216"
6045,"40,131,226"
6046,"220,221,10"
6047,"43,24,23"
6048,"44,11,10"
6049,"48,38,21"
6050,"74,303,23"
6051,"74,38,128"
6052,"3,10,64"
6053,"40,41,128"
6054,"40,128"
6055,"3,17,21"
6056,"40,128,187"
6057,"0,8,216"
6058,"10,40,131"
6059,"23,38"
6060,"128,40,186"
6061,"40,3,21"
6062,"23,131,40"
6063,"40,3"
6064,"3,21"
6065,"23,24,38"
6066,"3,21"
6067,"23,38"
6068,"199,169,170"
6069,"4,3,19"
6070,"3,4"
6071,"3,5,21"
6072,"0,8,265"
6073,"296,169,306"
6074,"3,21"
6075,"40,160,128"
6076,"145,44,10"
6077,"0,271,272"
6078,"169,199,131"
6079,"43,24,23"
6080,"10,44,11"
6081,"3,21"
6082,"0,216,271"
6083,"169,170,199"
6084,"23,26,38"
6085,"10,60,64"
6086,"40,160,151"
6087,"303,74,23"
6088,"49,24,23"
6089,"24,23,43"
6090,"93,64,10"
6091,"10,64,65"
6092,"170,199,169"
6093,"40,10,128"
6094,"40,23,145"
6095,"26,350,23"
6096,"3,21,111"
6097,"10,44,11"
6098,"3,4"
6099,"64,93,10"
6100,"8,0,206"
6101,"40,128,162"
6102,"169,426"
6103,"0,271,265"
6104,"169,170,199"
6105,"169,170,199"
6106,"0,208"
6107,"184,40,131"
6108,"10,44,11"
6109,"3,21,147"
6110,"10,44,11"
6111,"23,105"
6112,"131,40"
6113,"169,170,199"
6114,"220,221,242"
6115,"199,170,169"
6116,"0,216,211"
6117,"0,265"
6118,"23,38,24"
6119,"11,10,44"
6120,"0,8"
6121,"10,145,23"
6122,"3,53,21"
6123,"40,184,160"
6124,"3,21,17"
6125,"0,8"
6126,"3,17,21"
6127,"3,21,30"
6128,"40,128,160"
6129,"44,145,10"
6130,"3,21,30"
6131,"3,17,21"
6132,"40,21"
6133,"0,271,255"
6134,"10,64"
6135,"3,21,53"
6136,"44,10,11"
6137,"3,28,30"
6138,"3,21"
6139,"3,21"
6140,"3,21,5"
6141,"145,40"
6142,"64,93,10"
6143,"64,93,10"
6144,"44,10,23"
6145,"40,41"
6146,"44,10,11"
6147,"0,218,23"
6148,"3,17,34"
6149,"24,43,23"
6150,"3,21,13"
6151,"31,169"
6152,"199,426,169"
6153,"199,170,169"
6154,"23,31"
6155,"10,220,221"
6156,"3,0,21"
6157,"38,71,145"
6158,"23,40,31"
6159,"40,131,226"
6160,"0,313,8"
6161,"3,4,111"
6162,"40,160,128"
6163,"169,170,426"
6164,"169,170,199"
6165,"10,44,145"
6166,"169,170,199"
6167,"10,220"
6168,"145,24,43"
6169,"3,21"
6170,"4,3,19"
6171,"130,48,306"
6172,"3,21"
6173,"181,60,61"
6174,"3,23"
6175,"23,10"
6176,"40,160,128"
6177,"40,23,31"
6178,"3,4,21"
6179,"426,169,508"
6180,"40,184,41"
6181,"220,221,10"
6182,"23,38,24"
6183,"508,31,426"
6184,"23,26,231"
6185,"3,21"
6186,"17,18,3"
6187,"23,24,49"
6188,"24,23,43"
6189,"74,23,118"
6190,"23,26"
6191,"23,74,40"
6192,"311,337,223"
6193,"38,82"
6194,"23,38"
6195,"23,105"
6196,"3,147,21"
6197,"3,21,30"
6198,"118,74,23"
6199,"43,24,23"
6200,"3,40,21"
6201,"64,93,10"
6202,"426,199,311"
6203,"23,24,31"
6204,"40,160,128"
6205,"23,26,38"
6206,"10,64"
6207,"3,40,21"
6208,"216,370,145"
6209,"3,21"
6210,"8,0,235"
6211,"3,21,5"
6212,"40,184"
6213,"23,26"
6214,"3,15,21"
6215,"10,11,44"
6216,"10,23,24"
6217,"40,135"
6218,"24,23,43"
6219,"40,131,128"
6220,"220,221,10"
6221,"0,271,265"
6222,"3,4"
6223,"40,131,184"
6224,"60,24,23"
6225,"220,221,242"
6226,"220,221,10"
6227,"10,64,65"
6228,"128,40,130"
6229,"21,3,187"
6230,"0,216,23"
6231,"0,265,271"
6232,"23,3"
6233,"0,8"
6234,"3,21,111"
6235,"3,21"
6236,"3,30,28"
6237,"130,129,40"
6238,"38,23"
6239,"44,23,10"
6240,"169,171,170"
6241,"131,184,40"
6242,"3,21,17"
6243,"3,21,30"
6244,"170,199,169"
6245,"40,38,21"
6246,"169,170,199"
6247,"21,3"
6248,"169,199,170"
6249,"38,23,24"
6250,"40,131,160"
6251,"0,8,216"
6252,"3,21,30"
6253,"3,21"
6254,"220,10,221"
6255,"3,21,111"
6256,"135,138,40"
6257,"0,255,218"
6258,"23,38"
6259,"0,8"
6260,"23,40,24"
6261,"40,184,128"
6262,"0,216"
6263,"74,40,21"
6264,"426,170,311"
6265,"10,93,64"
6266,"3,21"
6267,"3,21,17"
6268,"3,4"
6269,"3,30,21"
6270,"184,40,185"
6271,"169,170,3"
6272,"3,21,111"
6273,"3,21"
6274,"10,44,11"
6275,"3,21,5"
6276,"0,8,271"
6277,"10,44,11"
6278,"169,426,170"
6279,"17,18,168"
6280,"0,271,265"
6281,"4,3,375"
6282,"4,3"
6283,"40,3,21"
6284,"3,4"
6285,"3,4,21"
6286,"0,271,265"
6287,"93,64,10"
6288,"170,169,199"
6289,"40,111,3"
6290,"31,32,23"
6291,"40,131"
6292,"24,23,49"
6293,"3,21"
6294,"3,23,21"
6295,"10,44,11"
6296,"3,53,21"
6297,"8,206,0"
6298,"40,135,111"
6299,"10,64,11"
6300,"40,131,184"
6301,"199,170,169"
6302,"0,208,8"
6303,"10,402,145"
6304,"0,271"
6305,"44,10,11"
6306,"40,199,169"
6307,"38,23,30"
6308,"44,11,145"
6309,"3,21,40"
6310,"43,24,23"
6311,"10,44"
6312,"23,49,24"
6313,"169,199,170"
6314,"44,10,11"
6315,"74,118,23"
6316,"3,85,111"
6317,"10,44,23"
6318,"64,10,65"
6319,"10,64"
6320,"23,3"
6321,"24,43,23"
6322,"10,220,64"
6323,"44,145,10"
6324,"199,170,311"
6325,"130,128,40"
6326,"199,169,170"
6327,"4,3,7"
6328,"171,169,170"
6329,"220,221,10"
6330,"3,17,21"
6331,"3,4,28"
6332,"32,31,23"
6333,"49,23,24"
6334,"145,402,31"
6335,"82,38,23"
6336,"3,21,17"
6337,"3,21,28"
6338,"3,21,53"
6339,"23,38"
6340,"3,21"
6341,"3,13"
6342,"44,11,10"
6343,"43,24"
6344,"0,8"
6345,"0,8,206"
6346,"40,145"
6347,"220,221,10"
6348,"23,426,223"
6349,"3,265,23"
6350,"169,199,170"
6351,"40,160,151"
6352,"0,265"
6353,"0,255,271"
6354,"3,21"
6355,"38,23"
6356,"3,21,17"
6357,"31,96"
6358,"3,4"
6359,"40,74,184"
6360,"0,208"
6361,"169,170,199"
6362,"24,43,23"
6363,"40,3,41"
6364,"3,21"
6365,"40,184"
6366,"130,40,129"
6367,"31,23"
6368,"10,220,221"
6369,"111,3,123"
6370,"44,10,11"
6371,"23,24,3"
6372,"0,216,211"
6373,"40,41,111"
6374,"220,221,10"
6375,"40,131,184"
6376,"3,21"
6377,"23,49,24"
6378,"40,184,128"
6379,"3,21,53"
6380,"265,0"
6381,"271,0,265"
6382,"0,218,265"
6383,"220,10,221"
6384,"41,42,40"
6385,"23,24,69"
6386,"0,8"
6387,"426,199,169"
6388,"0,8,206"
6389,"3,21,53"
6390,"74,38,23"
6391,"220,10,242"
6392,"38,23"
6393,"199,170,311"
6394,"40,145"
6395,"169,426"
6396,"40,184"
6397,"199,169,170"
6398,"0,271,255"
6399,"220,221,10"
6400,"10,11,44"
6401,"0,271,265"
6402,"3,23"
6403,"3,21"
6404,"43,64,60"
6405,"24,43,23"
6406,"0,8"
6407,"40,145,128"
6408,"3,111,4"
6409,"0,8,218"
6410,"3,28,21"
6411,"23,38,24"
6412,"3,15,17"
6413,"23,24,40"
6414,"128,40"
6415,"3,21,30"
6416,"3,4,5"
6417,"23,74"
6418,"169,170,199"
6419,"40,131,184"
6420,"135,138,40"
6421,"3,4"
6422,"40,131,128"
6423,"170,199,169"
6424,"10,64"
6425,"3,21,13"
6426,"8,0,235"
6427,"40,131,145"
6428,"3,53,111"
6429,"40,131,184"
6430,"0,8"
6431,"426,169,199"
6432,"265,0"
6433,"24,49,23"
6434,"23,26,38"
6435,"184,40,185"
6436,"38,74,23"
6437,"23,10,38"
6438,"3,21,147"
6439,"3,17,18"
6440,"40,131"
6441,"23,26"
6442,"199,170,311"
6443,"23,74,107"
6444,"10,64,93"
6445,"3,4"
6446,"40,184,185"
6447,"4,3,19"
6448,"3,10,40"
6449,"3,17,21"
6450,"426,23,169"
6451,"40,23"
6452,"38,82,39"
6453,"8,206,0"
6454,"44,145,11"
6455,"44,10,145"
6456,"38,82,23"
6457,"3,21"
6458,"40,49"
6459,"170,3,169"
6460,"10,64"
6461,"0,271,265"
6462,"220,221,242"
6463,"3,23,28"
6464,"31,23"
6465,"3,21"
6466,"23,93,43"
6467,"311,199,337"
6468,"24,23,43"
6469,"40,131,128"
6470,"0,8,229"
6471,"40,3,13"
6472,"24,43,23"
6473,"3,21,147"
6474,"3,53,21"
6475,"131,40,226"
6476,"41,40,42"
6477,"3,40,128"
6478,"199,426,170"
6479,"41,42,40"
6480,"0,271,8"
6481,"10,40,23"
6482,"3,296,21"
6483,"40,128,160"
6484,"145,40,23"
6485,"0,216,271"
6486,"0,271,265"
6487,"3,21"
6488,"134,131,40"
6489,"38,23,40"
6490,"3,111,21"
6491,"0,8,218"
6492,"170,199,169"
6493,"3,28"
6494,"10,64,93"
6495,"3,21,23"
6496,"64,10,335"
6497,"170,169,199"
6498,"0,8,206"
6499,"169,426,170"
6500,"44,71,10"
6501,"3,21,111"
6502,"0,8,206"
6503,"31,40,145"
6504,"220,221,10"
6505,"10,90,64"
6506,"0,271"
6507,"40,135"
6508,"10,44,11"
6509,"128,129,130"
6510,"145,44,40"
6511,"3,21"
6512,"170,199,169"
6513,"3,21,169"
6514,"10,44,11"
6515,"10,220,221"
6516,"10,44,11"
6517,"40,145"
6518,"10,11,44"
6519,"303,74,23"
6520,"40,131"
6521,"38,10,216"
6522,"3,53,21"
6523,"4,3,19"
6524,"38,23,264"
6525,"170,169,199"
6526,"169,199,170"
6527,"40,160,41"
6528,"3,21"
6529,"3,21,53"
6530,"3,21"
6531,"23,38"
6532,"23,38,26"
6533,"3,4"
6534,"40,135,199"
6535,"23,105,24"
6536,"40,128,41"
6537,"3,21,111"
6538,"3,147,21"
6539,"40,128,129"
6540,"145,40,402"
6541,"129,128,40"
6542,"169,170,199"
6543,"220,221,0"
6544,"3,21"
6545,"38,23"
6546,"10,64,23"
6547,"3,21,147"
6548,"40,160,128"
6549,"40,128,160"
6550,"40,131"
6551,"26,0,350"
6552,"145,402,44"
6553,"64,93,10"
6554,"10,220"
6555,"3,111,21"
6556,"11,44,69"
6557,"170,169,199"
6558,"31,23,32"
6559,"0,23,31"
6560,"431,135,40"
6561,"10,40,74"
6562,"23,169,38"
6563,"23,24,31"
6564,"23,74,38"
6565,"38,23,74"
6566,"3,21,17"
6567,"3,21"
6568,"3,17"
6569,"169,426,199"
6570,"0,265,1"
6571,"0,8"
6572,"38,23"
6573,"23,26,38"
6574,"49,24,23"
6575,"111,3"
6576,"169,337,170"
6577,"10,11,44"
6578,"0,216,211"
6579,"431,135"
6580,"264,38,145"
6581,"23,24"
6582,"131,40,184"
6583,"41,21,40"
6584,"40,184,131"
6585,"23,38,74"
6586,"3,4,15"
6587,"43,24,23"
6588,"220,221,10"
6589,"311,337,223"
6590,"23,38,26"
6591,"40,131,128"
6592,"40,128,41"
6593,"220,221,10"
6594,"145,40"
6595,"23,38,63"
6596,"0,24,218"
6597,"3,21,147"
6598,"4,3,7"
6599,"220,10,221"
6600,"23,38"
6601,"23,44,38"
6602,"21,3"
6603,"10,64"
6604,"40,41"
6605,"3,21"
6606,"3,53"
6607,"135,431,199"
6608,"74,23"
6609,"93,64,10"
6610,"3,147,21"
6611,"0,271,265"
6612,"23,48,38"
6613,"10,11,44"
6614,"170,199,169"
6615,"40,135,138"
6616,"3,4,21"
6617,"131,40,241"
6618,"128,40,131"
6619,"17,3,18"
6620,"3,21,5"
6621,"38,264,145"
6622,"0,211,216"
6623,"8,206,0"
6624,"169,170,199"
6625,"10,44,11"
6626,"135,138,40"
6627,"3,21,13"
6628,"220,10,221"
6629,"3,5"
6630,"26,0,350"
6631,"0,271,255"
6632,"21,3"
6633,"0,265,271"
6634,"23,3,105"
6635,"23,38,74"
6636,"23,26,350"
6637,"3,21"
6638,"23,38,26"
6639,"64,10"
6640,"3,147,21"
6641,"0,271,265"
6642,"169,170,199"
6643,"38,137,93"
6644,"3,21"
6645,"26,231,23"
6646,"145,44,38"
6647,"171,169,199"
6648,"169,199,426"
6649,"4,3,19"
6650,"426,311,199"
6651,"145,24,10"
6652,"40,41"
6653,"23,38,82"
6654,"23,74,40"
6655,"3,21"
6656,"3,21,40"
6657,"38,23"
6658,"311,199,170"
6659,"3,187,21"
6660,"220,221,10"
6661,"43,24,23"
6662,"23,402,145"
6663,"40,128"
6664,"220,221,10"
6665,"3,21"
6666,"0,216,271"
6667,"3,15"
6668,"40,131,184"
6669,"40,184,131"
6670,"40,145"
6671,"26,23"
6672,"23,10"
6673,"10,23,40"
6674,"0,265,216"
6675,"31,60,23"
6676,"93,64,10"
6677,"169,199,170"
6678,"40,128"
6679,"0,8"
6680,"216,0,249"
6681,"23,38,48"
6682,"40,145,10"
6683,"10,64"
6684,"3,21"
6685,"135,138,199"
6686,"40,160,41"
6687,"21,3"
6688,"0,216"
6689,"0,271,265"
6690,"40,145,24"
6691,"40,3"
6692,"431,135,199"
6693,"3,21"
6694,"0,271,265"
6695,"3,21,147"
6696,"3,4,111"
6697,"53,3,170"
6698,"40,131,184"
6699,"3,21,85"
6700,"3,21,53"
6701,"10,11,44"
6702,"40,128"
6703,"220,221,10"
6704,"3,21"
6705,"38,23"
6706,"3,13"
6707,"23,105,24"
6708,"3,21,53"
6709,"23,24,93"
6710,"350,26"
6711,"24,64,43"
6712,"3,21"
6713,"199,170,169"
6714,"23,38,74"
6715,"199,170,311"
6716,"220,10,221"
6717,"43,24,23"
6718,"0,8"
6719,"23,0,265"
6720,"23,38"
6721,"23,10,38"
6722,"44,145,10"
6723,"23,38"
6724,"220,10,221"
6725,"40,131,128"
6726,"170,199,169"
6727,"0,271,8"
6728,"3,53,21"
6729,"40,131,184"
6730,"0,218,8"
6731,"171,199,170"
6732,"3,21,187"
6733,"3,21,147"
6734,"10,44"
6735,"26,23,89"
6736,"38,40,23"
6737,"145,402,44"
6738,"220,221,10"
6739,"3,21,111"
6740,"0,8,206"
6741,"169,199,170"
6742,"24,59,23"
6743,"220,221,10"
6744,"8,0,206"
6745,"3,21,28"
6746,"23,74"
6747,"23,24"
6748,"3,21,17"
6749,"3,111,21"
6750,"3,4,111"
6751,"0,271,265"
6752,"40,41"
6753,"40,41,160"
6754,"3,21"
6755,"169,296,306"
6756,"10,220,221"
6757,"48,38"
6758,"3,21,4"
6759,"3,21,147"
6760,"26,89,23"
6761,"10,11,44"
6762,"199,169,170"
6763,"23,26,231"
6764,"3,21,30"
6765,"3,4,21"
6766,"0,271,265"
6767,"10,44,145"
6768,"220,221,242"
6769,"169,199,426"
6770,"356,147,199"
6771,"0,216,8"
6772,"23,74,118"
6773,"40,160"
6774,"3,21"
6775,"4,3"
6776,"17,3,18"
6777,"296,169,306"
6778,"40,128,129"
6779,"0,271,8"
6780,"17,3,18"
6781,"40,131,184"
6782,"23,74"
6783,"169,199,170"
6784,"44,145,10"
6785,"0,271,255"
6786,"10,220"
6787,"40,131"
6788,"23,145,24"
6789,"169,199,170"
6790,"0,8,38"
6791,"10,40,74"
6792,"0,8"
6793,"220,221,10"
6794,"49,23,24"
6795,"26,350,0"
6796,"135,431,40"
6797,"23,38,63"
6798,"3,21"
6799,"3,4,5"
6800,"3,4"
6801,"23,38"
6802,"3,21,28"
6803,"0,271,8"
6804,"10,90,44"
6805,"10,74,23"
6806,"25,10,220"
6807,"169,0,337"
6808,"169,296,170"
6809,"3,4,21"
6810,"0,255,426"
6811,"40,21"
6812,"3,21"
6813,"3,21"
6814,"4,3"
6815,"10,44,11"
6816,"40,160,41"
6817,"169,199,170"
6818,"3,21,28"
6819,"3,21"
6820,"0,255,271"
6821,"0,271,265"
6822,"0,38,8"
6823,"40,128,41"
6824,"0,271,255"
6825,"10,64"
6826,"135,40,431"
6827,"131,40,184"
6828,"0,8,271"
6829,"10,145,23"
6830,"32,31,23"
6831,"24,43,23"
6832,"169,426,508"
6833,"21,3"
6834,"3,21,53"
6835,"135,40"
6836,"4,3,19"
6837,"10,64"
6838,"131,40,23"
6839,"74,303,165"
6840,"220,221,242"
6841,"169,296,123"
6842,"23,24,38"
6843,"38,23,82"
6844,"40,41,131"
6845,"0,271,265"
6846,"402,145"
6847,"3,21,187"
6848,"11,44,10"
6849,"43,24,23"
6850,"21,3,41"
6851,"10,220"
6852,"10,145,64"
6853,"0,8,206"
6854,"38,44,23"
6855,"3,21"
6856,"40,23"
6857,"3,17,15"
6858,"8,0,206"
6859,"0,8"
6860,"169,199,170"
6861,"169,199,170"
6862,"3,147,21"
6863,"10,44,145"
6864,"10,11,44"
6865,"40,128"
6866,"169,296,199"
6867,"10,64"
6868,"0,271,8"
6869,"10,64,65"
6870,"3,53,111"
6871,"40,131"
6872,"131,40,184"
6873,"23,24"
6874,"0,271,255"
6875,"26,23,350"
6876,"199,170,169"
6877,"26,89,23"
6878,"169,3,170"
6879,"21,3"
6880,"0,8,206"
6881,"220,10,221"
6882,"169,426,199"
6883,"181,60,93"
6884,"350,26"
6885,"296,169"
6886,"40,135,3"
6887,"43,24,23"
6888,"21,3,41"
6889,"44,10,11"
6890,"0,271,265"
6891,"23,105,106"
6892,"26,23,350"
6893,"0,218,271"
6894,"38,23"
6895,"43,24,23"
6896,"128,3,40"
6897,"0,265,271"
6898,"23,24,105"
6899,"40,128,130"
6900,"23,38"
6901,"10,11,44"
6902,"38,169,426"
6903,"220,10,221"
6904,"38,23,82"
6905,"23,26"
6906,"74,303,23"
6907,"3,21,53"
6908,"23,74,118"
6909,"145,44,40"
6910,"8,0,391"
6911,"3,15,17"
6912,"169,199,170"
6913,"40,131,226"
6914,"8,0,206"
6915,"8,206,0"
6916,"23,74"
6917,"38,23,128"
6918,"49,31,328"
6919,"375,4,40"
6920,"3,4,21"
6921,"220,10,221"
6922,"3,4,21"
6923,"118,74,23"
6924,"74,23,38"
6925,"131,40,128"
6926,"23,26,38"
6927,"10,220,221"
6928,"0,271,8"
6929,"23,38"
6930,"3,21,17"
6931,"10,64,335"
6932,"40,160,184"
6933,"169,170,199"
6934,"10,220,242"
6935,"3,85,5"
6936,"3,21"
6937,"38,23,145"
6938,"3,111,53"
6939,"10,44,11"
6940,"23,74,165"
6941,"0,265,271"
6942,"145,402,40"
6943,"169,170,199"
6944,"3,4"
6945,"23,105,106"
6946,"169,170,199"
6947,"0,8"
6948,"3,147,21"
6949,"5,3,6"
6950,"3,4"
6951,"10,64,93"
6952,"24,49,23"
6953,"21,3,169"
6954,"10,220,221"
6955,"64,10"
6956,"220,10,221"
6957,"3,15,17"
6958,"220,221,10"
6959,"169,296,199"
6960,"3,4,30"
6961,"3,21"
6962,"10,145,38"
6963,"4,3,7"
6964,"40,131"
6965,"311,199,223"
6966,"23,26,38"
6967,"38,23,26"
6968,"0,216,271"
6969,"24,23,49"
6970,"3,17,21"
6971,"3,21"
6972,"131,184,40"
6973,"44,145,38"
6974,"23,74,38"
6975,"169,170,199"
6976,"220,10,221"
6977,"3,21"
6978,"3,21,53"
6979,"8,0,206"
6980,"3,21,40"
6981,"10,220,221"
6982,"169,170,199"
6983,"64,93,10"
6984,"40,128,160"
6985,"40,41,128"
6986,"426,169,199"
6987,"169,199,170"
6988,"40,160,41"
6989,"170,199,169"
6990,"169,426,170"
6991,"169,199,426"
6992,"40,41,3"
6993,"169,296"
6994,"38,23"
6995,"3,4"
6996,"21,170,199"
6997,"184,40,128"
6998,"169,199,170"
6999,"131,134,40"
7000,"93,64,10"
7001,"64,90,10"
7002,"40,128,0"
7003,"64,93,10"
7004,"3,21,17"
7005,"40,128"
7006,"296,169,306"
7007,"40,111,41"
7008,"3,21,147"
7009,"3,4,19"
7010,"3,4"
7011,"131,40,184"
7012,"3,21"
7013,"23,74,40"
7014,"0,265,271"
7015,"32,31,23"
7016,"44,10,145"
7017,"0,265,271"
7018,"3,17,21"
7019,"3,111,21"
7020,"3,23,21"
7021,"31,508,258"
7022,"40,128,184"
7023,"10,44,11"
7024,"82,38,39"
7025,"3,111,53"
7026,"40,3,21"
7027,"23,26,38"
7028,"0,255,218"
7029,"40,90,64"
7030,"40,41"
7031,"3,21,4"
7032,"3,17,21"
7033,"26,89,23"
7034,"0,271,265"
7035,"10,24,23"
7036,"10,44,11"
7037,"3,21,17"
7038,"40,184"
7039,"10,11,44"
7040,"169,199,170"
7041,"40,23,145"
7042,"181,43,145"
7043,"64,10,93"
7044,"24,43,23"
7045,"135,40,138"
7046,"23,24,145"
7047,"145,23,10"
7048,"3,21,30"
7049,"40,128"
7050,"199,170,311"
7051,"169,170,199"
7052,"23,26,350"
7053,"220,10,221"
7054,"40,128,160"
7055,"169,170,199"
7056,"23,10,24"
7057,"8,0,206"
7058,"3,21,13"
7059,"38,23"
7060,"3,21,28"
7061,"3,4,21"
7062,"23,40"
7063,"169,426,199"
7064,"23,89,26"
7065,"128,40"
7066,"0,271,265"
7067,"220,10,221"
7068,"199,170,169"
7069,"0,8,206"
7070,"23,74,38"
7071,"296,169"
7072,"38,23,137"
7073,"38,23"
7074,"49,24,3"
7075,"220,10"
7076,"0,265,271"
7077,"402,145,40"
7078,"23,74,38"
7079,"23,169,38"
7080,"17,3,18"
7081,"44,145,23"
7082,"10,220"
7083,"169,170,199"
7084,"0,8"
7085,"3,21"
7086,"23,38"
7087,"38,23"
7088,"43,24,23"
7089,"3,21,147"
7090,"3,4,5"
7091,"64,93,10"
7092,"23,24"
7093,"3,4,111"
7094,"3,13"
7095,"145,44,10"
7096,"21,3"
7097,"220,221,10"
7098,"3,21,53"
7099,"31,23,508"
7100,"0,8,350"
7101,"31,32,23"
7102,"23,10"
7103,"49,23,24"
7104,"23,74"
7105,"40,160,151"
7106,"145,10,40"
7107,"24,23,49"
7108,"10,44,11"
7109,"10,23"
7110,"10,11,44"
7111,"23,74,118"
7112,"169,170,199"
7113,"40,23,31"
7114,"23,48,64"
7115,"26,23,350"
7116,"40,23,145"
7117,"43,24,23"
7118,"10,23,220"
7119,"40,131,184"
7120,"40,128,129"
7121,"10,44,145"
7122,"0,8"
7123,"135,138,199"
7124,"3,21"
7125,"31,96,23"
7126,"169,170,199"
7127,"21,3"
7128,"10,220"
7129,"64,93,10"
7130,"3,21,53"
7131,"311,223,337"
7132,"10,11,24"
7133,"0,271,265"
7134,"10,64,335"
7135,"0,26,350"
7136,"169,170,426"
7137,"0,265"
7138,"3,21,53"
7139,"3,21,28"
7140,"3,21"
7141,"40,128"
7142,"23,105,24"
7143,"220,10,221"
7144,"199,170,311"
7145,"169,296"
7146,"23,74,38"
7147,"271,0,265"
7148,"40,128,145"
7149,"40,184,145"
7150,"3,21,170"
7151,"199,170,337"
7152,"199,170,169"
7153,"426,199,311"
7154,"0,8,206"
7155,"44,145,10"
7156,"3,111"
7157,"3,4,30"
7158,"3,170,21"
7159,"0,128,8"
7160,"40,160,128"
7161,"23,24"
7162,"171,169,170"
7163,"3,21,111"
7164,"40,111,3"
7165,"169,170,199"
7166,"21,170,3"
7167,"23,74"
7168,"3,40,111"
7169,"3,21"
7170,"23,38,145"
7171,"40,160,128"
7172,"40,128,160"
7173,"3,4"
7174,"0,8"
7175,"3,4,15"
7176,"0,8,216"
7177,"3,21,170"
7178,"0,255,271"
7179,"0,426,265"
7180,"135,138,40"
7181,"131,241,23"
7182,"40,128"
7183,"231,26,23"
7184,"169,296"
7185,"402,145,40"
7186,"402,145"
7187,"3,21,4"
7188,"24,23,43"
7189,"220,221,10"
7190,"3,53,21"
7191,"3,30,21"
7192,"24,64,10"
7193,"131,40,184"
7194,"128,40,130"
7195,"271,0,265"
7196,"40,160,128"
7197,"11,0,10"
7198,"40,41,128"
7199,"44,145,264"
7200,"0,8,218"
7201,"74,23,38"
7202,"64,10,93"
7203,"0,211,216"
7204,"199,169,170"
7205,"40,23,24"
7206,"145,40,402"
7207,"0,216,211"
7208,"3,21,17"
7209,"10,44,220"
7210,"3,4,28"
7211,"3,15,17"
7212,"3,4,111"
7213,"129,128,40"
7214,"24,43,23"
7215,"10,64"
7216,"3,21,53"
7217,"169,199,170"
7218,"135,40"
7219,"64,93,10"
7220,"220,10,221"
7221,"23,105"
7222,"23,38,44"
7223,"199,170,169"
7224,"220,10,221"
7225,"199,170,169"
7226,"3,21"
7227,"3,0,21"
7228,"3,21,13"
7229,"40,131,128"
7230,"3,21,5"
7231,"40,131,128"
7232,"23,0"
7233,"74,23,38"
7234,"3,21,17"
7235,"23,31,32"
7236,"10,220,221"
7237,"40,145,44"
7238,"3,21,40"
7239,"3,21"
7240,"3,17,21"
7241,"199,170,169"
7242,"3,21"
7243,"169,199,170"
7244,"3,21,28"
7245,"3,21,4"
7246,"3,40,21"
7247,"3,28,30"
7248,"40,145"
7249,"38,23,74"
7250,"337,311,223"
7251,"3,147,85"
7252,"3,21,28"
7253,"31,23,258"
7254,"130,40,129"
7255,"10,220,44"
7256,"3,17,21"
7257,"3,21,53"
7258,"220,17,18"
7259,"0,265,255"
7260,"24,23,43"
7261,"3,21"
7262,"169,40,426"
7263,"40,131,184"
7264,"0,216,271"
7265,"169,170,199"
7266,"38,23,26"
7267,"0,271,265"
7268,"3,21"
7269,"199,169,170"
7270,"23,105,3"
7271,"3,21,187"
7272,"170,199,169"
7273,"40,3,21"
7274,"3,21"
7275,"0,271,265"
7276,"0,23"
7277,"43,24,23"
7278,"23,40,38"
7279,"40,128,160"
7280,"3,17,21"
7281,"4,3,7"
7282,"40,49,145"
7283,"44,10,145"
7284,"0,265,271"
7285,"3,21,147"
7286,"0,265,8"
7287,"169,337,170"
7288,"3,21"
7289,"169,426,199"
7290,"4,3"
7291,"40,145,128"
7292,"23,31,32"
7293,"3,21,40"
7294,"131,40,184"
7295,"3,21"
7296,"0,8,206"
7297,"49,24,23"
7298,"0,265,271"
7299,"23,26,105"
7300,"10,11,44"
7301,"64,93,10"
7302,"169,170,337"
7303,"10,44"
7304,"169,0,337"
7305,"145,38,44"
7306,"3,17,21"
7307,"23,24"
7308,"60,64,181"
7309,"3,21,0"
7310,"3,21,30"
7311,"3,4,5"
7312,"10,11,44"
7313,"43,24,23"
7314,"0,265,255"
7315,"0,271,265"
7316,"131,40,23"
7317,"3,21,147"
7318,"23,24,69"
7319,"296,169"
7320,"23,74,38"
7321,"40,135"
7322,"40,131,145"
7323,"3,21"
7324,"208,169,0"
7325,"23,26,0"
7326,"26,23,231"
7327,"3,21"
7328,"135,431,40"
7329,"0,271,265"
7330,"3,21,17"
7331,"31,32,23"
7332,"40,41"
7333,"128,40"
7334,"0,271,218"
7335,"169,199,426"
7336,"311,426,199"
7337,"23,74,38"
7338,"24,60,10"
7339,"130,40,129"
7340,"3,17,18"
7341,"23,38,26"
7342,"40,128,160"
7343,"40,41,21"
7344,"169,171,199"
7345,"3,21"
7346,"40,3,111"
7347,"3,21"
7348,"26,231,23"
7349,"3,21,30"
7350,"40,184,185"
7351,"0,265,218"
7352,"38,23,74"
7353,"40,131,184"
7354,"0,265"
7355,"10,64,93"
7356,"3,5,13"
7357,"199,169,170"
7358,"3,21"
7359,"3,21,169"
7360,"206,8,128"
7361,"3,21"
7362,"40,131,184"
7363,"4,3"
7364,"3,21,53"
7365,"64,10,65"
7366,"169,199,170"
7367,"23,38,74"
7368,"3,21,40"
7369,"23,38,40"
7370,"10,220,221"
7371,"0,216,211"
7372,"3,21,15"
7373,"3,111,53"
7374,"3,21"
7375,"175,137,74"
7376,"10,44,11"
7377,"11,10,44"
7378,"40,128,129"
7379,"3,4,28"
7380,"169,426,199"
7381,"3,21"
7382,"10,220,221"
7383,"21,3,53"
7384,"0,8,218"
7385,"211,216,212"
7386,"4,3,19"
7387,"10,11,44"
7388,"23,24,31"
7389,"3,31,32"
7390,"3,21"
7391,"128,40,129"
7392,"145,10,44"
7393,"40,131,134"
7394,"23,38"
7395,"3,31,40"
7396,"128,169,170"
7397,"3,4,28"
7398,"10,220,221"
7399,"26,89,23"
7400,"44,10,145"
7401,"23,24,105"
7402,"64,10,145"
7403,"216,370,402"
7404,"40,131,128"
7405,"10,64"
7406,"40,128,131"
7407,"0,216,8"
7408,"169,199,170"
7409,"24,43,23"
7410,"3,21"
7411,"128,40,162"
7412,"40,135"
7413,"3,53,21"
7414,"3,147,28"
7415,"10,44,24"
7416,"10,145"
7417,"259,199,170"
7418,"40,131"
7419,"23,38,40"
7420,"218,11,90"
7421,"21,187,3"
7422,"199,170,337"
7423,"10,64"
7424,"23,38"
7425,"3,21,53"
7426,"10,11,44"
7427,"0,265,271"
7428,"3,4,111"
7429,"10,44"
7430,"135,3,40"
7431,"26,23,350"
7432,"199,169,170"
7433,"23,3,74"
7434,"169,199,311"
7435,"40,128"
7436,"3,21,17"
7437,"24,43,10"
7438,"271,456,0"
7439,"23,105,3"
7440,"26,350"
7441,"10,11,44"
7442,"426,199,170"
7443,"10,11,44"
7444,"40,199,169"
7445,"23,3,38"
7446,"23,38,26"
7447,"31,23"
7448,"3,21"
7449,"49,23,24"
7450,"3,21"
7451,"3,21"
7452,"145,38,44"
7453,"311,21,426"
7454,"0,23,26"
7455,"3,4,5"
7456,"169,296,199"
7457,"10,64,44"
7458,"23,24,74"
7459,"10,44,11"
7460,"26,350,23"
7461,"3,17,18"
7462,"23,49,24"
7463,"3,21"
7464,"199,170,169"
7465,"3,21"
7466,"38,128,23"
7467,"0,8,206"
7468,"74,303"
7469,"3,4,17"
7470,"23,31"
7471,"23,38"
7472,"199,170,169"
7473,"199,170,40"
7474,"0,271,265"
7475,"17,3,18"
7476,"40,160,41"
7477,"135,138,199"
7478,"24,10,23"
7479,"0,271,255"
7480,"3,21"
7481,"10,44,11"
7482,"169,426,170"
7483,"3,21,53"
7484,"0,265,218"
7485,"64,10,65"
7486,"216,0"
7487,"40,131,134"
7488,"0,255,271"
7489,"40,128"
7490,"3,21,147"
7491,"40,41,128"
7492,"128,40,175"
7493,"220,10,221"
7494,"0,265"
7495,"38,48,23"
7496,"40,41"
7497,"220,221,242"
7498,"26,350"
7499,"169,199,170"
7500,"3,4"
7501,"0,271,265"
7502,"10,11,44"
7503,"0,271"
7504,"169,426,508"
7505,"426,169"
7506,"23,74,38"
7507,"3,21,53"
7508,"171,169,170"
7509,"23,38,74"
7510,"3,21"
7511,"74,38,128"
7512,"426,199,337"
7513,"10,60,64"
7514,"23,31,32"
7515,"41,42,3"
7516,"3,21"
7517,"169,170,199"
7518,"131,40"
7519,"170,199,169"
7520,"220,10,221"
7521,"38,23,26"
7522,"10,23,24"
7523,"170,169,199"
7524,"0,271,265"
7525,"40,131,23"
7526,"3,53,21"
7527,"40,131,184"
7528,"3,4,111"
7529,"169,199,170"
7530,"43,24,23"
7531,"10,11,44"
7532,"40,145,74"
7533,"3,4"
7534,"3,4,15"
7535,"24,25"
7536,"10,64"
7537,"3,40,160"
7538,"3,21,17"
7539,"8,0,206"
7540,"135,40,189"
7541,"426,199,170"
7542,"40,41"
7543,"32,31,23"
7544,"0,271,216"
7545,"3,21"
7546,"0,8,23"
7547,"10,49,24"
7548,"0,271,255"
7549,"44,10,145"
7550,"3,40"
7551,"0,271,216"
7552,"3,21,53"
7553,"3,15,21"
7554,"10,64,90"
7555,"220,221,242"
7556,"31,290,23"
7557,"3,4"
7558,"40,41,128"
7559,"199,170,169"
7560,"38,23"
7561,"3,21,30"
7562,"199,169,170"
7563,"43,24,23"
7564,"3,21"
7565,"10,64,60"
7566,"220,10,221"
7567,"0,8,206"
7568,"220,10,221"
7569,"3,28,21"
7570,"10,64,93"
7571,"41,42,40"
7572,"44,38,10"
7573,"220,221,242"
7574,"3,40,159"
7575,"38,23,26"
7576,"3,4,111"
7577,"131,241,40"
7578,"169,170,199"
7579,"23,24"
7580,"23,38"
7581,"10,44"
7582,"0,216"
7583,"3,21,53"
7584,"40,131,128"
7585,"3,21,170"
7586,"3,21"
7587,"43,24,23"
7588,"3,21,30"
7589,"44,10,11"
7590,"3,21,30"
7591,"40,41"
7592,"3,21,147"
7593,"4,3"
7594,"3,15"
7595,"0,271,208"
7596,"43,24,23"
7597,"220,10,40"
7598,"23,24,40"
7599,"426,38,169"
7600,"169,199,170"
7601,"24,43,23"
7602,"23,38"
7603,"31,40"
7604,"23,38"
7605,"0,271,255"
7606,"26,23,350"
7607,"3,21,30"
7608,"220,221,10"
7609,"49,23,24"
7610,"0,8,216"
7611,"3,21"
7612,"10,64,65"
7613,"0,8,216"
7614,"10,11,44"
7615,"271,0,265"
7616,"220,10,221"
7617,"44,10,145"
7618,"3,28,21"
7619,"23,105,24"
7620,"24,23,43"
7621,"10,44"
7622,"24,23,60"
7623,"3,21,53"
7624,"169,170,199"
7625,"0,8,218"
7626,"3,21"
7627,"17,3,18"
7628,"3,21"
7629,"40,160,128"
7630,"24,49,23"
7631,"3,21,111"
7632,"43,24,23"
7633,"10,220"
7634,"23,26,89"
7635,"170,169,21"
7636,"60,239,93"
7637,"31,10,145"
7638,"40,128,135"
7639,"3,21"
7640,"49,24,23"
7641,"31,23,290"
7642,"0,216"
7643,"0,10,208"
7644,"3,170,21"
7645,"40,128"
7646,"3,5,21"
7647,"0,255,218"
7648,"38,23,40"
7649,"0,265,218"
7650,"296,10,169"
7651,"220,10,221"
7652,"40,160"
7653,"40,21,41"
7654,"10,64"
7655,"26,23,89"
7656,"43,24,23"
7657,"3,17,21"
7658,"137,38,74"
7659,"21,3"
7660,"3,21,17"
7661,"40,131"
7662,"220,221,10"
7663,"23,38,24"
7664,"169,170,199"
7665,"131,40,184"
7666,"431,135,40"
7667,"3,17,21"
7668,"3,111,147"
7669,"3,5,169"
7670,"0,271,255"
7671,"169,199,170"
7672,"220,10,221"
7673,"10,220,221"
7674,"169,199,170"
7675,"23,24,31"
7676,"128,195"
7677,"31,23"
7678,"24,43,23"
7679,"3,21"
7680,"3,21,41"
7681,"169,199,170"
7682,"40,131,128"
7683,"26,23,38"
7684,"3,21"
7685,"10,220,64"
7686,"0,265,271"
7687,"3,4"
7688,"40,135"
7689,"3,21"
7690,"3,21,111"
7691,"40,135,138"
7692,"241,131,40"
7693,"10,64"
7694,"17,3,18"
7695,"0,11,44"
7696,"0,216,8"
7697,"3,28,30"
7698,"40,3,21"
7699,"23,31,49"
7700,"169,170,199"
7701,"23,40,31"
7702,"199,169,170"
7703,"64,93,10"
7704,"82,38,23"
7705,"128,129,195"
7706,"3,111,4"
7707,"3,21,147"
7708,"8,0,10"
7709,"40,130,128"
7710,"40,160,151"
7711,"38,23,26"
7712,"3,21"
7713,"74,23,165"
7714,"26,350,0"
7715,"24,23,43"
7716,"170,199,337"
7717,"40,128"
7718,"10,44,11"
7719,"3,5,4"
7720,"40,131,128"
7721,"10,64"
7722,"41,3,42"
7723,"23,74,118"
7724,"3,128,21"
7725,"10,220,145"
7726,"41,40,42"
7727,"10,64"
7728,"40,184,145"
7729,"3,40,17"
7730,"40,3,17"
7731,"171,169,170"
7732,"3,28,21"
7733,"23,38"
7734,"64,10"
7735,"61,60,23"
7736,"40,44,135"
7737,"3,4,188"
7738,"40,160,151"
7739,"17,18,168"
7740,"23,24"
7741,"31,290"
7742,"3,4"
7743,"3,21,147"
7744,"3,21"
7745,"3,21"
7746,"40,41,128"
7747,"3,21,30"
7748,"231,26,23"
7749,"3,40,21"
7750,"60,145,10"
7751,"4,3,7"
7752,"0,271,255"
7753,"21,3,41"
7754,"0,265,23"
7755,"3,17,21"
7756,"3,21"
7757,"169,23,426"
7758,"31,23,32"
7759,"23,10,31"
7760,"38,23,82"
7761,"0,255,271"
7762,"145,40,402"
7763,"26,23,0"
7764,"23,38,26"
7765,"3,15"
7766,"64,93,10"
7767,"17,3,18"
7768,"3,17"
7769,"40,135"
7770,"23,3"
7771,"3,21,147"
7772,"3,30,23"
7773,"169,426,199"
7774,"0,216,1"
7775,"0,8"
7776,"3,53,111"
7777,"38,23,0"
7778,"131,40"
7779,"10,40,145"
7780,"10,11,44"
7781,"3,21"
7782,"165,23,74"
7783,"199,170,169"
7784,"3,4"
7785,"220,221,10"
7786,"3,111,21"
7787,"23,38,26"
7788,"0,8,313"
7789,"23,38"
7790,"38,23,91"
7791,"10,11,44"
7792,"41,40,42"
7793,"40,128"
7794,"220,10,221"
7795,"111,3,123"
7796,"220,221,242"
7797,"169,426,199"
7798,"169,296,170"
7799,"38,23,39"
7800,"131,40,241"
7801,"145,44,24"
7802,"40,23,38"
7803,"23,69,10"
7804,"17,18,3"
7805,"3,21"
7806,"40,131"
7807,"3,53,21"
7808,"3,23"
7809,"10,11,44"
7810,"0,10,220"
7811,"3,21"
7812,"10,11,44"
7813,"199,169,170"
7814,"169,199,170"
7815,"40,41"
7816,"3,40,21"
7817,"64,90,10"
7818,"3,21,17"
7819,"3,21,170"
7820,"43,24,23"
7821,"38,71,44"
7822,"0,271,265"
7823,"23,10"
7824,"3,15,21"
7825,"3,53,10"
7826,"431,135,40"
7827,"0,265,8"
7828,"89,26,23"
7829,"0,218"
7830,"23,38"
7831,"169,199,170"
7832,"31,0,169"
7833,"24,10,44"
7834,"3,21,30"
7835,"169,426"
7836,"169,170,199"
7837,"169,170,199"
7838,"10,11"
7839,"44,10,23"
7840,"3,53"
7841,"38,26,23"
7842,"40,128"
7843,"3,21,28"
7844,"271,265,0"
7845,"43,24,23"
7846,"40,131,184"
7847,"40,160,128"
7848,"3,4,21"
7849,"3,17,21"
7850,"21,3"
7851,"3,21"
7852,"40,128,130"
7853,"8,0,206"
7854,"10,23,44"
7855,"169,426,170"
7856,"44,10,145"
7857,"40,145"
7858,"40,160,128"
7859,"0,255,265"
7860,"0,8"
7861,"3,4,21"
7862,"23,74,38"
7863,"40,145,41"
7864,"3,23"
7865,"23,24,69"
7866,"10,38,145"
7867,"49,23,24"
7868,"426,169,199"
7869,"3,21,111"
7870,"93,64,10"
7871,"23,24,49"
7872,"3,4,23"
7873,"10,60,234"
7874,"26,89,23"
7875,"23,38"
7876,"23,24,31"
7877,"64,90,10"
7878,"40,3,21"
7879,"169,199,170"
7880,"40,21,41"
7881,"265,0,3"
7882,"93,64,10"
7883,"24,43,23"
7884,"40,135"
7885,"0,265,337"
7886,"17,18,168"
7887,"3,53,523"
7888,"265,0"
7889,"23,31,32"
7890,"17,18,3"
7891,"0,216,211"
7892,"60,10,234"
7893,"0,8"
7894,"3,21,147"
7895,"3,13,28"
7896,"40,74,38"
7897,"169,199,170"
7898,"40,160,184"
7899,"3,17,21"
7900,"0,10,370"
7901,"23,31"
7902,"0,271,265"
7903,"26,0,23"
7904,"3,21"
7905,"21,3,53"
7906,"169,171,199"
7907,"21,3"
7908,"199,311,170"
7909,"23,135,31"
7910,"199,170,169"
7911,"38,23"
7912,"74,23,303"
7913,"426,0,311"
7914,"64,93,181"
7915,"3,4,21"
7916,"3,53,111"
7917,"43,24,23"
7918,"44,145,10"
7919,"169,170,199"
7920,"169,426,199"
7921,"220,10,221"
7922,"169,296,426"
7923,"64,145,10"
7924,"170,199,169"
7925,"38,23"
7926,"64,93,10"
7927,"23,105,24"
7928,"23,74,303"
7929,"131,40,226"
7930,"0,271,265"
7931,"3,13,28"
7932,"0,265,271"
7933,"3,85,21"
7934,"3,21"
7935,"169,426,170"
7936,"3,10"
7937,"8,0,206"
7938,"10,44,11"
7939,"3,21,15"
7940,"3,118,74"
7941,"32,23,31"
7942,"10,11,44"
7943,"431,135"
7944,"128,40,129"
7945,"23,31"
7946,"169,170,199"
7947,"24,23,43"
7948,"138,135"
7949,"24,10,145"
7950,"23,38"
7951,"3,17,21"
7952,"4,3,19"
7953,"131,40,184"
7954,"0,216,271"
7955,"40,160"
7956,"3,21"
7957,"145,10,44"
7958,"40,131,184"
7959,"265,0"
7960,"199,170,169"
7961,"170,169,199"
7962,"44,10,11"
7963,"4,3,7"
7964,"3,10,23"
7965,"3,13"
7966,"3,21,111"
7967,"3,21"
7968,"23,38,145"
7969,"3,21,53"
7970,"40,41,128"
7971,"135,3,40"
7972,"40,131"
7973,"3,21"
7974,"0,271,456"
7975,"23,26,38"
7976,"23,10,145"
7977,"44,23,145"
7978,"0,265,218"
7979,"40,128"
7980,"24,23"
7981,"23,38,10"
7982,"40,131"
7983,"74,111,23"
7984,"3,21,147"
7985,"40,131"
7986,"10,220,221"
7987,"40,31,129"
7988,"3,40,0"
7989,"220,221,10"
7990,"23,26,89"
7991,"24,43,23"
7992,"3,21"
7993,"265,0"
7994,"43,24,181"
7995,"169,199,426"
7996,"0,271,265"
7997,"3,21,30"
7998,"13,3,28"
7999,"26,231,23"
8000,"169,199,170"
8001,"74,23,40"
8002,"40,131,184"
8003,"3,111"
8004,"38,23,370"
8005,"3,17,170"
8006,"10,64,93"
8007,"3,15,21"
8008,"3,21,13"
8009,"23,26,231"
8010,"26,23,350"
8011,"3,111,275"
8012,"8,0,206"
8013,"24,49,23"
8014,"0,271,265"
8015,"26,0,350"
8016,"199,169,170"
8017,"3,21"
8018,"3,21,41"
8019,"44,10,11"
8020,"60,234"
8021,"3,21"
8022,"38,23,26"
8023,"3,40,131"
8024,"10,44,60"
8025,"40,184,123"
8026,"138,40,135"
8027,"10,11,44"
8028,"0,271,366"
8029,"3,4,28"
8030,"3,170,169"
8031,"170,199,169"
8032,"38,23,26"
8033,"17,3,18"
8034,"23,31"
8035,"3,21,40"
8036,"74,40,23"
8037,"40,128"
8038,"184,40,128"
8039,"64,10,65"
8040,"3,21"
8041,"169,23,296"
8042,"3,40,21"
8043,"0,271,265"
8044,"169,199,170"
8045,"220,221,242"
8046,"3,21,30"
8047,"3,13,28"
8048,"13,3,23"
8049,"93,64"
8050,"3,17,21"
8051,"23,26,350"
8052,"8,0,206"
8053,"3,21"
8054,"17,3,18"
8055,"145,44,10"
8056,"23,31,10"
8057,"23,38"
8058,"3,32,31"
8059,"38,74,23"
8060,"220,10,221"
8061,"10,220,221"
8062,"241,40,128"
8063,"130,40,128"
8064,"24,43,23"
8065,"169,199,170"
8066,"3,4,111"
8067,"3,21,28"
8068,"3,21,17"
8069,"145,402,40"
8070,"17,3,18"
8071,"10,11,44"
8072,"38,23,44"
8073,"135,40,138"
8074,"508,31"
8075,"23,38,24"
8076,"184,40,185"
8077,"60,10"
8078,"38,137"
8079,"3,21,5"
8080,"40,131"
8081,"43,24,23"
8082,"23,26,38"
8083,"131,40,184"
8084,"40,128"
8085,"40,128,130"
8086,"3,21,17"
8087,"0,216"
8088,"0,265,271"
8089,"23,0,26"
8090,"0,8,218"
8091,"3,111,30"
8092,"10,44,23"
8093,"220,221,242"
8094,"199,170,169"
8095,"311,199,170"
8096,"131,40,226"
8097,"3,21,4"
8098,"220,0,10"
8099,"10,145,44"
8100,"38,23,82"
8101,"169,170,199"
8102,"26,23,38"
8103,"3,4,21"
8104,"3,21,4"
8105,"3,21"
8106,"145,44,40"
8107,"3,21,41"
8108,"3,21,53"
8109,"271,0,265"
8110,"3,21,53"
8111,"43,24,23"
8112,"31,508,10"
8113,"3,21,4"
8114,"128,40"
8115,"23,40,38"
8116,"3,147,21"
8117,"220,10,221"
8118,"3,21,147"
8119,"38,23"
8120,"23,26,38"
8121,"43,23,24"
8122,"3,15,21"
8123,"23,74"
8124,"169,296,306"
8125,"169,170,199"
8126,"10,44,11"
8127,"10,44,11"
8128,"60,31,23"
8129,"40,184"
8130,"23,38,74"
8131,"0,265"
8132,"31,32,23"
8133,"40,3,160"
8134,"220,221,10"
8135,"0,218"
8136,"169,296"
8137,"3,53,21"
8138,"3,21,13"
8139,"220,10,221"
8140,"38,74,303"
8141,"3,21"
8142,"10,38,44"
8143,"170,169,199"
8144,"296,169"
8145,"40,128,184"
8146,"17,3"
8147,"3,21,34"
8148,"3,4"
8149,"0,26,8"
8150,"296,169"
8151,"8,0,235"
8152,"160,40,41"
8153,"23,24,31"
8154,"0,265,271"
8155,"21,3"
8156,"0,313,8"
8157,"23,38"
8158,"0,8"
8159,"40,38"
8160,"40,128,184"
8161,"40,185,184"
8162,"3,21,199"
8163,"3,147"
8164,"23,38,24"
8165,"40,184"
8166,"24,23,43"
8167,"3,21"
8168,"3,4"
8169,"3,21"
8170,"0,218,271"
8171,"38,23,264"
8172,"199,169,170"
8173,"26,89,23"
8174,"0,216"
8175,"0,271,8"
8176,"131,40,128"
8177,"23,24,3"
8178,"0,265,271"
8179,"3,4"
8180,"169,170,199"
8181,"40,131,184"
8182,"3,40,131"
8183,"23,38"
8184,"131,40,184"
8185,"10,402,220"
8186,"170,199"
8187,"3,53,21"
8188,"3,21"
8189,"426,170,169"
8190,"31,23"
8191,"40,128,160"
8192,"3,21,30"
8193,"64,93,23"
8194,"3,30,28"
8195,"23,38,137"
8196,"145,44"
8197,"3,85,21"
8198,"23,38,74"
8199,"93,64,10"
8200,"220,221,10"
8201,"216,211,212"
8202,"3,0,21"
8203,"3,170,21"
8204,"23,38,26"
8205,"8,0,206"
8206,"23,26,38"
8207,"0,271,265"
8208,"40,131,241"
8209,"145,426,169"
8210,"0,8,350"
8211,"11,145,0"
8212,"40,23,128"
8213,"0,8,235"
8214,"10,23,38"
8215,"0,271,265"
8216,"10,220,221"
8217,"17,3,18"
8218,"4,3,19"
8219,"49,24,23"
8220,"3,21"
8221,"23,49,24"
8222,"23,24,105"
8223,"3,21"
8224,"23,24"
8225,"49,170,199"
8226,"23,38"
8227,"3,128,40"
8228,"38,0,23"
8229,"23,31,24"
8230,"3,21"
8231,"0,271,265"
8232,"74,23,165"
8233,"43,24,23"
8234,"3,21"
8235,"38,23,26"
8236,"23,38"
8237,"3,21"
8238,"3,0,265"
8239,"0,8,216"
8240,"0,271"
8241,"24,43,23"
8242,"3,4"
8243,"40,131,128"
8244,"160,40,184"
8245,"40,145"
8246,"234,60,21"
8247,"10,44,23"
8248,"3,4,5"
8249,"0,216,211"
8250,"23,31,32"
8251,"426,169,170"
8252,"0,271,255"
8253,"0,8,206"
8254,"10,64,44"
8255,"60,239,49"
8256,"64,60,10"
8257,"3,21"
8258,"24,49,23"
8259,"131,40,134"
8260,"31,23,24"
8261,"64,60,10"
8262,"23,24,10"
8263,"21,3,187"
8264,"0,216,370"
8265,"199,169,170"
8266,"3,4"
8267,"10,24,23"
8268,"311,199,170"
8269,"23,38,24"
8270,"0,216,8"
8271,"170,169,199"
8272,"169,199,170"
8273,"0,38,82"
8274,"3,4"
8275,"43,24,23"
8276,"74,23,137"
8277,"3,21"
8278,"3,21"
8279,"23,31"
8280,"220,10,221"
8281,"40,131"
8282,"3,21,15"
8283,"3,296,111"
8284,"0,265,271"
8285,"131,40,134"
8286,"40,160,41"
8287,"3,21"
8288,"3,21,30"
8289,"4,3,19"
8290,"23,24,43"
8291,"10,220,40"
8292,"10,64"
8293,"40,184"
8294,"49,24,23"
8295,"0,8,206"
8296,"199,169,170"
8297,"3,53,23"
8298,"131,134,40"
8299,"3,4"
8300,"426,179,296"
8301,"169,199,170"
8302,"3,28,30"
8303,"23,40,3"
8304,"26,23"
8305,"3,21,53"
8306,"3,4,17"
8307,"0,8,206"
8308,"3,5"
8309,"40,41"
8310,"3,21,40"
8311,"0,218"
8312,"64,93,10"
8313,"23,38"
8314,"38,23,216"
8315,"3,21,111"
8316,"0,271,8"
8317,"21,3,40"
8318,"40,199,169"
8319,"49,24,23"
8320,"169,170,199"
8321,"111,3"
8322,"24,23"
8323,"24,43,23"
8324,"10,145,64"
8325,"10,64"
8326,"169,426,170"
8327,"40,130,129"
8328,"74,23,40"
8329,"508,426,31"
8330,"10,220"
8331,"3,21,5"
8332,"24,43,145"
8333,"10,11,44"
8334,"3,4,21"
8335,"3,17,21"
8336,"21,3,187"
8337,"40,48,38"
8338,"21,3"
8339,"40,160"
8340,"17,3,18"
8341,"3,21"
8342,"3,4,21"
8343,"8,0,235"
8344,"64,93,10"
8345,"23,0"
8346,"3,21,40"
8347,"40,41"
8348,"40,31,131"
8349,"23,74,38"
8350,"23,24"
8351,"10,11,44"
8352,"10,44,0"
8353,"23,38,26"
8354,"10,44,145"
8355,"23,38,24"
8356,"93,64,10"
8357,"3,4,21"
8358,"23,74,38"
8359,"10,44,220"
8360,"23,105,24"
8361,"169,199,170"
8362,"169,199,170"
8363,"128,0,40"
8364,"184,40,185"
8365,"0,271,216"
8366,"3,4,111"
8367,"32,31,23"
8368,"10,11,69"
8369,"3,15,21"
8370,"23,38,63"
8371,"23,0"
8372,"169,199,170"
8373,"23,40"
8374,"40,160,151"
8375,"18,17,168"
8376,"11,44,205"
8377,"0,218,265"
8378,"3,4,15"
8379,"10,11,44"
8380,"23,74,38"
8381,"41,40,21"
8382,"3,21,0"
8383,"23,74,38"
8384,"44,38,264"
8385,"0,8"
8386,"170,199,187"
8387,"10,145,44"
8388,"3,21,53"
8389,"220,221,10"
8390,"111,3,123"
8391,"40,160,128"
8392,"3,21,17"
8393,"3,21"
8394,"32,31,23"
8395,"21,223,311"
8396,"265,0"
8397,"44,10,11"
8398,"171,169,199"
8399,"31,23"
8400,"10,11,44"
8401,"23,40"
8402,"3,4"
8403,"169,199,170"
8404,"199,170,169"
8405,"199,169,170"
8406,"23,38,26"
8407,"38,23,44"
8408,"3,21"
8409,"3,21,111"
8410,"23,38,74"
8411,"23,26"
8412,"31,10"
8413,"38,23,264"
8414,"93,64,10"
8415,"10,44,11"
8416,"0,23"
8417,"64,10"
8418,"3,23,53"
8419,"23,38,74"
8420,"0,271,265"
8421,"10,64"
8422,"26,23,38"
8423,"199,135,138"
8424,"40,131,134"
8425,"40,131"
8426,"23,24,105"
8427,"23,26,231"
8428,"24,23,43"
8429,"40,145"
8430,"3,21,17"
8431,"169,199,170"
8432,"0,271,265"
8433,"10,64"
8434,"10,11,44"
8435,"3,21"
8436,"3,21,111"
8437,"0,265,271"
8438,"48,38,23"
8439,"3,111,21"
8440,"40,130,128"
8441,"17,18,3"
8442,"0,8,206"
8443,"3,21,17"
8444,"38,74,23"
8445,"23,21,10"
8446,"199,170,426"
8447,"10,44"
8448,"271,0,456"
8449,"3,5,4"
8450,"0,8"
8451,"38,23"
8452,"3,53,21"
8453,"0,8,216"
8454,"130,128,40"
8455,"38,23,10"
8456,"38,23,82"
8457,"21,3"
8458,"426,169"
8459,"0,265,271"
8460,"0,8,271"
8461,"26,350"
8462,"38,23"
8463,"38,23,24"
8464,"3,40"
8465,"40,160,131"
8466,"169,426,199"
8467,"40,41,3"
8468,"23,31,24"
8469,"72,44,23"
8470,"3,17,18"
8471,"0,1,216"
8472,"170,199,135"
8473,"93,64,10"
8474,"170,169,199"
8475,"0,8"
8476,"0,8,216"
8477,"24,23,43"
8478,"10,220,221"
8479,"508,31,169"
8480,"3,53,15"
8481,"220,221,242"
8482,"129,23"
8483,"220,10,221"
8484,"199,170,311"
8485,"220,221,10"
8486,"21,3,40"
8487,"199,169,170"
8488,"3,21,74"
8489,"10,44,64"
8490,"169,199,170"
8491,"128,40,184"
8492,"229,10"
8493,"3,21"
8494,"24,23,105"
8495,"23,31,24"
8496,"0,271,265"
8497,"43,181,24"
8498,"10,64"
8499,"169,3,21"
8500,"199,170,311"
8501,"3,28,5"
8502,"8,0,206"
8503,"31,23,10"
8504,"169,199,170"
8505,"60,10,64"
8506,"21,3"
8507,"199,169,170"
8508,"10,44,11"
8509,"40,160,128"
8510,"23,137,38"
8511,"199,170,169"
8512,"131,128,40"
8513,"3,21,53"
8514,"128,199,170"
8515,"17,3,18"
8516,"169,170,199"
8517,"169,426,170"
8518,"0,271,8"
8519,"10,44,145"
8520,"199,169,170"
8521,"3,21,147"
8522,"23,26,335"
8523,"0,40"
8524,"40,23,41"
8525,"60,21,3"
8526,"23,26,38"
8527,"10,44,11"
8528,"111,3,112"
8529,"40,131,241"
8530,"199,170,311"
8531,"24,23"
8532,"3,21,28"
8533,"3,4,30"
8534,"220,221,10"
8535,"3,21"
8536,"44,10,145"
8537,"23,26,38"
8538,"23,24"
8539,"0,8"
8540,"21,3"
8541,"199,135,170"
8542,"111,31,131"
8543,"40,3,21"
8544,"220,221,10"
8545,"3,30,21"
8546,"0,255,271"
8547,"3,21,187"
8548,"40,145"
8549,"23,0,26"
8550,"40,160,151"
8551,"0,216,211"
8552,"10,0,11"
8553,"17,3,18"
8554,"3,21"
8555,"3,21"
8556,"3,111,21"
8557,"169,337,296"
8558,"23,38,74"
8559,"220,221,10"
8560,"64,10,65"
8561,"10,11,44"
8562,"335,64,10"
8563,"23,26,231"
8564,"23,145,10"
8565,"0,8"
8566,"402,145,40"
8567,"170,169,199"
8568,"169,170,199"
8569,"131,40,184"
8570,"3,21"
8571,"3,21"
8572,"10,220,221"
8573,"426,199,311"
8574,"0,271,265"
8575,"3,111"
8576,"10,220,221"
8577,"3,147,85"
8578,"135,431,40"
8579,"43,24,23"
8580,"3,21"
8581,"38,82,23"
8582,"23,24"
8583,"3,111,53"
8584,"26,350"
8585,"128,40,129"
8586,"3,21,30"
8587,"23,24,31"
8588,"44,11,10"
8589,"23,31,38"
8590,"10,64"
8591,"10,145,220"
8592,"24,23,43"
8593,"169,170,199"
8594,"0,145,402"
8595,"169,170,199"
8596,"64,93,10"
8597,"0,271"
8598,"426,311,199"
8599,"3,15,53"
8600,"128,40,131"
8601,"10,64"
8602,"170,169,199"
8603,"41,40,184"
8604,"40,131,112"
8605,"21,199,170"
8606,"111,3"
8607,"44,11,10"
8608,"169,170,199"
8609,"169,170,199"
8610,"21,3"
8611,"74,118,23"
8612,"38,145"
8613,"11,44,10"
8614,"0,271,265"
8615,"23,38"
8616,"271,0,265"
8617,"23,31,49"
8618,"3,21"
8619,"181,61,60"
8620,"21,40,3"
8621,"3,21,111"
8622,"3,21,208"
8623,"199,170,311"
8624,"17,18,168"
8625,"40,131,226"
8626,"220,10,221"
8627,"10,23,40"
8628,"40,135,184"
8629,"23,24,105"
8630,"3,4,5"
8631,"170,199,337"
8632,"26,350,23"
8633,"296,169"
8634,"40,41"
8635,"3,21,111"
8636,"24,23,43"
8637,"3,21,85"
8638,"241,131,40"
8639,"3,147,21"
8640,"23,38,31"
8641,"40,128,41"
8642,"131,40,134"
8643,"26,23,350"
8644,"72,38,23"
8645,"3,0,265"
8646,"3,40,21"
8647,"23,31,24"
8648,"40,160,128"
8649,"3,53,21"
8650,"3,30,21"
8651,"265,0"
8652,"0,216,211"
8653,"40,128,130"
8654,"199,169,170"
8655,"24,23,25"
8656,"3,30,28"
8657,"40,131,3"
8658,"24,23,49"
8659,"23,49,24"
8660,"130,129,128"
8661,"271,0,456"
8662,"10,11,44"
8663,"131,184,40"
8664,"44,10,145"
8665,"131,40,226"
8666,"0,271"
8667,"0,170,337"
8668,"4,3,19"
8669,"26,350,23"
8670,"3,21,15"
8671,"23,0"
8672,"220,221,10"
8673,"0,8,216"
8674,"40,41,135"
8675,"3,21,4"
8676,"64,10,90"
8677,"3,21,147"
8678,"169,199,170"
8679,"23,24,49"
8680,"426,311,169"
8681,"8,0,206"
8682,"21,3,170"
8683,"3,21"
8684,"199,170,169"
8685,"53,3,21"
8686,"431,259,135"
8687,"24,23"
8688,"24,49,23"
8689,"8,0,206"
8690,"170,199,169"
8691,"21,3,34"
8692,"41,40"
8693,"3,21,40"
8694,"10,64"
8695,"135,40,138"
8696,"10,64"
8697,"43,24,64"
8698,"220,10,221"
8699,"0,8"
8700,"169,426,199"
8701,"64,10,65"
8702,"3,147,111"
8703,"3,147,21"
8704,"311,199,337"
8705,"24,43,23"
8706,"3,21,41"
8707,"38,23"
8708,"23,26,38"
8709,"38,23"
8710,"508,23,31"
8711,"129,40,60"
8712,"350,26"
8713,"40,23,128"
8714,"10,220,145"
8715,"169,170,199"
8716,"41,40,42"
8717,"128,40,160"
8718,"64,93,10"
8719,"3,28"
8720,"0,271"
8721,"3,4,21"
8722,"3,21,30"
8723,"31,23,32"
8724,"135,40"
8725,"24,145,44"
8726,"10,64"
8727,"23,49,24"
8728,"23,74,38"
8729,"3,17,18"
8730,"40,131,134"
8731,"0,271,255"
8732,"44,145,10"
8733,"135,199,170"
8734,"3,23,111"
8735,"40,128"
8736,"3,21"
8737,"24,43,23"
8738,"145,44,10"
8739,"38,169,23"
8740,"23,24,49"
8741,"23,26,38"
8742,"3,53,111"
8743,"169,170,199"
8744,"220,221,10"
8745,"0,271,255"
8746,"40,145"
8747,"3,21,17"
8748,"296,169"
8749,"0,26,23"
8750,"255,0,271"
8751,"0,271,265"
8752,"40,145"
8753,"0,8"
8754,"10,44,11"
8755,"3,40,128"
8756,"0,265,340"
8757,"220,10,221"
8758,"0,208"
8759,"23,60,21"
8760,"111,3,123"
8761,"0,38,128"
8762,"311,337,426"
8763,"138,135,40"
8764,"3,4,21"
8765,"0,265,271"
8766,"32,31,23"
8767,"23,74,38"
8768,"10,11,44"
8769,"23,131,40"
8770,"0,271,265"
8771,"220,221,10"
8772,"26,23"
8773,"10,220"
8774,"131,40,128"
8775,"10,64,93"
8776,"3,40,41"
8777,"0,265,3"
8778,"43,24,23"
8779,"3,21"
8780,"135,23"
8781,"0,8"
8782,"40,128,145"
8783,"426,311,199"
8784,"199,169,170"
8785,"10,64,145"
8786,"145,44,10"
8787,"43,24,23"
8788,"3,21"
8789,"74,23,303"
8790,"220,10,221"
8791,"220,221,10"
8792,"26,23"
8793,"10,23,31"
8794,"170,3,199"
8795,"3,21,28"
8796,"0,8,265"
8797,"3,13,21"
8798,"64,10,93"
8799,"3,21"
8800,"40,128,184"
8801,"8,206,0"
8802,"23,32,31"
8803,"0,10"
8804,"23,24,32"
8805,"0,216,271"
8806,"44,10,11"
8807,"49,24,23"
8808,"3,111,21"
8809,"23,31,32"
8810,"26,350,23"
8811,"3,21,100"
8812,"10,64,60"
8813,"1,0,2"
8814,"118,74,23"
8815,"3,21,30"
8816,"3,21"
8817,"3,21"
8818,"169,170,199"
8819,"23,38,26"
8820,"23,38,241"
8821,"0,271,265"
8822,"169,426,170"
8823,"0,8,218"
8824,"0,456,271"
8825,"23,38,74"
8826,"3,21,53"
8827,"135,431,199"
8828,"3,21"
8829,"0,23,8"
8830,"0,265,23"
8831,"3,17,18"
8832,"40,145"
8833,"3,13,4"
8834,"3,21"
8835,"0,8,235"
8836,"0,10"
8837,"169,170,199"
8838,"23,24,74"
8839,"0,8,265"
8840,"3,21"
8841,"40,128,130"
8842,"23,38"
8843,"3,21,41"
8844,"49,24,23"
8845,"21,3"
8846,"169,170,199"
8847,"21,3"
8848,"40,146,145"
8849,"40,184,128"
8850,"10,64"
8851,"40,131,128"
8852,"220,10,221"
8853,"199,426,169"
8854,"199,169,170"
8855,"40,131,184"
8856,"10,220,24"
8857,"145,44,264"
8858,"10,220,221"
8859,"10,26,23"
8860,"23,38,26"
8861,"426,311,170"
8862,"3,4"
8863,"10,64"
8864,"23,74,24"
8865,"181,60,93"
8866,"170,199,169"
8867,"3,53,21"
8868,"23,31,32"
8869,"21,170,199"
8870,"23,74,38"
8871,"169,170,199"
8872,"10,11,44"
8873,"4,3"
8874,"145,44,402"
8875,"40,131"
8876,"21,3,30"
8877,"23,26"
8878,"8,0,206"
8879,"169,170,199"
8880,"21,3,40"
8881,"265,0"
8882,"170,199,169"
8883,"145,10,44"
8884,"4,3,19"
8885,"40,131"
8886,"3,21"
8887,"220,221,10"
8888,"38,23,24"
8889,"3,4,21"
8890,"402,145,10"
8891,"170,169,199"
8892,"169,426,199"
8893,"21,3,187"
8894,"265,0"
8895,"3,21,5"
8896,"0,271,216"
8897,"3,21,17"
8898,"220,221,242"
8899,"3,21,147"
8900,"0,8"
8901,"170,199,169"
8902,"40,41,131"
8903,"23,38"
8904,"44,11,10"
8905,"3,21,147"
8906,"3,4"
8907,"40,131,134"
8908,"3,40"
8909,"40,160,128"
8910,"32,31,23"
8911,"38,23,74"
8912,"3,4"
8913,"169,170,426"
8914,"3,21,147"
8915,"128,40"
8916,"40,184,128"
8917,"40,131"
8918,"145,44"
8919,"3,21"
8920,"23,74,38"
8921,"169,199,170"
8922,"23,24,38"
8923,"3,5"
8924,"0,8"
8925,"31,10,23"
8926,"40,128,130"
8927,"93,64,10"
8928,"3,21"
8929,"3,21"
8930,"23,72,44"
8931,"169,296"
8932,"61,60,10"
8933,"43,24,10"
8934,"100,367"
8935,"26,231,23"
8936,"3,28,147"
8937,"24,23,49"
8938,"0,8"
8939,"426,199,169"
8940,"23,3"
8941,"3,21"
8942,"169,199,170"
8943,"220,221,242"
8944,"0,8,265"
8945,"426,169,199"
8946,"0,8,235"
8947,"23,38,26"
8948,"43,24,181"
8949,"10,220"
8950,"3,21"
8951,"131,40,184"
8952,"3,10,40"
8953,"23,426,508"
8954,"93,64,10"
8955,"135,199,169"
8956,"145,10,44"
8957,"169,171,170"
8958,"3,21,17"
8959,"130,128,129"
8960,"220,221,10"
8961,"74,23"
8962,"41,40,42"
8963,"23,105"
8964,"44,145,10"
8965,"38,23,264"
8966,"3,4,21"
8967,"3,21,17"
8968,"3,4,21"
8969,"3,21"
8970,"3,21"
8971,"40,48,38"
8972,"3,21,17"
8973,"0,216,218"
8974,"40,160,128"
8975,"3,21,147"
8976,"311,337,426"
8977,"131,40,134"
8978,"10,44,11"
8979,"64,10"
8980,"220,10,221"
8981,"3,21"
8982,"40,145"
8983,"3,147,21"
8984,"169,170,199"
8985,"0,10,145"
8986,"0,216"
8987,"26,23,199"
8988,"23,38,26"
8989,"169,199,170"
8990,"3,21,147"
8991,"40,160,151"
8992,"145,44,10"
8993,"38,23,131"
8994,"38,23,26"
8995,"44,10,145"
8996,"24,43,23"
8997,"40,128,160"
8998,"181,145,64"
8999,"3,4,5"
9000,"3,111"
9001,"426,337,311"
9002,"10,220,221"
9003,"145,40"
9004,"220,10,221"
9005,"40,135"
9006,"10,64,93"
9007,"3,4,21"
9008,"23,145,38"
9009,"4,3"
9010,"0,265,271"
9011,"23,26,38"
9012,"10,11,44"
9013,"220,221,10"
9014,"10,220,221"
9015,"0,10,31"
9016,"3,21,111"
9017,"3,21,5"
9018,"10,11,44"
9019,"11,10,44"
9020,"23,10,38"
9021,"131,40,41"
9022,"3,5,21"
9023,"426,169,296"
9024,"0,216,8"
9025,"0,255,271"
9026,"3,17,21"
9027,"3,21"
9028,"181,23,24"
9029,"10,145,23"
9030,"10,23,220"
9031,"38,48,23"
9032,"40,184,128"
9033,"220,10,221"
9034,"3,111,53"
9035,"0,8"
9036,"3,21,17"
9037,"93,64,10"
9038,"169,170,199"
9039,"3,21,147"
9040,"0,271"
9041,"49,24,23"
9042,"40,160,41"
9043,"23,26,38"
9044,"3,21"
9045,"0,271,216"
9046,"3,21,34"
9047,"64,10,93"
9048,"10,64"
9049,"3,21,30"
9050,"220,221,10"
9051,"0,271,216"
9052,"3,21"
9053,"3,4,30"
9054,"220,10,221"
9055,"3,21,17"
9056,"111,3,40"
9057,"24,23,31"
9058,"40,41,128"
9059,"32,31,23"
9060,"0,8"
9061,"24,11,69"
9062,"40,128,160"
9063,"10,23,44"
9064,"3,21,28"
9065,"40,128,184"
9066,"169,199,170"
9067,"74,23,38"
9068,"17,18,3"
9069,"3,4"
9070,"220,10,221"
9071,"23,38,24"
9072,"24,145,23"
9073,"199,170,169"
9074,"426,169,199"
9075,"271,0,265"
9076,"10,64,60"
9077,"229,0,169"
9078,"135,40,138"
9079,"3,15,53"
9080,"0,265"
9081,"40,128,184"
9082,"64,10,65"
9083,"38,23,0"
9084,"40,135,128"
9085,"3,4,21"
9086,"199,170,311"
9087,"0,8,206"
9088,"0,218,265"
9089,"3,21"
9090,"31,10"
9091,"426,311,199"
9092,"199,169,170"
9093,"8,0,206"
9094,"169,170,199"
9095,"3,21,17"
9096,"169,170,199"
9097,"10,24,23"
9098,"3,21"
9099,"3,4"
9100,"23,24,49"
9101,"10,23,74"
9102,"181,61,24"
9103,"40,128,3"
9104,"38,74,23"
9105,"40,41"
9106,"10,220"
9107,"10,60"
9108,"265,0"
9109,"145,44,10"
9110,"40,3,10"
9111,"3,21"
9112,"40,184,151"
9113,"220,10,221"
9114,"426,199,169"
9115,"10,44,11"
9116,"3,21,28"
9117,"10,44,38"
9118,"74,165,23"
9119,"74,23,303"
9120,"128,40,129"
9121,"3,4,28"
9122,"3,21"
9123,"0,216"
9124,"220,10,221"
9125,"169,199,170"
9126,"3,21"
9127,"11,10,44"
9128,"0,218"
9129,"23,74,38"
9130,"3,111"
9131,"10,11,44"
9132,"3,30,21"
9133,"23,105,24"
9134,"38,23"
9135,"145,10,44"
9136,"24,43,23"
9137,"135,40"
9138,"32,31,23"
9139,"10,60"
9140,"44,10,145"
9141,"130,40,128"
9142,"10,220,221"
9143,"3,147,4"
9144,"170,199,169"
9145,"32,31,23"
9146,"40,128"
9147,"3,53,21"
9148,"0,229"
9149,"23,26"
9150,"169,426,199"
9151,"43,24,64"
9152,"3,21"
9153,"10,44"
9154,"296,169,306"
9155,"187,3,21"
9156,"3,4"
9157,"137,38,74"
9158,"220,221,10"
9159,"3,0,265"
9160,"169,296,426"
9161,"40,128,41"
9162,"89,26,23"
9163,"169,170,199"
9164,"93,64,10"
9165,"64,10,448"
9166,"0,271,218"
9167,"41,40,3"
9168,"4,3,19"
9169,"23,64,335"
9170,"0,271,265"
9171,"74,23"
9172,"169,199,426"
9173,"26,23,38"
9174,"10,11,44"
9175,"3,21"
9176,"8,0,206"
9177,"10,64"
9178,"40,135,431"
9179,"43,24,23"
9180,"10,64"
9181,"40,3"
9182,"221,220,10"
9183,"3,21,53"
9184,"10,11,44"
9185,"38,145,169"
9186,"128,40,130"
9187,"8,0,206"
9188,"17,18,3"
9189,"23,40,24"
9190,"170,199"
9191,"64,10"
9192,"145,40,38"
9193,"128,40,93"
9194,"40,135"
9195,"93,23,64"
9196,"3,21,170"
9197,"426,311,199"
9198,"169,170,199"
9199,"0,8"
9200,"3,21,41"
9201,"220,10,221"
9202,"3,17,21"
9203,"38,23,26"
9204,"10,23,31"
9205,"199,170,169"
9206,"21,41,40"
9207,"40,131"
9208,"0,271,265"
9209,"40,129,128"
9210,"199,169,40"
9211,"23,26,38"
9212,"145,24,10"
9213,"3,5,21"
9214,"40,3,145"
9215,"24,23"
9216,"3,10,23"
9217,"0,128,271"
9218,"111,3"
9219,"220,10,221"
9220,"10,145,44"
9221,"23,24"
9222,"23,38"
9223,"64,93,10"
9224,"3,21,17"
9225,"21,3,53"
9226,"64,10,93"
9227,"0,337,169"
9228,"64,93,10"
9229,"0,271,23"
9230,"170,169,199"
9231,"23,24,38"
9232,"3,21"
9233,"24,0,10"
9234,"160,40,315"
9235,"40,160,151"
9236,"23,0,38"
9237,"3,21,53"
9238,"8,0"
9239,"169,296,23"
9240,"32,31,23"
9241,"3,40"
9242,"10,23"
9243,"26,0,8"
9244,"3,21"
9245,"40,135"
9246,"130,128,129"
9247,"0,8"
9248,"111,296,123"
9249,"0,8"
9250,"40,145"
9251,"64,10"
9252,"10,64"
9253,"3,30,21"
9254,"0,271,216"
9255,"169,170,199"
9256,"74,23,38"
9257,"350,26,231"
9258,"3,147,28"
9259,"426,169,311"
9260,"170,199,169"
9261,"23,74,38"
9262,"135,236,40"
9263,"10,220"
9264,"21,3,187"
9265,"23,38,74"
9266,"3,4"
9267,"26,0,350"
9268,"3,28,13"
9269,"169,199,170"
9270,"0,271,8"
9271,"40,128,129"
9272,"10,11"
9273,"3,21"
9274,"3,21,111"
9275,"38,23"
9276,"23,69,62"
9277,"38,74,23"
9278,"3,85,21"
9279,"3,53,111"
9280,"93,64,10"
9281,"3,21"
9282,"3,35,21"
9283,"44,10,11"
9284,"170,169,199"
9285,"220,221,10"
9286,"23,105"
9287,"38,23"
9288,"170,199,169"
9289,"23,24"
9290,"26,23,89"
9291,"220,242,221"
9292,"135,64,93"
9293,"3,21,5"
9294,"265,0"
9295,"0,218,255"
9296,"3,21"
9297,"40,128,160"
9298,"0,216"
9299,"38,128,23"
9300,"23,38"
9301,"23,38"
9302,"10,44,145"
9303,"265,0"
9304,"21,3,199"
9305,"199,169,170"
9306,"40,128,162"
9307,"208,0"
9308,"10,11"
9309,"4,3,19"
9310,"64,93,10"
9311,"64,93,10"
9312,"3,21"
9313,"23,0,26"
9314,"10,64,23"
9315,"23,40"
9316,"3,21,13"
9317,"3,5,21"
9318,"3,4"
9319,"3,53,265"
9320,"26,23,38"
9321,"23,38"
9322,"49,23,24"
9323,"199,170,169"
9324,"40,41"
9325,"0,271"
9326,"169,426,170"
9327,"40,128,131"
9328,"220,221,10"
9329,"23,38"
9330,"170,169,199"
9331,"3,21,147"
9332,"40,3,21"
9333,"38,23,24"
9334,"3,4"
9335,"24,23,49"
9336,"3,4,30"
9337,"111,3,42"
9338,"40,3,41"
9339,"64,3,17"
9340,"60,64,239"
9341,"426,199,311"
9342,"10,64,65"
9343,"74,118,23"
9344,"23,74,38"
9345,"3,21"
9346,"74,38,165"
9347,"0,271,265"
9348,"145,44,23"
9349,"0,8,216"
9350,"0,3,265"
9351,"169,170,426"
9352,"3,21,147"
9353,"10,64"
9354,"23,38,26"
9355,"4,3"
9356,"169,199,170"
9357,"21,3,170"
9358,"431,135,40"
9359,"311,223,426"
9360,"3,21"
9361,"8,0,206"
9362,"169,199,170"
9363,"3,111"
9364,"199,169,170"
9365,"3,21"
9366,"43,24,23"
9367,"199,170,169"
9368,"26,350,231"
9369,"3,13,85"
9370,"3,28,30"
9371,"3,4"
9372,"3,21"
9373,"169,3,170"
9374,"160,41,40"
9375,"220,221,10"
9376,"0,23,38"
9377,"64,10"
9378,"24,23,43"
9379,"0,8"
9380,"3,21,38"
9381,"0,8"
9382,"3,21"
9383,"23,74,118"
9384,"8,0,206"
9385,"43,181,24"
9386,"0,216,8"
9387,"8,0,206"
9388,"40,160,128"
9389,"40,184,185"
9390,"0,8,206"
9391,"40,128"
9392,"3,21,147"
9393,"0,265,8"
9394,"0,265,218"
9395,"169,296"
9396,"3,21,128"
9397,"0,216"
9398,"43,24,23"
9399,"3,21,53"
9400,"23,105"
9401,"40,128"
9402,"0,216,296"
9403,"40,184,131"
9404,"199,170,169"
9405,"40,131,128"
9406,"93,64,10"
9407,"3,21"
9408,"3,147,111"
9409,"60,23,24"
9410,"40,128,130"
9411,"3,21,17"
9412,"23,10,24"
9413,"231,26,23"
9414,"44,145,10"
9415,"23,24,49"
9416,"38,23"
9417,"3,4"
9418,"31,40,23"
9419,"23,49,24"
9420,"3,21,111"
9421,"199,426,170"
9422,"199,170,169"
9423,"40,3"
9424,"3,13,21"
9425,"17,3,18"
9426,"4,3"
9427,"10,145"
9428,"17,3,18"
9429,"169,426,170"
9430,"10,11,44"
9431,"0,255,271"
9432,"3,4"
9433,"3,21,5"
9434,"350,26"
9435,"3,15,53"
9436,"220,221,10"
9437,"3,21,30"
9438,"170,199,169"
9439,"40,135,431"
9440,"40,131,184"
9441,"40,41,3"
9442,"21,3,40"
9443,"0,271,8"
9444,"23,38,74"
9445,"26,23"
9446,"26,231,23"
9447,"426,170,199"
9448,"145,402,40"
9449,"3,21"
9450,"3,21"
9451,"0,216"
9452,"0,8,206"
9453,"23,38,24"
9454,"10,64,93"
9455,"23,26"
9456,"0,216,8"
9457,"21,3"
9458,"26,23"
9459,"426,169,508"
9460,"23,38,26"
9461,"0,8"
9462,"170,21,199"
9463,"3,21,147"
9464,"0,8"
9465,"135,40,138"
9466,"23,31,24"
9467,"23,26,38"
9468,"23,40,3"
9469,"24,43,23"
9470,"40,131,169"
9471,"3,147,21"
9472,"23,24,31"
9473,"44,145"
9474,"169,170,199"
9475,"40,131"
9476,"3,53,111"
9477,"220,242,221"
9478,"10,64"
9479,"23,74,38"
9480,"402,145,10"
9481,"199,169,170"
9482,"10,64"
9483,"0,216"
9484,"23,40,38"
9485,"3,53,21"
9486,"40,41"
9487,"23,131,184"
9488,"0,216,271"
9489,"3,17,21"
9490,"21,3,170"
9491,"0,8,206"
9492,"3,15"
9493,"211,0,212"
9494,"0,8,206"
9495,"23,26,38"
9496,"3,21,32"
9497,"10,64,65"
9498,"40,128,129"
9499,"3,4"
9500,"296,169"
9501,"40,160,128"
9502,"74,23,303"
9503,"10,220,221"
9504,"220,221,10"
9505,"40,131"
9506,"0,8,206"
9507,"0,8"
9508,"40,128,160"
9509,"169,426,199"
9510,"10,11,44"
9511,"0,271,265"
9512,"3,21,5"
9513,"44,11,10"
9514,"169,296,426"
9515,"74,23"
9516,"169,199,170"
9517,"3,21,111"
9518,"23,38"
9519,"3,21"
9520,"32,31,23"
9521,"169,426,199"
9522,"40,131,128"
9523,"169,170,199"
9524,"40,41,128"
9525,"145,44,40"
9526,"0,8,23"
9527,"0,169,199"
9528,"41,40,21"
9529,"21,3,40"
9530,"4,3"
9531,"89,26,10"
9532,"10,64,90"
9533,"0,216,8"
9534,"17,3,18"
9535,"0,8,271"
9536,"23,26,38"
9537,"3,21"
9538,"10,64,11"
9539,"0,208,8"
9540,"3,21,53"
9541,"24,23"
9542,"271,0,265"
9543,"169,508,426"
9544,"220,221,10"
9545,"3,21,30"
9546,"128,40,131"
9547,"23,24,43"
9548,"38,23,40"
9549,"128,129,40"
9550,"3,21"
9551,"0,216,211"
9552,"0,216"
9553,"3,21,147"
9554,"40,128,131"
9555,"4,3,19"
9556,"64,10,335"
9557,"10,11,265"
9558,"10,23,145"
9559,"64,93,10"
9560,"220,221,10"
9561,"171,199,170"
9562,"10,220,221"
9563,"169,426,170"
9564,"40,145,146"
9565,"169,170,199"
9566,"10,11,44"
9567,"49,23,24"
9568,"23,24,43"
9569,"508,169,426"
9570,"3,21"
9571,"23,74,38"
9572,"38,23,241"
9573,"26,89,23"
9574,"3,170,169"
9575,"220,10,221"
9576,"0,8"
9577,"3,28,40"
9578,"64,448,10"
9579,"0,8"
9580,"0,1,2"
9581,"21,3"
9582,"43,24,23"
9583,"23,24,74"
9584,"3,111,147"
9585,"0,26,89"
9586,"402,145,40"
9587,"211,216,0"
9588,"4,3,19"
9589,"170,199,169"
9590,"3,111,21"
9591,"10,11,44"
9592,"40,131,184"
9593,"169,170,199"
9594,"23,31,32"
9595,"32,31,23"
9596,"3,28,30"
9597,"40,131"
9598,"23,60,10"
9599,"0,8,23"
9600,"130,128,40"
9601,"74,118,23"
9602,"17,18,168"
9603,"0,265,271"
9604,"23,38"
9605,"93,38,40"
9606,"32,31"
9607,"40,131,135"
9608,"170,199,169"
9609,"3,28"
9610,"145,40"
9611,"3,111"
9612,"8,0,206"
9613,"38,23"
9614,"3,147,21"
9615,"4,3"
9616,"426,169,199"
9617,"10,3"
9618,"10,220"
9619,"49,23,24"
9620,"131,40,184"
9621,"31,23"
9622,"3,5,21"
9623,"0,271,265"
9624,"10,64"
9625,"169,170,199"
9626,"21,3"
9627,"169,296"
9628,"169,199,170"
9629,"23,38"
9630,"0,216"
9631,"24,43,23"
9632,"3,21"
9633,"23,24,49"
9634,"8,0,206"
9635,"169,199,170"
9636,"24,23,49"
9637,"0,271,8"
9638,"169,170,199"
9639,"40,128,38"
9640,"3,21"
9641,"24,0,23"
9642,"169,296,199"
9643,"23,49,24"
9644,"199,170,169"
9645,"23,26,38"
9646,"3,147,21"
9647,"40,128,160"
9648,"145,402,71"
9649,"3,21"
9650,"169,170,199"
9651,"40,41"
9652,"40,131,226"
9653,"0,49,24"
9654,"0,208,31"
9655,"40,145,41"
9656,"24,43,10"
9657,"23,38"
9658,"199,170,169"
9659,"64,93,10"
9660,"43,24,23"
9661,"145,61,40"
9662,"38,74,23"
9663,"426,169,199"
9664,"311,199,223"
9665,"220,221,242"
9666,"426,311,199"
9667,"3,21,53"
9668,"3,21,111"
9669,"43,181"
9670,"259,311,135"
9671,"170,199,169"
9672,"131,40,134"
9673,"21,3,169"
9674,"311,199,426"
9675,"64,10,93"
9676,"10,11,44"
9677,"32,31,23"
9678,"26,23"
9679,"23,74,118"
9680,"3,21,147"
9681,"3,21,28"
9682,"3,53,21"
9683,"216,0,10"
9684,"220,221,10"
9685,"220,10,221"
9686,"170,169,199"
9687,"199,170,169"
9688,"199,169,170"
9689,"40,135"
9690,"111,3"
9691,"3,30,21"
9692,"3,40,21"
9693,"199,169,170"
9694,"3,21,147"
9695,"10,44"
9696,"128,40"
9697,"10,220,221"
9698,"131,40"
9699,"0,255,271"
9700,"220,221,10"
9701,"0,255,218"
9702,"69,10,62"
9703,"169,170,199"
9704,"23,118,74"
9705,"23,38"
9706,"10,44,11"
9707,"402,145,40"
9708,"128,21,40"
9709,"170,199,169"
9710,"64,170,169"
9711,"40,131"
9712,"40,135"
9713,"3,21,28"
9714,"170,199,169"
9715,"10,64,44"
9716,"40,17,187"
9717,"169,426,259"
9718,"169,170,426"
9719,"23,72,38"
9720,"0,255,271"
9721,"0,8"
9722,"3,21,53"
9723,"3,21,147"
9724,"3,21"
9725,"3,21,5"
9726,"3,4"
9727,"40,131,128"
9728,"44,145,10"
9729,"10,64"
9730,"23,24,74"
9731,"3,21"
9732,"3,21,147"
9733,"0,271,265"
9734,"17,18,3"
9735,"24,23,38"
9736,"3,21,17"
9737,"93,64,10"
9738,"4,3,19"
9739,"131,241,40"
9740,"3,21,13"
9741,"220,221,10"
9742,"0,265,10"
9743,"426,169"
9744,"38,23,74"
9745,"44,145,10"
9746,"40,41,160"
9747,"3,21,53"
9748,"10,220"
9749,"38,137,40"
9750,"38,23"
9751,"169,199,170"
9752,"26,23,38"
9753,"350,26,0"
9754,"74,23,60"
9755,"220,10,221"
9756,"145,402"
9757,"40,131,184"
9758,"3,30,21"
9759,"145,40"
9760,"107,38"
9761,"74,38,165"
9762,"3,21,111"
9763,"10,220,221"
9764,"170,169,199"
9765,"40,131,128"
9766,"21,3,17"
9767,"24,23"
9768,"169,170,199"
9769,"3,21,17"
9770,"10,220,221"
9771,"4,19,3"
9772,"184,40,185"
9773,"10,24,64"
9774,"38,23,74"
9775,"40,145,146"
9776,"10,64,90"
9777,"3,21"
9778,"426,169,170"
9779,"3,21,53"
9780,"21,3,311"
9781,"169,170,199"
9782,"24,23"
9783,"23,26"
9784,"169,170,199"
9785,"3,4"
9786,"216,0"
9787,"0,265"
9788,"3,21"
9789,"130,40,128"
9790,"23,38"
9791,"169,170,199"
9792,"60,24,49"
9793,"131,40"
9794,"44,10,11"
9795,"43,24,23"
9796,"24,10"
9797,"40,160,131"
9798,"40,128,130"
9799,"220,10,221"
9800,"24,43,23"
9801,"169,170,199"
9802,"135,386,40"
9803,"3,21"
9804,"0,271,216"
9805,"17,18,3"
9806,"3,23,38"
9807,"3,21,147"
9808,"0,3,208"
9809,"3,23"
9810,"3,21,147"
9811,"170,199,21"
9812,"40,41,128"
9813,"24,43,23"
9814,"10,24,23"
9815,"40,41,3"
9816,"3,21,30"
9817,"0,8,208"
9818,"17,18,168"
9819,"10,64"
9820,"0,8,402"
9821,"23,40,105"
9822,"0,216,211"
9823,"40,131,128"
9824,"17,3,18"
9825,"38,23"
9826,"402,145"
9827,"31,23,328"
9828,"23,38"
9829,"169,199,170"
9830,"3,4,21"
9831,"3,21,28"
9832,"3,21,17"
9833,"3,21,5"
9834,"11,10,44"
9835,"0,271,265"
9836,"3,15,21"
9837,"220,221,10"
9838,"24,23,43"
9839,"199,170,169"
9840,"3,21"
9841,"3,4"
9842,"38,23,26"
9843,"10,44"
9844,"43,24,23"
9845,"40,184,128"
9846,"23,44,38"
9847,"0,265,271"
9848,"0,10"
9849,"64,10,90"
9850,"23,24,38"
9851,"3,21,85"
9852,"26,350"
9853,"43,24,23"
9854,"0,8,23"
9855,"3,21"
9856,"40,41"
9857,"220,10,221"
9858,"23,38"
9859,"3,21,147"
9860,"40,145"
9861,"431,135,40"
9862,"3,21,4"
9863,"10,220,221"
9864,"31,23,328"
9865,"0,271,216"
9866,"3,21"
9867,"3,21,53"
9868,"199,426,311"
9869,"40,186,128"
9870,"10,11,44"
9871,"3,53,21"
9872,"8,82,0"
9873,"199,170,311"
9874,"171,170,199"
9875,"3,21"
9876,"8,0,206"
9877,"3,21,28"
9878,"0,271,218"
9879,"40,41"
9880,"0,271,265"
9881,"311,199,170"
9882,"3,21"
9883,"199,170,169"
9884,"10,220,221"
9885,"130,129,128"
9886,"3,21,147"
9887,"74,23,40"
9888,"23,3,21"
9889,"0,271,218"
9890,"220,10"
9891,"3,4"
9892,"64,93,10"
9893,"169,171,199"
9894,"40,160,128"
9895,"3,147,21"
9896,"169,199,170"
9897,"3,4,21"
9898,"23,24,105"
9899,"21,3"
9900,"26,23,350"
9901,"40,145,23"
9902,"0,26,23"
9903,"10,64,90"
9904,"145,426,10"
9905,"3,147,21"
9906,"0,216,211"
9907,"31,23,96"
9908,"147,3,156"
9909,"3,21"
9910,"40,41,135"
9911,"402,38,23"
9912,"10,44,11"
9913,"426,169"
9914,"0,216,211"
9915,"3,0,21"
9916,"3,21,187"
9917,"38,23"
9918,"40,3,41"
9919,"24,23,43"
9920,"3,17,21"
9921,"40,128,160"
9922,"3,21"
9923,"3,21,28"
9924,"40,128,135"
9925,"40,128,160"
9926,"3,31,4"
9927,"11,10,44"
9928,"38,0,40"
9929,"17,3,18"
9930,"3,147,21"
9931,"426,337,199"
9932,"145,44,10"
9933,"169,199,170"
9934,"40,41"
9935,"3,4,21"
9936,"3,13,5"
9937,"0,8"
9938,"0,265,218"
9939,"169,170,199"
9940,"3,53,21"
9941,"24,43,23"
9942,"23,74"
9943,"24,23,49"
9944,"64,10,335"
9945,"0,218,350"
9946,"0,8"
9947,"23,8,0"
9948,"3,21,111"
9949,"31,96,23"
9950,"220,10,221"
9951,"8,0,206"
9952,"199,169,170"
9953,"10,220,221"
9954,"3,21"
9955,"3,28,13"
9956,"3,21,30"
9957,"13,11,3"
9958,"40,128,131"
9959,"3,15"
9960,"3,4,5"
9961,"220,10,221"
9962,"40,128"
9963,"40,131,226"
9964,"3,21"
9965,"3,21"
9966,"169,170,199"
9967,"10,44,145"
9968,"170,169,199"
9969,"23,38"
9970,"3,21,53"
9971,"21,3,187"
9972,"40,131,184"
9973,"3,21,15"
9974,"128,40,129"
9975,"169,199,170"
9976,"17,18,3"
9977,"0,8,265"
9978,"64,93,10"
9979,"24,10,43"
9980,"3,21"
9981,"10,64,93"
9982,"220,221,10"
9983,"0,216,271"
9984,"3,4,5"
9985,"3,21"
9986,"26,23,0"
9987,"23,38"
9988,"0,8,265"
9989,"3,4"
9990,"40,3"
9991,"40,184"
9992,"10,44,11"
9993,"199,265,170"
9994,"3,21,53"
9995,"220,221,10"
9996,"40,145"
9997,"23,38,74"
9998,"169,170,199"
9999,"0,8,313"
10000,"0,38,23"
10001,"3,4,21"
10002,"0,216,211"
10003,"199,169,170"
10004,"4,3,375"
10005,"0,208,3"
10006,"10,220,221"
10007,"60,93,10"
10008,"40,145,131"
10009,"23,38"
10010,"10,220,221"
10011,"170,199,169"
10012,"23,24,38"
10013,"3,21"
10014,"40,135"
10015,"3,0"
10016,"40,131"
10017,"60,64,93"
10018,"40,128,145"
10019,"0,271"
10020,"3,21,17"
10021,"128,40"
10022,"40,128,184"
10023,"145,402,40"
10024,"3,21,0"
10025,"43,24,23"
10026,"0,8,265"
10027,"26,23"
10028,"32,31,23"
10029,"40,23,74"
10030,"40,184,41"
10031,"0,10"
10032,"220,221,10"
10033,"3,21"
10034,"3,170,169"
10035,"13,3"
10036,"236,135,138"
10037,"3,53,21"
10038,"43,24,23"
10039,"3,41,21"
10040,"93,64,10"
10041,"26,23"
10042,"40,128,145"
10043,"40,131,128"
10044,"23,74,40"
10045,"426,169,170"
10046,"38,23,74"
10047,"10,220,221"
10048,"40,128,184"
10049,"10,11,44"
10050,"40,41,160"
10051,"426,169,170"
10052,"426,337,311"
10053,"0,8,206"
10054,"3,21,40"
10055,"3,17,21"
10056,"3,53,21"
10057,"170,199,169"
10058,"3,21"
10059,"3,17,18"
10060,"40,145"
10061,"3,21"
10062,"265,0"
10063,"23,31"
10064,"311,337,170"
10065,"239,60,24"
10066,"184,185,40"
10067,"431,135,40"
10068,"10,64"
10069,"10,220,221"
10070,"3,4,21"
10071,"21,3"
10072,"220,10,221"
10073,"38,23,26"
10074,"41,40,42"
10075,"40,128,131"
10076,"4,3"
10077,"23,10,64"
10078,"8,0,206"
10079,"171,169,199"
10080,"40,145,131"
10081,"64,93,10"
10082,"3,21,15"
10083,"40,131,145"
10084,"23,26,89"
10085,"3,21"
10086,"74,23"
10087,"10,145,23"
10088,"128,40,129"
10089,"3,21,111"
10090,"0,271"
10091,"3,21,53"
10092,"10,11,44"
10093,"40,160,128"
10094,"3,21,53"
10095,"10,11,44"
10096,"24,145,40"
10097,"3,21"
10098,"3,111"
10099,"3,21"
10100,"3,4,40"
10101,"3,4,5"
10102,"3,21,53"
10103,"0,265,218"
10104,"3,21"
10105,"23,38,24"
10106,"3,34,21"
10107,"3,28,21"
10108,"64,10,335"
10109,"426,169,170"
10110,"169,199,170"
10111,"0,216"
10112,"169,199,170"
10113,"3,21"
10114,"44,145,10"
10115,"40,131"
10116,"0,1,271"
10117,"220,10,221"
10118,"0,8"
10119,"3,21,17"
10120,"3,21,41"
10121,"10,220,221"
10122,"426,169,170"
10123,"0,271,216"
10124,"199,170,169"
10125,"60,64,10"
10126,"220,221,10"
10127,"44,10,11"
10128,"271,265,456"
10129,"145,10,44"
10130,"40,135"
10131,"0,271,8"
10132,"0,216"
10133,"3,21,85"
10134,"3,21,199"
10135,"23,26,350"
10136,"64,60,170"
10137,"199,170,169"
10138,"10,220,145"
10139,"3,275,111"
10140,"26,350"
10141,"10,44,11"
10142,"169,170,199"
10143,"199,426,170"
10144,"0,271,8"
10145,"40,145"
10146,"138,135"
10147,"169,296,426"
10148,"199,170,169"
10149,"3,21,53"
10150,"60,10,64"
10151,"40,41,21"
10152,"220,221,10"
10153,"40,130,128"
10154,"3,13,28"
10155,"3,21,30"
10156,"40,128,160"
10157,"3,28"
10158,"169,170,199"
10159,"49,24,23"
10160,"23,26,89"
10161,"43,24,23"
10162,"40,131"
10163,"49,23,24"
10164,"17,3,18"
10165,"199,169,170"
10166,"23,24,72"
10167,"0,271,265"
10168,"10,402,145"
10169,"10,64"
10170,"23,24,10"
10171,"3,21,187"
10172,"3,21"
10173,"3,4,111"
10174,"40,3,128"
10175,"3,21,147"
10176,"3,21"
10177,"40,184"
10178,"3,21"
10179,"3,21"
10180,"64,181,93"
10181,"40,41,3"
10182,"259,311,426"
10183,"10,44,11"
10184,"426,311,337"
10185,"40,135"
10186,"40,23"
10187,"3,21,147"
10188,"43,24,10"
10189,"220,221,10"
10190,"3,21,28"
10191,"3,40"
10192,"44,10,38"
10193,"38,145,44"
10194,"10,64"
10195,"40,131"
10196,"64,93,10"
10197,"3,21,147"
10198,"10,64"
10199,"23,31,38"
10200,"40,131,199"
10201,"3,30,21"
10202,"0,265"
10203,"220,221,242"
10204,"220,221,242"
10205,"10,44,11"
10206,"10,60"
10207,"0,8"
10208,"169,170,199"
10209,"145,402,43"
10210,"3,21"
10211,"10,60"
10212,"38,23"
10213,"31,145,402"
10214,"26,23,89"
10215,"10,11,44"
10216,"10,43,3"
10217,"0,216,1"
10218,"3,21"
10219,"23,31"
10220,"49,31,239"
10221,"3,0,4"
10222,"170,199,169"
10223,"3,21,30"
10224,"23,38"
10225,"296,89,169"
10226,"130,40,128"
10227,"21,40,3"
10228,"3,170,21"
10229,"23,82,38"
10230,"3,21"
10231,"3,5,6"
10232,"135,40"
10233,"3,111,21"
10234,"271,0,265"
10235,"64,93,10"
10236,"220,221,10"
10237,"199,170,169"
10238,"10,64,0"
10239,"40,160,41"
10240,"3,21"
10241,"38,23"
10242,"26,23,350"
10243,"169,199,170"
10244,"23,38,26"
10245,"23,10,38"
10246,"145,402,44"
10247,"3,4"
10248,"199,169,170"
10249,"3,4,28"
10250,"8,0,206"
10251,"74,40"
10252,"128,131,40"
10253,"23,38,26"
10254,"64,10,65"
10255,"3,21"
10256,"23,26"
10257,"0,271,255"
10258,"128,40,129"
10259,"8,0,391"
10260,"38,74"
10261,"3,21,53"
10262,"64,10"
10263,"10,220,44"
10264,"3,21,17"
10265,"40,160,128"
10266,"3,21"
10267,"0,265,23"
10268,"24,23"
10269,"170,199,169"
10270,"3,15,17"
10271,"32,31,23"
10272,"40,23,135"
10273,"3,21,53"
10274,"3,53,147"
10275,"40,184,131"
10276,"0,8"
10277,"41,40"
10278,"3,15,21"
10279,"10,64,90"
10280,"38,23,93"
10281,"24,23"
10282,"3,40,21"
10283,"0,23,265"
10284,"23,10,38"
10285,"3,21,147"
10286,"220,10,221"
10287,"23,31,74"
10288,"43,24,23"
10289,"311,426,337"
10290,"3,21"
10291,"3,17,21"
10292,"24,10,23"
10293,"111,123,3"
10294,"220,221,10"
10295,"40,145,146"
10296,"3,21,53"
10297,"10,44"
10298,"44,10,145"
10299,"40,135,138"
10300,"38,23"
10301,"0,271,265"
10302,"40,131"
10303,"3,21"
10304,"3,21,41"
10305,"0,8,265"
10306,"3,147,21"
10307,"3,21"
10308,"40,128,145"
10309,"10,11,44"
10310,"3,21,5"
10311,"3,147,21"
10312,"40,135"
10313,"402,145,40"
10314,"135,40"
10315,"3,21,53"
10316,"426,169,10"
10317,"3,21"
10318,"23,38"
10319,"170,169,199"
10320,"128,129,40"
10321,"216,0,211"
10322,"17,40,3"
10323,"220,10,221"
10324,"23,26,350"
10325,"41,42,40"
10326,"49,23,24"
10327,"24,23,43"
10328,"3,21"
10329,"4,3"
10330,"23,26,296"
10331,"3,21"
10332,"199,169,170"
10333,"40,128"
10334,"43,24,23"
10335,"3,21,4"
10336,"0,216"
10337,"0,255,271"
10338,"426,169,170"
10339,"17,18,3"
10340,"31,23"
10341,"3,21,147"
10342,"23,0,26"
10343,"40,145,146"
10344,"23,38,24"
10345,"23,74,38"
10346,"0,8"
10347,"0,218"
10348,"23,40,131"
10349,"23,31"
10350,"40,41"
10351,"64,10,65"
10352,"3,21"
10353,"23,24,60"
10354,"0,271,265"
10355,"296,169,460"
10356,"3,21"
10357,"40,184,199"
10358,"74,23"
10359,"199,170"
10360,"40,74,23"
10361,"23,74,38"
10362,"11,44,10"
10363,"3,21,147"
10364,"0,350,26"
10365,"169,170,199"
10366,"10,145,44"
10367,"0,255,218"
10368,"23,38,10"
10369,"10,44,11"
10370,"216,0,211"
10371,"23,24,38"
10372,"216,211,212"
10373,"111,3,40"
10374,"31,23"
10375,"40,128,186"
10376,"23,74,38"
10377,"199,170,169"
10378,"64,10,93"
10379,"131,40,184"
10380,"24,23"
10381,"169,170,199"
10382,"0,265,23"
10383,"10,220"
10384,"40,131,128"
10385,"402,40,145"
10386,"3,53,265"
10387,"40,3,41"
10388,"60,10,64"
10389,"10,44,145"
10390,"0,8,218"
10391,"23,74,38"
10392,"0,216,211"
10393,"3,4"
10394,"3,30,13"
10395,"3,10,23"
10396,"4,3,7"
10397,"64,93,131"
10398,"0,265,271"
10399,"131,241,40"
10400,"23,26,24"
10401,"60,3,10"
10402,"169,426,170"
10403,"199,170,311"
10404,"10,44,11"
10405,"145,402,44"
10406,"21,3,170"
10407,"3,147,21"
10408,"169,170,199"
10409,"43,24,23"
10410,"290,10"
10411,"3,21,30"
10412,"0,8,327"
10413,"23,26,38"
10414,"3,21,17"
10415,"3,21,17"
10416,"40,131,184"
10417,"3,4,21"
10418,"0,265"
10419,"10,11,44"
10420,"93,64,10"
10421,"64,10,93"
10422,"93,64,10"
10423,"93,64,10"
10424,"40,123,111"
10425,"23,38,74"
10426,"43,24,23"
10427,"3,21,53"
10428,"170,199,169"
10429,"402,145,40"
10430,"199,135,170"
10431,"10,11,12"
10432,"402,145,40"
10433,"23,32,31"
10434,"3,28"
10435,"10,26,23"
10436,"4,3,19"
10437,"199,170,171"
10438,"41,40,3"
10439,"23,31"
10440,"3,30,21"
10441,"169,170,199"
10442,"21,3,60"
10443,"145,44,10"
10444,"21,3"
10445,"131,241"
10446,"3,5,21"
10447,"199,170,169"
10448,"169,170,199"
10449,"169,199,170"
10450,"40,145"
10451,"40,41"
10452,"426,169,170"
10453,"3,4,21"
10454,"426,199,311"
10455,"93,64,60"
10456,"40,145,146"
10457,"8,0,206"
10458,"10,220,221"
10459,"0,8,235"
10460,"74,118,23"
10461,"10,11,44"
10462,"271,0,255"
10463,"3,4,30"
10464,"128,40"
10465,"0,8,402"
10466,"10,11,69"
10467,"337,311,199"
10468,"8,391,23"
10469,"0,255,271"
10470,"10,220,221"
10471,"38,23"
10472,"10,220,221"
10473,"4,3,19"
10474,"169,426,170"
10475,"48,21,3"
10476,"169,170,296"
10477,"3,21"
10478,"128,60,40"
10479,"40,160,184"
10480,"3,4,30"
10481,"40,160,131"
10482,"40,41,184"
10483,"31,96,23"
10484,"10,220,221"
10485,"43,24,23"
10486,"169,426,170"
10487,"431,135"
10488,"3,21,147"
10489,"296,169,306"
10490,"3,21"
10491,"199,170,337"
10492,"64,93,10"
10493,"40,131,134"
10494,"170,171,169"
10495,"3,17,18"
10496,"10,11,44"
10497,"3,147,21"
10498,"199,170,169"
10499,"199,170,311"
10500,"370,216,23"
10501,"64,93,10"
10502,"40,131"
10503,"0,10,229"
10504,"128,40,175"
10505,"3,4"
10506,"89,26,23"
10507,"3,21,53"
10508,"40,23"
10509,"10,64"
10510,"17,18,3"
10511,"131,40,23"
10512,"23,38,26"
10513,"23,74"
10514,"43,24,23"
10515,"40,131"
10516,"8,206,0"
10517,"10,11,44"
10518,"3,0,28"
10519,"23,38,26"
10520,"64,10,93"
10521,"10,64,65"
10522,"40,131,128"
10523,"3,21"
10524,"3,21,147"
10525,"199,170,169"
10526,"10,44,11"
10527,"10,145,44"
10528,"23,10,3"
10529,"220,221,242"
10530,"0,8"
10531,"40,128"
10532,"10,44,11"
10533,"3,21"
10534,"0,8"
10535,"3,4"
10536,"23,38,26"
10537,"21,3"
10538,"23,74,38"
10539,"40,160,315"
10540,"3,21,5"
10541,"93,64,10"
10542,"170,199,169"
10543,"3,40,111"
10544,"3,111,21"
10545,"26,89,23"
10546,"23,3"
10547,"11,10,44"
10548,"3,147,111"
10549,"0,271,8"
10550,"31,32,23"
10551,"220,10,402"
10552,"3,21"
10553,"296,169"
10554,"40,3,111"
10555,"10,64"
10556,"3,21,111"
10557,"49,24,23"
10558,"40,145,128"
10559,"40,131,184"
10560,"23,38,82"
10561,"38,74,40"
10562,"60,199,170"
10563,"10,44,11"
10564,"10,44"
10565,"3,111"
10566,"10,60"
10567,"10,44,23"
10568,"43,23,24"
10569,"3,5,21"
10570,"3,21"
10571,"40,135"
10572,"23,26,38"
10573,"23,3,24"
10574,"10,11,44"
10575,"40,145,74"
10576,"0,271,265"
10577,"38,23"
10578,"3,21"
10579,"40,131,145"
10580,"220,221,10"
10581,"0,216,8"
10582,"170,199,169"
10583,"0,271,255"
10584,"426,169,170"
10585,"0,265,271"
10586,"10,220,0"
10587,"40,131,184"
10588,"10,44,11"
10589,"23,38,26"
10590,"170,3,199"
10591,"169,170,426"
10592,"44,10,145"
10593,"3,23"
10594,"131,40,241"
10595,"21,40,3"
10596,"10,44"
10597,"0,265,8"
10598,"74,23,24"
10599,"23,38"
10600,"0,216"
10601,"3,17,21"
10602,"234,60,145"
10603,"128,40,129"
10604,"296,169"
10605,"375,4"
10606,"10,64,145"
10607,"111,3,123"
10608,"3,21,147"
10609,"17,3,18"
10610,"40,131"
10611,"3,21"
10612,"10,64,93"
10613,"170,199,169"
10614,"3,21,41"
10615,"3,21"
10616,"3,21,28"
10617,"145,23,44"
10618,"3,21"
10619,"10,24,64"
10620,"3,21"
10621,"130,129,128"
10622,"169,199,170"
10623,"137,38,175"
10624,"40,128"
10625,"26,23,89"
10626,"10,220"
10627,"0,216"
10628,"426,169,170"
10629,"3,5,21"
10630,"21,3"
10631,"26,350,23"
10632,"220,221,242"
10633,"265,0"
10634,"10,64"
10635,"311,337,199"
10636,"3,21,111"
10637,"3,147"
10638,"3,21,17"
10639,"40,41,160"
10640,"8,0,23"
10641,"0,265"
10642,"0,23,216"
10643,"5,3,6"
10644,"24,43,23"
10645,"145,40,264"
10646,"40,199,160"
10647,"0,271,265"
10648,"38,23,26"
10649,"64,10"
10650,"145,44,10"
10651,"10,44"
10652,"38,23"
10653,"21,3"
10654,"40,128,129"
10655,"10,11,44"
10656,"131,40,184"
10657,"0,271,265"
10658,"26,231,23"
10659,"0,350,26"
10660,"3,15,21"
10661,"40,41,128"
10662,"24,43"
10663,"25,23,10"
10664,"169,170,199"
10665,"0,271,265"
10666,"40,128,41"
10667,"0,3,147"
10668,"23,38,26"
10669,"169,3"
10670,"220,221,10"
10671,"0,8,216"
10672,"40,128"
10673,"23,24,31"
10674,"0,26,350"
10675,"3,21"
10676,"145,23,10"
10677,"0,218"
10678,"49,24,23"
10679,"31,32,23"
10680,"169,311,426"
10681,"3,4,28"
10682,"40,41,21"
10683,"131,40,226"
10684,"40,128,184"
10685,"21,3,41"
10686,"271,0,265"
10687,"426,169,508"
10688,"38,74,23"
10689,"184,40,494"
10690,"135,431,199"
10691,"169,199,311"
10692,"23,60,3"
10693,"3,21,147"
10694,"0,23,8"
10695,"40,128"
10696,"3,5,21"
10697,"3,4,21"
10698,"3,21,4"
10699,"0,271,255"
10700,"64,90,10"
10701,"10,145,44"
10702,"3,21"
10703,"10,64"
10704,"10,220,221"
10705,"38,23"
10706,"40,131,184"
10707,"3,4,53"
10708,"3,21,30"
10709,"3,21"
10710,"169,199,170"
10711,"0,8"
10712,"24,23,43"
10713,"170,169,199"
10714,"64,10,93"
10715,"0,265,271"
10716,"93,64,10"
10717,"23,24,31"
10718,"3,4,0"
10719,"23,31,96"
10720,"170,169,199"
10721,"60,23,40"
10722,"296,31,10"
10723,"3,4"
10724,"111,3,112"
10725,"23,24,49"
10726,"10,220,221"
10727,"170,169,199"
10728,"10,11,44"
10729,"0,8"
10730,"199,170,426"
10731,"24,23,43"
10732,"0,271,265"
10733,"17,3,18"
10734,"3,21"
10735,"0,271,265"
10736,"10,64,24"
10737,"3,30,28"
10738,"3,21"
10739,"3,53,120"
10740,"3,21"
10741,"40,23,38"
10742,"10,44,11"
10743,"3,111,21"
10744,"169,170,199"
10745,"135,138,169"
10746,"255,0,218"
10747,"44,10,145"
10748,"169,170,64"
10749,"3,5,21"
10750,"3,21,17"
10751,"23,38,40"
10752,"199,170,169"
10753,"10,220,221"
10754,"40,131,23"
10755,"44,10,145"
10756,"0,216,211"
10757,"44,10,145"
10758,"3,4"
10759,"23,24,26"
10760,"18,17,168"
10761,"38,23,74"
10762,"3,21"
10763,"311,426,199"
10764,"129,40,128"
10765,"3,4"
10766,"129,130,26"
10767,"3,17,21"
10768,"199,170,311"
10769,"3,21,53"
10770,"43,24,23"
10771,"169,199,170"
10772,"40,128,160"
10773,"199,169,170"
10774,"44,10,11"
10775,"40,3"
10776,"170,3,199"
10777,"220,10,221"
10778,"3,21"
10779,"0,265,271"
10780,"3,4"
10781,"220,221,242"
10782,"0,8"
10783,"21,3"
10784,"111,3"
10785,"3,21"
10786,"3,41,21"
10787,"24,0,145"
10788,"311,337,426"
10789,"0,271,216"
10790,"0,426"
10791,"24,43,23"
10792,"0,271,218"
10793,"3,21,17"
10794,"199,170,169"
10795,"40,41,128"
10796,"3,4,5"
10797,"169,199,170"
10798,"3,21"
10799,"43,181,24"
10800,"10,220"
10801,"40,145"
10802,"23,74"
10803,"23,24,38"
10804,"0,8,235"
10805,"64,448,402"
10806,"10,69,23"
10807,"3,21,28"
10808,"10,64"
10809,"23,38,26"
10810,"135,138,40"
10811,"3,21,147"
10812,"10,60,64"
10813,"0,10,229"
10814,"3,0,135"
10815,"169,426,199"
10816,"10,44,145"
10817,"231,26,23"
10818,"23,26"
10819,"64,93,10"
10820,"0,271,8"
10821,"3,21,30"
10822,"220,221,10"
10823,"199,170,169"
10824,"64,10,93"
10825,"23,24,43"
10826,"220,10,221"
10827,"38,23,10"
10828,"169,296"
10829,"40,128"
10830,"10,11,44"
10831,"375,4,23"
10832,"0,216"
10833,"3,21,34"
10834,"4,3"
10835,"3,21,28"
10836,"23,38,74"
10837,"23,38,24"
10838,"3,17,21"
10839,"10,0"
10840,"131,40,128"
10841,"23,62,38"
10842,"0,218,265"
10843,"0,216,271"
10844,"0,216,271"
10845,"3,21"
10846,"169,170,337"
10847,"3,21"
10848,"26,89,23"
10849,"3,21,5"
10850,"64,93,10"
10851,"0,8,216"
10852,"145,38,44"
10853,"23,74,26"
10854,"3,21"
10855,"23,26,38"
10856,"40,128,74"
10857,"0,271,265"
10858,"25,23,24"
10859,"169,23,426"
10860,"0,23"
10861,"23,24,74"
10862,"3,21,187"
10863,"220,10,221"
10864,"3,41,40"
10865,"64,10"
10866,"31,508,23"
10867,"10,220,221"
10868,"10,265,11"
10869,"10,31,44"
10870,"17,3,18"
10871,"220,221,10"
10872,"0,271,265"
10873,"40,135"
10874,"40,131,128"
10875,"0,271,366"
10876,"0,255,218"
10877,"74,40,165"
10878,"128,40"
10879,"23,74,118"
10880,"8,0,206"
10881,"23,38,24"
10882,"3,21,53"
10883,"3,120,111"
10884,"31,328,23"
10885,"23,40,74"
10886,"220,221,10"
10887,"10,145,24"
10888,"64,10,65"
10889,"38,145,44"
10890,"3,111,53"
10891,"3,21"
10892,"356,169,199"
10893,"3,15"
10894,"0,271,265"
10895,"4,3,5"
10896,"3,21,5"
10897,"3,21,111"
10898,"32,31"
10899,"145,23,508"
10900,"3,21,30"
10901,"3,21"
10902,"21,41,23"
10903,"21,184,3"
10904,"23,131,241"
10905,"10,44,11"
10906,"3,21,23"
10907,"135,431,40"
10908,"296,460,169"
10909,"135,40,138"
10910,"3,4,17"
10911,"3,21"
10912,"64,10,90"
10913,"26,231,23"
10914,"3,21"
10915,"10,44,11"
10916,"93,64,10"
10917,"0,265,8"
10918,"26,23,89"
10919,"3,4"
10920,"3,4"
10921,"23,335,26"
10922,"40,145"
10923,"10,64,11"
10924,"0,8"
10925,"40,128,41"
10926,"8,0,206"
10927,"296,169,306"
10928,"3,17,21"
10929,"40,128"
10930,"3,28,21"
10931,"64,10,93"
10932,"24,23,43"
10933,"0,265,271"
10934,"23,38"
10935,"145,40"
10936,"26,350,23"
10937,"216,0,10"
10938,"21,41,40"
10939,"3,111,13"
10940,"10,60,24"
10941,"3,21,147"
10942,"0,265,8"
10943,"23,24,49"
10944,"4,3,19"
10945,"40,3,21"
10946,"0,218,8"
10947,"135,138,40"
10948,"64,10"
10949,"23,26,0"
10950,"0,8"
10951,"229,0"
10952,"3,30,28"
10953,"10,69"
10954,"402,145,40"
10955,"23,38,26"
10956,"220,10,221"
10957,"4,3,5"
10958,"3,21"
10959,"24,23,49"
10960,"337,169,0"
10961,"3,21,30"
10962,"3,169,111"
10963,"44,10,145"
10964,"43,24"
10965,"43,24,23"
10966,"40,128,41"
10967,"199,169,426"
10968,"3,21,17"
10969,"508,426,169"
10970,"3,23,21"
10971,"456,271,265"
10972,"3,21,147"
10973,"40,135,138"
10974,"60,239,31"
10975,"3,21"
10976,"43,24,23"
10977,"3,21"
10978,"3,21"
10979,"0,216"
10980,"135,40,189"
10981,"3,4,21"
10982,"170,169,199"
10983,"23,24"
10984,"43,23,24"
10985,"3,111,147"
10986,"350,26"
10987,"40,130,128"
10988,"41,21,3"
10989,"10,220,221"
10990,"0,216,8"
10991,"128,40"
10992,"40,128,130"
10993,"3,111,53"
10994,"3,17,18"
10995,"3,21"
10996,"3,111,21"
10997,"23,38"
10998,"40,131,134"
10999,"3,21"
11000,"3,111"
11001,"169,170,199"
11002,"23,131"
11003,"23,26,38"
11004,"40,128,131"
11005,"3,28,21"
11006,"10,11,44"
11007,"128,40"
11008,"23,26,38"
11009,"10,64"
11010,"60,239,10"
11011,"220,10,221"
11012,"10,220"
11013,"40,131,134"
11014,"10,44,370"
11015,"23,24,145"
11016,"296,337,199"
11017,"169,170,199"
11018,"145,402,40"
11019,"508,169,426"
11020,"40,128"
11021,"0,8"
11022,"145,23,38"
11023,"40,145"
11024,"426,169,199"
11025,"23,24,31"
11026,"128,129,40"
11027,"296,169"
11028,"3,21"
11029,"43,24,23"
11030,"23,38,93"
11031,"169,170,199"
11032,"31,60,23"
11033,"0,271,3"
11034,"26,350"
11035,"426,23,24"
11036,"3,4,21"
11037,"145,402,44"
11038,"38,26,23"
11039,"23,74"
11040,"3,21"
11041,"169,171,170"
11042,"3,21,28"
11043,"0,265,271"
11044,"0,8,26"
11045,"0,271"
11046,"3,111,4"
11047,"296,169"
11048,"311,337,223"
11049,"216,249,211"
11050,"170,199,311"
11051,"296,169"
11052,"3,21,30"
11053,"220,10,221"
11054,"23,74,26"
11055,"49,24,23"
11056,"40,131"
11057,"23,38,74"
11058,"64,93,10"
11059,"31,169,23"
11060,"169,170,199"
11061,"370,0,216"
11062,"3,21,40"
11063,"40,135,395"
11064,"40,128,129"
11065,"64,10"
11066,"0,265,218"
11067,"38,145,23"
11068,"64,10,65"
11069,"0,8"
11070,"24,43,23"
11071,"169,170,199"
11072,"3,21,4"
11073,"220,221,242"
11074,"3,21,30"
11075,"3,21"
11076,"40,128,129"
11077,"3,21,199"
11078,"170,199,169"
11079,"10,64,93"
11080,"0,271,265"
11081,"128,130,40"
11082,"3,17,21"
11083,"3,21,17"
11084,"10,44,145"
11085,"23,24,49"
11086,"169,426,23"
11087,"169,426,170"
11088,"11,44,10"
11089,"426,311,337"
11090,"402,145,40"
11091,"3,30,28"
11092,"3,23"
11093,"8,0,206"
11094,"26,350,23"
11095,"40,199,170"
11096,"0,271,8"
11097,"23,38"
11098,"38,23,82"
11099,"131,40,184"
11100,"23,38,24"
11101,"241,40,137"
11102,"31,23,24"
11103,"3,21"
11104,"3,4,21"
11105,"169,170,199"
11106,"10,44,145"
11107,"21,3,40"
11108,"0,271,255"
11109,"40,131,184"
11110,"44,10,11"
11111,"64,10,448"
11112,"74,303,23"
11113,"40,49"
11114,"3,21"
11115,"169,199,170"
11116,"0,8"
11117,"220,221,242"
11118,"64,10,90"
11119,"40,184,160"
11120,"31,169,199"
11121,"3,21"
11122,"0,218,255"
11123,"3,21"
11124,"3,4"
11125,"3,21,85"
11126,"40,131,184"
11127,"32,23,31"
11128,"0,8"
11129,"0,26,8"
11130,"10,23"
11131,"40,31,131"
11132,"74,23,38"
11133,"0,271,366"
11134,"74,23,38"
11135,"0,8"
11136,"0,216,265"
11137,"0,337,21"
11138,"0,255,271"
11139,"17,18,3"
11140,"40,160"
11141,"0,10"
11142,"0,8,271"
11143,"3,53,21"
11144,"40,131,23"
11145,"220,221,10"
11146,"3,17,21"
11147,"26,23,89"
11148,"40,41,160"
11149,"40,41,74"
11150,"26,23,231"
11151,"40,74,23"
11152,"24,23,43"
11153,"64,93,10"
11154,"3,13"
11155,"40,41,128"
11156,"131,40,134"
11157,"60,24,10"
11158,"23,38,24"
11159,"169,426,199"
11160,"21,3,40"
11161,"220,221,10"
11162,"402,145,40"
11163,"21,3"
11164,"40,21,3"
11165,"43,24,23"
11166,"220,10,221"
11167,"145,44,10"
11168,"220,10,221"
11169,"10,220"
11170,"64,10,90"
11171,"3,5,4"
11172,"0,271,366"
11173,"40,128"
11174,"23,105,24"
11175,"199,426,169"
11176,"10,11,44"
11177,"3,21,147"
11178,"40,128,131"
11179,"199,169,170"
11180,"10,44,11"
11181,"3,21,34"
11182,"40,184,128"
11183,"23,24,49"
11184,"199,169,170"
11185,"38,23,82"
11186,"3,21"
11187,"199,170,426"
11188,"3,21,13"
11189,"8,0,206"
11190,"402,40,145"
11191,"26,23"
11192,"0,8"
11193,"3,53,21"
11194,"3,4"
11195,"38,23"
11196,"23,24,31"
11197,"169,170,199"
11198,"426,169"
11199,"199,169,170"
11200,"64,93,10"
11201,"38,23,48"
11202,"0,8,206"
11203,"0,271,255"
11204,"3,21"
11205,"64,10,93"
11206,"74,23,38"
11207,"40,41,3"
11208,"10,64,93"
11209,"93,64,60"
11210,"43,24,23"
11211,"0,216,304"
11212,"0,8,218"
11213,"3,170,21"
11214,"131,40,184"
11215,"10,64"
11216,"199,170,169"
11217,"10,44,11"
11218,"128,40"
11219,"21,3,187"
11220,"10,38,23"
11221,"23,26,38"
11222,"49,24,23"
11223,"0,271,8"
11224,"40,131,128"
11225,"135,431"
11226,"220,10,242"
11227,"3,21,311"
11228,"3,21,17"
11229,"23,26,38"
11230,"337,426,199"
11231,"24,23,49"
11232,"0,271,8"
11233,"10,220,25"
11234,"23,26,38"
11235,"23,105,24"
11236,"40,131,128"
11237,"3,21,53"
11238,"3,17,21"
11239,"43,24,23"
11240,"3,4,21"
11241,"131,40,134"
11242,"23,24"
11243,"0,265,271"
11244,"10,64"
11245,"211,216,212"
11246,"3,28,30"
11247,"220,221,10"
11248,"3,21,30"
11249,"3,15,21"
11250,"169,426"
11251,"199,170,169"
11252,"0,265,271"
11253,"40,3"
11254,"23,31"
11255,"23,0,265"
11256,"10,44,11"
11257,"10,64,44"
11258,"3,15"
11259,"64,10,60"
11260,"10,64"
11261,"10,220"
11262,"199,169,170"
11263,"145,40,44"
11264,"3,21,147"
11265,"199,170,169"
11266,"40,131,128"
11267,"10,0,220"
11268,"40,184,131"
11269,"40,131"
11270,"0,265,271"
11271,"21,3"
11272,"0,3,208"
11273,"43,23,24"
11274,"23,26,0"
11275,"145,10,24"
11276,"40,128,184"
11277,"40,135"
11278,"0,271,265"
11279,"38,26,23"
11280,"169,170,199"
11281,"38,23"
11282,"10,44,11"
11283,"3,21,34"
11284,"0,216,211"
11285,"131,40,184"
11286,"10,44,11"
11287,"169,170,199"
11288,"145,0,44"
11289,"169,170,199"
11290,"10,44,11"
11291,"145,402,40"
11292,"4,3,188"
11293,"26,23,89"
11294,"31,23,32"
11295,"17,18,3"
11296,"64,10,90"
11297,"199,169,170"
11298,"3,21,169"
11299,"64,10,93"
11300,"24,23,38"
11301,"135,40,138"
11302,"3,21,53"
11303,"169,170,199"
11304,"64,10,93"
11305,"21,3"
11306,"3,53,21"
11307,"145,40"
11308,"23,38,137"
11309,"0,265,8"
11310,"3,21,53"
11311,"40,41"
11312,"265,0,271"
11313,"49,24,23"
11314,"135,138,40"
11315,"23,38"
11316,"3,21"
11317,"220,221,242"
11318,"426,311,199"
11319,"169,170,199"
11320,"3,4"
11321,"145,44,40"
11322,"0,216,271"
11323,"220,221,10"
11324,"181,61,60"
11325,"10,64,44"
11326,"10,0,44"
11327,"3,21,13"
11328,"128,0,26"
11329,"23,32,31"
11330,"169,296"
11331,"40,74,184"
11332,"23,31,32"
11333,"3,23,53"
11334,"169,170,199"
11335,"220,221,10"
11336,"3,111"
11337,"0,128"
11338,"3,40"
11339,"43,24,23"
11340,"169,199,170"
11341,"0,8"
11342,"171,199,170"
11343,"220,10,221"
11344,"3,21"
11345,"93,64,10"
11346,"3,21"
11347,"131,184,40"
11348,"169,170,199"
11349,"23,426,31"
11350,"40,41"
11351,"3,4,21"
11352,"31,328,426"
11353,"10,64,93"
11354,"169,170,199"
11355,"3,23,38"
11356,"3,21,5"
11357,"426,169,170"
11358,"0,8"
11359,"3,21"
11360,"135,23"
11361,"10,60,64"
11362,"38,24,23"
11363,"3,17,21"
11364,"10,44,11"
11365,"3,21,30"
11366,"220,242,221"
11367,"3,4,111"
11368,"10,49,24"
11369,"3,15,4"
11370,"0,271,8"
11371,"40,131,128"
11372,"3,21,28"
11373,"145,44,10"
11374,"135,40"
11375,"0,271,265"
11376,"3,21"
11377,"220,10,221"
11378,"0,271,218"
11379,"220,221,10"
11380,"40,131,134"
11381,"17,18,168"
11382,"0,218,457"
11383,"23,26,38"
11384,"49,24,23"
11385,"23,49,24"
11386,"23,26"
11387,"3,21"
11388,"3,21,170"
11389,"3,21,111"
11390,"10,11,44"
11391,"3,53,21"
11392,"131,40,184"
11393,"128,175,40"
11394,"402,145"
11395,"220,10,221"
11396,"131,40,184"
11397,"26,23,231"
11398,"23,26,38"
11399,"199,169,170"
11400,"169,170,199"
11401,"0,271,456"
11402,"3,21,38"
11403,"0,8,206"
11404,"402,40,145"
11405,"23,74,84"
11406,"3,147,21"
11407,"0,8"
11408,"220,10,221"
11409,"3,5,4"
11410,"23,74,38"
11411,"135,40,138"
11412,"21,3"
11413,"3,21"
11414,"23,38,63"
11415,"128,8,74"
11416,"3,23,21"
11417,"40,23"
11418,"199,170,311"
11419,"24,10,43"
11420,"169,170,426"
11421,"23,24,31"
11422,"23,31"
11423,"0,8"
11424,"40,23,74"
11425,"40,145,23"
11426,"3,21,28"
11427,"40,128,129"
11428,"49,23,24"
11429,"169,170,296"
11430,"220,221,10"
11431,"128,40,129"
11432,"3,30,21"
11433,"10,11,44"
11434,"220,221,242"
11435,"10,44,11"
11436,"40,128,160"
11437,"40,31,23"
11438,"3,4,111"
11439,"40,145,128"
11440,"40,184,131"
11441,"145,44,10"
11442,"3,21,147"
11443,"3,53"
11444,"402,145,0"
11445,"21,3"
11446,"135,40"
11447,"40,41,128"
11448,"311,170,199"
11449,"3,53,15"
11450,"64,10,93"
11451,"40,131,128"
11452,"3,21"
11453,"0,8"
11454,"23,0,38"
11455,"3,21,147"
11456,"10,265,11"
11457,"220,221,10"
11458,"3,21,147"
11459,"10,220,44"
11460,"23,26"
11461,"370,0,216"
11462,"3,147,21"
11463,"220,10,221"
11464,"105,3"
11465,"3,147,21"
11466,"220,10"
11467,"3,21,111"
11468,"3,53,21"
11469,"74,23,38"
11470,"169,426,311"
11471,"23,24"
11472,"4,3,7"
11473,"10,44,11"
11474,"44,38,23"
11475,"3,21"
11476,"13,23,74"
11477,"0,271,265"
11478,"3,111,53"
11479,"10,64"
11480,"38,74,128"
11481,"10,44,11"
11482,"3,21"
11483,"402,145,10"
11484,"49,170,199"
11485,"0,265,271"
11486,"220,221,10"
11487,"199,170,169"
11488,"23,26,38"
11489,"3,4,21"
11490,"3,21,53"
11491,"40,131"
11492,"23,24,49"
11493,"170,199,171"
11494,"0,216,211"
11495,"0,216"
11496,"23,32,31"
11497,"3,21"
11498,"169,199,170"
11499,"31,23"
11500,"0,8"
11501,"3,4,111"
11502,"3,21,4"
11503,"23,26"
11504,"3,17,21"
11505,"3,111,4"
11506,"38,23,145"
11507,"3,5,6"
11508,"3,5,21"
11509,"170,199,169"
11510,"3,21,17"
11511,"10,64,65"
11512,"3,4,21"
11513,"3,21,17"
11514,"220,10,221"
11515,"296,169,111"
11516,"311,199,337"
11517,"3,21,34"
11518,"40,128,41"
11519,"170,199,169"
11520,"3,111,21"
11521,"40,128,160"
11522,"0,128,40"
11523,"23,38"
11524,"38,23,91"
11525,"169,426,170"
11526,"220,10,221"
11527,"64,93,10"
11528,"23,40,128"
11529,"199,170,169"
11530,"170,169,199"
11531,"3,21,147"
11532,"40,3"
11533,"3,4"
11534,"10,64,11"
11535,"3,21,170"
11536,"23,26"
11537,"44,11,10"
11538,"23,145,24"
11539,"10,64,11"
11540,"3,21,53"
11541,"23,44,10"
11542,"170,199,169"
11543,"64,93,10"
11544,"40,41"
11545,"10,44,11"
11546,"3,170,169"
11547,"3,30,21"
11548,"23,40"
11549,"40,131"
11550,"40,131"
11551,"10,64,31"
11552,"40,128,131"
11553,"138,135,40"
11554,"23,24,131"
11555,"26,231,23"
11556,"3,21"
11557,"10,64,93"
11558,"23,38,26"
11559,"3,21,30"
11560,"3,21"
11561,"220,221,10"
11562,"3,145,21"
11563,"0,8"
11564,"3,17"
11565,"40,131,128"
11566,"220,10,0"
11567,"40,128,129"
11568,"0,271,265"
11569,"3,21,28"
11570,"169,426,199"
11571,"49,23,24"
11572,"10,11,44"
11573,"38,74,23"
11574,"0,8,206"
11575,"265,0"
11576,"23,24"
11577,"426,169,145"
11578,"170,169,21"
11579,"3,21,147"
11580,"350,0,26"
11581,"426,169,311"
11582,"23,24"
11583,"3,4"
11584,"3,5,21"
11585,"3,30,21"
11586,"74,23,118"
11587,"3,21,15"
11588,"0,8,265"
11589,"3,21,28"
11590,"64,10,65"
11591,"40,160,184"
11592,"170,199,169"
11593,"145,216,44"
11594,"0,8,265"
11595,"199,170,169"
11596,"60,199,64"
11597,"10,64"
11598,"3,21"
11599,"60,239,23"
11600,"23,38,74"
11601,"199,169,170"
11602,"3,21"
11603,"23,38,74"
11604,"10,64,90"
11605,"0,265,271"
11606,"40,160,151"
11607,"21,234"
11608,"271,0,265"
11609,"3,21,40"
11610,"40,3,41"
11611,"64,93,10"
11612,"3,21"
11613,"64,93,10"
11614,"3,21"
11615,"0,265"
11616,"3,21,17"
11617,"40,23,131"
11618,"23,38"
11619,"40,128"
11620,"40,131,128"
11621,"426,169,311"
11622,"3,21,41"
11623,"74,23,38"
11624,"3,17,21"
11625,"72,145,44"
11626,"38,23,82"
11627,"0,8,10"
11628,"21,3"
11629,"169,426,170"
11630,"40,128,131"
11631,"23,24,38"
11632,"3,21,53"
11633,"220,10,221"
11634,"23,74,118"
11635,"145,10,23"
11636,"3,21,5"
11637,"10,11,44"
11638,"23,105,24"
11639,"38,23,40"
11640,"3,21,85"
11641,"64,10,93"
11642,"49,24,23"
11643,"23,38"
11644,"3,21,147"
11645,"10,145,24"
11646,"40,131,184"
11647,"64,3,10"
11648,"3,53,21"
11649,"131,40"
11650,"11,44,10"
11651,"3,21,17"
11652,"0,23"
11653,"0,216,211"
11654,"43,24,23"
11655,"10,11,44"
11656,"131,40,184"
11657,"3,21"
11658,"3,4,21"
11659,"26,23"
11660,"3,4,111"
11661,"10,220"
11662,"24,23,43"
11663,"220,10,221"
11664,"3,21,34"
11665,"3,17,21"
11666,"10,220"
11667,"40,135,138"
11668,"10,11,64"
11669,"169,199,170"
11670,"3,21,17"
11671,"38,23,137"
11672,"23,38"
11673,"303,74,23"
11674,"23,10,24"
11675,"169,426,508"
11676,"170,199,459"
11677,"199,170,169"
11678,"271,0,456"
11679,"456,271,0"
11680,"10,64,24"
11681,"24,43,23"
11682,"220,10,221"
11683,"64,60,93"
11684,"31,23,32"
11685,"170,199,169"
11686,"111,123,267"
11687,"3,21,40"
11688,"10,23,24"
11689,"3,21,5"
11690,"3,38,74"
11691,"24,145,23"
11692,"93,64"
11693,"3,4,21"
11694,"218,0,255"
11695,"5,3"
11696,"426,199,311"
11697,"0,216,211"
11698,"0,8,313"
11699,"3,4,21"
11700,"169,170,199"
11701,"3,21,111"
11702,"169,296,199"
11703,"145,402,40"
11704,"402,145,40"
11705,"3,21,30"
11706,"3,53,21"
11707,"18,17,3"
11708,"24,23,49"
11709,"216,0,211"
11710,"135,40,138"
11711,"4,3,7"
11712,"24,23,40"
11713,"93,64,10"
11714,"93,64,10"
11715,"3,21,111"
11716,"43,93,199"
11717,"40,131,128"
11718,"311,199,426"
11719,"23,26"
11720,"3,21"
11721,"3,21,53"
11722,"3,23,53"
11723,"10,24,44"
11724,"40,3"
11725,"3,28"
11726,"169,339,337"
11727,"10,11,44"
11728,"111,123"
11729,"25,24"
11730,"3,4"
11731,"0,38,23"
11732,"40,184,128"
11733,"40,131,184"
11734,"170,169,199"
11735,"31,23"
11736,"3,111,21"
11737,"74,38,23"
11738,"8,0,206"
11739,"38,0,145"
11740,"220,10,221"
11741,"3,4,111"
11742,"3,21,147"
11743,"169,170,199"
11744,"3,21"
11745,"3,21,111"
11746,"3,21"
11747,"3,21,17"
11748,"3,21,53"
11749,"169,199,170"
11750,"40,128,160"
11751,"199,170,337"
11752,"3,21"
11753,"10,44,11"
11754,"31,96,23"
11755,"43,24,23"
11756,"10,11"
11757,"23,31"
11758,"64,10,65"
11759,"170,169,199"
11760,"23,38"
11761,"23,74,118"
11762,"3,21,41"
11763,"3,111"
11764,"3,21,147"
11765,"3,17,21"
11766,"0,271,216"
11767,"3,21,5"
11768,"3,21"
11769,"199,169,170"
11770,"3,21"
11771,"21,3"
11772,"3,21,15"
11773,"3,169,21"
11774,"169,199,170"
11775,"131,40,184"
11776,"64,10,65"
11777,"21,53,426"
11778,"64,10"
11779,"10,11,44"
11780,"64,10"
11781,"170,169,199"
11782,"169,170,199"
11783,"23,24,49"
11784,"24,23,43"
11785,"72,23,24"
11786,"169,426,199"
11787,"3,4,5"
11788,"43,60,24"
11789,"131,40,184"
11790,"3,147,21"
11791,"40,129,128"
11792,"23,24"
11793,"23,10,26"
11794,"23,38,24"
11795,"129,169,337"
11796,"38,23"
11797,"10,44,11"
11798,"38,23"
11799,"3,21,40"
11800,"0,8"
11801,"3,21,30"
11802,"3,21"
11803,"3,21,4"
11804,"3,21"
11805,"3,21"
11806,"3,21"
11807,"23,38,74"
11808,"23,24,38"
11809,"10,64"
11810,"40,128,184"
11811,"402,145,40"
11812,"3,21,111"
11813,"3,21,17"
11814,"145,44,10"
11815,"40,184,131"
11816,"128,40"
11817,"4,3,19"
11818,"10,11,44"
11819,"337,311,199"
11820,"3,30,21"
11821,"494,184,40"
11822,"169,23,296"
11823,"10,220,221"
11824,"0,271"
11825,"3,21,53"
11826,"24,23,145"
11827,"0,23,218"
11828,"3,40,139"
11829,"10,60,234"
11830,"3,44,10"
11831,"199,170,169"
11832,"220,10,221"
11833,"3,147,21"
11834,"0,271,265"
11835,"128,129,195"
11836,"0,8"
11837,"26,350,23"
11838,"40,131"
11839,"3,21"
11840,"40,38,162"
11841,"4,3"
11842,"23,38,24"
11843,"0,216,271"
11844,"23,8,26"
11845,"43,24,23"
11846,"23,38"
11847,"426,199,170"
11848,"0,218"
11849,"10,145,44"
11850,"118,74,23"
11851,"0,313,8"
11852,"0,265,8"
11853,"0,26,8"
11854,"3,170,21"
11855,"10,220,221"
11856,"10,44,23"
11857,"10,64,65"
11858,"3,111,53"
11859,"23,31,32"
11860,"0,8,265"
11861,"10,11,44"
11862,"23,74,38"
11863,"10,220,221"
11864,"170,199,337"
11865,"40,160,41"
11866,"145,44,10"
11867,"431,135"
11868,"64,90,10"
11869,"3,17,18"
11870,"3,21,85"
11871,"10,23,24"
11872,"3,4"
11873,"44,38,145"
11874,"3,17"
11875,"0,265,8"
11876,"23,38,74"
11877,"3,21,15"
11878,"8,206,0"
11879,"160,40,315"
11880,"10,64,40"
11881,"128,40"
11882,"135,199,170"
11883,"135,170,199"
11884,"0,8"
11885,"0,26,23"
11886,"3,170,21"
11887,"8,206,0"
11888,"3,4"
11889,"3,21"
11890,"0,8"
11891,"220,221,10"
11892,"3,21,17"
11893,"296,169"
11894,"23,24,199"
11895,"23,26,38"
11896,"220,10,221"
11897,"220,10,221"
11898,"10,11,220"
11899,"3,21,17"
11900,"199,169,170"
11901,"170,169,199"
11902,"171,170,169"
11903,"426,169,508"
11904,"3,5,13"
11905,"10,11"
11906,"44,145,11"
11907,"64,10,93"
11908,"3,17,21"
11909,"40,135,138"
11910,"169,170,199"
11911,"3,21,53"
11912,"4,3,19"
11913,"69,10,62"
11914,"31,508,258"
11915,"23,26"
11916,"40,74,23"
11917,"93,64,10"
11918,"10,44"
11919,"10,64"
11920,"23,31"
11921,"3,21"
11922,"3,21,28"
11923,"23,38,63"
11924,"169,170,199"
11925,"3,13"
11926,"40,135"
11927,"23,26,38"
11928,"0,265,271"
11929,"3,4,21"
11930,"23,38,74"
11931,"23,38,26"
11932,"296,169"
11933,"0,211,216"
11934,"3,21"
11935,"3,21,17"
11936,"23,24"
11937,"135,431,40"
11938,"131,184,40"
11939,"3,28"
11940,"3,21,28"
11941,"40,184,128"
11942,"3,147"
11943,"40,23,38"
11944,"64,10,93"
11945,"10,11,44"
11946,"3,4,28"
11947,"199,170,169"
11948,"145,10,44"
11949,"3,40,21"
11950,"10,11,44"
11951,"10,44,11"
11952,"38,23"
11953,"220,221,10"
11954,"3,21,85"
11955,"0,271,255"
11956,"23,131,40"
11957,"10,64,60"
11958,"40,128,160"
11959,"3,4,21"
11960,"38,23,145"
11961,"21,3,170"
11962,"10,38,74"
11963,"0,3"
11964,"0,216"
11965,"3,147,156"
11966,"74,38,23"
11967,"3,21,111"
11968,"38,23,74"
11969,"64,10,24"
11970,"169,199,170"
11971,"64,10"
11972,"10,44,145"
11973,"8,206,0"
11974,"311,199,426"
11975,"40,128,186"
11976,"23,220,24"
11977,"170,199,169"
11978,"199,169,170"
11979,"24,23,145"
11980,"3,21,187"
11981,"38,23"
11982,"169,199,170"
11983,"0,271,265"
11984,"26,89"
11985,"170,169,199"
11986,"135,40,138"
11987,"145,10,44"
11988,"40,131,134"
11989,"0,8,206"
11990,"3,21"
11991,"3,21,147"
11992,"40,21,3"
11993,"3,21,13"
11994,"199,169,170"
11995,"0,456,271"
11996,"10,220"
11997,"40,131,184"
11998,"220,221,10"
11999,"3,21"
12000,"90,64,10"
12001,"23,40,31"
12002,"3,28,21"
12003,"40,145,184"
12004,"3,21,147"
12005,"130,128,129"
12006,"3,21"
12007,"170,199,169"
12008,"3,147,21"
12009,"23,24,3"
12010,"40,131,184"
12011,"82,23,38"
12012,"3,21"
12013,"3,21"
12014,"199,170,169"
12015,"0,26,350"
12016,"184,40,185"
12017,"3,17,4"
12018,"23,24,10"
12019,"3,4"
12020,"40,128,41"
12021,"23,24,31"
12022,"40,184,128"
12023,"3,17,21"
12024,"3,21"
12025,"4,7,3"
12026,"26,23"
12027,"145,44,10"
12028,"169,199,170"
12029,"31,23"
12030,"74,23,38"
12031,"128,40,41"
12032,"3,21,17"
12033,"40,131,145"
12034,"0,8,216"
12035,"3,53,21"
12036,"0,23,8"
12037,"23,10,24"
12038,"23,38,48"
12039,"3,21,53"
12040,"3,5,21"
12041,"23,38"
12042,"26,23,89"
12043,"23,38,24"
12044,"0,216,8"
12045,"38,23"
12046,"3,4,5"
12047,"426,169,311"
12048,"23,24"
12049,"93,64,10"
12050,"169,170,199"
12051,"0,265,271"
12052,"23,24"
12053,"3,21,111"
12054,"3,21,17"
12055,"26,8,23"
12056,"169,199,170"
12057,"23,38,74"
12058,"220,10,221"
12059,"3,21,28"
12060,"402,145,40"
12061,"40,131"
12062,"3,21"
12063,"23,24,38"
12064,"3,21"
12065,"90,10,64"
12066,"44,145"
12067,"43,24,23"
12068,"3,30,21"
12069,"10,11,44"
12070,"26,216,23"
12071,"216,0,211"
12072,"40,128"
12073,"44,145,10"
12074,"10,64,65"
12075,"17,18,168"
12076,"426,169,199"
12077,"10,44,11"
12078,"3,21,17"
12079,"40,131,184"
12080,"3,21,31"
12081,"64,93,10"
12082,"402,145,40"
12083,"10,44,11"
12084,"3,21,147"
12085,"40,128,145"
12086,"10,64"
12087,"10,64,90"
12088,"3,21,28"
12089,"170,169,199"
12090,"3,21,53"
12091,"40,160,131"
12092,"3,21"
12093,"220,221,10"
12094,"3,28,5"
12095,"43,24,23"
12096,"23,38,74"
12097,"0,8"
12098,"350,26"
12099,"0,265,271"
12100,"3,21,53"
12101,"23,49,24"
12102,"38,23"
12103,"41,21,40"
12104,"0,8"
12105,"64,10"
12106,"3,41,21"
12107,"3,21,17"
12108,"3,17,21"
12109,"23,38,24"
12110,"23,31,32"
12111,"64,93,10"
12112,"296,169"
12113,"3,21"
12114,"169,170,199"
12115,"43,24,64"
12116,"145,44,10"
12117,"40,145,60"
12118,"0,271,255"
12119,"64,10,93"
12120,"43,24,23"
12121,"0,216,1"
12122,"43,24,23"
12123,"0,1,337"
12124,"24,23,43"
12125,"0,8"
12126,"26,23,89"
12127,"3,17,21"
12128,"23,49,24"
12129,"3,21"
12130,"3,13,21"
12131,"3,21,10"
12132,"234,60,21"
12133,"40,128,160"
12134,"40,145,128"
12135,"3,38,5"
12136,"43,24,23"
12137,"82,38,23"
12138,"24,10,64"
12139,"3,21"
12140,"0,271,265"
12141,"10,220,221"
12142,"0,8"
12143,"145,38,23"
12144,"23,169,426"
12145,"170,199,311"
12146,"10,64"
12147,"169,426,145"
12148,"0,216,8"
12149,"220,10,221"
12150,"0,271,265"
12151,"43,24,23"
12152,"145,402,40"
12153,"43,24,23"
12154,"38,82,23"
12155,"24,43,23"
12156,"40,135"
12157,"10,24,145"
12158,"24,23,10"
12159,"40,128,184"
12160,"40,131"
12161,"199,170,169"
12162,"271,456,0"
12163,"220,221,242"
12164,"271,0,265"
12165,"199,170,40"
12166,"40,41"
12167,"135,138"
12168,"40,131,128"
12169,"31,32,23"
12170,"64,93,10"
12171,"40,41"
12172,"40,128,131"
12173,"60,64,10"
12174,"49,24,23"
12175,"23,74,118"
12176,"74,23"
12177,"3,21,17"
12178,"40,160,184"
12179,"3,21"
12180,"169,199,170"
12181,"0,265,271"
12182,"131,129,128"
12183,"40,131,184"
12184,"23,38,40"
12185,"26,350,23"
12186,"0,265,271"
12187,"3,28,4"
12188,"131,40"
12189,"0,216,208"
12190,"3,15"
12191,"26,350"
12192,"3,17,21"
12193,"21,38,23"
12194,"169,296"
12195,"23,38,0"
12196,"3,21,147"
12197,"26,89,10"
12198,"216,0,370"
12199,"40,131"
12200,"8,0,206"
12201,"3,21,28"
12202,"128,129,40"
12203,"10,44,23"
12204,"23,24,31"
12205,"3,53,111"
12206,"169,170,199"
12207,"3,15,21"
12208,"26,23,89"
12209,"0,216"
12210,"3,21,53"
12211,"44,10,11"
12212,"3,4"
12213,"40,128"
12214,"0,8"
12215,"3,17,21"
12216,"3,21"
12217,"169,170,199"
12218,"40,131,184"
12219,"3,15,4"
12220,"170,199,21"
12221,"0,1,216"
12222,"23,26"
12223,"0,265,271"
12224,"4,3"
12225,"23,26,38"
12226,"169,170,199"
12227,"3,5,21"
12228,"145,24,40"
12229,"40,41"
12230,"3,4"
12231,"3,21,53"
12232,"21,426,311"
12233,"40,128,38"
12234,"3,21"
12235,"234,21,10"
12236,"3,21,30"
12237,"3,21"
12238,"64,10,90"
12239,"21,3,40"
12240,"271,456,0"
12241,"3,21"
12242,"23,38,199"
12243,"3,17,18"
12244,"10,64"
12245,"23,24,38"
12246,"40,128,131"
12247,"0,271,265"
12248,"184,40,185"
12249,"199,311,426"
12250,"3,21,147"
12251,"23,24"
12252,"40,135,431"
12253,"3,111"
12254,"220,221,242"
12255,"0,255,271"
12256,"64,93,10"
12257,"184,40,494"
12258,"31,258,508"
12259,"0,337,169"
12260,"23,38"
12261,"23,38,24"
12262,"23,31,24"
12263,"135,386,40"
12264,"0,271"
12265,"169,426,170"
12266,"10,220,44"
12267,"21,3"
12268,"24,43,23"
12269,"145,402,40"
12270,"40,145"
12271,"431,135,40"
12272,"23,74,118"
12273,"0,8,265"
12274,"40,184,185"
12275,"44,10,11"
12276,"3,4"
12277,"24,43,23"
12278,"49,24,23"
12279,"3,21"
12280,"0,229,8"
12281,"40,160,128"
12282,"169,170,199"
12283,"3,21,53"
12284,"23,74,24"
12285,"0,265,271"
12286,"135,138,199"
12287,"220,10"
12288,"23,24,31"
12289,"145,402,44"
12290,"10,24,64"
12291,"3,4"
12292,"10,220,221"
12293,"40,131"
12294,"38,23"
12295,"40,131,184"
12296,"3,21,5"
12297,"23,31,32"
12298,"21,48,40"
12299,"10,60,24"
12300,"0,265,271"
12301,"10,64,11"
12302,"10,23,24"
12303,"184,185"
12304,"93,64,10"
12305,"0,218,8"
12306,"64,93,10"
12307,"23,24,38"
12308,"0,271,265"
12309,"40,23,128"
12310,"128,129,130"
12311,"21,23,10"
12312,"3,4"
12313,"3,13"
12314,"265,0"
12315,"40,131,184"
12316,"199,169,170"
12317,"0,8,265"
12318,"10,11,44"
12319,"40,131,134"
12320,"3,147,35"
12321,"3,4,111"
12322,"26,23,89"
12323,"38,23"
12324,"3,21,17"
12325,"23,24"
12326,"128,195,3"
12327,"40,41,3"
12328,"17,3,21"
12329,"0,8,23"
12330,"40,135"
12331,"23,10,0"
12332,"199,169,170"
12333,"38,264,145"
12334,"10,11,44"
12335,"23,38,0"
12336,"3,30,13"
12337,"40,131,128"
12338,"0,3,265"
12339,"0,208,271"
12340,"3,21,147"
12341,"508,426,169"
12342,"169,170,199"
12343,"0,23,218"
12344,"40,128,3"
12345,"128,129,40"
12346,"3,21"
12347,"10,220,221"
12348,"3,4"
12349,"23,24"
12350,"128,40"
12351,"23,105,38"
12352,"3,21,30"
12353,"3,160,40"
12354,"10,11,44"
12355,"0,265"
12356,"0,8,206"
12357,"170,199,169"
12358,"23,38"
12359,"10,220,221"
12360,"170,199,169"
12361,"40,131,184"
12362,"3,53,111"
12363,"0,8"
12364,"40,128,135"
12365,"23,24,49"
12366,"3,21"
12367,"10,11,44"
12368,"3,13,21"
12369,"40,41,160"
12370,"43,181,64"
12371,"169,199,170"
12372,"40,131"
12373,"0,218,457"
12374,"3,21,147"
12375,"40,145,38"
12376,"4,3,19"
12377,"128,40,131"
12378,"220,221,10"
12379,"3,5"
12380,"265,0"
12381,"40,41"
12382,"0,218,255"
12383,"169,170,199"
12384,"169,296,199"
12385,"40,128,160"
12386,"145,40"
12387,"3,21"
12388,"3,85,5"
12389,"169,199,3"
12390,"426,169"
12391,"64,10,93"
12392,"169,170,337"
12393,"199,170,259"
12394,"128,40"
12395,"10,44,11"
12396,"10,11,44"
12397,"169,170,199"
12398,"0,8,265"
12399,"431,135"
12400,"23,38"
12401,"145,10,44"
12402,"40,128,160"
12403,"21,3,53"
12404,"44,145,10"
12405,"32,31,23"
12406,"38,23"
12407,"199,170,311"
12408,"60,24,49"
12409,"169,296,199"
12410,"40,41"
12411,"0,271,265"
12412,"145,44,402"
12413,"3,53,111"
12414,"11,69,205"
12415,"93,43,64"
12416,"3,21"
12417,"3,85,21"
12418,"40,160"
12419,"169,170,426"
12420,"0,216,211"
12421,"49,169"
12422,"23,38,40"
12423,"23,24"
12424,"40,38,145"
12425,"3,4"
12426,"402,145,10"
12427,"0,8"
12428,"40,13,131"
12429,"24,23,43"
12430,"74,23,38"
12431,"3,21,147"
12432,"220,10,221"
12433,"40,184,185"
12434,"1,0,2"
12435,"3,40"
12436,"23,26,38"
12437,"3,21"
12438,"40,128,160"
12439,"23,38"
12440,"41,40,42"
12441,"3,21"
12442,"199,170,169"
12443,"10,11,44"
12444,"3,21,23"
12445,"220,10,221"
12446,"3,28"
12447,"3,4,28"
12448,"44,10,11"
12449,"303,74,38"
12450,"3,4"
12451,"3,60"
12452,"265,0"
12453,"44,10,145"
12454,"220,221,242"
12455,"10,64"
12456,"40,131,241"
12457,"220,10,221"
12458,"3,21"
12459,"0,216"
12460,"426,169,199"
12461,"38,82,39"
12462,"128,40,0"
12463,"169,170,199"
12464,"3,21,53"
12465,"3,147,21"
12466,"265,0"
12467,"3,4,111"
12468,"3,21,53"
12469,"170,199,426"
12470,"0,271,255"
12471,"26,23,89"
12472,"199,170,169"
12473,"8,206,0"
12474,"426,311,169"
12475,"184,40,131"
12476,"23,74,38"
12477,"3,4"
12478,"10,11,44"
12479,"23,74,40"
12480,"24,43,23"
12481,"40,131,128"
12482,"130,128,40"
12483,"38,23,137"
12484,"3,111"
12485,"169,23,426"
12486,"0,271,8"
12487,"38,23,82"
12488,"169,199,170"
12489,"3,17,21"
12490,"23,26,38"
12491,"3,21,111"
12492,"135,138,40"
12493,"169,426,199"
12494,"64,93,10"
12495,"10,64,60"
12496,"220,10,221"
12497,"3,40"
12498,"10,44,11"
12499,"3,4,5"
12500,"64,10,93"
12501,"23,74,38"
12502,"23,26,8"
12503,"23,118,74"
12504,"3,21,187"
12505,"3,21,53"
12506,"38,24,23"
12507,"40,184,128"
12508,"3,21,17"
12509,"0,350,26"
12510,"0,265,8"
12511,"170,169,199"
12512,"3,53,15"
12513,"21,3,40"
12514,"40,128,130"
12515,"23,38,26"
12516,"40,41,128"
12517,"3,21"
12518,"169,170,3"
12519,"3,21,5"
12520,"64,10,90"
12521,"3,21"
12522,"211,0,212"
12523,"23,38,69"
12524,"145,24,23"
12525,"10,64"
12526,"0,8"
12527,"0,255,271"
12528,"40,160,128"
12529,"3,17,15"
12530,"38,82,91"
12531,"31,32,23"
12532,"24,49,23"
12533,"220,10,221"
12534,"3,21,111"
12535,"23,44,24"
12536,"11,10,44"
12537,"40,3,21"
12538,"3,21"
12539,"0,271,218"
12540,"40,130,128"
12541,"169,170,337"
12542,"10,11,44"
12543,"0,8,206"
12544,"23,38"
12545,"23,74"
12546,"10,44,145"
12547,"28,3,30"
12548,"3,4,21"
12549,"3,4"
12550,"40,145"
12551,"3,4,5"
12552,"145,40"
12553,"23,296,169"
12554,"3,21"
12555,"3,21,147"
12556,"169,170,199"
12557,"135,431"
12558,"38,264,145"
12559,"0,145,8"
12560,"0,218,271"
12561,"129,128,130"
12562,"31,23,32"
12563,"265,0"
12564,"49,24,23"
12565,"265,0"
12566,"431,135"
12567,"0,271,8"
12568,"216,0"
12569,"0,216,211"
12570,"21,23"
12571,"10,44,11"
12572,"170,199,169"
12573,"23,38,24"
12574,"40,41"
12575,"3,21,53"
12576,"21,3,40"
12577,"3,21"
12578,"23,49,24"
12579,"23,38,26"
12580,"44,10,11"
12581,"10,11,44"
12582,"3,28,30"
12583,"23,38,24"
12584,"3,111,21"
12585,"131,40,184"
12586,"3,21"
12587,"3,4"
12588,"3,28,30"
12589,"0,211,216"
12590,"3,21,53"
12591,"17,3,128"
12592,"350,26"
12593,"3,21"
12594,"128,40,131"
12595,"23,74,118"
12596,"40,131"
12597,"169,426,199"
12598,"3,15,21"
12599,"3,21,28"
12600,"3,21,17"
12601,"23,26,38"
12602,"49,23,24"
12603,"0,265,271"
12604,"23,38"
12605,"0,271,265"
12606,"10,64"
12607,"0,265,271"
12608,"128,40"
12609,"0,265,271"
12610,"23,60,145"
12611,"3,21"
12612,"26,350,23"
12613,"3,21,40"
12614,"3,53,111"
12615,"3,40,21"
12616,"0,216"
12617,"3,21"
12618,"0,1,265"
12619,"3,21,147"
12620,"3,5,4"
12621,"402,145,40"
12622,"38,23"
12623,"0,271,366"
12624,"10,11,44"
12625,"10,44,11"
12626,"145,31,402"
12627,"169,426,23"
12628,"3,21,23"
12629,"0,208"
12630,"3,21,53"
12631,"60,43,24"
12632,"0,216"
12633,"0,271,265"
12634,"3,21,17"
12635,"3,21"
12636,"3,21,53"
12637,"40,131"
12638,"0,271,8"
12639,"3,15,21"
12640,"3,4,53"
12641,"3,21"
12642,"40,23"
12643,"38,10"
12644,"23,74,118"
12645,"24,23"
12646,"23,128,169"
12647,"3,28,21"
12648,"64,10,93"
12649,"40,41"
12650,"0,23,8"
12651,"3,21"
12652,"402,145,40"
12653,"3,21"
12654,"3,21"
12655,"169,170,199"
12656,"0,265,271"
12657,"3,21"
12658,"0,271,218"
12659,"23,74,38"
12660,"145,402,10"
12661,"3,147,21"
12662,"40,145,74"
12663,"3,4"
12664,"23,24"
12665,"10,64"
12666,"3,21"
12667,"220,221,10"
12668,"40,131"
12669,"23,40,24"
12670,"0,271"
12671,"145,38,10"
12672,"3,17,21"
12673,"234,60,10"
12674,"10,11,44"
12675,"84,23,74"
12676,"41,40,21"
12677,"3,199,21"
12678,"64,10,93"
12679,"3,21"
12680,"131,40,134"
12681,"24,43"
12682,"0,8,265"
12683,"23,24,38"
12684,"23,24"
12685,"199,169,170"
12686,"169,170,199"
12687,"0,218,11"
12688,"26,23,89"
12689,"169,296,199"
12690,"170,199,169"
12691,"10,220,221"
12692,"3,4,111"
12693,"10,64"
12694,"199,169,170"
12695,"10,220,44"
12696,"3,21"
12697,"3,21"
12698,"0,456,271"
12699,"199,170,169"
12700,"40,41"
12701,"23,24,49"
12702,"3,111,21"
12703,"40,160,41"
12704,"0,271,8"
12705,"131,40,226"
12706,"40,128"
12707,"3,21"
12708,"23,26"
12709,"23,38,44"
12710,"64,93,10"
12711,"24,43,23"
12712,"10,44"
12713,"10,44,220"
12714,"3,21"
12715,"0,271,216"
12716,"40,184,128"
12717,"3,111"
12718,"169,170,3"
12719,"10,220,221"
12720,"40,160,131"
12721,"169,170,199"
12722,"3,21,147"
12723,"3,17,21"
12724,"40,128,160"
12725,"23,74,40"
12726,"44,145,10"
12727,"128,129,40"
12728,"21,48,3"
12729,"38,145,264"
12730,"23,38,26"
12731,"0,370,216"
12732,"0,8,313"
12733,"199,170,169"
12734,"21,3"
12735,"111,3,40"
12736,"24,38,23"
12737,"74,118,23"
12738,"26,350,23"
12739,"3,21,17"
12740,"3,30,21"
12741,"426,169,170"
12742,"0,271,265"
12743,"60,31,23"
12744,"17,3,18"
12745,"64,90,10"
12746,"40,131,184"
12747,"0,271,218"
12748,"0,265,418"
12749,"40,131,128"
12750,"0,216,218"
12751,"10,64,11"
12752,"0,271,255"
12753,"23,31"
12754,"0,271,265"
12755,"38,23"
12756,"24,43,64"
12757,"49,24,31"
12758,"169,170,199"
12759,"128,40"
12760,"265,23,0"
12761,"3,4,111"
12762,"3,17,18"
12763,"0,8"
12764,"169,199,311"
12765,"0,8,206"
12766,"24,23,43"
12767,"3,4,19"
12768,"220,10,221"
12769,"10,64"
12770,"23,38"
12771,"38,264,145"
12772,"0,8"
12773,"118,74,23"
12774,"3,53,523"
12775,"21,170,199"
12776,"220,10,221"
12777,"3,21"
12778,"24,23,43"
12779,"3,21"
12780,"0,8"
12781,"3,21,147"
12782,"93,64,10"
12783,"10,64"
12784,"3,15,17"
12785,"43,24,23"
12786,"3,147,21"
12787,"199,170,311"
12788,"0,271,8"
12789,"169,170,199"
12790,"169,170,426"
12791,"10,64,216"
12792,"38,23,26"
12793,"3,53,111"
12794,"3,4,30"
12795,"74,38,303"
12796,"49,24,23"
12797,"44,10,145"
12798,"169,426,170"
12799,"3,4"
12800,"40,31,328"
12801,"3,4,21"
12802,"3,53,21"
12803,"10,60,64"
12804,"170,199,10"
12805,"3,21,147"
12806,"0,8"
12807,"64,10"
12808,"3,21,53"
12809,"169,170,199"
12810,"211,216,0"
12811,"169,426,296"
12812,"64,93,10"
12813,"0,8,265"
12814,"64,10"
12815,"40,3,41"
12816,"3,10"
12817,"3,21,4"
12818,"170,169,199"
12819,"0,8,208"
12820,"170,169,199"
12821,"3,21,187"
12822,"169,170,426"
12823,"21,3"
12824,"169,170,199"
12825,"24,49,23"
12826,"40,131"
12827,"169,426,199"
12828,"169,426,170"
12829,"3,21"
12830,"23,38,64"
12831,"17,18,168"
12832,"10,11,44"
12833,"3,111,53"
12834,"3,21,28"
12835,"0,26,23"
12836,"93,64,10"
12837,"3,17,21"
12838,"3,21"
12839,"220,10,221"
12840,"3,21"
12841,"0,271,8"
12842,"23,74,165"
12843,"131,23,40"
12844,"3,17,21"
12845,"23,26,38"
12846,"40,128"
12847,"3,4,21"
12848,"3,28,21"
12849,"220,10,221"
12850,"8,128,0"
12851,"3,21"
12852,"4,3,375"
12853,"40,41,128"
12854,"145,44,10"
12855,"426,169,170"
12856,"10,11,44"
12857,"0,265"
12858,"3,21"
12859,"220,10,221"
12860,"169,170,135"
12861,"3,4,30"
12862,"3,21,15"
12863,"0,265,271"
12864,"3,21,170"
12865,"21,3"
12866,"220,10,221"
12867,"10,90,64"
12868,"3,21,111"
12869,"0,8,206"
12870,"17,18,3"
12871,"145,40,402"
12872,"21,199,170"
12873,"10,64,65"
12874,"23,38"
12875,"0,8,218"
12876,"23,10"
12877,"3,4"
12878,"220,221,10"
12879,"3,17,21"
12880,"0,8,206"
12881,"3,147,35"
12882,"23,31"
12883,"40,131,184"
12884,"10,0"
12885,"169,170,199"
12886,"3,15,17"
12887,"128,40"
12888,"3,40"
12889,"3,21"
12890,"23,26,89"
12891,"3,21"
12892,"128,169,337"
12893,"74,118,23"
12894,"0,26"
12895,"40,41"
12896,"23,38,26"
12897,"169,199,170"
12898,"8,391,0"
12899,"426,508,169"
12900,"40,131,128"
12901,"3,21"
12902,"170,199,311"
12903,"0,271"
12904,"3,0,40"
12905,"24,43,23"
12906,"402,145,40"
12907,"199,170,169"
12908,"40,131"
12909,"23,38"
12910,"40,21,3"
12911,"26,23,89"
12912,"3,21,34"
12913,"3,53,21"
12914,"24,43,23"
12915,"3,21"
12916,"24,43,23"
12917,"8,23,0"
12918,"3,23,21"
12919,"23,24"
12920,"32,31,23"
12921,"44,10,145"
12922,"3,21,147"
12923,"199,170,426"
12924,"135,40,138"
12925,"220,221,10"
12926,"38,23,74"
12927,"40,169,184"
12928,"3,147,21"
12929,"3,21"
12930,"25,23,24"
12931,"38,23"
12932,"8,0,206"
12933,"0,426,311"
12934,"3,28,30"
12935,"220,10,221"
12936,"23,40,128"
12937,"8,0,206"
12938,"3,4"
12939,"44,145"
12940,"0,271,265"
12941,"199,170,169"
12942,"10,11,44"
12943,"0,265,340"
12944,"10,64,11"
12945,"10,220,221"
12946,"64,93,10"
12947,"0,8,38"
12948,"3,111,21"
12949,"169,199,170"
12950,"4,3"
12951,"10,220,44"
12952,"3,21"
12953,"3,53,523"
12954,"10,44,11"
12955,"3,4,21"
12956,"169,171,199"
12957,"24,23,49"
12958,"40,128"
12959,"0,3,8"
12960,"23,74"
12961,"199,170,169"
12962,"0,255,218"
12963,"74,165,38"
12964,"89,26,23"
12965,"3,21,17"
12966,"24,23"
12967,"3,111,21"
12968,"40,160,151"
12969,"3,21"
12970,"23,24"
12971,"40,145,146"
12972,"169,426,170"
12973,"10,265,11"
12974,"23,26,38"
12975,"296,169"
12976,"0,271,265"
12977,"40,128,130"
12978,"3,21,40"
12979,"3,4,170"
12980,"3,21"
12981,"40,131,128"
12982,"74,23"
12983,"64,93,10"
12984,"170,169,199"
12985,"0,216,1"
12986,"128,40"
12987,"3,30,4"
12988,"23,24,49"
12989,"8,23,38"
12990,"169,199,170"
12991,"40,402,145"
12992,"44,145,38"
12993,"0,426,311"
12994,"0,8,265"
12995,"10,44,23"
12996,"3,21,40"
12997,"43,24,23"
12998,"145,402,40"
12999,"43,24"
13000,"3,21,28"
13001,"199,169,170"
13002,"3,21"
13003,"4,3,375"
13004,"24,43,23"
13005,"3,40,17"
13006,"10,64"
13007,"3,21"
13008,"0,271,265"
13009,"44,10,145"
13010,"242,220,368"
13011,"17,18,3"
13012,"145,10,44"
13013,"38,23"
13014,"17,3,18"
13015,"145,44,10"
13016,"26,350"
13017,"3,147,4"
13018,"3,4,21"
13019,"271,0,218"
13020,"44,10,11"
13021,"241,131,135"
13022,"21,3,53"
13023,"60,24,23"
13024,"26,23,89"
13025,"32,31,23"
13026,"3,21,17"
13027,"40,160,128"
13028,"170,199,169"
13029,"0,271,8"
13030,"23,26"
13031,"169,170,199"
13032,"23,38"
13033,"26,89,23"
13034,"38,23,74"
13035,"0,265,271"
13036,"23,38,31"
13037,"169,426,199"
13038,"40,220,131"
13039,"311,170,199"
13040,"3,21,53"
13041,"199,169,170"
13042,"220,221,10"
13043,"0,218"
13044,"3,21,30"
13045,"0,8,26"
13046,"3,53,21"
13047,"3,169,5"
13048,"3,147,21"
13049,"10,402,145"
13050,"3,21"
13051,"40,184,41"
13052,"23,38,74"
13053,"128,38,74"
13054,"10,64,335"
13055,"38,137,23"
13056,"3,21"
13057,"23,38,169"
13058,"89,26"
13059,"426,199,311"
13060,"508,31,23"
13061,"89,26"
13062,"40,23,131"
13063,"296,169,306"
13064,"64,10,402"
13065,"3,17,21"
13066,"216,0,249"
13067,"23,74"
13068,"3,21,111"
13069,"3,21"
13070,"40,23,145"
13071,"220,221,10"
13072,"220,221,10"
13073,"23,40,38"
13074,"40,131,128"
13075,"40,128,160"
13076,"40,131,184"
13077,"40,184,151"
13078,"32,31,23"
13079,"43,24,23"
13080,"10,64"
13081,"0,271,216"
13082,"169,426,170"
13083,"10,44"
13084,"170,169,199"
13085,"199,170,169"
13086,"10,24,60"
13087,"3,85,5"
13088,"40,131,128"
13089,"4,3,19"
13090,"169,426,199"
13091,"105,40,106"
13092,"3,28,4"
13093,"0,271,265"
13094,"135,431,40"
13095,"23,38"
13096,"0,8"
13097,"3,28"
13098,"0,216,8"
13099,"40,160,3"
13100,"8,0,206"
13101,"220,221,10"
13102,"24,23,49"
13103,"40,41,128"
13104,"40,41"
13105,"40,131,128"
13106,"23,38"
13107,"31,129,49"
13108,"3,21,4"
13109,"23,24,38"
13110,"23,74,118"
13111,"131,40"
13112,"10,44,11"
13113,"23,24,74"
13114,"3,21"
13115,"23,74,38"
13116,"10,145,402"
13117,"3,23,21"
13118,"3,85,21"
13119,"0,8"
13120,"40,160,41"
13121,"3,4"
13122,"199,170,169"
13123,"0,271,456"
13124,"40,130,128"
13125,"208,129,0"
13126,"3,5,21"
13127,"402,145,40"
13128,"23,74,38"
13129,"26,23,231"
13130,"3,21,111"
13131,"0,229,8"
13132,"40,128,129"
13133,"40,184"
13134,"10,44,11"
13135,"24,23,31"
13136,"0,8,208"
13137,"64,93,10"
13138,"38,264,44"
13139,"38,23,24"
13140,"10,220,221"
13141,"21,3,199"
13142,"10,145,64"
13143,"0,8,350"
13144,"3,4"
13145,"10,11,44"
13146,"38,175,128"
13147,"3,4,21"
13148,"0,255,271"
13149,"40,135,138"
13150,"0,10,265"
13151,"3,147,21"
13152,"40,128"
13153,"0,8"
13154,"10,11,44"
13155,"3,21,4"
13156,"40,131,184"
13157,"38,23,162"
13158,"3,21"
13159,"0,8"
13160,"44,10,11"
13161,"3,21"
13162,"3,21,4"
13163,"3,21"
13164,"8,0,206"
13165,"10,44,11"
13166,"10,64,60"
13167,"10,60"
13168,"17,3,18"
13169,"4,3,7"
13170,"3,53,111"
13171,"21,23"
13172,"199,169,170"
13173,"169,199,170"
13174,"0,265"
13175,"3,21,53"
13176,"3,23"
13177,"169,170,199"
13178,"64,10,335"
13179,"23,24"
13180,"23,38,26"
13181,"10,64,93"
13182,"10,64"
13183,"43,24,23"
13184,"3,53,32"
13185,"8,0"
13186,"40,128,41"
13187,"220,221,10"
13188,"24,145,23"
13189,"40,131,128"
13190,"40,131"
13191,"3,53,21"
13192,"43,24,23"
13193,"23,24,31"
13194,"0,8,265"
13195,"0,271,265"
13196,"199,170,169"
13197,"0,271,265"
13198,"3,21,28"
13199,"169,339,199"
13200,"3,21"
13201,"40,145,146"
13202,"3,21,30"
13203,"3,21,53"
13204,"17,3,18"
13205,"220,221,10"
13206,"10,11,44"
13207,"60,10,93"
13208,"11,10,44"
13209,"31,23,32"
13210,"3,147,21"
13211,"40,128,130"
13212,"3,21,28"
13213,"10,64,60"
13214,"43,24,23"
13215,"3,21,85"
13216,"169,170,199"
13217,"31,508,258"
13218,"234,60,21"
13219,"3,40,4"
13220,"169,426,23"
13221,"44,145,38"
13222,"328,31,23"
13223,"0,265,271"
13224,"3,13,169"
13225,"17,3,18"
13226,"131,40,134"
13227,"3,4,375"
13228,"23,38,24"
13229,"23,24,31"
13230,"199,169,170"
13231,"426,169"
13232,"494,184,40"
13233,"10,43,3"
13234,"64,93,10"
13235,"40,3"
13236,"23,38,40"
13237,"3,21,30"
13238,"3,21"
13239,"3,111,21"
13240,"402,0,145"
13241,"40,145"
13242,"93,64,10"
13243,"220,221,10"
13244,"111,3,123"
13245,"40,131"
13246,"145,40,38"
13247,"64,10,23"
13248,"3,21"
13249,"199,169,170"
13250,"0,255,271"
13251,"38,23"
13252,"10,64,60"
13253,"10,44"
13254,"44,11,10"
13255,"10,64"
13256,"3,21"
13257,"0,208,265"
13258,"135,169,138"
13259,"3,4"
13260,"128,40,131"
13261,"0,271,255"
13262,"40,145,74"
13263,"169,170,199"
13264,"64,10"
13265,"23,74,105"
13266,"181,64,43"
13267,"10,44,145"
13268,"3,111,23"
13269,"10,11,44"
13270,"426,170,199"
13271,"10,64"
13272,"26,23,350"
13273,"40,160,41"
13274,"3,21,34"
13275,"131,40,184"
13276,"23,38,137"
13277,"23,74,40"
13278,"10,64,44"
13279,"93,197,64"
13280,"3,21"
13281,"199,170,311"
13282,"145,402,40"
13283,"0,23,8"
13284,"10,145"
13285,"74,23,303"
13286,"40,128,41"
13287,"169,40,170"
13288,"23,38,24"
13289,"290,10,23"
13290,"17,18,168"
13291,"220,10,221"
13292,"40,131"
13293,"0,271,8"
13294,"38,23"
13295,"3,21,30"
13296,"3,4,21"
13297,"0,8,206"
13298,"3,21"
13299,"60,10,24"
13300,"3,4,21"
13301,"8,0,391"
13302,"3,4,21"
13303,"0,218,8"
13304,"169,170,199"
13305,"220,221,10"
13306,"0,216,211"
13307,"130,129,40"
13308,"0,271,265"
13309,"40,160,128"
13310,"402,145,40"
13311,"17,3,18"
13312,"40,128"
13313,"3,53"
13314,"171,170,169"
13315,"40,145,24"
13316,"40,135,41"
13317,"43,24,23"
13318,"10,11,44"
13319,"311,426,199"
13320,"0,265,271"
13321,"8,0"
13322,"31,23,290"
13323,"23,40,145"
13324,"23,60,239"
13325,"40,128,186"
13326,"40,131,184"
13327,"199,170,169"
13328,"311,199,337"
13329,"199,170,169"
13330,"3,21"
13331,"0,10,8"
13332,"0,271,265"
13333,"40,145"
13334,"11,44,10"
13335,"3,40"
13336,"23,10,145"
13337,"64,93,10"
13338,"160,40,151"
13339,"23,24,31"
13340,"23,38"
13341,"3,21"
13342,"169,199,170"
13343,"10,64"
13344,"169,199,170"
13345,"23,38,24"
13346,"350,26,23"
13347,"169,170,199"
13348,"10,40"
13349,"3,21,111"
13350,"23,74"
13351,"8,0,235"
13352,"3,21"
13353,"26,23,350"
13354,"40,145"
13355,"0,218,169"
13356,"21,170,3"
13357,"49,23,24"
13358,"10,44,11"
13359,"23,38,24"
13360,"23,24,49"
13361,"10,44,11"
13362,"3,21,53"
13363,"44,10,145"
13364,"23,38"
13365,"44,11,10"
13366,"199,169,170"
13367,"4,3,7"
13368,"40,131,184"
13369,"40,131,128"
13370,"160,40,302"
13371,"0,26,350"
13372,"0,8,265"
13373,"3,53,21"
13374,"350,26"
13375,"23,31,24"
13376,"40,131,226"
13377,"40,131,184"
13378,"199,170,169"
13379,"169,199,170"
13380,"3,21,147"
13381,"3,21"
13382,"296,169"
13383,"220,221,10"
13384,"3,8,0"
13385,"129,128,40"
13386,"23,105,3"
13387,"3,17,21"
13388,"17,18,3"
13389,"23,26,38"
13390,"199,170,169"
13391,"169,40,170"
13392,"24,43,60"
13393,"23,31"
13394,"40,128,131"
13395,"74,23,165"
13396,"21,41,3"
13397,"131,40,169"
13398,"40,128,41"
13399,"10,44,11"
13400,"220,221,10"
13401,"147,3,156"
13402,"23,0"
13403,"3,4,21"
13404,"3,17,18"
13405,"0,220,10"
13406,"40,145,128"
13407,"93,64,10"
13408,"199,170,40"
13409,"3,21"
13410,"3,21,147"
13411,"0,271,265"
13412,"23,10,24"
13413,"3,111"
13414,"3,21"
13415,"128,40,131"
13416,"10,11,24"
13417,"38,23,82"
13418,"74,303,165"
13419,"31,32,23"
13420,"3,21"
13421,"10,44,145"
13422,"24,23,49"
13423,"3,21,4"
13424,"3,17"
13425,"40,128"
13426,"169,199,296"
13427,"38,23,24"
13428,"23,26,38"
13429,"38,23,74"
13430,"23,8,38"
13431,"3,17,21"
13432,"43,24,23"
13433,"3,4"
13434,"44,10,11"
13435,"3,21,111"
13436,"26,23,350"
13437,"10,265,11"
13438,"10,0"
13439,"10,64,93"
13440,"0,8,235"
13441,"23,38"
13442,"10,220,221"
13443,"145,44,10"
13444,"3,21"
13445,"23,10,24"
13446,"23,40,24"
13447,"23,38,74"
13448,"31,32,23"
13449,"131,40"
13450,"3,53,4"
13451,"3,21,17"
13452,"23,24,49"
13453,"3,4,5"
13454,"11,10,44"
13455,"199,169,170"
13456,"3,5,21"
13457,"23,24,43"
13458,"10,426,170"
13459,"38,23"
13460,"3,85,21"
13461,"23,38,26"
13462,"23,24,40"
13463,"3,21,34"
13464,"0,8,218"
13465,"10,60,44"
13466,"24,23,43"
13467,"24,23,43"
13468,"26,38,23"
13469,"265,0,418"
13470,"3,17,18"
13471,"426,169,199"
13472,"0,8,206"
13473,"4,375,23"
13474,"3,21,53"
13475,"24,43,145"
13476,"40,184,128"
13477,"40,128,160"
13478,"23,38"
13479,"23,26"
13480,"128,169,23"
13481,"3,4"
13482,"0,350,26"
13483,"23,38"
13484,"169,170,199"
13485,"24,43,60"
13486,"426,169,199"
13487,"0,216,8"
13488,"3,4,5"
13489,"3,111,21"
13490,"10,60"
13491,"170,169,199"
13492,"23,38,74"
13493,"3,311,426"
13494,"26,350,231"
13495,"74,165,23"
13496,"21,3,41"
13497,"145,24,10"
13498,"93,64,10"
13499,"3,170,199"
13500,"40,128,130"
13501,"3,53,21"
13502,"169,170,199"
13503,"3,4"
13504,"26,23,89"
13505,"40,184,131"
13506,"40,160"
13507,"38,23,26"
13508,"169,170,199"
13509,"3,21"
13510,"3,21,4"
13511,"3,21,147"
13512,"40,131,135"
13513,"43,24,23"
13514,"199,170,169"
13515,"3,21,53"
13516,"23,38,74"
13517,"3,4,19"
13518,"170,199,169"
13519,"3,17,21"
13520,"23,26"
13521,"38,23,82"
13522,"3,21"
13523,"24,23"
13524,"38,23,82"
13525,"0,216,271"
13526,"145,10"
13527,"49,24,23"
13528,"38,23"
13529,"135,23,236"
13530,"0,8"
13531,"23,74,38"
13532,"23,24,105"
13533,"220,10,221"
13534,"10,220,64"
13535,"74,23,118"
13536,"21,3,40"
13537,"241,131,40"
13538,"10,64"
13539,"23,24,38"
13540,"3,21,111"
13541,"40,131,184"
13542,"426,311,169"
13543,"170,199,337"
13544,"10,64"
13545,"40,131,226"
13546,"31,32,23"
13547,"23,26"
13548,"43,24,23"
13549,"3,28,21"
13550,"0,271,218"
13551,"131,40,184"
13552,"0,8"
13553,"40,128,131"
13554,"131,40"
13555,"181,60,64"
13556,"3,5,21"
13557,"3,21"
13558,"23,105,24"
13559,"8,0,206"
13560,"3,21"
13561,"3,21,34"
13562,"3,147,21"
13563,"24,23,43"
13564,"40,128"
13565,"220,221,10"
13566,"40,160"
13567,"3,53,21"
13568,"0,216"
13569,"40,128,145"
13570,"93,64,10"
13571,"0,271,8"
13572,"3,28,4"
13573,"3,0"
13574,"3,21"
13575,"3,21"
13576,"3,21"
13577,"64,93,10"
13578,"23,145,38"
13579,"356,169,199"
13580,"0,271,265"
13581,"3,21"
13582,"3,21"
13583,"40,21,3"
13584,"11,69,44"
13585,"10,220,242"
13586,"131,40,241"
13587,"169,170,199"
13588,"426,169,199"
13589,"3,21"
13590,"0,265"
13591,"3,111"
13592,"23,38,26"
13593,"64,10,93"
13594,"3,21,111"
13595,"10,60,64"
13596,"0,271,8"
13597,"3,21"
13598,"0,8,206"
13599,"3,40,28"
13600,"0,265,271"
13601,"31,32,23"
13602,"23,38,26"
13603,"3,21"
13604,"199,170,311"
13605,"24,23,43"
13606,"184,40"
13607,"3,21,187"
13608,"23,24,60"
13609,"0,265,271"
13610,"3,21,17"
13611,"43,24,23"
13612,"169,170,199"
13613,"3,21,5"
13614,"3,21,17"
13615,"0,265,271"
13616,"494,184,40"
13617,"169,170,199"
13618,"32,31,3"
13619,"3,21"
13620,"23,24,49"
13621,"3,21,40"
13622,"23,0,26"
13623,"3,5"
13624,"426,169,23"
13625,"64,10,93"
13626,"24,23,128"
13627,"10,64,90"
13628,"8,0,206"
13629,"100,3,367"
13630,"3,111"
13631,"0,265,271"
13632,"23,74"
13633,"43,24,23"
13634,"3,40,41"
13635,"10,64"
13636,"13,3"
13637,"24,23,43"
13638,"40,118,135"
13639,"169,170,296"
13640,"3,21,17"
13641,"43,24,23"
13642,"26,23,89"
13643,"23,26,38"
13644,"170,199,169"
13645,"131,40,184"
13646,"10,220"
13647,"49,24,23"
13648,"40,128,131"
13649,"0,8,206"
13650,"3,21"
13651,"0,216,218"
13652,"3,15,21"
13653,"23,118,74"
13654,"220,10,221"
13655,"220,10,221"
13656,"43,24,23"
13657,"3,21"
13658,"40,169,199"
13659,"135,236,40"
13660,"3,17,21"
13661,"3,21"
13662,"402,145,10"
13663,"3,23"
13664,"0,271,255"
13665,"199,170,169"
13666,"10,145,402"
13667,"145,44,10"
13668,"0,211,216"
13669,"3,21"
13670,"40,41"
13671,"74,303,23"
13672,"296,169,306"
13673,"23,26"
13674,"23,31,32"
13675,"23,40,74"
13676,"0,255,271"
13677,"220,221,10"
13678,"265,0"
13679,"3,21,28"
13680,"170,199,426"
13681,"258,31,10"
13682,"17,18,3"
13683,"0,8,206"
13684,"199,169,40"
13685,"10,44,11"
13686,"3,28,13"
13687,"220,221,10"
13688,"21,3,30"
13689,"26,23,89"
13690,"40,131,134"
13691,"40,23,24"
13692,"23,145,38"
13693,"3,111,53"
13694,"23,38"
13695,"3,21"
13696,"23,26,89"
13697,"199,170,21"
13698,"128,40"
13699,"3,4,19"
13700,"3,21,0"
13701,"43,24,23"
13702,"64,93,10"
13703,"220,10,221"
13704,"10,145,44"
13705,"64,10,65"
13706,"3,13,10"
13707,"40,41,32"
13708,"3,21,53"
13709,"10,64"
13710,"129,128,40"
13711,"10,24,23"
13712,"3,21"
13713,"0,265"
13714,"4,3,19"
13715,"350,26,0"
13716,"199,170,311"
13717,"23,74,38"
13718,"169,170,199"
13719,"128,40"
13720,"169,170,199"
13721,"23,24,49"
13722,"3,21"
13723,"426,169"
13724,"296,169"
13725,"3,53,21"
13726,"3,5,21"
13727,"3,13"
13728,"170,169,199"
13729,"128,169"
13730,"350,26,0"
13731,"3,53,21"
13732,"3,53,111"
13733,"3,53,21"
13734,"3,111"
13735,"10,220,11"
13736,"169,199,170"
13737,"23,38"
13738,"10,145,220"
13739,"0,271,255"
13740,"3,21"
13741,"3,21"
13742,"170,169,53"
13743,"38,23,26"
13744,"43,24"
13745,"23,24,10"
13746,"40,41,21"
13747,"48,10,21"
13748,"0,10"
13749,"74,165,23"
13750,"23,296,32"
13751,"3,21,17"
13752,"3,53,21"
13753,"3,5,21"
13754,"24,23,239"
13755,"64,10,93"
13756,"199,426,169"
13757,"40,128,160"
13758,"40,131,184"
13759,"40,131,145"
13760,"40,131,128"
13761,"0,216,8"
13762,"10,220,221"
13763,"64,93,10"
13764,"64,10,93"
13765,"3,17,21"
13766,"169,199,170"
13767,"23,265,38"
13768,"431,135,199"
13769,"145,44,10"
13770,"0,265,271"
13771,"426,169,170"
13772,"3,111,4"
13773,"40,131"
13774,"170,199,169"
13775,"44,10,38"
13776,"3,30,21"
13777,"10,11,44"
13778,"23,10,38"
13779,"208,0"
13780,"208,0,131"
13781,"0,271,265"
13782,"3,21,17"
13783,"4,3,19"
13784,"23,38"
13785,"53,3,265"
13786,"44,145,10"
13787,"0,271,255"
13788,"10,220,23"
13789,"4,3"
13790,"0,128,8"
13791,"3,21,17"
13792,"24,23,60"
13793,"3,21"
13794,"23,38"
13795,"220,221,10"
13796,"64,10"
13797,"40,135"
13798,"38,23,264"
13799,"199,170,169"
13800,"3,21,53"
13801,"74,118,23"
13802,"40,160,184"
13803,"17,18,3"
13804,"3,21,111"
13805,"23,26,145"
13806,"26,23,89"
13807,"220,221,10"
13808,"169,170,199"
13809,"131,40,128"
13810,"23,24,49"
13811,"10,220,221"
13812,"10,402,220"
13813,"23,24,38"
13814,"41,42,21"
13815,"426,169"
13816,"10,11,44"
13817,"4,3,19"
13818,"10,64"
13819,"23,38,26"
13820,"43,24,23"
13821,"3,30,4"
13822,"0,271,265"
13823,"23,24"
13824,"38,23"
13825,"10,44,11"
13826,"3,23,53"
13827,"23,31,38"
13828,"3,4"
13829,"32,31,23"
13830,"0,271,265"
13831,"17,18,168"
13832,"3,21"
13833,"296,169"
13834,"0,128"
13835,"169,170,199"
13836,"0,8,206"
13837,"10,64"
13838,"3,30,28"
13839,"0,216,211"
13840,"40,145,128"
13841,"3,40,21"
13842,"40,145,10"
13843,"3,4,28"
13844,"40,128,131"
13845,"24,43,23"
13846,"64,10"
13847,"0,265,8"
13848,"64,93,10"
13849,"21,3,199"
13850,"64,10,3"
13851,"105,38,23"
13852,"3,53"
13853,"26,23,89"
13854,"3,21"
13855,"0,271,8"
13856,"199,170,21"
13857,"24,43,23"
13858,"64,10,65"
13859,"3,53,111"
13860,"0,271,456"
13861,"220,221,10"
13862,"40,128,145"
13863,"31,96,40"
13864,"0,8"
13865,"10,220,221"
13866,"3,21,169"
13867,"38,23,26"
13868,"38,23,48"
13869,"3,21,53"
13870,"3,40,21"
13871,"32,31,23"
13872,"23,131,24"
13873,"3,28,17"
13874,"23,74,26"
13875,"0,218"
13876,"3,17,21"
13877,"23,26,38"
13878,"40,128,129"
13879,"10,64,44"
13880,"10,220,221"
13881,"10,64,90"
13882,"23,31,24"
13883,"3,21,28"
13884,"40,131"
13885,"3,21"
13886,"0,265"
13887,"220,221,10"
13888,"40,128"
13889,"145,426,169"
13890,"3,21,53"
13891,"3,21,17"
13892,"10,64,65"
13893,"23,38,44"
13894,"40,89,128"
13895,"24,239,49"
13896,"128,40,131"
13897,"0,21,3"
13898,"40,41,128"
13899,"61,10,23"
13900,"199,170,169"
13901,"0,271,456"
13902,"21,3"
13903,"93,64,10"
13904,"170,199,169"
13905,"3,21"
13906,"3,15,17"
13907,"23,145"
13908,"74,23"
13909,"40,160,151"
13910,"40,41"
13911,"170,169,3"
13912,"26,350,23"
13913,"40,131"
13914,"169,170,199"
13915,"220,221,242"
13916,"23,26"
13917,"23,38,74"
13918,"64,93,10"
13919,"169,170,199"
13920,"3,21"
13921,"40,128,160"
13922,"23,38,26"
13923,"3,21"
13924,"3,53,21"
13925,"43,24,23"
13926,"40,128,160"
13927,"169,170,199"
13928,"40,184,185"
13929,"38,23"
13930,"3,4,30"
13931,"40,241,131"
13932,"3,21"
13933,"145,40"
13934,"26,23"
13935,"40,3,135"
13936,"40,184,151"
13937,"3,169,170"
13938,"3,147,21"
13939,"10,11,44"
13940,"10,44,11"
13941,"128,40"
13942,"296,169,306"
13943,"23,105,24"
13944,"220,10,221"
13945,"64,10,93"
13946,"220,10,221"
13947,"10,44"
13948,"40,128,74"
13949,"3,5,21"
13950,"0,8,129"
13951,"3,17,21"
13952,"265,0"
13953,"169,199,170"
13954,"199,169,170"
13955,"4,3,19"
13956,"3,4"
13957,"169,170,199"
13958,"169,296"
13959,"93,64,10"
13960,"3,21,30"
13961,"169,296"
13962,"118,74,23"
13963,"169,296,199"
13964,"0,271,265"
13965,"40,131,128"
13966,"3,21"
13967,"216,0,211"
13968,"0,8,235"
13969,"0,218,8"
13970,"3,4,21"
13971,"3,17,21"
13972,"40,169,199"
13973,"40,135,138"
13974,"74,23,118"
13975,"271,0,265"
13976,"170,199,311"
13977,"0,208,131"
13978,"145,44,10"
13979,"337,311,199"
13980,"23,10"
13981,"40,128"
13982,"74,38,23"
13983,"3,21,30"
13984,"111,3"
13985,"3,40,111"
13986,"10,64,44"
13987,"220,10,221"
13988,"3,23,4"
13989,"3,21,30"
13990,"93,64,10"
13991,"23,31,24"
13992,"10,64"
13993,"3,21,17"
13994,"128,40"
13995,"3,21,17"
13996,"93,64,10"
13997,"3,17,21"
13998,"40,131,226"
13999,"3,53,21"
14000,"23,49"
14001,"0,271,255"
14002,"4,7,19"
14003,"0,271"
14004,"10,44,11"
14005,"21,3"
14006,"145,10"
14007,"3,21,111"
14008,"10,44,11"
14009,"220,10,221"
14010,"10,64"
14011,"23,43,181"
14012,"21,3"
14013,"3,21"
14014,"170,169,199"
14015,"0,271,255"
14016,"40,131,128"
14017,"3,21"
14018,"40,131,128"
14019,"3,21"
14020,"3,21"
14021,"199,169,170"
14022,"10,40,23"
14023,"10,44"
14024,"169,170,337"
14025,"3,21,28"
14026,"40,145,128"
14027,"129,128,40"
14028,"0,216"
14029,"3,21,187"
14030,"23,74,38"
14031,"3,21,28"
14032,"3,21,147"
14033,"40,131,226"
14034,"31,23,96"
14035,"23,38,26"
14036,"40,131,226"
14037,"40,41,3"
14038,"23,26"
14039,"38,23,137"
14040,"40,128,184"
14041,"0,8"
14042,"3,4,21"
14043,"64,10"
14044,"21,3,170"
14045,"3,13,21"
14046,"5,3"
14047,"10,64,220"
14048,"0,8,206"
14049,"169,170,199"
14050,"3,21"
14051,"23,38,74"
14052,"64,93,10"
14053,"169,170,171"
14054,"135,40,138"
14055,"41,42,40"
14056,"0,8,265"
14057,"26,23,89"
14058,"3,21,31"
14059,"23,38,74"
14060,"0,271,265"
14061,"26,89,23"
14062,"23,10,93"
14063,"129,128,130"
14064,"3,4,30"
14065,"10,145,44"
14066,"3,21"
14067,"40,145,131"
14068,"170,169,199"
14069,"128,40,130"
14070,"23,38"
14071,"40,23,24"
14072,"290,31"
14073,"26,350"
14074,"0,271"
14075,"93,64,60"
14076,"199,169,170"
14077,"169,199,170"
14078,"3,15,21"
14079,"23,26,38"
14080,"0,216,255"
14081,"3,21"
14082,"40,128,160"
14083,"169,170,199"
14084,"64,93,10"
14085,"184,185,40"
14086,"40,128"
14087,"3,21,53"
14088,"11,10,44"
14089,"40,128,129"
14090,"40,184"
14091,"145,24,60"
14092,"40,135,3"
14093,"0,337,169"
14094,"38,23"
14095,"31,23"
14096,"23,38,74"
14097,"23,74,38"
14098,"3,85,5"
14099,"3,21"
14100,"4,3"
14101,"0,10,216"
14102,"3,13,21"
14103,"0,8,23"
14104,"40,41,128"
14105,"3,4,19"
14106,"0,265"
14107,"3,21,147"
14108,"220,221,242"
14109,"23,24,49"
14110,"131,40,134"
14111,"38,23"
14112,"23,38,105"
14113,"40,131,184"
14114,"40,131"
14115,"3,21"
14116,"311,21,199"
14117,"231,26,23"
14118,"64,93,10"
14119,"0,271,265"
14120,"220,221,242"
14121,"38,23,26"
14122,"10,64"
14123,"4,3,5"
14124,"74,40,23"
14125,"3,147,21"
14126,"40,128"
14127,"169,170,199"
14128,"40,131,184"
14129,"23,10,74"
14130,"23,38,24"
14131,"3,10"
14132,"40,160,184"
14133,"40,131,134"
14134,"49,24,23"
14135,"40,41,128"
14136,"0,216,8"
14137,"40,508,131"
14138,"44,10,11"
14139,"0,271,8"
14140,"128,170,169"
14141,"0,271,218"
14142,"24,43,23"
14143,"3,21"
14144,"23,24,31"
14145,"0,271,8"
14146,"40,184,185"
14147,"184,40,185"
14148,"23,10,24"
14149,"3,30,21"
14150,"0,255,271"
14151,"216,0,304"
14152,"220,10,221"
14153,"0,216,211"
14154,"0,8,206"
14155,"3,21"
14156,"64,93,10"
14157,"3,21,5"
14158,"0,216,10"
14159,"3,147,21"
14160,"43,24,23"
14161,"10,64,335"
14162,"265,0"
14163,"40,131,128"
14164,"64,93,10"
14165,"169,199,170"
14166,"8,0,206"
14167,"44,11,10"
14168,"3,21,34"
14169,"10,220,44"
14170,"10,220"
14171,"3,4,15"
14172,"131,24,38"
14173,"199,170"
14174,"220,221,242"
14175,"3,21"
14176,"169,426,170"
14177,"3,30,28"
14178,"169,199,170"
14179,"135,40,138"
14180,"40,135,128"
14181,"31,32,23"
14182,"145,23,44"
14183,"23,31,32"
14184,"3,5,4"
14185,"169,426"
14186,"3,13"
14187,"43,24,23"
14188,"3,147,21"
14189,"3,53,21"
14190,"3,21,40"
14191,"26,23,231"
14192,"0,271,265"
14193,"26,23,350"
14194,"0,271"
14195,"31,32,23"
14196,"3,21"
14197,"23,24,38"
14198,"0,8,26"
14199,"169,199,170"
14200,"3,13,111"
14201,"0,8"
14202,"3,21,53"
14203,"3,40"
14204,"31,258,23"
14205,"169,170,426"
14206,"0,265"
14207,"10,44,11"
14208,"0,8,206"
14209,"0,271,216"
14210,"0,8,265"
14211,"40,160,151"
14212,"199,170,169"
14213,"3,10,21"
14214,"40,130,128"
14215,"10,64,60"
14216,"0,265,271"
14217,"23,38,74"
14218,"169,170,199"
14219,"3,21,17"
14220,"3,21"
14221,"0,265,8"
14222,"3,4,5"
14223,"199,169,170"
14224,"0,8"
14225,"26,89,23"
14226,"40,41,160"
14227,"40,3"
14228,"24,43,23"
14229,"23,31,24"
14230,"24,43,23"
14231,"10,11,44"
14232,"40,128,131"
14233,"0,337,169"
14234,"0,8,271"
14235,"74,175,303"
14236,"3,21"
14237,"64,10,90"
14238,"38,23,82"
14239,"0,218,265"
14240,"3,17"
14241,"3,21"
14242,"8,206,0"
14243,"402,145,40"
14244,"10,220,128"
14245,"48,38,23"
14246,"0,271,265"
14247,"23,74"
14248,"3,21,34"
14249,"169,426,170"
14250,"26,23,89"
14251,"0,128,8"
14252,"3,21"
14253,"23,31"
14254,"255,0,271"
14255,"23,3"
14256,"3,15,17"
14257,"220,221,242"
14258,"44,10,145"
14259,"3,21,53"
14260,"169,23,199"
14261,"10,11,44"
14262,"17,18,3"
14263,"11,10,44"
14264,"3,21"
14265,"3,21,111"
14266,"40,41,38"
14267,"10,11,44"
14268,"64,10"
14269,"0,265"
14270,"169,199,170"
14271,"3,21"
14272,"220,221,10"
14273,"3,21"
14274,"426,169,170"
14275,"41,3,40"
14276,"131,23,105"
14277,"17,18,168"
14278,"31,23,10"
14279,"3,40,21"
14280,"40,131,128"
14281,"40,128,186"
14282,"24,23,43"
14283,"220,10,25"
14284,"3,111,21"
14285,"23,105"
14286,"24,43"
14287,"32,31,23"
14288,"4,3,19"
14289,"130,40,128"
14290,"4,3,19"
14291,"23,38"
14292,"0,265,255"
14293,"23,26,38"
14294,"10,64"
14295,"40,145"
14296,"40,128,145"
14297,"0,265,271"
14298,"0,271,265"
14299,"3,21"
14300,"0,350,26"
14301,"199,169,170"
14302,"24,60,23"
14303,"4,3,19"
14304,"40,402,145"
14305,"3,53,23"
14306,"26,23,231"
14307,"145,40"
14308,"40,145"
14309,"4,3,19"
14310,"64,93,10"
14311,"169,296,170"
14312,"0,255,271"
14313,"10,145,402"
14314,"38,0,23"
14315,"296,169,306"
14316,"4,375"
14317,"0,1,208"
14318,"24,23,43"
14319,"3,4,21"
14320,"41,42,21"
14321,"3,53,21"
14322,"3,4"
14323,"265,0,271"
14324,"0,265,271"
14325,"170,93,199"
14326,"23,31,431"
14327,"3,21,15"
14328,"350,26"
14329,"8,0,206"
14330,"10,64,44"
14331,"311,426,199"
14332,"3,147,21"
14333,"3,5,21"
14334,"64,93,10"
14335,"40,128,131"
14336,"296,0,169"
14337,"426,169,311"
14338,"0,216,271"
14339,"10,23"
14340,"10,60,234"
14341,"3,21,17"
14342,"3,5,21"
14343,"23,38,26"
14344,"426,169,170"
14345,"4,3,19"
14346,"426,169,38"
14347,"40,128,129"
14348,"3,21,5"
14349,"169,199,170"
14350,"296,40,306"
14351,"24,43,23"
14352,"216,0"
14353,"169,170,128"
14354,"3,41,40"
14355,"40,131,128"
14356,"220,221,242"
14357,"131,40,241"
14358,"169,296"
14359,"24,23"
14360,"64,10,93"
14361,"0,271,265"
14362,"4,3,7"
14363,"169,170,199"
14364,"265,0,89"
14365,"40,128,184"
14366,"21,3"
14367,"131,40,134"
14368,"3,4,21"
14369,"61,181,23"
14370,"23,26"
14371,"44,10,145"
14372,"24,23,43"
14373,"3,28,4"
14374,"0,3,13"
14375,"23,31,24"
14376,"23,38,44"
14377,"3,21"
14378,"220,221,242"
14379,"23,74,38"
14380,"40,128,160"
14381,"3,111,147"
14382,"0,265"
14383,"3,21"
14384,"74,23,38"
14385,"3,21"
14386,"426,199,0"
14387,"3,15,53"
14388,"169,199,170"
14389,"38,44,23"
14390,"3,21"
14391,"199,169,170"
14392,"32,31,23"
14393,"64,43,181"
14394,"3,21,34"
14395,"10,11,44"
14396,"0,8"
14397,"3,4"
14398,"169,170,199"
14399,"128,40,129"
14400,"3,4"
14401,"24,49,23"
14402,"93,64,10"
14403,"10,3,40"
14404,"10,11,44"
14405,"3,21"
14406,"169,170,199"
14407,"24,43,23"
14408,"3,21,30"
14409,"40,160,184"
14410,"40,128,199"
14411,"111,3"
14412,"40,128,131"
14413,"220,221,10"
14414,"44,145,23"
14415,"255,0,271"
14416,"23,74,38"
14417,"23,38"
14418,"111,3"
14419,"40,131,184"
14420,"24,23"
14421,"169,171,170"
14422,"31,32,23"
14423,"10,11,44"
14424,"40,131,128"
14425,"40,128,129"
14426,"234,60,21"
14427,"220,221,10"
14428,"337,0,296"
14429,"10,64"
14430,"40,128"
14431,"31,23,32"
14432,"135,40,138"
14433,"10,44,11"
14434,"3,21"
14435,"3,21,53"
14436,"3,5"
14437,"3,4,15"
14438,"23,3,60"
14439,"23,38,74"
14440,"44,10,11"
14441,"23,26"
14442,"199,170,169"
14443,"93,64,10"
14444,"3,21,53"
14445,"0,23"
14446,"23,38,74"
14447,"3,21,147"
14448,"3,21"
14449,"129,128,130"
14450,"64,10,93"
14451,"10,23,24"
14452,"40,128"
14453,"10,60,93"
14454,"160,40,151"
14455,"3,21,53"
14456,"131,40"
14457,"38,23"
14458,"40,145,38"
14459,"4,3,19"
14460,"64,10,93"
14461,"0,271,265"
14462,"10,220,0"
14463,"10,145,23"
14464,"426,10"
14465,"40,145"
14466,"17,3,18"
14467,"40,135,138"
14468,"0,271,265"
14469,"24,10,25"
14470,"130,128,40"
14471,"31,60,23"
14472,"64,93,10"
14473,"181,43,24"
14474,"26,350,0"
14475,"10,44,11"
14476,"23,38,93"
14477,"24,23,10"
14478,"31,23,32"
14479,"3,21,147"
14480,"23,26,38"
14481,"3,21,53"
14482,"23,24,3"
14483,"145,40"
14484,"3,53,111"
14485,"3,21,199"
14486,"3,4"
14487,"111,3,112"
14488,"4,3,19"
14489,"23,40,74"
14490,"3,21"
14491,"24,43,23"
14492,"296,169,306"
14493,"3,13,21"
14494,"31,23"
14495,"10,24,23"
14496,"169,170,199"
14497,"3,21,17"
14498,"40,131"
14499,"0,8,206"
14500,"40,128,160"
14501,"3,53,21"
14502,"23,38"
14503,"145,38,264"
14504,"3,21"
14505,"60,10,64"
14506,"40,41,128"
14507,"74,23,118"
14508,"60,10,64"
14509,"3,21"
14510,"3,21"
14511,"44,31,23"
14512,"220,221,10"
14513,"38,145,10"
14514,"23,38,40"
14515,"129,23,31"
14516,"23,145,402"
14517,"44,145,10"
14518,"23,31,32"
14519,"40,145,146"
14520,"3,21,53"
14521,"10,11,44"
14522,"220,10,221"
14523,"169,170,199"
14524,"3,53,21"
14525,"17,18,3"
14526,"40,131,184"
14527,"3,4,28"
14528,"0,271,255"
14529,"426,199,169"
14530,"3,21,53"
14531,"10,44,11"
14532,"3,111,21"
14533,"23,38,26"
14534,"0,271,272"
14535,"0,10,3"
14536,"93,64,10"
14537,"0,8"
14538,"3,21"
14539,"3,21"
14540,"3,17"
14541,"271,0,265"
14542,"10,44,11"
14543,"3,4,21"
14544,"145,402,40"
14545,"199,169,170"
14546,"64,60,10"
14547,"38,23"
14548,"23,40,24"
14549,"145,402,44"
14550,"40,128,160"
14551,"23,38,40"
14552,"40,160"
14553,"0,216,313"
14554,"3,28,40"
14555,"169,170,199"
14556,"26,23,231"
14557,"40,184,128"
14558,"3,21,53"
14559,"3,21"
14560,"3,4,30"
14561,"10,220,221"
14562,"40,131,184"
14563,"3,21,53"
14564,"17,3,18"
14565,"10,17,18"
14566,"24,23,43"
14567,"0,271,218"
14568,"31,32,23"
14569,"3,21,147"
14570,"93,64,10"
14571,"3,21"
14572,"129,328,31"
14573,"3,85,5"
14574,"38,23"
14575,"40,160,41"
14576,"220,221,10"
14577,"64,93,10"
14578,"40,128,145"
14579,"3,21,111"
14580,"220,221,10"
14581,"93,64,10"
14582,"43,24"
14583,"3,4,19"
14584,"220,221,10"
14585,"40,130,128"
14586,"38,23,48"
14587,"40,3"
14588,"3,21,53"
14589,"3,4"
14590,"38,23"
14591,"23,49,24"
14592,"3,21,111"
14593,"199,170,169"
14594,"74,165,38"
14595,"24,43,23"
14596,"170,169,199"
14597,"64,93,10"
14598,"44,10,11"
14599,"23,24,49"
14600,"3,21"
14601,"3,13,28"
14602,"3,21,17"
14603,"31,32,23"
14604,"145,44,402"
14605,"0,271,265"
14606,"311,199,337"
14607,"3,21,169"
14608,"3,4,21"
14609,"265,271,0"
14610,"130,129,40"
14611,"4,3,19"
14612,"23,74,38"
14613,"24,49,23"
14614,"64,93,10"
14615,"64,10,90"
14616,"10,64,65"
14617,"40,128,145"
14618,"10,11,44"
14619,"23,74,303"
14620,"0,211,216"
14621,"23,74,38"
14622,"10,11,265"
14623,"169,199,170"
14624,"199,170,169"
14625,"64,10,93"
14626,"0,3"
14627,"40,3,21"
14628,"0,8"
14629,"3,21"
14630,"44,72,10"
14631,"10,11,44"
14632,"296,306,169"
14633,"220,10,221"
14634,"40,128,160"
14635,"43,24,181"
14636,"3,4"
14637,"220,221,242"
14638,"10,44,23"
14639,"23,38,105"
14640,"169,426,296"
14641,"3,21,111"
14642,"170,3,169"
14643,"220,221,10"
14644,"40,128,41"
14645,"0,8"
14646,"3,53,21"
14647,"38,23,74"
14648,"3,21"
14649,"426,508,169"
14650,"426,169,199"
14651,"3,111,21"
14652,"0,8"
14653,"0,169"
14654,"128,40,41"
14655,"3,21,111"
14656,"3,21"
14657,"3,13"
14658,"23,74,38"
14659,"40,135,160"
14660,"40,128"
14661,"40,160,41"
14662,"10,145,24"
14663,"38,23,264"
14664,"40,184,145"
14665,"23,74,40"
14666,"0,8,206"
14667,"40,131,184"
14668,"24,49,23"
14669,"3,5,4"
14670,"74,23,38"
14671,"3,21,40"
14672,"3,147,21"
14673,"0,216,271"
14674,"169,199,170"
14675,"40,186,3"
14676,"40,131,128"
14677,"3,15"
14678,"199,169,170"
14679,"169,199,170"
14680,"271,0,265"
14681,"23,38"
14682,"3,21,48"
14683,"40,131,184"
14684,"3,21,85"
14685,"64,93,10"
14686,"43,24"
14687,"3,40,111"
14688,"3,21,17"
14689,"3,21,53"
14690,"64,10,60"
14691,"23,74,38"
14692,"38,23,24"
14693,"169,296"
14694,"40,160,151"
14695,"43,24,23"
14696,"160,40,315"
14697,"44,10,11"
14698,"0,265"
14699,"3,30"
14700,"290,31"
14701,"40,135,41"
14702,"40,128,160"
14703,"3,21,170"
14704,"3,21"
14705,"40,128"
14706,"3,147,21"
14707,"3,17,21"
14708,"3,21"
14709,"24,49,23"
14710,"169,296"
14711,"169,199,170"
14712,"169,170,199"
14713,"8,0,206"
14714,"169,170,199"
14715,"32,31,23"
14716,"24,145,10"
14717,"3,21,111"
14718,"23,38,74"
14719,"10,64,90"
14720,"3,17,40"
14721,"31,23,24"
14722,"44,10,145"
14723,"3,21"
14724,"0,265"
14725,"220,221,10"
14726,"44,11,10"
14727,"23,38,26"
14728,"38,23,10"
14729,"3,17,28"
14730,"10,64"
14731,"0,8,265"
14732,"21,187,3"
14733,"3,21,41"
14734,"220,10,221"
14735,"3,53,21"
14736,"49,24,23"
14737,"23,38,10"
14738,"3,4"
14739,"216,0,211"
14740,"220,221,242"
14741,"10,220,221"
14742,"43,24,170"
14743,"40,145,184"
14744,"131,40,184"
14745,"10,64"
14746,"23,60,31"
14747,"271,0,265"
14748,"23,31,10"
14749,"23,38"
14750,"23,74,38"
14751,"40,169,199"
14752,"171,170,199"
14753,"10,64"
14754,"0,216,8"
14755,"40,128,41"
14756,"0,265,271"
14757,"3,21,15"
14758,"31,184,93"
14759,"131,40"
14760,"3,85,5"
14761,"169,170,199"
14762,"3,21,147"
14763,"44,10,72"
14764,"199,169,170"
14765,"3,21"
14766,"169,199,170"
14767,"48,21"
14768,"131,40,226"
14769,"74,118,23"
14770,"0,271"
14771,"24,23,49"
14772,"0,271,265"
14773,"21,3"
14774,"17,18,3"
14775,"21,3,17"
14776,"3,21,34"
14777,"199,170,169"
14778,"3,21,53"
14779,"3,30,21"
14780,"426,0,216"
14781,"40,145"
14782,"8,0,391"
14783,"3,53,111"
14784,"23,24,49"
14785,"23,38,40"
14786,"3,53,523"
14787,"10,64,220"
14788,"40,131,145"
14789,"10,64"
14790,"26,23,350"
14791,"40,160,41"
14792,"49,23,24"
14793,"10,44,24"
14794,"64,10,90"
14795,"40,145,146"
14796,"3,21,30"
14797,"40,184,128"
14798,"40,145,128"
14799,"170,169,199"
14800,"38,23,74"
14801,"169,170,199"
14802,"169,426,170"
14803,"3,5,21"
14804,"23,38,26"
14805,"0,216"
14806,"3,21,28"
14807,"40,184,128"
14808,"24,23,43"
14809,"3,21,17"
14810,"4,3,19"
14811,"3,21"
14812,"0,216,8"
14813,"3,21"
14814,"23,24,10"
14815,"23,38,24"
14816,"3,21,13"
14817,"10,11,44"
14818,"220,221,10"
14819,"26,23,89"
14820,"23,38,24"
14821,"3,21,85"
14822,"40,135"
14823,"0,265,8"
14824,"199,169,170"
14825,"3,21"
14826,"3,5,6"
14827,"0,265,271"
14828,"3,4"
14829,"40,128,130"
14830,"74,303,38"
14831,"3,17,21"
14832,"220,221,10"
14833,"44,11,10"
14834,"0,218,271"
14835,"23,74"
14836,"3,4,0"
14837,"40,186,128"
14838,"74,38,23"
14839,"220,221,10"
14840,"0,23,265"
14841,"3,21,30"
14842,"26,350,231"
14843,"32,31,23"
14844,"3,53,111"
14845,"169,199,170"
14846,"130,40,128"
14847,"3,21,40"
14848,"40,160,131"
14849,"3,28,111"
14850,"220,221,10"
14851,"3,21,30"
14852,"74,23,38"
14853,"0,271,255"
14854,"10,11,44"
14855,"350,26"
14856,"128,131,40"
14857,"0,8"
14858,"40,41,128"
14859,"23,24,49"
14860,"40,131"
14861,"3,21,35"
14862,"21,3,187"
14863,"3,21,41"
14864,"40,41,21"
14865,"40,128,145"
14866,"3,21,53"
14867,"3,21,30"
14868,"44,11,145"
14869,"40,160,128"
14870,"23,38"
14871,"10,11,44"
14872,"4,3,7"
14873,"3,4,53"
14874,"220,221,10"
14875,"169,199,170"
14876,"17,3,18"
14877,"3,147,21"
14878,"220,221,242"
14879,"3,21,34"
14880,"111,3,112"
14881,"199,170,426"
14882,"40,21,3"
14883,"23,49,31"
14884,"10,44,11"
14885,"3,4"
14886,"23,38,26"
14887,"216,23,38"
14888,"26,23,350"
14889,"3,13,21"
14890,"23,31,32"
14891,"10,64,65"
14892,"21,41,3"
14893,"3,21,17"
14894,"31,23,96"
14895,"0,265,271"
14896,"426,311,199"
14897,"40,145"
14898,"23,24"
14899,"0,265,271"
14900,"10,24,44"
14901,"23,74,38"
14902,"40,131,134"
14903,"402,145"
14904,"170,199,169"
14905,"40,135"
14906,"44,11,10"
14907,"135,40,138"
14908,"40,128,160"
14909,"26,38,23"
14910,"3,13,5"
14911,"40,131,128"
14912,"0,216,8"
14913,"131,241,40"
14914,"265,0"
14915,"64,10"
14916,"38,23,24"
14917,"135,431"
14918,"3,17,21"
14919,"40,135,199"
14920,"23,24,49"
14921,"296,169,306"
14922,"40,41,128"
14923,"43,24,23"
14924,"0,8,350"
14925,"0,271,255"
14926,"3,120,4"
14927,"10,11,44"
14928,"40,131,226"
14929,"3,21"
14930,"169,199,3"
14931,"26,23,89"
14932,"38,23"
14933,"0,10"
14934,"169,199,170"
14935,"169,170,199"
14936,"0,8"
14937,"40,131"
14938,"38,23,74"
14939,"3,21,53"
14940,"0,271,216"
14941,"220,10,242"
14942,"169,170,3"
14943,"3,17"
14944,"3,21,17"
14945,"40,128,160"
14946,"4,3"
14947,"23,74"
14948,"296,169,306"
14949,"3,169,53"
14950,"40,10,220"
14951,"3,111"
14952,"38,402,145"
14953,"0,8,313"
14954,"23,38,24"
14955,"31,131,134"
14956,"128,40"
14957,"131,184,40"
14958,"23,40,10"
14959,"40,131,128"
14960,"40,3,21"
14961,"23,38,26"
14962,"23,26"
14963,"0,8,271"
14964,"40,131,145"
14965,"38,23,82"
14966,"169,170,199"
14967,"3,53,120"
14968,"23,74,38"
14969,"4,3"
14970,"129,131,128"
14971,"40,41"
14972,"49,24,23"
14973,"38,23"
14974,"64,10,65"
14975,"199,170,169"
14976,"23,26"
14977,"271,0,265"
14978,"426,199,169"
14979,"64,10,93"
14980,"23,10,145"
14981,"40,131"
14982,"3,21,28"
14983,"40,128,160"
14984,"170,169,199"
14985,"26,350"
14986,"0,8"
14987,"0,23,26"
14988,"24,23,10"
14989,"23,31,49"
14990,"3,17,21"
14991,"145,23,44"
14992,"0,271,8"
14993,"3,21,4"
14994,"4,3,7"
14995,"3,21"
14996,"93,64,10"
14997,"169,170,199"
14998,"43,24,23"
14999,"64,10,93"
15000,"40,128,160"
15001,"3,21,111"
15002,"169,199,170"
15003,"10,11,44"
15004,"169,199,170"
15005,"23,74,118"
15006,"40,131,128"
15007,"49,24,23"
15008,"49,23,24"
15009,"169,170,199"
15010,"3,21"
15011,"23,24,131"
15012,"128,40"
15013,"40,41,21"
15014,"10,11,44"
15015,"3,4"
15016,"170,199,169"
15017,"3,21"
15018,"145,40,23"
15019,"171,169,199"
15020,"23,74,38"
15021,"169,199,170"
15022,"40,128,41"
15023,"64,10,93"
15024,"3,21,85"
15025,"38,23,8"
15026,"3,17,21"
15027,"21,3"
15028,"0,40,208"
15029,"131,40,184"
15030,"74,23,303"
15031,"0,350,26"
15032,"17,18,40"
15033,"3,21,147"
15034,"3,85"
15035,"3,21,147"
15036,"3,4,5"
15037,"3,21,17"
15038,"199,170,0"
15039,"0,216"
15040,"10,220,221"
15041,"169,426,10"
15042,"10,64"
15043,"0,8,206"
15044,"3,21"
15045,"3,40,21"
15046,"3,53,4"
15047,"38,23"
15048,"40,184,128"
15049,"93,64,10"
15050,"135,23,236"
15051,"4,3"
15052,"21,3,17"
15053,"169,170,199"
15054,"216,0,211"
15055,"40,38,23"
15056,"0,8"
15057,"40,145"
15058,"3,21"
15059,"370,0,23"
15060,"93,64,10"
15061,"169,426,170"
15062,"3,4,147"
15063,"170,199,169"
15064,"10,44,11"
15065,"169,170,199"
15066,"131,40,184"
15067,"3,21"
15068,"3,21"
15069,"21,3,53"
15070,"3,111,30"
15071,"3,4"
15072,"3,21"
15073,"3,111"
15074,"40,135"
15075,"3,21"
15076,"3,21"
15077,"43,24,23"
15078,"220,221,10"
15079,"3,147"
15080,"24,43,23"
15081,"0,8"
15082,"49,24,23"
15083,"40,23"
15084,"40,131,184"
15085,"10,44,64"
15086,"220,221,10"
15087,"0,265"
15088,"74,118,23"
15089,"26,350,23"
15090,"170,169,199"
15091,"4,3,19"
15092,"3,21"
15093,"40,402,145"
15094,"3,21"
15095,"169,170,3"
15096,"40,128,160"
15097,"11,44,10"
15098,"0,216"
15099,"0,128"
15100,"21,3,118"
15101,"40,41"
15102,"3,111,53"
15103,"17,18,3"
15104,"3,5,111"
15105,"265,0,418"
15106,"43,24,23"
15107,"426,199,170"
15108,"10,220,44"
15109,"38,23"
15110,"169,170,199"
15111,"3,21,13"
15112,"23,74,38"
15113,"10,220,23"
15114,"40,184,128"
15115,"131,40"
15116,"3,147,156"
15117,"11,10,44"
15118,"44,11,10"
15119,"311,199,337"
15120,"3,147,21"
15121,"3,21,17"
15122,"402,145,40"
15123,"38,23,44"
15124,"23,40,10"
15125,"40,3,128"
15126,"3,4"
15127,"220,221,10"
15128,"211,212,216"
15129,"26,23,231"
15130,"40,131"
15131,"220,23,10"
15132,"64,10,60"
15133,"4,3"
15134,"3,21,4"
15135,"3,4,21"
15136,"40,128,184"
15137,"135,138"
15138,"40,128"
15139,"38,23"
15140,"350,26"
15141,"23,38,24"
15142,"3,30,21"
15143,"43,24,23"
15144,"10,220,221"
15145,"23,31,32"
15146,"3,21"
15147,"169,199,170"
15148,"0,8"
15149,"43,24,23"
15150,"40,145"
15151,"64,93,10"
15152,"220,221,242"
15153,"3,13,28"
15154,"3,21,53"
15155,"31,23"
15156,"170,169,199"
15157,"0,216,208"
15158,"24,23,43"
15159,"3,21,147"
15160,"49,24,23"
15161,"171,170,199"
15162,"3,21,28"
15163,"23,0"
15164,"10,220,221"
15165,"426,169,199"
15166,"3,0"
15167,"169,296"
15168,"3,21,85"
15169,"40,128,184"
15170,"38,23"
15171,"4,3"
15172,"4,3"
15173,"24,43,23"
15174,"169,199,170"
15175,"3,21"
15176,"43,24"
15177,"169,199,170"
15178,"3,21,147"
15179,"38,23"
15180,"21,3"
15181,"3,21,53"
15182,"220,10,25"
15183,"220,10,221"
15184,"3,21,53"
15185,"169,296"
15186,"74,23,303"
15187,"32,31,23"
15188,"271,0,265"
15189,"145,40"
15190,"3,4"
15191,"0,8,206"
15192,"3,21,30"
15193,"38,23"
15194,"3,147,21"
15195,"145,40"
15196,"169,170,199"
15197,"3,21,147"
15198,"3,5,21"
15199,"40,131"
15200,"169,40,170"
15201,"40,128"
15202,"3,53,21"
15203,"49,24,23"
15204,"145,40,44"
15205,"265,271,0"
15206,"3,23,21"
15207,"3,21"
15208,"3,21,17"
15209,"0,265,271"
15210,"220,221,10"
15211,"220,10,221"
15212,"3,21"
15213,"3,21,53"
15214,"145,44,10"
15215,"21,41,3"
15216,"0,271,8"
15217,"74,303,23"
15218,"10,11,44"
15219,"40,128,160"
15220,"44,23,145"
15221,"0,211,216"
15222,"24,23,43"
15223,"169,170,199"
15224,"350,26,23"
15225,"40,23"
15226,"40,131,184"
15227,"10,11,44"
15228,"169,170,23"
15229,"40,131,226"
15230,"64,10,93"
15231,"26,23,38"
15232,"0,8,216"
15233,"3,13"
15234,"169,170,296"
15235,"145,402,40"
15236,"3,21"
15237,"135,431,40"
15238,"199,170,311"
15239,"220,221,10"
15240,"24,23,44"
15241,"23,26,145"
15242,"169,170,199"
15243,"10,11"
15244,"10,64"
15245,"3,21,17"
15246,"10,64,44"
15247,"0,8,265"
15248,"31,32,23"
15249,"31,32,23"
15250,"3,147,85"
15251,"223,311,337"
15252,"145,44,10"
15253,"23,10,38"
15254,"74,175,186"
15255,"0,216,271"
15256,"0,271,255"
15257,"311,199,259"
15258,"131,40,184"
15259,"40,131,226"
15260,"3,111"
15261,"3,21"
15262,"40,131"
15263,"10,145,220"
15264,"220,10,221"
15265,"23,38,74"
15266,"40,131,184"
15267,"38,23,74"
15268,"40,135"
15269,"128,3,21"
15270,"0,265"
15271,"3,21,187"
15272,"21,3,187"
15273,"11,10"
15274,"10,220,221"
15275,"0,271,8"
15276,"171,169,199"
15277,"3,21"
15278,"169,199,170"
15279,"10,64"
15280,"3,4"
15281,"3,21,53"
15282,"23,40,38"
15283,"40,23,74"
15284,"72,44,23"
15285,"26,23,89"
15286,"3,21,41"
15287,"169,170,199"
15288,"0,426,337"
15289,"3,21,53"
15290,"10,220,221"
15291,"3,21"
15292,"3,21,17"
15293,"3,17,21"
15294,"43,64,24"
15295,"64,10"
15296,"24,43,145"
15297,"11,10,44"
15298,"0,265,271"
15299,"169,199,337"
15300,"21,3"
15301,"3,28,21"
15302,"3,4,5"
15303,"31,258,508"
15304,"296,169,460"
15305,"40,131"
15306,"131,184,40"
15307,"199,170,311"
15308,"60,239,24"
15309,"44,11,10"
15310,"21,3,48"
15311,"199,170,426"
15312,"3,21"
15313,"199,170,426"
15314,"131,40,241"
15315,"426,169,311"
15316,"0,271,265"
15317,"40,128,160"
15318,"3,4"
15319,"10,44,38"
15320,"169,426,170"
15321,"271,0"
15322,"23,74,38"
15323,"0,8"
15324,"199,170,337"
15325,"0,271,265"
15326,"199,169,170"
15327,"255,0,271"
15328,"3,21,30"
15329,"10,44,23"
15330,"26,89,0"
15331,"17,18,3"
15332,"0,8"
15333,"169,170,199"
15334,"220,10,221"
15335,"3,21"
15336,"74,23,40"
15337,"3,21"
15338,"3,21,147"
15339,"40,145"
15340,"0,265,8"
15341,"169,426,199"
15342,"40,21,3"
15343,"23,74,24"
15344,"8,0,206"
15345,"3,21,53"
15346,"10,11,44"
15347,"3,53,21"
15348,"3,21"
15349,"199,169,170"
15350,"3,21,4"
15351,"0,271,265"
15352,"169,170,199"
15353,"10,64,65"
15354,"40,130,129"
15355,"10,44,11"
15356,"23,38"
15357,"23,0,26"
15358,"44,23,38"
15359,"40,131,184"
15360,"11,10,44"
15361,"3,28,21"
15362,"111,112,3"
15363,"3,21"
15364,"23,38,10"
15365,"64,93,10"
15366,"40,131"
15367,"23,38,74"
15368,"40,131"
15369,"44,10,11"
15370,"40,131,128"
15371,"3,21"
15372,"170,199,169"
15373,"40,135"
15374,"3,21"
15375,"38,23,145"
15376,"23,24,49"
15377,"40,131,128"
15378,"0,8,265"
15379,"23,38,26"
15380,"0,8"
15381,"0,208"
15382,"0,8,265"
15383,"61,181,375"
15384,"3,21"
15385,"32,31,3"
15386,"426,169,199"
15387,"93,64,10"
15388,"40,128"
15389,"40,128"
15390,"3,15,21"
15391,"26,23,89"
15392,"3,21,28"
15393,"3,21"
15394,"23,31,40"
15395,"111,123,3"
15396,"40,31,128"
15397,"40,160,315"
15398,"220,221,10"
15399,"220,221,10"
15400,"181,60,93"
15401,"0,271,272"
15402,"60,10,64"
15403,"426,169,199"
15404,"40,145"
15405,"10,64,60"
15406,"17,18,3"
15407,"31,23,96"
15408,"26,350,0"
15409,"4,38,3"
15410,"3,21,147"
15411,"3,21,17"
15412,"0,271,265"
15413,"3,15"
15414,"13,169,241"
15415,"23,40,24"
15416,"24,145,43"
15417,"40,184,185"
15418,"220,221,10"
15419,"3,23,31"
15420,"0,271,265"
15421,"23,38,24"
15422,"38,23,131"
15423,"0,8,265"
15424,"23,169,31"
15425,"0,8,271"
15426,"0,271,255"
15427,"169,199,170"
15428,"40,131,184"
15429,"0,271,216"
15430,"23,24,43"
15431,"43,24,23"
15432,"41,40,21"
15433,"31,23,32"
15434,"93,64,10"
15435,"44,145,10"
15436,"40,128,21"
15437,"3,21,111"
15438,"220,221,10"
15439,"170,169,3"
15440,"26,89,23"
15441,"10,44,60"
15442,"38,264,23"
15443,"38,264,145"
15444,"24,43,64"
15445,"3,21"
15446,"23,74,84"
15447,"3,40,21"
15448,"40,10"
15449,"38,23,82"
15450,"199,170,169"
15451,"40,128,111"
15452,"40,160,41"
15453,"169,426"
15454,"0,3"
15455,"3,21"
15456,"3,21,53"
15457,"26,89,128"
15458,"3,5,21"
15459,"135,40,138"
15460,"44,145,10"
15461,"0,8"
15462,"3,21,41"
15463,"3,21,30"
15464,"44,11,10"
15465,"3,21"
15466,"169,199,170"
15467,"0,271,255"
15468,"10,220"
15469,"3,21,30"
15470,"44,11,10"
15471,"0,216,211"
15472,"0,350,26"
15473,"40,128,184"
15474,"10,220,221"
15475,"3,111,112"
15476,"40,3,128"
15477,"10,11,44"
15478,"169,426,170"
15479,"145,44,40"
15480,"17,18,3"
15481,"426,311,199"
15482,"145,40"
15483,"199,170,169"
15484,"3,53,21"
15485,"74,165,23"
15486,"74,23,38"
15487,"0,211,216"
15488,"3,21,34"
15489,"3,21,17"
15490,"199,311,170"
15491,"23,24"
15492,"169,199,170"
15493,"3,21"
15494,"3,4,21"
15495,"64,60,93"
15496,"169,170,199"
15497,"199,170,169"
15498,"0,255,271"
15499,"3,21"
15500,"0,265,8"
15501,"3,147,21"
15502,"64,93,10"
15503,"40,131"
15504,"24,23"
15505,"40,41"
15506,"199,169,170"
15507,"40,135"
15508,"3,111,53"
15509,"23,62,24"
15510,"38,23"
15511,"271,0,456"
15512,"10,64"
15513,"3,21,5"
15514,"169,170,199"
15515,"23,185,134"
15516,"40,131,128"
15517,"32,23,31"
15518,"11,10,265"
15519,"169,199,356"
15520,"181,43,61"
15521,"40,184,128"
15522,"43,24,23"
15523,"3,17,18"
15524,"0,216"
15525,"41,40"
15526,"494,184,40"
15527,"3,5,21"
15528,"31,23,32"
15529,"0,271,265"
15530,"3,21,5"
15531,"40,134,131"
15532,"3,21,53"
15533,"169,199,170"
15534,"64,93,10"
15535,"3,4,30"
15536,"40,131"
15537,"40,131,128"
15538,"48,23,38"
15539,"11,10,44"
15540,"170,169,199"
15541,"23,231,26"
15542,"23,24,26"
15543,"23,231,26"
15544,"3,21,111"
15545,"10,64,90"
15546,"3,21"
15547,"43,24,23"
15548,"3,21"
15549,"3,13"
15550,"64,93,10"
15551,"3,40,17"
15552,"23,31,24"
15553,"23,38"
15554,"10,220"
15555,"0,8"
15556,"64,93,10"
15557,"3,21,28"
15558,"3,4"
15559,"23,24"
15560,"3,21"
15561,"220,221,10"
15562,"21,3"
15563,"40,131,184"
15564,"3,21"
15565,"3,4,19"
15566,"3,147,21"
15567,"23,43,24"
15568,"43,24,181"
15569,"43,24,23"
15570,"131,40,169"
15571,"3,21"
15572,"64,10"
15573,"41,3,40"
15574,"169,170,199"
15575,"0,8,206"
15576,"17,3,18"
15577,"23,24,43"
15578,"93,64,10"
15579,"426,199,170"
15580,"0,8,265"
15581,"0,271"
15582,"38,23,74"
15583,"8,0,206"
15584,"0,265,8"
15585,"220,221,10"
15586,"4,3,375"
15587,"64,402,10"
15588,"169,170,199"
15589,"171,170,199"
15590,"74,165,38"
15591,"23,38,24"
15592,"93,64,10"
15593,"23,0"
15594,"3,13"
15595,"10,220,221"
15596,"402,145"
15597,"3,21,111"
15598,"40,128,145"
15599,"0,271,8"
15600,"3,111,21"
15601,"3,21,53"
15602,"23,38"
15603,"23,31"
15604,"169,199,170"
15605,"40,145,38"
15606,"3,21"
15607,"169,170,199"
15608,"0,8"
15609,"40,131"
15610,"3,5,21"
15611,"21,3,187"
15612,"23,38,74"
15613,"3,21,23"
15614,"13,3,10"
15615,"402,145,10"
15616,"74,118,23"
15617,"129,128,130"
15618,"10,64,145"
15619,"64,93,10"
15620,"64,145,10"
15621,"3,21"
15622,"40,31,23"
15623,"40,184"
15624,"199,169,170"
15625,"128,129,40"
15626,"3,21,53"
15627,"0,8"
15628,"199,170,311"
15629,"3,4"
15630,"3,21"
15631,"40,128"
15632,"0,8,265"
15633,"170,199,169"
15634,"3,21,53"
15635,"0,3"
15636,"64,10,145"
15637,"40,128,160"
15638,"145,10,402"
15639,"40,128,131"
15640,"0,271,265"
15641,"10,44,11"
15642,"0,8,216"
15643,"40,128,186"
15644,"40,145,146"
15645,"23,10,38"
15646,"26,350,0"
15647,"0,8"
15648,"3,53,147"
15649,"3,21,34"
15650,"0,216,249"
15651,"3,15,53"
15652,"169,296"
15653,"64,10,370"
15654,"3,21,170"
15655,"3,21"
15656,"3,220,221"
15657,"40,131,226"
15658,"93,64,10"
15659,"145,40,44"
15660,"0,271,265"
15661,"3,21"
15662,"38,23"
15663,"38,23"
15664,"0,265,8"
15665,"199,169,170"
15666,"3,147,21"
15667,"128,13,40"
15668,"40,23,128"
15669,"23,169,170"
15670,"118,23,74"
15671,"0,271,265"
15672,"145,44,10"
15673,"220,221,242"
15674,"10,220,44"
15675,"3,17,21"
15676,"0,271,265"
15677,"0,265,8"
15678,"40,135"
15679,"23,38,24"
15680,"431,135"
15681,"171,169,199"
15682,"0,271,265"
15683,"255,0,271"
15684,"3,5,21"
15685,"21,3"
15686,"24,43,23"
15687,"169,199,426"
15688,"3,21,17"
15689,"23,24,49"
15690,"23,38"
15691,"40,184"
15692,"130,40,128"
15693,"10,44,11"
15694,"311,426,199"
15695,"265,0,271"
15696,"4,3,19"
15697,"44,69,11"
15698,"49,24,23"
15699,"23,74,40"
15700,"93,60,10"
15701,"23,74,38"
15702,"0,8,206"
15703,"199,169,170"
15704,"4,3,111"
15705,"3,21"
15706,"3,21,30"
15707,"3,15,53"
15708,"111,3,40"
15709,"0,350,265"
15710,"23,3,31"
15711,"3,4"
15712,"40,145"
15713,"4,3,19"
15714,"40,145,131"
15715,"170,169,199"
15716,"40,131,184"
15717,"23,24,43"
15718,"199,170,169"
15719,"40,184"
15720,"10,220,221"
15721,"3,4"
15722,"199,170,169"
15723,"3,13,5"
15724,"134,3,159"
15725,"31,23"
15726,"508,31,258"
15727,"3,23,4"
15728,"199,170,169"
15729,"40,131,23"
15730,"169,170,199"
15731,"3,21"
15732,"0,271,265"
15733,"350,26"
15734,"21,3"
15735,"3,5,21"
15736,"38,23"
15737,"0,271,265"
15738,"24,49,23"
15739,"40,10,135"
15740,"49,24,23"
15741,"23,26,38"
15742,"0,216"
15743,"0,265"
15744,"23,38"
15745,"23,105"
15746,"10,44,11"
15747,"10,11,44"
15748,"24,23,43"
15749,"0,255,271"
15750,"17,3,18"
15751,"21,3"
15752,"296,169,306"
15753,"0,8,208"
15754,"17,18,3"
15755,"4,3,19"
15756,"3,4,21"
15757,"23,24"
15758,"40,131"
15759,"23,10"
15760,"44,10,11"
15761,"38,74,137"
15762,"26,23,350"
15763,"40,128,129"
15764,"41,40,21"
15765,"426,199,311"
15766,"111,3"
15767,"31,3,96"
15768,"32,23,31"
15769,"3,21"
15770,"3,21"
15771,"169,296,170"
15772,"38,309,23"
15773,"199,169,170"
15774,"0,265,271"
15775,"0,271,216"
15776,"0,8,208"
15777,"40,128,160"
15778,"10,44,145"
15779,"24,43,23"
15780,"171,170,199"
15781,"3,13"
15782,"0,8"
15783,"10,64"
15784,"3,21,4"
15785,"402,145"
15786,"23,26"
15787,"40,145,23"
15788,"3,21"
15789,"10,11,44"
15790,"64,10,93"
15791,"169,170,199"
15792,"3,85,5"
15793,"10,64,145"
15794,"0,8,265"
15795,"220,221,10"
15796,"3,21,5"
15797,"3,21,28"
15798,"3,4"
15799,"0,265"
15800,"10,220,221"
15801,"3,21,17"
15802,"3,21,42"
15803,"169,171,170"
15804,"3,53"
15805,"3,4"
15806,"208,0,3"
15807,"0,271,255"
15808,"3,21,17"
15809,"169,296,426"
15810,"145,40"
15811,"74,23,40"
15812,"41,40,128"
15813,"220,10,221"
15814,"40,41,3"
15815,"3,21"
15816,"199,169,170"
15817,"74,118,23"
15818,"169,31"
15819,"0,265"
15820,"10,11,44"
15821,"3,21"
15822,"23,38,10"
15823,"44,10,11"
15824,"169,426,199"
15825,"40,131,184"
15826,"23,38,24"
15827,"23,38"
15828,"169,170,199"
15829,"0,265,340"
15830,"3,21,53"
15831,"18,17,168"
15832,"3,21"
15833,"402,145,44"
15834,"10,23,24"
15835,"21,3,17"
15836,"23,38"
15837,"23,38"
15838,"184,40,131"
15839,"10,64,93"
15840,"169,170,199"
15841,"40,169,170"
15842,"3,337,53"
15843,"64,10,335"
15844,"3,15,21"
15845,"64,10,335"
15846,"11,10,44"
15847,"23,24,49"
15848,"10,64"
15849,"23,38,26"
15850,"23,38,10"
15851,"137,74,23"
15852,"3,21,40"
15853,"24,43,23"
15854,"170,199,169"
15855,"23,38,31"
15856,"40,145,146"
15857,"4,3,19"
15858,"3,21"
15859,"23,38,26"
15860,"23,26"
15861,"8,0,206"
15862,"49,24,23"
15863,"3,4"
15864,"10,220"
15865,"23,38,74"
15866,"265,0"
15867,"3,21,17"
15868,"0,8"
15869,"10,11,44"
15870,"40,128,160"
15871,"43,24,23"
15872,"23,265,24"
15873,"3,21"
15874,"0,216,271"
15875,"40,128,175"
15876,"0,8,218"
15877,"64,10,93"
15878,"23,40,24"
15879,"21,40,3"
15880,"40,23,135"
15881,"3,4,111"
15882,"0,265"
15883,"23,10"
15884,"24,23,49"
15885,"3,21"
15886,"23,26,89"
15887,"40,74,23"
15888,"60,239,170"
15889,"0,271"
15890,"3,30,28"
15891,"40,128,160"
15892,"3,4,19"
15893,"3,53,199"
15894,"211,0,216"
15895,"4,3,19"
15896,"40,3"
15897,"40,128"
15898,"0,8,255"
15899,"31,23,10"
15900,"26,23,350"
15901,"0,271,255"
15902,"44,145,11"
15903,"220,221,10"
15904,"0,265,271"
15905,"3,21"
15906,"23,38"
15907,"169,199,170"
15908,"3,21"
15909,"40,41,3"
15910,"23,26,38"
15911,"128,40,162"
15912,"0,216"
15913,"426,311,259"
15914,"3,21"
15915,"3,21"
15916,"40,3,21"
15917,"131,40,184"
15918,"0,271,255"
15919,"135,40,138"
15920,"0,8,206"
15921,"3,21,30"
15922,"64,10,93"
15923,"220,10,221"
15924,"220,221,10"
15925,"64,10,93"
15926,"131,40,184"
15927,"8,0,206"
15928,"3,21,5"
15929,"135,169,199"
15930,"10,64,93"
15931,"0,8"
15932,"3,40,21"
15933,"3,21,17"
15934,"49,24,23"
15935,"199,170,169"
15936,"44,11,23"
15937,"3,4,5"
15938,"10,402,145"
15939,"21,170,199"
15940,"169,199,170"
15941,"23,74,118"
15942,"40,131,226"
15943,"402,145,40"
15944,"169,199,426"
15945,"38,23"
15946,"3,21,53"
15947,"24,23,43"
15948,"23,38"
15949,"3,21,17"
15950,"199,311,426"
15951,"10,220,221"
15952,"40,41"
15953,"220,221,10"
15954,"402,145,40"
15955,"44,145,11"
15956,"3,21"
15957,"0,271,265"
15958,"40,135"
15959,"4,3,28"
15960,"3,21,40"
15961,"3,40,21"
15962,"0,265"
15963,"3,17,21"
15964,"3,4,21"
15965,"40,38,128"
15966,"3,21,28"
15967,"64,93,10"
15968,"0,8,208"
15969,"0,216"
15970,"74,40,165"
15971,"3,4,30"
15972,"170,199,311"
15973,"145,44,10"
15974,"10,220,221"
15975,"60,10,64"
15976,"23,24,43"
15977,"0,10,265"
15978,"3,21,28"
15979,"3,21,17"
15980,"44,145,38"
15981,"220,221,0"
15982,"0,271,456"
15983,"10,44"
15984,"0,271"
15985,"3,21"
15986,"220,221,10"
15987,"74,303,165"
15988,"0,265,208"
15989,"38,10,48"
15990,"3,21,41"
15991,"220,221,10"
15992,"40,10,64"
15993,"26,23,38"
15994,"44,145,10"
15995,"169,170,199"
15996,"10,11,44"
15997,"23,89,26"
15998,"3,21,17"
15999,"169,199,170"
16000,"40,160,128"
16001,"40,128"
16002,"10,64"
16003,"3,4,5"
16004,"145,402,40"
16005,"3,169,135"
16006,"24,43,23"
16007,"40,135,184"
16008,"170,169,199"
16009,"3,21"
16010,"255,0,271"
16011,"74,40,145"
16012,"40,41"
16013,"3,5,85"
16014,"3,21"
16015,"165,23,74"
16016,"0,271,265"
16017,"10,23,24"
16018,"40,145,128"
16019,"40,41,128"
16020,"426,311,199"
16021,"3,111"
16022,"3,21,5"
16023,"23,31,60"
16024,"169,199,170"
16025,"44,145,10"
16026,"220,221,242"
16027,"145,0,40"
16028,"40,41,21"
16029,"3,21,30"
16030,"93,10,64"
16031,"21,41,40"
16032,"64,10"
16033,"3,21,4"
16034,"0,271,255"
16035,"10,220,221"
16036,"0,169,170"
16037,"93,23,38"
16038,"10,0"
16039,"40,41"
16040,"0,218,8"
16041,"128,40,0"
16042,"3,21"
16043,"8,0,206"
16044,"3,21,15"
16045,"296,169"
16046,"21,40,128"
16047,"10,402,220"
16048,"3,21,111"
16049,"40,131"
16050,"10,44,145"
16051,"23,38,24"
16052,"40,135"
16053,"40,131,226"
16054,"31,32,23"
16055,"3,53,21"
16056,"169,426,199"
16057,"23,38,26"
16058,"40,128"
16059,"0,8,206"
16060,"31,10,220"
16061,"0,26,8"
16062,"3,4,111"
16063,"64,93,181"
16064,"3,21"
16065,"0,3"
16066,"3,53,21"
16067,"0,271,265"
16068,"3,21"
16069,"40,128"
16070,"0,216,271"
16071,"3,21"
16072,"3,17,18"
16073,"169,426,508"
16074,"107,38,74"
16075,"40,128,23"
16076,"40,160,41"
16077,"40,160,128"
16078,"0,218,255"
16079,"199,170,311"
16080,"0,255,271"
16081,"3,4"
16082,"26,89,23"
16083,"3,21"
16084,"10,64"
16085,"3,21"
16086,"3,17,21"
16087,"169,199,170"
16088,"40,131,184"
16089,"38,23,309"
16090,"309,48,21"
16091,"64,10,93"
16092,"3,4"
16093,"10,220,402"
16094,"38,23,0"
16095,"3,30,28"
16096,"0,8,206"
16097,"170,199,169"
16098,"23,38,26"
16099,"3,4,5"
16100,"271,0,265"
16101,"23,38,63"
16102,"8,0,235"
16103,"10,64,65"
16104,"3,147,21"
16105,"3,21,28"
16106,"48,38,23"
16107,"3,0,4"
16108,"220,10,221"
16109,"3,147,21"
16110,"23,38"
16111,"3,21"
16112,"271,0,456"
16113,"10,44,145"
16114,"3,21"
16115,"8,0,206"
16116,"220,242,221"
16117,"10,64"
16118,"10,44,11"
16119,"23,38,74"
16120,"40,131"
16121,"3,21,53"
16122,"40,145,3"
16123,"13,3"
16124,"0,271"
16125,"21,3,17"
16126,"0,271,255"
16127,"199,170,169"
16128,"38,23,74"
16129,"169,170,199"
16130,"10,0,220"
16131,"24,43,23"
16132,"0,211,23"
16133,"3,4"
16134,"0,265,271"
16135,"170,199,169"
16136,"128,40,337"
16137,"10,220,221"
16138,"41,40,3"
16139,"10,11,44"
16140,"3,21,34"
16141,"49,24,23"
16142,"23,26"
16143,"31,40,131"
16144,"0,271,265"
16145,"40,131,128"
16146,"10,220,44"
16147,"3,23,74"
16148,"24,43,23"
16149,"220,10,221"
16150,"24,43,23"
16151,"3,21,17"
16152,"43,24,23"
16153,"169,170,199"
16154,"23,26,38"
16155,"3,4,21"
16156,"3,21"
16157,"17,3,18"
16158,"10,44"
16159,"49,3,21"
16160,"3,21,147"
16161,"220,10,221"
16162,"3,147,21"
16163,"38,23,24"
16164,"3,21,85"
16165,"8,0,206"
16166,"10,64,90"
16167,"17,3,18"
16168,"3,4,21"
16169,"10,64"
16170,"145,44"
16171,"26,350,23"
16172,"3,147,21"
16173,"0,216,8"
16174,"3,111,21"
16175,"135,431"
16176,"0,271"
16177,"3,21,34"
16178,"3,21"
16179,"0,8"
16180,"135,234,10"
16181,"3,187,17"
16182,"3,21"
16183,"199,311,170"
16184,"24,43,23"
16185,"10,64,90"
16186,"3,4,5"
16187,"199,311,426"
16188,"23,24,44"
16189,"3,21,28"
16190,"23,74,38"
16191,"10,64,90"
16192,"10,44,11"
16193,"10,145,24"
16194,"0,10"
16195,"3,21"
16196,"128,40"
16197,"3,28,128"
16198,"3,21"
16199,"24,43,23"
16200,"23,38,24"
16201,"10,64,65"
16202,"169,170,199"
16203,"3,21,111"
16204,"3,21"
16205,"0,271,265"
16206,"40,130,128"
16207,"3,21,5"
16208,"44,11,10"
16209,"3,21,4"
16210,"3,15"
16211,"4,3,70"
16212,"3,4"
16213,"169,170,199"
16214,"169,199,170"
16215,"10,64"
16216,"23,38,24"
16217,"3,21,147"
16218,"145,402,40"
16219,"3,21,28"
16220,"0,8,235"
16221,"3,21,85"
16222,"40,145,60"
16223,"3,85,5"
16224,"40,10,64"
16225,"3,21,40"
16226,"40,184,131"
16227,"0,8,206"
16228,"3,21,147"
16229,"23,24,49"
16230,"3,13"
16231,"23,24,31"
16232,"3,21"
16233,"10,335,64"
16234,"10,11,64"
16235,"74,23,40"
16236,"24,23,43"
16237,"64,10"
16238,"3,17,10"
16239,"169,170,199"
16240,"170,199,169"
16241,"3,4,21"
16242,"170,169,199"
16243,"337,296,311"
16244,"169,170,199"
16245,"111,3,267"
16246,"44,10,11"
16247,"21,3"
16248,"169,170,199"
16249,"23,74"
16250,"220,10,221"
16251,"0,8,216"
16252,"40,160,128"
16253,"3,21"
16254,"3,4,21"
16255,"49,426,199"
16256,"3,21,111"
16257,"10,220,24"
16258,"171,199,169"
16259,"3,21"
16260,"0,8,216"
16261,"3,17,18"
16262,"11,218,0"
16263,"40,41,3"
16264,"169,171,170"
16265,"10,64"
16266,"0,271,265"
16267,"3,21,53"
16268,"0,265,218"
16269,"170,169,199"
16270,"23,169,426"
16271,"40,131,241"
16272,"23,38,10"
16273,"64,93,10"
16274,"3,4"
16275,"199,170,311"
16276,"3,21,30"
16277,"3,4,5"
16278,"0,8,216"
16279,"40,160,128"
16280,"44,10,145"
16281,"3,21,111"
16282,"32,31,23"
16283,"0,216,218"
16284,"3,111,53"
16285,"40,23,145"
16286,"40,128,160"
16287,"40,128,184"
16288,"3,21,53"
16289,"24,43,23"
16290,"93,64,10"
16291,"170,169,199"
16292,"60,24,239"
16293,"131,40"
16294,"169,170,199"
16295,"23,38,26"
16296,"220,10,221"
16297,"402,145,0"
16298,"23,40"
16299,"131,40,226"
16300,"40,3,145"
16301,"40,135"
16302,"10,64,60"
16303,"10,265,11"
16304,"0,8"
16305,"40,160,151"
16306,"0,8,208"
16307,"3,21"
16308,"26,23,89"
16309,"21,41,3"
16310,"3,21"
16311,"10,44,11"
16312,"3,21,53"
16313,"24,23"
16314,"3,21,85"
16315,"10,64"
16316,"17,3,18"
16317,"10,11,44"
16318,"44,10,11"
16319,"64,93,10"
16320,"23,38,24"
16321,"128,130,129"
16322,"43,24,23"
16323,"0,271,265"
16324,"21,3,187"
16325,"3,21,53"
16326,"10,0,208"
16327,"23,0,24"
16328,"3,21,30"
16329,"3,4"
16330,"26,350,23"
16331,"135,40,138"
16332,"40,128,131"
16333,"23,38"
16334,"169,170,199"
16335,"23,38,26"
16336,"21,3,17"
16337,"0,216"
16338,"8,0,206"
16339,"3,21,30"
16340,"3,21,85"
16341,"10,31,508"
16342,"0,216"
16343,"23,0,38"
16344,"40,160,184"
16345,"40,41,128"
16346,"40,128,21"
16347,"402,145,40"
16348,"131,134,40"
16349,"64,93,10"
16350,"0,211,216"
16351,"23,38,74"
16352,"23,24,31"
16353,"128,0,40"
16354,"64,93,10"
16355,"23,40,0"
16356,"10,220,221"
16357,"169,170,199"
16358,"131,40,184"
16359,"431,135"
16360,"3,4"
16361,"64,10"
16362,"40,131,128"
16363,"3,4,111"
16364,"220,221,10"
16365,"220,10,221"
16366,"21,3"
16367,"0,216"
16368,"3,21"
16369,"24,49,23"
16370,"40,160,41"
16371,"32,31,23"
16372,"199,170,169"
16373,"0,8,271"
16374,"169,170,199"
16375,"169,170,199"
16376,"23,38"
16377,"3,53"
16378,"23,38"
16379,"170,169,199"
16380,"40,41,128"
16381,"23,38,26"
16382,"3,30,28"
16383,"3,21,28"
16384,"0,255,271"
16385,"23,64,60"
16386,"23,63,38"
16387,"38,23"
16388,"199,170,169"
16389,"170,199,169"
16390,"10,145,44"
16391,"64,10"
16392,"145,24,60"
16393,"40,128,160"
16394,"3,21"
16395,"40,128,145"
16396,"3,4"
16397,"145,10,44"
16398,"49,265,0"
16399,"0,271,265"
16400,"0,3"
16401,"64,93,10"
16402,"40,145"
16403,"135,170,259"
16404,"3,21"
16405,"40,41,128"
16406,"23,24,38"
16407,"10,64"
16408,"0,8,206"
16409,"26,23,350"
16410,"0,8,206"
16411,"21,3"
16412,"220,221,10"
16413,"0,8,23"
16414,"23,38,72"
16415,"0,216,8"
16416,"169,199,170"
16417,"41,42,3"
16418,"3,21,53"
16419,"8,206,23"
16420,"69,10,23"
16421,"131,40,184"
16422,"3,17,21"
16423,"31,23,32"
16424,"3,21"
16425,"220,221,10"
16426,"0,255,271"
16427,"3,4,111"
16428,"3,21,28"
16429,"23,38"
16430,"3,30,4"
16431,"44,145,10"
16432,"40,135,138"
16433,"145,40"
16434,"40,160,128"
16435,"3,5,147"
16436,"0,216,211"
16437,"40,145,38"
16438,"3,21,28"
16439,"10,220"
16440,"74,23,118"
16441,"24,23,49"
16442,"26,23,231"
16443,"10,220"
16444,"3,21,85"
16445,"169,199,170"
16446,"3,4,375"
16447,"23,10,38"
16448,"10,11,44"
16449,"23,38,105"
16450,"10,11,44"
16451,"3,17,18"
16452,"4,7,19"
16453,"40,160,128"
16454,"74,38,23"
16455,"3,111,21"
16456,"3,21,28"
16457,"128,40"
16458,"23,24,31"
16459,"23,38,3"
16460,"10,44,11"
16461,"3,147,21"
16462,"199,170,3"
16463,"10,44,145"
16464,"10,64"
16465,"169,296,3"
16466,"40,130,128"
16467,"184,40,131"
16468,"0,216,402"
16469,"40,128,145"
16470,"10,23,38"
16471,"26,231,23"
16472,"3,21"
16473,"23,44,10"
16474,"4,3,7"
16475,"40,184,151"
16476,"0,216"
16477,"38,23"
16478,"145,40"
16479,"169,199,170"
16480,"4,3,375"
16481,"43,24,23"
16482,"131,40,241"
16483,"40,41"
16484,"21,3,187"
16485,"431,135"
16486,"199,170,311"
16487,"169,296,199"
16488,"23,40,31"
16489,"169,296,23"
16490,"8,0,206"
16491,"64,10,93"
16492,"3,28,21"
16493,"169,426,170"
16494,"426,199,170"
16495,"169,199,170"
16496,"3,21,147"
16497,"3,21"
16498,"3,21,17"
16499,"40,128"
16500,"0,271,265"
16501,"24,23,43"
16502,"40,41,111"
16503,"64,10,93"
16504,"38,145,10"
16505,"3,21"
16506,"10,11,44"
16507,"3,23,53"
16508,"3,21,53"
16509,"3,21,30"
16510,"170,169,199"
16511,"43,24,23"
16512,"220,221,242"
16513,"426,311,169"
16514,"3,21,17"
16515,"60,31,239"
16516,"31,40,145"
16517,"3,21,147"
16518,"11,10,12"
16519,"40,131,23"
16520,"184,185,40"
16521,"40,3,21"
16522,"3,17,18"
16523,"3,21,53"
16524,"426,169,170"
16525,"10,11"
16526,"169,170,199"
16527,"170,199,337"
16528,"0,216,271"
16529,"24,23,43"
16530,"10,11,44"
16531,"211,216,212"
16532,"3,17,21"
16533,"44,10,0"
16534,"220,221,242"
16535,"271,0,265"
16536,"3,17,18"
16537,"3,40,21"
16538,"4,3"
16539,"23,74,26"
16540,"131,40,184"
16541,"10,11,44"
16542,"3,21,170"
16543,"0,350,26"
16544,"3,21,53"
16545,"23,38,26"
16546,"10,64,44"
16547,"171,169,170"
16548,"131,134,486"
16549,"0,23"
16550,"40,128"
16551,"3,21"
16552,"23,24"
16553,"169,170,199"
16554,"3,21"
16555,"131,241,40"
16556,"0,271,265"
16557,"10,11,44"
16558,"49,24,23"
16559,"21,3,169"
16560,"40,131,226"
16561,"23,24,49"
16562,"169,170,199"
16563,"0,265"
16564,"3,21"
16565,"135,138,40"
16566,"3,17,18"
16567,"199,170,311"
16568,"32,31,23"
16569,"0,8"
16570,"220,10,221"
16571,"220,221,10"
16572,"3,147,21"
16573,"107,296,38"
16574,"0,337,426"
16575,"220,10,221"
16576,"10,145,44"
16577,"169,170,199"
16578,"38,44,23"
16579,"169,171,199"
16580,"220,10,221"
16581,"26,23,350"
16582,"0,271,265"
16583,"40,145,23"
16584,"3,21,4"
16585,"74,23,38"
16586,"23,24,49"
16587,"145,10,64"
16588,"23,24,38"
16589,"271,0,265"
16590,"0,216"
16591,"220,10,242"
16592,"111,40,41"
16593,"23,24"
16594,"169,426,199"
16595,"3,21"
16596,"0,265,271"
16597,"23,24,0"
16598,"3,21"
16599,"23,24"
16600,"40,128"
16601,"38,23"
16602,"23,24"
16603,"40,131,128"
16604,"3,21,111"
16605,"40,184"
16606,"131,23,40"
16607,"24,43,23"
16608,"38,23,40"
16609,"64,10,93"
16610,"199,169,170"
16611,"265,0"
16612,"40,41"
16613,"23,31"
16614,"3,4"
16615,"128,40,131"
16616,"74,23"
16617,"64,93,10"
16618,"23,26"
16619,"0,255,218"
16620,"40,128,41"
16621,"64,10,60"
16622,"23,38,74"
16623,"23,49,24"
16624,"199,170,169"
16625,"26,38,23"
16626,"296,40,123"
16627,"3,21,28"
16628,"220,10,221"
16629,"3,21"
16630,"40,128,184"
16631,"43,24,23"
16632,"8,206,0"
16633,"0,271,265"
16634,"93,64"
16635,"3,21,40"
16636,"23,38,40"
16637,"26,23,350"
16638,"40,184,160"
16639,"3,4"
16640,"40,160,128"
16641,"3,111,21"
16642,"40,160,184"
16643,"3,147,21"
16644,"220,221,10"
16645,"199,170,169"
16646,"0,265,271"
16647,"10,40,38"
16648,"26,23,89"
16649,"40,131,128"
16650,"40,41,3"
16651,"40,128,160"
16652,"0,271,255"
16653,"23,31"
16654,"0,8,265"
16655,"74,23,38"
16656,"3,21"
16657,"3,21"
16658,"0,8"
16659,"4,3,7"
16660,"40,128,160"
16661,"0,265,271"
16662,"40,131,226"
16663,"0,271,216"
16664,"169,170,199"
16665,"23,38,74"
16666,"40,184,128"
16667,"40,128"
16668,"23,74"
16669,"3,21"
16670,"0,8,206"
16671,"40,131,184"
16672,"26,23,231"
16673,"10,44,11"
16674,"23,38,91"
16675,"10,64"
16676,"0,216,8"
16677,"3,21"
16678,"23,38,26"
16679,"0,216,265"
16680,"64,93,10"
16681,"309,23,38"
16682,"3,17,21"
16683,"0,211,265"
16684,"0,8"
16685,"3,40,21"
16686,"0,216,211"
16687,"3,4"
16688,"74,23,118"
16689,"23,21,24"
16690,"129,128,130"
16691,"10,64"
16692,"23,105,24"
16693,"3,21,111"
16694,"402,145,40"
16695,"10,44,145"
16696,"0,265,10"
16697,"31,23,96"
16698,"3,21"
16699,"24,10,23"
16700,"23,38,24"
16701,"23,38,74"
16702,"21,3,187"
16703,"3,13,40"
16704,"220,221,242"
16705,"40,131"
16706,"199,170,169"
16707,"169,170,199"
16708,"40,128,129"
16709,"426,170,199"
16710,"3,17,18"
16711,"128,26,40"
16712,"3,21"
16713,"170,169,199"
16714,"49,23,24"
16715,"64,10,60"
16716,"145,40,402"
16717,"4,3"
16718,"23,26,38"
16719,"10,60,64"
16720,"10,64,93"
16721,"128,0"
16722,"169,170,199"
16723,"40,128,145"
16724,"0,8,235"
16725,"169,170,199"
16726,"23,105"
16727,"169,170,199"
16728,"169,296,199"
16729,"26,0,128"
16730,"10,44,11"
16731,"199,169,170"
16732,"4,3"
16733,"38,44,145"
16734,"128,0,40"
16735,"3,4,28"
16736,"40,41,128"
16737,"3,21"
16738,"311,199,170"
16739,"169,199,296"
16740,"145,402,40"
16741,"38,23,26"
16742,"0,8,206"
16743,"40,184,3"
16744,"3,4,28"
16745,"3,21"
16746,"10,11,44"
16747,"23,26,231"
16748,"0,8"
16749,"38,137"
16750,"169,170,199"
16751,"40,145"
16752,"426,169,170"
16753,"350,26"
16754,"23,26,89"
16755,"3,4,30"
16756,"3,111,112"
16757,"431,135,169"
16758,"44,10,145"
16759,"3,21,13"
16760,"3,4"
16761,"23,31,40"
16762,"23,26,350"
16763,"311,426,199"
16764,"3,4"
16765,"128,40,129"
16766,"3,4"
16767,"199,170,169"
16768,"3,21,53"
16769,"10,11,44"
16770,"74,23,118"
16771,"169,199,170"
16772,"3,21"
16773,"169,426,170"
16774,"40,160,184"
16775,"0,271,265"
16776,"64,10,60"
16777,"23,60,38"
16778,"38,23,88"
16779,"23,38,135"
16780,"3,21,53"
16781,"74,23,38"
16782,"23,44,145"
16783,"3,147,111"
16784,"23,74"
16785,"40,41,128"
16786,"169,199,170"
16787,"3,21,53"
16788,"3,147,40"
16789,"169,170,199"
16790,"135,40"
16791,"3,21,13"
16792,"40,23,131"
16793,"10,220,221"
16794,"17,18,3"
16795,"3,21"
16796,"40,131"
16797,"311,426,337"
16798,"23,38"
16799,"10,64"
16800,"0,8"
16801,"220,10,221"
16802,"3,21,53"
16803,"3,111,147"
16804,"3,4"
16805,"3,21,5"
16806,"41,40,128"
16807,"3,21"
16808,"10,3,220"
16809,"10,64,93"
16810,"40,131,184"
16811,"199,170,169"
16812,"23,24,43"
16813,"38,309,23"
16814,"38,23,10"
16815,"40,23,131"
16816,"0,271,265"
16817,"170,199,169"
16818,"128,129,40"
16819,"10,11,44"
16820,"171,169,170"
16821,"40,128,184"
16822,"3,21,170"
16823,"3,21,28"
16824,"21,3"
16825,"40,184,128"
16826,"40,128,131"
16827,"3,111,85"
16828,"3,21"
16829,"23,169"
16830,"431,135"
16831,"0,23"
16832,"23,24,105"
16833,"38,23"
16834,"23,26"
16835,"3,111"
16836,"169,171,199"
16837,"135,169,40"
16838,"3,21"
16839,"135,431,40"
16840,"3,28,21"
16841,"23,38"
16842,"24,43,23"
16843,"431,135"
16844,"21,3"
16845,"3,21,53"
16846,"426,169,170"
16847,"131,40"
16848,"40,131,184"
16849,"0,8,206"
16850,"0,271,255"
16851,"169,170,199"
16852,"0,271"
16853,"220,221,10"
16854,"10,11,44"
16855,"3,53"
16856,"10,3"
16857,"60,93,64"
16858,"24,23,43"
16859,"17,3,18"
16860,"131,40,184"
16861,"131,40,226"
16862,"40,145"
16863,"23,38,10"
16864,"0,8,216"
16865,"26,23,350"
16866,"44,11,69"
16867,"4,3"
16868,"0,8,208"
16869,"10,64,65"
16870,"3,21"
16871,"3,40,21"
16872,"64,93,10"
16873,"17,18,3"
16874,"10,44,11"
16875,"23,25,10"
16876,"199,170,311"
16877,"38,23,345"
16878,"0,10,220"
16879,"3,21"
16880,"23,24"
16881,"10,11,44"
16882,"3,28,21"
16883,"4,19,3"
16884,"10,3"
16885,"0,8,216"
16886,"3,21,147"
16887,"3,15,21"
16888,"3,15,21"
16889,"0,265,271"
16890,"3,21,147"
16891,"23,31,24"
16892,"169,170,199"
16893,"0,265"
16894,"40,145,41"
16895,"271,456,0"
16896,"3,53,21"
16897,"23,169"
16898,"220,221,10"
16899,"23,131"
16900,"3,53,21"
16901,"10,44,145"
16902,"135,189,10"
16903,"0,8"
16904,"3,21,28"
16905,"4,3,19"
16906,"3,21,28"
16907,"220,221,10"
16908,"3,21,147"
16909,"38,10,44"
16910,"21,41,3"
16911,"93,64,10"
16912,"10,44"
16913,"0,265"
16914,"4,3,5"
16915,"0,218,255"
16916,"169,170,199"
16917,"23,24,38"
16918,"3,21,53"
16919,"23,74,175"
16920,"402,145,40"
16921,"23,74,38"
16922,"3,21,17"
16923,"199,170,311"
16924,"10,11,44"
16925,"0,8"
16926,"0,271,255"
16927,"0,265"
16928,"10,64"
16929,"171,170,199"
16930,"38,23"
16931,"220,10,242"
16932,"0,216,271"
16933,"184,185,40"
16934,"170,169,199"
16935,"23,105"
16936,"169,170,199"
16937,"43,24"
16938,"3,13,21"
16939,"0,8,271"
16940,"426,169,170"
16941,"38,264,44"
16942,"220,221,242"
16943,"23,26,38"
16944,"43,24,23"
16945,"220,221,10"
16946,"130,128,40"
16947,"3,21,17"
16948,"3,5,4"
16949,"128,40,26"
16950,"169,199,170"
16951,"23,31,508"
16952,"23,38,74"
16953,"128,0,40"
16954,"43,24,23"
16955,"0,128,265"
16956,"0,271,265"
16957,"3,17"
16958,"169,199,170"
16959,"220,10,221"
16960,"3,21"
16961,"3,21"
16962,"220,10,242"
16963,"28,3,30"
16964,"23,26,0"
16965,"43,24,23"
16966,"128,38,23"
16967,"31,328,23"
16968,"169,199,170"
16969,"3,21"
16970,"11,10,44"
16971,"40,3,41"
16972,"10,3,60"
16973,"169,0,38"
16974,"23,24,49"
16975,"0,8,23"
16976,"3,21"
16977,"220,221,242"
16978,"131,40,134"
16979,"49,23,24"
16980,"3,13,21"
16981,"40,145"
16982,"10,64"
16983,"10,23,38"
16984,"23,74,175"
16985,"32,31"
16986,"10,64"
16987,"3,4,5"
16988,"40,41,3"
16989,"129,128,40"
16990,"255,0,271"
16991,"3,147,21"
16992,"3,53,199"
16993,"40,131"
16994,"24,43,23"
16995,"23,60,31"
16996,"3,13"
16997,"3,17,21"
16998,"220,10,221"
16999,"0,208,31"
17000,"0,271,218"
17001,"265,0,242"
17002,"169,199,170"
17003,"3,21"
17004,"40,3"
17005,"169,128,199"
17006,"23,38,40"
17007,"32,31,23"
17008,"3,111,5"
17009,"10,220,221"
17010,"31,23,96"
17011,"169,170,199"
17012,"3,21,30"
17013,"145,64,10"
17014,"3,21,53"
17015,"23,38"
17016,"3,53,111"
17017,"169,170,199"
17018,"24,23,43"
17019,"3,38,21"
17020,"3,21,147"
17021,"44,145,10"
17022,"170,199,3"
17023,"23,38,26"
17024,"0,8"
17025,"23,60,10"
17026,"3,21"
17027,"24,23,43"
17028,"40,128"
17029,"3,21"
17030,"169,199,170"
17031,"40,128,129"
17032,"24,23,43"
17033,"40,131,128"
17034,"23,26,89"
17035,"10,44,145"
17036,"184,40,185"
17037,"3,147,111"
17038,"3,4,21"
17039,"10,220,64"
17040,"10,44,11"
17041,"4,3,7"
17042,"3,21,17"
17043,"3,21"
17044,"216,0,211"
17045,"3,53,21"
17046,"170,199,169"
17047,"64,10,93"
17048,"271,456,0"
17049,"3,21"
17050,"31,23,32"
17051,"23,0,38"
17052,"23,8,0"
17053,"10,64,44"
17054,"3,169,170"
17055,"3,40"
17056,"64,10"
17057,"3,21,40"
17058,"426,169,199"
17059,"0,271,265"
17060,"3,21"
17061,"64,93,181"
17062,"0,1,216"
17063,"4,3"
17064,"0,218,271"
17065,"3,21"
17066,"3,21"
17067,"131,40,184"
17068,"3,21"
17069,"3,21,34"
17070,"0,271,366"
17071,"23,24"
17072,"170,199,169"
17073,"10,0"
17074,"23,38,107"
17075,"111,3,112"
17076,"64,10,93"
17077,"11,10,44"
17078,"74,23,118"
17079,"3,4"
17080,"199,170,169"
17081,"10,64,65"
17082,"145,40,23"
17083,"23,38"
17084,"131,40,184"
17085,"3,21,111"
17086,"10,64"
17087,"23,31,32"
17088,"41,40,42"
17089,"40,74,23"
17090,"40,128,145"
17091,"3,21,13"
17092,"3,21,147"
17093,"23,93,64"
17094,"169,296,31"
17095,"4,3,7"
17096,"128,130,129"
17097,"3,21"
17098,"220,221,242"
17099,"3,311,199"
17100,"3,21"
17101,"169,170,199"
17102,"426,199,337"
17103,"199,170,337"
17104,"3,21,111"
17105,"426,170,311"
17106,"44,10,145"
17107,"271,0,265"
17108,"24,23"
17109,"40,131,184"
17110,"3,4,265"
17111,"23,24,74"
17112,"3,21"
17113,"3,21,85"
17114,"4,3"
17115,"40,131"
17116,"38,23"
17117,"21,3"
17118,"0,265,8"
17119,"0,271,255"
17120,"26,23,89"
17121,"44,10,11"
17122,"160,40"
17123,"40,160,151"
17124,"10,220,221"
17125,"3,15,53"
17126,"199,170,426"
17127,"169,170,199"
17128,"23,74,38"
17129,"169,170,199"
17130,"10,24,23"
17131,"3,265,53"
17132,"82,38,39"
17133,"43,24,23"
17134,"23,24,43"
17135,"0,8,218"
17136,"0,265,271"
17137,"10,11,44"
17138,"0,26,8"
17139,"3,21"
17140,"3,21"
17141,"3,4,21"
17142,"23,26,38"
17143,"3,21,34"
17144,"40,131,226"
17145,"40,145,3"
17146,"3,21,17"
17147,"0,211,216"
17148,"4,3"
17149,"129,40,145"
17150,"220,221,10"
17151,"24,23,43"
17152,"3,21,17"
17153,"0,265"
17154,"3,21"
17155,"10,11,44"
17156,"43,24"
17157,"169,170,199"
17158,"0,271,216"
17159,"40,160,41"
17160,"402,0,145"
17161,"3,21"
17162,"0,8"
17163,"24,23,43"
17164,"44,10,11"
17165,"23,38,26"
17166,"3,4,5"
17167,"43,24,23"
17168,"3,21,17"
17169,"43,24,23"
17170,"3,4"
17171,"229,10,0"
17172,"49,23,24"
17173,"264,38,23"
17174,"38,0"
17175,"128,129,40"
17176,"64,93,10"
17177,"3,21,41"
17178,"199,170"
17179,"40,160,151"
17180,"40,160,128"
17181,"10,220,221"
17182,"10,145,44"
17183,"199,170,311"
17184,"93,64,10"
17185,"169,199,170"
17186,"3,21"
17187,"0,8,271"
17188,"40,135"
17189,"169,337,339"
17190,"10,11,44"
17191,"40,135"
17192,"23,31,134"
17193,"23,38,105"
17194,"220,221,10"
17195,"199,169,170"
17196,"23,24"
17197,"10,44,11"
17198,"170,169,199"
17199,"0,8,206"
17200,"145,44,10"
17201,"3,21,111"
17202,"3,199,170"
17203,"220,10,221"
17204,"8,0"
17205,"10,44,11"
17206,"0,271,265"
17207,"169,170,199"
17208,"3,21,147"
17209,"40,23,135"
17210,"3,21"
17211,"26,350,23"
17212,"169,199,40"
17213,"10,220,221"
17214,"44,145,10"
17215,"23,74,38"
17216,"40,131"
17217,"0,8,206"
17218,"3,21,147"
17219,"4,3,5"
17220,"38,23"
17221,"41,21,42"
17222,"10,11,44"
17223,"3,21"
17224,"17,3,18"
17225,"3,21"
17226,"23,38,24"
17227,"10,64,65"
17228,"40,145"
17229,"3,21"
17230,"43,24,23"
17231,"23,105,40"
17232,"426,169,199"
17233,"3,111"
17234,"40,160"
17235,"31,23,3"
17236,"3,21,5"
17237,"169,337,426"
17238,"23,74,118"
17239,"10,64"
17240,"3,5,228"
17241,"3,21"
17242,"169,199,170"
17243,"3,4,30"
17244,"43,24,23"
17245,"220,221,242"
17246,"10,145,44"
17247,"24,49,0"
17248,"21,3"
17249,"3,21,28"
17250,"10,145,40"
17251,"3,17,10"
17252,"40,41"
17253,"38,23,137"
17254,"26,38,23"
17255,"23,38,74"
17256,"3,40,21"
17257,"74,165,38"
17258,"26,169,23"
17259,"3,21"
17260,"170,169,199"
17261,"40,3"
17262,"24,10,43"
17263,"3,21"
17264,"23,38"
17265,"26,23,350"
17266,"64,10,93"
17267,"169,171,199"
17268,"0,216,271"
17269,"40,41,128"
17270,"4,3,19"
17271,"43,24,23"
17272,"199,337,170"
17273,"3,21,30"
17274,"40,105,184"
17275,"231,26,23"
17276,"23,38"
17277,"0,8"
17278,"169,199,170"
17279,"169,296"
17280,"3,21,53"
17281,"23,24,38"
17282,"23,26,38"
17283,"3,53,111"
17284,"0,265,271"
17285,"23,0,26"
17286,"0,8,206"
17287,"145,44,23"
17288,"3,21,30"
17289,"40,128,41"
17290,"199,169,170"
17291,"3,21,28"
17292,"3,21"
17293,"220,221,242"
17294,"3,21,53"
17295,"3,111,41"
17296,"10,220,221"
17297,"169,170,199"
17298,"0,8,265"
17299,"10,11,44"
17300,"74,165,23"
17301,"38,23"
17302,"199,170,169"
17303,"169,3"
17304,"169,3,337"
17305,"10,64,90"
17306,"21,3,187"
17307,"48,38,309"
17308,"40,184,128"
17309,"199,170,169"
17310,"17,18,3"
17311,"3,21,30"
17312,"10,220,221"
17313,"3,21,5"
17314,"4,3,19"
17315,"23,40,3"
17316,"93,64,10"
17317,"23,38,21"
17318,"220,10,221"
17319,"3,4"
17320,"3,4,28"
17321,"0,265"
17322,"3,21"
17323,"60,31,239"
17324,"3,21"
17325,"145,10,44"
17326,"3,21"
17327,"3,5,21"
17328,"40,160,41"
17329,"0,265"
17330,"23,24,31"
17331,"23,74,38"
17332,"17,18,168"
17333,"23,24"
17334,"38,23"
17335,"220,221,10"
17336,"3,13,21"
17337,"10,64,44"
17338,"0,271,265"
17339,"10,64"
17340,"40,184"
17341,"23,74,38"
17342,"145,44,10"
17343,"23,38"
17344,"426,169"
17345,"49,23,24"
17346,"131,40,226"
17347,"0,128,40"
17348,"402,145,40"
17349,"38,44,264"
17350,"23,38"
17351,"3,21"
17352,"135,40"
17353,"38,74,23"
17354,"0,8,206"
17355,"271,0,456"
17356,"64,93,10"
17357,"10,64,60"
17358,"23,74,317"
17359,"38,23"
17360,"456,40,23"
17361,"23,24,49"
17362,"43,24,23"
17363,"0,216,8"
17364,"21,3,199"
17365,"3,21,53"
17366,"23,26,74"
17367,"40,184"
17368,"43,24,23"
17369,"40,128,130"
17370,"135,138,40"
17371,"10,220,242"
17372,"10,64"
17373,"26,23,38"
17374,"23,105,24"
17375,"10,220,221"
17376,"0,271,265"
17377,"40,184,128"
17378,"169,170,199"
17379,"40,131"
17380,"0,216"
17381,"3,4"
17382,"145,169,426"
17383,"23,74,38"
17384,"49,24,23"
17385,"195,129,3"
17386,"337,311,170"
17387,"220,10,221"
17388,"40,128,160"
17389,"3,111,21"
17390,"234,60,10"
17391,"40,160,184"
17392,"40,184,145"
17393,"220,221,10"
17394,"220,10,221"
17395,"199,170,169"
17396,"3,21,111"
17397,"3,21,53"
17398,"10,11,44"
17399,"40,131,184"
17400,"3,21"
17401,"40,41,128"
17402,"43,24,23"
17403,"23,105"
17404,"64,24,23"
17405,"26,23,350"
17406,"40,128,131"
17407,"26,23,231"
17408,"32,31,23"
17409,"170,169,199"
17410,"49,24,23"
17411,"3,21,30"
17412,"10,220,221"
17413,"24,43,23"
17414,"74,23,118"
17415,"21,41,3"
17416,"0,8,206"
17417,"0,8"
17418,"31,23,328"
17419,"3,4"
17420,"40,160,128"
17421,"23,31,32"
17422,"184,131,40"
17423,"10,64"
17424,"3,21"
17425,"64,10,335"
17426,"23,145,24"
17427,"24,23,43"
17428,"138,135"
17429,"24,23,43"
17430,"145,44,10"
17431,"0,8"
17432,"170,199,169"
17433,"31,32,23"
17434,"41,40,3"
17435,"170,169,199"
17436,"3,21"
17437,"426,169,44"
17438,"145,40"
17439,"169,199,170"
17440,"38,145,44"
17441,"0,271,366"
17442,"40,23,128"
17443,"3,30,21"
17444,"8,0,10"
17445,"111,40,3"
17446,"0,8"
17447,"3,21,170"
17448,"23,26,38"
17449,"4,3,375"
17450,"0,271,265"
17451,"23,38,74"
17452,"402,145,40"
17453,"426,199,311"
17454,"3,21"
17455,"26,23,89"
17456,"3,21,53"
17457,"0,271,265"
17458,"61,60,145"
17459,"265,0"
17460,"220,10,221"
17461,"40,128,130"
17462,"40,184,185"
17463,"10,220,221"
17464,"3,21,28"
17465,"169,199,426"
17466,"23,26,38"
17467,"3,4,21"
17468,"3,111"
17469,"23,38,26"
17470,"40,131,128"
17471,"10,44,11"
17472,"40,131"
17473,"64,10,93"
17474,"10,44,11"
17475,"38,74,23"
17476,"38,23,74"
17477,"426,169,170"
17478,"23,38"
17479,"10,44,0"
17480,"10,220,221"
17481,"3,21"
17482,"23,38,24"
17483,"220,221,10"
17484,"10,64"
17485,"0,220,10"
17486,"135,40"
17487,"23,10,74"
17488,"3,4,21"
17489,"0,216,271"
17490,"40,23"
17491,"60,10,21"
17492,"40,184,128"
17493,"4,3"
17494,"40,128,41"
17495,"426,169"
17496,"10,64,60"
17497,"23,38"
17498,"3,21,147"
17499,"3,21,41"
17500,"3,4,30"
17501,"40,128,41"
17502,"0,8,218"
17503,"64,93,10"
17504,"3,21"
17505,"0,271,265"
17506,"0,8,235"
17507,"0,38,23"
17508,"24,10"
17509,"3,13,21"
17510,"11,10,44"
17511,"184,368,131"
17512,"296,306,169"
17513,"10,64,60"
17514,"3,5,21"
17515,"40,184,199"
17516,"31,23,64"
17517,"3,21"
17518,"0,218,216"
17519,"40,23,74"
17520,"135,40,138"
17521,"3,21"
17522,"3,21"
17523,"64,93,10"
17524,"0,265,8"
17525,"145,40,10"
17526,"220,10,221"
17527,"3,4"
17528,"0,271,255"
17529,"40,131"
17530,"0,8"
17531,"169,199,170"
17532,"23,38,26"
17533,"0,265,271"
17534,"169,337,170"
17535,"23,38,24"
17536,"199,169,170"
17537,"0,8,265"
17538,"199,169,170"
17539,"0,265,271"
17540,"3,10,21"
17541,"3,147,21"
17542,"23,74,38"
17543,"3,21"
17544,"3,21,187"
17545,"169,296"
17546,"426,169,170"
17547,"3,21,5"
17548,"41,40,184"
17549,"10,44,11"
17550,"21,128,40"
17551,"426,199,311"
17552,"170,169,199"
17553,"199,169,170"
17554,"40,131,226"
17555,"3,21,53"
17556,"93,64,10"
17557,"0,216,249"
17558,"24,49,23"
17559,"0,8,206"
17560,"89,26,23"
17561,"10,220"
17562,"31,23,24"
17563,"3,21,30"
17564,"8,0,206"
17565,"3,21"
17566,"64,10,145"
17567,"3,21"
17568,"0,8,208"
17569,"0,265,271"
17570,"21,3,41"
17571,"4,3"
17572,"3,21,30"
17573,"40,184,135"
17574,"3,21,5"
17575,"38,23"
17576,"3,21"
17577,"10,64,11"
17578,"49,23,24"
17579,"64,10,145"
17580,"128,130,40"
17581,"10,64,26"
17582,"26,350,23"
17583,"3,21"
17584,"169,170,199"
17585,"44,10,11"
17586,"3,4,111"
17587,"26,89,23"
17588,"24,49,23"
17589,"3,85,21"
17590,"64,93,10"
17591,"220,221,242"
17592,"311,170,199"
17593,"10,44,11"
17594,"135,431,199"
17595,"3,21,53"
17596,"3,21"
17597,"23,38"
17598,"129,128,40"
17599,"40,128,131"
17600,"3,21,5"
17601,"10,11,44"
17602,"3,21,28"
17603,"10,220,221"
17604,"10,220,221"
17605,"0,265,271"
17606,"40,23"
17607,"3,21"
17608,"0,218,255"
17609,"220,221,10"
17610,"3,15,17"
17611,"170,199,169"
17612,"3,21,4"
17613,"3,23,105"
17614,"21,3"
17615,"3,21"
17616,"31,32,23"
17617,"3,5,21"
17618,"23,38"
17619,"3,21"
17620,"3,30,31"
17621,"0,216,8"
17622,"74,23,303"
17623,"169,170,199"
17624,"169,170,199"
17625,"10,44,11"
17626,"0,8"
17627,"40,131,184"
17628,"220,10,221"
17629,"187,21,311"
17630,"74,38,23"
17631,"24,43,145"
17632,"10,220,221"
17633,"3,15,21"
17634,"8,0,206"
17635,"24,49,23"
17636,"3,21"
17637,"3,21"
17638,"43,24,23"
17639,"145,402"
17640,"23,38"
17641,"40,131"
17642,"10,64"
17643,"169,170,199"
17644,"21,3"
17645,"24,43,23"
17646,"10,44,11"
17647,"8,26,23"
17648,"40,128,131"
17649,"40,3"
17650,"3,111,21"
17651,"32,31,23"
17652,"3,21"
17653,"10,11,44"
17654,"3,21"
17655,"23,31"
17656,"170,199,171"
17657,"169,199,426"
17658,"40,131,128"
17659,"23,32,31"
17660,"0,265,271"
17661,"23,296,26"
17662,"43,24,23"
17663,"23,38"
17664,"170,169,199"
17665,"3,21,85"
17666,"3,21,42"
17667,"10,64,90"
17668,"44,11,10"
17669,"0,265,271"
17670,"3,21"
17671,"23,10"
17672,"169,170,199"
17673,"3,4"
17674,"220,10,221"
17675,"40,131"
17676,"10,220,221"
17677,"23,38,74"
17678,"23,38,26"
17679,"23,32,31"
17680,"10,220,221"
17681,"337,311,199"
17682,"3,4,21"
17683,"0,8"
17684,"23,38"
17685,"169,170,199"
17686,"3,21,15"
17687,"23,38"
17688,"93,64,10"
17689,"3,21,17"
17690,"3,21"
17691,"3,21,28"
17692,"23,38,26"
17693,"169,170,199"
17694,"0,265"
17695,"40,128,41"
17696,"145,40"
17697,"3,21,17"
17698,"26,23,38"
17699,"170,199,311"
17700,"10,44"
17701,"0,265"
17702,"426,169,170"
17703,"129,128,130"
17704,"199,169,170"
17705,"24,23,145"
17706,"3,21,4"
17707,"64,93,181"
17708,"0,8,235"
17709,"199,169,426"
17710,"40,41,128"
17711,"23,0,26"
17712,"184,40,185"
17713,"4,3"
17714,"74,23,38"
17715,"10,44"
17716,"17,3,18"
17717,"40,145,184"
17718,"169,199,170"
17719,"10,11,44"
17720,"23,145,24"
17721,"3,30,4"
17722,"3,21,147"
17723,"40,135"
17724,"169,170,3"
17725,"0,271"
17726,"3,21,17"
17727,"169,170,199"
17728,"31,23,402"
17729,"3,28,30"
17730,"24,23,43"
17731,"3,208,21"
17732,"23,38,24"
17733,"3,17,15"
17734,"3,4,5"
17735,"220,10,221"
17736,"128,311,337"
17737,"43,24,23"
17738,"220,221,10"
17739,"10,64"
17740,"169,426,170"
17741,"169,40,296"
17742,"3,21,28"
17743,"40,184,145"
17744,"4,3,19"
17745,"131,40,184"
17746,"128,40"
17747,"4,3,19"
17748,"10,64"
17749,"3,21"
17750,"38,23,24"
17751,"169,199,170"
17752,"220,10,221"
17753,"17,3,18"
17754,"169,296"
17755,"23,0,38"
17756,"64,10,93"
17757,"170,199,169"
17758,"24,23,10"
17759,"10,64,220"
17760,"3,21"
17761,"23,38,24"
17762,"23,38"
17763,"24,43,23"
17764,"23,26,145"
17765,"40,131,134"
17766,"0,271,265"
17767,"3,4,28"
17768,"38,23"
17769,"3,21,85"
17770,"38,128,137"
17771,"21,3,187"
17772,"40,128"
17773,"40,129,128"
17774,"3,21,4"
17775,"3,21,85"
17776,"271,0,456"
17777,"296,169,460"
17778,"0,211,216"
17779,"220,221,10"
17780,"0,271,216"
17781,"23,38"
17782,"0,271,265"
17783,"0,271,265"
17784,"220,10,221"
17785,"0,271,265"
17786,"3,21,147"
17787,"3,4,23"
17788,"10,64,65"
17789,"23,31,24"
17790,"23,38,169"
17791,"3,21,17"
17792,"40,128,184"
17793,"220,221,10"
17794,"3,21,187"
17795,"40,131"
17796,"0,216,220"
17797,"3,21,40"
17798,"40,128"
17799,"64,93,10"
17800,"3,10,21"
17801,"3,17,18"
17802,"3,13,28"
17803,"169,199,170"
17804,"24,23,38"
17805,"170,199,169"
17806,"145,10,508"
17807,"3,21"
17808,"3,4"
17809,"3,111"
17810,"3,21"
17811,"0,10,24"
17812,"40,135"
17813,"38,74,23"
17814,"0,271,265"
17815,"23,40,31"
17816,"43,24,23"
17817,"40,128,135"
17818,"3,170,199"
17819,"169,199,170"
17820,"3,40,21"
17821,"169,145,10"
17822,"3,21"
17823,"0,208,271"
17824,"241,131,38"
17825,"40,184"
17826,"199,170,169"
17827,"93,64,10"
17828,"0,216,271"
17829,"23,74,38"
17830,"160,40,302"
17831,"3,21"
17832,"3,4,17"
17833,"350,26,0"
17834,"64,93,10"
17835,"24,43,23"
17836,"43,24,23"
17837,"44,145,38"
17838,"64,10,93"
17839,"0,8"
17840,"10,44,145"
17841,"26,23,231"
17842,"0,265,271"
17843,"10,64"
17844,"44,69,11"
17845,"44,11,10"
17846,"8,0,206"
17847,"3,15,21"
17848,"60,23,234"
17849,"4,3,19"
17850,"40,41"
17851,"128,129"
17852,"3,4,5"
17853,"131,128,40"
17854,"23,38,26"
17855,"0,350,271"
17856,"220,221,10"
17857,"3,21,40"
17858,"8,0,206"
17859,"311,199,169"
17860,"23,38,145"
17861,"10,220,44"
17862,"3,21"
17863,"10,64,90"
17864,"3,21"
17865,"10,64"
17866,"60,10,21"
17867,"3,21,53"
17868,"60,234,10"
17869,"221,3,48"
17870,"40,41,3"
17871,"169,170,199"
17872,"169,199,170"
17873,"10,44,220"
17874,"17,18,3"
17875,"220,221,242"
17876,"74,118,23"
17877,"40,128,160"
17878,"0,216"
17879,"40,128"
17880,"40,131,128"
17881,"0,8,216"
17882,"24,23,43"
17883,"0,271,265"
17884,"0,8,26"
17885,"0,265,8"
17886,"3,21"
17887,"105,40,74"
17888,"40,128,129"
17889,"0,265,8"
17890,"21,3"
17891,"3,21,53"
17892,"49,24,23"
17893,"40,129,128"
17894,"169,170,199"
17895,"40,41,23"
17896,"10,23"
17897,"199,170,311"
17898,"3,30,21"
17899,"199,169,170"
17900,"23,38,24"
17901,"3,4"
17902,"38,23"
17903,"3,13"
17904,"199,169,170"
17905,"0,337,169"
17906,"10,11,44"
17907,"402,10,220"
17908,"40,3,21"
17909,"3,28,21"
17910,"3,21"
17911,"38,23,74"
17912,"44,145,216"
17913,"43,24,23"
17914,"3,21,147"
17915,"44,145,38"
17916,"31,32,23"
17917,"10,64,93"
17918,"171,170,199"
17919,"199,311,170"
17920,"0,8,337"
17921,"40,131,128"
17922,"4,3"
17923,"3,21,147"
17924,"26,23,89"
17925,"0,8"
17926,"38,23,26"
17927,"40,131,184"
17928,"38,170,199"
17929,"38,23,26"
17930,"0,218,23"
17931,"169,170,199"
17932,"0,271,8"
17933,"40,131,184"
17934,"3,21,53"
17935,"3,21"
17936,"3,17,34"
17937,"3,21"
17938,"170,199,426"
17939,"0,8,206"
17940,"145,10,44"
17941,"43,24,23"
17942,"0,1,265"
17943,"23,24,10"
17944,"38,26,23"
17945,"23,10,38"
17946,"3,21,13"
17947,"40,23,184"
17948,"38,40,162"
17949,"40,41"
17950,"3,111,21"
17951,"23,31"
17952,"93,64,10"
17953,"3,21"
17954,"8,0,206"
17955,"40,128,160"
17956,"169,296,199"
17957,"10,64,90"
17958,"169,199,170"
17959,"0,271,265"
17960,"3,21"
17961,"10,44,11"
17962,"3,4,21"
17963,"74,23,303"
17964,"10,220,221"
17965,"23,24,40"
17966,"23,38,24"
17967,"40,3"
17968,"3,13,21"
17969,"0,64,216"
17970,"38,74,23"
17971,"169,199,170"
17972,"3,4,5"
17973,"3,21,28"
17974,"23,74"
17975,"0,8,206"
17976,"3,21,17"
17977,"40,131,128"
17978,"10,60,64"
17979,"0,8"
17980,"311,199,426"
17981,"3,21,30"
17982,"40,128,184"
17983,"128,40"
17984,"40,145,10"
17985,"220,10,221"
17986,"3,85,21"
17987,"24,43,23"
17988,"199,169,170"
17989,"23,38"
17990,"3,21,34"
17991,"4,19,3"
17992,"3,5,21"
17993,"28,3"
17994,"184,175,40"
17995,"44,11,10"
17996,"40,131"
17997,"41,42,21"
17998,"21,38,23"
17999,"337,311,199"
18000,"10,60,21"
18001,"23,72,24"
18002,"38,23,26"
18003,"220,221,10"
18004,"220,221,10"
18005,"10,23,40"
18006,"10,23"
18007,"0,208,8"
18008,"0,265,271"
18009,"3,4"
18010,"40,41,128"
18011,"3,21"
18012,"32,31,23"
18013,"169,296"
18014,"311,223,426"
18015,"169,199,170"
18016,"10,11,44"
18017,"0,218,265"
18018,"128,40"
18019,"64,24,23"
18020,"23,74,38"
18021,"220,10,221"
18022,"23,40,131"
18023,"23,74"
18024,"23,24,38"
18025,"3,21,147"
18026,"0,255,271"
18027,"40,128,131"
18028,"38,23,63"
18029,"3,21,30"
18030,"0,8"
18031,"3,21"
18032,"11,44,10"
18033,"128,23,38"
18034,"10,220,221"
18035,"3,21"
18036,"171,170,169"
18037,"169,296,199"
18038,"169,199,170"
18039,"43,24,23"
18040,"10,44,11"
18041,"23,169,426"
18042,"128,40,129"
18043,"3,111,53"
18044,"40,160"
18045,"3,4"
18046,"40,184,128"
18047,"10,64,93"
18048,"3,5,21"
18049,"3,21,111"
18050,"23,74,40"
18051,"3,21"
18052,"40,145,41"
18053,"32,31,23"
18054,"17,18,168"
18055,"40,23,145"
18056,"3,13,21"
18057,"40,184"
18058,"170,199,169"
18059,"3,21,17"
18060,"40,131"
18061,"40,184,131"
18062,"184,368,131"
18063,"11,10,24"
18064,"4,3,7"
18065,"220,221,10"
18066,"3,21"
18067,"145,44,40"
18068,"3,41,40"
18069,"23,26,38"
18070,"23,38,74"
18071,"10,24,23"
18072,"3,147,21"
18073,"40,184,185"
18074,"3,111,53"
18075,"43,24,23"
18076,"44,11,10"
18077,"40,131"
18078,"296,169"
18079,"3,5,21"
18080,"3,21,53"
18081,"23,74,38"
18082,"60,10,239"
18083,"10,64"
18084,"31,131,3"
18085,"3,21,53"
18086,"3,21,4"
18087,"3,21"
18088,"3,5,21"
18089,"40,160,151"
18090,"64,93,10"
18091,"31,32,23"
18092,"169,170,199"
18093,"38,23,145"
18094,"3,4"
18095,"64,10,93"
18096,"169,170,426"
18097,"64,10,335"
18098,"10,64"
18099,"0,8,206"
18100,"10,335,64"
18101,"131,40,128"
18102,"3,4,21"
18103,"10,0"
18104,"38,137,74"
18105,"23,38"
18106,"40,160,128"
18107,"23,31,32"
18108,"131,40,184"
18109,"10,11,44"
18110,"40,131,128"
18111,"10,44,11"
18112,"3,21"
18113,"3,5"
18114,"3,21,85"
18115,"111,123,3"
18116,"3,111"
18117,"3,21,147"
18118,"21,3,187"
18119,"3,21"
18120,"3,21"
18121,"64,93,10"
18122,"24,43,23"
18123,"169,199,170"
18124,"3,21"
18125,"10,220,221"
18126,"4,3"
18127,"10,44,23"
18128,"0,271,216"
18129,"24,43,23"
18130,"0,8,235"
18131,"3,21,15"
18132,"220,221,10"
18133,"3,5,21"
18134,"0,255,271"
18135,"3,111"
18136,"0,216,8"
18137,"49,24,23"
18138,"3,13"
18139,"64,10,93"
18140,"23,38,93"
18141,"271,0,265"
18142,"10,44,64"
18143,"40,131,128"
18144,"4,3,28"
18145,"220,221,10"
18146,"10,23"
18147,"3,21"
18148,"40,131,184"
18149,"3,4"
18150,"169,199,170"
18151,"43,24,23"
18152,"145,402,40"
18153,"64,10,93"
18154,"10,0,44"
18155,"10,11,265"
18156,"40,160,395"
18157,"40,135"
18158,"74,23,303"
18159,"4,3"
18160,"3,21,5"
18161,"3,21,30"
18162,"17,3,18"
18163,"89,26,23"
18164,"64,10"
18165,"350,26"
18166,"3,40"
18167,"11,69,44"
18168,"145,40,402"
18169,"3,21,34"
18170,"23,105,24"
18171,"3,21"
18172,"23,24,43"
18173,"49,23,24"
18174,"3,21"
18175,"169,170,199"
18176,"3,30,21"
18177,"40,128,184"
18178,"0,271,456"
18179,"3,21"
18180,"220,221,10"
18181,"3,21"
18182,"3,53,21"
18183,"3,21"
18184,"10,24,64"
18185,"3,15,53"
18186,"3,5,21"
18187,"24,23,43"
18188,"402,145,40"
18189,"64,93,10"
18190,"40,23,74"
18191,"0,271,265"
18192,"13,3"
18193,"3,21"
18194,"131,40,184"
18195,"40,41,3"
18196,"23,74,38"
18197,"24,43,23"
18198,"40,128,129"
18199,"23,38,26"
18200,"38,82,23"
18201,"170,169,199"
18202,"44,10,11"
18203,"26,23"
18204,"40,175,128"
18205,"3,21"
18206,"23,26,38"
18207,"0,271,265"
18208,"145,10,44"
18209,"24,23,43"
18210,"3,21,111"
18211,"3,4,5"
18212,"23,74,24"
18213,"48,21,40"
18214,"40,131"
18215,"10,93,64"
18216,"3,21,15"
18217,"3,53,21"
18218,"3,21"
18219,"3,13,21"
18220,"40,128,129"
18221,"271,0,265"
18222,"3,5,21"
18223,"3,21,28"
18224,"0,8,26"
18225,"296,169"
18226,"199,170,169"
18227,"23,31,24"
18228,"64,10,65"
18229,"40,131,184"
18230,"23,10"
18231,"3,21"
18232,"8,0,206"
18233,"23,24,38"
18234,"3,5,21"
18235,"3,21,17"
18236,"3,53,21"
18237,"0,271,255"
18238,"0,271,216"
18239,"23,74,38"
18240,"21,3"
18241,"426,199,169"
18242,"23,38,24"
18243,"3,53,523"
18244,"3,21"
18245,"3,21"
18246,"38,23"
18247,"3,13"
18248,"170,169,199"
18249,"128,129,0"
18250,"0,211,216"
18251,"170,199,169"
18252,"220,221,242"
18253,"3,21"
18254,"10,64"
18255,"40,41,128"
18256,"3,21,187"
18257,"3,4,21"
18258,"10,220,221"
18259,"74,23,165"
18260,"23,38"
18261,"3,4,21"
18262,"170,169,199"
18263,"10,69"
18264,"402,10,220"
18265,"23,38,26"
18266,"0,271,265"
18267,"169,170,199"
18268,"10,11,44"
18269,"24,43,145"
18270,"3,40"
18271,"3,17,21"
18272,"3,0"
18273,"40,128"
18274,"3,21,28"
18275,"40,131"
18276,"169,170,199"
18277,"0,216,8"
18278,"0,1"
18279,"38,91,23"
18280,"40,23,131"
18281,"40,145"
18282,"40,41,128"
18283,"3,21,111"
18284,"3,4,111"
18285,"0,271,216"
18286,"3,53,111"
18287,"23,24"
18288,"3,21"
18289,"10,64,93"
18290,"10,220,11"
18291,"169,170,199"
18292,"23,24"
18293,"3,21,147"
18294,"3,21"
18295,"3,21,147"
18296,"367,100,3"
18297,"128,40"
18298,"0,271,265"
18299,"24,60,23"
18300,"40,131"
18301,"41,40"
18302,"38,23,26"
18303,"23,38,24"
18304,"41,42,21"
18305,"3,4,28"
18306,"0,271,265"
18307,"0,8"
18308,"0,8"
18309,"26,350,23"
18310,"169,199,170"
18311,"169,170,199"
18312,"10,220,221"
18313,"8,0,23"
18314,"199,426,170"
18315,"4,3"
18316,"8,206,0"
18317,"23,131"
18318,"10,64,90"
18319,"171,169,170"
18320,"3,21"
18321,"24,43,23"
18322,"43,24,23"
18323,"199,170,169"
18324,"64,10,65"
18325,"21,3,40"
18326,"26,350,0"
18327,"10,64"
18328,"131,40,199"
18329,"3,21,28"
18330,"44,10,11"
18331,"170,169,199"
18332,"3,28,30"
18333,"145,44,40"
18334,"3,21"
18335,"40,145"
18336,"10,220"
18337,"40,160,41"
18338,"10,220,3"
18339,"40,145"
18340,"3,21,111"
18341,"3,21,111"
18342,"40,131,128"
18343,"220,221,10"
18344,"21,3"
18345,"10,64"
18346,"40,41,160"
18347,"64,93,10"
18348,"3,21"
18349,"169,170,199"
18350,"169,3,426"
18351,"169,199,170"
18352,"40,160,184"
18353,"40,128,129"
18354,"3,93,38"
18355,"64,93,10"
18356,"426,10,169"
18357,"3,21"
18358,"426,169,311"
18359,"40,41,128"
18360,"40,184,128"
18361,"3,4"
18362,"3,21,5"
18363,"24,43,23"
18364,"3,147,21"
18365,"24,23"
18366,"17,18,3"
18367,"23,38,21"
18368,"0,271,265"
18369,"40,160,128"
18370,"0,8,206"
18371,"23,38,74"
18372,"3,21,28"
18373,"169,199,170"
18374,"3,21,28"
18375,"23,38,26"
18376,"10,220,221"
18377,"40,131,184"
18378,"3,21,0"
18379,"4,3"
18380,"3,21"
18381,"10,64,93"
18382,"21,3,187"
18383,"23,38,26"
18384,"3,120,147"
18385,"131,40,184"
18386,"169,199,170"
18387,"145,402"
18388,"21,3,187"
18389,"0,216,271"
18390,"271,456,265"
18391,"40,41,160"
18392,"8,23,0"
18393,"4,3,375"
18394,"0,8,265"
18395,"23,26,231"
18396,"8,0,206"
18397,"3,21,17"
18398,"131,40,184"
18399,"199,170,169"
18400,"199,170,169"
18401,"3,21"
18402,"3,21,40"
18403,"220,10,221"
18404,"38,23,82"
18405,"10,64"
18406,"3,5,21"
18407,"0,8,216"
18408,"3,21,30"
18409,"3,21"
18410,"135,40,138"
18411,"10,11,44"
18412,"23,24"
18413,"170,199,311"
18414,"38,23,44"
18415,"3,21"
18416,"64,93,10"
18417,"21,3,187"
18418,"3,21"
18419,"271,0,265"
18420,"40,160,41"
18421,"169,170,199"
18422,"3,21"
18423,"0,216"
18424,"40,128,131"
18425,"199,170,169"
18426,"129,128,40"
18427,"3,21,28"
18428,"26,23,89"
18429,"23,38,74"
18430,"23,24,40"
18431,"74,23,38"
18432,"3,21"
18433,"40,128,41"
18434,"3,21"
18435,"181,24,43"
18436,"40,128,131"
18437,"26,231,23"
18438,"23,74,165"
18439,"3,21,111"
18440,"170,199,169"
18441,"199,170,426"
18442,"3,4"
18443,"3,21,53"
18444,"40,145,23"
18445,"10,335,64"
18446,"3,21,34"
18447,"40,128"
18448,"10,145"
18449,"3,4,111"
18450,"0,216,211"
18451,"38,23,21"
18452,"131,184,40"
18453,"23,38,74"
18454,"271,0,265"
18455,"271,265,0"
18456,"40,131,184"
18457,"3,111,21"
18458,"271,456,0"
18459,"169,170,199"
18460,"0,8,206"
18461,"23,74,38"
18462,"74,303,23"
18463,"3,21,5"
18464,"26,23,38"
18465,"0,216,211"
18466,"3,21"
18467,"10,23,64"
18468,"3,4,111"
18469,"44,11,10"
18470,"426,169,10"
18471,"111,123,3"
18472,"169,426,170"
18473,"3,0,21"
18474,"3,4"
18475,"26,23,89"
18476,"426,199,311"
18477,"40,128"
18478,"3,21,34"
18479,"3,147,156"
18480,"40,41"
18481,"64,10,93"
18482,"40,23,0"
18483,"40,160"
18484,"3,4"
18485,"48,21"
18486,"3,4"
18487,"23,24,74"
18488,"10,64"
18489,"187,426,21"
18490,"10,44"
18491,"10,220,402"
18492,"24,23,43"
18493,"43,24,64"
18494,"4,3,19"
18495,"0,271,265"
18496,"40,131"
18497,"169,199,170"
18498,"40,135,138"
18499,"145,23,44"
18500,"3,4,53"
18501,"431,135"
18502,"296,32,10"
18503,"10,44,11"
18504,"64,10,93"
18505,"23,38,24"
18506,"10,11,24"
18507,"135,40,138"
18508,"10,44,145"
18509,"40,23"
18510,"40,131,184"
18511,"64,170,199"
18512,"169,0,296"
18513,"3,21"
18514,"3,4,5"
18515,"220,221,10"
18516,"10,64"
18517,"38,23,24"
18518,"17,18,168"
18519,"23,31"
18520,"40,135"
18521,"0,8"
18522,"23,26,89"
18523,"145,44,23"
18524,"24,23"
18525,"49,24,23"
18526,"10,145"
18527,"10,24,145"
18528,"40,41"
18529,"40,41,128"
18530,"40,145,128"
18531,"23,24,38"
18532,"3,111,21"
18533,"129,128,130"
18534,"0,216"
18535,"3,147,21"
18536,"41,40,21"
18537,"21,187,3"
18538,"23,24,74"
18539,"40,128"
18540,"129,128,40"
18541,"3,4"
18542,"169,199,170"
18543,"0,271"
18544,"24,23,49"
18545,"0,271,8"
18546,"0,8,271"
18547,"10,3"
18548,"3,111,21"
18549,"3,5,0"
18550,"265,0"
18551,"23,38,137"
18552,"10,145,44"
18553,"40,41,21"
18554,"3,15,21"
18555,"3,15"
18556,"38,23"
18557,"26,38,23"
18558,"199,426,311"
18559,"10,11,44"
18560,"23,38"
18561,"10,44,11"
18562,"3,21,147"
18563,"23,0,128"
18564,"426,169,170"
18565,"129,40,128"
18566,"145,402,40"
18567,"31,23,328"
18568,"3,21,147"
18569,"26,38,23"
18570,"17,3,18"
18571,"3,21"
18572,"169,170,199"
18573,"3,4"
18574,"38,23"
18575,"3,21,147"
18576,"21,3"
18577,"220,221,242"
18578,"38,23,309"
18579,"3,24,23"
18580,"296,169"
18581,"135,138,199"
18582,"199,170,169"
18583,"74,38,23"
18584,"131,40,184"
18585,"169,170,199"
18586,"64,93,10"
18587,"199,169,170"
18588,"44,11,10"
18589,"10,145,220"
18590,"0,216,249"
18591,"23,38,24"
18592,"3,21,17"
18593,"3,13"
18594,"41,42,40"
18595,"3,111,53"
18596,"169,296"
18597,"3,21,28"
18598,"23,26"
18599,"169,170,296"
18600,"10,64,93"
18601,"3,21,53"
18602,"23,26,38"
18603,"131,40,184"
18604,"3,21,111"
18605,"40,160,128"
18606,"220,10,221"
18607,"49,426,199"
18608,"32,31,23"
18609,"3,21,53"
18610,"135,138,199"
18611,"23,74,24"
18612,"26,23,10"
18613,"40,128,160"
18614,"426,169,337"
18615,"0,265,1"
18616,"3,111,4"
18617,"10,11,44"
18618,"26,23"
18619,"8,0,206"
18620,"40,21"
18621,"0,255,271"
18622,"40,145,146"
18623,"10,64,220"
18624,"3,21,13"
18625,"10,31,44"
18626,"10,11,44"
18627,"40,135"
18628,"296,306,169"
18629,"23,10"
18630,"3,4,21"
18631,"3,5,85"
18632,"5,3,6"
18633,"3,21"
18634,"0,8,206"
18635,"3,111,53"
18636,"23,74,165"
18637,"10,220,221"
18638,"40,135,138"
18639,"220,10,221"
18640,"24,23,43"
18641,"3,21,28"
18642,"23,38,74"
18643,"64,10,90"
18644,"21,3"
18645,"38,23,24"
18646,"135,259,311"
18647,"3,21,53"
18648,"40,145"
18649,"10,23"
18650,"3,21,15"
18651,"3,21,5"
18652,"3,35,21"
18653,"23,105"
18654,"17,18,3"
18655,"40,41"
18656,"271,0,265"
18657,"0,271,265"
18658,"38,23"
18659,"21,3"
18660,"199,170,169"
18661,"8,0,206"
18662,"3,21,53"
18663,"131,40,193"
18664,"4,3,7"
18665,"10,44,11"
18666,"10,220,145"
18667,"64,93,10"
18668,"0,216,271"
18669,"40,160,315"
18670,"23,24"
18671,"0,8,265"
18672,"3,21"
18673,"40,128"
18674,"0,8,265"
18675,"48,21"
18676,"169,199,170"
18677,"3,17,265"
18678,"64,10"
18679,"0,216"
18680,"8,0,206"
18681,"40,128"
18682,"169,170,199"
18683,"402,145"
18684,"21,3,187"
18685,"23,49,24"
18686,"3,21,13"
18687,"40,128,131"
18688,"3,21,17"
18689,"24,49,23"
18690,"3,21,53"
18691,"23,105,24"
18692,"10,44,145"
18693,"181,145,64"
18694,"10,220,221"
18695,"3,10"
18696,"23,74"
18697,"169,426,145"
18698,"24,23,43"
18699,"10,44,11"
18700,"0,8,218"
18701,"199,426,170"
18702,"3,4"
18703,"0,128,26"
18704,"23,24,38"
18705,"169,170,199"
18706,"10,426,145"
18707,"40,41,128"
18708,"44,145,10"
18709,"10,23,64"
18710,"170,169,199"
18711,"93,64,10"
18712,"169,337,170"
18713,"169,170,199"
18714,"3,0,53"
18715,"3,21"
18716,"296,169,306"
18717,"426,187,21"
18718,"23,38"
18719,"3,21,147"
18720,"169,296"
18721,"40,128,145"
18722,"0,211,212"
18723,"24,23"
18724,"93,64,10"
18725,"199,169,170"
18726,"3,21,17"
18727,"199,170,169"
18728,"23,24"
18729,"40,128,184"
18730,"0,216"
18731,"23,38,74"
18732,"0,23"
18733,"40,131"
18734,"169,170,199"
18735,"3,111,21"
18736,"44,145,23"
18737,"220,10,221"
18738,"23,31,32"
18739,"169,339,337"
18740,"40,128,131"
18741,"3,23,53"
18742,"3,21,17"
18743,"40,128,0"
18744,"3,5,21"
18745,"40,131"
18746,"169,426,199"
18747,"31,32,23"
18748,"40,135"
18749,"199,135,170"
18750,"40,135,23"
18751,"3,147,21"
18752,"23,38,74"
18753,"40,131,184"
18754,"0,8,206"
18755,"40,131,23"
18756,"10,64"
18757,"3,21"
18758,"49,23,24"
18759,"0,265"
18760,"23,38,26"
18761,"23,24,43"
18762,"0,8"
18763,"3,21,17"
18764,"10,11,44"
18765,"23,38"
18766,"31,23"
18767,"26,23,89"
18768,"3,21"
18769,"290,31"
18770,"0,8,206"
18771,"3,21"
18772,"82,38,23"
18773,"40,131,184"
18774,"64,93,43"
18775,"3,5"
18776,"3,21,17"
18777,"131,40,128"
18778,"145,23,38"
18779,"3,21"
18780,"10,64"
18781,"43,24,23"
18782,"31,23"
18783,"199,170,40"
18784,"3,4"
18785,"31,40,64"
18786,"44,10,11"
18787,"0,272,271"
18788,"145,44"
18789,"10,64"
18790,"3,21,111"
18791,"10,64"
18792,"8,0,206"
18793,"3,21"
18794,"3,21,147"
18795,"199,170,311"
18796,"0,8,265"
18797,"169,426,508"
18798,"49,24,23"
18799,"43,24,23"
18800,"3,5,21"
18801,"199,169,170"
18802,"169,170,199"
18803,"0,271,265"
18804,"10,220,44"
18805,"3,21,10"
18806,"64,10,65"
18807,"23,38"
18808,"3,21"
18809,"220,221,10"
18810,"3,4"
18811,"41,40,3"
18812,"40,128,130"
18813,"23,26,350"
18814,"40,160,315"
18815,"0,8,206"
18816,"10,44,11"
18817,"145,44,10"
18818,"23,74,26"
18819,"24,23,60"
18820,"3,21,147"
18821,"38,23"
18822,"3,4,21"
18823,"23,24,145"
18824,"169,199,170"
18825,"199,170"
18826,"3,21,34"
18827,"170,199"
18828,"10,44,11"
18829,"0,8"
18830,"3,21,111"
18831,"169,426,170"
18832,"38,23,74"
18833,"3,30,21"
18834,"3,21,34"
18835,"44,10,145"
18836,"0,8"
18837,"169,38,170"
18838,"3,21"
18839,"10,64,65"
18840,"199,169,170"
18841,"23,38,26"
18842,"0,265,271"
18843,"41,21,3"
18844,"32,31,23"
18845,"40,184,128"
18846,"25,24,10"
18847,"40,160,151"
18848,"145,10,44"
18849,"38,82,23"
18850,"3,53,21"
18851,"3,21"
18852,"171,170,169"
18853,"3,4,5"
18854,"13,3"
18855,"0,271,265"
18856,"426,311,199"
18857,"49,24,23"
18858,"40,131"
18859,"3,41,21"
18860,"3,21"
18861,"0,8,265"
18862,"64,10,90"
18863,"24,43"
18864,"199,169,170"
18865,"199,170,311"
18866,"0,8,26"
18867,"10,145,402"
18868,"30,38,3"
18869,"3,4"
18870,"169,38,26"
18871,"23,38,24"
18872,"131,40,184"
18873,"0,8,40"
18874,"24,23,43"
18875,"3,30,21"
18876,"23,26,38"
18877,"169,426,170"
18878,"3,21"
18879,"3,21,15"
18880,"3,21"
18881,"3,4,21"
18882,"4,3,188"
18883,"170,199,169"
18884,"23,24,31"
18885,"220,10,221"
18886,"10,64"
18887,"3,21,17"
18888,"3,21,53"
18889,"8,0,206"
18890,"10,44,402"
18891,"24,23,43"
18892,"0,8,265"
18893,"3,21,199"
18894,"0,8,206"
18895,"3,21"
18896,"44,10,145"
18897,"44,145,10"
18898,"74,38,23"
18899,"26,89,23"
18900,"40,128,186"
18901,"0,265"
18902,"0,255,271"
18903,"10,64"
18904,"135,138,40"
18905,"10,64,145"
18906,"23,38"
18907,"44,23,38"
18908,"43,24,23"
18909,"23,38"
18910,"3,21"
18911,"10,44,11"
18912,"3,21"
18913,"40,184,128"
18914,"0,216"
18915,"0,8,216"
18916,"3,111,53"
18917,"10,11,3"
18918,"23,38,44"
18919,"17,18,168"
18920,"3,85,5"
18921,"23,24,43"
18922,"0,265"
18923,"220,221,10"
18924,"311,426,337"
18925,"3,17"
18926,"3,40"
18927,"199,170,169"
18928,"3,21,53"
18929,"145,402,40"
18930,"21,3,170"
18931,"23,38,74"
18932,"26,23,89"
18933,"23,105,106"
18934,"23,74,38"
18935,"40,128,184"
18936,"93,64,10"
18937,"0,271,255"
18938,"40,184,185"
18939,"64,10,60"
18940,"0,8,235"
18941,"0,8,265"
18942,"169,170,199"
18943,"3,21"
18944,"0,271,265"
18945,"10,44,11"
18946,"0,255,271"
18947,"40,128,41"
18948,"220,221,10"
18949,"3,21,17"
18950,"17,3,18"
18951,"220,221,10"
18952,"0,271,265"
18953,"0,265,271"
18954,"3,17,40"
18955,"4,3,7"
18956,"0,216,211"
18957,"0,8,235"
18958,"40,145,41"
18959,"11,10,44"
18960,"3,21,111"
18961,"43,24,23"
18962,"350,26,23"
18963,"23,38"
18964,"49,24,23"
18965,"0,271,265"
18966,"40,128"
18967,"3,21,170"
18968,"40,131,128"
18969,"10,44,11"
18970,"40,128,131"
18971,"17,18,3"
18972,"169,337,170"
18973,"3,21"
18974,"3,21"
18975,"3,4,5"
18976,"43,24,23"
18977,"26,23"
18978,"38,23"
18979,"23,74,128"
18980,"3,30,21"
18981,"3,10"
18982,"40,128,160"
18983,"10,11,44"
18984,"3,111,85"
18985,"40,131,134"
18986,"3,21,17"
18987,"64,10"
18988,"3,21"
18989,"10,64"
18990,"4,3"
18991,"3,17,18"
18992,"0,220,221"
18993,"3,21,53"
18994,"10,64,93"
18995,"17,18,168"
18996,"169,426,170"
18997,"281,199,170"
18998,"3,13,21"
18999,"145,44,10"
19000,"135,40"
19001,"17,3,18"
19002,"4,3"
19003,"3,21,53"
19004,"3,21,128"
19005,"0,350,8"
19006,"3,4"
19007,"199,170,169"
19008,"199,170,311"
19009,"3,21,28"
19010,"265,0"
19011,"3,21,40"
19012,"23,32,31"
19013,"131,40,184"
19014,"3,199,169"
19015,"3,21,147"
19016,"3,17,0"
19017,"147,35,3"
19018,"10,220,221"
19019,"0,271,216"
19020,"64,93,10"
19021,"3,21"
19022,"23,105,24"
19023,"10,220"
19024,"4,3,19"
19025,"40,131,184"
19026,"3,21,147"
19027,"3,10,21"
19028,"4,3"
19029,"23,38"
19030,"40,131,184"
19031,"43,24"
19032,"40,128,184"
19033,"3,5,21"
19034,"64,10,65"
19035,"0,265,255"
19036,"3,111,147"
19037,"130,129,40"
19038,"23,38,74"
19039,"40,128,131"
19040,"3,21"
19041,"3,5,21"
19042,"23,10"
19043,"44,10,11"
19044,"3,21"
19045,"3,10"
19046,"0,265,271"
19047,"3,21,4"
19048,"23,26"
19049,"271,0,265"
19050,"184,40,494"
19051,"64,93,10"
19052,"0,255,218"
19053,"0,8,271"
19054,"220,10,221"
19055,"0,8,218"
19056,"3,0,21"
19057,"199,169,170"
19058,"10,44,11"
19059,"40,184,145"
19060,"3,21,85"
19061,"10,23,44"
19062,"3,21"
19063,"199,170,169"
19064,"18,17,168"
19065,"3,5,21"
19066,"3,147,21"
19067,"0,265,271"
19068,"17,18,3"
19069,"3,21,17"
19070,"3,4,28"
19071,"3,21"
19072,"21,3,53"
19073,"3,21"
19074,"3,21,53"
19075,"23,38,24"
19076,"169,296"
19077,"3,4,5"
19078,"44,11,10"
19079,"145,40"
19080,"0,8,23"
19081,"3,21"
19082,"23,64,93"
19083,"169,170,199"
19084,"3,21,111"
19085,"0,8,26"
19086,"38,145,264"
19087,"32,31,23"
19088,"40,131,3"
19089,"128,26,130"
19090,"3,17,21"
19091,"23,169,38"
19092,"3,4,5"
19093,"24,23"
19094,"0,169,199"
19095,"128,40"
19096,"31,32,23"
19097,"23,24"
19098,"220,221,10"
19099,"239,170,199"
19100,"23,74,38"
19101,"129,128,130"
19102,"3,21,30"
19103,"40,41,128"
19104,"3,21,40"
19105,"0,271,265"
19106,"3,17,21"
19107,"3,21,53"
19108,"169,296,306"
19109,"10,64,11"
19110,"3,53,199"
19111,"8,0,10"
19112,"10,64"
19113,"3,21"
19114,"169,426,199"
19115,"24,23"
19116,"0,8,265"
19117,"145,10,44"
19118,"40,23,160"
19119,"3,4,21"
19120,"0,10,265"
19121,"3,21,111"
19122,"0,265"
19123,"0,216,8"
19124,"3,21,147"
19125,"49,24,23"
19126,"3,21,147"
19127,"3,21,30"
19128,"74,38,23"
19129,"10,24,23"
19130,"3,21,30"
19131,"0,199,170"
19132,"3,53,21"
19133,"171,169,170"
19134,"0,265,218"
19135,"40,160"
19136,"0,271,255"
19137,"40,131,184"
19138,"131,40,226"
19139,"10,11,44"
19140,"0,216,211"
19141,"23,38"
19142,"199,169,170"
19143,"3,147"
19144,"199,169,170"
19145,"74,23,118"
19146,"130,128,129"
19147,"0,8"
19148,"3,21,147"
19149,"24,10,43"
19150,"271,0,265"
19151,"3,4,28"
19152,"311,199,170"
19153,"3,17,21"
19154,"49,23,24"
19155,"456,271,0"
19156,"40,128"
19157,"11,10"
19158,"64,10,65"
19159,"24,10"
19160,"23,220,10"
19161,"10,64,145"
19162,"0,8,206"
19163,"105,23"
19164,"60,234"
19165,"169,199,170"
19166,"64,10"
19167,"10,44,11"
19168,"0,3"
19169,"3,21"
19170,"23,72,24"
19171,"3,21,30"
19172,"23,24,74"
19173,"38,82,23"
19174,"17,18,168"
19175,"93,64,10"
19176,"40,241,131"
19177,"72,38,10"
19178,"40,131,128"
19179,"26,23,89"
19180,"220,221,10"
19181,"0,265,271"
19182,"3,5,28"
19183,"0,313,218"
19184,"23,38,24"
19185,"0,8,206"
19186,"0,255,271"
19187,"23,40,74"
19188,"3,28"
19189,"220,221,10"
19190,"3,21"
19191,"220,10"
19192,"40,169,199"
19193,"60,10,64"
19194,"10,64"
19195,"23,24"
19196,"0,26"
19197,"23,38,0"
19198,"3,21"
19199,"40,3,21"
19200,"3,53,21"
19201,"3,17,21"
19202,"0,271,265"
19203,"0,265"
19204,"3,21"
19205,"23,24,38"
19206,"23,38,24"
19207,"199,169,170"
19208,"38,23,26"
19209,"3,21"
19210,"128,40"
19211,"3,4,21"
19212,"199,169,170"
19213,"40,130,129"
19214,"31,23,32"
19215,"3,21,111"
19216,"10,220,221"
19217,"3,21"
19218,"44,10,11"
19219,"220,221,10"
19220,"0,8,26"
19221,"3,31"
19222,"3,21,5"
19223,"74,23,118"
19224,"0,8,206"
19225,"220,10,221"
19226,"64,10"
19227,"169,170,38"
19228,"38,23,74"
19229,"10,24"
19230,"3,21,111"
19231,"23,105,24"
19232,"3,21,17"
19233,"40,128,160"
19234,"23,44,10"
19235,"131,184,40"
19236,"169,199,170"
19237,"169,199,170"
19238,"23,38"
19239,"24,60,10"
19240,"10,220,221"
19241,"24,49,23"
19242,"0,8,216"
19243,"170,169,199"
19244,"40,131,3"
19245,"23,74,165"
19246,"0,271,8"
19247,"199,170,311"
19248,"10,296"
19249,"3,4,21"
19250,"23,38,74"
19251,"10,64,44"
19252,"0,8"
19253,"40,131,128"
19254,"3,21"
19255,"23,24"
19256,"40,160,128"
19257,"169,3"
19258,"93,64,10"
19259,"128,131,40"
19260,"3,21,17"
19261,"3,21"
19262,"426,199,170"
19263,"10,64,93"
19264,"40,128"
19265,"21,40,3"
19266,"3,21,4"
19267,"3,21"
19268,"23,38,93"
19269,"38,23,26"
19270,"10,64,93"
19271,"3,49,265"
19272,"3,21,17"
19273,"44,38,145"
19274,"3,21"
19275,"3,21,40"
19276,"23,24"
19277,"32,31,23"
19278,"169,199,170"
19279,"8,0,206"
19280,"38,23"
19281,"40,128"
19282,"3,21"
19283,"40,38,23"
19284,"3,30,4"
19285,"3,21,30"
19286,"10,64"
19287,"32,31,23"
19288,"3,21,111"
19289,"0,218,8"
19290,"23,3"
19291,"0,216"
19292,"402,145,40"
19293,"169,296,170"
19294,"131,40,226"
19295,"40,160,41"
19296,"21,3"
19297,"0,271,255"
19298,"23,24,10"
19299,"170,199,337"
19300,"74,165,23"
19301,"3,21"
19302,"40,135"
19303,"23,32,31"
19304,"64,93,10"
19305,"40,131,128"
19306,"23,38"
19307,"38,23,40"
19308,"10,44,23"
19309,"402,145,40"
19310,"3,30,21"
19311,"64,10,93"
19312,"38,23,74"
19313,"0,128"
19314,"24,23"
19315,"0,8,208"
19316,"0,271,265"
19317,"265,0"
19318,"23,60,31"
19319,"255,0,271"
19320,"3,111,21"
19321,"40,41"
19322,"220,221,242"
19323,"131,40"
19324,"64,93,10"
19325,"3,128,40"
19326,"170,171,199"
19327,"23,26,38"
19328,"402,145,44"
19329,"3,21,30"
19330,"17,3,18"
19331,"10,44,11"
19332,"169,337,199"
19333,"220,221,10"
19334,"0,8,218"
19335,"40,128,175"
19336,"40,41,128"
19337,"3,21"
19338,"4,3,375"
19339,"169,199,170"
19340,"170,169,199"
19341,"169,337,170"
19342,"41,3,286"
19343,"8,0,206"
19344,"3,21,30"
19345,"23,24,40"
19346,"128,40,129"
19347,"0,8,265"
19348,"169,170,199"
19349,"23,31,38"
19350,"38,137,128"
19351,"24,23,43"
19352,"199,170,169"
19353,"23,38"
19354,"220,10,221"
19355,"31,32,23"
19356,"24,49,23"
19357,"145,402,40"
19358,"135,138,40"
19359,"23,38,26"
19360,"229,0"
19361,"426,508,169"
19362,"40,131"
19363,"3,147,21"
19364,"3,40"
19365,"0,229,10"
19366,"64,10,93"
19367,"170,64,199"
19368,"10,44,11"
19369,"40,128"
19370,"0,271,265"
19371,"26,0,350"
19372,"74,23,165"
19373,"40,131,184"
19374,"23,31,32"
19375,"3,21,17"
19376,"296,169,306"
19377,"426,199,170"
19378,"220,221,10"
19379,"10,44,11"
19380,"0,265"
19381,"10,11,44"
19382,"169,170,199"
19383,"23,10,40"
19384,"3,21"
19385,"0,8"
19386,"23,26,231"
19387,"3,21,30"
19388,"23,24,10"
19389,"40,41,135"
19390,"10,11"
19391,"0,216,1"
19392,"10,24,145"
19393,"24,23,49"
19394,"0,271,426"
19395,"3,21"
19396,"199,170,311"
19397,"3,21,187"
19398,"3,17,18"
19399,"220,221,242"
19400,"0,265"
19401,"0,8,265"
19402,"169,170,199"
19403,"74,303,23"
19404,"41,3,40"
19405,"145,40,10"
19406,"40,3"
19407,"169,296,199"
19408,"23,26,350"
19409,"10,64"
19410,"3,13"
19411,"10,220"
19412,"74,23,303"
19413,"23,145,38"
19414,"23,38"
19415,"5,3,6"
19416,"0,8,235"
19417,"23,31,402"
19418,"3,21,17"
19419,"3,21"
19420,"64,93,10"
19421,"38,23"
19422,"40,128,186"
19423,"40,74,175"
19424,"3,111,28"
19425,"0,8,206"
19426,"44,11,10"
19427,"3,21"
19428,"23,38,74"
19429,"93,64,10"
19430,"64,93,10"
19431,"3,21,34"
19432,"3,21,147"
19433,"40,145"
19434,"199,170,169"
19435,"23,31"
19436,"21,3,53"
19437,"23,38"
19438,"4,3,5"
19439,"21,3"
19440,"10,11,44"
19441,"23,49,24"
19442,"40,160"
19443,"24,23,49"
19444,"23,328,31"
19445,"0,8,145"
19446,"49,23,24"
19447,"0,265"
19448,"181,60,61"
19449,"23,38"
19450,"0,128,40"
19451,"0,271,265"
19452,"3,21,53"
19453,"3,21,111"
19454,"3,0"
19455,"17,3,18"
19456,"0,271,255"
19457,"0,255,271"
19458,"3,21"
19459,"169,170,199"
19460,"265,0,418"
19461,"3,40,21"
19462,"160,40,315"
19463,"3,21"
19464,"23,24"
19465,"10,11,44"
19466,"3,21,17"
19467,"23,38,26"
19468,"3,21"
19469,"40,128,160"
19470,"10,11,44"
19471,"40,184,185"
19472,"72,24,23"
19473,"3,21,5"
19474,"40,128,131"
19475,"23,31"
19476,"3,21,53"
19477,"74,23,165"
19478,"3,4"
19479,"40,145,402"
19480,"3,21"
19481,"169,170,199"
19482,"169,199,170"
19483,"0,271,456"
19484,"3,4"
19485,"199,170,169"
19486,"3,21,0"
19487,"23,24,3"
19488,"169,199,170"
19489,"3,53,111"
19490,"131,40,184"
19491,"40,131,184"
19492,"169,426,199"
19493,"3,21,28"
19494,"3,21,4"
19495,"199,169,170"
19496,"10,11,44"
19497,"49,60,23"
19498,"40,128,74"
19499,"170,199,169"
19500,"0,8,206"
19501,"3,21,28"
19502,"130,128,40"
19503,"10,145,64"
19504,"64,93,10"
19505,"23,74,24"
19506,"3,21,30"
19507,"40,160,41"
19508,"40,128,170"
19509,"3,21"
19510,"3,4,111"
19511,"170,199,169"
19512,"220,10,221"
19513,"40,145"
19514,"3,21,170"
19515,"24,23,43"
19516,"3,21,40"
19517,"40,131,184"
19518,"40,128,184"
19519,"10,44,11"
19520,"3,21,53"
19521,"0,8"
19522,"40,131,128"
19523,"74,23,303"
19524,"175,128,74"
19525,"23,24,60"
19526,"74,23,303"
19527,"90,64,10"
19528,"24,10,43"
19529,"3,85,5"
19530,"3,53,147"
19531,"31,290,135"
19532,"169,170,199"
19533,"169,426,199"
19534,"10,220"
19535,"40,128"
19536,"128,40,162"
19537,"40,145,146"
19538,"0,216,271"
19539,"40,128,160"
19540,"8,0,206"
19541,"74,23,303"
19542,"23,74,40"
19543,"3,53,21"
19544,"38,23"
19545,"3,21,170"
19546,"220,221,242"
19547,"3,17,40"
19548,"0,216,211"
19549,"3,21,53"
19550,"23,38"
19551,"3,21"
19552,"131,184,40"
19553,"23,38,74"
19554,"169,426,170"
19555,"169,170,199"
19556,"0,216"
19557,"11,10,44"
19558,"4,3,19"
19559,"3,23"
19560,"131,40,241"
19561,"23,31"
19562,"10,131,40"
19563,"40,129,128"
19564,"402,145,40"
19565,"26,231,23"
19566,"40,131"
19567,"3,21,17"
19568,"128,40"
19569,"0,8,26"
19570,"296,169"
19571,"4,3"
19572,"3,21,13"
19573,"220,10,242"
19574,"40,131,184"
19575,"74,137,40"
19576,"10,11,44"
19577,"3,21"
19578,"169,296"
19579,"3,4"
19580,"3,17,18"
19581,"145,43,402"
19582,"23,31,129"
19583,"128,40,129"
19584,"10,216,370"
19585,"3,21,4"
19586,"0,8,208"
19587,"3,21,40"
19588,"10,64"
19589,"4,3,19"
19590,"49,199,170"
19591,"21,3,187"
19592,"40,41,151"
19593,"265,0"
19594,"0,265"
19595,"3,30,4"
19596,"3,21,53"
19597,"40,128,41"
19598,"426,169,170"
19599,"111,3,40"
19600,"24,23,49"
19601,"426,199,337"
19602,"169,199,426"
19603,"10,220"
19604,"3,21,13"
19605,"40,21,3"
19606,"49,24,23"
19607,"3,21,28"
19608,"311,337,199"
19609,"11,10,44"
19610,"3,4,21"
19611,"3,13"
19612,"128,40,129"
19613,"49,21,24"
19614,"8,0,206"
19615,"3,111,21"
19616,"23,10,38"
19617,"169,199,170"
19618,"169,199,170"
19619,"220,221,10"
19620,"3,0,265"
19621,"53,3,21"
19622,"23,105"
19623,"23,74,38"
19624,"199,311,170"
19625,"3,30,21"
19626,"3,21,147"
19627,"0,8,206"
19628,"131,40,184"
19629,"74,23,84"
19630,"10,64,44"
19631,"0,216"
19632,"3,4"
19633,"23,26,38"
19634,"296,74,107"
19635,"135,138,40"
19636,"40,23,135"
19637,"3,21,147"
19638,"23,38"
19639,"23,24,72"
19640,"31,145,60"
19641,"40,128,3"
19642,"23,38,26"
19643,"40,128,160"
19644,"3,30,28"
19645,"145,44,10"
19646,"169,170,199"
19647,"26,0,23"
19648,"38,23,26"
19649,"23,31,32"
19650,"23,31,10"
19651,"23,38,26"
19652,"3,21,4"
19653,"145,10,44"
19654,"40,131,184"
19655,"23,38,24"
19656,"41,21,3"
19657,"3,21"
