id,label
0,"64,10,93"
1,"3,17,320"
2,"300,53,169"
3,"0,216,257"
4,"40,145,25"
5,"8,206,0"
6,"145,44,40"
7,"21,42,3"
8,"49,24,23"
9,"21,3,301"
10,"265,0,418"
11,"502,437,3"
12,"337,311,426"
13,"271,0,456"
14,"38,137,71"
15,"38,71,23"
16,"10,64,145"
17,"3,53,111"
18,"10,93,64"
19,"220,10,25"
20,"170,323,181"
21,"0,23,89"
22,"5,3,6"
23,"40,315,160"
24,"0,326"
25,"40,406,131"
26,"3,21"
27,"93,10,64"
28,"3,17,320"
29,"3,13"
30,"24,43,23"
31,"3,53,523"
32,"40,131,406"
33,"0,23"
34,"220,10,25"
35,"3,21"
36,"3,5,40"
37,"44,145"
38,"3,4"
39,"40,241,131"
40,"26,89,23"
41,"3,21,301"
42,"135,138,40"
43,"0,291,271"
44,"10,11,44"
45,"40,162"
46,"3,17,21"
47,"60,234,21"
48,"40,128,186"
49,"21,3,23"
50,"38,0,23"
51,"3,147,148"
52,"145,40,402"
53,"3,53"
54,"3,182,21"
55,"21,3,40"
56,"10,64"
57,"23,53,169"
58,"23,118,74"
59,"3,28,301"
60,"13,14,169"
61,"64,10,80"
62,"0,271,255"
63,"3,53,111"
64,"3,0,128"
65,"3,21,22"
66,"40,131,134"
67,"170,323,199"
68,"3,17,320"
69,"3,53,287"
70,"64,10,65"
71,"10,64,448"
72,"40,41,224"
73,"42,41,3"
74,"220,10"
75,"0,265"
76,"3,187,21"
77,"0,346,313"
78,"24,23,49"
79,"220,10"
80,"64,10,93"
81,"40,3,17"
82,"11,10,12"
83,"296,169,306"
84,"49,24,23"
85,"63,23,38"
86,"40,131,406"
87,"41,40,42"
88,"26,89,23"
89,"3,53,523"
90,"24,40,23"
91,"220,10,221"
92,"0,257,216"
93,"4,3,435"
94,"40,145,169"
95,"40,145"
96,"24,23,49"
97,"40,241,131"
98,"145,402,40"
99,"23,308,0"
100,"231,23,26"
101,"23,24,88"
102,"24,49,23"
103,"3,23,156"
104,"44,45,23"
105,"0,456,350"
106,"3,93,99"
107,"49,24,23"
108,"0,216,271"
109,"0,8,206"
110,"3,5"
111,"23,38,91"
112,"3,4,435"
113,"3,187,21"
114,"10,220"
115,"169,281,199"
116,"0,485,313"
117,"24,25"
118,"40,283,74"
119,"3,21,187"
120,"3,147,148"
121,"0,265,3"
122,"44,69,145"
123,"41,40,224"
124,"3,53,287"
125,"3,21,127"
126,"10,229,0"
127,"40,23,38"
128,"0,271,291"
129,"265,0,418"
130,"40,10,64"
131,"337,296,251"
132,"38,23,197"
133,"3,40,250"
134,"3,28,301"
135,"145,24,44"
136,"456,0,271"
137,"402,40,145"
138,"0,265"
139,"170,199,171"
140,"40,21,162"
141,"3,111,112"
142,"169,436,199"
143,"3,21,301"
144,"72,44,145"
145,"11,145,44"
146,"3,4"
147,"8,405,0"
148,"64,10,448"
149,"160,40,196"
150,"295,135,23"
151,"63,38,23"
152,"4,435,3"
153,"0,265,271"
154,"259,426,311"
155,"26,231,23"
156,"40,131,241"
157,"145,44,40"
158,"40,128"
159,"426,311,271"
160,"8,0,308"
161,"23,38,39"
162,"241,40,131"
163,"3,21,267"
164,"0,291,271"
165,"128,195,337"
166,"10,64,90"
167,"10,64,93"
168,"44,145,45"
169,"40,128,186"
170,"23,111,54"
171,"3,51,52"
172,"23,296,0"
173,"3,4,183"
174,"40,169,199"
175,"0,40"
176,"10,64,80"
177,"38,82,23"
178,"3,5,21"
179,"308,8,0"
180,"21,3"
181,"3,53,105"
182,"265,0,340"
183,"3,301,21"
184,"128,195,21"
185,"23,49,24"
186,"372,255,0"
187,"135,40,236"
188,"64,10,80"
189,"291,337,0"
190,"199,170,323"
191,"311,259,426"
192,"23,184,26"
193,"23,88,38"
194,"0,277,458"
195,"311,426,259"
196,"402,145,40"
197,"3,21,147"
198,"40,131,406"
199,"0,271,291"
200,"24,23,43"
201,"24,43,23"
202,"3,53,325"
203,"3,4,435"
204,"170,199,323"
205,"296,251,337"
206,"23,24,43"
207,"23,38,91"
208,"145,10,64"
209,"10,64,80"
210,"288,3,498"
211,"8,0,235"
212,"0,265,340"
213,"3,182,21"
214,"0,24,23"
215,"40,24,23"
216,"32,23,31"
217,"38,71,24"
218,"21,3"
219,"160,40"
220,"38,23,39"
221,"0,271,291"
222,"3,4,435"
223,"169,199,281"
224,"160,40,302"
225,"13,204,3"
226,"64,10"
227,"10,64,93"
228,"5,3"
229,"21,3,187"
230,"145,402,40"
231,"3,265,340"
232,"23,26"
233,"3,0,195"
234,"40,145,146"
235,"40,131,134"
236,"53,287,118"
237,"337,251,296"
238,"402,40,145"
239,"24,43,23"
240,"0,271,313"
241,"0,271,291"
242,"494,184,40"
243,"40,131"
244,"271,0"
245,"455,128,40"
246,"234,60,21"
247,"199,169,170"
248,"3,17,21"
249,"129,128,40"
250,"145,23,38"
251,"220,10,23"
252,"3,148,147"
253,"3,41,17"
254,"23,137,3"
255,"23,8,308"
256,"3,21,160"
257,"3,204,13"
258,"40,128,129"
259,"145,44,45"
260,"64,10,93"
261,"3,4,51"
262,"93,10,64"
263,"3,147,148"
264,"3,21,40"
265,"3,21,301"
266,"23,38,24"
267,"38,40,131"
268,"10,93,64"
269,"40,160"
270,"3,21,523"
271,"40,131"
272,"24,23,49"
273,"23,40,24"
274,"145,44,45"
275,"64,10,448"
276,"23,32,31"
277,"3,21,301"
278,"23,74,118"
279,"40,131,241"
280,"23,38,63"
281,"10,220,221"
282,"0,265"
283,"3,21,127"
284,"3,111,74"
285,"3,4,435"
286,"10,64,80"
287,"0,271,291"
288,"10,64,93"
289,"23,26,231"
290,"0,313,271"
291,"43,24,23"
292,"145,44,45"
293,"24,49,23"
294,"3,21"
295,"40,149,128"
296,"40,3,152"
297,"189,40,135"
298,"426,311,169"
299,"3,21,17"
300,"3,16,15"
301,"3,21,169"
302,"38,71,24"
303,"3,147,148"
304,"23,0,89"
305,"271,0,291"
306,"38,40,241"
307,"0,8,308"
308,"64,10,80"
309,"40,23,139"
310,"0,271,291"
311,"3,287,53"
312,"3,21,301"
313,"23,49,24"
314,"3,17,320"
315,"0,271"
316,"40,241,131"
317,"3,5"
318,"3,38,303"
319,"169,508,426"
320,"216,212,211"
321,"40,241,131"
322,"21,23,3"
323,"3,53,523"
324,"40,160"
325,"40,131"
326,"28,3,169"
327,"431,135,40"
328,"43,24,23"
329,"0,216,271"
330,"24,23,43"
331,"129,128,40"
332,"216,211,212"
333,"3,123,111"
334,"0,271,366"
335,"3,13,204"
336,"24,43,23"
337,"3,187,21"
338,"3,21"
339,"3,147,148"
340,"220,10,221"
341,"147,3,156"
342,"128,129,40"
343,"3,5,331"
344,"40,131,241"
345,"145,40,402"
346,"169,296,460"
347,"220,10,221"
348,"3,148,40"
349,"169,296,300"
350,"145,69,44"
351,"23,231,74"
352,"296,169"
353,"8,0,308"
354,"3,204,13"
355,"145,25,24"
356,"38,23"
357,"40,31,402"
358,"0,291,271"
359,"448,10,64"
360,"23,31,40"
361,"145,40,402"
362,"3,21,301"
363,"241,40,131"
364,"508,169,426"
365,"0,271,291"
366,"0,23,40"
367,"0,458,277"
368,"23,74,38"
369,"135,431,40"
370,"3,4,435"
371,"43,24,23"
372,"23,74,118"
373,"131,40,241"
374,"206,0,8"
375,"145,402,45"
376,"170,323,199"
377,"3,81,30"
378,"40,224,41"
379,"31,96,23"
380,"3,40"
381,"169,199,3"
382,"426,169,427"
383,"169,343,199"
384,"17,3,320"
385,"220,10"
386,"10,220,25"
387,"23,38,24"
388,"216,211,212"
389,"3,53,5"
390,"220,24,25"
391,"24,23,40"
392,"0,271,216"
393,"10,64,80"
394,"265,418,10"
395,"3,182,21"
396,"38,309,23"
397,"3,21"
398,"337,339,169"
399,"170,3,311"
400,"145,45,44"
401,"259,311,426"
402,"3,21,147"
403,"0,271,291"
404,"3,21,301"
405,"0,8,235"
406,"3,127,21"
407,"40,131"
408,"3,21,187"
409,"21,3,311"
410,"3,21,127"
411,"3,15,16"
412,"24,49,23"
413,"311,259,426"
414,"0,8,206"
415,"40,131,406"
416,"23,26,89"
417,"220,10"
418,"478,40"
419,"23,74"
420,"169,170,454"
421,"220,10,221"
422,"370,216,0"
423,"74,23,303"
424,"346,313,0"
425,"0,363,271"
426,"296,169,333"
427,"24,23,181"
428,"260,145,169"
429,"199,169,40"
430,"128,129,40"
431,"23,350,26"
432,"10,11,72"
433,"402,40,145"
434,"234,60,21"
435,"41,3,111"
436,"0,216"
437,"10,220"
438,"40,128"
439,"169,337,339"
440,"296,169,135"
441,"265,418,10"
442,"3,15,17"
443,"169,417,311"
444,"216,370,0"
445,"3,4,435"
446,"0,265,340"
447,"0,291,216"
448,"10,64,93"
449,"128,129,40"
450,"271,0,429"
451,"354,216,0"
452,"296,169,526"
453,"160,40,302"
454,"3,74,21"
455,"281,169,199"
456,"131,40,193"
457,"10,64,80"
458,"3,147,21"
459,"241,131,40"
460,"0,456,8"
461,"3,169,170"
462,"24,71,40"
463,"184,40,243"
464,"0,265"
465,"0,8,271"
466,"26,350,23"
467,"402,40,145"
468,"44,45,145"
469,"3,53,287"
470,"170,171,31"
471,"0,271,291"
472,"10,93,64"
473,"0,249,279"
474,"26,23,350"
475,"0,265,271"
476,"0,23,265"
477,"426,311,259"
478,"40,315,141"
479,"199,170,323"
480,"107,23,38"
481,"145,44,45"
482,"40,406,131"
483,"0,313,38"
484,"3,21"
485,"0,8,206"
486,"64,10,80"
487,"0,216,212"
488,"165,74,23"
489,"40,151,152"
490,"10,64"
491,"111,74,23"
492,"10,93,64"
493,"0,265"
494,"21,3,164"
495,"0,271,213"
496,"40,135,141"
497,"24,25,23"
498,"8,0,206"
499,"145,493,40"
500,"3,199,281"
501,"3,35,36"
502,"23,24,49"
503,"10,64,80"
504,"3,17,320"
505,"40,131,241"
506,"10,93,64"
507,"135,431,259"
508,"21,3,301"
509,"3,53,21"
510,"10,93,64"
511,"40,186,128"
512,"0,271,456"
513,"61,145,23"
514,"3,111,435"
515,"40,186,128"
516,"3,187,21"
517,"170,323,181"
518,"199,21,3"
519,"3,16,15"
520,"265,418,0"
521,"0,277,458"
522,"402,145,40"
523,"40,131,406"
524,"32,31,23"
525,"231,26,23"
526,"74,23,118"
527,"134,170,40"
528,"296,169,300"
529,"23,38,82"
530,"10,60,239"
531,"220,10,24"
532,"145,44,45"
533,"0,249,279"
534,"337,311,426"
535,"308,0,8"
536,"3,147,148"
537,"0,8,206"
538,"3,10,437"
539,"3,21,182"
540,"0,265,8"
541,"38,87,23"
542,"23,88,38"
543,"3,4"
544,"3,111,119"
545,"40,23,24"
546,"10,64,80"
547,"23,141,74"
548,"3,16,15"
549,"10,60,239"
550,"135,138,40"
551,"0,3,53"
552,"40,287,128"
553,"220,10"
554,"10,11,44"
555,"181,145,40"
556,"170,323,43"
557,"38,26,39"
558,"10,93,64"
559,"40,129,128"
560,"220,10"
561,"0,265,349"
562,"220,10"
563,"169,145,44"
564,"3,21"
565,"170,323,181"
566,"346,313,0"
567,"370,216,145"
568,"23,118,74"
569,"44,45,10"
570,"10,239,60"
571,"40,74,175"
572,"3,13,21"
573,"64,10,93"
574,"10,60,64"
575,"21,3,102"
576,"10,93,64"
577,"40,145,10"
578,"3,21,296"
579,"44,145,45"
580,"38,309,23"
581,"3,21"
582,"360,214,271"
583,"3,53,21"
584,"170,169,199"
585,"0,8,206"
586,"220,10,24"
587,"3,147,148"
588,"23,31,290"
589,"21,3,301"
590,"38,23,40"
591,"10,64"
592,"131,241,38"
593,"145,44,10"
594,"10,220"
595,"374,169,3"
596,"63,38,23"
597,"0,8,206"
598,"3,111,53"
599,"38,23,137"
600,"74,118,23"
601,"40,162,131"
602,"3,5,23"
603,"265,0,418"
604,"3,435,4"
605,"0,271,291"
606,"40,160"
607,"3,147,35"
608,"0,366,271"
609,"23,345,24"
610,"24,43,23"
611,"231,26,23"
612,"265,418,0"
613,"3,21"
614,"129,128,40"
615,"255,0,265"
616,"40,145,402"
617,"290,31,3"
618,"24,49,23"
619,"135,431,311"
620,"0,350,26"
621,"0,8"
622,"111,21,3"
623,"3,21,143"
624,"100,367"
625,"0,346,313"
626,"259,311,426"
627,"199,40,31"
628,"145,402,40"
629,"3,4,435"
630,"328,31"
631,"8,206,0"
632,"241,131,169"
633,"40,170,169"
634,"271,360,0"
635,"23,38,26"
636,"40,135"
637,"21,3,187"
638,"40,160,315"
639,"0,271,456"
640,"23,111,74"
641,"0,8,206"
642,"40,135,236"
643,"40,131,241"
644,"3,21,164"
645,"26,23,89"
646,"3,21"
647,"23,169,31"
648,"3,4"
649,"296,251,337"
650,"54,10,493"
651,"23,145,24"
652,"290,31,23"
653,"40,160,315"
654,"31,23,0"
655,"40,131,241"
656,"3,21,52"
657,"0,206,8"
658,"3,133,21"
659,"3,13,204"
660,"40,131,406"
661,"0,169,23"
662,"3,21"
663,"43,24,23"
664,"11,10,419"
665,"24,43,23"
666,"64,10,93"
667,"96,31"
668,"0,308,8"
669,"38,145,0"
670,"23,24"
671,"145,44,40"
672,"220,10,31"
673,"311,426,337"
674,"241,131,40"
675,"3,147,156"
676,"145,44,45"
677,"3,17,523"
678,"3,21,111"
679,"220,10"
680,"0,8"
681,"134,131,40"
682,"10,64"
683,"74,23,40"
684,"23,40,231"
685,"3,21"
686,"40,402,145"
687,"169,199,343"
688,"24,23,251"
689,"10,220"
690,"3,53,523"
691,"40,63,100"
692,"3,53,523"
693,"10,93,64"
694,"0,206,8"
695,"23,418,265"
696,"71,38,24"
697,"16,15,3"
698,"3,53"
699,"40,131,241"
700,"3,17,320"
701,"24,23,40"
702,"23,94,38"
703,"38,23,0"
704,"38,23"
705,"135,138,40"
706,"241,40,128"
707,"40,224,41"
708,"0,8,327"
709,"24,23,49"
710,"17,3,320"
711,"40,283,184"
712,"16,15,3"
713,"216,212,211"
714,"309,38,169"
715,"49,23,24"
716,"3,35,36"
717,"3,4,5"
718,"3,42,41"
719,"145,44,23"
720,"3,523,53"
721,"10,11,12"
722,"21,3"
723,"3,53,523"
724,"3,5,228"
725,"24,43,23"
726,"3,53,21"
727,"0,8,206"
728,"199,323,170"
729,"41,40,224"
730,"337,251,296"
731,"311,337,426"
732,"3,17,51"
733,"45,44,145"
734,"311,259,426"
735,"311,337,0"
736,"10,93,64"
737,"311,426,259"
738,"10,60,11"
739,"350,8,0"
740,"0,38,291"
741,"271,0,456"
742,"3,5,474"
743,"23,24,145"
744,"40,145,402"
745,"3,4,435"
746,"53,3,430"
747,"31,40,420"
748,"3,21,182"
749,"145,44,45"
750,"42,21,41"
751,"24,43,23"
752,"3,111,182"
753,"170,169,459"
754,"311,337,426"
755,"170,199,43"
756,"145,402,40"
757,"40,250,135"
758,"3,16,15"
759,"417,337,311"
760,"311,426,337"
761,"145,40,0"
762,"10,60,239"
763,"3,182,21"
764,"3,21,182"
765,"0,8,235"
766,"0,265,273"
767,"251,337,296"
768,"265,0,349"
769,"170,61,323"
770,"3,111,182"
771,"64,10,80"
772,"15,16,3"
773,"3,28,52"
774,"311,426,259"
775,"3,21"
776,"3,21,53"
777,"3,182,40"
778,"4,3,19"
779,"10,40,296"
780,"93,10,64"
781,"170,199,323"
782,"0,271,291"
783,"3,93,13"
784,"3,21"
785,"23,38,91"
786,"0,271,337"
787,"71,38"
788,"0,8,308"
789,"8,0,26"
790,"21,3,164"
791,"220,10"
792,"145,44,45"
793,"23,0,24"
794,"259,311,426"
795,"40,131,406"
796,"3,5,21"
797,"3,275,111"
798,"131,40,241"
799,"111,112,3"
800,"40,184,494"
801,"0,40,128"
802,"0,23,271"
803,"3,17,40"
804,"3,53,287"
805,"426,259,170"
806,"40,0,26"
807,"71,38,24"
808,"169,3,21"
809,"169,170,199"
810,"10,0,38"
811,"24,43,23"
812,"44,145,45"
813,"0,291,271"
814,"21,3"
815,"40,500,74"
816,"3,21,53"
817,"265,349,0"
818,"3,17,320"
819,"169,170,3"
820,"255,280,271"
821,"3,17,320"
822,"170,199,323"
823,"24,43,23"
824,"3,111"
825,"40,145,402"
826,"8,391,0"
827,"11,10,72"
828,"337,169,311"
829,"40,131,478"
830,"10,64,11"
831,"271,0,360"
832,"145,44,26"
833,"40,131,241"
834,"3,53,21"
835,"317,40,23"
836,"426,169,508"
837,"40,184,243"
838,"3,4,5"
839,"3,5,228"
840,"402,40,145"
841,"3,111,40"
842,"3,5,331"
843,"26,89,23"
844,"23,49,24"
845,"23,40,38"
846,"169,199,170"
847,"40,130,128"
848,"0,313,346"
849,"96,31,23"
850,"169,343,199"
851,"24,145,23"
852,"32,31,23"
853,"71,38,24"
854,"169,3,111"
855,"40,146,145"
856,"24,49,23"
857,"10,64,93"
858,"3,147,28"
859,"169,459,170"
860,"0,308,23"
861,"40,181,24"
862,"40,13,10"
863,"255,271,280"
864,"3,13,14"
865,"40,186,128"
866,"3,21,108"
867,"199,171,170"
868,"3,13,21"
869,"145,181,40"
870,"40,21,265"
871,"23,38"
872,"3,23"
873,"169,199,343"
874,"0,214,213"
875,"145,44,40"
876,"3,13,204"
877,"40,131,406"
878,"171,199,170"
879,"38,23"
880,"3,301"
881,"0,206,8"
882,"145,402,40"
883,"40,131,241"
884,"145,44,45"
885,"42,41,40"
886,"169,260,170"
887,"145,61,44"
888,"3,53,325"
889,"259,426,311"
890,"145,40,402"
891,"275,3,111"
892,"23,74"
893,"145,10,44"
894,"44,145,346"
895,"3,53,523"
896,"40,131,406"
897,"3,21,53"
898,"41,40,42"
899,"271,0,216"
900,"0,271"
901,"3,21,41"
902,"25,24,23"
903,"40,131,406"
904,"10,64,93"
905,"8,308,38"
906,"0,8,23"
907,"0,8,235"
908,"3,13,14"
909,"40,162"
910,"220,10,221"
911,"11,10,145"
912,"68,53,10"
913,"145,44,45"
914,"10,64,80"
915,"220,10"
916,"3,4,435"
917,"0,271,218"
918,"3,435,4"
919,"0,265,3"
920,"3,147,156"
921,"234,60,21"
922,"28,113,3"
923,"10,93,64"
924,"40,145,146"
925,"23,38"
926,"234,60,21"
927,"128,40,130"
928,"3,53,21"
929,"3,21,111"
930,"89,26,23"
931,"229,220,3"
932,"0,38,265"
933,"23,40,74"
934,"199,323,170"
935,"508,426,169"
936,"3,21,147"
937,"3,523,53"
938,"3,53,523"
939,"296,169,306"
940,"3,4"
941,"346,313,26"
942,"3,120,53"
943,"426,311,259"
944,"3,4,19"
945,"169,199,170"
946,"0,8,206"
947,"3,21,301"
948,"23,74,118"
949,"241,131,40"
950,"271,0,456"
951,"60,239,10"
952,"40,170,171"
953,"131,10,23"
954,"24,49,23"
955,"10,60,11"
956,"402,145,40"
957,"24,49,23"
958,"234,60,21"
959,"170,199,323"
960,"169,199,170"
961,"3,311,199"
962,"40,59,24"
963,"40,250,135"
964,"24,23,43"
965,"128,130,40"
966,"64,10,448"
967,"169,337,311"
968,"3,188,4"
969,"0,40,38"
970,"40,135,138"
971,"40,135,160"
972,"118,74,23"
973,"216,370,0"
974,"220,10"
975,"0,271,291"
976,"0,8,206"
977,"40,3,135"
978,"3,21,187"
979,"317,160,201"
980,"265,49,24"
981,"0,8,235"
982,"3,17,320"
983,"3,21,325"
984,"40,131,134"
985,"40,160,151"
986,"23,105"
987,"134,131,40"
988,"10,64,93"
989,"3,21,301"
990,"3,187,21"
991,"24,25,23"
992,"251,23,337"
993,"3,182,21"
994,"24,43,23"
995,"3,169,21"
996,"311,426,259"
997,"40,131,406"
998,"40,41,201"
999,"23,118,74"
1000,"0,265,340"
1001,"3,435,4"
1002,"0,216,257"
1003,"131,241,193"
1004,"3,502,53"
1005,"311,426,199"
1006,"3,21"
1007,"145,44,23"
1008,"311,426,296"
1009,"10,11"
1010,"23,231,26"
1011,"3,21,287"
1012,"3,0,21"
1013,"10,64,145"
1014,"3,21,301"
1015,"265,0,418"
1016,"23,38,24"
1017,"87,38,145"
1018,"21,3"
1019,"3,435,4"
1020,"0,271,255"
1021,"220,10,25"
1022,"0,8,235"
1023,"26,23,89"
1024,"3,4,70"
1025,"40,162,163"
1026,"0,291,271"
1027,"23,26,89"
1028,"3,21"
1029,"24,43,23"
1030,"10,60,31"
1031,"40,24,43"
1032,"128,186,40"
1033,"3,21,53"
1034,"3,53,311"
1035,"287,53,3"
1036,"3,15,16"
1037,"3,111,53"
1038,"21,3,17"
1039,"24,43,23"
1040,"31,10,3"
1041,"145,44,40"
1042,"265,0,418"
1043,"0,271,291"
1044,"10,64,90"
1045,"71,38,24"
1046,"21,3,301"
1047,"169,508,426"
1048,"220,10"
1049,"0,216,291"
1050,"10,64,93"
1051,"3,21"
1052,"220,10,24"
1053,"10,93,199"
1054,"40,406,131"
1055,"38,137,145"
1056,"220,10"
1057,"3,53,275"
1058,"3,523,301"
1059,"40,139"
1060,"24,43,23"
1061,"21,3,301"
1062,"111,3,40"
1063,"211,0,212"
1064,"3,21,128"
1065,"40,151,152"
1066,"145,44,45"
1067,"89,296,26"
1068,"224,41,3"
1069,"3,111"
1070,"3,22,21"
1071,"265,0,418"
1072,"10,60,239"
1073,"8,206,0"
1074,"3,182,21"
1075,"3,21,301"
1076,"23,308,8"
1077,"3,156,147"
1078,"40,151,152"
1079,"40,41,224"
1080,"3,13,506"
1081,"3,13"
1082,"291,23,89"
1083,"175,38,128"
1084,"3,40,17"
1085,"402,40,145"
1086,"0,216,296"
1087,"10,199,60"
1088,"3,53,265"
1089,"40,128,38"
1090,"3,331,4"
1091,"40,139,41"
1092,"23,74,303"
1093,"3,42,21"
1094,"251,296,337"
1095,"0,313,346"
1096,"3,17,56"
1097,"3,523,53"
1098,"40,135,41"
1099,"40,145,146"
1100,"0,271,291"
1101,"255,271,280"
1102,"3,53"
1103,"24,43,23"
1104,"3,21,187"
1105,"3,23"
1106,"8,308,0"
1107,"171,170,199"
1108,"337,145,251"
1109,"169,281,199"
1110,"10,239,60"
1111,"0,8,206"
1112,"24,49,23"
1113,"3,51,52"
1114,"199,170,171"
1115,"40,160,334"
1116,"60,23,61"
1117,"0,8,216"
1118,"128,40,195"
1119,"40,283,74"
1120,"10,93,64"
1121,"3,17,51"
1122,"426,311,128"
1123,"131,40,241"
1124,"3,21"
1125,"199,169,343"
1126,"3,5,133"
1127,"10,64,448"
1128,"23,26,8"
1129,"0,366,271"
1130,"24,0,8"
1131,"11,10,23"
1132,"0,271,291"
1133,"64,10,80"
1134,"205,11,23"
1135,"211,212,216"
1136,"3,21"
1137,"311,426,337"
1138,"220,10"
1139,"291,0,271"
1140,"169,426,311"
1141,"3,21,301"
1142,"220,10"
1143,"251,296,337"
1144,"11,44,10"
1145,"23,145"
1146,"3,301,21"
1147,"0,26,24"
1148,"23,26,231"
1149,"3,301,21"
1150,"3,147,148"
1151,"3,21,40"
1152,"145,402,45"
1153,"40,25,145"
1154,"40,145,402"
1155,"10,60,93"
1156,"145,402,40"
1157,"255,0,218"
1158,"23,103,0"
1159,"3,523,53"
1160,"199,171,170"
1161,"3,187,21"
1162,"231,26,23"
1163,"23,74"
1164,"265,0,340"
1165,"23,74,303"
1166,"3,21"
1167,"3,169,170"
1168,"0,271,291"
1169,"145,71,24"
1170,"0,354"
1171,"23,74,118"
1172,"4,3,70"
1173,"23,0,271"
1174,"0,265,418"
1175,"169,3,53"
1176,"24,23,43"
1177,"0,271,291"
1178,"10,64"
1179,"40,160,315"
1180,"199,170,21"
1181,"0,1,2"
1182,"0,265"
1183,"38,23,39"
1184,"23,26,350"
1185,"32,23,31"
1186,"220,10,221"
1187,"3,15,16"
1188,"290,31,23"
1189,"199,170,171"
1190,"23,32,31"
1191,"374,135,40"
1192,"181,40,170"
1193,"40,186,128"
1194,"265,0,349"
1195,"169,281,199"
1196,"3,4,435"
1197,"40,152,151"
1198,"0,265,291"
1199,"60,10,239"
1200,"11,205,10"
1201,"23,32,31"
1202,"3,164,21"
1203,"23,38,107"
1204,"10,145,23"
1205,"71,38,24"
1206,"0,8,235"
1207,"265,0,349"
1208,"220,10"
1209,"24,43,23"
1210,"0,128,287"
1211,"169,62,426"
1212,"10,64,80"
1213,"426,260,170"
1214,"26,350,23"
1215,"220,10,221"
1216,"74,135,23"
1217,"3,523,53"
1218,"111,3,123"
1219,"10,64,80"
1220,"259,426,311"
1221,"10,220"
1222,"3,21"
1223,"3,111,282"
1224,"131,40,241"
1225,"44,69,11"
1226,"38,309,128"
1227,"40,128,160"
1228,"40,131"
1229,"199,323,170"
1230,"40,175,128"
1231,"3,13,53"
1232,"0,8,271"
1233,"0,308,8"
1234,"145,40,402"
1235,"317,74,23"
1236,"220,10"
1237,"0,418,23"
1238,"40,402,145"
1239,"13,3,204"
1240,"0,8,327"
1241,"3,21"
1242,"145,44,402"
1243,"40,128,186"
1244,"44,145,69"
1245,"0,265,255"
1246,"431,135,40"
1247,"40,23,175"
1248,"64,10,65"
1249,"337,251,296"
1250,"265,0,418"
1251,"10,64,80"
1252,"3,21,301"
1253,"131,24,23"
1254,"41,224,40"
1255,"231,145,23"
1256,"3,4,435"
1257,"0,265,271"
1258,"199,170,169"
1259,"0,265,349"
1260,"3,21"
1261,"296,300,169"
1262,"64,93,10"
1263,"53,287,3"
1264,"23,24,145"
1265,"3,40,204"
1266,"3,17,320"
1267,"38,40,39"
1268,"231,23,0"
1269,"3,21"
1270,"21,3,127"
1271,"71,38,24"
1272,"3,21,48"
1273,"131,23,31"
1274,"169,170,459"
1275,"23,24,8"
1276,"17,3,320"
1277,"3,147,52"
1278,"40,135,386"
1279,"3,16,15"
1280,"10,40"
1281,"3,169,296"
1282,"10,40,145"
1283,"523,3,53"
1284,"3,169,311"
1285,"3,21,147"
1286,"0,271"
1287,"23,350,26"
1288,"128,40,130"
1289,"229,0,10"
1290,"220,10"
1291,"199,170,323"
1292,"31,32,23"
1293,"231,23,26"
1294,"3,176,4"
1295,"3,182,21"
1296,"3,5"
1297,"3,21,301"
1298,"3,147,148"
1299,"10,64,93"
1300,"23,89,26"
1301,"23,63,38"
1302,"3,21"
1303,"3,93"
1304,"3,4,435"
1305,"3,523,53"
1306,"3,182,21"
1307,"311,259,426"
1308,"169,339,337"
1309,"3,4,176"
1310,"3,147,53"
1311,"24,71,38"
1312,"0,265,11"
1313,"145,44,40"
1314,"8,308,23"
1315,"281,199,169"
1316,"3,430,53"
1317,"349,265,0"
1318,"311,0,426"
1319,"3,111,21"
1320,"64,93,10"
1321,"220,10,25"
1322,"3,147,148"
1323,"74,23,165"
1324,"23,350,26"
1325,"3,21"
1326,"23,231,26"
1327,"220,10"
1328,"3,53,523"
1329,"3,21,13"
1330,"64,10,80"
1331,"3,265,4"
1332,"3,169,53"
1333,"40,241,131"
1334,"0,313,346"
1335,"3,21,111"
1336,"3,13,204"
1337,"220,10"
1338,"127,40,3"
1339,"3,147,156"
1340,"21,3,187"
1341,"40,145,146"
1342,"169,426,296"
1343,"135,138,199"
1344,"24,25,10"
1345,"40,129,128"
1346,"313,0,346"
1347,"3,147,148"
1348,"135,138,40"
1349,"170,199,323"
1350,"23,24,49"
1351,"0,313,271"
1352,"3,188,4"
1353,"0,313,346"
1354,"287,53,3"
1355,"0,271,456"
1356,"3,120,40"
1357,"3,301,21"
1358,"23,74,118"
1359,"11,10,12"
1360,"3,35,36"
1361,"40,128"
1362,"3,81,30"
1363,"337,251,296"
1364,"3,21,199"
1365,"24,49,23"
1366,"308,0,23"
1367,"3,28"
1368,"3,21,53"
1369,"40,241,23"
1370,"0,271"
1371,"40,186,128"
1372,"145,44,45"
1373,"145,40,402"
1374,"145,24"
1375,"145,44,45"
1376,"3,111,15"
1377,"170,199,323"
1378,"64,10,80"
1379,"23,38"
1380,"145,40,402"
1381,"0,8,206"
1382,"3,53,523"
1383,"3,41,21"
1384,"21,3,301"
1385,"40,315,160"
1386,"170,199,323"
1387,"89,26,0"
1388,"11,44,205"
1389,"3,21,5"
1390,"3,17,320"
1391,"0,354,216"
1392,"3,21,164"
1393,"40,131,241"
1394,"3,164,21"
1395,"135,40,138"
1396,"145,44,45"
1397,"0,271,265"
1398,"23,38"
1399,"337,251,296"
1400,"40,128,186"
1401,"38,87,454"
1402,"3,331,5"
1403,"3,21,53"
1404,"145,45,44"
1405,"199,323,170"
1406,"3,17,320"
1407,"3,111"
1408,"3,364,28"
1409,"10,23,44"
1410,"239,60,23"
1411,"0,23,26"
1412,"426,187,40"
1413,"145,54,40"
1414,"10,221,220"
1415,"3,21,17"
1416,"3,53,523"
1417,"3,301,13"
1418,"3,5,21"
1419,"0,327,8"
1420,"3,21,41"
1421,"23,38,345"
1422,"40,160,315"
1423,"23,38,308"
1424,"23,38"
1425,"3,21,48"
1426,"21,311,265"
1427,"23,308,0"
1428,"44,145,72"
1429,"3,53,523"
1430,"145,40,402"
1431,"3,21,53"
1432,"38,24,71"
1433,"10,64,93"
1434,"145,402,40"
1435,"64,10,448"
1436,"296,23,169"
1437,"311,426,337"
1438,"23,24,49"
1439,"287,3,53"
1440,"3,21"
1441,"3,21,301"
1442,"0,169"
1443,"64,10,216"
1444,"145,44,10"
1445,"60,10,239"
1446,"23,74,118"
1447,"24,49,23"
1448,"145,40,402"
1449,"3,21,127"
1450,"0,8,327"
1451,"111,3,125"
1452,"60,234"
1453,"3,21,127"
1454,"10,64,80"
1455,"40,160"
1456,"3,21,182"
1457,"224,41,40"
1458,"3,187,21"
1459,"426,311,259"
1460,"24,43,23"
1461,"40,111,3"
1462,"11,145,44"
1463,"145,402,40"
1464,"24,23,43"
1465,"128,129,40"
1466,"0,271,291"
1467,"323,199,170"
1468,"0,8,206"
1469,"23,118,74"
1470,"427,426,169"
1471,"43,23,24"
1472,"0,265"
1473,"5,3,331"
1474,"4,3,435"
1475,"64,10,80"
1476,"493,145,220"
1477,"3,4,435"
1478,"0,271,255"
1479,"186,40,128"
1480,"118,74,23"
1481,"145,40"
1482,"3,147,148"
1483,"0,271,265"
1484,"49,23,24"
1485,"3,16,15"
1486,"3,53,523"
1487,"23,62,40"
1488,"3,21,187"
1489,"40,131"
1490,"3,169,53"
1491,"10,60,239"
1492,"23,24,43"
1493,"0,271,291"
1494,"3,148,111"
1495,"38,40,309"
1496,"23,60,92"
1497,"40,131,129"
1498,"87,38,145"
1499,"40,131,406"
1500,"23,39,145"
1501,"3,301,21"
1502,"169,337,311"
1503,"220,10,25"
1504,"38,23"
1505,"3,147,21"
1506,"169,199,426"
1507,"23,26,0"
1508,"21,3,40"
1509,"0,400,255"
1510,"3,34,21"
1511,"170,199,40"
1512,"40,135,138"
1513,"0,206,8"
1514,"431,311,40"
1515,"3,147,21"
1516,"337,339,169"
1517,"128,40,195"
1518,"23,197,24"
1519,"3,28,301"
1520,"118,74,23"
1521,"43,24,23"
1522,"3,21"
1523,"23,24,49"
1524,"10,64"
1525,"11,69,44"
1526,"24,49,23"
1527,"10,64"
1528,"0,212,211"
1529,"38,23,197"
1530,"169,170,199"
1531,"10,220"
1532,"10,24,43"
1533,"24,23,43"
1534,"44,72,145"
1535,"24,23,25"
1536,"216,380,271"
1537,"417,311,426"
1538,"0,128,340"
1539,"3,15,16"
1540,"23,38,91"
1541,"3,311,169"
1542,"3,21,147"
1543,"40,135,138"
1544,"60,10,24"
1545,"128,129,40"
1546,"139,40"
1547,"234,60,21"
1548,"145,402,40"
1549,"10,64"
1550,"0,216,271"
1551,"3,4,435"
1552,"74,118,23"
1553,"3,4,435"
1554,"3,15,16"
1555,"3,15,10"
1556,"271,0,291"
1557,"3,53,523"
1558,"25,24,23"
1559,"10,181,170"
1560,"169,296"
1561,"10,64,40"
1562,"3,523,111"
1563,"63,40,23"
1564,"21,115,3"
1565,"135,138,40"
1566,"145,44,24"
1567,"0,457,218"
1568,"24,71,38"
1569,"8,0,206"
1570,"10,64"
1571,"44,145,73"
1572,"3,17,40"
1573,"169,296,306"
1574,"10,54,145"
1575,"25,10,220"
1576,"23,137,38"
1577,"3,147,148"
1578,"128,129,40"
1579,"0,291,271"
1580,"3,30,104"
1581,"3,53,401"
1582,"10,93,64"
1583,"169,311,170"
1584,"21,3,301"
1585,"135,169,40"
1586,"296,251,80"
1587,"3,21,301"
1588,"199,170,323"
1589,"74,23,317"
1590,"40,128,186"
1591,"145,45,44"
1592,"296,251,337"
1593,"170,199,171"
1594,"24,23,10"
1595,"199,170,171"
1596,"195,128,10"
1597,"3,147"
1598,"3,5,133"
1599,"145,44"
1600,"24,23,40"
1601,"40,128,186"
1602,"23,145,64"
1603,"10,11,205"
1604,"111,0,40"
1605,"3,147,28"
1606,"40,41,128"
1607,"296,169,23"
1608,"40,184,169"
1609,"3,16,15"
1610,"23,24,49"
1611,"40,128,184"
1612,"23,137,38"
1613,"3,21,51"
1614,"281,199,169"
1615,"3,21,301"
1616,"0,271,291"
1617,"23,308,38"
1618,"3,21"
1619,"220,10"
1620,"169,3,311"
1621,"259,426,311"
1622,"431,135"
1623,"296,169,337"
1624,"0,271,291"
1625,"23,24,26"
1626,"24,418,23"
1627,"23,74,118"
1628,"40,286,160"
1629,"40,131,134"
1630,"23,145,181"
1631,"40,402,131"
1632,"0,23"
1633,"3,21,111"
1634,"10,145,44"
1635,"0,216"
1636,"23,137,3"
1637,"0,271,265"
1638,"3,4,435"
1639,"131,40,193"
1640,"169,199,281"
1641,"3,21,182"
1642,"3,15,16"
1643,"10,60,11"
1644,"181,145,170"
1645,"0,271,456"
1646,"10,23,93"
1647,"40,10,311"
1648,"23,60,31"
1649,"118,23,526"
1650,"64,93,10"
1651,"265,0,340"
1652,"3,5"
1653,"0,216,380"
1654,"3,21,301"
1655,"3,147,156"
1656,"23,49,24"
1657,"260,169,170"
1658,"3,148,147"
1659,"145,44,45"
1660,"31,96,23"
1661,"5,3,169"
1662,"128,130,40"
1663,"40,134,131"
1664,"3,4,435"
1665,"145,40,44"
1666,"40,139"
1667,"72,44,145"
1668,"3,113,28"
1669,"40,131,134"
1670,"265,0,418"
1671,"44,145,45"
1672,"169,3,287"
1673,"287,53,3"
1674,"53,128,287"
1675,"43,24,23"
1676,"0,271,291"
1677,"251,448,337"
1678,"346,313,0"
1679,"3,111,119"
1680,"24,23,43"
1681,"0,255"
1682,"0,8,206"
1683,"3,53,21"
1684,"3,21"
1685,"0,277"
1686,"3,21,182"
1687,"40,315,3"
1688,"3,21,187"
1689,"40,131,134"
1690,"367,100,40"
1691,"21,3,187"
1692,"337,251,296"
1693,"3,147,148"
1694,"0,216"
1695,"74,317,23"
1696,"24,23,10"
1697,"128,40,129"
1698,"3,53,523"
1699,"21,3,40"
1700,"10,12,11"
1701,"3,85,10"
1702,"3,21,182"
1703,"0,265"
1704,"234,60,10"
1705,"3,53,523"
1706,"3,147,120"
1707,"0,271,291"
1708,"169,23,199"
1709,"40,151,184"
1710,"61,10,60"
1711,"0,8,235"
1712,"402,40,145"
1713,"0,169,337"
1714,"3,523,53"
1715,"199,171,170"
1716,"16,15,3"
1717,"455,271,195"
1718,"296,169,311"
1719,"0,23"
1720,"40,131,406"
1721,"24,43,23"
1722,"145,11,10"
1723,"145,40,44"
1724,"40,162"
1725,"10,220"
1726,"23,231,26"
1727,"74,23,38"
1728,"23,69,145"
1729,"0,218,31"
1730,"3,21"
1731,"199,170,323"
1732,"170,459,199"
1733,"64,10,93"
1734,"21,3,127"
1735,"0,271,265"
1736,"145,44,402"
1737,"17,3,320"
1738,"24,23,10"
1739,"3,17,320"
1740,"3,21"
1741,"3,21"
1742,"0,257,216"
1743,"0,426,311"
1744,"3,48,23"
1745,"3,21,127"
1746,"3,426,311"
1747,"3,52,51"
1748,"89,26,23"
1749,"64,10,80"
1750,"10,64"
1751,"290,31,23"
1752,"23,26,0"
1753,"271,0,291"
1754,"181,170,323"
1755,"431,135,40"
1756,"40,128"
1757,"23,24,38"
1758,"313,346,0"
1759,"23,74,118"
1760,"309,38,23"
1761,"3,53,301"
1762,"145,44,45"
1763,"169,170,260"
1764,"220,10"
1765,"3,21,40"
1766,"135,40,138"
1767,"0,271,291"
1768,"3,21"
1769,"3,21"
1770,"3,17,21"
1771,"8,0"
1772,"3,21,182"
1773,"128,21,408"
1774,"11,10,12"
1775,"40,199,169"
1776,"10,64,448"
1777,"3,111,5"
1778,"21,3,41"
1779,"3,21,301"
1780,"199,169,436"
1781,"0,426,311"
1782,"271,255,231"
1783,"40,38,23"
1784,"129,128,328"
1785,"184,170,199"
1786,"23,0,265"
1787,"40,145,24"
1788,"40,160,315"
1789,"169,281,199"
1790,"307,40,23"
1791,"10,220,24"
1792,"23,24,71"
1793,"10,145,44"
1794,"40,386,135"
1795,"0,254,426"
1796,"23,38,26"
1797,"10,220,24"
1798,"23,38,40"
1799,"3,21,48"
1800,"96,31,23"
1801,"271,0,291"
1802,"3,21,187"
1803,"24,23,265"
1804,"24,71,23"
1805,"0,235,8"
1806,"3,281,199"
1807,"24,49,23"
1808,"40,128,3"
1809,"23,31,8"
1810,"31,23,420"
1811,"3,28,113"
1812,"3,5,6"
1813,"10,220"
1814,"169,311,426"
1815,"25,24,23"
1816,"41,224,40"
1817,"3,21,40"
1818,"181,10,23"
1819,"53,287,3"
1820,"145,44,45"
1821,"118,74,23"
1822,"3,21,287"
1823,"26,23,350"
1824,"3,21,40"
1825,"0,23,38"
1826,"145,40,54"
1827,"10,145"
1828,"3,21"
1829,"171,199,170"
1830,"508,426,169"
1831,"0,271,216"
1832,"0,271,366"
1833,"3,474,435"
1834,"169,337,0"
1835,"0,346,313"
1836,"96,31,60"
1837,"145,40,44"
1838,"523,53,3"
1839,"0,3,10"
1840,"40,128,162"
1841,"3,21"
1842,"3,53,21"
1843,"21,0,265"
1844,"0,216"
1845,"145,25,40"
1846,"40,151,131"
1847,"23,317,31"
1848,"0,271,8"
1849,"3,15,16"
1850,"16,3,15"
1851,"10,145,44"
1852,"111,3,119"
1853,"13,3,204"
1854,"10,64,93"
1855,"8,0,306"
1856,"0,8,206"
1857,"40,128"
1858,"41,201,40"
1859,"0,265,349"
1860,"23,88,74"
1861,"40,135"
1862,"350,26,23"
1863,"64,10,93"
1864,"32,31,23"
1865,"134,40,131"
1866,"0,271,255"
1867,"508,426,169"
1868,"40,24,241"
1869,"0,8,206"
1870,"40,315,160"
1871,"0,265,271"
1872,"31,32,23"
1873,"0,265"
1874,"145,38,24"
1875,"40,131,241"
1876,"128,129,40"
1877,"24,43,23"
1878,"3,21,301"
1879,"0,271,313"
1880,"370,216,0"
1881,"323,199,170"
1882,"10,64,3"
1883,"118,74,23"
1884,"259,311,426"
1885,"3,15,16"
1886,"3,53,21"
1887,"170,323,199"
1888,"10,64,93"
1889,"3,147,156"
1890,"74,118,23"
1891,"16,3,15"
1892,"0,271,291"
1893,"220,24,10"
1894,"309,38,23"
1895,"0,206,8"
1896,"25,23,24"
1897,"64,23,10"
1898,"3,4,375"
1899,"0,346,313"
1900,"40,135,250"
1901,"3,17,320"
1902,"3,53,111"
1903,"3,21,301"
1904,"17,3,320"
1905,"3,523,53"
1906,"0,271,291"
1907,"3,111"
1908,"3,111,53"
1909,"3,4,435"
1910,"25,24,23"
1911,"220,10"
1912,"128,40"
1913,"3,388,111"
1914,"169,199,281"
1915,"0,271,255"
1916,"3,147,148"
1917,"0,271,456"
1918,"0,271"
1919,"259,426,311"
1920,"74,118,23"
1921,"64,10,448"
1922,"23,74,118"
1923,"3,435,4"
1924,"41,40,42"
1925,"3,4"
1926,"3,188,148"
1927,"0,8,308"
1928,"169,40,311"
1929,"3,5,6"
1930,"44,145,72"
1931,"23,38,24"
1932,"271,0,291"
1933,"3,147,120"
1934,"220,10,221"
1935,"118,74,23"
1936,"337,199,0"
1937,"40,41,286"
1938,"3,301,21"
1939,"508,169,426"
1940,"24,23,43"
1941,"0,40,145"
1942,"0,271,456"
1943,"296,300,169"
1944,"145,169,31"
1945,"74,23,128"
1946,"74,23,283"
1947,"74,23,165"
1948,"220,10"
1949,"10,44,13"
1950,"165,74,23"
1951,"54,95,10"
1952,"199,169,40"
1953,"3,4,111"
1954,"220,10"
1955,"3,21,41"
1956,"64,10"
1957,"3,85,293"
1958,"3,147,53"
1959,"0,271,291"
1960,"0,380"
1961,"3,4,28"
1962,"10,220,221"
1963,"93,64,10"
1964,"169,296"
1965,"49,23,24"
1966,"10,60,11"
1967,"23,74,317"
1968,"64,93,10"
1969,"271,0,280"
1970,"38,309,23"
1971,"220,10,23"
1972,"220,10"
1973,"24,23,71"
1974,"220,10"
1975,"0,265,271"
1976,"271,280,255"
1977,"53,3,105"
1978,"0,271,291"
1979,"0,8,206"
1980,"23,24,181"
1981,"3,147,111"
1982,"64,10,80"
1983,"3,275,111"
1984,"0,8,235"
1985,"40,24,181"
1986,"0,216"
1987,"0,355,26"
1988,"40,406,131"
1989,"25,24,23"
1990,"3,5,331"
1991,"23,145,24"
1992,"3,21,147"
1993,"3,13,53"
1994,"21,3,41"
1995,"459,118,74"
1996,"169,508,426"
1997,"426,259,311"
1998,"426,311,259"
1999,"64,23,10"
2000,"0,8,235"
2001,"181,40,145"
2002,"3,21,41"
2003,"145,23,44"
2004,"3,263,34"
2005,"311,426,337"
2006,"23,404,74"
2007,"169,31,296"
2008,"10,90,64"
2009,"60,234,21"
2010,"426,311,259"
2011,"291,271,0"
2012,"10,448,64"
2013,"255,0,271"
2014,"0,265"
2015,"0,8,206"
2016,"199,170,323"
2017,"40,128,186"
2018,"23,107,24"
2019,"220,10"
2020,"337,40,265"
2021,"3,21,127"
2022,"3,301,21"
2023,"523,3,53"
2024,"40,194,199"
2025,"169,199"
2026,"3,301,21"
2027,"26,23,89"
2028,"0,271,279"
2029,"10,11,72"
2030,"40,131,134"
2031,"145,38,23"
2032,"0,291,418"
2033,"24,43,23"
2034,"42,40,41"
2035,"311,426,0"
2036,"23,38"
2037,"5,3,6"
2038,"3,21,187"
2039,"10,221,220"
2040,"311,426,199"
2041,"3,21,187"
2042,"135,138,40"
2043,"265,0,418"
2044,"0,271,216"
2045,"53,3,523"
2046,"145,402,44"
2047,"169,459,296"
2048,"11,205,44"
2049,"111,123,3"
2050,"44,145,45"
2051,"169,199,311"
2052,"281,199,3"
2053,"40,146,145"
2054,"31,32,23"
2055,"64,10,93"
2056,"171,199,170"
2057,"0,271,456"
2058,"3,40,17"
2059,"40,41"
2060,"23,31,32"
2061,"3,21"
2062,"3,17,265"
2063,"145,44,45"
2064,"181,24,170"
2065,"311,426,337"
2066,"169,23,24"
2067,"10,64,145"
2068,"3,4,435"
2069,"23,49,24"
2070,"10,64,80"
2071,"3,21,187"
2072,"3,21,147"
2073,"71,24,38"
2074,"3,523,53"
2075,"74,23,84"
2076,"31,96,40"
2077,"3,147,148"
2078,"170,323,199"
2079,"311,259,426"
2080,"0,265,277"
2081,"40,160,315"
2082,"0,8,26"
2083,"0,38,414"
2084,"169,199,343"
2085,"251,296,337"
2086,"311,259,426"
2087,"40,41,128"
2088,"139,40,170"
2089,"0,265,344"
2090,"350,26,23"
2091,"0,194,271"
2092,"5,3,331"
2093,"0,218,265"
2094,"31,23,32"
2095,"0,8,235"
2096,"0,254,216"
2097,"40,131,241"
2098,"10,60,239"
2099,"10,23,145"
2100,"38,23,145"
2101,"3,21,169"
2102,"3,111,112"
2103,"40,151,431"
2104,"10,64"
2105,"128,40,129"
2106,"145,402,24"
2107,"199,171,170"
2108,"3,147"
2109,"220,10"
2110,"426,311,259"
2111,"40,41,21"
2112,"0,213,214"
2113,"64,10,93"
2114,"128,137,175"
2115,"271,456,0"
2116,"3,156,120"
2117,"0,265,271"
2118,"44,145,73"
2119,"23,145,10"
2120,"145,402,40"
2121,"350,26,0"
2122,"40,131,406"
2123,"23,241,40"
2124,"199,43,40"
2125,"49,24,23"
2126,"10,11,12"
2127,"3,147,156"
2128,"0,8,257"
2129,"169,3,199"
2130,"69,145,44"
2131,"40,175,23"
2132,"64,93,10"
2133,"3,23,30"
2134,"10,93,64"
2135,"41,40,111"
2136,"271,0,291"
2137,"402,24,145"
2138,"40,41,135"
2139,"3,4,435"
2140,"21,3,169"
2141,"40,131,406"
2142,"23,63,38"
2143,"3,28,364"
2144,"23,24,49"
2145,"181,145,40"
2146,"169,296,53"
2147,"0,271,291"
2148,"10,220"
2149,"418,24,265"
2150,"0,8,446"
2151,"93,64,10"
2152,"3,21,53"
2153,"40,131,402"
2154,"0,8,391"
2155,"3,21,301"
2156,"23,62,24"
2157,"181,10,93"
2158,"367,100,40"
2159,"40,145,402"
2160,"87,38,0"
2161,"3,113,28"
2162,"220,10"
2163,"3,111,119"
2164,"23,74,84"
2165,"199,170,171"
2166,"220,25,24"
2167,"74,243,317"
2168,"40,131"
2169,"199,323,170"
2170,"0,8,456"
2171,"40,315,160"
2172,"3,21,168"
2173,"40,243,184"
2174,"3,13,14"
2175,"0,271,291"
2176,"3,38,23"
2177,"23,26,3"
2178,"71,24,38"
2179,"3,17"
2180,"43,24,23"
2181,"40,131,241"
2182,"0,23,291"
2183,"0,271,8"
2184,"0,8"
2185,"3,156,147"
2186,"3,21,127"
2187,"40,160"
2188,"24,23,43"
2189,"3,169,287"
2190,"3,21,187"
2191,"145,40"
2192,"44,145,45"
2193,"3,17,320"
2194,"311,3,426"
2195,"0,311,291"
2196,"0,271,265"
2197,"40,131,241"
2198,"220,10,25"
2199,"169,337,281"
2200,"3,40,139"
2201,"271,0"
2202,"10,64"
2203,"199,170,171"
2204,"23,49,24"
2205,"281,199,169"
2206,"3,53,523"
2207,"0,291,271"
2208,"0,313,346"
2209,"40,169,311"
2210,"23,118,74"
2211,"0,271,216"
2212,"3,147,156"
2213,"3,111,13"
2214,"23,38,131"
2215,"40,195,128"
2216,"3,53,182"
2217,"40,131,406"
2218,"220,10"
2219,"0,265,220"
2220,"24,25,10"
2221,"40,131,406"
2222,"96,23,31"
2223,"145,0"
2224,"71,38,24"
2225,"3,4,13"
2226,"3,21"
2227,"23,24,25"
2228,"0,206,8"
2229,"311,0,337"
2230,"93,10"
2231,"220,10"
2232,"71,38,24"
2233,"145,44,45"
2234,"10,11,145"
2235,"145,402,40"
2236,"220,10,25"
2237,"0,8,391"
2238,"220,10"
2239,"0,265,349"
2240,"3,5,331"
2241,"49,23,24"
2242,"3,435,5"
2243,"3,30,66"
2244,"64,80,10"
2245,"402,40,145"
2246,"500,417,40"
2247,"220,10"
2248,"23,24,43"
2249,"145,402,40"
2250,"40,128,130"
2251,"3,17"
2252,"3,147,156"
2253,"220,10,221"
2254,"3,21,53"
2255,"69,44,145"
2256,"17,320,3"
2257,"0,235,8"
2258,"0,255,271"
2259,"220,10"
2260,"38,10,137"
2261,"23,169,118"
2262,"11,10"
2263,"138,135,40"
2264,"372,255,0"
2265,"139,40"
2266,"170,169,259"
2267,"11,10,44"
2268,"212,216,211"
2269,"10,64,93"
2270,"3,21,53"
2271,"169,337,296"
2272,"40,169,170"
2273,"3,4,435"
2274,"3,15,16"
2275,"311,426,337"
2276,"145,40,402"
2277,"169,312,170"
2278,"3,21,301"
2279,"0,218"
2280,"0,216,218"
2281,"23,24,43"
2282,"169,343,337"
2283,"23,26,89"
2284,"169,296,460"
2285,"0,265,340"
2286,"3,5,133"
2287,"3,147,148"
2288,"3,15,17"
2289,"220,10"
2290,"3,21,40"
2291,"135,138,40"
2292,"3,21,111"
2293,"74,118,23"
2294,"0,271"
2295,"205,11,10"
2296,"220,10"
2297,"3,21,51"
2298,"25,24,23"
2299,"169,459,170"
2300,"0,271,265"
2301,"38,23,3"
2302,"23,74,317"
2303,"236,40,3"
2304,"311,199,426"
2305,"3,53,15"
2306,"0,271,265"
2307,"40,128,186"
2308,"0,346,313"
2309,"17,320,3"
2310,"145,402,40"
2311,"0,8,235"
2312,"3,21,53"
2313,"199,323,170"
2314,"145,10,220"
2315,"23,10,38"
2316,"23,26,89"
2317,"24,49,23"
2318,"40,25,145"
2319,"265,0,349"
2320,"3,53,13"
2321,"426,169,508"
2322,"0,23,291"
2323,"0,216"
2324,"169,199,281"
2325,"0,211,449"
2326,"0,216"
2327,"26,23,38"
2328,"145,40,402"
2329,"40,128,186"
2330,"23,31,32"
2331,"0,216,277"
2332,"169,260,296"
2333,"145,45,44"
2334,"291,0,271"
2335,"26,23,38"
2336,"160,40,302"
2337,"220,10"
2338,"3,4,331"
2339,"3,4"
2340,"23,74,118"
2341,"402,145,40"
2342,"3,523,21"
2343,"23,24,38"
2344,"40,431,135"
2345,"3,28,113"
2346,"74,118,23"
2347,"10,220"
2348,"3,17,52"
2349,"169,199,343"
2350,"10,64"
2351,"234,60,21"
2352,"3,21,301"
2353,"220,10,221"
2354,"0,265"
2355,"145,69,44"
2356,"21,3,187"
2357,"171,170,199"
2358,"259,311,426"
2359,"24,23,25"
2360,"0,265"
2361,"145,40,402"
2362,"169,426,311"
2363,"40,224,41"
2364,"21,3,115"
2365,"129,128,40"
2366,"220,10"
2367,"40,162,135"
2368,"165,74,23"
2369,"44,72,145"
2370,"3,53,523"
2371,"23,26,231"
2372,"3,32,31"
2373,"220,24,23"
2374,"220,10"
2375,"145,402,40"
2376,"3,53,21"
2377,"145,402,40"
2378,"3,15,16"
2379,"145,40,44"
2380,"0,214,213"
2381,"265,0,349"
2382,"21,127,3"
2383,"3,111,112"
2384,"478,40"
2385,"3,28,147"
2386,"40,131,241"
2387,"169,170,199"
2388,"145,44,45"
2389,"170,38,23"
2390,"3,85,111"
2391,"60,10,234"
2392,"170,171,199"
2393,"3,147,156"
2394,"44,11,145"
2395,"194,40,145"
2396,"25,24,23"
2397,"145,45,44"
2398,"171,170,199"
2399,"40,41,224"
2400,"25,24,23"
2401,"49,24,23"
2402,"3,21"
2403,"0,216"
2404,"3,21"
2405,"181,145,24"
2406,"40,3"
2407,"145,44,11"
2408,"24,23,43"
2409,"145,44,45"
2410,"23,24,43"
2411,"40,500,118"
2412,"147,3,148"
2413,"41,224,40"
2414,"44,3,69"
2415,"3,16,15"
2416,"118,23,74"
2417,"10,64,93"
2418,"145,24,71"
2419,"64,10,93"
2420,"3,199,187"
2421,"24,43,23"
2422,"3,16,15"
2423,"3,21,301"
2424,"3,4"
2425,"64,10,80"
2426,"3,182,21"
2427,"0,337,291"
2428,"118,74,23"
2429,"506,0"
2430,"89,0,23"
2431,"129,128,40"
2432,"0,255,271"
2433,"349,265,3"
2434,"3,147,148"
2435,"42,41,3"
2436,"281,199,169"
2437,"23,74,26"
2438,"169,459,170"
2439,"3,147"
2440,"145,44,72"
2441,"0,8,206"
2442,"93,64,10"
2443,"3,30,311"
2444,"40,241,131"
2445,"40,169,170"
2446,"24,23,43"
2447,"231,23,26"
2448,"40,131"
2449,"10,220"
2450,"3,169,311"
2451,"0,8,391"
2452,"40,128,195"
2453,"138,135,40"
2454,"3,21,127"
2455,"0,271,291"
2456,"128,40,129"
2457,"171,199,170"
2458,"169,296,3"
2459,"44,10,69"
2460,"3,199,21"
2461,"145,40,60"
2462,"3,85,86"
2463,"3,53,21"
2464,"10,93,64"
2465,"0,169,339"
2466,"40,402,145"
2467,"0,337,251"
2468,"220,10"
2469,"170,199,96"
2470,"64,10,323"
2471,"220,10"
2472,"40,128,130"
2473,"3,17,320"
2474,"40,128,129"
2475,"169,3,296"
2476,"3,21,127"
2477,"170,323,181"
2478,"3,21,169"
2479,"3,111,267"
2480,"32,31,23"
2481,"259,426,311"
2482,"10,64,60"
2483,"3,53,17"
2484,"24,23,49"
2485,"169,260,170"
2486,"0,216,211"
2487,"0,265"
2488,"169,508,23"
2489,"3,111,21"
2490,"3,21,17"
2491,"0,271,313"
2492,"271,0,255"
2493,"145,45,44"
2494,"211,0,212"
2495,"220,10,145"
2496,"40,128,250"
2497,"23,137,40"
2498,"241,131,40"
2499,"0,296,40"
2500,"170,169,199"
2501,"3,21,301"
2502,"0,291,265"
2503,"3,53,0"
2504,"40,131,406"
2505,"0,8,271"
2506,"40,128,129"
2507,"3,53,21"
2508,"169,508,426"
2509,"44,72,145"
2510,"43,24,23"
2511,"3,21,41"
2512,"0,271,291"
2513,"129,128,40"
2514,"10,64,93"
2515,"3,21"
2516,"145,402,40"
2517,"24,43,23"
2518,"145,40,10"
2519,"134,131,40"
2520,"145,44,45"
2521,"3,523,53"
2522,"3,301,13"
2523,"311,259,426"
2524,"72,61,145"
2525,"370,216,0"
2526,"43,23,24"
2527,"38,39,23"
2528,"145,370,40"
2529,"8,0,206"
2530,"143,221,34"
2531,"23,31,454"
2532,"8,0,206"
2533,"251,296,337"
2534,"313,346,0"
2535,"40,135,141"
2536,"3,21,320"
2537,"181,145,23"
2538,"3,131,40"
2539,"3,111"
2540,"44,10,145"
2541,"21,3"
2542,"271,23,291"
2543,"40,224,41"
2544,"0,271,214"
2545,"40,131,23"
2546,"25,24,0"
2547,"21,3,296"
2548,"0,308,23"
2549,"350,23,26"
2550,"169,170,199"
2551,"10,64"
2552,"138,135,40"
2553,"23,8,169"
2554,"11,10,12"
2555,"3,4,331"
2556,"10,64,80"
2557,"3,28"
2558,"170,199,171"
2559,"40,128"
2560,"10,448,145"
2561,"3,111,34"
2562,"169,337,53"
2563,"0,271,291"
2564,"40,128,186"
2565,"170,323,199"
2566,"40,128,129"
2567,"3,111"
2568,"218,512,265"
2569,"220,10"
2570,"255,280,271"
2571,"3,28,29"
2572,"10,23,239"
2573,"38,23,91"
2574,"105,495,40"
2575,"25,23,24"
2576,"3,523,53"
2577,"24,49,23"
2578,"3,21,164"
2579,"10,3,239"
2580,"169,454,23"
2581,"220,10"
2582,"0,265"
2583,"40,186,128"
2584,"3,113,28"
2585,"296,169,300"
2586,"24,25,40"
2587,"3,21,111"
2588,"53,523,3"
2589,"10,220,25"
2590,"3,15,53"
2591,"0,271"
2592,"40,21,3"
2593,"10,11,220"
2594,"331,3,5"
2595,"0,291,311"
2596,"23,296,169"
2597,"40,131,31"
2598,"40,186,128"
2599,"0,206,40"
2600,"160,23,317"
2601,"279,249,0"
2602,"40,131,160"
2603,"40,131,241"
2604,"3,17,21"
2605,"26,0,23"
2606,"0,271,291"
2607,"74,84,23"
2608,"26,23,350"
2609,"138,135,40"
2610,"43,24,23"
2611,"0,271,456"
2612,"24,49,23"
2613,"145,40,44"
2614,"23,74,38"
2615,"40,41,286"
2616,"24,43,23"
2617,"10,64,90"
2618,"0,271,291"
2619,"169,199,170"
2620,"309,38,250"
2621,"0,271,456"
2622,"181,40,170"
2623,"3,15,16"
2624,"3,523,53"
2625,"0,265"
2626,"40,131,241"
2627,"21,3,301"
2628,"38,145,137"
2629,"0,457,271"
2630,"23,40,24"
2631,"128,40,130"
2632,"3,21"
2633,"181,24,23"
2634,"3,164,21"
2635,"199,323,170"
2636,"40,145,402"
2637,"3,53,21"
2638,"3,105,40"
2639,"3,147,156"
2640,"24,23,43"
2641,"40,406,131"
2642,"40,146,145"
2643,"169,343,199"
2644,"243,184,111"
2645,"3,30,53"
2646,"311,426,337"
2647,"3,21,111"
2648,"0,271,291"
2649,"265,0,349"
2650,"317,74,23"
2651,"3,111"
2652,"10,64,80"
2653,"17,3,320"
2654,"131,40"
2655,"10,64,93"
2656,"131,40,241"
2657,"74,165,23"
2658,"64,10,80"
2659,"220,10"
2660,"4,3,19"
2661,"3,21,187"
2662,"3,28,29"
2663,"23,24,43"
2664,"311,426,259"
2665,"23,350,26"
2666,"3,21,30"
2667,"3,147,156"
2668,"275,3,111"
2669,"43,24,23"
2670,"31,23,145"
2671,"10,11,489"
2672,"5,3,6"
2673,"23,454,426"
2674,"145,45,44"
2675,"3,111,17"
2676,"40,131,406"
2677,"3,17,127"
2678,"3,21"
2679,"3,13,14"
2680,"265,0,340"
2681,"271,311,199"
2682,"350,26,23"
2683,"3,28,53"
2684,"0,277,458"
2685,"10,64"
2686,"3,435,4"
2687,"170,199,323"
2688,"3,17,21"
2689,"111,40,41"
2690,"40,128,3"
2691,"169,199,426"
2692,"131,40,241"
2693,"23,40,74"
2694,"3,187,21"
2695,"494,184,40"
2696,"118,23,74"
2697,"64,10,448"
2698,"23,374,199"
2699,"40,241,131"
2700,"40,224,41"
2701,"3,301"
2702,"220,10"
2703,"3,51,52"
2704,"40,224,41"
2705,"311,426,259"
2706,"145,40,44"
2707,"0,311,426"
2708,"0,10,8"
2709,"199,170,169"
2710,"3,21,111"
2711,"309,38,23"
2712,"271,291,0"
2713,"10,64,80"
2714,"3,13,53"
2715,"169,311,337"
2716,"0,8,235"
2717,"3,427,182"
2718,"296,169,0"
2719,"311,259,426"
2720,"40,145,402"
2721,"23,218,446"
2722,"271,0,360"
2723,"311,337,199"
2724,"24,49,23"
2725,"271,456,0"
2726,"3,21,301"
2727,"24,181,145"
2728,"220,24,10"
2729,"0,251,218"
2730,"40,131,241"
2731,"3,21,28"
2732,"23,74,118"
2733,"40,145,146"
2734,"10,64,93"
2735,"145,44,40"
2736,"11,145,44"
2737,"3,203,15"
2738,"169,311,199"
2739,"10,220,221"
2740,"40,199,152"
2741,"145,40"
2742,"135,40,74"
2743,"23,74,118"
2744,"3,147,148"
2745,"24,23,49"
2746,"10,90,64"
2747,"40,3,160"
2748,"40,131,241"
2749,"31,32,23"
2750,"23,24,62"
2751,"250,40,135"
2752,"3,111,119"
2753,"3,53"
2754,"24,43,181"
2755,"64,10,80"
2756,"0,271,255"
2757,"23,74,118"
2758,"220,10"
2759,"10,220"
2760,"164,3,21"
2761,"0,8,206"
2762,"74,23,118"
2763,"220,10"
2764,"3,21,164"
2765,"0,291,349"
2766,"40,128"
2767,"28,10,330"
2768,"160,40,315"
2769,"40,160"
2770,"259,311,426"
2771,"60,234"
2772,"40,131,134"
2773,"24,23,239"
2774,"3,275,147"
2775,"10,11,24"
2776,"40,175,128"
2777,"3,4,13"
2778,"0,2,1"
2779,"0,23,24"
2780,"3,21,199"
2781,"0,8,235"
2782,"0,214,213"
2783,"145,45,44"
2784,"3,17,320"
2785,"10,220"
2786,"23,24,49"
2787,"118,74,23"
2788,"426,311,337"
2789,"23,175,74"
2790,"241,131,40"
2791,"40,131,406"
2792,"3,169,111"
2793,"259,311,426"
2794,"3,147,203"
2795,"40,41"
2796,"40,128,131"
2797,"0,271,291"
2798,"3,21"
2799,"0,128,129"
2800,"40,128,0"
2801,"169,199,281"
2802,"64,10,80"
2803,"241,131,40"
2804,"26,23,0"
2805,"23,49,24"
2806,"40,128,186"
2807,"21,3,115"
2808,"145,402,40"
2809,"64,10,80"
2810,"0,206,8"
2811,"3,4,0"
2812,"0,271"
2813,"64,93,10"
2814,"309,3,38"
2815,"3,28,113"
2816,"296,251,170"
2817,"23,3,105"
2818,"17,320,3"
2819,"199,169,170"
2820,"3,13,204"
2821,"3,111"
2822,"23,31,32"
2823,"169,296,337"
2824,"199,311,426"
2825,"10,60,64"
2826,"3,53,169"
2827,"0,21,128"
2828,"71,24,38"
2829,"0,257,446"
2830,"3,111,123"
2831,"128,40,130"
2832,"89,26,23"
2833,"129,40,128"
2834,"337,251,199"
2835,"3,21,301"
2836,"74,23,118"
2837,"145,44,45"
2838,"169,170,260"
2839,"171,199,170"
2840,"187,3,21"
2841,"40,131,134"
2842,"44,145,45"
2843,"311,3,169"
2844,"3,111,4"
2845,"3,51,52"
2846,"93,10,64"
2847,"3,10"
2848,"0,277,458"
2849,"220,10"
2850,"296,169"
2851,"17,320,3"
2852,"23,74,303"
2853,"40,135,138"
2854,"74,40,23"
2855,"3,51,21"
2856,"169,339,337"
2857,"53,23,523"
2858,"0,3,53"
2859,"40,131,241"
2860,"169,3,13"
2861,"23,26,89"
2862,"3,21,34"
2863,"3,21,301"
2864,"3,4,435"
2865,"131,40,406"
2866,"23,309,38"
2867,"3,0,128"
2868,"199,170,345"
2869,"23,40,25"
2870,"0,271,360"
2871,"40,131,406"
2872,"64,93,10"
2873,"0,216,212"
2874,"138,135,40"
2875,"313,346,0"
2876,"40,131,241"
2877,"24,23,43"
2878,"313,0,346"
2879,"3,435,4"
2880,"0,456,271"
2881,"24,23,43"
2882,"199,170,171"
2883,"3,4,19"
2884,"0,265,218"
2885,"220,10"
2886,"3,4,435"
2887,"456,271,0"
2888,"23,40,131"
2889,"145,44,45"
2890,"10,145,40"
2891,"40,135"
2892,"3,147,148"
2893,"0,23,118"
2894,"74,23"
2895,"24,23,49"
2896,"0,349,265"
2897,"10,93,64"
2898,"3,13,21"
2899,"74,165,23"
2900,"40,406,131"
2901,"16,15,3"
2902,"145,402,40"
2903,"0,265,340"
2904,"11,205,0"
2905,"3,34,143"
2906,"0,206,8"
2907,"21,124,3"
2908,"3,147,156"
2909,"23,62,3"
2910,"23,38,131"
2911,"308,0,8"
2912,"0,311,426"
2913,"129,128,40"
2914,"0,291,271"
2915,"170,323,199"
2916,"271,0,342"
2917,"10,220"
2918,"199,170,64"
2919,"0,271,255"
2920,"10,64,93"
2921,"40,131,406"
2922,"3,156,147"
2923,"40,160,315"
2924,"40,169,160"
2925,"259,311,426"
2926,"3,467,28"
2927,"199,169,281"
2928,"40,160,315"
2929,"40,145,24"
2930,"128,40,129"
2931,"24,23,43"
2932,"38,23"
2933,"3,21,164"
2934,"10,23,145"
2935,"3,28,4"
2936,"3,523,21"
2937,"3,367,53"
2938,"10,93,64"
2939,"3,30,21"
2940,"145,40,402"
2941,"3,325,265"
2942,"40,128,386"
2943,"23,24,40"
2944,"40,41,224"
2945,"135,74,40"
2946,"10,72,11"
2947,"74,23,303"
2948,"0,308,8"
2949,"40,184"
2950,"3,147,21"
2951,"339,169,337"
2952,"40,241,494"
2953,"40,386"
2954,"44,145,24"
2955,"23,10,169"
2956,"3,147,148"
2957,"205,11,10"
2958,"0,40,128"
2959,"0,265,271"
2960,"3,435,4"
2961,"96,199,23"
2962,"170,171,199"
2963,"418,265,24"
2964,"0,271,366"
2965,"23,24,31"
2966,"40,131,406"
2967,"10,64,90"
2968,"24,23,49"
2969,"23,24,49"
2970,"128,40,129"
2971,"0,169,229"
2972,"0,3"
2973,"0,8,206"
2974,"3,21"
2975,"3,523,53"
2976,"3,21,41"
2977,"64,10,93"
2978,"3,21,301"
2979,"40,162"
2980,"220,10,24"
2981,"40,402,145"
2982,"40,41"
2983,"145,40"
2984,"74,23,317"
2985,"0,128,40"
2986,"10,145,40"
2987,"40,152,160"
2988,"308,8,23"
2989,"10,40,54"
2990,"3,21"
2991,"145,44,11"
2992,"23,31,32"
2993,"145,44,40"
2994,"23,24,43"
2995,"220,10"
2996,"3,81,30"
2997,"40,21,127"
2998,"40,131,23"
2999,"40,41,131"
3000,"23,24,231"
3001,"3,15,16"
3002,"11,10,44"
3003,"26,23"
3004,"169,296,306"
3005,"3,4,51"
3006,"23,26,0"
3007,"138,135,40"
3008,"23,32,31"
3009,"40,41,42"
3010,"3,53,523"
3011,"44,145,11"
3012,"21,199,3"
3013,"64,10,80"
3014,"0,265,271"
3015,"3,401,13"
3016,"23,0,39"
3017,"169,508,23"
3018,"3,53,60"
3019,"0,24,38"
3020,"3,21"
3021,"13,3,204"
3022,"40,402,145"
3023,"145,10,40"
3024,"3,127,53"
3025,"128,40,130"
3026,"32,31,23"
3027,"64,10,80"
3028,"337,251,296"
3029,"13,506,3"
3030,"0,216"
3031,"169,508,426"
3032,"3,21,111"
3033,"271,0,291"
3034,"38,40,23"
3035,"8,235,0"
3036,"3,15,16"
3037,"3,523,53"
3038,"21,187,3"
3039,"31,23,419"
3040,"89,26,23"
3041,"40,131,186"
3042,"21,3,187"
3043,"323,170,199"
3044,"3,287,53"
3045,"3,385,5"
3046,"23,24,44"
3047,"3,147,148"
3048,"3,21,281"
3049,"3,52,51"
3050,"160,315,40"
3051,"23,40,24"
3052,"0,271,255"
3053,"23,38,24"
3054,"3,147,148"
3055,"128,129,40"
3056,"169,296"
3057,"64,80,10"
3058,"3,111,112"
3059,"24,43,23"
3060,"145,402,40"
3061,"265,0,418"
3062,"111,3,119"
3063,"71,24,38"
3064,"145,44,24"
3065,"259,311,426"
3066,"23,105"
3067,"23,26,231"
3068,"8,0,206"
3069,"3,182,74"
3070,"0,271,216"
3071,"40,131,241"
3072,"170,181,24"
3073,"508,169,426"
3074,"169,339,311"
3075,"17,3,40"
3076,"4,3,19"
3077,"3,21,199"
3078,"53,3,523"
3079,"8,0,514"
3080,"40,53,169"
3081,"23,38,39"
3082,"11,10,145"
3083,"30,23,145"
3084,"93,10,64"
3085,"3,21,52"
3086,"138,40,135"
3087,"3,21"
3088,"10,11,12"
3089,"23,38,308"
3090,"3,4,435"
3091,"11,10,12"
3092,"145,402,40"
3093,"31,32,23"
3094,"23,26,38"
3095,"40,128,160"
3096,"40,145,146"
3097,"0,271,313"
3098,"0,271,456"
3099,"308,8,23"
3100,"3,15,287"
3101,"3,21,41"
3102,"38,23,74"
3103,"40,160,315"
3104,"40,129,128"
3105,"64,10,93"
3106,"181,145,170"
3107,"199,323,170"
3108,"3,53,523"
3109,"291,0,271"
3110,"21,3,41"
3111,"10,220,145"
3112,"40,311,184"
3113,"3,21,301"
3114,"3,53,40"
3115,"169,10,414"
3116,"3,4,28"
3117,"40,131"
3118,"3,30"
3119,"40,241,128"
3120,"23,38,169"
3121,"64,10,80"
3122,"89,26,23"
3123,"169,199,170"
3124,"40,402,220"
3125,"259,311,426"
3126,"10,64,80"
3127,"3,53,111"
3128,"44,10,145"
3129,"3,4,5"
3130,"145,44,45"
3131,"3,182,21"
3132,"3,21,48"
3133,"311,426,337"
3134,"3,52,51"
3135,"3,156,147"
3136,"145,44,45"
3137,"3,112,111"
3138,"3,147,120"
3139,"3,17,187"
3140,"3,13,204"
3141,"3,160,315"
3142,"3,4,435"
3143,"23,322,54"
3144,"0,271,444"
3145,"71,38,24"
3146,"10,64,60"
3147,"3,21,41"
3148,"23,74,38"
3149,"3,21"
3150,"3,17,21"
3151,"23,74,303"
3152,"40,131,241"
3153,"3,53,17"
3154,"40,160,128"
3155,"523,53,3"
3156,"3,68,182"
3157,"220,10"
3158,"0,8,206"
3159,"24,43,23"
3160,"135,138,199"
3161,"3,4,435"
3162,"23,309,38"
3163,"40,286,41"
3164,"145,44,45"
3165,"169,508,426"
3166,"0,206,8"
3167,"311,426,337"
3168,"3,187,21"
3169,"21,3,53"
3170,"3,182,53"
3171,"431,135,40"
3172,"40,23,38"
3173,"131,40,134"
3174,"169,296,508"
3175,"0,271,265"
3176,"0,8,457"
3177,"0,271,23"
3178,"23,74,118"
3179,"0,350,26"
3180,"44,145,45"
3181,"4,3,435"
3182,"21,3,187"
3183,"24,23,43"
3184,"156,3,147"
3185,"40,160,315"
3186,"31,96,23"
3187,"220,10"
3188,"23,24,43"
3189,"44,72,145"
3190,"135,40,431"
3191,"169,199,311"
3192,"24,23,43"
3193,"169,40,170"
3194,"40,128,129"
3195,"3,74,135"
3196,"426,337,311"
3197,"0,235,8"
3198,"23,31,145"
3199,"0,216,40"
3200,"74,23,40"
3201,"23,39,38"
3202,"0,271,291"
3203,"40,128,130"
3204,"44,145,45"
3205,"160,40,315"
3206,"21,40,3"
3207,"131,241,40"
3208,"40,131,241"
3209,"40,41,3"
3210,"3,21,182"
3211,"265,418,0"
3212,"38,309,128"
3213,"40,128,186"
3214,"426,311,259"
3215,"3,21,169"
3216,"64,10,80"
3217,"23,26,74"
3218,"40,146,145"
3219,"17,320,3"
3220,"311,426,337"
3221,"40,175,250"
3222,"0,449,418"
3223,"0,257,216"
3224,"137,38,23"
3225,"3,287,53"
3226,"38,23,39"
3227,"231,0,8"
3228,"184,40,195"
3229,"0,257,216"
3230,"0,216,257"
3231,"135,431,40"
3232,"43,24"
3233,"145,44,45"
3234,"181,145,23"
3235,"3,21,169"
3236,"40,131,241"
3237,"23,38,309"
3238,"10,220,24"
3239,"135,40,74"
3240,"24,418,265"
3241,"3,53,147"
3242,"60,10,23"
3243,"169,296,337"
3244,"40,145"
3245,"64,10,80"
3246,"74,40,23"
3247,"44,145,45"
3248,"10,11,24"
3249,"23,118,500"
3250,"64,10,80"
3251,"42,40,21"
3252,"3,474,325"
3253,"40,146,145"
3254,"3,21,53"
3255,"271,0,255"
3256,"0,271,456"
3257,"0,271"
3258,"3,51,52"
3259,"3,15,16"
3260,"3,523,53"
3261,"220,10,25"
3262,"64,10,448"
3263,"169,199,170"
3264,"23,74,84"
3265,"64,10"
3266,"224,41,40"
3267,"0,498,271"
3268,"0,271,291"
3269,"145,216,402"
3270,"145,54,10"
3271,"118,74,23"
3272,"0,271,366"
3273,"131,40"
3274,"3,21,154"
3275,"40,128,186"
3276,"24,25,71"
3277,"23,32,31"
3278,"170,199,171"
3279,"3,169,281"
3280,"38,337,23"
3281,"3,53,21"
3282,"21,3"
3283,"40,131,406"
3284,"169,296,251"
3285,"147,3,148"
3286,"0,8,391"
3287,"212,211,216"
3288,"5,6,3"
3289,"40,162,128"
3290,"3,17,320"
3291,"309,23,38"
3292,"426,311,199"
3293,"139,140,23"
3294,"3,21"
3295,"160,40,315"
3296,"42,41,3"
3297,"220,24,23"
3298,"3,4"
3299,"21,3,187"
3300,"3,15,16"
3301,"38,309,23"
3302,"25,40,24"
3303,"43,10,64"
3304,"170,199,323"
3305,"0,255,271"
3306,"216,370,0"
3307,"25,24,10"
3308,"0,216,255"
3309,"131,40"
3310,"0,288,271"
3311,"145,54,10"
3312,"3,287,53"
3313,"64,80,10"
3314,"40,139,128"
3315,"49,24,23"
3316,"265,349,0"
3317,"0,271,291"
3318,"3,203"
3319,"0,265,291"
3320,"3,28"
3321,"311,259,426"
3322,"145,44,45"
3323,"40,3,426"
3324,"3,5,28"
3325,"3,5"
3326,"23,32,31"
3327,"23,145,24"
3328,"220,10"
3329,"3,5"
3330,"21,3"
3331,"13,14,44"
3332,"0,265,344"
3333,"3,21"
3334,"169,281,199"
3335,"419,23,145"
3336,"3,16,15"
3337,"3,17,320"
3338,"311,169,426"
3339,"0,271,366"
3340,"23,328,169"
3341,"49,24,23"
3342,"3,21,127"
3343,"3,21,169"
3344,"311,426,259"
3345,"10,220"
3346,"23,26,0"
3347,"21,3"
3348,"0,271,265"
3349,"220,10,23"
3350,"170,337,251"
3351,"0,216,313"
3352,"309,38,23"
3353,"40,151,152"
3354,"40,128,129"
3355,"3,111,435"
3356,"40,250"
3357,"17,3,320"
3358,"160,302,40"
3359,"26,23,0"
3360,"255,0,271"
3361,"145,40,402"
3362,"3,4,435"
3363,"128,129,40"
3364,"129,40,128"
3365,"3,187,21"
3366,"40,3,128"
3367,"40,131,406"
3368,"0,8"
3369,"0,271,314"
3370,"0,291,271"
3371,"3,17,15"
3372,"3,21"
3373,"10,145,44"
3374,"129,128,40"
3375,"40,181,145"
3376,"11,10,145"
3377,"317,40,74"
3378,"171,170,199"
3379,"131,40,241"
3380,"129,128,40"
3381,"0,265,349"
3382,"23,74,38"
3383,"10,93,64"
3384,"139,248,40"
3385,"175,40,23"
3386,"40,162,250"
3387,"199,171,170"
3388,"0,216,254"
3389,"5,3,31"
3390,"40,21,33"
3391,"23,38,309"
3392,"145,44,11"
3393,"40,162"
3394,"3,53,523"
3395,"222,100,10"
3396,"40,25,23"
3397,"44,145,69"
3398,"23,74,118"
3399,"23,128,195"
3400,"145,44,45"
3401,"3,147,21"
3402,"24,43,23"
3403,"313,346,0"
3404,"10,64,93"
3405,"145,40,402"
3406,"199,170,323"
3407,"3,21,127"
3408,"24,43,23"
3409,"49,24,23"
3410,"40,131,241"
3411,"40,131"
3412,"23,0,26"
3413,"64,10,44"
3414,"24,49,23"
3415,"23,24,43"
3416,"71,24,38"
3417,"145,40,44"
3418,"11,23,10"
3419,"175,40,128"
3420,"265,0,418"
3421,"64,10,80"
3422,"49,23,24"
3423,"40,160,41"
3424,"0,206,8"
3425,"31,23,96"
3426,"265,0,349"
3427,"255,280,348"
3428,"3,21,53"
3429,"40,145,402"
3430,"3,5,21"
3431,"426,311,259"
3432,"189,135,40"
3433,"40,131,406"
3434,"23,308,8"
3435,"3,23,320"
3436,"0,8,206"
3437,"60,10,23"
3438,"24,43,23"
3439,"40,131,406"
3440,"40,131,406"
3441,"145,44,45"
3442,"230,0,229"
3443,"271,0,291"
3444,"23,40,231"
3445,"17,3,320"
3446,"40,160"
3447,"23,38,145"
3448,"40,186,128"
3449,"3,53"
3450,"8,0,206"
3451,"199,170,169"
3452,"0,313,271"
3453,"3,111,182"
3454,"3,287,53"
3455,"0,271,456"
3456,"3,13,5"
3457,"3,148,147"
3458,"199,169,170"
3459,"49,23,24"
3460,"131,40"
3461,"23,26,231"
3462,"40,131,406"
3463,"3,53,287"
3464,"350,26,23"
3465,"40,128"
3466,"10,24,23"
3467,"3,301,21"
3468,"3,4,435"
3469,"3,164,35"
3470,"3,148,147"
3471,"0,216,354"
3472,"4,3,70"
3473,"145,402,40"
3474,"10,64,80"
3475,"69,11,145"
3476,"0,271"
3477,"3,21,5"
3478,"38,23,40"
3479,"11,10"
3480,"231,26,23"
3481,"23,38,118"
3482,"3,147,148"
3483,"21,3,187"
3484,"3,4,19"
3485,"3,21,52"
3486,"3,17,320"
3487,"199,169,170"
3488,"454,170,23"
3489,"3,21,147"
3490,"23,84,38"
3491,"31,32,23"
3492,"3,40,131"
3493,"128,40,129"
3494,"3,21,111"
3495,"89,23,26"
3496,"169,259,311"
3497,"24,43,23"
3498,"311,199,426"
3499,"0,8,206"
3500,"311,426,0"
3501,"3,21,301"
3502,"40,135,128"
3503,"145,40,402"
3504,"199,281,169"
3505,"3,21,51"
3506,"145,44,45"
3507,"118,74,23"
3508,"220,10"
3509,"0,206,8"
3510,"0,271,291"
3511,"10,64,65"
3512,"23,231,26"
3513,"129,128,296"
3514,"3,40,21"
3515,"24,43,23"
3516,"169,199,170"
3517,"145,44,11"
3518,"40,160,302"
3519,"145,44,40"
3520,"3,21"
3521,"23,145,11"
3522,"145,40,478"
3523,"40,35,36"
3524,"3,36,35"
3525,"309,23,38"
3526,"296,169,411"
3527,"3,156,147"
3528,"3,21,154"
3529,"40,186,128"
3530,"3,111,296"
3531,"220,10"
3532,"175,128,40"
3533,"24,23,43"
3534,"3,147,301"
3535,"259,311,426"
3536,"3,21,199"
3537,"3,147,148"
3538,"3,301,147"
3539,"3,85,86"
3540,"23,26"
3541,"24,49,23"
3542,"418,265,0"
3543,"523,3,53"
3544,"40,131,406"
3545,"26,89"
3546,"206,8,0"
3547,"49,24,40"
3548,"23,139,74"
3549,"271,0,455"
3550,"23,32,31"
3551,"145,40,402"
3552,"0,271,291"
3553,"311,169,259"
3554,"3,301,21"
3555,"0,271,291"
3556,"3,17"
3557,"40,286,41"
3558,"118,74,23"
3559,"3,70,4"
3560,"171,170,199"
3561,"3,21,51"
3562,"40,100,222"
3563,"40,186,128"
3564,"93,10,64"
3565,"3,30,17"
3566,"3,385,40"
3567,"31,96,23"
3568,"3,21,148"
3569,"169,281,199"
3570,"40,128,131"
3571,"23,118,74"
3572,"10,64,239"
3573,"311,426,259"
3574,"3,13"
3575,"10,44,11"
3576,"40,128,23"
3577,"220,10,221"
3578,"23,25,24"
3579,"128,186,40"
3580,"64,10,448"
3581,"271,0,456"
3582,"145,45,44"
3583,"23,32,31"
3584,"169,311,426"
3585,"3,21,22"
3586,"24,23,43"
3587,"3,21,301"
3588,"40,135,138"
3589,"23,40,231"
3590,"10,220"
3591,"0,418,265"
3592,"32,31,23"
3593,"0,291,271"
3594,"345,23,38"
3595,"181,145,170"
3596,"169,296,428"
3597,"23,31,32"
3598,"3,87,28"
3599,"241,131,40"
3600,"3,21,17"
3601,"3,74,23"
3602,"3,111,112"
3603,"3,33,21"
3604,"3,523,53"
3605,"265,418,0"
3606,"0,271,291"
3607,"135,40,141"
3608,"49,24,23"
3609,"3,147,148"
3610,"3,21"
3611,"3,13,204"
3612,"145,23,40"
3613,"40,368,184"
3614,"3,148,147"
3615,"0,498,288"
3616,"10,64"
3617,"145,40,402"
3618,"251,337,296"
3619,"3,35,36"
3620,"0,271,291"
3621,"337,251,296"
3622,"145,23,10"
3623,"3,4,5"
3624,"3,21,13"
3625,"10,220"
3626,"23,169,420"
3627,"402,145,40"
3628,"40,131,406"
3629,"160,3,36"
3630,"23,26,89"
3631,"10,64,93"
3632,"23,91,38"
3633,"169,40,135"
3634,"346,313"
3635,"3,4,435"
3636,"145,44,45"
3637,"128,129,40"
3638,"3,17,320"
3639,"64,10,93"
3640,"145,44,45"
3641,"3,53,287"
3642,"145,40,402"
3643,"40,131,241"
3644,"3,40,111"
3645,"3,156,147"
3646,"145,44"
3647,"3,53,265"
3648,"169,339,337"
3649,"23,74,84"
3650,"0,170,169"
3651,"3,111,5"
3652,"23,25,24"
3653,"23,31,454"
3654,"23,74,118"
3655,"3,53,523"
3656,"145,71,24"
3657,"44,145,45"
3658,"147,148,3"
3659,"0,255,257"
3660,"311,199,426"
3661,"145,44,45"
3662,"0,271,291"
3663,"3,21,301"
3664,"402,145,40"
3665,"10,93,64"
3666,"0,308,271"
3667,"145,44,45"
3668,"367,100,40"
3669,"40,145,146"
3670,"40,25,402"
3671,"170,145,323"
3672,"3,21,53"
3673,"3,435,4"
3674,"145,40,402"
3675,"40,184"
3676,"74,23,165"
3677,"3,13,204"
3678,"0,271,355"
3679,"271,0,291"
3680,"40,334,111"
3681,"21,3,301"
3682,"199,169"
3683,"3,15,16"
3684,"3,21,127"
3685,"3,53,523"
3686,"41,224,40"
3687,"0,350,271"
3688,"40,241,131"
3689,"40,131,134"
3690,"164,21,40"
3691,"508,169,170"
3692,"38,137,23"
3693,"138,40,135"
3694,"38,309,23"
3695,"10,216,145"
3696,"145,44,45"
3697,"21,81,3"
3698,"3,301,21"
3699,"3,21,182"
3700,"0,271,311"
3701,"21,3,40"
3702,"311,337,426"
3703,"111,3,125"
3704,"32,31,23"
3705,"169,170,459"
3706,"3,21"
3707,"160,315,40"
3708,"24,49,23"
3709,"3,147,156"
3710,"3,5,4"
3711,"220,10"
3712,"3,301,28"
3713,"74,118,23"
3714,"10,64,90"
3715,"220,10"
3716,"0,271,291"
3717,"220,10"
3718,"23,38,62"
3719,"145,402,10"
3720,"3,301,21"
3721,"10,64,8"
3722,"23,94"
3723,"147,3,148"
3724,"32,31,23"
3725,"3,4,111"
3726,"4,3,435"
3727,"346,313,0"
3728,"26,23,231"
3729,"38,39,145"
3730,"23,107,38"
3731,"3,53,523"
3732,"0,346,313"
3733,"45,44,145"
3734,"40,23,402"
3735,"220,10"
3736,"426,311,337"
3737,"0,26,89"
3738,"23,38,137"
3739,"3,21"
3740,"10,24,145"
3741,"0,8,235"
3742,"0,23,265"
3743,"24,23,49"
3744,"0,277,1"
3745,"360,271,0"
3746,"220,10,221"
3747,"3,4,435"
3748,"71,38,24"
3749,"145,38,40"
3750,"3,15,16"
3751,"40,478,145"
3752,"8,0,308"
3753,"111,3,119"
3754,"26,89,23"
3755,"199,170,171"
3756,"3,21,31"
3757,"40,145,23"
3758,"40,402,145"
3759,"23,38,39"
3760,"23,24,38"
3761,"10,90,64"
3762,"60,234,21"
3763,"23,24,49"
3764,"169,426,62"
3765,"40,128,175"
3766,"23,118,74"
3767,"10,220"
3768,"3,4,176"
3769,"169,23,31"
3770,"138,135,40"
3771,"3,21,164"
3772,"350,0,26"
3773,"3,40,21"
3774,"0,8,265"
3775,"0,265,340"
3776,"24,23,25"
3777,"40,184,131"
3778,"3,4,5"
3779,"40,160,184"
3780,"3,4,435"
3781,"3,35,160"
3782,"184,283,40"
3783,"40,131,38"
3784,"3,17,100"
3785,"448,10,145"
3786,"21,3,426"
3787,"169,216,380"
3788,"0,8,308"
3789,"3,523,53"
3790,"3,21,187"
3791,"0,271,291"
3792,"0,265,8"
3793,"64,10"
3794,"64,10,80"
3795,"40,131,241"
3796,"220,10"
3797,"3,169"
3798,"169,296"
3799,"23,26,89"
3800,"311,426,259"
3801,"3,21,187"
3802,"40,145,38"
3803,"0,145"
3804,"44,45,145"
3805,"0,26,271"
3806,"145,40,402"
3807,"145,44,45"
3808,"131,40,241"
3809,"3,0,265"
3810,"137,40"
3811,"40,145,402"
3812,"3,301,21"
3813,"40,131,241"
3814,"89,23,26"
3815,"40,386,135"
3816,"3,53,34"
3817,"40,145,54"
3818,"3,30,4"
3819,"3,15,16"
3820,"145,44,38"
3821,"271,0,291"
3822,"89,26,23"
3823,"160,334,3"
3824,"10,220"
3825,"3,15,16"
3826,"145,40,402"
3827,"23,38,82"
3828,"3,4,435"
3829,"38,23,39"
3830,"0,265,349"
3831,"3,28"
3832,"145,23,44"
3833,"128,129,40"
3834,"3,147,53"
3835,"220,10"
3836,"0,271,291"
3837,"3,4,375"
3838,"0,214,213"
3839,"220,10"
3840,"271,0,456"
3841,"402,40,145"
3842,"24,23,43"
3843,"3,17,320"
3844,"0,8,206"
3845,"21,3"
3846,"10,220"
3847,"199,170,171"
3848,"145,44,69"
3849,"40,131,145"
3850,"3,301,21"
3851,"145,216,0"
3852,"40,146,145"
3853,"135,281,431"
3854,"0,271,291"
3855,"23,49,296"
3856,"337,311,296"
3857,"3,15,16"
3858,"147,3,156"
3859,"3,301,21"
3860,"42,41,40"
3861,"64,10,93"
3862,"3,21,187"
3863,"160,40,315"
3864,"199,311,169"
3865,"220,10,145"
3866,"131,241,40"
3867,"337,251,296"
3868,"49,24,23"
3869,"0,271,291"
3870,"23,74,118"
3871,"11,10,12"
3872,"169,170,199"
3873,"129,128,40"
3874,"448,251,337"
3875,"23,38,39"
3876,"0,271,291"
3877,"3,21"
3878,"3,34,21"
3879,"0,8,235"
3880,"10,60,489"
3881,"40,137,23"
3882,"3,4,435"
3883,"145,40,44"
3884,"0,271,291"
3885,"3,13,204"
3886,"0,8,206"
3887,"23,32,31"
3888,"3,15,16"
3889,"199,170,323"
3890,"44,11,145"
3891,"23,60,61"
3892,"216,0,10"
3893,"3,4,435"
3894,"3,21,40"
3895,"3,28,40"
3896,"3,204,13"
3897,"169,199,170"
3898,"38,23,39"
3899,"231,26,23"
3900,"40,41,42"
3901,"0,337,265"
3902,"38,39,23"
3903,"0,277,296"
3904,"74,23,84"
3905,"308,8,23"
3906,"0,216,271"
3907,"235,8,0"
3908,"23,26,38"
3909,"171,199,170"
3910,"145,44,45"
3911,"40,241,131"
3912,"3,111,123"
3913,"10,93,64"
3914,"220,10"
3915,"74,23,303"
3916,"199,323,170"
3917,"21,3"
3918,"402,40,145"
3919,"131,241,40"
3920,"111,3,112"
3921,"44,145,10"
3922,"265,418,0"
3923,"40,184,185"
3924,"43,24,23"
3925,"23,49,24"
3926,"118,23,74"
3927,"23,24,197"
3928,"3,40,21"
3929,"199,40,248"
3930,"3,28,330"
3931,"44,11,10"
3932,"10,64,80"
3933,"220,10,221"
3934,"40,224,41"
3935,"0,271,291"
3936,"3,21"
3937,"24,23,49"
3938,"10,64,80"
3939,"138,135,40"
3940,"40,145,402"
3941,"43,24,23"
3942,"0,271,291"
3943,"145,44,72"
3944,"0,271,291"
3945,"169,199,343"
3946,"145,402,44"
3947,"64,10,448"
3948,"84,23,74"
3949,"72,44,145"
3950,"0,291,271"
3951,"3,182,53"
3952,"40,23,0"
3953,"23,265,145"
3954,"40,145,402"
3955,"221,128,220"
3956,"13,204,3"
3957,"0,8,308"
3958,"40,134,131"
3959,"131,40,241"
3960,"40,145,181"
3961,"38,91,23"
3962,"3,21,500"
3963,"0,265,418"
3964,"40,478"
3965,"24,241,40"
3966,"0,8,291"
3967,"10,220"
3968,"23,38,24"
3969,"0,8"
3970,"3,53,523"
3971,"24,49,23"
3972,"3,111"
3973,"3,53,287"
3974,"8,206,0"
3975,"271,0,456"
3976,"4,435,3"
3977,"3,182"
3978,"23,40,3"
3979,"271,0"
3980,"10,64"
3981,"44,11,69"
3982,"0,211,8"
3983,"8,0,235"
3984,"0,271,291"
3985,"169,339,337"
3986,"40,402,145"
3987,"40,145,402"
3988,"40,131,406"
3989,"40,21"
3990,"23,107,38"
3991,"224,40,41"
3992,"128,40,129"
3993,"0,218,271"
3994,"40,145,402"
3995,"220,10,0"
3996,"40,175,128"
3997,"4,3,70"
3998,"3,21,33"
3999,"169,339,343"
4000,"0,8,271"
4001,"271,0"
4002,"111,267,3"
4003,"3,147,30"
4004,"3,435,51"
4005,"259,311,40"
4006,"169,337,3"
4007,"40,385,241"
4008,"0,218,8"
4009,"23,10,3"
4010,"23,74,317"
4011,"23,3,111"
4012,"10,64,448"
4013,"3,21"
4014,"3,187,21"
4015,"3,5,133"
4016,"10,64,93"
4017,"8,0,206"
4018,"311,426,337"
4019,"3,147,21"
4020,"0,446,218"
4021,"0,8,206"
4022,"24,23,43"
4023,"23,26,145"
4024,"3,21,154"
4025,"3,21,127"
4026,"3,301,21"
4027,"3,53,523"
4028,"23,40,145"
4029,"169,199,170"
4030,"170,171,199"
4031,"3,53,21"
4032,"265,0,349"
4033,"24,23,49"
4034,"3,4,435"
4035,"38,131,40"
4036,"3,4"
4037,"23,105,53"
4038,"0,326,53"
4039,"21,3,301"
4040,"145,402,40"
4041,"3,301,21"
4042,"3,21,111"
4043,"131,169,296"
4044,"3,21,284"
4045,"11,10,44"
4046,"0,291,265"
4047,"3,523,147"
4048,"0,366,271"
4049,"0,216"
4050,"0,8"
4051,"402,23,145"
4052,"3,21,41"
4053,"170,199,323"
4054,"0,235,8"
4055,"402,40,145"
4056,"128,195,40"
4057,"40,131,193"
4058,"38,23,40"
4059,"0,271,214"
4060,"3,17,320"
4061,"337,311,170"
4062,"128,186,40"
4063,"10,24,43"
4064,"220,10"
4065,"3,182,21"
4066,"3,21,147"
4067,"3,21,120"
4068,"3,21,187"
4069,"10,64"
4070,"40,502,145"
4071,"3,147,52"
4072,"135,74,40"
4073,"40,241,131"
4074,"0,271,291"
4075,"160,40,302"
4076,"145,25,24"
4077,"0,213,214"
4078,"3,293,85"
4079,"0,271,291"
4080,"145,44,45"
4081,"60,234"
4082,"23,24,43"
4083,"281,199,169"
4084,"40,131,406"
4085,"0,23,231"
4086,"40,406,131"
4087,"3,111,21"
4088,"23,74"
4089,"169,436,343"
4090,"32,23,31"
4091,"23,265,232"
4092,"40,311,408"
4093,"3,21"
4094,"40,135,41"
4095,"23,74,118"
4096,"220,10"
4097,"128,129,40"
4098,"31,32,23"
4099,"23,40,38"
4100,"11,10,44"
4101,"40,131,241"
4102,"38,71,137"
4103,"0,255,271"
4104,"23,31,40"
4105,"135,431,40"
4106,"350,26,23"
4107,"24,40,181"
4108,"72,44,145"
4109,"3,154,21"
4110,"21,40,3"
4111,"40,241,38"
4112,"10,12,11"
4113,"40,145,402"
4114,"145,45,44"
4115,"509,218"
4116,"3,199,143"
4117,"64,10,80"
4118,"309,38,250"
4119,"131,40,134"
4120,"3,4"
4121,"10,220,44"
4122,"3,4,53"
4123,"0,271,213"
4124,"145,23,89"
4125,"23,181,145"
4126,"3,4,435"
4127,"40,131,406"
4128,"23,26,89"
4129,"25,23,24"
4130,"23,38"
4131,"40,139"
4132,"3,17,320"
4133,"40,135"
4134,"49,24"
4135,"3,53,325"
4136,"3,188,4"
4137,"5,6,3"
4138,"21,3,187"
4139,"0,271,8"
4140,"3,4,7"
4141,"40,162,38"
4142,"0,265,271"
4143,"40,131,406"
4144,"40,135,236"
4145,"145,44,45"
4146,"40,135,3"
4147,"40,160,128"
4148,"23,38,40"
4149,"135,431,40"
4150,"251,337,170"
4151,"3,21,199"
4152,"10,239,60"
4153,"296,169,306"
4154,"40,286,41"
4155,"346,313,130"
4156,"53,265,0"
4157,"64,10,80"
4158,"40,21,164"
4159,"40,317,23"
4160,"296,169,0"
4161,"0,255"
4162,"138,135,40"
4163,"182,3,21"
4164,"23,290,10"
4165,"17,3,320"
4166,"24,25,23"
4167,"26,23,89"
4168,"199,131,241"
4169,"53,3,523"
4170,"3,301,21"
4171,"224,41,40"
4172,"3,21,301"
4173,"0,291,271"
4174,"32,23,31"
4175,"3,17"
4176,"0,271,291"
4177,"21,3,301"
4178,"137,38,23"
4179,"0,271"
4180,"0,271,291"
4181,"40,151,152"
4182,"23,74,118"
4183,"44,72,145"
4184,"23,420,169"
4185,"220,10"
4186,"24,43,23"
4187,"23,38,40"
4188,"220,10"
4189,"40,145,181"
4190,"74,23,317"
4191,"23,418,24"
4192,"10,93,64"
4193,"8,0"
4194,"3,148,147"
4195,"199,169,170"
4196,"0,8,291"
4197,"195,128,40"
4198,"3,4"
4199,"71,38,40"
4200,"3,523,53"
4201,"64,80,10"
4202,"23,26,0"
4203,"40,184,23"
4204,"145,402,44"
4205,"220,10"
4206,"0,313,346"
4207,"74,118,23"
4208,"145,44,73"
4209,"3,4,435"
4210,"0,44,45"
4211,"64,10,93"
4212,"337,251,296"
4213,"38,23,39"
4214,"0,265,218"
4215,"220,25,10"
4216,"3,153,40"
4217,"271,0,456"
4218,"0,8,206"
4219,"170,323,199"
4220,"40,131,406"
4221,"23,24,49"
4222,"0,218,360"
4223,"311,426,287"
4224,"17,320,3"
4225,"111,125,3"
4226,"38,23,94"
4227,"459,118,23"
4228,"0,111,296"
4229,"40,131"
4230,"3,21"
4231,"0,40,218"
4232,"145,40,402"
4233,"402,40,145"
4234,"3,13,21"
4235,"224,40,41"
4236,"23,24,43"
4237,"3,53,287"
4238,"43,24,23"
4239,"0,23,350"
4240,"24,43,23"
4241,"3,21,147"
4242,"3,15,16"
4243,"199,323,10"
4244,"3,21,53"
4245,"8,23,0"
4246,"271,0,291"
4247,"74,23,307"
4248,"28,3,113"
4249,"169,40,10"
4250,"3,21,301"
4251,"10,64,93"
4252,"296,169,411"
4253,"38,23,309"
4254,"145,44,45"
4255,"3,147,148"
4256,"40,131,406"
4257,"265,11"
4258,"3,4,435"
4259,"3,111,21"
4260,"0,8,235"
4261,"17,3,320"
4262,"3,331,5"
4263,"40,250"
4264,"3,13"
4265,"26,0,23"
4266,"3,4"
4267,"10,64,80"
4268,"3,111,147"
4269,"24,38,23"
4270,"11,205,13"
4271,"275,3,111"
4272,"3,17,320"
4273,"0,291,8"
4274,"38,23,39"
4275,"169,199,170"
4276,"170,171,199"
4277,"337,0,271"
4278,"3,21"
4279,"17,3,58"
4280,"3,23,169"
4281,"24,345,23"
4282,"43,24,23"
4283,"170,199,171"
4284,"40,162,131"
4285,"23,24,49"
4286,"10,145,170"
4287,"40,184"
4288,"220,10"
4289,"220,10"
4290,"25,24,23"
4291,"23,74,118"
4292,"145,44,40"
4293,"24,71"
4294,"3,135,40"
4295,"40,130,128"
4296,"8,308,0"
4297,"0,8"
4298,"40,128,139"
4299,"402,40,145"
4300,"197,145,23"
4301,"426,23,271"
4302,"135,138,40"
4303,"10,239,60"
4304,"40,131,241"
4305,"0,418,265"
4306,"44,145,45"
4307,"128,40,130"
4308,"169,31,23"
4309,"145,24,23"
4310,"49,23,24"
4311,"169,281,199"
4312,"40,406,131"
4313,"40,151,152"
4314,"93,64,10"
4315,"3,17,320"
4316,"145,44,24"
4317,"26,89,23"
4318,"23,26,231"
4319,"23,74,84"
4320,"74,23"
4321,"40,131,41"
4322,"44,73,145"
4323,"38,309,23"
4324,"170,171,199"
4325,"24,23,40"
4326,"265,0"
4327,"26,23,231"
4328,"10,239,60"
4329,"40,139"
4330,"8,231,206"
4331,"53,3,287"
4332,"24,43,23"
4333,"3,21,147"
4334,"40,135,241"
4335,"40,13,145"
4336,"93,64,10"
4337,"3,5,21"
4338,"3,21,301"
4339,"3,13,401"
4340,"3,53,523"
4341,"23,38,40"
4342,"40,160"
4343,"40,131,241"
4344,"145,40"
4345,"3,4,375"
4346,"169,339,337"
4347,"44,145,10"
4348,"251,337,296"
4349,"3,21,48"
4350,"3,147,21"
4351,"64,10,80"
4352,"24,43,23"
4353,"74,118,23"
4354,"0,271,255"
4355,"199,170,323"
4356,"3,21,127"
4357,"40,138,135"
4358,"3,13,204"
4359,"40,184,243"
4360,"40,131,145"
4361,"199,170,171"
4362,"145,44,69"
4363,"0,380,216"
4364,"0,457,8"
4365,"40,315,160"
4366,"367,100,3"
4367,"96,23,31"
4368,"118,74,23"
4369,"0,271"
4370,"3,21"
4371,"3,28,53"
4372,"11,10,145"
4373,"74,23,118"
4374,"135,40,141"
4375,"3,21,48"
4376,"169,25,23"
4377,"40,23,128"
4378,"40,21,3"
4379,"3,121,93"
4380,"3,4,435"
4381,"220,10"
4382,"23,129,128"
4383,"40,131,406"
4384,"3,21"
4385,"3,53,275"
4386,"10,64,93"
4387,"3,4,474"
4388,"10,220"
4389,"145,44"
4390,"21,152,151"
4391,"40,402,145"
4392,"38,39,23"
4393,"23,74,0"
4394,"311,426,337"
4395,"10,64,93"
4396,"10,220"
4397,"3,17,320"
4398,"71,38,24"
4399,"3,21,147"
4400,"26,23,89"
4401,"118,74,23"
4402,"131,241,40"
4403,"220,10"
4404,"145,40,402"
4405,"3,21,301"
4406,"38,23,145"
4407,"40,181,145"
4408,"251,337,296"
4409,"96,40,31"
4410,"23,26,38"
4411,"23,32,31"
4412,"426,311,337"
4413,"3,21"
4414,"3,17,320"
4415,"3,17,320"
4416,"40,131,406"
4417,"271,0,291"
4418,"170,323,199"
4419,"21,3,281"
4420,"10,23,24"
4421,"307,135,74"
4422,"3,21"
4423,"170,199,323"
4424,"8,0,206"
4425,"10,64,80"
4426,"271,0,456"
4427,"49,24,23"
4428,"10,145,40"
4429,"271,0,456"
4430,"21,3,187"
4431,"3,182,21"
4432,"11,44,10"
4433,"169,281,199"
4434,"40,250,135"
4435,"3,523,53"
4436,"3,30,81"
4437,"4,3,435"
4438,"0,271,291"
4439,"23,26"
4440,"23,26,89"
4441,"0,216,370"
4442,"3,23,180"
4443,"3,111,13"
4444,"206,0,8"
4445,"10,64,93"
4446,"145,44,40"
4447,"44,145,45"
4448,"40,406,131"
4449,"64,10,93"
4450,"3,15,16"
4451,"3,23,10"
4452,"170,199,323"
4453,"23,24,25"
4454,"23,220,10"
4455,"40,128,130"
4456,"40,241,131"
4457,"220,10"
4458,"26,23,350"
4459,"23,24,162"
4460,"64,10,80"
4461,"40,241,131"
4462,"220,10"
4463,"3,5"
4464,"10,64,93"
4465,"199,169,170"
4466,"3,187,21"
4467,"93,10,64"
4468,"40,135,141"
4469,"38,23,3"
4470,"3,21,100"
4471,"0,8,206"
4472,"0,8,206"
4473,"11,69,10"
4474,"21,3,22"
4475,"337,251,296"
4476,"199,171,170"
4477,"199,169,170"
4478,"3,111"
4479,"113,28,3"
4480,"169,216,426"
4481,"131,40,241"
4482,"40,111,3"
4483,"40,160,315"
4484,"0,449,279"
4485,"10,60,169"
4486,"3,301,21"
4487,"74,404,111"
4488,"3,53,21"
4489,"40,152,151"
4490,"64,80,10"
4491,"169,31,454"
4492,"0,216,212"
4493,"271,0,291"
4494,"277,0,216"
4495,"169,287,3"
4496,"271,0,291"
4497,"40,146,145"
4498,"131,40,406"
4499,"3,112,111"
4500,"0,271,456"
4501,"40,131,406"
4502,"3,111,474"
4503,"24,23,43"
4504,"23,169,296"
4505,"350,26,23"
4506,"24,49,23"
4507,"220,10"
4508,"0,271,313"
4509,"23,118,74"
4510,"53,3,523"
4511,"74,23,317"
4512,"160,334,40"
4513,"0,8,206"
4514,"3,53,28"
4515,"3,41,111"
4516,"40,315,160"
4517,"0,8,391"
4518,"40,131,406"
4519,"40,145"
4520,"40,128,130"
4521,"40,241,131"
4522,"23,38,26"
4523,"10,23,38"
4524,"296,23,169"
4525,"199,21,281"
4526,"0,249,279"
4527,"134,40,131"
4528,"0,2,1"
4529,"44,72,145"
4530,"3,4,435"
4531,"3,147"
4532,"131,40,241"
4533,"0,8,206"
4534,"145,40"
4535,"3,21,53"
4536,"3,21,187"
4537,"64,93,10"
4538,"402,145,40"
4539,"40,3,41"
4540,"220,25,10"
4541,"3,53,523"
4542,"40,128,160"
4543,"169,62,508"
4544,"31,96,23"
4545,"3,85,111"
4546,"3,21,48"
4547,"40,152,151"
4548,"3,21,53"
4549,"40,139,241"
4550,"3,30,40"
4551,"24,49,23"
4552,"64,93,10"
4553,"23,40,165"
4554,"169,199,170"
4555,"145,40,402"
4556,"145,45,44"
4557,"17,320,3"
4558,"3,21,385"
4559,"145,40,402"
4560,"3,53,523"
4561,"241,40,131"
4562,"10,64"
4563,"3,148,147"
4564,"11,205,10"
4565,"40,160,315"
4566,"40,145,193"
4567,"0,169,337"
4568,"74,317,23"
4569,"3,5,133"
4570,"181,23,145"
4571,"60,234,10"
4572,"169,199"
4573,"181,145,24"
4574,"43,24,23"
4575,"40,131"
4576,"44,11,10"
4577,"10,93,64"
4578,"8,23,350"
4579,"21,187,3"
4580,"169,199,135"
4581,"23,26,0"
4582,"199,426,311"
4583,"23,38,40"
4584,"3,53,287"
4585,"10,60,40"
4586,"3,16,15"
4587,"44,145,45"
4588,"3,21,301"
4589,"0,271"
4590,"26,23,89"
4591,"3,127,21"
4592,"28,3,310"
4593,"184,40,185"
4594,"145,44,40"
4595,"3,21,301"
4596,"311,337,169"
4597,"23,38,26"
4598,"21,3,187"
4599,"10,3"
4600,"23,24,25"
4601,"0,313,346"
4602,"3,21,30"
4603,"40,128,162"
4604,"10,43,23"
4605,"40,128,186"
4606,"40,160,315"
4607,"0,265,255"
4608,"74,118,23"
4609,"10,220,25"
4610,"40,21"
4611,"40,241,459"
4612,"0,271,255"
4613,"3,4"
4614,"169,337,339"
4615,"53,3,523"
4616,"3,53,0"
4617,"134,40,131"
4618,"23,74,118"
4619,"23,24,25"
4620,"131,40,406"
4621,"10,60,24"
4622,"0,271"
4623,"3,21"
4624,"40,241,131"
4625,"3,16,15"
4626,"323,170,199"
4627,"3,21,51"
4628,"3,169,53"
4629,"11,10,44"
4630,"10,93,64"
4631,"40,241,175"
4632,"23,26,89"
4633,"23,169,296"
4634,"3,21,187"
4635,"323,170,199"
4636,"160,40,315"
4637,"40,41"
4638,"131,406,40"
4639,"89,26,23"
4640,"3,53,523"
4641,"3,21"
4642,"49,24"
4643,"128,40,23"
4644,"3,21,301"
4645,"64,10,93"
4646,"137,38,23"
4647,"169,339,311"
4648,"323,170,199"
4649,"3,21"
4650,"25,24,220"
4651,"40,131,241"
4652,"281,199,169"
4653,"23,24,43"
4654,"10,23,31"
4655,"53,523,3"
4656,"3,21,28"
4657,"145,44,69"
4658,"26,23,89"
4659,"0,216"
4660,"271,0,456"
4661,"169,199,3"
4662,"3,21,301"
4663,"40,3,41"
4664,"40,146,145"
4665,"60,234,21"
4666,"40,145,283"
4667,"3,5,228"
4668,"271,0,291"
4669,"23,26,8"
4670,"169,343,436"
4671,"23,193"
4672,"0,271,291"
4673,"74,118,23"
4674,"3,21,187"
4675,"40,129"
4676,"0,337,291"
4677,"251,296,337"
4678,"40,128,186"
4679,"350,26,23"
4680,"44,72"
4681,"3,53,523"
4682,"170,459,169"
4683,"311,259,426"
4684,"3,21,182"
4685,"64,10,93"
4686,"113,296,169"
4687,"3,5,133"
4688,"0,216,211"
4689,"40,160,302"
4690,"0,457,218"
4691,"0,271,8"
4692,"21,127,3"
4693,"3,182,111"
4694,"87,308,8"
4695,"38,137,23"
4696,"3,4,435"
4697,"3,53,21"
4698,"402,145,40"
4699,"64,10,93"
4700,"170,171,199"
4701,"311,426,337"
4702,"3,156,147"
4703,"220,10,23"
4704,"23,32,31"
4705,"0,255,271"
4706,"3,147,148"
4707,"40,131,406"
4708,"169,296,3"
4709,"40,241,23"
4710,"49,337,23"
4711,"10,220"
4712,"64,10,80"
4713,"23,24,25"
4714,"38,23,0"
4715,"0,265,271"
4716,"24,23,49"
4717,"271,0,291"
4718,"3,147,156"
4719,"0,271,291"
4720,"38,23"
4721,"135,431,40"
4722,"23,8,38"
4723,"40,139"
4724,"0,254,216"
4725,"128,129,40"
4726,"74,23,118"
4727,"3,4"
4728,"13,145,44"
4729,"3,21,17"
4730,"21,3,187"
4731,"3,21,301"
4732,"3,21,301"
4733,"145,40,402"
4734,"220,10"
4735,"61,60,170"
4736,"3,21,52"
4737,"3,301,21"
4738,"199,170,171"
4739,"40,105,131"
4740,"3,147,21"
4741,"53,3,287"
4742,"3,169,53"
4743,"169,426,311"
4744,"3,17,111"
4745,"3,41,21"
4746,"3,388,111"
4747,"71,24,38"
4748,"40,317,23"
4749,"145,402,40"
4750,"220,10"
4751,"0,265,349"
4752,"31,96,40"
4753,"199,169,40"
4754,"40,184"
4755,"0,8,235"
4756,"23,296,40"
4757,"0,8,235"
4758,"3,21,127"
4759,"3,53,523"
4760,"23,309,38"
4761,"3,147,148"
4762,"3,21"
4763,"23,38"
4764,"40,162,250"
4765,"3,53,523"
4766,"40,162"
4767,"0,265,418"
4768,"69,145,44"
4769,"0,216,354"
4770,"160,40,334"
4771,"3,21,5"
4772,"145,402,40"
4773,"3,182,435"
4774,"3,21,51"
4775,"3,21,187"
4776,"311,3,21"
4777,"21,3,127"
4778,"0,271,291"
4779,"220,10,221"
4780,"169,296,300"
4781,"145,45,44"
4782,"23,169,31"
4783,"64,448,10"
4784,"187,3,21"
4785,"3,188,15"
4786,"231,26,23"
4787,"5,6,3"
4788,"40,128,135"
4789,"350,26,23"
4790,"402,40,145"
4791,"3,21"
4792,"0,8,206"
4793,"38,74,23"
4794,"3,435,51"
4795,"23,3,74"
4796,"255,271,372"
4797,"3,53,523"
4798,"0,218,475"
4799,"170,169,459"
4800,"40,186,128"
4801,"3,13,204"
4802,"10,220,25"
4803,"40,286,41"
4804,"199,170,169"
4805,"3,21,301"
4806,"0,271,291"
4807,"523,3,53"
4808,"23,118,74"
4809,"24,43,23"
4810,"10,11,60"
4811,"307,74,135"
4812,"3,301"
4813,"61,10,60"
4814,"24,49,23"
4815,"10,64,80"
4816,"296,169"
4817,"0,218,271"
4818,"24,25,23"
4819,"21,3,187"
4820,"311,337,0"
4821,"8,0,206"
4822,"3,17"
4823,"44,72,145"
4824,"3,13,4"
4825,"32,31,23"
4826,"145,44,45"
4827,"145,11,44"
4828,"128,40,129"
4829,"3,21"
4830,"199,170,145"
4831,"26,89,313"
4832,"0,206,8"
4833,"40,131,406"
4834,"0,271"
4835,"3,147,148"
4836,"44,145,45"
4837,"145,40,146"
4838,"3,17,320"
4839,"169,296,21"
4840,"251,337,296"
4841,"337,251,170"
4842,"3,21,111"
4843,"71,38,24"
4844,"145,44,45"
4845,"3,53,523"
4846,"3,148,147"
4847,"10,220"
4848,"3,187,21"
4849,"145,40,402"
4850,"0,8,206"
4851,"128,40"
4852,"40,131,241"
4853,"74,23,283"
4854,"3,265,340"
4855,"24,23,43"
4856,"129,128,40"
4857,"220,10"
4858,"23,49,24"
4859,"10,220,221"
4860,"3,21"
4861,"10,93,64"
4862,"40,160,111"
4863,"199,169"
4864,"3,115,13"
4865,"128,40,129"
4866,"24,49,23"
4867,"3,147,199"
4868,"23,32,31"
4869,"0,271,363"
4870,"10,64,80"
4871,"170,171,199"
4872,"10,220"
4873,"431,259,169"
4874,"165,74,23"
4875,"3,182,21"
4876,"3,17,320"
4877,"0,216,271"
4878,"128,40,186"
4879,"0,271,397"
4880,"40,145,328"
4881,"23,38,137"
4882,"220,24,23"
4883,"3,53,523"
4884,"313,0,346"
4885,"128,175,40"
4886,"3,21,127"
4887,"3,53,523"
4888,"3,225,156"
4889,"259,311,426"
4890,"265,418,0"
4891,"199,170,323"
4892,"3,21,301"
4893,"0,271,291"
4894,"145,44,72"
4895,"0,206,8"
4896,"145,44,45"
4897,"23,3,430"
4898,"21,3,40"
4899,"21,3"
4900,"21,301,3"
4901,"10,11,205"
4902,"296,169"
4903,"170,171,199"
4904,"40,160,315"
4905,"311,426,259"
4906,"10,64,93"
4907,"0,271,1"
4908,"3,21,104"
4909,"3,17"
4910,"23,38,137"
4911,"40,283"
4912,"3,21,301"
4913,"40,23,43"
4914,"448,10,64"
4915,"182,3,21"
4916,"220,10"
4917,"0,291,271"
4918,"23,38,24"
4919,"23,38,0"
4920,"3,21,301"
4921,"23,38,8"
4922,"64,10,80"
4923,"0,265"
4924,"3,16,15"
4925,"40,131,241"
4926,"64,10,80"
4927,"3,164,21"
4928,"44,145,11"
4929,"40,386,135"
4930,"40,184,131"
4931,"3,28,113"
4932,"186,128,40"
4933,"10,64,80"
4934,"220,10"
4935,"118,74,23"
4936,"25,24,10"
4937,"170,251,337"
4938,"40,286,41"
4939,"0,10,291"
4940,"426,145,337"
4941,"212,211,216"
4942,"23,24,49"
4943,"71,24,38"
4944,"24,49,23"
4945,"220,10"
4946,"128,0,195"
4947,"23,25,24"
4948,"40,151,131"
4949,"145,72,3"
4950,"113,28,3"
4951,"231,23,26"
4952,"8,206,0"
4953,"3,4,183"
4954,"31,23,77"
4955,"145,40,402"
4956,"220,10"
4957,"26,23,350"
4958,"10,64,93"
4959,"145,44,45"
4960,"426,259,311"
4961,"169,111,123"
4962,"3,5,133"
4963,"222,100,170"
4964,"0,8,206"
4965,"3,21,23"
4966,"145,44,24"
4967,"3,4,183"
4968,"23,74,3"
4969,"24,25,23"
4970,"38,71"
4971,"10,220"
4972,"220,10,25"
4973,"3,41,40"
4974,"3,4,435"
4975,"145,44,40"
4976,"21,3,48"
4977,"3,21,147"
4978,"23,74,118"
4979,"216,354,0"
4980,"216,254,380"
4981,"145,40,10"
4982,"311,426,40"
4983,"40,135"
4984,"169,199,281"
4985,"3,53,21"
4986,"74,23,118"
4987,"40,241,131"
4988,"0,23,169"
4989,"40,131,241"
4990,"23,74,303"
4991,"25,145,24"
4992,"3,21,5"
4993,"3,28,113"
4994,"40,41,224"
4995,"10,64,80"
4996,"23,31,306"
4997,"251,296,337"
4998,"220,10,23"
4999,"93,64,10"
5000,"145,10,40"
5001,"3,4,435"
5002,"3,21,187"
5003,"74,317,23"
5004,"3,145,115"
5005,"170,251,402"
5006,"89,23,26"
5007,"135,199,40"
5008,"40,160,315"
5009,"131,40,24"
5010,"38,23,0"
5011,"0,372,255"
5012,"40,145,402"
5013,"3,4,5"
5014,"23,38,39"
5015,"93,10,64"
5016,"10,93,64"
5017,"4,435,3"
5018,"40,170,199"
5019,"170,199,323"
5020,"138,135,40"
5021,"10,11,143"
5022,"64,10,80"
5023,"337,296,251"
5024,"3,5,6"
5025,"337,311,21"
5026,"0,313,346"
5027,"40,286,41"
5028,"3,53,111"
5029,"3,120,147"
5030,"0,271,350"
5031,"4,3,435"
5032,"138,135,40"
5033,"169,436,199"
5034,"21,187,3"
5035,"0,456,271"
5036,"3,147"
5037,"169,296,306"
5038,"337,251,38"
5039,"40,406,131"
5040,"43,24,23"
5041,"64,10,80"
5042,"23,231,118"
5043,"10,23,11"
5044,"10,93,64"
5045,"40,128,195"
5046,"3,147,148"
5047,"4,3,435"
5048,"71,24,74"
5049,"3,111"
5050,"3,263,34"
5051,"40,184,23"
5052,"40,406,131"
5053,"3,15,16"
5054,"74,118,23"
5055,"3,4"
5056,"10,64"
5057,"3,147,21"
5058,"145,45,44"
5059,"169,311,3"
5060,"3,53,111"
5061,"3,21"
5062,"170,31,337"
5063,"3,41,21"
5064,"0,291,271"
5065,"3,5,331"
5066,"0,8,235"
5067,"3,4,147"
5068,"40,131,406"
5069,"3,4,435"
5070,"340,265,0"
5071,"93,10,64"
5072,"145,40,402"
5073,"135,40,307"
5074,"3,21,187"
5075,"3,21"
5076,"3,21,13"
5077,"3,21,325"
5078,"220,10"
5079,"40,186,128"
5080,"64,10,80"
5081,"220,10"
5082,"40,184,38"
5083,"311,426,337"
5084,"145,493,40"
5085,"3,21"
5086,"40,184,185"
5087,"3,17,320"
5088,"40,131,406"
5089,"21,3,115"
5090,"259,311,426"
5091,"145,23,24"
5092,"24,25,23"
5093,"0,220,145"
5094,"11,10,12"
5095,"71,24,38"
5096,"145,69,44"
5097,"10,64,93"
5098,"0,271,291"
5099,"44,145,45"
5100,"296,169,306"
5101,"129,128,40"
5102,"170,72,145"
5103,"40,162,163"
5104,"23,38,10"
5105,"311,426,259"
5106,"187,21,3"
5107,"3,21,187"
5108,"32,31"
5109,"17,320,3"
5110,"3,21,53"
5111,"40,49,24"
5112,"3,147,148"
5113,"3,275,53"
5114,"3,164,21"
5115,"10,239,60"
5116,"251,337,296"
5117,"0,249,279"
5118,"3,147,148"
5119,"3,21,301"
5120,"3,21,182"
5121,"402,145,40"
5122,"3,147,148"
5123,"3,53,284"
5124,"10,64"
5125,"145,40,402"
5126,"40,131,241"
5127,"426,311,259"
5128,"40,131,241"
5129,"128,129,40"
5130,"220,10"
5131,"84,74,23"
5132,"40,23,175"
5133,"10,220,23"
5134,"40,402,145"
5135,"0,8,206"
5136,"40,241,131"
5137,"195,0,3"
5138,"0,206,8"
5139,"0,1,2"
5140,"10,64,93"
5141,"10,93,64"
5142,"10,64,80"
5143,"170,199,171"
5144,"26,0,23"
5145,"5,3,331"
5146,"3,495,105"
5147,"402,145,40"
5148,"216,254,0"
5149,"3,21,301"
5150,"10,64,448"
5151,"3,21,301"
5152,"64,10,80"
5153,"135,141,169"
5154,"10,11,12"
5155,"44,45,145"
5156,"3,21"
5157,"311,265,340"
5158,"40,131,241"
5159,"23,105,88"
5160,"3,435,4"
5161,"3,169,300"
5162,"199,169,343"
5163,"220,10"
5164,"23,291,346"
5165,"0,218,512"
5166,"40,23,131"
5167,"3,17,21"
5168,"25,24,23"
5169,"105,3,53"
5170,"3,145,0"
5171,"40,128,129"
5172,"3,21,40"
5173,"3,120"
5174,"72,44,145"
5175,"3,53,5"
5176,"3,147,203"
5177,"281,169,199"
5178,"508,426,169"
5179,"24,23,10"
5180,"145,44,45"
5181,"320,128,21"
5182,"10,23,25"
5183,"26,231,23"
5184,"69,44,145"
5185,"38,23,89"
5186,"3,21,301"
5187,"23,118,231"
5188,"3,5"
5189,"100,222,153"
5190,"3,21,53"
5191,"170,426,64"
5192,"402,145,40"
5193,"38,71,24"
5194,"21,40,3"
5195,"49,24,23"
5196,"72,44,10"
5197,"145,40"
5198,"40,286,74"
5199,"77,0,31"
5200,"0,337,296"
5201,"3,17,320"
5202,"129,128"
5203,"38,23,39"
5204,"23,232,118"
5205,"41,40,42"
5206,"3,28,113"
5207,"3,21,301"
5208,"0,206,8"
5209,"182,21"
5210,"39,38,23"
5211,"145,40,402"
5212,"311,426,259"
5213,"40,160,149"
5214,"3,21,182"
5215,"145,402,40"
5216,"24,40,25"
5217,"184,170,40"
5218,"199,323,170"
5219,"334,160,3"
5220,"23,169,296"
5221,"3,21,108"
5222,"145,24,402"
5223,"23,38"
5224,"40,128,129"
5225,"508,169,426"
5226,"23,26,89"
5227,"10,93,64"
5228,"0,271,456"
5229,"11,109,69"
5230,"0,291,271"
5231,"0,255,271"
5232,"3,13,21"
5233,"21,102,40"
5234,"40,128,129"
5235,"145,45,44"
5236,"291,271,0"
5237,"169,170,260"
5238,"10,93,64"
5239,"199,169"
5240,"10,145,239"
5241,"3,53,113"
5242,"23,89,26"
5243,"220,10"
5244,"40,38,137"
5245,"21,3,48"
5246,"40,151,152"
5247,"3,4"
5248,"0,169,426"
5249,"40,131,406"
5250,"40,131"
5251,"23,118,74"
5252,"3,21,48"
5253,"3,21"
5254,"23,32,31"
5255,"0,313,346"
5256,"169,199,170"
5257,"40,145,241"
5258,"0,218,145"
5259,"0,206,8"
5260,"23,26,0"
5261,"71,24,38"
5262,"60,10,61"
5263,"23,38,8"
5264,"260,23,25"
5265,"10,220"
5266,"169,339,337"
5267,"337,251,296"
5268,"435,3,4"
5269,"21,3,108"
5270,"271,0,291"
5271,"40,96,195"
5272,"23,420,10"
5273,"40,184,494"
5274,"40,131,406"
5275,"23,31,328"
5276,"0,8,206"
5277,"0,26,350"
5278,"426,311"
5279,"3,21"
5280,"23,291,0"
5281,"38,94,145"
5282,"199,170,96"
5283,"23,74,317"
5284,"0,271,291"
5285,"3,147,148"
5286,"187,3,21"
5287,"3,53,502"
5288,"3,301,53"
5289,"40,160"
5290,"3,21"
5291,"3,147,148"
5292,"40,131,241"
5293,"0,271,366"
5294,"0,313,346"
5295,"426,169,508"
5296,"40,162,250"
5297,"23,40,131"
5298,"23,296,251"
5299,"220,10"
5300,"24,43,23"
5301,"40,23"
5302,"311,337,426"
5303,"23,24,43"
5304,"25,24,23"
5305,"3,0,265"
5306,"3,21,187"
5307,"40,128,241"
5308,"145,40,402"
5309,"10,64"
5310,"74,23"
5311,"44,145,45"
5312,"40,160,3"
5313,"23,231,26"
5314,"0,291,271"
5315,"44,145,25"
5316,"0,357,169"
5317,"3,21,111"
5318,"0,265,349"
5319,"3,17,21"
5320,"53,3,169"
5321,"40,131,406"
5322,"3,21,311"
5323,"0,8,308"
5324,"40,131,145"
5325,"189,135,40"
5326,"3,111"
5327,"311,281,337"
5328,"17,3,320"
5329,"38,23"
5330,"317,74,23"
5331,"40,131,139"
5332,"23,105,326"
5333,"3,301,21"
5334,"40,135,138"
5335,"3,111,119"
5336,"199,343,169"
5337,"31,23,32"
5338,"171,199,170"
5339,"40,131"
5340,"170,199,171"
5341,"311,426,169"
5342,"3,21,164"
5343,"40,337,311"
5344,"40,145"
5345,"23,87,0"
5346,"145,44,45"
5347,"23,0,291"
5348,"350,26,0"
5349,"23,3,53"
5350,"296,420,333"
5351,"3,21,301"
5352,"40,131,134"
5353,"44,69,0"
5354,"145,54,40"
5355,"40,134,131"
5356,"3,523,53"
5357,"24,71,38"
5358,"3,147,21"
5359,"49,23,24"
5360,"0,26,23"
5361,"3,21,147"
5362,"38,128,40"
5363,"3,53,523"
5364,"44,45,145"
5365,"3,21,147"
5366,"3,147,53"
5367,"170,169,459"
5368,"131,169,170"
5369,"3,21,22"
5370,"3,4,111"
5371,"64,10,93"
5372,"31,328,170"
5373,"0,265,340"
5374,"64,199,10"
5375,"40,131,406"
5376,"281,169,199"
5377,"311,0,426"
5378,"3,4"
5379,"145,170,402"
5380,"23,24,25"
5381,"40,128,186"
5382,"220,10,24"
5383,"271,0,291"
5384,"40,131,241"
5385,"271,0,456"
5386,"96,31,23"
5387,"3,10,17"
5388,"10,11,12"
5389,"40,131,241"
5390,"145,44"
5391,"10,93,64"
5392,"169,296"
5393,"199,169,281"
5394,"402,40,145"
5395,"260,23,170"
5396,"23,38,74"
5397,"0,8,391"
5398,"0,8,271"
5399,"271,23,0"
5400,"3,21,48"
5401,"251,199,170"
5402,"49,24,23"
5403,"40,149,41"
5404,"0,271,265"
5405,"40,241,131"
5406,"40,186,128"
5407,"346,313,0"
5408,"311,426,259"
5409,"3,147,148"
5410,"0,8,206"
5411,"169,296"
5412,"337,251,296"
5413,"64,10,93"
5414,"0,337,426"
5415,"31,96,23"
5416,"3,53,16"
5417,"3,21,13"
5418,"44,145,45"
5419,"145,40,402"
5420,"3,17,320"
5421,"21,40,3"
5422,"3,21,311"
5423,"3,21,187"
5424,"93,10,64"
5425,"24,291,170"
5426,"3,53,523"
5427,"49,24,23"
5428,"64,10,80"
5429,"220,10"
5430,"3,34,21"
5431,"3,4,435"
5432,"23,24,40"
5433,"13,3,53"
5434,"0,8,235"
5435,"64,10,145"
5436,"38,71,24"
5437,"0,235,8"
5438,"0,89,26"
5439,"40,146,145"
5440,"23,89,26"
5441,"23,287,0"
5442,"0,327,8"
5443,"0,8,206"
5444,"3,111,147"
5445,"40,145,402"
5446,"271,0,291"
5447,"21,40,241"
5448,"23,0,218"
5449,"40,23,184"
5450,"60,239,23"
5451,"311,169,426"
5452,"296,169,300"
5453,"3,21,187"
5454,"0,337,296"
5455,"40,41,145"
5456,"0,271,366"
5457,"311,21,128"
5458,"296,420,169"
5459,"17,3,320"
5460,"3,147,148"
5461,"24,43,23"
5462,"140,139,74"
5463,"3,21,108"
5464,"3,21,301"
5465,"216,145,370"
5466,"0,265,349"
5467,"40,459,170"
5468,"24,43,23"
5469,"0,8,271"
5470,"231,0,23"
5471,"169,426,296"
5472,"23,74,317"
5473,"0,271,265"
5474,"0,457,271"
5475,"3,147,148"
5476,"3,111"
5477,"10,64,80"
5478,"71,38,145"
5479,"296,169,40"
5480,"426,259,311"
5481,"111,3,123"
5482,"170,171,199"
5483,"0,206,40"
5484,"3,21,311"
5485,"296,169"
5486,"3,188,287"
5487,"311,124,337"
5488,"32,31,23"
5489,"296,169,306"
5490,"164,21,3"
5491,"145,402,40"
5492,"3,21,474"
5493,"10,64"
5494,"3,301,30"
5495,"0,271,291"
5496,"128,40,129"
5497,"26,350,23"
5498,"3,204,13"
5499,"3,13,14"
5500,"10,11,489"
5501,"71,24,145"
5502,"23,24"
5503,"64,10"
5504,"23,74,38"
5505,"40,131,241"
5506,"0,377,265"
5507,"216,211,212"
5508,"0,23,271"
5509,"448,40,145"
5510,"3,21,164"
5511,"21,3,127"
5512,"135,138,40"
5513,"3,104,30"
5514,"25,24,23"
5515,"145,45,44"
5516,"40,131,241"
5517,"10,64,80"
5518,"38,23,40"
5519,"21,3"
5520,"24,71,23"
5521,"350,26,23"
5522,"23,105,145"
5523,"3,21,301"
5524,"10,220"
5525,"3,367,100"
5526,"328,31,23"
5527,"229,0,10"
5528,"119,111,3"
5529,"44,72,10"
5530,"3,388,21"
5531,"145,72,44"
5532,"23,38,91"
5533,"199,40,241"
5534,"3,111"
5535,"0,277,458"
5536,"3,506,13"
5537,"3,34,21"
5538,"454,170,169"
5539,"10,11,12"
5540,"38,71,24"
5541,"181,145,170"
5542,"3,169,311"
5543,"311,426,0"
5544,"71,38,24"
5545,"111,3,125"
5546,"24,43,23"
5547,"21,199,182"
5548,"17,320,3"
5549,"10,11,220"
5550,"374,169,40"
5551,"40,138,135"
5552,"0,40,271"
5553,"169,170,199"
5554,"271,0,291"
5555,"24,23,38"
5556,"23,10,495"
5557,"23,38,49"
5558,"0,265,349"
5559,"23,38,308"
5560,"3,147,148"
5561,"3,523,53"
5562,"44,72,10"
5563,"10,220"
5564,"23,24,181"
5565,"0,291,271"
5566,"44,145,45"
5567,"337,339,169"
5568,"3,5,133"
5569,"40,224,41"
5570,"10,220"
5571,"43,23,24"
5572,"296,49,251"
5573,"3,21"
5574,"250,135,40"
5575,"0,349,105"
5576,"170,199,171"
5577,"0,216,255"
5578,"0,457,218"
5579,"220,10"
5580,"128,40,130"
5581,"44,145,109"
5582,"3,70,4"
5583,"40,135,189"
5584,"40,406,131"
5585,"72,44,145"
5586,"135,40,138"
5587,"24,220,25"
5588,"40,130,128"
5589,"3,201,21"
5590,"0,271,214"
5591,"23,38,107"
5592,"131,40,134"
5593,"40,41,42"
5594,"220,10"
5595,"23,26,89"
5596,"0,271,291"
5597,"296,169"
5598,"40,241,131"
5599,"0,271,456"
5600,"3,523,53"
5601,"145,72,44"
5602,"3,127,21"
5603,"23,26,0"
5604,"38,23,309"
5605,"44,145,45"
5606,"220,10"
5607,"0,23,26"
5608,"10,220"
5609,"24,23,170"
5610,"3,4"
5611,"0,255,348"
5612,"0,311,271"
5613,"3,53,68"
5614,"23,231,26"
5615,"3,16,15"
5616,"10,60,239"
5617,"0,271"
5618,"0,350,26"
5619,"3,21,147"
5620,"10,93,64"
5621,"220,10"
5622,"40,128,289"
5623,"0,273,8"
5624,"0,271,456"
5625,"3,53,21"
5626,"40,145,402"
5627,"40,199,131"
5628,"40,131,23"
5629,"426,10,311"
5630,"96,23,31"
5631,"290,31,23"
5632,"128,40,195"
5633,"259,311,426"
5634,"170,169,459"
5635,"10,64,93"
5636,"199,171,170"
5637,"23,26"
5638,"11,205,10"
5639,"169,21,53"
5640,"40,128"
5641,"271,0,456"
5642,"199,169,40"
5643,"40,139"
5644,"311,259,426"
5645,"350,26"
5646,"283,40,74"
5647,"64,10,80"
5648,"23,145,40"
5649,"38,23,309"
5650,"367,100,3"
5651,"169,296,306"
5652,"0,216"
5653,"38,23"
5654,"3,4"
5655,"0,271,346"
5656,"3,21,147"
5657,"3,21,40"
5658,"3,523,53"
5659,"3,111,119"
5660,"40,135,119"
5661,"10,64,80"
5662,"40,145,146"
5663,"231,23,26"
5664,"271,0,366"
5665,"0,271"
5666,"40,139"
5667,"40,139"
5668,"118,23,74"
5669,"402,145,40"
5670,"265,0,349"
5671,"64,10,80"
5672,"145,44,45"
5673,"241,131,40"
5674,"64,10,80"
5675,"3,21,182"
5676,"53,430,169"
5677,"169,296"
5678,"74,118,23"
5679,"3,21,127"
5680,"0,271,291"
5681,"145,54,402"
5682,"3,21"
5683,"145,402,40"
5684,"40,128,160"
5685,"3,28"
5686,"3,147,53"
5687,"10,145,69"
5688,"0,313,346"
5689,"24,49,396"
5690,"64,10,89"
5691,"40,128,175"
5692,"169,296,3"
5693,"23,10,40"
5694,"23,402,145"
5695,"23,118,74"
5696,"40,145,181"
5697,"3,4,435"
5698,"49,24,23"
5699,"3,147"
5700,"160,302,40"
5701,"169,296"
5702,"3,21"
5703,"145,24,40"
5704,"10,64,93"
5705,"3,53,287"
5706,"16,15,3"
5707,"40,131,406"
5708,"259,311,426"
5709,"135,3,199"
5710,"181,145,170"
5711,"8,0,23"
5712,"0,456"
5713,"10,220"
5714,"40,131,134"
5715,"426,337,169"
5716,"337,251,296"
5717,"10,11,12"
5718,"3,523,53"
5719,"40,131,241"
5720,"199,170,171"
5721,"3,21"
5722,"220,10,145"
5723,"40,131,134"
5724,"10,64,80"
5725,"3,523,53"
5726,"0,271,366"
5727,"3,147,148"
5728,"426,311,131"
5729,"25,24,23"
5730,"199,323,170"
5731,"0,128,40"
5732,"271,291,0"
5733,"74,23,24"
5734,"40,146,145"
5735,"3,53,523"
5736,"308,0,8"
5737,"328,31,23"
5738,"3,53,21"
5739,"10,60,239"
5740,"3,4,435"
5741,"49,24,23"
5742,"220,10"
5743,"3,4,435"
5744,"265,0,349"
5745,"3,156,147"
5746,"10,64"
5747,"169,508,426"
5748,"24,23,43"
5749,"64,10,93"
5750,"220,10"
5751,"40,151,152"
5752,"138,135,40"
5753,"23,31,145"
5754,"40,151,152"
5755,"24,43,23"
5756,"199,169,311"
5757,"3,13,14"
5758,"40,135,160"
5759,"169,380,216"
5760,"220,10"
5761,"40,131,406"
5762,"3,28"
5763,"145,40"
5764,"4,3,19"
5765,"3,111,182"
5766,"145,44,72"
5767,"41,224,40"
5768,"23,169,0"
5769,"259,426,311"
5770,"3,293,111"
5771,"26,23,89"
5772,"145,54,40"
5773,"40,181,145"
5774,"3,21,301"
5775,"145,44,45"
5776,"145,44,45"
5777,"68,3,169"
5778,"3,21,127"
5779,"3,21,164"
5780,"23,0,89"
5781,"3,21,301"
5782,"145,402,40"
5783,"139,153,40"
5784,"3,156,147"
5785,"3,40,135"
5786,"169,199,260"
5787,"24,10,25"
5788,"40,175,128"
5789,"40,23,38"
5790,"23,8,26"
5791,"40,193,23"
5792,"10,90,64"
5793,"13,204,3"
5794,"265,418,10"
5795,"311,426,0"
5796,"199,170,171"
5797,"145,44,45"
5798,"260,169,296"
5799,"23,84,88"
5800,"44,11,145"
5801,"40,315,160"
5802,"38,23,40"
5803,"181,43,24"
5804,"418,23,265"
5805,"458,0,277"
5806,"0,313,346"
5807,"0,485"
5808,"3,147,148"
5809,"23,40,24"
5810,"509,218,145"
5811,"3,15,16"
5812,"426,311,259"
5813,"169,3,287"
5814,"0,271"
5815,"23,0,26"
5816,"3,30,15"
5817,"40,128"
5818,"169,296,333"
5819,"199,343,169"
5820,"220,10"
5821,"0,8,206"
5822,"0,271,255"
5823,"345,24,23"
5824,"44,45,145"
5825,"71,38,24"
5826,"23,24,345"
5827,"3,53,523"
5828,"220,10"
5829,"43,24,23"
5830,"96,10,31"
5831,"3,21,301"
5832,"40,131"
5833,"23,26,89"
5834,"23,0,89"
5835,"129,128,40"
5836,"4,3,435"
5837,"220,10"
5838,"21,3,187"
5839,"10,24,220"
5840,"40,131,241"
5841,"40,160,315"
5842,"69,44,145"
5843,"426,259,311"
5844,"3,21"
5845,"346,313,0"
5846,"3,111,21"
5847,"21,3,296"
5848,"0,3,206"
5849,"311,426,337"
5850,"220,493,145"
5851,"64,10,80"
5852,"23,74,38"
5853,"3,111,275"
5854,"199,169,40"
5855,"40,131,406"
5856,"0,220,8"
5857,"131,40"
5858,"3,17,320"
5859,"0,216,304"
5860,"10,64,93"
5861,"24,71,38"
5862,"145,44,40"
5863,"3,4,375"
5864,"402,40,145"
5865,"184,40,185"
5866,"23,38,309"
5867,"10,23,220"
5868,"23,24,10"
5869,"5,3,133"
5870,"3,21,147"
5871,"0,311,426"
5872,"64,40,10"
5873,"11,109,72"
5874,"3,21,182"
5875,"40,131,406"
5876,"265,0,3"
5877,"32,31,23"
5878,"0,271,311"
5879,"40,21,3"
5880,"40,160,315"
5881,"3,48,111"
5882,"40,131,134"
5883,"259,311,426"
5884,"23,0,38"
5885,"0,271,255"
5886,"23,24,25"
5887,"44,145,10"
5888,"49,24,23"
5889,"40,162,128"
5890,"10,25,23"
5891,"3,301,21"
5892,"0,271,366"
5893,"3,21"
5894,"23,49,24"
5895,"265,418,0"
5896,"3,40,21"
5897,"3,4,5"
5898,"3,51,21"
5899,"169,306,296"
5900,"40,406,131"
5901,"135,431,40"
5902,"170,40,3"
5903,"169,337,426"
5904,"23,74,118"
5905,"3,5,331"
5906,"44,145,11"
5907,"40,186,128"
5908,"169,40"
5909,"93,64,10"
5910,"212,211,216"
5911,"135,138,40"
5912,"25,24,23"
5913,"40,131,241"
5914,"0,8,291"
5915,"23,25,24"
5916,"40,131,406"
5917,"40,131,406"
5918,"40,128,195"
5919,"3,147,156"
5920,"44,145,23"
5921,"71,24,38"
5922,"0,216,354"
5923,"24,43,145"
5924,"0,271,291"
5925,"3,301,21"
5926,"10,64,80"
5927,"17,320"
5928,"3,13,141"
5929,"3,4,435"
5930,"418,24,23"
5931,"44,145,24"
5932,"10,93,64"
5933,"3,21"
5934,"3,30,4"
5935,"169,199,170"
5936,"218,0,509"
5937,"40,145,23"
5938,"23,26,40"
5939,"160,40,315"
5940,"212,216,211"
5941,"64,10,80"
5942,"3,4,51"
5943,"220,10,221"
5944,"3,4"
5945,"40,135,141"
5946,"74,23,118"
5947,"0,308"
5948,"10,23,220"
5949,"0,10,208"
5950,"145,402,40"
5951,"0,271,291"
5952,"38,337,91"
5953,"3,40"
5954,"40,131,241"
5955,"138,40,135"
5956,"3,147,156"
5957,"3,15,16"
5958,"3,33,147"
5959,"337,0,405"
5960,"3,21,187"
5961,"40,3,0"
5962,"3,21"
5963,"145,402,40"
5964,"147,3,148"
5965,"218,0,509"
5966,"40,131,406"
5967,"24,23,21"
5968,"3,16,15"
5969,"199,169,170"
5970,"40,38,402"
5971,"169,426,296"
5972,"24,43,23"
5973,"0,206,8"
5974,"21,3,187"
5975,"94,38,23"
5976,"135,40,189"
5977,"25,24,23"
5978,"3,187,21"
5979,"64,10"
5980,"25,24,145"
5981,"0,265,349"
5982,"0,304,271"
5983,"10,145,44"
5984,"296,23,251"
5985,"3,4,19"
5986,"40,160,128"
5987,"0,311,426"
5988,"231,23,26"
5989,"3,21,164"
5990,"170,3,199"
5991,"0,265"
5992,"212,211,216"
5993,"10,220"
5994,"40,131,241"
5995,"448,64,10"
5996,"4,3"
5997,"220,10"
5998,"5,3,331"
5999,"40,131,241"
6000,"181,170,40"
6001,"3,523,53"
6002,"3,53,111"
6003,"0,360,271"
6004,"38,0,40"
6005,"40,181,145"
6006,"40,131,241"
6007,"3,21,105"
6008,"21,3,311"
6009,"3,21,182"
6010,"10,24,64"
6011,"3,5,21"
6012,"64,93,10"
6013,"145,44,402"
6014,"3,21"
6015,"3,182,68"
6016,"3,53,21"
6017,"402,40,145"
6018,"0,218,271"
6019,"3,111,112"
6020,"43,24,23"
6021,"0,271,291"
6022,"8,0,206"
6023,"21,3"
6024,"0,8,206"
6025,"72,44,10"
6026,"3,21"
6027,"0,235,8"
6028,"147,3,156"
6029,"40,131,406"
6030,"169,3,281"
6031,"74,23,118"
6032,"255,265,348"
6033,"40,145,402"
6034,"3,53,21"
6035,"40,135,169"
6036,"402,145,40"
6037,"23,118,74"
6038,"231,23,26"
6039,"3,4,15"
6040,"40,160,315"
6041,"40,131,162"
6042,"3,111"
6043,"138,135,40"
6044,"0,279,249"
6045,"40,406,131"
6046,"220,10,221"
6047,"24,43,23"
6048,"44,145,45"
6049,"38,23,309"
6050,"23,74,303"
6051,"38,40,175"
6052,"3,10,64"
6053,"40,135,41"
6054,"40,241,131"
6055,"3,10,51"
6056,"241,40,21"
6057,"0,216,271"
6058,"10,414,169"
6059,"23,63,38"
6060,"40,128,186"
6061,"3,523,40"
6062,"40,131,241"
6063,"3,40,115"
6064,"3,135"
6065,"23,24,38"
6066,"3,104,30"
6067,"23,107,38"
6068,"169,199,170"
6069,"435,3,4"
6070,"3,4,435"
6071,"3,5"
6072,"0,271,291"
6073,"169,296,306"
6074,"3,148,21"
6075,"40,160"
6076,"145,44,72"
6077,"0,271,361"
6078,"131,40,241"
6079,"24,43,23"
6080,"145,44,509"
6081,"128,195,206"
6082,"0,216,271"
6083,"271,291,0"
6084,"0,26,23"
6085,"10,60,64"
6086,"40,160,315"
6087,"23,74,303"
6088,"23,49,24"
6089,"24,23,43"
6090,"10,64,93"
6091,"10,64,80"
6092,"199,170,323"
6093,"40,129,169"
6094,"40,23,145"
6095,"350,26,23"
6096,"3,21"
6097,"145,40,44"
6098,"3,4"
6099,"10,93,64"
6100,"8,0,206"
6101,"40,241,162"
6102,"402,145,448"
6103,"0,271,291"
6104,"40,170,199"
6105,"426,337,296"
6106,"0,265,194"
6107,"241,131,40"
6108,"72,44,145"
6109,"3,147,301"
6110,"11,10,12"
6111,"23,25,24"
6112,"40,131,241"
6113,"199,323,170"
6114,"25,24,10"
6115,"199,170,323"
6116,"0,216,211"
6117,"265,0,340"
6118,"23,0,24"
6119,"44,11,205"
6120,"0,8,206"
6121,"145,402,40"
6122,"3,16,15"
6123,"40,175,151"
6124,"3,21,41"
6125,"0,291,271"
6126,"3,147,5"
6127,"3,21,53"
6128,"40,186,128"
6129,"145,44,402"
6130,"3,21,147"
6131,"3,17,21"
6132,"3,40,21"
6133,"271,0,291"
6134,"64,10,80"
6135,"3,148,147"
6136,"44,145,45"
6137,"3,301,21"
6138,"3,21"
6139,"3,21,111"
6140,"3,21,301"
6141,"40,145,402"
6142,"10,64,93"
6143,"64,10,93"
6144,"45,44,145"
6145,"41,224,40"
6146,"145,44,45"
6147,"0,271,291"
6148,"3,34,143"
6149,"24,23,43"
6150,"3,21,301"
6151,"380,216,23"
6152,"169,259,426"
6153,"40,169,199"
6154,"23,96,145"
6155,"220,10,221"
6156,"53,287,3"
6157,"71,24,38"
6158,"40,60,23"
6159,"40,406,131"
6160,"313,346,0"
6161,"3,15,16"
6162,"152,151,40"
6163,"251,296,337"
6164,"169,311,426"
6165,"145,10,402"
6166,"170,169,199"
6167,"25,220,10"
6168,"145,40,402"
6169,"3,148,17"
6170,"5,331,3"
6171,"169,296,306"
6172,"3,21"
6173,"323,170,199"
6174,"113,3,28"
6175,"3,28,23"
6176,"40,315,128"
6177,"129,128,23"
6178,"3,99"
6179,"169,426,170"
6180,"40,152,151"
6181,"220,10"
6182,"24,23,145"
6183,"508,169,23"
6184,"231,23,26"
6185,"3,30,104"
6186,"3,17,320"
6187,"23,49,24"
6188,"24,40,181"
6189,"74,23,118"
6190,"23,350,8"
6191,"40,23,74"
6192,"0,291,271"
6193,"38,39,40"
6194,"38,71,24"
6195,"23,24,40"
6196,"3,147,156"
6197,"3,21,164"
6198,"118,23,74"
6199,"24,43,23"
6200,"367,100,40"
6201,"10,93,64"
6202,"426,311,0"
6203,"181,23,145"
6204,"40,160,315"
6205,"23,26,89"
6206,"64,10,80"
6207,"139,40,17"
6208,"216,370,402"
6209,"3,21,301"
6210,"0,8,235"
6211,"3,22,21"
6212,"40,184,243"
6213,"0,308,8"
6214,"3,15,16"
6215,"10,12,11"
6216,"145,44,45"
6217,"31,23,77"
6218,"24,43,23"
6219,"40,131,128"
6220,"220,10"
6221,"0,271,366"
6222,"3,4,40"
6223,"40,131,406"
6224,"60,239,53"
6225,"220,10"
6226,"220,10"
6227,"64,10,80"
6228,"128,40,130"
6229,"21,187,3"
6230,"0,291,271"
6231,"0,271,265"
6232,"53,3,105"
6233,"0,214,271"
6234,"169,296,3"
6235,"3,21,164"
6236,"3,147,301"
6237,"128,40,130"
6238,"145,40,23"
6239,"44,45,145"
6240,"170,199,171"
6241,"40,131"
6242,"3,120,217"
6243,"3,21,48"
6244,"171,199,170"
6245,"309,38,23"
6246,"199,170,323"
6247,"3,21,523"
6248,"426,311,337"
6249,"145,24,38"
6250,"40,160,131"
6251,"0,216,257"
6252,"3,21,48"
6253,"3,147,148"
6254,"10,220,25"
6255,"3,296,147"
6256,"138,135,40"
6257,"0,255"
6258,"309,23,38"
6259,"0,313,346"
6260,"23,24,105"
6261,"40,184,185"
6262,"0,216,249"
6263,"135,40,74"
6264,"260,169,170"
6265,"10,93,64"
6266,"3,21,301"
6267,"3,21,34"
6268,"3,4,227"
6269,"3,30,21"
6270,"40,184"
6271,"21,3"
6272,"3,147,148"
6273,"3,147,53"
6274,"44,145,69"
6275,"3,5,21"
6276,"0,213,456"
6277,"44,145,45"
6278,"170,345,40"
6279,"17,3,320"
6280,"0,271,291"
6281,"3,4,70"
6282,"3,4,435"
6283,"40,21,160"
6284,"3,4,51"
6285,"3,435,4"
6286,"0,271,255"
6287,"10,64,93"
6288,"170,171,199"
6289,"40,3,111"
6290,"31,23,32"
6291,"40,131,139"
6292,"23,24,49"
6293,"3,53"
6294,"3,21,23"
6295,"145,44,45"
6296,"53,287,3"
6297,"8,206,0"
6298,"40,138,135"
6299,"10,44,64"
6300,"40,131,406"
6301,"259,426,311"
6302,"0,8,206"
6303,"23,24,145"
6304,"271,0,291"
6305,"44,145,45"
6306,"169,40,160"
6307,"3,81,30"
6308,"145,44,10"
6309,"3,21,315"
6310,"24,43,23"
6311,"44,145,72"
6312,"23,24,49"
6313,"40,169,426"
6314,"145,40,402"
6315,"118,74,23"
6316,"3,301,53"
6317,"145,44,40"
6318,"64,80,10"
6319,"64,10,80"
6320,"3,30"
6321,"181,23,145"
6322,"10,64,448"
6323,"145,95,54"
6324,"426,311,0"
6325,"128,130,40"
6326,"259,169,426"
6327,"3,4"
6328,"170,171,199"
6329,"220,10"
6330,"17,320,3"
6331,"3,4,28"
6332,"31,32,23"
6333,"10,23,21"
6334,"145,23,402"
6335,"38,23,82"
6336,"3,287,53"
6337,"3,13,21"
6338,"3,53,15"
6339,"38,23,231"
6340,"3,301,21"
6341,"13,3,14"
6342,"44,45,145"
6343,"181,145,323"
6344,"0,271,291"
6345,"0,8,206"
6346,"40,145,44"
6347,"220,10"
6348,"0,40,271"
6349,"3,53,13"
6350,"169,199,170"
6351,"40,160,151"
6352,"265,0,418"
6353,"255,271,0"
6354,"3,21"
6355,"145,54,40"
6356,"3,147,148"
6357,"96,31,23"
6358,"3,4,5"
6359,"23,283,74"
6360,"0,3,100"
6361,"311,426,337"
6362,"24,23,43"
6363,"41,224,40"
6364,"3,281,53"
6365,"283,74,40"
6366,"128,40,130"
6367,"420,23,31"
6368,"10,220"
6369,"111,119,3"
6370,"145,44,45"
6371,"3,53,467"
6372,"0,216,211"
6373,"3,111,40"
6374,"220,10,24"
6375,"40,131,406"
6376,"3,21,187"
6377,"49,23,24"
6378,"40,184"
6379,"3,53,147"
6380,"0,265,418"
6381,"271,0,291"
6382,"0,457,218"
6383,"220,23,10"
6384,"42,41,40"
6385,"62,23,24"
6386,"0,8,457"
6387,"311,259,426"
6388,"0,206,8"
6389,"3,523,53"
6390,"74,23"
6391,"25,24,40"
6392,"38,23,24"
6393,"21,3,187"
6394,"40,145,402"
6395,"251,296,216"
6396,"40,184,243"
6397,"0,291,311"
6398,"0,271,255"
6399,"220,10"
6400,"44,11,145"
6401,"0,265,349"
6402,"3,169,147"
6403,"3,301,21"
6404,"181,43,10"
6405,"24,23,43"
6406,"0,369,208"
6407,"40,145,146"
6408,"3,0,111"
6409,"0,313,271"
6410,"3,301,51"
6411,"23,74"
6412,"15,16,3"
6413,"40,145,24"
6414,"40,187,241"
6415,"3,301,147"
6416,"3,435,5"
6417,"243,74,184"
6418,"184,170,199"
6419,"40,131,406"
6420,"40,135,138"
6421,"3,435,4"
6422,"40,131,241"
6423,"170,323,199"
6424,"64,10,80"
6425,"3,13,204"
6426,"0,235,8"
6427,"40,131,241"
6428,"523,53,3"
6429,"40,131,406"
6430,"0,8"
6431,"251,337,296"
6432,"265,418,0"
6433,"49,24,23"
6434,"346,313,271"
6435,"40,184,185"
6436,"23,107,38"
6437,"40,241,131"
6438,"3,147,148"
6439,"3,17,320"
6440,"40,131"
6441,"0,291,271"
6442,"337,311,426"
6443,"107,23,38"
6444,"10,93,64"
6445,"3,4,389"
6446,"40,184,185"
6447,"4,3,435"
6448,"3,145,10"
6449,"3,17,21"
6450,"337,296,251"
6451,"40,169,135"
6452,"38,39,23"
6453,"8,0,206"
6454,"145,402,40"
6455,"145,44,45"
6456,"8,0"
6457,"3,16,15"
6458,"49,24,40"
6459,"3,21"
6460,"10,64,448"
6461,"0,313,271"
6462,"220,10"
6463,"113,3,28"
6464,"23,31,8"
6465,"3,21,115"
6466,"23,43,93"
6467,"311,426,0"
6468,"24,23,43"
6469,"40,131,241"
6470,"0,229,160"
6471,"40,13,3"
6472,"43,24,23"
6473,"3,147,53"
6474,"523,53,3"
6475,"40,131"
6476,"21,41,40"
6477,"128,129,40"
6478,"0,271,291"
6479,"42,21,41"
6480,"0,213,214"
6481,"40,241,23"
6482,"296,169"
6483,"40,315,160"
6484,"23,31,145"
6485,"0,216,277"
6486,"0,265,271"
6487,"3,28,5"
6488,"134,131,23"
6489,"40,38,131"
6490,"3,111,267"
6491,"0,271,456"
6492,"170,182,199"
6493,"28,3,367"
6494,"10,93,64"
6495,"169,296"
6496,"64,10,80"
6497,"40,241,131"
6498,"0,8,206"
6499,"337,296,251"
6500,"71,145,44"
6501,"3,111,147"
6502,"0,206,8"
6503,"31,40,145"
6504,"220,10"
6505,"10,90,64"
6506,"0,271"
6507,"40,3,21"
6508,"145,44"
6509,"128,129,40"
6510,"145,40,402"
6511,"3,53,21"
6512,"199,282,111"
6513,"3,21,169"
6514,"145,44,45"
6515,"10,220,221"
6516,"44,145,45"
6517,"40,145"
6518,"11,10,44"
6519,"74,303,23"
6520,"40,131,406"
6521,"40,145"
6522,"53,523,3"
6523,"3,5,331"
6524,"402,40,145"
6525,"170,171,199"
6526,"169,199,296"
6527,"40,160,315"
6528,"3,21,301"
6529,"3,147,21"
6530,"21,3,301"
6531,"23,10,38"
6532,"0,271,291"
6533,"3,4,435"
6534,"40,431,135"
6535,"23,24,25"
6536,"40,3,111"
6537,"3,111,21"
6538,"3,85,147"
6539,"40,128,129"
6540,"402,40,145"
6541,"128,40,129"
6542,"0,170,291"
6543,"220,10"
6544,"3,21"
6545,"309,23,38"
6546,"64,23,10"
6547,"3,147,21"
6548,"40,315,160"
6549,"40,186,128"
6550,"40,406,131"
6551,"0,313,346"
6552,"402,145,40"
6553,"64,93,10"
6554,"10,220"
6555,"3,111,21"
6556,"205,11,23"
6557,"170,171,199"
6558,"23,32,31"
6559,"23,24,0"
6560,"431,135,40"
6561,"10,23"
6562,"296,23,169"
6563,"40,131,23"
6564,"71,38,24"
6565,"38,71,24"
6566,"139,222,40"
6567,"3,21,53"
6568,"3,17,320"
6569,"296,251,337"
6570,"0,271"
6571,"8,0,235"
6572,"38,23,103"
6573,"23,0,26"
6574,"24,49,23"
6575,"111,3,41"
6576,"169,0,337"
6577,"145,44,72"
6578,"0,277,1"
6579,"135,431,40"
6580,"40,145,402"
6581,"23,418,24"
6582,"40,131,406"
6583,"42,41,40"
6584,"40,151,494"
6585,"137,23,38"
6586,"3,15,16"
6587,"43,24,23"
6588,"24,220,71"
6589,"311,426,1"
6590,"23,40"
6591,"40,241,131"
6592,"40,139"
6593,"220,10"
6594,"145,40,502"
6595,"23,38,63"
6596,"169,23,170"
6597,"3,35,160"
6598,"3,4,7"
6599,"10,220,24"
6600,"23,38,91"
6601,"44,45,145"
6602,"3,21,169"
6603,"10,40,64"
6604,"224,40,41"
6605,"21,3,182"
6606,"523,3,53"
6607,"135,259,311"
6608,"118,23,74"
6609,"10,93,64"
6610,"3,147,148"
6611,"271,0,291"
6612,"309,23,38"
6613,"11,44,10"
6614,"169,287,53"
6615,"40,135,138"
6616,"3,4,435"
6617,"131,241,40"
6618,"40,128"
6619,"3,17,320"
6620,"3,21,147"
6621,"40,145,402"
6622,"0,211,449"
6623,"206,0,8"
6624,"40,135,169"
6625,"10,12,11"
6626,"138,135,40"
6627,"3,21,301"
6628,"10,220"
6629,"3,5,331"
6630,"0,271"
6631,"255,0"
6632,"3,21,127"
6633,"0,271,291"
6634,"53,287,3"
6635,"118,23,107"
6636,"8,308,23"
6637,"3,21,5"
6638,"23,308,8"
6639,"64,10,80"
6640,"3,147,148"
6641,"0,271,291"
6642,"169,170,13"
6643,"38,137,128"
6644,"3,40,147"
6645,"26,23,231"
6646,"145,40,44"
6647,"199,171,170"
6648,"405,8,129"
6649,"331,5,3"
6650,"337,296,251"
6651,"145,40,54"
6652,"41,40,224"
6653,"23,38,24"
6654,"317,74,23"
6655,"3,21,53"
6656,"40,3,41"
6657,"23,38"
6658,"169,311,426"
6659,"187,21,3"
6660,"220,10"
6661,"23,43,24"
6662,"402,40,145"
6663,"40,128"
6664,"220,10"
6665,"3,21,120"
6666,"216,0,313"
6667,"16,15,3"
6668,"40,406,131"
6669,"23,40,74"
6670,"61,40,60"
6671,"89,26,23"
6672,"8,0,405"
6673,"23,10,419"
6674,"0,218"
6675,"31,96,23"
6676,"64,10,93"
6677,"199,169,311"
6678,"40,195,128"
6679,"0,8,206"
6680,"0,249,279"
6681,"23,309"
6682,"40,54,10"
6683,"64,448,10"
6684,"21,3,301"
6685,"138,135,40"
6686,"160,40,315"
6687,"3,21,169"
6688,"0,216,145"
6689,"0,271,291"
6690,"25,24,3"
6691,"40,3,21"
6692,"135,311,426"
6693,"3,21"
6694,"0,255,271"
6695,"3,147"
6696,"3,111"
6697,"3,53,68"
6698,"40,131,241"
6699,"3,21,301"
6700,"3,21,53"
6701,"10,12,11"
6702,"40,250,128"
6703,"220,10,221"
6704,"3,21"
6705,"23,38,231"
6706,"3,13,14"
6707,"23,24,25"
6708,"3,53,15"
6709,"181,40,145"
6710,"313,0,346"
6711,"10,93,24"
6712,"3,21"
6713,"199,169,343"
6714,"38,23,137"
6715,"311,259,426"
6716,"220,10,221"
6717,"43,24,23"
6718,"0,8,391"
6719,"0,8,265"
6720,"94,38,23"
6721,"145,44,45"
6722,"145,402,44"
6723,"23,40,38"
6724,"10,220"
6725,"40,131,241"
6726,"199,170,171"
6727,"0,271,291"
6728,"3,53,523"
6729,"40,131,406"
6730,"0,214,218"
6731,"199,171,170"
6732,"21,3,187"
6733,"3,21"
6734,"145,44,45"
6735,"8,0,26"
6736,"40,241,38"
6737,"145,402,40"
6738,"10,220"
6739,"3,147,111"
6740,"8,0,206"
6741,"199,169,170"
6742,"59,23,44"
6743,"220,10"
6744,"8,0,206"
6745,"3,53,17"
6746,"74,23"
6747,"170,199,323"
6748,"3,21,187"
6749,"3,74"
6750,"3,111,4"
6751,"0,271,291"
6752,"40,3"
6753,"40,3"
6754,"23,139,40"
6755,"169,296"
6756,"10,220"
6757,"38,23,3"
6758,"3,21,187"
6759,"3,33,36"
6760,"26,23,8"
6761,"10,11,60"
6762,"169,199"
6763,"231,26,23"
6764,"3,30,81"
6765,"3,111,21"
6766,"271,0,291"
6767,"145,44,45"
6768,"220,24,23"
6769,"311,426,296"
6770,"35,36,3"
6771,"0,277"
6772,"23,118,74"
6773,"40,160"
6774,"3,21,53"
6775,"3,4,375"
6776,"3,17,320"
6777,"169,296,306"
6778,"40,128,129"
6779,"0,271,456"
6780,"3,17,320"
6781,"40,131,241"
6782,"23,118,231"
6783,"311,426,259"
6784,"145,44,45"
6785,"0,265,271"
6786,"10,145,419"
6787,"40,406,131"
6788,"23,145,40"
6789,"169,23,38"
6790,"0,8,206"
6791,"10,23,40"
6792,"0,8,235"
6793,"220,10"
6794,"49,24,23"
6795,"271,0,456"
6796,"135,40,431"
6797,"23,63,40"
6798,"3,169,281"
6799,"3,4,364"
6800,"3,4,435"
6801,"24,38,71"
6802,"3,13,61"
6803,"271,0,291"
6804,"10,64,90"
6805,"3,38,303"
6806,"25,23,24"
6807,"0,169"
6808,"169,311,426"
6809,"3,435,4"
6810,"0,265,255"
6811,"40,21,3"
6812,"3,21"
6813,"3,187,21"
6814,"3,4,331"
6815,"44,11,145"
6816,"40,160,315"
6817,"199,169,281"
6818,"3,28,21"
6819,"21,3,164"
6820,"0,349,265"
6821,"0,265,213"
6822,"128,175,40"
6823,"40,128"
6824,"0,271,363"
6825,"10,64,80"
6826,"135,431,40"
6827,"40,131,406"
6828,"0,271,360"
6829,"10,145,43"
6830,"23,31,32"
6831,"24,43,170"
6832,"508,426,169"
6833,"21,3,182"
6834,"3,53,523"
6835,"40,135,295"
6836,"4,3,19"
6837,"64,80,10"
6838,"23,131,40"
6839,"23,40,0"
6840,"220,10,25"
6841,"337,311,426"
6842,"24,71,38"
6843,"23,39,38"
6844,"286,41,40"
6845,"0,271"
6846,"402,145,40"
6847,"187,3,21"
6848,"44,509,145"
6849,"23,24,43"
6850,"3,21"
6851,"23,25,3"
6852,"10,145,448"
6853,"0,265,418"
6854,"71,145,38"
6855,"3,21"
6856,"23,53,38"
6857,"3,16,15"
6858,"8,0,206"
6859,"0,313,346"
6860,"169,426,311"
6861,"169,199,343"
6862,"3,36,35"
6863,"145,44,45"
6864,"11,12,10"
6865,"40,162"
6866,"311,426,337"
6867,"10,64,60"
6868,"0,271,291"
6869,"64,10,80"
6870,"3,523,53"
6871,"40,131,145"
6872,"40,131,406"
6873,"23,145,44"
6874,"0,271"
6875,"0,271,23"
6876,"259,311,426"
6877,"26,89,40"
6878,"339,337,169"
6879,"21,3,127"
6880,"0,8,206"
6881,"25,24,10"
6882,"169,281,199"
6883,"181,40,145"
6884,"0,350,271"
6885,"296,169"
6886,"199,40,23"
6887,"181,145,40"
6888,"3,40,127"
6889,"145,44,45"
6890,"0,271,363"
6891,"23,105,106"
6892,"0,23,26"
6893,"0,271,214"
6894,"23,38"
6895,"23,43,24"
6896,"40,128,320"
6897,"0,265,340"
6898,"105,3,53"
6899,"40,128,130"
6900,"23,38,500"
6901,"11,10,205"
6902,"337,251,23"
6903,"220,221,10"
6904,"23,38,39"
6905,"23,26,308"
6906,"74,23,303"
6907,"3,15,16"
6908,"23,118,74"
6909,"145,402,40"
6910,"8,0,391"
6911,"16,15,3"
6912,"199,171,170"
6913,"40,131,406"
6914,"0,8,206"
6915,"8,0,206"
6916,"74,317,23"
6917,"23,38,40"
6918,"328,23,31"
6919,"70,4,40"
6920,"3,147,4"
6921,"220,10"
6922,"3,435,4"
6923,"118,23,74"
6924,"404,23,3"
6925,"77,0,31"
6926,"23,26,89"
6927,"10,220"
6928,"214,213,0"
6929,"23,94,38"
6930,"3,120"
6931,"64,10,80"
6932,"40,151,152"
6933,"296,251,337"
6934,"10,24,25"
6935,"3,85,86"
6936,"3,40,128"
6937,"145,40,54"
6938,"3,275,111"
6939,"44,45,145"
6940,"165,24,23"
6941,"265,0,349"
6942,"145,40,502"
6943,"170,199,171"
6944,"3,4"
6945,"23,24,105"
6946,"195,40,169"
6947,"0,291,8"
6948,"156,3,147"
6949,"5,6,3"
6950,"3,204,13"
6951,"10,64,93"
6952,"24,49,23"
6953,"169,311,3"
6954,"10,220"
6955,"448,64,10"
6956,"220,10,221"
6957,"3,16,15"
6958,"220,10"
6959,"296,337,251"
6960,"3,30,227"
6961,"3,169,296"
6962,"145,40"
6963,"4,3,435"
6964,"241,40,131"
6965,"426,311,337"
6966,"23,0,26"
6967,"8,0,308"
6968,"0,216,366"
6969,"49,23,24"
6970,"3,17,51"
6971,"3,21"
6972,"40,131,241"
6973,"145,44,45"
6974,"71,38,24"
6975,"170,40,171"
6976,"10,220,24"
6977,"3,17,21"
6978,"3,21,53"
6979,"0,8,206"
6980,"3,21,147"
6981,"10,220"
6982,"199,323,170"
6983,"10,93,64"
6984,"40,128,149"
6985,"40,186,41"
6986,"251,24,199"
6987,"169,426,320"
6988,"40,160"
6989,"170,199,171"
6990,"169,170,145"
6991,"0,251,89"
6992,"41,224,40"
6993,"296,169,411"
6994,"38,87,23"
6995,"3,435,4"
6996,"21,3,187"
6997,"40,184,185"
6998,"169,170,171"
6999,"131,134,40"
7000,"10,93,64"
7001,"10,64,90"
7002,"455,128,0"
7003,"64,10,93"
7004,"3,21,187"
7005,"40,128"
7006,"169,296,371"
7007,"40,3,243"
7008,"3,147,148"
7009,"3,435,4"
7010,"3,4"
7011,"40,131,406"
7012,"3,147,148"
7013,"40,23,165"
7014,"0,363,40"
7015,"23,32,31"
7016,"145,44"
7017,"0,271,363"
7018,"17,320,3"
7019,"3,182,53"
7020,"118,23,500"
7021,"402,23,40"
7022,"40,128,131"
7023,"72,44,10"
7024,"38,39,23"
7025,"3,182,111"
7026,"169,296,41"
7027,"346,313,40"
7028,"271,360,0"
7029,"489,10,90"
7030,"40,41,224"
7031,"3,28,523"
7032,"3,21,17"
7033,"26,89,0"
7034,"0,271,291"
7035,"24,60,10"
7036,"145,44,45"
7037,"3,34"
7038,"40,184,131"
7039,"10,11,60"
7040,"311,426,184"
7041,"40,145,23"
7042,"181,40,145"
7043,"10,64,93"
7044,"145,24,43"
7045,"138,135,40"
7046,"145,44,45"
7047,"145,40,23"
7048,"21,3,301"
7049,"40,128"
7050,"311,426,337"
7051,"8,405,426"
7052,"350,26,23"
7053,"220,10,25"
7054,"40,160,315"
7055,"311,426,169"
7056,"23,25,145"
7057,"0,8,206"
7058,"3,53,13"
7059,"23,38,91"
7060,"3,21,301"
7061,"3,4,133"
7062,"317,23,40"
7063,"251,337,296"
7064,"89,23,26"
7065,"40,0,289"
7066,"0,271,291"
7067,"23,24,25"
7068,"259,311,426"
7069,"206,0,8"
7070,"23,74,118"
7071,"169,296"
7072,"175,23,40"
7073,"23,137,40"
7074,"49,24,3"
7075,"25,23,24"
7076,"0,265,349"
7077,"402,145,40"
7078,"23,118,74"
7079,"23,251,337"
7080,"3,17,320"
7081,"145,45,44"
7082,"10,220,493"
7083,"170,171,199"
7084,"0,8,235"
7085,"3,53,287"
7086,"23,38"
7087,"38,23,91"
7088,"43,24,23"
7089,"3,147,148"
7090,"3,5,331"
7091,"10,93,64"
7092,"23,40,145"
7093,"3,21,40"
7094,"13,3,204"
7095,"145,44,402"
7096,"201,21,3"
7097,"220,10,221"
7098,"3,169"
7099,"23,169,31"
7100,"0,313,346"
7101,"32,31,23"
7102,"145,23,44"
7103,"49,23,24"
7104,"23,74,303"
7105,"40,186,128"
7106,"145,40,402"
7107,"24,49,23"
7108,"44,145,72"
7109,"23,38,3"
7110,"10,60,11"
7111,"23,74,118"
7112,"170,426,337"
7113,"40,169"
7114,"38,23,309"
7115,"26,23,350"
7116,"40,23,145"
7117,"24,43,23"
7118,"25,23,24"
7119,"40,406,131"
7120,"40,128,129"
7121,"145,40,402"
7122,"0,8,235"
7123,"138,135,40"
7124,"3,53,21"
7125,"31,96,23"
7126,"170,199,169"
7127,"3,21"
7128,"220,10,40"
7129,"10,64,93"
7130,"3,53,21"
7131,"311,426,337"
7132,"44,24,10"
7133,"0,271,366"
7134,"10,44,64"
7135,"0,313,346"
7136,"337,251,296"
7137,"0,271,265"
7138,"3,182,111"
7139,"3,21,301"
7140,"3,21,164"
7141,"40,289,129"
7142,"3,23,105"
7143,"220,10"
7144,"337,251,426"
7145,"169,296"
7146,"38,23,74"
7147,"0,271,291"
7148,"40,128"
7149,"40,145,243"
7150,"3,169,311"
7151,"169,199,281"
7152,"199,169,170"
7153,"199,281,426"
7154,"0,206,8"
7155,"145,45,44"
7156,"111,224,40"
7157,"3,30,227"
7158,"3,21,199"
7159,"40,175,128"
7160,"40,186,160"
7161,"193,23,131"
7162,"171,170,199"
7163,"3,502,53"
7164,"40,111,3"
7165,"170,260,169"
7166,"169,311,426"
7167,"74,23,118"
7168,"3,40,111"
7169,"3,21,127"
7170,"0,145"
7171,"40,160,315"
7172,"40,160,128"
7173,"3,435,4"
7174,"0,8,235"
7175,"3,15,16"
7176,"0,360,218"
7177,"148,3,147"
7178,"0,255,271"
7179,"0,265,349"
7180,"138,135,40"
7181,"131,241,40"
7182,"40,128"
7183,"231,23,26"
7184,"169,296,411"
7185,"40,402,145"
7186,"402,145,40"
7187,"3,111,5"
7188,"40,181,10"
7189,"10,220,24"
7190,"3,53,523"
7191,"3,474,111"
7192,"170,10,323"
7193,"40,131,406"
7194,"128,40,129"
7195,"0,271,456"
7196,"40,160,315"
7197,"23,10,169"
7198,"40,41,286"
7199,"145,402,44"
7200,"0,271,8"
7201,"135,40,141"
7202,"10,64,93"
7203,"0,23,279"
7204,"199,169,343"
7205,"40,145,23"
7206,"145,402,40"
7207,"216,0"
7208,"3,111,53"
7209,"145,44,40"
7210,"3,52,51"
7211,"3,15,16"
7212,"3,435,4"
7213,"128,129,40"
7214,"24,23,43"
7215,"10,80,64"
7216,"3,287,53"
7217,"138,135,169"
7218,"40,135,431"
7219,"10,93,64"
7220,"24,25,23"
7221,"105,287,23"
7222,"145,402,40"
7223,"199,169,343"
7224,"220,10"
7225,"169,199,170"
7226,"3,21,28"
7227,"3,53,265"
7228,"3,204,13"
7229,"40,131,241"
7230,"3,21,301"
7231,"40,131,241"
7232,"0,271,23"
7233,"23,74"
7234,"3,34,21"
7235,"23,32,31"
7236,"10,220"
7237,"145,40,44"
7238,"21,3,108"
7239,"3,519,105"
7240,"3,53,51"
7241,"169,199"
7242,"3,53"
7243,"199,169,414"
7244,"13,3,204"
7245,"3,21,52"
7246,"160,40,315"
7247,"3,301,21"
7248,"40,146,145"
7249,"23,38"
7250,"311,0,277"
7251,"3,156,147"
7252,"3,21"
7253,"23,31,420"
7254,"40,130,128"
7255,"25,145,24"
7256,"139,40,17"
7257,"3,64,10"
7258,"426,259,139"
7259,"0,265,349"
7260,"24,43,23"
7261,"3,331,5"
7262,"40,31,23"
7263,"40,162"
7264,"0,366,216"
7265,"0,49,23"
7266,"23,38,26"
7267,"456,0,271"
7268,"3,147,148"
7269,"169,199,343"
7270,"105,23,519"
7271,"3,21,187"
7272,"3,169,170"
7273,"40,41,135"
7274,"3,21,187"
7275,"0,291,271"
7276,"0,271,291"
7277,"43,24,23"
7278,"23,40,170"
7279,"40,151,160"
7280,"3,53,21"
7281,"3,4,435"
7282,"40,49,24"
7283,"145,45,44"
7284,"0,265,291"
7285,"3,147,156"
7286,"0,265,273"
7287,"169,337,199"
7288,"3,53,187"
7289,"337,251,296"
7290,"3,4,70"
7291,"40,146,145"
7292,"23,31,32"
7293,"21,3,40"
7294,"40,131,241"
7295,"3,21"
7296,"0,8,206"
7297,"49,24,23"
7298,"0,265,340"
7299,"23,26,89"
7300,"44,45"
7301,"10,93,64"
7302,"311,337,169"
7303,"44,11,145"
7304,"169,337,339"
7305,"145,402,40"
7306,"17,3,320"
7307,"23,345,24"
7308,"181,10,40"
7309,"28,3,29"
7310,"3,21,41"
7311,"3,4,435"
7312,"11,44,12"
7313,"181,145,40"
7314,"265,0,255"
7315,"0,271,360"
7316,"131,40,241"
7317,"3,147,33"
7318,"23,118,74"
7319,"169,337,296"
7320,"23,118,74"
7321,"40,135,138"
7322,"40,131,193"
7323,"21,3,187"
7324,"31,77,171"
7325,"0,271,291"
7326,"26,231,0"
7327,"3,21"
7328,"135,431,40"
7329,"0,271,291"
7330,"3,21"
7331,"32,23,31"
7332,"41,224,40"
7333,"128,40,129"
7334,"291,271,0"
7335,"337,23,296"
7336,"169,281,259"
7337,"23,38,74"
7338,"60,10,239"
7339,"128,40,130"
7340,"3,15,16"
7341,"23,38,231"
7342,"40,186,128"
7343,"3,21,164"
7344,"199,171,170"
7345,"3,160,21"
7346,"40,3,123"
7347,"3,104,30"
7348,"231,23,26"
7349,"3,21,301"
7350,"40,74,283"
7351,"0,265,271"
7352,"3,23"
7353,"40,131,241"
7354,"265,0,340"
7355,"10,239,64"
7356,"13,3,5"
7357,"343,169,199"
7358,"3,111,21"
7359,"21,169,3"
7360,"8,0,206"
7361,"100,367,3"
7362,"40,131,406"
7363,"3,4,70"
7364,"3,35,36"
7365,"10,64,80"
7366,"169,170,436"
7367,"23,74,118"
7368,"286,41,3"
7369,"23,40,131"
7370,"220,10,0"
7371,"216,0,211"
7372,"15,16,3"
7373,"3,111"
7374,"3,21,301"
7375,"175,40,128"
7376,"145,44"
7377,"44,145,45"
7378,"40,128,129"
7379,"3,4,435"
7380,"296,26,251"
7381,"3,21,127"
7382,"220,10,25"
7383,"3,21,187"
7384,"0,218,457"
7385,"212,211,216"
7386,"4,3,435"
7387,"44,72,10"
7388,"23,24,49"
7389,"3,147,148"
7390,"3,21"
7391,"40,128,129"
7392,"145,40,10"
7393,"31,23,77"
7394,"38,10,23"
7395,"145,96,31"
7396,"40,131,241"
7397,"3,28,364"
7398,"220,10"
7399,"89,23,26"
7400,"145,402,40"
7401,"105,23,326"
7402,"64,10,40"
7403,"216,370,260"
7404,"40,131,241"
7405,"64,10,80"
7406,"40,131,241"
7407,"0,249,279"
7408,"199,169,170"
7409,"24,43,23"
7410,"3,21,169"
7411,"40,162,163"
7412,"40,135"
7413,"3,111,275"
7414,"3,147,156"
7415,"145,44,40"
7416,"40,145,402"
7417,"259,426,311"
7418,"40,131,406"
7419,"23,38,309"
7420,"509,218,0"
7421,"21,3,187"
7422,"0,265,337"
7423,"10,64"
7424,"23,38"
7425,"3,21,53"
7426,"44,10,24"
7427,"0,265,349"
7428,"3,111,147"
7429,"44,45,145"
7430,"224,3,41"
7431,"26,350,231"
7432,"169,170,459"
7433,"3,23,118"
7434,"169,199,281"
7435,"40,128,38"
7436,"3,21"
7437,"10,43,23"
7438,"271,0,291"
7439,"3,145,23"
7440,"0,350,346"
7441,"10,11,12"
7442,"426,311,259"
7443,"11,10,205"
7444,"169,199,343"
7445,"3,28,113"
7446,"23,26,38"
7447,"31,96,23"
7448,"3,21,127"
7449,"23,49,24"
7450,"3,21,22"
7451,"3,21"
7452,"145,44,38"
7453,"3,265,21"
7454,"0,291"
7455,"3,5,133"
7456,"311,426,337"
7457,"10,64,80"
7458,"23,118,74"
7459,"145,44,10"
7460,"26,23,350"
7461,"3,17,320"
7462,"49,23,24"
7463,"21,3,127"
7464,"169,374,459"
7465,"21,3,127"
7466,"23,40,131"
7467,"0,8,206"
7468,"74,303,165"
7469,"3,51,52"
7470,"23,24,40"
7471,"63,38,23"
7472,"199,323,170"
7473,"199,170,40"
7474,"0,271,498"
7475,"3,17,320"
7476,"160,40,315"
7477,"135,138,169"
7478,"10,24,23"
7479,"271,363,0"
7480,"3,21"
7481,"10,11,72"
7482,"454,169,170"
7483,"3,287,53"
7484,"0,291,457"
7485,"64,80,10"
7486,"216,370,0"
7487,"40,131,134"
7488,"347,255,444"
7489,"40,162"
7490,"3,147,148"
7491,"41,40,201"
7492,"40,128,175"
7493,"25,24,220"
7494,"49,24,0"
7495,"38,309,23"
7496,"41,224,40"
7497,"220,10"
7498,"0,271,346"
7499,"199,169"
7500,"3,4,5"
7501,"0,271,291"
7502,"145,44,45"
7503,"271,0,456"
7504,"31,169,454"
7505,"24,345,251"
7506,"23,74,118"
7507,"3,53,5"
7508,"171,170,199"
7509,"24,23,71"
7510,"3,21,275"
7511,"40,71,38"
7512,"0,271,337"
7513,"10,93,60"
7514,"23,32,31"
7515,"42,41,3"
7516,"3,21"
7517,"311,426,259"
7518,"40,131"
7519,"199,40,170"
7520,"25,24,220"
7521,"23,38,39"
7522,"25,24,23"
7523,"199,170,337"
7524,"0,265,255"
7525,"40,131,23"
7526,"3,523,148"
7527,"40,131,241"
7528,"3,111,51"
7529,"184,40,199"
7530,"24,23,93"
7531,"145,44,10"
7532,"40,145,437"
7533,"3,435,17"
7534,"3,16,15"
7535,"24,25,23"
7536,"10,64,65"
7537,"3,160,35"
7538,"3,187,53"
7539,"0,8,38"
7540,"135,189"
7541,"169,199,281"
7542,"40,3,21"
7543,"31,32,23"
7544,"0,366,271"
7545,"3,21,187"
7546,"0,8,308"
7547,"10,24,0"
7548,"0,218,255"
7549,"145,402,40"
7550,"3,40,145"
7551,"0,271,372"
7552,"3,21,199"
7553,"3,16,15"
7554,"10,64,90"
7555,"220,10"
7556,"290,31,23"
7557,"3,4,435"
7558,"40,135,74"
7559,"169,170,459"
7560,"71,38"
7561,"3,13,204"
7562,"0,24,418"
7563,"23,43,24"
7564,"3,15,16"
7565,"234,60,21"
7566,"23,220,10"
7567,"8,0,206"
7568,"220,10"
7569,"3,301"
7570,"10,93,64"
7571,"41,42,40"
7572,"24,71,145"
7573,"220,10"
7574,"3,17,40"
7575,"23,38,308"
7576,"3,4,435"
7577,"131,40,241"
7578,"296,251,337"
7579,"72,23,60"
7580,"23,38,82"
7581,"45,44,145"
7582,"0,216,271"
7583,"3,15,16"
7584,"40,131,241"
7585,"169,3,311"
7586,"3,21,147"
7587,"43,24,23"
7588,"3,147,148"
7589,"145,44,45"
7590,"3,147,148"
7591,"40,135"
7592,"3,147,148"
7593,"3,4,435"
7594,"16,15,3"
7595,"0,271"
7596,"24,23,43"
7597,"220,40,10"
7598,"23,40,24"
7599,"345,24,337"
7600,"199,169,281"
7601,"24,43,23"
7602,"71,38,24"
7603,"31,96,23"
7604,"23,38,137"
7605,"0,271,363"
7606,"26,23,350"
7607,"3,147"
7608,"220,10"
7609,"24,49,23"
7610,"0,169,452"
7611,"3,21"
7612,"64,10,80"
7613,"0,216,271"
7614,"10,11,12"
7615,"271,0,291"
7616,"24,25,10"
7617,"145,40,44"
7618,"3,53,52"
7619,"105,23,25"
7620,"181,23,24"
7621,"44,72,145"
7622,"23,49,10"
7623,"3,523,53"
7624,"170,199,171"
7625,"0,291"
7626,"3,15,21"
7627,"3,17,320"
7628,"21,3"
7629,"40,160,186"
7630,"23,24,49"
7631,"3,53,111"
7632,"43,23,24"
7633,"220,10,145"
7634,"23,26,89"
7635,"21,187,3"
7636,"10,23,96"
7637,"23,40,145"
7638,"40,152,151"
7639,"3,21,301"
7640,"49,23,24"
7641,"290,31,23"
7642,"0,271,277"
7643,"129,0,128"
7644,"21,3,164"
7645,"40,23,74"
7646,"3,5,228"
7647,"255,0"
7648,"23,38,40"
7649,"0,265,349"
7650,"169,296,300"
7651,"220,10"
7652,"160,40,315"
7653,"169,296"
7654,"64,10"
7655,"26,89,23"
7656,"43,24,40"
7657,"3,15,16"
7658,"38,40,137"
7659,"21,3,305"
7660,"3,21,51"
7661,"241,131,40"
7662,"220,10"
7663,"71,24,145"
7664,"170,323,199"
7665,"40,131"
7666,"40,431,311"
7667,"3,17,51"
7668,"3,147,148"
7669,"5,169,3"
7670,"0,255,271"
7671,"171,199,170"
7672,"220,10,40"
7673,"10,220"
7674,"169,170,459"
7675,"23,31,10"
7676,"128,195"
7677,"23,31,169"
7678,"43,24,23"
7679,"3,21"
7680,"21,3,182"
7681,"199,171,170"
7682,"40,131,406"
7683,"0,291,271"
7684,"3,21,301"
7685,"454,10,31"
7686,"0,349,265"
7687,"3,4,111"
7688,"40,138,135"
7689,"53,3,523"
7690,"3,21,164"
7691,"40,138,135"
7692,"241,131,40"
7693,"64,10,80"
7694,"3,17,320"
7695,"0,145,218"
7696,"0,216"
7697,"3,28"
7698,"40,135,23"
7699,"23,49,24"
7700,"40,169,170"
7701,"40,131,193"
7702,"311,426,337"
7703,"64,10,93"
7704,"39,23,38"
7705,"40,128,195"
7706,"275,3,111"
7707,"3,156,147"
7708,"25,24,23"
7709,"40,128,130"
7710,"40,315,160"
7711,"23,38"
7712,"3,0,340"
7713,"74,71,38"
7714,"350,26,0"
7715,"24,23,25"
7716,"0,426,311"
7717,"40,128,3"
7718,"145,80,10"
7719,"3,5,21"
7720,"40,131,406"
7721,"10,64,80"
7722,"3,21,41"
7723,"23,118,74"
7724,"3,287,53"
7725,"145,40,402"
7726,"42,41,3"
7727,"10,64,40"
7728,"40,146,145"
7729,"3,40,139"
7730,"40,17,128"
7731,"171,170,199"
7732,"195,3,21"
7733,"23,0"
7734,"64,10"
7735,"61,10,24"
7736,"40,87,38"
7737,"3,188"
7738,"40,315,160"
7739,"3,17,320"
7740,"145,40"
7741,"290,31,23"
7742,"3,4,435"
7743,"3,21,147"
7744,"3,21,53"
7745,"3,21,147"
7746,"40,186,41"
7747,"3,21,53"
7748,"10,231,23"
7749,"40,3,128"
7750,"10,437,145"
7751,"3,4,435"
7752,"0,271,291"
7753,"40,3,139"
7754,"265,0,349"
7755,"17,320"
7756,"3,169,296"
7757,"169,508,426"
7758,"23,31,32"
7759,"23,454,31"
7760,"23,38"
7761,"0,255,265"
7762,"40,145,402"
7763,"0,271,291"
7764,"23,26,231"
7765,"16,15,3"
7766,"10,64,93"
7767,"3,21,187"
7768,"16,15,3"
7769,"40,135,236"
7770,"3,147"
7771,"3,147,21"
7772,"3,147,40"
7773,"251,337,296"
7774,"0,271,458"
7775,"0,8"
7776,"523,53,3"
7777,"38,0,8"
7778,"40,131,406"
7779,"493,145,10"
7780,"44,145,45"
7781,"3,147,21"
7782,"165,23,74"
7783,"337,311,0"
7784,"3,4,435"
7785,"220,10"
7786,"3,111,21"
7787,"23,91,26"
7788,"313,0,346"
7789,"23,38,308"
7790,"23,38,26"
7791,"145,44,11"
7792,"40,3,21"
7793,"40,241,131"
7794,"10,220,24"
7795,"111,123,3"
7796,"220,10"
7797,"337,145,251"
7798,"169,296,40"
7799,"38,23,39"
7800,"241,131,40"
7801,"72,44,145"
7802,"40,23,74"
7803,"44,145,62"
7804,"17,3,320"
7805,"3,17"
7806,"40,131"
7807,"53,3,281"
7808,"3,53,287"
7809,"419,10,11"
7810,"0,271,291"
7811,"3,21"
7812,"10,11,145"
7813,"0,216,1"
7814,"170,169,171"
7815,"40,41,224"
7816,"40,139"
7817,"10,90,64"
7818,"3,21,187"
7819,"21,3,164"
7820,"24,43,23"
7821,"71,38,24"
7822,"0,271,291"
7823,"44,45,23"
7824,"3,15,16"
7825,"3,53,287"
7826,"135,431,40"
7827,"0,265"
7828,"40,89,23"
7829,"0,457,218"
7830,"23,231"
7831,"311,199,426"
7832,"77,0,31"
7833,"145,40,23"
7834,"3,21,301"
7835,"40,251,337"
7836,"251,337,296"
7837,"251,337,296"
7838,"11,205,59"
7839,"44,145,72"
7840,"3,68,182"
7841,"23,26,91"
7842,"40,145,44"
7843,"28,3,29"
7844,"265,0,349"
7845,"24,43,23"
7846,"40,131"
7847,"40,160,315"
7848,"3,4,435"
7849,"3,17,21"
7850,"21,3,301"
7851,"3,148,147"
7852,"40,128,130"
7853,"0,8,206"
7854,"24,23,40"
7855,"251,296,337"
7856,"145,44,45"
7857,"40,145,169"
7858,"40,160,186"
7859,"0,265,349"
7860,"0,8,235"
7861,"3,4,435"
7862,"23,74,118"
7863,"40,145,146"
7864,"3,105,53"
7865,"3,53,287"
7866,"197,145"
7867,"49,24,23"
7868,"0,271,291"
7869,"3,53,111"
7870,"93,64,10"
7871,"23,24,49"
7872,"3,30,53"
7873,"40,169"
7874,"0,271,455"
7875,"40,131,241"
7876,"23,3,38"
7877,"10,64,60"
7878,"40,315,41"
7879,"311,426,40"
7880,"40,3,21"
7881,"265,349,340"
7882,"64,10,93"
7883,"60,10,24"
7884,"40,135,138"
7885,"0,291,271"
7886,"17,320,3"
7887,"523,53,3"
7888,"0,265,418"
7889,"32,23,31"
7890,"15,3,16"
7891,"0,249,279"
7892,"234,60,21"
7893,"0,8,235"
7894,"3,147,148"
7895,"13,3,14"
7896,"135,74,23"
7897,"199,170,171"
7898,"40,160,315"
7899,"3,128,21"
7900,"220,10,23"
7901,"23,24,169"
7902,"0,271"
7903,"0,26,218"
7904,"3,21,164"
7905,"3,53,21"
7906,"199,170,171"
7907,"21,3,53"
7908,"311,259,426"
7909,"169,40,170"
7910,"199,170,171"
7911,"145,40,23"
7912,"74,23,165"
7913,"0,311,271"
7914,"64,10,93"
7915,"3,21,147"
7916,"3,53,523"
7917,"181,23,40"
7918,"145,40,44"
7919,"296,337,251"
7920,"251,296,337"
7921,"220,10,0"
7922,"296,169"
7923,"448,64,10"
7924,"3,169,170"
7925,"38,94,23"
7926,"64,10,93"
7927,"23,24"
7928,"74,23,317"
7929,"40,131,406"
7930,"271,0,291"
7931,"3,13"
7932,"0,349,265"
7933,"3,111,17"
7934,"3,31,21"
7935,"426,311,0"
7936,"3,53,523"
7937,"0,8,206"
7938,"44,45,145"
7939,"3,15,16"
7940,"135,141,40"
7941,"23,32,31"
7942,"11,10,72"
7943,"135,431,40"
7944,"128,129,40"
7945,"31,23,328"
7946,"311,337,426"
7947,"24,23,43"
7948,"135,138,40"
7949,"145,40,24"
7950,"23,44,145"
7951,"3,21"
7952,"4,3,19"
7953,"40,131,406"
7954,"0,271"
7955,"160,40,315"
7956,"3,111,282"
7957,"145,40,402"
7958,"40,241,102"
7959,"0,265,418"
7960,"311,426,259"
7961,"0,216,277"
7962,"145,44,45"
7963,"4,3,435"
7964,"3,10,296"
7965,"3,13,204"
7966,"3,16,15"
7967,"3,21,301"
7968,"145,40,193"
7969,"169,3,339"
7970,"40,41,3"
7971,"189,40,307"
7972,"40,131,241"
7973,"3,21,164"
7974,"0,271,456"
7975,"308,8,23"
7976,"145,44,45"
7977,"145,24,45"
7978,"0,271,216"
7979,"40,128,3"
7980,"181,145,23"
7981,"38,23,137"
7982,"40,131,241"
7983,"111,3,119"
7984,"3,21,164"
7985,"40,131"
7986,"10,296,169"
7987,"129,40,128"
7988,"194,128,40"
7989,"23,220,24"
7990,"89,26,23"
7991,"24,43,23"
7992,"3,34,46"
7993,"265,418,0"
7994,"181,145,40"
7995,"169,281,199"
7996,"271,0,291"
7997,"3,21,51"
7998,"3,13,204"
7999,"231,23,26"
8000,"337,311,426"
8001,"3,74,495"
8002,"40,131,406"
8003,"3,111,119"
8004,"89,40,23"
8005,"139,17,170"
8006,"64,10,80"
8007,"3,15,16"
8008,"3,301,21"
8009,"231,26,23"
8010,"26,350,23"
8011,"3,275,111"
8012,"8,0,308"
8013,"23,24,49"
8014,"0,271"
8015,"0,8,308"
8016,"199,169,40"
8017,"21,3,127"
8018,"21,3,164"
8019,"44,145,45"
8020,"234,60,21"
8021,"3,21,147"
8022,"38,87,8"
8023,"3,40,131"
8024,"44,61,10"
8025,"40,111,3"
8026,"111,40,138"
8027,"10,11,12"
8028,"0,271,366"
8029,"3,435,4"
8030,"3,21,187"
8031,"199,169,311"
8032,"23,38,89"
8033,"17,3,320"
8034,"23,420,31"
8035,"21,3,301"
8036,"74,40,317"
8037,"40,146,145"
8038,"40,175,128"
8039,"64,10,80"
8040,"3,21,187"
8041,"296,113,169"
8042,"40,139"
8043,"0,271,291"
8044,"40,131,241"
8045,"220,10,24"
8046,"3,53,21"
8047,"3,13,204"
8048,"13,3,14"
8049,"460,93,31"
8050,"3,17,320"
8051,"23,26,350"
8052,"8,206,0"
8053,"169,3,300"
8054,"3,17,320"
8055,"145,44,95"
8056,"169,23,109"
8057,"23,346,89"
8058,"3,30"
8059,"23,38,74"
8060,"10,220"
8061,"10,220,145"
8062,"40,241,131"
8063,"40,128,130"
8064,"145,181,40"
8065,"417,169,426"
8066,"3,52,51"
8067,"3,301,21"
8068,"3,17,53"
8069,"145,402,40"
8070,"3,17,320"
8071,"10,11,12"
8072,"145,72,44"
8073,"135,138,40"
8074,"23,508,24"
8075,"71,38,24"
8076,"184,40,185"
8077,"14,13,10"
8078,"38,71,54"
8079,"3,21,22"
8080,"40,131,241"
8081,"43,24,23"
8082,"0,8,23"
8083,"40,131,406"
8084,"40,500"
8085,"128,40,130"
8086,"3,21,187"
8087,"0,249,279"
8088,"0,291,271"
8089,"0,8,23"
8090,"0,218,313"
8091,"3,113,28"
8092,"145,44,45"
8093,"220,10"
8094,"199,170,171"
8095,"311,426,259"
8096,"131,40,406"
8097,"3,5,53"
8098,"220,265,23"
8099,"40,145,402"
8100,"38,23,39"
8101,"170,171,199"
8102,"23,38,88"
8103,"3,21,40"
8104,"3,21,435"
8105,"3,21,301"
8106,"145,40,402"
8107,"3,21,201"
8108,"3,53,523"
8109,"0,271"
8110,"3,147,53"
8111,"24,43,23"
8112,"169,31,23"
8113,"3,4,53"
8114,"40,128"
8115,"23,241,40"
8116,"3,35,36"
8117,"10,220,25"
8118,"3,147,148"
8119,"0,8,308"
8120,"231,23,26"
8121,"24,23,43"
8122,"3,15,16"
8123,"23,74,40"
8124,"296,306,169"
8125,"199,170,323"
8126,"45,44,145"
8127,"145,44"
8128,"23,31,96"
8129,"40,243,184"
8130,"23,38,107"
8131,"0,265,349"
8132,"32,31,23"
8133,"40,151,3"
8134,"220,10"
8135,"0,218"
8136,"296,169,306"
8137,"3,523,53"
8138,"3,13,21"
8139,"10,220,23"
8140,"23,74,38"
8141,"3,21"
8142,"145,44,45"
8143,"199,170,323"
8144,"169,296,333"
8145,"40,160,145"
8146,"3,21,17"
8147,"3,53,287"
8148,"3,4,53"
8149,"26,0,23"
8150,"169,296"
8151,"0,235,8"
8152,"160,302,40"
8153,"23,72,169"
8154,"0,291,271"
8155,"3,21"
8156,"0,313,346"
8157,"23,40,131"
8158,"0,8,308"
8159,"38,309,23"
8160,"40,128,186"
8161,"184,40"
8162,"3,187,21"
8163,"3,156,147"
8164,"23,24,145"
8165,"40,184,3"
8166,"24,23,43"
8167,"3,127,21"
8168,"3,4"
8169,"3,21,127"
8170,"0,271"
8171,"38,44,145"
8172,"169,343,199"
8173,"26,89,0"
8174,"0,254,271"
8175,"0,271"
8176,"40,131,241"
8177,"3,111,23"
8178,"0,265,349"
8179,"3,4,435"
8180,"291,271,0"
8181,"40,406,131"
8182,"241,40,131"
8183,"38,137,71"
8184,"40,131,406"
8185,"402,145,40"
8186,"182,21,68"
8187,"3,182,68"
8188,"3,40,21"
8189,"170,426,199"
8190,"31,96,23"
8191,"40,186,128"
8192,"3,15,16"
8193,"40,145,181"
8194,"3,28,147"
8195,"23,38,137"
8196,"145,402,40"
8197,"3,301,21"
8198,"128,3,175"
8199,"10,64,93"
8200,"10,23,220"
8201,"212,211,216"
8202,"3,369,0"
8203,"3,21,164"
8204,"38,23,8"
8205,"0,8"
8206,"23,0,8"
8207,"0,271,291"
8208,"40,131,241"
8209,"145,337,251"
8210,"0,456,271"
8211,"59,40,145"
8212,"74,23,317"
8213,"0,235,8"
8214,"309,38,23"
8215,"0,271,291"
8216,"10,220,25"
8217,"3,17,320"
8218,"3,4,435"
8219,"49,23,24"
8220,"3,21,53"
8221,"23,24,49"
8222,"23,25,105"
8223,"3,21,301"
8224,"24,23,49"
8225,"49,24,23"
8226,"131,40,241"
8227,"128,40,186"
8228,"0,291,271"
8229,"296,169,23"
8230,"21,3,127"
8231,"0,271,429"
8232,"23,404,74"
8233,"24,43,23"
8234,"3,53"
8235,"308,38,8"
8236,"23,40,63"
8237,"3,523,53"
8238,"265,349,3"
8239,"0,357,271"
8240,"271,0,291"
8241,"145,181,40"
8242,"3,4,51"
8243,"40,131,241"
8244,"160,315,40"
8245,"40,145,402"
8246,"234,21,60"
8247,"44,45,145"
8248,"3,435,4"
8249,"0,211,212"
8250,"23,32,31"
8251,"169,184,337"
8252,"0,255,271"
8253,"0,8,206"
8254,"64,10,80"
8255,"10,60,239"
8256,"10,239,60"
8257,"3,0,21"
8258,"23,24,49"
8259,"40,131,134"
8260,"181,40,145"
8261,"10,170,24"
8262,"25,24,23"
8263,"3,169,21"
8264,"370,216,0"
8265,"199,169,170"
8266,"3,10,30"
8267,"10,24,23"
8268,"311,259,426"
8269,"23,74,24"
8270,"0,291,449"
8271,"3,170,21"
8272,"337,426,311"
8273,"0,8,23"
8274,"3,4,435"
8275,"24,43,23"
8276,"74,23,137"
8277,"128,40,3"
8278,"3,523,53"
8279,"23,31,32"
8280,"220,10"
8281,"40,131"
8282,"3,15,16"
8283,"169,3,296"
8284,"0,271,265"
8285,"131,134,40"
8286,"160,40,315"
8287,"3,21"
8288,"3,30,148"
8289,"3,4"
8290,"23,24,43"
8291,"10,220,402"
8292,"10,64,80"
8293,"40,184,131"
8294,"24,49,23"
8295,"0,206,8"
8296,"199,343,169"
8297,"3,275,53"
8298,"134,131,40"
8299,"3,4,5"
8300,"426,311,271"
8301,"0,485,169"
8302,"3,301,21"
8303,"3,23,118"
8304,"23,26"
8305,"3,53,523"
8306,"3,51,52"
8307,"0,8,206"
8308,"3,5,133"
8309,"21,40,41"
8310,"21,3,40"
8311,"0,485,313"
8312,"10,64,93"
8313,"23,38,137"
8314,"0,145,216"
8315,"3,21,182"
8316,"0,271,213"
8317,"21,3,301"
8318,"40,199,23"
8319,"49,24,23"
8320,"169,170,311"
8321,"111,3,224"
8322,"24,23,43"
8323,"181,24,199"
8324,"145,10,40"
8325,"10,64"
8326,"296,337,251"
8327,"40,128,129"
8328,"23,40,74"
8329,"508,169,426"
8330,"220,10"
8331,"3,21,5"
8332,"24,323,199"
8333,"10,11,12"
8334,"3,147"
8335,"3,21,17"
8336,"3,199,281"
8337,"38,309,250"
8338,"21,3,40"
8339,"160,334,40"
8340,"3,17,320"
8341,"3,40"
8342,"3,5,331"
8343,"0,235,8"
8344,"10,64,93"
8345,"0,271,291"
8346,"21,3,301"
8347,"40,41,286"
8348,"17,23,40"
8349,"23,74,118"
8350,"62,24,23"
8351,"44,45,10"
8352,"145,265,23"
8353,"23,103,26"
8354,"145,402,40"
8355,"3,40,35"
8356,"93,10,64"
8357,"3,51,52"
8358,"40,23,175"
8359,"145,10"
8360,"23,105"
8361,"311,169,426"
8362,"199,171,170"
8363,"40,346,313"
8364,"283,74,23"
8365,"271,0"
8366,"3,4,435"
8367,"23,31,32"
8368,"11,69,44"
8369,"3,15,16"
8370,"63,23,38"
8371,"0,271,291"
8372,"40,169,199"
8373,"40,23,193"
8374,"40,152,151"
8375,"17,3,320"
8376,"205,10,59"
8377,"0,313,346"
8378,"3,15,16"
8379,"145,11,44"
8380,"38,71,24"
8381,"3,40,164"
8382,"195,128,512"
8383,"74,23,303"
8384,"44,145"
8385,"0,8"
8386,"187,21,3"
8387,"145,40,402"
8388,"3,21,53"
8389,"220,10,23"
8390,"3,111"
8391,"40,315,160"
8392,"3,21,187"
8393,"3,21,127"
8394,"31,32,23"
8395,"21,3,281"
8396,"265,0,340"
8397,"145,44,45"
8398,"170,171,199"
8399,"23,145,31"
8400,"44,69,145"
8401,"40,53,131"
8402,"3,4,53"
8403,"169,311,199"
8404,"169,199,170"
8405,"23,169,259"
8406,"23,89,26"
8407,"44,145,60"
8408,"3,53,523"
8409,"3,41,385"
8410,"74,23,303"
8411,"0,23,216"
8412,"31,23,145"
8413,"38,71,145"
8414,"64,10,93"
8415,"145,44"
8416,"0,145"
8417,"10,64,93"
8418,"3,4,176"
8419,"38,23,74"
8420,"0,271,456"
8421,"10,64,80"
8422,"23,26,0"
8423,"138,40,169"
8424,"40,134,131"
8425,"40,131"
8426,"23,24"
8427,"231,23,26"
8428,"24,71,38"
8429,"40,145,402"
8430,"21,139,40"
8431,"169,199,281"
8432,"0,271,291"
8433,"10,64,448"
8434,"10,44,69"
8435,"3,296,169"
8436,"3,111,21"
8437,"0,265,340"
8438,"309,38,23"
8439,"3,56,17"
8440,"40,128,296"
8441,"3,17,320"
8442,"0,8,206"
8443,"17,3,320"
8444,"71,38,24"
8445,"38,309,3"
8446,"259,311,426"
8447,"44,145,45"
8448,"0,271,456"
8449,"3,5,331"
8450,"0,8,291"
8451,"23,81,38"
8452,"3,53,523"
8453,"0,218,271"
8454,"128,40,130"
8455,"38,309,23"
8456,"38,23,197"
8457,"3,21,115"
8458,"169,508,62"
8459,"0,265,349"
8460,"0,271,444"
8461,"346,313,0"
8462,"38,23,231"
8463,"24,145,40"
8464,"3,145,40"
8465,"40,160"
8466,"0,26,271"
8467,"41,224,40"
8468,"193,40,131"
8469,"44,72,145"
8470,"3,17,320"
8471,"1,277,0"
8472,"426,311,259"
8473,"64,93,10"
8474,"323,170,199"
8475,"0,8,206"
8476,"0,313"
8477,"181,40,24"
8478,"220,10"
8479,"169,420,296"
8480,"3,16,15"
8481,"10,220"
8482,"0,129,8"
8483,"220,23,10"
8484,"199,311,426"
8485,"220,10"
8486,"3,21,40"
8487,"169,40,160"
8488,"3,74,21"
8489,"10,64"
8490,"169,199,343"
8491,"40,128,186"
8492,"229,169,230"
8493,"3,21,28"
8494,"23,25,24"
8495,"23,24,49"
8496,"0,271"
8497,"323,170,40"
8498,"64,10,80"
8499,"169,311,426"
8500,"259,311,426"
8501,"3,28"
8502,"8,0,206"
8503,"23,419,10"
8504,"169,312,426"
8505,"60,10,239"
8506,"3,41,40"
8507,"199,169,170"
8508,"10,11,44"
8509,"40,315,160"
8510,"137,38,23"
8511,"199,323,170"
8512,"131,241,40"
8513,"3,523,53"
8514,"40,0,128"
8515,"3,17,320"
8516,"169,426,312"
8517,"337,251,296"
8518,"0,291,271"
8519,"145,44,45"
8520,"199,169,170"
8521,"3,147,148"
8522,"23,308,26"
8523,"0,40"
8524,"135,40,141"
8525,"60,234,74"
8526,"26,23,231"
8527,"72,145,44"
8528,"3,112,111"
8529,"241,131,40"
8530,"337,0,311"
8531,"24,23,25"
8532,"3,53,523"
8533,"3,30"
8534,"220,10"
8535,"3,21,147"
8536,"145,44,40"
8537,"23,26,231"
8538,"23,24,44"
8539,"0,218,8"
8540,"3,21"
8541,"138,135,40"
8542,"111,31,77"
8543,"40,3,21"
8544,"220,10"
8545,"3,21,147"
8546,"0,255"
8547,"3,21,187"
8548,"40,146,145"
8549,"0,8,23"
8550,"40,160,151"
8551,"216,212,0"
8552,"0,10,11"
8553,"3,21,17"
8554,"3,21"
8555,"3,281,104"
8556,"3,21,111"
8557,"169,0,337"
8558,"38,23,137"
8559,"220,10,221"
8560,"64,10"
8561,"11,10"
8562,"10,64"
8563,"231,26,23"
8564,"145,44,45"
8565,"0,8"
8566,"402,145,40"
8567,"170,323,199"
8568,"337,251,296"
8569,"40,131,241"
8570,"3,21,124"
8571,"3,21,127"
8572,"220,10,221"
8573,"259,426,311"
8574,"0,291,271"
8575,"3,111,119"
8576,"220,40,10"
8577,"3,120,225"
8578,"135,431,40"
8579,"24,43,23"
8580,"3,28,29"
8581,"39,38,23"
8582,"10,23,74"
8583,"3,21,182"
8584,"26,350"
8585,"128,40,129"
8586,"3,301,21"
8587,"23,24,49"
8588,"145,44,402"
8589,"23,38,137"
8590,"40,169,248"
8591,"40,10,145"
8592,"24,23,43"
8593,"337,169,311"
8594,"23,145,493"
8595,"169,426,311"
8596,"64,10,93"
8597,"0,213,214"
8598,"426,259,311"
8599,"16,15,3"
8600,"40,128,195"
8601,"64,10,80"
8602,"170,21,72"
8603,"3,40,41"
8604,"40,334,111"
8605,"21,3,187"
8606,"3,111,112"
8607,"109,44,145"
8608,"311,426,337"
8609,"170,199,169"
8610,"21,3,187"
8611,"118,74,23"
8612,"145,40,23"
8613,"145,44,69"
8614,"0,366,265"
8615,"38,309,23"
8616,"271,0,291"
8617,"10,23,49"
8618,"3,21"
8619,"40,10,24"
8620,"3,40,33"
8621,"3,147"
8622,"128,3,194"
8623,"311,259,426"
8624,"17,3,143"
8625,"40,131,406"
8626,"220,10"
8627,"40,38,24"
8628,"40,151,152"
8629,"23,105,180"
8630,"3,4,5"
8631,"340,311,21"
8632,"350,26,23"
8633,"169,296"
8634,"40,41,21"
8635,"3,296,169"
8636,"181,23,24"
8637,"3,86,85"
8638,"241,131,40"
8639,"3,147,156"
8640,"40,23,107"
8641,"40,128,41"
8642,"40,131,134"
8643,"26,350,0"
8644,"44,72,145"
8645,"3,349"
8646,"3,21,40"
8647,"193,131,40"
8648,"40,186,160"
8649,"3,111,169"
8650,"3,147,148"
8651,"265,0,418"
8652,"216,211,212"
8653,"40,128"
8654,"160,169,40"
8655,"25,24,23"
8656,"3,301,21"
8657,"40,131,3"
8658,"49,24,23"
8659,"49,24,23"
8660,"128,40,130"
8661,"271,0,456"
8662,"11,10,44"
8663,"131,40,241"
8664,"145,40,45"
8665,"40,131,406"
8666,"0,271,366"
8667,"0,426,213"
8668,"3,4,435"
8669,"0,271,8"
8670,"3,120,16"
8671,"0,23"
8672,"220,10"
8673,"0,271"
8674,"40,135,250"
8675,"3,53,523"
8676,"10,64"
8677,"3,21,127"
8678,"169,199,170"
8679,"24,23,49"
8680,"259,311,426"
8681,"0,8,206"
8682,"3,21"
8683,"3,147,148"
8684,"169,170,199"
8685,"3,53,523"
8686,"259,311,426"
8687,"24,23,40"
8688,"24,49,23"
8689,"0,8,206"
8690,"337,199,311"
8691,"3,34,21"
8692,"40,41,21"
8693,"21,3,301"
8694,"64,80,10"
8695,"138,135,40"
8696,"64,10,448"
8697,"23,170,323"
8698,"220,10"
8699,"0,8,235"
8700,"271,0,291"
8701,"64,10,80"
8702,"3,36,35"
8703,"3,147,148"
8704,"0,1,337"
8705,"24,23,43"
8706,"135,40,23"
8707,"23,38,40"
8708,"0,23,313"
8709,"23,38,24"
8710,"23,508,24"
8711,"129,128,40"
8712,"0,350,23"
8713,"40,23"
8714,"145,40,10"
8715,"171,199,170"
8716,"42,41,40"
8717,"40,128,186"
8718,"10,64,93"
8719,"3,21"
8720,"0,271,255"
8721,"3,53"
8722,"3,148,147"
8723,"32,31,23"
8724,"169,40,135"
8725,"40,24,402"
8726,"10,64,65"
8727,"49,23,24"
8728,"23,74,118"
8729,"3,17,320"
8730,"134,40,131"
8731,"0,271"
8732,"145,44,45"
8733,"138,135,40"
8734,"3,23,123"
8735,"40,128"
8736,"3,48,21"
8737,"24,23,43"
8738,"145,402,40"
8739,"38,39,337"
8740,"23,24,49"
8741,"26,23,89"
8742,"3,275,53"
8743,"199,170,323"
8744,"10,220"
8745,"0,214,271"
8746,"40,145,402"
8747,"3,21,51"
8748,"169,296"
8749,"271,291,0"
8750,"0,40,444"
8751,"0,271,456"
8752,"40,145,437"
8753,"0,271,291"
8754,"10,11,12"
8755,"3,175,40"
8756,"0,265,340"
8757,"220,10"
8758,"0,265"
8759,"154,3,10"
8760,"111,3,119"
8761,"40,0,128"
8762,"426,311,0"
8763,"138,135,40"
8764,"3,523,53"
8765,"0,271,291"
8766,"32,31,23"
8767,"71,38,24"
8768,"10,145,44"
8769,"131,193,40"
8770,"0,271,429"
8771,"220,10,24"
8772,"23,26"
8773,"145,24,40"
8774,"40,131,241"
8775,"10,64,93"
8776,"3,21"
8777,"0,265,340"
8778,"24,43,23"
8779,"21,3"
8780,"135,23,295"
8781,"0,265"
8782,"40,131,145"
8783,"281,169,199"
8784,"259,23,311"
8785,"10,64,448"
8786,"145,44,402"
8787,"43,24,23"
8788,"3,21,147"
8789,"74,23,303"
8790,"220,10"
8791,"10,220"
8792,"0,23"
8793,"23,40,10"
8794,"311,287,199"
8795,"3,21,301"
8796,"0,355,456"
8797,"3,204,13"
8798,"10,64,93"
8799,"3,21,301"
8800,"40,186,128"
8801,"291,0,8"
8802,"23,31,32"
8803,"0,220,10"
8804,"23,24,181"
8805,"0,277"
8806,"72,44,145"
8807,"49,24,23"
8808,"111,3,267"
8809,"31,23,32"
8810,"26,23,0"
8811,"367,100,3"
8812,"10,64,239"
8813,"0,2,1"
8814,"23,118,74"
8815,"3,21,301"
8816,"3,21,187"
8817,"3,21,53"
8818,"0,291,271"
8819,"23,8,26"
8820,"131,241,40"
8821,"0,271,291"
8822,"296,251,337"
8823,"0,271,291"
8824,"0,429,271"
8825,"38,71,24"
8826,"3,15,16"
8827,"135,40,431"
8828,"3,21"
8829,"0,8"
8830,"0,271,456"
8831,"3,17,21"
8832,"40,145"
8833,"3,13,204"
8834,"3,13,301"
8835,"0,8,235"
8836,"0,10,220"
8837,"170,199,171"
8838,"23,74,118"
8839,"0,313,346"
8840,"3,21,301"
8841,"128,40,130"
8842,"23,84,74"
8843,"3,21,41"
8844,"49,24,23"
8845,"500,3,118"
8846,"251,337,296"
8847,"3,21,41"
8848,"40,145,146"
8849,"40,146,145"
8850,"64,10,80"
8851,"40,131,241"
8852,"220,10,221"
8853,"169,281,199"
8854,"199,169,281"
8855,"40,131,406"
8856,"24,23,10"
8857,"145,402,40"
8858,"10,220"
8859,"346,313,44"
8860,"23,26"
8861,"0,446,337"
8862,"3,435,4"
8863,"10,64,80"
8864,"23,74,118"
8865,"170,199,323"
8866,"199,40,170"
8867,"53,169,337"
8868,"23,32,31"
8869,"3,169,199"
8870,"23,74,118"
8871,"199,170,323"
8872,"11,10,12"
8873,"3,4,435"
8874,"145,402,40"
8875,"40,128"
8876,"30,3,104"
8877,"231,26,23"
8878,"8,0,206"
8879,"170,199,171"
8880,"3,21,127"
8881,"265,418,0"
8882,"0,271,291"
8883,"145,402,40"
8884,"3,4,435"
8885,"40,131,241"
8886,"3,53,15"
8887,"220,10"
8888,"38,23,39"
8889,"3,111,474"
8890,"402,145,40"
8891,"170,199,171"
8892,"296,169,0"
8893,"3,1,311"
8894,"265,0,418"
8895,"3,17,301"
8896,"0,372,271"
8897,"3,148,147"
8898,"220,10"
8899,"3,147,148"
8900,"0,206,8"
8901,"199,170,323"
8902,"40,41"
8903,"23,38,24"
8904,"45,44,145"
8905,"3,147,148"
8906,"3,4,435"
8907,"40,134,131"
8908,"367,100,40"
8909,"40,186,128"
8910,"32,31,23"
8911,"71,38,24"
8912,"3,28,30"
8913,"337,251,296"
8914,"3,147,21"
8915,"40,162,163"
8916,"40,494,184"
8917,"40,131,406"
8918,"145,40,402"
8919,"3,21,147"
8920,"23,74,118"
8921,"169,199,170"
8922,"23,25,24"
8923,"3,5"
8924,"0,8,235"
8925,"31,481,169"
8926,"40,128,130"
8927,"10,93,64"
8928,"3,21,41"
8929,"3,15,53"
8930,"145,44,72"
8931,"169,296,428"
8932,"61,10,60"
8933,"43,23,24"
8934,"367,100,40"
8935,"231,26"
8936,"3,120,21"
8937,"24,49,23"
8938,"0,8,218"
8939,"251,337,26"
8940,"53,287,3"
8941,"3,53,263"
8942,"169,199,281"
8943,"220,10,24"
8944,"0,265,218"
8945,"26,337,251"
8946,"235,8,0"
8947,"23,26,0"
8948,"181,170,24"
8949,"220,24,10"
8950,"3,53,325"
8951,"131,241,40"
8952,"139,3,155"
8953,"169,23,260"
8954,"93,10,64"
8955,"138,135,40"
8956,"145,40,402"
8957,"171,170,199"
8958,"3,21"
8959,"128,40,130"
8960,"220,10"
8961,"40,24,38"
8962,"224,41,40"
8963,"23,24,105"
8964,"145,402,40"
8965,"145,38,40"
8966,"3,287,53"
8967,"3,147,148"
8968,"3,4"
8969,"21,3,108"
8970,"3,16,15"
8971,"309,38,250"
8972,"3,21,127"
8973,"216,0,380"
8974,"40,160,315"
8975,"3,147,148"
8976,"3,265,68"
8977,"131,40,134"
8978,"145,44,45"
8979,"64,80,10"
8980,"220,10"
8981,"3,523,53"
8982,"40,145,44"
8983,"3,156,147"
8984,"311,337,426"
8985,"145,0,216"
8986,"370,216,0"
8987,"0,291,271"
8988,"23,26,89"
8989,"171,199,170"
8990,"3,147,148"
8991,"160,315,40"
8992,"145,402,40"
8993,"38,23,241"
8994,"23,38,231"
8995,"145,44,45"
8996,"24,23,43"
8997,"40,186,128"
8998,"181,40,145"
8999,"3,5"
9000,"3,111,123"
9001,"169,337,199"
9002,"10,220"
9003,"40,145,402"
9004,"25,10,24"
9005,"40,135,138"
9006,"10,64,93"
9007,"3,51,52"
9008,"145,40,402"
9009,"3,4,435"
9010,"0,265"
9011,"23,26,318"
9012,"44,45,10"
9013,"220,10"
9014,"220,10"
9015,"31,23,169"
9016,"3,17,41"
9017,"3,21,22"
9018,"10,11,69"
9019,"59,44,24"
9020,"24,71,38"
9021,"40,286"
9022,"3,5"
9023,"296,337,426"
9024,"0,291,271"
9025,"0,255,444"
9026,"3,17,320"
9027,"3,21"
9028,"40,24,181"
9029,"61,145,72"
9030,"169,13"
9031,"38,23,309"
9032,"40,241,102"
9033,"220,10"
9034,"3,523,53"
9035,"0,229"
9036,"3,21,17"
9037,"10,93,64"
9038,"311,426,337"
9039,"147,3,148"
9040,"271,0,291"
9041,"49,24,23"
9042,"160,40,302"
9043,"23,26"
9044,"3,5,21"
9045,"0,271"
9046,"3,21,187"
9047,"10,64,93"
9048,"10,64,80"
9049,"21,3,301"
9050,"220,10"
9051,"0,366,271"
9052,"21,3,301"
9053,"3,30,40"
9054,"220,10"
9055,"3,21"
9056,"111,3,161"
9057,"24,23,43"
9058,"40,42,41"
9059,"31,23,32"
9060,"0,8,235"
9061,"23,53,334"
9062,"40,186,128"
9063,"44,45,145"
9064,"3,21,301"
9065,"40,162,23"
9066,"199,40,170"
9067,"23,118,74"
9068,"17,3,320"
9069,"3,204,13"
9070,"220,10"
9071,"23,287,38"
9072,"145,402,44"
9073,"311,259,426"
9074,"337,251,296"
9075,"0,271,291"
9076,"10,64"
9077,"169,296,199"
9078,"135,138,40"
9079,"3,15,16"
9080,"265,0,418"
9081,"40,175,128"
9082,"64,10,80"
9083,"0,23,8"
9084,"40,431,135"
9085,"3,435,21"
9086,"199,281,311"
9087,"0,8,206"
9088,"0,457,271"
9089,"3,15,16"
9090,"23,145,31"
9091,"311,426,259"
9092,"281,199,169"
9093,"8,206,0"
9094,"170,323,199"
9095,"15,16,3"
9096,"169,170,199"
9097,"145,44,45"
9098,"3,21"
9099,"3,4,435"
9100,"23,24,49"
9101,"23,137,197"
9102,"181,40,145"
9103,"3,128,40"
9104,"38,23,71"
9105,"40,135,41"
9106,"10,25,220"
9107,"53,60,3"
9108,"265,0,418"
9109,"145,402,40"
9110,"40,241,131"
9111,"3,21,0"
9112,"40,151,152"
9113,"10,220,25"
9114,"169,199,281"
9115,"11,145,109"
9116,"3,28,113"
9117,"71,145,24"
9118,"74,165,23"
9119,"23,74,303"
9120,"40,128,129"
9121,"3,28,4"
9122,"3,53,523"
9123,"279,249,0"
9124,"220,10"
9125,"0,271,291"
9126,"3,111"
9127,"11,205,10"
9128,"0,291,271"
9129,"23,74,118"
9130,"3,111"
9131,"10,44,11"
9132,"3,48,30"
9133,"23,24"
9134,"38,23"
9135,"402,145,40"
9136,"23,181,10"
9137,"40,135,199"
9138,"31,32,23"
9139,"60,234,21"
9140,"145,44"
9141,"128,40,130"
9142,"220,10"
9143,"147,3,156"
9144,"169,426,170"
9145,"23,32,31"
9146,"128,40,129"
9147,"24,53,340"
9148,"0,229,169"
9149,"0,23,26"
9150,"296,337,251"
9151,"145,181"
9152,"3,53,523"
9153,"10,145,220"
9154,"169,296,300"
9155,"187,21,3"
9156,"3,4"
9157,"38,137,23"
9158,"220,10"
9159,"3,53,0"
9160,"169,296,426"
9161,"40,128,186"
9162,"26,23,89"
9163,"199,171,170"
9164,"10,93,64"
9165,"10,64,80"
9166,"0,213,214"
9167,"3,21,40"
9168,"4,3,435"
9169,"10,64"
9170,"0,271,291"
9171,"23,118,74"
9172,"296,169,337"
9173,"23,26"
9174,"10,11,60"
9175,"3,21"
9176,"0,8,206"
9177,"64,10,80"
9178,"40,431,135"
9179,"43,24,23"
9180,"10,64,448"
9181,"40,3,21"
9182,"220,10"
9183,"3,53,21"
9184,"11,44,12"
9185,"296,145,169"
9186,"128,40,130"
9187,"8,206,0"
9188,"3,17,320"
9189,"23,169,495"
9190,"323,170,199"
9191,"64,10,80"
9192,"145,54,71"
9193,"40,38"
9194,"40,135,151"
9195,"40,93,169"
9196,"199,281,169"
9197,"337,311,426"
9198,"0,291,271"
9199,"0,8,327"
9200,"3,21,301"
9201,"220,10,24"
9202,"3,17,21"
9203,"44,23,145"
9204,"53,523,3"
9205,"199,169,40"
9206,"21,3,164"
9207,"40,131,406"
9208,"0,271,456"
9209,"128,129,40"
9210,"169,199,436"
9211,"308,23,8"
9212,"40,145,24"
9213,"3,5"
9214,"145,40,437"
9215,"25,24,23"
9216,"3,16,382"
9217,"0,271,128"
9218,"3,111,119"
9219,"24,220,25"
9220,"145,44,23"
9221,"24,23,25"
9222,"23,308,0"
9223,"64,93,10"
9224,"3,21,187"
9225,"53,287,3"
9226,"64,10,80"
9227,"0,271,216"
9228,"64,10,93"
9229,"0,287,53"
9230,"170,169,459"
9231,"71,24,38"
9232,"3,21,127"
9233,"24,23,145"
9234,"160,40,315"
9235,"40,315,160"
9236,"0,23,265"
9237,"287,21,3"
9238,"0,8,206"
9239,"296,169,420"
9240,"31,23,32"
9241,"40,3,21"
9242,"24,259,10"
9243,"0,8,308"
9244,"3,21,182"
9245,"40,135,23"
9246,"128,130,40"
9247,"0,216,357"
9248,"3,296,111"
9249,"0,8,235"
9250,"40,128,145"
9251,"80,64,10"
9252,"10,448,64"
9253,"3,48,21"
9254,"0,271"
9255,"337,251,296"
9256,"23,74,404"
9257,"26,350,456"
9258,"3,147,120"
9259,"426,311,259"
9260,"199,170,323"
9261,"74,118,23"
9262,"40,135,236"
9263,"10,220,40"
9264,"21,169,3"
9265,"303,23,74"
9266,"3,4,435"
9267,"0,313,346"
9268,"28,3,364"
9269,"199,170,171"
9270,"0,291,271"
9271,"128,40,129"
9272,"11,10,205"
9273,"3,53,523"
9274,"3,53,523"
9275,"38,94,23"
9276,"23,74,3"
9277,"38,74,23"
9278,"3,301,21"
9279,"3,523,53"
9280,"10,93,64"
9281,"3,21,164"
9282,"3,164,35"
9283,"145,44,45"
9284,"170,169,459"
9285,"220,10"
9286,"23,74,88"
9287,"23,38,303"
9288,"182,21,426"
9289,"23,24,105"
9290,"23,89,26"
9291,"220,10,24"
9292,"135,3,10"
9293,"3,5,21"
9294,"0,265,418"
9295,"0,271,313"
9296,"21,3,301"
9297,"40,128,186"
9298,"0,304,216"
9299,"40,38,137"
9300,"3,53,287"
9301,"23,3"
9302,"145,45,44"
9303,"265,0,340"
9304,"21,3,182"
9305,"199,169,170"
9306,"40,162,250"
9307,"128,40,0"
9308,"11,13,205"
9309,"3,4"
9310,"64,10,93"
9311,"10,93,64"
9312,"3,13,204"
9313,"0,313,346"
9314,"64,10,448"
9315,"317,74,201"
9316,"13,3,204"
9317,"3,5,133"
9318,"3,4,435"
9319,"3,188,4"
9320,"308,8,0"
9321,"128,129,40"
9322,"49,23,24"
9323,"199,323,170"
9324,"286,41,40"
9325,"0,271"
9326,"337,251,296"
9327,"40,215,41"
9328,"220,10"
9329,"0,103,23"
9330,"21,3,187"
9331,"3,147,148"
9332,"40,139"
9333,"94,38,60"
9334,"3,40"
9335,"24,49,23"
9336,"3,435,4"
9337,"119,111,3"
9338,"40,315,160"
9339,"10,64,3"
9340,"10,323,199"
9341,"311,426,259"
9342,"64,10,80"
9343,"23,118,74"
9344,"23,74,317"
9345,"21,3"
9346,"71,74,38"
9347,"271,0,291"
9348,"145,40,402"
9349,"0,271,291"
9350,"340,0,265"
9351,"218,0,291"
9352,"3,147,21"
9353,"64,10,80"
9354,"23,0,231"
9355,"4,3"
9356,"199,171,170"
9357,"265,21,124"
9358,"135,40,431"
9359,"311,426,337"
9360,"3,21,169"
9361,"206,8,0"
9362,"199,170,171"
9363,"3,182,21"
9364,"199,169,343"
9365,"3,21"
9366,"24,23,43"
9367,"199,170,169"
9368,"308,8,38"
9369,"3,13,204"
9370,"3,21,301"
9371,"3,4,435"
9372,"3,147,156"
9373,"3,169,53"
9374,"40,160,315"
9375,"10,220"
9376,"0,8,291"
9377,"10,64,80"
9378,"43,24,10"
9379,"0,257,291"
9380,"141,135,40"
9381,"8,0,308"
9382,"3,502,53"
9383,"23,118,74"
9384,"206,8,0"
9385,"43,170,24"
9386,"0,271,216"
9387,"8,206,0"
9388,"40,160,128"
9389,"40,184,243"
9390,"0,8,206"
9391,"40,162,128"
9392,"3,147,148"
9393,"0,271,313"
9394,"0,218,265"
9395,"169,296,411"
9396,"128,3,129"
9397,"0,271,313"
9398,"43,24,23"
9399,"3,147,148"
9400,"105,3,53"
9401,"40,128,129"
9402,"0,216,169"
9403,"40,315,160"
9404,"199,170,323"
9405,"40,131,241"
9406,"10,93"
9407,"3,21"
9408,"3,147,148"
9409,"145,23,437"
9410,"40,128,130"
9411,"40,41,3"
9412,"234,296,21"
9413,"231,23,26"
9414,"145,45,40"
9415,"23,49,24"
9416,"24,23,38"
9417,"3,51,4"
9418,"23,40,31"
9419,"49,24,23"
9420,"3,15,16"
9421,"0,271,311"
9422,"199,169,170"
9423,"40,100,3"
9424,"13,3,204"
9425,"3,17,320"
9426,"3,4"
9427,"145,40,402"
9428,"17,320,3"
9429,"337,169,296"
9430,"10,44,11"
9431,"0,304,216"
9432,"3,5,435"
9433,"3,21,5"
9434,"350,26,23"
9435,"3,16,15"
9436,"220,10"
9437,"3,21,148"
9438,"199,323,170"
9439,"40,135,431"
9440,"40,131,406"
9441,"40,41,21"
9442,"3,21,127"
9443,"0,271"
9444,"23,74,118"
9445,"145,40,44"
9446,"26,23,0"
9447,"3,143,259"
9448,"145,402,40"
9449,"21,3,164"
9450,"3,21,301"
9451,"216,0,354"
9452,"0,8,206"
9453,"71,38,24"
9454,"10,93,64"
9455,"23,26,350"
9456,"0,372,255"
9457,"3,21,40"
9458,"26,23,89"
9459,"508,169,426"
9460,"23,74"
9461,"0,8,391"
9462,"21,3,187"
9463,"3,51,52"
9464,"8,0,235"
9465,"135,138,40"
9466,"296,169,23"
9467,"23,38,8"
9468,"40,135,23"
9469,"181,23,24"
9470,"40,131,241"
9471,"3,156,147"
9472,"23,31,54"
9473,"145,402,45"
9474,"311,169,426"
9475,"40,406,131"
9476,"3,188,4"
9477,"220,10"
9478,"64,10,448"
9479,"23,74,118"
9480,"402,40,145"
9481,"170,199,169"
9482,"64,10,80"
9483,"216,0,370"
9484,"40,23,131"
9485,"3,523,120"
9486,"40,41"
9487,"23,131,78"
9488,"0,271,216"
9489,"3,21,17"
9490,"3,21,53"
9491,"206,0,8"
9492,"15,16,3"
9493,"211,212,216"
9494,"0,8,206"
9495,"23,0,26"
9496,"3,53,523"
9497,"10,64,80"
9498,"128,129,40"
9499,"3,4,5"
9500,"296,169,333"
9501,"40,315,160"
9502,"74,23,303"
9503,"10,220,221"
9504,"220,10"
9505,"40,241,131"
9506,"0,8,206"
9507,"0,8,235"
9508,"40,160,315"
9509,"259,426,311"
9510,"145,10,59"
9511,"0,271"
9512,"3,21,5"
9513,"109,11,145"
9514,"296,277,0"
9515,"74,506,13"
9516,"199,426,170"
9517,"3,21,111"
9518,"38,23,40"
9519,"3,21"
9520,"32,31,23"
9521,"337,251,0"
9522,"40,131,241"
9523,"251,296,337"
9524,"41,40,42"
9525,"40,145"
9526,"0,8,218"
9527,"0,169,444"
9528,"40,201,41"
9529,"21,127,3"
9530,"3,4,435"
9531,"89,23,26"
9532,"10,64,80"
9533,"0,10,169"
9534,"3,17"
9535,"0,271,291"
9536,"23,26,231"
9537,"3,21,287"
9538,"10,69,64"
9539,"0,369,206"
9540,"3,21"
9541,"24,71,44"
9542,"0,271,456"
9543,"169,31,454"
9544,"220,10"
9545,"3,30,81"
9546,"40,128,129"
9547,"23,24,145"
9548,"23,40,38"
9549,"129,40,128"
9550,"3,21"
9551,"0,216,277"
9552,"0,216"
9553,"3,147"
9554,"40,131,162"
9555,"4,3,435"
9556,"10,64,80"
9557,"265,418,0"
9558,"145,45,44"
9559,"10,64,93"
9560,"220,10,24"
9561,"199,171,170"
9562,"10,220,24"
9563,"169,23,170"
9564,"146,145,40"
9565,"0,271,291"
9566,"10,11,60"
9567,"23,49,24"
9568,"40,24,43"
9569,"145,40,402"
9570,"3,5,53"
9571,"71,24,38"
9572,"23,241,131"
9573,"26,296,89"
9574,"169,339,53"
9575,"10,220"
9576,"0,313,346"
9577,"17,58,40"
9578,"64,10,448"
9579,"0,8"
9580,"0,271"
9581,"3,21,164"
9582,"43,24,23"
9583,"23,74,40"
9584,"3,147,156"
9585,"0,291,271"
9586,"402,40,145"
9587,"211,212,0"
9588,"4,3"
9589,"170,169,199"
9590,"3,21,111"
9591,"44,145,10"
9592,"40,131"
9593,"170,199,171"
9594,"31,23,32"
9595,"31,32,23"
9596,"3,301"
9597,"40,131,406"
9598,"3,53,506"
9599,"0,218,446"
9600,"130,128,40"
9601,"118,23,74"
9602,"143,34,3"
9603,"0,265,271"
9604,"23,38,91"
9605,"40,131,241"
9606,"31,32,23"
9607,"40,241,131"
9608,"170,169,459"
9609,"3,120,121"
9610,"145,54,40"
9611,"3,119,111"
9612,"0,8,206"
9613,"38,23,39"
9614,"3,147,21"
9615,"3,4"
9616,"259,311,426"
9617,"506,3,74"
9618,"10,220,54"
9619,"23,49,24"
9620,"40,131,24"
9621,"169,296"
9622,"3,5,6"
9623,"0,271,291"
9624,"10,64,80"
9625,"170,260,169"
9626,"187,21,311"
9627,"426,311,296"
9628,"199,170,169"
9629,"0,3,265"
9630,"0,216"
9631,"24,43,23"
9632,"3,21,523"
9633,"23,49,24"
9634,"8,206,0"
9635,"199,170,171"
9636,"24,49,23"
9637,"0,216,257"
9638,"454,31,169"
9639,"40,175,23"
9640,"3,21,127"
9641,"24,23,43"
9642,"311,426,337"
9643,"23,49,24"
9644,"426,311,259"
9645,"23,8,0"
9646,"147,3,148"
9647,"40,128,186"
9648,"71,24,402"
9649,"3,53,287"
9650,"199,170,171"
9651,"224,41,40"
9652,"40,131,406"
9653,"0,49,265"
9654,"0,145,31"
9655,"40,146,145"
9656,"24,43,10"
9657,"38,137,23"
9658,"182,21,3"
9659,"10,93,64"
9660,"24,43,23"
9661,"61,60,145"
9662,"71,38,24"
9663,"0,313,291"
9664,"311,426,337"
9665,"25,23,24"
9666,"311,199,426"
9667,"3,21,182"
9668,"3,21,164"
9669,"323,43,24"
9670,"311,259,426"
9671,"170,323,199"
9672,"131,40,134"
9673,"169,104,30"
9674,"281,199,169"
9675,"10,60,239"
9676,"44,69,10"
9677,"31,32,23"
9678,"23,26"
9679,"23,74,118"
9680,"3,147,156"
9681,"3,21,301"
9682,"3,523,147"
9683,"290,31,23"
9684,"220,10"
9685,"220,145,10"
9686,"72,311,170"
9687,"311,259,426"
9688,"199,169,343"
9689,"40,138,135"
9690,"111,3,119"
9691,"3,30,81"
9692,"40,139,131"
9693,"170,199,169"
9694,"3,147,21"
9695,"145,44,45"
9696,"195,128,0"
9697,"10,220"
9698,"40,131,406"
9699,"0,271,255"
9700,"220,10"
9701,"255,0,271"
9702,"160,40"
9703,"38,23,337"
9704,"23,74,118"
9705,"38,23,137"
9706,"145,402,40"
9707,"402,40,145"
9708,"21,0,128"
9709,"170,199,323"
9710,"323,199,170"
9711,"40,131,160"
9712,"40,135"
9713,"3,28,21"
9714,"170,169,199"
9715,"64,10,145"
9716,"241,131,40"
9717,"259,426,311"
9718,"199,170,323"
9719,"145,72,44"
9720,"0,354,216"
9721,"0,313,346"
9722,"3,53,182"
9723,"3,147,148"
9724,"21,3,301"
9725,"3,21,108"
9726,"3,4"
9727,"40,241,131"
9728,"145,402,40"
9729,"64,10,80"
9730,"84,74,23"
9731,"3,41,21"
9732,"3,523,53"
9733,"0,271"
9734,"3,17,34"
9735,"24,23,49"
9736,"3,187,21"
9737,"93,10,64"
9738,"3,4,435"
9739,"40,169,241"
9740,"21,3,108"
9741,"220,10"
9742,"265,0,418"
9743,"251,448,337"
9744,"40,74,38"
9745,"145,44,73"
9746,"40,201,160"
9747,"3,111,21"
9748,"25,24,23"
9749,"87,40,5"
9750,"103,23,0"
9751,"199,170,169"
9752,"23,313,346"
9753,"0,456,271"
9754,"74,3,23"
9755,"10,220"
9756,"402,145,40"
9757,"40,131,406"
9758,"3,301,21"
9759,"40,145"
9760,"107,23,38"
9761,"71,38,24"
9762,"3,21,111"
9763,"10,220,221"
9764,"3,21,182"
9765,"40,131,241"
9766,"21,3,127"
9767,"24,71,145"
9768,"199,170,323"
9769,"3,21,187"
9770,"220,10"
9771,"4,3,19"
9772,"40,184"
9773,"10,24,64"
9774,"3,87,111"
9775,"40,145,146"
9776,"10,64,90"
9777,"3,21,147"
9778,"426,259,311"
9779,"53,287,3"
9780,"21,3,169"
9781,"170,169,184"
9782,"181,40,23"
9783,"23,26,0"
9784,"171,170,199"
9785,"3,4,435"
9786,"0,277,458"
9787,"0,265,349"
9788,"3,21,53"
9789,"40,130,128"
9790,"23,89,38"
9791,"323,170,199"
9792,"24,323,170"
9793,"241,131,40"
9794,"145,45,44"
9795,"43,24,23"
9796,"10,60,287"
9797,"40,160,128"
9798,"40,128,130"
9799,"10,220"
9800,"24,43,23"
9801,"169,311,426"
9802,"135,386,40"
9803,"3,21,53"
9804,"0,366,271"
9805,"3,17,320"
9806,"3,38,87"
9807,"3,21,147"
9808,"3,0"
9809,"113,3,28"
9810,"3,21,147"
9811,"199,170,323"
9812,"40,21,3"
9813,"24,23,43"
9814,"10,23,54"
9815,"40,139,41"
9816,"3,154,21"
9817,"0,8,206"
9818,"17,320,3"
9819,"64,10,80"
9820,"145,40"
9821,"40,23"
9822,"211,0,212"
9823,"40,131,406"
9824,"3,17,21"
9825,"23,38,137"
9826,"402,40,145"
9827,"328,31,23"
9828,"3,135,309"
9829,"169,170,199"
9830,"3,5,4"
9831,"3,21,301"
9832,"3,187,21"
9833,"3,28,113"
9834,"11,10,12"
9835,"0,271,456"
9836,"15,16,3"
9837,"220,10"
9838,"24,23,43"
9839,"199,169,170"
9840,"3,53,21"
9841,"3,4,435"
9842,"8,38,308"
9843,"145,40,10"
9844,"43,24,23"
9845,"40,160,315"
9846,"145,45,44"
9847,"0,271,291"
9848,"10,0,220"
9849,"10,64,90"
9850,"23,24,38"
9851,"3,21,301"
9852,"26,350,23"
9853,"24,43,23"
9854,"0,8,308"
9855,"3,21,127"
9856,"40,224,41"
9857,"220,221,10"
9858,"24,38,71"
9859,"3,147,148"
9860,"23,40,322"
9861,"431,135,40"
9862,"3,331,21"
9863,"10,25,24"
9864,"328,31,23"
9865,"372,0,255"
9866,"187,21,3"
9867,"3,21,199"
9868,"259,311,426"
9869,"317,74,40"
9870,"10,11"
9871,"3,523,53"
9872,"8,206,0"
9873,"199,281,21"
9874,"170,171,199"
9875,"3,53,523"
9876,"0,8,346"
9877,"3,28,21"
9878,"271,0,291"
9879,"40,41,42"
9880,"271,0,291"
9881,"169,259,311"
9882,"21,3,187"
9883,"199,343,169"
9884,"10,220"
9885,"128,40,130"
9886,"3,147,120"
9887,"118,74,23"
9888,"105,287,53"
9889,"0,271,360"
9890,"25,24,23"
9891,"3,4,435"
9892,"64,10,93"
9893,"170,171,199"
9894,"40,315,128"
9895,"3,156,147"
9896,"169,426,311"
9897,"3,52,51"
9898,"23,105"
9899,"3,21,40"
9900,"26,350,23"
9901,"145,40"
9902,"0,8,291"
9903,"10,64,80"
9904,"145,402,40"
9905,"3,36,35"
9906,"0,216,145"
9907,"31,96,23"
9908,"156,3,147"
9909,"3,21,53"
9910,"40,135,250"
9911,"145,40,402"
9912,"145,40,44"
9913,"251,337,296"
9914,"0,216,212"
9915,"229,28,230"
9916,"3,21,187"
9917,"38,24,71"
9918,"40,315,160"
9919,"71,24,38"
9920,"17,320,3"
9921,"40,160,315"
9922,"3,21,301"
9923,"3,21,22"
9924,"40,152,151"
9925,"40,186,128"
9926,"414,169,10"
9927,"44,69,145"
9928,"40,128,175"
9929,"3,17,320"
9930,"147,156,3"
9931,"0,337,311"
9932,"145,40,24"
9933,"311,426,337"
9934,"40,41,224"
9935,"3,111,474"
9936,"3,13,14"
9937,"0,271,291"
9938,"0,291,271"
9939,"251,337,296"
9940,"3,182,68"
9941,"323,170,199"
9942,"243,184,23"
9943,"239,10,60"
9944,"10,64,448"
9945,"0,481,271"
9946,"0,8,235"
9947,"0,23,8"
9948,"3,523,53"
9949,"31,96,23"
9950,"220,10"
9951,"8,0,206"
9952,"199,169,343"
9953,"10,220"
9954,"21,3,301"
9955,"301,3,21"
9956,"3,53,287"
9957,"13,401,23"
9958,"40,241,131"
9959,"3,15,16"
9960,"3,5,4"
9961,"25,24,10"
9962,"40,162,250"
9963,"40,131,406"
9964,"187,3,21"
9965,"21,3,301"
9966,"38,337,0"
9967,"145,44,40"
9968,"0,271,311"
9969,"92,131,193"
9970,"3,15,16"
9971,"3,21,311"
9972,"40,406,131"
9973,"3,15,311"
9974,"128,40,129"
9975,"199,171,170"
9976,"3,17,320"
9977,"0,265"
9978,"10,64,40"
9979,"24,40,23"
9980,"3,53,523"
9981,"10,93,64"
9982,"10,220"
9983,"0,354,216"
9984,"3,15,16"
9985,"3,21,301"
9986,"0,23"
9987,"23,38,231"
9988,"0,271,291"
9989,"3,4"
9990,"40,135,21"
9991,"40,184,23"
9992,"10,220,40"
9993,"0,265,291"
9994,"3,53,111"
9995,"220,10"
9996,"40,145,402"
9997,"71,38,24"
9998,"199,170,171"
9999,"313,346,0"
10000,"0,265,38"
10001,"3,120"
10002,"211,216,212"
10003,"291,271,337"
10004,"4,3,70"
10005,"0,265"
10006,"220,10,221"
10007,"53,10,93"
10008,"40,131,406"
10009,"296,169,10"
10010,"220,10,24"
10011,"170,169,459"
10012,"23,24,74"
10013,"3,21,182"
10014,"40,135,386"
10015,"485,0,3"
10016,"40,194,128"
10017,"23,40,199"
10018,"40,146,145"
10019,"271,0"
10020,"3,23,379"
10021,"40,128,241"
10022,"40,128,160"
10023,"402,145,40"
10024,"3,53,296"
10025,"43,24,23"
10026,"0,291,271"
10027,"0,346,8"
10028,"23,30,3"
10029,"23,40,74"
10030,"40,111,3"
10031,"0,288,498"
10032,"220,10"
10033,"3,21,111"
10034,"169,3,17"
10035,"13,3,204"
10036,"236,374,135"
10037,"3,53,523"
10038,"24,43,23"
10039,"40,160,3"
10040,"93,64,10"
10041,"26,89,23"
10042,"40,146,145"
10043,"40,131"
10044,"74,317,23"
10045,"426,169,508"
10046,"71,38,24"
10047,"10,220"
10048,"40,315,160"
10049,"145,44,69"
10050,"40,3,21"
10051,"40,170,199"
10052,"0,271,291"
10053,"0,206,8"
10054,"3,40,21"
10055,"3,127,17"
10056,"3,523,53"
10057,"259,311,426"
10058,"3,13,506"
10059,"3,17,320"
10060,"145,40,23"
10061,"367,100,40"
10062,"265,0,340"
10063,"23,31,0"
10064,"311,426,0"
10065,"10,239,60"
10066,"184,40,131"
10067,"135,431,40"
10068,"64,10,80"
10069,"220,10"
10070,"3,5,4"
10071,"3,21,187"
10072,"220,10,221"
10073,"23,0,38"
10074,"40,41,42"
10075,"40,241,131"
10076,"3,4,435"
10077,"24,10,23"
10078,"8,206,0"
10079,"199,171,170"
10080,"40,131,145"
10081,"10,64,93"
10082,"3,15,53"
10083,"40,478,131"
10084,"26,89,23"
10085,"3,21,301"
10086,"23,74,40"
10087,"145,40,402"
10088,"128,40,129"
10089,"3,17,58"
10090,"0,271,366"
10091,"3,21,124"
10092,"44,10,145"
10093,"40,128,186"
10094,"3,53,523"
10095,"10,11,205"
10096,"61,24,145"
10097,"3,53,13"
10098,"3,111,119"
10099,"3,21"
10100,"248,139,40"
10101,"3,364,28"
10102,"3,147,148"
10103,"0,265,271"
10104,"3,21,40"
10105,"23,260,24"
10106,"3,34,447"
10107,"3,40,5"
10108,"64,10,80"
10109,"426,170,260"
10110,"169,170,260"
10111,"0,249,279"
10112,"169,199,281"
10113,"3,21"
10114,"145,402,44"
10115,"40,241,131"
10116,"0,277,1"
10117,"25,24,220"
10118,"0,360"
10119,"3,30,147"
10120,"21,3,164"
10121,"220,10,221"
10122,"337,251,296"
10123,"0,216,255"
10124,"259,311,426"
10125,"60,10,40"
10126,"220,221,10"
10127,"145,44,45"
10128,"0,271,291"
10129,"145,40,402"
10130,"135,138,40"
10131,"0,271,291"
10132,"0,216,370"
10133,"3,21,301"
10134,"3,199,21"
10135,"0,23,350"
10136,"199,323,170"
10137,"169,436,41"
10138,"402,40,145"
10139,"3,275,111"
10140,"0,26,346"
10141,"44,72,145"
10142,"311,426,337"
10143,"169,259,199"
10144,"0,271,291"
10145,"40,145,402"
10146,"138,135,40"
10147,"271,291,0"
10148,"199,170,0"
10149,"3,53"
10150,"199,323,170"
10151,"41,40,224"
10152,"220,10"
10153,"40,128,130"
10154,"3,13,14"
10155,"3,21,48"
10156,"40,41,128"
10157,"3,8,235"
10158,"169,40,199"
10159,"49,24,23"
10160,"26,23,89"
10161,"43,24,23"
10162,"40,131,241"
10163,"49,24,23"
10164,"3,51,17"
10165,"311,426,337"
10166,"44,145,72"
10167,"0,271"
10168,"402,145,40"
10169,"80,64,10"
10170,"25,23,24"
10171,"265,3,311"
10172,"3,21,164"
10173,"3,148,147"
10174,"40,139"
10175,"3,147,148"
10176,"3,21"
10177,"40,184,131"
10178,"3,21"
10179,"3,21,199"
10180,"10,181,93"
10181,"307,40,74"
10182,"259,311,426"
10183,"10,11,44"
10184,"426,311,337"
10185,"40,135,236"
10186,"40,345,23"
10187,"3,46,28"
10188,"181,170,145"
10189,"220,10"
10190,"21,301,3"
10191,"40,3,286"
10192,"44,145,45"
10193,"145,402,44"
10194,"10,64"
10195,"40,131,241"
10196,"64,10"
10197,"3,148,147"
10198,"10,64,80"
10199,"23,118,169"
10200,"131,40,241"
10201,"3,21,301"
10202,"0,265,349"
10203,"10,220,23"
10204,"220,10,24"
10205,"145,10,40"
10206,"239,60,10"
10207,"0,327,8"
10208,"169,380,216"
10209,"402,145,40"
10210,"3,21,301"
10211,"60,234,10"
10212,"23,38"
10213,"31,40,328"
10214,"26,23,0"
10215,"24,23,145"
10216,"15,3,16"
10217,"0,1,277"
10218,"3,21,127"
10219,"31,40,169"
10220,"23,60,10"
10221,"3,287,0"
10222,"199,170,21"
10223,"3,21,147"
10224,"23,38,91"
10225,"296,89,169"
10226,"40,128,130"
10227,"40,135,74"
10228,"3,170,21"
10229,"23,38,39"
10230,"3,21"
10231,"3,5,6"
10232,"74,307,135"
10233,"3,111,267"
10234,"271,0,456"
10235,"64,10,93"
10236,"220,10"
10237,"135,138,40"
10238,"10,64"
10239,"40,160"
10240,"3,21,182"
10241,"38,23,91"
10242,"0,313,346"
10243,"296,337,251"
10244,"23,0,26"
10245,"23,44,145"
10246,"402,145,40"
10247,"3,4,53"
10248,"169,436,199"
10249,"3,52,51"
10250,"8,0,206"
10251,"74,283,23"
10252,"40,128,131"
10253,"23,26"
10254,"64,10,80"
10255,"3,21"
10256,"26,23,89"
10257,"271,0"
10258,"128,40,195"
10259,"8,0,391"
10260,"3,199,281"
10261,"169,53,3"
10262,"64,10,80"
10263,"145,10,220"
10264,"3,17,21"
10265,"40,160,315"
10266,"3,53"
10267,"0,23,271"
10268,"170,169,23"
10269,"199,170,323"
10270,"3,15,16"
10271,"23,31,32"
10272,"40,138,23"
10273,"3,21,147"
10274,"3,188,53"
10275,"40,131,184"
10276,"0,313,346"
10277,"40,3,21"
10278,"3,15,16"
10279,"10,64,90"
10280,"23,38,40"
10281,"199,23,170"
10282,"40,3,147"
10283,"0,265,349"
10284,"145,23,40"
10285,"33,3,21"
10286,"10,220,221"
10287,"23,74,169"
10288,"43,23,24"
10289,"311,426,271"
10290,"3,21"
10291,"3,21"
10292,"145,24,23"
10293,"111,3,119"
10294,"10,220"
10295,"40,145,283"
10296,"3,53,523"
10297,"44,145,72"
10298,"145,44,402"
10299,"135,40,138"
10300,"0,291,271"
10301,"0,271,291"
10302,"40,41"
10303,"3,21,127"
10304,"21,3,301"
10305,"0,271,218"
10306,"3,147,148"
10307,"3,21,48"
10308,"40,145,146"
10309,"10,60,11"
10310,"3,53"
10311,"3,147,156"
10312,"40,74,135"
10313,"402,145,40"
10314,"40,135,386"
10315,"523,53,3"
10316,"25,508,426"
10317,"3,21,22"
10318,"0,23,291"
10319,"170,199,169"
10320,"129,128,40"
10321,"216,212,211"
10322,"3,40,17"
10323,"220,10,23"
10324,"8,514,23"
10325,"42,41,40"
10326,"49,24,23"
10327,"24,23,181"
10328,"3,21,41"
10329,"3,4"
10330,"0,26,23"
10331,"3,21,111"
10332,"199,271,170"
10333,"40,128"
10334,"43,24,23"
10335,"3,147,52"
10336,"0,249,279"
10337,"255,0,280"
10338,"170,337,251"
10339,"3,17,320"
10340,"31,96,481"
10341,"3,147"
10342,"23,0,169"
10343,"40,146,145"
10344,"23,38"
10345,"74,23,118"
10346,"0,8,308"
10347,"0,218,271"
10348,"131,23,40"
10349,"31,96,23"
10350,"40,127,21"
10351,"64,10,80"
10352,"3,21"
10353,"10,239,60"
10354,"0,255,265"
10355,"460,169,296"
10356,"3,21,40"
10357,"40,152,169"
10358,"23,74,118"
10359,"21,3,187"
10360,"40,437,145"
10361,"74,23,118"
10362,"69,145,44"
10363,"3,147,148"
10364,"0,271,313"
10365,"251,296,337"
10366,"145,10,402"
10367,"0,255,271"
10368,"23,74,296"
10369,"145,44,45"
10370,"216,211,212"
10371,"145,24,44"
10372,"216,211,212"
10373,"111,3,125"
10374,"31,96,23"
10375,"40,128,186"
10376,"23,74,118"
10377,"199,40"
10378,"323,170,199"
10379,"40,131,241"
10380,"24,23,145"
10381,"169,53,3"
10382,"0,265,340"
10383,"402,145,40"
10384,"40,131,134"
10385,"402,40,145"
10386,"3,188,4"
10387,"3,385,40"
10388,"10,239,60"
10389,"145,44,45"
10390,"0,457,218"
10391,"24,71,38"
10392,"0,216,255"
10393,"3,435,4"
10394,"3,53,523"
10395,"3,10,23"
10396,"3,4,70"
10397,"169,31,23"
10398,"0,265,291"
10399,"241,131,40"
10400,"0,23"
10401,"60,234"
10402,"169,296,426"
10403,"311,426,23"
10404,"145,44,10"
10405,"145,402,40"
10406,"3,182,21"
10407,"3,147,148"
10408,"199,170,323"
10409,"23,24,43"
10410,"31,290,23"
10411,"3,21,301"
10412,"8,0,327"
10413,"23,26,231"
10414,"3,21"
10415,"3,15,16"
10416,"40,131,241"
10417,"3,28"
10418,"0,265,340"
10419,"44,72,10"
10420,"10,160,40"
10421,"64,10,80"
10422,"93,10,64"
10423,"10,93,64"
10424,"3,111,21"
10425,"74,23,303"
10426,"43,24,23"
10427,"3,21,199"
10428,"170,323,199"
10429,"402,40,145"
10430,"138,135,40"
10431,"10,11,12"
10432,"402,40,145"
10433,"32,31,23"
10434,"3,21,301"
10435,"0,291,10"
10436,"3,4,435"
10437,"199,282,111"
10438,"41,42,21"
10439,"31,23,420"
10440,"3,53,30"
10441,"311,426,337"
10442,"3,234,53"
10443,"145,44,45"
10444,"3,53,21"
10445,"131,241,40"
10446,"3,13,204"
10447,"199,40,169"
10448,"170,199,171"
10449,"169,199,426"
10450,"40,145,44"
10451,"40,41,42"
10452,"426,259,311"
10453,"3,435,4"
10454,"0,296,23"
10455,"10,170,323"
10456,"40,146,145"
10457,"0,8,206"
10458,"220,10,221"
10459,"0,8,235"
10460,"118,23,74"
10461,"10,11,12"
10462,"271,0,291"
10463,"3,4,435"
10464,"40,162"
10465,"10,54,83"
10466,"44,10,13"
10467,"0,337,271"
10468,"8,0,514"
10469,"0,255,271"
10470,"10,220,23"
10471,"38,87,23"
10472,"220,10"
10473,"4,3,435"
10474,"251,337,296"
10475,"3,309,38"
10476,"337,311,426"
10477,"3,17,21"
10478,"296,169,60"
10479,"40,160"
10480,"3,435,4"
10481,"40,160"
10482,"40,241"
10483,"23,96,31"
10484,"220,10,221"
10485,"24,43,23"
10486,"199,170,323"
10487,"431,135,311"
10488,"3,111,156"
10489,"169,296,306"
10490,"21,3,301"
10491,"169,199,281"
10492,"23,118,74"
10493,"40,131,134"
10494,"170,171,199"
10495,"3,17,320"
10496,"10,11,44"
10497,"3,147"
10498,"169,199,374"
10499,"0,271,291"
10500,"216,0,26"
10501,"10,64,93"
10502,"40,199,139"
10503,"10,0"
10504,"40,175,128"
10505,"3,4,500"
10506,"89,23,145"
10507,"3,53,21"
10508,"296,23,145"
10509,"10,64,448"
10510,"3,40,17"
10511,"131,40,241"
10512,"23,26,89"
10513,"23,231,118"
10514,"43,24,23"
10515,"40,131"
10516,"23,0,426"
10517,"11,10,12"
10518,"455,21,271"
10519,"23,88,162"
10520,"10,64,93"
10521,"10,64"
10522,"40,41,131"
10523,"428,169,3"
10524,"3,147,148"
10525,"311,259,426"
10526,"145,40,402"
10527,"145,402,40"
10528,"3,10,28"
10529,"25,24,220"
10530,"0,8,391"
10531,"40,160,315"
10532,"145,44,40"
10533,"21,3"
10534,"0,271,346"
10535,"3,111,5"
10536,"23,308,26"
10537,"3,21"
10538,"23,74,38"
10539,"160,40,315"
10540,"3,21"
10541,"10,93,64"
10542,"199,323,170"
10543,"40,53,3"
10544,"3,111,10"
10545,"26,89,23"
10546,"3,176,4"
10547,"69,44,10"
10548,"3,147,148"
10549,"0,291,271"
10550,"31,32,23"
10551,"402,40,145"
10552,"3,41,224"
10553,"169,296,306"
10554,"41,224,40"
10555,"10,64,80"
10556,"3,53,169"
10557,"24,49,23"
10558,"40,41,145"
10559,"40,131,134"
10560,"23,0,418"
10561,"38,40,71"
10562,"199,323,170"
10563,"45,145,44"
10564,"145,44,45"
10565,"3,182,111"
10566,"10,170,323"
10567,"145,44,10"
10568,"23,24,43"
10569,"3,5,133"
10570,"3,21,182"
10571,"40,386,135"
10572,"23,26"
10573,"105,23,3"
10574,"10,11,12"
10575,"23,74,145"
10576,"271,0,291"
10577,"23,38,24"
10578,"3,21,164"
10579,"40,131,145"
10580,"220,23,10"
10581,"0,271,216"
10582,"170,21,199"
10583,"0,291,271"
10584,"169,337,426"
10585,"0,265,349"
10586,"0,265,10"
10587,"40,131,134"
10588,"10,145,69"
10589,"23,38,63"
10590,"3,21"
10591,"169,260,170"
10592,"145,44,402"
10593,"3,105,519"
10594,"131,241,40"
10595,"3,21,250"
10596,"145,44,45"
10597,"0,265"
10598,"74,118,23"
10599,"23,145,40"
10600,"0,216,271"
10601,"17,3,320"
10602,"60,234,21"
10603,"40,128,129"
10604,"169,296,300"
10605,"70,4,40"
10606,"448,64,10"
10607,"111,3,119"
10608,"3,147,148"
10609,"17,320,3"
10610,"40,131,23"
10611,"3,21,127"
10612,"10,93,64"
10613,"199,170,323"
10614,"3,21,42"
10615,"3,21,147"
10616,"3,21,301"
10617,"145,40"
10618,"3,21,164"
10619,"10,64,80"
10620,"3,21,127"
10621,"128,130,40"
10622,"169,170,260"
10623,"137,38,175"
10624,"40,128,129"
10625,"26,23,89"
10626,"10,220"
10627,"0,313,277"
10628,"169,426,337"
10629,"5,3,133"
10630,"3,21"
10631,"23,26,350"
10632,"220,10"
10633,"265,0,418"
10634,"10,64,80"
10635,"311,0,271"
10636,"3,111,21"
10637,"3,35,36"
10638,"3,17,21"
10639,"40,224,41"
10640,"8,0,308"
10641,"265,0,340"
10642,"452,169,0"
10643,"5,3,6"
10644,"24,43,23"
10645,"40,145,402"
10646,"160,40,315"
10647,"0,271"
10648,"23,38,39"
10649,"64,10"
10650,"145,44,60"
10651,"145,44,45"
10652,"23,38,40"
10653,"21,3,182"
10654,"129,40,128"
10655,"11,10,44"
10656,"40,131,241"
10657,"271,0"
10658,"231,26,23"
10659,"0,271"
10660,"3,16,15"
10661,"40,41,286"
10662,"199,323,24"
10663,"25,24,23"
10664,"169,417,296"
10665,"0,265,271"
10666,"40,186,128"
10667,"225,3,120"
10668,"23,26,0"
10669,"169,485,313"
10670,"220,10,221"
10671,"0,271,216"
10672,"40,128,195"
10673,"24,23"
10674,"0,313,346"
10675,"3,21,127"
10676,"296,145,169"
10677,"0,271,291"
10678,"24,49,23"
10679,"31,96"
10680,"311,426,0"
10681,"3,51,52"
10682,"40,3,135"
10683,"40,131,406"
10684,"40,135,189"
10685,"3,21,127"
10686,"271,0,291"
10687,"508,169,426"
10688,"23,38,107"
10689,"494,184,40"
10690,"135,431,311"
10691,"311,259,426"
10692,"53,3"
10693,"3,147,148"
10694,"0,218,23"
10695,"40,128,131"
10696,"3,5"
10697,"3,4,435"
10698,"3,53,435"
10699,"0,271,291"
10700,"10,64,90"
10701,"145,40,402"
10702,"3,21"
10703,"64,10,80"
10704,"10,220"
10705,"0,40,38"
10706,"40,41,131"
10707,"3,435,4"
10708,"3,148,21"
10709,"3,21,187"
10710,"169,199,68"
10711,"0,8,235"
10712,"24,23,43"
10713,"199,170,323"
10714,"10,64,93"
10715,"0,265"
10716,"64,93,10"
10717,"23,24"
10718,"3,4,111"
10719,"96,23,31"
10720,"170,169,459"
10721,"437,23,145"
10722,"296,169,300"
10723,"3,4,435"
10724,"17,111,3"
10725,"23,24,49"
10726,"10,220"
10727,"170,3,169"
10728,"44,145,45"
10729,"0,273,265"
10730,"291,0,271"
10731,"181,23,145"
10732,"0,271,291"
10733,"3,21,17"
10734,"3,367,100"
10735,"0,271"
10736,"10,64,80"
10737,"3,30,21"
10738,"3,21,115"
10739,"3,523,147"
10740,"21,3,127"
10741,"40,241,131"
10742,"44,145,45"
10743,"169,312,311"
10744,"40,241,131"
10745,"135,40,138"
10746,"255,271,280"
10747,"145,44,45"
10748,"323,170,10"
10749,"3,5,6"
10750,"3,17,21"
10751,"40,145,131"
10752,"311,259,426"
10753,"10,220,25"
10754,"40,193,131"
10755,"145,44,45"
10756,"0,1,277"
10757,"145,44,45"
10758,"3,4,265"
10759,"8,23,0"
10760,"3,17,10"
10761,"107,23,38"
10762,"3,13"
10763,"3,281,21"
10764,"129,40,128"
10765,"3,4,435"
10766,"0,40,129"
10767,"3,17,21"
10768,"311,426,337"
10769,"3,147,148"
10770,"181,145,40"
10771,"169,199,170"
10772,"40,160,128"
10773,"199,281,169"
10774,"145,402,40"
10775,"40,3,131"
10776,"3,21,182"
10777,"10,220,25"
10778,"3,21"
10779,"0,265,291"
10780,"3,4,435"
10781,"220,10,24"
10782,"0,291,257"
10783,"21,3,187"
10784,"3,111"
10785,"3,21,187"
10786,"3,21,127"
10787,"23,24,40"
10788,"0,291,265"
10789,"0,216,271"
10790,"0,313,271"
10791,"23,43,24"
10792,"0,271,214"
10793,"3,120,147"
10794,"169,40,135"
10795,"40,41,128"
10796,"3,4,435"
10797,"199,426,169"
10798,"3,21,51"
10799,"145,181,323"
10800,"419,40,221"
10801,"40,146,145"
10802,"74,317,23"
10803,"23,38,137"
10804,"0,235,8"
10805,"64,10,448"
10806,"40,145,160"
10807,"3,21,301"
10808,"10,64"
10809,"89,23,26"
10810,"138,135,40"
10811,"3,523,21"
10812,"10,239,60"
10813,"0,498,10"
10814,"135,3,169"
10815,"296,251,337"
10816,"145,40,44"
10817,"231,26,23"
10818,"26,23,231"
10819,"64,10,93"
10820,"0,271,291"
10821,"3,21,301"
10822,"220,10"
10823,"199,170,96"
10824,"64,10,93"
10825,"23,24,43"
10826,"220,10"
10827,"145,23,40"
10828,"296,306,169"
10829,"40,111,131"
10830,"10,11,205"
10831,"3,4,23"
10832,"216,0,354"
10833,"187,21,3"
10834,"3,4,435"
10835,"3,21"
10836,"38,23,71"
10837,"23,91,38"
10838,"187,21,3"
10839,"10,0,23"
10840,"40,131,241"
10841,"23,74,24"
10842,"0,291,271"
10843,"0,271"
10844,"0,271,216"
10845,"3,53,21"
10846,"337,169,339"
10847,"3,182,21"
10848,"26,23,89"
10849,"3,5,111"
10850,"10,64,93"
10851,"0,216,257"
10852,"145,44,45"
10853,"23,118,231"
10854,"3,523,53"
10855,"23,26,231"
10856,"162,40"
10857,"0,271,291"
10858,"25,24,23"
10859,"169,23,296"
10860,"0,446,218"
10861,"23,118,74"
10862,"311,426,169"
10863,"220,10,25"
10864,"3,41,21"
10865,"10,64,24"
10866,"23,25,24"
10867,"10,220,40"
10868,"265,418,10"
10869,"31,23,145"
10870,"3,17,320"
10871,"220,10,221"
10872,"0,271,291"
10873,"135,40,307"
10874,"40,131,241"
10875,"0,366,271"
10876,"271,255,0"
10877,"165,74,23"
10878,"128,40,289"
10879,"23,118,74"
10880,"0,8,206"
10881,"23,92,53"
10882,"3,111,15"
10883,"3,120,121"
10884,"31,328,23"
10885,"243,184,40"
10886,"220,10,0"
10887,"40,402,145"
10888,"64,10,80"
10889,"145,40,44"
10890,"3,275,111"
10891,"3,21"
10892,"169,160,315"
10893,"15,16,3"
10894,"0,271,291"
10895,"3,4,435"
10896,"3,21,5"
10897,"3,182,111"
10898,"3,32,31"
10899,"40,145"
10900,"3,48,21"
10901,"21,3,301"
10902,"135,40"
10903,"3,184,40"
10904,"131,169,241"
10905,"145,402,40"
10906,"3,53,325"
10907,"431,135,40"
10908,"169,296,460"
10909,"138,135,40"
10910,"3,435,4"
10911,"3,21,53"
10912,"10,64,90"
10913,"231,26,23"
10914,"3,21,301"
10915,"44,145"
10916,"10,93,64"
10917,"0,265,340"
10918,"26,23,89"
10919,"3,4,5"
10920,"3,4,51"
10921,"64,23,10"
10922,"40,23,145"
10923,"10,64,80"
10924,"0,8"
10925,"40,160"
10926,"8,0,206"
10927,"169,296,411"
10928,"3,17,21"
10929,"40,128"
10930,"3,21,28"
10931,"10,64,93"
10932,"24,43,23"
10933,"0,265,349"
10934,"23,24,44"
10935,"145,40,10"
10936,"346,313,0"
10937,"216,370,0"
10938,"3,21,40"
10939,"3,13"
10940,"239,60,10"
10941,"3,21,164"
10942,"0,456,271"
10943,"49,23,24"
10944,"4,3,435"
10945,"21,127,3"
10946,"0,218"
10947,"138,135,40"
10948,"64,80,10"
10949,"0,271,291"
10950,"0,8,206"
10951,"229,230,0"
10952,"3,30,28"
10953,"40,160,334"
10954,"402,145,40"
10955,"23,38,40"
10956,"220,10,145"
10957,"3,5,331"
10958,"3,21,53"
10959,"49,24,23"
10960,"0,523,53"
10961,"3,21,301"
10962,"170,169,199"
10963,"145,44,40"
10964,"43,24,23"
10965,"43,24,23"
10966,"40,186,128"
10967,"169,259,23"
10968,"3,21,164"
10969,"508,169,426"
10970,"3,81,30"
10971,"456,271,0"
10972,"3,148,147"
10973,"40,138,135"
10974,"10,239,3"
10975,"3,523,53"
10976,"43,24,40"
10977,"3,21,5"
10978,"3,21,124"
10979,"0,216"
10980,"189,135,40"
10981,"3,15,16"
10982,"311,169,337"
10983,"25,24,23"
10984,"23,181,43"
10985,"3,111"
10986,"350,26,23"
10987,"40,128,130"
10988,"3,182,21"
10989,"10,220"
10990,"0,216,354"
10991,"40,0,128"
10992,"128,40,130"
10993,"3,182,111"
10994,"3,17,320"
10995,"21,3,115"
10996,"3,436,111"
10997,"23,94,414"
10998,"40,131,134"
10999,"3,21"
11000,"296,169,411"
11001,"170,199,171"
11002,"23,131,25"
11003,"89,26,23"
11004,"40,131,241"
11005,"3,301,21"
11006,"10,11,12"
11007,"40,175,128"
11008,"8,308,0"
11009,"10,64,80"
11010,"239,60,10"
11011,"220,10,221"
11012,"40,145,402"
11013,"40,131,134"
11014,"145,402,40"
11015,"260,24,23"
11016,"271,311,291"
11017,"40,38,170"
11018,"402,145,40"
11019,"508,169,426"
11020,"40,128,186"
11021,"0,8"
11022,"40,145,402"
11023,"40,145,131"
11024,"169,199,281"
11025,"32,23,181"
11026,"128,40,129"
11027,"169,296,333"
11028,"3,53,21"
11029,"181,145"
11030,"23,40"
11031,"171,170,199"
11032,"145,31,96"
11033,"271,0,455"
11034,"313,0,346"
11035,"24,23,345"
11036,"3,435,4"
11037,"402,145,40"
11038,"38,23,87"
11039,"23,118,74"
11040,"485,169,3"
11041,"170,171,199"
11042,"3,21,147"
11043,"0,265,349"
11044,"0,271,456"
11045,"0,314,271"
11046,"3,111"
11047,"296,0"
11048,"311,426,0"
11049,"0,249,279"
11050,"311,0,426"
11051,"296,169,420"
11052,"3,21,301"
11053,"10,220"
11054,"23,118,74"
11055,"23,49,24"
11056,"40,131,406"
11057,"38,23,71"
11058,"10,64,93"
11059,"31,96,23"
11060,"337,251,170"
11061,"0,370,216"
11062,"263,3,34"
11063,"40,334,160"
11064,"40,129,128"
11065,"10,64,448"
11066,"0,271,313"
11067,"145,44,40"
11068,"64,10,80"
11069,"0,8"
11070,"24,43,23"
11071,"337,296,169"
11072,"3,21"
11073,"220,10"
11074,"3,81,30"
11075,"3,21"
11076,"128,40,129"
11077,"3,21,311"
11078,"170,323,199"
11079,"10,64"
11080,"0,271,456"
11081,"128,40,130"
11082,"3,21,53"
11083,"3,15,16"
11084,"145,44,45"
11085,"23,24,49"
11086,"251,23,291"
11087,"337,251,145"
11088,"109,11,10"
11089,"337,0,271"
11090,"402,145,40"
11091,"3,301,13"
11092,"105,3,53"
11093,"8,0,206"
11094,"26,350,23"
11095,"160,40,315"
11096,"0,271,456"
11097,"63,23,128"
11098,"38,23,39"
11099,"131,40,406"
11100,"23,38,24"
11101,"40,241,137"
11102,"23,40,31"
11103,"3,21,40"
11104,"3,4,435"
11105,"426,311,337"
11106,"145,40,44"
11107,"3,53,523"
11108,"0,255,271"
11109,"40,131,406"
11110,"145,44,45"
11111,"10,64,448"
11112,"74,23,165"
11113,"49,24,21"
11114,"3,53"
11115,"24,23,170"
11116,"0,8,206"
11117,"220,10,23"
11118,"10,64,90"
11119,"40,151,152"
11120,"31,96,199"
11121,"3,21,53"
11122,"0,271,218"
11123,"3,21,127"
11124,"3,331,4"
11125,"3,21,301"
11126,"40,131,406"
11127,"23,32,31"
11128,"0,271,213"
11129,"0,346,456"
11130,"72,61,10"
11131,"40,23"
11132,"38,74,71"
11133,"0,366,271"
11134,"23,74,118"
11135,"0,8,271"
11136,"0,265,40"
11137,"0,46,34"
11138,"0,271,255"
11139,"3,17,320"
11140,"40,160,315"
11141,"0,10"
11142,"271,0,291"
11143,"3,53"
11144,"131,40,24"
11145,"220,10,221"
11146,"3,15,16"
11147,"26,89,23"
11148,"40,41,199"
11149,"135,40,250"
11150,"231,23,26"
11151,"111,404,3"
11152,"23,24,43"
11153,"64,10,93"
11154,"13,3,204"
11155,"40,164,224"
11156,"131,40,134"
11157,"323,199,170"
11158,"23,24,38"
11159,"296,337,251"
11160,"40,127,3"
11161,"220,10"
11162,"40,402,145"
11163,"21,3,115"
11164,"102,3,21"
11165,"24,43,23"
11166,"220,10"
11167,"145,402,40"
11168,"10,220"
11169,"10,220,454"
11170,"10,64"
11171,"3,5,331"
11172,"0,366,271"
11173,"40,250,135"
11174,"23,349,291"
11175,"337,251,296"
11176,"10,11,221"
11177,"3,147,156"
11178,"40,241,131"
11179,"169,311,199"
11180,"145,402,40"
11181,"3,21,187"
11182,"40,241,215"
11183,"23,49,24"
11184,"169,343,199"
11185,"23,38,145"
11186,"3,182,21"
11187,"199,323,170"
11188,"3,13,21"
11189,"0,8,206"
11190,"23,40,24"
11191,"23,26,231"
11192,"0,8,271"
11193,"3,53"
11194,"3,53,435"
11195,"38,63,23"
11196,"23,24,109"
11197,"251,23,337"
11198,"426,62,169"
11199,"296,337,251"
11200,"64,10,93"
11201,"309,38,23"
11202,"0,206,8"
11203,"0,271,255"
11204,"3,148,147"
11205,"10,64,93"
11206,"23,40,175"
11207,"3,40,21"
11208,"40,10,93"
11209,"10,40,3"
11210,"24,43,23"
11211,"0,304,216"
11212,"0,457,218"
11213,"3,21,169"
11214,"40,131,406"
11215,"10,64,80"
11216,"199,169,343"
11217,"11,45,44"
11218,"40,38,460"
11219,"187,3,21"
11220,"24,71,145"
11221,"23,26,24"
11222,"49,23,24"
11223,"0,271,291"
11224,"40,131"
11225,"135,431,40"
11226,"10,220,25"
11227,"3,21,124"
11228,"3,15,16"
11229,"23,26,38"
11230,"1,337,2"
11231,"24,49,23"
11232,"0,271,291"
11233,"25,23,24"
11234,"0,291,8"
11235,"23,24"
11236,"40,162,131"
11237,"3,147,21"
11238,"17,320,3"
11239,"43,24,23"
11240,"3,301,133"
11241,"40,169,134"
11242,"23,24,40"
11243,"0,265,349"
11244,"10,64"
11245,"211,212,216"
11246,"3,301,21"
11247,"220,10"
11248,"3,21,48"
11249,"3,15,16"
11250,"337,296,426"
11251,"199,343,169"
11252,"0,291,271"
11253,"3,241,40"
11254,"23,31,328"
11255,"0,265,23"
11256,"10,145,44"
11257,"10,64,145"
11258,"3,16,15"
11259,"10,3,21"
11260,"10,64,80"
11261,"10,221,419"
11262,"199,169"
11263,"145,40,45"
11264,"3,156,147"
11265,"259,426,311"
11266,"40,241,131"
11267,"0,10,23"
11268,"40,184,494"
11269,"40,139,241"
11270,"0,265,349"
11271,"21,3,127"
11272,"128,208,369"
11273,"23,43,24"
11274,"0,23,271"
11275,"40,145,54"
11276,"40,128,283"
11277,"135,40,307"
11278,"0,271,291"
11279,"8,23,308"
11280,"169,339,337"
11281,"23,38"
11282,"44,45,145"
11283,"3,21,187"
11284,"216,212,211"
11285,"40,131,241"
11286,"145,10,45"
11287,"170,40,171"
11288,"145,44,45"
11289,"169,170,459"
11290,"145,44,10"
11291,"402,145,40"
11292,"3,4"
11293,"0,89,271"
11294,"32,31,23"
11295,"3,17,15"
11296,"10,64,80"
11297,"169,199,343"
11298,"169,426,312"
11299,"64,10,80"
11300,"71,38,10"
11301,"135,138,40"
11302,"169,199,3"
11303,"271,291,337"
11304,"10,64,93"
11305,"96,21,3"
11306,"3,53,287"
11307,"61,145,60"
11308,"38,137,23"
11309,"0,418,265"
11310,"3,21,301"
11311,"41,40,201"
11312,"265,0,349"
11313,"49,24,10"
11314,"138,135,40"
11315,"23,88,84"
11316,"3,111,147"
11317,"10,25,220"
11318,"169,259,281"
11319,"169,281,199"
11320,"3,331,4"
11321,"145,40,402"
11322,"0,271"
11323,"220,10"
11324,"181,145,40"
11325,"10,64,145"
11326,"145,402,40"
11327,"3,204,13"
11328,"89,26,23"
11329,"181,32,145"
11330,"169,296"
11331,"243,40,23"
11332,"23,32,31"
11333,"3,275,111"
11334,"454,170,31"
11335,"220,10,25"
11336,"3,111,119"
11337,"128,40,0"
11338,"17,40,320"
11339,"24,43,40"
11340,"169,199,40"
11341,"0,327,8"
11342,"199,171,170"
11343,"220,10"
11344,"3,13,21"
11345,"10,93,64"
11346,"3,21,128"
11347,"40,131"
11348,"323,170,199"
11349,"170,260,169"
11350,"40,201,41"
11351,"3,156,147"
11352,"328,23,31"
11353,"10,93,64"
11354,"38,337,23"
11355,"3,13,23"
11356,"5,3,331"
11357,"169,170,260"
11358,"0,235,8"
11359,"21,40,3"
11360,"295,40,31"
11361,"10,239,64"
11362,"38,145,23"
11363,"3,17,320"
11364,"145,44,45"
11365,"3,81,30"
11366,"220,10,24"
11367,"3,4,435"
11368,"10,49,23"
11369,"3,53,523"
11370,"0,271,291"
11371,"40,131,241"
11372,"3,21,301"
11373,"145,402,40"
11374,"135,40,169"
11375,"0,271"
11376,"3,21"
11377,"10,220"
11378,"0,271,291"
11379,"220,10"
11380,"40,131,134"
11381,"17,3,320"
11382,"0,457,218"
11383,"0,8,23"
11384,"24,23,49"
11385,"0,49,23"
11386,"0,23,265"
11387,"3,21"
11388,"3,21,187"
11389,"3,523,53"
11390,"10,60,11"
11391,"3,53,523"
11392,"40,131,241"
11393,"175,128,40"
11394,"145,402,40"
11395,"10,220"
11396,"40,131,241"
11397,"26,23,0"
11398,"23,26,0"
11399,"199,311,426"
11400,"251,337,296"
11401,"271,0,456"
11402,"40,23,118"
11403,"0,8,206"
11404,"402,40,145"
11405,"84,74,23"
11406,"3,156,147"
11407,"0,8"
11408,"220,10"
11409,"3,5"
11410,"74,23,303"
11411,"40,135,138"
11412,"3,21,127"
11413,"3,21"
11414,"23,63,3"
11415,"74,128,40"
11416,"28,113,3"
11417,"40,23"
11418,"311,199,426"
11419,"54,10,145"
11420,"170,199,323"
11421,"169,306,296"
11422,"287,53,290"
11423,"0,8,235"
11424,"40,3,137"
11425,"145,40,44"
11426,"3,0,111"
11427,"128,40,129"
11428,"49,23,24"
11429,"271,0,291"
11430,"220,10"
11431,"128,40,129"
11432,"3,301,21"
11433,"11,10,12"
11434,"220,10,24"
11435,"145,45,44"
11436,"40,128,129"
11437,"40,193,478"
11438,"3,435,4"
11439,"40,145,146"
11440,"40,184"
11441,"145,40,402"
11442,"3,156,147"
11443,"53,523,3"
11444,"402,145,40"
11445,"3,21,127"
11446,"135,189,23"
11447,"40,160,315"
11448,"0,21,311"
11449,"3,15,16"
11450,"10,64,239"
11451,"40,128,129"
11452,"3,53,15"
11453,"0,206,8"
11454,"145,23,216"
11455,"3,147,53"
11456,"3,300,169"
11457,"220,10"
11458,"3,21,301"
11459,"25,24,145"
11460,"8,23,0"
11461,"145,370,216"
11462,"3,147,36"
11463,"10,220"
11464,"105,3,326"
11465,"3,147,156"
11466,"220,10,24"
11467,"3,21"
11468,"3,53,176"
11469,"38,23,24"
11470,"169,281,199"
11471,"23,24,296"
11472,"3,4,435"
11473,"44,145,45"
11474,"44,145,40"
11475,"3,301,21"
11476,"13,3"
11477,"0,271,291"
11478,"3,111,53"
11479,"10,64,80"
11480,"71,38,24"
11481,"45,44,145"
11482,"3,21,301"
11483,"54,145,10"
11484,"49,199,23"
11485,"0,271,291"
11486,"10,220"
11487,"311,259,426"
11488,"23,0,26"
11489,"3,4,51"
11490,"3,16,340"
11491,"40,131,406"
11492,"49,24,23"
11493,"170,199,171"
11494,"211,0,216"
11495,"0,216,354"
11496,"23,32,31"
11497,"3,300,169"
11498,"169,170,160"
11499,"31,23,96"
11500,"0,8,235"
11501,"3,148,4"
11502,"3,147,5"
11503,"265,0,23"
11504,"3,15,16"
11505,"3,156,147"
11506,"94,145,38"
11507,"5,6,3"
11508,"3,21,301"
11509,"170,169,199"
11510,"3,15,16"
11511,"10,64"
11512,"3,5,52"
11513,"3,187,21"
11514,"220,10"
11515,"169,296,3"
11516,"311,426,0"
11517,"3,21,187"
11518,"40,41,160"
11519,"170,323,199"
11520,"3,111,41"
11521,"40,160,315"
11522,"0,40,128"
11523,"137,38,23"
11524,"145,91,38"
11525,"169,260,170"
11526,"220,10,221"
11527,"64,10,93"
11528,"40,182,3"
11529,"343,199,169"
11530,"199,170,323"
11531,"3,147"
11532,"40,17,320"
11533,"3,4,435"
11534,"10,64,69"
11535,"169,199,311"
11536,"23,26,103"
11537,"44,145,45"
11538,"73,145,40"
11539,"10,64,69"
11540,"53,287,367"
11541,"145,44,45"
11542,"0,311,271"
11543,"10,93,64"
11544,"40,135"
11545,"145,44,45"
11546,"3,21,182"
11547,"3,21,147"
11548,"40,131,23"
11549,"40,131,241"
11550,"40,131,406"
11551,"402,40,23"
11552,"40,128,129"
11553,"138,135,40"
11554,"131,40,23"
11555,"23,231,0"
11556,"3,21,187"
11557,"10,64,93"
11558,"38,23,0"
11559,"3,21,164"
11560,"3,182,21"
11561,"220,10"
11562,"3,145,61"
11563,"0,271,265"
11564,"3,17,307"
11565,"40,131,406"
11566,"220,10"
11567,"40,128,129"
11568,"0,376,265"
11569,"17,320,40"
11570,"296,251,23"
11571,"49,23,24"
11572,"44,10,145"
11573,"23,74,38"
11574,"8,206,0"
11575,"0,265,418"
11576,"105,23,3"
11577,"251,337,145"
11578,"187,21,3"
11579,"3,21,147"
11580,"0,350,271"
11581,"0,418,265"
11582,"23,24,25"
11583,"3,389,4"
11584,"3,21,22"
11585,"3,30,81"
11586,"23,118,74"
11587,"3,15,16"
11588,"0,271,456"
11589,"3,53,21"
11590,"64,10,80"
11591,"40,151,152"
11592,"199,323,170"
11593,"216,145,402"
11594,"0,418,265"
11595,"199,169,281"
11596,"199,170,323"
11597,"64,10,80"
11598,"3,21,53"
11599,"60,10,239"
11600,"23,118,74"
11601,"169,199,40"
11602,"3,187,21"
11603,"23,38,137"
11604,"10,64,80"
11605,"0,265,271"
11606,"40,315,160"
11607,"21,234,60"
11608,"0,271,456"
11609,"3,96,53"
11610,"40,139"
11611,"10,93,40"
11612,"3,21,17"
11613,"93,64,10"
11614,"3,21,40"
11615,"0,291,271"
11616,"17,3,21"
11617,"40,131,241"
11618,"38,71,24"
11619,"40,162"
11620,"40,145,131"
11621,"426,311,259"
11622,"3,21,41"
11623,"74,23,38"
11624,"3,17,320"
11625,"72,44,145"
11626,"23,38,39"
11627,"0,265,10"
11628,"3,21,127"
11629,"296,251,0"
11630,"40,128,129"
11631,"23,38,24"
11632,"3,53,523"
11633,"10,220,23"
11634,"23,118,74"
11635,"145,197,60"
11636,"3,21,22"
11637,"10,11,12"
11638,"23,24,25"
11639,"40,38,23"
11640,"3,93,99"
11641,"10,64,93"
11642,"23,49,24"
11643,"71,24,38"
11644,"3,21,35"
11645,"145,25"
11646,"40,131,406"
11647,"169,40,296"
11648,"3,53,99"
11649,"40,131"
11650,"109,145,11"
11651,"3,21,17"
11652,"0,271,8"
11653,"211,0,212"
11654,"24,43,23"
11655,"44,45,10"
11656,"40,131,406"
11657,"3,21,127"
11658,"3,51,52"
11659,"26,23,89"
11660,"3,111,182"
11661,"25,220,40"
11662,"24,23,10"
11663,"220,10,221"
11664,"187,3,21"
11665,"3,21,17"
11666,"10,220,64"
11667,"138,40,135"
11668,"44,64,10"
11669,"184,243"
11670,"3,17,127"
11671,"137,38,23"
11672,"23,91,145"
11673,"74,23,303"
11674,"118,74,23"
11675,"508,169,426"
11676,"169,459,170"
11677,"199,343,169"
11678,"271,0,429"
11679,"0,271,456"
11680,"10,64,24"
11681,"24,23,43"
11682,"220,10"
11683,"10,64,181"
11684,"170,323,199"
11685,"169,40,199"
11686,"111,123,3"
11687,"40,128,408"
11688,"23,25,24"
11689,"3,21,301"
11690,"3,23,74"
11691,"24,145,40"
11692,"323,170,93"
11693,"3,4"
11694,"0,255,218"
11695,"5,3,331"
11696,"311,426,0"
11697,"216,211,212"
11698,"313,346,0"
11699,"3,21,5"
11700,"38,454,170"
11701,"3,53,523"
11702,"311,426,0"
11703,"402,145,40"
11704,"402,40,145"
11705,"3,21,301"
11706,"3,53,523"
11707,"3,17,320"
11708,"239,23,145"
11709,"216,212,211"
11710,"135,138,40"
11711,"4,3,435"
11712,"40,24,23"
11713,"10,93,64"
11714,"64,93,10"
11715,"3,53,111"
11716,"199,323,170"
11717,"40,131,241"
11718,"259,311,426"
11719,"0,26,23"
11720,"3,21"
11721,"3,21,187"
11722,"3,275,53"
11723,"44,24,60"
11724,"523,53,3"
11725,"3,17,13"
11726,"169,339,311"
11727,"44,145,69"
11728,"111,3,123"
11729,"25,24,23"
11730,"3,4"
11731,"0,38,271"
11732,"40,243,184"
11733,"40,131"
11734,"3,53,170"
11735,"31,169,23"
11736,"3,21,111"
11737,"23,94,74"
11738,"8,0,206"
11739,"40,145,0"
11740,"220,10"
11741,"3,147,148"
11742,"3,156,147"
11743,"311,337,426"
11744,"21,3,301"
11745,"3,523,53"
11746,"3,30,104"
11747,"3,17,320"
11748,"3,15,148"
11749,"169,199,311"
11750,"40,186,128"
11751,"337,311,426"
11752,"3,21,301"
11753,"11,72,44"
11754,"96,31,23"
11755,"43,40,24"
11756,"11,10,24"
11757,"31,96,23"
11758,"64,10,80"
11759,"170,199,323"
11760,"38,23,94"
11761,"141,40,135"
11762,"3,21,182"
11763,"3,111,125"
11764,"3,147,53"
11765,"3,17,320"
11766,"0,271"
11767,"3,21,301"
11768,"3,15,16"
11769,"23,337,26"
11770,"3,21,108"
11771,"3,21,164"
11772,"3,15,16"
11773,"339,337,169"
11774,"169,160,315"
11775,"40,131,241"
11776,"64,80,10"
11777,"3,21,53"
11778,"64,10,448"
11779,"145,44,10"
11780,"10,64,80"
11781,"72,170,426"
11782,"311,426,259"
11783,"23,49,24"
11784,"24,23,43"
11785,"44,72,145"
11786,"199,170,169"
11787,"3,4,28"
11788,"181,24,23"
11789,"40,131,406"
11790,"3,147,156"
11791,"129,128,40"
11792,"23,53,105"
11793,"23,24"
11794,"23,24,145"
11795,"129,128,0"
11796,"23,38,63"
11797,"11,10,44"
11798,"38,23,87"
11799,"40,3"
11800,"0,8,235"
11801,"3,21"
11802,"21,3,100"
11803,"3,331,5"
11804,"3,53,523"
11805,"3,187,21"
11806,"3,21,187"
11807,"128,175,40"
11808,"23,10,74"
11809,"10,64"
11810,"40,3"
11811,"402,40,25"
11812,"3,52,51"
11813,"3,17,128"
11814,"145,44,40"
11815,"40,184,131"
11816,"40,162"
11817,"4,3,19"
11818,"145,69,10"
11819,"337,0,311"
11820,"3,21,301"
11821,"40,184,494"
11822,"23,0"
11823,"10,220"
11824,"271,0,291"
11825,"3,53,148"
11826,"54,145,24"
11827,"0,457,218"
11828,"74,3,41"
11829,"60,234,21"
11830,"3,145,44"
11831,"199,170,171"
11832,"220,145,40"
11833,"3,147,148"
11834,"0,271,456"
11835,"128,195,340"
11836,"0,271"
11837,"0,271,23"
11838,"40,131,134"
11839,"21,3,301"
11840,"40,38,241"
11841,"3,4"
11842,"72,44,145"
11843,"0,277"
11844,"308,8,0"
11845,"23,43,24"
11846,"23,38"
11847,"0,265,49"
11848,"0,218,216"
11849,"145,40,23"
11850,"23,118,74"
11851,"313,0,346"
11852,"0,291,271"
11853,"0,313,346"
11854,"3,21"
11855,"10,220"
11856,"11,72,44"
11857,"64,80,10"
11858,"3,0,111"
11859,"23,31,3"
11860,"0,457,218"
11861,"10,489,60"
11862,"23,118,74"
11863,"10,220,24"
11864,"182,21,3"
11865,"40,152,151"
11866,"145,95,44"
11867,"431,135,311"
11868,"10,64"
11869,"3,17,21"
11870,"3,301,21"
11871,"23,145,25"
11872,"3,4,435"
11873,"145,45,44"
11874,"17,3,320"
11875,"0,265,291"
11876,"23,74,169"
11877,"3,15,16"
11878,"8,0,206"
11879,"160,40,315"
11880,"40,478,241"
11881,"40,128"
11882,"135,138,40"
11883,"426,311,259"
11884,"0,8,235"
11885,"0,271,291"
11886,"3,21,124"
11887,"8,206,0"
11888,"3,4,15"
11889,"3,523,21"
11890,"0,8,327"
11891,"220,10"
11892,"3,17,320"
11893,"169,296,333"
11894,"24,23,418"
11895,"23,296,0"
11896,"220,10"
11897,"10,220"
11898,"10,220,69"
11899,"3,21,13"
11900,"199,169,170"
11901,"3,21,169"
11902,"171,170,199"
11903,"426,508,169"
11904,"3,40"
11905,"11,10,205"
11906,"145,44,45"
11907,"10,64,80"
11908,"3,17,320"
11909,"40,135,138"
11910,"169,241,40"
11911,"3,15,16"
11912,"4,3,435"
11913,"334,160,3"
11914,"23,402,40"
11915,"23,404,111"
11916,"23,317,74"
11917,"93,10,64"
11918,"44,145,45"
11919,"64,10,80"
11920,"296,169,23"
11921,"3,21"
11922,"3,21,301"
11923,"63,23,40"
11924,"169,199,170"
11925,"13,14,3"
11926,"135,40,74"
11927,"40,38,23"
11928,"0,265,349"
11929,"3,4"
11930,"23,38,303"
11931,"23,8,40"
11932,"296,169"
11933,"211,212,216"
11934,"3,28,113"
11935,"3,147,148"
11936,"23,24,418"
11937,"135,431,40"
11938,"40,131,406"
11939,"3,21,13"
11940,"3,301,21"
11941,"40,243,184"
11942,"147,148,3"
11943,"40,135,23"
11944,"10,64,93"
11945,"69,44,145"
11946,"3,5,331"
11947,"311,259,426"
11948,"145,25,40"
11949,"40,135"
11950,"10,11,44"
11951,"10,145"
11952,"309,38,23"
11953,"220,10"
11954,"3,21,85"
11955,"0,170,53"
11956,"23,78,40"
11957,"10,323,64"
11958,"40,128,160"
11959,"3,53,523"
11960,"40,60,38"
11961,"311,169,426"
11962,"71,38,24"
11963,"0,230,229"
11964,"216,212,211"
11965,"3,147"
11966,"296,169"
11967,"3,53,111"
11968,"38,71,24"
11969,"64,10,24"
11970,"169,170,199"
11971,"10,64,80"
11972,"145,44,40"
11973,"206,8,0"
11974,"259,311,426"
11975,"40,128,186"
11976,"23,24"
11977,"426,311,0"
11978,"169,199,343"
11979,"145,40,24"
11980,"3,21,187"
11981,"23,38,175"
11982,"169,426,311"
11983,"271,0"
11984,"0,89,23"
11985,"3,21"
11986,"138,135,40"
11987,"145,402,40"
11988,"40,131,134"
11989,"0,8,206"
11990,"3,21,301"
11991,"3,188,4"
11992,"40,3,17"
11993,"3,13"
11994,"199,248,169"
11995,"271,0,429"
11996,"10,220"
11997,"40,131,406"
11998,"220,10"
11999,"3,21"
12000,"10,64,90"
12001,"40,402,23"
12002,"3,301,21"
12003,"40,145,146"
12004,"3,147,21"
12005,"128,130,40"
12006,"3,182,21"
12007,"170,169,3"
12008,"3,147,35"
12009,"44,145,72"
12010,"40,406,131"
12011,"40,23,418"
12012,"3,147,53"
12013,"3,53,523"
12014,"169,170,459"
12015,"0,346,313"
12016,"184,40,3"
12017,"3,51,17"
12018,"10,145,44"
12019,"3,53,111"
12020,"40,128,3"
12021,"131,23,40"
12022,"40,184,185"
12023,"3,17,320"
12024,"3,147,21"
12025,"3,4,10"
12026,"26,23"
12027,"145,40,402"
12028,"169,417,426"
12029,"31,169,23"
12030,"74,23,162"
12031,"40,128,21"
12032,"3,34,21"
12033,"40,131"
12034,"0,257,216"
12035,"3,21,182"
12036,"0,8,271"
12037,"145,23,44"
12038,"23,38,3"
12039,"3,21,182"
12040,"3,5,6"
12041,"309,38,23"
12042,"26,23,89"
12043,"23,38,24"
12044,"0,271,456"
12045,"38,23,107"
12046,"3,111,52"
12047,"169,426,259"
12048,"24,25,23"
12049,"64,93,10"
12050,"170,171,199"
12051,"0,265"
12052,"181,40,145"
12053,"3,46,28"
12054,"3,21,187"
12055,"0,8,23"
12056,"199,170,171"
12057,"23,118,74"
12058,"25,220,24"
12059,"3,53,325"
12060,"402,145,40"
12061,"40,131,406"
12062,"3,21,187"
12063,"23,24,105"
12064,"3,17,53"
12065,"10,64,90"
12066,"145,45,44"
12067,"23,24,43"
12068,"3,21,301"
12069,"44,145,45"
12070,"23,26,216"
12071,"216,0,211"
12072,"40,160,315"
12073,"145,44,45"
12074,"64,10,80"
12075,"17,3,10"
12076,"25,199,418"
12077,"44,145,45"
12078,"3,21,51"
12079,"40,131,406"
12080,"3,21,96"
12081,"64,10,93"
12082,"402,145,40"
12083,"10,44,145"
12084,"3,147,156"
12085,"283,74,23"
12086,"64,10,448"
12087,"10,64,90"
12088,"3,53,523"
12089,"170,199,184"
12090,"3,53,147"
12091,"40,160"
12092,"3,17,21"
12093,"220,10,23"
12094,"3,301,21"
12095,"23,43,24"
12096,"259,311,426"
12097,"0,8,410"
12098,"0,350,456"
12099,"0,271,456"
12100,"3,53,287"
12101,"49,24,23"
12102,"40,145,23"
12103,"21,3,40"
12104,"0,8,405"
12105,"64,10,448"
12106,"3,21,40"
12107,"3,17,21"
12108,"3,21,187"
12109,"23,24,40"
12110,"30,3,74"
12111,"64,10,93"
12112,"169,296,300"
12113,"3,21"
12114,"0,271,216"
12115,"181,40,23"
12116,"145,40,44"
12117,"328,40,54"
12118,"0,255,348"
12119,"10,93,64"
12120,"43,24,23"
12121,"0,2,277"
12122,"24,43,23"
12123,"0,271,311"
12124,"24,23,43"
12125,"0,8,235"
12126,"23,26,8"
12127,"3,21"
12128,"49,23,24"
12129,"3,311,21"
12130,"3,13,204"
12131,"13,153,139"
12132,"234,60,21"
12133,"40,315,160"
12134,"40,145,146"
12135,"72,3,44"
12136,"24,43,23"
12137,"0,38,23"
12138,"24,10,64"
12139,"3,21,311"
12140,"0,271,456"
12141,"220,10"
12142,"0,8,291"
12143,"145,72,44"
12144,"23,296,26"
12145,"199,311,169"
12146,"64,10,80"
12147,"145,23,251"
12148,"0,216,360"
12149,"10,220,24"
12150,"0,271,291"
12151,"24,43,23"
12152,"402,40,145"
12153,"24,23,43"
12154,"38,39,23"
12155,"170,24,199"
12156,"40,135,138"
12157,"197,145,60"
12158,"10,60,93"
12159,"40,186,128"
12160,"40,131,159"
12161,"171,199,170"
12162,"271,0,291"
12163,"220,10"
12164,"271,0,456"
12165,"40,135,138"
12166,"224,41,40"
12167,"138,135,40"
12168,"40,131,241"
12169,"32,23,31"
12170,"10,64,93"
12171,"40,224,41"
12172,"40,162"
12173,"199,181,170"
12174,"49,24,23"
12175,"118,23,74"
12176,"404,111,3"
12177,"3,53,15"
12178,"40,160,315"
12179,"3,53"
12180,"169,170,199"
12181,"0,265,349"
12182,"40,128,131"
12183,"307,74,40"
12184,"40,0,131"
12185,"26,0,456"
12186,"0,265,271"
12187,"5,331,3"
12188,"131,40,226"
12189,"0,279,249"
12190,"16,15,3"
12191,"0,26,23"
12192,"3,17,320"
12193,"309,38,23"
12194,"169,460,296"
12195,"0,23,40"
12196,"3,147,156"
12197,"89,26,23"
12198,"216,370,0"
12199,"40,241,131"
12200,"8,0,206"
12201,"3,21"
12202,"128,40,129"
12203,"145,44,45"
12204,"13,20,23"
12205,"3,182,21"
12206,"170,199,169"
12207,"16,15,3"
12208,"308,0,26"
12209,"0,366"
12210,"3,16,15"
12211,"145,44,45"
12212,"3,4,435"
12213,"40,128"
12214,"0,8"
12215,"3,17,21"
12216,"3,53,21"
12217,"426,311,337"
12218,"40,406,131"
12219,"3,15,16"
12220,"21,3,182"
12221,"0,271,277"
12222,"0,296,169"
12223,"0,271,291"
12224,"3,4,435"
12225,"23,38,26"
12226,"0,216,380"
12227,"3,5,21"
12228,"145,40"
12229,"224,41,40"
12230,"3,275,111"
12231,"53,523,3"
12232,"21,3,169"
12233,"40,131,23"
12234,"3,21"
12235,"234,21,60"
12236,"3,21"
12237,"3,21,187"
12238,"10,64,80"
12239,"135,40,3"
12240,"271,0,456"
12241,"3,111,21"
12242,"337,23,38"
12243,"3,143"
12244,"64,10"
12245,"23,24,38"
12246,"40,131,41"
12247,"0,271,291"
12248,"40,184,185"
12249,"0,271,291"
12250,"3,21"
12251,"23,49,24"
12252,"40,431,311"
12253,"3,111,267"
12254,"10,220,23"
12255,"0,349,348"
12256,"10,40"
12257,"40,184,494"
12258,"31,23,169"
12259,"0,169,485"
12260,"0,23"
12261,"23,38,137"
12262,"10,93,118"
12263,"386,40,135"
12264,"0,271"
12265,"251,0,218"
12266,"25,145,24"
12267,"21,3,127"
12268,"24,43,23"
12269,"402,145,40"
12270,"40,145"
12271,"431,135,40"
12272,"23,74,118"
12273,"0,291,271"
12274,"40,184,243"
12275,"145,45,44"
12276,"3,4"
12277,"10,24,23"
12278,"24,49,23"
12279,"3,21"
12280,"0,229,230"
12281,"40,160"
12282,"216,0,271"
12283,"3,147,148"
12284,"74,3,23"
12285,"0,277,2"
12286,"138,135,40"
12287,"220,10,3"
12288,"420,169,109"
12289,"145,402,40"
12290,"10,24,64"
12291,"3,375,13"
12292,"10,220"
12293,"40,131,406"
12294,"38,23,137"
12295,"40,131,406"
12296,"3,301,21"
12297,"32,31,23"
12298,"38,309,250"
12299,"10,60,239"
12300,"0,265"
12301,"10,64,80"
12302,"44,45,25"
12303,"184,40,243"
12304,"93,10,64"
12305,"0,457,271"
12306,"181,145,40"
12307,"24,71"
12308,"0,271,291"
12309,"129,8,40"
12310,"128,40,129"
12311,"23,40,309"
12312,"3,4,331"
12313,"13,241,40"
12314,"265,418,0"
12315,"40,131,406"
12316,"169,343,199"
12317,"0,265,271"
12318,"11,10,44"
12319,"40,134,131"
12320,"3,35,40"
12321,"3,111,5"
12322,"291,0,271"
12323,"23,337,311"
12324,"3,203"
12325,"23,24,25"
12326,"128,53,195"
12327,"224,41,40"
12328,"3,21,40"
12329,"0,8,308"
12330,"40,135,169"
12331,"0,23,1"
12332,"169,199,374"
12333,"402,40,145"
12334,"10,11"
12335,"0,8,308"
12336,"3,28,21"
12337,"40,131,241"
12338,"349,3,168"
12339,"0,271,455"
12340,"3,147,53"
12341,"23,508,426"
12342,"199,311,169"
12343,"0,271,291"
12344,"128,40,3"
12345,"128,129,40"
12346,"21,3,124"
12347,"10,220,221"
12348,"3,4,435"
12349,"23,24,10"
12350,"128,40,195"
12351,"23,84,88"
12352,"3,21,147"
12353,"40,3,160"
12354,"10,145,69"
12355,"265,0,349"
12356,"0,8,206"
12357,"170,199,169"
12358,"23,24,38"
12359,"10,220"
12360,"199,170,323"
12361,"40,131,406"
12362,"3,182"
12363,"0,8,291"
12364,"40,311,259"
12365,"49,23,24"
12366,"3,21,53"
12367,"11,12,10"
12368,"3,204,13"
12369,"41,286,40"
12370,"181,64,10"
12371,"169,199,40"
12372,"40,131,241"
12373,"0,457,218"
12374,"3,147,148"
12375,"40,145"
12376,"3,4,435"
12377,"40,131,128"
12378,"220,10"
12379,"5,3,133"
12380,"265,0,340"
12381,"40,41"
12382,"0,218"
12383,"170,171,199"
12384,"169,306,296"
12385,"186,40,128"
12386,"40,145,402"
12387,"3,182,21"
12388,"3,169"
12389,"169,199,31"
12390,"251,24,40"
12391,"10,64,93"
12392,"337,169,339"
12393,"259,426,311"
12394,"40,128"
12395,"145,44,45"
12396,"11,10,12"
12397,"169,417,337"
12398,"0,418,265"
12399,"259,431,135"
12400,"23,38"
12401,"145,40,402"
12402,"40,186,128"
12403,"3,53,21"
12404,"145,40,402"
12405,"23,31,32"
12406,"23,38,326"
12407,"311,337,426"
12408,"239,60,10"
12409,"311,426,169"
12410,"224,40,41"
12411,"0,271,255"
12412,"145,402,40"
12413,"3,53,523"
12414,"40,160,334"
12415,"10,199,170"
12416,"3,21,145"
12417,"3,385,183"
12418,"40,315,160"
12419,"251,337,296"
12420,"216,212,211"
12421,"49,24,23"
12422,"40,131"
12423,"23,145,24"
12424,"40,38,145"
12425,"3,4,435"
12426,"40,145,402"
12427,"0,288,40"
12428,"40,115,13"
12429,"24,23,40"
12430,"74,23,317"
12431,"3,21,147"
12432,"220,10"
12433,"40,184,243"
12434,"0,1,2"
12435,"128,40,408"
12436,"23,26"
12437,"3,21,127"
12438,"40,160,128"
12439,"23,38,40"
12440,"40,41,42"
12441,"3,115,21"
12442,"311,426,337"
12443,"10,145,45"
12444,"3,53,325"
12445,"220,10,25"
12446,"3,28"
12447,"3,21,331"
12448,"145,44,45"
12449,"303,74,23"
12450,"3,5,133"
12451,"3,13,111"
12452,"0,265,418"
12453,"145,40,402"
12454,"220,10,24"
12455,"145,10,40"
12456,"40,131"
12457,"220,10,40"
12458,"3,21,127"
12459,"216,0,370"
12460,"259,426,311"
12461,"38,23,39"
12462,"40,195,128"
12463,"169,170,426"
12464,"3,21,53"
12465,"3,156,147"
12466,"265,0,340"
12467,"3,111,53"
12468,"3,523,53"
12469,"182,3,21"
12470,"0,271,291"
12471,"0,271,26"
12472,"169,199,343"
12473,"0,8,206"
12474,"0,23,337"
12475,"40,184,368"
12476,"23,118,74"
12477,"3,4"
12478,"11,10,72"
12479,"23,74,283"
12480,"43,24,23"
12481,"40,128,131"
12482,"128,130,40"
12483,"137,23,38"
12484,"3,111"
12485,"251,296,337"
12486,"0,271,456"
12487,"38,23,309"
12488,"169,337,199"
12489,"3,21,187"
12490,"23,89,0"
12491,"3,147,148"
12492,"138,135,40"
12493,"337,296,0"
12494,"93,10,181"
12495,"10,239,60"
12496,"220,10"
12497,"3,131,21"
12498,"10,72,44"
12499,"3,4,53"
12500,"64,10,80"
12501,"259,426,311"
12502,"0,8,514"
12503,"23,118,74"
12504,"3,311,34"
12505,"3,199,281"
12506,"71,24,38"
12507,"40,184,128"
12508,"3,15,21"
12509,"0,271,313"
12510,"0,265,169"
12511,"170,199,169"
12512,"3,523,53"
12513,"3,21,40"
12514,"40,128,130"
12515,"23,308,0"
12516,"40,3"
12517,"3,21"
12518,"169,311,436"
12519,"3,21,301"
12520,"10,64,90"
12521,"3,53,287"
12522,"211,212,216"
12523,"23,62,145"
12524,"145,95,54"
12525,"10,64,80"
12526,"0,8,235"
12527,"271,255,0"
12528,"40,160,315"
12529,"15,16,3"
12530,"38,0,23"
12531,"23,32,31"
12532,"24,23,49"
12533,"24,241,23"
12534,"3,21"
12535,"44,72,24"
12536,"11,205,10"
12537,"40,315,3"
12538,"3,21,182"
12539,"0,271,291"
12540,"40,128,130"
12541,"169,337,311"
12542,"44,10,69"
12543,"206,8,0"
12544,"23,38,40"
12545,"74,23,118"
12546,"145,402,10"
12547,"3,28,301"
12548,"3,147,523"
12549,"3,4,435"
12550,"502,145,40"
12551,"3,5,133"
12552,"40,145,49"
12553,"296,169,23"
12554,"3,21,301"
12555,"3,147,156"
12556,"169,170,312"
12557,"135,431,40"
12558,"145,23,24"
12559,"145,40,402"
12560,"0,271,291"
12561,"129,128,40"
12562,"32,23,31"
12563,"265,0,418"
12564,"24,49,23"
12565,"265,0,418"
12566,"135,431,40"
12567,"0,271,366"
12568,"0,271,216"
12569,"0,216"
12570,"23,309,3"
12571,"44,11,145"
12572,"21,182,311"
12573,"23,24,25"
12574,"40,135,141"
12575,"3,148,147"
12576,"3,21,40"
12577,"3,21,127"
12578,"49,23,24"
12579,"308,8,38"
12580,"145,44,45"
12581,"10,11,44"
12582,"3,53"
12583,"23,24,25"
12584,"3,21,147"
12585,"40,131,241"
12586,"3,17,320"
12587,"3,4,435"
12588,"3,301,21"
12589,"211,212,216"
12590,"3,21,53"
12591,"128,3,40"
12592,"0,350,26"
12593,"3,53,523"
12594,"40,128,131"
12595,"118,23,74"
12596,"40,131,406"
12597,"259,426,311"
12598,"3,15,16"
12599,"3,301,21"
12600,"3,21,187"
12601,"26,23,0"
12602,"23,49,24"
12603,"0,344,265"
12604,"38,23,309"
12605,"0,271,291"
12606,"10,64"
12607,"0,349,265"
12608,"40,396,128"
12609,"0,271,363"
12610,"437,145,23"
12611,"3,21,22"
12612,"26,350,23"
12613,"3,111,474"
12614,"3,53,523"
12615,"3,53,40"
12616,"0,271,291"
12617,"3,53,21"
12618,"0,277,271"
12619,"3,147,148"
12620,"5,331,3"
12621,"402,145,40"
12622,"38,23,71"
12623,"366,0,271"
12624,"10,11,419"
12625,"44,11,145"
12626,"23,31,96"
12627,"296,251,337"
12628,"3,345,38"
12629,"0,216,354"
12630,"3,53,111"
12631,"181,145,40"
12632,"0,249,216"
12633,"0,271,255"
12634,"3,16,15"
12635,"21,3,108"
12636,"3,523,53"
12637,"40,131,241"
12638,"0,271"
12639,"16,15,3"
12640,"3,53,4"
12641,"3,16,15"
12642,"40,118,74"
12643,"38,309,23"
12644,"23,74,118"
12645,"23,24,418"
12646,"23,128,169"
12647,"3,301,21"
12648,"199,170,323"
12649,"40,3,127"
12650,"0,308,8"
12651,"3,21"
12652,"402,40,145"
12653,"3,21,128"
12654,"3,53"
12655,"339,169,337"
12656,"0,349,265"
12657,"3,187,21"
12658,"0,271,313"
12659,"23,118,74"
12660,"40,402,145"
12661,"3,147,35"
12662,"283,74,23"
12663,"3,4,435"
12664,"23,131,24"
12665,"10,64,80"
12666,"60,13,3"
12667,"10,220"
12668,"40,139"
12669,"40,131,145"
12670,"0,271,291"
12671,"145,54,38"
12672,"3,53,287"
12673,"234,60,23"
12674,"10,44,11"
12675,"23,84,74"
12676,"296,40,21"
12677,"3,199,281"
12678,"64,10,93"
12679,"3,21,127"
12680,"40,131,134"
12681,"199,170,323"
12682,"0,456,271"
12683,"23,24,169"
12684,"23,24,418"
12685,"169,343,199"
12686,"259,311,426"
12687,"218,509,0"
12688,"26,89,23"
12689,"169,296,426"
12690,"199,311,21"
12691,"145,40,24"
12692,"3,4,435"
12693,"10,64,448"
12694,"169,199,343"
12695,"145,23,44"
12696,"3,21,145"
12697,"21,3"
12698,"0,271,429"
12699,"281,199,169"
12700,"40,21,41"
12701,"23,24,49"
12702,"3,111,267"
12703,"40,160"
12704,"0,271,291"
12705,"131,40,406"
12706,"40,145,131"
12707,"3,523,53"
12708,"0,23,89"
12709,"145,23,44"
12710,"64,93,10"
12711,"24,43,23"
12712,"44,145,45"
12713,"145,10"
12714,"3,17,21"
12715,"0,214,213"
12716,"40,151,184"
12717,"3,111,125"
12718,"169,339,337"
12719,"10,220"
12720,"40,160"
12721,"169,53,523"
12722,"3,127,21"
12723,"17,320,3"
12724,"40,160,151"
12725,"23,40,74"
12726,"145,40,44"
12727,"128,129,40"
12728,"3,40,135"
12729,"38,145,44"
12730,"23,105,318"
12731,"370,145,216"
12732,"0,313,346"
12733,"199,169,40"
12734,"3,311,21"
12735,"224,40,3"
12736,"24,71,38"
12737,"118,74,23"
12738,"26,350,23"
12739,"3,40,21"
12740,"3,147,21"
12741,"426,40,169"
12742,"271,0,291"
12743,"96,31,23"
12744,"17,320,3"
12745,"10,64,90"
12746,"40,131"
12747,"0,265,218"
12748,"418,0,265"
12749,"40,131,241"
12750,"0,291,271"
12751,"44,64,69"
12752,"0,271,363"
12753,"31,96,23"
12754,"0,271,291"
12755,"40,23,145"
12756,"10,24,43"
12757,"23,49,24"
12758,"169,3,21"
12759,"128,40,396"
12760,"0,271,23"
12761,"3,435,4"
12762,"3,17,320"
12763,"8,0,235"
12764,"337,311,426"
12765,"206,8,0"
12766,"24,23,43"
12767,"3,331,5"
12768,"220,10,3"
12769,"10,64,80"
12770,"23,40"
12771,"145,402,38"
12772,"0,8,235"
12773,"118,23,74"
12774,"523,53,3"
12775,"169,21,199"
12776,"10,220"
12777,"3,182,21"
12778,"23,24,43"
12779,"3,21,164"
12780,"0,291"
12781,"3,147,21"
12782,"10,64,93"
12783,"10,64"
12784,"3,16,15"
12785,"43,24,23"
12786,"3,35,21"
12787,"3,259,169"
12788,"0,271,456"
12789,"169,170,459"
12790,"170,260,169"
12791,"64,23,80"
12792,"23,38,231"
12793,"3,53,523"
12794,"3,435,4"
12795,"38,23,74"
12796,"49,24,23"
12797,"145,402,40"
12798,"199,170,323"
12799,"3,4,435"
12800,"40,23,328"
12801,"3,15,16"
12802,"3,182,21"
12803,"10,60,239"
12804,"323,170,199"
12805,"3,147,35"
12806,"0,271,8"
12807,"10,64"
12808,"3,15,16"
12809,"170,169,40"
12810,"279,249,0"
12811,"296,251,0"
12812,"64,10,93"
12813,"0,8,327"
12814,"64,80,10"
12815,"3,41,40"
12816,"3,506,53"
12817,"3,21,111"
12818,"170,171,199"
12819,"369,208,0"
12820,"323,170,199"
12821,"3,21,187"
12822,"0,169,23"
12823,"21,124,3"
12824,"417,169,170"
12825,"24,23,49"
12826,"40,131,406"
12827,"259,311,426"
12828,"337,251,296"
12829,"3,53,21"
12830,"448,23,10"
12831,"3,17,320"
12832,"10,11,12"
12833,"111,3,224"
12834,"3,21,301"
12835,"0,265,340"
12836,"93,64,10"
12837,"3,15,16"
12838,"40,135,141"
12839,"220,10"
12840,"3,15,16"
12841,"0,271,366"
12842,"24,23,165"
12843,"131,241,40"
12844,"3,17,53"
12845,"23,26,0"
12846,"40,23,296"
12847,"3,52,51"
12848,"3,28,364"
12849,"220,10"
12850,"40,128,195"
12851,"3,81,30"
12852,"4,3"
12853,"40,127,21"
12854,"145,402,40"
12855,"169,260,170"
12856,"11,10,12"
12857,"0,265,340"
12858,"455,21,195"
12859,"220,10"
12860,"311,426,40"
12861,"3,4,435"
12862,"3,15,16"
12863,"0,265"
12864,"169,3,199"
12865,"3,21"
12866,"220,10,25"
12867,"10,64"
12868,"3,21,385"
12869,"0,8,206"
12870,"3,17,320"
12871,"402,40,145"
12872,"281,169,21"
12873,"64,80,10"
12874,"23,38,309"
12875,"0,271,213"
12876,"45,44,145"
12877,"3,4,435"
12878,"220,10,221"
12879,"3,17,320"
12880,"0,8,206"
12881,"3,148,147"
12882,"169,40,3"
12883,"40,131,241"
12884,"0,10,229"
12885,"171,199,170"
12886,"15,3,16"
12887,"40,135,250"
12888,"41,3,40"
12889,"3,21"
12890,"23,89,26"
12891,"3,147,40"
12892,"0,337,169"
12893,"23,74,118"
12894,"0,313,271"
12895,"40,41"
12896,"0,291,265"
12897,"169,40,436"
12898,"8,391,0"
12899,"169,508,426"
12900,"40,131,241"
12901,"3,21,281"
12902,"169,199,311"
12903,"0,271,366"
12904,"3,271,160"
12905,"24,43,23"
12906,"402,40,145"
12907,"131,241,40"
12908,"40,406,131"
12909,"145,44,40"
12910,"3,53,523"
12911,"23,26,89"
12912,"3,34,263"
12913,"3,53,523"
12914,"24,23,43"
12915,"3,187,21"
12916,"43,24,23"
12917,"8,23,0"
12918,"23,3,141"
12919,"23,24,145"
12920,"31,23,32"
12921,"145,402,40"
12922,"3,147,523"
12923,"311,426,337"
12924,"138,40,135"
12925,"220,10"
12926,"23,3,38"
12927,"494,40,184"
12928,"3,147"
12929,"3,40,160"
12930,"23,25,24"
12931,"216,23"
12932,"8,0,206"
12933,"0,311,265"
12934,"3,301,21"
12935,"10,25,24"
12936,"74,23,317"
12937,"0,8,206"
12938,"3,4,435"
12939,"145,40,402"
12940,"0,271,255"
12941,"199,170,171"
12942,"44,145,11"
12943,"265,0,340"
12944,"10,64,90"
12945,"220,10"
12946,"10,64,93"
12947,"23,87,40"
12948,"3,53,21"
12949,"0,271,426"
12950,"3,4,5"
12951,"10,145,220"
12952,"3,21,201"
12953,"3,523,53"
12954,"145,44,402"
12955,"3,4,435"
12956,"171,199,170"
12957,"24,49,23"
12958,"128,40,129"
12959,"0,265,3"
12960,"74,40,118"
12961,"169,170,199"
12962,"0,218"
12963,"74,23,165"
12964,"23,89"
12965,"3,143,21"
12966,"24,145,10"
12967,"3,147,148"
12968,"40,152,151"
12969,"3,33,21"
12970,"23,24,49"
12971,"40,145,146"
12972,"169,426,170"
12973,"265,418,10"
12974,"23,231,26"
12975,"296,169,411"
12976,"0,271,291"
12977,"128,40,130"
12978,"21,3,40"
12979,"3,4"
12980,"3,21"
12981,"241,131,40"
12982,"74,23,165"
12983,"10,93,64"
12984,"337,170,311"
12985,"0,271,277"
12986,"40,162,163"
12987,"3,21,28"
12988,"24,23,49"
12989,"23,8"
12990,"259,311,426"
12991,"40,402,145"
12992,"145,44,95"
12993,"0,311,277"
12994,"0,418,265"
12995,"145,44,23"
12996,"3,21,127"
12997,"24,43,23"
12998,"402,145,40"
12999,"43,23,24"
13000,"3,21"
13001,"169,170,160"
13002,"3,21,127"
13003,"3,4,70"
13004,"24,43,145"
13005,"3,40,162"
13006,"64,10,448"
13007,"3,21,187"
13008,"0,265,271"
13009,"145,45,44"
13010,"131,3,24"
13011,"17,320,3"
13012,"145,95,44"
13013,"38,23,94"
13014,"3,30,296"
13015,"145,40,23"
13016,"0,346,313"
13017,"3,147,148"
13018,"3,4,435"
13019,"271,0,291"
13020,"145,44,45"
13021,"241,40,131"
13022,"3,169,53"
13023,"10,181,64"
13024,"0,291"
13025,"23,31,32"
13026,"187,3,21"
13027,"40,315,160"
13028,"170,199,323"
13029,"0,213,214"
13030,"26,23,0"
13031,"170,323,199"
13032,"40,349,265"
13033,"23,0,8"
13034,"71,38,24"
13035,"0,271,291"
13036,"0,405,169"
13037,"259,311,426"
13038,"10,220,199"
13039,"265,311,0"
13040,"3,147,15"
13041,"199,169,343"
13042,"220,10"
13043,"0,218,512"
13044,"3,21,301"
13045,"0,291,271"
13046,"3,182,53"
13047,"169,199,3"
13048,"3,147,156"
13049,"10,40,402"
13050,"3,21,301"
13051,"40,184,186"
13052,"74,23,145"
13053,"40,23,74"
13054,"44,10,72"
13055,"137,38,23"
13056,"3,21"
13057,"23,337,251"
13058,"89,44,0"
13059,"311,337,426"
13060,"169,109,508"
13061,"313,89,346"
13062,"40,131"
13063,"169,296"
13064,"64,10,402"
13065,"17,320,139"
13066,"249,279,0"
13067,"40,38,23"
13068,"3,21"
13069,"21,53,128"
13070,"23,145,74"
13071,"10,220"
13072,"220,10"
13073,"23,145,10"
13074,"40,131,406"
13075,"40,160,128"
13076,"102,40"
13077,"40,151,152"
13078,"32,23,31"
13079,"43,24,23"
13080,"64,10,80"
13081,"0,271,214"
13082,"260,170,169"
13083,"145,44,45"
13084,"170,199,171"
13085,"337,251,296"
13086,"10,60,93"
13087,"3,85,86"
13088,"40,131,128"
13089,"4,435,3"
13090,"271,291,337"
13091,"131,40,241"
13092,"3,100,21"
13093,"0,213,214"
13094,"135,431,40"
13095,"23,38"
13096,"0,291,271"
13097,"3,21,28"
13098,"0,279,249"
13099,"40,100,139"
13100,"8,206,0"
13101,"220,10"
13102,"24,49,23"
13103,"40,135,250"
13104,"224,41,40"
13105,"40,131,406"
13106,"23,38,107"
13107,"129,128,23"
13108,"3,53,148"
13109,"23,24,62"
13110,"23,118,74"
13111,"40,131,241"
13112,"145,44,11"
13113,"23,74,40"
13114,"3,21,301"
13115,"23,38,74"
13116,"145,10,40"
13117,"3,147"
13118,"3,85,86"
13119,"0,369,208"
13120,"160,40,302"
13121,"3,5,4"
13122,"169,199"
13123,"271,0,456"
13124,"40,128,130"
13125,"10,0,40"
13126,"3,5,6"
13127,"402,40,23"
13128,"23,74,118"
13129,"231,26,23"
13130,"3,21,182"
13131,"0,229,8"
13132,"40,128,129"
13133,"40,184,243"
13134,"44,145,10"
13135,"23,10,31"
13136,"0,206,8"
13137,"10,40,64"
13138,"145,44,40"
13139,"23,24,345"
13140,"10,220,145"
13141,"169,3,21"
13142,"10,24,64"
13143,"0,313,346"
13144,"3,40,4"
13145,"44,11,69"
13146,"175,40,128"
13147,"3,5,133"
13148,"255,271,280"
13149,"135,40,138"
13150,"265,418,0"
13151,"3,147,156"
13152,"40,128"
13153,"0,8,456"
13154,"44,69,145"
13155,"3,15,16"
13156,"40,131,406"
13157,"38,40,175"
13158,"21,3,108"
13159,"0,457,291"
13160,"145,44"
13161,"3,53,31"
13162,"3,435,325"
13163,"3,21,111"
13164,"8,206,0"
13165,"10,11,13"
13166,"10,93,60"
13167,"60,234,10"
13168,"17,3,320"
13169,"3,4"
13170,"3,53,523"
13171,"3,23,169"
13172,"169,343,199"
13173,"169,426,199"
13174,"265,349,0"
13175,"3,53,21"
13176,"3,4,176"
13177,"169,199,170"
13178,"64,10,80"
13179,"23,25,24"
13180,"346,0,291"
13181,"10,64,93"
13182,"10,64,80"
13183,"181,170,23"
13184,"3,148,147"
13185,"0,8,308"
13186,"40,162"
13187,"220,10"
13188,"24,43,145"
13189,"40,131,406"
13190,"131,40,134"
13191,"3,53,523"
13192,"24,43,23"
13193,"23,170,40"
13194,"0,271,8"
13195,"0,271,291"
13196,"169,199,343"
13197,"0,271"
13198,"3,17,13"
13199,"169,339,337"
13200,"3,21"
13201,"40,146,145"
13202,"3,30,81"
13203,"53,3,113"
13204,"3,17,320"
13205,"220,10"
13206,"11,44,205"
13207,"10,239,60"
13208,"11,12,10"
13209,"23,31,181"
13210,"147,3,156"
13211,"40,128,130"
13212,"3,21,301"
13213,"10,93,64"
13214,"24,43,23"
13215,"3,85,293"
13216,"311,426,337"
13217,"109,169,23"
13218,"234,60,21"
13219,"40,3"
13220,"169,23,74"
13221,"145,44,402"
13222,"328,23,31"
13223,"0,271,291"
13224,"3,13,169"
13225,"3,15,16"
13226,"131,40,134"
13227,"3,4,474"
13228,"23,24,38"
13229,"109,23,11"
13230,"169,199,281"
13231,"169,508,426"
13232,"494,184,40"
13233,"10,15,16"
13234,"93,64,10"
13235,"286,41,40"
13236,"23,3"
13237,"3,30,311"
13238,"3,53,21"
13239,"3,182,21"
13240,"402,40,145"
13241,"40,145"
13242,"93,64,10"
13243,"220,25,10"
13244,"3,111,123"
13245,"40,131,406"
13246,"40,145,402"
13247,"64,10,80"
13248,"21,3,301"
13249,"138,135,40"
13250,"0,271,255"
13251,"23,24,38"
13252,"10,23,60"
13253,"145,44,40"
13254,"145,44,40"
13255,"10,64,80"
13256,"3,21,22"
13257,"0,444,265"
13258,"40,135,169"
13259,"3,4,13"
13260,"40,128"
13261,"0,271,255"
13262,"40,74,283"
13263,"337,251,296"
13264,"10,64,80"
13265,"84,74,23"
13266,"181,40,170"
13267,"145,402,40"
13268,"3,296,526"
13269,"10,44,11"
13270,"426,311,169"
13271,"64,10,80"
13272,"26,23,350"
13273,"40,315,160"
13274,"263,34,3"
13275,"131,40,241"
13276,"40,38,128"
13277,"23,40,74"
13278,"64,10,80"
13279,"296,10,460"
13280,"3,53,265"
13281,"311,265,426"
13282,"296,145,40"
13283,"0,218,23"
13284,"145,10,54"
13285,"3,23,74"
13286,"40,128,186"
13287,"169,199,312"
13288,"23,38,24"
13289,"290,53,265"
13290,"17,3,320"
13291,"10,220"
13292,"40,406,131"
13293,"0,271,291"
13294,"38,87,23"
13295,"3,21,301"
13296,"3,301,21"
13297,"0,8,206"
13298,"3,148,147"
13299,"10,60,181"
13300,"3,111,4"
13301,"8,0,391"
13302,"3,51,52"
13303,"0,218,457"
13304,"170,260,169"
13305,"220,10,221"
13306,"216,212,0"
13307,"40,128,296"
13308,"0,271,456"
13309,"40,152,151"
13310,"402,145,40"
13311,"3,17,320"
13312,"128,40,129"
13313,"3,523,53"
13314,"171,170,199"
13315,"40,145,23"
13316,"40,135"
13317,"24,43,23"
13318,"10,11,145"
13319,"311,426,337"
13320,"0,265,349"
13321,"0,8,235"
13322,"23,31"
13323,"402,40,23"
13324,"239,60,23"
13325,"186,128,40"
13326,"385,3,40"
13327,"199,169,40"
13328,"271,291,0"
13329,"311,199,169"
13330,"3,21,187"
13331,"0,145,44"
13332,"0,271,265"
13333,"40,402,145"
13334,"44,145,69"
13335,"3,10,40"
13336,"145,44,45"
13337,"10,93,64"
13338,"160,40,302"
13339,"23,24"
13340,"38,23"
13341,"3,53"
13342,"199,171,170"
13343,"10,64,80"
13344,"38,259,169"
13345,"23,24,25"
13346,"26,350,23"
13347,"311,337,426"
13348,"71,24,40"
13349,"3,111,115"
13350,"118,74,23"
13351,"8,0,235"
13352,"3,53,21"
13353,"26,350,23"
13354,"40,145,44"
13355,"169,296,0"
13356,"3,21,164"
13357,"24,23,49"
13358,"11,145,44"
13359,"23,40,145"
13360,"24,49,23"
13361,"145,44,10"
13362,"3,21,182"
13363,"145,44,45"
13364,"23,40"
13365,"145,44,109"
13366,"169,199,343"
13367,"4,3,435"
13368,"40,131,241"
13369,"40,241,131"
13370,"40,160,302"
13371,"0,271,313"
13372,"0,457,218"
13373,"3,523,53"
13374,"0,346,313"
13375,"23,24,40"
13376,"40,131,241"
13377,"40,139,131"
13378,"169,343,199"
13379,"129,169,311"
13380,"3,33,21"
13381,"3,21,301"
13382,"296,169"
13383,"220,10,23"
13384,"206,8,128"
13385,"128,129,40"
13386,"53,287,3"
13387,"3,21,127"
13388,"17,320,3"
13389,"0,291,313"
13390,"104,311,30"
13391,"169,40,199"
13392,"199,170,323"
13393,"145,169,31"
13394,"40,128,195"
13395,"38,71,243"
13396,"42,41,21"
13397,"131,40,241"
13398,"40,286,41"
13399,"44,145,45"
13400,"220,10,24"
13401,"147,156,3"
13402,"0,8,23"
13403,"3,435"
13404,"3,17,143"
13405,"0,23,218"
13406,"40,241,131"
13407,"10,93,64"
13408,"135,40,199"
13409,"3,15,16"
13410,"3,147,148"
13411,"0,271,291"
13412,"23,24,145"
13413,"111,3,284"
13414,"3,5,21"
13415,"128,40,195"
13416,"11,205,10"
13417,"23,38,169"
13418,"74,23,165"
13419,"23,32,31"
13420,"3,21"
13421,"145,44,45"
13422,"49,24,23"
13423,"3,147"
13424,"3,15,16"
13425,"128,40,195"
13426,"426,311,337"
13427,"145,45,44"
13428,"23,8"
13429,"23,38"
13430,"8,0,23"
13431,"3,17,187"
13432,"181,145,40"
13433,"3,4,435"
13434,"145,44,45"
13435,"3,111,15"
13436,"0,313,346"
13437,"205,10,11"
13438,"216,370,0"
13439,"10,64,93"
13440,"8,0,235"
13441,"23,38,8"
13442,"10,220,145"
13443,"145,40,402"
13444,"3,21"
13445,"23,60,145"
13446,"40,241,131"
13447,"23,44,72"
13448,"23,32,31"
13449,"40,131,241"
13450,"3,147,15"
13451,"3,187,21"
13452,"49,23,24"
13453,"3,435,4"
13454,"11,205,10"
13455,"26,23,231"
13456,"3,5,21"
13457,"24,23,43"
13458,"10,199,170"
13459,"129,40,38"
13460,"3,301,21"
13461,"23,89,38"
13462,"23,24,40"
13463,"3,21,187"
13464,"0,457,218"
13465,"60,10,239"
13466,"23,181,43"
13467,"24,23,43"
13468,"0,23,89"
13469,"0,265,418"
13470,"17,320,3"
13471,"259,169,426"
13472,"8,0,206"
13473,"70,4,3"
13474,"3,21,124"
13475,"24,43,23"
13476,"40,184"
13477,"40,128,41"
13478,"94,38,23"
13479,"23,89,0"
13480,"337,296,251"
13481,"3,53,4"
13482,"0,355,26"
13483,"23,38"
13484,"169,260,170"
13485,"24,43,345"
13486,"311,426,259"
13487,"0,216"
13488,"3,5,435"
13489,"147,148,3"
13490,"10,239"
13491,"199,170,248"
13492,"23,74"
13493,"169,21,281"
13494,"26,23,231"
13495,"165,74"
13496,"3,21,127"
13497,"145,10,44"
13498,"93,10,64"
13499,"3,21,199"
13500,"40,128,130"
13501,"3,21,164"
13502,"169,337,311"
13503,"3,435,4"
13504,"26,0,89"
13505,"40,151,152"
13506,"160,40"
13507,"23,38,26"
13508,"169,311,426"
13509,"3,30,81"
13510,"3,5,40"
13511,"3,147,156"
13512,"40,241,131"
13513,"145,181,40"
13514,"337,426,311"
13515,"3,169,53"
13516,"23,40,175"
13517,"3,4,435"
13518,"169,3,311"
13519,"3,53,21"
13520,"8,23,514"
13521,"38,39,23"
13522,"3,21,187"
13523,"265,23,145"
13524,"23,38,40"
13525,"0,360"
13526,"145,44"
13527,"24,23,49"
13528,"38,71,24"
13529,"3,459,236"
13530,"0,291,8"
13531,"23,74,118"
13532,"23,105"
13533,"220,10"
13534,"143,241,40"
13535,"74,118,23"
13536,"3,40,21"
13537,"241,131,40"
13538,"64,10,448"
13539,"23,62,24"
13540,"3,21,111"
13541,"40,131,241"
13542,"337,23,296"
13543,"0,311,426"
13544,"64,10,80"
13545,"40,131,406"
13546,"23,31,32"
13547,"231,26,23"
13548,"24,43,23"
13549,"3,28,364"
13550,"0,271,291"
13551,"40,131,241"
13552,"0,313,346"
13553,"40,129,128"
13554,"40,131"
13555,"181,323,199"
13556,"3,5"
13557,"3,85,301"
13558,"23,24"
13559,"8,0,206"
13560,"3,53,21"
13561,"3,187,21"
13562,"3,147,148"
13563,"181,40,145"
13564,"40,241,128"
13565,"220,10"
13566,"40,160,315"
13567,"3,523,53"
13568,"216,0,271"
13569,"40,146,145"
13570,"64,10,93"
13571,"0,271,291"
13572,"3,21,301"
13573,"3,10,0"
13574,"3,153,139"
13575,"3,53,15"
13576,"3,21,127"
13577,"64,10,93"
13578,"145,40,24"
13579,"169,160,315"
13580,"0,271,255"
13581,"500,3"
13582,"3,21,17"
13583,"40,21,41"
13584,"44,145,11"
13585,"143,3,221"
13586,"131,241,40"
13587,"170,323,199"
13588,"259,169,260"
13589,"3,21,169"
13590,"0,265,349"
13591,"3,53,111"
13592,"23,38,26"
13593,"93,10,64"
13594,"3,15"
13595,"10,239,64"
13596,"0,271"
13597,"3,127,21"
13598,"0,206,8"
13599,"3,111,40"
13600,"0,265,349"
13601,"23,31,32"
13602,"38,23,0"
13603,"3,21,13"
13604,"199,311,0"
13605,"23,24"
13606,"40,184"
13607,"3,187,21"
13608,"40,10,23"
13609,"0,265,349"
13610,"3,15,16"
13611,"43,24,23"
13612,"170,169,459"
13613,"3,21,301"
13614,"3,17,41"
13615,"265,0,349"
13616,"40,494,184"
13617,"169,170,459"
13618,"3,147,148"
13619,"3,21,164"
13620,"23,49,24"
13621,"21,3,40"
13622,"0,271,291"
13623,"5,3,133"
13624,"337,251,296"
13625,"10,64,93"
13626,"128,40,175"
13627,"10,64,90"
13628,"8,0,206"
13629,"367,100,40"
13630,"3,111"
13631,"0,271"
13632,"23,74"
13633,"43,24,23"
13634,"3,21"
13635,"64,80,10"
13636,"13,3,204"
13637,"181,170,23"
13638,"40,135,141"
13639,"311,337,169"
13640,"3,187,21"
13641,"43,24,23"
13642,"0,291,44"
13643,"23,88"
13644,"3,187,21"
13645,"40,131,406"
13646,"10,220,11"
13647,"49,24,23"
13648,"40,162"
13649,"0,206,8"
13650,"21,3"
13651,"0,216"
13652,"3,16,15"
13653,"23,118,74"
13654,"220,10,221"
13655,"220,10"
13656,"145,181,40"
13657,"3,21,22"
13658,"40,131,145"
13659,"236,40,135"
13660,"3,15,16"
13661,"3,53,111"
13662,"402,145,40"
13663,"3,176,4"
13664,"0,271,366"
13665,"199,169,170"
13666,"145,402,40"
13667,"145,40,402"
13668,"211,212,216"
13669,"3,169,300"
13670,"135,40,118"
13671,"74,303,23"
13672,"169,296,306"
13673,"23,231,26"
13674,"23,31,32"
13675,"74,317,23"
13676,"0,271,444"
13677,"220,10"
13678,"0,265,418"
13679,"3,21,301"
13680,"199,170,323"
13681,"10,169,11"
13682,"3,21,10"
13683,"0,8,206"
13684,"131,241,40"
13685,"11,10,44"
13686,"3,100,222"
13687,"220,10"
13688,"3,21,48"
13689,"23,26,89"
13690,"40,134,131"
13691,"40,128,24"
13692,"23,40,145"
13693,"3,53,111"
13694,"309,38,23"
13695,"3,147,53"
13696,"44,145,23"
13697,"199,169,21"
13698,"40,128"
13699,"3,4,435"
13700,"28,3,120"
13701,"24,43,23"
13702,"64,93,10"
13703,"25,24,23"
13704,"145,402,40"
13705,"64,10,80"
13706,"13,204,14"
13707,"224,40,41"
13708,"3,21"
13709,"10,64,90"
13710,"129,128,40"
13711,"10,60,93"
13712,"3,21"
13713,"265,0,349"
13714,"4,3,435"
13715,"313,346,0"
13716,"0,337,311"
13717,"23,118,74"
13718,"170,169,260"
13719,"128,21,265"
13720,"199,170,323"
13721,"23,49,24"
13722,"3,21,147"
13723,"508,169,62"
13724,"296,169,333"
13725,"3,182,53"
13726,"3,5,133"
13727,"13,3,204"
13728,"3,169,170"
13729,"405,8,337"
13730,"0,271,313"
13731,"3,111,53"
13732,"3,182,111"
13733,"3,21"
13734,"3,111,112"
13735,"10,11"
13736,"169,199,170"
13737,"23,38,10"
13738,"23,25,402"
13739,"271,0,363"
13740,"3,53"
13741,"3,21"
13742,"3,21,164"
13743,"23,38,26"
13744,"24,43,23"
13745,"25,23,40"
13746,"21,40,127"
13747,"309,38,23"
13748,"0,10,265"
13749,"404,111,3"
13750,"169,300,296"
13751,"21,3,127"
13752,"3,21"
13753,"5,3,228"
13754,"23,239,60"
13755,"10,64,111"
13756,"281,169,199"
13757,"40,160,315"
13758,"40,131"
13759,"40,10"
13760,"40,241,131"
13761,"0,249,271"
13762,"220,10"
13763,"10,64,93"
13764,"10,64,93"
13765,"3,16,15"
13766,"199,170,171"
13767,"23,0,456"
13768,"259,311,426"
13769,"145,44,45"
13770,"0,265,271"
13771,"169,170,145"
13772,"3,111,53"
13773,"40,131,406"
13774,"170,323,199"
13775,"145,44,45"
13776,"3,21,301"
13777,"11,44,10"
13778,"71,38,24"
13779,"128,0"
13780,"77,0,380"
13781,"271,0,456"
13782,"187,3,21"
13783,"3,4,435"
13784,"38,23,24"
13785,"3,188,4"
13786,"145,402,40"
13787,"0,271"
13788,"25,24,23"
13789,"3,4"
13790,"313,346,0"
13791,"3,21,187"
13792,"40,181,145"
13793,"3,53,148"
13794,"145,44,40"
13795,"220,10"
13796,"64,10,80"
13797,"135,138,40"
13798,"145,40,38"
13799,"311,426,259"
13800,"3,53,21"
13801,"118,74,23"
13802,"40,160,315"
13803,"3,17,143"
13804,"3,21"
13805,"0,8,145"
13806,"0,291,271"
13807,"220,10,221"
13808,"13,3,169"
13809,"131,241,40"
13810,"49,23,24"
13811,"25,24,23"
13812,"402,40,370"
13813,"23,145,40"
13814,"42,41,21"
13815,"62,145,337"
13816,"11,10,12"
13817,"4,3,19"
13818,"64,23,80"
13819,"0,23,8"
13820,"170,145,43"
13821,"3,30,301"
13822,"0,271,291"
13823,"23,24,49"
13824,"23,38"
13825,"145,40,402"
13826,"3,111,275"
13827,"23,74,118"
13828,"3,435,4"
13829,"23,32,31"
13830,"0,271"
13831,"3,17,320"
13832,"3,21,284"
13833,"296,169,411"
13834,"195,0,271"
13835,"337,199,169"
13836,"0,206,8"
13837,"64,10,80"
13838,"3,301,28"
13839,"0,211,212"
13840,"40,145,21"
13841,"3,21,127"
13842,"10,129,128"
13843,"3,28,4"
13844,"40,128,131"
13845,"43,24,23"
13846,"64,10,80"
13847,"0,265,273"
13848,"10,64,93"
13849,"21,169,3"
13850,"489,10"
13851,"38,88,23"
13852,"523,3,53"
13853,"26,23,89"
13854,"3,21,164"
13855,"0,271"
13856,"21,311,426"
13857,"145,181,24"
13858,"64,10,80"
13859,"3,53,523"
13860,"271,0,291"
13861,"220,10"
13862,"40,146,145"
13863,"96,31,23"
13864,"0,8,327"
13865,"220,10"
13866,"3,21"
13867,"23,38,26"
13868,"38,309,23"
13869,"3,325,53"
13870,"40,3,41"
13871,"23,32,31"
13872,"193,131,40"
13873,"3,13,21"
13874,"23,74,118"
13875,"0,457"
13876,"3,187,21"
13877,"23,26,89"
13878,"40,128,129"
13879,"10,64"
13880,"220,10,221"
13881,"10,64,90"
13882,"3,23"
13883,"3,301,21"
13884,"40,31,199"
13885,"21,301,3"
13886,"265,0,340"
13887,"220,10"
13888,"128,40,129"
13889,"402,145,40"
13890,"3,21,182"
13891,"3,187,21"
13892,"64,80,10"
13893,"44,45,145"
13894,"40,89,145"
13895,"239,10,60"
13896,"40,128,195"
13897,"0,426,311"
13898,"40,41,186"
13899,"61,72,10"
13900,"343,199,169"
13901,"0,271,291"
13902,"3,21,187"
13903,"64,10,93"
13904,"170,199,311"
13905,"21,3,301"
13906,"3,15,16"
13907,"145,45,44"
13908,"40,24,38"
13909,"160,40,334"
13910,"224,41,40"
13911,"3,21,170"
13912,"350,26,23"
13913,"40,131,406"
13914,"311,426,337"
13915,"220,10"
13916,"0,23,271"
13917,"8,111,405"
13918,"10,64,93"
13919,"199,3,343"
13920,"3,127,21"
13921,"40,160,128"
13922,"231,45,145"
13923,"3,21"
13924,"3,53,523"
13925,"323,170,199"
13926,"40,128,186"
13927,"3,34,169"
13928,"184,40,74"
13929,"71,38,24"
13930,"3,4,435"
13931,"40,241,131"
13932,"3,21,145"
13933,"40,145"
13934,"23,308,8"
13935,"40,161,3"
13936,"40,151,152"
13937,"169,339,337"
13938,"3,147,156"
13939,"11,44,10"
13940,"10,145,44"
13941,"40,162"
13942,"296,169,526"
13943,"23,24,25"
13944,"24,220,10"
13945,"64,10,93"
13946,"10,220"
13947,"72,44,145"
13948,"175,40,128"
13949,"3,331,5"
13950,"0,128,8"
13951,"3,17,320"
13952,"265,418,0"
13953,"311,337,426"
13954,"169,459,170"
13955,"3,4,435"
13956,"3,4"
13957,"169,170,426"
13958,"296,169,428"
13959,"93,10,64"
13960,"3,21,40"
13961,"169,296"
13962,"74,118,23"
13963,"311,426,337"
13964,"0,271,291"
13965,"40,131,241"
13966,"53,3,523"
13967,"216,212,211"
13968,"0,235,8"
13969,"313,346,0"
13970,"3,4,53"
13971,"3,15,16"
13972,"40,199,135"
13973,"138,135,40"
13974,"23,74,118"
13975,"271,0,456"
13976,"3,182,21"
13977,"216,0,77"
13978,"145,40,402"
13979,"0,271,426"
13980,"145,44,10"
13981,"40,128"
13982,"23,231,74"
13983,"3,53,523"
13984,"3,111,169"
13985,"3,111,40"
13986,"10,64,80"
13987,"220,10,25"
13988,"3,275"
13989,"3,21,301"
13990,"93,10,64"
13991,"40,23"
13992,"10,64,80"
13993,"3,120,50"
13994,"128,40,195"
13995,"3,17,320"
13996,"93,10,64"
13997,"3,34,21"
13998,"40,406,131"
13999,"3,53,523"
14000,"49,24,23"
14001,"0,255"
14002,"4,7,3"
14003,"0,271,366"
14004,"145,44"
14005,"3,21"
14006,"145,54,10"
14007,"3,17,320"
14008,"10,12,44"
14009,"220,10"
14010,"64,10,80"
14011,"40,181,323"
14012,"21,3,41"
14013,"3,13,204"
14014,"170,199,169"
14015,"0,213,214"
14016,"40,131,128"
14017,"21,3,187"
14018,"40,406,129"
14019,"3,147,35"
14020,"21,301,3"
14021,"135,199,138"
14022,"367,100,40"
14023,"145,44,45"
14024,"426,169,312"
14025,"3,21,301"
14026,"40,146,145"
14027,"129,128,40"
14028,"0,216"
14029,"187,21,3"
14030,"23,303,3"
14031,"3,21,301"
14032,"3,147,148"
14033,"40,131,406"
14034,"96,31,23"
14035,"23,89,26"
14036,"40,131,241"
14037,"40,41,224"
14038,"23,0"
14039,"38,23,87"
14040,"40,131,241"
14041,"0,8,235"
14042,"3,4,51"
14043,"64,10,80"
14044,"3,21,170"
14045,"3,13,14"
14046,"5,3,133"
14047,"10,64,80"
14048,"206,8,0"
14049,"199,171,170"
14050,"169,296,3"
14051,"40,175,128"
14052,"10,64,93"
14053,"170,199,171"
14054,"138,40,135"
14055,"40,41,42"
14056,"0,271,291"
14057,"89,23,26"
14058,"3,53"
14059,"23,74,38"
14060,"0,271"
14061,"89,26,23"
14062,"10,3,81"
14063,"129,426,311"
14064,"3,147,30"
14065,"145,44,40"
14066,"3,21,40"
14067,"40,145,146"
14068,"3,21,169"
14069,"8,0,313"
14070,"8,308"
14071,"24,23,71"
14072,"290,31,3"
14073,"0,346,313"
14074,"0,366,271"
14075,"170,10,323"
14076,"199,169,343"
14077,"199,131,40"
14078,"3,15,16"
14079,"23,308,8"
14080,"354,0,216"
14081,"3,523,53"
14082,"40,128,186"
14083,"169,170,199"
14084,"64,93,10"
14085,"40,184,23"
14086,"40,128"
14087,"3,523,53"
14088,"145,44,11"
14089,"40,129,128"
14090,"40,184,23"
14091,"145,419,181"
14092,"224,41,40"
14093,"0,337,485"
14094,"23,345,38"
14095,"23,24,193"
14096,"71,24,38"
14097,"23,317,74"
14098,"3,301,21"
14099,"3,53,523"
14100,"3,4,70"
14101,"0,216,145"
14102,"3,13,401"
14103,"0,271,8"
14104,"40,186,128"
14105,"3,4,435"
14106,"349,265,0"
14107,"3,147,21"
14108,"3,24,23"
14109,"23,49,24"
14110,"131,40,134"
14111,"23,38,24"
14112,"105,23"
14113,"40,131,406"
14114,"131,40,241"
14115,"3,21,17"
14116,"311,337,265"
14117,"231,26,23"
14118,"10,64,93"
14119,"0,271,291"
14120,"220,10"
14121,"38,71,23"
14122,"64,10,448"
14123,"3,4,5"
14124,"40,184,243"
14125,"3,156,147"
14126,"40,128,23"
14127,"169,3,170"
14128,"40,131,406"
14129,"459,118,74"
14130,"23,107,38"
14131,"3,10"
14132,"160,40,315"
14133,"40,131,134"
14134,"49,24,23"
14135,"40,41,286"
14136,"0,216"
14137,"169,508,40"
14138,"145,44,45"
14139,"0,271,291"
14140,"40,241,131"
14141,"0,214,213"
14142,"24,43,23"
14143,"3,21,301"
14144,"23,24,49"
14145,"0,366,271"
14146,"184,40,185"
14147,"40,184,3"
14148,"23,62,24"
14149,"3,21,30"
14150,"0,265,349"
14151,"216,0,211"
14152,"10,220"
14153,"211,0,212"
14154,"0,8,206"
14155,"3,169,21"
14156,"10,64,93"
14157,"3,133,5"
14158,"0,216,254"
14159,"3,156,147"
14160,"43,24,23"
14161,"64,10,23"
14162,"265,0,418"
14163,"40,131,241"
14164,"10,64,93"
14165,"135,40,138"
14166,"8,0,206"
14167,"145,44,45"
14168,"3,21,187"
14169,"24,23,145"
14170,"10,220,221"
14171,"3,15,16"
14172,"23,131,40"
14173,"199,61,170"
14174,"220,10,23"
14175,"3,204,17"
14176,"169,170,426"
14177,"3,51,52"
14178,"169,426,343"
14179,"138,135,40"
14180,"40,135,128"
14181,"23,32,31"
14182,"145,40"
14183,"23,32,31"
14184,"3,5"
14185,"448,251,296"
14186,"13,3,204"
14187,"24,43,23"
14188,"3,156,147"
14189,"3,188,4"
14190,"3,21,40"
14191,"0,23,26"
14192,"0,265"
14193,"346,271,0"
14194,"0,271"
14195,"32,31,23"
14196,"3,143,21"
14197,"24,71,23"
14198,"0,23,8"
14199,"169,199,170"
14200,"3,14,13"
14201,"0,8,391"
14202,"3,53,21"
14203,"3,40,131"
14204,"31,40,169"
14205,"0,426,218"
14206,"265,0,340"
14207,"145,11,10"
14208,"0,206,8"
14209,"0,271,255"
14210,"0,418,265"
14211,"40,160,315"
14212,"199,323,170"
14213,"222,100,40"
14214,"40,128,130"
14215,"10,64,65"
14216,"0,265,340"
14217,"40,74,23"
14218,"0,216,271"
14219,"3,21"
14220,"3,21,13"
14221,"0,271"
14222,"139,199,100"
14223,"169,343,199"
14224,"0,8,235"
14225,"23,26,8"
14226,"40,224,41"
14227,"40,100,222"
14228,"181,145,170"
14229,"23,24"
14230,"24,43,23"
14231,"44,10,45"
14232,"40,162"
14233,"0,169,313"
14234,"0,213,214"
14235,"23,74,3"
14236,"222,100,3"
14237,"10,64,90"
14238,"23,38"
14239,"0,218,13"
14240,"3,23"
14241,"3,147,21"
14242,"8,0,206"
14243,"40,402,145"
14244,"38,23,71"
14245,"38,309,23"
14246,"0,271,291"
14247,"23,84,74"
14248,"3,187,311"
14249,"251,337,296"
14250,"291,0,271"
14251,"128,0,40"
14252,"21,3,41"
14253,"23,420,145"
14254,"0,271,360"
14255,"3,23,203"
14256,"3,15,16"
14257,"220,10"
14258,"145,402,40"
14259,"3,287,21"
14260,"0,291,271"
14261,"10,11,12"
14262,"21,40,3"
14263,"11,205,23"
14264,"3,21"
14265,"3,111,21"
14266,"135,40,250"
14267,"11,10,205"
14268,"64,10,448"
14269,"0,265"
14270,"169,199,281"
14271,"21,3"
14272,"220,10"
14273,"3,15,16"
14274,"251,296,337"
14275,"3,21,127"
14276,"23,105,3"
14277,"17,320,3"
14278,"481,31,218"
14279,"169,3,21"
14280,"40,131"
14281,"40,128,186"
14282,"24,23,43"
14283,"24,25,23"
14284,"3,111,21"
14285,"23,105"
14286,"323,199,170"
14287,"23,31,32"
14288,"3,4,435"
14289,"128,40,130"
14290,"3,4,435"
14291,"94,23"
14292,"0,265,271"
14293,"23,89,26"
14294,"64,10,80"
14295,"40,194"
14296,"40,0,145"
14297,"271,0,291"
14298,"0,265,376"
14299,"3,17"
14300,"0,271,313"
14301,"199,170,169"
14302,"60,13,10"
14303,"3,4,435"
14304,"40,402,145"
14305,"3,53,111"
14306,"231,23,26"
14307,"145,40,44"
14308,"40,145,402"
14309,"4,3,435"
14310,"64,10,93"
14311,"337,311,296"
14312,"255,280,271"
14313,"145,40"
14314,"0,218,8"
14315,"169,296"
14316,"3,4,40"
14317,"0,2,1"
14318,"23,24,43"
14319,"3,4,52"
14320,"21,3,42"
14321,"3,68,53"
14322,"3,4,111"
14323,"265,349,0"
14324,"265,0,340"
14325,"170,10,199"
14326,"290,23,31"
14327,"15,3,16"
14328,"0,313,346"
14329,"0,206,8"
14330,"64,10,80"
14331,"426,311,259"
14332,"3,147,148"
14333,"3,21,5"
14334,"10,64,93"
14335,"40,160"
14336,"296,169"
14337,"0,337,426"
14338,"271,255,360"
14339,"145,44,23"
14340,"234,60"
14341,"3,51,52"
14342,"3,331,5"
14343,"23,0,8"
14344,"508,169,426"
14345,"4,3,19"
14346,"23,281,169"
14347,"129,128,40"
14348,"3,21,22"
14349,"169,311,426"
14350,"169,296"
14351,"23,24,43"
14352,"216,0,254"
14353,"40,23,169"
14354,"3,42,40"
14355,"40,241,131"
14356,"220,10,23"
14357,"241,131,40"
14358,"296,169,333"
14359,"24,23,25"
14360,"170,10,323"
14361,"0,349,265"
14362,"3,4,174"
14363,"169,3,21"
14364,"0,271,265"
14365,"40,215,160"
14366,"21,3,48"
14367,"131,40,134"
14368,"3,4,435"
14369,"10,23,60"
14370,"26,23,0"
14371,"145,40,44"
14372,"93,10,181"
14373,"3,301,51"
14374,"13,3,0"
14375,"145,96,23"
14376,"145,44,45"
14377,"60,3,287"
14378,"220,25,10"
14379,"23,74,118"
14380,"40,128,186"
14381,"3,147,35"
14382,"0,265,349"
14383,"3,21,48"
14384,"23,74,38"
14385,"3,21,164"
14386,"0,311,265"
14387,"16,15,3"
14388,"199,171,170"
14389,"145,44,23"
14390,"21,301,3"
14391,"271,0,291"
14392,"32,31,23"
14393,"181,40,145"
14394,"3,187,21"
14395,"11,10,12"
14396,"0,291,271"
14397,"3,4,435"
14398,"40,131,241"
14399,"128,129,40"
14400,"3,4,435"
14401,"24,49,23"
14402,"93,64,10"
14403,"10,3"
14404,"145,44,45"
14405,"3,21,22"
14406,"291,0,271"
14407,"24,43,23"
14408,"3,147,148"
14409,"40,160,151"
14410,"40,315,160"
14411,"111,3,161"
14412,"40,131,241"
14413,"220,10"
14414,"145,45,44"
14415,"0,255,280"
14416,"38,23,3"
14417,"23,38,418"
14418,"111,3"
14419,"40,131,241"
14420,"23,24,181"
14421,"170,171,199"
14422,"31,32,23"
14423,"11,10,419"
14424,"40,131,241"
14425,"40,128,129"
14426,"234,21,60"
14427,"220,10"
14428,"0,271,291"
14429,"64,10,80"
14430,"128,396,21"
14431,"31,32,23"
14432,"135,138,40"
14433,"44,145,45"
14434,"21,3"
14435,"3,21,182"
14436,"3,5,21"
14437,"3,16,15"
14438,"113,28,3"
14439,"71,38,24"
14440,"145,45,44"
14441,"23,26,89"
14442,"337,271,40"
14443,"23,93,74"
14444,"3,21,199"
14445,"0,291,271"
14446,"74,71,38"
14447,"3,21,40"
14448,"3,15,16"
14449,"128,40,129"
14450,"10,64"
14451,"25,23,24"
14452,"40,128,195"
14453,"23,10"
14454,"160,40,414"
14455,"3,53,523"
14456,"40,131,134"
14457,"38,309,23"
14458,"40,145"
14459,"3,4,435"
14460,"10,64,93"
14461,"0,271,291"
14462,"10,220,265"
14463,"145,40,402"
14464,"40,25,145"
14465,"40,21,145"
14466,"17,3,320"
14467,"40,135,138"
14468,"0,271,291"
14469,"25,24,23"
14470,"40,128,130"
14471,"23,328,31"
14472,"64,93,10"
14473,"181,40,170"
14474,"26,0,271"
14475,"44,45,145"
14476,"23,38"
14477,"44,145,45"
14478,"23,31,32"
14479,"3,147,148"
14480,"23,89,26"
14481,"3,34,35"
14482,"3,23,53"
14483,"145,115,322"
14484,"3,523,53"
14485,"3,21,182"
14486,"3,4,435"
14487,"3,112,111"
14488,"4,3"
14489,"84,74,40"
14490,"3,21"
14491,"24,43,40"
14492,"169,296,306"
14493,"3,13,14"
14494,"23,328,31"
14495,"10,54,23"
14496,"337,251,296"
14497,"3,21,17"
14498,"40,406,131"
14499,"0,206,8"
14500,"40,151,160"
14501,"3,523,53"
14502,"40,23,63"
14503,"145,40,402"
14504,"3,301,21"
14505,"10,239,60"
14506,"41,40,286"
14507,"23,74,118"
14508,"10,64,23"
14509,"3,21,147"
14510,"3,21,301"
14511,"145,169,23"
14512,"220,10"
14513,"40,145,370"
14514,"23,38,40"
14515,"0,129,23"
14516,"40,145,402"
14517,"145,402,40"
14518,"23,31,32"
14519,"40,146,145"
14520,"3,523,53"
14521,"11,44,10"
14522,"220,10"
14523,"199,170,323"
14524,"53,523,3"
14525,"3,17,320"
14526,"40,271,131"
14527,"3,367,100"
14528,"255,0,280"
14529,"337,251,296"
14530,"3,187,16"
14531,"11,44,10"
14532,"3,21,111"
14533,"23,26,231"
14534,"0,271"
14535,"139,222,100"
14536,"93,64,10"
14537,"0,216,257"
14538,"3,21,187"
14539,"3,53,147"
14540,"17,3,320"
14541,"271,0"
14542,"145,44,45"
14543,"3,147,148"
14544,"40,402,145"
14545,"199,169,343"
14546,"199,93,10"
14547,"40,131,38"
14548,"23,74,40"
14549,"145,402,40"
14550,"40,186,128"
14551,"40,23,175"
14552,"160,40,302"
14553,"0,313,346"
14554,"17,3,320"
14555,"170,199,171"
14556,"23,231,26"
14557,"40,215,41"
14558,"3,523,53"
14559,"3,21"
14560,"3,30,40"
14561,"10,220,221"
14562,"40,131,406"
14563,"3,287,53"
14564,"3,17,320"
14565,"3,17,320"
14566,"23,24,181"
14567,"0,271,291"
14568,"23,32,31"
14569,"3,147,148"
14570,"93,10,64"
14571,"3,15,16"
14572,"129,128,40"
14573,"3,21,301"
14574,"38,87,23"
14575,"40,160,302"
14576,"10,220"
14577,"10,239,60"
14578,"40,146"
14579,"3,147,148"
14580,"220,10"
14581,"10,93,64"
14582,"199,170,323"
14583,"3,4,435"
14584,"220,10"
14585,"40,128,130"
14586,"38,309,23"
14587,"248,40,307"
14588,"3,111,284"
14589,"3,111,4"
14590,"38,23,71"
14591,"23,49,24"
14592,"3,111,21"
14593,"311,426,21"
14594,"23,74,165"
14595,"24,23,43"
14596,"3,182,21"
14597,"10,64,93"
14598,"44,45,145"
14599,"24,49,23"
14600,"3,21"
14601,"3,51,13"
14602,"139,17,40"
14603,"31,32,23"
14604,"145,402,40"
14605,"271,0,456"
14606,"311,265,426"
14607,"3,104,169"
14608,"3,51,52"
14609,"0,271,265"
14610,"40,128,130"
14611,"3,4,435"
14612,"23,74,118"
14613,"49,24,23"
14614,"10,64,93"
14615,"10,64,80"
14616,"64,80,10"
14617,"40,146,145"
14618,"145,69,44"
14619,"74,23"
14620,"212,211,216"
14621,"23,38,74"
14622,"265,418,0"
14623,"199,169,170"
14624,"199,170,171"
14625,"64,10,80"
14626,"455,195,0"
14627,"241,40,21"
14628,"0,8,291"
14629,"3,21,127"
14630,"44,145,72"
14631,"10,11,44"
14632,"169,296,306"
14633,"220,10,23"
14634,"40,128,186"
14635,"181,170,199"
14636,"3,133,5"
14637,"220,10"
14638,"44,45,145"
14639,"105,23"
14640,"426,169,0"
14641,"3,21,111"
14642,"21,3,182"
14643,"220,10"
14644,"40,186,128"
14645,"0,8,308"
14646,"3,53,5"
14647,"71,38,24"
14648,"3,21,148"
14649,"508,169,426"
14650,"0,291,271"
14651,"3,111,161"
14652,"0,8"
14653,"229,230,169"
14654,"40,128"
14655,"3,111,182"
14656,"3,21"
14657,"3,13,14"
14658,"74,23,118"
14659,"40,135"
14660,"40,131,241"
14661,"40,160"
14662,"145,24,40"
14663,"38,145,71"
14664,"40,145,184"
14665,"74,23,317"
14666,"0,206,8"
14667,"40,131,241"
14668,"23,49,24"
14669,"3,5,6"
14670,"23,74,118"
14671,"3,53,523"
14672,"3,147,156"
14673,"0,271"
14674,"169,455,216"
14675,"186,128,40"
14676,"40,128,129"
14677,"15,16,3"
14678,"199,426,169"
14679,"169,436,170"
14680,"0,271,291"
14681,"131,241,40"
14682,"135,40,141"
14683,"40,131,241"
14684,"3,301,53"
14685,"10,64,93"
14686,"24,43,23"
14687,"224,3,40"
14688,"3,187,21"
14689,"3,53,21"
14690,"10,239,60"
14691,"23,74,317"
14692,"71,24,38"
14693,"169,296,420"
14694,"40,160,315"
14695,"24,43,23"
14696,"160,315,40"
14697,"44,145,45"
14698,"265,0,340"
14699,"3,30,40"
14700,"290,31,23"
14701,"135,40,307"
14702,"40,128"
14703,"169,199,281"
14704,"3,21"
14705,"40,162"
14706,"3,156,147"
14707,"17,3,320"
14708,"3,21,127"
14709,"24,49,23"
14710,"296,0,169"
14711,"311,426,259"
14712,"311,337,426"
14713,"8,0,206"
14714,"426,311,337"
14715,"31,32,23"
14716,"24,145"
14717,"3,111,267"
14718,"23,74,118"
14719,"10,64,90"
14720,"139,40,140"
14721,"23,40,8"
14722,"145,44,45"
14723,"148,147,3"
14724,"0,265,418"
14725,"220,10"
14726,"145,44,45"
14727,"38,23,39"
14728,"145,87,8"
14729,"3,13"
14730,"64,10"
14731,"0,418,265"
14732,"21,3,187"
14733,"21,3,301"
14734,"220,10"
14735,"3,523,53"
14736,"49,24,23"
14737,"23,38,197"
14738,"3,4,435"
14739,"211,212,216"
14740,"220,10"
14741,"220,10"
14742,"43,170,24"
14743,"243,40,184"
14744,"40,131,406"
14745,"64,448,10"
14746,"3,74,28"
14747,"0,271,265"
14748,"23,40,25"
14749,"23,94,40"
14750,"23,74,118"
14751,"199,170,323"
14752,"171,199,170"
14753,"10,64"
14754,"0,216,271"
14755,"40,128,41"
14756,"0,271"
14757,"3,15,16"
14758,"96,31,184"
14759,"241,131,40"
14760,"3,85,86"
14761,"170,337,169"
14762,"3,147,156"
14763,"72,44,145"
14764,"169,199,343"
14765,"21,3,40"
14766,"169,199"
14767,"38,309,3"
14768,"40,131,406"
14769,"74,118,23"
14770,"372,255,0"
14771,"24,49,23"
14772,"0,271,291"
14773,"21,3,124"
14774,"17,320,3"
14775,"3,21,17"
14776,"3,34,21"
14777,"259,311,426"
14778,"3,21,53"
14779,"3,30,28"
14780,"260,170,169"
14781,"40,402,145"
14782,"8,514,0"
14783,"3,53,523"
14784,"23,24,49"
14785,"40,23,131"
14786,"523,53,3"
14787,"10,64,25"
14788,"40,478,145"
14789,"10,64,80"
14790,"350,0,26"
14791,"40,160,302"
14792,"49,23,24"
14793,"44,145,45"
14794,"10,64,90"
14795,"40,146,145"
14796,"3,53,21"
14797,"40,23,231"
14798,"40,145,146"
14799,"271,0,291"
14800,"38,23,137"
14801,"40,131,169"
14802,"337,251,296"
14803,"3,5,21"
14804,"23,26,0"
14805,"0,211,271"
14806,"3,301,21"
14807,"40,241,131"
14808,"24,23,43"
14809,"3,21,17"
14810,"3,4,435"
14811,"3,53,11"
14812,"0,271,216"
14813,"3,21,127"
14814,"44,23,24"
14815,"24,23,145"
14816,"3,204,13"
14817,"11,10,205"
14818,"10,220"
14819,"23,26,89"
14820,"92,60,23"
14821,"3,301,21"
14822,"40,135,138"
14823,"0,265,349"
14824,"38,23,40"
14825,"265,3,100"
14826,"5,3,6"
14827,"0,265"
14828,"3,4,5"
14829,"40,128,130"
14830,"38,23,74"
14831,"3,34,21"
14832,"220,10"
14833,"145,44,10"
14834,"0,291,271"
14835,"23,231,118"
14836,"222,100,199"
14837,"40,128,186"
14838,"71,38,24"
14839,"220,10"
14840,"0,271,291"
14841,"3,147,21"
14842,"26,23,350"
14843,"31,32,23"
14844,"3,523,53"
14845,"311,426,337"
14846,"40,128,130"
14847,"21,40,3"
14848,"40,160,151"
14849,"3,53,523"
14850,"220,10"
14851,"147,148,3"
14852,"74,23,317"
14853,"0,271,444"
14854,"11,10,12"
14855,"0,26,346"
14856,"40,128,129"
14857,"0,8,206"
14858,"40,41,224"
14859,"24,23,49"
14860,"40,406,131"
14861,"21,3"
14862,"21,3,199"
14863,"201,40,3"
14864,"41,40,224"
14865,"40,146,145"
14866,"3,21,164"
14867,"3,301,21"
14868,"145,44,45"
14869,"40,315,160"
14870,"145,23,40"
14871,"44,10,11"
14872,"3,4,435"
14873,"3,15,147"
14874,"220,10,23"
14875,"337,296,251"
14876,"3,17,320"
14877,"3,147,148"
14878,"220,10"
14879,"3,21,187"
14880,"3,111,112"
14881,"0,271,291"
14882,"21,3,40"
14883,"23,49,24"
14884,"44,145"
14885,"3,4,435"
14886,"0,291,44"
14887,"370,0,23"
14888,"26,23,350"
14889,"13,14,3"
14890,"32,3,23"
14891,"10,64,80"
14892,"21,3"
14893,"3,34,187"
14894,"96,31,23"
14895,"0,265,349"
14896,"426,259,311"
14897,"40,402,145"
14898,"23,3,105"
14899,"0,265"
14900,"24,71,10"
14901,"23,74,317"
14902,"40,131,134"
14903,"402,40,145"
14904,"170,199"
14905,"40,431,135"
14906,"145,45,44"
14907,"40,135,138"
14908,"40,151,160"
14909,"26,23,0"
14910,"3,13,204"
14911,"40,131,241"
14912,"0,277,271"
14913,"241,40,131"
14914,"0,265,418"
14915,"64,10,80"
14916,"23,49,24"
14917,"135,169,40"
14918,"3,21,17"
14919,"135,40,199"
14920,"23,49,24"
14921,"169,296,306"
14922,"40,41,224"
14923,"43,24,23"
14924,"0,271,23"
14925,"0,271,255"
14926,"3,145,296"
14927,"44,145,69"
14928,"40,131,406"
14929,"3,21,301"
14930,"169,339,337"
14931,"89,26,0"
14932,"23,91,38"
14933,"0,418,23"
14934,"199,170"
14935,"169,417,296"
14936,"0,360"
14937,"131,241,40"
14938,"23,38"
14939,"3,265,53"
14940,"255,0,372"
14941,"24,10,220"
14942,"169,3,426"
14943,"3,21,53"
14944,"3,51,21"
14945,"40,160,315"
14946,"435,3,4"
14947,"74,23,317"
14948,"296,169,306"
14949,"3,21,182"
14950,"40,131,10"
14951,"3,40,15"
14952,"71,402,38"
14953,"0,313,346"
14954,"23,38,24"
14955,"31,77,171"
14956,"128,40,195"
14957,"131,40,241"
14958,"3,23"
14959,"40,131,241"
14960,"40,139,153"
14961,"38,71,23"
14962,"23,0"
14963,"0,255,271"
14964,"40,131,241"
14965,"23,38,39"
14966,"169,170,40"
14967,"523,3,53"
14968,"23,3,74"
14969,"3,4"
14970,"40,128,129"
14971,"21,40,41"
14972,"24,23,49"
14973,"40,241,131"
14974,"64,10,80"
14975,"199,170,171"
14976,"0,23"
14977,"271,0,456"
14978,"259,426,311"
14979,"10,64,93"
14980,"0,145,216"
14981,"40,131,406"
14982,"3,21,301"
14983,"40,128,186"
14984,"0,311,337"
14985,"0,313,26"
14986,"0,8"
14987,"0,271,40"
14988,"10,25,24"
14989,"23,296"
14990,"3,51,21"
14991,"145,23,44"
14992,"0,271,291"
14993,"3,435,4"
14994,"3,4"
14995,"3,21,325"
14996,"64,10,93"
14997,"199,170,251"
14998,"43,24,23"
14999,"10,93,64"
15000,"40,160,315"
15001,"3,111,53"
15002,"494,169,184"
15003,"11,44,145"
15004,"170,171,169"
15005,"118,23,74"
15006,"40,131"
15007,"49,24,23"
15008,"23,24,49"
15009,"40,311,312"
15010,"3,21,169"
15011,"23,131,40"
15012,"40,128,265"
15013,"3,40,21"
15014,"44,10,145"
15015,"3,15,147"
15016,"199,170,171"
15017,"3,21,53"
15018,"145,40,23"
15019,"171,199,170"
15020,"23,118,74"
15021,"426,311,337"
15022,"40,128,149"
15023,"64,10,80"
15024,"3,301,21"
15025,"8,308,0"
15026,"3,17,320"
15027,"3,21,127"
15028,"0,193,40"
15029,"40,131,406"
15030,"23,74,303"
15031,"0,271,350"
15032,"17,320,40"
15033,"3,148,147"
15034,"3,21,301"
15035,"3,147,85"
15036,"3,5,52"
15037,"3,21"
15038,"271,0,291"
15039,"0,216,254"
15040,"220,10,221"
15041,"169,296,300"
15042,"10,64"
15043,"0,8,206"
15044,"21,3"
15045,"3,21,164"
15046,"3,53,111"
15047,"23,0,271"
15048,"40,128,184"
15049,"10,64,93"
15050,"135,236,40"
15051,"3,4,435"
15052,"187,3,21"
15053,"251,337,296"
15054,"211,216,212"
15055,"38,309,23"
15056,"0,291,271"
15057,"40,145,402"
15058,"3,21,60"
15059,"370,0,23"
15060,"10,64,93"
15061,"170,199,323"
15062,"147,3,148"
15063,"199,170,323"
15064,"44,45,145"
15065,"311,426,337"
15066,"40,131,241"
15067,"3,21,182"
15068,"21,3"
15069,"3,21,182"
15070,"3,111,147"
15071,"3,4,435"
15072,"3,21,147"
15073,"3,111,112"
15074,"40,169,135"
15075,"169,3,10"
15076,"3,53,147"
15077,"24,43,23"
15078,"220,10"
15079,"3,147"
15080,"181,145,23"
15081,"0,271,8"
15082,"49,24,23"
15083,"40,23"
15084,"40,131,406"
15085,"44,45,145"
15086,"220,10,221"
15087,"0,265,349"
15088,"118,23,74"
15089,"313,346,0"
15090,"271,0,291"
15091,"3,4,435"
15092,"3,21,127"
15093,"402,40,145"
15094,"3,21,53"
15095,"3,169"
15096,"40,160,315"
15097,"11,72,12"
15098,"0,216,354"
15099,"0,128,271"
15100,"135,141,40"
15101,"3,21,40"
15102,"3,275,111"
15103,"3,17,320"
15104,"3,147,15"
15105,"265,0,418"
15106,"23,43,24"
15107,"0,271,426"
15108,"145,44,40"
15109,"38,23,71"
15110,"337,53,339"
15111,"3,204,13"
15112,"23,74,118"
15113,"25,24,23"
15114,"40,146,152"
15115,"40,131"
15116,"3,147,156"
15117,"10,205,23"
15118,"145,44"
15119,"311,337,0"
15120,"3,147,148"
15121,"3,34,263"
15122,"402,40,145"
15123,"23,145,24"
15124,"40,131,0"
15125,"40,100,3"
15126,"3,4,435"
15127,"220,10"
15128,"216,212,211"
15129,"231,23,26"
15130,"40,131,406"
15131,"145,40,23"
15132,"10,64"
15133,"3,4,435"
15134,"3,52,21"
15135,"3,5,4"
15136,"40,175,128"
15137,"135,138,40"
15138,"40,160,128"
15139,"40,175,128"
15140,"0,350,26"
15141,"23,84,38"
15142,"3,53"
15143,"24,43,23"
15144,"10,220"
15145,"23,32,31"
15146,"3,21"
15147,"169,170,216"
15148,"0,313,346"
15149,"43,24,23"
15150,"40,145,44"
15151,"10,64,93"
15152,"220,24,25"
15153,"3,100,222"
15154,"3,53,523"
15155,"31,96,23"
15156,"169,3,199"
15157,"0,485,313"
15158,"23,24,181"
15159,"3,301,147"
15160,"49,23,24"
15161,"199,171,170"
15162,"3,28,111"
15163,"0,308,8"
15164,"10,220"
15165,"24,49"
15166,"3,53,0"
15167,"296,169"
15168,"3,111,147"
15169,"40,152,151"
15170,"23,38,24"
15171,"3,4"
15172,"3,4,474"
15173,"24,181,43"
15174,"199,169,170"
15175,"17,58,21"
15176,"181,170,145"
15177,"169,199,259"
15178,"3,523,53"
15179,"197,38,60"
15180,"21,3,127"
15181,"3,21,164"
15182,"25,24,23"
15183,"220,10,25"
15184,"3,53,523"
15185,"296,169,337"
15186,"23,74,303"
15187,"32,31,3"
15188,"0,271,363"
15189,"40,145"
15190,"3,435,4"
15191,"0,206,8"
15192,"3,21,48"
15193,"23,38,91"
15194,"3,156,147"
15195,"40,145,44"
15196,"0,271,291"
15197,"3,147,148"
15198,"3,5"
15199,"40,406,131"
15200,"131,241,40"
15201,"40,128,129"
15202,"3,182,68"
15203,"24,49,23"
15204,"145,40,44"
15205,"0,265,349"
15206,"3,53,105"
15207,"21,3"
15208,"3,21"
15209,"0,349,265"
15210,"10,220"
15211,"10,220,24"
15212,"3,21,187"
15213,"3,182,21"
15214,"145,44,72"
15215,"21,3,41"
15216,"0,271"
15217,"23,74,3"
15218,"11,10,205"
15219,"40,128,186"
15220,"145,45,44"
15221,"211,212,216"
15222,"24,23,181"
15223,"0,291,271"
15224,"350,26,23"
15225,"40,23,38"
15226,"40,131,241"
15227,"11,10,12"
15228,"251,337,0"
15229,"40,406,131"
15230,"10,64,60"
15231,"23,313,0"
15232,"0,218,446"
15233,"13,14"
15234,"311,426,337"
15235,"402,145,40"
15236,"3,21,22"
15237,"135,431,40"
15238,"311,426,199"
15239,"220,10"
15240,"145,44,40"
15241,"145,44,45"
15242,"170,199,169"
15243,"10,11,145"
15244,"64,10,80"
15245,"3,21,127"
15246,"64,10,80"
15247,"0,271,291"
15248,"31,23,32"
15249,"23,32,31"
15250,"3,147,148"
15251,"311,426,337"
15252,"145,402,44"
15253,"23,38,309"
15254,"23,74,140"
15255,"0,216,354"
15256,"271,0,360"
15257,"259,311,426"
15258,"40,131,406"
15259,"40,131,406"
15260,"3,111"
15261,"3,21,187"
15262,"40,162,23"
15263,"145,24,221"
15264,"25,10,220"
15265,"94,23,38"
15266,"40,406,131"
15267,"3,38,74"
15268,"135,138,40"
15269,"21,128,340"
15270,"0,265,340"
15271,"187,3,21"
15272,"21,187,3"
15273,"11,205,10"
15274,"220,10,221"
15275,"0,271,456"
15276,"170,171,199"
15277,"3,21"
15278,"169,199,343"
15279,"10,64"
15280,"3,4,435"
15281,"3,21,53"
15282,"40,131,241"
15283,"40,243,317"
15284,"72,44,145"
15285,"308,23,8"
15286,"21,3,301"
15287,"170,199,323"
15288,"0,426,265"
15289,"3,523,53"
15290,"220,221,10"
15291,"3,21,182"
15292,"3,21,17"
15293,"3,164,21"
15294,"10,43,24"
15295,"10,64"
15296,"24,23,25"
15297,"11,10,205"
15298,"0,265,349"
15299,"169,337,339"
15300,"3,21,127"
15301,"3,21,301"
15302,"331,5,3"
15303,"31,23"
15304,"296,169,460"
15305,"40,131,139"
15306,"131,40"
15307,"311,23,0"
15308,"60,239,10"
15309,"145,40,44"
15310,"309,3,38"
15311,"259,311,426"
15312,"3,21,182"
15313,"0,311,291"
15314,"131,241,40"
15315,"296,337,251"
15316,"0,265,376"
15317,"40,315,128"
15318,"3,4,435"
15319,"145,40"
15320,"169,426,508"
15321,"271,0,291"
15322,"23,74,118"
15323,"0,291,271"
15324,"271,291,0"
15325,"0,265,271"
15326,"169,199,160"
15327,"255,0,348"
15328,"3,40,30"
15329,"145,11,109"
15330,"0,271,89"
15331,"3,17,320"
15332,"0,8,235"
15333,"169,199,170"
15334,"220,10,23"
15335,"3,21,147"
15336,"74,317,23"
15337,"3,21,187"
15338,"3,21,301"
15339,"40,131,402"
15340,"0,265,349"
15341,"23,0,337"
15342,"21,3,301"
15343,"23,182,3"
15344,"0,8,206"
15345,"3,15,53"
15346,"10,11,44"
15347,"3,53,523"
15348,"3,53,523"
15349,"199,169"
15350,"3,21,5"
15351,"0,271,291"
15352,"169,170,199"
15353,"64,10,80"
15354,"40,296,145"
15355,"145,44"
15356,"23,296,10"
15357,"0,291,271"
15358,"44,145,45"
15359,"40,131,406"
15360,"11,205,10"
15361,"3,128,40"
15362,"3,112,111"
15363,"3,301,21"
15364,"145,23,40"
15365,"64,93,10"
15366,"40,131,241"
15367,"107,23,38"
15368,"40,131,134"
15369,"44,145,45"
15370,"40,131,241"
15371,"3,21"
15372,"170,49,199"
15373,"40,135"
15374,"3,53,21"
15375,"145,40,402"
15376,"23,24,49"
15377,"40,241,131"
15378,"0,418,265"
15379,"23,38,26"
15380,"0,8,271"
15381,"0,216,212"
15382,"0,291,271"
15383,"23,40,4"
15384,"3,21,33"
15385,"3,147,148"
15386,"169,199,281"
15387,"93,10,64"
15388,"40,128,313"
15389,"40,128,175"
15390,"3,15,16"
15391,"0,291,23"
15392,"3,28,364"
15393,"3,148,21"
15394,"193,131,40"
15395,"111,3,123"
15396,"31,328,40"
15397,"160,40,315"
15398,"220,10,25"
15399,"220,10"
15400,"170,199,323"
15401,"0,271,366"
15402,"10,60,239"
15403,"0,271,291"
15404,"40,145,402"
15405,"10,64,60"
15406,"3,17,320"
15407,"96,31,23"
15408,"0,26,346"
15409,"3,4,38"
15410,"3,147,148"
15411,"3,15,16"
15412,"0,271,456"
15413,"15,16,3"
15414,"169,13,5"
15415,"23,40,145"
15416,"234,60,21"
15417,"40,184,185"
15418,"220,10,221"
15419,"53,3,523"
15420,"0,271"
15421,"316,3,23"
15422,"38,23,40"
15423,"0,8,327"
15424,"31,306,131"
15425,"0,265,257"
15426,"271,0,291"
15427,"169,199,40"
15428,"40,406,131"
15429,"0,271,291"
15430,"23,24,181"
15431,"24,23,43"
15432,"3,385,40"
15433,"23,31,32"
15434,"10,93,64"
15435,"145,402,40"
15436,"40,21,131"
15437,"3,21,169"
15438,"220,10"
15439,"21,3"
15440,"23,26,89"
15441,"10,239,60"
15442,"145,402,40"
15443,"38,145,40"
15444,"10,43,24"
15445,"3,21,127"
15446,"23,74,84"
15447,"3,21,124"
15448,"139,153,40"
15449,"38,23,39"
15450,"169,199,343"
15451,"40,123,111"
15452,"40,160,315"
15453,"169,508,454"
15454,"0,128,3"
15455,"3,21,127"
15456,"3,53,523"
15457,"40,26,0"
15458,"3,21,301"
15459,"135,40,138"
15460,"145,44,45"
15461,"0,8,235"
15462,"3,21,51"
15463,"3,147,148"
15464,"44,45,145"
15465,"3,164,21"
15466,"8,0,405"
15467,"0,314,313"
15468,"24,71,221"
15469,"3,21,30"
15470,"44,145,45"
15471,"211,0,212"
15472,"0,346,313"
15473,"23,74,40"
15474,"220,10,23"
15475,"3,111,112"
15476,"40,139"
15477,"10,44,69"
15478,"251,337,296"
15479,"145,40,402"
15480,"3,17,320"
15481,"311,259,426"
15482,"145,40,44"
15483,"199,169"
15484,"3,182,68"
15485,"23,184,231"
15486,"303,38,23"
15487,"211,212,216"
15488,"3,21,187"
15489,"3,15,17"
15490,"0,311,271"
15491,"145,24,44"
15492,"199,311,426"
15493,"3,21,301"
15494,"3,435,4"
15495,"181,40,64"
15496,"170,171,199"
15497,"199,169,40"
15498,"255,0,280"
15499,"3,21,169"
15500,"0,265"
15501,"3,147"
15502,"64,10,93"
15503,"40,131,406"
15504,"24,25,23"
15505,"40,41,224"
15506,"291,0,271"
15507,"40,138,135"
15508,"3,182,21"
15509,"62,23,24"
15510,"87,38,23"
15511,"271,0,291"
15512,"10,64,80"
15513,"3,5"
15514,"311,337,426"
15515,"296,169,23"
15516,"40,131,241"
15517,"23,32,31"
15518,"59,205,265"
15519,"169,160,199"
15520,"199,170,323"
15521,"40,184"
15522,"181,170,145"
15523,"3,15,17"
15524,"216,304,0"
15525,"3,119,40"
15526,"494,184,40"
15527,"3,5,228"
15528,"31,169,170"
15529,"0,271,291"
15530,"3,21,301"
15531,"134,40,131"
15532,"3,21,53"
15533,"8,405,337"
15534,"10,93,64"
15535,"3,227,30"
15536,"40,131,193"
15537,"40,131,241"
15538,"23,38,309"
15539,"10,11,145"
15540,"169,40,170"
15541,"231,23,26"
15542,"23,78,24"
15543,"231,26,23"
15544,"3,111,147"
15545,"10,64,90"
15546,"3,53,21"
15547,"24,145,43"
15548,"3,21"
15549,"13,204,3"
15550,"10,93,64"
15551,"3,164,21"
15552,"23,181,145"
15553,"23,38"
15554,"40,145,11"
15555,"8,0,391"
15556,"93,64,10"
15557,"3,21,111"
15558,"3,4,435"
15559,"23,24,49"
15560,"3,21,154"
15561,"220,10,24"
15562,"3,21,48"
15563,"40,131,406"
15564,"3,53,111"
15565,"3,4,435"
15566,"3,21,33"
15567,"43,23,24"
15568,"181,170,145"
15569,"24,43,23"
15570,"131,40,241"
15571,"3,34,21"
15572,"10,64,80"
15573,"3,41,42"
15574,"169,426,311"
15575,"0,8,206"
15576,"3,21"
15577,"24,23,181"
15578,"93,64,10"
15579,"311,426,259"
15580,"0,271,291"
15581,"271,0"
15582,"107,23,38"
15583,"0,8,206"
15584,"0,265,273"
15585,"220,10"
15586,"3,375,4"
15587,"402,64,10"
15588,"170,199,311"
15589,"170,171,199"
15590,"74,38,23"
15591,"23,24,25"
15592,"10,93,64"
15593,"0,265,23"
15594,"13,3,204"
15595,"10,220,40"
15596,"402,40,145"
15597,"3,21,111"
15598,"40,146,145"
15599,"0,291,271"
15600,"3,111,267"
15601,"3,21,148"
15602,"23,74,38"
15603,"31,23,169"
15604,"199,0,170"
15605,"40,145"
15606,"3,21"
15607,"170,169,199"
15608,"0,8"
15609,"40,131,406"
15610,"21,3,22"
15611,"21,3,187"
15612,"38,71,23"
15613,"3,147,21"
15614,"13,14,204"
15615,"402,40,145"
15616,"23,74,118"
15617,"40,128,129"
15618,"10,64,40"
15619,"10,93,64"
15620,"10,64,40"
15621,"3,127,21"
15622,"193,40,131"
15623,"40,184"
15624,"199,169,170"
15625,"128,40,129"
15626,"3,53,523"
15627,"0,8"
15628,"311,337,426"
15629,"3,4,435"
15630,"3,21,53"
15631,"40,128,408"
15632,"0,418,265"
15633,"170,199,323"
15634,"3,16,15"
15635,"0,3,511"
15636,"64,10,145"
15637,"40,160,315"
15638,"145,40,402"
15639,"40,128,131"
15640,"0,271,291"
15641,"45,44,145"
15642,"0,271,291"
15643,"40,186,128"
15644,"40,146,145"
15645,"23,309,38"
15646,"346,313,0"
15647,"0,8,235"
15648,"3,523,148"
15649,"3,187,263"
15650,"0,1,216"
15651,"3,16,15"
15652,"337,405,8"
15653,"64,10,80"
15654,"3,21,187"
15655,"3,21,187"
15656,"3,4,188"
15657,"40,406,131"
15658,"64,10,93"
15659,"44,145,45"
15660,"0,271,255"
15661,"3,21,34"
15662,"38,23,91"
15663,"23,38,24"
15664,"0,265,349"
15665,"199,40,169"
15666,"3,147,156"
15667,"13,204,14"
15668,"129,128,40"
15669,"0,23,457"
15670,"23,141,135"
15671,"0,271,291"
15672,"145,402,40"
15673,"220,10"
15674,"145,25,44"
15675,"3,17,187"
15676,"0,271,277"
15677,"0,265,8"
15678,"74,135,307"
15679,"23,24,25"
15680,"135,431,40"
15681,"199,170,171"
15682,"0,271,291"
15683,"271,0,255"
15684,"301,3,21"
15685,"3,21,147"
15686,"24,40,43"
15687,"291,271,251"
15688,"3,21,187"
15689,"23,49,24"
15690,"0,23,103"
15691,"40,184"
15692,"40,128,296"
15693,"44,145,45"
15694,"259,426,311"
15695,"349,265,0"
15696,"3,4,435"
15697,"44,145,45"
15698,"239,49,23"
15699,"296,23,3"
15700,"10,93,239"
15701,"175,23,40"
15702,"0,8,206"
15703,"199,169,40"
15704,"3,4,435"
15705,"3,21,148"
15706,"3,48,21"
15707,"3,15,16"
15708,"3,111,41"
15709,"0,346,313"
15710,"3,301,21"
15711,"3,4"
15712,"40,145,402"
15713,"3,4"
15714,"40,131,406"
15715,"72,170,145"
15716,"40,131,406"
15717,"23,43,24"
15718,"313,0,346"
15719,"40,184,160"
15720,"220,145,10"
15721,"3,435,4"
15722,"171,199,170"
15723,"13,3,204"
15724,"23,3,169"
15725,"31,169,23"
15726,"169,23,296"
15727,"3,4,176"
15728,"259,311,426"
15729,"40,131,128"
15730,"40,459,241"
15731,"3,21,53"
15732,"0,349,271"
15733,"350,26,23"
15734,"21,3"
15735,"3,5,21"
15736,"23,38,40"
15737,"0,271,265"
15738,"24,49,23"
15739,"10,40,23"
15740,"49,23,24"
15741,"313,346,0"
15742,"0,360,211"
15743,"0,265,349"
15744,"23,38,493"
15745,"23,24,0"
15746,"44,11,145"
15747,"44,145,45"
15748,"43,24,23"
15749,"0,271,255"
15750,"3,34,15"
15751,"21,3,187"
15752,"169,296,306"
15753,"0,8,206"
15754,"3,17,34"
15755,"3,4,435"
15756,"3,53"
15757,"24,23,49"
15758,"40,131,406"
15759,"61,60,72"
15760,"44,45,145"
15761,"38,23,175"
15762,"26,23,0"
15763,"128,40,129"
15764,"21,3,40"
15765,"259,426,311"
15766,"224,111,41"
15767,"3,96,199"
15768,"32,31,23"
15769,"21,3"
15770,"3,21,154"
15771,"169,311,426"
15772,"309,38,23"
15773,"199,169,343"
15774,"0,265,349"
15775,"0,271,216"
15776,"0,8,206"
15777,"40,186,128"
15778,"145,40,44"
15779,"24,43,23"
15780,"171,199,170"
15781,"13,3,14"
15782,"0,346,313"
15783,"10,64,80"
15784,"3,5,21"
15785,"402,145,40"
15786,"26,23,0"
15787,"145,40,23"
15788,"3,21,301"
15789,"11,10,145"
15790,"64,10,93"
15791,"131,241,170"
15792,"3,85,86"
15793,"10,145"
15794,"0,418,265"
15795,"220,10,221"
15796,"3,5,21"
15797,"3,21,301"
15798,"3,331,5"
15799,"265,0,418"
15800,"220,10,221"
15801,"139,40,41"
15802,"3,41,42"
15803,"170,199,171"
15804,"523,53,3"
15805,"3,4,435"
15806,"0,128,40"
15807,"271,0,291"
15808,"169,311,3"
15809,"311,426,337"
15810,"40,145,402"
15811,"165,74,23"
15812,"41,40,3"
15813,"10,25,220"
15814,"41,40,224"
15815,"3,21,147"
15816,"199,169,170"
15817,"23,118,74"
15818,"454,31,169"
15819,"265,0,418"
15820,"10,72,44"
15821,"3,21,265"
15822,"44,72,10"
15823,"45,44,145"
15824,"259,169,426"
15825,"40,131,406"
15826,"23,24,145"
15827,"23,313,0"
15828,"337,251,0"
15829,"340,0,265"
15830,"3,21,147"
15831,"3,17,320"
15832,"3,21"
15833,"402,40,145"
15834,"25,23,24"
15835,"3,187,21"
15836,"23,74,84"
15837,"23,38"
15838,"40,184,131"
15839,"93,64,10"
15840,"169,199,281"
15841,"241,40,170"
15842,"169,339,337"
15843,"64,10,80"
15844,"15,16,3"
15845,"64,10,80"
15846,"11,10,72"
15847,"24,23,49"
15848,"10,64,80"
15849,"23,26,231"
15850,"309,38,23"
15851,"137,38,23"
15852,"3,53,21"
15853,"24,43,23"
15854,"170,171,199"
15855,"23,38,31"
15856,"145,40,146"
15857,"4,3,435"
15858,"3,53,340"
15859,"0,8,308"
15860,"23,26,231"
15861,"0,8,206"
15862,"49,24,23"
15863,"3,4,435"
15864,"10,220"
15865,"74,40,317"
15866,"265,0,340"
15867,"3,187,21"
15868,"0,360,271"
15869,"10,11"
15870,"40,128,160"
15871,"24,23,181"
15872,"265,23,24"
15873,"3,21,127"
15874,"0,271,456"
15875,"40,175,128"
15876,"0,271"
15877,"64,10,93"
15878,"40,23,131"
15879,"21,102,3"
15880,"3,40,23"
15881,"3,147,148"
15882,"265,0,349"
15883,"145,60,61"
15884,"24,49,23"
15885,"3,21,187"
15886,"23,26,89"
15887,"40,135,74"
15888,"170,323,199"
15889,"0,271,366"
15890,"3,21,301"
15891,"40,186,128"
15892,"3,4,435"
15893,"3,21,182"
15894,"211,212,319"
15895,"3,4,435"
15896,"139,3,41"
15897,"40,162,250"
15898,"0,255,235"
15899,"169,23,31"
15900,"350,26,23"
15901,"0,255,271"
15902,"145,45,44"
15903,"220,10,23"
15904,"0,265,340"
15905,"3,5,485"
15906,"23,38,39"
15907,"199,171,170"
15908,"3,13,204"
15909,"3,21,164"
15910,"23,231,26"
15911,"40,128,162"
15912,"0,279,249"
15913,"169,259,199"
15914,"3,53,523"
15915,"3,21"
15916,"40,135"
15917,"40,131,406"
15918,"0,255,348"
15919,"135,138,40"
15920,"0,8,206"
15921,"3,16,15"
15922,"10,64,93"
15923,"220,10"
15924,"220,10,25"
15925,"64,10"
15926,"40,131,406"
15927,"8,0,206"
15928,"3,17,320"
15929,"135,431,40"
15930,"10,93,64"
15931,"0,457,218"
15932,"3,21,40"
15933,"3,187,21"
15934,"24,49,23"
15935,"259,311,426"
15936,"145,109,11"
15937,"5,3"
15938,"402,145,40"
15939,"21,187,3"
15940,"8,405,311"
15941,"118,74,23"
15942,"40,131,406"
15943,"402,145,40"
15944,"251,337,296"
15945,"38,23,145"
15946,"3,147,203"
15947,"24,23,43"
15948,"23,309,38"
15949,"3,187,21"
15950,"0,271,311"
15951,"220,10,221"
15952,"40,41,224"
15953,"10,220"
15954,"402,40,145"
15955,"145,44,45"
15956,"3,21"
15957,"0,271,340"
15958,"40,151,152"
15959,"3,4"
15960,"21,40,128"
15961,"3,53,523"
15962,"0,265,340"
15963,"3,17,320"
15964,"3,111,15"
15965,"107,40,38"
15966,"3,21,301"
15967,"64,93,10"
15968,"369,208,0"
15969,"0,216,370"
15970,"74,165,40"
15971,"3,301,147"
15972,"311,199,169"
15973,"145,402,40"
15974,"10,220"
15975,"10,323,170"
15976,"24,23,181"
15977,"265,418,0"
15978,"3,301,15"
15979,"3,21,187"
15980,"145,402,40"
15981,"220,10,0"
15982,"271,0,429"
15983,"44,72,145"
15984,"271,0,456"
15985,"3,147,148"
15986,"220,10,25"
15987,"23,74,303"
15988,"349,265,0"
15989,"309,38,3"
15990,"3,21,164"
15991,"220,10,25"
15992,"10,160,419"
15993,"23,145,26"
15994,"145,44,45"
15995,"459,169,170"
15996,"69,145,44"
15997,"89,23,26"
15998,"3,21,22"
15999,"311,259,426"
16000,"40,315,160"
16001,"128,129,40"
16002,"10,64,448"
16003,"3,331,5"
16004,"402,145,40"
16005,"3,169,325"
16006,"24,23,43"
16007,"152,40,151"
16008,"171,170,199"
16009,"3,147,120"
16010,"271,360,0"
16011,"74,283,23"
16012,"41,40,224"
16013,"3,85,28"
16014,"3,21,301"
16015,"165,3,74"
16016,"271,0,291"
16017,"25,24,23"
16018,"40,146,145"
16019,"40,139,153"
16020,"426,311,259"
16021,"3,111,182"
16022,"3,301,21"
16023,"3,53,60"
16024,"169,311,170"
16025,"45,44,145"
16026,"220,10"
16027,"452,169,296"
16028,"3,40,21"
16029,"3,21,30"
16030,"10,93,64"
16031,"21,3,127"
16032,"10,64,199"
16033,"3,13,5"
16034,"0,265,271"
16035,"10,220,24"
16036,"0,277,426"
16037,"241,38,131"
16038,"0,145,10"
16039,"40,3,41"
16040,"0,457,218"
16041,"289,0,216"
16042,"3,53"
16043,"0,206,8"
16044,"3,15,16"
16045,"169,296,333"
16046,"40,21,241"
16047,"402,145,40"
16048,"3,147,148"
16049,"40,131,241"
16050,"145,44,40"
16051,"23,113,53"
16052,"138,135,40"
16053,"40,131,406"
16054,"32,31,23"
16055,"3,53,523"
16056,"169,31,454"
16057,"308,8,0"
16058,"40,41,128"
16059,"0,8,206"
16060,"454,31,23"
16061,"0,271,456"
16062,"3,4,435"
16063,"181,64,93"
16064,"3,21"
16065,"3,523,53"
16066,"3,17,53"
16067,"271,0,291"
16068,"3,21,301"
16069,"40,128,129"
16070,"0,271,360"
16071,"3,53"
16072,"3,17,10"
16073,"169,508,426"
16074,"107,3,118"
16075,"40,23,175"
16076,"40,160,315"
16077,"40,160,315"
16078,"0,214,213"
16079,"259,311,426"
16080,"0,255,360"
16081,"3,4,13"
16082,"26,89,23"
16083,"3,21"
16084,"64,80,10"
16085,"3,127,21"
16086,"3,21,148"
16087,"199,169"
16088,"40,131,406"
16089,"309,38,23"
16090,"309,38,23"
16091,"10,64,93"
16092,"3,5,4"
16093,"220,402,10"
16094,"0,231,26"
16095,"3,301,21"
16096,"0,206,8"
16097,"199,170,323"
16098,"308,145,38"
16099,"3,4,435"
16100,"271,0,255"
16101,"63,23,38"
16102,"0,8,235"
16103,"10,64,80"
16104,"156,3,147"
16105,"3,21,301"
16106,"309,38,23"
16107,"3,5,287"
16108,"10,220"
16109,"3,147,156"
16110,"23,38,91"
16111,"3,40,148"
16112,"271,456,0"
16113,"145,44,45"
16114,"3,21"
16115,"8,0,206"
16116,"25,24,23"
16117,"10,64,80"
16118,"44,145,45"
16119,"23,169,40"
16120,"131,40,134"
16121,"3,120,121"
16122,"40,145,502"
16123,"13,3,14"
16124,"0,271,366"
16125,"3,21,187"
16126,"0,271"
16127,"311,426,259"
16128,"23,38"
16129,"171,170,199"
16130,"25,40,24"
16131,"23,24,181"
16132,"211,216,212"
16133,"3,5,4"
16134,"0,265,271"
16135,"40,199,169"
16136,"40,169,199"
16137,"10,220"
16138,"21,3,40"
16139,"145,69,44"
16140,"3,34,447"
16141,"23,49,24"
16142,"23,26,308"
16143,"77,31,0"
16144,"0,271,291"
16145,"40,131,406"
16146,"10,40,145"
16147,"40,506,259"
16148,"40,181,145"
16149,"220,221,10"
16150,"24,43,23"
16151,"3,51,21"
16152,"24,43,23"
16153,"251,337,296"
16154,"89,26"
16155,"3,331,5"
16156,"3,147,148"
16157,"3,17,320"
16158,"44,145"
16159,"340,24,21"
16160,"3,147,21"
16161,"220,10"
16162,"3,156,147"
16163,"24,23,25"
16164,"3,21,301"
16165,"206,8,0"
16166,"10,64,90"
16167,"3,17,320"
16168,"3,4,435"
16169,"10,64"
16170,"145,402,40"
16171,"26,350,23"
16172,"3,156,147"
16173,"0,370,216"
16174,"3,147,148"
16175,"135,431,40"
16176,"0,271"
16177,"3,21,34"
16178,"301,3,21"
16179,"0,8,285"
16180,"169,40,371"
16181,"3,21,187"
16182,"3,147,148"
16183,"0,291,271"
16184,"24,43,23"
16185,"10,64,90"
16186,"3,4,210"
16187,"23,38,24"
16188,"44,45,145"
16189,"3,301,21"
16190,"23,74,118"
16191,"10,64,489"
16192,"45,145,44"
16193,"145,10,24"
16194,"0,145,216"
16195,"3,21"
16196,"128,40"
16197,"3,301,455"
16198,"3,21,127"
16199,"24,23,43"
16200,"23,169,296"
16201,"64,10,80"
16202,"251,337,296"
16203,"3,111"
16204,"3,21,48"
16205,"0,271,291"
16206,"40,128,296"
16207,"3,21"
16208,"11,12,44"
16209,"3,21"
16210,"16,15,3"
16211,"3,70,4"
16212,"3,5,4"
16213,"417,426,311"
16214,"311,426,259"
16215,"64,10"
16216,"23,107,118"
16217,"3,147,148"
16218,"402,145,40"
16219,"3,21,13"
16220,"0,235,257"
16221,"3,21,301"
16222,"145,40,23"
16223,"3,85,86"
16224,"10,40,145"
16225,"3,21,40"
16226,"40,128,131"
16227,"0,206,8"
16228,"3,147,148"
16229,"23,49,24"
16230,"3,115,13"
16231,"23,49,24"
16232,"3,15,16"
16233,"10,44,145"
16234,"10,11,64"
16235,"40,23,175"
16236,"23,24,181"
16237,"10,64,80"
16238,"10,3,17"
16239,"170,199,426"
16240,"170,323,60"
16241,"3,21,435"
16242,"323,170,199"
16243,"0,311,271"
16244,"170,199,323"
16245,"111,125,267"
16246,"44,45,145"
16247,"21,3,42"
16248,"170,169,199"
16249,"74,23,317"
16250,"220,10"
16251,"0,216,257"
16252,"40,186,128"
16253,"3,21,523"
16254,"3,147,4"
16255,"49,23,199"
16256,"3,21,15"
16257,"25,24,23"
16258,"199,171,170"
16259,"3,135,21"
16260,"0,271,291"
16261,"3,17,320"
16262,"218,509,0"
16263,"41,224,40"
16264,"170,171,199"
16265,"64,10,80"
16266,"0,271,265"
16267,"3,21,182"
16268,"0,218,271"
16269,"323,170,199"
16270,"296,169,23"
16271,"40,131,241"
16272,"23,64,25"
16273,"10,64,93"
16274,"3,4,435"
16275,"281,199,311"
16276,"3,21"
16277,"3,5,4"
16278,"0,271,8"
16279,"40,315,160"
16280,"145,44,45"
16281,"3,301,111"
16282,"31,32,23"
16283,"0,380,216"
16284,"3,182,21"
16285,"437,23,10"
16286,"40,128,160"
16287,"40,128"
16288,"3,21,182"
16289,"24,23,43"
16290,"93,10,64"
16291,"199,170,323"
16292,"199,323,170"
16293,"40,241,131"
16294,"170,199,323"
16295,"23,0,26"
16296,"25,220,10"
16297,"402,145,40"
16298,"40,131,241"
16299,"40,131,406"
16300,"40,3,139"
16301,"135,40,307"
16302,"10,64,239"
16303,"265,418,10"
16304,"0,8,327"
16305,"40,160,151"
16306,"0,206,8"
16307,"3,21,187"
16308,"218,0"
16309,"3,21,127"
16310,"3,147,21"
16311,"145,40,44"
16312,"3,21"
16313,"25,24,40"
16314,"3,21,5"
16315,"64,80,10"
16316,"3,17,320"
16317,"45,44,145"
16318,"44,45,145"
16319,"64,10,93"
16320,"265,24,23"
16321,"8,0,128"
16322,"43,24,23"
16323,"0,271,255"
16324,"21,3,187"
16325,"3,15,53"
16326,"31,0,521"
16327,"23,0,24"
16328,"3,21"
16329,"3,4,51"
16330,"0,26,23"
16331,"135,40,138"
16332,"40,131,41"
16333,"23,145,24"
16334,"169,170,199"
16335,"23,0"
16336,"3,21,58"
16337,"216,0,354"
16338,"8,0,206"
16339,"3,301,21"
16340,"3,301,21"
16341,"31,169,296"
16342,"0,216"
16343,"0,8"
16344,"40,315,160"
16345,"40,224,41"
16346,"500,40,417"
16347,"402,40,145"
16348,"131,134,40"
16349,"64,10,93"
16350,"211,212,216"
16351,"23,38,74"
16352,"23,169,31"
16353,"128,195,0"
16354,"64,93,10"
16355,"40,0,199"
16356,"220,10"
16357,"0,271,23"
16358,"40,131,406"
16359,"135,431,426"
16360,"3,4,435"
16361,"64,10,80"
16362,"40,131,41"
16363,"3,4,435"
16364,"220,10"
16365,"10,220"
16366,"124,21,3"
16367,"0,249,279"
16368,"3,21"
16369,"23,24,49"
16370,"40,160,315"
16371,"32,3,31"
16372,"169,170,459"
16373,"0,271,291"
16374,"170,199,0"
16375,"170,199,171"
16376,"23,3"
16377,"523,53,3"
16378,"38,63,23"
16379,"271,216,0"
16380,"40,41,224"
16381,"308,8,0"
16382,"3,28,21"
16383,"21,301,3"
16384,"271,0,360"
16385,"10,64,93"
16386,"63,40,23"
16387,"38,23,145"
16388,"199,282,170"
16389,"311,426,0"
16390,"145,40,402"
16391,"64,10,80"
16392,"170,323,145"
16393,"40,160,315"
16394,"3,111,53"
16395,"40,146,145"
16396,"3,4,19"
16397,"145,40,402"
16398,"24,49,23"
16399,"0,456,271"
16400,"53,0,265"
16401,"64,10,93"
16402,"145,40,44"
16403,"259,311,426"
16404,"3,53,523"
16405,"40,74,135"
16406,"23,74,92"
16407,"10,64,80"
16408,"0,8,206"
16409,"23,0,26"
16410,"0,8,206"
16411,"124,21,3"
16412,"220,10"
16413,"0,308,271"
16414,"44,145,72"
16415,"0,291,216"
16416,"337,251,296"
16417,"42,41,3"
16418,"3,16,15"
16419,"231,23,8"
16420,"160,334,3"
16421,"40,131"
16422,"3,17,320"
16423,"32,31,23"
16424,"3,21,169"
16425,"220,10"
16426,"0,255,271"
16427,"3,4,435"
16428,"40,128,195"
16429,"23,38,26"
16430,"3,30"
16431,"145,402,40"
16432,"138,40,135"
16433,"40,145"
16434,"40,315,160"
16435,"3,5,147"
16436,"212,211,216"
16437,"145,54,38"
16438,"3,53"
16439,"40,25,10"
16440,"23,74,118"
16441,"24,49,23"
16442,"26,23,231"
16443,"145,40,10"
16444,"3,21,301"
16445,"199,169,40"
16446,"3,4"
16447,"145,72,23"
16448,"10,45,145"
16449,"23,84,74"
16450,"11,10,12"
16451,"3,17"
16452,"4,3"
16453,"40,160,186"
16454,"74,94,71"
16455,"3,111,182"
16456,"3,21,111"
16457,"40,128"
16458,"23,24"
16459,"3,40,30"
16460,"44,72,10"
16461,"3,147,156"
16462,"21,199,3"
16463,"145,44,45"
16464,"10,64,80"
16465,"169,296"
16466,"128,40"
16467,"40,131,184"
16468,"145,40"
16469,"40,146,145"
16470,"71,24,38"
16471,"26,231,23"
16472,"3,28,523"
16473,"44,45,145"
16474,"3,4,156"
16475,"152,151,40"
16476,"0,277,216"
16477,"38,71,44"
16478,"40,145,328"
16479,"169,199,170"
16480,"3,4,40"
16481,"24,23,43"
16482,"241,131,40"
16483,"40,135"
16484,"21,187,3"
16485,"135,431,40"
16486,"21,3,182"
16487,"311,426,337"
16488,"74,23,3"
16489,"296,169,306"
16490,"8,206,0"
16491,"10,93,64"
16492,"3,301,21"
16493,"337,251,296"
16494,"259,311,426"
16495,"169,199,138"
16496,"3,21,127"
16497,"3,21,187"
16498,"3,21,127"
16499,"40,128,131"
16500,"0,291,271"
16501,"40,23,24"
16502,"111,40,161"
16503,"10,93,64"
16504,"145,40,44"
16505,"3,111,5"
16506,"10,11,489"
16507,"287,53,3"
16508,"3,53,523"
16509,"3,21,48"
16510,"271,291,0"
16511,"24,23,43"
16512,"220,10"
16513,"311,259,426"
16514,"3,21,187"
16515,"10,60,239"
16516,"40,402,23"
16517,"3,164,148"
16518,"10,11,72"
16519,"23,40,131"
16520,"184,40"
16521,"40,41,42"
16522,"3,17,320"
16523,"3,53"
16524,"169,170,508"
16525,"11,10,205"
16526,"169,281,3"
16527,"0,271,1"
16528,"0,277,458"
16529,"24,43,23"
16530,"11,10,12"
16531,"279,249,0"
16532,"3,15,16"
16533,"145,0,40"
16534,"24,25,23"
16535,"0,271,456"
16536,"3,17,320"
16537,"41,139,286"
16538,"3,4,183"
16539,"3,23,514"
16540,"40,131,23"
16541,"10,205,11"
16542,"3,187,21"
16543,"0,346,271"
16544,"3,111,145"
16545,"308,8,0"
16546,"10,239,60"
16547,"170,171,199"
16548,"131,414,10"
16549,"0,452,169"
16550,"128,40,129"
16551,"3,40"
16552,"23,24,169"
16553,"170,171,199"
16554,"3,21,187"
16555,"131,241,40"
16556,"271,0,291"
16557,"69,10,44"
16558,"49,23,24"
16559,"21,3,115"
16560,"40,131,406"
16561,"24,49,23"
16562,"170,199,171"
16563,"0,265,418"
16564,"3,21,187"
16565,"138,135,40"
16566,"3,17,320"
16567,"337,311,426"
16568,"23,31,32"
16569,"0,287,265"
16570,"10,220"
16571,"220,10"
16572,"3,156,147"
16573,"296,169,526"
16574,"0,291,271"
16575,"220,10,23"
16576,"145,40,44"
16577,"169,170,311"
16578,"145,44,45"
16579,"170,171,199"
16580,"10,220"
16581,"350,26,23"
16582,"0,271"
16583,"40,145,23"
16584,"3,523,29"
16585,"23,38,71"
16586,"23,49,24"
16587,"10,145,54"
16588,"145,23"
16589,"0,271,456"
16590,"216,0,304"
16591,"10,220,24"
16592,"111,41,161"
16593,"23,53,105"
16594,"251,296,337"
16595,"3,21,187"
16596,"0,265,349"
16597,"0,23,24"
16598,"3,21,164"
16599,"24,23,44"
16600,"40,241,131"
16601,"71,38,24"
16602,"40,145,23"
16603,"40,162,23"
16604,"3,53,111"
16605,"184,40,185"
16606,"131,40,241"
16607,"24,23,43"
16608,"38,137"
16609,"10,93,64"
16610,"199,169,343"
16611,"265,0,23"
16612,"3,385,40"
16613,"23,31,24"
16614,"3,5,331"
16615,"40,250,128"
16616,"23,74"
16617,"64,93,10"
16618,"8,0,514"
16619,"255,271,280"
16620,"40,128,315"
16621,"10,64,239"
16622,"107,23,38"
16623,"23,49,24"
16624,"170,337,24"
16625,"23,38,0"
16626,"296,169,526"
16627,"3,21,53"
16628,"220,10"
16629,"3,239,13"
16630,"40,283,23"
16631,"23,24,43"
16632,"8,0,206"
16633,"0,271,291"
16634,"68,10,53"
16635,"3,21,127"
16636,"38,40,131"
16637,"350,23,26"
16638,"40,151,160"
16639,"3,435,0"
16640,"40,151,152"
16641,"3,111,267"
16642,"40,315,160"
16643,"3,147,21"
16644,"10,220"
16645,"169,199,170"
16646,"0,271,265"
16647,"309,23,38"
16648,"23,26,89"
16649,"40,131,241"
16650,"40,139,74"
16651,"128,40,186"
16652,"0,255,213"
16653,"23,31"
16654,"0,273,265"
16655,"23,74,118"
16656,"3,53,21"
16657,"3,30,81"
16658,"0,265,206"
16659,"3,4,435"
16660,"169,199,40"
16661,"0,265,271"
16662,"40,131,406"
16663,"0,366,271"
16664,"170,171,199"
16665,"23,38,137"
16666,"40,184,243"
16667,"40,128,241"
16668,"74,23,317"
16669,"3,21,115"
16670,"8,0,206"
16671,"40,131,406"
16672,"26,8,231"
16673,"44,45,145"
16674,"23,38,91"
16675,"64,10,43"
16676,"0,216,380"
16677,"21,3,154"
16678,"23,88,38"
16679,"0,265,397"
16680,"10,93,64"
16681,"309,23,38"
16682,"3,17,320"
16683,"0,271"
16684,"0,216,257"
16685,"21,40"
16686,"212,211,216"
16687,"3,156,147"
16688,"74,23,118"
16689,"3,23,105"
16690,"128,40,129"
16691,"64,10,448"
16692,"23,24,105"
16693,"3,21"
16694,"402,40,145"
16695,"44,145,73"
16696,"265,0,418"
16697,"31,96,23"
16698,"3,21,145"
16699,"24,23,10"
16700,"0,24,23"
16701,"38,71,137"
16702,"21,187,3"
16703,"100,222,3"
16704,"10,220"
16705,"40,241,131"
16706,"199,343,169"
16707,"199,169,41"
16708,"40,128,129"
16709,"40,199,145"
16710,"3,17,320"
16711,"313,346,40"
16712,"3,21,301"
16713,"170,72,426"
16714,"23,49,24"
16715,"10,64,93"
16716,"145,40,402"
16717,"3,4,435"
16718,"23,26,0"
16719,"10,64,93"
16720,"10,64,93"
16721,"0,485,313"
16722,"311,426,337"
16723,"40,160"
16724,"0,235,8"
16725,"170,171,199"
16726,"23,53,105"
16727,"169,339,337"
16728,"426,311,337"
16729,"346,313,0"
16730,"11,10,44"
16731,"337,23,251"
16732,"3,70,4"
16733,"145,44,45"
16734,"40,0,313"
16735,"3,331,4"
16736,"40,41,224"
16737,"3,28,426"
16738,"311,259,426"
16739,"337,311,426"
16740,"145,402,40"
16741,"23,38"
16742,"8,206,0"
16743,"3,40,21"
16744,"3,435,4"
16745,"3,21,195"
16746,"10,11,12"
16747,"231,26,23"
16748,"0,235,8"
16749,"38,137,71"
16750,"170,199,171"
16751,"40,13,145"
16752,"169,170,260"
16753,"350,26,23"
16754,"23,26,89"
16755,"3,227,30"
16756,"3,111,112"
16757,"135,431,311"
16758,"145,44,40"
16759,"3,21,301"
16760,"3,4,435"
16761,"296,31,169"
16762,"23,350,26"
16763,"311,259,426"
16764,"3,53,13"
16765,"128,40,129"
16766,"3,4,435"
16767,"61,199,170"
16768,"3,53,21"
16769,"145,59,40"
16770,"23,74,118"
16771,"199,171,170"
16772,"3,21,187"
16773,"337,251,296"
16774,"40,315,160"
16775,"0,271"
16776,"10,60,239"
16777,"23,3,284"
16778,"23,38,88"
16779,"23,236,135"
16780,"3,523,53"
16781,"23,74,38"
16782,"145,44,45"
16783,"3,147,148"
16784,"111,404,3"
16785,"3,40,21"
16786,"311,426,169"
16787,"3,53,523"
16788,"3,147"
16789,"311,337,426"
16790,"40,236,135"
16791,"3,13"
16792,"40,193,131"
16793,"220,10"
16794,"3,17,320"
16795,"3,21"
16796,"40,131"
16797,"311,426,337"
16798,"23,231,26"
16799,"10,64,80"
16800,"0,8,446"
16801,"10,220,221"
16802,"3,53,523"
16803,"3,147,148"
16804,"3,4,70"
16805,"3,21,301"
16806,"40,41,224"
16807,"3,21,301"
16808,"3,10,13"
16809,"10,93,64"
16810,"40,131,406"
16811,"311,426,259"
16812,"24,43,23"
16813,"23,309,38"
16814,"145,44,45"
16815,"40,131,23"
16816,"0,271,213"
16817,"169,287,311"
16818,"40,128,129"
16819,"10,11,44"
16820,"170,199,171"
16821,"40,131,241"
16822,"3,53,325"
16823,"3,21,13"
16824,"3,21,53"
16825,"40,160,315"
16826,"40,241,131"
16827,"3,85,293"
16828,"3,21"
16829,"306,23,169"
16830,"135,431,311"
16831,"0,23,8"
16832,"23,24,25"
16833,"38,23,71"
16834,"8,308,0"
16835,"3,111,123"
16836,"199,170,171"
16837,"169,170,374"
16838,"3,21,53"
16839,"431,40,135"
16840,"3,53,23"
16841,"94,38,23"
16842,"23,43,24"
16843,"135,431,40"
16844,"21,3,41"
16845,"3,15,523"
16846,"251,337,296"
16847,"131,241,40"
16848,"40,131,406"
16849,"0,8,206"
16850,"0,271,255"
16851,"0,271,291"
16852,"0,213,214"
16853,"220,10,24"
16854,"10,11,12"
16855,"3,523,53"
16856,"506,13,10"
16857,"10,323,170"
16858,"60,10,43"
16859,"3,15,16"
16860,"40,131,406"
16861,"40,131,406"
16862,"40,145"
16863,"145,44,45"
16864,"0,216,254"
16865,"0,26,23"
16866,"44,45,145"
16867,"3,4"
16868,"0,369"
16869,"64,10,448"
16870,"3,53,523"
16871,"3,41,40"
16872,"10,64,93"
16873,"3,17,320"
16874,"11,10,44"
16875,"25,23,24"
16876,"21,311,337"
16877,"345,24,23"
16878,"0,10,220"
16879,"3,21"
16880,"10,23,60"
16881,"44,11,45"
16882,"367,3,100"
16883,"3,5,331"
16884,"53,3,287"
16885,"0,216,271"
16886,"3,21,523"
16887,"3,15,16"
16888,"16,15,3"
16889,"0,291,271"
16890,"3,148,21"
16891,"23,31,169"
16892,"337,426,311"
16893,"265,0,418"
16894,"40,128,3"
16895,"271,0,456"
16896,"3,147,203"
16897,"0,169"
16898,"220,10"
16899,"131,287,40"
16900,"3,182,21"
16901,"145,40,402"
16902,"135,189"
16903,"0,8,271"
16904,"3,0,455"
16905,"3,4,331"
16906,"3,21,301"
16907,"220,10,221"
16908,"3,147,148"
16909,"145,24,38"
16910,"21,3,41"
16911,"93,64,10"
16912,"44,145,45"
16913,"0,265,418"
16914,"3,5,331"
16915,"0,360,475"
16916,"311,337,426"
16917,"23,24"
16918,"3,53,147"
16919,"175,23,128"
16920,"402,145,40"
16921,"23,74,118"
16922,"3,21,187"
16923,"259,311,426"
16924,"69,44,145"
16925,"0,271,456"
16926,"271,0,291"
16927,"0,291,271"
16928,"10,64"
16929,"170,171,199"
16930,"38,23,91"
16931,"25,24,23"
16932,"0,255,372"
16933,"40,184,3"
16934,"3,169,170"
16935,"105,23,519"
16936,"426,311,337"
16937,"24,23,43"
16938,"204,13,3"
16939,"0,216,40"
16940,"260,426,296"
16941,"145,402,44"
16942,"24,25,220"
16943,"26,23,89"
16944,"43,24,23"
16945,"23,10,31"
16946,"40,128,130"
16947,"3,187,17"
16948,"3,5"
16949,"289,0,313"
16950,"337,311,426"
16951,"23,24"
16952,"118,74,23"
16953,"40,128,195"
16954,"24,23,43"
16955,"0,128,265"
16956,"0,271,456"
16957,"3,17"
16958,"199,171,169"
16959,"220,10"
16960,"3,169,28"
16961,"3,53"
16962,"24,10,426"
16963,"3,28,301"
16964,"0,23,26"
16965,"24,43,23"
16966,"40,38,175"
16967,"328,23,31"
16968,"169,199,343"
16969,"3,21,53"
16970,"205,11,23"
16971,"286,41,40"
16972,"10,170,3"
16973,"169,296,426"
16974,"23,49,24"
16975,"0,8,308"
16976,"3,53,21"
16977,"220,23,221"
16978,"40,134,131"
16979,"49,23,24"
16980,"3,13,204"
16981,"40,145,131"
16982,"10,64,80"
16983,"23,44,10"
16984,"175,128,40"
16985,"32,169,31"
16986,"64,24,80"
16987,"3,4,435"
16988,"40,127,3"
16989,"129,128,40"
16990,"255,271,0"
16991,"3,156,5"
16992,"3,53,111"
16993,"40,131,193"
16994,"24,43,23"
16995,"40,296,10"
16996,"13,3,204"
16997,"3,15,16"
16998,"25,10,24"
16999,"40,0,328"
17000,"213,214,0"
17001,"0,498,288"
17002,"199,169"
17003,"3,13,204"
17004,"40,143,3"
17005,"128,129,311"
17006,"40,23,74"
17007,"3,32"
17008,"3,15,28"
17009,"10,220"
17010,"96,31,23"
17011,"311,426,337"
17012,"3,21,127"
17013,"10,145,64"
17014,"3,53,523"
17015,"337,23,38"
17016,"3,111,284"
17017,"170,323,199"
17018,"23,24,43"
17019,"3,169,300"
17020,"3,156,147"
17021,"145,40,402"
17022,"169,199,287"
17023,"23,38,44"
17024,"0,271,8"
17025,"3,53,170"
17026,"3,21"
17027,"40,145,181"
17028,"40,128,408"
17029,"3,21"
17030,"311,259,426"
17031,"40,128,129"
17032,"23,24,181"
17033,"40,131,128"
17034,"89,44,23"
17035,"145,44"
17036,"40,128,184"
17037,"3,293,85"
17038,"3,5,4"
17039,"10,25,24"
17040,"44,145,10"
17041,"3,4,183"
17042,"3,15,16"
17043,"3,21,23"
17044,"216,0,249"
17045,"3,523,53"
17046,"311,426,259"
17047,"64,10,93"
17048,"0,271,456"
17049,"3,53,523"
17050,"23,31,32"
17051,"218,0,446"
17052,"8,0,308"
17053,"64,145,44"
17054,"312,169,3"
17055,"3,21,137"
17056,"64,10,80"
17057,"3,21"
17058,"296,337,251"
17059,"271,0,291"
17060,"3,111,168"
17061,"170,199,323"
17062,"0,271,291"
17063,"3,4"
17064,"0,271,291"
17065,"21,3,187"
17066,"3,21,52"
17067,"40,131,406"
17068,"3,21,301"
17069,"3,21,187"
17070,"0,271,366"
17071,"23,24,43"
17072,"170,323,61"
17073,"10,31,23"
17074,"107,23,38"
17075,"111,3,112"
17076,"64,10,93"
17077,"11,44,205"
17078,"23,74,118"
17079,"3,4,435"
17080,"169,199,170"
17081,"10,64,65"
17082,"23,145,40"
17083,"23,419,118"
17084,"241,131,40"
17085,"3,182,21"
17086,"64,10,80"
17087,"23,32,31"
17088,"42,41,3"
17089,"123,3,111"
17090,"40,146,145"
17091,"3,13,204"
17092,"3,21,147"
17093,"40,131,23"
17094,"169,296,420"
17095,"3,4,7"
17096,"128,130,40"
17097,"3,21"
17098,"10,220"
17099,"311,426,259"
17100,"3,21,147"
17101,"199,170,171"
17102,"0,271,291"
17103,"216,426,311"
17104,"3,111,5"
17105,"426,169,260"
17106,"145,10"
17107,"271,456,0"
17108,"23,24,25"
17109,"40,131,406"
17110,"3,265"
17111,"118,23,74"
17112,"3,21,182"
17113,"3,21"
17114,"3,4,174"
17115,"40,131,241"
17116,"145,23,38"
17117,"21,3"
17118,"0,265,349"
17119,"0,255,271"
17120,"89,26,23"
17121,"44,45,145"
17122,"160,40,302"
17123,"40,160,315"
17124,"220,10"
17125,"16,3,15"
17126,"311,0,426"
17127,"170,171,426"
17128,"23,74,118"
17129,"0,311,426"
17130,"10,64,170"
17131,"188,4,3"
17132,"38,39,23"
17133,"24,43,23"
17134,"24,23,43"
17135,"0,457,218"
17136,"265,0,349"
17137,"45,44,145"
17138,"0,271"
17139,"3,21"
17140,"3,104,30"
17141,"3,4"
17142,"23,291,26"
17143,"3,53,523"
17144,"40,131,406"
17145,"40,199,343"
17146,"3,21"
17147,"212,211,216"
17148,"3,4,375"
17149,"128,129,40"
17150,"25,24,220"
17151,"24,43,23"
17152,"3,127,17"
17153,"0,271,265"
17154,"3,13,5"
17155,"44,145,11"
17156,"43,24,145"
17157,"337,251,296"
17158,"0,271"
17159,"160,40,315"
17160,"402,40,145"
17161,"3,21,46"
17162,"0,8,265"
17163,"181,170,199"
17164,"44,45,145"
17165,"0,308,8"
17166,"3,51,15"
17167,"24,43,23"
17168,"3,21,128"
17169,"24,43,23"
17170,"3,4,10"
17171,"0,229,10"
17172,"49,24,23"
17173,"94,38,145"
17174,"493,145,87"
17175,"128,129,40"
17176,"64,10,93"
17177,"3,21,164"
17178,"323,170,199"
17179,"40,152,151"
17180,"40,151,152"
17181,"10,220"
17182,"145,40,44"
17183,"281,199,169"
17184,"64,10,93"
17185,"169,311,259"
17186,"3,100,367"
17187,"0,271,456"
17188,"307,135,40"
17189,"169,311,337"
17190,"11,10,205"
17191,"135,138,40"
17192,"0,31,23"
17193,"84,88,23"
17194,"220,10"
17195,"169,199"
17196,"23,74,118"
17197,"145,44,509"
17198,"3,21"
17199,"0,8,206"
17200,"145,40,44"
17201,"3,148,147"
17202,"3,199,169"
17203,"220,10"
17204,"0,8,271"
17205,"10,11,145"
17206,"0,271"
17207,"170,171,199"
17208,"3,147,148"
17209,"23,135,40"
17210,"3,53,13"
17211,"26,23,350"
17212,"40,199,241"
17213,"10,220"
17214,"145,40,402"
17215,"23,74,118"
17216,"131,40,406"
17217,"8,0,206"
17218,"3,147,156"
17219,"3,4"
17220,"23,38,39"
17221,"42,41,21"
17222,"145,44,69"
17223,"3,187,21"
17224,"3,17,51"
17225,"3,21"
17226,"24,23,25"
17227,"10,64,80"
17228,"40,131,145"
17229,"3,21,127"
17230,"43,24,23"
17231,"23,38,40"
17232,"251,337,38"
17233,"3,111"
17234,"40,160"
17235,"30,3,23"
17236,"3,21,22"
17237,"311,426,337"
17238,"118,74,23"
17239,"64,10,80"
17240,"3,5,6"
17241,"3,21,301"
17242,"169,170,436"
17243,"3,4,435"
17244,"24,43,23"
17245,"220,10"
17246,"60,145,10"
17247,"24,40,145"
17248,"21,3"
17249,"21,3"
17250,"10,419,54"
17251,"15,16,3"
17252,"40,41,224"
17253,"137,38,3"
17254,"308,0,8"
17255,"111,23,38"
17256,"139,17,40"
17257,"74,165,23"
17258,"296,23,26"
17259,"3,53,21"
17260,"170,169,3"
17261,"40,23,139"
17262,"239,60,24"
17263,"3,21,164"
17264,"38,137,23"
17265,"26,23,350"
17266,"10,93,64"
17267,"171,199,170"
17268,"0,271,255"
17269,"40,186,128"
17270,"3,4,19"
17271,"24,23,170"
17272,"169,199,281"
17273,"3,21"
17274,"40,296,131"
17275,"231,45,26"
17276,"38,23,71"
17277,"8,0,391"
17278,"417,169,296"
17279,"169,296,411"
17280,"3,523,53"
17281,"23,430,3"
17282,"23,231,26"
17283,"523,53,3"
17284,"0,363,271"
17285,"0,23,8"
17286,"0,8,206"
17287,"45,44,145"
17288,"3,21,147"
17289,"40,128,186"
17290,"199,343,169"
17291,"3,21,301"
17292,"3,21,53"
17293,"220,10"
17294,"3,147,148"
17295,"3,111,41"
17296,"220,10"
17297,"337,251,296"
17298,"0,265,271"
17299,"10,11,72"
17300,"74,23,165"
17301,"38,23,91"
17302,"21,199,311"
17303,"337,169,53"
17304,"169,337,0"
17305,"10,64,65"
17306,"21,3"
17307,"309,38,23"
17308,"40,160"
17309,"0,291,311"
17310,"17,3,320"
17311,"3,30"
17312,"10,220"
17313,"3,15,147"
17314,"4,3,435"
17315,"40,135,118"
17316,"10,93,64"
17317,"23,137,38"
17318,"220,10"
17319,"3,4"
17320,"3,311"
17321,"265,0,349"
17322,"3,53,21"
17323,"10,31,23"
17324,"169,53,3"
17325,"145,40,402"
17326,"3,21,127"
17327,"3,5"
17328,"40,160,315"
17329,"0,265,340"
17330,"40,145,193"
17331,"74,23,118"
17332,"17,320,3"
17333,"23,24,25"
17334,"38,23,39"
17335,"220,10"
17336,"13,3,204"
17337,"10,64,145"
17338,"0,265,271"
17339,"10,64,448"
17340,"40,184,494"
17341,"74,40,23"
17342,"145,402,40"
17343,"23,38,39"
17344,"169,508,62"
17345,"49,24,23"
17346,"131,40"
17347,"288,289,0"
17348,"402,40,145"
17349,"145,44,45"
17350,"38,10,137"
17351,"3,147,203"
17352,"135,40,23"
17353,"23,74"
17354,"0,8,206"
17355,"271,0,456"
17356,"10,64,93"
17357,"10,64,239"
17358,"74,317,23"
17359,"25,128,23"
17360,"23,74"
17361,"49,23,24"
17362,"43,24,23"
17363,"0,372,255"
17364,"281,199,3"
17365,"3,21,147"
17366,"23,231,26"
17367,"40,243,184"
17368,"43,24,23"
17369,"40,128,130"
17370,"138,135,40"
17371,"24,25,40"
17372,"10,64,80"
17373,"23,26,0"
17374,"23,24,105"
17375,"220,10"
17376,"0,271,291"
17377,"40,151,152"
17378,"0,271,216"
17379,"131,40,406"
17380,"0,216"
17381,"3,16,15"
17382,"402,145,251"
17383,"74,23,303"
17384,"49,24,23"
17385,"60,10,3"
17386,"49,24,426"
17387,"220,10,221"
17388,"40,128,186"
17389,"3,111,275"
17390,"60,234,23"
17391,"40,160,184"
17392,"40,146,145"
17393,"10,220"
17394,"220,25,10"
17395,"199,170,323"
17396,"3,111,147"
17397,"53,523,3"
17398,"44,145,69"
17399,"40,131,406"
17400,"3,21,127"
17401,"40,224,41"
17402,"43,24,23"
17403,"23,88,105"
17404,"181,40,10"
17405,"26,231,23"
17406,"40,21,131"
17407,"23,26,231"
17408,"31,32,23"
17409,"170,323,199"
17410,"24,49,23"
17411,"3,21,48"
17412,"10,220"
17413,"24,43,23"
17414,"23,74,118"
17415,"40,135,141"
17416,"0,206,8"
17417,"0,8,206"
17418,"31,328,23"
17419,"3,4,435"
17420,"40,160,315"
17421,"145,181,40"
17422,"40,131,241"
17423,"10,64"
17424,"3,21,148"
17425,"64,80,10"
17426,"402,40,145"
17427,"23,24,43"
17428,"138,135,40"
17429,"24,23,43"
17430,"60,145,197"
17431,"0,265,291"
17432,"170,323,199"
17433,"32,31,23"
17434,"3,21,41"
17435,"3,21,170"
17436,"3,21"
17437,"169,199,145"
17438,"145,40,296"
17439,"169,170,199"
17440,"145,44,402"
17441,"271,0,366"
17442,"23,38,40"
17443,"3,21,28"
17444,"0,8,235"
17445,"111,3,40"
17446,"0,8,40"
17447,"3,169,199"
17448,"23,89,26"
17449,"3,4,70"
17450,"0,271,291"
17451,"23,74,84"
17452,"145,402,40"
17453,"337,251,296"
17454,"3,164,21"
17455,"89,23,26"
17456,"3,147,148"
17457,"0,271,291"
17458,"61,10,60"
17459,"265,0,418"
17460,"220,10"
17461,"40,128,130"
17462,"40,184,185"
17463,"220,10"
17464,"3,21,301"
17465,"169,281,199"
17466,"271,0,291"
17467,"3,5,435"
17468,"3,111,53"
17469,"23,38,107"
17470,"40,131,241"
17471,"145,44,73"
17472,"40,131,406"
17473,"64,10,80"
17474,"44,145,45"
17475,"107,23,38"
17476,"38,23,71"
17477,"508,169,426"
17478,"129,23,128"
17479,"10,25,0"
17480,"10,220"
17481,"21,3,108"
17482,"23,24,25"
17483,"220,10"
17484,"10,64,80"
17485,"0,220,265"
17486,"40,135,295"
17487,"459,118,74"
17488,"3,15,16"
17489,"0,271,213"
17490,"40,317,23"
17491,"60,169,21"
17492,"40,135"
17493,"3,4,435"
17494,"40,3,21"
17495,"426,169,337"
17496,"10,64,239"
17497,"23,38"
17498,"3,156,147"
17499,"3,21,164"
17500,"3,188,331"
17501,"40,186,128"
17502,"0,218,446"
17503,"10,64,93"
17504,"339,21,3"
17505,"271,0,291"
17506,"0,235,8"
17507,"0,40"
17508,"24,199,23"
17509,"3,13,204"
17510,"11,10,205"
17511,"40,368,184"
17512,"296,169,40"
17513,"10,64,60"
17514,"3,5,147"
17515,"40,160,199"
17516,"31,96,23"
17517,"21,301,22"
17518,"0,271"
17519,"23,40"
17520,"135,138,40"
17521,"3,53,21"
17522,"53,3,265"
17523,"64,93,10"
17524,"0,265,273"
17525,"169,40"
17526,"220,10,221"
17527,"3,435,331"
17528,"0,271,291"
17529,"40,131,406"
17530,"0,271,8"
17531,"199,170,323"
17532,"23,26"
17533,"0,265,291"
17534,"169,337,0"
17535,"24,23,345"
17536,"169,199,343"
17537,"0,8,498"
17538,"199,169,35"
17539,"0,265,349"
17540,"287,53"
17541,"3,120,217"
17542,"23,74,84"
17543,"3,16,15"
17544,"311,3,426"
17545,"169,296,311"
17546,"169,426,337"
17547,"3,21,13"
17548,"40,164,3"
17549,"11,10,44"
17550,"21,128,3"
17551,"281,199,169"
17552,"0,271,291"
17553,"281,199,169"
17554,"40,131,406"
17555,"3,148,147"
17556,"10,93,64"
17557,"0,279,249"
17558,"49,24,23"
17559,"0,206,8"
17560,"271,0,455"
17561,"10,220"
17562,"96,31,23"
17563,"3,21,301"
17564,"8,206,0"
17565,"3,21"
17566,"10,64,40"
17567,"3,21,147"
17568,"0,220,169"
17569,"0,265"
17570,"3,21,48"
17571,"3,4,435"
17572,"3,21,30"
17573,"40,151,152"
17574,"3,147,21"
17575,"38,23"
17576,"21,3"
17577,"10,64,80"
17578,"49,24,23"
17579,"64,10,80"
17580,"128,40,130"
17581,"10,64,23"
17582,"26,23,350"
17583,"3,21,127"
17584,"311,337,426"
17585,"44,145,45"
17586,"3,4,435"
17587,"89,0,26"
17588,"49,23,24"
17589,"3,301,85"
17590,"10,64,93"
17591,"10,220"
17592,"337,311,426"
17593,"145,44,45"
17594,"135,431,199"
17595,"3,53,523"
17596,"3,21,169"
17597,"291,0,23"
17598,"128,40,129"
17599,"40,129,128"
17600,"3,5,21"
17601,"11,10,44"
17602,"3,301,21"
17603,"220,10"
17604,"10,220"
17605,"0,271,456"
17606,"317,74,40"
17607,"3,21,51"
17608,"0,218,271"
17609,"220,10"
17610,"15,16,3"
17611,"170,169,199"
17612,"3,5,4"
17613,"3,53,23"
17614,"3,169,21"
17615,"3,187,21"
17616,"31,32,23"
17617,"5,3,6"
17618,"23,38,74"
17619,"3,21,182"
17620,"3,30"
17621,"0,23,216"
17622,"23,74,404"
17623,"169,260,170"
17624,"170,323,199"
17625,"239,10,60"
17626,"0,218,446"
17627,"40,241,131"
17628,"10,220"
17629,"21,187,3"
17630,"74,23,165"
17631,"145,402,40"
17632,"220,10,221"
17633,"3,16,15"
17634,"8,0,206"
17635,"24,49,23"
17636,"3,187,21"
17637,"21,3,127"
17638,"24,43,23"
17639,"145,402,40"
17640,"23,24,38"
17641,"40,131"
17642,"10,64"
17643,"170,169,23"
17644,"3,187,21"
17645,"24,43,23"
17646,"44,45,145"
17647,"8,0,23"
17648,"40,162"
17649,"40,160,3"
17650,"3,21,111"
17651,"31,23,32"
17652,"3,21"
17653,"11,205,24"
17654,"287,265,3"
17655,"23,420,169"
17656,"170,3,187"
17657,"405,8,129"
17658,"40,162"
17659,"23,31,38"
17660,"0,265,271"
17661,"0,296,169"
17662,"43,24,23"
17663,"23,38"
17664,"3,21"
17665,"3,85,5"
17666,"3,42,21"
17667,"10,64"
17668,"45,44,145"
17669,"0,271,265"
17670,"3,111"
17671,"23,53,38"
17672,"169,17,343"
17673,"3,4,435"
17674,"220,10,221"
17675,"40,241,131"
17676,"220,10"
17677,"23,107,118"
17678,"23,231,26"
17679,"23,32,31"
17680,"220,10"
17681,"337,426,311"
17682,"3,4,474"
17683,"0,8,235"
17684,"40,0,218"
17685,"337,311,426"
17686,"3,15,16"
17687,"23,38,74"
17688,"10,93,64"
17689,"17,3,58"
17690,"3,263,34"
17691,"3,301,17"
17692,"23,38,26"
17693,"31,169,170"
17694,"265,349,0"
17695,"40,128,149"
17696,"170,199,323"
17697,"3,15,147"
17698,"23,89,26"
17699,"311,426,337"
17700,"145,24,44"
17701,"0,265,418"
17702,"169,337,426"
17703,"129,128,40"
17704,"199,169,170"
17705,"145,40,23"
17706,"3,21"
17707,"181,145,10"
17708,"0,8,235"
17709,"135,431,40"
17710,"286,40,41"
17711,"0,313,291"
17712,"40,184,185"
17713,"3,4,5"
17714,"74,71,23"
17715,"145,10,44"
17716,"3,17,320"
17717,"40,146,145"
17718,"169,199,170"
17719,"10,11,44"
17720,"23,145,40"
17721,"3,21,147"
17722,"3,147,148"
17723,"40,135"
17724,"169,3,311"
17725,"271,0,291"
17726,"139,17,40"
17727,"170,169,260"
17728,"402,23,40"
17729,"3,301,21"
17730,"181,23,24"
17731,"13,3,194"
17732,"23,24,345"
17733,"15,16,3"
17734,"3,4"
17735,"220,10"
17736,"21,124,311"
17737,"43,24,23"
17738,"220,10,23"
17739,"64,10,80"
17740,"337,251,296"
17741,"296,169,311"
17742,"3,147,51"
17743,"40,146,145"
17744,"3,4"
17745,"40,131,241"
17746,"40,128,340"
17747,"4,3,435"
17748,"10,64,80"
17749,"3,53,265"
17750,"71,38,24"
17751,"311,169,259"
17752,"10,220,25"
17753,"3,17,320"
17754,"311,426,337"
17755,"0,265,38"
17756,"64,10,93"
17757,"170,199,171"
17758,"24,71,10"
17759,"10,64,311"
17760,"3,53,523"
17761,"71,24,38"
17762,"23,308,38"
17763,"24,43,23"
17764,"0,346,313"
17765,"40,131,134"
17766,"0,271,456"
17767,"3,53,28"
17768,"38,23,91"
17769,"3,53"
17770,"38,40,175"
17771,"21,3,281"
17772,"40,128,186"
17773,"40,129,128"
17774,"3,15,16"
17775,"3,301,21"
17776,"0,271,429"
17777,"169,296,460"
17778,"211,212,216"
17779,"220,10"
17780,"0,488,216"
17781,"259,23,311"
17782,"0,271,291"
17783,"271,0,291"
17784,"220,10,221"
17785,"0,271,456"
17786,"3,21,111"
17787,"4,3,176"
17788,"10,64,80"
17789,"40,23,169"
17790,"337,23,0"
17791,"3,147,51"
17792,"40,128,186"
17793,"220,10"
17794,"3,187,21"
17795,"40,131,406"
17796,"220,0,218"
17797,"21,301,3"
17798,"40,162"
17799,"64,10,93"
17800,"139,10,40"
17801,"3,17,320"
17802,"3,13,204"
17803,"199,170,171"
17804,"24,71,40"
17805,"3,170"
17806,"40,508,145"
17807,"3,21"
17808,"3,53,275"
17809,"3,111,40"
17810,"3,21,160"
17811,"23,10,24"
17812,"40,135,386"
17813,"71,38,24"
17814,"0,271,456"
17815,"40,145,131"
17816,"24,43,23"
17817,"40,135,241"
17818,"3,199,311"
17819,"170,169,459"
17820,"3,40,21"
17821,"40,10,296"
17822,"3,147,148"
17823,"0,216,380"
17824,"40,131,241"
17825,"40,241,131"
17826,"199,323,170"
17827,"93,64,10"
17828,"0,216,255"
17829,"23,74,38"
17830,"160,40,315"
17831,"3,21"
17832,"3,51,52"
17833,"0,456,346"
17834,"10,64,93"
17835,"43,24,145"
17836,"24,43,23"
17837,"145,44,45"
17838,"10,64,93"
17839,"0,8,456"
17840,"145,44,45"
17841,"231,26,23"
17842,"0,265,340"
17843,"10,64"
17844,"145,44,23"
17845,"145,44,11"
17846,"8,0,206"
17847,"3,16,15"
17848,"234,60,53"
17849,"3,4,19"
17850,"224,41,40"
17851,"128,195,129"
17852,"3,51,52"
17853,"40,129,128"
17854,"0,145,402"
17855,"0,456,355"
17856,"10,220"
17857,"40,135,141"
17858,"8,206,0"
17859,"169,281,311"
17860,"145,44,23"
17861,"40,145,24"
17862,"3,53,21"
17863,"10,64,489"
17864,"3,17,56"
17865,"10,64,448"
17866,"60,234"
17867,"3,147,148"
17868,"234,60,21"
17869,"3,111,0"
17870,"41,224,40"
17871,"169,426,311"
17872,"199,169,170"
17873,"10,145,44"
17874,"3,17,320"
17875,"23,220,0"
17876,"74,118,23"
17877,"40,149,41"
17878,"216,64,10"
17879,"40,128,195"
17880,"40,131,241"
17881,"0,216,357"
17882,"23,24,170"
17883,"0,271,456"
17884,"0,231,271"
17885,"0,265,8"
17886,"3,21,301"
17887,"3,287,53"
17888,"128,129,40"
17889,"0,265"
17890,"21,124,3"
17891,"3,21,182"
17892,"24,49,23"
17893,"129,40,128"
17894,"169,426,170"
17895,"40,500"
17896,"10,24,23"
17897,"21,187,199"
17898,"3,147,148"
17899,"40,169,135"
17900,"23,296,169"
17901,"3,4,183"
17902,"94,38,23"
17903,"3,13,14"
17904,"169,281,199"
17905,"0,271"
17906,"11,10,205"
17907,"10,23,402"
17908,"3,21,40"
17909,"3,21,301"
17910,"3,31"
17911,"23,74,38"
17912,"145,216,40"
17913,"24,43,23"
17914,"3,147,148"
17915,"145,44,45"
17916,"23,181,145"
17917,"10,64,93"
17918,"170,199,169"
17919,"0,311,426"
17920,"0,169"
17921,"40,131,241"
17922,"3,4,375"
17923,"3,147,35"
17924,"23,26,308"
17925,"0,8,235"
17926,"38,23,26"
17927,"40,131,406"
17928,"337,296,251"
17929,"38,23,308"
17930,"0,218,355"
17931,"311,169,426"
17932,"0,213,271"
17933,"40,131,134"
17934,"3,35,164"
17935,"3,164,21"
17936,"3,263,34"
17937,"3,21,301"
17938,"311,169,426"
17939,"0,8,206"
17940,"145,40,44"
17941,"43,24,40"
17942,"0,2,271"
17943,"24,23,10"
17944,"23,89,26"
17945,"309,23,38"
17946,"3,147,40"
17947,"317,74,23"
17948,"175,128,40"
17949,"40,224,41"
17950,"3,111,53"
17951,"23,169,296"
17952,"93,10,23"
17953,"3,145,21"
17954,"8,0,206"
17955,"40,128"
17956,"311,426,337"
17957,"10,90,64"
17958,"169,40,170"
17959,"0,271,255"
17960,"3,21,17"
17961,"11,44,10"
17962,"3,4,52"
17963,"74,165,23"
17964,"220,10,221"
17965,"131,40,193"
17966,"44,45,145"
17967,"3,40,21"
17968,"3,11,111"
17969,"0,357,271"
17970,"23,107,38"
17971,"311,426,259"
17972,"3,4,210"
17973,"3,17,320"
17974,"118,74,23"
17975,"8,206,0"
17976,"3,30,104"
17977,"40,131,241"
17978,"10,60,64"
17979,"0,8,235"
17980,"0,311,426"
17981,"3,53,523"
17982,"40,128,186"
17983,"40,128,129"
17984,"40,145,402"
17985,"25,24,23"
17986,"3,388,111"
17987,"24,23,43"
17988,"169,199,35"
17989,"23,105,40"
17990,"3,21,187"
17991,"4,40,3"
17992,"3,13,204"
17993,"3,113,169"
17994,"40,175,128"
17995,"145,13,10"
17996,"40,406,131"
17997,"41,42,21"
17998,"23,53,3"
17999,"337,311,426"
18000,"60,234,21"
18001,"11,72,23"
18002,"23,38,26"
18003,"25,220,24"
18004,"220,10"
18005,"169,296,300"
18006,"25,23,24"
18007,"0,3,13"
18008,"0,265,349"
18009,"3,367,100"
18010,"41,40,286"
18011,"3,21,111"
18012,"31,32,23"
18013,"296,169"
18014,"311,337,426"
18015,"171,170,199"
18016,"10,11,12"
18017,"0,457,40"
18018,"128,195,40"
18019,"170,10,64"
18020,"23,74,317"
18021,"220,10"
18022,"23,131,40"
18023,"118,74,23"
18024,"44,145,23"
18025,"3,147,148"
18026,"0,271"
18027,"40,131"
18028,"38,63"
18029,"3,21,301"
18030,"0,235,8"
18031,"3,500,118"
18032,"44,509,145"
18033,"40,23,175"
18034,"10,220"
18035,"3,21,182"
18036,"170,199,171"
18037,"426,311,296"
18038,"169,170,199"
18039,"43,24,23"
18040,"11,44,145"
18041,"296,23,336"
18042,"24,128,49"
18043,"3,111"
18044,"40,160,315"
18045,"3,16,15"
18046,"40,146,145"
18047,"64,10,65"
18048,"3,5,133"
18049,"3,53,523"
18050,"74,317,23"
18051,"3,115,21"
18052,"40,146,145"
18053,"32,31,23"
18054,"17,320,3"
18055,"131,10,145"
18056,"3,13,204"
18057,"40,184,131"
18058,"199,170,323"
18059,"3,17,320"
18060,"40,131,406"
18061,"40,162,149"
18062,"40,23,24"
18063,"11,10,205"
18064,"3,4,7"
18065,"220,10"
18066,"3,367,100"
18067,"145,40,402"
18068,"41,3,111"
18069,"23,40"
18070,"23,0,74"
18071,"24,23,10"
18072,"3,147,154"
18073,"40,184,243"
18074,"3,182,111"
18075,"181,145,24"
18076,"44,145,45"
18077,"40,199,139"
18078,"296,169,306"
18079,"3,5,133"
18080,"3,53,435"
18081,"24,241,40"
18082,"13,14,60"
18083,"10,3,64"
18084,"414,31,169"
18085,"3,21"
18086,"3,148,147"
18087,"115,3,21"
18088,"3,5"
18089,"40,160,151"
18090,"64,10,93"
18091,"32,31,23"
18092,"169,170,40"
18093,"44,145,45"
18094,"3,5,133"
18095,"10,64,93"
18096,"454,31,426"
18097,"64,10,80"
18098,"64,80,10"
18099,"8,206,0"
18100,"44,10,145"
18101,"40,131,241"
18102,"3,4,435"
18103,"0,10,220"
18104,"137,38"
18105,"308,8,23"
18106,"40,160,315"
18107,"23,31,32"
18108,"40,131,406"
18109,"69,44,145"
18110,"40,131,128"
18111,"40,145,402"
18112,"3,21"
18113,"5,3,6"
18114,"3,21"
18115,"111,3,123"
18116,"3,112,111"
18117,"3,21,523"
18118,"3,187,21"
18119,"3,21,41"
18120,"3,21"
18121,"10,64,93"
18122,"24,23,43"
18123,"170,171,199"
18124,"3,147,21"
18125,"220,10"
18126,"3,4,435"
18127,"145,402,44"
18128,"0,271"
18129,"43,24,23"
18130,"0,235,8"
18131,"3,16,15"
18132,"220,10"
18133,"3,21,5"
18134,"0,255,271"
18135,"3,111"
18136,"0,216,271"
18137,"24,49,23"
18138,"3,13,204"
18139,"64,10,80"
18140,"137,38,23"
18141,"271,0,456"
18142,"145,44,10"
18143,"40,131,241"
18144,"3,4"
18145,"220,10"
18146,"23,145,44"
18147,"3,147,21"
18148,"40,131,241"
18149,"3,4,435"
18150,"169,260,170"
18151,"24,43,23"
18152,"145,40,402"
18153,"10,64"
18154,"145,0,8"
18155,"265,418,0"
18156,"160,40,334"
18157,"135,40,236"
18158,"74,303,72"
18159,"3,4,435"
18160,"3,21"
18161,"3,21,48"
18162,"3,17,320"
18163,"0,23,89"
18164,"64,80,10"
18165,"0,346,313"
18166,"3,21,40"
18167,"44,73,23"
18168,"145,40,402"
18169,"3,34,263"
18170,"23,24"
18171,"3,21"
18172,"10,64,181"
18173,"49,23,24"
18174,"3,21"
18175,"171,170,199"
18176,"3,21,147"
18177,"40,175,23"
18178,"271,0,291"
18179,"3,21,311"
18180,"220,10"
18181,"3,111,21"
18182,"3,53,265"
18183,"3,30,187"
18184,"10,64,93"
18185,"3,147,203"
18186,"3,5,133"
18187,"181,145,40"
18188,"402,40,145"
18189,"64,93,10"
18190,"23,111,3"
18191,"0,271,265"
18192,"13,14"
18193,"3,21,164"
18194,"131,241,40"
18195,"164,3,41"
18196,"23,74,118"
18197,"24,23,181"
18198,"128,129,40"
18199,"23,26,38"
18200,"0,38,218"
18201,"170,323,199"
18202,"145,44,45"
18203,"0,271,291"
18204,"40,283"
18205,"3,21"
18206,"23,0"
18207,"0,271,291"
18208,"40,25,145"
18209,"24,23,43"
18210,"3,111,147"
18211,"3,5,4"
18212,"74,118,23"
18213,"3,40,48"
18214,"40,131,241"
18215,"93,10"
18216,"3,15,16"
18217,"53,3,523"
18218,"3,21"
18219,"3,204,40"
18220,"40,128,129"
18221,"271,0,291"
18222,"17,3,58"
18223,"3,21,28"
18224,"0,291"
18225,"169,296,306"
18226,"199,281,169"
18227,"40,24,23"
18228,"64,10,80"
18229,"40,131,406"
18230,"23,40"
18231,"3,21,301"
18232,"0,8,206"
18233,"23,25,24"
18234,"5,6,3"
18235,"3,17,21"
18236,"3,53,523"
18237,"0,271,291"
18238,"0,366"
18239,"175,40,128"
18240,"21,3,127"
18241,"0,308,8"
18242,"145,40,23"
18243,"523,53,3"
18244,"3,21,48"
18245,"3,147,40"
18246,"38,309,23"
18247,"13,3,204"
18248,"0,291,271"
18249,"40,128,31"
18250,"211,0,212"
18251,"170,459,169"
18252,"220,10"
18253,"3,21,187"
18254,"10,448,64"
18255,"40,42,41"
18256,"3,187,21"
18257,"3,4,435"
18258,"10,220"
18259,"23,74,165"
18260,"23,38,107"
18261,"3,51,52"
18262,"171,40,199"
18263,"3,21"
18264,"402,145,40"
18265,"23,38,26"
18266,"0,271,456"
18267,"271,0,337"
18268,"11,10,205"
18269,"40,24,145"
18270,"3,164,40"
18271,"3,17,320"
18272,"3,53,287"
18273,"40,128,129"
18274,"128,3,40"
18275,"199,170,40"
18276,"169,296,38"
18277,"0,304,216"
18278,"0,271"
18279,"38,91,23"
18280,"40,169"
18281,"162,40,145"
18282,"40,3,21"
18283,"3,21,301"
18284,"3,435,4"
18285,"0,271,291"
18286,"3,53,523"
18287,"24,23,49"
18288,"3,21,127"
18289,"10,93,64"
18290,"24,23,25"
18291,"199,170,323"
18292,"23,24,43"
18293,"3,147"
18294,"3,147,148"
18295,"3,21,147"
18296,"367,292,100"
18297,"40,128"
18298,"0,271,291"
18299,"10,239,93"
18300,"40,131,162"
18301,"3,21,127"
18302,"23,89,313"
18303,"94,38,23"
18304,"41,3,21"
18305,"3,4,21"
18306,"0,271"
18307,"0,218,446"
18308,"0,291,313"
18309,"26,23,0"
18310,"169,337,339"
18311,"169,199,170"
18312,"10,220"
18313,"8,0,308"
18314,"0,271,291"
18315,"3,70,4"
18316,"8,206,0"
18317,"131,40,23"
18318,"10,64,90"
18319,"170,199,171"
18320,"3,187,21"
18321,"24,43,23"
18322,"24,43,23"
18323,"199,169"
18324,"64,10,80"
18325,"40,3,21"
18326,"0,26,271"
18327,"10,64"
18328,"131,40,241"
18329,"3,21,52"
18330,"44,45,145"
18331,"169,170,199"
18332,"3,301,21"
18333,"145,45,44"
18334,"3,147,156"
18335,"40,128,129"
18336,"25,24,23"
18337,"40,160,315"
18338,"3,10,143"
18339,"40,145,146"
18340,"3,53,523"
18341,"3,301,52"
18342,"40,241,131"
18343,"220,10"
18344,"3,127,147"
18345,"10,64,80"
18346,"40,74,286"
18347,"10,93,64"
18348,"3,21,42"
18349,"170,171,199"
18350,"311,426,259"
18351,"169,199,426"
18352,"40,160"
18353,"40,128,129"
18354,"3,37,13"
18355,"10,64,93"
18356,"220,10,170"
18357,"3,15,16"
18358,"259,426,311"
18359,"41,40,128"
18360,"40,139,131"
18361,"3,227,30"
18362,"3,5,21"
18363,"24,43,23"
18364,"3,35,36"
18365,"23,24"
18366,"3,10,143"
18367,"23,3,21"
18368,"0,271,349"
18369,"40,160"
18370,"0,8,206"
18371,"23,118,74"
18372,"3,21,301"
18373,"169,199,343"
18374,"3,28,301"
18375,"38,306,40"
18376,"221,220,10"
18377,"40,131,406"
18378,"3,0,8"
18379,"3,4,435"
18380,"3,28,500"
18381,"10,93,64"
18382,"21,187,3"
18383,"0,313,38"
18384,"3,523,53"
18385,"40,131,406"
18386,"311,426,337"
18387,"145,40,402"
18388,"3,21,187"
18389,"0,216"
18390,"271,0,291"
18391,"40,186,128"
18392,"0,8,308"
18393,"4,3,375"
18394,"0,8,265"
18395,"231,26,23"
18396,"8,0,206"
18397,"17,320,3"
18398,"40,131,406"
18399,"0,291,271"
18400,"311,259,426"
18401,"17,320,3"
18402,"3,21,41"
18403,"220,10,221"
18404,"89,23,38"
18405,"64,10,448"
18406,"3,5,21"
18407,"0,291,271"
18408,"3,30,81"
18409,"3,30,21"
18410,"138,135,40"
18411,"145,44,45"
18412,"23,0,24"
18413,"21,311,187"
18414,"145,23,45"
18415,"147,148,3"
18416,"64,10,93"
18417,"21,187,3"
18418,"3,21,523"
18419,"271,0"
18420,"160,40,315"
18421,"170,199,169"
18422,"3,21,164"
18423,"0,216,271"
18424,"40,162,23"
18425,"199,426,169"
18426,"128,129,40"
18427,"3,21"
18428,"0,89,271"
18429,"3,23"
18430,"23,287,53"
18431,"74,60,23"
18432,"3,53,21"
18433,"40,500"
18434,"3,21,187"
18435,"170,323,199"
18436,"40,286,41"
18437,"231,23,26"
18438,"24,23,38"
18439,"3,21,147"
18440,"74,40,317"
18441,"199,281,169"
18442,"3,435,4"
18443,"3,21,182"
18444,"40,145,402"
18445,"10,145,72"
18446,"3,187,21"
18447,"40,128,241"
18448,"10,145,40"
18449,"3,4,435"
18450,"0,449,372"
18451,"38,309,23"
18452,"131,40,241"
18453,"23,38,74"
18454,"271,0,291"
18455,"271,0,255"
18456,"40,131"
18457,"3,111,267"
18458,"271,0,456"
18459,"170,199,323"
18460,"0,8,206"
18461,"74,404,23"
18462,"74,23,303"
18463,"3,21,301"
18464,"0,23,8"
18465,"212,216,211"
18466,"3,21,53"
18467,"23,74,24"
18468,"3,4,435"
18469,"44,145,45"
18470,"296,145,170"
18471,"111,3,123"
18472,"169,0"
18473,"3,0,265"
18474,"3,4,435"
18475,"89,26,23"
18476,"259,311,426"
18477,"40,128,160"
18478,"3,21,187"
18479,"3,156,147"
18480,"40,135"
18481,"64,10,93"
18482,"40,169,23"
18483,"160,315,40"
18484,"3,4,13"
18485,"3,40,48"
18486,"3,4,5"
18487,"118,23,74"
18488,"10,64,24"
18489,"169,199,281"
18490,"145,44,45"
18491,"10,23,25"
18492,"24,43,23"
18493,"43,24,23"
18494,"3,4,435"
18495,"0,271"
18496,"40,3,41"
18497,"199,40,169"
18498,"40,135,138"
18499,"145,23,44"
18500,"3,435,4"
18501,"431,135,40"
18502,"169,296,300"
18503,"44,64,80"
18504,"64,10,80"
18505,"71,38,24"
18506,"3,44,145"
18507,"138,135,40"
18508,"145,40,44"
18509,"23,10,40"
18510,"131,3,241"
18511,"199,323,170"
18512,"0,313,346"
18513,"3,187,21"
18514,"3,5"
18515,"220,10,25"
18516,"10,64,80"
18517,"38,24,40"
18518,"3,17,143"
18519,"290,31,8"
18520,"135,189,40"
18521,"0,8,391"
18522,"23,26,89"
18523,"145,402,23"
18524,"24,23,59"
18525,"49,23,24"
18526,"145,419,44"
18527,"145,24,25"
18528,"41,224,40"
18529,"40,186,128"
18530,"40,146,145"
18531,"23,24,145"
18532,"3,111"
18533,"129,128,40"
18534,"0,279,249"
18535,"3,147,156"
18536,"127,21,42"
18537,"187,21,3"
18538,"74,84,23"
18539,"40,162,131"
18540,"128,129,40"
18541,"3,4,435"
18542,"169,170,199"
18543,"0,271,366"
18544,"24,23,49"
18545,"0,271,291"
18546,"0,304,271"
18547,"139,155,40"
18548,"3,40,502"
18549,"3,0,21"
18550,"265,0,418"
18551,"137,23,38"
18552,"145,40"
18553,"21,102,40"
18554,"16,3,15"
18555,"3,16,15"
18556,"38,23,44"
18557,"23,308,38"
18558,"259,311,426"
18559,"11,205,10"
18560,"131,40,38"
18561,"44,145,45"
18562,"3,147,148"
18563,"0,40,195"
18564,"259,311,426"
18565,"129,128,40"
18566,"145,402,40"
18567,"31,169,128"
18568,"3,147,156"
18569,"0,89,23"
18570,"3,17,320"
18571,"21,3,42"
18572,"169,311,199"
18573,"3,4,435"
18574,"38,23,309"
18575,"3,147,148"
18576,"3,21,127"
18577,"220,105,23"
18578,"309,38,23"
18579,"23,3"
18580,"169,296"
18581,"138,135,40"
18582,"169,436,199"
18583,"23,38,137"
18584,"40,131,406"
18585,"199,323,170"
18586,"64,93,10"
18587,"169,160,199"
18588,"44,145,45"
18589,"145,40,402"
18590,"0,216,249"
18591,"24,23,38"
18592,"3,187,17"
18593,"13,3,14"
18594,"42,41,169"
18595,"3,111,182"
18596,"296,169,417"
18597,"3,21,204"
18598,"0,23,346"
18599,"311,405,337"
18600,"10,64,93"
18601,"3,147,21"
18602,"8,23,308"
18603,"40,131,406"
18604,"3,111,41"
18605,"40,160,315"
18606,"220,10"
18607,"49,24,23"
18608,"23,32,31"
18609,"3,523,53"
18610,"138,135,40"
18611,"74,23,317"
18612,"23,88,38"
18613,"40,128,149"
18614,"49,24,0"
18615,"0,265,1"
18616,"3,111,435"
18617,"10,11,12"
18618,"0,313,26"
18619,"8,206,0"
18620,"3,40,21"
18621,"255,271,0"
18622,"40,145,146"
18623,"10,64,40"
18624,"13,204,3"
18625,"60,10,72"
18626,"10,11,12"
18627,"135,40,23"
18628,"296,169,3"
18629,"10,0,291"
18630,"3,4,435"
18631,"3,23,120"
18632,"5,6,3"
18633,"3,53"
18634,"0,8,206"
18635,"3,111,275"
18636,"74,165,23"
18637,"220,10"
18638,"40,135,138"
18639,"220,10"
18640,"181,40,24"
18641,"3,21,301"
18642,"38,71,24"
18643,"10,64,90"
18644,"3,21,48"
18645,"38,23"
18646,"259,311,426"
18647,"3,147,53"
18648,"40,402,145"
18649,"23,24,10"
18650,"3,15,16"
18651,"3,5,21"
18652,"3,160,40"
18653,"23,24,88"
18654,"17,3,320"
18655,"41,40,224"
18656,"0,271,291"
18657,"0,291,271"
18658,"38,145,44"
18659,"3,21,281"
18660,"199,281,311"
18661,"8,0,206"
18662,"3,523,53"
18663,"40,131"
18664,"3,4"
18665,"10,145,44"
18666,"145,40,402"
18667,"10,64,93"
18668,"0,216,271"
18669,"160,40,315"
18670,"25,23,24"
18671,"0,327,265"
18672,"3,21"
18673,"128,40,195"
18674,"0,249,449"
18675,"3,48,38"
18676,"169,170"
18677,"3,188,4"
18678,"10,64,448"
18679,"0,145,271"
18680,"8,0,206"
18681,"40,128"
18682,"199,170,171"
18683,"402,145,40"
18684,"187,3,21"
18685,"23,24,49"
18686,"3,21,301"
18687,"40,241,131"
18688,"3,21,147"
18689,"24,49,23"
18690,"3,53,523"
18691,"23,24,105"
18692,"145,44,45"
18693,"181,40,145"
18694,"220,10,221"
18695,"3,143,10"
18696,"23,118,74"
18697,"23,169,296"
18698,"24,23,43"
18699,"44,145,45"
18700,"0,218,327"
18701,"311,199,426"
18702,"3,4,111"
18703,"0,271,291"
18704,"24,23,345"
18705,"169,311,426"
18706,"10,448,145"
18707,"40,41,42"
18708,"145,402,40"
18709,"23,10,24"
18710,"271,0,291"
18711,"93,64,10"
18712,"169,337,311"
18713,"251,337,296"
18714,"287,53,0"
18715,"3,21,182"
18716,"296,169,306"
18717,"3,21,287"
18718,"23,54,145"
18719,"3,147,148"
18720,"169,0,296"
18721,"40,145,131"
18722,"212,211,0"
18723,"23,10,43"
18724,"93,10,64"
18725,"296,251,26"
18726,"3,21,41"
18727,"199,169,170"
18728,"0,265,23"
18729,"40,186,184"
18730,"0,218,195"
18731,"40,38,23"
18732,"0,271,291"
18733,"131,40,406"
18734,"169,170,454"
18735,"3,28,29"
18736,"145,44,40"
18737,"25,24,23"
18738,"169,40,145"
18739,"169,339,337"
18740,"40,128,129"
18741,"523,3,53"
18742,"3,34,263"
18743,"313,346,0"
18744,"3,5"
18745,"40,131,241"
18746,"259,426,311"
18747,"32,31,23"
18748,"40,135"
18749,"135,138,40"
18750,"169,296,300"
18751,"3,147,156"
18752,"23,24,38"
18753,"40,131,406"
18754,"0,8,206"
18755,"193,131,40"
18756,"64,10,80"
18757,"3,21,147"
18758,"49,23,24"
18759,"0,265,340"
18760,"23,89,72"
18761,"24,23,43"
18762,"0,271,291"
18763,"3,21,51"
18764,"11,10,205"
18765,"74,23,3"
18766,"131,169,40"
18767,"23,26,0"
18768,"3,147,148"
18769,"290,31"
18770,"0,8,206"
18771,"3,53,523"
18772,"23,38,39"
18773,"40,406,131"
18774,"10,64,93"
18775,"3,331,5"
18776,"3,15,21"
18777,"40,131,241"
18778,"145,40"
18779,"3,21"
18780,"10,64"
18781,"43,24,23"
18782,"23,31,169"
18783,"169,138,135"
18784,"3,4,435"
18785,"31,0,8"
18786,"145,44,45"
18787,"0,361,272"
18788,"145,402,40"
18789,"64,10,80"
18790,"3,182,21"
18791,"10,64,80"
18792,"8,206,0"
18793,"3,53,287"
18794,"3,120,217"
18795,"311,259,426"
18796,"0,327,265"
18797,"508,169,426"
18798,"49,23,24"
18799,"24,43,23"
18800,"3,5,228"
18801,"199,170,323"
18802,"170,199,171"
18803,"0,271,291"
18804,"220,10"
18805,"3,203,120"
18806,"64,10,80"
18807,"23,8,0"
18808,"3,21,96"
18809,"220,10"
18810,"3,53,17"
18811,"3,41,21"
18812,"40,128,130"
18813,"23,26,350"
18814,"160,315,40"
18815,"0,8,206"
18816,"11,10,12"
18817,"40,145,402"
18818,"23,118,74"
18819,"181,23,24"
18820,"3,147,148"
18821,"23,38"
18822,"3,388,435"
18823,"23,10,145"
18824,"138,40,135"
18825,"199,170"
18826,"3,187,21"
18827,"170,199,323"
18828,"10,11,72"
18829,"0,8"
18830,"3,17,301"
18831,"199,170,323"
18832,"38,23,24"
18833,"3,30,147"
18834,"3,21,187"
18835,"145,402,40"
18836,"0,8,235"
18837,"251,296,337"
18838,"3,21,147"
18839,"64,10,80"
18840,"169,343,199"
18841,"38,23,26"
18842,"0,271,291"
18843,"3,21,41"
18844,"32,31,23"
18845,"40,184,185"
18846,"25,24,23"
18847,"40,151,152"
18848,"145,402,40"
18849,"38,23,39"
18850,"523,53,3"
18851,"3,21"
18852,"171,199,170"
18853,"3,331,4"
18854,"13,3,401"
18855,"0,271,291"
18856,"0,337,265"
18857,"24,23,49"
18858,"40,131,406"
18859,"40,3,21"
18860,"3,21"
18861,"0,265,271"
18862,"10,64,80"
18863,"24,23,239"
18864,"169,199,170"
18865,"311,169,199"
18866,"0,8"
18867,"145,40,402"
18868,"3,30,28"
18869,"3,4,435"
18870,"23,296,251"
18871,"44,145,23"
18872,"40,131,406"
18873,"0,313,346"
18874,"23,43,24"
18875,"3,30"
18876,"145,44"
18877,"337,251,296"
18878,"3,21"
18879,"3,16,15"
18880,"3,21,111"
18881,"3,156,111"
18882,"3,4,188"
18883,"199,323,170"
18884,"145,40,181"
18885,"220,10,40"
18886,"64,10,448"
18887,"3,21,187"
18888,"3,53,523"
18889,"206,8,0"
18890,"402,40,145"
18891,"24,23,43"
18892,"0,291,271"
18893,"3,21,187"
18894,"0,8,206"
18895,"3,127,21"
18896,"145,44,402"
18897,"145,44,402"
18898,"38,23,40"
18899,"0,291,26"
18900,"40,128,186"
18901,"169,111,0"
18902,"255,271,280"
18903,"10,64,80"
18904,"138,135,3"
18905,"145,10,402"
18906,"63,38,23"
18907,"145,402,40"
18908,"24,43,23"
18909,"23,38,74"
18910,"3,21,127"
18911,"10,11,145"
18912,"3,21"
18913,"40,241,3"
18914,"0,291,313"
18915,"0,216,304"
18916,"3,111,275"
18917,"11,3,419"
18918,"145,44,45"
18919,"3,17,320"
18920,"3,293,85"
18921,"23,181,40"
18922,"0,265,340"
18923,"220,10"
18924,"0,199,1"
18925,"3,15,16"
18926,"3,111,53"
18927,"40,169,241"
18928,"3,21,301"
18929,"402,145,40"
18930,"169,3,199"
18931,"74,3,88"
18932,"0,291,313"
18933,"23,349,40"
18934,"40,24,38"
18935,"40,283,74"
18936,"10,93,64"
18937,"271,363,0"
18938,"243,74,184"
18939,"10,64,60"
18940,"235,0,8"
18941,"0,271"
18942,"170,169,23"
18943,"3,53,523"
18944,"0,271,291"
18945,"44,10,145"
18946,"0,255,265"
18947,"40,135,250"
18948,"220,10"
18949,"3,21,187"
18950,"3,17,320"
18951,"220,10"
18952,"271,0,291"
18953,"0,265,291"
18954,"3,17,168"
18955,"3,4,51"
18956,"449,211,0"
18957,"8,0,235"
18958,"40,146,145"
18959,"11,44,145"
18960,"3,28,111"
18961,"43,23,24"
18962,"0,350,23"
18963,"23,91,38"
18964,"49,24,23"
18965,"0,271,456"
18966,"40,135,250"
18967,"3,21,53"
18968,"40,139,199"
18969,"145,44,11"
18970,"40,160,41"
18971,"17,3,21"
18972,"169,337,339"
18973,"3,169,199"
18974,"3,21,320"
18975,"3,5,4"
18976,"43,24,23"
18977,"26,23,0"
18978,"23,38,24"
18979,"71,24,38"
18980,"3,21,53"
18981,"3,11,13"
18982,"40,160"
18983,"10,60,489"
18984,"3,111,293"
18985,"40,134,131"
18986,"3,187,21"
18987,"64,10,80"
18988,"3,21"
18989,"10,64,80"
18990,"4,435,3"
18991,"3,21,100"
18992,"220,0"
18993,"3,21,182"
18994,"10,64,93"
18995,"17,320,3"
18996,"337,251,296"
18997,"3,169,199"
18998,"13,3,204"
18999,"145,402,40"
19000,"40,135,236"
19001,"3,21,17"
19002,"3,4,331"
19003,"3,154,53"
19004,"3,263,0"
19005,"0,313,271"
19006,"3,435,4"
19007,"199,248,170"
19008,"271,337,291"
19009,"3,128,40"
19010,"265,0,418"
19011,"3,160,40"
19012,"23,141,118"
19013,"40,131,406"
19014,"311,426,259"
19015,"3,21,127"
19016,"0,3,265"
19017,"3,35,36"
19018,"10,220"
19019,"0,271"
19020,"10,64,93"
19021,"367,100,3"
19022,"23,105,25"
19023,"220,10"
19024,"3,4"
19025,"40,131,406"
19026,"3,40,147"
19027,"3,53,523"
19028,"3,4,435"
19029,"23,38,91"
19030,"40,151,152"
19031,"43,24,23"
19032,"40,160,431"
19033,"3,5,228"
19034,"64,10,80"
19035,"0,265,349"
19036,"3,293,111"
19037,"128,40,130"
19038,"0,118,3"
19039,"40,128,131"
19040,"139,153,3"
19041,"3,13,204"
19042,"44,72,145"
19043,"145,44,45"
19044,"3,325,53"
19045,"3,523,53"
19046,"0,271"
19047,"3,147,148"
19048,"0,23,271"
19049,"0,271"
19050,"494,184,40"
19051,"64,93,10"
19052,"0,255,271"
19053,"0,271,291"
19054,"220,10"
19055,"0,218,40"
19056,"53,523,28"
19057,"169,199"
19058,"10,60,40"
19059,"40,146,145"
19060,"3,120,389"
19061,"44,72,145"
19062,"3,199,311"
19063,"169,199,343"
19064,"10,3,143"
19065,"3,5,228"
19066,"3,147,325"
19067,"0,265"
19068,"17,3,320"
19069,"3,164,21"
19070,"3,52,51"
19071,"3,182,21"
19072,"3,21,53"
19073,"3,21,301"
19074,"3,147,148"
19075,"23,24"
19076,"405,8,0"
19077,"3,4,435"
19078,"44,145,45"
19079,"40,145,402"
19080,"0,8,291"
19081,"3,53,325"
19082,"10,23,93"
19083,"251,337,296"
19084,"523,3,53"
19085,"0,23,8"
19086,"145,402,40"
19087,"32,31,23"
19088,"23,187,40"
19089,"0,346,313"
19090,"17,3,320"
19091,"169,145,23"
19092,"331,5,3"
19093,"24,181,23"
19094,"0,271,311"
19095,"40,128,175"
19096,"31,32,23"
19097,"23,25,24"
19098,"220,10,24"
19099,"323,170,199"
19100,"23,74,118"
19101,"129,128,40"
19102,"3,104,28"
19103,"40,41,128"
19104,"3,53,523"
19105,"0,271,291"
19106,"3,99,379"
19107,"3,53,523"
19108,"296,169,306"
19109,"10,64,90"
19110,"3,182,21"
19111,"40,24,145"
19112,"10,64"
19113,"3,40,100"
19114,"337,251,296"
19115,"25,24,23"
19116,"0,271,8"
19117,"145,40,402"
19118,"160,317,40"
19119,"3,331,5"
19120,"54,10,95"
19121,"3,17,21"
19122,"265,418,0"
19123,"0,265,211"
19124,"3,147,21"
19125,"23,24,49"
19126,"3,147,21"
19127,"3,81,30"
19128,"74,165,40"
19129,"24,23,43"
19130,"3,30,21"
19131,"0,271,291"
19132,"3,53,523"
19133,"170,199,171"
19134,"0,218,512"
19135,"160,40,315"
19136,"271,0,213"
19137,"40,131"
19138,"40,131,406"
19139,"10,60,11"
19140,"0,271,291"
19141,"23,38,26"
19142,"281,199,169"
19143,"156,3,147"
19144,"199,169,0"
19145,"23,118,74"
19146,"128,130,40"
19147,"0,8,235"
19148,"3,164,33"
19149,"10,24,23"
19150,"0,271,291"
19151,"3,4,28"
19152,"259,426,311"
19153,"3,21,127"
19154,"49,23,24"
19155,"456,0,271"
19156,"40,128,23"
19157,"509,218,0"
19158,"64,10,80"
19159,"24,145,25"
19160,"23,38,24"
19161,"10,40,145"
19162,"206,0,8"
19163,"3,53,287"
19164,"234,60,21"
19165,"169,40,199"
19166,"64,10,80"
19167,"145,25,23"
19168,"0,313,53"
19169,"127,147,3"
19170,"44,145,72"
19171,"3,30,81"
19172,"23,24,3"
19173,"38,23,24"
19174,"17,320,3"
19175,"64,10,93"
19176,"40,241,131"
19177,"72,44,145"
19178,"40,131,241"
19179,"89,23,26"
19180,"220,10,23"
19181,"0,265,340"
19182,"3,301,13"
19183,"346,313,0"
19184,"23,74,38"
19185,"0,8,206"
19186,"255,0,348"
19187,"317,74,23"
19188,"3,204,13"
19189,"220,10"
19190,"3,13,28"
19191,"25,24,23"
19192,"145,199,40"
19193,"10,60,93"
19194,"10,64"
19195,"23,169,24"
19196,"0,313,271"
19197,"0,418,265"
19198,"3,147,148"
19199,"53,23,287"
19200,"3,523,53"
19201,"3,21,187"
19202,"0,271,265"
19203,"265,0,349"
19204,"3,21,169"
19205,"418,23,265"
19206,"23,24,0"
19207,"199,169"
19208,"0,313,23"
19209,"3,28,21"
19210,"128,40,175"
19211,"3,435,53"
19212,"169,281,199"
19213,"40,296,145"
19214,"23,32,31"
19215,"3,21,53"
19216,"220,10,221"
19217,"3,53,147"
19218,"45,44,145"
19219,"220,10"
19220,"0,313,26"
19221,"3,96,31"
19222,"3,5,21"
19223,"23,74,118"
19224,"0,206,8"
19225,"220,10"
19226,"64,10,80"
19227,"251,296,337"
19228,"71,38,24"
19229,"10,239,24"
19230,"3,115,145"
19231,"53,23,105"
19232,"3,21,127"
19233,"40,128,186"
19234,"44,45,23"
19235,"40,131"
19236,"169,199,170"
19237,"199,259,311"
19238,"23,40,38"
19239,"10,60,239"
19240,"220,10"
19241,"49,24,23"
19242,"0,216,40"
19243,"169,170,459"
19244,"40,131,241"
19245,"24,71,23"
19246,"0,271,291"
19247,"426,311"
19248,"169,296,300"
19249,"3,4,183"
19250,"74,23,38"
19251,"64,10,80"
19252,"145,402,40"
19253,"40,128,129"
19254,"3,21,187"
19255,"25,24,23"
19256,"40,160,315"
19257,"426,311,169"
19258,"10,93,64"
19259,"40,128,129"
19260,"3,164,21"
19261,"21,187,3"
19262,"0,426,271"
19263,"93,10,64"
19264,"128,40,195"
19265,"21,3"
19266,"3,367,53"
19267,"3,21,127"
19268,"23,38,137"
19269,"103,23,231"
19270,"10,93,64"
19271,"3,287,188"
19272,"3,164,21"
19273,"145,44,45"
19274,"3,21,147"
19275,"169,296,300"
19276,"23,24,296"
19277,"23,32,31"
19278,"170,199,171"
19279,"8,0,206"
19280,"38,23,137"
19281,"162,40,163"
19282,"3,21,311"
19283,"38,137,23"
19284,"3,30,227"
19285,"3,21,30"
19286,"10,64,80"
19287,"32,23,31"
19288,"3,21,147"
19289,"0,291,271"
19290,"3,4,176"
19291,"0,216,211"
19292,"402,145,40"
19293,"296,8,0"
19294,"40,131,406"
19295,"40,160,315"
19296,"21,3,127"
19297,"0,271,291"
19298,"25,24,23"
19299,"169,199,311"
19300,"74,3,23"
19301,"3,21,301"
19302,"40,135,241"
19303,"31,32,23"
19304,"10,64,93"
19305,"40,131,406"
19306,"23,40,145"
19307,"23,38,74"
19308,"145,44,45"
19309,"402,40,145"
19310,"3,30,28"
19311,"10,93,64"
19312,"94,38,23"
19313,"0,271,313"
19314,"25,23,24"
19315,"0,216,380"
19316,"0,271,291"
19317,"0,265,418"
19318,"3,21,23"
19319,"271,255,280"
19320,"3,21,147"
19321,"40,41,201"
19322,"220,10"
19323,"131,40,241"
19324,"10,93,64"
19325,"40,128,3"
19326,"170,199,171"
19327,"0,26,89"
19328,"402,40,145"
19329,"3,147,148"
19330,"3,17"
19331,"145,44,45"
19332,"169,339,337"
19333,"220,10"
19334,"0,271,355"
19335,"40,175,128"
19336,"40,41"
19337,"3,53,287"
19338,"375,4,3"
19339,"311,426,259"
19340,"170,323,199"
19341,"169,337,111"
19342,"41,286,40"
19343,"8,206,0"
19344,"3,21,48"
19345,"71,24,38"
19346,"40,128,129"
19347,"0,8,327"
19348,"337,0,251"
19349,"92,193,23"
19350,"38,175,128"
19351,"24,23,181"
19352,"171,170,199"
19353,"23,145,197"
19354,"10,220,25"
19355,"31,23,32"
19356,"24,49,23"
19357,"402,40,145"
19358,"138,40,135"
19359,"26,89,231"
19360,"229,230,0"
19361,"169,508,426"
19362,"131,40,406"
19363,"3,147,156"
19364,"3,23,21"
19365,"0,229,10"
19366,"10,64,93"
19367,"170,323,199"
19368,"145,10,11"
19369,"40,151,128"
19370,"0,255,280"
19371,"0,271,456"
19372,"24,71,38"
19373,"40,131,406"
19374,"3,111"
19375,"3,21,187"
19376,"169,296,306"
19377,"169,199,259"
19378,"220,10"
19379,"45,44,145"
19380,"265,0,418"
19381,"11,10,23"
19382,"0,291,271"
19383,"3,10,23"
19384,"3,53,287"
19385,"0,349,8"
19386,"231,23,26"
19387,"3,16,15"
19388,"145,23,24"
19389,"40,135,74"
19390,"11,10,205"
19391,"0,1,277"
19392,"60,23,234"
19393,"24,49,23"
19394,"0,291,271"
19395,"3,53,523"
19396,"199,169,3"
19397,"3,169,187"
19398,"3,143,34"
19399,"220,10"
19400,"265,418,0"
19401,"0,418,8"
19402,"170,171,199"
19403,"23,74,3"
19404,"40,3,41"
19405,"145,402,40"
19406,"40,408,128"
19407,"337,169,296"
19408,"23,350,26"
19409,"10,64"
19410,"13,3,204"
19411,"221,10,220"
19412,"74,23,165"
19413,"23,145,92"
19414,"309,23,38"
19415,"5,6,3"
19416,"0,235,8"
19417,"420,54,10"
19418,"3,17,320"
19419,"3,21,127"
19420,"64,10,93"
19421,"71,38,24"
19422,"40,128,186"
19423,"243,184,40"
19424,"3,28,301"
19425,"0,8,206"
19426,"44,145,45"
19427,"203,147"
19428,"23,74,84"
19429,"93,64,10"
19430,"10,64,93"
19431,"187,3,21"
19432,"3,147"
19433,"40,145,54"
19434,"199,169,21"
19435,"296,31,169"
19436,"3,21,147"
19437,"23,26"
19438,"3,4,435"
19439,"21,3,23"
19440,"44,69,145"
19441,"23,24,49"
19442,"40,160,315"
19443,"49,24,23"
19444,"23,31"
19445,"326,54,105"
19446,"23,24,49"
19447,"265,418,0"
19448,"40,181,145"
19449,"38,23,0"
19450,"313,0,346"
19451,"0,271,456"
19452,"3,53,111"
19453,"3,53,523"
19454,"0,3,218"
19455,"3,17,320"
19456,"0,271,255"
19457,"0,255"
19458,"3,53,523"
19459,"0,291,265"
19460,"265,418,0"
19461,"160,40"
19462,"160,302,40"
19463,"3,147,21"
19464,"40,23"
19465,"10,11,205"
19466,"3,287,17"
19467,"23,38,26"
19468,"3,21,17"
19469,"40,186,128"
19470,"44,10,145"
19471,"40,184,243"
19472,"44,72,145"
19473,"3,21,22"
19474,"40,250,241"
19475,"31,40,131"
19476,"3,21,311"
19477,"165,74,23"
19478,"3,5,331"
19479,"40,402,145"
19480,"3,21"
19481,"170,171,199"
19482,"199,170,171"
19483,"271,0,291"
19484,"3,5,4"
19485,"311,259,426"
19486,"3,21,523"
19487,"53,3,325"
19488,"169,343,436"
19489,"523,3,53"
19490,"131,40,406"
19491,"40,131,406"
19492,"259,311,426"
19493,"3,21,301"
19494,"3,53,523"
19495,"169,199,374"
19496,"44,11,205"
19497,"23,60,10"
19498,"74,40,23"
19499,"169,53,287"
19500,"0,8,206"
19501,"3,204,13"
19502,"40,128,130"
19503,"10,64,40"
19504,"10,64,93"
19505,"74,23,118"
19506,"3,147,148"
19507,"40,164,3"
19508,"40,494,184"
19509,"3,21,182"
19510,"3,435,4"
19511,"265,0"
19512,"25,23,24"
19513,"40,145"
19514,"3,21,182"
19515,"24,43,181"
19516,"3,40,21"
19517,"40,131"
19518,"40,128,186"
19519,"44,145,45"
19520,"3,53,523"
19521,"0,8,235"
19522,"40,131,241"
19523,"74,23,317"
19524,"175,128,40"
19525,"181,24,23"
19526,"74,303,23"
19527,"10,64,90"
19528,"10,24,43"
19529,"3,85,86"
19530,"3,53,523"
19531,"290,31"
19532,"170,199,171"
19533,"296,23,251"
19534,"10,220"
19535,"40,135,250"
19536,"40,250,135"
19537,"40,145,146"
19538,"0,360,304"
19539,"40,186,128"
19540,"0,8,206"
19541,"74,23,303"
19542,"74,317,23"
19543,"53,523,3"
19544,"0,23,38"
19545,"3,169,281"
19546,"220,10,23"
19547,"128,186,3"
19548,"212,211,216"
19549,"3,147,53"
19550,"23,38,24"
19551,"3,21,111"
19552,"40,131,241"
19553,"74,23,84"
19554,"251,296,337"
19555,"337,311,169"
19556,"0,249,279"
19557,"145,11,44"
19558,"4,3,435"
19559,"3,169,23"
19560,"131,241,40"
19561,"23,40,402"
19562,"10,143,414"
19563,"129,128,40"
19564,"402,40,145"
19565,"231,26,23"
19566,"131,40,193"
19567,"3,21,127"
19568,"40,128,129"
19569,"0,271,291"
19570,"169,296,526"
19571,"4,3,70"
19572,"3,21,127"
19573,"24,220,23"
19574,"40,131,241"
19575,"184,243,40"
19576,"44,11,23"
19577,"3,104,21"
19578,"169,296,411"
19579,"3,4,435"
19580,"3,17,320"
19581,"54,145,10"
19582,"129,128,0"
19583,"128,40"
19584,"40,402,25"
19585,"3,367,100"
19586,"0,271"
19587,"3,21,40"
19588,"10,64,80"
19589,"3,4,435"
19590,"49,24,23"
19591,"3,21,187"
19592,"40,164,41"
19593,"265,0,418"
19594,"0,265,418"
19595,"3,30,81"
19596,"3,21,182"
19597,"40,250,135"
19598,"169,170,508"
19599,"111,125,3"
19600,"49,24,23"
19601,"0,271,291"
19602,"169,281,199"
19603,"10,25,40"
19604,"3,301,21"
19605,"21,3,41"
19606,"49,23,24"
19607,"21,3,52"
19608,"0,337,311"
19609,"44,145,69"
19610,"3,4,19"
19611,"13,3,204"
19612,"128,129,40"
19613,"21,49,3"
19614,"8,0,206"
19615,"3,111,474"
19616,"145,44,45"
19617,"169,199"
19618,"311,426,337"
19619,"220,10"
19620,"0,265,3"
19621,"3,182,21"
19622,"105,23,3"
19623,"23,74,84"
19624,"337,0,311"
19625,"3,500,30"
19626,"3,147,53"
19627,"0,8,206"
19628,"40,131,406"
19629,"74,84,23"
19630,"10,64,80"
19631,"216,0,212"
19632,"3,4,70"
19633,"26,89,23"
19634,"169,296,23"
19635,"135,138,40"
19636,"23,40"
19637,"3,147,21"
19638,"0,23,8"
19639,"44,145,72"
19640,"96,31,54"
19641,"40,128,408"
19642,"23,26,8"
19643,"40,128,186"
19644,"3,21,28"
19645,"145,40,402"
19646,"251,337,296"
19647,"271,0,26"
19648,"346,38,313"
19649,"23,32,31"
19650,"31,23,96"
19651,"0,8,308"
19652,"3,53,287"
19653,"40,402,145"
19654,"40,406,131"
19655,"24,23,71"
19656,"21,42,3"
19657,"3,21"
