id,label
0,"64,10,93"
1,"3,17,320"
2,"296,169,300"
3,"0,216"
4,"25,24,145"
5,"0,206,8"
6,"145,44,45"
7,"42,41,40"
8,"49,24,23"
9,"3,21,301"
10,"265,0,418"
11,"502,437,145"
12,"337,311,426"
13,"0,271,456"
14,"38,137,24"
15,"38,24,71"
16,"64,80,10"
17,"3,523,53"
18,"64,10,93"
19,"220,10"
20,"323,199,170"
21,"23,0,26"
22,"3,5"
23,"40,160,41"
24,"0,23,229"
25,"40,131,406"
26,"3,21"
27,"64,10,93"
28,"3,17,34"
29,"3,13,14"
30,"43,24,23"
31,"3,53,523"
32,"131,40,406"
33,"0,23,313"
34,"220,10"
35,"3,21,301"
36,"3,5"
37,"44,145,24"
38,"3,4"
39,"40,139,155"
40,"26,89,23"
41,"3,21,301"
42,"138,135,40"
43,"0,291,271"
44,"10,11,12"
45,"40,162"
46,"17,3,320"
47,"234,60,21"
48,"40,128,186"
49,"21,3,30"
50,"418,0,82"
51,"3,147,148"
52,"145,40,25"
53,"3,53"
54,"3,21,182"
55,"21,127,40"
56,"10,64,90"
57,"23,111,169"
58,"23,118,74"
59,"3,301,21"
60,"13,3,401"
61,"64,10,80"
62,"0,271,255"
63,"3,99,53"
64,"0,208,512"
65,"3,21,53"
66,"40,131,134"
67,"323,170,199"
68,"3,17,320"
69,"3,53,287"
70,"64,10,65"
71,"10,64,448"
72,"224,40,41"
73,"42,41,40"
74,"220,10"
75,"0,265,340"
76,"3,21,187"
77,"346,0,313"
78,"49,24,23"
79,"220,10"
80,"64,10,93"
81,"40,160,423"
82,"11,10,12"
83,"169,296,306"
84,"49,24,23"
85,"63,38,23"
86,"40,131,406"
87,"40,41,42"
88,"26,89,23"
89,"3,53,523"
90,"40,24,10"
91,"220,10"
92,"0,446,216"
93,"4,435,3"
94,"60,169,92"
95,"40,145"
96,"49,24,23"
97,"40,241,131"
98,"402,40,145"
99,"308,0,8"
100,"231,26,23"
101,"23,24,106"
102,"49,23,24"
103,"3,225,120"
104,"44,145,45"
105,"0,23,350"
106,"3,99,0"
107,"49,24,23"
108,"0,211,216"
109,"0,8,206"
110,"3,5"
111,"38,23,91"
112,"3,435,4"
113,"3,187,21"
114,"10,220"
115,"281,169,199"
116,"0,485,313"
117,"0,25,24"
118,"283,74,23"
119,"21,3,187"
120,"3,35,147"
121,"0,265,53"
122,"69,44,145"
123,"41,40,224"
124,"3,435,53"
125,"3,21,127"
126,"229,0,230"
127,"23,40,38"
128,"0,271,291"
129,"0,265,418"
130,"478,40,145"
131,"251,337,296"
132,"197,60,23"
133,"250,3,40"
134,"3,28,30"
135,"24,44,145"
136,"0,271,456"
137,"402,40,145"
138,"0,265,349"
139,"171,170,199"
140,"40,250,135"
141,"3,111,112"
142,"169,436"
143,"3,21,301"
144,"72,44,145"
145,"145,10,11"
146,"3,4"
147,"8,405,0"
148,"64,10,448"
149,"160,40,196"
150,"295,40,135"
151,"63,38,23"
152,"4,3,435"
153,"0,265,271"
154,"259,143,426"
155,"26,23,231"
156,"131,40,241"
157,"44,145,45"
158,"40,128"
159,"271,337,280"
160,"0,308,8"
161,"23,38,82"
162,"241,40,131"
163,"3,267,111"
164,"0,271,291"
165,"195,128,40"
166,"10,64,90"
167,"64,10,93"
168,"44,45,145"
169,"40,186,128"
170,"54,23,0"
171,"3,52,51"
172,"0,23"
173,"3,4,19"
174,"40,169,199"
175,"0,40,23"
176,"64,10,80"
177,"38,82,23"
178,"3,21,301"
179,"308,8,0"
180,"3,21,164"
181,"3,105,53"
182,"265,0,340"
183,"3,301,21"
184,"195,128,0"
185,"49,23,24"
186,"372,255,0"
187,"236,40,135"
188,"64,10,80"
189,"291,0,271"
190,"323,170,199"
191,"259,426,311"
192,"40,184,23"
193,"23,38,88"
194,"0,458,277"
195,"259,426,311"
196,"402,145,40"
197,"3,127,21"
198,"40,131,406"
199,"0,271,291"
200,"24,25,23"
201,"24,43,23"
202,"3,53,325"
203,"4,3,19"
204,"323,170,199"
205,"296,251,337"
206,"24,43,23"
207,"23,91,8"
208,"64,44,10"
209,"64,10,80"
210,"3,498,288"
211,"0,8,235"
212,"0,340,265"
213,"3,182,21"
214,"0,384,265"
215,"181,145,40"
216,"32,31,23"
217,"38,71,24"
218,"3,21"
219,"160,40"
220,"38,23,39"
221,"0,271,291"
222,"3,4,435"
223,"169,199,281"
224,"40,160,302"
225,"13,204,3"
226,"64,10"
227,"93,64,10"
228,"5,3"
229,"3,21,187"
230,"402,145,54"
231,"265,340,3"
232,"26,23,89"
233,"3,218,512"
234,"40,145,146"
235,"40,131,134"
236,"53,118,3"
237,"251,337,296"
238,"402,40,145"
239,"43,24,23"
240,"0,346,313"
241,"271,0,291"
242,"494,184,40"
243,"131,40,241"
244,"271,0"
245,"455,0,271"
246,"234,60,21"
247,"169,199,23"
248,"3,17"
249,"129,128,40"
250,"145,44,62"
251,"220,10"
252,"148,3,147"
253,"3,127,0"
254,"23,137,105"
255,"8,308,0"
256,"3,160,33"
257,"13,204,3"
258,"40,128,129"
259,"145,44,45"
260,"64,10,93"
261,"3,4,7"
262,"10,64,93"
263,"3,147,148"
264,"21,3,187"
265,"3,21,301"
266,"23,309,38"
267,"40,38,131"
268,"10,64,93"
269,"40,160,334"
270,"3,523,21"
271,"40,131,406"
272,"49,24,23"
273,"40,24,23"
274,"45,44,145"
275,"64,10,448"
276,"32,31,23"
277,"3,21,301"
278,"23,74,118"
279,"40,131,241"
280,"63,38,23"
281,"10,220,221"
282,"0,265,327"
283,"3,21,187"
284,"3,21,301"
285,"3,435,4"
286,"64,10,80"
287,"0,271"
288,"64,10,93"
289,"23,26,231"
290,"0,313,271"
291,"43,24,23"
292,"44,145,45"
293,"49,24,23"
294,"3,21"
295,"40,149,160"
296,"40,41"
297,"40,135,189"
298,"169,199,426"
299,"3,51,17"
300,"3,15,16"
301,"21,3,169"
302,"24,71,38"
303,"3,147,148"
304,"23,0"
305,"271,0,291"
306,"241,131,38"
307,"308,8,0"
308,"64,10,80"
309,"40,139,41"
310,"0,271,291"
311,"3,287,53"
312,"3,21,301"
313,"23,24,49"
314,"3,17,320"
315,"0,271,444"
316,"241,40,131"
317,"3,5,21"
318,"3,303,10"
319,"426,508,337"
320,"212,216,211"
321,"40,241,131"
322,"23,74,21"
323,"3,53,523"
324,"160,40"
325,"131,40"
326,"3,28,169"
327,"431,135,40"
328,"43,24,23"
329,"0,271,426"
330,"23,43,24"
331,"129,128,40"
332,"211,216,0"
333,"3,123,111"
334,"0,366,271"
335,"3,13,204"
336,"24,43,23"
337,"3,21"
338,"3,21,301"
339,"3,147,148"
340,"220,10,221"
341,"147,3,156"
342,"128,129,40"
343,"3,5,331"
344,"40,131,241"
345,"145,40,402"
346,"460,169,296"
347,"220,10,221"
348,"3,148,147"
349,"296,169,300"
350,"69,145,44"
351,"23,231,40"
352,"296,169,428"
353,"0,8,308"
354,"3,204,13"
355,"24,370,145"
356,"23,38,39"
357,"508,31,23"
358,"0,291,271"
359,"448,64,10"
360,"31,193,454"
361,"145,40,402"
362,"3,301,21"
363,"241,40,494"
364,"508,169,426"
365,"0,271,291"
366,"0,218,446"
367,"0,458,277"
368,"23,74,317"
369,"431,135,40"
370,"3,4,331"
371,"43,24,23"
372,"74,23,118"
373,"40,131,241"
374,"206,0,8"
375,"145,402,40"
376,"323,170,199"
377,"30,81,3"
378,"224,40,41"
379,"31,96,23"
380,"3,40"
381,"3,169,287"
382,"427,169,426"
383,"169,199,343"
384,"3,17,320"
385,"220,10,326"
386,"25,24,23"
387,"24,23,38"
388,"216,212,211"
389,"3,53,523"
390,"25,24,23"
391,"24,25,40"
392,"0,304,216"
393,"64,10,80"
394,"265,418,0"
395,"3,182,21"
396,"309,23,38"
397,"3,21"
398,"337,169,339"
399,"3,170,169"
400,"145,44,45"
401,"259,426,311"
402,"3,21"
403,"0,271,291"
404,"3,21,301"
405,"0,8,235"
406,"3,127,21"
407,"40,131,406"
408,"3,187,21"
409,"3,21"
410,"3,21,127"
411,"3,15,16"
412,"49,24,23"
413,"169,311,426"
414,"0,206,8"
415,"40,131,406"
416,"23,89,26"
417,"220,10"
418,"478,40,145"
419,"23,88,74"
420,"169,31,454"
421,"220,10"
422,"370,216,0"
423,"74,23,303"
424,"346,313,0"
425,"0,363,271"
426,"296,169,333"
427,"181,24,23"
428,"260,25,169"
429,"199,169"
430,"128,129,40"
431,"23,26,350"
432,"10,72,145"
433,"402,40,145"
434,"234,60,21"
435,"41,119,111"
436,"0,208"
437,"10,220"
438,"40,128,250"
439,"169,337,339"
440,"296,169,300"
441,"265,418,0"
442,"3,16,17"
443,"417,296,169"
444,"370,216,0"
445,"3,4,435"
446,"0,265,349"
447,"0,216,271"
448,"10,64,93"
449,"128,129,40"
450,"0,429,271"
451,"216,0,354"
452,"296,169,526"
453,"40,160,302"
454,"3,74,303"
455,"281,169,199"
456,"131,40,193"
457,"10,64"
458,"3,147,148"
459,"40,241,131"
460,"0,271,8"
461,"169,53,3"
462,"38,71,24"
463,"184,40"
464,"0,265"
465,"0,271"
466,"350,26,23"
467,"402,40,145"
468,"44,145,45"
469,"3,21,53"
470,"31,171,23"
471,"0,271,291"
472,"64,93,10"
473,"0,279,249"
474,"350,26,23"
475,"0,265,271"
476,"0,218,265"
477,"426,311,259"
478,"40,160,315"
479,"323,199,170"
480,"107,23,38"
481,"145,44,45"
482,"40,406,131"
483,"346,0,313"
484,"3,21"
485,"0,206,8"
486,"64,10,80"
487,"216,0"
488,"165,74,23"
489,"40,152,151"
490,"10,64,90"
491,"74,111,23"
492,"93,10,64"
493,"0,265,376"
494,"40,164,41"
495,"0,271"
496,"40,135,141"
497,"24,25,10"
498,"0,8"
499,"145,493,40"
500,"281,199,3"
501,"3,36,35"
502,"24,23,49"
503,"64,10,80"
504,"3,17,320"
505,"40,131"
506,"64,93,10"
507,"135,431,40"
508,"3,21,301"
509,"3,53,68"
510,"10,93,64"
511,"186,40,128"
512,"0,271"
513,"61,10,40"
514,"3,435,111"
515,"186,40,128"
516,"3,187,21"
517,"170,323,199"
518,"199,21,281"
519,"3,16,15"
520,"265,418,0"
521,"0,277,458"
522,"402,40,145"
523,"40,131,406"
524,"32,31,23"
525,"231,26,23"
526,"74,23,118"
527,"134,40"
528,"296,169,300"
529,"23,82,38"
530,"10,239,60"
531,"24,25,220"
532,"145,44,45"
533,"249,0,279"
534,"337,426,311"
535,"308,0,8"
536,"3,148,147"
537,"0,206,8"
538,"3,437,40"
539,"3,182,21"
540,"0,265"
541,"87,38,23"
542,"23,88,0"
543,"3,4"
544,"3,119,111"
545,"40,23,131"
546,"64,10"
547,"23,141,74"
548,"3,16,15"
549,"10,239,60"
550,"138,135,40"
551,"0,208,369"
552,"127,40,3"
553,"220,10"
554,"10,489,11"
555,"145,96,181"
556,"43,64,10"
557,"38,39,23"
558,"10,93,64"
559,"40,129,128"
560,"220,10"
561,"0,349,265"
562,"220,10"
563,"10,169,11"
564,"3,21,182"
565,"323,170,199"
566,"346,313,0"
567,"370,216,145"
568,"118,74,23"
569,"44,10,145"
570,"10,60,239"
571,"40,175,128"
572,"3,13,21"
573,"64,10,93"
574,"10,489,60"
575,"102,21,3"
576,"64,10,93"
577,"197,40,10"
578,"3,21"
579,"44,145,45"
580,"309,23,38"
581,"3,21,164"
582,"0,218,271"
583,"3,5,13"
584,"170,169,287"
585,"0,8,346"
586,"10,220,25"
587,"3,147,203"
588,"23,290,31"
589,"21,301,3"
590,"23,38,40"
591,"64,10,90"
592,"131,241"
593,"95,44,54"
594,"220,10"
595,"374,169,3"
596,"63,23,38"
597,"0,8,206"
598,"3,111,284"
599,"137,23,38"
600,"23,74,118"
601,"40,162,131"
602,"3,5,228"
603,"265,0,418"
604,"3,4,435"
605,"0,271,291"
606,"40,160,302"
607,"3,35,148"
608,"0,366,271"
609,"345,24,23"
610,"24,43,23"
611,"26,231,23"
612,"265,418,0"
613,"3,21,301"
614,"129,128,40"
615,"0,255,265"
616,"40,145,23"
617,"290,31,23"
618,"49,24,23"
619,"135,431,40"
620,"0,350,23"
621,"0,8,446"
622,"3,21,111"
623,"3,143,34"
624,"100,367,40"
625,"0,346,313"
626,"311,259,426"
627,"40,34,414"
628,"402,145,40"
629,"3,4,435"
630,"328,31,23"
631,"206,8,0"
632,"131,494,169"
633,"169,40,426"
634,"271,360,0"
635,"26,350,23"
636,"40,135"
637,"3,21,187"
638,"40,160,315"
639,"0,271,456"
640,"23,74,404"
641,"0,8,206"
642,"40,135,236"
643,"40,250,131"
644,"164,3,21"
645,"23,26,39"
646,"3,21,154"
647,"31,23,218"
648,"3,4,19"
649,"296,170,337"
650,"54,10,493"
651,"23,0,24"
652,"31,290,23"
653,"40,160,315"
654,"31,0,23"
655,"40,131,241"
656,"3,21,301"
657,"0,206,8"
658,"3,133,21"
659,"13,3,204"
660,"40,406,131"
661,"0,216,8"
662,"0,3,340"
663,"43,24,23"
664,"11,10,419"
665,"24,43,23"
666,"64,10,93"
667,"96,31,23"
668,"0,103,8"
669,"0,38"
670,"24,49,23"
671,"145,44,45"
672,"220,31,10"
673,"311,426,337"
674,"241,40,131"
675,"3,147,120"
676,"145,448,44"
677,"3,523,17"
678,"3,111,21"
679,"220,10"
680,"0,8,308"
681,"134,131,40"
682,"10,64,448"
683,"74,23,303"
684,"23,26,404"
685,"3,21"
686,"40,402,145"
687,"169,199,343"
688,"251,25,24"
689,"10,220"
690,"523,3,53"
691,"40,311,271"
692,"3,53,523"
693,"64,93,10"
694,"0,206,8"
695,"23,265,0"
696,"71,24,38"
697,"16,15,3"
698,"3,120,53"
699,"40,131,241"
700,"3,17,320"
701,"24,25,23"
702,"23,94,38"
703,"38,23,24"
704,"23,38,63"
705,"135,138,40"
706,"241,0,131"
707,"224,40,41"
708,"0,327,8"
709,"23,24,49"
710,"17,3,320"
711,"74,283,23"
712,"15,16,3"
713,"212,216,211"
714,"309,38,23"
715,"49,23,24"
716,"3,35,36"
717,"3,435,4"
718,"42,41,3"
719,"44,145,23"
720,"3,523,53"
721,"10,12,11"
722,"21,3,124"
723,"3,523,53"
724,"3,5,228"
725,"43,24,23"
726,"53,3,21"
727,"0,8"
728,"323,199,170"
729,"224,40,41"
730,"251,337,296"
731,"426,311,337"
732,"3,51,52"
733,"45,44,145"
734,"259,311,426"
735,"311,337,426"
736,"93,10,64"
737,"259,426,311"
738,"509,0,218"
739,"0,8,350"
740,"0,291,271"
741,"271,0,456"
742,"3,474,111"
743,"145,23,0"
744,"40,402,145"
745,"3,4,435"
746,"53,3,99"
747,"31,481,169"
748,"3,182,21"
749,"44,145,45"
750,"40,41,42"
751,"43,24,23"
752,"3,111,182"
753,"169,170,459"
754,"311,426,337"
755,"323,170,199"
756,"145,40,402"
757,"40,135,250"
758,"3,16,15"
759,"417,337,296"
760,"426,311,337"
761,"0,40,218"
762,"10,239,60"
763,"182,3,21"
764,"3,182,21"
765,"0,8"
766,"0,273,265"
767,"337,251,296"
768,"0,265,349"
769,"323,170,199"
770,"3,111,68"
771,"64,10,80"
772,"15,16,3"
773,"3,52,51"
774,"259,426,311"
775,"3,21,124"
776,"3,21,182"
777,"21,182,3"
778,"4,3,19"
779,"10,243,40"
780,"93,64,10"
781,"323,170,199"
782,"0,271,291"
783,"3,13,245"
784,"3,21,301"
785,"38,23,91"
786,"337,0,271"
787,"38,71,24"
788,"0,8,308"
789,"0,8"
790,"3,21,40"
791,"220,10"
792,"44,145,45"
793,"23,24"
794,"259,311,426"
795,"40,131,406"
796,"3,5,21"
797,"3,34,111"
798,"40,131,241"
799,"112,111,3"
800,"40,184,494"
801,"0,8,40"
802,"0,271,346"
803,"3,40,243"
804,"3,145,53"
805,"260,170,169"
806,"0,40,26"
807,"71,38,24"
808,"281,3,169"
809,"169,170,53"
810,"0,23,10"
811,"24,43,23"
812,"44,145,45"
813,"291,0,271"
814,"21,3,40"
815,"40,500,250"
816,"3,21"
817,"265,0,349"
818,"3,17,320"
819,"169,170,3"
820,"255,280,271"
821,"17,320,3"
822,"23,508,24"
823,"43,24,23"
824,"3,111"
825,"40,402,145"
826,"8,0,391"
827,"11,10,145"
828,"337,426,311"
829,"40,478,131"
830,"10,64,3"
831,"0,271,360"
832,"145,44,45"
833,"131,40,241"
834,"3,53,21"
835,"317,74,23"
836,"426,508,62"
837,"40,184,243"
838,"3,4,435"
839,"3,5,228"
840,"402,40,145"
841,"3,161,111"
842,"3,331,5"
843,"89,26,23"
844,"23,49,169"
845,"296,169,38"
846,"169,199"
847,"130,40,128"
848,"0,313,271"
849,"96,31,23"
850,"169,343,199"
851,"145,38,24"
852,"32,31,23"
853,"71,38,24"
854,"3,311,111"
855,"40,145,146"
856,"49,24,23"
857,"10,64,93"
858,"3,147,28"
859,"169,459,170"
860,"0,308,8"
861,"181,40,24"
862,"40,10,193"
863,"271,255,0"
864,"3,13,204"
865,"40,186,128"
866,"3,21,108"
867,"171,199,170"
868,"3,13,21"
869,"145,181,40"
870,"40,21,340"
871,"38,23,30"
872,"3,21,23"
873,"343,169,199"
874,"0,214,213"
875,"145,44,45"
876,"3,204,13"
877,"131,40,406"
878,"171,199,170"
879,"23,38"
880,"3,301"
881,"0,206,8"
882,"402,40,145"
883,"40,131,241"
884,"145,44,45"
885,"42,41,40"
886,"260,169,170"
887,"61,10,60"
888,"3,53,325"
889,"426,259,311"
890,"145,40,25"
891,"275,3,111"
892,"23,74,303"
893,"10,145,54"
894,"44,145,45"
895,"3,523,53"
896,"40,131,406"
897,"3,523,21"
898,"40,41,42"
899,"0,271,380"
900,"0,271"
901,"3,21,41"
902,"25,24,23"
903,"40,131,406"
904,"64,10,93"
905,"38,87,40"
906,"0,8,218"
907,"0,8,235"
908,"3,13,14"
909,"40,162,135"
910,"220,10"
911,"11,10"
912,"68,53"
913,"45,145,44"
914,"64,10,80"
915,"220,10"
916,"435,3,4"
917,"0,271,313"
918,"3,435,4"
919,"0,4,290"
920,"3,147,156"
921,"234,21,60"
922,"113,28,3"
923,"64,10,93"
924,"40,146,145"
925,"23,38,39"
926,"234,21,60"
927,"128,40,130"
928,"3,21,53"
929,"3,21,523"
930,"89,23,26"
931,"229,0,421"
932,"0,82,265"
933,"23,38,40"
934,"323,199,170"
935,"508,426,169"
936,"3,40,48"
937,"3,523,53"
938,"3,148,147"
939,"296,169,526"
940,"3,4"
941,"346,313,89"
942,"3,53,523"
943,"259,40,311"
944,"3,4,19"
945,"169,343,199"
946,"0,458,277"
947,"3,21,301"
948,"74,118,23"
949,"241,131,40"
950,"0,271,456"
951,"239,60,10"
952,"40,494"
953,"131,193,10"
954,"24,49,23"
955,"489,10,11"
956,"402,40,145"
957,"49,24,23"
958,"234,60,21"
959,"323,170,199"
960,"169,170,199"
961,"3,169,281"
962,"24,23,59"
963,"40,250,135"
964,"23,24,43"
965,"128,130,40"
966,"64,10,80"
967,"169,337"
968,"3,188,4"
969,"0,38,40"
970,"138,40,135"
971,"40,160,315"
972,"74,23,118"
973,"216,370,0"
974,"220,10,23"
975,"0,271,291"
976,"0,206,8"
977,"40,135,141"
978,"3,21,187"
979,"201,317,40"
980,"0,265,418"
981,"0,8,235"
982,"3,17"
983,"3,21,301"
984,"40,131,134"
985,"40,160,315"
986,"105,23,495"
987,"134,131,40"
988,"10,64,93"
989,"3,21,301"
990,"3,187,21"
991,"24,23,25"
992,"251,337,23"
993,"3,182,21"
994,"24,43,23"
995,"3,21,53"
996,"259,311,426"
997,"40,131,406"
998,"36,41,201"
999,"23,118,74"
1000,"0,340,265"
1001,"3,52,51"
1002,"0,216,257"
1003,"131,40,193"
1004,"3,502,145"
1005,"311,426,337"
1006,"3,21"
1007,"44,24,145"
1008,"311,337,426"
1009,"10,218,0"
1010,"23,231,26"
1011,"3,21"
1012,"0,340,3"
1013,"64,10,448"
1014,"3,21,301"
1015,"0,265,418"
1016,"23,24,10"
1017,"87,38,23"
1018,"3,21"
1019,"435,3,4"
1020,"0,255,271"
1021,"10,220"
1022,"0,265,8"
1023,"26,23,89"
1024,"3,70,4"
1025,"40,162"
1026,"0,511,271"
1027,"26,89,23"
1028,"3,53,21"
1029,"24,43,23"
1030,"60,10,40"
1031,"23,24,43"
1032,"186,128,40"
1033,"3,21"
1034,"3,53,337"
1035,"287,3,53"
1036,"3,15,16"
1037,"3,523,53"
1038,"3,21,17"
1039,"43,24,23"
1040,"31,96,23"
1041,"145,44,45"
1042,"265,0,418"
1043,"0,271"
1044,"10,64,90"
1045,"71,24,38"
1046,"21,3,301"
1047,"426,508,169"
1048,"220,10"
1049,"0,271,216"
1050,"64,10,93"
1051,"3,21,127"
1052,"23,220,10"
1053,"93,23,10"
1054,"40,406,131"
1055,"40,145,137"
1056,"220,10"
1057,"3,275,111"
1058,"3,523,53"
1059,"40,139"
1060,"43,24,23"
1061,"301,21,3"
1062,"111,3"
1063,"0,211,458"
1064,"21,3,301"
1065,"40,152,151"
1066,"145,45,44"
1067,"296,89,251"
1068,"224,41,40"
1069,"111,3,40"
1070,"3,22,21"
1071,"265,0,418"
1072,"10,239,60"
1073,"8,0,206"
1074,"3,182,21"
1075,"3,21,301"
1076,"23,26,0"
1077,"3,156,147"
1078,"40,152,151"
1079,"40,224,41"
1080,"506,3,13"
1081,"3,13,14"
1082,"291,271,23"
1083,"40,175,135"
1084,"40,41,286"
1085,"402,40,145"
1086,"0,296,216"
1087,"10,60,199"
1088,"3,187"
1089,"40,128,129"
1090,"3,331,4"
1091,"139,40,194"
1092,"74,303,23"
1093,"40,3,42"
1094,"251,337,296"
1095,"0,291,313"
1096,"3,17,56"
1097,"40,523,3"
1098,"40,160,41"
1099,"146,40,145"
1100,"0,271,291"
1101,"271,255,280"
1102,"3,53,275"
1103,"24,23,43"
1104,"3,21,187"
1105,"23,3,74"
1106,"308,8,0"
1107,"171,170,199"
1108,"251,337,145"
1109,"281,169,199"
1110,"10,239,60"
1111,"0,8,206"
1112,"24,49,23"
1113,"3,52,51"
1114,"171,199,170"
1115,"160,40,334"
1116,"60,61,3"
1117,"0,216,8"
1118,"128,40,195"
1119,"40,283,74"
1120,"64,10,93"
1121,"3,52,51"
1122,"426,311,337"
1123,"131,40,241"
1124,"3,21,127"
1125,"199,169,343"
1126,"3,21,164"
1127,"10,64,448"
1128,"23,26,0"
1129,"366,0,271"
1130,"0,8,24"
1131,"10,11,44"
1132,"0,271,291"
1133,"64,80,10"
1134,"205,11,10"
1135,"211,212,216"
1136,"3,21"
1137,"311,426,337"
1138,"10,220"
1139,"291,0,271"
1140,"426,169,311"
1141,"3,21,301"
1142,"220,10"
1143,"251,296,337"
1144,"11,10,44"
1145,"197,60,23"
1146,"3,301,21"
1147,"0,89,23"
1148,"26,23,231"
1149,"301,3,21"
1150,"3,227,30"
1151,"3,21,301"
1152,"145,402,40"
1153,"25,24,23"
1154,"40,145,402"
1155,"10,24,23"
1156,"145,402,40"
1157,"0,218,360"
1158,"23,0,103"
1159,"3,523,53"
1160,"171,170,199"
1161,"3,187,21"
1162,"231,26,23"
1163,"23,0,74"
1164,"0,265,340"
1165,"23,303,74"
1166,"3,21,182"
1167,"3,40,118"
1168,"0,271,291"
1169,"71,145,38"
1170,"0,354,216"
1171,"23,74,31"
1172,"3,4"
1173,"0,271,23"
1174,"0,265,418"
1175,"3,53"
1176,"24,23,43"
1177,"271,0,291"
1178,"64,10"
1179,"40,160,315"
1180,"199,170"
1181,"2,1,0"
1182,"0,265,340"
1183,"38,23,39"
1184,"350,23,26"
1185,"32,31,23"
1186,"220,10,221"
1187,"3,16,15"
1188,"290,31,23"
1189,"171,170,199"
1190,"32,31,23"
1191,"374,169,135"
1192,"181,40,145"
1193,"40,186,128"
1194,"265,0,349"
1195,"281,199,169"
1196,"3,4,435"
1197,"40,152,151"
1198,"0,265,291"
1199,"10,60,239"
1200,"205,11,10"
1201,"32,23,31"
1202,"164,3,21"
1203,"23,38,107"
1204,"23,10,54"
1205,"71,38,24"
1206,"0,235,8"
1207,"265,0,349"
1208,"220,10"
1209,"24,23,43"
1210,"0,60,296"
1211,"62,24,23"
1212,"10,64,80"
1213,"260,426,170"
1214,"26,350,23"
1215,"220,10,221"
1216,"74,236,303"
1217,"523,3,53"
1218,"182,3,111"
1219,"10,64,80"
1220,"259,426,311"
1221,"10,220"
1222,"3,21"
1223,"3,111,282"
1224,"40,131,241"
1225,"69,44,145"
1226,"38,309,23"
1227,"40,128,160"
1228,"40,131"
1229,"199,323,170"
1230,"40,128,175"
1231,"3,13"
1232,"0,265,271"
1233,"0,308,8"
1234,"402,145,40"
1235,"317,74,23"
1236,"220,10"
1237,"0,249,279"
1238,"402,40,328"
1239,"13,3,204"
1240,"0,327,8"
1241,"3,17,512"
1242,"145,44,45"
1243,"128,40,186"
1244,"69,44,145"
1245,"0,265,255"
1246,"431,135,40"
1247,"40,23,175"
1248,"64,10"
1249,"337,251,296"
1250,"265,0,418"
1251,"64,10,80"
1252,"3,301,21"
1253,"40,131,241"
1254,"224,41,40"
1255,"231,26,95"
1256,"3,4,435"
1257,"0,265,271"
1258,"337,251,169"
1259,"0,265,349"
1260,"3,21,301"
1261,"296,300,169"
1262,"64,93,10"
1263,"53,287,3"
1264,"145,402,95"
1265,"40,3,204"
1266,"3,17"
1267,"38,0,265"
1268,"231,23,0"
1269,"3,21,53"
1270,"21,3,40"
1271,"71,38,24"
1272,"3,21,48"
1273,"131,53,193"
1274,"169,459,170"
1275,"23,44,0"
1276,"3,17"
1277,"3,52,51"
1278,"40,386,135"
1279,"3,16,15"
1280,"10,40"
1281,"3,28,29"
1282,"10,145,40"
1283,"523,53,3"
1284,"169,3,311"
1285,"3,21,147"
1286,"0,271"
1287,"350,26,23"
1288,"128,40,130"
1289,"229,10,0"
1290,"220,10"
1291,"199,323,170"
1292,"31,32,23"
1293,"231,26,23"
1294,"176,3,4"
1295,"3,182,21"
1296,"3,21,85"
1297,"3,301,21"
1298,"3,147,148"
1299,"64,10,93"
1300,"89,23,26"
1301,"63,23,38"
1302,"3,21,164"
1303,"3,120,111"
1304,"3,435,4"
1305,"523,3,53"
1306,"3,182,21"
1307,"426,311,259"
1308,"339,169,337"
1309,"4,3,176"
1310,"3,53"
1311,"24,38,71"
1312,"0,265,512"
1313,"145,44,45"
1314,"308,8,0"
1315,"281,199,68"
1316,"3,53,430"
1317,"349,265,0"
1318,"311,426,337"
1319,"3,21,111"
1320,"64,93,10"
1321,"220,10,25"
1322,"3,147"
1323,"74,23,165"
1324,"23,350,26"
1325,"3,187,21"
1326,"26,231,23"
1327,"220,10"
1328,"3,53,40"
1329,"3,21,13"
1330,"64,10,80"
1331,"3,111"
1332,"3,187,169"
1333,"40,494,169"
1334,"0,313,346"
1335,"3,21,364"
1336,"3,13"
1337,"10,220"
1338,"127,40,3"
1339,"3,147,156"
1340,"21,3,187"
1341,"146,40,145"
1342,"426,337,311"
1343,"169,199,135"
1344,"25,24,23"
1345,"40,128,129"
1346,"346,313,0"
1347,"3,147,148"
1348,"135,138,40"
1349,"323,199,170"
1350,"23,24,49"
1351,"0,313,346"
1352,"188,3,4"
1353,"0,313,346"
1354,"287,53,3"
1355,"0,271,456"
1356,"3,120,121"
1357,"3,301,21"
1358,"23,118,74"
1359,"11,10,12"
1360,"3,35,36"
1361,"40,128,38"
1362,"81,3,30"
1363,"337,296,251"
1364,"3,21,68"
1365,"418,49,24"
1366,"308,0,8"
1367,"3,28"
1368,"3,21,53"
1369,"40,241,131"
1370,"0,271,429"
1371,"40,128,186"
1372,"44,145,45"
1373,"145,402,40"
1374,"95,54,145"
1375,"145,45,44"
1376,"3,111"
1377,"323,170,199"
1378,"64,10,80"
1379,"23,38"
1380,"145,40,44"
1381,"0,206,8"
1382,"3,53,15"
1383,"41,3,286"
1384,"21,3,301"
1385,"40,315,160"
1386,"323,199,170"
1387,"89,23,26"
1388,"205,11,69"
1389,"3,21,108"
1390,"3,17,320"
1391,"0,354,255"
1392,"3,21,164"
1393,"40,131,241"
1394,"3,164,21"
1395,"135,138,40"
1396,"44,145,45"
1397,"0,265,271"
1398,"23,38,231"
1399,"251,296,337"
1400,"40,186,128"
1401,"38,87,23"
1402,"3,331,5"
1403,"3,447,115"
1404,"145,95,54"
1405,"199,323,170"
1406,"3,17,52"
1407,"3,111,182"
1408,"3,364,28"
1409,"10,72,44"
1410,"239,60,23"
1411,"0,23,291"
1412,"40,34,426"
1413,"54,95"
1414,"221,10,23"
1415,"3,21,320"
1416,"3,275,53"
1417,"3,301,13"
1418,"3,21,5"
1419,"0,327,8"
1420,"41,3,40"
1421,"345,23,38"
1422,"40,160,423"
1423,"23,8,308"
1424,"23,74,231"
1425,"3,21,40"
1426,"311,426,21"
1427,"23,308,0"
1428,"44,72,145"
1429,"3,53,523"
1430,"402,145,40"
1431,"3,21"
1432,"38,24,71"
1433,"64,10,80"
1434,"402,145,40"
1435,"64,10,448"
1436,"296,23,169"
1437,"426,311,337"
1438,"49,24,23"
1439,"23,287,3"
1440,"3,21,48"
1441,"3,301,21"
1442,"0,169,277"
1443,"64,10,80"
1444,"145,44,10"
1445,"60,10,239"
1446,"23,74,118"
1447,"49,24,23"
1448,"402,40,145"
1449,"127,3,21"
1450,"0,8,327"
1451,"111,3,125"
1452,"234,60,21"
1453,"3,127,21"
1454,"10,64,80"
1455,"40,160,302"
1456,"3,182,21"
1457,"224,40,41"
1458,"3,187,21"
1459,"259,426,311"
1460,"24,43,23"
1461,"40,111,286"
1462,"11,109,10"
1463,"145,402,40"
1464,"24,23,43"
1465,"128,129,40"
1466,"0,271,291"
1467,"323,199,170"
1468,"0,206,8"
1469,"23,118,74"
1470,"427,426,169"
1471,"43,24,23"
1472,"0,265"
1473,"3,5,331"
1474,"4,3,435"
1475,"64,10,80"
1476,"493,10,145"
1477,"3,4,435"
1478,"0,271,360"
1479,"186,128,40"
1480,"118,74,23"
1481,"40,145"
1482,"3,147,148"
1483,"0,271"
1484,"49,23,24"
1485,"3,15,16"
1486,"53,3,467"
1487,"62,160,334"
1488,"3,21,187"
1489,"40,131"
1490,"3,120,111"
1491,"10,239,60"
1492,"23,24,43"
1493,"0,271,291"
1494,"3,148,21"
1495,"38,40,24"
1496,"92,60,10"
1497,"40,131,60"
1498,"87,40,493"
1499,"40,131,406"
1500,"39,23,25"
1501,"3,301,21"
1502,"169,337"
1503,"220,10,23"
1504,"23,38"
1505,"3,147,30"
1506,"426,311,337"
1507,"23,89,26"
1508,"21,3,40"
1509,"0,255,400"
1510,"3,34,263"
1511,"40,199,170"
1512,"40,135,138"
1513,"0,206,8"
1514,"431,40,199"
1515,"3,147,148"
1516,"339,169,337"
1517,"128,40,195"
1518,"197,60,23"
1519,"3,28,301"
1520,"23,74,118"
1521,"43,24,23"
1522,"3,21,340"
1523,"49,24,23"
1524,"10,64,80"
1525,"11,69,109"
1526,"49,24,23"
1527,"64,10"
1528,"0,216,211"
1529,"38,23,39"
1530,"169,281,170"
1531,"220,10"
1532,"10,43,23"
1533,"24,23,10"
1534,"72,145,44"
1535,"24,25,23"
1536,"380,0,216"
1537,"417,296,169"
1538,"0,271,265"
1539,"3,15,16"
1540,"23,38,91"
1541,"3,53,340"
1542,"3,147,21"
1543,"138,40,135"
1544,"10,60,44"
1545,"128,40,129"
1546,"139,40,153"
1547,"234,21,60"
1548,"402,145,40"
1549,"64,10,448"
1550,"0,208,216"
1551,"3,435,4"
1552,"118,74,23"
1553,"3,4,435"
1554,"3,111,474"
1555,"3,271,0"
1556,"0,271,291"
1557,"3,53,523"
1558,"25,24,23"
1559,"145,10,181"
1560,"296,169"
1561,"10,64,65"
1562,"3,474,111"
1563,"63,38,23"
1564,"21,115,3"
1565,"138,135,40"
1566,"145,24,44"
1567,"0,457,218"
1568,"24,38,71"
1569,"8,0,206"
1570,"64,10,90"
1571,"73,44,145"
1572,"3,17"
1573,"296,169,306"
1574,"10,54"
1575,"25,24,23"
1576,"23,137,38"
1577,"3,147,148"
1578,"128,40,129"
1579,"0,291,271"
1580,"3,104,187"
1581,"3,401"
1582,"64,93,10"
1583,"169,417,296"
1584,"3,21"
1585,"40,135,250"
1586,"64,296,89"
1587,"3,21,301"
1588,"323,170,199"
1589,"74,23,317"
1590,"40,186,128"
1591,"45,44,145"
1592,"296,337,260"
1593,"171,170,199"
1594,"24,23,43"
1595,"171,199,170"
1596,"195,0,40"
1597,"3,147,217"
1598,"3,5,133"
1599,"145,44,72"
1600,"24,23,49"
1601,"40,128,186"
1602,"64,89,10"
1603,"10,11,205"
1604,"0,111,428"
1605,"3,111,147"
1606,"40,160,41"
1607,"296,169,23"
1608,"184,169,40"
1609,"3,16,15"
1610,"49,24,23"
1611,"40,128,186"
1612,"137,23,38"
1613,"3,21"
1614,"281,169,199"
1615,"3,301,21"
1616,"271,0,291"
1617,"23,8,0"
1618,"3,305,21"
1619,"220,10"
1620,"53,287,3"
1621,"259,426,311"
1622,"40,431,135"
1623,"169,296"
1624,"0,271,277"
1625,"23,26,80"
1626,"265,418,0"
1627,"74,118,23"
1628,"40,41,286"
1629,"131,40,134"
1630,"23,10,145"
1631,"40,402,131"
1632,"0,218,49"
1633,"3,111,21"
1634,"80,145,10"
1635,"0,484,249"
1636,"23,3,53"
1637,"0,271,265"
1638,"3,435,4"
1639,"131,40,193"
1640,"169,287,281"
1641,"3,182,21"
1642,"3,34,263"
1643,"10,489,60"
1644,"145,181,40"
1645,"0,271,397"
1646,"93,64,10"
1647,"40,34,143"
1648,"60,23,197"
1649,"169,296,23"
1650,"64,10,93"
1651,"265,0,340"
1652,"3,5"
1653,"0,216,380"
1654,"3,21,301"
1655,"3,156,147"
1656,"49,23,24"
1657,"260,169,170"
1658,"3,148,147"
1659,"44,45,145"
1660,"96,31,23"
1661,"5,0,169"
1662,"128,130,40"
1663,"40,134,131"
1664,"3,4,435"
1665,"145,40,44"
1666,"40,139"
1667,"72,44,145"
1668,"113,3,28"
1669,"40,131,134"
1670,"0,265,418"
1671,"44,145,45"
1672,"287,169,3"
1673,"287,53,3"
1674,"53,3,287"
1675,"43,24,23"
1676,"0,271,291"
1677,"448,64,296"
1678,"346,313,0"
1679,"3,111,119"
1680,"24,43,23"
1681,"0,255"
1682,"0,8,206"
1683,"3,182,21"
1684,"3,21,164"
1685,"0,277,444"
1686,"3,182,21"
1687,"40,3,315"
1688,"3,21"
1689,"131,40"
1690,"367,100,40"
1691,"3,21,187"
1692,"251,337,296"
1693,"3,111,148"
1694,"0,216"
1695,"317,23,74"
1696,"24,25,23"
1697,"128,40"
1698,"3,523,53"
1699,"40,21,3"
1700,"10,12,11"
1701,"3,85,121"
1702,"3,21,182"
1703,"0,265,349"
1704,"234,60,21"
1705,"3,523,53"
1706,"3,203,147"
1707,"0,271,291"
1708,"135,169,40"
1709,"40,184,151"
1710,"61,60,10"
1711,"0,444,271"
1712,"402,40,145"
1713,"0,446,169"
1714,"3,523,53"
1715,"171,199,170"
1716,"15,16,3"
1717,"0,271,455"
1718,"337,311,296"
1719,"0,23,481"
1720,"40,131,406"
1721,"43,23,24"
1722,"11,10,145"
1723,"145,40,44"
1724,"40,128"
1725,"220,10"
1726,"26,23,231"
1727,"23,38,74"
1728,"69,23,44"
1729,"0,218,512"
1730,"3,21,187"
1731,"199,323,170"
1732,"170,169,459"
1733,"64,10,93"
1734,"3,21,127"
1735,"0,265,271"
1736,"145,44,45"
1737,"17,320,3"
1738,"93,23,43"
1739,"3,320,128"
1740,"3,21"
1741,"3,21,182"
1742,"0,216,257"
1743,"0,271,337"
1744,"48,3,30"
1745,"3,127,21"
1746,"3,40,21"
1747,"3,52,51"
1748,"89,26,23"
1749,"64,10,80"
1750,"10,64"
1751,"290,31,23"
1752,"0,89,26"
1753,"271,0,291"
1754,"145,323,170"
1755,"40,431,135"
1756,"40,128,250"
1757,"23,38,24"
1758,"313,346,0"
1759,"23,74,118"
1760,"309,38,23"
1761,"3,301,21"
1762,"44,145,45"
1763,"169,170,260"
1764,"220,10,221"
1765,"40,3,41"
1766,"135,138,40"
1767,"0,271"
1768,"3,21,301"
1769,"3,21,182"
1770,"3,379,21"
1771,"0,8"
1772,"3,21,182"
1773,"21,3,128"
1774,"11,10,489"
1775,"40,169,199"
1776,"64,10,448"
1777,"3,111"
1778,"21,3,41"
1779,"21,3,301"
1780,"169,436,199"
1781,"0,311,426"
1782,"271,0,280"
1783,"40,243,184"
1784,"129,128,328"
1785,"184,40,170"
1786,"23,418,265"
1787,"40,24,145"
1788,"40,160,315"
1789,"281,169,199"
1790,"307,40,189"
1791,"10,220"
1792,"24,23,38"
1793,"145,44,10"
1794,"386,40,135"
1795,"0,254,271"
1796,"23,38,89"
1797,"24,10,25"
1798,"23,40,38"
1799,"3,21,48"
1800,"96,31,23"
1801,"271,291,0"
1802,"3,187,21"
1803,"24,59,23"
1804,"24,71,74"
1805,"0,235"
1806,"3,281,21"
1807,"24,49,23"
1808,"40,21,127"
1809,"8,405,32"
1810,"31,258,169"
1811,"113,3,28"
1812,"3,5"
1813,"10,220"
1814,"428,169,230"
1815,"25,24,23"
1816,"224,41,40"
1817,"3,40,42"
1818,"40,181"
1819,"287,53,3"
1820,"44,145,45"
1821,"118,74,23"
1822,"3,182,21"
1823,"23,26,350"
1824,"3,40,21"
1825,"0,23,24"
1826,"40,145,54"
1827,"10,145,80"
1828,"3,21,301"
1829,"171,199,170"
1830,"508,426,169"
1831,"0,1,277"
1832,"0,366,271"
1833,"3,474"
1834,"337,311,426"
1835,"0,346,313"
1836,"96,31,60"
1837,"145,40,44"
1838,"523,53,3"
1839,"0,271,208"
1840,"40,128,162"
1841,"3,21"
1842,"3,182,21"
1843,"0,265,40"
1844,"0,216,380"
1845,"24,25,23"
1846,"40,494,184"
1847,"40,23"
1848,"0,271"
1849,"3,15,16"
1850,"16,3,15"
1851,"10,72,44"
1852,"111,119,3"
1853,"13,3,40"
1854,"64,10,93"
1855,"0,8,405"
1856,"0,206,8"
1857,"40,128"
1858,"41,201,40"
1859,"0,349,265"
1860,"40,23,162"
1861,"40,135"
1862,"350,26,23"
1863,"64,10,93"
1864,"32,31,23"
1865,"134,40,131"
1866,"0,255,271"
1867,"508,426,169"
1868,"241,40,131"
1869,"0,8,206"
1870,"40,315,160"
1871,"0,265,271"
1872,"32,31,23"
1873,"0,265"
1874,"145,24,44"
1875,"241,131,40"
1876,"128,129,40"
1877,"43,24,23"
1878,"3,21,301"
1879,"0,346,313"
1880,"370,216,0"
1881,"323,199,170"
1882,"10,64,233"
1883,"118,74,23"
1884,"3,40,311"
1885,"3,15"
1886,"3,153,53"
1887,"199,170,323"
1888,"10,64,93"
1889,"3,156,147"
1890,"118,74,23"
1891,"16,15,3"
1892,"0,271,255"
1893,"220,10,242"
1894,"23,38,309"
1895,"0,206,8"
1896,"25,24,23"
1897,"26,64,10"
1898,"3,4,176"
1899,"0,346,313"
1900,"40,135,250"
1901,"3,17,18"
1902,"3,111,53"
1903,"3,21,301"
1904,"17,320,3"
1905,"523,3,53"
1906,"0,271,291"
1907,"3,111,284"
1908,"3,53,21"
1909,"3,4,435"
1910,"25,24,23"
1911,"220,10"
1912,"128,40,195"
1913,"3,85,388"
1914,"169,281,199"
1915,"0,271,280"
1916,"3,147,148"
1917,"0,271,456"
1918,"0,271"
1919,"426,259,311"
1920,"74,23,118"
1921,"64,10,448"
1922,"23,118,74"
1923,"3,435,4"
1924,"40,41,42"
1925,"3,4"
1926,"3,188"
1927,"0,8,308"
1928,"312,169,311"
1929,"3,5,6"
1930,"44,145,72"
1931,"23,24,38"
1932,"0,271,291"
1933,"3,147,111"
1934,"220,10,221"
1935,"118,74,23"
1936,"337,426,0"
1937,"41,286,40"
1938,"3,301,21"
1939,"508,426,169"
1940,"43,24,23"
1941,"0,8,446"
1942,"271,0,456"
1943,"300,169,296"
1944,"31,145,328"
1945,"40,23,74"
1946,"23,283,74"
1947,"74,165,23"
1948,"10,220"
1949,"69,44,10"
1950,"74,23,165"
1951,"54,95,10"
1952,"199,169"
1953,"3,4,435"
1954,"10,220"
1955,"41,3,286"
1956,"64,10,80"
1957,"3,85,293"
1958,"3,148,147"
1959,"0,291,271"
1960,"0,380,216"
1961,"3,474,111"
1962,"220,10,221"
1963,"93,64,10"
1964,"169,296,0"
1965,"49,23,24"
1966,"10,489,60"
1967,"317,74,23"
1968,"64,93,10"
1969,"271,280,0"
1970,"38,309,23"
1971,"220,24,10"
1972,"10,220"
1973,"0,3,38"
1974,"220,10"
1975,"0,265,340"
1976,"280,271,255"
1977,"23,105,53"
1978,"0,271,291"
1979,"0,206,8"
1980,"181,23,24"
1981,"3,435,111"
1982,"64,10,80"
1983,"3,275,111"
1984,"0,235,8"
1985,"181,40,145"
1986,"0,216"
1987,"0,313,346"
1988,"406,40,131"
1989,"25,24,23"
1990,"3,5,331"
1991,"197,23,145"
1992,"3,85,21"
1993,"3,13"
1994,"3,21,182"
1995,"459,118,74"
1996,"508,426,169"
1997,"259,426,311"
1998,"426,334,259"
1999,"64,448,10"
2000,"0,265,8"
2001,"40,181,323"
2002,"41,42,40"
2003,"145,44,45"
2004,"3,263,34"
2005,"311,337,426"
2006,"23,404,111"
2007,"0,169,8"
2008,"10,90,64"
2009,"234,60,21"
2010,"259,426,311"
2011,"291,271,0"
2012,"448,10,64"
2013,"280,255,0"
2014,"0,265,271"
2015,"0,8,206"
2016,"199,323,170"
2017,"40,186,243"
2018,"107,23,38"
2019,"220,10"
2020,"337,0,265"
2021,"3,21,127"
2022,"3,301,21"
2023,"3,523,53"
2024,"40,194,41"
2025,"169,199"
2026,"3,301,21"
2027,"26,89,23"
2028,"0,271,279"
2029,"10,72,145"
2030,"131,40,134"
2031,"145,38,40"
2032,"0,418,291"
2033,"24,23,43"
2034,"42,41,40"
2035,"311,0,337"
2036,"38,23,39"
2037,"5,3,6"
2038,"21,187,3"
2039,"221,10,220"
2040,"311,337,426"
2041,"3,187,21"
2042,"138,40,135"
2043,"0,265,418"
2044,"0,271,216"
2045,"0,265,3"
2046,"145,402,44"
2047,"169,459"
2048,"11,205,10"
2049,"123,111,3"
2050,"44,145,45"
2051,"169,311,199"
2052,"281,199,169"
2053,"40,146,145"
2054,"32,31,23"
2055,"64,10,93"
2056,"171,199,170"
2057,"0,456,271"
2058,"3,40,17"
2059,"40,41,224"
2060,"32,23,31"
2061,"3,21"
2062,"3,17"
2063,"145,44,45"
2064,"40,145,181"
2065,"337,311,426"
2066,"169,23,24"
2067,"10,64"
2068,"4,3,435"
2069,"49,24,23"
2070,"64,10,80"
2071,"3,21,17"
2072,"3,301,21"
2073,"71,38,24"
2074,"523,53,3"
2075,"74,23,40"
2076,"96,31,23"
2077,"147,148,3"
2078,"323,170,199"
2079,"259,426,311"
2080,"0,277,265"
2081,"160,40,315"
2082,"0,23,8"
2083,"0,271"
2084,"169,199,343"
2085,"251,337,296"
2086,"259,426,311"
2087,"40,41,215"
2088,"40,248,170"
2089,"0,265,344"
2090,"350,26,23"
2091,"0,492,271"
2092,"3,5,331"
2093,"0,218,265"
2094,"32,31,23"
2095,"0,235,453"
2096,"0,254"
2097,"40,241,131"
2098,"10,239,60"
2099,"296,10,437"
2100,"145,38,23"
2101,"3,21,169"
2102,"112,111,3"
2103,"40,431,135"
2104,"10,64,90"
2105,"128,40,129"
2106,"24,38,145"
2107,"171,199,170"
2108,"3,147"
2109,"220,10,0"
2110,"259,426,311"
2111,"40,41"
2112,"0,213,214"
2113,"64,10,93"
2114,"128,175,23"
2115,"271,0,456"
2116,"3,147,120"
2117,"0,265,271"
2118,"44,73,145"
2119,"23,0,145"
2120,"145,402,40"
2121,"0,350,313"
2122,"40,131,406"
2123,"40,23,145"
2124,"199,43,40"
2125,"49,24,23"
2126,"10,12,11"
2127,"3,156,147"
2128,"0,257,216"
2129,"53,5,0"
2130,"69,44,145"
2131,"40,175,23"
2132,"64,10,93"
2133,"30,3,48"
2134,"10,64,93"
2135,"224,41,111"
2136,"0,271,291"
2137,"25,24,402"
2138,"40,139,135"
2139,"3,435,4"
2140,"21,3,124"
2141,"40,131,406"
2142,"23,63,38"
2143,"3,28"
2144,"49,24,23"
2145,"181,145,40"
2146,"169,230,296"
2147,"0,271,291"
2148,"220,10"
2149,"418,265,24"
2150,"0,240,8"
2151,"93,64,10"
2152,"3,21"
2153,"40,131,241"
2154,"0,391,8"
2155,"3,301,21"
2156,"23,62,24"
2157,"93,181,64"
2158,"367,40,100"
2159,"40,145,402"
2160,"0,8,87"
2161,"3,0,28"
2162,"10,220"
2163,"3,111,119"
2164,"74,84,23"
2165,"171,199,170"
2166,"10,25,220"
2167,"74,317,243"
2168,"40,131,41"
2169,"323,199,170"
2170,"0,308,8"
2171,"315,160,40"
2172,"3,21,168"
2173,"184,40,243"
2174,"3,51,208"
2175,"291,271,0"
2176,"3,48,21"
2177,"23,350,26"
2178,"71,38,24"
2179,"3,17"
2180,"43,24,23"
2181,"40,131,241"
2182,"0,291,271"
2183,"0,271,313"
2184,"0,8,457"
2185,"3,156,147"
2186,"3,21,127"
2187,"40,160,423"
2188,"24,23,43"
2189,"3,169,287"
2190,"3,21,187"
2191,"145,40,31"
2192,"44,145,45"
2193,"3,17,320"
2194,"3,426,311"
2195,"311,426,337"
2196,"0,340,265"
2197,"40,131,241"
2198,"326,10,105"
2199,"281,169,199"
2200,"139,40,153"
2201,"271,0,429"
2202,"10,64,448"
2203,"171,170,199"
2204,"49,23,24"
2205,"281,169,199"
2206,"3,53,523"
2207,"291,0,271"
2208,"0,313,346"
2209,"40,169"
2210,"23,74,118"
2211,"0,380,216"
2212,"3,156,147"
2213,"3,13,122"
2214,"23,131,38"
2215,"195,40,128"
2216,"3,182,53"
2217,"40,131,406"
2218,"220,10"
2219,"0,265"
2220,"25,24,23"
2221,"40,131,406"
2222,"96,31,23"
2223,"145,402,10"
2224,"71,38,24"
2225,"3,4,133"
2226,"21,3,305"
2227,"25,23,24"
2228,"0,8,206"
2229,"426,0,337"
2230,"93,10,64"
2231,"10,220"
2232,"24,71,38"
2233,"145,45,44"
2234,"11,10,12"
2235,"402,145,40"
2236,"220,23,25"
2237,"0,8,391"
2238,"220,10"
2239,"0,265,349"
2240,"3,5,331"
2241,"49,23,60"
2242,"3,435,4"
2243,"3,30,66"
2244,"64,10,80"
2245,"402,40,145"
2246,"500,3,21"
2247,"220,10,23"
2248,"23,43,24"
2249,"145,40,402"
2250,"40,128,130"
2251,"3,17,111"
2252,"3,156,147"
2253,"220,10,221"
2254,"3,21,40"
2255,"69,44,145"
2256,"17,3,320"
2257,"0,444,235"
2258,"0,444,271"
2259,"220,10"
2260,"38,10,23"
2261,"0,23,169"
2262,"10,11"
2263,"138,135,40"
2264,"372,0,255"
2265,"139,40,153"
2266,"169,170,260"
2267,"11,10,12"
2268,"216,208,212"
2269,"10,64,93"
2270,"3,21"
2271,"508,251,426"
2272,"40,135,160"
2273,"3,4,435"
2274,"3,15,16"
2275,"337,426,311"
2276,"402,145,40"
2277,"169,312"
2278,"3,21,301"
2279,"0,218,512"
2280,"0,279,249"
2281,"24,23,43"
2282,"169,426,312"
2283,"23,26,89"
2284,"460,296,169"
2285,"0,265,340"
2286,"5,3,133"
2287,"3,147,203"
2288,"3,15,16"
2289,"10,220"
2290,"3,5,21"
2291,"138,135,40"
2292,"3,21"
2293,"118,74,23"
2294,"0,271,291"
2295,"205,11,10"
2296,"220,10"
2297,"3,21"
2298,"25,24,23"
2299,"459,169,170"
2300,"0,271,265"
2301,"3,23,30"
2302,"317,74,23"
2303,"236,3,40"
2304,"311,3"
2305,"3,53,15"
2306,"0,340,271"
2307,"40,186,128"
2308,"346,313,0"
2309,"17,320,3"
2310,"402,145,10"
2311,"0,8,235"
2312,"3,21"
2313,"199,323,170"
2314,"25,24,23"
2315,"23,10"
2316,"23,89,26"
2317,"24,49,23"
2318,"23,25,40"
2319,"0,265,349"
2320,"3,523,53"
2321,"426,508,62"
2322,"0,271,291"
2323,"0,216"
2324,"169,281,277"
2325,"0,255,319"
2326,"0,216"
2327,"23,26,89"
2328,"40,145,402"
2329,"40,186,128"
2330,"32,31,23"
2331,"0,271,291"
2332,"169,0"
2333,"44,145,45"
2334,"291,0,271"
2335,"23,26,350"
2336,"160,40,302"
2337,"220,10"
2338,"3,331,4"
2339,"3,4,19"
2340,"118,74,23"
2341,"402,145,40"
2342,"523,3,53"
2343,"24,23,38"
2344,"431,40,135"
2345,"28,3,113"
2346,"118,23,74"
2347,"10,220"
2348,"3,17,52"
2349,"169,343,199"
2350,"10,64"
2351,"234,60,21"
2352,"3,53,287"
2353,"220,10"
2354,"0,265,344"
2355,"69,44,145"
2356,"3,21,187"
2357,"171,170,199"
2358,"281,259,311"
2359,"25,24,23"
2360,"0,265,273"
2361,"145,40,402"
2362,"337,426,311"
2363,"40,224,41"
2364,"21,115,3"
2365,"129,128,40"
2366,"10,220"
2367,"40,250,135"
2368,"74,165,23"
2369,"44,72,145"
2370,"3,523,53"
2371,"23,26,89"
2372,"32,31,23"
2373,"24,25,23"
2374,"10,220"
2375,"145,402,40"
2376,"3,21,53"
2377,"145,402,40"
2378,"3,16,15"
2379,"145,44,45"
2380,"0,214,213"
2381,"0,265,349"
2382,"127,21,40"
2383,"3,111,112"
2384,"478,40,145"
2385,"3,52,51"
2386,"131,40,241"
2387,"169,170,436"
2388,"145,44,45"
2389,"23,296,38"
2390,"3,85"
2391,"234,60,10"
2392,"171,170,199"
2393,"156,147,3"
2394,"419,11,145"
2395,"40,100,194"
2396,"25,24,23"
2397,"45,44,145"
2398,"171,199,170"
2399,"224,40,41"
2400,"25,24,23"
2401,"49,24,23"
2402,"3,337,21"
2403,"0,216,277"
2404,"3,21"
2405,"145,181,40"
2406,"40,164,3"
2407,"44,145"
2408,"24,23,43"
2409,"145,44,45"
2410,"23,197,10"
2411,"40,500"
2412,"3,147,455"
2413,"41,224,40"
2414,"44,145,69"
2415,"3,15"
2416,"118,74,23"
2417,"64,10,93"
2418,"145,402,24"
2419,"64,10,93"
2420,"187,3,21"
2421,"24,43,23"
2422,"3,15,16"
2423,"3,21,301"
2424,"3,4"
2425,"64,10,80"
2426,"3,182,21"
2427,"0,337,291"
2428,"118,74,23"
2429,"506,0"
2430,"0,89,23"
2431,"129,128,40"
2432,"0,255,372"
2433,"349,265,0"
2434,"147,3,148"
2435,"41,42,40"
2436,"281,199,169"
2437,"23,26,38"
2438,"169,426,170"
2439,"3,147"
2440,"72,145,44"
2441,"0,8,206"
2442,"93,64,10"
2443,"3,30,104"
2444,"131,40,241"
2445,"40,151,152"
2446,"43,23,24"
2447,"231,26,23"
2448,"131,40,241"
2449,"10,220"
2450,"311,169,3"
2451,"0,8,391"
2452,"40,128,195"
2453,"138,135,40"
2454,"127,21,3"
2455,"0,271,291"
2456,"128,40,129"
2457,"171,170,199"
2458,"169,296,3"
2459,"69,44,145"
2460,"3,21,53"
2461,"60,10,145"
2462,"85,3,86"
2463,"3,523,53"
2464,"10,64,93"
2465,"0,339,337"
2466,"40,145,402"
2467,"337,251,296"
2468,"10,220"
2469,"96,31"
2470,"64,10,80"
2471,"220,10"
2472,"40,128"
2473,"3,17,320"
2474,"40,128"
2475,"428,3,169"
2476,"3,21"
2477,"170,323,145"
2478,"3,68,53"
2479,"3,111,267"
2480,"32,31,23"
2481,"259,135,40"
2482,"10,489,64"
2483,"3,53,17"
2484,"24,49,23"
2485,"169,199,170"
2486,"0,216,249"
2487,"0,265,349"
2488,"508,169,40"
2489,"3,111,21"
2490,"3,21,17"
2491,"0,271,313"
2492,"0,271,255"
2493,"45,145,44"
2494,"211,0,216"
2495,"220,10"
2496,"40,139,128"
2497,"23,137"
2498,"241,40,131"
2499,"0,169,23"
2500,"170,169"
2501,"21,3,301"
2502,"0,291,271"
2503,"0,53,3"
2504,"40,131"
2505,"0,8,313"
2506,"40,128,129"
2507,"3,301,21"
2508,"508,426,169"
2509,"44,72,145"
2510,"43,24,23"
2511,"40,3,41"
2512,"0,271,291"
2513,"129,128,40"
2514,"64,10,93"
2515,"3,21"
2516,"145,402,40"
2517,"43,23,24"
2518,"145,40,10"
2519,"134,131,40"
2520,"145,44,45"
2521,"3,523,53"
2522,"3,301,21"
2523,"311,259,426"
2524,"61,10,60"
2525,"370,216,0"
2526,"23,24,43"
2527,"39,38,23"
2528,"54,145,10"
2529,"0,8,308"
2530,"143,34,3"
2531,"31,454,23"
2532,"0,206,8"
2533,"251,296,337"
2534,"313,346,0"
2535,"40,135,141"
2536,"3,320,17"
2537,"181,145,40"
2538,"3,115,21"
2539,"3,111,53"
2540,"69,44,145"
2541,"21,3,124"
2542,"0,271,346"
2543,"40,224,41"
2544,"0,271"
2545,"40,131,241"
2546,"24,25,265"
2547,"115,21,3"
2548,"0,455,8"
2549,"350,26,23"
2550,"169,374,170"
2551,"64,10,80"
2552,"138,135,40"
2553,"38,23,0"
2554,"12,11,10"
2555,"3,4,435"
2556,"64,10,80"
2557,"3,28,53"
2558,"170,199,171"
2559,"40,160,315"
2560,"10,54,145"
2561,"3,111"
2562,"337,0,485"
2563,"0,291,271"
2564,"40,186,128"
2565,"323,170,199"
2566,"40,241,131"
2567,"3,119,111"
2568,"512,218,13"
2569,"220,10"
2570,"255,0,280"
2571,"3,28,29"
2572,"239,10,60"
2573,"38,23,91"
2574,"105,495,40"
2575,"25,24,23"
2576,"3,53,523"
2577,"49,24,23"
2578,"3,164,21"
2579,"3,10,23"
2580,"454,31,23"
2581,"220,10"
2582,"0,265,327"
2583,"186,40,128"
2584,"3,113,28"
2585,"296,169"
2586,"40,23,24"
2587,"3,111,284"
2588,"523,53,3"
2589,"23,10,25"
2590,"3,15,16"
2591,"0,271"
2592,"40,135,21"
2593,"10,220,143"
2594,"3,331,5"
2595,"0,271,291"
2596,"296,508,336"
2597,"131,40,241"
2598,"40,186,128"
2599,"0,8,206"
2600,"334,160,74"
2601,"279,249,0"
2602,"40,131"
2603,"40,131,241"
2604,"3,320,17"
2605,"26,23,0"
2606,"0,271,291"
2607,"74,84,23"
2608,"350,26,23"
2609,"138,40,135"
2610,"43,24,23"
2611,"0,271,456"
2612,"49,23,24"
2613,"145,40,73"
2614,"23,74"
2615,"40,41,286"
2616,"24,43,23"
2617,"10,64,90"
2618,"0,271"
2619,"169,343,426"
2620,"309,250,38"
2621,"0,271,456"
2622,"181,323,40"
2623,"3,15,16"
2624,"3,523,53"
2625,"0,265,340"
2626,"40,241,131"
2627,"21,3,301"
2628,"145,40,502"
2629,"0,457,218"
2630,"454,31,23"
2631,"128,40,130"
2632,"3,21,127"
2633,"181,145,40"
2634,"164,21,3"
2635,"199,323,170"
2636,"40,402,145"
2637,"3,53,21"
2638,"105,3"
2639,"3,147,156"
2640,"43,24,23"
2641,"406,40,131"
2642,"146,40,145"
2643,"169,343,199"
2644,"3,111,184"
2645,"3,81,30"
2646,"426,311,337"
2647,"3,301,21"
2648,"0,271,291"
2649,"265,0,349"
2650,"74,317,23"
2651,"3,111,119"
2652,"64,10,80"
2653,"17,3,320"
2654,"131,40"
2655,"64,10,93"
2656,"131,40,241"
2657,"74,165,23"
2658,"64,10,80"
2659,"220,10"
2660,"4,3,19"
2661,"3,21,187"
2662,"3,28,523"
2663,"24,43,23"
2664,"184,34,143"
2665,"350,23,26"
2666,"3,21"
2667,"3,147,156"
2668,"275,3,111"
2669,"43,24,23"
2670,"31,23"
2671,"489,10,60"
2672,"3,5,6"
2673,"31,454,426"
2674,"145,45,44"
2675,"111,3"
2676,"40,131,406"
2677,"3,127"
2678,"3,21,111"
2679,"3,13,14"
2680,"265,0,340"
2681,"0,271,311"
2682,"350,26,23"
2683,"3,523,53"
2684,"0,277,458"
2685,"10,64,90"
2686,"3,435,4"
2687,"199,170,323"
2688,"3,21,187"
2689,"40,41,111"
2690,"40,3,21"
2691,"169,199,281"
2692,"131,40,241"
2693,"40,74,23"
2694,"3,187,21"
2695,"494,184,40"
2696,"118,23,74"
2697,"64,10,448"
2698,"3,0,23"
2699,"40,241,131"
2700,"224,40,41"
2701,"3,301,21"
2702,"10,220"
2703,"3,51,52"
2704,"224,40,41"
2705,"259,426,311"
2706,"145,10,40"
2707,"0,265,426"
2708,"0,208,229"
2709,"426,169,199"
2710,"3,21,182"
2711,"309,23,38"
2712,"271,0,291"
2713,"64,10"
2714,"3,53,110"
2715,"169,311,337"
2716,"0,8"
2717,"427,3,182"
2718,"296,0,169"
2719,"259,426,311"
2720,"145,40,402"
2721,"0,218,23"
2722,"0,271,360"
2723,"311,337,169"
2724,"49,24,23"
2725,"456,271,0"
2726,"21,3,301"
2727,"23,24,170"
2728,"220,10,23"
2729,"0,296,337"
2730,"40,131,241"
2731,"3,21,34"
2732,"118,74,23"
2733,"145,146,40"
2734,"10,64,93"
2735,"145,44,40"
2736,"419,10,11"
2737,"3,203,147"
2738,"169,199,311"
2739,"220,10,221"
2740,"40,135,169"
2741,"40,145,10"
2742,"40,135,250"
2743,"23,118,74"
2744,"3,147,148"
2745,"49,24,23"
2746,"10,90,64"
2747,"40,160,315"
2748,"40,131,241"
2749,"32,31,23"
2750,"24,23,62"
2751,"250,40,135"
2752,"3,111,119"
2753,"3,53,467"
2754,"181,145,24"
2755,"64,10,80"
2756,"271,0,255"
2757,"23,74,118"
2758,"220,10"
2759,"10,220"
2760,"3,164,21"
2761,"0,8,206"
2762,"74,118,23"
2763,"220,10,221"
2764,"3,21,164"
2765,"0,291,349"
2766,"40,128"
2767,"28,10,40"
2768,"160,40,315"
2769,"40,160"
2770,"259,311,426"
2771,"234,60,10"
2772,"40,131,134"
2773,"10,239,24"
2774,"3,147,111"
2775,"10,11,23"
2776,"128,40,175"
2777,"3,4,13"
2778,"0,2,1"
2779,"0,24,23"
2780,"3,21,199"
2781,"0,8,235"
2782,"0,214,213"
2783,"145,45,44"
2784,"3,17,34"
2785,"10,220"
2786,"49,23,24"
2787,"118,74,23"
2788,"337,426,311"
2789,"74,23,128"
2790,"241,131,40"
2791,"40,131,406"
2792,"3,169,111"
2793,"259,311,426"
2794,"3,147,203"
2795,"40,41,250"
2796,"40,128,130"
2797,"0,271,291"
2798,"3,21"
2799,"0,405,8"
2800,"0,8,40"
2801,"281,169,199"
2802,"10,64,80"
2803,"241,131,40"
2804,"26,23,0"
2805,"23,24,49"
2806,"128,40,186"
2807,"21,3,115"
2808,"402,145,40"
2809,"64,10,80"
2810,"0,206,8"
2811,"3,4,40"
2812,"0,271,277"
2813,"64,93,10"
2814,"3,21,23"
2815,"113,28,3"
2816,"251,296,337"
2817,"23,105,3"
2818,"17,3,320"
2819,"169,427,53"
2820,"13,204,3"
2821,"3,111,176"
2822,"32,31,23"
2823,"296,169"
2824,"337,426,311"
2825,"64,10,93"
2826,"3,53,523"
2827,"0,455,195"
2828,"38,71,24"
2829,"0,446,218"
2830,"3,111,123"
2831,"128,40,130"
2832,"89,26,23"
2833,"40,129,128"
2834,"251,337,296"
2835,"3,21,301"
2836,"118,74,23"
2837,"44,145,45"
2838,"169,260,170"
2839,"171,199,170"
2840,"3,187,21"
2841,"40,131,134"
2842,"44,145,11"
2843,"311,53,3"
2844,"3,111,4"
2845,"3,52,51"
2846,"64,93,10"
2847,"3,40,10"
2848,"277,0,458"
2849,"220,10"
2850,"296,169,428"
2851,"17,320,3"
2852,"23,74,303"
2853,"138,135,40"
2854,"74,23,283"
2855,"3,0,51"
2856,"169,339,337"
2857,"53,523,23"
2858,"0,265,3"
2859,"40,131,241"
2860,"169,3,199"
2861,"89,23,26"
2862,"3,447,34"
2863,"3,21,301"
2864,"4,3,435"
2865,"131,40,406"
2866,"23,309,38"
2867,"3,0,4"
2868,"345,170,199"
2869,"23,25,24"
2870,"0,271,360"
2871,"40,406,131"
2872,"64,10,93"
2873,"216,0,211"
2874,"138,135,40"
2875,"346,313,0"
2876,"40,131,241"
2877,"24,23,10"
2878,"0,346,313"
2879,"435,3,4"
2880,"0,456,271"
2881,"181,145,23"
2882,"171,199"
2883,"3,4,19"
2884,"0,218,265"
2885,"220,10"
2886,"3,4,435"
2887,"456,271,0"
2888,"23,24,47"
2889,"44,145,45"
2890,"10,54,40"
2891,"40,135"
2892,"3,147,148"
2893,"0,271,23"
2894,"23,74,165"
2895,"49,24,23"
2896,"349,0,265"
2897,"10,93,64"
2898,"3,13"
2899,"165,74,23"
2900,"40,131,406"
2901,"3,15,16"
2902,"402,145,40"
2903,"0,265,340"
2904,"205,11,0"
2905,"3,34,143"
2906,"0,206,8"
2907,"124,3,21"
2908,"3,147,156"
2909,"23,62,24"
2910,"23,38,74"
2911,"0,308,8"
2912,"0,311,426"
2913,"129,40,128"
2914,"0,291,271"
2915,"170,199,323"
2916,"0,271,342"
2917,"220,10"
2918,"323,199,170"
2919,"0,271,488"
2920,"64,10,93"
2921,"40,131,406"
2922,"3,156,147"
2923,"40,160,41"
2924,"40,160,169"
2925,"259,426,311"
2926,"3,57,144"
2927,"169,199"
2928,"40,160,315"
2929,"40,10,402"
2930,"128,40,129"
2931,"24,23,43"
2932,"23,91,38"
2933,"281,199,3"
2934,"10,54,322"
2935,"3,19,207"
2936,"3,523,21"
2937,"3,367,435"
2938,"93,64,10"
2939,"3,48,21"
2940,"145,402,40"
2941,"3,325,265"
2942,"40,135,386"
2943,"23,181,145"
2944,"40,224,41"
2945,"40,135,74"
2946,"72,10,145"
2947,"74,23,303"
2948,"0,308,8"
2949,"40,184,131"
2950,"3,147,148"
2951,"339,169,337"
2952,"494,184,40"
2953,"386,40"
2954,"44,145,72"
2955,"10,60,23"
2956,"3,147,203"
2957,"205,11,10"
2958,"40,0,23"
2959,"0,265"
2960,"3,435,4"
2961,"96,31,23"
2962,"171,199,170"
2963,"418,265,0"
2964,"0,366,271"
2965,"23,24,25"
2966,"40,131,406"
2967,"10,64,90"
2968,"24,23,49"
2969,"49,23,24"
2970,"40,128,129"
2971,"0,229"
2972,"0,44"
2973,"0,206,8"
2974,"3,21,108"
2975,"523,3,53"
2976,"3,21,41"
2977,"64,10,93"
2978,"3,301,21"
2979,"40,162,163"
2980,"10,220,265"
2981,"402,40,145"
2982,"40,41"
2983,"145,40"
2984,"74,23,317"
2985,"0,40,346"
2986,"216,145,481"
2987,"40,160,315"
2988,"308,8,0"
2989,"10,40,54"
2990,"3,21"
2991,"44,10,145"
2992,"32,23,31"
2993,"145,44,40"
2994,"23,170,24"
2995,"220,10"
2996,"81,3,30"
2997,"40,21,127"
2998,"40,155,23"
2999,"40,41,131"
3000,"23,24,26"
3001,"3,15,46"
3002,"10,11,69"
3003,"23,26"
3004,"296,169,306"
3005,"3,331,210"
3006,"0,277,458"
3007,"135,138,40"
3008,"32,23,31"
3009,"40,41,42"
3010,"523,3,53"
3011,"44,145"
3012,"3,21,169"
3013,"10,64,80"
3014,"0,265,349"
3015,"40,3,13"
3016,"23,0,25"
3017,"169,508,296"
3018,"3,61,53"
3019,"0,24,38"
3020,"3,21,164"
3021,"13,3,14"
3022,"402,40,145"
3023,"402,40,145"
3024,"3,168,53"
3025,"40,128,130"
3026,"32,31,23"
3027,"64,10,80"
3028,"337,251,296"
3029,"13,3"
3030,"0,216,279"
3031,"62,508,24"
3032,"3,305,21"
3033,"0,271,456"
3034,"38,24,23"
3035,"235,0,8"
3036,"3,53,111"
3037,"3,523,53"
3038,"21,3,187"
3039,"328,23,31"
3040,"89,26,23"
3041,"40,131,186"
3042,"21,3,187"
3043,"323,170,199"
3044,"3,53"
3045,"385,3,5"
3046,"24,23,60"
3047,"3,148,147"
3048,"3,21"
3049,"3,52,51"
3050,"160,40,315"
3051,"23,25,40"
3052,"0,271,255"
3053,"23,24,38"
3054,"3,147,148"
3055,"128,129,40"
3056,"296,169,411"
3057,"64,80,10"
3058,"112,3,111"
3059,"24,43,23"
3060,"402,40,145"
3061,"265,0,418"
3062,"111,3,119"
3063,"71,24,38"
3064,"145,44,45"
3065,"259,426,311"
3066,"23,105,40"
3067,"26,23,231"
3068,"0,8"
3069,"182,3"
3070,"0,271,216"
3071,"241,131,40"
3072,"145,181,199"
3073,"508,426,169"
3074,"169,339,337"
3075,"17,40,3"
3076,"4,3,19"
3077,"3,21"
3078,"523,53,3"
3079,"8,0,514"
3080,"40,334,3"
3081,"23,38,39"
3082,"11,59,10"
3083,"30,23,219"
3084,"93,64,10"
3085,"3,21,301"
3086,"138,40,135"
3087,"3,286,127"
3088,"10,489,11"
3089,"23,38"
3090,"3,435,4"
3091,"11,10,12"
3092,"402,145,40"
3093,"32,31,23"
3094,"23,26,89"
3095,"40,215,494"
3096,"40,145,146"
3097,"0,313,346"
3098,"0,271,456"
3099,"308,0,8"
3100,"3,15,17"
3101,"40,41,21"
3102,"23,74,303"
3103,"40,160,315"
3104,"40,129,128"
3105,"64,10,93"
3106,"181,145,121"
3107,"323,199,170"
3108,"3,523,53"
3109,"0,291,271"
3110,"40,3,21"
3111,"10,220,0"
3112,"311,426,259"
3113,"3,301,21"
3114,"3,40,160"
3115,"169,10,3"
3116,"3,4,364"
3117,"40,131"
3118,"30,3,20"
3119,"40,241,41"
3120,"23,300,169"
3121,"10,64,80"
3122,"89,26,23"
3123,"169,199,40"
3124,"402,40,145"
3125,"426,259,311"
3126,"80,64,10"
3127,"3,176,275"
3128,"44,145,72"
3129,"3,331,4"
3130,"145,44,45"
3131,"3,182,21"
3132,"3,21,40"
3133,"311,337,426"
3134,"3,435,4"
3135,"156,3,147"
3136,"145,44,45"
3137,"112,111,3"
3138,"3,217,120"
3139,"3,187,17"
3140,"3,13,204"
3141,"160,3,315"
3142,"3,435,4"
3143,"322,23,54"
3144,"0,444,271"
3145,"71,38,24"
3146,"10,60,64"
3147,"41,40,21"
3148,"23,74,303"
3149,"3,21,127"
3150,"3,17,320"
3151,"23,74,303"
3152,"131,40,241"
3153,"3,53,21"
3154,"40,160"
3155,"523,53,3"
3156,"3,68,53"
3157,"220,10"
3158,"0,206,8"
3159,"24,23,43"
3160,"135,138,199"
3161,"4,3,435"
3162,"309,38,23"
3163,"40,286,41"
3164,"145,44,45"
3165,"508,426,169"
3166,"0,206,8"
3167,"311,426,337"
3168,"3,187,21"
3169,"3,21,187"
3170,"3,182,21"
3171,"431,135,40"
3172,"40,241,131"
3173,"131,40,134"
3174,"169,508,260"
3175,"0,271,265"
3176,"0,457,218"
3177,"0,271,38"
3178,"23,74,118"
3179,"0,350,23"
3180,"44,145,45"
3181,"4,435,3"
3182,"187,3,21"
3183,"24,23,43"
3184,"3,147,156"
3185,"40,160"
3186,"31,96,23"
3187,"220,10"
3188,"43,23,24"
3189,"44,72,145"
3190,"431,135,40"
3191,"169,199"
3192,"23,24,43"
3193,"169,311,3"
3194,"40,128,129"
3195,"3,189,135"
3196,"426,337,311"
3197,"235,0,8"
3198,"96,23,31"
3199,"0,216,3"
3200,"74,23,175"
3201,"23,39,296"
3202,"0,271,291"
3203,"128,40,130"
3204,"44,145,45"
3205,"160,40,315"
3206,"21,3,40"
3207,"131,241,40"
3208,"40,131,241"
3209,"41,40,201"
3210,"3,21,182"
3211,"265,59,418"
3212,"309,40,23"
3213,"40,186,128"
3214,"259,426,311"
3215,"3,281,187"
3216,"10,64,80"
3217,"23,26,350"
3218,"40,146,145"
3219,"3,17,10"
3220,"426,337,311"
3221,"40,175,128"
3222,"0,255,449"
3223,"0,446,257"
3224,"137,38,23"
3225,"287,53,3"
3226,"38,39,23"
3227,"0,231,8"
3228,"195,0,184"
3229,"0,216"
3230,"0,216,257"
3231,"135,431,169"
3232,"43,24,23"
3233,"145,44,45"
3234,"181,145,40"
3235,"3,21"
3236,"40,241,131"
3237,"23,309,38"
3238,"10,24,25"
3239,"135,40,250"
3240,"418,24,265"
3241,"3,523,147"
3242,"10,60,31"
3243,"251,337,169"
3244,"145,40"
3245,"64,10,80"
3246,"74,23,283"
3247,"45,44,145"
3248,"10,220,11"
3249,"500,118,23"
3250,"64,10,80"
3251,"42,40,41"
3252,"474,325,111"
3253,"40,146,145"
3254,"3,127,21"
3255,"271,0,255"
3256,"0,271,456"
3257,"0,271"
3258,"3,52,51"
3259,"3,15"
3260,"3,523,53"
3261,"10,25,220"
3262,"64,10,448"
3263,"169,199,23"
3264,"23,38,84"
3265,"64,10,65"
3266,"224,41,40"
3267,"0,498,271"
3268,"0,271,291"
3269,"145,0,216"
3270,"54,10,95"
3271,"118,74,23"
3272,"366,0,271"
3273,"131,40"
3274,"3,21,154"
3275,"40,186,128"
3276,"24,145,71"
3277,"32,31,23"
3278,"171,170,199"
3279,"169,281,3"
3280,"251,23,38"
3281,"3,53,182"
3282,"3,21"
3283,"40,131,406"
3284,"296,169,251"
3285,"3,147,148"
3286,"0,391,8"
3287,"212,216,211"
3288,"6,5,3"
3289,"40,162,163"
3290,"3,17,168"
3291,"309,23,38"
3292,"426,311,281"
3293,"139,40,140"
3294,"3,21,127"
3295,"160,40,315"
3296,"41,40,42"
3297,"25,24,23"
3298,"4,3,70"
3299,"21,3,187"
3300,"15,3,16"
3301,"309,23,38"
3302,"25,40,24"
3303,"43,23,24"
3304,"323,170,199"
3305,"0,255,271"
3306,"370,216,0"
3307,"25,24,23"
3308,"0,216,271"
3309,"131,40"
3310,"271,0"
3311,"10,54,145"
3312,"3,21,287"
3313,"64,10,80"
3314,"40,139"
3315,"49,24,23"
3316,"265,349,0"
3317,"0,271,291"
3318,"3,203"
3319,"0,271,265"
3320,"3,28,21"
3321,"259,426,311"
3322,"45,44,145"
3323,"40,143,3"
3324,"3,5,364"
3325,"3,5"
3326,"32,31,23"
3327,"24,23,145"
3328,"10,220"
3329,"3,5,6"
3330,"3,21"
3331,"13,3,14"
3332,"0,265,344"
3333,"3,21,127"
3334,"281,169,199"
3335,"419,128,10"
3336,"3,15,16"
3337,"3,17,320"
3338,"3,311,124"
3339,"366,0,271"
3340,"328,23,31"
3341,"49,24,23"
3342,"3,21,127"
3343,"3,21,182"
3344,"259,426,311"
3345,"10,220,23"
3346,"216,23,0"
3347,"3,0,271"
3348,"0,344,271"
3349,"220,10,23"
3350,"337,251,323"
3351,"0,313,216"
3352,"309,38,23"
3353,"40,152,151"
3354,"40,128,129"
3355,"3,435,111"
3356,"250,40,135"
3357,"17,3,320"
3358,"40,302,160"
3359,"23,26,89"
3360,"0,255,271"
3361,"145,40,402"
3362,"3,4,435"
3363,"128,129,40"
3364,"129,128,40"
3365,"3,187,263"
3366,"40,3,215"
3367,"40,406,131"
3368,"0,8,285"
3369,"0,314,313"
3370,"0,271,291"
3371,"3,17,15"
3372,"3,21,301"
3373,"10,145,44"
3374,"128,129,40"
3375,"181,40,145"
3376,"11,10,145"
3377,"317,41,201"
3378,"171,170,199"
3379,"131,40,241"
3380,"129,128,40"
3381,"0,265,349"
3382,"23,74,118"
3383,"10,93,64"
3384,"139,40,153"
3385,"175,128,40"
3386,"40,250,135"
3387,"171,170,199"
3388,"0,216,254"
3389,"3,5,13"
3390,"40,201"
3391,"38,23,82"
3392,"145,44,109"
3393,"40,162"
3394,"523,3,53"
3395,"222,100,40"
3396,"25,40,145"
3397,"44,69,145"
3398,"23,118,74"
3399,"63,23,128"
3400,"44,145,45"
3401,"3,21,52"
3402,"43,24,23"
3403,"346,313,0"
3404,"64,10,93"
3405,"145,40,502"
3406,"323,199,170"
3407,"3,21"
3408,"23,24,43"
3409,"49,24,23"
3410,"241,131,40"
3411,"40,131,251"
3412,"23,26,0"
3413,"64,10,80"
3414,"24,49,23"
3415,"43,24,23"
3416,"71,24,38"
3417,"40,145,402"
3418,"11,10,23"
3419,"175,40,128"
3420,"265,0,418"
3421,"64,10,448"
3422,"49,24,23"
3423,"40,215,160"
3424,"0,206,8"
3425,"31,23,96"
3426,"0,265,349"
3427,"280,255,271"
3428,"3,523,53"
3429,"145,40,44"
3430,"3,21,5"
3431,"259,426,311"
3432,"40,135,189"
3433,"40,131,406"
3434,"308,8,0"
3435,"3,23,17"
3436,"0,8,206"
3437,"60,10,92"
3438,"24,43,23"
3439,"40,131,406"
3440,"40,406,131"
3441,"44,145,45"
3442,"0,230,229"
3443,"271,291,0"
3444,"23,26,231"
3445,"3,17,51"
3446,"40,160,41"
3447,"23,38,145"
3448,"40,152,186"
3449,"3,53"
3450,"206,8,0"
3451,"169,170,343"
3452,"0,313,485"
3453,"3,111,182"
3454,"3,287,53"
3455,"0,271,456"
3456,"3,13,5"
3457,"3,148,147"
3458,"199,169,170"
3459,"49,23,24"
3460,"131,40"
3461,"23,26,0"
3462,"40,131,406"
3463,"3,447,21"
3464,"350,26,23"
3465,"40,128,195"
3466,"10,24,44"
3467,"3,301,21"
3468,"3,4,435"
3469,"3,35,36"
3470,"3,148,147"
3471,"0,216,354"
3472,"4,3,70"
3473,"402,40,145"
3474,"10,64,80"
3475,"69,145,44"
3476,"0,271"
3477,"3,21"
3478,"40,23,38"
3479,"11,10"
3480,"231,26,23"
3481,"23,118,38"
3482,"3,147,148"
3483,"187,21,3"
3484,"3,19,4"
3485,"3,21,52"
3486,"3,17,320"
3487,"169,199,343"
3488,"454,31,23"
3489,"3,147,148"
3490,"84,23,74"
3491,"32,31,23"
3492,"3,41,40"
3493,"40,128,131"
3494,"3,21,111"
3495,"23,89,26"
3496,"259,311,169"
3497,"43,24,23"
3498,"311,199,337"
3499,"0,8,206"
3500,"426,311,337"
3501,"3,21,301"
3502,"40,135,189"
3503,"145,40,402"
3504,"281,199,169"
3505,"3,51,52"
3506,"145,44,45"
3507,"118,74,23"
3508,"220,10"
3509,"0,206,8"
3510,"0,271"
3511,"3,143,34"
3512,"23,26,231"
3513,"296,129,420"
3514,"3,35,201"
3515,"24,23,43"
3516,"169,199,170"
3517,"145,44,10"
3518,"40,302,160"
3519,"145,44,40"
3520,"3,21"
3521,"72,145,44"
3522,"478,54,145"
3523,"40,41,160"
3524,"3,40,36"
3525,"309,23,38"
3526,"296,169,411"
3527,"3,156,147"
3528,"3,21"
3529,"40,152,186"
3530,"3,53,182"
3531,"220,10"
3532,"128,40,175"
3533,"23,24,43"
3534,"3,301,21"
3535,"259,426,311"
3536,"3,108,51"
3537,"3,147,148"
3538,"3,301,21"
3539,"3,85,86"
3540,"26,23,89"
3541,"49,24,23"
3542,"418,265,0"
3543,"523,53,3"
3544,"131,40,406"
3545,"26,89"
3546,"206,0,8"
3547,"49,24,395"
3548,"40,139,100"
3549,"0,271,40"
3550,"32,23,31"
3551,"145,40,402"
3552,"0,271,291"
3553,"259,311,426"
3554,"3,21,301"
3555,"0,271,291"
3556,"3,17,34"
3557,"40,286,41"
3558,"118,74,23"
3559,"3,70,34"
3560,"171,199,170"
3561,"3,523,53"
3562,"40,100,222"
3563,"40,186,128"
3564,"10,64,93"
3565,"3,30"
3566,"385,3,5"
3567,"31,96,23"
3568,"3,148,147"
3569,"281,169,426"
3570,"40,128,131"
3571,"23,74"
3572,"10,64,60"
3573,"311,426,259"
3574,"3,13,204"
3575,"11,12,72"
3576,"40,128,129"
3577,"10,220,221"
3578,"25,24,23"
3579,"186,128,40"
3580,"64,10,448"
3581,"0,456,271"
3582,"145,45,44"
3583,"32,31,23"
3584,"426,169,311"
3585,"3,21"
3586,"24,23,43"
3587,"3,21,301"
3588,"138,135,40"
3589,"23,231,26"
3590,"10,220"
3591,"0,418,265"
3592,"32,23,31"
3593,"291,271,0"
3594,"345,23,24"
3595,"40,145,181"
3596,"296,169,428"
3597,"32,31,23"
3598,"87,207,38"
3599,"241,131,40"
3600,"3,17,21"
3601,"3,182,21"
3602,"3,111,112"
3603,"3,33,21"
3604,"3,523,147"
3605,"265,0,418"
3606,"0,271"
3607,"135,40,141"
3608,"49,24,23"
3609,"3,148,147"
3610,"3,21,301"
3611,"3,13,21"
3612,"145,23,38"
3613,"368,40,184"
3614,"3,147,148"
3615,"0,498,458"
3616,"64,10,448"
3617,"145,40,402"
3618,"251,337,296"
3619,"3,35,36"
3620,"271,0,291"
3621,"296,337,251"
3622,"145,23,44"
3623,"3,111,4"
3624,"3,21"
3625,"10,220"
3626,"296,420,169"
3627,"402,40,145"
3628,"131,40,406"
3629,"160,3,35"
3630,"23,89,26"
3631,"64,10,93"
3632,"23,91,38"
3633,"40,169,135"
3634,"346,313,0"
3635,"3,4,182"
3636,"44,45,145"
3637,"40,128,129"
3638,"3,17,320"
3639,"64,10,93"
3640,"44,45,145"
3641,"3,53,523"
3642,"145,402,40"
3643,"40,131,241"
3644,"3,182,111"
3645,"3,147,156"
3646,"44,145,45"
3647,"0,287,3"
3648,"337,339,169"
3649,"23,74,84"
3650,"0,170,271"
3651,"3,111"
3652,"25,23,24"
3653,"0,23,31"
3654,"23,74,118"
3655,"153,3,139"
3656,"145,24,71"
3657,"44,45,145"
3658,"148,147,3"
3659,"0,257,255"
3660,"311,426,337"
3661,"44,145,45"
3662,"0,271,291"
3663,"21,3,301"
3664,"145,402,40"
3665,"64,93,10"
3666,"0,265,308"
3667,"44,145,45"
3668,"367,100,40"
3669,"40,145,146"
3670,"25,24,40"
3671,"170,323,145"
3672,"3,21,53"
3673,"435,4,3"
3674,"402,40,145"
3675,"40,184"
3676,"74,23,303"
3677,"13,3,204"
3678,"0,271,355"
3679,"271,0,291"
3680,"334,40,111"
3681,"21,3,301"
3682,"169,199"
3683,"3,34,21"
3684,"3,127,21"
3685,"3,53,523"
3686,"224,40,41"
3687,"346,313,0"
3688,"40,131,241"
3689,"40,131"
3690,"40,21,164"
3691,"508,426,169"
3692,"38,23"
3693,"138,135,40"
3694,"23,38,309"
3695,"10,419,145"
3696,"45,44,145"
3697,"3,48,21"
3698,"3,301,21"
3699,"3,21,187"
3700,"271,0"
3701,"21,3,40"
3702,"311,426,337"
3703,"111,3,125"
3704,"32,31,23"
3705,"169,459,170"
3706,"3,21,41"
3707,"160,315,40"
3708,"49,24,23"
3709,"3,156,147"
3710,"3,5"
3711,"220,10"
3712,"3,301,21"
3713,"74,118,23"
3714,"10,64,90"
3715,"220,10"
3716,"0,271,291"
3717,"220,10"
3718,"23,62,38"
3719,"145,72,402"
3720,"3,301,21"
3721,"10,64,8"
3722,"23,94,38"
3723,"147,148,3"
3724,"32,31,23"
3725,"3,4,111"
3726,"4,435,3"
3727,"346,313,0"
3728,"26,23,89"
3729,"39,38,23"
3730,"107,23,38"
3731,"3,523,53"
3732,"0,346,313"
3733,"45,44,145"
3734,"40,145,0"
3735,"220,10"
3736,"53,426,311"
3737,"0,26,145"
3738,"23,137,38"
3739,"3,21,127"
3740,"10,23,24"
3741,"235,0,8"
3742,"0,265,218"
3743,"24,23,49"
3744,"0,277,1"
3745,"271,360,0"
3746,"220,10,221"
3747,"3,4,435"
3748,"71,38,24"
3749,"145,40,10"
3750,"3,16,15"
3751,"478,40,145"
3752,"0,8,308"
3753,"111,3,334"
3754,"26,89,23"
3755,"170,171,199"
3756,"3,17,31"
3757,"23,40,145"
3758,"40,402,145"
3759,"23,39,38"
3760,"23,38,105"
3761,"90,10,64"
3762,"234,60,21"
3763,"49,23,24"
3764,"62,24,426"
3765,"40,128,23"
3766,"23,118,74"
3767,"10,220"
3768,"176,3,4"
3769,"169,454,31"
3770,"138,135,40"
3771,"3,164,21"
3772,"350,26,23"
3773,"3,21,53"
3774,"0,265,418"
3775,"0,265,340"
3776,"24,23,402"
3777,"40,215,184"
3778,"0,3,4"
3779,"40,160,184"
3780,"3,4,435"
3781,"3,35,160"
3782,"184,40,283"
3783,"40,131,241"
3784,"100,17,3"
3785,"10,64,448"
3786,"3,21,426"
3787,"0,169,216"
3788,"0,8"
3789,"523,3,53"
3790,"3,21,187"
3791,"0,271,291"
3792,"0,265,8"
3793,"64,10,448"
3794,"64,10,65"
3795,"40,131,241"
3796,"220,10"
3797,"3,36,423"
3798,"169,296,337"
3799,"26,89,23"
3800,"426,259,311"
3801,"3,187,21"
3802,"40,145"
3803,"0,145,24"
3804,"44,45,145"
3805,"0,23,26"
3806,"145,402,40"
3807,"44,145,45"
3808,"40,131,241"
3809,"0,3,265"
3810,"137,23,40"
3811,"40,402,145"
3812,"3,301,21"
3813,"131,40,241"
3814,"89,23,0"
3815,"386,40,135"
3816,"3,34,53"
3817,"54,10,145"
3818,"3,30"
3819,"3,111"
3820,"44,145,38"
3821,"271,0,291"
3822,"89,26,0"
3823,"334,160,40"
3824,"220,10"
3825,"3,15,16"
3826,"402,145,40"
3827,"23,38,82"
3828,"3,4,435"
3829,"39,38,23"
3830,"0,265,349"
3831,"3,28,10"
3832,"145,44,45"
3833,"128,129,40"
3834,"3,53,523"
3835,"220,10"
3836,"0,271,291"
3837,"3,4,375"
3838,"0,214,213"
3839,"220,10"
3840,"271,0,429"
3841,"402,40,145"
3842,"24,23,43"
3843,"3,17,143"
3844,"0,206,8"
3845,"21,3,40"
3846,"10,220"
3847,"171,199,170"
3848,"69,145,44"
3849,"40,131"
3850,"3,21,301"
3851,"145,216,44"
3852,"40,146,145"
3853,"281,199,169"
3854,"0,271"
3855,"23,296,96"
3856,"311,426,296"
3857,"3,15,16"
3858,"156,147,3"
3859,"3,301,21"
3860,"42,41,40"
3861,"64,10,93"
3862,"187,3,21"
3863,"160,40,315"
3864,"311,169,426"
3865,"220,10"
3866,"131,241,40"
3867,"251,296,337"
3868,"49,23,24"
3869,"0,271,291"
3870,"23,74,118"
3871,"11,10,12"
3872,"199,170,169"
3873,"129,128,40"
3874,"145,296,251"
3875,"23,38,39"
3876,"0,271,291"
3877,"3,21"
3878,"3,34,447"
3879,"0,8,235"
3880,"0,509,10"
3881,"137,23,74"
3882,"3,435,4"
3883,"145,73,44"
3884,"0,291,271"
3885,"13,3"
3886,"0,8,206"
3887,"23,32,31"
3888,"15,3,16"
3889,"323,199,170"
3890,"44,145,11"
3891,"60,61,23"
3892,"208,0,521"
3893,"3,4,331"
3894,"3,40,21"
3895,"3,74,13"
3896,"3,204,13"
3897,"169,199"
3898,"39,23,38"
3899,"231,26,23"
3900,"40,41,224"
3901,"337,0,311"
3902,"38,39,23"
3903,"0,277,413"
3904,"74,84,23"
3905,"308,0,8"
3906,"0,380,271"
3907,"235,0,8"
3908,"23,38,350"
3909,"171,170,199"
3910,"45,145,44"
3911,"40,139,241"
3912,"3,111,119"
3913,"64,93,10"
3914,"220,10,221"
3915,"74,23,303"
3916,"199,323,170"
3917,"21,3"
3918,"145,40,402"
3919,"241,131,40"
3920,"112,111,3"
3921,"44,69,145"
3922,"265,24,418"
3923,"40,184,185"
3924,"43,24,23"
3925,"49,23,24"
3926,"23,118,74"
3927,"197,60,23"
3928,"40,3,21"
3929,"40,199,184"
3930,"3,330,28"
3931,"44,72,10"
3932,"10,64,80"
3933,"220,10,221"
3934,"40,224,41"
3935,"0,271,291"
3936,"3,21"
3937,"24,49,23"
3938,"64,10,80"
3939,"138,135,40"
3940,"40,145,54"
3941,"43,24,23"
3942,"0,291,271"
3943,"3,72,92"
3944,"0,271"
3945,"169,199,343"
3946,"145,402,40"
3947,"10,64,448"
3948,"84,74,23"
3949,"72,44,145"
3950,"0,291,271"
3951,"3,182,21"
3952,"0,40,23"
3953,"59,23,418"
3954,"145,402,40"
3955,"221,10,346"
3956,"13,204,3"
3957,"0,8,308"
3958,"40,134,131"
3959,"40,131,241"
3960,"181,145,40"
3961,"91,38,23"
3962,"3,500,21"
3963,"265,0,418"
3964,"478,40,145"
3965,"241,131,40"
3966,"0,8"
3967,"10,220"
3968,"23,38,91"
3969,"0,8"
3970,"3,53,523"
3971,"23,49,24"
3972,"3,111,21"
3973,"3,53,523"
3974,"206,0,8"
3975,"0,271,456"
3976,"4,3,435"
3977,"3,182,21"
3978,"3,23"
3979,"271,0,291"
3980,"10,64,80"
3981,"11,69,44"
3982,"0,211,319"
3983,"235,0,8"
3984,"0,271,291"
3985,"169,339,337"
3986,"402,40,145"
3987,"40,145,402"
3988,"40,131,406"
3989,"40,21"
3990,"23,38,107"
3991,"224,40,41"
3992,"128,40,129"
3993,"0,218,271"
3994,"145,40,402"
3995,"0,418,265"
3996,"175,128,40"
3997,"4,3,70"
3998,"3,33,21"
3999,"169,339,343"
4000,"0,346,8"
4001,"271,0"
4002,"3,111,267"
4003,"3,147,30"
4004,"3,435,4"
4005,"40,431,135"
4006,"169,337,339"
4007,"40,385,5"
4008,"0,218,8"
4009,"3,48,21"
4010,"23,74,317"
4011,"23,111,3"
4012,"10,64,80"
4013,"3,21,187"
4014,"3,187,21"
4015,"5,3,133"
4016,"64,93,10"
4017,"8,0,206"
4018,"311,426,337"
4019,"3,28"
4020,"446,0,218"
4021,"0,8,206"
4022,"24,23,43"
4023,"23,26"
4024,"3,21,154"
4025,"3,21,127"
4026,"3,301,21"
4027,"3,523,53"
4028,"23,3,0"
4029,"169,199,170"
4030,"171,170,199"
4031,"3,53"
4032,"0,208,265"
4033,"24,23,49"
4034,"3,435,4"
4035,"38,87,131"
4036,"3,4,435"
4037,"105,23,519"
4038,"0,265,271"
4039,"3,21,301"
4040,"145,402,40"
4041,"3,301,21"
4042,"3,182,111"
4043,"306,296,131"
4044,"3,21,111"
4045,"10,11,221"
4046,"0,265,291"
4047,"3,523,53"
4048,"366,0,271"
4049,"0,208,216"
4050,"0,8,271"
4051,"145,31,23"
4052,"41,3,21"
4053,"323,199,170"
4054,"235,0,8"
4055,"402,40,145"
4056,"128,195,40"
4057,"193,40,131"
4058,"23,38,40"
4059,"0,271,360"
4060,"3,17,320"
4061,"337,311,426"
4062,"186,128,40"
4063,"24,10,43"
4064,"220,10"
4065,"3,182,21"
4066,"3,21,33"
4067,"3,120"
4068,"187,3,21"
4069,"10,64"
4070,"40,145,502"
4071,"3,147,148"
4072,"135,40,74"
4073,"40,241,131"
4074,"0,271,291"
4075,"160,40,302"
4076,"25,145,24"
4077,"0,213,214"
4078,"3,293,85"
4079,"0,271,291"
4080,"44,145,45"
4081,"234,60,21"
4082,"23,24,43"
4083,"281,169,199"
4084,"40,131,406"
4085,"0,23,218"
4086,"40,406,131"
4087,"3,111,21"
4088,"74,23,118"
4089,"169,436,170"
4090,"32,31,23"
4091,"232,23,38"
4092,"40,3,21"
4093,"3,21,53"
4094,"40,135"
4095,"118,23,232"
4096,"220,10"
4097,"128,40,129"
4098,"32,31,23"
4099,"23,38"
4100,"10,11,12"
4101,"40,241,38"
4102,"38,71,24"
4103,"0,255,271"
4104,"8,23,405"
4105,"431,135,40"
4106,"350,26,23"
4107,"181,145,40"
4108,"72,44,145"
4109,"3,21"
4110,"40,41,21"
4111,"241,40,131"
4112,"10,12,11"
4113,"40,402,145"
4114,"45,44,145"
4115,"218,509,0"
4116,"3,143,34"
4117,"64,10,65"
4118,"309,3,38"
4119,"131,40,134"
4120,"3,4"
4121,"220,10,221"
4122,"3,4"
4123,"0,214,213"
4124,"145,44,23"
4125,"181,145,40"
4126,"3,4,183"
4127,"40,131,406"
4128,"26,89,23"
4129,"25,24,23"
4130,"23,38,24"
4131,"40,139,41"
4132,"3,17,51"
4133,"40,135"
4134,"49,24,265"
4135,"3,53,325"
4136,"3,188,4"
4137,"5,6,3"
4138,"187,3,21"
4139,"0,271,8"
4140,"3,4"
4141,"40,162"
4142,"0,340,265"
4143,"40,131,406"
4144,"40,135"
4145,"44,145,45"
4146,"40,160,3"
4147,"40,160,315"
4148,"38,40,23"
4149,"431,135,40"
4150,"251,337,296"
4151,"3,52,51"
4152,"10,239,60"
4153,"296,169,526"
4154,"40,286,41"
4155,"346,313,0"
4156,"265,421,53"
4157,"64,10,80"
4158,"40,41,21"
4159,"317,40,74"
4160,"0,313,485"
4161,"0,255,271"
4162,"138,135,40"
4163,"182,340,21"
4164,"290,23,10"
4165,"17,3,320"
4166,"25,24,23"
4167,"89,26,23"
4168,"131,169,241"
4169,"523,53,3"
4170,"3,301,21"
4171,"224,40,41"
4172,"3,21,301"
4173,"0,271,291"
4174,"32,31,23"
4175,"3,17"
4176,"0,349,271"
4177,"21,3,301"
4178,"23,137,38"
4179,"0,271,366"
4180,"0,271,355"
4181,"40,151,152"
4182,"23,74,118"
4183,"72,44,145"
4184,"10,169,60"
4185,"220,10"
4186,"43,24,23"
4187,"129,40,23"
4188,"220,10"
4189,"181,145,40"
4190,"74,317,23"
4191,"418,265,0"
4192,"93,10,64"
4193,"0,8"
4194,"3,148,147"
4195,"199,169,170"
4196,"0,8"
4197,"195,128,40"
4198,"3,4"
4199,"0,24,71"
4200,"523,3,53"
4201,"64,10,80"
4202,"0,23,26"
4203,"40,184"
4204,"145,40,402"
4205,"220,10"
4206,"0,218,346"
4207,"74,118,23"
4208,"44,145,73"
4209,"3,4,435"
4210,"44,45,0"
4211,"64,10,93"
4212,"251,337,296"
4213,"38,23,82"
4214,"0,218,265"
4215,"25,23,24"
4216,"3,153,40"
4217,"271,0,429"
4218,"0,206,8"
4219,"323,170,199"
4220,"40,131,406"
4221,"24,23,49"
4222,"0,271,360"
4223,"265,340,0"
4224,"17,320,3"
4225,"111,3,125"
4226,"38,94,23"
4227,"459,118,23"
4228,"0,296"
4229,"40,131"
4230,"3,34,447"
4231,"0,370,446"
4232,"402,145,40"
4233,"402,40,145"
4234,"3,13"
4235,"224,40,41"
4236,"181,23,145"
4237,"3,53,287"
4238,"43,24,23"
4239,"0,8,23"
4240,"24,23,43"
4241,"3,21"
4242,"3,15,16"
4243,"10,93,64"
4244,"3,21,182"
4245,"8,514,0"
4246,"271,0"
4247,"74,23,307"
4248,"3,28,113"
4249,"40,10,169"
4250,"3,21,301"
4251,"64,93,10"
4252,"169,296,411"
4253,"38,309,23"
4254,"145,45,44"
4255,"3,148,523"
4256,"40,131,406"
4257,"0,265"
4258,"3,4,435"
4259,"3,111,21"
4260,"0,8,235"
4261,"17,3,320"
4262,"3,5,331"
4263,"40,250,135"
4264,"3,121,13"
4265,"23,26,0"
4266,"3,4,435"
4267,"64,10,80"
4268,"3,111,147"
4269,"38,60,23"
4270,"205,11"
4271,"3,275,111"
4272,"3,17,320"
4273,"0,8,291"
4274,"38,23,39"
4275,"169,199,436"
4276,"171,170,199"
4277,"337,0,271"
4278,"3,21,187"
4279,"17,3,58"
4280,"3,154,23"
4281,"345,24"
4282,"43,24,23"
4283,"170,171,199"
4284,"40,162,131"
4285,"23,49,24"
4286,"10,199,170"
4287,"40,184"
4288,"220,10"
4289,"220,10"
4290,"25,24,23"
4291,"23,118,74"
4292,"145,44,45"
4293,"24,71,38"
4294,"40,3,135"
4295,"130,40,128"
4296,"8,308,0"
4297,"0,8"
4298,"40,128,139"
4299,"402,24,40"
4300,"197,145,60"
4301,"426,0,218"
4302,"138,135,40"
4303,"10,239,60"
4304,"40,131,241"
4305,"0,418,265"
4306,"44,145,109"
4307,"128,130,40"
4308,"169,31,296"
4309,"145,24,23"
4310,"49,24,23"
4311,"169,281,199"
4312,"40,406,131"
4313,"40,152,151"
4314,"93,64,10"
4315,"17,3,320"
4316,"145,40,95"
4317,"26,89,23"
4318,"23,26,231"
4319,"84,74,23"
4320,"74,23,317"
4321,"40,41,286"
4322,"73,44,145"
4323,"38,23,309"
4324,"171,170,199"
4325,"23,24,43"
4326,"265,0"
4327,"26,23,89"
4328,"10,239,60"
4329,"40,139"
4330,"231,8,0"
4331,"53,3,287"
4332,"43,24,23"
4333,"3,21,164"
4334,"40,135,41"
4335,"3,13,0"
4336,"93,64,10"
4337,"3,21,5"
4338,"3,21"
4339,"401,3,13"
4340,"3,523,53"
4341,"493,23,326"
4342,"40,160"
4343,"40,131,241"
4344,"145,25,24"
4345,"3,4,474"
4346,"339,169,337"
4347,"44,145,10"
4348,"251,296,337"
4349,"3,21,48"
4350,"3,148,21"
4351,"64,10,80"
4352,"24,23,43"
4353,"118,74,23"
4354,"0,271,265"
4355,"323,199,170"
4356,"3,21,127"
4357,"138,40,135"
4358,"3,13,204"
4359,"40,184,243"
4360,"40,131,193"
4361,"171,199,170"
4362,"69,44,145"
4363,"0,380,216"
4364,"0,8,514"
4365,"40,315,160"
4366,"3,100,40"
4367,"96,31,23"
4368,"118,74,23"
4369,"0,353,271"
4370,"3,21"
4371,"3,113,28"
4372,"11,145,10"
4373,"74,23,118"
4374,"40,135,41"
4375,"3,21,48"
4376,"169,296"
4377,"40,289"
4378,"40,41"
4379,"121,3,120"
4380,"3,4,435"
4381,"10,220"
4382,"23,328,31"
4383,"40,131,406"
4384,"3,21"
4385,"3,111,147"
4386,"64,93,10"
4387,"3,4,474"
4388,"10,220"
4389,"145,44"
4390,"21,40"
4391,"402,40,25"
4392,"38,23"
4393,"23,0,84"
4394,"426,311,337"
4395,"64,10,323"
4396,"10,220"
4397,"3,17,320"
4398,"24,71,38"
4399,"3,48,147"
4400,"23,26,0"
4401,"118,74,23"
4402,"131,241,40"
4403,"10,220"
4404,"145,40,402"
4405,"3,301,21"
4406,"38,23,39"
4407,"40,181,145"
4408,"251,337,296"
4409,"96,40,31"
4410,"23,26"
4411,"32,31,23"
4412,"426,311,337"
4413,"3,21"
4414,"3,379,320"
4415,"3,17,40"
4416,"131,40,406"
4417,"271,0,291"
4418,"323,170,199"
4419,"3,21,187"
4420,"10,24,23"
4421,"74,307,135"
4422,"3,21"
4423,"323,199,170"
4424,"0,206,8"
4425,"64,10,80"
4426,"0,271,456"
4427,"49,24,23"
4428,"96,31,10"
4429,"0,271,456"
4430,"21,3,187"
4431,"3,182,21"
4432,"10,11,72"
4433,"169,281,199"
4434,"40,250,135"
4435,"40,160,3"
4436,"30,3,81"
4437,"4,435,3"
4438,"0,271,291"
4439,"23,26,8"
4440,"23,0,26"
4441,"0,216,23"
4442,"180,3,23"
4443,"3,13,111"
4444,"206,0,8"
4445,"93,64,10"
4446,"145,44,45"
4447,"44,45,145"
4448,"40,406,131"
4449,"64,10,93"
4450,"3,15,16"
4451,"3,10,23"
4452,"323,199,170"
4453,"23,25,24"
4454,"25,23,24"
4455,"40,128,130"
4456,"40,241,131"
4457,"220,10"
4458,"350,26,23"
4459,"23,162,24"
4460,"64,10,80"
4461,"241,131,40"
4462,"220,10"
4463,"3,5,228"
4464,"10,64,93"
4465,"199,169,343"
4466,"3,187,21"
4467,"93,10,64"
4468,"40,135,141"
4469,"38,23,87"
4470,"100,21,222"
4471,"0,206,8"
4472,"0,8,206"
4473,"69,11,10"
4474,"21,3,22"
4475,"64,337,80"
4476,"171,199,170"
4477,"199,169"
4478,"3,111"
4479,"3,28,113"
4480,"216,380,426"
4481,"131,241,40"
4482,"40,111,334"
4483,"160,40,315"
4484,"0,279,249"
4485,"10,60,3"
4486,"3,301,21"
4487,"303,404,3"
4488,"3,53,21"
4489,"40,152,151"
4490,"64,10,80"
4491,"31,454,169"
4492,"0,216"
4493,"271,0,291"
4494,"0,277,216"
4495,"23,169,53"
4496,"0,271,291"
4497,"40,146,145"
4498,"40,131,406"
4499,"112,111,3"
4500,"0,271,456"
4501,"40,131,406"
4502,"3,111,474"
4503,"24,23,40"
4504,"23,296"
4505,"26,350,23"
4506,"49,24,23"
4507,"220,10"
4508,"0,485,271"
4509,"23,74,118"
4510,"53,3,523"
4511,"74,23,317"
4512,"334,160,40"
4513,"0,8,206"
4514,"3,144,57"
4515,"3,161,40"
4516,"40,315,160"
4517,"0,8,391"
4518,"40,131,406"
4519,"40,145"
4520,"130,128,40"
4521,"40,241,131"
4522,"23,38,8"
4523,"23,38,10"
4524,"296,169,23"
4525,"3,21,281"
4526,"0,279,249"
4527,"131,134,40"
4528,"0,319,277"
4529,"44,72,145"
4530,"4,3,435"
4531,"3,147,120"
4532,"131,40,241"
4533,"0,206,8"
4534,"145,44,24"
4535,"3,53,301"
4536,"3,21"
4537,"64,10,93"
4538,"402,40,145"
4539,"40,41,160"
4540,"220,10,25"
4541,"3,53,523"
4542,"40,149,160"
4543,"62,169,508"
4544,"31,96,23"
4545,"3,85,86"
4546,"3,21,48"
4547,"40,160"
4548,"3,21,30"
4549,"40,139,241"
4550,"3,188,40"
4551,"49,24,23"
4552,"64,93,10"
4553,"165,23,74"
4554,"169,199,170"
4555,"145,40,402"
4556,"45,44,145"
4557,"320,17,3"
4558,"3,40,385"
4559,"402,40,145"
4560,"523,3,53"
4561,"241,40,131"
4562,"10,64"
4563,"3,148,147"
4564,"205,11,10"
4565,"40,160,315"
4566,"40,145,193"
4567,"0,169,337"
4568,"74,317,23"
4569,"5,3,133"
4570,"181,145,40"
4571,"234,60,21"
4572,"169,199"
4573,"181,145,40"
4574,"23,24,43"
4575,"40,131"
4576,"69,10,11"
4577,"10,64,93"
4578,"8,23,350"
4579,"3,21,187"
4580,"169,199,40"
4581,"23,0,26"
4582,"199,426,128"
4583,"23,38"
4584,"3,53,287"
4585,"10,92,60"
4586,"3,15,16"
4587,"44,145,45"
4588,"3,301,21"
4589,"0,271,1"
4590,"26,0,23"
4591,"127,3,21"
4592,"28,87,38"
4593,"184,40"
4594,"62,145,23"
4595,"3,301,21"
4596,"311,337,426"
4597,"23,38,26"
4598,"187,3,21"
4599,"3,11,10"
4600,"25,24,23"
4601,"0,346,313"
4602,"3,204,13"
4603,"40,128,162"
4604,"23,10,24"
4605,"40,128,186"
4606,"160,315,40"
4607,"0,265"
4608,"74,23,118"
4609,"10,220,25"
4610,"40,21,151"
4611,"40,459,169"
4612,"0,271"
4613,"3,4"
4614,"339,169,337"
4615,"53,3,523"
4616,"3,0,53"
4617,"134,40,131"
4618,"23,74,118"
4619,"25,23,24"
4620,"131,40,406"
4621,"10,60,24"
4622,"0,271"
4623,"3,21"
4624,"40,241,131"
4625,"3,4,176"
4626,"323,170,199"
4627,"3,301,21"
4628,"3,53"
4629,"10,11,12"
4630,"10,64,93"
4631,"40,175,241"
4632,"26,23,89"
4633,"23,30,31"
4634,"3,187,21"
4635,"323,170,199"
4636,"160,40,315"
4637,"40,41,160"
4638,"131,406,40"
4639,"89,26,23"
4640,"3,523,53"
4641,"3,21,523"
4642,"49,24,23"
4643,"128,40,195"
4644,"3,21,301"
4645,"64,10,93"
4646,"137,38,23"
4647,"169,339,337"
4648,"323,170,199"
4649,"3,21"
4650,"25,10,24"
4651,"40,241,131"
4652,"281,199,169"
4653,"23,24,43"
4654,"31,23,10"
4655,"523,3,53"
4656,"21,3,28"
4657,"69,145,44"
4658,"26,89,23"
4659,"0,249,279"
4660,"0,271"
4661,"169,199,170"
4662,"3,301,21"
4663,"40,41"
4664,"40,146,145"
4665,"234,60,10"
4666,"40,145,283"
4667,"3,5,228"
4668,"271,0,291"
4669,"8,23,308"
4670,"169,436,343"
4671,"193,131,40"
4672,"0,271,291"
4673,"118,74,23"
4674,"3,21,187"
4675,"40,129,128"
4676,"337,0,291"
4677,"251,296,337"
4678,"186,128,40"
4679,"350,26,23"
4680,"72,44,74"
4681,"3,53,523"
4682,"170,459,169"
4683,"259,311,426"
4684,"182,3,21"
4685,"64,10,93"
4686,"333,113,169"
4687,"3,5,133"
4688,"0,216,304"
4689,"40,302,160"
4690,"0,457,218"
4691,"0,271,8"
4692,"21,127,3"
4693,"3,182,21"
4694,"8,308,87"
4695,"38,23,137"
4696,"4,3,435"
4697,"3,53,21"
4698,"402,145,40"
4699,"64,93,10"
4700,"171,170,199"
4701,"426,311,337"
4702,"156,3,147"
4703,"10,220,23"
4704,"32,31,23"
4705,"0,213,255"
4706,"3,147,148"
4707,"131,40,406"
4708,"169,296"
4709,"40,23,74"
4710,"49,337,23"
4711,"10,220"
4712,"64,10,80"
4713,"23,25,24"
4714,"38,23,0"
4715,"0,265,349"
4716,"49,24,23"
4717,"271,0"
4718,"3,36,147"
4719,"0,346,271"
4720,"38,23"
4721,"135,431,40"
4722,"308,8,23"
4723,"40,139"
4724,"0,254,216"
4725,"128,40,129"
4726,"23,74,118"
4727,"3,4,19"
4728,"13,40,145"
4729,"3,17,21"
4730,"21,187,3"
4731,"3,301,21"
4732,"3,21,301"
4733,"145,45,402"
4734,"220,10"
4735,"60,10,61"
4736,"3,21,51"
4737,"3,301,21"
4738,"171,199,170"
4739,"3,40,143"
4740,"3,147,21"
4741,"53,3,523"
4742,"3,523,53"
4743,"169,426,427"
4744,"3,111,17"
4745,"3,135,41"
4746,"3,388,111"
4747,"71,24,38"
4748,"23,317,74"
4749,"402,145,40"
4750,"10,220"
4751,"0,349,265"
4752,"31,96,23"
4753,"199,169"
4754,"40,184"
4755,"0,235,8"
4756,"23,40,131"
4757,"235,0,8"
4758,"3,127,21"
4759,"3,523,53"
4760,"309,23,38"
4761,"3,147,148"
4762,"3,21,523"
4763,"23,38,74"
4764,"40,250,135"
4765,"3,523,53"
4766,"40,162"
4767,"265,0,418"
4768,"69,145,44"
4769,"0,354,216"
4770,"160,40,334"
4771,"3,21"
4772,"145,40,402"
4773,"3,435,182"
4774,"3,301,51"
4775,"3,21,187"
4776,"187,3,169"
4777,"21,127,40"
4778,"271,0,291"
4779,"220,10"
4780,"300,296,169"
4781,"145,44,45"
4782,"31,169,23"
4783,"64,448,10"
4784,"21,187,3"
4785,"3,188,15"
4786,"231,26,23"
4787,"5,3,6"
4788,"3,40,250"
4789,"350,26,23"
4790,"402,40,145"
4791,"3,21"
4792,"0,8,206"
4793,"74,23,317"
4794,"3,435,51"
4795,"23,74,3"
4796,"271,0,255"
4797,"3,523,53"
4798,"0,218,475"
4799,"169,170,459"
4800,"40,186,128"
4801,"13,204,3"
4802,"25,24,10"
4803,"286,40,41"
4804,"169,170,199"
4805,"3,301,21"
4806,"0,271,291"
4807,"523,53,3"
4808,"118,23,74"
4809,"24,23,43"
4810,"0,10,218"
4811,"307,74"
4812,"3,301,21"
4813,"61,10,60"
4814,"24,23,49"
4815,"10,64,80"
4816,"296,169,526"
4817,"0,218,271"
4818,"25,24,23"
4819,"187,3,21"
4820,"426,337,0"
4821,"206,8,0"
4822,"3,17,143"
4823,"44,72,145"
4824,"3,13"
4825,"32,23,31"
4826,"44,145,45"
4827,"145,69,11"
4828,"128,40,129"
4829,"3,21,164"
4830,"145,199,323"
4831,"26,89,23"
4832,"0,206,8"
4833,"131,40,406"
4834,"0,271"
4835,"3,148,147"
4836,"45,44,145"
4837,"145,40,146"
4838,"3,17,320"
4839,"169,102,296"
4840,"251,337,296"
4841,"251,337,296"
4842,"3,21,182"
4843,"71,38,24"
4844,"44,145,45"
4845,"3,53,523"
4846,"3,148,147"
4847,"10,220"
4848,"3,187,21"
4849,"402,145,40"
4850,"0,206,8"
4851,"128,289,40"
4852,"40,131,41"
4853,"283,74,23"
4854,"340,3,0"
4855,"24,43,23"
4856,"128,40,129"
4857,"10,220"
4858,"49,24,23"
4859,"10,220,221"
4860,"3,21,187"
4861,"10,64,93"
4862,"40,160,111"
4863,"169,199,385"
4864,"3,115,13"
4865,"128,40,129"
4866,"49,24,23"
4867,"3,147,203"
4868,"32,23,31"
4869,"0,271,363"
4870,"10,64,80"
4871,"171,170,199"
4872,"220,10"
4873,"431,135,40"
4874,"165,23,74"
4875,"3,53,182"
4876,"3,17,320"
4877,"0,271,216"
4878,"128,186,40"
4879,"0,271,366"
4880,"328,31,23"
4881,"23,137,38"
4882,"23,25,10"
4883,"3,523,53"
4884,"0,313,346"
4885,"128,40,175"
4886,"3,127,21"
4887,"3,523,53"
4888,"3,225,120"
4889,"259,426,311"
4890,"265,59,418"
4891,"323,199,170"
4892,"3,301,21"
4893,"0,271,291"
4894,"145,72,44"
4895,"0,206,8"
4896,"145,44,45"
4897,"10,61,60"
4898,"3,21,40"
4899,"3,21"
4900,"21,301,3"
4901,"10,11,205"
4902,"296,169"
4903,"171,170,199"
4904,"40,160,315"
4905,"259,426,311"
4906,"10,64,80"
4907,"0,271"
4908,"3,104,30"
4909,"3,17"
4910,"23,74,38"
4911,"283,40"
4912,"21,3,301"
4913,"23,24,43"
4914,"10,448,40"
4915,"182,3,21"
4916,"220,10"
4917,"0,271,498"
4918,"38,24,71"
4919,"23,309,38"
4920,"3,301,21"
4921,"38,0,308"
4922,"64,10,80"
4923,"0,265,311"
4924,"3,15,16"
4925,"40,241,131"
4926,"64,10,80"
4927,"164,3,21"
4928,"44,145,45"
4929,"40,386,135"
4930,"40,184,131"
4931,"3,113,21"
4932,"186,128,40"
4933,"64,10,80"
4934,"220,10"
4935,"118,74,23"
4936,"24,25,10"
4937,"260,170,251"
4938,"40,41,286"
4939,"0,279,446"
4940,"426,145,337"
4941,"212,211,216"
4942,"23,24,49"
4943,"24,71,38"
4944,"24,49,23"
4945,"220,10"
4946,"0,195,128"
4947,"454,31,23"
4948,"40,215,41"
4949,"40,145,44"
4950,"113,28,3"
4951,"26,231,23"
4952,"206,0,8"
4953,"3,4"
4954,"31,77,23"
4955,"402,40,145"
4956,"220,10"
4957,"23,26,350"
4958,"64,93,10"
4959,"44,145,45"
4960,"426,259,311"
4961,"169,111,123"
4962,"5,133,3"
4963,"100,222,40"
4964,"0,8,206"
4965,"3,102,21"
4966,"44,145,45"
4967,"3,4,183"
4968,"23,3,118"
4969,"25,24,23"
4970,"71,38,24"
4971,"220,10"
4972,"10,220,24"
4973,"41,40,3"
4974,"3,4,435"
4975,"44,145,45"
4976,"3,21,48"
4977,"3,523,53"
4978,"118,74,23"
4979,"216,0,3"
4980,"216,0,254"
4981,"10,40,145"
4982,"40,311,426"
4983,"40,250,135"
4984,"124,3,169"
4985,"3,523,53"
4986,"23,74,162"
4987,"241,40,131"
4988,"0,485,313"
4989,"40,131,241"
4990,"23,303,74"
4991,"25,24,23"
4992,"3,21,284"
4993,"3,113,28"
4994,"40,224,41"
4995,"64,10,80"
4996,"296,31,8"
4997,"251,337,296"
4998,"10,220"
4999,"93,64,10"
5000,"145,40,493"
5001,"3,4,435"
5002,"3,187,21"
5003,"23,317,74"
5004,"3,115,13"
5005,"251,296,337"
5006,"89,26,23"
5007,"135,199,169"
5008,"40,160,315"
5009,"131,40"
5010,"0,446,218"
5011,"0,372,255"
5012,"40,402,145"
5013,"3,4,5"
5014,"39,38,197"
5015,"64,93,10"
5016,"93,64,10"
5017,"4,3,435"
5018,"40,199,175"
5019,"323,170,199"
5020,"138,135,40"
5021,"10,143,34"
5022,"64,10,80"
5023,"251,296,337"
5024,"3,5,6"
5025,"337,311,21"
5026,"346,313,0"
5027,"286,40,41"
5028,"3,53,111"
5029,"36,3,120"
5030,"0,271"
5031,"4,3,435"
5032,"138,135,40"
5033,"169,436,170"
5034,"187,3,21"
5035,"0,271,456"
5036,"3,147,180"
5037,"296,169,411"
5038,"251,337,0"
5039,"406,40,131"
5040,"43,23,24"
5041,"64,10,80"
5042,"23,231,74"
5043,"10,11,23"
5044,"10,64,93"
5045,"40,128,195"
5046,"3,147,148"
5047,"3,4,435"
5048,"74,71,165"
5049,"3,111,15"
5050,"263,34,3"
5051,"40,23,184"
5052,"40,406,131"
5053,"3,15,16"
5054,"118,74,23"
5055,"3,4"
5056,"10,64"
5057,"3,147,148"
5058,"145,45,44"
5059,"311,169"
5060,"3,53,474"
5061,"3,53,133"
5062,"31,454,337"
5063,"40,3,41"
5064,"0,291,271"
5065,"3,5,331"
5066,"0,8"
5067,"3,4,111"
5068,"40,131,406"
5069,"3,435,4"
5070,"340,0,265"
5071,"64,10,93"
5072,"145,40,402"
5073,"135,40,250"
5074,"3,187,21"
5075,"3,21,182"
5076,"3,21,340"
5077,"3,325,21"
5078,"220,10"
5079,"40,186,128"
5080,"64,80,10"
5081,"220,10"
5082,"26,231,40"
5083,"337,426,311"
5084,"493,145,40"
5085,"3,21,267"
5086,"40,184"
5087,"3,17,320"
5088,"40,131,241"
5089,"3,21,40"
5090,"259,426,311"
5091,"25,145,23"
5092,"25,24,23"
5093,"0,220,265"
5094,"11,12,10"
5095,"71,24,38"
5096,"69,145,44"
5097,"10,64,93"
5098,"0,271,291"
5099,"44,145,45"
5100,"296,169,411"
5101,"128,129,40"
5102,"145,72,311"
5103,"40,162,163"
5104,"38,23,39"
5105,"259,426,311"
5106,"187,3,21"
5107,"3,187,21"
5108,"32,31,23"
5109,"17,320,3"
5110,"3,21,48"
5111,"49,24,40"
5112,"3,147,148"
5113,"3,275,53"
5114,"164,3,41"
5115,"10,239,60"
5116,"251,337,296"
5117,"0,279,249"
5118,"3,148,147"
5119,"3,301,21"
5120,"3,182,21"
5121,"402,145,40"
5122,"3,147,203"
5123,"3,182,284"
5124,"10,64,80"
5125,"145,402,40"
5126,"40,131,241"
5127,"426,259,311"
5128,"40,131,241"
5129,"129,128,40"
5130,"220,10"
5131,"84,74,23"
5132,"175,40,128"
5133,"10,23,220"
5134,"402,40,145"
5135,"0,8,418"
5136,"241,131,40"
5137,"0,265,340"
5138,"206,0,8"
5139,"0,1,277"
5140,"93,64,10"
5141,"10,93,64"
5142,"64,10,80"
5143,"171,170,199"
5144,"26,23,0"
5145,"5,3,331"
5146,"105,3,495"
5147,"402,145,40"
5148,"216,254,0"
5149,"3,21,301"
5150,"64,10,448"
5151,"3,301,21"
5152,"64,10,80"
5153,"135,141,459"
5154,"11,10,12"
5155,"45,44,145"
5156,"3,21,53"
5157,"340,265,337"
5158,"40,241,131"
5159,"23,105"
5160,"3,435,4"
5161,"300,3,169"
5162,"169,343,199"
5163,"220,10"
5164,"346,23,251"
5165,"0,218,512"
5166,"40,131,23"
5167,"3,17"
5168,"25,23,24"
5169,"105,23,495"
5170,"0,145,40"
5171,"40,128"
5172,"21,3,41"
5173,"3,120,121"
5174,"72,44,145"
5175,"3,53,68"
5176,"3,203,147"
5177,"281,169,199"
5178,"508,426,169"
5179,"24,23,10"
5180,"44,145,45"
5181,"320,17,3"
5182,"25,23,10"
5183,"231,26,23"
5184,"69,145,44"
5185,"0,23,38"
5186,"3,301,21"
5187,"23,118,74"
5188,"3,5"
5189,"153,40,100"
5190,"3,40,502"
5191,"170,80,426"
5192,"402,40,145"
5193,"71,24,38"
5194,"3,21,40"
5195,"49,23,24"
5196,"72,44,145"
5197,"145,44,24"
5198,"40,74,307"
5199,"271,0,77"
5200,"0,337,296"
5201,"3,17,320"
5202,"129,128,40"
5203,"38,39,23"
5204,"23,232,38"
5205,"40,41,42"
5206,"3,28,21"
5207,"3,301,21"
5208,"0,8,206"
5209,"182,21,3"
5210,"39,38,23"
5211,"145,40,402"
5212,"259,426,311"
5213,"40,149,160"
5214,"3,182,21"
5215,"402,145,40"
5216,"40,24,25"
5217,"184,40,170"
5218,"323,199,170"
5219,"334,160,467"
5220,"296,169"
5221,"3,21,108"
5222,"49,402,40"
5223,"23,38,91"
5224,"40,128,129"
5225,"508,426,169"
5226,"26,89,23"
5227,"93,10,64"
5228,"0,271,429"
5229,"109,69,11"
5230,"0,291,271"
5231,"0,271,360"
5232,"3,21"
5233,"21,102,40"
5234,"128,40,129"
5235,"145,44,45"
5236,"291,0,271"
5237,"260,169,170"
5238,"64,10,93"
5239,"199,169"
5240,"10,239,145"
5241,"3,111,13"
5242,"89,23,26"
5243,"10,220"
5244,"40,175,23"
5245,"21,3,48"
5246,"40,431,151"
5247,"3,4,19"
5248,"0,337,311"
5249,"40,131,406"
5250,"40,131"
5251,"23,74,118"
5252,"3,21,48"
5253,"3,0,40"
5254,"32,23,31"
5255,"0,346,313"
5256,"169,199,281"
5257,"40,241,145"
5258,"145,481,0"
5259,"0,206,8"
5260,"26,23,89"
5261,"24,71,38"
5262,"10,61,60"
5263,"23,8,38"
5264,"260,169,23"
5265,"10,220"
5266,"169,337,339"
5267,"296,251,337"
5268,"4,435,3"
5269,"21,3,108"
5270,"271,0,456"
5271,"40,195,128"
5272,"31,23,169"
5273,"184,40,494"
5274,"40,131,406"
5275,"31,328,23"
5276,"0,8,206"
5277,"26,0,23"
5278,"311,426,337"
5279,"3,21,301"
5280,"23,271,0"
5281,"38,71,24"
5282,"96,31,23"
5283,"23,317,74"
5284,"0,271,291"
5285,"3,148,147"
5286,"187,3,21"
5287,"3,53,502"
5288,"3,301,21"
5289,"40,160,423"
5290,"3,21,164"
5291,"3,148,147"
5292,"131,40,241"
5293,"0,366,271"
5294,"0,346,23"
5295,"426,169,508"
5296,"40,250,162"
5297,"40,145,44"
5298,"281,296,169"
5299,"220,10"
5300,"43,24,23"
5301,"40,23"
5302,"337,311,0"
5303,"43,24,23"
5304,"25,24,23"
5305,"218,0,512"
5306,"3,34,21"
5307,"40,250,175"
5308,"40,402,145"
5309,"10,64"
5310,"74,23,303"
5311,"145,44,45"
5312,"160,40,315"
5313,"231,26,23"
5314,"0,291,271"
5315,"44,23,145"
5316,"0,357,271"
5317,"3,21"
5318,"0,265,349"
5319,"3,21"
5320,"53,169,426"
5321,"40,131,406"
5322,"3,34,143"
5323,"0,308,8"
5324,"40,131,145"
5325,"135,40,189"
5326,"3,111"
5327,"281,169,311"
5328,"17,320,3"
5329,"38,23,0"
5330,"74,317,40"
5331,"40,131,139"
5332,"23,105,326"
5333,"3,301,21"
5334,"138,40,135"
5335,"119,111,3"
5336,"343,199,169"
5337,"32,31,23"
5338,"171,199,170"
5339,"40,131,406"
5340,"171,170,199"
5341,"311,426,337"
5342,"3,164,21"
5343,"40,337,131"
5344,"40,402,145"
5345,"0,23,418"
5346,"44,145,45"
5347,"23,0,74"
5348,"350,26,23"
5349,"53,145,3"
5350,"296,333,169"
5351,"3,301,21"
5352,"40,131,134"
5353,"0,44,69"
5354,"54,145,40"
5355,"134,40,131"
5356,"3,523,53"
5357,"24,38,71"
5358,"3,21,28"
5359,"49,24,23"
5360,"0,26,271"
5361,"3,21"
5362,"40,38,128"
5363,"3,523,53"
5364,"44,45,145"
5365,"3,21"
5366,"3,147,53"
5367,"169,170,459"
5368,"131,40,459"
5369,"3,21,500"
5370,"4,3"
5371,"64,10,80"
5372,"31,328,23"
5373,"0,340,265"
5374,"64,323,10"
5375,"131,40,406"
5376,"281,169,199"
5377,"0,311,265"
5378,"3,4"
5379,"145,40,402"
5380,"23,25"
5381,"128,186,40"
5382,"10,220"
5383,"271,0,291"
5384,"40,131,241"
5385,"271,0,456"
5386,"96,31,23"
5387,"51,233,3"
5388,"10,12,11"
5389,"40,131,241"
5390,"44,145,45"
5391,"93,10,64"
5392,"169,296,411"
5393,"169,199,281"
5394,"402,40,145"
5395,"260,170,169"
5396,"23,38,74"
5397,"0,8,391"
5398,"0,8,271"
5399,"0,23,271"
5400,"21,3,48"
5401,"251,296,337"
5402,"49,24,23"
5403,"40,41,149"
5404,"0,271,265"
5405,"241,40,131"
5406,"186,40,128"
5407,"346,313,0"
5408,"311,426,259"
5409,"147,148,3"
5410,"0,8,206"
5411,"169,296"
5412,"251,337,296"
5413,"64,10,93"
5414,"0,426,337"
5415,"31,23,96"
5416,"3,53,523"
5417,"3,21,204"
5418,"44,145,45"
5419,"40,145,0"
5420,"3,17,320"
5421,"3,187,21"
5422,"3,21,187"
5423,"3,21,187"
5424,"93,64,10"
5425,"271,0,446"
5426,"3,53"
5427,"0,265,49"
5428,"64,10,80"
5429,"10,220"
5430,"3,34,263"
5431,"3,4,435"
5432,"23,24,40"
5433,"3,13,10"
5434,"0,8,235"
5435,"64,80,10"
5436,"71,38,24"
5437,"0,235,8"
5438,"89,0,23"
5439,"40,146,145"
5440,"23,89,26"
5441,"23,0,418"
5442,"0,327,8"
5443,"0,8,206"
5444,"3,111,147"
5445,"40,145,402"
5446,"271,0,291"
5447,"21,40,115"
5448,"0,265,23"
5449,"40,184"
5450,"239,60,10"
5451,"311,287,169"
5452,"296,169,300"
5453,"3,21,187"
5454,"0,218,457"
5455,"40,41,145"
5456,"0,271,366"
5457,"3,169,311"
5458,"481,218,169"
5459,"17,3,320"
5460,"3,147,148"
5461,"43,24,23"
5462,"140,40,139"
5463,"3,21,108"
5464,"3,21,301"
5465,"370,216,0"
5466,"0,265,271"
5467,"459,170,40"
5468,"43,24,23"
5469,"0,271,8"
5470,"23,0,231"
5471,"169,508,426"
5472,"74,23,317"
5473,"0,271,265"
5474,"0,457,271"
5475,"3,147,148"
5476,"3,111"
5477,"64,10,80"
5478,"71,24,38"
5479,"296,169"
5480,"259,426,311"
5481,"3,123,111"
5482,"171,170,199"
5483,"0,206"
5484,"3,53,68"
5485,"296,169,306"
5486,"3,4,188"
5487,"124,311,337"
5488,"32,31,23"
5489,"296,169,306"
5490,"164,3,21"
5491,"23,25,24"
5492,"3,21"
5493,"64,10"
5494,"3,30"
5495,"0,271,355"
5496,"128,40,129"
5497,"26,23,350"
5498,"13,3,204"
5499,"3,13,14"
5500,"489,10,60"
5501,"71,24,38"
5502,"23,24,38"
5503,"64,10"
5504,"23,88,118"
5505,"40,241,131"
5506,"0,377,265"
5507,"211,212,216"
5508,"0,265,456"
5509,"145,296,448"
5510,"3,21,40"
5511,"21,3,127"
5512,"135,138,40"
5513,"3,104,30"
5514,"25,24,23"
5515,"145,44,45"
5516,"40,131,241"
5517,"64,10,80"
5518,"38,23,40"
5519,"3,21"
5520,"24,71,38"
5521,"350,26,23"
5522,"105,23,495"
5523,"3,21,301"
5524,"220,10"
5525,"3,100,367"
5526,"328,31,23"
5527,"229,0,421"
5528,"119,3,111"
5529,"44,72,145"
5530,"3,388,21"
5531,"72,145,44"
5532,"23,91,38"
5533,"40,169,199"
5534,"3,164,21"
5535,"0,277,458"
5536,"3,506,13"
5537,"34,3,143"
5538,"454,23,31"
5539,"10,11,12"
5540,"71,24,38"
5541,"145,181,40"
5542,"3,311,169"
5543,"311,426,271"
5544,"71,24,38"
5545,"111,3,125"
5546,"43,23,24"
5547,"182,3,21"
5548,"17,320,3"
5549,"10,220,11"
5550,"374,169,40"
5551,"135,138,40"
5552,"0,289,455"
5553,"426,312,311"
5554,"271,0,291"
5555,"24,461,38"
5556,"401,23,13"
5557,"23,38"
5558,"0,349,265"
5559,"38,23,308"
5560,"3,523,147"
5561,"3,523,53"
5562,"44,72,145"
5563,"10,220"
5564,"181,145,40"
5565,"0,291,271"
5566,"44,145,45"
5567,"339,337,169"
5568,"3,5,133"
5569,"224,40,41"
5570,"10,220,23"
5571,"43,24,23"
5572,"296,49,251"
5573,"3,21"
5574,"250,135,40"
5575,"349,0,265"
5576,"171,170,199"
5577,"0,216,265"
5578,"0,457,218"
5579,"220,10"
5580,"40,130,128"
5581,"109,44,11"
5582,"3,70,4"
5583,"40,135,189"
5584,"40,131,406"
5585,"44,72,145"
5586,"135,40,138"
5587,"25,24,23"
5588,"40,130,128"
5589,"201,3,40"
5590,"0,271,8"
5591,"23,38,107"
5592,"40,131,134"
5593,"40,41,42"
5594,"10,220"
5595,"23,89,26"
5596,"0,291,271"
5597,"296,169,411"
5598,"241,131,40"
5599,"0,271,456"
5600,"523,53,3"
5601,"72,145,44"
5602,"127,3,21"
5603,"23,0,26"
5604,"23,38,309"
5605,"44,145,45"
5606,"220,10"
5607,"0,308,23"
5608,"10,220"
5609,"40,23,145"
5610,"3,4,111"
5611,"0,444,255"
5612,"0,271,311"
5613,"68,53,3"
5614,"23,26,231"
5615,"3,15,16"
5616,"10,239,60"
5617,"0,271,429"
5618,"0,26,271"
5619,"3,21,301"
5620,"64,10,93"
5621,"220,10"
5622,"40,289"
5623,"0,273,265"
5624,"0,271,456"
5625,"3,164,21"
5626,"145,40,402"
5627,"40,406,131"
5628,"40,131,241"
5629,"34,139,0"
5630,"96,31,23"
5631,"290,31,23"
5632,"40,195,128"
5633,"259,426,311"
5634,"169,170,459"
5635,"64,10,93"
5636,"171,199,170"
5637,"23,26,89"
5638,"205,11"
5639,"169,21,339"
5640,"40,128,129"
5641,"271,0,456"
5642,"40,169,199"
5643,"40,139,241"
5644,"426,311,259"
5645,"350,26,313"
5646,"23,74,283"
5647,"64,10,80"
5648,"23,40,145"
5649,"23,38,309"
5650,"367,100,40"
5651,"296,169"
5652,"0,313,216"
5653,"38,23,309"
5654,"3,4,435"
5655,"0,346,313"
5656,"3,147,21"
5657,"3,164,21"
5658,"3,523,53"
5659,"3,119,111"
5660,"40,41"
5661,"64,10,80"
5662,"145,40,146"
5663,"231,23,26"
5664,"0,271,366"
5665,"0,366,271"
5666,"40,139"
5667,"139,40"
5668,"118,74,23"
5669,"402,40,145"
5670,"265,0,349"
5671,"10,64,80"
5672,"44,45,145"
5673,"241,40,131"
5674,"64,10,80"
5675,"3,182,21"
5676,"53,3,169"
5677,"277,0,169"
5678,"118,74,23"
5679,"127,3,21"
5680,"0,271,291"
5681,"145,40,54"
5682,"3,21"
5683,"145,402,40"
5684,"40,160,149"
5685,"3,28,301"
5686,"3,523,53"
5687,"10,69,145"
5688,"0,346,313"
5689,"21,3,124"
5690,"64,10,89"
5691,"40,128,175"
5692,"428,296,169"
5693,"23,10,0"
5694,"23,54,40"
5695,"23,231,118"
5696,"40,145"
5697,"3,435,4"
5698,"49,24,23"
5699,"147,3,203"
5700,"160,40,302"
5701,"169,296,371"
5702,"3,21"
5703,"145,54,10"
5704,"10,64,93"
5705,"3,53,287"
5706,"3,16,15"
5707,"40,406,131"
5708,"259,426,311"
5709,"307,40,74"
5710,"323,170,145"
5711,"8,0,514"
5712,"456,0,271"
5713,"10,220"
5714,"40,131"
5715,"426,0,337"
5716,"337,251,296"
5717,"10,11,489"
5718,"3,53,523"
5719,"40,131,241"
5720,"171,199,170"
5721,"3,21,164"
5722,"0,220,10"
5723,"40,131,134"
5724,"64,80,10"
5725,"523,53,3"
5726,"0,271,366"
5727,"3,147,148"
5728,"311,426"
5729,"25,24,23"
5730,"323,199,170"
5731,"0,313,296"
5732,"271,0,291"
5733,"74,165,24"
5734,"40,146,145"
5735,"3,53,523"
5736,"0,308,8"
5737,"328,31,23"
5738,"3,523,53"
5739,"10,323,60"
5740,"3,4,435"
5741,"49,24,23"
5742,"220,10"
5743,"4,3,435"
5744,"0,265,349"
5745,"156,3,147"
5746,"64,10,80"
5747,"169,508,426"
5748,"23,24,43"
5749,"64,10,93"
5750,"10,220"
5751,"40,152,151"
5752,"138,135,40"
5753,"31,23,454"
5754,"40,151"
5755,"24,23,43"
5756,"199,169"
5757,"3,120,14"
5758,"40,184,41"
5759,"0,380,216"
5760,"220,10"
5761,"40,131,406"
5762,"3,28,111"
5763,"145,40,10"
5764,"3,4"
5765,"3,435,182"
5766,"72,44,145"
5767,"224,41,40"
5768,"23,0,26"
5769,"259,426,311"
5770,"3,293,85"
5771,"26,89,23"
5772,"145,54,40"
5773,"40,181,145"
5774,"3,21,48"
5775,"44,145,45"
5776,"145,44,45"
5777,"68,3,53"
5778,"3,127,21"
5779,"3,21,164"
5780,"0,89,370"
5781,"3,21,301"
5782,"402,145,40"
5783,"153,139,40"
5784,"3,156,160"
5785,"74,3,169"
5786,"169,260,170"
5787,"25,24,23"
5788,"175,40,128"
5789,"23,40,137"
5790,"8,514,23"
5791,"131,193,40"
5792,"10,90,64"
5793,"13,3,204"
5794,"265,418,0"
5795,"0,311,405"
5796,"96,199,171"
5797,"145,45,44"
5798,"260,169,296"
5799,"23,88,38"
5800,"11,44,12"
5801,"40,315,160"
5802,"23,91,38"
5803,"43,40,23"
5804,"418,265,118"
5805,"0,458,277"
5806,"0,313,346"
5807,"0,485"
5808,"3,148,147"
5809,"231,23,40"
5810,"509,218,0"
5811,"15,3,16"
5812,"281,199,169"
5813,"287,53,3"
5814,"0,271"
5815,"23,0,26"
5816,"3,15,170"
5817,"40,128"
5818,"333,296,328"
5819,"343,169,199"
5820,"220,10"
5821,"0,8,206"
5822,"0,444,271"
5823,"24,345,23"
5824,"44,45,145"
5825,"71,38,24"
5826,"345,23,24"
5827,"3,53,523"
5828,"10,220"
5829,"43,24,23"
5830,"31,23,96"
5831,"3,21,301"
5832,"40,131,92"
5833,"23,26,89"
5834,"89,23,0"
5835,"129,128,40"
5836,"4,3,19"
5837,"220,10"
5838,"3,21,187"
5839,"10,24,25"
5840,"40,131,241"
5841,"40,160,302"
5842,"69,145,44"
5843,"426,259,311"
5844,"3,21"
5845,"346,313,0"
5846,"3,111,21"
5847,"42,40,296"
5848,"0,208,369"
5849,"426,311,337"
5850,"493,220,10"
5851,"64,10"
5852,"23,63,74"
5853,"3,111,275"
5854,"169,199,40"
5855,"40,131,406"
5856,"0,249,458"
5857,"40,131"
5858,"3,17,320"
5859,"0,216,208"
5860,"93,64,10"
5861,"24,0,71"
5862,"145,44,40"
5863,"4,3,375"
5864,"402,40,145"
5865,"184,40,185"
5866,"23,38,309"
5867,"10,23,25"
5868,"23,145,181"
5869,"5,3,133"
5870,"3,147,21"
5871,"0,337,311"
5872,"10,40,64"
5873,"109,10,11"
5874,"3,21,182"
5875,"40,131,406"
5876,"3,0,169"
5877,"32,31,23"
5878,"0,2,1"
5879,"40,21,127"
5880,"160,40,315"
5881,"3,48"
5882,"40,131,134"
5883,"259,426,311"
5884,"23,0,38"
5885,"0,271,314"
5886,"25,24,23"
5887,"145,44,72"
5888,"49,24,23"
5889,"40,162,128"
5890,"10,23,145"
5891,"3,301,21"
5892,"0,271,366"
5893,"21,3"
5894,"23,49,24"
5895,"265,418,0"
5896,"40,3"
5897,"3,331,5"
5898,"3,51,21"
5899,"169,296,371"
5900,"406,40,131"
5901,"431,135,40"
5902,"170,40,3"
5903,"508,169,24"
5904,"23,74,118"
5905,"3,5"
5906,"44,145,69"
5907,"40,186,128"
5908,"40,169"
5909,"93,64,10"
5910,"211,212,216"
5911,"135,138,40"
5912,"25,24,23"
5913,"40,131,241"
5914,"0,8,291"
5915,"25,24,23"
5916,"131,40,241"
5917,"40,131,406"
5918,"40,195,128"
5919,"3,147,156"
5920,"44,145,45"
5921,"24,71"
5922,"0,216,354"
5923,"24,23,40"
5924,"0,271,291"
5925,"3,301,21"
5926,"10,64,80"
5927,"17,320,3"
5928,"3,118,30"
5929,"3,4,435"
5930,"418,265,0"
5931,"24,44,62"
5932,"93,10,64"
5933,"3,21"
5934,"3,4,30"
5935,"169,199,170"
5936,"509,0,218"
5937,"40,145,54"
5938,"23,26,40"
5939,"160,40,315"
5940,"216,212,0"
5941,"64,80,10"
5942,"3,4"
5943,"220,10,221"
5944,"3,4"
5945,"40,135,141"
5946,"23,74,118"
5947,"0,308"
5948,"23,10,24"
5949,"0,208"
5950,"402,145,40"
5951,"0,291,271"
5952,"91,38,23"
5953,"3,40,21"
5954,"40,131,241"
5955,"138,40,135"
5956,"3,147,156"
5957,"16,15,3"
5958,"3,33,35"
5959,"405,0,8"
5960,"187,3,21"
5961,"40,371,169"
5962,"3,21"
5963,"145,40,402"
5964,"147,3,148"
5965,"218,0,509"
5966,"40,131,406"
5967,"21,182,241"
5968,"3,15,16"
5969,"199,169,170"
5970,"40,402,38"
5971,"426,508,169"
5972,"24,43,23"
5973,"0,206,8"
5974,"21,3,187"
5975,"94,38,23"
5976,"135,40,189"
5977,"25,24,23"
5978,"3,187,21"
5979,"64,10,80"
5980,"25,8,24"
5981,"0,265,349"
5982,"0,304"
5983,"10,69,145"
5984,"296,251,337"
5985,"3,4,435"
5986,"40,160,186"
5987,"0,311,271"
5988,"231,23,26"
5989,"3,164,21"
5990,"3,21,170"
5991,"0,265"
5992,"212,211,216"
5993,"10,220"
5994,"40,131,241"
5995,"448,64,10"
5996,"4,3"
5997,"220,10"
5998,"5,3,331"
5999,"40,131,241"
6000,"40,93,170"
6001,"3,523,53"
6002,"3,111"
6003,"0,271,360"
6004,"38,71,24"
6005,"40,181,145"
6006,"40,131,241"
6007,"3,23,21"
6008,"3,21,311"
6009,"21,3,187"
6010,"64,10,23"
6011,"3,5,22"
6012,"64,10,93"
6013,"145,44,45"
6014,"3,21,301"
6015,"3,68,53"
6016,"3,53,21"
6017,"402,145,40"
6018,"0,218,271"
6019,"112,3,111"
6020,"43,24,23"
6021,"0,271,265"
6022,"8,0,206"
6023,"3,21,127"
6024,"0,8,206"
6025,"72,44,10"
6026,"3,21"
6027,"235,0,8"
6028,"147,3,156"
6029,"40,131,406"
6030,"3,169,281"
6031,"74,23,118"
6032,"255,0,348"
6033,"40,402,145"
6034,"3,53,523"
6035,"135,40,138"
6036,"402,40,145"
6037,"23,74,118"
6038,"231,23,26"
6039,"3,388,111"
6040,"40,160,315"
6041,"40,131,406"
6042,"3,111,40"
6043,"138,135,40"
6044,"0,279,249"
6045,"406,40,131"
6046,"220,10"
6047,"24,43,23"
6048,"44,45,145"
6049,"309,38,21"
6050,"23,74"
6051,"40,165,175"
6052,"3,65"
6053,"40,135,250"
6054,"40,241,0"
6055,"51,3,205"
6056,"241,131,21"
6057,"0,271,291"
6058,"10,414,40"
6059,"63,23,38"
6060,"128,186,40"
6061,"40,523,3"
6062,"40,131,241"
6063,"3,21,40"
6064,"3,21,135"
6065,"24,23,109"
6066,"3,104,147"
6067,"23,107,38"
6068,"169,199,170"
6069,"435,3,4"
6070,"3,4"
6071,"3,5"
6072,"0,291,271"
6073,"296,169,306"
6074,"3,523,21"
6075,"40,160"
6076,"145,72,44"
6077,"0,271,361"
6078,"131,40,241"
6079,"43,24,23"
6080,"44,145,65"
6081,"128,195,208"
6082,"0,271,216"
6083,"271,0,291"
6084,"23,0,271"
6085,"10,64,93"
6086,"40,160,315"
6087,"74,303,23"
6088,"49,23,24"
6089,"24,23,95"
6090,"10,64,93"
6091,"64,10,80"
6092,"199,323,170"
6093,"40,129,128"
6094,"40,478,145"
6095,"350,23,26"
6096,"3,21"
6097,"145,402,44"
6098,"3,4,435"
6099,"64,10,93"
6100,"0,8,206"
6101,"40,135,250"
6102,"402,145,448"
6103,"0,271,291"
6104,"312,426"
6105,"426,337,311"
6106,"0,208,265"
6107,"40,241,131"
6108,"44,145,72"
6109,"3,147,148"
6110,"10,11,72"
6111,"23,25,24"
6112,"40,131,241"
6113,"323,199,170"
6114,"25,24,23"
6115,"199,170,31"
6116,"0,216,211"
6117,"0,265,340"
6118,"23,24,0"
6119,"205,11,10"
6120,"0,206,8"
6121,"145,402,40"
6122,"3,16,15"
6123,"40,175,128"
6124,"3,21,41"
6125,"0,271,366"
6126,"3,385,21"
6127,"3,21"
6128,"186,40,128"
6129,"145,44,402"
6130,"3,147,21"
6131,"3,51,21"
6132,"3,21"
6133,"271,0,291"
6134,"64,80,10"
6135,"3,53,148"
6136,"45,44,145"
6137,"3,301,21"
6138,"3,21,17"
6139,"3,21"
6140,"3,21,301"
6141,"145,40,402"
6142,"64,10,93"
6143,"64,10,93"
6144,"45,44,145"
6145,"224,41,40"
6146,"44,45,145"
6147,"271,291,0"
6148,"34,3,143"
6149,"24,43,23"
6150,"3,301,21"
6151,"380,216,0"
6152,"426,259,311"
6153,"40,169,426"
6154,"96,31,23"
6155,"220,221,10"
6156,"287,53,3"
6157,"71,38,24"
6158,"40,131,420"
6159,"406,40,131"
6160,"0,313,346"
6161,"3,15,16"
6162,"40,152,160"
6163,"251,296,337"
6164,"169,311,426"
6165,"145,402,10"
6166,"170,169"
6167,"25,23,24"
6168,"402,145,40"
6169,"3,523,53"
6170,"3,331,5"
6171,"169,296,306"
6172,"3,21,53"
6173,"199,170,323"
6174,"113,3,28"
6175,"3,13,169"
6176,"40,315,160"
6177,"129,128,40"
6178,"3,99"
6179,"508,169"
6180,"152,151,40"
6181,"220,10"
6182,"24,38,44"
6183,"508,169,426"
6184,"26,23,231"
6185,"3,104,30"
6186,"3,17,320"
6187,"23,49,24"
6188,"181,40,145"
6189,"118,74,23"
6190,"23,350,26"
6191,"74,317,40"
6192,"0,291,271"
6193,"38,39,23"
6194,"38,24,71"
6195,"24,23,25"
6196,"3,156,147"
6197,"3,21,164"
6198,"118,74,23"
6199,"24,43,23"
6200,"100,367,40"
6201,"10,64,93"
6202,"426,311,0"
6203,"181,96,23"
6204,"40,160,315"
6205,"23,89,26"
6206,"64,10,80"
6207,"40,139"
6208,"370,216,0"
6209,"3,21,301"
6210,"0,8,235"
6211,"3,22,21"
6212,"40,184,243"
6213,"0,308,8"
6214,"3,15,16"
6215,"10,12,145"
6216,"44,45,145"
6217,"31,77,23"
6218,"24,43,23"
6219,"40,215,41"
6220,"220,10"
6221,"0,271,366"
6222,"3,4"
6223,"40,131,406"
6224,"10,239,60"
6225,"220,10"
6226,"220,10"
6227,"64,10,80"
6228,"128,40,130"
6229,"187,3,21"
6230,"291,0,271"
6231,"0,271,265"
6232,"105,53,3"
6233,"0,214,213"
6234,"296,169,3"
6235,"3,21,164"
6236,"3,21,301"
6237,"128,40,130"
6238,"145,44,40"
6239,"44,45,145"
6240,"170,171,199"
6241,"40,131,241"
6242,"3,120,217"
6243,"3,21,48"
6244,"171,170,199"
6245,"38,309,23"
6246,"323,199,170"
6247,"3,21,127"
6248,"311,426,337"
6249,"10,38,253"
6250,"40,160,315"
6251,"0,216,257"
6252,"3,21,48"
6253,"3,523,53"
6254,"25,24,23"
6255,"3,180,296"
6256,"40,138,135"
6257,"0,255"
6258,"309,23,38"
6259,"0,313,346"
6260,"23,40,105"
6261,"40,184,185"
6262,"0,249,279"
6263,"40,135"
6264,"260,169,170"
6265,"93,10,64"
6266,"3,21"
6267,"3,21,34"
6268,"3,227,4"
6269,"3,21,41"
6270,"184,40"
6271,"3,21"
6272,"148,147,3"
6273,"3,147,148"
6274,"69,44,145"
6275,"3,21,301"
6276,"0,456,213"
6277,"44,45,145"
6278,"345,24,170"
6279,"3,17,320"
6280,"0,271,291"
6281,"3,40,4"
6282,"3,4,435"
6283,"40,160,234"
6284,"3,4,51"
6285,"3,435,4"
6286,"0,280,271"
6287,"64,93,10"
6288,"171,170,199"
6289,"161,3,40"
6290,"32,31,23"
6291,"40,131,139"
6292,"24,49,23"
6293,"3,53"
6294,"3,16,21"
6295,"45,44,145"
6296,"53,287,0"
6297,"8,206,0"
6298,"40,138,135"
6299,"10,44,64"
6300,"40,131"
6301,"259,426,311"
6302,"0,208,369"
6303,"23,24,25"
6304,"271,0,291"
6305,"44,145,45"
6306,"356,40,169"
6307,"30,81,3"
6308,"145,10,44"
6309,"3,315,160"
6310,"43,24,23"
6311,"72,44,145"
6312,"23,49,24"
6313,"40,169,426"
6314,"145,402,40"
6315,"118,74,23"
6316,"3,301"
6317,"145,44,45"
6318,"64,10,80"
6319,"10,64,80"
6320,"3,30,0"
6321,"181,145,40"
6322,"10,64,448"
6323,"95,54,145"
6324,"0,426,458"
6325,"130,128,40"
6326,"426,169,311"
6327,"3,4,7"
6328,"171,170,199"
6329,"220,10,23"
6330,"17,3,320"
6331,"3,4,435"
6332,"32,31,23"
6333,"10,23,21"
6334,"145,40,402"
6335,"38,23,39"
6336,"3,287,53"
6337,"3,13"
6338,"3,15,16"
6339,"231,23,38"
6340,"301,3,21"
6341,"13,3,14"
6342,"44,45,145"
6343,"145,181,40"
6344,"0,346,313"
6345,"0,206,8"
6346,"40,145,128"
6347,"220,10"
6348,"271,0"
6349,"3,53,13"
6350,"169,199,170"
6351,"40,160,315"
6352,"265,0,418"
6353,"255,271,0"
6354,"3,21"
6355,"40,145,54"
6356,"3,147,34"
6357,"96,31,23"
6358,"3,4,435"
6359,"283,74,23"
6360,"0,208"
6361,"426,311,337"
6362,"24,23,43"
6363,"41,40,224"
6364,"3,199,169"
6365,"283,74,23"
6366,"128,130,40"
6367,"31,296,169"
6368,"10,220,145"
6369,"111,3,119"
6370,"145,44,45"
6371,"3,467,430"
6372,"211,212,0"
6373,"40,3,119"
6374,"10,220"
6375,"40,131,406"
6376,"3,187,21"
6377,"49,24,23"
6378,"40,184"
6379,"3,53,148"
6380,"265,0,340"
6381,"271,0,291"
6382,"0,218,457"
6383,"23,25,24"
6384,"42,41,40"
6385,"62,24,23"
6386,"0,291,313"
6387,"259,311,426"
6388,"0,206,8"
6389,"3,523,53"
6390,"74,23,303"
6391,"25,24,23"
6392,"38,23,24"
6393,"187,3,21"
6394,"40,402,145"
6395,"251,296,0"
6396,"40,184,243"
6397,"0,291,271"
6398,"0,271,280"
6399,"220,10,221"
6400,"145,44,69"
6401,"0,265,349"
6402,"3,120,147"
6403,"3,301,21"
6404,"181,43,93"
6405,"24,23,43"
6406,"369,0,208"
6407,"145,40,146"
6408,"3,0,111"
6409,"0,313,346"
6410,"3,301,52"
6411,"23,74,84"
6412,"15,16,3"
6413,"40,45,24"
6414,"3,187,21"
6415,"3,21,301"
6416,"3,5,435"
6417,"74,243,317"
6418,"184,40,199"
6419,"40,406,131"
6420,"135,40,138"
6421,"3,435,4"
6422,"40,241,131"
6423,"323,170,199"
6424,"64,10,80"
6425,"3,204,13"
6426,"0,235,8"
6427,"40,131,241"
6428,"523,3,53"
6429,"40,131,406"
6430,"0,8,410"
6431,"251,296,337"
6432,"265,0,418"
6433,"49,24,23"
6434,"346,313,271"
6435,"40,184,185"
6436,"107,23,38"
6437,"241,40,131"
6438,"3,148,147"
6439,"3,17,320"
6440,"40,131,34"
6441,"291,0,271"
6442,"337,426,311"
6443,"107,38,23"
6444,"10,93,64"
6445,"3,389,4"
6446,"40,184,185"
6447,"4,3,435"
6448,"11,3,10"
6449,"3,17,51"
6450,"251,337,296"
6451,"40,135,250"
6452,"39,38,23"
6453,"0,206,8"
6454,"145,402,40"
6455,"145,44,45"
6456,"0,8,82"
6457,"3,99,16"
6458,"40,396,49"
6459,"3,21,182"
6460,"448,64,10"
6461,"0,313,271"
6462,"220,10"
6463,"113,28,3"
6464,"31,32,23"
6465,"3,21,115"
6466,"93,23,10"
6467,"311,426,337"
6468,"23,93,10"
6469,"40,131,241"
6470,"0,40,230"
6471,"40,13,3"
6472,"43,24,23"
6473,"3,53,523"
6474,"523,53,3"
6475,"131,40"
6476,"40,41,42"
6477,"40,3,128"
6478,"0,216,271"
6479,"42,41,40"
6480,"0,213,214"
6481,"40,23,241"
6482,"296,428,169"
6483,"40,315,160"
6484,"31,23"
6485,"0,277,216"
6486,"0,265,271"
6487,"3,5,28"
6488,"134,131,40"
6489,"40,131,241"
6490,"3,267,111"
6491,"0,457,346"
6492,"311,426,182"
6493,"28,3,190"
6494,"64,93,10"
6495,"169,296,38"
6496,"64,10,80"
6497,"40,241,131"
6498,"0,8,206"
6499,"251,337,296"
6500,"71,38,145"
6501,"3,111,147"
6502,"0,206,8"
6503,"478,40,31"
6504,"220,10"
6505,"10,90,64"
6506,"0,271"
6507,"40,3,21"
6508,"44,145,69"
6509,"128,40,129"
6510,"145,40,402"
6511,"3,523,53"
6512,"282,3,111"
6513,"169,277,0"
6514,"145,45,44"
6515,"10,221,220"
6516,"45,44,145"
6517,"40,145"
6518,"11,205,10"
6519,"74,303,23"
6520,"131,40,193"
6521,"23,40,145"
6522,"523,53,3"
6523,"3,5,331"
6524,"402,40,145"
6525,"171,170,199"
6526,"296,337,169"
6527,"40,160,315"
6528,"3,301,21"
6529,"3,147,203"
6530,"3,21,301"
6531,"24,25,23"
6532,"0,271,313"
6533,"3,435,4"
6534,"40,431,135"
6535,"23,25,24"
6536,"40,123,3"
6537,"3,21,182"
6538,"3,147"
6539,"128,40,129"
6540,"402,40,145"
6541,"40,128,131"
6542,"0,291,271"
6543,"220,0,10"
6544,"3,21"
6545,"309,38,23"
6546,"64,10,448"
6547,"3,160,315"
6548,"315,160,40"
6549,"186,40,128"
6550,"40,406,131"
6551,"346,0,313"
6552,"402,40,145"
6553,"64,93,10"
6554,"10,220,11"
6555,"3,111,112"
6556,"11,205,24"
6557,"171,170,199"
6558,"32,31,23"
6559,"0,31,23"
6560,"431,135,40"
6561,"10,145,40"
6562,"296,336,169"
6563,"40,131,193"
6564,"71,38,24"
6565,"71,38,24"
6566,"40,222,139"
6567,"3,53,21"
6568,"17,3,320"
6569,"251,296,337"
6570,"0,271"
6571,"0,8"
6572,"38,23,103"
6573,"23,0,26"
6574,"49,24,23"
6575,"111,3"
6576,"169,0,339"
6577,"10,145,44"
6578,"0,277"
6579,"431,135,40"
6580,"40,145,402"
6581,"418,265,0"
6582,"131,40,406"
6583,"42,41,40"
6584,"40,151,494"
6585,"137,23,38"
6586,"15,3,16"
6587,"43,24,23"
6588,"220,24"
6589,"311,426,277"
6590,"40,23,145"
6591,"40,131,162"
6592,"40,139"
6593,"220,10"
6594,"145,40,502"
6595,"63,23,38"
6596,"218,170,0"
6597,"3,315,160"
6598,"3,4,7"
6599,"10,220,24"
6600,"91,23,38"
6601,"44,45,145"
6602,"3,267,21"
6603,"10,64,40"
6604,"224,40,41"
6605,"182,3,21"
6606,"523,53,3"
6607,"426,311,431"
6608,"118,74,23"
6609,"64,10,93"
6610,"3,148,147"
6611,"0,271,291"
6612,"309,21,23"
6613,"11,10,205"
6614,"169,311"
6615,"40,138,135"
6616,"3,435,4"
6617,"241,131,40"
6618,"40,128"
6619,"3,320,17"
6620,"3,21,301"
6621,"40,402,145"
6622,"0,271,449"
6623,"206,0,8"
6624,"40,135,184"
6625,"10,12,0"
6626,"135,138,40"
6627,"21,3,301"
6628,"10,220"
6629,"3,331,5"
6630,"0,271"
6631,"0,255"
6632,"3,21,127"
6633,"0,271,1"
6634,"287,10,53"
6635,"23,107,38"
6636,"8,308,350"
6637,"3,379,21"
6638,"308,8,23"
6639,"64,10,80"
6640,"3,147,148"
6641,"0,271,291"
6642,"169,170"
6643,"137,23,38"
6644,"3,127,21"
6645,"26,231,23"
6646,"145,44,40"
6647,"171,199,170"
6648,"405,0,8"
6649,"331,5,3"
6650,"251,337,296"
6651,"54,95,402"
6652,"224,41,40"
6653,"38,23,418"
6654,"317,74,23"
6655,"3,53,21"
6656,"118,40,41"
6657,"23,38,26"
6658,"311,426,199"
6659,"187,3,21"
6660,"220,10"
6661,"43,24,23"
6662,"402,40,145"
6663,"40,128,402"
6664,"220,10"
6665,"3,301,21"
6666,"0,313,216"
6667,"16,15,3"
6668,"406,40,131"
6669,"23,74,283"
6670,"40,60,61"
6671,"89,23,26"
6672,"8,405,0"
6673,"10,23"
6674,"0,218"
6675,"31,96,23"
6676,"64,10,93"
6677,"199,169,311"
6678,"40,195,128"
6679,"0,8,206"
6680,"249,0,279"
6681,"309,23,38"
6682,"40,145"
6683,"448,64,10"
6684,"21,3,301"
6685,"138,135,40"
6686,"40,160,315"
6687,"3,21"
6688,"0,145,44"
6689,"0,271,366"
6690,"3,25,24"
6691,"3,40,21"
6692,"259,431,311"
6693,"3,21"
6694,"0,255,271"
6695,"3,147,203"
6696,"3,111,388"
6697,"3,53,68"
6698,"40,131,241"
6699,"3,301,21"
6700,"3,108,281"
6701,"10,12,145"
6702,"250,40,135"
6703,"220,221,10"
6704,"3,21"
6705,"38,23,231"
6706,"3,13,14"
6707,"24,25,23"
6708,"3,15,16"
6709,"181,145,40"
6710,"0,313"
6711,"93,64,10"
6712,"3,21"
6713,"169,343,199"
6714,"23,38,137"
6715,"259,311,426"
6716,"220,10,221"
6717,"43,24,23"
6718,"0,8,391"
6719,"0,265,8"
6720,"94,23,38"
6721,"145,44,45"
6722,"145,402,44"
6723,"23,38,26"
6724,"10,220"
6725,"40,131,241"
6726,"282,199,171"
6727,"0,271,291"
6728,"3,523,53"
6729,"40,406,131"
6730,"0,271,444"
6731,"171,199,170"
6732,"3,187,21"
6733,"3,21"
6734,"44,145,45"
6735,"8,0,308"
6736,"40,38,23"
6737,"402,145,40"
6738,"10,220"
6739,"3,111"
6740,"206,0,8"
6741,"169,199"
6742,"59,23,24"
6743,"220,10"
6744,"0,8,206"
6745,"3,121,13"
6746,"74,23"
6747,"323,170,199"
6748,"3,187,21"
6749,"3,111,74"
6750,"3,111"
6751,"0,271,291"
6752,"40,3,127"
6753,"40,3,127"
6754,"139,40,199"
6755,"169,296"
6756,"10,220"
6757,"30,38,23"
6758,"3,187,21"
6759,"3,36,35"
6760,"23,26,308"
6761,"10,489,11"
6762,"169,199"
6763,"231,26,23"
6764,"3,30,81"
6765,"3,111"
6766,"271,0,291"
6767,"145,44,45"
6768,"220,10,23"
6769,"296,251,337"
6770,"3,35,36"
6771,"0,277"
6772,"118,23,74"
6773,"160,40"
6774,"3,523,53"
6775,"3,4,375"
6776,"3,17,320"
6777,"169,296,336"
6778,"40,128,129"
6779,"0,271,456"
6780,"3,17"
6781,"131,40,241"
6782,"23,118,74"
6783,"426,311,259"
6784,"145,44,45"
6785,"0,265,314"
6786,"10,419,145"
6787,"40,406,131"
6788,"10,95,54"
6789,"23,169,31"
6790,"0,8,206"
6791,"10,145,40"
6792,"0,235,8"
6793,"10,220,0"
6794,"49,24,23"
6795,"271,0,456"
6796,"135,40,431"
6797,"63,23,38"
6798,"3,281,199"
6799,"3,5,331"
6800,"3,4,331"
6801,"24,71,38"
6802,"3,121,120"
6803,"271,0,291"
6804,"10,64"
6805,"44,38,10"
6806,"25,24,23"
6807,"0,169,337"
6808,"169,426,306"
6809,"3,435,4"
6810,"0,255,265"
6811,"40,21,234"
6812,"3,21"
6813,"3,187,21"
6814,"3,4,5"
6815,"11,10,145"
6816,"160,315,40"
6817,"281,169,199"
6818,"3,21,28"
6819,"164,3,21"
6820,"0,349,265"
6821,"0,349,359"
6822,"40,128,145"
6823,"40,128,41"
6824,"363,271,0"
6825,"10,64,80"
6826,"431,135,40"
6827,"40,131,406"
6828,"0,360,271"
6829,"10,54,23"
6830,"32,31,23"
6831,"24,145,170"
6832,"508,426,169"
6833,"21,3,182"
6834,"523,53,3"
6835,"295,135,40"
6836,"4,3,19"
6837,"80,64,10"
6838,"23,40,241"
6839,"23,241,40"
6840,"24,25,220"
6841,"426,337,311"
6842,"24,71,38"
6843,"23,39,0"
6844,"286,41,40"
6845,"0,271,438"
6846,"402,145,40"
6847,"187,3,21"
6848,"509,218,0"
6849,"23,24,43"
6850,"3,21"
6851,"44,23,25"
6852,"448,145,10"
6853,"0,265,418"
6854,"71,38,145"
6855,"3,21"
6856,"23,105,38"
6857,"3,15,16"
6858,"0,206,8"
6859,"0,313,346"
6860,"426,311,312"
6861,"169,199,343"
6862,"3,36,35"
6863,"44,45,145"
6864,"11,12,10"
6865,"40,162,135"
6866,"337,426,311"
6867,"10,64,60"
6868,"0,271,291"
6869,"64,10,80"
6870,"3,523,53"
6871,"40,131,41"
6872,"131,40,406"
6873,"23,145,24"
6874,"0,271"
6875,"0,271,456"
6876,"259,426,311"
6877,"89,26,23"
6878,"339,337,169"
6879,"21,3,127"
6880,"0,8,206"
6881,"25,24,23"
6882,"281,169,199"
6883,"40,181"
6884,"0,313"
6885,"296,169"
6886,"40,74,23"
6887,"181,40,145"
6888,"315,40,160"
6889,"45,145,44"
6890,"0,271,363"
6891,"23,106,25"
6892,"0,308,23"
6893,"0,271,456"
6894,"23,38"
6895,"24,23,43"
6896,"320,40,128"
6897,"0,265,340"
6898,"105,3,23"
6899,"128,40,130"
6900,"23,63,38"
6901,"11,205,10"
6902,"337,251,296"
6903,"220,10,221"
6904,"23,38,39"
6905,"26,23,318"
6906,"74,303,23"
6907,"3,15,16"
6908,"118,23,74"
6909,"145,402,40"
6910,"0,8,391"
6911,"15,16,3"
6912,"171,199,170"
6913,"40,131,406"
6914,"0,8"
6915,"8,0,206"
6916,"74,317,23"
6917,"23,137,175"
6918,"328,31,23"
6919,"4,70,3"
6920,"3,51,52"
6921,"10,220"
6922,"3,5,4"
6923,"118,74,23"
6924,"23,3,404"
6925,"77,0,380"
6926,"89,26,23"
6927,"10,220"
6928,"214,0,213"
6929,"23,94,38"
6930,"3,121,120"
6931,"80,64,10"
6932,"40,151,152"
6933,"251,337,296"
6934,"10,220,25"
6935,"3,85,86"
6936,"3,40,164"
6937,"40,145,54"
6938,"3,275,111"
6939,"45,44,10"
6940,"165,23,74"
6941,"265,0,349"
6942,"145,502,40"
6943,"171,170,199"
6944,"3,4"
6945,"23,105,25"
6946,"195,128,0"
6947,"0,291,271"
6948,"156,3,147"
6949,"5,6,3"
6950,"3,204,13"
6951,"10,64,93"
6952,"24,49,23"
6953,"169,311"
6954,"10,220"
6955,"448,64,10"
6956,"220,10"
6957,"3,15,16"
6958,"220,10"
6959,"337,251,296"
6960,"3,227,30"
6961,"3,411,267"
6962,"145,40,24"
6963,"4,3,435"
6964,"241,40,131"
6965,"337,426,311"
6966,"23,0,89"
6967,"0,308,8"
6968,"0,366,216"
6969,"23,10,60"
6970,"3,52,51"
6971,"21,3,182"
6972,"241,131,40"
6973,"145,44,45"
6974,"71,24,38"
6975,"40,171,170"
6976,"25,24,10"
6977,"3,21,320"
6978,"3,21,187"
6979,"0,8,206"
6980,"3,21,40"
6981,"220,10,23"
6982,"323,199,170"
6983,"64,93,10"
6984,"40,149,41"
6985,"40,41"
6986,"251,24"
6987,"169,417,40"
6988,"40,160"
6989,"170,459,169"
6990,"169,508,260"
6991,"0,89,23"
6992,"41,40,224"
6993,"296,169,411"
6994,"38,23,309"
6995,"3,435,4"
6996,"21,3,187"
6997,"40,184"
6998,"171,170,199"
6999,"131,134,40"
7000,"93,64,10"
7001,"90,10,64"
7002,"0,455,40"
7003,"64,10,93"
7004,"3,21,34"
7005,"40,128"
7006,"296,169,371"
7007,"40,41,243"
7008,"3,147,148"
7009,"4,435,3"
7010,"3,4"
7011,"40,131,406"
7012,"3,148,147"
7013,"40,23,165"
7014,"0,363,265"
7015,"32,31,23"
7016,"145,44,95"
7017,"0,271,363"
7018,"17,320,3"
7019,"3,182,21"
7020,"500,118,23"
7021,"169,40,145"
7022,"40,215,241"
7023,"10,72,44"
7024,"39,23,38"
7025,"3,182,21"
7026,"296,40,41"
7027,"346,313,44"
7028,"271,0,360"
7029,"40,10,489"
7030,"40,224,41"
7031,"3,28,53"
7032,"3,21,17"
7033,"89,26,0"
7034,"0,271,291"
7035,"24,23,25"
7036,"44,45,145"
7037,"34,3,263"
7038,"40,184,131"
7039,"10,489,60"
7040,"311,337,426"
7041,"145,23,40"
7042,"181,145,40"
7043,"64,10,93"
7044,"54,95,24"
7045,"138,40,135"
7046,"45,44,145"
7047,"54,95,10"
7048,"3,21,301"
7049,"40,128,186"
7050,"426,311,337"
7051,"405,8,0"
7052,"350,23,26"
7053,"220,10,24"
7054,"40,160,315"
7055,"311,426,169"
7056,"23,25,145"
7057,"0,8,308"
7058,"3,53,13"
7059,"23,40,128"
7060,"3,301,21"
7061,"3,474,111"
7062,"23,317,74"
7063,"251,296,337"
7064,"89,26,23"
7065,"0,40,8"
7066,"0,271,291"
7067,"25,24,23"
7068,"259,311,426"
7069,"0,206,8"
7070,"118,74,23"
7071,"169,296,371"
7072,"175,128,40"
7073,"23,493,326"
7074,"3,23,24"
7075,"25,23,24"
7076,"0,265,349"
7077,"40,402,10"
7078,"23,118,74"
7079,"251,296,23"
7080,"3,17,34"
7081,"145,44,45"
7082,"493,23,31"
7083,"170,171,199"
7084,"0,8,235"
7085,"53,287,3"
7086,"23,38"
7087,"38,91,23"
7088,"43,24,23"
7089,"3,147,148"
7090,"3,5,331"
7091,"93,10,64"
7092,"145,10,495"
7093,"3,21,40"
7094,"3,13,204"
7095,"145,40,402"
7096,"201,41,3"
7097,"10,220,221"
7098,"3,287,169"
7099,"23,24,31"
7100,"346,313,0"
7101,"32,31,23"
7102,"44,145,23"
7103,"23,49,24"
7104,"74,23,303"
7105,"40,186,128"
7106,"145,44,45"
7107,"24,49,23"
7108,"44,72,145"
7109,"23,3,81"
7110,"10,60,218"
7111,"118,23,74"
7112,"426,337,184"
7113,"40,508,328"
7114,"309,23,38"
7115,"26,23,0"
7116,"40,92,145"
7117,"43,24,23"
7118,"25,23,24"
7119,"406,40,131"
7120,"128,40,129"
7121,"145,40,402"
7122,"0,8,235"
7123,"138,135,40"
7124,"3,523,53"
7125,"31,96,23"
7126,"170,169,199"
7127,"3,21"
7128,"220,10"
7129,"64,10,93"
7130,"3,21,53"
7131,"337,311,426"
7132,"80,10,44"
7133,"0,271,366"
7134,"10,44,64"
7135,"346,313,0"
7136,"337,251,296"
7137,"0,291,265"
7138,"3,182,21"
7139,"3,21,267"
7140,"3,21,164"
7141,"40,289"
7142,"23,105,3"
7143,"220,10"
7144,"337,311,426"
7145,"296,169"
7146,"38,23,74"
7147,"0,271,291"
7148,"40,128"
7149,"243,40,184"
7150,"3,311,169"
7151,"169,281,199"
7152,"199,169,170"
7153,"426,281,311"
7154,"0,206,8"
7155,"45,44,145"
7156,"224,41,40"
7157,"227,3,30"
7158,"187,3,21"
7159,"40,175,184"
7160,"40,186,160"
7161,"131,193,40"
7162,"171,170,199"
7163,"0,40,502"
7164,"3,40,111"
7165,"260,170,169"
7166,"169,311,426"
7167,"23,118,74"
7168,"40,3"
7169,"3,21,127"
7170,"0,44,145"
7171,"40,160,315"
7172,"40,128,160"
7173,"3,4,435"
7174,"0,8,235"
7175,"3,15,16"
7176,"0,218,360"
7177,"148,3,147"
7178,"0,255,271"
7179,"0,349,265"
7180,"138,135,40"
7181,"131,241,40"
7182,"40,128,186"
7183,"231,26,23"
7184,"169,296,411"
7185,"402,40,145"
7186,"402,145,40"
7187,"3,111,5"
7188,"64,10,40"
7189,"10,25,220"
7190,"3,0,53"
7191,"3,474,111"
7192,"93,170,10"
7193,"131,40,406"
7194,"40,128,130"
7195,"0,271,456"
7196,"40,315,160"
7197,"10,218,13"
7198,"40,286,41"
7199,"145,402,40"
7200,"0,8,313"
7201,"135,40"
7202,"64,10,93"
7203,"0,249,279"
7204,"169,343,199"
7205,"95,54,40"
7206,"402,145,40"
7207,"216,0"
7208,"3,111,41"
7209,"44,145,40"
7210,"3,52,51"
7211,"3,16,15"
7212,"3,435,4"
7213,"129,128,40"
7214,"43,24,23"
7215,"10,64,80"
7216,"3,287,53"
7217,"138,135,40"
7218,"431,40,135"
7219,"93,10,64"
7220,"25,24,23"
7221,"105,23,519"
7222,"145,402,40"
7223,"343,199,169"
7224,"220,10"
7225,"169,374,199"
7226,"3,21,28"
7227,"3,53,0"
7228,"3,204,13"
7229,"40,131,128"
7230,"3,301,21"
7231,"131,40,241"
7232,"0,271"
7233,"23,74,303"
7234,"3,34,447"
7235,"32,31,23"
7236,"220,10"
7237,"145,44,45"
7238,"21,3,301"
7239,"3,519,105"
7240,"3,53,17"
7241,"169,199,281"
7242,"3,120,53"
7243,"199,414,169"
7244,"13,3"
7245,"3,52,51"
7246,"160,315,40"
7247,"3,301,21"
7248,"146,40,145"
7249,"23,38,118"
7250,"277,340,0"
7251,"3,147,156"
7252,"3,21,301"
7253,"420,23,31"
7254,"40,128,130"
7255,"25,24,23"
7256,"40,139,153"
7257,"3,325,120"
7258,"40,139,143"
7259,"0,265,340"
7260,"43,24,23"
7261,"3,331,5"
7262,"40,23,31"
7263,"40,162"
7264,"0,366,271"
7265,"0,49,291"
7266,"23,38,91"
7267,"456,271,0"
7268,"3,523,148"
7269,"169,199,343"
7270,"105,3,23"
7271,"3,187,21"
7272,"3,21,169"
7273,"40,41,135"
7274,"3,187,263"
7275,"0,291,271"
7276,"0,271,291"
7277,"43,24,23"
7278,"40,78,23"
7279,"40,160,151"
7280,"3,21,34"
7281,"3,4,435"
7282,"49,24,40"
7283,"145,44,45"
7284,"0,265,340"
7285,"3,147,156"
7286,"0,265,273"
7287,"169,337"
7288,"3,187,21"
7289,"337,251,296"
7290,"4,3,70"
7291,"146,145,40"
7292,"32,31,23"
7293,"21,40,3"
7294,"40,131,241"
7295,"3,340,265"
7296,"0,206,8"
7297,"49,24,23"
7298,"0,265,340"
7299,"23,26,89"
7300,"44,45,145"
7301,"64,10,93"
7302,"337,311,426"
7303,"11,145,44"
7304,"339,337,0"
7305,"402,145,40"
7306,"17,3,320"
7307,"3,345,23"
7308,"181,40,145"
7309,"229,230,28"
7310,"3,21,40"
7311,"3,435,4"
7312,"11,10,44"
7313,"181,145,40"
7314,"0,265,255"
7315,"0,271,360"
7316,"131,40,241"
7317,"3,33,164"
7318,"62,23,40"
7319,"337,311,426"
7320,"23,118,74"
7321,"40,138,169"
7322,"131,40,193"
7323,"3,21,187"
7324,"77,31"
7325,"0,271,291"
7326,"26,231,23"
7327,"21,3,124"
7328,"135,431,40"
7329,"0,271,291"
7330,"3,127,21"
7331,"32,31,23"
7332,"224,40,41"
7333,"128,40,129"
7334,"291,271,0"
7335,"281,296,23"
7336,"281,169,199"
7337,"23,317,74"
7338,"10,60"
7339,"128,40,130"
7340,"3,15,16"
7341,"23,26,231"
7342,"186,40,128"
7343,"3,164,21"
7344,"171,170,199"
7345,"160,3,40"
7346,"123,111,40"
7347,"3,104,30"
7348,"231,26,23"
7349,"3,21,301"
7350,"74,283,23"
7351,"0,265,271"
7352,"23,3,495"
7353,"131,40,241"
7354,"340,265,0"
7355,"10,64,239"
7356,"3,13,5"
7357,"199,169,343"
7358,"3,111,21"
7359,"21,3,169"
7360,"0,8"
7361,"100,367,40"
7362,"40,131,406"
7363,"3,4,70"
7364,"3,35,36"
7365,"64,10,80"
7366,"169,436,170"
7367,"74,23,118"
7368,"286,41,40"
7369,"23,38,137"
7370,"220,10,0"
7371,"0,216"
7372,"15,3,16"
7373,"3,111"
7374,"3,301,21"
7375,"175,40,128"
7376,"44,145,73"
7377,"44,45,145"
7378,"40,128,195"
7379,"3,4"
7380,"251,296,23"
7381,"127,21,3"
7382,"25,24,220"
7383,"3,21,182"
7384,"0,457,218"
7385,"212,211,216"
7386,"4,435,3"
7387,"44,145,72"
7388,"23,49,24"
7389,"3,148,147"
7390,"3,21,182"
7391,"40,128,129"
7392,"54,145,95"
7393,"77,31,193"
7394,"10,38,23"
7395,"96,31,23"
7396,"40,494,128"
7397,"3,364,28"
7398,"10,220"
7399,"89,23,162"
7400,"145,402,40"
7401,"105,23,326"
7402,"40,64,10"
7403,"370,216,0"
7404,"40,131,241"
7405,"64,10,80"
7406,"40,241,41"
7407,"0,279,249"
7408,"199,169"
7409,"24,23,43"
7410,"3,53,21"
7411,"40,162,163"
7412,"40,135"
7413,"3,111"
7414,"147,3,156"
7415,"44,145,45"
7416,"402,145,40"
7417,"259,426,311"
7418,"40,131,406"
7419,"23,309"
7420,"218,509,0"
7421,"21,3,187"
7422,"0,458,277"
7423,"64,10,80"
7424,"38,23"
7425,"3,53,523"
7426,"44,10"
7427,"0,349,265"
7428,"3,111,85"
7429,"44,45,145"
7430,"224,41,40"
7431,"26,23,350"
7432,"169,459,374"
7433,"23,3,113"
7434,"169,281,199"
7435,"40,128,38"
7436,"3,164,21"
7437,"10,23,24"
7438,"0,271,291"
7439,"3,145,21"
7440,"0,313,346"
7441,"10,12,11"
7442,"169,31,426"
7443,"10,11,205"
7444,"169,199,343"
7445,"3,120,28"
7446,"23,26"
7447,"31,96,23"
7448,"3,21,127"
7449,"49,23,24"
7450,"3,22,21"
7451,"3,21,523"
7452,"38,71,44"
7453,"3,265,340"
7454,"291,0,271"
7455,"3,5,133"
7456,"311,426,0"
7457,"64,10,80"
7458,"23,118,74"
7459,"44,10,145"
7460,"26,23,350"
7461,"3,17,168"
7462,"49,23,24"
7463,"21,3,127"
7464,"169,374,459"
7465,"21,127,3"
7466,"23,38,107"
7467,"0,206,8"
7468,"74,303"
7469,"3,51,52"
7470,"23,40,406"
7471,"63,38,23"
7472,"199,323,170"
7473,"40,199"
7474,"0,271"
7475,"3,17,320"
7476,"40,160,315"
7477,"135,138,40"
7478,"24,23,10"
7479,"271,363,0"
7480,"3,21"
7481,"10,11,72"
7482,"454,31,169"
7483,"3,287,53"
7484,"0,291,271"
7485,"64,10,80"
7486,"216,370,0"
7487,"40,131,134"
7488,"0,444,347"
7489,"40,162"
7490,"3,148,147"
7491,"40,41,201"
7492,"40,128,175"
7493,"25,24,23"
7494,"0,49,265"
7495,"38,309,23"
7496,"224,41,40"
7497,"220,10"
7498,"0,346,313"
7499,"169,199"
7500,"3,4,19"
7501,"0,271,291"
7502,"59,44,145"
7503,"0,271,456"
7504,"454,31,508"
7505,"24,345"
7506,"23,74,118"
7507,"3,5,182"
7508,"171,170,199"
7509,"24,71,38"
7510,"3,147"
7511,"40,24,38"
7512,"0,271,337"
7513,"10,93,60"
7514,"32,23,31"
7515,"42,41,40"
7516,"3,21"
7517,"259,311,426"
7518,"131,40"
7519,"40,199,248"
7520,"25,24,23"
7521,"38,23,39"
7522,"25,24,23"
7523,"199,311,337"
7524,"0,394,265"
7525,"40,131"
7526,"3,523,53"
7527,"40,131,241"
7528,"3,435,111"
7529,"184,40"
7530,"93,10,40"
7531,"10,145,44"
7532,"40,145,146"
7533,"3,4,435"
7534,"3,15,16"
7535,"25,24,23"
7536,"10,64,65"
7537,"315,160,3"
7538,"3,34,187"
7539,"0,8,308"
7540,"135,189,40"
7541,"169,281,199"
7542,"127,40,3"
7543,"32,31,23"
7544,"366,0,271"
7545,"3,21,187"
7546,"0,308,8"
7547,"24,0,10"
7548,"0,218,255"
7549,"402,145,40"
7550,"40,3,13"
7551,"0,271,372"
7552,"3,21,182"
7553,"3,15,16"
7554,"64,10,90"
7555,"220,10"
7556,"290,31,23"
7557,"3,4,435"
7558,"40,135,74"
7559,"169,199,170"
7560,"71,44,38"
7561,"3,13"
7562,"0,418,265"
7563,"43,23,24"
7564,"3,16,15"
7565,"234,21,60"
7566,"23,25,24"
7567,"0,206,8"
7568,"220,10"
7569,"3,301,21"
7570,"64,93,10"
7571,"41,42,40"
7572,"71,44,145"
7573,"220,10"
7574,"40,17,3"
7575,"23,308,38"
7576,"3,4"
7577,"241,131,40"
7578,"296,251,337"
7579,"124,23,72"
7580,"23,38,82"
7581,"44,45,145"
7582,"0,216,458"
7583,"3,275,15"
7584,"40,241,131"
7585,"3,169,53"
7586,"3,147,21"
7587,"43,24,23"
7588,"147,3,148"
7589,"145,44,45"
7590,"3,147,148"
7591,"40,135,139"
7592,"147,3,148"
7593,"3,4,435"
7594,"15,16,3"
7595,"0,271,304"
7596,"24,23,43"
7597,"220,10,40"
7598,"23,25,24"
7599,"345,24,23"
7600,"281,199,169"
7601,"24,43,23"
7602,"71,38,24"
7603,"31,96,23"
7604,"23,38,137"
7605,"363,0,271"
7606,"26,350,23"
7607,"3,147,435"
7608,"220,10"
7609,"49,24,23"
7610,"0,357"
7611,"3,21"
7612,"64,80,10"
7613,"0,216,457"
7614,"10,11,489"
7615,"271,0,291"
7616,"24,25,23"
7617,"145,40,44"
7618,"3,51,52"
7619,"105,326,23"
7620,"181,145,40"
7621,"72,44,145"
7622,"239,10,60"
7623,"3,523,53"
7624,"171,199,170"
7625,"0,291,271"
7626,"3,15,16"
7627,"3,34"
7628,"21,182,3"
7629,"40,160,315"
7630,"23,24,49"
7631,"3,111,182"
7632,"43,24,23"
7633,"220,10"
7634,"23,89,26"
7635,"21,187,3"
7636,"10,23,60"
7637,"448,23,25"
7638,"40,152,151"
7639,"3,21,301"
7640,"49,23,24"
7641,"290,31,23"
7642,"0,277,458"
7643,"208,521,0"
7644,"3,21,164"
7645,"40,74,23"
7646,"3,5,133"
7647,"255,0"
7648,"40,175,23"
7649,"0,488,265"
7650,"296,169,300"
7651,"220,10"
7652,"160,40,315"
7653,"40,169,296"
7654,"64,10"
7655,"26,89,23"
7656,"43,24,23"
7657,"3,15,17"
7658,"38,23,40"
7659,"3,21,305"
7660,"3,51,21"
7661,"241,131,40"
7662,"10,220"
7663,"71,24,38"
7664,"323,170,199"
7665,"40,131"
7666,"431,40,135"
7667,"3,51,17"
7668,"3,148,180"
7669,"169,0"
7670,"0,271,348"
7671,"171,199,170"
7672,"220,40,145"
7673,"10,220"
7674,"459,169,170"
7675,"23,10,60"
7676,"195,128,40"
7677,"31,23,454"
7678,"43,24,23"
7679,"3,21,182"
7680,"21,3,182"
7681,"171,199,170"
7682,"40,406,131"
7683,"0,271,291"
7684,"3,21,301"
7685,"454,31,23"
7686,"349,0,265"
7687,"3,176,4"
7688,"40,138,135"
7689,"53,3,523"
7690,"3,164,21"
7691,"138,135,40"
7692,"241,131,40"
7693,"64,10,80"
7694,"3,17,320"
7695,"0,145,218"
7696,"0,208,216"
7697,"3,28,330"
7698,"40,135,23"
7699,"23,49,24"
7700,"40,169,426"
7701,"193,40,131"
7702,"311,426,23"
7703,"64,10,93"
7704,"39,23,38"
7705,"195,40,128"
7706,"3,275,111"
7707,"3,156,147"
7708,"25,24,23"
7709,"128,130,40"
7710,"40,160,315"
7711,"23,38,39"
7712,"0,3,340"
7713,"24,71,165"
7714,"350,23,26"
7715,"24,25,23"
7716,"0,426,311"
7717,"40,128"
7718,"80,145,10"
7719,"3,21,85"
7720,"40,131,406"
7721,"80,64,10"
7722,"3,21,41"
7723,"118,23,74"
7724,"3,287"
7725,"402,145,40"
7726,"42,41,40"
7727,"402,10,145"
7728,"40,146,145"
7729,"40,3,286"
7730,"40,3,17"
7731,"171,170,199"
7732,"195,3,512"
7733,"0,23"
7734,"64,10"
7735,"61,60,10"
7736,"38,87,40"
7737,"3,188"
7738,"160,315,40"
7739,"17,3,320"
7740,"40,145,181"
7741,"31,290,23"
7742,"3,4,435"
7743,"3,127,147"
7744,"3,34,447"
7745,"3,21,127"
7746,"40,41,128"
7747,"3,21,53"
7748,"231,0,26"
7749,"164,40,3"
7750,"437,145,40"
7751,"3,4,435"
7752,"0,271,291"
7753,"40,139,3"
7754,"265,0,349"
7755,"17,320"
7756,"3,411,267"
7757,"508,426,169"
7758,"32,31,23"
7759,"454,23,31"
7760,"23,145,38"
7761,"0,265,255"
7762,"402,40,145"
7763,"0,89,26"
7764,"23,26,231"
7765,"15,16,3"
7766,"64,10,93"
7767,"3,34,169"
7768,"15,16,3"
7769,"135,40,236"
7770,"3,147"
7771,"3,301,21"
7772,"3,41,21"
7773,"251,337,296"
7774,"0,277,458"
7775,"0,8,410"
7776,"523,53,3"
7777,"0,308,8"
7778,"131,40,134"
7779,"493,145,40"
7780,"44,69,145"
7781,"3,147,148"
7782,"165,23,74"
7783,"337,311,426"
7784,"3,435,4"
7785,"220,10"
7786,"3,111,21"
7787,"23,91,26"
7788,"313,0,346"
7789,"23,38,0"
7790,"23,38,91"
7791,"44,145,11"
7792,"40,42,41"
7793,"40,241,131"
7794,"10,220,25"
7795,"3,123,111"
7796,"220,10,242"
7797,"251,337,296"
7798,"169,40,296"
7799,"38,23,39"
7800,"241,131,40"
7801,"72,44,145"
7802,"40,23,38"
7803,"62,23,24"
7804,"17,320,3"
7805,"3,17"
7806,"40,131"
7807,"3,53,523"
7808,"3,53,287"
7809,"419,69,11"
7810,"0,291,271"
7811,"3,21"
7812,"10,11"
7813,"0,271,216"
7814,"171,199,170"
7815,"40,224,41"
7816,"40,139"
7817,"10,90,64"
7818,"3,21"
7819,"3,21,164"
7820,"43,24,23"
7821,"71,38,24"
7822,"0,271,291"
7823,"44,45,145"
7824,"15,16,3"
7825,"3,53,111"
7826,"135,431,40"
7827,"0,265,438"
7828,"40,0,89"
7829,"0,457,218"
7830,"23,231,26"
7831,"337,311,426"
7832,"77,0,271"
7833,"40,145,24"
7834,"3,21,301"
7835,"337,296,64"
7836,"251,337,296"
7837,"251,296,337"
7838,"59,23,24"
7839,"44,145,72"
7840,"3,68,182"
7841,"23,89,26"
7842,"40,145,0"
7843,"28,29,3"
7844,"265,0,349"
7845,"24,43,23"
7846,"40,131,241"
7847,"40,160,315"
7848,"3,4,435"
7849,"3,17,21"
7850,"21,3"
7851,"3,148,147"
7852,"40,128,130"
7853,"0,8,206"
7854,"40,145,24"
7855,"251,296,337"
7856,"145,44,45"
7857,"322,145,40"
7858,"40,160,315"
7859,"0,349,265"
7860,"0,8,235"
7861,"3,435,4"
7862,"23,74,118"
7863,"40,145,146"
7864,"3,105,23"
7865,"53,3"
7866,"197,60,10"
7867,"49,24,23"
7868,"0,291,271"
7869,"3,53"
7870,"93,64,10"
7871,"23,24,49"
7872,"3,219,30"
7873,"40,169"
7874,"0,271,455"
7875,"131,241,40"
7876,"23,53,131"
7877,"10,489,64"
7878,"40,315,160"
7879,"0,40,243"
7880,"40,21,3"
7881,"265,0,349"
7882,"64,93,10"
7883,"24,60,43"
7884,"135,40"
7885,"0,271,291"
7886,"17,320,3"
7887,"523,53,3"
7888,"0,265,418"
7889,"32,23,31"
7890,"16,15,3"
7891,"0,249,279"
7892,"234,60,21"
7893,"0,8,235"
7894,"3,147,148"
7895,"13,3,14"
7896,"40,74,135"
7897,"171,199,170"
7898,"40,160,315"
7899,"3,21,40"
7900,"0,10,446"
7901,"23,24,25"
7902,"0,271,366"
7903,"0,26,313"
7904,"21,3,108"
7905,"3,53,68"
7906,"171,199,170"
7907,"3,21,53"
7908,"281,199,311"
7909,"169,23,40"
7910,"171,199,170"
7911,"40,145"
7912,"74,23,165"
7913,"0,349,271"
7914,"64,93,10"
7915,"3,51,147"
7916,"3,523,53"
7917,"181,145,40"
7918,"145,44,40"
7919,"296,337,251"
7920,"296,251,337"
7921,"0,220,265"
7922,"296,336,169"
7923,"448,64,40"
7924,"3,182,21"
7925,"94,38,23"
7926,"64,10,93"
7927,"23,24,106"
7928,"74,23,317"
7929,"40,131,406"
7930,"0,271,291"
7931,"3,13,204"
7932,"0,349,265"
7933,"3,111,21"
7934,"3,53,148"
7935,"426,311,0"
7936,"53,523,3"
7937,"0,8,206"
7938,"45,44,145"
7939,"15,16,3"
7940,"141,135,40"
7941,"32,23,31"
7942,"72,10,44"
7943,"135,431,40"
7944,"128,129,40"
7945,"328,31,0"
7946,"311,337,426"
7947,"24,23,25"
7948,"135,138,40"
7949,"402,145,40"
7950,"23,44,145"
7951,"3,21"
7952,"3,4,19"
7953,"40,131,406"
7954,"0,271,360"
7955,"40,160,315"
7956,"3,282,111"
7957,"145,40,402"
7958,"102,241,40"
7959,"0,265,418"
7960,"259,426,311"
7961,"0,277,271"
7962,"45,44,145"
7963,"4,3,435"
7964,"3,10,120"
7965,"3,13,204"
7966,"3,111,15"
7967,"3,21,28"
7968,"145,40,193"
7969,"339,169,337"
7970,"40,160,315"
7971,"40,189,307"
7972,"131,40,241"
7973,"3,21,164"
7974,"0,271,456"
7975,"8,308,0"
7976,"145,44,45"
7977,"145,45,44"
7978,"0,271,457"
7979,"250,40,135"
7980,"181,145,40"
7981,"23,38,137"
7982,"131,40,241"
7983,"111,404,3"
7984,"3,21,164"
7985,"40,131"
7986,"10,64,23"
7987,"129,128,40"
7988,"194,40,128"
7989,"23,25,24"
7990,"89,26,23"
7991,"24,23,43"
7992,"3,46,34"
7993,"265,0,418"
7994,"181,145,40"
7995,"281,169,199"
7996,"0,271,291"
7997,"3,21,301"
7998,"13,3,40"
7999,"231,26,23"
8000,"337,311,426"
8001,"13,3,495"
8002,"40,131,406"
8003,"3,111,119"
8004,"89,145,40"
8005,"40,139,140"
8006,"64,10,80"
8007,"3,120,15"
8008,"21,3,301"
8009,"231,26,23"
8010,"26,350,23"
8011,"275,3,111"
8012,"8,0,308"
8013,"23,49,24"
8014,"0,271,265"
8015,"0,8,308"
8016,"169,199,40"
8017,"21,3,127"
8018,"164,21,3"
8019,"44,45,145"
8020,"234,60,21"
8021,"3,21,147"
8022,"38,23,87"
8023,"3,34,40"
8024,"61,10,44"
8025,"182,40,111"
8026,"111,161,40"
8027,"10,12,11"
8028,"0,366,271"
8029,"3,4,435"
8030,"3,311,34"
8031,"311,337,426"
8032,"23,26,89"
8033,"17,3,320"
8034,"296,23,169"
8035,"21,3,301"
8036,"74,317,23"
8037,"40,145,146"
8038,"40,175,128"
8039,"64,10,65"
8040,"187,3,21"
8041,"296,333,169"
8042,"139,40"
8043,"0,271,265"
8044,"131,241,40"
8045,"220,10"
8046,"3,435"
8047,"3,13,204"
8048,"13,3,14"
8049,"460,169,38"
8050,"3,17,320"
8051,"26,350,23"
8052,"0,206,8"
8053,"300,169,296"
8054,"3,17,320"
8055,"145,95,54"
8056,"109,40,23"
8057,"346,23,89"
8058,"3,30,66"
8059,"23,38"
8060,"10,220"
8061,"10,220"
8062,"40,241,131"
8063,"40,130,128"
8064,"145,323,93"
8065,"417,296,169"
8066,"3,52,51"
8067,"3,301,21"
8068,"3,17,15"
8069,"402,145,40"
8070,"3,34,17"
8071,"10,12,11"
8072,"72,145,44"
8073,"135,40,138"
8074,"508,426,23"
8075,"71,38,24"
8076,"40,184"
8077,"14,13,10"
8078,"54,38,10"
8079,"3,22,21"
8080,"40,241,131"
8081,"24,43,23"
8082,"0,8,308"
8083,"131,40,406"
8084,"40,500,135"
8085,"128,130,40"
8086,"3,21,164"
8087,"0,279,249"
8088,"0,291,271"
8089,"0,8,308"
8090,"0,313,218"
8091,"113,3,523"
8092,"145,44,45"
8093,"10,220"
8094,"199,171,96"
8095,"311,259,426"
8096,"131,40,406"
8097,"3,5,53"
8098,"265,0,418"
8099,"40,145,25"
8100,"38,39,23"
8101,"171,199,170"
8102,"88,23,38"
8103,"3,40,4"
8104,"3,435,182"
8105,"3,21,301"
8106,"145,402,40"
8107,"3,21,41"
8108,"523,3,53"
8109,"0,271,291"
8110,"3,148,147"
8111,"24,23,43"
8112,"31,10,169"
8113,"3,435"
8114,"40,128,250"
8115,"40,241,23"
8116,"3,36,35"
8117,"25,24,10"
8118,"3,148,147"
8119,"0,265,8"
8120,"231,23,26"
8121,"23,24,145"
8122,"3,15,16"
8123,"74,23,40"
8124,"306,296,169"
8125,"199,323,170"
8126,"145,45,44"
8127,"145,44"
8128,"96,31,23"
8129,"40,243,184"
8130,"23,107,38"
8131,"0,265,349"
8132,"32,31,23"
8133,"40,151,3"
8134,"220,10"
8135,"0,218,446"
8136,"296,169,306"
8137,"523,3,53"
8138,"3,13,108"
8139,"10,23"
8140,"23,74,303"
8141,"3,21"
8142,"145,44,45"
8143,"323,199,170"
8144,"296,169,333"
8145,"40,160,315"
8146,"3,17,21"
8147,"3,116,447"
8148,"3,4"
8149,"26,0,23"
8150,"296,169"
8151,"235,0,8"
8152,"40,160,302"
8153,"72,60,23"
8154,"0,291,271"
8155,"21,3,135"
8156,"0,313,346"
8157,"40,23,131"
8158,"0,8,308"
8159,"309,250,38"
8160,"40,186,128"
8161,"184,40"
8162,"187,3,21"
8163,"3,147,156"
8164,"24,25,44"
8165,"40,184,3"
8166,"24,23,43"
8167,"3,127,21"
8168,"3,4,435"
8169,"3,21,127"
8170,"0,271,291"
8171,"44,145,38"
8172,"169,343,199"
8173,"26,89,23"
8174,"0,254,271"
8175,"0,271"
8176,"40,131,241"
8177,"3,176"
8178,"349,0,265"
8179,"3,4,435"
8180,"291,271,0"
8181,"40,406,131"
8182,"40,241,131"
8183,"38,23,24"
8184,"131,40"
8185,"402,40,145"
8186,"68,3,182"
8187,"3,68,182"
8188,"3,40"
8189,"508,170,426"
8190,"31,96,23"
8191,"186,40,128"
8192,"3,15,16"
8193,"40,181,145"
8194,"3,28,301"
8195,"137,23,38"
8196,"402,145,40"
8197,"3,301,21"
8198,"3,23,30"
8199,"93,64,10"
8200,"23,10,24"
8201,"211,212,216"
8202,"369,208,0"
8203,"3,21,53"
8204,"8,38,308"
8205,"0,8,206"
8206,"23,89,0"
8207,"0,271,349"
8208,"40,241,131"
8209,"251,402,145"
8210,"0,346,313"
8211,"59,0,24"
8212,"23,74,317"
8213,"0,235,8"
8214,"309,38,23"
8215,"271,0,291"
8216,"220,10"
8217,"3,17"
8218,"3,4,435"
8219,"49,24,23"
8220,"3,523,53"
8221,"49,24,23"
8222,"23,25,105"
8223,"3,301,21"
8224,"49,24,23"
8225,"49,24,23"
8226,"131,40,241"
8227,"128,40,186"
8228,"0,271,291"
8229,"296,169"
8230,"21,127,3"
8231,"0,271"
8232,"404,23,74"
8233,"23,24,43"
8234,"3,53"
8235,"308,8,0"
8236,"40,23,290"
8237,"3,523,53"
8238,"349,265,0"
8239,"0,357"
8240,"271,0,291"
8241,"145,181,40"
8242,"3,4,435"
8243,"40,131,241"
8244,"160,315,40"
8245,"40,145,402"
8246,"234,21,60"
8247,"44,145,23"
8248,"3,364,435"
8249,"0,211,218"
8250,"32,23,31"
8251,"184,251,337"
8252,"0,255,271"
8253,"0,206,265"
8254,"64,80,10"
8255,"239,10,60"
8256,"10,239,60"
8257,"0,340,3"
8258,"49,24,23"
8259,"40,131,134"
8260,"181,145,40"
8261,"93,170,323"
8262,"25,24,23"
8263,"3,169,21"
8264,"370,216,0"
8265,"199,169,170"
8266,"3,10,30"
8267,"24,23,10"
8268,"259,311,426"
8269,"23,74"
8270,"0,449,271"
8271,"3,170,21"
8272,"337,426,311"
8273,"0,8,410"
8274,"3,4,111"
8275,"24,43,23"
8276,"23,74"
8277,"128,3,17"
8278,"523,3,53"
8279,"31,23,32"
8280,"220,10"
8281,"131,40,241"
8282,"3,15,34"
8283,"169,296,3"
8284,"0,265"
8285,"131,40,134"
8286,"160,40,315"
8287,"3,21"
8288,"3,30,104"
8289,"3,4"
8290,"24,23,43"
8291,"10,23,508"
8292,"10,64,80"
8293,"40,184,241"
8294,"49,24,23"
8295,"0,206,8"
8296,"343,169,199"
8297,"3,275,176"
8298,"134,131,40"
8299,"3,4,435"
8300,"0,426,271"
8301,"0,311,169"
8302,"3,301,21"
8303,"3,23,53"
8304,"23,26,89"
8305,"3,53,523"
8306,"3,51,52"
8307,"0,206,8"
8308,"5,3,6"
8309,"40,41,42"
8310,"21,3,40"
8311,"0,485,313"
8312,"10,64,93"
8313,"23,38,303"
8314,"216,0,218"
8315,"3,21,182"
8316,"0,271,213"
8317,"21,3,301"
8318,"40,10,199"
8319,"49,24,23"
8320,"169,339,337"
8321,"3,111,224"
8322,"24,181,23"
8323,"181,145,40"
8324,"40,145,402"
8325,"64,10,90"
8326,"337,251,296"
8327,"40,129,128"
8328,"23,74,40"
8329,"508,426,169"
8330,"220,10"
8331,"3,301,21"
8332,"323,145,10"
8333,"10,11,12"
8334,"3,147"
8335,"3,17,51"
8336,"3,199,281"
8337,"250,309,135"
8338,"21,3"
8339,"160,40,334"
8340,"3,17,320"
8341,"3,40,139"
8342,"3,331,5"
8343,"0,8,235"
8344,"64,10,93"
8345,"0,271,291"
8346,"21,3,41"
8347,"40,286,41"
8348,"31,139,23"
8349,"74,23,118"
8350,"62,24,23"
8351,"44,69,145"
8352,"67,265,24"
8353,"23,26,231"
8354,"145,402,40"
8355,"3,160,40"
8356,"93,64,10"
8357,"3,51,52"
8358,"175,40,74"
8359,"24,10,145"
8360,"23,105,106"
8361,"281,169,199"
8362,"171,199,170"
8363,"0,346,313"
8364,"74,283,23"
8365,"0,271"
8366,"3,4,435"
8367,"32,23,31"
8368,"69,11,10"
8369,"3,15,16"
8370,"63,23,38"
8371,"0,271,291"
8372,"169,5,199"
8373,"40,193,131"
8374,"40,152,151"
8375,"3,17,320"
8376,"10,205,23"
8377,"0,313,346"
8378,"3,16,15"
8379,"145,44,11"
8380,"24,38,71"
8381,"3,41,40"
8382,"512,128,0"
8383,"74,303,23"
8384,"44,145"
8385,"0,8"
8386,"187,3,104"
8387,"40,145,402"
8388,"3,21,182"
8389,"10,220,23"
8390,"3,111"
8391,"40,160,315"
8392,"3,21,187"
8393,"3,127,21"
8394,"32,31,23"
8395,"3,21,68"
8396,"265,0,340"
8397,"145,44,45"
8398,"171,170,199"
8399,"31,23,218"
8400,"44,145,69"
8401,"40,131,23"
8402,"3,53,4"
8403,"169,53,3"
8404,"169,199,374"
8405,"169,23"
8406,"346,23,89"
8407,"60,145,197"
8408,"523,3,53"
8409,"3,385,286"
8410,"303,74,23"
8411,"0,23,26"
8412,"31,23"
8413,"38,71,24"
8414,"64,10,93"
8415,"145,44,23"
8416,"0,8,271"
8417,"3,64,10"
8418,"3,275,111"
8419,"303,74,23"
8420,"0,271"
8421,"64,10,80"
8422,"0,23,26"
8423,"135,138,40"
8424,"40,131,134"
8425,"40,131"
8426,"23,24,88"
8427,"231,26,23"
8428,"24,38,71"
8429,"40,402,145"
8430,"21,3,40"
8431,"281,169,199"
8432,"0,340,271"
8433,"10,64,448"
8434,"69,44,145"
8435,"3,267,21"
8436,"3,111,156"
8437,"0,265,340"
8438,"309,38,23"
8439,"3,56,17"
8440,"40,296,128"
8441,"3,17,187"
8442,"0,8,206"
8443,"17,3,320"
8444,"71,38,24"
8445,"81,3,38"
8446,"259,426,311"
8447,"44,145,45"
8448,"0,271,429"
8449,"3,5,331"
8450,"0,8,458"
8451,"30,38,81"
8452,"3,523,53"
8453,"0,265,218"
8454,"128,40,130"
8455,"38,309,23"
8456,"197,38,23"
8457,"115,3,21"
8458,"62,24,508"
8459,"0,265,349"
8460,"0,444,271"
8461,"346,313,0"
8462,"23,38,231"
8463,"24,23,25"
8464,"3,40"
8465,"40,160"
8466,"346,0,313"
8467,"224,41,40"
8468,"193,92,40"
8469,"72,44,145"
8470,"3,17"
8471,"277,0,1"
8472,"426,259,311"
8473,"64,93,10"
8474,"323,170,199"
8475,"0,8,206"
8476,"0,313"
8477,"181,145,40"
8478,"10,220"
8479,"169,296,420"
8480,"3,111,15"
8481,"10,220,23"
8482,"0,8,405"
8483,"220,10,23"
8484,"281,426,337"
8485,"220,10"
8486,"3,21,250"
8487,"169,40,160"
8488,"3,23,74"
8489,"10,64,25"
8490,"169,312,311"
8491,"128,40,186"
8492,"229,230,296"
8493,"3,21,287"
8494,"23,25,24"
8495,"23,197,24"
8496,"0,271"
8497,"170,323,199"
8498,"64,10,80"
8499,"311,40,169"
8500,"259,311,426"
8501,"3,28,21"
8502,"0,8,206"
8503,"23,419,10"
8504,"312,426,169"
8505,"60,10,239"
8506,"3,41,40"
8507,"199,169"
8508,"11,10"
8509,"315,40,160"
8510,"23,137,38"
8511,"323,199,170"
8512,"40,131,241"
8513,"523,3,53"
8514,"40,128,0"
8515,"3,17,18"
8516,"169,426,427"
8517,"337,251,296"
8518,"0,291,271"
8519,"44,145,45"
8520,"169,199,426"
8521,"3,147,148"
8522,"318,26,23"
8523,"0,40"
8524,"135,40,141"
8525,"60,234,3"
8526,"26,231,23"
8527,"145,72,44"
8528,"112,111,3"
8529,"241,131,40"
8530,"337,426,311"
8531,"23,25,24"
8532,"3,53,523"
8533,"3,30,4"
8534,"220,10"
8535,"3,21"
8536,"145,402,40"
8537,"23,26,231"
8538,"44,145,23"
8539,"0,218,457"
8540,"3,21,182"
8541,"138,135,40"
8542,"111,3"
8543,"40,3"
8544,"220,10"
8545,"3,21,301"
8546,"0,255"
8547,"187,3,21"
8548,"40,146,145"
8549,"0,8"
8550,"40,151,160"
8551,"216,212,211"
8552,"0,10,23"
8553,"3,21,187"
8554,"3,21,148"
8555,"3,104,281"
8556,"3,267,111"
8557,"0,169,339"
8558,"38,23,44"
8559,"220,10,221"
8560,"64,10,40"
8561,"10,11,419"
8562,"10,64"
8563,"231,26,23"
8564,"145,44,45"
8565,"0,8"
8566,"402,40,145"
8567,"170,323,199"
8568,"251,296,337"
8569,"131,40,241"
8570,"3,21,124"
8571,"3,301,21"
8572,"10,220"
8573,"426,259,311"
8574,"0,291,271"
8575,"3,111,119"
8576,"220,10"
8577,"3,120,156"
8578,"431,135,40"
8579,"24,23,43"
8580,"3,28,29"
8581,"39,38,23"
8582,"92,3,10"
8583,"3,182,21"
8584,"26,350,23"
8585,"128,40,129"
8586,"3,21,301"
8587,"23,197,24"
8588,"145,44,72"
8589,"23,105,137"
8590,"40,139,41"
8591,"23,10,24"
8592,"24,23,43"
8593,"426,337,311"
8594,"454,31,23"
8595,"169,311,426"
8596,"64,10,93"
8597,"0,456,213"
8598,"426,259,311"
8599,"15,16,3"
8600,"195,40,128"
8601,"64,10,80"
8602,"311,426,170"
8603,"3,40,201"
8604,"334,160,40"
8605,"21,3"
8606,"112,3,111"
8607,"109,44,10"
8608,"426,311,337"
8609,"170,169,199"
8610,"3,21,187"
8611,"118,74,23"
8612,"145,23,40"
8613,"44,145,69"
8614,"0,366,265"
8615,"309,38,23"
8616,"271,0,291"
8617,"10,23,60"
8618,"3,21"
8619,"10,40"
8620,"40,33,3"
8621,"3,147,111"
8622,"3,512,320"
8623,"259,426,311"
8624,"3,17,34"
8625,"40,131,406"
8626,"220,10,24"
8627,"38,40,24"
8628,"151,40,152"
8629,"105,23,495"
8630,"3,4,5"
8631,"340,0,265"
8632,"350,26,23"
8633,"296,169,277"
8634,"40,41"
8635,"3,21,111"
8636,"181,145,40"
8637,"3,86,85"
8638,"131,241,40"
8639,"147,156,3"
8640,"40,290,31"
8641,"40,128,186"
8642,"40,131,134"
8643,"350,0,26"
8644,"44,72,145"
8645,"0,100,349"
8646,"3,21,40"
8647,"131,193,40"
8648,"40,186,160"
8649,"3,111,325"
8650,"3,147,148"
8651,"265,0,418"
8652,"216,211,0"
8653,"128,40"
8654,"160,40"
8655,"25,24,23"
8656,"3,21,301"
8657,"3,143,40"
8658,"49,23,24"
8659,"49,24,23"
8660,"128,40,130"
8661,"271,0,456"
8662,"11,10,12"
8663,"131,241,40"
8664,"145,44,45"
8665,"40,131,406"
8666,"0,366,271"
8667,"0,426,169"
8668,"3,4,435"
8669,"0,271,23"
8670,"3,120,451"
8671,"0,211,271"
8672,"220,10"
8673,"0,271"
8674,"250,40,135"
8675,"3,182,21"
8676,"10,64,90"
8677,"3,21,127"
8678,"169,281,199"
8679,"49,24,23"
8680,"311,426,259"
8681,"0,8,206"
8682,"3,187,21"
8683,"3,148,147"
8684,"169,170,459"
8685,"523,3,53"
8686,"259,426,311"
8687,"40,181,145"
8688,"24,49,23"
8689,"0,8,206"
8690,"337,169,311"
8691,"3,34,21"
8692,"40,41,21"
8693,"21,3,301"
8694,"80,64,10"
8695,"138,135,40"
8696,"64,10,448"
8697,"323,170,199"
8698,"10,220"
8699,"0,8,235"
8700,"271,0,291"
8701,"64,10,80"
8702,"36,35,3"
8703,"3,147"
8704,"0,337,458"
8705,"24,43,23"
8706,"135,40,141"
8707,"23,38,137"
8708,"26,0,23"
8709,"24,23,38"
8710,"508,169,426"
8711,"129,128,40"
8712,"0,23,350"
8713,"23,40"
8714,"145,40,402"
8715,"171,199,170"
8716,"42,41,40"
8717,"40,128,21"
8718,"64,10,93"
8719,"3,21"
8720,"0,271,272"
8721,"3,53"
8722,"3,148,523"
8723,"32,31,23"
8724,"40,169,135"
8725,"24,25,402"
8726,"10,64,65"
8727,"49,23,24"
8728,"74,118,23"
8729,"3,17,320"
8730,"40,134,131"
8731,"0,271"
8732,"145,44,45"
8733,"138,135,40"
8734,"3,111,404"
8735,"40,3,21"
8736,"3,53,99"
8737,"24,23,25"
8738,"145,402,40"
8739,"38,39,23"
8740,"49,23,24"
8741,"89,26,23"
8742,"3,111,275"
8743,"323,199,170"
8744,"10,220"
8745,"0,214,213"
8746,"40,145,402"
8747,"3,21,15"
8748,"169,277,296"
8749,"271,0,291"
8750,"0,444,218"
8751,"0,271,456"
8752,"40,145"
8753,"0,271,291"
8754,"10,11,12"
8755,"40,175,128"
8756,"0,265,340"
8757,"220,10"
8758,"0,512,265"
8759,"3,154,10"
8760,"3,119,111"
8761,"40,493"
8762,"426,311,337"
8763,"138,135,40"
8764,"3,523,53"
8765,"0,271,265"
8766,"32,31,23"
8767,"71,24,38"
8768,"10,145,44"
8769,"131,193,40"
8770,"0,271,429"
8771,"220,10,24"
8772,"26,23,89"
8773,"220,10,23"
8774,"40,131,241"
8775,"64,10,93"
8776,"3,21,41"
8777,"0,340,265"
8778,"24,23,43"
8779,"21,3,40"
8780,"295,135,40"
8781,"0,265,490"
8782,"40,131,241"
8783,"281,169,199"
8784,"426,311,259"
8785,"10,64,448"
8786,"145,10,95"
8787,"23,24,43"
8788,"3,21"
8789,"74,303,23"
8790,"220,10,0"
8791,"10,220"
8792,"0,1,23"
8793,"8,0,23"
8794,"287,311,3"
8795,"3,301,21"
8796,"0,355,271"
8797,"204,13,3"
8798,"10,93,64"
8799,"3,21,301"
8800,"40,186,128"
8801,"0,291,8"
8802,"32,31,23"
8803,"0,31,23"
8804,"145,40,181"
8805,"277,0,458"
8806,"72,44,145"
8807,"49,24,23"
8808,"3,111,267"
8809,"32,31,23"
8810,"26,23,346"
8811,"100,40,3"
8812,"10,64,239"
8813,"0,2,1"
8814,"118,74,23"
8815,"3,21,301"
8816,"3,21,187"
8817,"3,21,51"
8818,"0,291,271"
8819,"8,23,0"
8820,"131,241,40"
8821,"0,271,291"
8822,"260,296,337"
8823,"0,271,444"
8824,"0,429,271"
8825,"71,24,38"
8826,"3,275,15"
8827,"431,135,40"
8828,"3,21,147"
8829,"0,8"
8830,"0,271,456"
8831,"3,17"
8832,"40,145"
8833,"13,3,204"
8834,"3,301,121"
8835,"0,8,235"
8836,"0,10,145"
8837,"171,199,170"
8838,"23,74,118"
8839,"0,346,313"
8840,"3,301,21"
8841,"128,40,130"
8842,"84,74,23"
8843,"3,21,301"
8844,"49,24,23"
8845,"500,3,118"
8846,"251,337,296"
8847,"3,21,41"
8848,"145,146,40"
8849,"40,152,151"
8850,"64,10,80"
8851,"40,241,131"
8852,"220,10,221"
8853,"281,169,199"
8854,"281,169,199"
8855,"40,131,406"
8856,"24,25,23"
8857,"402,40,145"
8858,"10,220"
8859,"346,44,313"
8860,"23,26"
8861,"0,446,218"
8862,"4,435,3"
8863,"64,10,80"
8864,"23,74,118"
8865,"323,170,199"
8866,"199,40,169"
8867,"337,169,53"
8868,"23,32,31"
8869,"3,187,21"
8870,"23,74,118"
8871,"323,199,170"
8872,"11,10,12"
8873,"3,4,435"
8874,"402,145,40"
8875,"40,139"
8876,"104,3,30"
8877,"231,26,0"
8878,"0,206,8"
8879,"170,171,199"
8880,"3,127,21"
8881,"265,0,418"
8882,"0,271,291"
8883,"145,402,40"
8884,"4,3,435"
8885,"241,131,40"
8886,"3,53,15"
8887,"220,10"
8888,"23,38,60"
8889,"3,474"
8890,"402,145,40"
8891,"171,170,199"
8892,"0,346,296"
8893,"277,1,259"
8894,"265,0,418"
8895,"3,56,17"
8896,"0,372,271"
8897,"3,148,147"
8898,"10,220"
8899,"3,147,148"
8900,"0,206,8"
8901,"199,323,170"
8902,"40,139,250"
8903,"23,38,74"
8904,"45,44,145"
8905,"3,148,147"
8906,"3,4,435"
8907,"40,134,131"
8908,"40,100,367"
8909,"40,186,128"
8910,"32,31,23"
8911,"71,38,24"
8912,"3,430,53"
8913,"251,337,296"
8914,"3,147,148"
8915,"40,162,163"
8916,"494,40,184"
8917,"40,131,406"
8918,"402,145,40"
8919,"3,147,148"
8920,"23,118,74"
8921,"169,436,111"
8922,"25,23,24"
8923,"3,5,57"
8924,"0,8,235"
8925,"23,31,481"
8926,"40,128,130"
8927,"10,64,93"
8928,"3,21,41"
8929,"3,15,16"
8930,"44,72,145"
8931,"428,296,169"
8932,"61,60,10"
8933,"23,24,43"
8934,"100,367,40"
8935,"231,26,0"
8936,"3,121,120"
8937,"49,24,23"
8938,"0,410,249"
8939,"251,337,296"
8940,"53,287,105"
8941,"3,34,40"
8942,"169,281,199"
8943,"10,220,25"
8944,"0,265,218"
8945,"337,296,26"
8946,"235,0,8"
8947,"26,23,8"
8948,"170,323,181"
8949,"24,25,23"
8950,"3,147,148"
8951,"40,131,241"
8952,"155,3,139"
8953,"169,23,260"
8954,"93,64,10"
8955,"138,135,40"
8956,"145,40,402"
8957,"171,170,199"
8958,"3,21,187"
8959,"128,130,40"
8960,"220,10"
8961,"241,40,131"
8962,"224,40,41"
8963,"23,24,25"
8964,"145,402,40"
8965,"145,71,38"
8966,"3,51,52"
8967,"3,21"
8968,"3,4,435"
8969,"3,21,108"
8970,"3,16,15"
8971,"309,38,23"
8972,"3,21,523"
8973,"380,216,0"
8974,"40,315,160"
8975,"3,147,148"
8976,"265,340,0"
8977,"131,40,134"
8978,"145,44,40"
8979,"64,10,80"
8980,"220,10"
8981,"3,523,53"
8982,"145,44,468"
8983,"3,156,147"
8984,"311,426,337"
8985,"145,0,40"
8986,"370,0,145"
8987,"291,0,271"
8988,"26,23,89"
8989,"171,199,170"
8990,"147,3,36"
8991,"160,40,315"
8992,"402,145,40"
8993,"23,38,241"
8994,"26,23,231"
8995,"45,44,145"
8996,"24,43,23"
8997,"40,186,128"
8998,"40,181,145"
8999,"3,5,435"
9000,"3,111,182"
9001,"281,337,169"
9002,"10,220,24"
9003,"40,402,145"
9004,"25,24,23"
9005,"138,135,40"
9006,"64,10,80"
9007,"3,52,51"
9008,"402,40,145"
9009,"3,4,435"
9010,"0,488,265"
9011,"23,318,26"
9012,"44,45,145"
9013,"220,10"
9014,"220,10"
9015,"454,31,23"
9016,"17,40,56"
9017,"3,21,108"
9018,"69,44,145"
9019,"59,24,23"
9020,"24,38,241"
9021,"40,286,250"
9022,"3,5,301"
9023,"337,0,251"
9024,"0,271,291"
9025,"0,255,444"
9026,"3,17,320"
9027,"3,21"
9028,"40,181,23"
9029,"61,10,72"
9030,"169,10,13"
9031,"38,23,309"
9032,"40,102,21"
9033,"220,10"
9034,"3,523,53"
9035,"0,229,271"
9036,"3,21,127"
9037,"93,10,64"
9038,"426,311,337"
9039,"147,3,148"
9040,"0,271,291"
9041,"49,24,23"
9042,"40,160,302"
9043,"23,26,89"
9044,"3,5"
9045,"0,271,291"
9046,"3,21,187"
9047,"10,64,93"
9048,"64,10,80"
9049,"3,21,301"
9050,"10,220"
9051,"366,0,271"
9052,"21,3,301"
9053,"3,40,34"
9054,"220,10"
9055,"3,21,187"
9056,"111,3,161"
9057,"23,24,43"
9058,"40,41,135"
9059,"32,31,23"
9060,"0,8,327"
9061,"334,23,24"
9062,"40,186,128"
9063,"44,45,145"
9064,"3,21,301"
9065,"40,162"
9066,"40,199,426"
9067,"23,74,118"
9068,"3,17,320"
9069,"3,13,204"
9070,"220,10"
9071,"23,31,74"
9072,"145,44,402"
9073,"426,311,259"
9074,"251,337,296"
9075,"0,271,291"
9076,"10,64,80"
9077,"169,296,428"
9078,"138,135,40"
9079,"3,15,16"
9080,"265,0,418"
9081,"40,175,128"
9082,"64,10,80"
9083,"0,87,8"
9084,"40,431,135"
9085,"3,4,435"
9086,"281,199,169"
9087,"0,8,206"
9088,"0,271,218"
9089,"3,15,16"
9090,"23,402,31"
9091,"259,426,311"
9092,"281,169,199"
9093,"0,206,8"
9094,"170,323,199"
9095,"15,3,16"
9096,"169,199,170"
9097,"44,45,145"
9098,"3,53,21"
9099,"3,4,435"
9100,"49,24,23"
9101,"137,23,197"
9102,"181,40,145"
9103,"40,3"
9104,"23,24,38"
9105,"40,135,41"
9106,"25,24,23"
9107,"60,53,3"
9108,"265,0,418"
9109,"145,95,54"
9110,"40,3"
9111,"3,21,0"
9112,"40,151,152"
9113,"10,220,24"
9114,"169,281,199"
9115,"11,10,109"
9116,"3,28,113"
9117,"71,38,44"
9118,"165,74,23"
9119,"23,74,303"
9120,"40,128"
9121,"3,28,330"
9122,"3,53,523"
9123,"279,249,0"
9124,"220,10"
9125,"0,271"
9126,"3,379,111"
9127,"205,11,10"
9128,"0,291,271"
9129,"23,74,118"
9130,"3,111"
9131,"59,44,10"
9132,"3,48"
9133,"23,193,24"
9134,"38,23,440"
9135,"402,145,40"
9136,"10,93,64"
9137,"40,74,307"
9138,"32,31,23"
9139,"234,60,21"
9140,"145,44,73"
9141,"128,130,40"
9142,"220,10"
9143,"147,3,148"
9144,"427,169,426"
9145,"32,31,23"
9146,"128,40,129"
9147,"340,3,53"
9148,"0,229,208"
9149,"0,23,308"
9150,"337,296,251"
9151,"145,181,40"
9152,"3,523,53"
9153,"10,145,220"
9154,"296,169,300"
9155,"187,3,21"
9156,"3,4"
9157,"137,38,23"
9158,"220,10,23"
9159,"0,512,218"
9160,"169,296,508"
9161,"40,186,128"
9162,"23,89,26"
9163,"171,199,170"
9164,"64,93,10"
9165,"64,10,448"
9166,"0,213,214"
9167,"3,21,127"
9168,"3,4,435"
9169,"64,10"
9170,"0,271,291"
9171,"23,118,74"
9172,"296,251,337"
9173,"23,26,0"
9174,"509,10,218"
9175,"3,21,108"
9176,"0,8,206"
9177,"64,10,80"
9178,"40,431,135"
9179,"43,24,23"
9180,"64,10,80"
9181,"40,127,3"
9182,"10,220,105"
9183,"3,182,21"
9184,"11,10,44"
9185,"296,145,251"
9186,"128,40,130"
9187,"8,206,0"
9188,"3,17,320"
9189,"23,290,0"
9190,"323,199,170"
9191,"64,10,80"
9192,"54,10,95"
9193,"40,128"
9194,"40,151,135"
9195,"137,23,38"
9196,"281,3,199"
9197,"337,311,426"
9198,"0,291,271"
9199,"0,327,8"
9200,"3,21,301"
9201,"220,24,10"
9202,"3,17,320"
9203,"145,44,26"
9204,"523,53,3"
9205,"199,169"
9206,"21,3,164"
9207,"40,131,406"
9208,"0,456,271"
9209,"129,128,40"
9210,"169,436,199"
9211,"308,8,0"
9212,"402,145,40"
9213,"3,5,228"
9214,"40,145,3"
9215,"25,24,23"
9216,"382,15,3"
9217,"0,271"
9218,"3,111,119"
9219,"24,25,220"
9220,"145,402,44"
9221,"23,24,25"
9222,"0,23,38"
9223,"64,10,93"
9224,"3,21,187"
9225,"287,53,3"
9226,"64,10,80"
9227,"0,271"
9228,"64,93,10"
9229,"0,53,287"
9230,"170,169,459"
9231,"71,38,24"
9232,"3,21,127"
9233,"24,23,25"
9234,"160,40"
9235,"40,160,315"
9236,"418,265,0"
9237,"0,3,287"
9238,"0,8,206"
9239,"296,169,420"
9240,"32,23,31"
9241,"40,127,3"
9242,"24,25,23"
9243,"0,308,8"
9244,"3,182,21"
9245,"40,135"
9246,"128,130,40"
9247,"0,357,271"
9248,"3,111"
9249,"0,8"
9250,"40,145,128"
9251,"80,64,10"
9252,"448,10,64"
9253,"3,48,21"
9254,"0,271,366"
9255,"251,337,296"
9256,"23,74,111"
9257,"26,23,350"
9258,"3,121,120"
9259,"426,311,169"
9260,"323,199,170"
9261,"118,74,23"
9262,"236,40,135"
9263,"24,25,23"
9264,"169,21,3"
9265,"303,74,72"
9266,"3,4,435"
9267,"0,313,346"
9268,"3,28,364"
9269,"171,199,170"
9270,"0,271,291"
9271,"128,40,129"
9272,"11,10,205"
9273,"3,523,53"
9274,"3,53,523"
9275,"38,94,23"
9276,"23,3,74"
9277,"303,74,23"
9278,"3,301,21"
9279,"523,3,53"
9280,"93,10,64"
9281,"3,21,164"
9282,"3,35,36"
9283,"44,45,145"
9284,"169,170,459"
9285,"10,220"
9286,"88,23,38"
9287,"23,44,145"
9288,"182,21,3"
9289,"23,105"
9290,"23,89,26"
9291,"220,10,0"
9292,"10,169,40"
9293,"3,5,133"
9294,"265,0,418"
9295,"0,313,271"
9296,"21,3,301"
9297,"186,40,128"
9298,"216,0,211"
9299,"40,137,38"
9300,"118,3,53"
9301,"3,23"
9302,"44,45,145"
9303,"265,0,340"
9304,"3,21,182"
9305,"169,199"
9306,"40,250,135"
9307,"13,128,40"
9308,"205,11,10"
9309,"3,4,19"
9310,"64,10,93"
9311,"64,10,93"
9312,"3,53,21"
9313,"0,346,313"
9314,"64,10,448"
9315,"41,317,201"
9316,"13,204,3"
9317,"3,5,133"
9318,"3,435,4"
9319,"3,188,4"
9320,"308,0,8"
9321,"129,23,40"
9322,"49,23,24"
9323,"323,199,170"
9324,"286,41,40"
9325,"0,271"
9326,"251,337,296"
9327,"40,215,41"
9328,"220,10"
9329,"103,0,38"
9330,"3,187,21"
9331,"3,147,148"
9332,"139,40,153"
9333,"94,38,23"
9334,"40,3,4"
9335,"24,49,23"
9336,"3,435,4"
9337,"3,111,119"
9338,"40,315,160"
9339,"10,64,3"
9340,"323,199,10"
9341,"259,426,311"
9342,"64,10,80"
9343,"118,74,23"
9344,"23,317,74"
9345,"21,3"
9346,"24,71,38"
9347,"271,0,291"
9348,"145,402,40"
9349,"0,271,214"
9350,"340,265,0"
9351,"0,271,218"
9352,"3,147,148"
9353,"64,10,80"
9354,"23,26,231"
9355,"3,4"
9356,"171,199,170"
9357,"3,21,124"
9358,"431,135,40"
9359,"337,311,426"
9360,"3,21,41"
9361,"0,206,8"
9362,"171,199,170"
9363,"182,3,21"
9364,"169,199,343"
9365,"3,21,301"
9366,"24,43,23"
9367,"199,169,170"
9368,"308,0,8"
9369,"13,3,204"
9370,"3,301,21"
9371,"3,4,19"
9372,"3,156,147"
9373,"3,53,169"
9374,"40,160,315"
9375,"220,10"
9376,"0,8,291"
9377,"10,64,80"
9378,"43,24,23"
9379,"0,291,257"
9380,"135,40,141"
9381,"0,8,308"
9382,"502,40,145"
9383,"118,74,23"
9384,"206,8,0"
9385,"323,199,170"
9386,"0,304,216"
9387,"206,0,8"
9388,"40,160"
9389,"40,184,423"
9390,"0,206,8"
9391,"40,128,162"
9392,"3,147,148"
9393,"0,313,271"
9394,"0,512,218"
9395,"296,169,411"
9396,"128,3,133"
9397,"0,313,346"
9398,"43,24,23"
9399,"3,147"
9400,"105,265,3"
9401,"40,128,129"
9402,"0,216,3"
9403,"40,315,160"
9404,"323,199,170"
9405,"40,241,131"
9406,"10,93,64"
9407,"3,21,127"
9408,"3,148,147"
9409,"145,437,40"
9410,"128,40,130"
9411,"40,3,41"
9412,"234,21,60"
9413,"231,23,26"
9414,"145,402,40"
9415,"49,23,24"
9416,"24,23,38"
9417,"3,4,176"
9418,"31,23,10"
9419,"49,24,23"
9420,"3,15,16"
9421,"0,271,1"
9422,"199,169"
9423,"40,100,3"
9424,"3,13,204"
9425,"3,17,320"
9426,"4,3"
9427,"40,145,402"
9428,"17,3,320"
9429,"260,296,337"
9430,"10,44,145"
9431,"0,304,216"
9432,"3,4,5"
9433,"3,21,108"
9434,"350,26,23"
9435,"3,16,15"
9436,"10,220"
9437,"3,147,148"
9438,"323,170,199"
9439,"135,431,40"
9440,"40,131,406"
9441,"40,41"
9442,"3,127,21"
9443,"0,271,366"
9444,"23,345,24"
9445,"145,44,45"
9446,"0,271,23"
9447,"3,34,143"
9448,"402,145,40"
9449,"21,3,160"
9450,"3,21,301"
9451,"0,216,354"
9452,"0,206,8"
9453,"71,38,24"
9454,"64,93,10"
9455,"26,350,23"
9456,"0,372,271"
9457,"3,21,40"
9458,"89,26,23"
9459,"508,169,426"
9460,"23,84"
9461,"0,391,8"
9462,"21,3,187"
9463,"3,52,51"
9464,"0,8,235"
9465,"138,135,40"
9466,"296,169,23"
9467,"23,26,38"
9468,"40,135,41"
9469,"181,323,199"
9470,"40,131,406"
9471,"156,3,147"
9472,"31,23,54"
9473,"145,44,402"
9474,"311,426,169"
9475,"40,406,131"
9476,"3,4,498"
9477,"220,10,23"
9478,"64,10,80"
9479,"118,23,74"
9480,"402,40,145"
9481,"170,199,169"
9482,"64,10,80"
9483,"0,216,370"
9484,"137,23,38"
9485,"3,120,53"
9486,"40,41"
9487,"78,23,131"
9488,"0,313,488"
9489,"3,21,17"
9490,"3,21,182"
9491,"0,206,8"
9492,"16,15,3"
9493,"212,211,216"
9494,"0,206,8"
9495,"0,23,291"
9496,"3,523,53"
9497,"10,64,80"
9498,"128,129,40"
9499,"3,4,133"
9500,"296,333,169"
9501,"40,315,160"
9502,"74,23,165"
9503,"220,10,221"
9504,"220,10"
9505,"40,241,131"
9506,"0,206,8"
9507,"0,8,208"
9508,"40,160,315"
9509,"259,426,311"
9510,"59,23,24"
9511,"0,271"
9512,"3,301,21"
9513,"109,11,10"
9514,"296,277,0"
9515,"506,13"
9516,"426,337,311"
9517,"3,164,21"
9518,"38,454,23"
9519,"3,104,21"
9520,"32,31,23"
9521,"0,251,337"
9522,"40,241,131"
9523,"251,296,337"
9524,"41,40,286"
9525,"40,145"
9526,"0,346,313"
9527,"0,271,444"
9528,"201,41,40"
9529,"21,127,3"
9530,"3,4,435"
9531,"89,26,23"
9532,"10,64,80"
9533,"0,271,279"
9534,"3,17"
9535,"0,271,372"
9536,"23,26,89"
9537,"3,21,287"
9538,"69,10,64"
9539,"208,0,369"
9540,"3,21"
9541,"24,72,44"
9542,"0,271,456"
9543,"31,169,454"
9544,"10,220"
9545,"3,81,30"
9546,"40,128,129"
9547,"23,24,43"
9548,"23,40,38"
9549,"129,40,128"
9550,"3,21,40"
9551,"0,458,277"
9552,"0,216,458"
9553,"3,160,147"
9554,"40,162,135"
9555,"4,3,435"
9556,"64,10,80"
9557,"265,59,418"
9558,"45,145,44"
9559,"64,10,93"
9560,"220,10,23"
9561,"171,199,170"
9562,"10,25,220"
9563,"23,24"
9564,"146,40,145"
9565,"0,271,291"
9566,"10,11,489"
9567,"49,23,24"
9568,"40,145,181"
9569,"508,40,169"
9570,"3,5,111"
9571,"71,24,38"
9572,"241,23,40"
9573,"89,23,296"
9574,"169,339,337"
9575,"10,220"
9576,"0,313,346"
9577,"3,17,40"
9578,"448,64,10"
9579,"0,8,405"
9580,"0,271"
9581,"3,21"
9582,"43,24,23"
9583,"23,74,430"
9584,"3,156,36"
9585,"0,291,271"
9586,"402,40,145"
9587,"211,212,279"
9588,"4,3,435"
9589,"170,169"
9590,"3,111,21"
9591,"44,145,45"
9592,"40,131,160"
9593,"171,170,199"
9594,"32,31,23"
9595,"32,31,23"
9596,"3,301,21"
9597,"40,131,406"
9598,"506,3"
9599,"0,218,291"
9600,"130,40,128"
9601,"118,74,23"
9602,"143,34,3"
9603,"0,366,271"
9604,"23,38,91"
9605,"40,131,241"
9606,"32,31,23"
9607,"40,241,41"
9608,"170,169,459"
9609,"3,121,120"
9610,"54,145,40"
9611,"119,3,111"
9612,"0,206,8"
9613,"38,23,197"
9614,"3,286,21"
9615,"3,4"
9616,"259,426,311"
9617,"506,3,13"
9618,"10,54,220"
9619,"49,24,23"
9620,"40,131,241"
9621,"169,296,420"
9622,"3,6,5"
9623,"0,271,291"
9624,"64,10,80"
9625,"260,169,170"
9626,"3,21,187"
9627,"426,296,311"
9628,"199,323,170"
9629,"0,265,418"
9630,"0,484,354"
9631,"43,24,23"
9632,"523,3,53"
9633,"418,265,0"
9634,"0,206,8"
9635,"171,199,170"
9636,"49,24,23"
9637,"0,216,271"
9638,"454,31,23"
9639,"40,128,175"
9640,"3,127,21"
9641,"24,23,43"
9642,"311,426,337"
9643,"23,24,49"
9644,"311,426,169"
9645,"308,0,8"
9646,"3,147,148"
9647,"40,186,128"
9648,"24,145,71"
9649,"3,53"
9650,"171,199,170"
9651,"224,41,40"
9652,"131,40,406"
9653,"0,418,265"
9654,"0,216,8"
9655,"40,145,146"
9656,"24,23,43"
9657,"38,137,23"
9658,"3,182,21"
9659,"64,93,10"
9660,"24,43,23"
9661,"61,60,145"
9662,"38,71,24"
9663,"0,346,291"
9664,"426,311,337"
9665,"25,24,23"
9666,"426,311,199"
9667,"68,3,53"
9668,"21,3,164"
9669,"323,40,199"
9670,"259,311,426"
9671,"323,170,199"
9672,"131,40,406"
9673,"169,104,281"
9674,"281,199,169"
9675,"10,239,60"
9676,"69,44,145"
9677,"32,31,23"
9678,"23,26,308"
9679,"118,74,23"
9680,"3,156,147"
9681,"3,301,21"
9682,"3,523,53"
9683,"290,31,23"
9684,"220,10"
9685,"220,10,145"
9686,"72,44,145"
9687,"259,426,311"
9688,"169,343,199"
9689,"138,40,135"
9690,"119,3,111"
9691,"30,81,3"
9692,"40,139,155"
9693,"40,160,36"
9694,"3,147,148"
9695,"145,44,419"
9696,"195,128,0"
9697,"10,220,24"
9698,"40,131,406"
9699,"0,271,444"
9700,"220,10"
9701,"255,0,280"
9702,"160,40"
9703,"38,23,39"
9704,"23,74,118"
9705,"23,38,137"
9706,"145,25,402"
9707,"402,40,145"
9708,"0,455,340"
9709,"323,170,199"
9710,"199,323,170"
9711,"40,131"
9712,"40,135"
9713,"3,21,28"
9714,"170,169,459"
9715,"64,10,80"
9716,"241,40,131"
9717,"259,426,311"
9718,"323,199,170"
9719,"72,44,145"
9720,"0,354,216"
9721,"0,313,346"
9722,"3,182,53"
9723,"3,147,148"
9724,"21,301,3"
9725,"3,21,108"
9726,"3,4,7"
9727,"40,241,131"
9728,"145,40,402"
9729,"64,10,80"
9730,"84,74,23"
9731,"41,3,42"
9732,"3,523,53"
9733,"0,271"
9734,"3,17,34"
9735,"24,23,49"
9736,"3,187,21"
9737,"93,64,10"
9738,"4,3,435"
9739,"40,155,241"
9740,"21,3"
9741,"220,10"
9742,"0,265"
9743,"251,296,337"
9744,"40,24,241"
9745,"145,44,73"
9746,"40,201,41"
9747,"3,111,21"
9748,"25,24,23"
9749,"87,40,5"
9750,"103,0,216"
9751,"199,169,170"
9752,"23,26,313"
9753,"0,271,346"
9754,"74,23,3"
9755,"10,220"
9756,"402,40,145"
9757,"40,131,406"
9758,"3,301,21"
9759,"145,40"
9760,"107,38,23"
9761,"71,38,24"
9762,"3,21"
9763,"220,10,221"
9764,"3,21,182"
9765,"40,241,131"
9766,"3,21,127"
9767,"24,10,38"
9768,"323,199,170"
9769,"3,187,21"
9770,"220,10"
9771,"4,3,19"
9772,"40,184"
9773,"24,23,43"
9774,"87,3,145"
9775,"146,145,40"
9776,"10,64,90"
9777,"3,21,127"
9778,"426,260,170"
9779,"53,287,3"
9780,"3,281,169"
9781,"170,169,40"
9782,"181,40,145"
9783,"26,231,23"
9784,"171,170,199"
9785,"3,435,4"
9786,"0,265,271"
9787,"0,265,349"
9788,"3,21"
9789,"40,130,128"
9790,"89,23,26"
9791,"323,199,170"
9792,"170,323,199"
9793,"40,241,131"
9794,"44,45,145"
9795,"43,24,23"
9796,"10,24,60"
9797,"40,160,41"
9798,"40,128,130"
9799,"10,220"
9800,"43,23,24"
9801,"311,169,337"
9802,"386,135,40"
9803,"3,53"
9804,"366,0,271"
9805,"3,17,320"
9806,"3,81,30"
9807,"3,21"
9808,"3,34,0"
9809,"113,28,3"
9810,"3,21,147"
9811,"199,323,170"
9812,"21,40,127"
9813,"24,23,43"
9814,"10,23,54"
9815,"40,139"
9816,"3,21,111"
9817,"0,8,206"
9818,"17,3,320"
9819,"64,10,80"
9820,"145,40,54"
9821,"40,23,131"
9822,"211,0,216"
9823,"131,40,406"
9824,"3,21,17"
9825,"23,38,137"
9826,"402,145,40"
9827,"328,31,23"
9828,"3,40,135"
9829,"251,296,337"
9830,"3,4,5"
9831,"3,21,301"
9832,"3,187,21"
9833,"3,28,111"
9834,"10,11,145"
9835,"0,271,456"
9836,"15,16,3"
9837,"220,10"
9838,"24,23,43"
9839,"169,199,374"
9840,"3,21,182"
9841,"3,4,435"
9842,"0,308,8"
9843,"145,40,10"
9844,"43,23,24"
9845,"40,160,315"
9846,"145,45,44"
9847,"0,271,265"
9848,"0,418,493"
9849,"10,64,90"
9850,"23,25,24"
9851,"3,301,21"
9852,"26,23,350"
9853,"43,24,23"
9854,"0,8"
9855,"3,127,21"
9856,"224,40,41"
9857,"221,220,10"
9858,"24,71,38"
9859,"3,147,148"
9860,"322,40,23"
9861,"431,40,135"
9862,"3,331,21"
9863,"25,24,10"
9864,"328,31,23"
9865,"0,372,255"
9866,"187,21,3"
9867,"3,21,124"
9868,"426,259,311"
9869,"23,74,317"
9870,"10,0,220"
9871,"523,53,3"
9872,"0,8"
9873,"281,199"
9874,"171,170,199"
9875,"3,53,523"
9876,"0,346,313"
9877,"3,28,21"
9878,"271,0,291"
9879,"41,40,42"
9880,"271,0,355"
9881,"281,169,199"
9882,"187,3,21"
9883,"343,199,169"
9884,"10,220"
9885,"40,128,130"
9886,"3,147,217"
9887,"118,23,74"
9888,"287,105,519"
9889,"0,271,360"
9890,"25,24,23"
9891,"3,4"
9892,"64,93,10"
9893,"171,170,199"
9894,"40,315,160"
9895,"3,156,147"
9896,"426,311,169"
9897,"52,3,51"
9898,"105,23,25"
9899,"21,3,127"
9900,"26,350,23"
9901,"31,40,145"
9902,"0,8"
9903,"10,64,90"
9904,"145,402,40"
9905,"3,36,35"
9906,"0,216"
9907,"96,31,23"
9908,"156,147,225"
9909,"3,21,53"
9910,"250,40,135"
9911,"40,145,402"
9912,"145,23,402"
9913,"251,337,296"
9914,"0,211,216"
9915,"0,229,230"
9916,"3,21,187"
9917,"38,24"
9918,"40,41,315"
9919,"24,71,38"
9920,"17,320,3"
9921,"40,160,315"
9922,"3,21,301"
9923,"3,21,115"
9924,"40,431,135"
9925,"186,40,128"
9926,"414,60,10"
9927,"69,44,145"
9928,"40,128,145"
9929,"3,17,320"
9930,"156,147,3"
9931,"337,0,311"
9932,"24,145,40"
9933,"337,426,311"
9934,"40,224,41"
9935,"3,111,474"
9936,"3,13,14"
9937,"0,271,291"
9938,"0,291,271"
9939,"251,337,296"
9940,"3,68,53"
9941,"323,170,199"
9942,"243,184,74"
9943,"239,10,60"
9944,"64,10,448"
9945,"0,271,481"
9946,"0,8,235"
9947,"0,456,8"
9948,"523,3,53"
9949,"31,96,23"
9950,"220,10"
9951,"0,8,308"
9952,"169,199,343"
9953,"10,220"
9954,"21,3,301"
9955,"301,21,3"
9956,"3,53"
9957,"13,401,3"
9958,"40,241,131"
9959,"3,15,16"
9960,"3,4,331"
9961,"25,24,23"
9962,"40,135,250"
9963,"40,131,406"
9964,"187,3,21"
9965,"21,3,301"
9966,"38,0,39"
9967,"145,44,40"
9968,"0,271"
9969,"92,193,131"
9970,"3,15,16"
9971,"3,187,21"
9972,"40,406,131"
9973,"3,15"
9974,"128,40,129"
9975,"171,199,170"
9976,"3,17"
9977,"0,265"
9978,"478,10,64"
9979,"24,25,23"
9980,"3,53,523"
9981,"64,93,10"
9982,"10,220"
9983,"0,354,216"
9984,"3,16,15"
9985,"3,21,301"
9986,"0,8,23"
9987,"23,231,26"
9988,"0,265,498"
9989,"3,4,435"
9990,"40,135,250"
9991,"40,184,135"
9992,"10,40,145"
9993,"0,265,291"
9994,"3,53"
9995,"10,220"
9996,"40,145,402"
9997,"71,38,24"
9998,"171,199,170"
9999,"0,313,346"
10000,"0,265,418"
10001,"3,120,121"
10002,"212,211,216"
10003,"291,271,337"
10004,"3,4,70"
10005,"0,265"
10006,"220,10,221"
10007,"10,40,0"
10008,"40,131,406"
10009,"296,336,169"
10010,"24,220,25"
10011,"170,169"
10012,"23,24,309"
10013,"3,21,182"
10014,"386,135,40"
10015,"0,485,313"
10016,"40,139"
10017,"40,199,170"
10018,"40,146,145"
10019,"0,271,360"
10020,"3,105,320"
10021,"40,241,131"
10022,"40,160,41"
10023,"402,145,40"
10024,"3,0,340"
10025,"43,24,23"
10026,"0,291,271"
10027,"0,346,8"
10028,"30,81,3"
10029,"23,74,40"
10030,"182,111,3"
10031,"0,208,288"
10032,"10,220"
10033,"3,21,111"
10034,"169,343,3"
10035,"3,13"
10036,"374,236,199"
10037,"3,523,53"
10038,"24,23,43"
10039,"40,160,315"
10040,"64,93,10"
10041,"89,26,23"
10042,"40,146,145"
10043,"40,131"
10044,"74,317,23"
10045,"426,169,508"
10046,"71,24,38"
10047,"10,220"
10048,"40,315,160"
10049,"69,145,44"
10050,"40,41,160"
10051,"169,24,40"
10052,"0,271,291"
10053,"0,206,8"
10054,"3,21,40"
10055,"3,320,17"
10056,"3,523,53"
10057,"259,426,311"
10058,"13,3,506"
10059,"3,17,320"
10060,"74,72,54"
10061,"367,100,40"
10062,"265,0,340"
10063,"31,23,0"
10064,"311,426,337"
10065,"239,10,323"
10066,"184,40,131"
10067,"431,135,40"
10068,"64,10,80"
10069,"10,220"
10070,"3,4,435"
10071,"187,3,21"
10072,"220,10,221"
10073,"23,0,8"
10074,"40,41,42"
10075,"40,128,241"
10076,"4,3,435"
10077,"24,23,64"
10078,"206,8,0"
10079,"171,199,170"
10080,"40,131,145"
10081,"64,93,10"
10082,"3,15,16"
10083,"478,40,131"
10084,"89,26,23"
10085,"3,21,301"
10086,"74,23,317"
10087,"145,402,40"
10088,"128,40,129"
10089,"3,17,58"
10090,"0,271,366"
10091,"3,124,21"
10092,"44,145,10"
10093,"40,186,160"
10094,"3,275,111"
10095,"11,10,205"
10096,"61,10,60"
10097,"3,53,13"
10098,"3,111,119"
10099,"3,21"
10100,"40,139,307"
10101,"3,364,28"
10102,"3,147,148"
10103,"0,265,271"
10104,"3,21,127"
10105,"260,23,24"
10106,"3,34,447"
10107,"3,121,5"
10108,"64,10,80"
10109,"508,426,169"
10110,"169,260,199"
10111,"0,279,249"
10112,"281,169,199"
10113,"3,21,164"
10114,"145,402,40"
10115,"40,241,131"
10116,"0,1,277"
10117,"25,24,23"
10118,"0,360"
10119,"3,104,30"
10120,"3,21,41"
10121,"220,10,221"
10122,"251,337,296"
10123,"0,255,313"
10124,"259,426,311"
10125,"10,93,64"
10126,"221,220,24"
10127,"44,45,145"
10128,"0,271,456"
10129,"145,402,40"
10130,"138,135,40"
10131,"0,271,291"
10132,"0,216,370"
10133,"3,301,21"
10134,"199,3,21"
10135,"0,23,350"
10136,"323,199,170"
10137,"436,311,169"
10138,"402,40,145"
10139,"275,3,111"
10140,"0,346,313"
10141,"44,145,12"
10142,"311,426,337"
10143,"169,281,199"
10144,"0,271"
10145,"40,402,145"
10146,"138,135,40"
10147,"291,271,0"
10148,"0,199,170"
10149,"3,53,523"
10150,"323,170,199"
10151,"41,40,224"
10152,"220,10"
10153,"128,40,130"
10154,"3,13,14"
10155,"3,21,148"
10156,"40,41,160"
10157,"3,235"
10158,"40,169,199"
10159,"49,24,23"
10160,"26,23,89"
10161,"43,24,10"
10162,"40,131,241"
10163,"49,24,23"
10164,"3,51,52"
10165,"426,337,311"
10166,"44,72,145"
10167,"0,271,444"
10168,"402,40,145"
10169,"80,64,10"
10170,"25,24,23"
10171,"3,265,0"
10172,"3,21"
10173,"3,148,147"
10174,"40,139"
10175,"3,148,147"
10176,"3,21,301"
10177,"40,184"
10178,"3,21,523"
10179,"3,21"
10180,"181,93,40"
10181,"307,74,40"
10182,"259,426,311"
10183,"44,10,145"
10184,"337,296,311"
10185,"40,135,236"
10186,"40,345,23"
10187,"3,46,217"
10188,"181,145,40"
10189,"220,10"
10190,"21,301,3"
10191,"40,307,286"
10192,"44,45,145"
10193,"145,40,44"
10194,"10,64,24"
10195,"40,131,241"
10196,"64,10,473"
10197,"3,148,147"
10198,"64,10,80"
10199,"0,118,23"
10200,"131,241,40"
10201,"3,301,21"
10202,"0,265,349"
10203,"23,25,24"
10204,"25,24,23"
10205,"145,10,40"
10206,"239,60,10"
10207,"0,327,218"
10208,"380,0,169"
10209,"402,40,145"
10210,"3,21,301"
10211,"234,60,21"
10212,"23,38,24"
10213,"31,328,23"
10214,"26,23,89"
10215,"24,23,11"
10216,"65,23,3"
10217,"0,2,513"
10218,"3,21,127"
10219,"23,31,40"
10220,"0,49,23"
10221,"0,505,3"
10222,"170,199,40"
10223,"3,21,301"
10224,"91,23,38"
10225,"89,296,0"
10226,"128,130,40"
10227,"40,74,118"
10228,"3,187,21"
10229,"23,39,38"
10230,"3,21,182"
10231,"3,6,5"
10232,"74,307,40"
10233,"3,111,267"
10234,"0,271,456"
10235,"64,10,93"
10236,"220,10"
10237,"138,135,40"
10238,"10,64,0"
10239,"40,160,302"
10240,"182,3,21"
10241,"23,145,38"
10242,"346,0,313"
10243,"296,337,251"
10244,"26,23,457"
10245,"44,145,23"
10246,"402,145,40"
10247,"3,4"
10248,"169,436,199"
10249,"3,52,51"
10250,"0,8,206"
10251,"74,23,283"
10252,"40,128,23"
10253,"23,26"
10254,"64,10,80"
10255,"3,21"
10256,"89,26,23"
10257,"271,0,366"
10258,"128,195,40"
10259,"0,8,391"
10260,"281,118,199"
10261,"169,0,53"
10262,"64,10,80"
10263,"145,24,23"
10264,"3,17"
10265,"40,160,41"
10266,"3,53,523"
10267,"0,456,265"
10268,"10,170,60"
10269,"323,199,170"
10270,"3,15,16"
10271,"31,32,23"
10272,"40,74,317"
10273,"3,21,164"
10274,"3,287,188"
10275,"40,131,184"
10276,"0,313,346"
10277,"40,41,21"
10278,"3,15,16"
10279,"10,64,90"
10280,"23,38,40"
10281,"145,40,181"
10282,"40,41,3"
10283,"0,265,349"
10284,"145,44,23"
10285,"3,33,36"
10286,"10,220"
10287,"23,74,236"
10288,"43,24,23"
10289,"426,311,337"
10290,"3,21,13"
10291,"3,21,127"
10292,"145,44,64"
10293,"3,111,119"
10294,"10,220"
10295,"146,145,40"
10296,"3,523,53"
10297,"44,72,145"
10298,"145,44,402"
10299,"138,135,40"
10300,"0,291,271"
10301,"0,271,291"
10302,"40,41,139"
10303,"3,21,127"
10304,"21,3,301"
10305,"0,271,291"
10306,"3,147,148"
10307,"3,21,48"
10308,"40,145,146"
10309,"10,489,60"
10310,"3,53"
10311,"3,156,147"
10312,"40,74"
10313,"402,40,145"
10314,"135,40,386"
10315,"523,53,3"
10316,"508,426,23"
10317,"3,21"
10318,"0,271,265"
10319,"170,169,199"
10320,"40,129,128"
10321,"216,211,212"
10322,"3,40,17"
10323,"23,24,220"
10324,"8,514,0"
10325,"41,42,40"
10326,"49,24,23"
10327,"181,145,40"
10328,"3,21"
10329,"3,4"
10330,"0,89,26"
10331,"3,21,154"
10332,"0,271,169"
10333,"40,128,0"
10334,"43,24,23"
10335,"3,52,51"
10336,"0,249,279"
10337,"280,255,271"
10338,"169,251,296"
10339,"3,143,17"
10340,"31,96,481"
10341,"3,28,21"
10342,"0,23"
10343,"146,40,145"
10344,"23,74,38"
10345,"118,74,23"
10346,"0,8"
10347,"0,271,313"
10348,"131,40,241"
10349,"96,31,23"
10350,"127,40,21"
10351,"64,10,80"
10352,"3,21,164"
10353,"239,10,60"
10354,"0,255,265"
10355,"296,460,169"
10356,"21,3,40"
10357,"40,184,494"
10358,"23,118,74"
10359,"21,3,187"
10360,"40,437,145"
10361,"118,74,23"
10362,"69,145,44"
10363,"3,147,148"
10364,"0,313,271"
10365,"251,296,337"
10366,"402,145"
10367,"0,271,255"
10368,"23,300,296"
10369,"145,44,45"
10370,"216,354,0"
10371,"145,44,24"
10372,"216,212,211"
10373,"111,3,125"
10374,"96,31,23"
10375,"186,40,128"
10376,"23,74,118"
10377,"40,199,169"
10378,"323,170,199"
10379,"40,131,241"
10380,"24,23,59"
10381,"169,312,427"
10382,"0,340,265"
10383,"40,25,24"
10384,"40,131"
10385,"402,40,145"
10386,"4,188,3"
10387,"385,3,5"
10388,"10,239,60"
10389,"145,44,45"
10390,"0,457,218"
10391,"71,38,24"
10392,"0,255,216"
10393,"3,435,4"
10394,"3,523,53"
10395,"23,3"
10396,"3,4,70"
10397,"31,23,245"
10398,"0,265,349"
10399,"241,131,40"
10400,"0,457,23"
10401,"60,234,21"
10402,"169,508,426"
10403,"426,311"
10404,"44,145,23"
10405,"145,402,40"
10406,"3,182,53"
10407,"3,147,148"
10408,"323,199,170"
10409,"23,24,43"
10410,"31,290,23"
10411,"3,21,301"
10412,"0,8,327"
10413,"23,26,231"
10414,"3,21"
10415,"3,15,17"
10416,"40,131,241"
10417,"3,28"
10418,"0,265,340"
10419,"44,145,72"
10420,"10,93,169"
10421,"64,10,80"
10422,"93,64,10"
10423,"10,64,93"
10424,"182,3,21"
10425,"23,74,303"
10426,"43,24,23"
10427,"3,21,124"
10428,"323,170,199"
10429,"402,40,145"
10430,"138,135,40"
10431,"10,489,11"
10432,"402,40,145"
10433,"32,31,23"
10434,"3,21,301"
10435,"0,291,271"
10436,"3,4,19"
10437,"282,111,199"
10438,"41,40,42"
10439,"31,96,10"
10440,"3,81,53"
10441,"311,426,337"
10442,"234,3,60"
10443,"44,145,45"
10444,"3,53,21"
10445,"131,241,40"
10446,"3,204,13"
10447,"199,169"
10448,"171,170,199"
10449,"199,169"
10450,"145,468,44"
10451,"40,41"
10452,"259,426,311"
10453,"3,435,4"
10454,"0,265,337"
10455,"10,199,40"
10456,"40,146,145"
10457,"0,8,206"
10458,"220,10"
10459,"0,265,8"
10460,"118,74,23"
10461,"10,489,11"
10462,"271,0,360"
10463,"3,4,435"
10464,"40,162,250"
10465,"83,54,10"
10466,"44,13,10"
10467,"0,311,426"
10468,"8,0,514"
10469,"0,255,271"
10470,"10,220,23"
10471,"38,87,23"
10472,"220,10"
10473,"4,3,435"
10474,"251,337,296"
10475,"3,21,48"
10476,"337,311,426"
10477,"3,17,21"
10478,"195,169,296"
10479,"40,160,423"
10480,"3,435,4"
10481,"40,160"
10482,"40,241,131"
10483,"31,96,23"
10484,"220,10,221"
10485,"24,43,23"
10486,"323,199,170"
10487,"431,135,311"
10488,"3,111,161"
10489,"169,296"
10490,"3,21,301"
10491,"169,281,311"
10492,"23,118,74"
10493,"40,131,134"
10494,"171,170,199"
10495,"3,17,320"
10496,"10,11,12"
10497,"3,147,148"
10498,"169,374,199"
10499,"0,342,271"
10500,"0,89,26"
10501,"10,64,93"
10502,"40,139"
10503,"0,421,229"
10504,"175,40,128"
10505,"3,500,21"
10506,"89,23,26"
10507,"3,53,21"
10508,"23,31,296"
10509,"10,64,448"
10510,"40,162"
10511,"241,40,131"
10512,"23,89,26"
10513,"23,74,118"
10514,"43,23,24"
10515,"40,131"
10516,"0,23,206"
10517,"11,205,10"
10518,"455,0,271"
10519,"23,88,26"
10520,"64,10,93"
10521,"64,10,448"
10522,"40,41,131"
10523,"428,3,17"
10524,"3,147,148"
10525,"426,259,311"
10526,"145,44,25"
10527,"145,402,40"
10528,"3,10,13"
10529,"25,24,23"
10530,"0,8,391"
10531,"40,160,315"
10532,"145,44,45"
10533,"3,21,187"
10534,"0,346,313"
10535,"3,5,111"
10536,"23,26,0"
10537,"3,21"
10538,"74,23,303"
10539,"160,40,315"
10540,"3,21"
10541,"10,93,64"
10542,"323,199,170"
10543,"40,160,3"
10544,"3,21,111"
10545,"89,26,23"
10546,"3,176,4"
10547,"69,44,145"
10548,"3,36,35"
10549,"0,291,271"
10550,"32,31,23"
10551,"402,40,145"
10552,"224,3,41"
10553,"169,296,411"
10554,"41,224,40"
10555,"64,10,80"
10556,"3,53"
10557,"49,24,23"
10558,"40,128,41"
10559,"40,131,134"
10560,"0,23,418"
10561,"38,71,23"
10562,"323,199,170"
10563,"45,44,145"
10564,"145,45,44"
10565,"182,3,21"
10566,"10,23"
10567,"145,40,10"
10568,"23,24,43"
10569,"5,3,133"
10570,"3,21,182"
10571,"386,40,135"
10572,"23,26"
10573,"23,105,265"
10574,"10,12,11"
10575,"74,23,303"
10576,"0,271,291"
10577,"23,38,24"
10578,"3,21"
10579,"40,131,193"
10580,"23,25,24"
10581,"0,304,216"
10582,"3,311,21"
10583,"0,271,291"
10584,"169,251,337"
10585,"349,0,265"
10586,"0,265,271"
10587,"40,131,134"
10588,"69,10,44"
10589,"23,38,63"
10590,"3,21,187"
10591,"260,169,170"
10592,"145,44,40"
10593,"3,105,519"
10594,"131,241,40"
10595,"3,21,250"
10596,"44,145,45"
10597,"0,265"
10598,"118,74,23"
10599,"23,145,40"
10600,"0,271,216"
10601,"17,3,320"
10602,"234,21,60"
10603,"128,40,195"
10604,"296,169,300"
10605,"70,4,3"
10606,"448,64,40"
10607,"111,3,123"
10608,"3,147,148"
10609,"17,3,40"
10610,"40,241,131"
10611,"3,21,127"
10612,"64,10,93"
10613,"323,199,170"
10614,"182,3,21"
10615,"3,21,301"
10616,"3,21,301"
10617,"145,40,402"
10618,"3,164,21"
10619,"64,10,80"
10620,"21,3,127"
10621,"128,130,40"
10622,"169,260,170"
10623,"137,38,128"
10624,"128,129,40"
10625,"26,23,89"
10626,"10,23,454"
10627,"0,313,277"
10628,"508,426,169"
10629,"3,5"
10630,"3,21"
10631,"23,26,350"
10632,"220,10"
10633,"0,265,418"
10634,"10,80,64"
10635,"311,0,271"
10636,"3,21,40"
10637,"3,36,35"
10638,"3,21,30"
10639,"224,40,41"
10640,"308,0,8"
10641,"0,265,340"
10642,"0,452"
10643,"5,3,6"
10644,"43,24,23"
10645,"40,145,402"
10646,"40,160,423"
10647,"0,363,271"
10648,"38,23,39"
10649,"10,64"
10650,"145,44,45"
10651,"44,145,45"
10652,"23,38,40"
10653,"3,21,182"
10654,"129,40,128"
10655,"11,10,12"
10656,"131,40,241"
10657,"0,271"
10658,"231,26,23"
10659,"0,271,346"
10660,"15,3,16"
10661,"40,250,41"
10662,"323,199,170"
10663,"25,24,23"
10664,"417,169,296"
10665,"0,265,271"
10666,"40,186,128"
10667,"225,3,120"
10668,"23,0,26"
10669,"313,0,485"
10670,"220,10"
10671,"0,271,216"
10672,"40,195,128"
10673,"24,23,0"
10674,"0,313,346"
10675,"3,523,21"
10676,"10,145,296"
10677,"0,271,291"
10678,"49,24,23"
10679,"31,96,23"
10680,"426,311,337"
10681,"3,52,51"
10682,"40,21,3"
10683,"131,40,406"
10684,"40,135"
10685,"21,3,127"
10686,"271,0,291"
10687,"508,426,169"
10688,"23,38"
10689,"494,184,40"
10690,"135,431,40"
10691,"259,311,426"
10692,"3,53,60"
10693,"3,147"
10694,"0,218,457"
10695,"40,131,128"
10696,"3,5,228"
10697,"3,141,30"
10698,"3,435,53"
10699,"0,271,255"
10700,"10,90,64"
10701,"145,40,402"
10702,"3,21,204"
10703,"64,10,80"
10704,"10,0,220"
10705,"0,8,23"
10706,"40,41,215"
10707,"3,435,182"
10708,"3,147,148"
10709,"3,187,21"
10710,"68,3,199"
10711,"0,8,235"
10712,"24,23,43"
10713,"323,199,170"
10714,"64,93,10"
10715,"0,265,255"
10716,"64,93,10"
10717,"23,24,40"
10718,"3,4"
10719,"31,96,23"
10720,"170,169,459"
10721,"437,23,145"
10722,"296,169,300"
10723,"3,4,435"
10724,"111,112,3"
10725,"49,24,23"
10726,"10,220"
10727,"3,169,170"
10728,"44,145,45"
10729,"0,273,265"
10730,"291,271,0"
10731,"181,145,40"
10732,"0,271,340"
10733,"3,187,21"
10734,"367,100,3"
10735,"0,271"
10736,"64,80,10"
10737,"3,30,28"
10738,"3,21,115"
10739,"3,523,53"
10740,"3,21,127"
10741,"40,241,131"
10742,"44,45,145"
10743,"312,311,426"
10744,"40,3,131"
10745,"135,138,40"
10746,"271,255,280"
10747,"44,145,45"
10748,"170,323,199"
10749,"3,5,6"
10750,"3,17"
10751,"40,131,23"
10752,"259,40,311"
10753,"25,10,24"
10754,"193,131,40"
10755,"44,145,45"
10756,"0,313,1"
10757,"145,44,45"
10758,"3,4,265"
10759,"8,0,308"
10760,"3,143,34"
10761,"107,38,23"
10762,"3,13,40"
10763,"3,169,281"
10764,"129,128,40"
10765,"3,4,435"
10766,"0,313,346"
10767,"3,16,17"
10768,"426,311,337"
10769,"3,147,148"
10770,"181,145,40"
10771,"281,169"
10772,"40,160,149"
10773,"281,169,199"
10774,"145,40,10"
10775,"40,139,3"
10776,"3,21,182"
10777,"25,24,23"
10778,"3,21"
10779,"0,313,265"
10780,"3,4,435"
10781,"220,10"
10782,"0,291,271"
10783,"187,3,21"
10784,"3,111"
10785,"3,187,21"
10786,"127,40,3"
10787,"24,23,25"
10788,"0,337,265"
10789,"0,216,271"
10790,"0,313,485"
10791,"23,181,40"
10792,"0,271,214"
10793,"3,121,120"
10794,"169,40,135"
10795,"40,41,186"
10796,"3,4,435"
10797,"199,3,426"
10798,"3,379,53"
10799,"145,170,323"
10800,"40,419,10"
10801,"40,146,145"
10802,"74,317,23"
10803,"23,137,38"
10804,"0,235,8"
10805,"64,10,448"
10806,"40,160"
10807,"3,21,301"
10808,"10,64"
10809,"89,26,23"
10810,"138,135,40"
10811,"3,523,53"
10812,"239,10,60"
10813,"0,498,288"
10814,"13,3"
10815,"337,296,251"
10816,"145,44,25"
10817,"231,26,23"
10818,"26,23,231"
10819,"64,10,93"
10820,"0,271,291"
10821,"3,21,301"
10822,"220,10"
10823,"96,31,23"
10824,"64,10,80"
10825,"23,24,43"
10826,"220,10"
10827,"23,493,145"
10828,"0,405,296"
10829,"40,41,160"
10830,"205,10,59"
10831,"23,3,4"
10832,"354,0,216"
10833,"187,3,21"
10834,"4,3,70"
10835,"3,21,301"
10836,"38,24,71"
10837,"23,24,303"
10838,"187,3,21"
10839,"0,10,145"
10840,"40,131,241"
10841,"23,62,74"
10842,"0,271,458"
10843,"0,271"
10844,"0,216,271"
10845,"3,53,40"
10846,"337,311,426"
10847,"182,3,21"
10848,"26,89,23"
10849,"3,5,56"
10850,"64,10,93"
10851,"0,216"
10852,"145,44,45"
10853,"23,118,74"
10854,"3,53,523"
10855,"26,23,231"
10856,"162,40"
10857,"0,271,291"
10858,"25,24,23"
10859,"169,296"
10860,"0,446,218"
10861,"118,23,74"
10862,"169,311,426"
10863,"25,23,10"
10864,"41,40,3"
10865,"10,64,24"
10866,"23,25,454"
10867,"10,220,24"
10868,"265,418,0"
10869,"61,10,60"
10870,"17,3,320"
10871,"220,10"
10872,"0,271,291"
10873,"135,40,250"
10874,"40,131,241"
10875,"0,366,271"
10876,"271,0,255"
10877,"165,74,23"
10878,"289,40,128"
10879,"118,23,74"
10880,"8,0,206"
10881,"92,23,60"
10882,"3,15,111"
10883,"296,3,121"
10884,"31,328,23"
10885,"243,184,317"
10886,"265,0,220"
10887,"402,40,24"
10888,"64,10,80"
10889,"145,40,44"
10890,"275,3,111"
10891,"3,21,301"
10892,"169,487"
10893,"3,15,16"
10894,"0,271"
10895,"3,4,435"
10896,"3,21,22"
10897,"3,21,182"
10898,"32,31,3"
10899,"40,10,145"
10900,"3,48"
10901,"21,3,301"
10902,"40,135,23"
10903,"3,40,21"
10904,"131,193,40"
10905,"145,402,45"
10906,"3,53,325"
10907,"431,135,40"
10908,"169,296,460"
10909,"138,135,40"
10910,"3,4,435"
10911,"3,21,187"
10912,"64,10,90"
10913,"231,26,23"
10914,"21,301,3"
10915,"44,145,73"
10916,"93,64,10"
10917,"0,265,340"
10918,"26,23,89"
10919,"3,4,19"
10920,"3,4,435"
10921,"335,64,10"
10922,"322,40,145"
10923,"10,64,80"
10924,"0,8"
10925,"40,160,41"
10926,"0,8,206"
10927,"169,296,411"
10928,"3,17,52"
10929,"40,128,41"
10930,"3,28,21"
10931,"10,64,93"
10932,"24,23,43"
10933,"0,265,349"
10934,"23,44,0"
10935,"54,437,145"
10936,"346,313,0"
10937,"0,370,216"
10938,"3,135,40"
10939,"3,13"
10940,"239,60,10"
10941,"3,164,21"
10942,"0,456,271"
10943,"49,23,24"
10944,"4,3,19"
10945,"127,21,3"
10946,"0,218"
10947,"138,40,135"
10948,"64,10,80"
10949,"0,271"
10950,"0,8,206"
10951,"229,230,0"
10952,"3,148,30"
10953,"160,40,467"
10954,"402,40,145"
10955,"23,38"
10956,"220,10"
10957,"5,3,331"
10958,"3,53,21"
10959,"49,24,23"
10960,"0,218,485"
10961,"3,301,21"
10962,"170,169,3"
10963,"145,40,402"
10964,"43,24,23"
10965,"43,23,24"
10966,"186,40,128"
10967,"169,281,199"
10968,"3,21"
10969,"508,426,169"
10970,"3,81,30"
10971,"0,271,456"
10972,"3,148,147"
10973,"40,138,135"
10974,"60,239,10"
10975,"523,3,53"
10976,"24,23,43"
10977,"3,21,385"
10978,"3,21,182"
10979,"0,216,279"
10980,"135,189,40"
10981,"3,15,16"
10982,"311,169"
10983,"25,23,24"
10984,"23,40,43"
10985,"3,111"
10986,"350,26,23"
10987,"128,40,130"
10988,"182,3,21"
10989,"10,220"
10990,"0,216,354"
10991,"40,195,0"
10992,"128,40,130"
10993,"3,182,21"
10994,"3,147,17"
10995,"115,3,21"
10996,"436,111,3"
10997,"23,414,94"
10998,"40,131,134"
10999,"3,21,40"
11000,"296,169,411"
11001,"171,170,199"
11002,"131,23,25"
11003,"89,26,23"
11004,"40,131,41"
11005,"3,301,21"
11006,"10,11,12"
11007,"40,175,128"
11008,"308,8,0"
11009,"64,10,80"
11010,"239,60,10"
11011,"220,10,221"
11012,"402,145,40"
11013,"40,131,134"
11014,"145,402,40"
11015,"24,25,260"
11016,"271,0,291"
11017,"40,38"
11018,"402,40,145"
11019,"508,426,169"
11020,"40,186,128"
11021,"0,8"
11022,"40,145,402"
11023,"40,145"
11024,"281,199,169"
11025,"32,31,145"
11026,"128,40,129"
11027,"169,333,296"
11028,"3,53,111"
11029,"145,181,40"
11030,"23,137,40"
11031,"171,199,170"
11032,"31,96,23"
11033,"0,271,455"
11034,"313,0,485"
11035,"24,345,23"
11036,"3,435,4"
11037,"402,145,40"
11038,"87,23,8"
11039,"118,23,74"
11040,"485,313,0"
11041,"171,170,199"
11042,"3,21,301"
11043,"0,349,265"
11044,"0,271,23"
11045,"0,314,313"
11046,"3,111,182"
11047,"0,296,333"
11048,"311,426,337"
11049,"0,249,279"
11050,"311,0,426"
11051,"296,169,411"
11052,"3,21,301"
11053,"10,220"
11054,"23,118,74"
11055,"23,49,24"
11056,"40,131,406"
11057,"38,23,71"
11058,"64,10,93"
11059,"31,96,23"
11060,"337,251"
11061,"0,370"
11062,"3,34,40"
11063,"40,334,496"
11064,"40,129,128"
11065,"64,10,448"
11066,"0,397,271"
11067,"145,44,40"
11068,"64,10,80"
11069,"0,8"
11070,"43,23,24"
11071,"337,296,311"
11072,"3,21"
11073,"220,10"
11074,"3,81,30"
11075,"3,21"
11076,"40,128,129"
11077,"3,21,199"
11078,"323,170,199"
11079,"64,10"
11080,"0,271,456"
11081,"128,40,130"
11082,"3,21,53"
11083,"3,15"
11084,"44,145,45"
11085,"49,24,23"
11086,"251,296,337"
11087,"402,251,40"
11088,"109,11,10"
11089,"337,426,311"
11090,"402,40,145"
11091,"3,301,21"
11092,"105,3,23"
11093,"0,8,206"
11094,"350,26,23"
11095,"160,40,315"
11096,"0,456,271"
11097,"63,38,23"
11098,"39,38,23"
11099,"40,131,406"
11100,"23,24,49"
11101,"40,241,131"
11102,"31,96,40"
11103,"3,21,40"
11104,"3,4,435"
11105,"337,311,426"
11106,"145,40,402"
11107,"3,40,523"
11108,"0,271,255"
11109,"40,131,406"
11110,"145,44,45"
11111,"64,10,448"
11112,"23,74,182"
11113,"395,40,396"
11114,"3,53,523"
11115,"24,345,23"
11116,"0,206,8"
11117,"220,10,23"
11118,"10,64,90"
11119,"40,160,152"
11120,"96,31,23"
11121,"3,523,53"
11122,"0,271,360"
11123,"3,21,127"
11124,"3,331,5"
11125,"3,301,21"
11126,"40,131,406"
11127,"32,23,31"
11128,"0,271,214"
11129,"0,346,313"
11130,"61,72,60"
11131,"40,10,23"
11132,"38,23,74"
11133,"366,0,271"
11134,"118,74,23"
11135,"0,271,8"
11136,"0,265,455"
11137,"0,265,46"
11138,"0,271,360"
11139,"17,3,320"
11140,"160,40,315"
11141,"0,10,279"
11142,"271,0,291"
11143,"3,53"
11144,"131,40,193"
11145,"220,10,221"
11146,"3,16,15"
11147,"89,23,26"
11148,"40,160"
11149,"40,135,250"
11150,"231,26,23"
11151,"111,404,3"
11152,"23,24,43"
11153,"64,10,93"
11154,"3,13,204"
11155,"40,164,224"
11156,"131,134,40"
11157,"323,199,170"
11158,"23,265,0"
11159,"296,251,337"
11160,"40,127,21"
11161,"220,10"
11162,"402,40,145"
11163,"115,21,3"
11164,"102,21,3"
11165,"43,24,23"
11166,"10,23,220"
11167,"402,145,40"
11168,"10,220"
11169,"10,220,454"
11170,"10,64"
11171,"3,5,331"
11172,"366,0,271"
11173,"40,250,135"
11174,"291,0,349"
11175,"251,296,337"
11176,"10,221,11"
11177,"147,3,156"
11178,"40,241,131"
11179,"169,337,311"
11180,"145,402,40"
11181,"3,187,21"
11182,"40,215"
11183,"49,23,24"
11184,"169,343,199"
11185,"23,145,38"
11186,"3,182,21"
11187,"199,323,170"
11188,"3,13"
11189,"0,8,206"
11190,"402,40,23"
11191,"26,23,231"
11192,"0,8,285"
11193,"3,111,53"
11194,"3,435,4"
11195,"38,63,23"
11196,"23,24,10"
11197,"251,23,337"
11198,"24,62,508"
11199,"296,251,337"
11200,"64,10,93"
11201,"38,309,23"
11202,"0,206,8"
11203,"0,271,444"
11204,"3,21,224"
11205,"64,10,93"
11206,"40,175,128"
11207,"21,3,40"
11208,"10,64,40"
11209,"3,64,10"
11210,"43,24,23"
11211,"0,304,216"
11212,"0,457,218"
11213,"3,21,182"
11214,"40,131,406"
11215,"64,10,80"
11216,"169,343,199"
11217,"45,44,145"
11218,"40,38,169"
11219,"187,3,21"
11220,"24,38,71"
11221,"23,24,0"
11222,"49,24,23"
11223,"0,271,291"
11224,"40,131,406"
11225,"135,431,40"
11226,"10,220"
11227,"3,124,21"
11228,"3,16,15"
11229,"23,26,38"
11230,"0,337"
11231,"49,24,23"
11232,"0,271"
11233,"25,23,24"
11234,"0,346,313"
11235,"23,24,88"
11236,"40,162,131"
11237,"3,164,21"
11238,"17,320,3"
11239,"23,24,43"
11240,"3,301,5"
11241,"134,40"
11242,"23,24,40"
11243,"0,271,434"
11244,"10,64,65"
11245,"211,212,216"
11246,"3,301,21"
11247,"220,10"
11248,"3,48,21"
11249,"3,15,16"
11250,"337,0,296"
11251,"169,343,199"
11252,"0,291,271"
11253,"3,40,241"
11254,"31,328,23"
11255,"0,265,349"
11256,"10,145,44"
11257,"64,80,10"
11258,"3,15,16"
11259,"10,239,60"
11260,"64,10,448"
11261,"10,221,419"
11262,"169,199"
11263,"145,40,45"
11264,"3,156,147"
11265,"426,259,311"
11266,"40,241,131"
11267,"0,265,418"
11268,"40,494,184"
11269,"40,139,131"
11270,"0,349,265"
11271,"21,3,108"
11272,"208,369,0"
11273,"43,23,24"
11274,"0,271,8"
11275,"40,54,10"
11276,"40,128,23"
11277,"135,307,74"
11278,"0,271,291"
11279,"8,308,23"
11280,"339,169,337"
11281,"23,91,38"
11282,"44,45,145"
11283,"3,187,21"
11284,"216,212,211"
11285,"40,131,241"
11286,"45,145,44"
11287,"494,40,131"
11288,"145,44,402"
11289,"459,169,170"
11290,"44,145,40"
11291,"402,40,145"
11292,"3,4"
11293,"0,291,271"
11294,"32,31,23"
11295,"3,17,15"
11296,"64,10,80"
11297,"169,199,343"
11298,"426,311,312"
11299,"64,10,80"
11300,"38,71,24"
11301,"135,138,40"
11302,"53,3,169"
11303,"291,271,0"
11304,"10,64,93"
11305,"96,31,23"
11306,"3,287,53"
11307,"61,145,60"
11308,"137,23,38"
11309,"0,418,265"
11310,"3,21"
11311,"201,40,41"
11312,"0,265,349"
11313,"49,24,10"
11314,"138,135,40"
11315,"23,38,88"
11316,"3,111,301"
11317,"25,23,24"
11318,"281,169,199"
11319,"169,281,170"
11320,"3,331,5"
11321,"402,145,40"
11322,"0,271"
11323,"10,220"
11324,"145,181,40"
11325,"10,64"
11326,"402,145,40"
11327,"204,13,3"
11328,"89,26,40"
11329,"32,31,181"
11330,"169,296,411"
11331,"243,74,23"
11332,"32,23,31"
11333,"3,275,111"
11334,"31,454,23"
11335,"24,10,25"
11336,"3,111"
11337,"0,265,40"
11338,"40,3,17"
11339,"43,24,23"
11340,"169,40,199"
11341,"0,8,327"
11342,"171,199,170"
11343,"220,10"
11344,"3,13,204"
11345,"93,64,10"
11346,"3,21,40"
11347,"40,131,241"
11348,"323,170,199"
11349,"170,260,169"
11350,"40,201,41"
11351,"3,156,147"
11352,"328,31,481"
11353,"93,64,10"
11354,"169,38,296"
11355,"3,13,23"
11356,"5,3,21"
11357,"169,170,260"
11358,"0,235,8"
11359,"21,40,115"
11360,"295,31,40"
11361,"10,64,239"
11362,"502,145,23"
11363,"3,17,320"
11364,"25,145,44"
11365,"3,81,48"
11366,"220,10,25"
11367,"3,4,435"
11368,"49,23,145"
11369,"3,53,16"
11370,"0,271,291"
11371,"40,241,131"
11372,"3,21,301"
11373,"402,145,40"
11374,"135,40,374"
11375,"0,271"
11376,"3,21,127"
11377,"10,220"
11378,"0,271,291"
11379,"220,10"
11380,"40,131,134"
11381,"3,17,320"
11382,"0,457,218"
11383,"0,8,23"
11384,"49,24,23"
11385,"0,23,40"
11386,"0,455,271"
11387,"3,21,127"
11388,"187,3,21"
11389,"3,523,53"
11390,"10,60,11"
11391,"3,53,523"
11392,"40,131,241"
11393,"175,128,40"
11394,"402,145,40"
11395,"220,10"
11396,"131,40,241"
11397,"23,26,0"
11398,"0,23,8"
11399,"426,311,337"
11400,"251,296,337"
11401,"0,271,456"
11402,"40,162,23"
11403,"0,8,206"
11404,"402,145,40"
11405,"74,84,23"
11406,"3,156,147"
11407,"0,8,410"
11408,"220,10"
11409,"3,5,57"
11410,"74,23,303"
11411,"138,135,40"
11412,"3,127,21"
11413,"3,21,108"
11414,"63,23"
11415,"74,40,23"
11416,"28,3,113"
11417,"40,404,111"
11418,"311,337,426"
11419,"10,54,95"
11420,"323,170,199"
11421,"169,296,371"
11422,"290,287,23"
11423,"0,8,235"
11424,"40,3,23"
11425,"145,40,44"
11426,"3,0"
11427,"128,129,40"
11428,"49,23,24"
11429,"291,0,271"
11430,"220,10,23"
11431,"128,40,129"
11432,"3,301,21"
11433,"11,10,12"
11434,"220,10"
11435,"45,44,145"
11436,"40,128,129"
11437,"40,145,478"
11438,"3,435,4"
11439,"40,145,146"
11440,"40,184,406"
11441,"145,40,402"
11442,"3,156,147"
11443,"523,53,3"
11444,"402,40,145"
11445,"3,127,21"
11446,"135,40,23"
11447,"40,315,160"
11448,"0,21,458"
11449,"3,53,523"
11450,"10,239,60"
11451,"40,128,129"
11452,"3,523,15"
11453,"0,8,206"
11454,"145,370,40"
11455,"3,147,148"
11456,"300,296,169"
11457,"10,220"
11458,"3,301,21"
11459,"25,24,23"
11460,"8,0,308"
11461,"370,0,216"
11462,"3,36,35"
11463,"10,220"
11464,"105,3,23"
11465,"3,147,156"
11466,"265,0,418"
11467,"3,301,21"
11468,"3,176,4"
11469,"23,74,303"
11470,"281,169,199"
11471,"23,169,24"
11472,"3,4,435"
11473,"44,45,145"
11474,"44,145,45"
11475,"3,301,21"
11476,"13,20,74"
11477,"0,271,291"
11478,"3,111,275"
11479,"64,10,80"
11480,"24,71,40"
11481,"45,44,145"
11482,"3,21,301"
11483,"54,322,10"
11484,"199,23,49"
11485,"0,271,265"
11486,"10,220"
11487,"259,426,311"
11488,"0,23,26"
11489,"3,4,435"
11490,"3,340,287"
11491,"40,131,406"
11492,"24,49,23"
11493,"171,170,199"
11494,"211,0,216"
11495,"0,354,216"
11496,"32,23,31"
11497,"300,296,523"
11498,"169,170,426"
11499,"31,96,23"
11500,"0,8,235"
11501,"3,4,148"
11502,"3,148,147"
11503,"0,265,455"
11504,"3,15,16"
11505,"3,147,156"
11506,"94,38,40"
11507,"6,5,3"
11508,"3,21,301"
11509,"170,169"
11510,"3,15"
11511,"64,10,80"
11512,"3,5,385"
11513,"187,3,21"
11514,"220,10"
11515,"169,296"
11516,"311,426,337"
11517,"3,187,21"
11518,"40,41"
11519,"323,170,199"
11520,"3,161,111"
11521,"40,160,315"
11522,"0,40,128"
11523,"23,38,137"
11524,"145,38,44"
11525,"169,260,170"
11526,"220,10,221"
11527,"64,10,93"
11528,"40,21,182"
11529,"169,343,199"
11530,"323,199,170"
11531,"3,147"
11532,"40,0,145"
11533,"4,3,435"
11534,"10,69,64"
11535,"287,53,3"
11536,"89,23,26"
11537,"44,145,45"
11538,"73,44,145"
11539,"10,64"
11540,"53,287,367"
11541,"145,44,40"
11542,"0,311,271"
11543,"64,10,93"
11544,"40,135,41"
11545,"145,45,44"
11546,"3,182,21"
11547,"3,21"
11548,"131,40,193"
11549,"40,131,241"
11550,"40,131"
11551,"402,40,145"
11552,"40,128,129"
11553,"138,135,40"
11554,"131,40,193"
11555,"0,23,308"
11556,"3,21,187"
11557,"10,64,93"
11558,"38,0,309"
11559,"3,21,164"
11560,"3,182,21"
11561,"220,10"
11562,"3,10,145"
11563,"0,265"
11564,"3,307,164"
11565,"40,131,406"
11566,"10,54,0"
11567,"40,128,129"
11568,"0,376,265"
11569,"17,3,40"
11570,"251,337,296"
11571,"49,24,23"
11572,"44,145,10"
11573,"23,162,74"
11574,"0,206,8"
11575,"265,0,340"
11576,"23,105"
11577,"251,402,296"
11578,"187,21,3"
11579,"3,147,21"
11580,"0,346,313"
11581,"0,418,265"
11582,"23,25,24"
11583,"3,111,4"
11584,"3,21"
11585,"3,30"
11586,"118,74,23"
11587,"3,15,16"
11588,"0,271,308"
11589,"3,21,53"
11590,"64,10,80"
11591,"40,315,160"
11592,"323,199,170"
11593,"145,216,370"
11594,"0,418,265"
11595,"281,311,169"
11596,"323,199,170"
11597,"64,10,80"
11598,"3,21,53"
11599,"239,10,60"
11600,"118,23,74"
11601,"169,40,199"
11602,"3,187,21"
11603,"23,74,38"
11604,"64,10,80"
11605,"0,265"
11606,"40,315,160"
11607,"234,21,60"
11608,"0,271,456"
11609,"3,168,53"
11610,"40,139,244"
11611,"93,10,64"
11612,"3,21,301"
11613,"64,93,10"
11614,"3,21,187"
11615,"0,313,271"
11616,"17,3,320"
11617,"131,40,241"
11618,"71,38,24"
11619,"40,162,47"
11620,"40,131,241"
11621,"260,169,170"
11622,"41,3,286"
11623,"23,74"
11624,"3,17,51"
11625,"44,72,145"
11626,"23,38,39"
11627,"0,265"
11628,"3,21,127"
11629,"296,337,251"
11630,"40,129,0"
11631,"23,197,10"
11632,"3,523,53"
11633,"10,220,23"
11634,"118,74,23"
11635,"197,60,145"
11636,"3,21,22"
11637,"11,10,12"
11638,"25,24,23"
11639,"40,241,38"
11640,"99,3"
11641,"64,10,93"
11642,"49,24,23"
11643,"71,24,38"
11644,"3,35,36"
11645,"145,402,40"
11646,"40,131,406"
11647,"169,296"
11648,"3,53,99"
11649,"40,131"
11650,"109,23,11"
11651,"3,21,52"
11652,"0,271,8"
11653,"0,211,319"
11654,"24,43,23"
11655,"44,45,145"
11656,"40,131,406"
11657,"3,21,127"
11658,"3,51,52"
11659,"26,89,23"
11660,"3,182,21"
11661,"25,24,220"
11662,"145,40,181"
11663,"220,10"
11664,"187,3,21"
11665,"3,21,127"
11666,"10,220,64"
11667,"138,40,135"
11668,"64,10,0"
11669,"184,243,40"
11670,"3,127,21"
11671,"137,23,38"
11672,"91,23,38"
11673,"23,74,303"
11674,"118,74,23"
11675,"508,426,169"
11676,"169,459,170"
11677,"343,169,199"
11678,"271,0,429"
11679,"0,271,456"
11680,"80,64,10"
11681,"24,23,25"
11682,"220,10"
11683,"64,10,93"
11684,"323,199,170"
11685,"169,241,131"
11686,"123,111,3"
11687,"408,128,40"
11688,"25,24,23"
11689,"3,301,21"
11690,"23,3,74"
11691,"24,145,40"
11692,"93,10,64"
11693,"3,4"
11694,"0,360,271"
11695,"3,5,331"
11696,"311,337,426"
11697,"216,211,212"
11698,"346,313,0"
11699,"3,182,21"
11700,"454,31,23"
11701,"3,53,523"
11702,"0,311,426"
11703,"402,145,40"
11704,"402,145,40"
11705,"3,21,301"
11706,"3,523,53"
11707,"3,17,320"
11708,"239,10,60"
11709,"216,212,211"
11710,"138,135,40"
11711,"4,3,435"
11712,"40,24,478"
11713,"64,10,93"
11714,"64,10,93"
11715,"40,3,502"
11716,"199,323,170"
11717,"40,131,241"
11718,"259,426,311"
11719,"0,26,291"
11720,"3,21"
11721,"3,523,53"
11722,"3,275,53"
11723,"44,24,145"
11724,"523,53,160"
11725,"13,3,40"
11726,"169,339,337"
11727,"69,44,145"
11728,"111,3,40"
11729,"25,24,23"
11730,"3,4,7"
11731,"0,249,271"
11732,"40,184,243"
11733,"40,131"
11734,"3,323,21"
11735,"420,23,31"
11736,"3,21,182"
11737,"23,74,38"
11738,"0,206,8"
11739,"145,40,402"
11740,"220,10"
11741,"3,147,148"
11742,"3,156,147"
11743,"337,311,426"
11744,"21,3,301"
11745,"3,523,53"
11746,"104,3,30"
11747,"3,17,320"
11748,"3,15"
11749,"169,199,281"
11750,"186,40,128"
11751,"337,426,311"
11752,"3,21,301"
11753,"10,11,145"
11754,"96,31,23"
11755,"43,23,24"
11756,"59,24,10"
11757,"31,96,193"
11758,"64,10,80"
11759,"323,170,199"
11760,"38,23,94"
11761,"141,118,40"
11762,"182,3,21"
11763,"3,111,125"
11764,"3,147,148"
11765,"3,17"
11766,"0,271"
11767,"3,21,301"
11768,"15,3,16"
11769,"23,91,337"
11770,"3,21,108"
11771,"3,21,164"
11772,"3,15,16"
11773,"339,337,169"
11774,"169,426,40"
11775,"40,131,241"
11776,"64,80,10"
11777,"53,3,182"
11778,"64,10,448"
11779,"69,10,44"
11780,"64,10,80"
11781,"72,145,170"
11782,"259,311,426"
11783,"49,24,23"
11784,"23,24,40"
11785,"44,72,145"
11786,"199,337,169"
11787,"3,4,331"
11788,"145,181,23"
11789,"40,131,406"
11790,"3,147,156"
11791,"129,40,128"
11792,"105,495,10"
11793,"24,62,23"
11794,"23,24,296"
11795,"0,311,128"
11796,"23,38,63"
11797,"11,10,205"
11798,"38,23,87"
11799,"40,3,21"
11800,"0,8,444"
11801,"3,21"
11802,"21,100,40"
11803,"3,331,5"
11804,"3,53,523"
11805,"3,187,21"
11806,"3,187,21"
11807,"175,128,40"
11808,"23,345,24"
11809,"10,64"
11810,"40,3,21"
11811,"402,40,25"
11812,"3,51,52"
11813,"3,17,58"
11814,"145,40,44"
11815,"40,406,184"
11816,"40,162,135"
11817,"4,3,19"
11818,"69,44,145"
11819,"337,311,426"
11820,"3,301,21"
11821,"494,40,184"
11822,"0,23"
11823,"220,10"
11824,"271,0,429"
11825,"3,53,148"
11826,"54,10,95"
11827,"0,457,218"
11828,"41,40,286"
11829,"234,60,21"
11830,"3,13,69"
11831,"171,199,184"
11832,"40,23,145"
11833,"3,147,148"
11834,"0,271,456"
11835,"340,195,128"
11836,"0,346,313"
11837,"0,313,346"
11838,"40,131,134"
11839,"3,21,48"
11840,"40,38,135"
11841,"3,4"
11842,"72,44,145"
11843,"0,277,458"
11844,"308,8,0"
11845,"23,24,43"
11846,"23,38"
11847,"0,265"
11848,"0,313,218"
11849,"145,40,197"
11850,"118,74,23"
11851,"0,313,346"
11852,"0,291,271"
11853,"0,313,346"
11854,"3,21,187"
11855,"220,10"
11856,"72,44,10"
11857,"64,80,10"
11858,"3,68,111"
11859,"23,31,3"
11860,"0,457,218"
11861,"489,10"
11862,"23,118,74"
11863,"10,220,24"
11864,"182,3,21"
11865,"40,152,151"
11866,"95,54,10"
11867,"431,135,40"
11868,"64,10,90"
11869,"3,17"
11870,"3,301,21"
11871,"23,44,145"
11872,"3,4,435"
11873,"145,45,44"
11874,"17,320,3"
11875,"0,265"
11876,"169,23,74"
11877,"3,15,16"
11878,"8,206,0"
11879,"160,40,315"
11880,"40,478,145"
11881,"128,40"
11882,"138,135,40"
11883,"426,311,259"
11884,"0,8,235"
11885,"0,271,26"
11886,"124,3,21"
11887,"8,0,206"
11888,"3,4"
11889,"523,3,53"
11890,"0,8,327"
11891,"10,220,221"
11892,"17,320,3"
11893,"296,169,333"
11894,"24,23,418"
11895,"0,336,23"
11896,"220,10"
11897,"220,10"
11898,"0,10,69"
11899,"3,17,99"
11900,"199,169,170"
11901,"3,21,169"
11902,"171,170,199"
11903,"508,426,169"
11904,"3,0,21"
11905,"11,0,10"
11906,"45,145,44"
11907,"64,10,80"
11908,"3,17,320"
11909,"135,40,138"
11910,"459,40,169"
11911,"3,15,16"
11912,"4,3,435"
11913,"334,160,467"
11914,"402,145,169"
11915,"23,404,111"
11916,"317,23,74"
11917,"64,93,10"
11918,"45,44,145"
11919,"10,64,80"
11920,"296,23,169"
11921,"3,21,127"
11922,"3,301,21"
11923,"63,23,38"
11924,"169,170,199"
11925,"13,14,3"
11926,"40,135,74"
11927,"40,23,26"
11928,"0,265,457"
11929,"3,4,275"
11930,"23,303,38"
11931,"23,26,25"
11932,"296,169"
11933,"211,0,212"
11934,"3,523,53"
11935,"3,147,203"
11936,"40,418,92"
11937,"431,135,40"
11938,"40,131,406"
11939,"3,13"
11940,"3,301,21"
11941,"40,243,184"
11942,"147,3,148"
11943,"40,135,250"
11944,"64,10,93"
11945,"69,44,145"
11946,"3,331,5"
11947,"259,426,311"
11948,"25,145,24"
11949,"40,135"
11950,"10,11,489"
11951,"10,145,44"
11952,"309,23,38"
11953,"220,10"
11954,"3,21,85"
11955,"0,271,366"
11956,"78,23,40"
11957,"10,60,64"
11958,"40,128,149"
11959,"3,523,53"
11960,"38,60,10"
11961,"311,169,426"
11962,"71,38,24"
11963,"0,229,230"
11964,"216,211,0"
11965,"3,147,120"
11966,"296,169,526"
11967,"3,182,53"
11968,"38,71,24"
11969,"64,145,10"
11970,"169,199,170"
11971,"64,10,80"
11972,"95,54,145"
11973,"0,206,8"
11974,"259,426,311"
11975,"186,40,128"
11976,"23,24,446"
11977,"0,271,170"
11978,"169,436,199"
11979,"181,40,145"
11980,"187,3,21"
11981,"23,40,175"
11982,"169,426,311"
11983,"0,271"
11984,"89,0,26"
11985,"3,21"
11986,"138,135,40"
11987,"145,40,44"
11988,"40,131,134"
11989,"0,206,8"
11990,"3,301,21"
11991,"3,188,148"
11992,"3,17,21"
11993,"3,13"
11994,"199,248,169"
11995,"0,429,271"
11996,"10,220,13"
11997,"40,131,159"
11998,"220,0,10"
11999,"3,21,127"
12000,"10,90,64"
12001,"40,402,145"
12002,"3,301,21"
12003,"40,145,146"
12004,"3,21,164"
12005,"130,128,40"
12006,"182,3,21"
12007,"3,170,187"
12008,"3,36,35"
12009,"3,44,145"
12010,"40,406,131"
12011,"23,40"
12012,"3,147,301"
12013,"3,53,500"
12014,"169,459,170"
12015,"0,346,313"
12016,"184,40"
12017,"3,51,52"
12018,"64,44,10"
12019,"3,111,388"
12020,"40,41,128"
12021,"131,193,40"
12022,"40,184,186"
12023,"3,21,17"
12024,"3,147,51"
12025,"4,3,176"
12026,"26,23,89"
12027,"145,40,402"
12028,"417,296,169"
12029,"169,31,23"
12030,"23,74,40"
12031,"40,128"
12032,"3,34,46"
12033,"40,131,406"
12034,"0,257,216"
12035,"3,21,182"
12036,"0,8,271"
12037,"145,45,44"
12038,"23,3,81"
12039,"3,182,21"
12040,"3,5,6"
12041,"309,38,23"
12042,"89,26,23"
12043,"23,38,24"
12044,"0,271"
12045,"38,23,107"
12046,"3,210,111"
12047,"169,281,426"
12048,"25,23,24"
12049,"64,93,10"
12050,"170,171,199"
12051,"0,265,349"
12052,"181,145,40"
12053,"3,21,46"
12054,"3,21,187"
12055,"0,8,308"
12056,"171,199,170"
12057,"23,118,74"
12058,"25,24,23"
12059,"3,325,21"
12060,"402,145,40"
12061,"40,131,406"
12062,"187,21,3"
12063,"23,24,105"
12064,"3,17"
12065,"10,64,489"
12066,"45,44,145"
12067,"43,24,23"
12068,"3,301,21"
12069,"44,145,45"
12070,"89,26,23"
12071,"216,0,211"
12072,"40,160,315"
12073,"145,45,44"
12074,"10,64,65"
12075,"3,17,320"
12076,"418,24,25"
12077,"44,45,145"
12078,"3,52,51"
12079,"131,40,406"
12080,"96,31,3"
12081,"64,93,10"
12082,"402,40,145"
12083,"239,10,44"
12084,"3,147"
12085,"74,23,283"
12086,"64,10,448"
12087,"10,64,90"
12088,"3,53,523"
12089,"170,184,169"
12090,"3,217,147"
12091,"40,160"
12092,"3,512,218"
12093,"220,10,23"
12094,"3,21,301"
12095,"43,23,24"
12096,"259,426,311"
12097,"0,410,8"
12098,"350,0,26"
12099,"0,456,271"
12100,"3,53,287"
12101,"49,24,23"
12102,"40,23,24"
12103,"41,40,21"
12104,"0,8,405"
12105,"64,10,448"
12106,"3,21,40"
12107,"3,21,187"
12108,"0,3,187"
12109,"23,24,25"
12110,"30,23,74"
12111,"64,93,10"
12112,"296,169,300"
12113,"3,21"
12114,"0,271,291"
12115,"93,40,64"
12116,"145,40,44"
12117,"328,31"
12118,"348,0,255"
12119,"64,93,10"
12120,"43,24,23"
12121,"0,2,277"
12122,"43,24,23"
12123,"0,2,1"
12124,"23,43,24"
12125,"0,8"
12126,"23,26"
12127,"3,21,187"
12128,"49,23,24"
12129,"0,3,311"
12130,"3,13,204"
12131,"13,153,40"
12132,"234,21,60"
12133,"40,315,160"
12134,"40,146,145"
12135,"72,44,3"
12136,"43,24,23"
12137,"0,405"
12138,"64,10,80"
12139,"3,0,265"
12140,"0,271,456"
12141,"220,10"
12142,"0,291,271"
12143,"72,145,44"
12144,"23,296,405"
12145,"281,199,169"
12146,"64,10,80"
12147,"145,402,25"
12148,"0,216,360"
12149,"10,220,25"
12150,"0,271,291"
12151,"43,24,23"
12152,"402,145,40"
12153,"23,43,24"
12154,"39,38,23"
12155,"23,24,40"
12156,"135,40,138"
12157,"197,60,145"
12158,"10,60,23"
12159,"40,160,186"
12160,"131,40"
12161,"171,170,199"
12162,"0,271"
12163,"220,10"
12164,"271,456,0"
12165,"40,281,135"
12166,"224,40,41"
12167,"138,135,40"
12168,"40,131,241"
12169,"32,31,23"
12170,"10,64,93"
12171,"224,40,41"
12172,"40,162"
12173,"145,199,40"
12174,"49,24,23"
12175,"118,74,23"
12176,"404,3,111"
12177,"3,187"
12178,"40,160,315"
12179,"3,474,53"
12180,"169,170,459"
12181,"0,265,349"
12182,"40,0,131"
12183,"307,74,23"
12184,"0,40,291"
12185,"0,308,26"
12186,"0,265,349"
12187,"331,5,3"
12188,"131,40,241"
12189,"0,279,249"
12190,"15,3,16"
12191,"0,313,346"
12192,"3,17,320"
12193,"309,38,23"
12194,"460,169,296"
12195,"0,23,40"
12196,"3,156,147"
12197,"89,26,23"
12198,"216,0,370"
12199,"241,40,131"
12200,"0,8,206"
12201,"3,21"
12202,"128,40,129"
12203,"145,44,45"
12204,"20,13,23"
12205,"182,3,21"
12206,"169,170,199"
12207,"15,16,3"
12208,"308,0,8"
12209,"0,366,271"
12210,"3,15,16"
12211,"45,44,145"
12212,"3,4,435"
12213,"40,128,186"
12214,"0,8"
12215,"3,17,21"
12216,"3,53,523"
12217,"311,337,426"
12218,"406,40,131"
12219,"15,3,16"
12220,"21,3,182"
12221,"0,277,271"
12222,"0,296,346"
12223,"0,291,271"
12224,"3,4"
12225,"23,26,38"
12226,"0,380,216"
12227,"3,5,21"
12228,"40,145,402"
12229,"224,40,41"
12230,"3,275,111"
12231,"523,53,3"
12232,"21,3,281"
12233,"40,131,241"
12234,"3,21"
12235,"234,21,60"
12236,"3,21"
12237,"3,187,21"
12238,"64,10,80"
12239,"135,250,40"
12240,"271,0,429"
12241,"3,523,379"
12242,"38,23,91"
12243,"3,143,34"
12244,"64,10,80"
12245,"23,24,49"
12246,"40,41,128"
12247,"0,271,265"
12248,"40,184"
12249,"271,0,291"
12250,"3,21"
12251,"49,23,24"
12252,"40,431,135"
12253,"3,111,267"
12254,"10,220"
12255,"0,349,265"
12256,"10,382,40"
12257,"494,40,184"
12258,"31,23,481"
12259,"0,169,1"
12260,"0,38,23"
12261,"23,38,137"
12262,"23,10"
12263,"386,135,40"
12264,"0,271,366"
12265,"337,251,0"
12266,"25,24,23"
12267,"21,3,301"
12268,"24,43,23"
12269,"402,40,145"
12270,"40,145,322"
12271,"431,135,40"
12272,"74,118,23"
12273,"0,291,271"
12274,"40,184"
12275,"44,45,145"
12276,"3,4,435"
12277,"10,64,23"
12278,"24,49,23"
12279,"3,21"
12280,"0,229,230"
12281,"40,160"
12282,"0,216,271"
12283,"3,53,21"
12284,"74,23,303"
12285,"0,277,458"
12286,"138,135,40"
12287,"3,24,502"
12288,"10,296,11"
12289,"402,145,24"
12290,"10,80,24"
12291,"3,111,4"
12292,"10,220"
12293,"40,131,406"
12294,"23,38,137"
12295,"40,406,131"
12296,"3,301,21"
12297,"32,31,23"
12298,"38,309"
12299,"10,64,239"
12300,"0,265,394"
12301,"10,64,80"
12302,"44,45"
12303,"184,40,243"
12304,"64,93,10"
12305,"0,457,218"
12306,"145,181"
12307,"24,71,38"
12308,"0,271,291"
12309,"0,405,8"
12310,"128,40,130"
12311,"23,48,3"
12312,"3,4,435"
12313,"3,13,21"
12314,"265,0,418"
12315,"40,131,406"
12316,"169,343,199"
12317,"0,265,271"
12318,"11,10,145"
12319,"134,40,131"
12320,"3,35,36"
12321,"3,111"
12322,"291,271,0"
12323,"23,3,38"
12324,"3,203,217"
12325,"24,23,25"
12326,"53,195,128"
12327,"224,41,40"
12328,"3,127,21"
12329,"0,308,8"
12330,"40,135,169"
12331,"0,277,1"
12332,"169,199,374"
12333,"402,40,145"
12334,"10,11,205"
12335,"0,308,8"
12336,"3,28,20"
12337,"40,131,406"
12338,"168,349,17"
12339,"0,271,455"
12340,"3,147,53"
12341,"508,23,10"
12342,"40,169,311"
12343,"0,271,313"
12344,"128,40"
12345,"129,128,40"
12346,"3,124,21"
12347,"10,220,221"
12348,"3,435,4"
12349,"23,145,197"
12350,"128,40,195"
12351,"23,84,88"
12352,"3,21,147"
12353,"40,160"
12354,"69,10,145"
12355,"0,265,349"
12356,"0,206,8"
12357,"170,169,3"
12358,"23,38,24"
12359,"220,10"
12360,"323,199,170"
12361,"40,406,131"
12362,"3,182"
12363,"0,457,8"
12364,"40,3"
12365,"49,23,24"
12366,"3,53"
12367,"11,10,12"
12368,"204,13,3"
12369,"286,41,40"
12370,"181,64,10"
12371,"169,199"
12372,"40,241,131"
12373,"0,457,218"
12374,"3,147,148"
12375,"40,145,402"
12376,"4,3,435"
12377,"40,131,241"
12378,"220,10"
12379,"5,3,133"
12380,"265,0,340"
12381,"40,41"
12382,"0,218"
12383,"171,170,199"
12384,"306,296,169"
12385,"186,128,40"
12386,"40,145,402"
12387,"182,3,21"
12388,"3,169,40"
12389,"31,96,60"
12390,"251,296,337"
12391,"10,64,93"
12392,"337,339,169"
12393,"259,426,311"
12394,"128,40"
12395,"145,44,45"
12396,"11,10,12"
12397,"417,169,337"
12398,"0,418,265"
12399,"431,259,135"
12400,"23,91,38"
12401,"145,40,402"
12402,"186,40,128"
12403,"3,124,53"
12404,"145,40,44"
12405,"32,23,31"
12406,"23,493,40"
12407,"337,311,426"
12408,"60,10,239"
12409,"311,426,337"
12410,"224,40,41"
12411,"0,271,280"
12412,"145,402,40"
12413,"3,523,53"
12414,"160,334,40"
12415,"10,93,64"
12416,"3,21,145"
12417,"3,385,183"
12418,"40,160,315"
12419,"251,337,296"
12420,"216,212,211"
12421,"49,24,23"
12422,"40,131,145"
12423,"23,118,40"
12424,"40,402,145"
12425,"3,4,435"
12426,"328,31"
12427,"0,288"
12428,"115,40,3"
12429,"24,23,43"
12430,"74,23,317"
12431,"3,182,21"
12432,"220,10"
12433,"184,243,40"
12434,"0,2,1"
12435,"40,128,408"
12436,"26,89,23"
12437,"3,21"
12438,"40,160,149"
12439,"23,40,38"
12440,"40,41,42"
12441,"3,115,21"
12442,"426,337,311"
12443,"10,44,145"
12444,"3,53,325"
12445,"10,220,25"
12446,"3,21,28"
12447,"3,21,331"
12448,"45,44,145"
12449,"303,74,23"
12450,"3,5,133"
12451,"3,13,10"
12452,"265,0,418"
12453,"145,40,402"
12454,"220,10"
12455,"145,44,10"
12456,"40,131"
12457,"220,10,23"
12458,"3,21,127"
12459,"0,370,216"
12460,"426,259,311"
12461,"38,23,39"
12462,"195,128,40"
12463,"169,170,426"
12464,"3,21,53"
12465,"156,3,147"
12466,"265,0,340"
12467,"3,111,4"
12468,"3,523,53"
12469,"182,340,3"
12470,"0,271"
12471,"0,271,291"
12472,"169,343,199"
12473,"0,8,206"
12474,"0,271,23"
12475,"40,368,184"
12476,"118,23,74"
12477,"3,4"
12478,"11,10,145"
12479,"74,23,184"
12480,"23,24,43"
12481,"40,131,160"
12482,"130,128,40"
12483,"137,23,38"
12484,"3,111"
12485,"296,337,251"
12486,"0,271"
12487,"38,23,309"
12488,"337,311,426"
12489,"3,21,187"
12490,"23,89,0"
12491,"3,148,147"
12492,"138,135,40"
12493,"337,0,296"
12494,"93,40,145"
12495,"10,239,60"
12496,"220,10"
12497,"3,21,40"
12498,"72,44,145"
12499,"3,53,265"
12500,"64,10,80"
12501,"426,259,311"
12502,"0,514,8"
12503,"118,74,23"
12504,"3,34,104"
12505,"281,3,199"
12506,"71,24,38"
12507,"40,184,186"
12508,"3,15,16"
12509,"0,313,271"
12510,"0,265,276"
12511,"169,199,312"
12512,"3,523,53"
12513,"3,40,21"
12514,"128,40,130"
12515,"23,308,0"
12516,"40,315,164"
12517,"21,3,33"
12518,"311,426,312"
12519,"3,21,301"
12520,"64,10,90"
12521,"3,52,53"
12522,"211,212,216"
12523,"62,23,24"
12524,"95,54,145"
12525,"64,10,80"
12526,"0,8,265"
12527,"271,255,280"
12528,"40,160,315"
12529,"16,15,3"
12530,"38,23,0"
12531,"32,23,31"
12532,"24,49,23"
12533,"24,241,38"
12534,"3,21"
12535,"24,72,44"
12536,"11,205,24"
12537,"40,160,315"
12538,"3,182,21"
12539,"0,271,291"
12540,"40,128,130"
12541,"337,169,339"
12542,"69,44,145"
12543,"0,206,8"
12544,"23,74,38"
12545,"74,23,118"
12546,"402,145,40"
12547,"3,21,28"
12548,"3,147,523"
12549,"3,4,435"
12550,"145,40,502"
12551,"3,133,5"
12552,"49,40"
12553,"296,169,306"
12554,"3,21,301"
12555,"3,147,156"
12556,"312,169,426"
12557,"135,431,40"
12558,"145,38,402"
12559,"40,145,402"
12560,"0,271,355"
12561,"129,128,40"
12562,"32,31,23"
12563,"0,265,418"
12564,"24,49,23"
12565,"0,265,418"
12566,"431,135,40"
12567,"0,271,366"
12568,"0,271,313"
12569,"216,0"
12570,"309,23,3"
12571,"10,44,11"
12572,"182,21,3"
12573,"24,23,25"
12574,"40,135,141"
12575,"3,148,35"
12576,"3,21,127"
12577,"3,21,127"
12578,"49,23,24"
12579,"308,8,0"
12580,"44,145,45"
12581,"10,11,44"
12582,"3,28,301"
12583,"23,24,25"
12584,"3,147,148"
12585,"40,131,241"
12586,"3,17"
12587,"3,4,435"
12588,"3,21,301"
12589,"211,212,216"
12590,"3,21,187"
12591,"40,3"
12592,"0,313,346"
12593,"3,53,523"
12594,"40,131,241"
12595,"118,74,23"
12596,"131,40,406"
12597,"426,311,259"
12598,"3,15,16"
12599,"3,21,301"
12600,"3,187,21"
12601,"308,8,0"
12602,"49,23,24"
12603,"0,344,265"
12604,"23,38,309"
12605,"0,271,291"
12606,"10,64"
12607,"0,349,265"
12608,"40,396,395"
12609,"0,271,363"
12610,"437,40,145"
12611,"3,21,22"
12612,"350,26,23"
12613,"3,474,111"
12614,"523,3,53"
12615,"3,53,182"
12616,"0,271,313"
12617,"3,53,523"
12618,"0,458,277"
12619,"3,147,120"
12620,"3,5,331"
12621,"402,145,40"
12622,"38,40,23"
12623,"366,0,271"
12624,"10,419,11"
12625,"11,44,72"
12626,"31,23,328"
12627,"251,296,337"
12628,"3,21,345"
12629,"0,208,216"
12630,"3,53,111"
12631,"181,145,40"
12632,"0,279,249"
12633,"0,271,360"
12634,"3,16,15"
12635,"108,21,3"
12636,"3,53,523"
12637,"131,40,241"
12638,"0,271"
12639,"15,16,3"
12640,"3,53"
12641,"3,21,40"
12642,"40,118,74"
12643,"38,309,23"
12644,"74,23,118"
12645,"418,265,0"
12646,"195,337,128"
12647,"3,301,21"
12648,"323,170,199"
12649,"40,41,42"
12650,"0,265,218"
12651,"3,21"
12652,"402,145,40"
12653,"3,21"
12654,"3,53,467"
12655,"339,337,169"
12656,"0,349,265"
12657,"187,3,21"
12658,"0,271,313"
12659,"23,118,74"
12660,"402,40,145"
12661,"3,35,36"
12662,"283,74,23"
12663,"3,4,435"
12664,"131,40,241"
12665,"64,10,80"
12666,"3,13,40"
12667,"10,220,23"
12668,"40,139"
12669,"40,131,145"
12670,"0,271,291"
12671,"54,10,95"
12672,"3,287,53"
12673,"234,60,21"
12674,"59,44,10"
12675,"74,23,84"
12676,"40,102,41"
12677,"281,3,199"
12678,"64,10,93"
12679,"3,127,21"
12680,"131,40,134"
12681,"323,199,170"
12682,"0,456,271"
12683,"23,24,169"
12684,"24,23,44"
12685,"343,169,199"
12686,"259,426,311"
12687,"0,218,509"
12688,"89,26,23"
12689,"306,169,296"
12690,"311,426,337"
12691,"25,24,23"
12692,"3,4,435"
12693,"64,448,10"
12694,"169,343,199"
12695,"44,25,145"
12696,"3,21,145"
12697,"40,21,3"
12698,"0,271,429"
12699,"281,199,169"
12700,"40,201,41"
12701,"23,418,0"
12702,"3,301,111"
12703,"40,160"
12704,"0,271,291"
12705,"131,40,406"
12706,"40,145"
12707,"3,523,53"
12708,"0,89,23"
12709,"145,44,45"
12710,"64,10,93"
12711,"24,43,23"
12712,"44,45,145"
12713,"24,10,145"
12714,"17,320,3"
12715,"0,214,271"
12716,"40,494,151"
12717,"3,111,17"
12718,"169,339,337"
12719,"220,10"
12720,"40,160"
12721,"169,427,312"
12722,"3,127,21"
12723,"17,320,3"
12724,"40,160"
12725,"23,94,74"
12726,"145,44,40"
12727,"128,129,40"
12728,"3,40,21"
12729,"38,44,145"
12730,"318,105,23"
12731,"370,216,0"
12732,"0,346,313"
12733,"199,169,40"
12734,"3,340,21"
12735,"224,40,41"
12736,"71,24,38"
12737,"118,74,23"
12738,"350,26,23"
12739,"3,21,41"
12740,"3,21,147"
12741,"508,169,426"
12742,"271,0"
12743,"96,31,23"
12744,"17,320,3"
12745,"10,90,64"
12746,"40,131,406"
12747,"0,218,271"
12748,"418,0,265"
12749,"40,131,241"
12750,"0,291,271"
12751,"64,10,44"
12752,"363,271,0"
12753,"31,23,96"
12754,"0,271,291"
12755,"23,40,493"
12756,"24,43,65"
12757,"23,24,49"
12758,"3,169,21"
12759,"128,40,396"
12760,"0,271,218"
12761,"3,4,111"
12762,"3,17,320"
12763,"0,235,8"
12764,"337,426,251"
12765,"206,8,0"
12766,"24,43,23"
12767,"3,5,331"
12768,"10,220"
12769,"10,64,80"
12770,"334,40,38"
12771,"145,402,40"
12772,"0,235,8"
12773,"118,74,23"
12774,"523,53,3"
12775,"169,281,199"
12776,"10,220,23"
12777,"3,182,21"
12778,"23,43,24"
12779,"3,164,21"
12780,"0,291"
12781,"3,147"
12782,"64,10,93"
12783,"10,64,80"
12784,"3,15,16"
12785,"43,24,23"
12786,"3,35,36"
12787,"3,34,169"
12788,"0,456,271"
12789,"169,170,312"
12790,"169,170,0"
12791,"64,370,80"
12792,"23,231,38"
12793,"3,53,523"
12794,"3,435,4"
12795,"303,23,74"
12796,"49,24,23"
12797,"402,145,40"
12798,"323,199,170"
12799,"3,4,435"
12800,"328,31,40"
12801,"3,15,46"
12802,"3,182,68"
12803,"10,239,60"
12804,"323,170,199"
12805,"3,156,35"
12806,"0,456,271"
12807,"10,64"
12808,"3,21,46"
12809,"169,40,241"
12810,"0,279,249"
12811,"337,296,251"
12812,"64,10,93"
12813,"0,8,327"
12814,"64,80,10"
12815,"40,3,315"
12816,"3,506,13"
12817,"3,111,182"
12818,"171,170,199"
12819,"369,208,0"
12820,"323,170,199"
12821,"3,21,187"
12822,"0,8,313"
12823,"21,3,340"
12824,"417,169,296"
12825,"49,24,23"
12826,"131,40"
12827,"259,311,426"
12828,"296,251,337"
12829,"3,53,13"
12830,"448,402,64"
12831,"3,17,320"
12832,"10,489,60"
12833,"3,111"
12834,"3,21,301"
12835,"0,340,265"
12836,"64,93,10"
12837,"3,16,15"
12838,"40,135,41"
12839,"220,10"
12840,"3,15,16"
12841,"0,304,366"
12842,"165,23,74"
12843,"241,131,40"
12844,"3,523,53"
12845,"23,26"
12846,"40,145"
12847,"3,52,51"
12848,"3,364,28"
12849,"220,10"
12850,"40,128,195"
12851,"3,81,467"
12852,"4,3,40"
12853,"40,127,128"
12854,"145,402,40"
12855,"169,260,170"
12856,"12,10,11"
12857,"0,265,340"
12858,"21,455,0"
12859,"220,10"
12860,"40,311,135"
12861,"3,4,435"
12862,"3,15,16"
12863,"0,265"
12864,"3,5,169"
12865,"3,21"
12866,"25,24,23"
12867,"10,64"
12868,"3,385,21"
12869,"0,8,206"
12870,"3,17,143"
12871,"40,145,402"
12872,"281,169,199"
12873,"64,10,80"
12874,"23,309,38"
12875,"0,271"
12876,"45,44,145"
12877,"3,4,435"
12878,"220,10,23"
12879,"17,3,51"
12880,"0,8,206"
12881,"3,148,147"
12882,"40,296,3"
12883,"40,241,131"
12884,"0,229,10"
12885,"171,199,170"
12886,"3,15,16"
12887,"40,250,135"
12888,"41,40,34"
12889,"3,21,301"
12890,"89,23,26"
12891,"3,147,203"
12892,"0,337,169"
12893,"118,23,74"
12894,"0,271,313"
12895,"40,41"
12896,"0,291,23"
12897,"169,199,170"
12898,"0,8,391"
12899,"169,508,426"
12900,"40,241,131"
12901,"3,53,21"
12902,"169,311,281"
12903,"0,366,271"
12904,"271,3,160"
12905,"24,23,43"
12906,"402,40,145"
12907,"241,131,40"
12908,"40,406,131"
12909,"145,44,45"
12910,"3,40,145"
12911,"23,26,89"
12912,"263,34,3"
12913,"3,53,523"
12914,"24,43,23"
12915,"187,3,21"
12916,"43,24,23"
12917,"0,8,23"
12918,"23,141,169"
12919,"145,23,64"
12920,"32,23,31"
12921,"145,402,40"
12922,"3,523,147"
12923,"311,337,426"
12924,"138,135,40"
12925,"10,220,23"
12926,"23,38"
12927,"494,184,40"
12928,"3,147,203"
12929,"160,40,315"
12930,"25,24,23"
12931,"346,313,216"
12932,"0,8,206"
12933,"0,271,349"
12934,"3,301,21"
12935,"25,24,10"
12936,"74,317,40"
12937,"0,8,206"
12938,"3,4,435"
12939,"402,145,40"
12940,"0,271,255"
12941,"111,171,282"
12942,"44,145"
12943,"0,340,265"
12944,"10,64,90"
12945,"220,10"
12946,"93,64,10"
12947,"40,87,23"
12948,"3,53,21"
12949,"0,311,271"
12950,"3,4,5"
12951,"10,145,25"
12952,"201,40,3"
12953,"523,3,53"
12954,"145,44,24"
12955,"3,435,4"
12956,"171,199,170"
12957,"24,49,23"
12958,"40,128"
12959,"0,265"
12960,"74,118,40"
12961,"169,199,343"
12962,"0,218,360"
12963,"23,74"
12964,"23,89,26"
12965,"3,34,143"
12966,"10,24,145"
12967,"3,147,148"
12968,"152,40,151"
12969,"3,33,35"
12970,"23,24,309"
12971,"40,145,146"
12972,"508,62,169"
12973,"265,418,0"
12974,"23,231,0"
12975,"296,169,411"
12976,"0,271,291"
12977,"128,40,130"
12978,"40,21,3"
12979,"3,4"
12980,"3,21,108"
12981,"241,131,40"
12982,"74,23,165"
12983,"10,64,93"
12984,"311,337,195"
12985,"0,271,277"
12986,"40,162"
12987,"3,30,21"
12988,"24,49,23"
12989,"23,8,0"
12990,"259,311,426"
12991,"402,40,145"
12992,"95,54,145"
12993,"0,277,1"
12994,"0,418,265"
12995,"145,44,62"
12996,"3,127,21"
12997,"43,24,23"
12998,"402,40,145"
12999,"43,23,24"
13000,"3,21,301"
13001,"160,40,169"
13002,"3,21,127"
13003,"3,0,4"
13004,"24,23"
13005,"40,3"
13006,"64,10,448"
13007,"3,21,187"
13008,"0,265,340"
13009,"145,45,44"
13010,"23,3,131"
13011,"17,3,320"
13012,"10,95,54"
13013,"23,38,94"
13014,"3,34,30"
13015,"145,73,44"
13016,"0,346,313"
13017,"3,147"
13018,"3,4,435"
13019,"271,0,291"
13020,"145,44,402"
13021,"40,241,131"
13022,"311,169,53"
13023,"145,10,181"
13024,"291,0,271"
13025,"32,31,23"
13026,"3,187,21"
13027,"40,160,315"
13028,"323,170,199"
13029,"0,213,214"
13030,"26,231,89"
13031,"323,170,199"
13032,"349,265,40"
13033,"23,308,0"
13034,"71,24,38"
13035,"0,271,291"
13036,"0,405,8"
13037,"259,426,311"
13038,"10,199,40"
13039,"265,340,0"
13040,"3,147,203"
13041,"169,199,343"
13042,"10,220"
13043,"0,218,512"
13044,"21,3,301"
13045,"0,313,346"
13046,"3,53,68"
13047,"169,0,199"
13048,"3,147,156"
13049,"40,10,402"
13050,"3,21,301"
13051,"40,224,41"
13052,"74,23,118"
13053,"40,23,74"
13054,"44,64,145"
13055,"137,23,38"
13056,"3,21,108"
13057,"0,23,337"
13058,"0,40,313"
13059,"311,337,426"
13060,"109,169,508"
13061,"313,346,89"
13062,"131,40,406"
13063,"296,169,371"
13064,"64,10,402"
13065,"17,139,320"
13066,"249,279,0"
13067,"40,241,24"
13068,"3,21,182"
13069,"40,3,53"
13070,"23,10,60"
13071,"10,220"
13072,"220,10"
13073,"23,25,393"
13074,"40,131,406"
13075,"40,160"
13076,"102,40,135"
13077,"40,151,494"
13078,"32,31,23"
13079,"43,24,23"
13080,"64,80,10"
13081,"0,271,214"
13082,"260,169,170"
13083,"145,44,45"
13084,"170,171,199"
13085,"296,337,251"
13086,"10,93,64"
13087,"3,85,86"
13088,"40,408,131"
13089,"4,435,3"
13090,"271,337,0"
13091,"131,241,40"
13092,"3,13,207"
13093,"0,213"
13094,"431,135,40"
13095,"23,38,87"
13096,"0,291,271"
13097,"3,21,364"
13098,"0,279,249"
13099,"40,166,160"
13100,"8,0,206"
13101,"220,10"
13102,"49,24,23"
13103,"40,250,135"
13104,"224,40,41"
13105,"40,131,406"
13106,"38,23,107"
13107,"129,128,23"
13108,"3,21,182"
13109,"62,24,23"
13110,"23,118,74"
13111,"40,131,241"
13112,"145,44,45"
13113,"23,74,40"
13114,"3,301,21"
13115,"23,38,74"
13116,"54,40,10"
13117,"3,40,21"
13118,"85,3,86"
13119,"369,0,208"
13120,"40,302,160"
13121,"3,5"
13122,"169,199"
13123,"0,271,456"
13124,"40,130,128"
13125,"40,3,296"
13126,"3,5,6"
13127,"402,40,145"
13128,"23,74,118"
13129,"231,26,23"
13130,"3,182"
13131,"0,498,229"
13132,"40,128,195"
13133,"184,40,243"
13134,"44,145"
13135,"23,31"
13136,"0,206,208"
13137,"64,93,10"
13138,"145,40,402"
13139,"24,345,23"
13140,"145,221,44"
13141,"199,169,311"
13142,"10,64,80"
13143,"0,346,313"
13144,"4,3,40"
13145,"69,11,44"
13146,"175,40,128"
13147,"3,133,5"
13148,"255,271,280"
13149,"40,135,138"
13150,"265,418,0"
13151,"3,156,147"
13152,"40,128"
13153,"0,8"
13154,"69,44,145"
13155,"3,15,16"
13156,"40,131,406"
13157,"40,38,175"
13158,"3,21,108"
13159,"0,291,457"
13160,"44,145,73"
13161,"3,53,523"
13162,"3,325"
13163,"3,21,182"
13164,"8,0,206"
13165,"10,61,13"
13166,"10,60,239"
13167,"234,60"
13168,"3,17,320"
13169,"3,4"
13170,"3,523,53"
13171,"3,199,170"
13172,"169,343,199"
13173,"169,312,199"
13174,"265,349,0"
13175,"3,53,523"
13176,"176,4,3"
13177,"169,281,170"
13178,"64,10,80"
13179,"25,24,23"
13180,"346,0,313"
13181,"64,10,93"
13182,"64,10,80"
13183,"181,40,145"
13184,"523,3,53"
13185,"0,8,308"
13186,"40,162"
13187,"10,220"
13188,"24,40,10"
13189,"40,131,406"
13190,"131,40,134"
13191,"3,523,53"
13192,"43,24,23"
13193,"199,23,374"
13194,"0,271,8"
13195,"271,0,291"
13196,"169,374,199"
13197,"0,271,366"
13198,"3,320,17"
13199,"169,339,337"
13200,"3,21,111"
13201,"146,40,145"
13202,"3,30,523"
13203,"53,3,523"
13204,"17,3,320"
13205,"220,10"
13206,"11,205,10"
13207,"10,239,60"
13208,"10,11,12"
13209,"32,23,181"
13210,"3,147,156"
13211,"40,128"
13212,"3,21,301"
13213,"10,64,60"
13214,"43,24,23"
13215,"3,85,293"
13216,"311,426"
13217,"109,169,10"
13218,"234,21,60"
13219,"40,3"
13220,"169,74,426"
13221,"145,44,45"
13222,"328,31,23"
13223,"0,271,291"
13224,"3,14,13"
13225,"3,15,16"
13226,"131,134,40"
13227,"3,474,111"
13228,"24,23,38"
13229,"109,11,72"
13230,"281,169,199"
13231,"508,169,426"
13232,"494,184,40"
13233,"65,3"
13234,"64,10,93"
13235,"286,41,40"
13236,"23,74,3"
13237,"3,104,30"
13238,"3,53,523"
13239,"3,182,21"
13240,"40,402,145"
13241,"145,40,44"
13242,"93,64,10"
13243,"10,220,25"
13244,"3,111,123"
13245,"131,40,406"
13246,"145,40,402"
13247,"64,10,80"
13248,"21,3,301"
13249,"138,40,135"
13250,"0,271,360"
13251,"23,38,24"
13252,"10,23,145"
13253,"145,44"
13254,"145,44,45"
13255,"64,10,80"
13256,"3,21,182"
13257,"0,265,444"
13258,"135,40,169"
13259,"3,13,4"
13260,"40,128"
13261,"0,271,255"
13262,"23,74,283"
13263,"251,337,296"
13264,"64,10,448"
13265,"84,74,23"
13266,"40,181,145"
13267,"145,402,40"
13268,"3,169,296"
13269,"10,44,64"
13270,"426,337,281"
13271,"64,10,80"
13272,"26,23,350"
13273,"40,315,160"
13274,"263,34,3"
13275,"131,40,241"
13276,"128,38,40"
13277,"317,74,23"
13278,"64,80,10"
13279,"0,296"
13280,"3,99,53"
13281,"265,0,311"
13282,"296,145,40"
13283,"0,446,218"
13284,"145,40,0"
13285,"23,74,3"
13286,"40,186,128"
13287,"169,312,426"
13288,"38,24,23"
13289,"290,31,23"
13290,"3,17,320"
13291,"10,220,23"
13292,"40,131,406"
13293,"0,271,291"
13294,"38,87,23"
13295,"3,21,301"
13296,"3,21,301"
13297,"0,206,8"
13298,"3,148,147"
13299,"181,145,10"
13300,"3,111,4"
13301,"0,8,391"
13302,"51,3,52"
13303,"0,218,457"
13304,"170,169,260"
13305,"220,10"
13306,"216,212,211"
13307,"306,40,296"
13308,"0,271,456"
13309,"40,160,128"
13310,"402,40,145"
13311,"3,17,51"
13312,"128,129,40"
13313,"3,523,53"
13314,"171,170,199"
13315,"40,31,145"
13316,"40,135"
13317,"24,43,23"
13318,"10,11,145"
13319,"311,426,337"
13320,"0,265,349"
13321,"0,8,235"
13322,"31,23"
13323,"402,40,145"
13324,"60,239,10"
13325,"186,128,40"
13326,"385,40,3"
13327,"199,169,40"
13328,"0,271,291"
13329,"169,281,199"
13330,"3,187,21"
13331,"0,521,145"
13332,"0,366,265"
13333,"40,402,145"
13334,"44,69,145"
13335,"3,105,495"
13336,"45,145,44"
13337,"93,10,64"
13338,"160,40,302"
13339,"23,10,24"
13340,"23,38,44"
13341,"3,53"
13342,"171,199,170"
13343,"64,10,80"
13344,"38,23,169"
13345,"23,25,24"
13346,"26,23,350"
13347,"311,426,337"
13348,"71,24,38"
13349,"3,115,111"
13350,"118,74,23"
13351,"0,8,235"
13352,"3,53"
13353,"350,26,23"
13354,"40,145,44"
13355,"0,169,296"
13356,"3,21,164"
13357,"24,23,49"
13358,"11,109,10"
13359,"44,145,23"
13360,"49,24,23"
13361,"44,69,145"
13362,"3,182,21"
13363,"145,44,45"
13364,"23,40,26"
13365,"109,10,11"
13366,"169,436,199"
13367,"4,3,435"
13368,"40,131,241"
13369,"40,241,131"
13370,"40,160,302"
13371,"0,271,313"
13372,"0,457,218"
13373,"3,523,53"
13374,"0,346,313"
13375,"23,40,131"
13376,"131,40,241"
13377,"40,139,41"
13378,"169,343,199"
13379,"0,169,311"
13380,"33,3,40"
13381,"3,301,21"
13382,"296,169"
13383,"220,10"
13384,"0,206,8"
13385,"128,129,40"
13386,"3,53,287"
13387,"3,21"
13388,"17,320,3"
13389,"0,313,346"
13390,"104,30,311"
13391,"40,169"
13392,"323,199,170"
13393,"420,23,31"
13394,"40,128,195"
13395,"38,243,184"
13396,"42,41,40"
13397,"40,131,241"
13398,"40,41,286"
13399,"44,145,45"
13400,"10,220,25"
13401,"147,156,3"
13402,"0,8,308"
13403,"3,435,4"
13404,"3,143,34"
13405,"0,23,265"
13406,"40,241,131"
13407,"10,93,64"
13408,"40,135,281"
13409,"3,15,16"
13410,"3,148,147"
13411,"0,291,271"
13412,"44,45,145"
13413,"3,111,182"
13414,"3,5,21"
13415,"40,128,131"
13416,"205,11,10"
13417,"38,23,31"
13418,"74,23,165"
13419,"32,31,23"
13420,"3,21"
13421,"145,44,45"
13422,"49,24,23"
13423,"3,147,21"
13424,"3,16,15"
13425,"195,128,40"
13426,"426,311,337"
13427,"45,44,145"
13428,"23,26,350"
13429,"23,38"
13430,"8,0,23"
13431,"3,320,17"
13432,"145,181,40"
13433,"3,4"
13434,"145,44,45"
13435,"3,111,53"
13436,"0,346,313"
13437,"205,11,10"
13438,"0,370,145"
13439,"10,64,93"
13440,"0,8,235"
13441,"23,38,10"
13442,"10,220"
13443,"145,40,402"
13444,"3,21"
13445,"60,10,61"
13446,"241,131,40"
13447,"72,23,44"
13448,"32,23,31"
13449,"241,131,40"
13450,"3,176,147"
13451,"187,3,21"
13452,"49,24,23"
13453,"3,331,435"
13454,"205,11,10"
13455,"26,23"
13456,"3,5,228"
13457,"24,23,43"
13458,"10,170,199"
13459,"129,38,40"
13460,"3,21,301"
13461,"89,23,38"
13462,"24,25,23"
13463,"3,187,21"
13464,"0,457,218"
13465,"239,60,10"
13466,"43,181,23"
13467,"24,23"
13468,"0,313,346"
13469,"418,0,265"
13470,"17,320,3"
13471,"169,426,311"
13472,"0,8,206"
13473,"4,3,70"
13474,"3,21"
13475,"24,43,170"
13476,"40,184"
13477,"40,149,128"
13478,"94,145,44"
13479,"89,23,26"
13480,"251,296,337"
13481,"3,4,176"
13482,"0,355,456"
13483,"23,38,25"
13484,"260,170,169"
13485,"24,345,23"
13486,"259,426,311"
13487,"0,216,211"
13488,"3,5,4"
13489,"3,147,148"
13490,"10,239,60"
13491,"199,248,170"
13492,"74,23,118"
13493,"3,169,21"
13494,"26,23,231"
13495,"165,74,23"
13496,"21,3,127"
13497,"145,10,54"
13498,"93,64,10"
13499,"3,21,187"
13500,"130,40,128"
13501,"3,21,53"
13502,"169,311,312"
13503,"3,331"
13504,"26,23,89"
13505,"40,184,151"
13506,"160,40,334"
13507,"23,38,39"
13508,"311,426,312"
13509,"3,81,30"
13510,"3,40,5"
13511,"3,147,156"
13512,"40,241,131"
13513,"145,181,40"
13514,"337,251,311"
13515,"3,169,281"
13516,"23,40,175"
13517,"3,4,435"
13518,"169,311,3"
13519,"3,21,53"
13520,"8,23,350"
13521,"39,38,23"
13522,"3,187,21"
13523,"24,45,265"
13524,"38,39,23"
13525,"0,360,304"
13526,"145,44,72"
13527,"49,24,23"
13528,"71,38,24"
13529,"3,236,40"
13530,"0,271,291"
13531,"23,74"
13532,"105,23,495"
13533,"10,220,221"
13534,"143,34,40"
13535,"118,74,23"
13536,"40,3"
13537,"241,131,40"
13538,"64,10,448"
13539,"62,24,23"
13540,"3,21,111"
13541,"131,40,241"
13542,"337,23,296"
13543,"0,311,265"
13544,"64,10,80"
13545,"131,40,406"
13546,"32,31,23"
13547,"231,26,23"
13548,"43,24,23"
13549,"3,28,364"
13550,"0,271,291"
13551,"40,131,241"
13552,"0,313,346"
13553,"40,128,129"
13554,"40,131,3"
13555,"181,145,40"
13556,"3,5,6"
13557,"3,85"
13558,"23,25,24"
13559,"0,8,206"
13560,"3,301,53"
13561,"3,263,187"
13562,"3,148,147"
13563,"181,145,40"
13564,"40,145,241"
13565,"220,10"
13566,"160,40,315"
13567,"523,3,53"
13568,"0,211,216"
13569,"40,146,145"
13570,"64,10,93"
13571,"0,271,291"
13572,"3,52,301"
13573,"100,40,208"
13574,"153,139,40"
13575,"3,15,53"
13576,"3,21"
13577,"64,10,93"
13578,"24,145,40"
13579,"160,423,169"
13580,"0,271"
13581,"3,500,21"
13582,"3,21,58"
13583,"21,41,40"
13584,"44,69,145"
13585,"143,34,3"
13586,"131,241,40"
13587,"323,170,199"
13588,"260,169,170"
13589,"3,21"
13590,"0,265,349"
13591,"3,111,53"
13592,"23,38,89"
13593,"93,64,10"
13594,"3,111"
13595,"10,64,239"
13596,"0,271"
13597,"127,3,21"
13598,"206,0,8"
13599,"3,495,105"
13600,"0,265,349"
13601,"32,23,31"
13602,"23,38,103"
13603,"3,21,13"
13604,"311,426,0"
13605,"145,40,181"
13606,"184,40"
13607,"3,187,263"
13608,"10,64,40"
13609,"0,349,218"
13610,"3,34"
13611,"24,43,23"
13612,"169,459,170"
13613,"3,21,301"
13614,"3,17"
13615,"0,265,349"
13616,"494,40,184"
13617,"459,169,170"
13618,"3,147,148"
13619,"3,21,164"
13620,"49,23,24"
13621,"21,3,40"
13622,"0,271,291"
13623,"5,3,133"
13624,"337,251,296"
13625,"64,10,93"
13626,"128,40,23"
13627,"10,64,90"
13628,"8,0,206"
13629,"367,100,40"
13630,"3,111"
13631,"0,271"
13632,"23,98,0"
13633,"23,24,43"
13634,"3,21,127"
13635,"64,10,80"
13636,"13,3,204"
13637,"145,181,323"
13638,"40,135"
13639,"337,311,426"
13640,"3,187,21"
13641,"43,24,23"
13642,"0,291,44"
13643,"23,88"
13644,"3,187,104"
13645,"131,40,406"
13646,"10,0"
13647,"49,24,23"
13648,"40,162"
13649,"0,206,8"
13650,"3,21"
13651,"422,0"
13652,"15,16,3"
13653,"118,74,23"
13654,"220,10"
13655,"220,10"
13656,"181,145,40"
13657,"3,21,22"
13658,"40,131,145"
13659,"236,135,40"
13660,"3,15,16"
13661,"3,111,275"
13662,"402,145,40"
13663,"3,176,4"
13664,"0,366,271"
13665,"169,199"
13666,"402,145,40"
13667,"402,145,40"
13668,"212,211,216"
13669,"3,300,40"
13670,"40,135"
13671,"74,303,23"
13672,"296,169,306"
13673,"231,23,26"
13674,"32,31,23"
13675,"317,74,23"
13676,"0,271,444"
13677,"220,10"
13678,"265,0,418"
13679,"3,21,301"
13680,"323,199,170"
13681,"31,10,11"
13682,"3,30,17"
13683,"0,8,206"
13684,"241,131,40"
13685,"10,11,145"
13686,"3,100,13"
13687,"220,10"
13688,"3,48,21"
13689,"89,26,23"
13690,"40,134,131"
13691,"23,40,10"
13692,"145,72,40"
13693,"3,111,53"
13694,"309,38,23"
13695,"3,147,53"
13696,"145,44"
13697,"3,21,187"
13698,"128,40,186"
13699,"4,3,435"
13700,"3,21,28"
13701,"24,23,43"
13702,"64,10,93"
13703,"25,24,23"
13704,"402,145,40"
13705,"10,64,80"
13706,"13,3,204"
13707,"40,224,41"
13708,"3,21,182"
13709,"10,64,90"
13710,"129,40,128"
13711,"10,60,239"
13712,"3,21,53"
13713,"0,265,349"
13714,"3,4,435"
13715,"313,346,0"
13716,"0,2,337"
13717,"74,23,118"
13718,"170,169,260"
13719,"21,340,0"
13720,"199,323,170"
13721,"49,23,24"
13722,"3,164,21"
13723,"62,169,145"
13724,"296,333,169"
13725,"3,182,21"
13726,"3,5,133"
13727,"13,3,204"
13728,"3,169,187"
13729,"405,0,8"
13730,"0,313,346"
13731,"3,111,53"
13732,"3,182,111"
13733,"3,21,182"
13734,"3,112,111"
13735,"10,220,11"
13736,"169,199,307"
13737,"23,38,31"
13738,"23,25,402"
13739,"271,363,0"
13740,"3,53,467"
13741,"3,21,187"
13742,"3,21,182"
13743,"38,23"
13744,"43,24,23"
13745,"25,23,24"
13746,"21,127,3"
13747,"309,3,23"
13748,"0,265"
13749,"404,23,3"
13750,"296,169,300"
13751,"3,21,127"
13752,"3,21,182"
13753,"5,3,228"
13754,"239,60,10"
13755,"10,64,3"
13756,"281,199,169"
13757,"40,160,315"
13758,"40,131,160"
13759,"40,10,322"
13760,"40,241,131"
13761,"0,249,271"
13762,"220,10,221"
13763,"10,64"
13764,"10,64,93"
13765,"3,16,15"
13766,"171,199,170"
13767,"23,265,457"
13768,"426,259,311"
13769,"44,145,45"
13770,"0,265,349"
13771,"169,260,508"
13772,"3,111,182"
13773,"40,131,159"
13774,"323,170,199"
13775,"145,44,45"
13776,"3,21,301"
13777,"59,11,44"
13778,"71,24,38"
13779,"0,512,208"
13780,"0,77,380"
13781,"0,271,456"
13782,"187,3,21"
13783,"435,4,3"
13784,"38,23,24"
13785,"3,188,4"
13786,"145,402,40"
13787,"0,271"
13788,"25,24,23"
13789,"3,4,435"
13790,"313,0,346"
13791,"3,187,21"
13792,"40,181,145"
13793,"3,147,148"
13794,"145,44,40"
13795,"220,10"
13796,"64,10,80"
13797,"138,135,40"
13798,"145,40,95"
13799,"259,426,311"
13800,"3,217,53"
13801,"118,74,23"
13802,"40,160,315"
13803,"3,143,17"
13804,"3,21,126"
13805,"0,89,26"
13806,"291,0,271"
13807,"220,10,221"
13808,"3,169,337"
13809,"131,241,40"
13810,"49,24,23"
13811,"25,24,23"
13812,"40,145,402"
13813,"23,59,24"
13814,"42,41,40"
13815,"62,24,23"
13816,"10,11,12"
13817,"3,4,19"
13818,"64,48,21"
13819,"0,8,308"
13820,"170,145,40"
13821,"3,30"
13822,"0,271,265"
13823,"49,24,23"
13824,"23,38,303"
13825,"145,402,40"
13826,"3,275,111"
13827,"23,74,118"
13828,"3,4,435"
13829,"32,31,23"
13830,"0,271"
13831,"3,17,320"
13832,"3,21,284"
13833,"296,169,411"
13834,"0,195,265"
13835,"337,169,296"
13836,"0,206,8"
13837,"64,10,80"
13838,"3,301,21"
13839,"0,458,211"
13840,"40,145,128"
13841,"3,127,21"
13842,"129,128,10"
13843,"3,28,4"
13844,"40,241,131"
13845,"43,24,23"
13846,"64,10,80"
13847,"0,265,349"
13848,"64,93,10"
13849,"3,21,169"
13850,"489,10,60"
13851,"38,88,23"
13852,"3,523,53"
13853,"26,89,23"
13854,"3,21,164"
13855,"0,271,456"
13856,"0,265,311"
13857,"145,181"
13858,"64,10,80"
13859,"3,523,53"
13860,"271,0,291"
13861,"220,10"
13862,"40,146,145"
13863,"96,31,23"
13864,"0,8,327"
13865,"220,10"
13866,"3,21,182"
13867,"23,26,38"
13868,"309,38,23"
13869,"3,172,21"
13870,"40,41"
13871,"32,31,23"
13872,"131,193,40"
13873,"3,13,21"
13874,"23,74,118"
13875,"0,218,457"
13876,"3,187,21"
13877,"23,26,89"
13878,"40,128,129"
13879,"64,80,10"
13880,"220,10"
13881,"10,64,90"
13882,"3,96,23"
13883,"3,301,21"
13884,"40,31,139"
13885,"3,21,301"
13886,"0,265,340"
13887,"220,10"
13888,"128,40,129"
13889,"402,145,40"
13890,"3,182,21"
13891,"3,187"
13892,"64,80,10"
13893,"44,45,145"
13894,"40,89"
13895,"239,10,60"
13896,"195,128,40"
13897,"0,169"
13898,"40,41,250"
13899,"61,60,10"
13900,"343,169,199"
13901,"0,271,429"
13902,"3,187,21"
13903,"64,93,10"
13904,"170,169,459"
13905,"3,21"
13906,"15,3,16"
13907,"145,45,44"
13908,"241,40,131"
13909,"160,40,334"
13910,"224,41,40"
13911,"3,187,21"
13912,"350,26,23"
13913,"131,40,406"
13914,"311,426,337"
13915,"220,10"
13916,"0,346,271"
13917,"8,405,0"
13918,"64,10,93"
13919,"199,169,343"
13920,"3,127,147"
13921,"40,160,315"
13922,"231,145,44"
13923,"3,21,164"
13924,"3,523,53"
13925,"323,170,199"
13926,"40,186,128"
13927,"311,3,34"
13928,"184,74,283"
13929,"71,24,38"
13930,"3,4,435"
13931,"241,40,131"
13932,"3,21,115"
13933,"40,145"
13934,"308,8,23"
13935,"40,161,41"
13936,"151,40,152"
13937,"339,169,337"
13938,"3,40,100"
13939,"11,12,145"
13940,"10,145,44"
13941,"40,162"
13942,"296,169,526"
13943,"25,24,23"
13944,"24,25,23"
13945,"10,64"
13946,"10,220,25"
13947,"72,44,145"
13948,"175,128,40"
13949,"3,293,331"
13950,"0,8,265"
13951,"17,3,320"
13952,"265,0,418"
13953,"426,311,337"
13954,"169,459,170"
13955,"4,3,435"
13956,"3,4"
13957,"40,195,426"
13958,"428,296,169"
13959,"93,64,10"
13960,"3,102,21"
13961,"296,169"
13962,"118,74,23"
13963,"426,311,337"
13964,"0,271,291"
13965,"40,241,131"
13966,"3,53,523"
13967,"216,212,211"
13968,"0,235,8"
13969,"0,313,346"
13970,"3,4,53"
13971,"3,16,15"
13972,"138,40,135"
13973,"138,40,135"
13974,"74,118,23"
13975,"0,271,456"
13976,"3,21,182"
13977,"0,216,380"
13978,"145,40,402"
13979,"0,426,311"
13980,"145,44,10"
13981,"40,250,21"
13982,"23,231,74"
13983,"3,523,53"
13984,"3,111"
13985,"3,111,161"
13986,"80,10,64"
13987,"10,25,220"
13988,"3,275"
13989,"3,21,301"
13990,"64,10,93"
13991,"40,23,31"
13992,"64,10,80"
13993,"3,50,451"
13994,"128,195,40"
13995,"3,17"
13996,"93,64,10"
13997,"3,34"
13998,"40,406,131"
13999,"3,53,523"
14000,"49,24,23"
14001,"0,255,444"
14002,"4,7,3"
14003,"0,366,271"
14004,"145,44,23"
14005,"3,21"
14006,"322,54,10"
14007,"3,17,56"
14008,"10,0,12"
14009,"220,10"
14010,"64,10,80"
14011,"323,40,199"
14012,"21,3,41"
14013,"3,13,204"
14014,"170,199,169"
14015,"0,213,214"
14016,"40,250,135"
14017,"21,3,187"
14018,"40,406,131"
14019,"3,147,35"
14020,"21,3,301"
14021,"199,138,169"
14022,"40,100,367"
14023,"145,44,45"
14024,"426,311,312"
14025,"3,301,21"
14026,"40,146,145"
14027,"128,129,40"
14028,"0,216,380"
14029,"3,21,187"
14030,"303,23,74"
14031,"21,3,301"
14032,"3,147,148"
14033,"40,131,406"
14034,"96,31,23"
14035,"89,23,26"
14036,"131,40,241"
14037,"40,41,224"
14038,"23,0,26"
14039,"87,38,23"
14040,"40,241,131"
14041,"0,235,8"
14042,"3,21,4"
14043,"64,10,80"
14044,"3,187,21"
14045,"3,14,13"
14046,"5,3,133"
14047,"10,64"
14048,"0,206,8"
14049,"171,199,170"
14050,"169,3,296"
14051,"175,128,40"
14052,"10,64,93"
14053,"171,170,199"
14054,"138,135,40"
14055,"40,41,224"
14056,"0,271,291"
14057,"89,26,23"
14058,"3,53"
14059,"23,74,118"
14060,"0,271,366"
14061,"89,26,23"
14062,"81,30,3"
14063,"40,129,128"
14064,"3,147,30"
14065,"44,145,45"
14066,"3,40,21"
14067,"40,145,146"
14068,"3,21,169"
14069,"0,313,8"
14070,"8,308,0"
14071,"24,23,71"
14072,"290,31,23"
14073,"346,0,313"
14074,"366,0,271"
14075,"170,199,323"
14076,"169,199"
14077,"40,199,131"
14078,"15,16,3"
14079,"308,23,8"
14080,"354,0,216"
14081,"3,523,53"
14082,"186,40,128"
14083,"426,312,311"
14084,"64,93,10"
14085,"184,40,243"
14086,"40,128,135"
14087,"3,53,523"
14088,"44,145,72"
14089,"40,129,128"
14090,"40,406,184"
14091,"181,419,10"
14092,"224,41,40"
14093,"0,485,337"
14094,"23,345,38"
14095,"193,131,23"
14096,"24,71,38"
14097,"317,23,74"
14098,"3,301,21"
14099,"3,53,16"
14100,"3,4,70"
14101,"0,145,216"
14102,"3,13"
14103,"0,8,271"
14104,"40,186,128"
14105,"3,4,435"
14106,"349,0,265"
14107,"3,148,147"
14108,"3,23,53"
14109,"23,24,49"
14110,"131,40,134"
14111,"23,38,89"
14112,"105,318,23"
14113,"40,131,406"
14114,"131,40,241"
14115,"3,21,17"
14116,"311,426,199"
14117,"231,26,23"
14118,"64,93,10"
14119,"0,349,271"
14120,"10,220"
14121,"38,23,71"
14122,"64,10,448"
14123,"3,331,5"
14124,"40,175,74"
14125,"156,3,147"
14126,"40,128"
14127,"169,3,287"
14128,"40,131,406"
14129,"459,169,74"
14130,"23,107,38"
14131,"3,10,233"
14132,"160,40,334"
14133,"40,131,134"
14134,"49,24,23"
14135,"40,41,286"
14136,"0,216"
14137,"508,169,40"
14138,"44,145"
14139,"0,271,291"
14140,"40,459,131"
14141,"0,214,213"
14142,"24,23,43"
14143,"3,21,301"
14144,"23,24,49"
14145,"366,0,271"
14146,"184,40,74"
14147,"40,184,3"
14148,"62,24,23"
14149,"3,30,21"
14150,"0,265,255"
14151,"216,0,211"
14152,"10,220"
14153,"211,0,319"
14154,"0,8,206"
14155,"3,169,187"
14156,"10,64,93"
14157,"133,3,5"
14158,"0,216,254"
14159,"156,3,147"
14160,"43,24,23"
14161,"64,10,448"
14162,"265,0,418"
14163,"40,131,241"
14164,"10,64,93"
14165,"40,135,199"
14166,"0,8,206"
14167,"145,45,44"
14168,"3,187,21"
14169,"25,24,23"
14170,"10,220,221"
14171,"3,15,16"
14172,"23,24,40"
14173,"199,323,61"
14174,"220,23,10"
14175,"3,204,17"
14176,"24,62,23"
14177,"3,52,51"
14178,"169,199,343"
14179,"138,135,40"
14180,"40,135,128"
14181,"32,31,23"
14182,"145,40,44"
14183,"32,31,23"
14184,"3,122,5"
14185,"448,251,296"
14186,"13,3,204"
14187,"43,23,24"
14188,"156,3,147"
14189,"3,188,4"
14190,"3,40,21"
14191,"0,271,23"
14192,"0,265,277"
14193,"346,313,0"
14194,"0,271,456"
14195,"32,31,23"
14196,"3,143,34"
14197,"24,71,38"
14198,"0,271,218"
14199,"31,169,199"
14200,"3,14,13"
14201,"0,8,391"
14202,"3,53,21"
14203,"40,385,3"
14204,"31,23"
14205,"0,218,366"
14206,"265,0,340"
14207,"11,10,145"
14208,"0,206,8"
14209,"0,271,255"
14210,"0,418,265"
14211,"40,160,315"
14212,"199,323,170"
14213,"100,222,40"
14214,"128,40,130"
14215,"10,64,65"
14216,"0,265,340"
14217,"241,40,131"
14218,"0,216,380"
14219,"3,21"
14220,"3,13,204"
14221,"0,271"
14222,"40,139,153"
14223,"169,343,199"
14224,"0,235,8"
14225,"89,308,23"
14226,"40,224,41"
14227,"40,100,3"
14228,"181,145,40"
14229,"23,145,31"
14230,"24,23,43"
14231,"10,44,45"
14232,"40,162"
14233,"0,313,485"
14234,"0,456,213"
14235,"23,74,317"
14236,"100,222,40"
14237,"10,64,90"
14238,"23,38,82"
14239,"0,218,13"
14240,"3,34,23"
14241,"3,148,147"
14242,"8,0,206"
14243,"402,40,145"
14244,"221,40,162"
14245,"38,309,23"
14246,"0,271,291"
14247,"84,74,23"
14248,"3,187,34"
14249,"296,337,251"
14250,"291,271,0"
14251,"40,128,0"
14252,"40,41,21"
14253,"23,54,145"
14254,"0,271,360"
14255,"3,169,203"
14256,"3,15,16"
14257,"10,220"
14258,"402,145,40"
14259,"3,287,53"
14260,"0,291,271"
14261,"10,11,12"
14262,"21,3,40"
14263,"24,23,59"
14264,"3,21,127"
14265,"3,21,111"
14266,"40,135,250"
14267,"11,10,205"
14268,"64,10,448"
14269,"0,265"
14270,"281,169,199"
14271,"21,3"
14272,"220,10"
14273,"3,301,15"
14274,"296,337,251"
14275,"3,21,127"
14276,"23,131,105"
14277,"3,17,320"
14278,"481,218,0"
14279,"40,3,296"
14280,"40,131,406"
14281,"40,186,128"
14282,"24,43,23"
14283,"25,24,23"
14284,"3,182,21"
14285,"23,106,105"
14286,"323,199,170"
14287,"32,23,31"
14288,"3,4,435"
14289,"128,130,40"
14290,"3,4,435"
14291,"94,23,38"
14292,"0,271,265"
14293,"89,23,0"
14294,"64,80,10"
14295,"40,128,194"
14296,"40,250,0"
14297,"0,271,291"
14298,"0,376,265"
14299,"3,17,320"
14300,"0,346,313"
14301,"199,60,31"
14302,"13,3,145"
14303,"3,4,435"
14304,"402,40,145"
14305,"3,53,111"
14306,"231,26,23"
14307,"44,145,40"
14308,"40,145,402"
14309,"3,4,435"
14310,"64,10,93"
14311,"337,311,426"
14312,"280,255,271"
14313,"40,145,23"
14314,"0,8,103"
14315,"296,169"
14316,"3,40,4"
14317,"0,2,1"
14318,"10,24,23"
14319,"3,364,51"
14320,"42,40,41"
14321,"3,68,53"
14322,"3,53,111"
14323,"265,0,340"
14324,"265,0,340"
14325,"345,170,23"
14326,"290,31,23"
14327,"15,16,3"
14328,"346,313,0"
14329,"0,206,8"
14330,"64,10,80"
14331,"426,311,259"
14332,"147,3,148"
14333,"3,21,5"
14334,"10,64,93"
14335,"40,160"
14336,"296,169"
14337,"0,337,426"
14338,"0,255,271"
14339,"45,44,145"
14340,"234,60,21"
14341,"3,21,51"
14342,"3,331,5"
14343,"8,0,23"
14344,"508,426,169"
14345,"3,4,19"
14346,"281,169,296"
14347,"129,128,40"
14348,"3,21,22"
14349,"281,426,311"
14350,"169,296,452"
14351,"23,24,43"
14352,"216,0"
14353,"40,494,184"
14354,"42,40,126"
14355,"40,241,131"
14356,"220,10"
14357,"241,131,40"
14358,"296,169,333"
14359,"25,23,24"
14360,"93,170,323"
14361,"0,349,265"
14362,"3,4,174"
14363,"3,169,21"
14364,"0,340,265"
14365,"40,215,160"
14366,"21,3"
14367,"131,134,40"
14368,"3,4,435"
14369,"10,23,60"
14370,"23,26,0"
14371,"145,44,45"
14372,"93,64,10"
14373,"3,51,52"
14374,"13,0,122"
14375,"96,23,31"
14376,"145,44,45"
14377,"3,287"
14378,"25,24,220"
14379,"23,74,118"
14380,"40,160"
14381,"3,35,36"
14382,"0,265,349"
14383,"3,21,99"
14384,"23,74,165"
14385,"3,21,127"
14386,"337,311,271"
14387,"15,16,3"
14388,"171,170,199"
14389,"145,44,38"
14390,"21,3,301"
14391,"0,271,291"
14392,"32,31,23"
14393,"181,40,145"
14394,"3,187,21"
14395,"10,11,12"
14396,"0,271,273"
14397,"3,4,331"
14398,"40,494,131"
14399,"128,40,129"
14400,"3,4,435"
14401,"23,24,49"
14402,"93,64,10"
14403,"3,11,10"
14404,"145,44,45"
14405,"3,21,22"
14406,"291,271,0"
14407,"43,24,23"
14408,"3,147,148"
14409,"40,160"
14410,"40,160,315"
14411,"111,3,161"
14412,"40,128,163"
14413,"220,10"
14414,"145,44,45"
14415,"0,271,360"
14416,"72,23,44"
14417,"23,418,38"
14418,"3,111"
14419,"131,40,241"
14420,"10,23,145"
14421,"170,171,199"
14422,"31,32,23"
14423,"10,11,419"
14424,"40,131,241"
14425,"128,40,129"
14426,"234,21,60"
14427,"220,10"
14428,"0,271,291"
14429,"64,10,80"
14430,"21,124,3"
14431,"32,31,23"
14432,"138,135,40"
14433,"44,45,145"
14434,"3,21"
14435,"3,182,21"
14436,"3,5"
14437,"3,203,15"
14438,"113,28,3"
14439,"71,24,38"
14440,"45,145,44"
14441,"0,89,271"
14442,"337,251,296"
14443,"93,10,23"
14444,"3,21"
14445,"0,291,271"
14446,"38,74,71"
14447,"3,21,40"
14448,"3,15,16"
14449,"128,40,129"
14450,"10,64"
14451,"25,24,23"
14452,"40,128,195"
14453,"10,23,93"
14454,"160,40,423"
14455,"3,53,147"
14456,"40,131,134"
14457,"23,309,38"
14458,"145,40"
14459,"4,3,435"
14460,"64,10,93"
14461,"0,271,291"
14462,"265,0,10"
14463,"145,402,40"
14464,"24,25,508"
14465,"115,40,21"
14466,"17,3,320"
14467,"40,135,138"
14468,"0,271"
14469,"25,24,23"
14470,"40,128,130"
14471,"23,31,328"
14472,"64,93,10"
14473,"199,323,40"
14474,"0,271,456"
14475,"44,145,45"
14476,"23,38,107"
14477,"45,44,145"
14478,"32,31,23"
14479,"147,3,148"
14480,"23,89,26"
14481,"3,34,41"
14482,"3,30,316"
14483,"115,145,40"
14484,"3,523,53"
14485,"3,182,21"
14486,"3,435,4"
14487,"112,111,3"
14488,"4,3,70"
14489,"74,84,23"
14490,"3,21,187"
14491,"24,23,43"
14492,"296,169,306"
14493,"3,13,14"
14494,"23,31,328"
14495,"10,23,54"
14496,"251,296,337"
14497,"3,21,287"
14498,"40,406,131"
14499,"0,206,8"
14500,"40,128,315"
14501,"3,523,53"
14502,"40,265,23"
14503,"145,40,402"
14504,"3,21,301"
14505,"10,60,239"
14506,"41,286,40"
14507,"118,74,23"
14508,"10,23"
14509,"3,147,203"
14510,"3,21,301"
14511,"420,10,169"
14512,"220,10"
14513,"370,40,145"
14514,"23,40,38"
14515,"0,23,31"
14516,"40,402,145"
14517,"145,402,40"
14518,"32,31,23"
14519,"40,146,145"
14520,"3,523,53"
14521,"11,12,145"
14522,"220,10"
14523,"323,199,170"
14524,"53,523,3"
14525,"3,320,17"
14526,"40,271,0"
14527,"3,100,367"
14528,"255,0,280"
14529,"251,337,296"
14530,"3,187,21"
14531,"11,10,145"
14532,"3,21,182"
14533,"231,26,23"
14534,"0,271,366"
14535,"100,40,222"
14536,"64,93,10"
14537,"0,446,216"
14538,"3,187,21"
14539,"3,147,15"
14540,"17,3,320"
14541,"0,271"
14542,"145,44,45"
14543,"3,148,147"
14544,"402,40,145"
14545,"199,169,343"
14546,"199,323,10"
14547,"40,131,241"
14548,"23,74,40"
14549,"402,145,40"
14550,"40,186,128"
14551,"40,128,23"
14552,"160,40,302"
14553,"0,313,346"
14554,"3,40,17"
14555,"171,199,170"
14556,"231,23,0"
14557,"40,215,41"
14558,"3,523,53"
14559,"3,21"
14560,"3,30"
14561,"220,10,221"
14562,"131,40,241"
14563,"287,3,53"
14564,"3,34,17"
14565,"17,3,10"
14566,"40,181,145"
14567,"0,271,291"
14568,"32,23,31"
14569,"3,147,148"
14570,"93,64,10"
14571,"3,15,16"
14572,"129,328,128"
14573,"3,21"
14574,"87,8,0"
14575,"40,302,160"
14576,"10,220"
14577,"10,239,60"
14578,"40,146,145"
14579,"3,148,147"
14580,"220,10"
14581,"64,93,10"
14582,"323,199,181"
14583,"3,4,435"
14584,"220,10"
14585,"40,128,130"
14586,"38,23,309"
14587,"40,139,307"
14588,"3,111,284"
14589,"3,474,111"
14590,"38,0,91"
14591,"23,49,24"
14592,"3,182,21"
14593,"3,21,182"
14594,"74,23,165"
14595,"24,23,145"
14596,"3,182,21"
14597,"64,10,93"
14598,"45,44,145"
14599,"49,24,23"
14600,"3,21"
14601,"3,51,13"
14602,"139,3,40"
14603,"32,31,23"
14604,"402,145,40"
14605,"0,271,456"
14606,"311,337,265"
14607,"104,3,30"
14608,"3,51,52"
14609,"0,271"
14610,"128,40,130"
14611,"3,4,435"
14612,"74,23,118"
14613,"49,24,23"
14614,"64,10,93"
14615,"10,64,80"
14616,"64,80,10"
14617,"40,146,145"
14618,"69,145,44"
14619,"74,23,303"
14620,"211,216,212"
14621,"23,74"
14622,"265,59,418"
14623,"169,199,170"
14624,"199,171,40"
14625,"64,10,80"
14626,"455,0,195"
14627,"241,3,40"
14628,"0,8"
14629,"3,21,127"
14630,"44,72,145"
14631,"205,10,11"
14632,"169,296,306"
14633,"220,10"
14634,"40,186,128"
14635,"181,145,40"
14636,"3,5,133"
14637,"10,220"
14638,"45,44,145"
14639,"105,23,495"
14640,"0,426,311"
14641,"3,111,21"
14642,"3,21,182"
14643,"220,10"
14644,"40,164,186"
14645,"0,8,308"
14646,"3,53"
14647,"71,24,38"
14648,"3,148,147"
14649,"508,426,169"
14650,"0,291,265"
14651,"3,111,161"
14652,"0,8"
14653,"0,229,230"
14654,"40,128,186"
14655,"3,182,111"
14656,"3,21,40"
14657,"3,13,14"
14658,"74,118,23"
14659,"40,41,135"
14660,"40,131,241"
14661,"40,160"
14662,"145,40,402"
14663,"38,145,71"
14664,"40,184"
14665,"74,23,40"
14666,"0,8,206"
14667,"40,131,241"
14668,"23,24,49"
14669,"3,5,6"
14670,"23,74,118"
14671,"3,53"
14672,"3,147,156"
14673,"0,271"
14674,"0,216,455"
14675,"128,186,40"
14676,"40,128,129"
14677,"15,16,3"
14678,"199,169,311"
14679,"169,436,170"
14680,"0,271,291"
14681,"40,241,131"
14682,"135,40"
14683,"40,131,241"
14684,"3,85"
14685,"10,64,93"
14686,"24,23,43"
14687,"224,111,41"
14688,"3,187,21"
14689,"3,53,523"
14690,"10,239,60"
14691,"23,74,317"
14692,"71,24,38"
14693,"169,296,420"
14694,"40,160,315"
14695,"24,43,23"
14696,"160,40,315"
14697,"44,45,145"
14698,"0,265,340"
14699,"3,30,53"
14700,"290,31,23"
14701,"40,135,250"
14702,"40,128,21"
14703,"169,199,3"
14704,"3,21,301"
14705,"40,162,41"
14706,"3,156,147"
14707,"17,3,248"
14708,"3,21,127"
14709,"24,49,23"
14710,"169,0,413"
14711,"311,426,259"
14712,"311,337,426"
14713,"0,8,206"
14714,"405,8,0"
14715,"32,31,23"
14716,"145,24,23"
14717,"3,111,267"
14718,"118,74,23"
14719,"10,64,90"
14720,"139,40,140"
14721,"405,8,40"
14722,"44,145,45"
14723,"148,147,3"
14724,"265,0,418"
14725,"220,10"
14726,"44,145,45"
14727,"23,38,39"
14728,"145,87,8"
14729,"3,13,236"
14730,"64,10,93"
14731,"0,418,265"
14732,"21,3,187"
14733,"21,3,41"
14734,"10,220"
14735,"3,523,53"
14736,"49,24,23"
14737,"197,44,23"
14738,"4,3,19"
14739,"211,212,216"
14740,"10,220"
14741,"220,10"
14742,"43,24,23"
14743,"243,184,40"
14744,"40,131,406"
14745,"64,448,10"
14746,"60,10,61"
14747,"0,271,265"
14748,"23,10,24"
14749,"94,23,38"
14750,"23,74,118"
14751,"40,199,170"
14752,"171,199,170"
14753,"10,64"
14754,"0,380,216"
14755,"40,128,41"
14756,"0,271"
14757,"3,15,16"
14758,"31,96,243"
14759,"241,131,40"
14760,"3,85,86"
14761,"296,251,337"
14762,"3,156,147"
14763,"72,44,145"
14764,"169,199,160"
14765,"21,187,3"
14766,"199,169"
14767,"3,48,21"
14768,"131,40,406"
14769,"118,74,23"
14770,"372,0,255"
14771,"49,24,418"
14772,"0,271,291"
14773,"21,3,124"
14774,"17,3,320"
14775,"3,21,17"
14776,"3,34,263"
14777,"259,426,311"
14778,"3,523,21"
14779,"3,30,66"
14780,"0,218,446"
14781,"40,402,145"
14782,"8,0,514"
14783,"3,523,53"
14784,"49,24,23"
14785,"40,23,38"
14786,"523,53,3"
14787,"64,10,80"
14788,"40,478,145"
14789,"10,64,80"
14790,"350,0,23"
14791,"40,160,302"
14792,"49,23,24"
14793,"44,45,145"
14794,"64,10,90"
14795,"146,40,145"
14796,"3,53"
14797,"40,231,26"
14798,"40,145,146"
14799,"0,271,291"
14800,"23,38,91"
14801,"40,131,241"
14802,"251,337,296"
14803,"3,5,21"
14804,"23,89,26"
14805,"0,211,271"
14806,"3,301,21"
14807,"40,241,494"
14808,"24,23,43"
14809,"3,21,104"
14810,"3,4,435"
14811,"3,467,53"
14812,"0,271,291"
14813,"3,21,301"
14814,"44,10,24"
14815,"24,145,23"
14816,"3,204,13"
14817,"11,10,205"
14818,"220,10,221"
14819,"23,89,26"
14820,"92,60,10"
14821,"3,301,21"
14822,"40,138,135"
14823,"0,265,266"
14824,"38,199,281"
14825,"3,265,100"
14826,"6,5,3"
14827,"0,265,488"
14828,"3,4,183"
14829,"40,128,130"
14830,"74,23,303"
14831,"3,34"
14832,"220,10"
14833,"145,44,10"
14834,"0,271,291"
14835,"23,118,74"
14836,"40,222,100"
14837,"40,186,128"
14838,"71,24,38"
14839,"220,10"
14840,"0,271,456"
14841,"3,21,147"
14842,"26,23,350"
14843,"32,31,23"
14844,"523,3,53"
14845,"337,426,311"
14846,"128,40,130"
14847,"21,40,127"
14848,"40,160,151"
14849,"3,523,21"
14850,"10,220"
14851,"147,148,3"
14852,"74,23,317"
14853,"0,271,444"
14854,"11,10,12"
14855,"346,0,313"
14856,"40,128,129"
14857,"0,8,206"
14858,"224,40,41"
14859,"49,24,23"
14860,"40,406,131"
14861,"3,21,127"
14862,"3,21,124"
14863,"201,40,41"
14864,"41,40,224"
14865,"40,146,145"
14866,"3,21,164"
14867,"3,301,21"
14868,"44,45,145"
14869,"315,40,160"
14870,"231,26,145"
14871,"10,44,11"
14872,"4,3,435"
14873,"3,15,147"
14874,"10,220"
14875,"337,251,296"
14876,"3,17,320"
14877,"3,147,148"
14878,"220,10"
14879,"3,21,187"
14880,"112,3,111"
14881,"291,0,271"
14882,"3,187,21"
14883,"23,49,24"
14884,"44,73,145"
14885,"3,4,435"
14886,"0,291,271"
14887,"370,0,89"
14888,"26,350,23"
14889,"13,3"
14890,"32,23,3"
14891,"10,64,80"
14892,"21,3,41"
14893,"3,34,263"
14894,"96,31,23"
14895,"0,265,349"
14896,"426,259,311"
14897,"40,402,145"
14898,"23,105"
14899,"0,265,376"
14900,"71,24,10"
14901,"317,23,74"
14902,"40,131,134"
14903,"402,145,40"
14904,"170,199,40"
14905,"431,40,135"
14906,"145,45,44"
14907,"138,135,40"
14908,"40,315,160"
14909,"23,26"
14910,"3,13"
14911,"40,250,135"
14912,"0,458,277"
14913,"241,40,131"
14914,"265,0,418"
14915,"64,10,80"
14916,"23,49,24"
14917,"135,259,169"
14918,"3,21,187"
14919,"40,135,169"
14920,"49,24,23"
14921,"169,296,411"
14922,"40,41,224"
14923,"43,24,23"
14924,"0,199,271"
14925,"0,255,271"
14926,"3,296"
14927,"69,44,145"
14928,"40,131,406"
14929,"3,301,21"
14930,"169,339,337"
14931,"89,0,313"
14932,"145,44,23"
14933,"0,418,265"
14934,"199,96,170"
14935,"417,169,296"
14936,"0,360"
14937,"131,241,40"
14938,"23,74,38"
14939,"3,265,0"
14940,"0,255,372"
14941,"25,24,23"
14942,"3,21,0"
14943,"3,21,34"
14944,"3,51,52"
14945,"40,160,315"
14946,"435,4,3"
14947,"74,317,23"
14948,"296,169,306"
14949,"3,68,53"
14950,"40,10,34"
14951,"3,120,203"
14952,"402,145,40"
14953,"0,313,346"
14954,"23,24,345"
14955,"77,31,23"
14956,"128,195,40"
14957,"131,40,241"
14958,"3,495,23"
14959,"131,40,241"
14960,"40,153,139"
14961,"38,71,24"
14962,"0,23,271"
14963,"0,271,255"
14964,"40,241,131"
14965,"23,39,38"
14966,"426,311,459"
14967,"523,3,53"
14968,"74,23,317"
14969,"3,4"
14970,"128,40"
14971,"40,41,21"
14972,"24,23,49"
14973,"40,241,131"
14974,"64,10,65"
14975,"171,199,170"
14976,"0,23,26"
14977,"271,0"
14978,"426,259,311"
14979,"64,10,93"
14980,"0,216,10"
14981,"40,131,406"
14982,"3,301,21"
14983,"186,128,40"
14984,"0,271,311"
14985,"313,0,23"
14986,"0,425,288"
14987,"0,271,313"
14988,"25,24,23"
14989,"296,23"
14990,"3,51,52"
14991,"145,23,40"
14992,"0,271,291"
14993,"3,21,500"
14994,"3,4,7"
14995,"3,53,474"
14996,"64,93,10"
14997,"323,199,337"
14998,"43,24,23"
14999,"64,93,10"
15000,"40,315,160"
15001,"3,111,523"
15002,"494,184,169"
15003,"11,145,72"
15004,"170,171,199"
15005,"118,74,23"
15006,"40,131"
15007,"49,24,23"
15008,"49,23,24"
15009,"40,169,139"
15010,"3,447,320"
15011,"131,25,40"
15012,"40,0"
15013,"40,21,3"
15014,"44,10,145"
15015,"3,15"
15016,"171,199,170"
15017,"3,13,21"
15018,"145,40,197"
15019,"171,199,170"
15020,"118,74,23"
15021,"426,337,296"
15022,"40,149,128"
15023,"64,10,80"
15024,"3,301,21"
15025,"8,308,0"
15026,"3,21,187"
15027,"3,21,127"
15028,"0,40,193"
15029,"40,131,406"
15030,"74,23,303"
15031,"0,271,313"
15032,"320,17,3"
15033,"148,147,3"
15034,"3,21,301"
15035,"3,85,147"
15036,"3,5"
15037,"3,52,51"
15038,"271,291,0"
15039,"0,254,216"
15040,"220,10"
15041,"169,296,300"
15042,"10,64,448"
15043,"0,206,8"
15044,"3,21,182"
15045,"164,21,3"
15046,"3,4,111"
15047,"0,271,218"
15048,"40,128,23"
15049,"64,10,93"
15050,"236,135,40"
15051,"3,4,435"
15052,"3,187,21"
15053,"251,296,337"
15054,"212,211,216"
15055,"309,38,23"
15056,"0,291,271"
15057,"40,145,402"
15058,"3,21"
15059,"370,0,216"
15060,"64,10,93"
15061,"199,323,170"
15062,"147,3,148"
15063,"323,199,170"
15064,"44,45,145"
15065,"426,311,337"
15066,"40,241,131"
15067,"3,21,182"
15068,"3,21"
15069,"3,182,21"
15070,"3,111,0"
15071,"3,4,435"
15072,"3,21,147"
15073,"3,112,111"
15074,"40,135,169"
15075,"169,428"
15076,"3,53"
15077,"43,24,23"
15078,"220,10"
15079,"3,147"
15080,"145,181,23"
15081,"0,271"
15082,"49,24,23"
15083,"40,23,131"
15084,"40,131,406"
15085,"44,145,64"
15086,"220,10,221"
15087,"0,265,349"
15088,"118,74,23"
15089,"346,313,0"
15090,"271,291,0"
15091,"3,4,435"
15092,"3,127,21"
15093,"402,40,145"
15094,"3,21,182"
15095,"3,187,21"
15096,"40,160,315"
15097,"10,44,145"
15098,"0,216,354"
15099,"0,271,455"
15100,"40,141,135"
15101,"40,41,127"
15102,"3,275,111"
15103,"3,17,143"
15104,"3,147,85"
15105,"265,418,0"
15106,"23,24,43"
15107,"0,271,265"
15108,"145,44,25"
15109,"38,23,24"
15110,"169,337,339"
15111,"3,204,13"
15112,"23,74,118"
15113,"25,24,23"
15114,"40,152,151"
15115,"40,131,139"
15116,"3,147,156"
15117,"59,10,205"
15118,"44,145,45"
15119,"0,311,426"
15120,"147,3,148"
15121,"3,21,34"
15122,"402,40,145"
15123,"24,23,62"
15124,"40,131"
15125,"40,100,3"
15126,"3,4,435"
15127,"10,220"
15128,"211,216,212"
15129,"231,26,23"
15130,"40,131,406"
15131,"145,40,24"
15132,"10,64,80"
15133,"3,4,435"
15134,"3,51,52"
15135,"3,4,5"
15136,"40,128,175"
15137,"135,138,40"
15138,"40,160,215"
15139,"40,175,128"
15140,"0,26,23"
15141,"84,23,38"
15142,"3,53"
15143,"24,23,43"
15144,"10,220"
15145,"32,23,31"
15146,"3,21,187"
15147,"426,380,0"
15148,"0,313,346"
15149,"43,24,23"
15150,"145,40,468"
15151,"64,10,93"
15152,"25,24,23"
15153,"3,13,100"
15154,"3,53,523"
15155,"96,31,23"
15156,"169,281,199"
15157,"0,313,218"
15158,"181,40,23"
15159,"3,148,147"
15160,"49,24,23"
15161,"171,199,170"
15162,"3,21,28"
15163,"0,308,8"
15164,"10,220"
15165,"24,49,23"
15166,"0,3,349"
15167,"296,169"
15168,"3,147,111"
15169,"40,152,151"
15170,"38,23,24"
15171,"3,4,435"
15172,"3,474,111"
15173,"145,24,40"
15174,"169,199,170"
15175,"17,58,3"
15176,"181,145,40"
15177,"169,199,281"
15178,"523,53,3"
15179,"197,60,10"
15180,"21,3,127"
15181,"3,164,21"
15182,"25,24,23"
15183,"10,220,24"
15184,"3,53,523"
15185,"169,296"
15186,"74,303,23"
15187,"31,32,23"
15188,"0,271"
15189,"40,145,402"
15190,"3,435,4"
15191,"0,206,8"
15192,"3,48,21"
15193,"23,91,38"
15194,"3,147,156"
15195,"40,145,44"
15196,"0,271,311"
15197,"3,147,148"
15198,"3,474,6"
15199,"40,406,131"
15200,"131,241,40"
15201,"40,128,328"
15202,"3,182,68"
15203,"24,49,23"
15204,"145,44,40"
15205,"0,265,349"
15206,"3,105,53"
15207,"21,3,124"
15208,"3,21"
15209,"0,349,265"
15210,"220,10"
15211,"220,25,10"
15212,"3,21,187"
15213,"3,182,21"
15214,"145,44,72"
15215,"21,3"
15216,"0,271,355"
15217,"23,74,303"
15218,"10,11,205"
15219,"40,128,186"
15220,"145,45,44"
15221,"211,212,216"
15222,"23,181,40"
15223,"291,0,271"
15224,"350,26,23"
15225,"40,38,131"
15226,"40,131,241"
15227,"11,10,12"
15228,"251,337,296"
15229,"131,40,406"
15230,"10,64,60"
15231,"23,26,89"
15232,"0,446,218"
15233,"13,14,3"
15234,"426,311,337"
15235,"402,40,145"
15236,"3,21,22"
15237,"431,135,40"
15238,"311,0,337"
15239,"220,10"
15240,"44,145,95"
15241,"44,145,45"
15242,"169,170,426"
15243,"10,11,205"
15244,"64,10,80"
15245,"3,21,127"
15246,"64,80,10"
15247,"0,271,498"
15248,"32,31,23"
15249,"32,31,23"
15250,"3,147"
15251,"426,311,337"
15252,"145,402,40"
15253,"23,309,38"
15254,"23,74,307"
15255,"0,216,354"
15256,"271,0,360"
15257,"259,426,311"
15258,"40,131,406"
15259,"40,131,406"
15260,"3,111,123"
15261,"3,21,187"
15262,"40,162,47"
15263,"24,25,221"
15264,"25,24,23"
15265,"94,38,23"
15266,"406,40,131"
15267,"23,3,74"
15268,"138,135,40"
15269,"21,3,124"
15270,"0,265,340"
15271,"3,187,21"
15272,"187,21,3"
15273,"205,11,10"
15274,"220,10,221"
15275,"0,271,456"
15276,"171,170,199"
15277,"3,21,147"
15278,"169,199,343"
15279,"64,10,90"
15280,"3,4,435"
15281,"3,21,53"
15282,"40,131,155"
15283,"317,243,74"
15284,"44,72,145"
15285,"308,0,8"
15286,"21,3,42"
15287,"170,323,199"
15288,"0,349,265"
15289,"3,523,53"
15290,"221,10,220"
15291,"3,182,21"
15292,"3,52,51"
15293,"3,21,225"
15294,"43,23,10"
15295,"64,10,80"
15296,"24,25,23"
15297,"11,205,10"
15298,"0,265,349"
15299,"169,339,337"
15300,"3,21,127"
15301,"3,21,301"
15302,"3,331,5"
15303,"31,23,218"
15304,"296,169,460"
15305,"40,139,131"
15306,"131,40"
15307,"426,311,0"
15308,"10,239,60"
15309,"145,44,40"
15310,"309,3,48"
15311,"40,426,431"
15312,"182,3,21"
15313,"0,337,271"
15314,"131,241,40"
15315,"251,337,296"
15316,"0,376,265"
15317,"40,315,160"
15318,"3,4,19"
15319,"145,44,40"
15320,"508,169,426"
15321,"271,0,291"
15322,"23,74,118"
15323,"0,291,271"
15324,"291,271,0"
15325,"0,271,265"
15326,"426,169,311"
15327,"255,271,0"
15328,"3,40,41"
15329,"10,72,145"
15330,"0,271"
15331,"3,143,320"
15332,"0,8,235"
15333,"169,199,281"
15334,"23,24,10"
15335,"3,147,148"
15336,"74,40,317"
15337,"187,3,21"
15338,"3,301,21"
15339,"40,131,402"
15340,"0,265,349"
15341,"0,23,418"
15342,"21,3"
15343,"182,3,21"
15344,"0,206,8"
15345,"3,15,217"
15346,"69,44,145"
15347,"3,523,111"
15348,"3,53,523"
15349,"199,169"
15350,"3,301,21"
15351,"0,271,291"
15352,"169,312,199"
15353,"64,10,80"
15354,"169,296,306"
15355,"145,44,23"
15356,"23,0,10"
15357,"0,271,218"
15358,"44,45,145"
15359,"40,406,131"
15360,"205,11,10"
15361,"3,40,128"
15362,"112,3,111"
15363,"3,301,21"
15364,"145,40,44"
15365,"64,93,10"
15366,"131,40,241"
15367,"107,38,23"
15368,"40,131,134"
15369,"44,145,45"
15370,"131,40,241"
15371,"3,21,164"
15372,"49,24,23"
15373,"40,135"
15374,"3,523,53"
15375,"145,40,402"
15376,"23,24,49"
15377,"40,241,131"
15378,"0,418,265"
15379,"23,38,26"
15380,"0,8,308"
15381,"0,208,216"
15382,"0,291,271"
15383,"23,40,170"
15384,"3,33,40"
15385,"3,147"
15386,"169,281,199"
15387,"93,64,10"
15388,"346,313,40"
15389,"40,128,131"
15390,"3,15,16"
15391,"0,271,23"
15392,"3,364,28"
15393,"3,41,21"
15394,"131,193,40"
15395,"3,111,123"
15396,"328,31,23"
15397,"160,40,315"
15398,"10,220,24"
15399,"220,10"
15400,"323,199,170"
15401,"0,272,271"
15402,"10,60,239"
15403,"0,271,291"
15404,"40,145"
15405,"10,64,60"
15406,"3,17"
15407,"96,31,23"
15408,"0,456,346"
15409,"3,87,23"
15410,"3,148,147"
15411,"3,15,16"
15412,"0,456,271"
15413,"15,16,3"
15414,"169,122,13"
15415,"23,0,1"
15416,"234,60,21"
15417,"40,184,185"
15418,"220,10,221"
15419,"523,53,3"
15420,"0,271"
15421,"316,30,3"
15422,"38,23,40"
15423,"0,8,327"
15424,"0,31,23"
15425,"0,265"
15426,"271,0,291"
15427,"169,199,40"
15428,"40,406,131"
15429,"0,271"
15430,"181,145,40"
15431,"24,23,43"
15432,"385,3,40"
15433,"32,31,23"
15434,"10,64,93"
15435,"145,402,40"
15436,"241,21,131"
15437,"3,21,182"
15438,"10,220"
15439,"3,21"
15440,"23,26,89"
15441,"239,10,60"
15442,"38,145,40"
15443,"145,40,38"
15444,"43,24,23"
15445,"3,21,127"
15446,"84,74,23"
15447,"124,21,3"
15448,"139,153,40"
15449,"38,23,39"
15450,"169,343,199"
15451,"40,123,111"
15452,"40,160,315"
15453,"508,426,454"
15454,"0,255,3"
15455,"3,21"
15456,"3,523,53"
15457,"40,26,0"
15458,"3,21,301"
15459,"138,135,40"
15460,"145,44,45"
15461,"0,235,8"
15462,"3,21,51"
15463,"3,21,301"
15464,"44,73,45"
15465,"3,164,21"
15466,"8,405,0"
15467,"0,314"
15468,"221,24,220"
15469,"3,30,523"
15470,"44,145,45"
15471,"211,216,212"
15472,"0,346,313"
15473,"74,23,283"
15474,"10,23,220"
15475,"112,3,111"
15476,"40,139"
15477,"69,44,10"
15478,"251,337,296"
15479,"145,402,40"
15480,"3,17,143"
15481,"259,426,311"
15482,"145,40,73"
15483,"199,169"
15484,"3,68,53"
15485,"23,231,26"
15486,"303,74,23"
15487,"211,216,212"
15488,"3,34,21"
15489,"3,15,51"
15490,"0,426,311"
15491,"24,59,44"
15492,"0,243,40"
15493,"3,21,301"
15494,"3,435,4"
15495,"181,40,145"
15496,"171,170,199"
15497,"199,169"
15498,"255,280,271"
15499,"3,169,111"
15500,"0,265"
15501,"3,147,148"
15502,"64,93,10"
15503,"131,40,406"
15504,"25,24,23"
15505,"40,41,224"
15506,"291,0,271"
15507,"138,40,135"
15508,"3,182,21"
15509,"62,23,24"
15510,"87,38,23"
15511,"0,271,291"
15512,"64,10,80"
15513,"3,5,301"
15514,"337,311,426"
15515,"296,169"
15516,"40,131,241"
15517,"32,31,23"
15518,"0,59,205"
15519,"169,356,487"
15520,"323,199,23"
15521,"40,184"
15522,"181,145,40"
15523,"3,143,34"
15524,"304,216,0"
15525,"40,119,3"
15526,"494,184,40"
15527,"3,5,228"
15528,"31,170,169"
15529,"0,271,291"
15530,"3,21,108"
15531,"134,40,131"
15532,"3,53,523"
15533,"405,8,0"
15534,"10,93,64"
15535,"227,3,30"
15536,"131,40,193"
15537,"40,131,135"
15538,"309,23,21"
15539,"10,489,11"
15540,"145,40,494"
15541,"231,26,23"
15542,"23,26,78"
15543,"231,26,23"
15544,"3,388,111"
15545,"10,64,90"
15546,"3,21,301"
15547,"24,43,199"
15548,"3,21,53"
15549,"13,204,3"
15550,"93,10,64"
15551,"3,164,21"
15552,"23,181,145"
15553,"38,23"
15554,"221,10,24"
15555,"0,8,391"
15556,"64,10,93"
15557,"3,21"
15558,"3,4,435"
15559,"49,11,10"
15560,"3,21,154"
15561,"220,10"
15562,"3,21,48"
15563,"131,40,406"
15564,"3,53,111"
15565,"3,4,435"
15566,"3,33,21"
15567,"23,43,24"
15568,"181,145,40"
15569,"24,43,23"
15570,"131,40,406"
15571,"3,29,34"
15572,"64,10,80"
15573,"3,41,40"
15574,"169,311,426"
15575,"0,8,206"
15576,"3,21,34"
15577,"181,24,23"
15578,"93,64,10"
15579,"426,311,259"
15580,"0,271,291"
15581,"0,271"
15582,"107,23,38"
15583,"0,8,206"
15584,"0,265,273"
15585,"220,10"
15586,"3,375,4"
15587,"402,145,40"
15588,"170,199,169"
15589,"171,170,199"
15590,"23,74,165"
15591,"24,23,25"
15592,"93,64,10"
15593,"0,265,418"
15594,"13,3,204"
15595,"220,10,493"
15596,"402,145,40"
15597,"3,21,182"
15598,"40,146,145"
15599,"0,271,291"
15600,"3,111,267"
15601,"3,21,53"
15602,"23,74"
15603,"31,23,96"
15604,"0,271,195"
15605,"40,145,402"
15606,"3,21,187"
15607,"170,271,169"
15608,"0,8"
15609,"40,406,131"
15610,"3,21,22"
15611,"187,21,3"
15612,"71,38,24"
15613,"3,35,36"
15614,"13,14"
15615,"402,145,40"
15616,"74,118,23"
15617,"40,128,129"
15618,"10,64,448"
15619,"93,64,10"
15620,"10,40,145"
15621,"3,127,21"
15622,"131,193,40"
15623,"40,184,406"
15624,"169,199"
15625,"40,0,128"
15626,"3,523,172"
15627,"0,8"
15628,"311,337,426"
15629,"3,4"
15630,"3,21,53"
15631,"40,241,408"
15632,"0,418,265"
15633,"170,323,199"
15634,"3,15,16"
15635,"0,511"
15636,"64,145,40"
15637,"40,160,315"
15638,"145,40,402"
15639,"40,408,128"
15640,"0,271,291"
15641,"45,44,145"
15642,"0,249,279"
15643,"128,186,40"
15644,"146,40,145"
15645,"23,309,38"
15646,"346,313,0"
15647,"0,8,453"
15648,"3,523,53"
15649,"3,263,21"
15650,"0,216,1"
15651,"3,16,15"
15652,"405,0,8"
15653,"64,10,80"
15654,"21,3,187"
15655,"3,21,187"
15656,"4,3,188"
15657,"40,406,131"
15658,"10,64,93"
15659,"145,44,45"
15660,"0,271"
15661,"3,187,21"
15662,"91,38,23"
15663,"24,23,38"
15664,"0,265,349"
15665,"40,169,199"
15666,"3,156,147"
15667,"13,204"
15668,"129,128,40"
15669,"0,23,457"
15670,"141,23,135"
15671,"0,271"
15672,"145,402,40"
15673,"10,220"
15674,"25,44,145"
15675,"3,187,17"
15676,"0,271,265"
15677,"0,265"
15678,"74,135,23"
15679,"23,25,24"
15680,"431,135,40"
15681,"171,170,199"
15682,"0,271,291"
15683,"271,0,255"
15684,"3,21,301"
15685,"3,21,48"
15686,"24,23,43"
15687,"291,271,337"
15688,"3,187,21"
15689,"49,23,24"
15690,"0,271,23"
15691,"40,184"
15692,"40,128,306"
15693,"44,145,45"
15694,"426,259,311"
15695,"349,265,0"
15696,"3,4,331"
15697,"44,145,45"
15698,"49,23,239"
15699,"23,405,296"
15700,"10,239,60"
15701,"175,128,40"
15702,"0,206,8"
15703,"169,199"
15704,"3,4,435"
15705,"3,21,53"
15706,"3,48,21"
15707,"3,15,16"
15708,"3,111,40"
15709,"346,0,313"
15710,"3,23,85"
15711,"3,4"
15712,"40,10,64"
15713,"3,4,176"
15714,"40,131,406"
15715,"72,145,44"
15716,"40,406,131"
15717,"181,23,24"
15718,"291,346,0"
15719,"40,160,74"
15720,"326,44,105"
15721,"3,435,4"
15722,"96,171,31"
15723,"13,204,3"
15724,"3,35,36"
15725,"31,481,23"
15726,"169,258,31"
15727,"176,4,3"
15728,"259,426,311"
15729,"40,131,193"
15730,"40,459,241"
15731,"3,21,287"
15732,"0,271,349"
15733,"350,26,23"
15734,"21,3"
15735,"3,5,21"
15736,"495,23,105"
15737,"0,271,265"
15738,"49,24,23"
15739,"40,494,23"
15740,"23,49,24"
15741,"313,346,0"
15742,"0,319,211"
15743,"0,265,349"
15744,"23,493"
15745,"0,23,24"
15746,"11,44,72"
15747,"44,45,145"
15748,"43,24,23"
15749,"0,255,271"
15750,"3,34,143"
15751,"187,21,3"
15752,"296,169,306"
15753,"0,271,8"
15754,"3,17,34"
15755,"4,3,435"
15756,"3,51,52"
15757,"24,0,23"
15758,"40,131,406"
15759,"61,60,10"
15760,"45,44,145"
15761,"23,175,38"
15762,"26,23,0"
15763,"128,40,129"
15764,"40,41,21"
15765,"426,259,311"
15766,"224,41,111"
15767,"96,31,23"
15768,"32,31,23"
15769,"3,21,40"
15770,"3,21,154"
15771,"311,169,426"
15772,"309,38,23"
15773,"169,343,199"
15774,"0,349,265"
15775,"0,271,366"
15776,"0,206,8"
15777,"40,186,128"
15778,"145,44,40"
15779,"24,43,23"
15780,"171,199,170"
15781,"14,13,3"
15782,"0,346,313"
15783,"64,10,80"
15784,"3,21,5"
15785,"402,145,40"
15786,"26,0,23"
15787,"95,145,54"
15788,"3,301,21"
15789,"11,10"
15790,"64,10,93"
15791,"131,241,40"
15792,"3,85,86"
15793,"10,64,145"
15794,"0,418,265"
15795,"220,10"
15796,"3,5"
15797,"3,21,301"
15798,"3,5,331"
15799,"0,265,418"
15800,"220,10,221"
15801,"139,40"
15802,"41,42,3"
15803,"171,170,199"
15804,"523,53,3"
15805,"3,4,435"
15806,"0,218,208"
15807,"271,0,291"
15808,"169,3,30"
15809,"311,426,337"
15810,"40,145,478"
15811,"165,74,23"
15812,"40,41,42"
15813,"25,24,23"
15814,"41,40,224"
15815,"3,187,21"
15816,"199,169,436"
15817,"118,23,74"
15818,"454,31,23"
15819,"0,265,418"
15820,"10,72,44"
15821,"3,263"
15822,"44,72,145"
15823,"45,44,145"
15824,"426,311,259"
15825,"40,131,406"
15826,"24,23,25"
15827,"0,313,218"
15828,"251,271,337"
15829,"0,340,265"
15830,"3,147,148"
15831,"3,17,320"
15832,"21,3"
15833,"402,40,145"
15834,"25,24,23"
15835,"3,187,21"
15836,"23,84,88"
15837,"38,23,103"
15838,"40,184"
15839,"93,64,10"
15840,"169,281,199"
15841,"241,40,131"
15842,"169,339,337"
15843,"64,10,80"
15844,"3,15,16"
15845,"64,10,80"
15846,"11,72,12"
15847,"49,24,23"
15848,"64,10,80"
15849,"26,23,89"
15850,"3,21,81"
15851,"23,40,38"
15852,"3,53,40"
15853,"24,23,43"
15854,"171,170,199"
15855,"23,31,38"
15856,"40,145,146"
15857,"4,435,3"
15858,"3,340,523"
15859,"0,8,308"
15860,"231,26,23"
15861,"0,8,206"
15862,"49,24,23"
15863,"3,435,4"
15864,"10,220"
15865,"74,40,128"
15866,"265,0,340"
15867,"3,187"
15868,"0,360,213"
15869,"10,11,205"
15870,"40,160,128"
15871,"24,23,181"
15872,"265,0,24"
15873,"3,21,301"
15874,"0,304,271"
15875,"40,175,128"
15876,"0,313,346"
15877,"64,93,10"
15878,"40,131,193"
15879,"102,21,3"
15880,"40,317,23"
15881,"3,147,148"
15882,"0,265,349"
15883,"61,60,145"
15884,"49,24,23"
15885,"3,21,187"
15886,"89,26,23"
15887,"40,135,74"
15888,"323,170,199"
15889,"0,366,271"
15890,"3,301,21"
15891,"186,40,128"
15892,"3,4,435"
15893,"3,68,182"
15894,"211,212,216"
15895,"3,4,435"
15896,"40,139,286"
15897,"40,162,135"
15898,"0,218,488"
15899,"23,31,169"
15900,"350,23,26"
15901,"0,255,271"
15902,"145,45,44"
15903,"220,10"
15904,"0,340,265"
15905,"3,5,485"
15906,"23,39,38"
15907,"171,199,170"
15908,"3,13,204"
15909,"3,21,164"
15910,"26,23,231"
15911,"40,163,128"
15912,"0,279,249"
15913,"169,199,281"
15914,"3,53,523"
15915,"21,3,33"
15916,"40,135"
15917,"40,131,406"
15918,"0,255,348"
15919,"138,135,40"
15920,"0,206,8"
15921,"3,15,16"
15922,"64,10,93"
15923,"220,10,24"
15924,"220,10,23"
15925,"64,10"
15926,"131,40,406"
15927,"0,8,206"
15928,"3,17,21"
15929,"135,40,431"
15930,"93,10,64"
15931,"0,457,218"
15932,"40,3,21"
15933,"3,187,21"
15934,"24,49,23"
15935,"259,426,311"
15936,"109,23,145"
15937,"3,5"
15938,"402,145,40"
15939,"187,21,3"
15940,"8,405,0"
15941,"118,74,23"
15942,"40,131,406"
15943,"402,145,40"
15944,"251,337,296"
15945,"38,145,44"
15946,"3,147,203"
15947,"197,23,24"
15948,"23,309,31"
15949,"3,21,187"
15950,"271,0,311"
15951,"220,10,221"
15952,"40,41,224"
15953,"10,220"
15954,"402,145,40"
15955,"45,145,44"
15956,"3,21"
15957,"0,340,265"
15958,"40,151,152"
15959,"3,4,19"
15960,"40,21,128"
15961,"3,53,40"
15962,"0,265,340"
15963,"3,17,320"
15964,"3,15,111"
15965,"38,107,23"
15966,"3,21,301"
15967,"64,93,10"
15968,"369,208,0"
15969,"0,370,216"
15970,"165,74,23"
15971,"3,21,301"
15972,"311,426,169"
15973,"402,145,40"
15974,"10,220"
15975,"10,323,170"
15976,"181,145,40"
15977,"265,418,0"
15978,"3,301,21"
15979,"3,187,21"
15980,"145,402,40"
15981,"220,0,370"
15982,"0,271,429"
15983,"72,44,145"
15984,"0,271,456"
15985,"3,21,147"
15986,"220,10"
15987,"74,23,303"
15988,"349,0,265"
15989,"309,38,23"
15990,"3,164,21"
15991,"24,25,23"
15992,"10,160,315"
15993,"26,44,145"
15994,"145,45,44"
15995,"459,169,170"
15996,"69,145,44"
15997,"89,23,26"
15998,"3,21,22"
15999,"259,311,426"
16000,"40,315,160"
16001,"129,128,40"
16002,"10,64,448"
16003,"3,5,331"
16004,"402,145,40"
16005,"3,169"
16006,"24,23,43"
16007,"40,21,234"
16008,"171,170,199"
16009,"3,147,120"
16010,"271,360,0"
16011,"74,283,23"
16012,"41,224,40"
16013,"3,57,85"
16014,"3,301,21"
16015,"165,3,74"
16016,"0,271,291"
16017,"25,24,23"
16018,"40,146,145"
16019,"40,139,153"
16020,"426,259,311"
16021,"3,111,182"
16022,"3,21,301"
16023,"3,60"
16024,"169,170,311"
16025,"45,44,145"
16026,"10,220"
16027,"452,169,296"
16028,"21,3,40"
16029,"3,21,30"
16030,"93,10,64"
16031,"21,127,3"
16032,"64,10,199"
16033,"3,5,13"
16034,"0,265,271"
16035,"10,220,24"
16036,"0,277,255"
16037,"23,137,38"
16038,"0,145"
16039,"40,41,127"
16040,"0,457,218"
16041,"289,0,216"
16042,"3,53"
16043,"0,206,8"
16044,"15,16,3"
16045,"296,169,333"
16046,"241,21,187"
16047,"402,40,145"
16048,"3,148,147"
16049,"40,241,131"
16050,"145,44,23"
16051,"99,23"
16052,"138,135,40"
16053,"131,40,406"
16054,"32,31,23"
16055,"3,523,53"
16056,"169,31,23"
16057,"308,0,8"
16058,"40,41"
16059,"0,8,206"
16060,"454,23,169"
16061,"0,271"
16062,"3,4,435"
16063,"64,93,10"
16064,"3,21"
16065,"523,3,53"
16066,"3,17,143"
16067,"271,0,291"
16068,"3,21,301"
16069,"40,128,250"
16070,"0,360,271"
16071,"3,53,13"
16072,"3,17,10"
16073,"508,169,426"
16074,"23,107,38"
16075,"40,175,128"
16076,"40,160,315"
16077,"40,160,315"
16078,"0,475,218"
16079,"259,426,311"
16080,"0,360,271"
16081,"3,13"
16082,"89,26,23"
16083,"3,21"
16084,"64,80,10"
16085,"3,33,21"
16086,"3,148,147"
16087,"199,169,426"
16088,"131,40,406"
16089,"309,38,23"
16090,"309,38,23"
16091,"10,64,239"
16092,"3,5"
16093,"220,40,145"
16094,"231,26,23"
16095,"3,301,21"
16096,"0,206,8"
16097,"323,199,170"
16098,"0,308,8"
16099,"3,4,210"
16100,"271,0,280"
16101,"63,23,38"
16102,"0,235,8"
16103,"64,10,80"
16104,"156,3,147"
16105,"301,3,0"
16106,"23,38,309"
16107,"3,505,0"
16108,"10,220"
16109,"3,147,156"
16110,"23,38,91"
16111,"3,40,30"
16112,"271,0,456"
16113,"145,44,45"
16114,"3,21"
16115,"0,8,206"
16116,"25,24,23"
16117,"64,10,80"
16118,"44,145,45"
16119,"23,40,169"
16120,"131,40"
16121,"121,3,120"
16122,"40,145"
16123,"13,3,204"
16124,"0,271,366"
16125,"3,187,21"
16126,"0,271,444"
16127,"259,426,311"
16128,"23,38"
16129,"171,199,170"
16130,"25,0,24"
16131,"181,145,40"
16132,"211,216,0"
16133,"3,5,4"
16134,"0,265,349"
16135,"187,40,248"
16136,"40,128,195"
16137,"10,220,24"
16138,"40,21,3"
16139,"69,44,145"
16140,"3,34,46"
16141,"23,49,24"
16142,"23,26,308"
16143,"77,31,271"
16144,"271,0,291"
16145,"40,131,406"
16146,"10,64,448"
16147,"40,3,506"
16148,"181,40,145"
16149,"221,220,10"
16150,"24,23,43"
16151,"3,51,21"
16152,"43,24,23"
16153,"251,337,296"
16154,"89,26,313"
16155,"3,331"
16156,"3,147,148"
16157,"3,17,320"
16158,"44,145"
16159,"21,3,0"
16160,"3,147,148"
16161,"220,10"
16162,"156,147,3"
16163,"24,25,23"
16164,"3,21,301"
16165,"206,8,0"
16166,"64,10,90"
16167,"17,3,320"
16168,"3,435,4"
16169,"64,10,448"
16170,"145,44,402"
16171,"26,350,23"
16172,"3,147,225"
16173,"0,216,218"
16174,"3,148,147"
16175,"135,431,40"
16176,"0,271,366"
16177,"3,46,34"
16178,"301,21,3"
16179,"0,8"
16180,"169,40,371"
16181,"3,21,187"
16182,"3,127,147"
16183,"0,291,271"
16184,"24,23,43"
16185,"10,90,64"
16186,"3,210,4"
16187,"23,281,91"
16188,"44,45,145"
16189,"3,301,21"
16190,"74,23,118"
16191,"10,64,90"
16192,"44,45,145"
16193,"145,10,181"
16194,"0,145,271"
16195,"3,182,21"
16196,"40,128,0"
16197,"455,0,3"
16198,"3,127,21"
16199,"23,24,43"
16200,"145,296,169"
16201,"64,10,80"
16202,"251,337,296"
16203,"3,379"
16204,"3,154,21"
16205,"0,271,291"
16206,"40,306,128"
16207,"3,21"
16208,"11,12,44"
16209,"3,21,52"
16210,"15,3,16"
16211,"3,4,15"
16212,"3,435,4"
16213,"417,296,169"
16214,"259,426,311"
16215,"64,10,448"
16216,"23,107,38"
16217,"3,147,148"
16218,"402,145,40"
16219,"3,13,53"
16220,"0,235,8"
16221,"3,301,21"
16222,"23,40,54"
16223,"3,85,86"
16224,"10,322,40"
16225,"3,40,41"
16226,"40,128,131"
16227,"0,206,8"
16228,"3,147,148"
16229,"49,23,24"
16230,"3,115,21"
16231,"23,296,24"
16232,"3,15,16"
16233,"44,10,145"
16234,"10,489,90"
16235,"40,128,175"
16236,"23,181,40"
16237,"64,10,80"
16238,"233,10,3"
16239,"312,426,311"
16240,"199,60,323"
16241,"3,21,4"
16242,"323,170,199"
16243,"0,271,216"
16244,"323,199,170"
16245,"111,3,125"
16246,"44,45,145"
16247,"48,3,40"
16248,"170,169,199"
16249,"74,23,317"
16250,"10,220"
16251,"0,216,257"
16252,"40,186,128"
16253,"3,523,53"
16254,"3,147"
16255,"49,23,24"
16256,"3,301,15"
16257,"25,24,23"
16258,"171,199,170"
16259,"3,21,48"
16260,"0,271,291"
16261,"3,17,51"
16262,"218,0,509"
16263,"224,41,40"
16264,"171,170,199"
16265,"64,10,80"
16266,"0,271,265"
16267,"3,21,182"
16268,"0,218,265"
16269,"323,170,199"
16270,"296,169,336"
16271,"131,241,40"
16272,"23,80,64"
16273,"64,10,93"
16274,"3,4,435"
16275,"281,337,426"
16276,"3,21,104"
16277,"3,5,4"
16278,"0,271,372"
16279,"40,160,315"
16280,"145,44,45"
16281,"3,301,21"
16282,"32,31,23"
16283,"0,380,216"
16284,"3,182,21"
16285,"437,23,74"
16286,"40,160"
16287,"40,128"
16288,"3,21,182"
16289,"24,23,43"
16290,"93,64,10"
16291,"323,199,170"
16292,"323,199,170"
16293,"131,241,40"
16294,"323,170,199"
16295,"23,0,26"
16296,"25,24,23"
16297,"402,145,40"
16298,"40,131,24"
16299,"40,131,406"
16300,"40,153,139"
16301,"40,74,135"
16302,"10,64,239"
16303,"265,418,0"
16304,"0,327,8"
16305,"40,160,151"
16306,"0,208,369"
16307,"3,21,187"
16308,"0,218"
16309,"127,3,41"
16310,"3,21,147"
16311,"145,73,44"
16312,"3,21,182"
16313,"25,24,23"
16314,"3,5,385"
16315,"64,80,10"
16316,"3,17,320"
16317,"45,44,145"
16318,"45,44,145"
16319,"64,10,93"
16320,"265,0,418"
16321,"0,8,128"
16322,"43,24,23"
16323,"255,0,280"
16324,"187,21,3"
16325,"3,15,53"
16326,"208,521,128"
16327,"0,418,265"
16328,"3,21,164"
16329,"3,4"
16330,"0,23,26"
16331,"40,135,138"
16332,"40,215,41"
16333,"44,145,23"
16334,"169,260,170"
16335,"0,23,8"
16336,"3,58,21"
16337,"0,216,354"
16338,"0,8,206"
16339,"3,301,21"
16340,"3,21,301"
16341,"31,169,145"
16342,"0,216,304"
16343,"0,8"
16344,"40,315,160"
16345,"40,224,41"
16346,"500,417,3"
16347,"402,40,145"
16348,"134,40,131"
16349,"64,10,93"
16350,"211,212,216"
16351,"23,74,107"
16352,"31,23"
16353,"195,0,340"
16354,"64,93,10"
16355,"40,23,0"
16356,"220,10,221"
16357,"0,271"
16358,"40,131,406"
16359,"135,426,311"
16360,"3,4,435"
16361,"64,80,10"
16362,"40,131,41"
16363,"3,4,435"
16364,"220,10"
16365,"220,10"
16366,"124,3,21"
16367,"0,279,249"
16368,"3,21"
16369,"49,23,24"
16370,"40,160,315"
16371,"32,31,23"
16372,"169,170"
16373,"0,291,271"
16374,"170,0,199"
16375,"170,171,199"
16376,"23,3"
16377,"523,53,3"
16378,"63,38,23"
16379,"0,271,216"
16380,"40,224,41"
16381,"308,8,0"
16382,"3,111,474"
16383,"21,301,3"
16384,"360,271,0"
16385,"64,10,93"
16386,"63,23,38"
16387,"38,145,23"
16388,"282,199,111"
16389,"311,0,426"
16390,"402,145,40"
16391,"64,10,80"
16392,"170,145,524"
16393,"40,160,315"
16394,"3,111,523"
16395,"40,146,145"
16396,"3,4,19"
16397,"145,402,40"
16398,"24,49,23"
16399,"271,456,0"
16400,"0,53,3"
16401,"64,10,93"
16402,"145,44,45"
16403,"259,426,311"
16404,"3,523,53"
16405,"40,135"
16406,"92,60,23"
16407,"64,10,80"
16408,"0,8,206"
16409,"23,26,0"
16410,"0,206,8"
16411,"124,21,3"
16412,"220,10"
16413,"0,308,271"
16414,"44,72,145"
16415,"0,271,249"
16416,"251,296,337"
16417,"42,41,40"
16418,"3,15,16"
16419,"231,26,8"
16420,"334,160,3"
16421,"40,41,131"
16422,"3,17,320"
16423,"32,31,23"
16424,"3,40,296"
16425,"220,10"
16426,"0,271,360"
16427,"3,4,435"
16428,"195,3,128"
16429,"23,89,38"
16430,"3,30,147"
16431,"145,402,40"
16432,"138,135,40"
16433,"40,145,478"
16434,"40,315,160"
16435,"3,5,21"
16436,"211,212,216"
16437,"54,40,145"
16438,"3,53,523"
16439,"24,25,220"
16440,"118,74,23"
16441,"49,24,23"
16442,"26,23,231"
16443,"145,40,402"
16444,"3,21,301"
16445,"169,199"
16446,"3,4,19"
16447,"145,23,44"
16448,"10,80,64"
16449,"23,84,74"
16450,"12,11,10"
16451,"3,17"
16452,"4,3"
16453,"40,160,315"
16454,"38,23,94"
16455,"3,182,111"
16456,"3,21,52"
16457,"40,128,129"
16458,"23,24,49"
16459,"3,30,81"
16460,"44,145,72"
16461,"3,156,147"
16462,"3,21,199"
16463,"44,45,145"
16464,"64,10"
16465,"169,296,3"
16466,"128,40"
16467,"40,184,368"
16468,"40,145,0"
16469,"40,145,146"
16470,"71,38,24"
16471,"26,231,23"
16472,"3,113,53"
16473,"44,45,145"
16474,"3,156,4"
16475,"151,152,40"
16476,"0,277,513"
16477,"38,44,145"
16478,"328,31,23"
16479,"169,170,436"
16480,"4,3,40"
16481,"24,43,23"
16482,"40,131,241"
16483,"40,135,41"
16484,"187,3,21"
16485,"431,135,40"
16486,"3,182,21"
16487,"426,311,337"
16488,"23,74,111"
16489,"296,169,306"
16490,"0,206,8"
16491,"64,10,93"
16492,"3,301,21"
16493,"251,337,296"
16494,"311,259,426"
16495,"169,199,40"
16496,"3,127,21"
16497,"3,187,21"
16498,"3,127,21"
16499,"40,128,131"
16500,"0,271,291"
16501,"23,43,24"
16502,"111,40,161"
16503,"10,93,64"
16504,"38,24,23"
16505,"3,111,21"
16506,"10,489,11"
16507,"287,53,3"
16508,"3,182,111"
16509,"3,21"
16510,"271,0,291"
16511,"24,23,43"
16512,"220,10"
16513,"259,311,426"
16514,"3,187,21"
16515,"10,60,239"
16516,"402,40,145"
16517,"3,164,148"
16518,"10,44,218"
16519,"40,23,169"
16520,"184,40"
16521,"40,42,41"
16522,"3,17"
16523,"3,53"
16524,"508,169,426"
16525,"11,10,205"
16526,"169,281,3"
16527,"0,271,337"
16528,"0,277,265"
16529,"43,24,23"
16530,"10,11,205"
16531,"279,249,0"
16532,"3,17,15"
16533,"145,44,40"
16534,"25,24,23"
16535,"0,271,456"
16536,"3,17,320"
16537,"41,286,139"
16538,"3,4"
16539,"3,404,514"
16540,"131,40,406"
16541,"205,10,11"
16542,"3,187,21"
16543,"0,346,313"
16544,"3,523,53"
16545,"308,8,0"
16546,"10,239,64"
16547,"171,170,199"
16548,"10,131,60"
16549,"452,0,357"
16550,"128,40,129"
16551,"3,40"
16552,"23,169,10"
16553,"170,171,199"
16554,"187,3,21"
16555,"241,131,40"
16556,"0,271,291"
16557,"69,10,44"
16558,"49,24,23"
16559,"115,3,21"
16560,"131,40,406"
16561,"24,49,23"
16562,"171,170,199"
16563,"418,0,265"
16564,"3,21,187"
16565,"138,135,40"
16566,"3,17,320"
16567,"426,337,311"
16568,"32,23,31"
16569,"0,265,218"
16570,"220,10,24"
16571,"220,10"
16572,"3,156,147"
16573,"296,169,526"
16574,"0,291,271"
16575,"10,220,221"
16576,"145,44,45"
16577,"169,426,311"
16578,"44,145,45"
16579,"170,199,171"
16580,"10,220"
16581,"350,26,23"
16582,"0,271,366"
16583,"23,40,31"
16584,"3,523,0"
16585,"38,23,24"
16586,"49,24,23"
16587,"10,54,145"
16588,"145,44,197"
16589,"0,271,456"
16590,"0,216,304"
16591,"10,220,221"
16592,"111,3,41"
16593,"23,53,105"
16594,"251,296,337"
16595,"3,21,187"
16596,"0,265,349"
16597,"0,265,418"
16598,"3,21"
16599,"24,23,59"
16600,"40,241,131"
16601,"71,24,38"
16602,"40,131,145"
16603,"40,162,131"
16604,"3,523,53"
16605,"184,40"
16606,"241,131,40"
16607,"23,24,43"
16608,"38,137,23"
16609,"64,93,10"
16610,"169,199,343"
16611,"265,0,349"
16612,"385,3,5"
16613,"31,23,454"
16614,"3,331,5"
16615,"40,250,162"
16616,"23,74"
16617,"64,10,93"
16618,"8,514,0"
16619,"271,255,280"
16620,"40,128,315"
16621,"10,239,60"
16622,"107,23,38"
16623,"49,23,24"
16624,"337,296,251"
16625,"23,38,0"
16626,"296,169,526"
16627,"3,21,53"
16628,"220,10"
16629,"3,239,13"
16630,"283,23,74"
16631,"23,43,24"
16632,"0,8,206"
16633,"0,271,291"
16634,"68,53,3"
16635,"127,315,40"
16636,"131,40,38"
16637,"26,23,350"
16638,"40,160,151"
16639,"505,0,208"
16640,"40,186,128"
16641,"3,267,111"
16642,"40,160,315"
16643,"3,164,21"
16644,"10,220"
16645,"169,199,170"
16646,"0,488,271"
16647,"309,23,38"
16648,"26,89,23"
16649,"131,40,241"
16650,"40,139"
16651,"40,128,186"
16652,"0,255,400"
16653,"31,23"
16654,"0,273,265"
16655,"23,74,118"
16656,"3,53,301"
16657,"3,30,81"
16658,"0,265"
16659,"3,4,435"
16660,"40,169,343"
16661,"0,265,349"
16662,"131,40,406"
16663,"366,0,271"
16664,"171,199,170"
16665,"23,137,38"
16666,"184,40,243"
16667,"40,241,131"
16668,"74,317,23"
16669,"3,115,21"
16670,"0,8,206"
16671,"40,131,406"
16672,"26,0,231"
16673,"44,24,23"
16674,"91,23,38"
16675,"24,64,10"
16676,"0,216,380"
16677,"21,3,154"
16678,"88,38,23"
16679,"0,265,488"
16680,"64,10,93"
16681,"309,23,38"
16682,"3,17,320"
16683,"0,271"
16684,"0,446,216"
16685,"40,21"
16686,"212,216,211"
16687,"3,156,147"
16688,"118,74,23"
16689,"23,3,21"
16690,"128,40,129"
16691,"64,10,448"
16692,"23,105,24"
16693,"3,21"
16694,"402,40,145"
16695,"44,145,45"
16696,"0,265,418"
16697,"96,31,23"
16698,"3,121,120"
16699,"24,23,80"
16700,"0,25,24"
16701,"38,24,71"
16702,"187,21,3"
16703,"100,13,40"
16704,"10,220"
16705,"241,131,40"
16706,"343,169,199"
16707,"169,199,3"
16708,"128,40,129"
16709,"64,10,40"
16710,"3,17,320"
16711,"346,313,40"
16712,"3,301,21"
16713,"170,311,426"
16714,"49,23,24"
16715,"10,64,93"
16716,"145,402,40"
16717,"4,3,435"
16718,"23,89,26"
16719,"10,239,93"
16720,"64,93,10"
16721,"0,426,313"
16722,"426,311,337"
16723,"40,160,41"
16724,"235,0,8"
16725,"171,170,199"
16726,"23,105,53"
16727,"339,169,337"
16728,"311,426,337"
16729,"346,313,0"
16730,"10,11"
16731,"337,251,296"
16732,"3,70,4"
16733,"145,44,45"
16734,"0,313,346"
16735,"3,4,331"
16736,"40,224,41"
16737,"28,3"
16738,"311,259,426"
16739,"337,426,311"
16740,"402,40,145"
16741,"23,38,240"
16742,"0,206,8"
16743,"40,3,21"
16744,"3,435,4"
16745,"3,195,21"
16746,"10,11"
16747,"231,26,23"
16748,"0,235,8"
16749,"38,137,10"
16750,"171,170,199"
16751,"40,153,13"
16752,"169,260,170"
16753,"23,26,350"
16754,"23,89,26"
16755,"227,3,30"
16756,"112,3,111"
16757,"135,431,40"
16758,"145,44,10"
16759,"3,21"
16760,"3,4,435"
16761,"452,296,23"
16762,"350,23,26"
16763,"311,259,426"
16764,"3,13,53"
16765,"128,40,129"
16766,"3,4,435"
16767,"61,323,199"
16768,"3,21,53"
16769,"59,24,23"
16770,"23,74,118"
16771,"171,199,170"
16772,"3,187,21"
16773,"251,337,296"
16774,"40,160,315"
16775,"0,271,366"
16776,"10,60,239"
16777,"23,3,284"
16778,"23,38"
16779,"236,23,10"
16780,"523,3,53"
16781,"23,74,38"
16782,"45,145,44"
16783,"3,147,148"
16784,"404,3,111"
16785,"40,41"
16786,"311,426,337"
16787,"523,3,53"
16788,"3,147"
16789,"311,426,337"
16790,"236,135,40"
16791,"3,0,265"
16792,"193,131,40"
16793,"10,220"
16794,"3,17,320"
16795,"3,21,108"
16796,"40,131,41"
16797,"337,311,426"
16798,"23,0"
16799,"10,64,80"
16800,"0,8,446"
16801,"10,220"
16802,"3,53,523"
16803,"3,147,148"
16804,"3,263,4"
16805,"3,21,301"
16806,"224,40,41"
16807,"3,21,301"
16808,"3,13,10"
16809,"64,93,10"
16810,"131,40,406"
16811,"259,426,311"
16812,"24,43,23"
16813,"309,23,38"
16814,"145,44,45"
16815,"40,131,129"
16816,"0,271"
16817,"169,23,170"
16818,"128,40,129"
16819,"10,11,44"
16820,"171,170,199"
16821,"40,241,131"
16822,"3,53,325"
16823,"3,13,21"
16824,"3,21,53"
16825,"40,160,315"
16826,"40,241,131"
16827,"3,85,293"
16828,"3,21,301"
16829,"23,31,306"
16830,"135,40,426"
16831,"0,23,218"
16832,"23,25,24"
16833,"38,71,24"
16834,"308,8,0"
16835,"3,182,123"
16836,"171,199,170"
16837,"169,374,260"
16838,"3,21,53"
16839,"431,40,135"
16840,"3,23,21"
16841,"94,23,38"
16842,"23,24,43"
16843,"431,135,40"
16844,"21,3,41"
16845,"3,523,53"
16846,"251,296,337"
16847,"241,131,40"
16848,"40,131,406"
16849,"0,206,8"
16850,"0,271,255"
16851,"0,271,291"
16852,"0,214,213"
16853,"220,10,24"
16854,"10,489,11"
16855,"3,523,53"
16856,"506,13"
16857,"323,170,10"
16858,"24,60,10"
16859,"3,15,17"
16860,"40,131,406"
16861,"131,40,406"
16862,"145,468,40"
16863,"44,145,45"
16864,"0,254,216"
16865,"0,26,23"
16866,"44,145,45"
16867,"3,4,474"
16868,"0,369,208"
16869,"64,10,448"
16870,"3,523,53"
16871,"224,40,41"
16872,"64,10,93"
16873,"3,17,320"
16874,"10,11,12"
16875,"25,24,23"
16876,"3,21,124"
16877,"345,24,23"
16878,"0,421,229"
16879,"3,21"
16880,"10,0,24"
16881,"11,44,45"
16882,"3,367,100"
16883,"5,331,3"
16884,"3,53,99"
16885,"0,271,216"
16886,"3,523,21"
16887,"15,16,3"
16888,"16,15,3"
16889,"0,349,271"
16890,"3,148,147"
16891,"23,3,31"
16892,"337,311,426"
16893,"0,265,418"
16894,"40,286,41"
16895,"0,271,456"
16896,"3,53,147"
16897,"0,169"
16898,"220,10"
16899,"131,53,193"
16900,"182,3,21"
16901,"145,40,402"
16902,"135,40,189"
16903,"0,271,8"
16904,"0,3,195"
16905,"3,331,4"
16906,"3,301,21"
16907,"220,10,221"
16908,"3,147,148"
16909,"145,38,44"
16910,"21,40,127"
16911,"64,93,10"
16912,"44,45,145"
16913,"0,265,291"
16914,"3,331,4"
16915,"0,475,218"
16916,"311,426,337"
16917,"24,23,49"
16918,"3,53,287"
16919,"175,128,40"
16920,"402,145,40"
16921,"23,74,118"
16922,"3,34,21"
16923,"259,426,311"
16924,"69,145,44"
16925,"0,271,456"
16926,"271,0,291"
16927,"0,291,265"
16928,"64,10,80"
16929,"171,199,170"
16930,"38,145,91"
16931,"25,24,23"
16932,"0,255,372"
16933,"40,184,3"
16934,"3,169,53"
16935,"23,105,519"
16936,"405,426,311"
16937,"23,24,43"
16938,"13,204,3"
16939,"0,444"
16940,"260,170,169"
16941,"145,40,402"
16942,"25,24,23"
16943,"89,26,23"
16944,"43,24,23"
16945,"31,220,10"
16946,"128,40,130"
16947,"3,187,21"
16948,"3,5"
16949,"289,0,313"
16950,"337,311,426"
16951,"23,169,31"
16952,"23,118,74"
16953,"40,455,0"
16954,"43,24,23"
16955,"0,265,128"
16956,"0,271,456"
16957,"3,17,127"
16958,"169,199"
16959,"220,10"
16960,"28,29,3"
16961,"3,53"
16962,"10,23,24"
16963,"3,28,21"
16964,"0,23,291"
16965,"24,43,23"
16966,"175,40,128"
16967,"328,31,23"
16968,"169,199,436"
16969,"3,21,287"
16970,"205,11,10"
16971,"286,41,40"
16972,"3,16,170"
16973,"169,296,0"
16974,"49,23,24"
16975,"0,8,308"
16976,"3,53"
16977,"23,220,25"
16978,"131,134,40"
16979,"49,24,23"
16980,"3,13,204"
16981,"40,131,241"
16982,"64,10,80"
16983,"44,80,64"
16984,"175,128,40"
16985,"281,169,32"
16986,"64,80,10"
16987,"3,4,435"
16988,"127,40,21"
16989,"129,128,40"
16990,"347,0,271"
16991,"3,17,40"
16992,"3,53,68"
16993,"131,193,40"
16994,"43,24,23"
16995,"10,296,60"
16996,"13,3,204"
16997,"3,120,16"
16998,"25,24,23"
16999,"328,40,31"
17000,"214,213,0"
17001,"0,498,3"
17002,"199,169,248"
17003,"3,13,204"
17004,"40,41,215"
17005,"128,311,0"
17006,"23,40"
17007,"32,3,23"
17008,"3,15"
17009,"220,10,221"
17010,"96,31,23"
17011,"337,311,426"
17012,"3,21,127"
17013,"10,145,54"
17014,"3,53,523"
17015,"38,91,23"
17016,"3,284,111"
17017,"323,170,199"
17018,"23,43,24"
17019,"3,300,23"
17020,"3,147,156"
17021,"145,402,40"
17022,"169,287,0"
17023,"44,39,23"
17024,"0,271,291"
17025,"3,53"
17026,"3,21"
17027,"40,181,145"
17028,"40,408,128"
17029,"3,21"
17030,"259,311,426"
17031,"129,128,40"
17032,"181,145,40"
17033,"40,131,193"
17034,"89,44,23"
17035,"44,145,45"
17036,"40,184"
17037,"3,293,85"
17038,"3,364,331"
17039,"25,24,10"
17040,"44,145,23"
17041,"3,4,435"
17042,"3,15,16"
17043,"3,23"
17044,"0,279,216"
17045,"3,523,53"
17046,"259,426,311"
17047,"64,10,93"
17048,"0,271,456"
17049,"3,21,53"
17050,"23,31,32"
17051,"446,218,0"
17052,"308,0,8"
17053,"64,80,10"
17054,"312,169,3"
17055,"3,21,145"
17056,"64,10,80"
17057,"3,21,127"
17058,"251,337,296"
17059,"0,271,291"
17060,"3,111"
17061,"170,323,199"
17062,"0,271"
17063,"3,4,99"
17064,"0,271,291"
17065,"3,21,187"
17066,"3,52,51"
17067,"40,131"
17068,"21,3,301"
17069,"187,3,21"
17070,"0,366,271"
17071,"23,43,24"
17072,"170,145,323"
17073,"410,10,0"
17074,"107,38,23"
17075,"111,3,112"
17076,"64,10,93"
17077,"205,11,10"
17078,"118,74,23"
17079,"3,435,4"
17080,"169,199,170"
17081,"10,65,64"
17082,"10,23,145"
17083,"23,99,92"
17084,"40,241,131"
17085,"182,3,21"
17086,"64,10,80"
17087,"32,23,31"
17088,"42,41,40"
17089,"123,3,111"
17090,"40,146,145"
17091,"3,13,204"
17092,"3,148,53"
17093,"155,139,40"
17094,"296,169,420"
17095,"3,4,7"
17096,"128,130,40"
17097,"3,21,40"
17098,"10,220"
17099,"311,426,3"
17100,"3,147,21"
17101,"171,199,170"
17102,"271,0"
17103,"0,216"
17104,"3,111,56"
17105,"169,0,170"
17106,"10,145,40"
17107,"456,0,271"
17108,"23,25,24"
17109,"40,131,406"
17110,"265,340,0"
17111,"118,74,23"
17112,"3,182,21"
17113,"3,21,301"
17114,"3,474,4"
17115,"40,241,131"
17116,"38,23,145"
17117,"3,21"
17118,"0,265,349"
17119,"271,0,255"
17120,"89,23,26"
17121,"45,44,145"
17122,"160,40,302"
17123,"40,160,315"
17124,"220,10,221"
17125,"15,16,3"
17126,"311,0,337"
17127,"170,171"
17128,"74,118,23"
17129,"0,311,426"
17130,"23,345,64"
17131,"188,4,3"
17132,"38,39,23"
17133,"43,24,23"
17134,"23,24,43"
17135,"0,457,218"
17136,"0,265,349"
17137,"45,44,145"
17138,"0,271,456"
17139,"3,21,523"
17140,"104,3,30"
17141,"3,4,19"
17142,"23,26"
17143,"3,447,21"
17144,"40,131,406"
17145,"40,139"
17146,"3,21,187"
17147,"212,211,216"
17148,"3,375,4"
17149,"129,40,128"
17150,"25,24,23"
17151,"24,43,23"
17152,"3,127,17"
17153,"0,271,265"
17154,"3,13,204"
17155,"44,145,24"
17156,"145,24,43"
17157,"251,337,296"
17158,"0,271"
17159,"160,40,315"
17160,"402,40,145"
17161,"3,46,21"
17162,"0,8"
17163,"199,40,145"
17164,"44,45,145"
17165,"0,308,8"
17166,"3,56,51"
17167,"43,24,23"
17168,"3,21"
17169,"24,43,23"
17170,"3,4"
17171,"229,0,421"
17172,"49,24,23"
17173,"94,38,10"
17174,"493,145,418"
17175,"128,40,129"
17176,"64,10,93"
17177,"3,21,164"
17178,"323,199,170"
17179,"40,160"
17180,"40,160,151"
17181,"220,10"
17182,"145,44,40"
17183,"281,199,169"
17184,"64,93,10"
17185,"169,281,199"
17186,"100,3,367"
17187,"0,271,456"
17188,"40,135,307"
17189,"337,0,169"
17190,"11,10,12"
17191,"138,135,40"
17192,"0,31,8"
17193,"84,38,23"
17194,"10,220"
17195,"169,160,199"
17196,"23,74,118"
17197,"44,145,65"
17198,"3,21,187"
17199,"0,8,206"
17200,"145,40,45"
17201,"3,148,147"
17202,"3,199,281"
17203,"220,10,23"
17204,"0,8,271"
17205,"11,10,12"
17206,"0,271"
17207,"170,40,131"
17208,"3,147,148"
17209,"40,135,23"
17210,"3,401,13"
17211,"26,23"
17212,"40,131,241"
17213,"10,220"
17214,"145,40,402"
17215,"118,74,23"
17216,"131,40,406"
17217,"0,206,8"
17218,"3,147,156"
17219,"3,4,19"
17220,"38,23,39"
17221,"42,41,40"
17222,"145,44,24"
17223,"187,3,21"
17224,"3,17,51"
17225,"3,21"
17226,"25,24,23"
17227,"64,10,80"
17228,"40,131,193"
17229,"3,21,127"
17230,"43,23,24"
17231,"23,38,40"
17232,"337,251,296"
17233,"3,5,111"
17234,"40,160"
17235,"3,30"
17236,"3,21,301"
17237,"337,271,311"
17238,"118,74,23"
17239,"64,10,80"
17240,"3,5"
17241,"3,21,301"
17242,"169,436"
17243,"3,4,435"
17244,"43,24,23"
17245,"220,10"
17246,"72,10,60"
17247,"24,402,145"
17248,"21,3,187"
17249,"21,3,301"
17250,"54,10,419"
17251,"3,15,16"
17252,"224,40,41"
17253,"23,137,317"
17254,"0,308,8"
17255,"3,23,38"
17256,"139,320,40"
17257,"23,74,165"
17258,"296,251,337"
17259,"3,53,523"
17260,"169,170,3"
17261,"139,40,153"
17262,"10,239,60"
17263,"3,164,21"
17264,"23,137,38"
17265,"26,23,350"
17266,"10,93,64"
17267,"171,199,170"
17268,"0,372,255"
17269,"40,186,128"
17270,"3,4,19"
17271,"199,323,23"
17272,"281,169,199"
17273,"3,21,301"
17274,"40,0,296"
17275,"231,26,145"
17276,"38,0,71"
17277,"0,8,391"
17278,"417,296,169"
17279,"169,296,411"
17280,"3,523,53"
17281,"74,3,23"
17282,"26,231,23"
17283,"523,3,53"
17284,"363,0,271"
17285,"0,8"
17286,"0,8,206"
17287,"44,45,145"
17288,"3,147,21"
17289,"40,186,128"
17290,"169,343,199"
17291,"3,301,21"
17292,"3,21,53"
17293,"220,10"
17294,"3,147,148"
17295,"3,111,224"
17296,"220,10"
17297,"251,337,296"
17298,"0,271,265"
17299,"11,72,145"
17300,"74,23,317"
17301,"91,38,23"
17302,"3,426,337"
17303,"0,169,339"
17304,"0,169,229"
17305,"10,64,90"
17306,"3,21"
17307,"309,23,38"
17308,"40,149,160"
17309,"0,265,418"
17310,"3,17"
17311,"3,30,66"
17312,"10,220"
17313,"3,121,120"
17314,"4,435,3"
17315,"40,118,74"
17316,"93,10,64"
17317,"23,137,38"
17318,"220,10"
17319,"3,4"
17320,"3,147"
17321,"265,0,349"
17322,"3,447,21"
17323,"31,23,10"
17324,"3,169,53"
17325,"402,40,145"
17326,"3,127,21"
17327,"3,5"
17328,"40,160,315"
17329,"0,265,340"
17330,"193,40,131"
17331,"23,74"
17332,"17,320,3"
17333,"25,24,23"
17334,"39,0,38"
17335,"220,10"
17336,"13,204,3"
17337,"10,80,64"
17338,"0,265,366"
17339,"10,64,448"
17340,"40,215,494"
17341,"74,23,40"
17342,"145,402,40"
17343,"39,23,38"
17344,"62,24,169"
17345,"49,24,23"
17346,"131,40"
17347,"0,289,288"
17348,"402,40,145"
17349,"44,10,145"
17350,"23,38"
17351,"3,147,203"
17352,"135,40"
17353,"23,74,91"
17354,"0,206,8"
17355,"0,271,456"
17356,"93,10,64"
17357,"10,239,64"
17358,"74,23,317"
17359,"3,23,241"
17360,"23,74,283"
17361,"49,23,24"
17362,"43,24,23"
17363,"0,372,255"
17364,"281,199,169"
17365,"3,53,28"
17366,"23,231,26"
17367,"40,243,135"
17368,"43,24,23"
17369,"40,128"
17370,"138,135,40"
17371,"25,24,23"
17372,"64,10,448"
17373,"26,23,0"
17374,"23,106,24"
17375,"220,10"
17376,"0,271,340"
17377,"40,151,152"
17378,"0,271,216"
17379,"131,40,406"
17380,"0,216"
17381,"3,15,16"
17382,"402,145,40"
17383,"74,23,303"
17384,"49,24,23"
17385,"13,3,0"
17386,"49,0,265"
17387,"220,221,10"
17388,"186,40,128"
17389,"3,111,275"
17390,"234,60"
17391,"40,160,74"
17392,"40,146,145"
17393,"220,10"
17394,"220,23,10"
17395,"323,199,170"
17396,"3,119,164"
17397,"523,53,3"
17398,"44,145,69"
17399,"40,131,406"
17400,"3,21,127"
17401,"40,224,41"
17402,"43,24,23"
17403,"23,105,88"
17404,"181,145,40"
17405,"26,231,23"
17406,"40,187,131"
17407,"23,26,231"
17408,"32,31,23"
17409,"323,170,199"
17410,"24,49,23"
17411,"3,21,48"
17412,"220,10"
17413,"24,43,23"
17414,"118,23,74"
17415,"40,135,141"
17416,"0,206,8"
17417,"0,8"
17418,"31,328,23"
17419,"3,4,435"
17420,"40,160"
17421,"145,181,40"
17422,"40,131,241"
17423,"64,10,80"
17424,"3,21"
17425,"64,80,10"
17426,"402,40,145"
17427,"23,24,43"
17428,"138,135,40"
17429,"24,23,43"
17430,"197,60,10"
17431,"0,291,271"
17432,"323,170,199"
17433,"32,31,23"
17434,"40,41,42"
17435,"3,21,187"
17436,"3,523,21"
17437,"169,199,426"
17438,"40,145,54"
17439,"169,160,170"
17440,"145,44,40"
17441,"271,0,366"
17442,"23,40,38"
17443,"3,147,53"
17444,"0,8,235"
17445,"111,3,40"
17446,"0,8"
17447,"3,5,133"
17448,"89,26,23"
17449,"3,70,4"
17450,"0,271,291"
17451,"23,84,74"
17452,"402,145,40"
17453,"337,296,251"
17454,"3,164,21"
17455,"89,26,23"
17456,"3,147,148"
17457,"0,271,291"
17458,"61,10,60"
17459,"265,0,418"
17460,"220,10"
17461,"128,130,40"
17462,"40,184,185"
17463,"10,220"
17464,"301,3,21"
17465,"281,169,199"
17466,"0,346,23"
17467,"3,435,133"
17468,"3,112,111"
17469,"23,107,38"
17470,"40,131,241"
17471,"145,44,73"
17472,"40,131,406"
17473,"64,10,80"
17474,"44,145,45"
17475,"107,23,38"
17476,"38,23,74"
17477,"508,169,426"
17478,"129,128,23"
17479,"10,23,220"
17480,"10,220"
17481,"3,21,108"
17482,"24,25,23"
17483,"10,220"
17484,"64,10,80"
17485,"0,265,418"
17486,"295,135,40"
17487,"459,169,74"
17488,"3,15,16"
17489,"0,271"
17490,"40,317,41"
17491,"60,21,234"
17492,"40,135"
17493,"3,4,435"
17494,"40,3,21"
17495,"426,62,23"
17496,"10,64,239"
17497,"23,38"
17498,"3,379"
17499,"164,21,3"
17500,"3,4,188"
17501,"40,186,128"
17502,"0,218,446"
17503,"64,10,93"
17504,"40,3"
17505,"271,0,291"
17506,"235,0,8"
17507,"0,54,8"
17508,"145,24,10"
17509,"3,13,204"
17510,"11,205,10"
17511,"26,184,40"
17512,"296,169"
17513,"10,64,60"
17514,"3,147,5"
17515,"40,160,152"
17516,"31,23,96"
17517,"21,3,301"
17518,"0,271"
17519,"40,23"
17520,"138,135,40"
17521,"3,21,164"
17522,"340,0,265"
17523,"64,10,93"
17524,"0,273,265"
17525,"40,169,23"
17526,"220,10,221"
17527,"3,435,4"
17528,"0,271,291"
17529,"40,131,406"
17530,"0,271,291"
17531,"323,199,170"
17532,"23,26"
17533,"0,265,349"
17534,"337,0,169"
17535,"345,23,24"
17536,"169,343,436"
17537,"0,9,458"
17538,"169,36,35"
17539,"0,265"
17540,"287,53,3"
17541,"3,120,217"
17542,"84,23,74"
17543,"15,16,3"
17544,"3,187,21"
17545,"296,169,337"
17546,"169,508,426"
17547,"3,21,13"
17548,"40,164,3"
17549,"10,11,69"
17550,"21,3,396"
17551,"281,169,199"
17552,"0,271,291"
17553,"281,199,169"
17554,"40,131,406"
17555,"3,148,147"
17556,"93,10,64"
17557,"0,279,249"
17558,"49,24,23"
17559,"0,208,369"
17560,"455,271,0"
17561,"10,220,221"
17562,"96,31,23"
17563,"3,301,21"
17564,"206,0,8"
17565,"3,21"
17566,"10,40,64"
17567,"3,21,147"
17568,"0,265,220"
17569,"265,0,340"
17570,"3,21,48"
17571,"3,4"
17572,"3,21,30"
17573,"40,152,151"
17574,"3,147,21"
17575,"38,23,24"
17576,"3,21"
17577,"10,64,80"
17578,"49,24,23"
17579,"10,64,524"
17580,"40,128,130"
17581,"10,64"
17582,"26,23,350"
17583,"3,21"
17584,"311,426,337"
17585,"44,145,45"
17586,"3,435,4"
17587,"89,0,23"
17588,"49,24,23"
17589,"3,301,85"
17590,"10,64,93"
17591,"10,220,23"
17592,"337,311,426"
17593,"145,44,45"
17594,"135,431,40"
17595,"3,53,523"
17596,"3,21"
17597,"291,271,0"
17598,"40,129,128"
17599,"40,129,128"
17600,"3,21,5"
17601,"72,10,44"
17602,"3,301,21"
17603,"10,220"
17604,"220,10"
17605,"0,271,456"
17606,"74,317,23"
17607,"3,29,28"
17608,"0,360,271"
17609,"220,10"
17610,"15,16,3"
17611,"170,169"
17612,"3,4"
17613,"3,182,21"
17614,"21,3,169"
17615,"3,187,21"
17616,"32,31,23"
17617,"5,3,6"
17618,"23,63,38"
17619,"3,182,21"
17620,"3,30,66"
17621,"0,23,313"
17622,"23,317,74"
17623,"260,169,170"
17624,"323,170,199"
17625,"239,10,60"
17626,"0,218,446"
17627,"241,40,131"
17628,"10,220"
17629,"187,3,169"
17630,"23,74,38"
17631,"402,24,40"
17632,"221,220,10"
17633,"16,15,3"
17634,"0,8,206"
17635,"23,24,49"
17636,"3,187,21"
17637,"3,21,127"
17638,"43,24,23"
17639,"402,54,40"
17640,"24,23,25"
17641,"40,131,241"
17642,"64,10,448"
17643,"296,169,170"
17644,"3,21,187"
17645,"24,23,54"
17646,"44,45,145"
17647,"0,8,308"
17648,"40,162"
17649,"40,160,41"
17650,"3,182,21"
17651,"32,31,23"
17652,"3,21"
17653,"11,24,205"
17654,"287,0,3"
17655,"296,23,169"
17656,"3,187,170"
17657,"405,0,8"
17658,"40,162"
17659,"23,296,38"
17660,"0,265,271"
17661,"0,23,277"
17662,"43,24,23"
17663,"23,38,25"
17664,"3,21,182"
17665,"3,85"
17666,"42,41,40"
17667,"10,64,90"
17668,"45,44,145"
17669,"0,271,355"
17670,"3,379"
17671,"23,105,38"
17672,"169,343,312"
17673,"3,4,435"
17674,"220,10,221"
17675,"40,241,131"
17676,"220,10"
17677,"23,107,74"
17678,"23,231,405"
17679,"32,23,31"
17680,"220,10"
17681,"426,337,311"
17682,"3,474,111"
17683,"0,8"
17684,"0,446,218"
17685,"337,426,311"
17686,"3,16,15"
17687,"23,38,91"
17688,"10,64,93"
17689,"17,3,58"
17690,"263,34,3"
17691,"3,301"
17692,"23,38"
17693,"454,31,426"
17694,"0,265,349"
17695,"40,149,162"
17696,"181,145,40"
17697,"3,15,147"
17698,"89,23,26"
17699,"311,426,337"
17700,"145,44,45"
17701,"265,0,418"
17702,"337,426,251"
17703,"129,128,40"
17704,"199,169,170"
17705,"181,40,145"
17706,"3,21,53"
17707,"181,145,40"
17708,"235,8,0"
17709,"135,431,40"
17710,"286,40,41"
17711,"0,271,291"
17712,"40,184"
17713,"3,4,331"
17714,"74,71,38"
17715,"145,10,44"
17716,"3,17"
17717,"40,146,145"
17718,"169,436,199"
17719,"10,11,489"
17720,"145,40,54"
17721,"3,21,474"
17722,"3,147,148"
17723,"40,135"
17724,"169,3,21"
17725,"271,0,291"
17726,"139,40,41"
17727,"170,260,169"
17728,"145,40,420"
17729,"3,301,21"
17730,"181,145,40"
17731,"13,194,3"
17732,"23,345,24"
17733,"15,16,3"
17734,"3,4,210"
17735,"220,10,221"
17736,"21,3,124"
17737,"23,43,24"
17738,"23,10,220"
17739,"64,10,80"
17740,"251,337,296"
17741,"169,296,8"
17742,"3,147"
17743,"40,146,145"
17744,"4,3,7"
17745,"40,241,131"
17746,"40,0,340"
17747,"4,435,3"
17748,"64,10,80"
17749,"3,53,523"
17750,"71,24,38"
17751,"281,169,199"
17752,"10,25,24"
17753,"3,17,320"
17754,"311,426,337"
17755,"0,265,418"
17756,"64,10,93"
17757,"170,171,199"
17758,"72,38,24"
17759,"10,64"
17760,"3,523,53"
17761,"71,24,38"
17762,"23,89,26"
17763,"24,43,23"
17764,"313,346,0"
17765,"40,131,134"
17766,"0,271,456"
17767,"3,111,4"
17768,"38,23,91"
17769,"3,111,53"
17770,"175,40,128"
17771,"3,21,281"
17772,"40,128,186"
17773,"40,128,129"
17774,"3,15,16"
17775,"3,301,21"
17776,"0,271,429"
17777,"169,296,460"
17778,"211,212,216"
17779,"220,10"
17780,"0,488,271"
17781,"259,311,426"
17782,"0,271,291"
17783,"0,271,291"
17784,"220,10,221"
17785,"0,271,456"
17786,"3,523,164"
17787,"176,3,4"
17788,"64,10,80"
17789,"40,23,92"
17790,"0,405,39"
17791,"3,52,51"
17792,"40,186,128"
17793,"220,10"
17794,"187,3,21"
17795,"40,131,406"
17796,"0,446,218"
17797,"21,3,301"
17798,"162,40"
17799,"64,10,80"
17800,"139,40,153"
17801,"17,3,320"
17802,"3,13,204"
17803,"171,199,170"
17804,"24,40,71"
17805,"170,3,199"
17806,"508,40,426"
17807,"3,21"
17808,"3,4,53"
17809,"3,111,267"
17810,"3,160,164"
17811,"23,10,0"
17812,"135,386,40"
17813,"71,38,24"
17814,"0,271,456"
17815,"40,131,478"
17816,"43,24,23"
17817,"40,135,250"
17818,"3,21,187"
17819,"459,169,170"
17820,"3,21,40"
17821,"402,40,10"
17822,"148,3,147"
17823,"0,380,271"
17824,"34,40,143"
17825,"40,241,494"
17826,"323,199,170"
17827,"93,64,10"
17828,"0,216,354"
17829,"165,74,23"
17830,"160,40,315"
17831,"3,21"
17832,"3,51,52"
17833,"0,346,313"
17834,"64,10,93"
17835,"23,24,10"
17836,"43,24,23"
17837,"44,145,45"
17838,"10,64,93"
17839,"0,8"
17840,"44,145,45"
17841,"26,231,23"
17842,"0,265,340"
17843,"10,64,80"
17844,"62,44,145"
17845,"145,44,45"
17846,"0,8,206"
17847,"16,15,3"
17848,"234,60,21"
17849,"4,3,19"
17850,"224,41,40"
17851,"128,0,195"
17852,"3,52,51"
17853,"40,128,131"
17854,"0,313,346"
17855,"0,355,271"
17856,"220,10"
17857,"40,141,135"
17858,"8,206,0"
17859,"281,169,199"
17860,"44,145,40"
17861,"24,25,23"
17862,"3,53,287"
17863,"10,489,64"
17864,"56,17,15"
17865,"10,64,448"
17866,"234,60,21"
17867,"3,147,148"
17868,"234,60,21"
17869,"3,0"
17870,"41,224,40"
17871,"426,169,311"
17872,"199,169,248"
17873,"10,25,24"
17874,"3,17,320"
17875,"0,23,265"
17876,"118,74,23"
17877,"40,41,149"
17878,"64,0,10"
17879,"40,128,195"
17880,"40,241,131"
17881,"0,357,218"
17882,"23,40,145"
17883,"0,271,456"
17884,"0,231,271"
17885,"0,265,418"
17886,"3,21,301"
17887,"105,40,3"
17888,"128,129,40"
17889,"0,265"
17890,"124,21,3"
17891,"3,182,21"
17892,"49,24,23"
17893,"129,128,40"
17894,"426,311,337"
17895,"40,500,118"
17896,"24,23,10"
17897,"21,187,3"
17898,"3,147,148"
17899,"169,40,281"
17900,"296,23,84"
17901,"3,4,388"
17902,"94,38,23"
17903,"3,13,14"
17904,"281,169,199"
17905,"0,271"
17906,"11,10,205"
17907,"40,10,145"
17908,"3,40,21"
17909,"3,21,301"
17910,"3,53,31"
17911,"74,23,24"
17912,"145,0,216"
17913,"43,24,23"
17914,"3,147,36"
17915,"145,44"
17916,"145,181,23"
17917,"64,10,93"
17918,"170,169"
17919,"277,458,0"
17920,"0,1,271"
17921,"40,131,241"
17922,"3,375,4"
17923,"3,147,156"
17924,"23,308,26"
17925,"0,8,235"
17926,"38,23,26"
17927,"40,131,406"
17928,"38,23,296"
17929,"308,38,8"
17930,"0,355,218"
17931,"311,426,337"
17932,"0,271,456"
17933,"40,131"
17934,"3,35"
17935,"3,164,21"
17936,"3,263,34"
17937,"3,301"
17938,"281,311,337"
17939,"0,206,8"
17940,"145,45,40"
17941,"24,43,23"
17942,"0,2,271"
17943,"23,45,145"
17944,"23,91,346"
17945,"309,23,38"
17946,"3,147,40"
17947,"23,40,74"
17948,"175,40,250"
17949,"40,224,41"
17950,"3,111,182"
17951,"23,169,300"
17952,"245,31,23"
17953,"3,115,21"
17954,"8,0,206"
17955,"40,160,128"
17956,"311,426,337"
17957,"10,90,64"
17958,"169,40,329"
17959,"0,271,363"
17960,"3,17,21"
17961,"11,10,12"
17962,"3,52,51"
17963,"74,23,165"
17964,"220,221,10"
17965,"131,40,193"
17966,"45,44,145"
17967,"3,21,40"
17968,"3,13,111"
17969,"357,0"
17970,"107,23,38"
17971,"311,426,259"
17972,"3,210,4"
17973,"320,17,3"
17974,"118,74,23"
17975,"206,8,0"
17976,"3,104,30"
17977,"40,131,241"
17978,"10,93,64"
17979,"0,8,235"
17980,"0,426,311"
17981,"3,53,523"
17982,"40,186,128"
17983,"40,128,129"
17984,"145,40,402"
17985,"25,24,23"
17986,"3,388,85"
17987,"43,24,23"
17988,"36,35,169"
17989,"23,105,0"
17990,"3,187,21"
17991,"4,40,3"
17992,"13,3,204"
17993,"333,3,113"
17994,"40,175,184"
17995,"13,10,44"
17996,"406,40,131"
17997,"41,42,40"
17998,"23,21,3"
17999,"337,311,426"
18000,"234,60,21"
18001,"72,23,145"
18002,"23,89,26"
18003,"25,24,23"
18004,"220,10"
18005,"169,300,296"
18006,"25,24,23"
18007,"0,13,3"
18008,"0,265,349"
18009,"3,367,40"
18010,"40,286,41"
18011,"3,21,164"
18012,"32,31,23"
18013,"296,169"
18014,"337,311,426"
18015,"171,199,170"
18016,"10,12,11"
18017,"0,488,218"
18018,"195,128,40"
18019,"10,93,170"
18020,"74,23,317"
18021,"220,10"
18022,"131,25,23"
18023,"118,74,23"
18024,"49,44,24"
18025,"3,147,148"
18026,"0,271"
18027,"40,131,406"
18028,"63,38,23"
18029,"3,301,21"
18030,"235,0,8"
18031,"3,500,23"
18032,"509,218,0"
18033,"40,175,128"
18034,"10,220"
18035,"3,182,21"
18036,"170,171,199"
18037,"426,311,337"
18038,"169,170"
18039,"43,24,23"
18040,"11,10,145"
18041,"296,336,23"
18042,"0,340,265"
18043,"3,111"
18044,"160,40,315"
18045,"3,16,15"
18046,"40,146,145"
18047,"64,10,80"
18048,"5,3,133"
18049,"3,523,53"
18050,"74,317,23"
18051,"115,3,21"
18052,"40,146,145"
18053,"32,31,23"
18054,"17,3,320"
18055,"131,10,193"
18056,"3,13,204"
18057,"40,184,185"
18058,"323,199,170"
18059,"3,17,21"
18060,"40,131,406"
18061,"40,149,162"
18062,"368,40,241"
18063,"11,23,0"
18064,"3,4"
18065,"10,220"
18066,"367,100,40"
18067,"145,402,40"
18068,"41,40,42"
18069,"23,265,0"
18070,"23,74,84"
18071,"145,10,24"
18072,"3,147"
18073,"40,184,243"
18074,"3,182,21"
18075,"181,145,40"
18076,"44,145,45"
18077,"40,139"
18078,"169,296"
18079,"3,5,228"
18080,"3,435,53"
18081,"241,131,40"
18082,"13,14,10"
18083,"10,60,3"
18084,"414,10,60"
18085,"3,53"
18086,"3,148,147"
18087,"115,3,21"
18088,"3,5"
18089,"40,160"
18090,"64,10,93"
18091,"32,31,23"
18092,"169,40,170"
18093,"44,145,45"
18094,"3,5,133"
18095,"64,10,93"
18096,"454,31,23"
18097,"64,10,80"
18098,"80,64,10"
18099,"0,206,8"
18100,"44,10,145"
18101,"40,241,131"
18102,"3,4,435"
18103,"229,0,421"
18104,"38,137,23"
18105,"8,308,23"
18106,"40,160,315"
18107,"23,32,31"
18108,"40,131,406"
18109,"69,44,145"
18110,"40,131,406"
18111,"145,40,402"
18112,"3,21"
18113,"5,6,3"
18114,"3,301,21"
18115,"111,3,123"
18116,"112,3,111"
18117,"3,523,53"
18118,"187,3,21"
18119,"3,41,40"
18120,"3,21"
18121,"64,10,93"
18122,"24,43,23"
18123,"171,170,31"
18124,"3,21,523"
18125,"10,220"
18126,"3,435,4"
18127,"145,402,40"
18128,"0,271"
18129,"24,43,23"
18130,"0,235,8"
18131,"3,15,16"
18132,"220,10"
18133,"3,21,5"
18134,"0,444,271"
18135,"3,111"
18136,"0,216,8"
18137,"49,24,23"
18138,"13,3,204"
18139,"64,10,80"
18140,"23,38,137"
18141,"271,0,456"
18142,"64,10,44"
18143,"131,241,40"
18144,"3,4"
18145,"220,10"
18146,"145,44,64"
18147,"3,21,148"
18148,"40,241,131"
18149,"3,4,435"
18150,"169,260,170"
18151,"43,24,23"
18152,"402,145,40"
18153,"10,64,80"
18154,"0,145,44"
18155,"265,59,418"
18156,"40,160,334"
18157,"135,40,236"
18158,"72,74,23"
18159,"3,4"
18160,"3,21,22"
18161,"3,21,48"
18162,"17,3,320"
18163,"0,89,23"
18164,"64,80,10"
18165,"0,346,313"
18166,"40,42,41"
18167,"44,73,145"
18168,"40,145,402"
18169,"3,34,263"
18170,"23,106,24"
18171,"3,21"
18172,"64,93,10"
18173,"49,23,10"
18174,"3,21"
18175,"171,199,170"
18176,"3,148,147"
18177,"175,40,128"
18178,"271,0,291"
18179,"3,21,426"
18180,"220,10"
18181,"3,111,53"
18182,"3,275,111"
18183,"3,187,30"
18184,"10,64,93"
18185,"3,147,15"
18186,"3,5,133"
18187,"181,145,40"
18188,"402,145,40"
18189,"64,93,10"
18190,"74,404,111"
18191,"0,271,265"
18192,"13,3,14"
18193,"3,21"
18194,"131,241,40"
18195,"3,40,164"
18196,"118,74,23"
18197,"145,24,323"
18198,"129,128,40"
18199,"23,26,89"
18200,"38,0,249"
18201,"323,170,199"
18202,"145,45,44"
18203,"0,271,23"
18204,"23,40,74"
18205,"3,21,33"
18206,"0,23,8"
18207,"0,271,291"
18208,"25,145,24"
18209,"181,23,145"
18210,"3,111"
18211,"3,5,4"
18212,"118,74,23"
18213,"40,48,3"
18214,"40,131,241"
18215,"93,10"
18216,"3,15,16"
18217,"523,3,53"
18218,"3,148,147"
18219,"3,204,13"
18220,"40,129,128"
18221,"0,271,291"
18222,"3,58,17"
18223,"3,21"
18224,"0,291,271"
18225,"296,169,306"
18226,"281,199,169"
18227,"40,24,402"
18228,"64,10,448"
18229,"40,131,406"
18230,"40,23,105"
18231,"3,301,21"
18232,"0,8,206"
18233,"23,84,74"
18234,"5,6,3"
18235,"3,17,58"
18236,"3,523,53"
18237,"0,271,291"
18238,"366,0,271"
18239,"40,175,128"
18240,"21,3"
18241,"0,8,337"
18242,"44,145,24"
18243,"523,53,3"
18244,"3,21,48"
18245,"3,147,40"
18246,"309,38,23"
18247,"13,3,204"
18248,"271,291,0"
18249,"304,128,40"
18250,"0,211,216"
18251,"170,459,169"
18252,"220,10"
18253,"3,21,187"
18254,"448,64,10"
18255,"40,41,42"
18256,"3,187,21"
18257,"3,435,182"
18258,"10,220"
18259,"165,23,74"
18260,"23,38,107"
18261,"3,51,52"
18262,"171,40,184"
18263,"3,62,467"
18264,"402,145,40"
18265,"26,23,38"
18266,"271,0,456"
18267,"0,271,311"
18268,"11,205,10"
18269,"40,402,10"
18270,"164,3"
18271,"3,17,320"
18272,"287,3,0"
18273,"40,128,129"
18274,"3,128,40"
18275,"40,199,215"
18276,"170,508,23"
18277,"0,216,304"
18278,"0,271"
18279,"91,38,23"
18280,"40,131,193"
18281,"40,162,145"
18282,"40,41,21"
18283,"3,301,15"
18284,"3,435,4"
18285,"0,271,291"
18286,"3,53,523"
18287,"49,24,23"
18288,"3,21,127"
18289,"10,64,93"
18290,"24,25,23"
18291,"323,170,199"
18292,"23,24,43"
18293,"3,147,148"
18294,"3,147,148"
18295,"3,148,147"
18296,"367,100,292"
18297,"40,128,131"
18298,"0,271,291"
18299,"239,10,60"
18300,"40,131,406"
18301,"40,41,21"
18302,"89,0,313"
18303,"38,23,94"
18304,"41,40,42"
18305,"3,4,19"
18306,"0,271,265"
18307,"0,218,377"
18308,"0,291,271"
18309,"26,23,0"
18310,"169,337"
18311,"169,281,199"
18312,"10,220"
18313,"8,0,308"
18314,"0,337,271"
18315,"3,70,271"
18316,"8,206,0"
18317,"131,40,241"
18318,"64,10"
18319,"171,170,199"
18320,"187,3,21"
18321,"24,23,43"
18322,"24,23,43"
18323,"199,169"
18324,"64,10,80"
18325,"21,40,3"
18326,"0,271,23"
18327,"10,64"
18328,"131,40,241"
18329,"3,52,51"
18330,"45,44,145"
18331,"169,312,426"
18332,"3,301,21"
18333,"145,44,45"
18334,"3,147,156"
18335,"128,40,129"
18336,"25,24,23"
18337,"40,160,315"
18338,"143,34,3"
18339,"145,40,146"
18340,"3,523,53"
18341,"3,301,52"
18342,"40,241,131"
18343,"220,10"
18344,"3,21,127"
18345,"10,64,80"
18346,"40,74,307"
18347,"93,64,10"
18348,"3,21"
18349,"171,170,199"
18350,"259,426,311"
18351,"312,199,311"
18352,"40,160,315"
18353,"128,40,129"
18354,"3,37,13"
18355,"64,10,93"
18356,"10,220"
18357,"3,21,16"
18358,"260,311,426"
18359,"40,41"
18360,"40,139,128"
18361,"3,227,435"
18362,"3,21,301"
18363,"43,24,23"
18364,"3,35,36"
18365,"23,24,145"
18366,"3,143,34"
18367,"23,3,21"
18368,"0,271,349"
18369,"40,160,315"
18370,"0,8,206"
18371,"23,118,74"
18372,"3,21,301"
18373,"169,199,343"
18374,"3,301,28"
18375,"169,306,296"
18376,"221,220,10"
18377,"131,40,241"
18378,"0,3,8"
18379,"3,4,435"
18380,"3,500,21"
18381,"10,64,93"
18382,"187,21,3"
18383,"0,313,346"
18384,"3,523,53"
18385,"40,131,406"
18386,"311,426,337"
18387,"402,145,40"
18388,"3,21,187"
18389,"0,216,380"
18390,"271,0,291"
18391,"40,186,128"
18392,"8,0,308"
18393,"4,3,375"
18394,"0,265,8"
18395,"231,26,23"
18396,"0,8,206"
18397,"17,320,3"
18398,"40,131,406"
18399,"0,291,271"
18400,"311,259,426"
18401,"3,17,115"
18402,"40,201,21"
18403,"220,10,221"
18404,"89,23,38"
18405,"64,10,448"
18406,"3,5,133"
18407,"0,271,291"
18408,"81,3,30"
18409,"3,30,104"
18410,"138,40,135"
18411,"59,23,45"
18412,"290,23"
18413,"21,3,311"
18414,"145,44,45"
18415,"0,3,271"
18416,"64,10,93"
18417,"187,21,3"
18418,"3,21"
18419,"271,0"
18420,"160,40,315"
18421,"170,199,169"
18422,"3,164"
18423,"0,216,211"
18424,"40,162"
18425,"199,426,311"
18426,"129,128,40"
18427,"3,21,301"
18428,"0,23,89"
18429,"3,23,495"
18430,"23,40,287"
18431,"74,234,118"
18432,"3,53,21"
18433,"40,500,135"
18434,"3,21,187"
18435,"170,323,199"
18436,"40,286,41"
18437,"231,23,26"
18438,"38,24,241"
18439,"3,21,33"
18440,"40,74"
18441,"281,199,169"
18442,"3,435,4"
18443,"182,3,21"
18444,"40,402,145"
18445,"145,72,44"
18446,"187,3,21"
18447,"40,215,41"
18448,"10,145,40"
18449,"3,4,435"
18450,"0,449,279"
18451,"38,23,309"
18452,"131,40,241"
18453,"23,74,38"
18454,"0,271,429"
18455,"0,271"
18456,"131,40,406"
18457,"3,111,267"
18458,"0,271,456"
18459,"323,170,199"
18460,"0,206,8"
18461,"404,111,74"
18462,"74,23,165"
18463,"3,21,301"
18464,"0,313,23"
18465,"216,212,211"
18466,"3,21,182"
18467,"23,24"
18468,"3,111,4"
18469,"44,145,45"
18470,"10,169,145"
18471,"111,3,123"
18472,"0,169"
18473,"0,3,265"
18474,"3,4,435"
18475,"89,26,23"
18476,"259,311,426"
18477,"40,160,128"
18478,"3,187,21"
18479,"3,147,120"
18480,"40,135"
18481,"64,10,93"
18482,"40,53,3"
18483,"160,315,40"
18484,"3,4"
18485,"48,21,40"
18486,"3,4,435"
18487,"118,74,23"
18488,"10,64"
18489,"3,187,169"
18490,"145,44,45"
18491,"10,402,40"
18492,"43,24,23"
18493,"24,43,23"
18494,"4,3,435"
18495,"0,363,271"
18496,"40,41,160"
18497,"199,40,237"
18498,"138,40,135"
18499,"145,402,40"
18500,"3,4,435"
18501,"431,135,40"
18502,"296,169,300"
18503,"44,80,64"
18504,"10,64,80"
18505,"71,24,38"
18506,"3,44,53"
18507,"138,135,40"
18508,"145,44,45"
18509,"10,23,54"
18510,"40,241,131"
18511,"323,199,170"
18512,"0,313,346"
18513,"187,3,21"
18514,"3,5,331"
18515,"25,24,220"
18516,"10,64,80"
18517,"24,23,40"
18518,"3,143,34"
18519,"290,23,31"
18520,"135,40,189"
18521,"0,8,391"
18522,"89,26,23"
18523,"145,95,54"
18524,"59,24,23"
18525,"49,23,24"
18526,"419,10,168"
18527,"145,40,402"
18528,"224,41,40"
18529,"40,186,128"
18530,"40,146,145"
18531,"145,23,44"
18532,"3,523,111"
18533,"129,128,40"
18534,"0,279,249"
18535,"3,147,156"
18536,"127,21,250"
18537,"187,21,3"
18538,"84,74,23"
18539,"40,162,131"
18540,"128,129,40"
18541,"3,4,435"
18542,"169,170,3"
18543,"0,366,271"
18544,"49,24,23"
18545,"0,271,291"
18546,"0,304,271"
18547,"155,139"
18548,"40,3,145"
18549,"0,3,512"
18550,"0,265,418"
18551,"23,137,38"
18552,"145,24,25"
18553,"21,102,40"
18554,"15,16,3"
18555,"3,16,15"
18556,"38,44,23"
18557,"0,23,308"
18558,"259,426,311"
18559,"11,205,10"
18560,"131,40,38"
18561,"44,45,145"
18562,"3,148,147"
18563,"0,195"
18564,"259,426,311"
18565,"129,128,40"
18566,"402,145,40"
18567,"31,328,216"
18568,"3,147,156"
18569,"0,89,23"
18570,"3,17"
18571,"40,21,3"
18572,"169,135,40"
18573,"3,4,435"
18574,"23,38,309"
18575,"3,147,148"
18576,"3,21,127"
18577,"23,220,10"
18578,"309,38,23"
18579,"3,53,10"
18580,"296,169"
18581,"138,135,40"
18582,"169,436,170"
18583,"23,137,38"
18584,"40,131,406"
18585,"323,199,170"
18586,"64,93,10"
18587,"169,356,160"
18588,"44,45,145"
18589,"145,40,402"
18590,"279,249,0"
18591,"24,23,38"
18592,"3,187"
18593,"13,3,14"
18594,"42,41,40"
18595,"3,182,21"
18596,"296,169,417"
18597,"3,204,21"
18598,"0,346,313"
18599,"405,0,8"
18600,"64,10,93"
18601,"3,148,147"
18602,"8,0,308"
18603,"40,131,406"
18604,"41,3,111"
18605,"40,160,315"
18606,"220,10"
18607,"49,24,23"
18608,"32,23,31"
18609,"3,523,53"
18610,"138,135,40"
18611,"74,23,317"
18612,"88,23,38"
18613,"40,149"
18614,"49,24,0"
18615,"0,265,2"
18616,"3,111,435"
18617,"11,10,12"
18618,"0,313,346"
18619,"0,8,206"
18620,"3,127,40"
18621,"0,271,360"
18622,"40,145,146"
18623,"10,64,220"
18624,"13,3,204"
18625,"10,60,218"
18626,"10,12,11"
18627,"135,40"
18628,"296,169"
18629,"0,10,271"
18630,"3,435,4"
18631,"3,120"
18632,"6,5,3"
18633,"3,53"
18634,"0,206,8"
18635,"3,111,275"
18636,"165,74,24"
18637,"220,10"
18638,"40,135,138"
18639,"10,220"
18640,"181,145,40"
18641,"3,21,108"
18642,"38,24,71"
18643,"10,90,64"
18644,"3,21,48"
18645,"23,38,44"
18646,"259,426,311"
18647,"3,147,148"
18648,"40,402,145"
18649,"23,24,59"
18650,"3,15,16"
18651,"3,21,5"
18652,"3,40,160"
18653,"23,25,105"
18654,"3,17,320"
18655,"41,40,224"
18656,"0,271,291"
18657,"0,291,271"
18658,"38,44,145"
18659,"3,21,281"
18660,"199,281,426"
18661,"0,8,206"
18662,"523,3,53"
18663,"40,131,406"
18664,"3,4,19"
18665,"145,25,44"
18666,"145,40,402"
18667,"64,10,93"
18668,"0,216,271"
18669,"160,40,315"
18670,"25,24,23"
18671,"0,327"
18672,"3,21"
18673,"128,40,195"
18674,"0,273,279"
18675,"3,48,21"
18676,"169,334,426"
18677,"3,287,4"
18678,"64,10,448"
18679,"0,271,145"
18680,"0,8,206"
18681,"40,128,186"
18682,"171,199,170"
18683,"402,145,40"
18684,"187,3,21"
18685,"24,49,23"
18686,"21,3,301"
18687,"241,40,131"
18688,"3,147"
18689,"49,24,23"
18690,"3,53,523"
18691,"23,106,105"
18692,"145,44,45"
18693,"181,40,145"
18694,"220,10,221"
18695,"3,143,34"
18696,"118,23,74"
18697,"23,31,454"
18698,"24,43,23"
18699,"44,45,145"
18700,"0,218,327"
18701,"337,426,311"
18702,"3,4"
18703,"0,271,291"
18704,"24,345,23"
18705,"311,169,426"
18706,"448,64,10"
18707,"40,41,42"
18708,"145,402,40"
18709,"10,23,24"
18710,"271,291,0"
18711,"64,93,10"
18712,"169,337,311"
18713,"251,337,296"
18714,"0,287,53"
18715,"182,3,523"
18716,"296,169,306"
18717,"3,287"
18718,"23,44,145"
18719,"3,148,147"
18720,"169,0,485"
18721,"40,145,131"
18722,"216,211,212"
18723,"24,23,10"
18724,"93,64,10"
18725,"251,296,337"
18726,"3,40,21"
18727,"199,169"
18728,"0,265,384"
18729,"40,315,128"
18730,"0,521,366"
18731,"40,38,71"
18732,"0,271,291"
18733,"131,40,406"
18734,"454,31,38"
18735,"230,229,29"
18736,"145,44,45"
18737,"25,24,23"
18738,"169,296,40"
18739,"169,339,337"
18740,"40,128,129"
18741,"523,53,3"
18742,"34,263,3"
18743,"346,313,0"
18744,"3,5,228"
18745,"131,40,241"
18746,"259,426,311"
18747,"32,31,23"
18748,"40,135"
18749,"135,138,40"
18750,"296,169,300"
18751,"3,156,147"
18752,"71,24,23"
18753,"40,131,406"
18754,"0,8,206"
18755,"193,131,40"
18756,"64,10,80"
18757,"3,21,263"
18758,"49,24,23"
18759,"0,265,349"
18760,"23,72,89"
18761,"24,23,43"
18762,"0,511,271"
18763,"3,51,21"
18764,"11,205,10"
18765,"74,118,23"
18766,"92,131,193"
18767,"23,26,89"
18768,"3,148,147"
18769,"290,31"
18770,"0,206,8"
18771,"3,53,523"
18772,"23,39,38"
18773,"40,406,131"
18774,"64,10,93"
18775,"3,331,5"
18776,"3,15,16"
18777,"40,131,241"
18778,"40,145"
18779,"3,21,164"
18780,"64,10,80"
18781,"43,24,23"
18782,"31,23,169"
18783,"138,169,135"
18784,"4,435,3"
18785,"31,0,8"
18786,"44,145,45"
18787,"0,272,271"
18788,"402,145,40"
18789,"64,10,80"
18790,"3,182,21"
18791,"64,10,80"
18792,"206,8,0"
18793,"3,0,53"
18794,"3,217,120"
18795,"259,311,426"
18796,"0,327,265"
18797,"508,426,169"
18798,"23,49,24"
18799,"23,24,43"
18800,"3,5,228"
18801,"323,199,170"
18802,"171,170,199"
18803,"0,271,291"
18804,"220,10"
18805,"3,120,203"
18806,"64,10,80"
18807,"0,8,308"
18808,"3,21,182"
18809,"10,220"
18810,"3,120,389"
18811,"3,41,40"
18812,"128,40,130"
18813,"23,350,26"
18814,"160,40,315"
18815,"0,8,206"
18816,"11,12,10"
18817,"40,145,402"
18818,"23,118,74"
18819,"181,145,23"
18820,"3,147,148"
18821,"23,38,64"
18822,"3,13,4"
18823,"10,54,60"
18824,"138,40,135"
18825,"199,170,323"
18826,"3,187"
18827,"323,170,199"
18828,"10,11,72"
18829,"0,8,270"
18830,"3,56,17"
18831,"323,199,170"
18832,"38,23,24"
18833,"3,30"
18834,"3,187,21"
18835,"402,145,40"
18836,"0,8,271"
18837,"251,296,337"
18838,"3,21,147"
18839,"64,80,10"
18840,"169,343,199"
18841,"23,38,26"
18842,"0,271,265"
18843,"21,3,164"
18844,"32,31,23"
18845,"40,184,186"
18846,"25,24,23"
18847,"40,152,151"
18848,"145,402,40"
18849,"38,39,23"
18850,"523,53,3"
18851,"3,21"
18852,"171,199,170"
18853,"3,331,5"
18854,"13,3"
18855,"0,271,291"
18856,"169,0,281"
18857,"49,23,24"
18858,"131,40,406"
18859,"201,40,3"
18860,"3,21,40"
18861,"0,271,344"
18862,"10,64,80"
18863,"24,10,23"
18864,"169,436,170"
18865,"3,311,426"
18866,"0,8,308"
18867,"402,40,145"
18868,"3,13,74"
18869,"3,4,435"
18870,"39,23,296"
18871,"44,45,145"
18872,"131,40,406"
18873,"0,313,8"
18874,"23,24,43"
18875,"3,30,81"
18876,"44,145,26"
18877,"337,251,296"
18878,"21,3"
18879,"3,15,16"
18880,"3,21,301"
18881,"3,156,147"
18882,"3,188,4"
18883,"323,199,170"
18884,"40,145,181"
18885,"220,10,24"
18886,"64,10,448"
18887,"3,21,187"
18888,"3,53,523"
18889,"206,8,0"
18890,"402,40,145"
18891,"23,43,24"
18892,"0,271,291"
18893,"3,21,187"
18894,"0,206,8"
18895,"3,127,523"
18896,"145,44,402"
18897,"145,402,40"
18898,"23,38,74"
18899,"0,89,26"
18900,"40,186,128"
18901,"0,169,170"
18902,"255,280,271"
18903,"64,10,80"
18904,"135,40,138"
18905,"145,40,402"
18906,"63,38,23"
18907,"145,402,40"
18908,"43,24,23"
18909,"23,38,74"
18910,"3,21,127"
18911,"10,11"
18912,"3,21,53"
18913,"40,241,21"
18914,"0,313,271"
18915,"0,304,216"
18916,"3,275,111"
18917,"11,419,10"
18918,"145,44,45"
18919,"3,17,320"
18920,"293,3,85"
18921,"181,145,40"
18922,"0,340,265"
18923,"220,10"
18924,"0,199,1"
18925,"3,15,17"
18926,"3,111,53"
18927,"40,237,169"
18928,"3,301,21"
18929,"402,40,145"
18930,"3,169,199"
18931,"3,74"
18932,"0,291,346"
18933,"23,40,105"
18934,"241,24,71"
18935,"74,23,283"
18936,"93,10,64"
18937,"363,271,0"
18938,"243,184,74"
18939,"10,64,60"
18940,"0,235,8"
18941,"0,271,455"
18942,"454,23,31"
18943,"3,53,523"
18944,"0,271,456"
18945,"44,145,10"
18946,"0,255,265"
18947,"40,135,250"
18948,"220,10"
18949,"3,187,21"
18950,"17,3,320"
18951,"10,220"
18952,"0,271,291"
18953,"0,265"
18954,"17,320,3"
18955,"3,4,7"
18956,"449,0,211"
18957,"8,0,235"
18958,"146,40,145"
18959,"145,44,11"
18960,"3,111,311"
18961,"181,24,40"
18962,"0,350,23"
18963,"91,23,38"
18964,"49,24,23"
18965,"0,271,456"
18966,"40,250,135"
18967,"3,21,53"
18968,"139,40,153"
18969,"44,145,45"
18970,"40,41,160"
18971,"3,17,21"
18972,"337,169,339"
18973,"3,169,281"
18974,"3,320,21"
18975,"3,5,331"
18976,"43,24,23"
18977,"26,23,0"
18978,"23,241,131"
18979,"71,24,38"
18980,"3,21,301"
18981,"3,13,14"
18982,"40,160,149"
18983,"489,10,60"
18984,"3,85,293"
18985,"134,40,131"
18986,"3,187,21"
18987,"64,10,80"
18988,"3,21,29"
18989,"10,64,80"
18990,"435,4,3"
18991,"3,34"
18992,"0,265"
18993,"3,182,21"
18994,"64,10,93"
18995,"17,320,3"
18996,"251,337,296"
18997,"169,3,281"
18998,"13,204,3"
18999,"145,402,40"
19000,"40,135,236"
19001,"3,17,21"
19002,"3,4,331"
19003,"3,154,21"
19004,"263,3,0"
19005,"0,313,346"
19006,"3,4,435"
19007,"199,169,248"
19008,"271,337,291"
19009,"3,128,204"
19010,"265,0,418"
19011,"160,315,40"
19012,"23,141,118"
19013,"40,131,406"
19014,"311,169,3"
19015,"3,127,21"
19016,"0,265,3"
19017,"3,35"
19018,"10,220"
19019,"0,271"
19020,"10,64,93"
19021,"367,100,40"
19022,"23,24,106"
19023,"220,10"
19024,"3,4,19"
19025,"40,406,131"
19026,"40,3"
19027,"3,53,523"
19028,"435,3,4"
19029,"23,40,91"
19030,"40,151,152"
19031,"23,43,24"
19032,"40,315,135"
19033,"5,3,228"
19034,"64,10,80"
19035,"0,349,265"
19036,"3,293,85"
19037,"128,40,130"
19038,"0,23,118"
19039,"40,131,241"
19040,"153,139,3"
19041,"3,13,204"
19042,"44,72,145"
19043,"44,145,45"
19044,"3,53,21"
19045,"523,3,53"
19046,"0,271,291"
19047,"3,148,147"
19048,"0,271,23"
19049,"0,271"
19050,"494,184,40"
19051,"64,93,10"
19052,"0,255,271"
19053,"0,271,291"
19054,"10,220"
19055,"0,313,218"
19056,"0,229,426"
19057,"169,199"
19058,"419,10,11"
19059,"40,146,145"
19060,"3,389,111"
19061,"44,72,145"
19062,"3,21,124"
19063,"169,199,343"
19064,"3,10,220"
19065,"3,5,228"
19066,"3,147,120"
19067,"0,265,340"
19068,"3,17,320"
19069,"3,53,21"
19070,"3,52,51"
19071,"182,3,21"
19072,"3,21,182"
19073,"3,21,301"
19074,"3,147,148"
19075,"23,25,24"
19076,"0,8,405"
19077,"3,435,4"
19078,"44,45,145"
19079,"145,40,402"
19080,"0,8,308"
19081,"3,53,325"
19082,"64,448,10"
19083,"251,337,296"
19084,"3,523,53"
19085,"0,313,457"
19086,"402,145,40"
19087,"32,31,23"
19088,"155,40,23"
19089,"346,0,313"
19090,"17,3,320"
19091,"169,80,10"
19092,"331,3,5"
19093,"181,145,40"
19094,"0,271"
19095,"40,128,175"
19096,"32,31,23"
19097,"25,24,23"
19098,"10,25,220"
19099,"323,170,199"
19100,"23,74,118"
19101,"129,40,128"
19102,"3,104"
19103,"40,41"
19104,"40,3,53"
19105,"0,271,291"
19106,"3,512,379"
19107,"3,53,523"
19108,"296,169,306"
19109,"10,64,90"
19110,"3,68,182"
19111,"25,24,145"
19112,"64,10,448"
19113,"3,40,153"
19114,"337,296,251"
19115,"25,24,23"
19116,"0,271"
19117,"402,145,40"
19118,"40,160,36"
19119,"3,331,364"
19120,"10,0,54"
19121,"3,21,17"
19122,"265,418,0"
19123,"0,265,273"
19124,"3,147,148"
19125,"23,49,24"
19126,"3,21,147"
19127,"3,81,30"
19128,"23,74,165"
19129,"24,23,10"
19130,"3,81,30"
19131,"311,426,271"
19132,"3,523,53"
19133,"171,170,199"
19134,"0,218,512"
19135,"160,40,315"
19136,"0,271,280"
19137,"40,131"
19138,"131,40,406"
19139,"10,489,60"
19140,"0,279,211"
19141,"23,38,89"
19142,"281,199,169"
19143,"156,147,3"
19144,"0,271,455"
19145,"118,74,23"
19146,"130,128,40"
19147,"0,235,8"
19148,"3,33"
19149,"10,24,80"
19150,"0,271,291"
19151,"3,28,331"
19152,"259,426,311"
19153,"3,127,21"
19154,"49,24,23"
19155,"0,271,456"
19156,"40,23,175"
19157,"509,218,0"
19158,"64,10,80"
19159,"24,25,23"
19160,"38,24,23"
19161,"8,145,0"
19162,"206,0,8"
19163,"3,105,53"
19164,"234,21,60"
19165,"40,426,169"
19166,"64,10,80"
19167,"24,25,23"
19168,"0,313,511"
19169,"3,147,127"
19170,"44,72,145"
19171,"3,81,30"
19172,"23,74,118"
19173,"38,23,24"
19174,"17,320,3"
19175,"64,10,93"
19176,"40,131,241"
19177,"72,145,44"
19178,"40,131,241"
19179,"23,89,26"
19180,"220,10,23"
19181,"0,265,340"
19182,"3,301,21"
19183,"346,0,313"
19184,"38,23,74"
19185,"0,206,8"
19186,"0,348,255"
19187,"317,74,23"
19188,"204,3,13"
19189,"10,220"
19190,"3,20,13"
19191,"25,24,23"
19192,"40,145,169"
19193,"10,93,60"
19194,"10,64,90"
19195,"23,169,296"
19196,"0,346,313"
19197,"265,418,0"
19198,"147,148,3"
19199,"53,287,3"
19200,"3,523,53"
19201,"3,187,17"
19202,"0,271,265"
19203,"0,265,349"
19204,"3,263,34"
19205,"418,265,0"
19206,"49,24,0"
19207,"199,169"
19208,"0,346,313"
19209,"3,28,21"
19210,"40,128,241"
19211,"3,182,4"
19212,"169,281,404"
19213,"306,169,296"
19214,"32,31,23"
19215,"3,53,21"
19216,"220,10"
19217,"3,53,523"
19218,"45,44,145"
19219,"10,220"
19220,"0,313,346"
19221,"96,31,3"
19222,"3,228,5"
19223,"118,74,23"
19224,"0,206,8"
19225,"220,10"
19226,"64,10,80"
19227,"251,337,296"
19228,"71,24,38"
19229,"239,10,60"
19230,"115,3"
19231,"23,105,53"
19232,"3,21,127"
19233,"186,40,128"
19234,"44,45,145"
19235,"40,131"
19236,"169,199,343"
19237,"199,169,426"
19238,"23,0,38"
19239,"60,10,239"
19240,"10,220"
19241,"49,24,23"
19242,"0,438,279"
19243,"169,417,337"
19244,"40,241,131"
19245,"24,26,38"
19246,"0,271"
19247,"426,311,337"
19248,"296,169,300"
19249,"3,4"
19250,"23,74,165"
19251,"64,10,80"
19252,"145,402,40"
19253,"40,128,328"
19254,"3,187,21"
19255,"25,23,24"
19256,"40,160,315"
19257,"311,426,312"
19258,"93,10,64"
19259,"40,0,128"
19260,"3,21,34"
19261,"187,3,21"
19262,"0,271,265"
19263,"93,64,10"
19264,"128,195,40"
19265,"3,21,127"
19266,"3,53,292"
19267,"3,21,127"
19268,"23,96,31"
19269,"103,23,38"
19270,"64,93,10"
19271,"3,0"
19272,"3,21,164"
19273,"44,145,45"
19274,"3,21,182"
19275,"296,169,300"
19276,"296,92,40"
19277,"32,31,23"
19278,"171,170,199"
19279,"8,0,206"
19280,"38,23,137"
19281,"40,162,163"
19282,"3,21,182"
19283,"38,137,145"
19284,"3,227,30"
19285,"3,301,21"
19286,"10,64,80"
19287,"32,23,31"
19288,"3,21,147"
19289,"0,291,271"
19290,"3,176,4"
19291,"0,216,211"
19292,"402,40,145"
19293,"0,405,8"
19294,"40,131,406"
19295,"160,40,315"
19296,"3,21"
19297,"0,271,360"
19298,"25,24,23"
19299,"169,311,199"
19300,"3,74,23"
19301,"21,3,301"
19302,"135,40,102"
19303,"32,31,23"
19304,"10,93,64"
19305,"40,131,406"
19306,"25,44,24"
19307,"23,38,74"
19308,"45,44,145"
19309,"402,40,145"
19310,"3,30,104"
19311,"10,64,93"
19312,"94,38,23"
19313,"0,313,346"
19314,"25,23,24"
19315,"0,216,380"
19316,"271,0,291"
19317,"265,0,418"
19318,"23,3,96"
19319,"271,280,255"
19320,"3,147,21"
19321,"40,201,41"
19322,"220,10"
19323,"131,40,241"
19324,"64,10,93"
19325,"40,512,218"
19326,"171,170,199"
19327,"0,26,89"
19328,"402,40,145"
19329,"3,148,147"
19330,"3,17"
19331,"145,45,44"
19332,"339,169,337"
19333,"220,10"
19334,"0,271,355"
19335,"40,175,128"
19336,"40,3,41"
19337,"3,5,133"
19338,"375,4,3"
19339,"311,170,426"
19340,"323,170,199"
19341,"169,337,111"
19342,"41,286,40"
19343,"8,0,206"
19344,"3,21,48"
19345,"71,24,38"
19346,"128,129,40"
19347,"0,8,327"
19348,"337,0,296"
19349,"92,60,10"
19350,"128,175,40"
19351,"181,24,40"
19352,"171,170,199"
19353,"197,145,38"
19354,"10,220"
19355,"32,31,23"
19356,"24,49,23"
19357,"402,40,145"
19358,"138,40,135"
19359,"26,0,23"
19360,"229,0,230"
19361,"169,508,426"
19362,"131,40,406"
19363,"3,147,156"
19364,"3,21,182"
19365,"0,229,208"
19366,"64,10,93"
19367,"323,170,199"
19368,"10,145,11"
19369,"40,151,128"
19370,"0,255,265"
19371,"0,271,456"
19372,"71,24,38"
19373,"40,406,131"
19374,"169,111,23"
19375,"187,3,21"
19376,"296,169,306"
19377,"169,199,281"
19378,"220,10,24"
19379,"44,45,145"
19380,"0,265,418"
19381,"11,10,205"
19382,"0,291,271"
19383,"10,72,3"
19384,"3,287,53"
19385,"0,271,291"
19386,"231,26,23"
19387,"3,15,287"
19388,"145,402,44"
19389,"40,135,41"
19390,"10,11,205"
19391,"0,277,1"
19392,"60,234,23"
19393,"49,24,23"
19394,"291,271,0"
19395,"3,523,53"
19396,"3,281,199"
19397,"187,3,169"
19398,"143,3,34"
19399,"220,10,0"
19400,"265,418,0"
19401,"0,1,265"
19402,"170,171,199"
19403,"23,74,317"
19404,"40,21,41"
19405,"402,145,40"
19406,"40,408"
19407,"311,337,426"
19408,"350,23,26"
19409,"10,233,64"
19410,"13,3,204"
19411,"221,0,44"
19412,"23,74,165"
19413,"92,23,94"
19414,"309,38,23"
19415,"5,6,3"
19416,"0,235,8"
19417,"296,54,420"
19418,"17,3,320"
19419,"3,127,21"
19420,"64,10,93"
19421,"71,38,24"
19422,"186,128,40"
19423,"243,184,40"
19424,"3,28"
19425,"0,206,8"
19426,"44,45,145"
19427,"203,147,120"
19428,"23,84,74"
19429,"93,64,10"
19430,"64,10,93"
19431,"187,3,21"
19432,"3,147"
19433,"54,322,40"
19434,"3,53,68"
19435,"31,23,96"
19436,"3,21"
19437,"26,89,23"
19438,"3,4,5"
19439,"23,21,3"
19440,"69,44,145"
19441,"49,23,24"
19442,"160,40,315"
19443,"49,24,23"
19444,"23,328,31"
19445,"83,54,10"
19446,"49,24,23"
19447,"265,418,0"
19448,"93,40,181"
19449,"271,0,38"
19450,"0,346,313"
19451,"0,271,456"
19452,"3,120,53"
19453,"3,53,523"
19454,"512,0,218"
19455,"3,17,320"
19456,"0,271,255"
19457,"0,255,265"
19458,"523,3,53"
19459,"0,265,418"
19460,"418,265,0"
19461,"160,40,423"
19462,"160,302,40"
19463,"3,147,21"
19464,"40,23"
19465,"10,11,205"
19466,"3,287,53"
19467,"23,38,26"
19468,"3,17,21"
19469,"40,186,128"
19470,"44,145,45"
19471,"40,184"
19472,"44,72,145"
19473,"3,21,22"
19474,"40,250,135"
19475,"40,131,31"
19476,"3,21,53"
19477,"165,23,74"
19478,"3,331,5"
19479,"402,40,145"
19480,"3,21"
19481,"171,170,199"
19482,"171,199,170"
19483,"271,0,291"
19484,"3,122,5"
19485,"259,311,426"
19486,"3,0,379"
19487,"3,92,60"
19488,"169,436,343"
19489,"523,3,53"
19490,"40,131,406"
19491,"40,131,406"
19492,"23,311,259"
19493,"3,301,21"
19494,"3,53,147"
19495,"169,374,199"
19496,"11,205,10"
19497,"23,60,10"
19498,"40,74"
19499,"169,287,53"
19500,"0,206,8"
19501,"3,13,204"
19502,"130,128,40"
19503,"10,25,64"
19504,"64,10,93"
19505,"118,74,23"
19506,"147,3,148"
19507,"40,41,302"
19508,"40,494,184"
19509,"3,182,21"
19510,"3,4,435"
19511,"0,265,458"
19512,"25,24,23"
19513,"40,145"
19514,"3,182,21"
19515,"23,40,43"
19516,"40,3,21"
19517,"40,131,160"
19518,"40,128,186"
19519,"44,45,145"
19520,"3,53,523"
19521,"0,8,418"
19522,"40,241,131"
19523,"74,23,317"
19524,"175,128,40"
19525,"181,145,23"
19526,"303,74,23"
19527,"10,64"
19528,"10,145,24"
19529,"3,85"
19530,"3,53,523"
19531,"290,31"
19532,"170,171,199"
19533,"296,337,251"
19534,"10,220"
19535,"250,40,135"
19536,"40,135,250"
19537,"40,146,145"
19538,"0,211,304"
19539,"40,186,128"
19540,"0,8,206"
19541,"74,23,165"
19542,"74,317,23"
19543,"53,523,3"
19544,"0,265,418"
19545,"3,287,5"
19546,"10,220"
19547,"128,3,40"
19548,"212,211,216"
19549,"3,147,523"
19550,"23,24,25"
19551,"3,21,111"
19552,"40,131,241"
19553,"23,88,38"
19554,"251,337,296"
19555,"311,337,426"
19556,"0,279,249"
19557,"145,11,109"
19558,"4,435,3"
19559,"3,53"
19560,"131,241,40"
19561,"23,328,402"
19562,"10,143,34"
19563,"40,128,129"
19564,"402,40,145"
19565,"231,26,23"
19566,"131,40,193"
19567,"3,127,21"
19568,"40,128,129"
19569,"0,346,271"
19570,"296,169"
19571,"3,4,70"
19572,"3,127,21"
19573,"25,24,10"
19574,"40,131,241"
19575,"23,184,243"
19576,"23,24,0"
19577,"104,3,30"
19578,"296,169,411"
19579,"3,4,435"
19580,"3,17,320"
19581,"54,10,322"
19582,"290,31,0"
19583,"128,40"
19584,"25,23,402"
19585,"100,3,367"
19586,"0,271,366"
19587,"40,160,3"
19588,"64,10,80"
19589,"3,4,435"
19590,"49,23,24"
19591,"3,187,21"
19592,"40,41,224"
19593,"265,0,418"
19594,"0,265,418"
19595,"3,30,81"
19596,"3,21,182"
19597,"40,250,135"
19598,"169,426,508"
19599,"111,3,125"
19600,"49,24,23"
19601,"0,271,218"
19602,"281,169,199"
19603,"10,23,24"
19604,"3,301,21"
19605,"40,21,3"
19606,"49,23,24"
19607,"3,21"
19608,"0,1,458"
19609,"44,69,145"
19610,"3,4,19"
19611,"13,3,204"
19612,"128,129,40"
19613,"21,3,23"
19614,"8,0,206"
19615,"3,111,21"
19616,"44,45,145"
19617,"169,199"
19618,"311,426,337"
19619,"10,220"
19620,"0,218,512"
19621,"3,182,21"
19622,"23,105"
19623,"84,74,23"
19624,"337,0,426"
19625,"3,500,21"
19626,"3,147"
19627,"0,206,8"
19628,"40,131,406"
19629,"84,74,23"
19630,"64,10,80"
19631,"216,0,211"
19632,"3,70,4"
19633,"26,89,23"
19634,"296,526,169"
19635,"135,138,40"
19636,"374,23,74"
19637,"3,147,13"
19638,"0,308,8"
19639,"44,72,145"
19640,"31,96,23"
19641,"40,131,241"
19642,"23,38,26"
19643,"40,186,128"
19644,"3,21,301"
19645,"145,40,402"
19646,"251,296,337"
19647,"0,26,23"
19648,"346,313,38"
19649,"32,31,23"
19650,"23,31,10"
19651,"0,308,8"
19652,"3,53,147"
19653,"402,145,40"
19654,"40,406,131"
19655,"24,72,71"
19656,"40,3,41"
19657,"3,21,108"
