id,label
0,"64,10,3"
1,"3,40,0"
2,"3,0,40"
3,"0,3,8"
4,"10,0,3"
5,"0,8,3"
6,"0,40,3"
7,"3,40,21"
8,"23,24,38"
9,"3,21,111"
10,"0,3,10"
11,"3,40,23"
12,"3,169,0"
13,"0,271,23"
14,"23,3,40"
15,"23,38,0"
16,"10,64,3"
17,"3,40,21"
18,"64,3,10"
19,"10,0,220"
20,"3,23,24"
21,"0,23"
22,"3,0,4"
23,"40,3,0"
24,"3,0,40"
25,"40,3,131"
26,"3,40,21"
27,"64,3,10"
28,"3,0,40"
29,"3,0,23"
30,"23,3,10"
31,"3,40,23"
32,"40,131"
33,"23,0,38"
34,"10,220,3"
35,"3,21,111"
36,"3,0,40"
37,"10,11,24"
38,"3,4"
39,"3,40"
40,"0,23,3"
41,"3,21,40"
42,"3,40,135"
43,"0,23,3"
44,"10,3,0"
45,"40,0,23"
46,"3,40,0"
47,"3,10,0"
48,"40,3,131"
49,"3,23,40"
50,"0,23,38"
51,"3,4,21"
52,"10,0,3"
53,"3,40,23"
54,"3,4,111"
55,"3,40"
56,"10,64,11"
57,"3,23,40"
58,"23,3,74"
59,"3,40,21"
60,"3,10,0"
61,"10,64,0"
62,"0,271,265"
63,"3,0,4"
64,"3,0"
65,"3,0,40"
66,"40,131,23"
67,"169,3,23"
68,"3,40,0"
69,"3,0,40"
70,"64,10,3"
71,"10,0,64"
72,"40,3,41"
73,"3,40,21"
74,"10,220,0"
75,"0,3"
76,"3,169,40"
77,"0,23,3"
78,"23,40,24"
79,"10,220,0"
80,"64,10,3"
81,"3,40"
82,"10,3,11"
83,"3,23,296"
84,"23,3,24"
85,"23,40,3"
86,"40,131,3"
87,"40,3"
88,"23,0,38"
89,"3,0,21"
90,"10,0,24"
91,"10,220,3"
92,"0,3,271"
93,"3,4"
94,"23,3,40"
95,"40,3,0"
96,"23,24,40"
97,"40,3,131"
98,"10,0,40"
99,"23,0,3"
100,"23,0,38"
101,"23,40,0"
102,"23,3,40"
103,"3,0,40"
104,"23,10,0"
105,"0,3,23"
106,"3,0,23"
107,"23,24,3"
108,"0,3"
109,"0,8,3"
110,"3,4,21"
111,"23,169,3"
112,"3,4,0"
113,"3,0,40"
114,"10,220,0"
115,"169,3,23"
116,"3,0,40"
117,"0,10,3"
118,"40,3,23"
119,"3,21,40"
120,"3,40,0"
121,"3,0,40"
122,"3,10,0"
123,"3,40"
124,"3,4,0"
125,"3,40,21"
126,"3,0,10"
127,"23,40,0"
128,"0,3,271"
129,"0,3,40"
130,"64,10,40"
131,"169,3,23"
132,"23,40,38"
133,"3,40,21"
134,"3,4,40"
135,"3,40,23"
136,"0,3,40"
137,"0,40,10"
138,"0,3,265"
139,"3,40,169"
140,"40,3,23"
141,"3,40,0"
142,"3,169,40"
143,"3,0,40"
144,"23,0,3"
145,"10,0,3"
146,"3,4"
147,"0,3,40"
148,"10,64,0"
149,"40,3,0"
150,"3,0,40"
151,"3,23,0"
152,"3,4,0"
153,"0,271,265"
154,"3,40,0"
155,"0,23,3"
156,"40,131,3"
157,"10,23,3"
158,"40,3,41"
159,"0,169,3"
160,"0,23,3"
161,"23,0,38"
162,"40,3,0"
163,"3,40,0"
164,"0,3,271"
165,"3,40,0"
166,"10,64,3"
167,"64,10,24"
168,"0,3,23"
169,"40,3,41"
170,"3,0,40"
171,"3,4,21"
172,"0,3,23"
173,"3,4"
174,"3,40,169"
175,"0,40,23"
176,"10,0,64"
177,"23,0,38"
178,"3,21,4"
179,"23,0,38"
180,"3,40,21"
181,"3,23,40"
182,"0,3"
183,"3,21,40"
184,"3,40,0"
185,"23,24,10"
186,"0,3,271"
187,"3,40"
188,"10,23,64"
189,"169,0,3"
190,"3,169,23"
191,"3,169,0"
192,"40,3,23"
193,"40,3,0"
194,"0,3,169"
195,"169,3,40"
196,"10,23,24"
197,"3,40,21"
198,"40,0,3"
199,"0,23,3"
200,"23,24,10"
201,"23,24,10"
202,"3,23,21"
203,"3,4,0"
204,"169,3,40"
205,"169,23,3"
206,"24,23,64"
207,"23,0,38"
208,"0,23,10"
209,"10,64,0"
210,"3,0,40"
211,"0,3,8"
212,"0,3,265"
213,"3,0,4"
214,"0,3,23"
215,"23,24,3"
216,"23,3,0"
217,"23,40,0"
218,"3,40,21"
219,"40,3"
220,"23,38,0"
221,"0,3,271"
222,"3,4"
223,"3,169,23"
224,"40,3,160"
225,"3,40,21"
226,"0,3,10"
227,"10,64,3"
228,"3,0"
229,"3,40,0"
230,"10,0,23"
231,"3,0,40"
232,"23,0,40"
233,"3,0,40"
234,"40,3,131"
235,"40,131,3"
236,"3,23,40"
237,"0,169,40"
238,"0,10,40"
239,"24,23,10"
240,"0,23,3"
241,"0,271,265"
242,"40,3,169"
243,"40,131,3"
244,"0,3,271"
245,"3,0,40"
246,"3,23,40"
247,"3,40,169"
248,"3,0,40"
249,"40,0,131"
250,"23,10,3"
251,"10,0,3"
252,"3,21,4"
253,"3,40,0"
254,"23,3,40"
255,"0,23,40"
256,"3,40,21"
257,"3,40,21"
258,"40,23,0"
259,"0,10,23"
260,"3,64,10"
261,"3,4"
262,"64,10,40"
263,"3,0,40"
264,"3,40,21"
265,"3,40,21"
266,"23,3,38"
267,"0,23,40"
268,"64,10,24"
269,"40,3,0"
270,"3,40,21"
271,"40,3,131"
272,"23,24,3"
273,"23,0,3"
274,"10,3,23"
275,"10,64,0"
276,"23,3,0"
277,"3,21,4"
278,"23,74,38"
279,"40,3,131"
280,"3,23,0"
281,"10,0,3"
282,"0,271,265"
283,"3,40,21"
284,"3,40,0"
285,"3,4"
286,"10,64,24"
287,"0,40,23"
288,"10,64,3"
289,"23,0,3"
290,"0,3"
291,"23,24,10"
292,"10,23,0"
293,"0,169,23"
294,"3,40,0"
295,"40,3,41"
296,"40,3,41"
297,"3,40,23"
298,"3,169,0"
299,"3,40,21"
300,"3,0,4"
301,"3,169,40"
302,"40,23,38"
303,"3,21,4"
304,"169,0,199"
305,"0,3,271"
306,"40,23,3"
307,"0,23,26"
308,"10,0,64"
309,"3,40"
310,"0,3,271"
311,"3,40,0"
312,"3,40,21"
313,"23,0,10"
314,"3,0,40"
315,"0,271,3"
316,"23,40,3"
317,"3,4,21"
318,"3,23,0"
319,"0,169,3"
320,"0,3,10"
321,"40,3,0"
322,"3,40,0"
323,"3,0,40"
324,"40,3,41"
325,"40,23,0"
326,"3,40,0"
327,"3,40,0"
328,"23,24,10"
329,"0,169,3"
330,"23,24,3"
331,"40,3,0"
332,"0,3"
333,"3,40"
334,"0,3,271"
335,"3,40,0"
336,"23,24,10"
337,"3,40,0"
338,"3,21,40"
339,"3,4,30"
340,"10,220,3"
341,"3,0,23"
342,"40,0,3"
343,"3,4,0"
344,"40,3,0"
345,"40,3,0"
346,"3,169,40"
347,"10,220,0"
348,"3,40,4"
349,"3,40,0"
350,"10,11,3"
351,"40,23,3"
352,"3,40,0"
353,"0,23,3"
354,"3,40,0"
355,"0,10,40"
356,"23,0,38"
357,"0,23,10"
358,"0,3,271"
359,"0,3,10"
360,"23,40,0"
361,"10,40,3"
362,"3,21,40"
363,"40,3,169"
364,"169,40,23"
365,"0,271,3"
366,"0,23,3"
367,"0,23,3"
368,"23,40,3"
369,"169,40,3"
370,"3,4,111"
371,"23,24,64"
372,"23,74,40"
373,"40,131,3"
374,"0,8,3"
375,"10,23,0"
376,"169,3,10"
377,"3,0,21"
378,"40,3,41"
379,"3,23,40"
380,"3,40,21"
381,"3,169,4"
382,"3,40,169"
383,"3,169,40"
384,"3,40,10"
385,"10,3,220"
386,"10,220,0"
387,"23,40,3"
388,"0,3,10"
389,"3,40,0"
390,"10,220,3"
391,"40,23,0"
392,"0,3,23"
393,"10,64,11"
394,"0,10,3"
395,"3,40,0"
396,"3,40,23"
397,"3,40,21"
398,"169,3,0"
399,"3,169,40"
400,"23,10,3"
401,"3,169,40"
402,"3,21,40"
403,"0,3,271"
404,"3,40,21"
405,"0,8,23"
406,"3,21,40"
407,"40,131,0"
408,"3,0,40"
409,"3,169,40"
410,"3,40,21"
411,"3,0,21"
412,"23,24,3"
413,"169,3,23"
414,"0,3,8"
415,"40,131,0"
416,"23,0,40"
417,"10,0,220"
418,"3,40,0"
419,"23,3,40"
420,"169,3,40"
421,"10,220,0"
422,"0,3,10"
423,"23,40,3"
424,"0,23,3"
425,"0,3"
426,"3,23,0"
427,"23,24,3"
428,"3,0,10"
429,"169,40,3"
430,"40,0,23"
431,"0,23,26"
432,"10,3,0"
433,"64,10,0"
434,"3,23,10"
435,"3,40"
436,"0,3,40"
437,"10,220,11"
438,"40,3,0"
439,"169,3,40"
440,"3,23,0"
441,"0,10,3"
442,"3,0,40"
443,"169,3,40"
444,"0,40,3"
445,"3,4,0"
446,"0,3,265"
447,"0,3,40"
448,"10,64,24"
449,"40,0,3"
450,"0,3,23"
451,"0,3,40"
452,"3,23,40"
453,"40,3,41"
454,"3,23,40"
455,"3,169,23"
456,"40,23,3"
457,"10,0,64"
458,"3,40,21"
459,"3,40,0"
460,"0,3,23"
461,"3,169,0"
462,"23,40,0"
463,"3,40"
464,"0,3,265"
465,"0,3,271"
466,"23,0,3"
467,"0,10,40"
468,"10,0,3"
469,"3,40,23"
470,"40,3,0"
471,"0,271,3"
472,"64,10,3"
473,"0,3,271"
474,"23,0,26"
475,"0,3,265"
476,"0,23,3"
477,"169,3,40"
478,"3,40,23"
479,"169,23,3"
480,"40,3,23"
481,"23,10,0"
482,"40,0,131"
483,"0,10,23"
484,"3,40,21"
485,"0,8,3"
486,"10,64,3"
487,"0,3,40"
488,"23,40,38"
489,"40,3,41"
490,"10,64,0"
491,"40,3,23"
492,"64,10,3"
493,"0,3"
494,"3,40"
495,"0,3,271"
496,"40,3,23"
497,"10,24,0"
498,"0,3,23"
499,"0,40,10"
500,"3,169,40"
501,"3,40,0"
502,"23,24,40"
503,"64,10,23"
504,"3,0,40"
505,"40,3,23"
506,"10,64,3"
507,"3,40,169"
508,"3,0,40"
509,"3,169,40"
510,"64,10,3"
511,"40,3,41"
512,"0,3,23"
513,"3,23,10"
514,"3,40,0"
515,"40,3,41"
516,"3,0,40"
517,"3,23,24"
518,"3,40,21"
519,"3,40,21"
520,"0,3,10"
521,"0,3"
522,"0,10,40"
523,"40,131,3"
524,"23,3,40"
525,"23,0,38"
526,"23,74,40"
527,"40,131,3"
528,"3,23,0"
529,"23,0,3"
530,"10,64,24"
531,"10,220,0"
532,"23,0,3"
533,"0,3,23"
534,"169,40,3"
535,"23,0,38"
536,"3,21,111"
537,"0,3,8"
538,"3,40,0"
539,"3,40,0"
540,"0,3,271"
541,"23,38,0"
542,"23,0,3"
543,"3,4,0"
544,"3,40"
545,"40,23,3"
546,"10,64,3"
547,"3,38,23"
548,"3,40,0"
549,"23,3,10"
550,"40,3,135"
551,"3,0,40"
552,"3,40,0"
553,"10,220,3"
554,"10,3,0"
555,"23,3,24"
556,"3,10,64"
557,"0,23,3"
558,"10,64,24"
559,"40,23,3"
560,"10,0,3"
561,"0,3,265"
562,"10,220,3"
563,"0,3,10"
564,"3,40,21"
565,"3,24,23"
566,"0,3,40"
567,"0,10,3"
568,"23,74,40"
569,"10,3,0"
570,"10,3,64"
571,"40,23,3"
572,"3,0,40"
573,"10,64,3"
574,"10,64,3"
575,"3,40,21"
576,"64,10,24"
577,"64,23,10"
578,"3,21,40"
579,"10,0,3"
580,"23,3,40"
581,"3,40,21"
582,"0,3,40"
583,"3,0,40"
584,"3,0,169"
585,"0,40,3"
586,"10,220,3"
587,"3,40,0"
588,"23,40,3"
589,"3,40,21"
590,"23,0,40"
591,"10,64,3"
592,"3,169,23"
593,"23,10,3"
594,"10,220,11"
595,"3,40,135"
596,"23,38,3"
597,"0,3,8"
598,"3,0,40"
599,"23,40,38"
600,"40,3,23"
601,"40,0,23"
602,"3,4,0"
603,"0,23,3"
604,"3,4,21"
605,"0,271,23"
606,"40,3,160"
607,"3,40,0"
608,"0,3,271"
609,"23,3,38"
610,"24,23,10"
611,"23,0,38"
612,"0,3,10"
613,"3,21,40"
614,"40,23,10"
615,"0,3,271"
616,"0,10,3"
617,"3,0,40"
618,"23,0,40"
619,"40,169,3"
620,"0,23,40"
621,"23,0,3"
622,"3,40,0"
623,"3,40,21"
624,"3,0,40"
625,"0,3,23"
626,"169,3,23"
627,"3,40,0"
628,"10,40,23"
629,"3,4"
630,"0,10,40"
631,"0,3,8"
632,"3,169,40"
633,"40,3,169"
634,"0,40,3"
635,"23,0,38"
636,"40,3"
637,"3,40,21"
638,"40,3,0"
639,"0,3,271"
640,"23,40,38"
641,"0,3,8"
642,"40,3,0"
643,"40,3,131"
644,"3,40,0"
645,"23,0,3"
646,"3,40,21"
647,"23,10,0"
648,"3,4,0"
649,"169,3,23"
650,"0,3,23"
651,"23,0,38"
652,"3,10,0"
653,"40,3,131"
654,"0,3,23"
655,"40,3,131"
656,"3,4,21"
657,"0,3,8"
658,"3,0,4"
659,"3,40,0"
660,"40,131,3"
661,"0,3,40"
662,"3,0,21"
663,"24,23,3"
664,"10,3,0"
665,"23,24,10"
666,"64,10,24"
667,"3,23,40"
668,"0,23,38"
669,"0,23,3"
670,"23,40,3"
671,"23,40,10"
672,"3,0,10"
673,"0,3,169"
674,"40,3"
675,"3,23,0"
676,"0,10,23"
677,"3,40,0"
678,"3,40,21"
679,"10,220,11"
680,"0,8,23"
681,"40,131,3"
682,"10,64,0"
683,"23,40,3"
684,"40,23,3"
685,"3,21,4"
686,"0,40,10"
687,"169,40,3"
688,"23,0,3"
689,"10,220,0"
690,"3,21,40"
691,"3,0,40"
692,"3,21,4"
693,"64,10,3"
694,"0,8,3"
695,"23,0,38"
696,"23,40,38"
697,"3,0,4"
698,"3,40,0"
699,"40,131,23"
700,"3,0,40"
701,"23,10,24"
702,"3,23,40"
703,"23,0,40"
704,"23,3,38"
705,"40,3,135"
706,"3,40,0"
707,"40,3,41"
708,"0,3,40"
709,"23,24,40"
710,"3,0,40"
711,"40,23,3"
712,"3,0,40"
713,"0,3,10"
714,"3,40,23"
715,"23,24,40"
716,"3,40,0"
717,"3,4,0"
718,"3,40,21"
719,"23,40,3"
720,"3,4,21"
721,"10,3,0"
722,"3,40,21"
723,"3,40,21"
724,"3,4,0"
725,"23,24,10"
726,"3,0,40"
727,"0,8,3"
728,"169,3,23"
729,"40,3"
730,"169,0,23"
731,"169,3,40"
732,"3,40,21"
733,"10,23,3"
734,"3,169,40"
735,"0,169,3"
736,"10,3,64"
737,"3,40,169"
738,"10,11,3"
739,"0,23,3"
740,"23,0,38"
741,"0,271,265"
742,"3,0,4"
743,"23,0,10"
744,"0,3,40"
745,"3,4,0"
746,"3,23,0"
747,"3,23,0"
748,"3,169,40"
749,"10,23,24"
750,"3,40,21"
751,"23,24,64"
752,"3,40,21"
753,"3,169,170"
754,"169,3,40"
755,"24,64,3"
756,"10,23,0"
757,"40,23,0"
758,"3,0,40"
759,"169,3,0"
760,"169,40,3"
761,"0,3,40"
762,"10,3,64"
763,"3,40,21"
764,"3,21,111"
765,"0,3,40"
766,"0,3,265"
767,"169,3,23"
768,"0,3"
769,"3,23,169"
770,"3,40,0"
771,"10,0,64"
772,"3,4,21"
773,"3,4,21"
774,"169,3,40"
775,"3,40,21"
776,"3,169,21"
777,"40,3,23"
778,"3,4,0"
779,"23,10,40"
780,"64,10,3"
781,"3,23,64"
782,"0,271,265"
783,"3,40,23"
784,"3,21,4"
785,"23,3,40"
786,"0,169,3"
787,"23,40,3"
788,"0,23,3"
789,"0,3,23"
790,"3,40,21"
791,"3,0,10"
792,"10,0,3"
793,"23,40,0"
794,"169,199,3"
795,"40,131,3"
796,"3,21,111"
797,"3,0,40"
798,"40,3,0"
799,"3,40"
800,"40,3,169"
801,"0,40,3"
802,"0,23,3"
803,"3,40,0"
804,"3,0,4"
805,"169,3,199"
806,"0,23,40"
807,"23,0,10"
808,"3,40,169"
809,"3,169,0"
810,"23,0,10"
811,"23,24,10"
812,"10,0,3"
813,"0,3,271"
814,"3,40,21"
815,"40,3,23"
816,"3,40,0"
817,"3,0"
818,"3,0,40"
819,"3,169,170"
820,"0,3,40"
821,"3,40,0"
822,"169,3,23"
823,"23,24,10"
824,"3,21,111"
825,"40,23,3"
826,"0,3,10"
827,"10,3,11"
828,"169,170,296"
829,"40,0,3"
830,"3,10,0"
831,"0,3,40"
832,"0,10,23"
833,"3,169,40"
834,"3,40,21"
835,"40,3,23"
836,"169,40,3"
837,"40,3"
838,"3,4,111"
839,"3,4,21"
840,"0,40,23"
841,"3,40,21"
842,"3,4,21"
843,"23,0,3"
844,"23,10,3"
845,"3,23,40"
846,"169,3,40"
847,"40,23,3"
848,"0,3,23"
849,"3,23,40"
850,"3,40,169"
851,"23,0,10"
852,"3,23,40"
853,"23,40,0"
854,"3,40,169"
855,"40,3,41"
856,"23,3,24"
857,"64,10,3"
858,"3,4,21"
859,"40,3,169"
860,"23,0,38"
861,"23,24,10"
862,"3,40,23"
863,"0,3,40"
864,"3,0,40"
865,"40,3,41"
866,"3,21,40"
867,"3,169,40"
868,"3,0,40"
869,"23,3,24"
870,"40,3,0"
871,"3,23,40"
872,"3,21,40"
873,"3,169,40"
874,"0,271,3"
875,"0,10,23"
876,"3,40,21"
877,"40,131,0"
878,"169,40,3"
879,"23,0,38"
880,"3,4,0"
881,"0,3,40"
882,"10,0,23"
883,"40,3,131"
884,"10,64,0"
885,"3,40"
886,"169,3,40"
887,"3,10,23"
888,"3,4,21"
889,"169,3,40"
890,"10,0,23"
891,"3,0,4"
892,"23,3,38"
893,"10,3,24"
894,"23,3,0"
895,"3,0,40"
896,"40,131,0"
897,"3,40,21"
898,"40,3"
899,"0,3,169"
900,"0,3"
901,"3,40,21"
902,"10,23,0"
903,"40,131,0"
904,"10,64,3"
905,"23,0,40"
906,"0,3,23"
907,"0,3,8"
908,"3,40,0"
909,"40,23,0"
910,"10,3,0"
911,"10,3,11"
912,"3,0,40"
913,"10,0,23"
914,"10,0,64"
915,"10,220,3"
916,"3,4,0"
917,"0,3,23"
918,"3,4,111"
919,"3,0,23"
920,"3,0,40"
921,"3,10,23"
922,"3,23,40"
923,"64,10,3"
924,"40,3,131"
925,"23,0,40"
926,"3,23,10"
927,"40,23,3"
928,"3,40,0"
929,"3,4,21"
930,"23,0,3"
931,"3,0,10"
932,"0,23,40"
933,"40,23,3"
934,"3,64,23"
935,"3,40,169"
936,"3,40,0"
937,"3,0,40"
938,"3,40,21"
939,"23,40,3"
940,"3,4,0"
941,"23,0,40"
942,"3,0,40"
943,"3,169,23"
944,"3,4"
945,"3,40,169"
946,"0,8,3"
947,"3,40,21"
948,"23,74,40"
949,"40,3,0"
950,"0,271,265"
951,"10,23,24"
952,"0,40,3"
953,"23,40,3"
954,"23,24,38"
955,"10,3,11"
956,"0,10,40"
957,"23,24,3"
958,"3,23,40"
959,"3,23,24"
960,"169,40,199"
961,"3,169,40"
962,"0,10,3"
963,"40,3"
964,"10,23,24"
965,"40,23,3"
966,"10,64,24"
967,"3,169,0"
968,"3,0,4"
969,"40,23,0"
970,"40,3,135"
971,"40,3,131"
972,"3,23,0"
973,"0,3,40"
974,"10,220,3"
975,"0,3,169"
976,"0,3,8"
977,"3,40"
978,"3,21,40"
979,"3,40,23"
980,"0,3,23"
981,"0,3,8"
982,"3,40,0"
983,"3,21,40"
984,"40,131,0"
985,"40,3,41"
986,"23,40,3"
987,"40,131,3"
988,"10,64,3"
989,"3,40,21"
990,"3,0,40"
991,"10,0,23"
992,"23,169,3"
993,"3,40,21"
994,"23,10,24"
995,"3,40,0"
996,"169,3,40"
997,"40,131,0"
998,"3,40,0"
999,"3,23,0"
1000,"0,3,40"
1001,"3,4,111"
1002,"0,3,8"
1003,"3,0,23"
1004,"3,0,40"
1005,"3,169,40"
1006,"3,40,0"
1007,"23,10,24"
1008,"169,3,296"
1009,"10,3,0"
1010,"23,40,0"
1011,"3,40,21"
1012,"3,0,40"
1013,"10,64,0"
1014,"3,21,111"
1015,"0,3,23"
1016,"23,3,0"
1017,"23,0,3"
1018,"3,21,40"
1019,"3,4,0"
1020,"0,3,271"
1021,"10,220,0"
1022,"0,3,271"
1023,"23,0,26"
1024,"3,0,40"
1025,"40,3,0"
1026,"0,3,40"
1027,"23,0,3"
1028,"3,40,21"
1029,"23,24,3"
1030,"23,3,40"
1031,"3,23,24"
1032,"40,3,41"
1033,"3,40,0"
1034,"3,0,40"
1035,"3,40,0"
1036,"3,0,40"
1037,"3,40,0"
1038,"3,40"
1039,"23,24,10"
1040,"3,0,40"
1041,"10,23,3"
1042,"0,3,265"
1043,"0,3,169"
1044,"10,64,3"
1045,"23,40,0"
1046,"3,21,40"
1047,"3,169,40"
1048,"10,220,3"
1049,"0,3,40"
1050,"64,10,24"
1051,"3,40,0"
1052,"10,3,220"
1053,"3,64,23"
1054,"40,3,131"
1055,"40,3,23"
1056,"10,220,0"
1057,"3,0,23"
1058,"3,4,21"
1059,"3,40"
1060,"23,24,10"
1061,"3,40,21"
1062,"3,40"
1063,"0,3"
1064,"3,0,40"
1065,"40,3"
1066,"23,10,3"
1067,"23,0,169"
1068,"3,40,21"
1069,"3,40,0"
1070,"3,40,21"
1071,"0,3,265"
1072,"10,24,23"
1073,"0,8,3"
1074,"3,0,4"
1075,"3,21,40"
1076,"23,0,3"
1077,"3,4"
1078,"40,3,41"
1079,"3,40"
1080,"3,0,40"
1081,"3,0,40"
1082,"23,0,3"
1083,"40,3,23"
1084,"3,40"
1085,"0,40,64"
1086,"3,0"
1087,"10,3,64"
1088,"3,0,40"
1089,"40,3,23"
1090,"3,4"
1091,"3,40"
1092,"23,38,40"
1093,"3,40,21"
1094,"169,3,0"
1095,"0,3,169"
1096,"3,40,21"
1097,"3,40"
1098,"40,3,41"
1099,"40,3"
1100,"0,3,271"
1101,"0,271,3"
1102,"3,0,23"
1103,"10,23,24"
1104,"3,40,0"
1105,"23,3,40"
1106,"23,0,38"
1107,"3,0,169"
1108,"169,3,23"
1109,"169,3,199"
1110,"10,3,23"
1111,"0,23,8"
1112,"23,40,24"
1113,"3,4,111"
1114,"169,40,3"
1115,"40,3,0"
1116,"3,23,0"
1117,"0,3,40"
1118,"40,3,0"
1119,"40,23,3"
1120,"64,3,10"
1121,"3,40,21"
1122,"169,3,40"
1123,"40,3,23"
1124,"3,40,21"
1125,"3,169,40"
1126,"3,21,4"
1127,"10,64,0"
1128,"23,0,38"
1129,"0,3,271"
1130,"0,23,3"
1131,"3,0,10"
1132,"0,3,271"
1133,"10,64,0"
1134,"10,0,3"
1135,"0,3,23"
1136,"3,21,40"
1137,"169,3,40"
1138,"10,220,3"
1139,"0,3,23"
1140,"3,0,169"
1141,"3,0,40"
1142,"10,0,3"
1143,"169,3,199"
1144,"10,3,0"
1145,"23,24,10"
1146,"3,40,21"
1147,"23,0,40"
1148,"23,0,38"
1149,"3,40,0"
1150,"3,21,4"
1151,"3,40,21"
1152,"10,23,24"
1153,"0,10,3"
1154,"0,40,10"
1155,"3,10,23"
1156,"10,0,40"
1157,"0,3,40"
1158,"23,0,3"
1159,"3,0,4"
1160,"3,40,169"
1161,"3,0,40"
1162,"23,0,26"
1163,"23,0,3"
1164,"0,3,265"
1165,"23,40,0"
1166,"3,169,40"
1167,"3,0,40"
1168,"0,271,3"
1169,"23,3,10"
1170,"0,3,40"
1171,"23,38,24"
1172,"3,4,0"
1173,"0,23,38"
1174,"0,23,3"
1175,"3,23,0"
1176,"23,24,3"
1177,"0,271,265"
1178,"10,3,0"
1179,"40,3,41"
1180,"3,169,40"
1181,"0,3,169"
1182,"0,3"
1183,"0,23,38"
1184,"23,0,3"
1185,"23,31,0"
1186,"10,220,3"
1187,"3,21,40"
1188,"0,3,23"
1189,"40,169,3"
1190,"3,40,23"
1191,"3,40,135"
1192,"3,23,64"
1193,"40,3,41"
1194,"0,3"
1195,"169,3,199"
1196,"3,4"
1197,"40,3,41"
1198,"0,3,23"
1199,"23,3,0"
1200,"3,10,0"
1201,"23,3,38"
1202,"3,21,40"
1203,"23,40,3"
1204,"10,0,23"
1205,"23,10,3"
1206,"0,3,8"
1207,"0,3,265"
1208,"10,220,11"
1209,"23,3,24"
1210,"40,23,0"
1211,"169,3,40"
1212,"10,64,0"
1213,"169,0,3"
1214,"23,0,26"
1215,"10,3,0"
1216,"3,40,23"
1217,"3,111,4"
1218,"3,40"
1219,"10,64,24"
1220,"3,169,40"
1221,"0,10,3"
1222,"3,21,4"
1223,"3,40,0"
1224,"40,3,131"
1225,"10,0,3"
1226,"23,40,3"
1227,"40,3"
1228,"40,0,3"
1229,"169,3,64"
1230,"40,23,3"
1231,"3,40,0"
1232,"0,3"
1233,"0,23,38"
1234,"169,10,3"
1235,"40,3,23"
1236,"10,3,220"
1237,"0,23,3"
1238,"0,23,40"
1239,"3,40,0"
1240,"0,3"
1241,"3,40,21"
1242,"0,23,3"
1243,"40,3,0"
1244,"10,0,3"
1245,"0,3,271"
1246,"3,40,169"
1247,"23,40,0"
1248,"40,10,3"
1249,"0,169,3"
1250,"0,3,10"
1251,"10,64,24"
1252,"3,0,21"
1253,"40,23,131"
1254,"3,40,41"
1255,"23,0,40"
1256,"3,4,0"
1257,"0,271,3"
1258,"169,3,0"
1259,"0,3,265"
1260,"3,40,21"
1261,"3,0,40"
1262,"64,10,3"
1263,"3,0,40"
1264,"23,10,24"
1265,"3,40"
1266,"3,40,0"
1267,"3,40,0"
1268,"23,0,38"
1269,"3,40,21"
1270,"3,40,21"
1271,"23,3,10"
1272,"3,21,40"
1273,"23,3,40"
1274,"3,40,169"
1275,"23,0,10"
1276,"3,0,40"
1277,"3,4,40"
1278,"40,3"
1279,"3,0,23"
1280,"3,10,40"
1281,"3,0,40"
1282,"24,64,40"
1283,"3,23,40"
1284,"3,169,40"
1285,"3,21,4"
1286,"0,3,271"
1287,"23,0,26"
1288,"40,23,3"
1289,"3,0,10"
1290,"10,220,0"
1291,"169,3,23"
1292,"3,23,0"
1293,"0,23,26"
1294,"3,23,0"
1295,"3,21,4"
1296,"3,0,40"
1297,"3,40,21"
1298,"3,40,21"
1299,"10,64,3"
1300,"23,0,40"
1301,"23,40,3"
1302,"3,21,40"
1303,"3,0,23"
1304,"3,4,111"
1305,"3,0,40"
1306,"3,40,23"
1307,"169,3,199"
1308,"3,169,40"
1309,"3,23,0"
1310,"3,0,40"
1311,"23,0,3"
1312,"3,0"
1313,"23,10,0"
1314,"23,0,38"
1315,"3,40,169"
1316,"3,23,0"
1317,"3,0"
1318,"0,3,169"
1319,"3,40,21"
1320,"64,10,3"
1321,"10,220,3"
1322,"3,40,0"
1323,"23,40,3"
1324,"23,0,3"
1325,"3,40,169"
1326,"23,0,38"
1327,"10,220,0"
1328,"3,40,0"
1329,"3,40,21"
1330,"64,10,0"
1331,"3,4,0"
1332,"3,40,169"
1333,"40,169,3"
1334,"0,23,3"
1335,"3,0,40"
1336,"3,0,40"
1337,"10,220,0"
1338,"3,40"
1339,"3,40,0"
1340,"3,40,169"
1341,"40,3,131"
1342,"169,40,3"
1343,"169,3,40"
1344,"10,220,0"
1345,"40,131,3"
1346,"0,169,23"
1347,"3,0,4"
1348,"3,40,135"
1349,"169,3,23"
1350,"23,3,40"
1351,"0,3,23"
1352,"3,0,40"
1353,"0,3,40"
1354,"3,40,0"
1355,"0,23,3"
1356,"3,40,0"
1357,"3,21,4"
1358,"23,3,40"
1359,"10,11,3"
1360,"3,40,21"
1361,"40,23,3"
1362,"3,40,21"
1363,"169,3,23"
1364,"3,169,40"
1365,"23,169,0"
1366,"23,0,38"
1367,"3,4,21"
1368,"3,40,21"
1369,"40,23,38"
1370,"0,271,265"
1371,"40,3,41"
1372,"0,10,23"
1373,"10,23,3"
1374,"10,0,24"
1375,"10,23,3"
1376,"3,40,21"
1377,"169,3,23"
1378,"10,3,0"
1379,"23,3,0"
1380,"3,23,40"
1381,"0,3,40"
1382,"3,0,40"
1383,"3,40,21"
1384,"3,40,21"
1385,"40,3,0"
1386,"3,23,24"
1387,"0,3,23"
1388,"10,11,3"
1389,"3,21,111"
1390,"3,0,40"
1391,"0,3"
1392,"3,21,169"
1393,"40,3,131"
1394,"3,40,21"
1395,"40,3,135"
1396,"10,0,3"
1397,"0,3,40"
1398,"23,38,0"
1399,"169,3,23"
1400,"40,3"
1401,"169,40,23"
1402,"3,4,0"
1403,"3,40,0"
1404,"10,0,23"
1405,"169,3,64"
1406,"3,40,21"
1407,"3,21,4"
1408,"3,4,21"
1409,"3,23,10"
1410,"3,23,40"
1411,"0,23,3"
1412,"3,40,0"
1413,"3,40,23"
1414,"10,0,3"
1415,"3,40,0"
1416,"3,0,4"
1417,"3,40,0"
1418,"3,40,21"
1419,"0,3,40"
1420,"3,40"
1421,"23,40,3"
1422,"40,3,41"
1423,"23,0,38"
1424,"40,23"
1425,"3,40,0"
1426,"3,40,0"
1427,"23,3,0"
1428,"10,23,0"
1429,"3,21,111"
1430,"10,0,23"
1431,"3,40"
1432,"0,23,3"
1433,"10,64,3"
1434,"10,64,0"
1435,"10,0,64"
1436,"23,169,40"
1437,"3,169,0"
1438,"23,38,24"
1439,"40,3,23"
1440,"3,21,40"
1441,"3,21,40"
1442,"0,3,169"
1443,"10,0,64"
1444,"10,11,3"
1445,"23,3,10"
1446,"23,3,0"
1447,"23,24,40"
1448,"40,3,10"
1449,"3,40,21"
1450,"0,3,8"
1451,"3,40,0"
1452,"3,23,40"
1453,"3,40,21"
1454,"10,64,3"
1455,"40,3,0"
1456,"3,4,21"
1457,"40,3,41"
1458,"3,0,40"
1459,"3,169,40"
1460,"23,24,10"
1461,"40,3"
1462,"10,3,0"
1463,"23,10,0"
1464,"23,10,24"
1465,"40,3,0"
1466,"0,3,23"
1467,"3,169,23"
1468,"0,8,3"
1469,"23,38,74"
1470,"3,40,0"
1471,"23,24,64"
1472,"0,3,265"
1473,"3,0,4"
1474,"3,4,0"
1475,"10,64,3"
1476,"3,0,10"
1477,"3,4,0"
1478,"0,3,271"
1479,"40,3,41"
1480,"23,3,40"
1481,"0,10,40"
1482,"3,40,0"
1483,"0,3,271"
1484,"23,24,10"
1485,"3,21,4"
1486,"3,0,40"
1487,"3,0,40"
1488,"3,40,0"
1489,"40,3,0"
1490,"3,0,40"
1491,"10,64,24"
1492,"23,3,24"
1493,"0,271,265"
1494,"3,23,40"
1495,"40,23,3"
1496,"23,40,3"
1497,"40,23,131"
1498,"3,23,40"
1499,"40,131,3"
1500,"23,0,3"
1501,"3,0,40"
1502,"169,3,40"
1503,"10,0,220"
1504,"23,40,3"
1505,"3,40,23"
1506,"3,0,40"
1507,"23,0,40"
1508,"3,40,21"
1509,"0,3,40"
1510,"3,40,0"
1511,"169,40,3"
1512,"40,3,135"
1513,"0,3,8"
1514,"3,40,23"
1515,"3,4,21"
1516,"3,40,0"
1517,"40,3,0"
1518,"23,10,24"
1519,"3,4,21"
1520,"3,23,38"
1521,"23,24,10"
1522,"3,40,21"
1523,"23,0,24"
1524,"64,10,3"
1525,"10,3,0"
1526,"23,24,10"
1527,"10,64,0"
1528,"0,3,23"
1529,"23,0,3"
1530,"169,3,23"
1531,"10,220,0"
1532,"3,10,23"
1533,"23,24,10"
1534,"10,23,3"
1535,"10,3,0"
1536,"0,169,3"
1537,"3,169,0"
1538,"3,0"
1539,"3,4,21"
1540,"23,38,0"
1541,"3,169,40"
1542,"3,40,21"
1543,"40,3,135"
1544,"23,10,24"
1545,"40,3,0"
1546,"3,40"
1547,"3,23,40"
1548,"10,0,23"
1549,"10,0,64"
1550,"0,3,40"
1551,"3,4"
1552,"3,23,40"
1553,"3,4,0"
1554,"3,0,4"
1555,"3,0,23"
1556,"0,3,271"
1557,"3,40,0"
1558,"10,0,220"
1559,"3,10,64"
1560,"3,0,40"
1561,"3,10,64"
1562,"3,4,0"
1563,"0,3,40"
1564,"3,40,0"
1565,"40,3,169"
1566,"10,23,0"
1567,"0,3,40"
1568,"40,23,0"
1569,"0,8,3"
1570,"10,64,0"
1571,"23,0,10"
1572,"3,40,21"
1573,"23,3,40"
1574,"0,3,10"
1575,"10,220,0"
1576,"23,3,38"
1577,"3,40,0"
1578,"40,131,128"
1579,"0,169,3"
1580,"3,21,40"
1581,"3,40,0"
1582,"3,23,10"
1583,"169,3,199"
1584,"3,21,40"
1585,"40,3,23"
1586,"0,23,10"
1587,"3,40,21"
1588,"23,24,3"
1589,"40,23,3"
1590,"40,131,41"
1591,"10,23,3"
1592,"169,3,23"
1593,"169,40,170"
1594,"23,24,10"
1595,"169,40,170"
1596,"3,0,40"
1597,"3,0,23"
1598,"3,0,40"
1599,"23,10,0"
1600,"23,169,0"
1601,"40,3"
1602,"10,0,23"
1603,"10,11,0"
1604,"0,3,40"
1605,"3,4,21"
1606,"40,3,41"
1607,"23,40,3"
1608,"40,169,3"
1609,"3,40,0"
1610,"23,24,3"
1611,"40,3"
1612,"23,40,3"
1613,"3,21,4"
1614,"3,169,40"
1615,"3,4,0"
1616,"0,271,3"
1617,"23,0,38"
1618,"3,21,40"
1619,"10,220,3"
1620,"3,169,0"
1621,"169,40,3"
1622,"3,40,169"
1623,"3,23,40"
1624,"0,271,265"
1625,"0,23,38"
1626,"0,10,3"
1627,"23,40,3"
1628,"40,3,0"
1629,"40,131,3"
1630,"23,3,10"
1631,"40,3,0"
1632,"0,23,38"
1633,"3,40,21"
1634,"10,64,0"
1635,"0,3,40"
1636,"3,23,40"
1637,"0,3,271"
1638,"3,4,111"
1639,"40,3,23"
1640,"3,169,0"
1641,"3,21,40"
1642,"3,0,4"
1643,"10,3,0"
1644,"3,23,10"
1645,"0,3,271"
1646,"23,3,24"
1647,"3,40,10"
1648,"23,10,24"
1649,"23,3,40"
1650,"64,10,23"
1651,"0,3,265"
1652,"3,4,21"
1653,"0,3,40"
1654,"3,21,40"
1655,"3,40,0"
1656,"23,24,40"
1657,"169,3,40"
1658,"3,21,111"
1659,"10,23,3"
1660,"3,23,40"
1661,"3,0,4"
1662,"40,23,3"
1663,"40,131,3"
1664,"3,4,0"
1665,"10,3,0"
1666,"3,40"
1667,"0,23,3"
1668,"3,40,0"
1669,"40,131"
1670,"0,3,40"
1671,"10,3,0"
1672,"3,169,40"
1673,"3,40,0"
1674,"3,40,23"
1675,"10,24,23"
1676,"0,3,271"
1677,"169,0,10"
1678,"40,0,23"
1679,"3,40"
1680,"23,24,3"
1681,"0,3,40"
1682,"0,3,8"
1683,"3,21,40"
1684,"3,40,21"
1685,"0,3,40"
1686,"3,40,0"
1687,"3,40"
1688,"3,40,21"
1689,"40,3,131"
1690,"3,0,40"
1691,"3,40,0"
1692,"169,3,40"
1693,"3,4,111"
1694,"0,3"
1695,"40,23,3"
1696,"10,23,0"
1697,"40,3,0"
1698,"3,40,21"
1699,"40,3"
1700,"10,3,11"
1701,"3,0"
1702,"3,21,40"
1703,"0,3,40"
1704,"3,10,64"
1705,"3,21,111"
1706,"3,0,40"
1707,"0,3,40"
1708,"3,40,23"
1709,"40,3,23"
1710,"23,3,40"
1711,"0,3,8"
1712,"23,3,40"
1713,"0,169,3"
1714,"3,0,40"
1715,"40,169,3"
1716,"3,0,40"
1717,"0,3,40"
1718,"3,169,296"
1719,"0,23,3"
1720,"40,131,41"
1721,"23,24,64"
1722,"10,3,11"
1723,"10,0,3"
1724,"40,23,131"
1725,"10,220,0"
1726,"23,0,3"
1727,"23,40,3"
1728,"3,40,0"
1729,"0,3,10"
1730,"3,0,40"
1731,"169,3,64"
1732,"3,169,40"
1733,"64,10,3"
1734,"3,40,21"
1735,"0,3,265"
1736,"10,23,0"
1737,"3,40,21"
1738,"23,24,64"
1739,"3,0,40"
1740,"3,40,21"
1741,"3,21,40"
1742,"0,3"
1743,"0,169,3"
1744,"3,23,40"
1745,"3,40,21"
1746,"3,40,0"
1747,"3,4,21"
1748,"0,40,23"
1749,"64,10,0"
1750,"3,0,40"
1751,"3,0,10"
1752,"23,0,40"
1753,"0,3,271"
1754,"23,24,64"
1755,"40,169,3"
1756,"40,3,131"
1757,"23,0,38"
1758,"0,3,40"
1759,"23,3,38"
1760,"23,3,40"
1761,"3,0,21"
1762,"10,0,3"
1763,"169,3,40"
1764,"10,220,3"
1765,"3,40"
1766,"3,40,135"
1767,"0,23,3"
1768,"3,21,111"
1769,"3,169,199"
1770,"3,40,21"
1771,"0,3,8"
1772,"3,0,40"
1773,"3,40"
1774,"10,3,11"
1775,"40,3,169"
1776,"10,64,0"
1777,"3,0,4"
1778,"3,40,21"
1779,"3,40,21"
1780,"169,3,40"
1781,"0,169,3"
1782,"0,3,271"
1783,"23,40,0"
1784,"40,3,131"
1785,"3,40,169"
1786,"23,0,38"
1787,"0,40,10"
1788,"40,3,41"
1789,"3,169,199"
1790,"3,40,0"
1791,"10,220,3"
1792,"23,40,3"
1793,"10,11,64"
1794,"40,3"
1795,"0,3"
1796,"23,0,38"
1797,"10,220,0"
1798,"23,3,0"
1799,"3,21,111"
1800,"3,23,40"
1801,"0,169,3"
1802,"3,0,40"
1803,"0,10,3"
1804,"23,40,38"
1805,"0,3,23"
1806,"3,40,21"
1807,"23,3,24"
1808,"3,40,0"
1809,"23,3,40"
1810,"23,3,40"
1811,"3,23,0"
1812,"3,0,4"
1813,"10,0,220"
1814,"3,0,40"
1815,"0,3,10"
1816,"40,3"
1817,"3,40,21"
1818,"3,23,24"
1819,"3,0,40"
1820,"23,0,10"
1821,"23,74,40"
1822,"3,40,21"
1823,"23,0,3"
1824,"3,40,21"
1825,"23,0,40"
1826,"23,10,40"
1827,"10,64,24"
1828,"3,40,21"
1829,"169,3,40"
1830,"3,169,40"
1831,"0,3,271"
1832,"0,3,271"
1833,"3,4,21"
1834,"3,169,0"
1835,"0,3,40"
1836,"3,23,0"
1837,"0,10,23"
1838,"3,40,0"
1839,"3,0"
1840,"40,0,3"
1841,"3,40,0"
1842,"3,40,21"
1843,"3,0,40"
1844,"0,3,23"
1845,"0,10,3"
1846,"40,3,131"
1847,"3,0,40"
1848,"0,23,3"
1849,"3,0,40"
1850,"3,0,21"
1851,"10,24,64"
1852,"3,40,21"
1853,"3,40,0"
1854,"64,10,3"
1855,"0,23,3"
1856,"0,8,23"
1857,"40,3,0"
1858,"3,40"
1859,"0,3,265"
1860,"23,3,40"
1861,"40,3"
1862,"0,23,3"
1863,"64,10,3"
1864,"3,40,23"
1865,"40,131,3"
1866,"0,3,271"
1867,"3,40,169"
1868,"23,40,0"
1869,"0,23,3"
1870,"40,3,41"
1871,"0,3,40"
1872,"169,23,3"
1873,"0,3,265"
1874,"0,23,3"
1875,"40,3"
1876,"40,23,3"
1877,"23,24,10"
1878,"3,40,21"
1879,"0,3,23"
1880,"0,10,40"
1881,"169,3,10"
1882,"3,10,64"
1883,"23,74,38"
1884,"3,40,0"
1885,"3,4,0"
1886,"3,0,40"
1887,"3,23,64"
1888,"64,10,23"
1889,"3,21,40"
1890,"23,40,74"
1891,"3,40,0"
1892,"0,3,271"
1893,"10,220,0"
1894,"3,23,40"
1895,"0,3,8"
1896,"10,23,0"
1897,"23,0,64"
1898,"3,0,4"
1899,"0,23,3"
1900,"40,23,3"
1901,"3,0,40"
1902,"3,40,23"
1903,"3,21,40"
1904,"3,40,10"
1905,"3,0,23"
1906,"0,23,3"
1907,"3,0"
1908,"3,21,40"
1909,"3,4,111"
1910,"23,10,40"
1911,"10,220,0"
1912,"0,3,40"
1913,"3,4,0"
1914,"169,3,23"
1915,"0,271,265"
1916,"3,40,21"
1917,"0,3,23"
1918,"0,3,271"
1919,"169,3,40"
1920,"23,3,40"
1921,"10,3,64"
1922,"23,3,38"
1923,"3,4,0"
1924,"3,40"
1925,"3,4,0"
1926,"3,4,40"
1927,"0,23,38"
1928,"169,40,3"
1929,"3,0,4"
1930,"3,23,10"
1931,"23,0,40"
1932,"0,3,271"
1933,"3,40,0"
1934,"10,220,0"
1935,"23,74,38"
1936,"3,0,23"
1937,"3,40"
1938,"3,0,40"
1939,"169,3,10"
1940,"23,24,10"
1941,"0,3,10"
1942,"0,271,3"
1943,"3,40,23"
1944,"0,3,23"
1945,"40,3,0"
1946,"40,23,38"
1947,"23,40,0"
1948,"10,0,220"
1949,"10,3,0"
1950,"23,40,3"
1951,"23,3,10"
1952,"169,40,3"
1953,"3,0"
1954,"10,220,11"
1955,"3,40,21"
1956,"64,10,24"
1957,"3,4,0"
1958,"3,21,40"
1959,"0,271,265"
1960,"0,40,3"
1961,"3,4,0"
1962,"10,220,11"
1963,"3,64,10"
1964,"0,169,3"
1965,"23,40,0"
1966,"10,11,3"
1967,"23,40,38"
1968,"64,10,3"
1969,"0,3,40"
1970,"40,23,3"
1971,"10,220,0"
1972,"3,10,0"
1973,"3,0,23"
1974,"0,3,10"
1975,"0,3,265"
1976,"0,3"
1977,"3,23,40"
1978,"0,271,265"
1979,"0,8,3"
1980,"23,24,3"
1981,"3,4,21"
1982,"10,64,24"
1983,"3,0,4"
1984,"0,3,8"
1985,"23,3,10"
1986,"0,3,40"
1987,"0,23,3"
1988,"40,131,0"
1989,"10,220,23"
1990,"3,4,0"
1991,"10,64,24"
1992,"3,40,21"
1993,"3,0,10"
1994,"3,40,21"
1995,"3,23,40"
1996,"3,169,40"
1997,"169,3,23"
1998,"3,169,40"
1999,"23,0,10"
2000,"0,3,8"
2001,"23,3,24"
2002,"3,40,21"
2003,"23,3,0"
2004,"3,0,40"
2005,"0,3,169"
2006,"40,23,3"
2007,"0,40,3"
2008,"3,10,64"
2009,"3,10,40"
2010,"3,169,40"
2011,"0,169,3"
2012,"10,64,24"
2013,"0,271,265"
2014,"0,3,265"
2015,"0,8,3"
2016,"3,169,40"
2017,"40,3"
2018,"3,23,40"
2019,"10,220,0"
2020,"3,40,169"
2021,"3,40,21"
2022,"3,0,4"
2023,"3,0,40"
2024,"3,40,0"
2025,"169,3,40"
2026,"3,0,40"
2027,"23,0,3"
2028,"0,3"
2029,"10,0,3"
2030,"40,131,3"
2031,"23,0,10"
2032,"0,3,169"
2033,"23,24,10"
2034,"3,40"
2035,"169,0,3"
2036,"23,0,40"
2037,"3,0,4"
2038,"3,40,21"
2039,"10,0,3"
2040,"3,0,40"
2041,"3,40,21"
2042,"169,3,40"
2043,"0,3,40"
2044,"0,3,40"
2045,"3,0,40"
2046,"0,10,3"
2047,"3,40,23"
2048,"10,3,11"
2049,"3,40,0"
2050,"10,23,3"
2051,"3,169,0"
2052,"3,40,0"
2053,"40,3,131"
2054,"23,3,31"
2055,"64,10,24"
2056,"3,169,40"
2057,"0,271,265"
2058,"3,40,0"
2059,"40,3"
2060,"23,3,0"
2061,"3,40,21"
2062,"3,0,40"
2063,"10,0,23"
2064,"23,3,24"
2065,"3,169,0"
2066,"0,10,3"
2067,"10,0,64"
2068,"3,4"
2069,"23,24,40"
2070,"10,64,3"
2071,"3,40,0"
2072,"3,4,30"
2073,"23,40,0"
2074,"3,40,21"
2075,"3,23,40"
2076,"3,40,23"
2077,"3,0,40"
2078,"169,3,23"
2079,"3,169,40"
2080,"0,3"
2081,"3,40"
2082,"23,0,3"
2083,"0,3,40"
2084,"3,169,40"
2085,"169,3,23"
2086,"3,40,169"
2087,"40,3,131"
2088,"3,0,40"
2089,"0,3,40"
2090,"0,23,26"
2091,"3,0"
2092,"3,4,0"
2093,"0,3"
2094,"3,23,169"
2095,"0,3,40"
2096,"0,3,40"
2097,"3,40"
2098,"3,10,64"
2099,"10,23,3"
2100,"23,0,3"
2101,"3,40,21"
2102,"3,40,0"
2103,"40,3,169"
2104,"10,64,3"
2105,"40,3,0"
2106,"0,23,3"
2107,"169,0,40"
2108,"3,4,21"
2109,"10,0,40"
2110,"169,23,3"
2111,"3,40"
2112,"0,3,271"
2113,"64,10,3"
2114,"23,40,3"
2115,"0,271,265"
2116,"3,0,40"
2117,"0,23,38"
2118,"10,0,3"
2119,"23,0,40"
2120,"10,0,23"
2121,"0,23,40"
2122,"40,131,0"
2123,"3,40,0"
2124,"3,64,40"
2125,"23,24,3"
2126,"10,3,0"
2127,"3,40,21"
2128,"0,3,271"
2129,"3,169,4"
2130,"0,10,3"
2131,"23,40,3"
2132,"64,10,3"
2133,"3,23,38"
2134,"64,10,24"
2135,"3,40,0"
2136,"0,271,265"
2137,"10,0,3"
2138,"40,3"
2139,"3,4,40"
2140,"3,40,21"
2141,"40,131,3"
2142,"0,3,23"
2143,"3,4,111"
2144,"23,24,3"
2145,"23,3,24"
2146,"3,0,40"
2147,"0,3,271"
2148,"10,220,0"
2149,"0,23,3"
2150,"23,0,3"
2151,"64,10,3"
2152,"3,40,0"
2153,"40,3,23"
2154,"0,3,10"
2155,"3,0,40"
2156,"23,10,40"
2157,"3,23,10"
2158,"3,40,0"
2159,"40,23,3"
2160,"23,0,38"
2161,"3,0,40"
2162,"10,3,0"
2163,"3,40"
2164,"23,40,0"
2165,"169,3,40"
2166,"10,3,220"
2167,"40,23,3"
2168,"40,3,131"
2169,"169,3,64"
2170,"0,23,3"
2171,"40,3"
2172,"3,40,0"
2173,"40,3,131"
2174,"3,0,40"
2175,"0,23,3"
2176,"3,40,23"
2177,"23,3,0"
2178,"23,24,38"
2179,"3,0,40"
2180,"23,24,3"
2181,"40,23,131"
2182,"0,23,3"
2183,"0,3,23"
2184,"0,3,40"
2185,"3,40,0"
2186,"3,40,21"
2187,"40,3,0"
2188,"23,24,10"
2189,"3,40,0"
2190,"3,0,40"
2191,"40,3,23"
2192,"10,0,3"
2193,"3,0,40"
2194,"3,169,0"
2195,"0,3,169"
2196,"0,3,271"
2197,"40,3,131"
2198,"0,3,10"
2199,"3,169,0"
2200,"3,40"
2201,"0,271,3"
2202,"10,64,0"
2203,"169,3,40"
2204,"23,24,38"
2205,"3,169,23"
2206,"3,21,40"
2207,"0,3,271"
2208,"0,3,40"
2209,"3,40,169"
2210,"23,40,3"
2211,"0,169,40"
2212,"3,21,0"
2213,"3,0,4"
2214,"23,40,3"
2215,"40,3,0"
2216,"3,21,4"
2217,"40,131,3"
2218,"10,220,0"
2219,"0,3"
2220,"10,3,40"
2221,"40,131,0"
2222,"3,23,40"
2223,"0,10,3"
2224,"23,3,10"
2225,"3,0,4"
2226,"3,40,21"
2227,"10,3,0"
2228,"0,3,40"
2229,"0,3,169"
2230,"3,64,10"
2231,"10,220,0"
2232,"23,40,0"
2233,"10,0,23"
2234,"10,3,11"
2235,"0,40,10"
2236,"10,220,0"
2237,"0,3,23"
2238,"10,220,0"
2239,"0,3,265"
2240,"3,4,0"
2241,"3,23,40"
2242,"3,4,111"
2243,"3,40,21"
2244,"64,10,0"
2245,"40,0,10"
2246,"3,40,0"
2247,"10,220,3"
2248,"23,24,10"
2249,"23,10,3"
2250,"40,23,38"
2251,"3,0,40"
2252,"3,40,23"
2253,"10,3,0"
2254,"3,40,0"
2255,"10,3,11"
2256,"3,40,0"
2257,"0,3,8"
2258,"0,3,271"
2259,"10,220,3"
2260,"3,23,38"
2261,"23,3,0"
2262,"10,3,11"
2263,"40,3,135"
2264,"0,3,271"
2265,"3,40,0"
2266,"169,23,199"
2267,"10,11,3"
2268,"0,3"
2269,"64,10,3"
2270,"3,0,4"
2271,"169,3,0"
2272,"40,3,169"
2273,"3,4,0"
2274,"3,0,40"
2275,"169,3,40"
2276,"10,23,3"
2277,"3,169,40"
2278,"3,40,21"
2279,"0,3,40"
2280,"0,3,10"
2281,"23,24,10"
2282,"169,3,40"
2283,"23,0"
2284,"169,3,296"
2285,"0,3"
2286,"3,0,40"
2287,"3,0,40"
2288,"3,40,0"
2289,"10,0,220"
2290,"3,0,40"
2291,"40,3,135"
2292,"3,40,21"
2293,"23,40,74"
2294,"0,271,265"
2295,"10,0,3"
2296,"10,220,0"
2297,"3,40,21"
2298,"10,220,3"
2299,"169,40,3"
2300,"0,40,3"
2301,"3,23,38"
2302,"23,38,40"
2303,"3,40,0"
2304,"3,169,0"
2305,"3,0,40"
2306,"0,3,40"
2307,"40,3,41"
2308,"0,23,3"
2309,"3,40,0"
2310,"10,0,24"
2311,"0,8,40"
2312,"3,21,40"
2313,"169,23,3"
2314,"10,220,3"
2315,"0,23,10"
2316,"23,0,3"
2317,"23,0,169"
2318,"0,10,3"
2319,"0,3,265"
2320,"3,4,30"
2321,"169,3,40"
2322,"0,23,40"
2323,"0,3,23"
2324,"3,169,40"
2325,"0,3,8"
2326,"0,3,40"
2327,"23,0,38"
2328,"10,0,23"
2329,"40,3,41"
2330,"23,3,31"
2331,"0,40,3"
2332,"3,0"
2333,"23,10,0"
2334,"0,23,3"
2335,"23,3,0"
2336,"40,3,160"
2337,"10,220,3"
2338,"3,4,111"
2339,"3,4"
2340,"23,3,0"
2341,"23,0,3"
2342,"3,40,21"
2343,"23,38,3"
2344,"40,3,23"
2345,"3,23,40"
2346,"23,40,74"
2347,"10,220,3"
2348,"3,40,21"
2349,"40,169,3"
2350,"10,64,0"
2351,"10,3,64"
2352,"3,0,21"
2353,"10,220,3"
2354,"0,3"
2355,"0,10,3"
2356,"3,40,0"
2357,"0,3,169"
2358,"169,23,3"
2359,"23,3,0"
2360,"0,3,23"
2361,"10,0,23"
2362,"3,40,0"
2363,"40,3,41"
2364,"3,40"
2365,"40,3,0"
2366,"10,220,0"
2367,"40,0,23"
2368,"23,40,3"
2369,"3,23,0"
2370,"3,0,4"
2371,"23,0,38"
2372,"3,23,0"
2373,"10,220,3"
2374,"10,220,0"
2375,"10,23,24"
2376,"3,21,40"
2377,"0,10,3"
2378,"3,0,40"
2379,"40,0,3"
2380,"0,3,271"
2381,"0,3"
2382,"3,40,21"
2383,"3,40,0"
2384,"3,0,40"
2385,"3,4,21"
2386,"40,23,3"
2387,"169,3,40"
2388,"0,10,23"
2389,"169,3,170"
2390,"3,0,4"
2391,"10,64,3"
2392,"3,40,169"
2393,"3,40,0"
2394,"0,3,10"
2395,"3,0,40"
2396,"10,220,3"
2397,"23,10,24"
2398,"169,40,3"
2399,"3,40,41"
2400,"10,23,0"
2401,"23,24,10"
2402,"3,0,40"
2403,"0,3,40"
2404,"3,21,40"
2405,"3,23,10"
2406,"3,40"
2407,"10,0,3"
2408,"23,24,10"
2409,"10,0,3"
2410,"23,3,24"
2411,"40,3,23"
2412,"3,0,40"
2413,"3,40"
2414,"3,0,10"
2415,"3,40,0"
2416,"23,74,40"
2417,"10,64,3"
2418,"23,0,3"
2419,"10,64,3"
2420,"3,169,40"
2421,"23,24,10"
2422,"3,0,21"
2423,"3,21,40"
2424,"3,4,0"
2425,"10,64,0"
2426,"3,40,0"
2427,"0,23,169"
2428,"23,3,40"
2429,"0,3,40"
2430,"23,0,38"
2431,"40,3,0"
2432,"0,3,40"
2433,"3,0"
2434,"3,0,40"
2435,"3,40,21"
2436,"3,169,23"
2437,"23,38,0"
2438,"169,3,40"
2439,"3,40,0"
2440,"10,23,0"
2441,"0,8,23"
2442,"64,10,3"
2443,"3,21,30"
2444,"40,3,0"
2445,"40,3,23"
2446,"23,10,24"
2447,"23,0,38"
2448,"40,0,3"
2449,"10,220,3"
2450,"3,21,0"
2451,"0,3,23"
2452,"40,3,0"
2453,"40,3,169"
2454,"3,40,21"
2455,"0,3,271"
2456,"40,0,3"
2457,"40,3,0"
2458,"3,23,40"
2459,"10,3,11"
2460,"3,0,169"
2461,"23,24,10"
2462,"3,4,0"
2463,"3,21,40"
2464,"10,64,3"
2465,"0,3,271"
2466,"10,23,40"
2467,"0,23,169"
2468,"10,3,0"
2469,"3,40,0"
2470,"10,64,3"
2471,"10,220,0"
2472,"40,23,3"
2473,"3,0,40"
2474,"40,0,3"
2475,"3,40,0"
2476,"3,21,40"
2477,"3,23,24"
2478,"3,0,40"
2479,"3,40,0"
2480,"23,3,0"
2481,"169,40,3"
2482,"10,64,3"
2483,"3,40,0"
2484,"23,24,3"
2485,"169,3,199"
2486,"0,3,10"
2487,"0,3"
2488,"3,40,23"
2489,"3,0,40"
2490,"3,40,0"
2491,"0,3,40"
2492,"0,271,265"
2493,"0,10,23"
2494,"0,3,10"
2495,"3,0,10"
2496,"40,3,41"
2497,"23,3,40"
2498,"3,40"
2499,"0,23,40"
2500,"3,169,40"
2501,"3,40,21"
2502,"0,23,3"
2503,"3,0,40"
2504,"40,131,3"
2505,"0,3,23"
2506,"40,0,23"
2507,"3,4,21"
2508,"169,3,23"
2509,"23,3,0"
2510,"23,24,64"
2511,"3,40"
2512,"0,3,271"
2513,"40,0,3"
2514,"64,10,40"
2515,"3,0,21"
2516,"10,23,24"
2517,"23,24,10"
2518,"0,10,3"
2519,"40,131,23"
2520,"23,10,3"
2521,"3,40,0"
2522,"3,21,4"
2523,"3,169,0"
2524,"3,23,10"
2525,"0,10,23"
2526,"10,23,24"
2527,"23,0,38"
2528,"0,3,10"
2529,"0,23,3"
2530,"3,40,0"
2531,"23,3,40"
2532,"0,3,8"
2533,"0,23,169"
2534,"0,3,40"
2535,"40,3"
2536,"3,0,40"
2537,"23,3,24"
2538,"3,40,0"
2539,"3,4,21"
2540,"10,11,64"
2541,"3,40,169"
2542,"0,23,38"
2543,"40,3,41"
2544,"0,3,271"
2545,"40,3,0"
2546,"0,3,10"
2547,"3,40,0"
2548,"3,0,40"
2549,"23,0,3"
2550,"169,40,3"
2551,"10,64,0"
2552,"3,40,135"
2553,"23,3,40"
2554,"10,11,3"
2555,"3,0,4"
2556,"10,64,24"
2557,"3,23,0"
2558,"3,40,169"
2559,"3,40,0"
2560,"0,3,10"
2561,"3,21,111"
2562,"3,0,40"
2563,"0,169,3"
2564,"40,3,0"
2565,"23,24,10"
2566,"40,3,0"
2567,"3,40"
2568,"3,0,40"
2569,"10,0,3"
2570,"0,271,3"
2571,"3,0,21"
2572,"3,23,64"
2573,"23,40,38"
2574,"3,40,0"
2575,"10,23,0"
2576,"3,0,40"
2577,"23,24,40"
2578,"3,40,21"
2579,"3,23,10"
2580,"23,3,40"
2581,"10,220,3"
2582,"0,3,265"
2583,"40,3,41"
2584,"3,23,40"
2585,"3,40,0"
2586,"40,3,0"
2587,"3,40,0"
2588,"3,40,0"
2589,"10,3,0"
2590,"3,23,0"
2591,"0,3,10"
2592,"3,40"
2593,"10,3,0"
2594,"3,4,21"
2595,"0,3,169"
2596,"23,3,0"
2597,"40,0,3"
2598,"40,3,41"
2599,"0,3,10"
2600,"3,23,40"
2601,"0,3,10"
2602,"40,3,131"
2603,"40,3,23"
2604,"3,0,40"
2605,"0,23,3"
2606,"0,40,23"
2607,"23,3,40"
2608,"23,0,3"
2609,"40,3,135"
2610,"10,23,24"
2611,"0,271,3"
2612,"23,24,3"
2613,"0,3,40"
2614,"23,40,3"
2615,"40,3,41"
2616,"23,24,10"
2617,"10,64,0"
2618,"0,271,3"
2619,"169,3,40"
2620,"40,3,23"
2621,"0,271,265"
2622,"3,23,0"
2623,"3,0,4"
2624,"3,40,0"
2625,"0,3,265"
2626,"40,3,131"
2627,"3,21,40"
2628,"40,3,23"
2629,"0,23,271"
2630,"0,3,40"
2631,"40,23,3"
2632,"3,21,40"
2633,"23,24,3"
2634,"3,40"
2635,"169,3,40"
2636,"0,23,3"
2637,"3,21,0"
2638,"3,40,0"
2639,"3,40,0"
2640,"23,24,10"
2641,"40,3,131"
2642,"40,3,23"
2643,"3,40,169"
2644,"3,40,0"
2645,"3,40,21"
2646,"169,3,40"
2647,"3,0,40"
2648,"0,23,3"
2649,"0,3,265"
2650,"40,3,0"
2651,"3,40,23"
2652,"10,64,24"
2653,"3,40,21"
2654,"40,3,131"
2655,"10,64,3"
2656,"40,131,0"
2657,"40,23,3"
2658,"10,64,3"
2659,"10,220,0"
2660,"3,4"
2661,"3,40,0"
2662,"3,0,40"
2663,"23,24,10"
2664,"3,40,169"
2665,"23,0,40"
2666,"3,40,21"
2667,"3,0,40"
2668,"3,0,4"
2669,"23,24,10"
2670,"0,10,3"
2671,"3,10,0"
2672,"3,4,0"
2673,"23,3,40"
2674,"10,11,3"
2675,"3,40,0"
2676,"40,131,3"
2677,"3,40,0"
2678,"3,40,21"
2679,"3,10,0"
2680,"0,3"
2681,"0,169,3"
2682,"0,3,23"
2683,"3,0,4"
2684,"0,3"
2685,"10,64,11"
2686,"3,4,0"
2687,"169,3,40"
2688,"3,40,21"
2689,"3,40"
2690,"3,40,0"
2691,"169,3,0"
2692,"40,131,3"
2693,"40,23,3"
2694,"3,0,40"
2695,"40,3,169"
2696,"40,23,3"
2697,"10,64,0"
2698,"3,0,40"
2699,"40,3,0"
2700,"40,3"
2701,"3,40,21"
2702,"10,220,3"
2703,"3,4,21"
2704,"40,3,41"
2705,"169,3,40"
2706,"23,10,3"
2707,"3,0"
2708,"3,0,40"
2709,"169,40,3"
2710,"3,40,0"
2711,"3,40,23"
2712,"0,169,3"
2713,"10,64,3"
2714,"3,0,40"
2715,"3,169,40"
2716,"0,3,8"
2717,"3,40,0"
2718,"0,3,169"
2719,"169,3,23"
2720,"40,3,0"
2721,"23,0,3"
2722,"0,3,271"
2723,"3,169,0"
2724,"23,24,3"
2725,"0,271,265"
2726,"3,21,40"
2727,"23,3,24"
2728,"10,220,0"
2729,"0,23,3"
2730,"40,131,23"
2731,"3,21,0"
2732,"23,3,40"
2733,"40,3"
2734,"64,10,3"
2735,"0,10,3"
2736,"10,0,3"
2737,"3,40,21"
2738,"169,3,23"
2739,"10,220,0"
2740,"40,3,169"
2741,"0,3,40"
2742,"40,3,41"
2743,"23,74,38"
2744,"3,21,111"
2745,"23,40,0"
2746,"10,64,11"
2747,"3,40"
2748,"40,131,3"
2749,"23,3,0"
2750,"23,3,10"
2751,"40,3,41"
2752,"3,40"
2753,"3,40,0"
2754,"23,24,64"
2755,"10,64,24"
2756,"0,3,271"
2757,"23,74,40"
2758,"10,220,3"
2759,"10,220,3"
2760,"3,40,21"
2761,"0,8,3"
2762,"23,3,40"
2763,"10,0,220"
2764,"3,40,21"
2765,"0,3,40"
2766,"40,3,41"
2767,"3,40,0"
2768,"40,3"
2769,"40,3"
2770,"169,3,23"
2771,"3,10,23"
2772,"40,131,3"
2773,"10,23,24"
2774,"3,0,23"
2775,"10,0,3"
2776,"40,23,3"
2777,"3,4,40"
2778,"0,3,271"
2779,"0,23,40"
2780,"3,169,40"
2781,"0,3,8"
2782,"0,3"
2783,"23,10,3"
2784,"3,0,40"
2785,"10,3,0"
2786,"23,24,10"
2787,"23,74,40"
2788,"0,3,169"
2789,"40,23,38"
2790,"40,3,23"
2791,"40,131,3"
2792,"3,40,23"
2793,"169,3,23"
2794,"3,0,4"
2795,"40,3,41"
2796,"40,3,131"
2797,"0,3,271"
2798,"3,21,4"
2799,"0,3,40"
2800,"3,0,40"
2801,"169,3,199"
2802,"3,10,64"
2803,"40,3"
2804,"0,23,3"
2805,"23,3,24"
2806,"40,3"
2807,"3,40,21"
2808,"10,23,0"
2809,"64,10,24"
2810,"0,8,3"
2811,"3,0,40"
2812,"0,3,271"
2813,"64,10,3"
2814,"3,40,23"
2815,"3,40,23"
2816,"169,23,40"
2817,"3,23,40"
2818,"3,40,0"
2819,"3,40,169"
2820,"3,40,21"
2821,"3,0,4"
2822,"3,23,0"
2823,"169,40,0"
2824,"3,169,0"
2825,"3,23,10"
2826,"3,21,169"
2827,"3,40,0"
2828,"23,40,0"
2829,"0,3,271"
2830,"3,40"
2831,"40,23,3"
2832,"23,0,38"
2833,"40,3,0"
2834,"169,3,0"
2835,"3,40,21"
2836,"23,38,74"
2837,"10,3,0"
2838,"169,3,40"
2839,"40,169,3"
2840,"3,0,40"
2841,"40,131"
2842,"3,0,10"
2843,"3,0,169"
2844,"3,4,111"
2845,"3,4,21"
2846,"64,10,3"
2847,"3,0,40"
2848,"0,3"
2849,"10,0,220"
2850,"3,0,40"
2851,"3,40,0"
2852,"23,40,3"
2853,"40,3,135"
2854,"40,23,3"
2855,"3,0,40"
2856,"3,0,169"
2857,"3,23,40"
2858,"3,0"
2859,"40,3,131"
2860,"3,40,169"
2861,"23,0,10"
2862,"3,40,21"
2863,"3,21,4"
2864,"3,4"
2865,"40,0,3"
2866,"3,23,40"
2867,"3,0,40"
2868,"3,169,38"
2869,"23,40,0"
2870,"0,3,271"
2871,"40,131,0"
2872,"64,10,3"
2873,"0,3,10"
2874,"40,3,135"
2875,"0,40,3"
2876,"40,131,23"
2877,"10,23,24"
2878,"0,3,40"
2879,"3,4"
2880,"0,23,271"
2881,"23,10,24"
2882,"169,0,40"
2883,"3,4,0"
2884,"0,3,10"
2885,"3,10,0"
2886,"3,4"
2887,"0,271,3"
2888,"40,23,38"
2889,"10,3,23"
2890,"10,0,3"
2891,"3,40"
2892,"3,40,0"
2893,"23,0,3"
2894,"23,40,0"
2895,"23,24,40"
2896,"0,3,271"
2897,"3,64,0"
2898,"3,0,4"
2899,"40,23,3"
2900,"40,0,3"
2901,"3,0,4"
2902,"0,23,3"
2903,"0,3"
2904,"0,10,3"
2905,"3,0,40"
2906,"0,3,8"
2907,"3,40,21"
2908,"3,0,40"
2909,"3,23,40"
2910,"23,40,38"
2911,"23,0,38"
2912,"0,40,3"
2913,"40,3,0"
2914,"0,3,23"
2915,"23,24,3"
2916,"0,3,271"
2917,"10,220,11"
2918,"169,3,10"
2919,"0,271,265"
2920,"10,64,3"
2921,"40,3"
2922,"3,40,4"
2923,"40,3,131"
2924,"40,3,169"
2925,"3,169,40"
2926,"3,40,0"
2927,"3,169,23"
2928,"40,3,41"
2929,"10,0,64"
2930,"40,131,128"
2931,"23,24,10"
2932,"23,0,38"
2933,"3,40,21"
2934,"23,24,10"
2935,"3,4,21"
2936,"3,40,21"
2937,"3,4,0"
2938,"10,3,64"
2939,"3,21,111"
2940,"10,23,0"
2941,"3,0,4"
2942,"40,3,131"
2943,"23,24,64"
2944,"40,3,41"
2945,"40,3,23"
2946,"10,11,3"
2947,"23,40,3"
2948,"0,23,3"
2949,"40,3,131"
2950,"3,4,21"
2951,"3,169,40"
2952,"3,40,169"
2953,"40,3"
2954,"23,10,24"
2955,"23,3,0"
2956,"3,0,40"
2957,"10,0,3"
2958,"3,0,40"
2959,"0,3,265"
2960,"3,4,21"
2961,"3,40,23"
2962,"169,40,3"
2963,"23,0,3"
2964,"0,3,271"
2965,"10,23,0"
2966,"40,131,3"
2967,"10,3,64"
2968,"23,40,3"
2969,"23,24,3"
2970,"40,3,0"
2971,"0,3,40"
2972,"3,23,0"
2973,"0,3,8"
2974,"3,40,21"
2975,"3,40,21"
2976,"3,40,21"
2977,"64,10,24"
2978,"3,21,111"
2979,"40,3,23"
2980,"10,0,3"
2981,"10,40,0"
2982,"40,3"
2983,"10,0,23"
2984,"40,23,3"
2985,"0,40,23"
2986,"0,3,10"
2987,"40,3,169"
2988,"3,23,0"
2989,"0,10,3"
2990,"3,21,40"
2991,"10,3,11"
2992,"23,3,31"
2993,"0,3,10"
2994,"23,24,3"
2995,"10,0,220"
2996,"3,0,40"
2997,"3,40"
2998,"23,40,3"
2999,"40,3"
3000,"23,0,40"
3001,"3,0,40"
3002,"10,3,0"
3003,"23,0,40"
3004,"3,23,40"
3005,"3,4,0"
3006,"0,23,3"
3007,"3,40,135"
3008,"23,3,38"
3009,"40,3"
3010,"3,40,0"
3011,"10,3,0"
3012,"3,40,0"
3013,"10,64,0"
3014,"0,271,265"
3015,"3,40,0"
3016,"23,0,3"
3017,"23,40,0"
3018,"3,23,38"
3019,"0,23,3"
3020,"3,40,21"
3021,"3,0,40"
3022,"40,3,23"
3023,"10,0,3"
3024,"3,0,40"
3025,"40,23,3"
3026,"23,3,0"
3027,"10,64,23"
3028,"169,0,3"
3029,"3,0,40"
3030,"0,3"
3031,"169,3,0"
3032,"3,40,21"
3033,"0,271,265"
3034,"23,40,0"
3035,"0,40,3"
3036,"3,0,40"
3037,"3,0,40"
3038,"3,169,0"
3039,"0,3,40"
3040,"23,0,26"
3041,"40,131,3"
3042,"3,40,0"
3043,"169,3,23"
3044,"3,0,4"
3045,"3,40,0"
3046,"23,3,38"
3047,"3,21,40"
3048,"3,21,40"
3049,"3,4,111"
3050,"40,3,0"
3051,"23,40,0"
3052,"0,271,3"
3053,"23,0,3"
3054,"3,4,21"
3055,"40,0,3"
3056,"3,40,23"
3057,"10,0,64"
3058,"3,40,0"
3059,"23,24,10"
3060,"10,3,0"
3061,"0,3,23"
3062,"3,40,0"
3063,"23,3,38"
3064,"23,0,10"
3065,"169,3,23"
3066,"23,0,3"
3067,"23,0,38"
3068,"0,8,3"
3069,"3,23,0"
3070,"0,271,3"
3071,"3,40,0"
3072,"23,3,24"
3073,"169,3,40"
3074,"169,3,40"
3075,"3,40"
3076,"3,4,0"
3077,"3,169,40"
3078,"3,0,40"
3079,"0,23,3"
3080,"3,40,23"
3081,"23,40,0"
3082,"10,3,0"
3083,"3,23,40"
3084,"64,10,3"
3085,"3,21,40"
3086,"40,135,3"
3087,"3,40,21"
3088,"10,0,3"
3089,"23,3,38"
3090,"3,4,0"
3091,"10,3,0"
3092,"0,40,10"
3093,"23,3,0"
3094,"23,0,38"
3095,"40,23,0"
3096,"40,3,131"
3097,"0,3,23"
3098,"0,3,271"
3099,"23,0,3"
3100,"3,0,4"
3101,"3,40"
3102,"23,38,0"
3103,"40,3,41"
3104,"40,0,3"
3105,"64,10,3"
3106,"3,23,24"
3107,"169,3,199"
3108,"3,0,40"
3109,"0,3,40"
3110,"3,40,21"
3111,"10,0,3"
3112,"3,40,169"
3113,"3,21,4"
3114,"3,40,0"
3115,"40,3,0"
3116,"3,4"
3117,"40,3,0"
3118,"3,40,30"
3119,"40,3,0"
3120,"23,38,3"
3121,"0,64,10"
3122,"23,0,3"
3123,"169,3,40"
3124,"10,0,220"
3125,"169,3,40"
3126,"10,64,0"
3127,"3,23,0"
3128,"10,23,0"
3129,"3,4,111"
3130,"10,3,0"
3131,"3,40,0"
3132,"3,40,21"
3133,"3,0,169"
3134,"3,0,40"
3135,"3,0,40"
3136,"3,23,0"
3137,"3,40,0"
3138,"3,0,40"
3139,"3,0,40"
3140,"3,21,4"
3141,"3,40,0"
3142,"3,4,111"
3143,"40,3,23"
3144,"0,271,3"
3145,"23,38,40"
3146,"3,10,64"
3147,"3,40,21"
3148,"23,3,38"
3149,"3,40,21"
3150,"3,21,40"
3151,"23,40,3"
3152,"40,131,3"
3153,"3,40,21"
3154,"40,3,0"
3155,"3,23,40"
3156,"3,0,40"
3157,"10,220,3"
3158,"0,8,23"
3159,"23,24,10"
3160,"169,40,3"
3161,"3,4"
3162,"3,23,38"
3163,"40,3,41"
3164,"0,10,23"
3165,"169,0,3"
3166,"0,3,8"
3167,"0,169,3"
3168,"3,40,0"
3169,"3,0,40"
3170,"3,4,21"
3171,"3,40,169"
3172,"40,23,0"
3173,"40,131,3"
3174,"3,23,0"
3175,"0,23,3"
3176,"0,3,8"
3177,"0,23,40"
3178,"23,40,3"
3179,"0,23,26"
3180,"3,0,23"
3181,"3,4"
3182,"3,40,21"
3183,"23,24,10"
3184,"3,40,0"
3185,"40,41,131"
3186,"3,23,40"
3187,"10,220,3"
3188,"23,24,64"
3189,"3,23,0"
3190,"169,40,3"
3191,"3,169,0"
3192,"23,24,3"
3193,"3,169,40"
3194,"40,131,0"
3195,"3,40,0"
3196,"169,40,3"
3197,"0,3,40"
3198,"23,40,0"
3199,"3,0,23"
3200,"23,40,3"
3201,"3,0,23"
3202,"0,169,3"
3203,"40,23,3"
3204,"10,3,0"
3205,"40,3,41"
3206,"3,40,21"
3207,"40,3,169"
3208,"40,131,3"
3209,"3,40,21"
3210,"3,40,21"
3211,"0,3,10"
3212,"40,23,3"
3213,"40,3,41"
3214,"169,3,40"
3215,"3,0,169"
3216,"10,64,0"
3217,"23,0,38"
3218,"40,3,131"
3219,"3,10,64"
3220,"169,3,40"
3221,"40,23,0"
3222,"0,3,8"
3223,"0,3,271"
3224,"23,3,40"
3225,"3,40,0"
3226,"23,0,38"
3227,"23,0,38"
3228,"3,40,0"
3229,"0,3,8"
3230,"0,3,265"
3231,"169,3,40"
3232,"3,23,24"
3233,"23,10,24"
3234,"23,3,24"
3235,"3,40,0"
3236,"40,3,131"
3237,"23,3,40"
3238,"10,220,3"
3239,"40,3,23"
3240,"0,10,3"
3241,"3,40,21"
3242,"3,10,23"
3243,"169,0,3"
3244,"40,3,23"
3245,"10,64,3"
3246,"40,3,23"
3247,"10,0,11"
3248,"10,3,11"
3249,"3,23,40"
3250,"64,10,24"
3251,"3,40,21"
3252,"3,0,40"
3253,"40,3,131"
3254,"3,40,21"
3255,"0,271,265"
3256,"0,271,265"
3257,"0,271,265"
3258,"3,4,0"
3259,"3,4,0"
3260,"3,40,0"
3261,"10,0,40"
3262,"10,64,3"
3263,"3,40,23"
3264,"23,3,40"
3265,"3,0,23"
3266,"3,40"
3267,"0,3,40"
3268,"0,3,271"
3269,"0,3,40"
3270,"40,23,0"
3271,"23,40,74"
3272,"0,3,271"
3273,"40,0,23"
3274,"3,40,21"
3275,"40,3,41"
3276,"10,23,3"
3277,"23,3,40"
3278,"169,40,3"
3279,"3,169,40"
3280,"23,169,0"
3281,"3,40,21"
3282,"3,40,0"
3283,"40,3,0"
3284,"0,3,23"
3285,"3,40,0"
3286,"0,23,3"
3287,"0,3,10"
3288,"3,0,4"
3289,"40,3,0"
3290,"3,40,0"
3291,"40,3,23"
3292,"3,169,0"
3293,"3,40,0"
3294,"3,0,21"
3295,"3,40"
3296,"3,40,21"
3297,"10,220,3"
3298,"3,0,4"
3299,"3,40,21"
3300,"3,40,0"
3301,"3,23,40"
3302,"40,0,3"
3303,"23,10,3"
3304,"169,3,170"
3305,"0,3,40"
3306,"0,3,40"
3307,"10,220,0"
3308,"0,3,40"
3309,"3,40,23"
3310,"0,3,23"
3311,"23,10,3"
3312,"3,40,0"
3313,"10,64,3"
3314,"3,40"
3315,"23,24,3"
3316,"0,3"
3317,"0,271,265"
3318,"3,0,40"
3319,"0,3"
3320,"3,21,40"
3321,"169,3,40"
3322,"23,10,3"
3323,"3,40,0"
3324,"3,0,4"
3325,"3,0,4"
3326,"3,23,0"
3327,"23,0,40"
3328,"10,220,0"
3329,"3,4,111"
3330,"3,40,21"
3331,"3,0,10"
3332,"0,3,265"
3333,"3,40,21"
3334,"3,169,199"
3335,"3,0,23"
3336,"3,40,0"
3337,"3,40,0"
3338,"3,169,0"
3339,"0,3,271"
3340,"23,0,40"
3341,"23,24,10"
3342,"3,21,40"
3343,"3,169,170"
3344,"169,3,23"
3345,"10,220,3"
3346,"0,23,38"
3347,"3,0,40"
3348,"0,3,271"
3349,"10,220,0"
3350,"169,0,3"
3351,"0,3,40"
3352,"23,38,3"
3353,"40,3,41"
3354,"40,3,131"
3355,"3,4,111"
3356,"40,3,0"
3357,"3,40,0"
3358,"40,3,41"
3359,"23,0,3"
3360,"0,3,271"
3361,"3,0,40"
3362,"3,4,111"
3363,"40,0,3"
3364,"40,23,0"
3365,"3,0,40"
3366,"3,40,0"
3367,"40,131,0"
3368,"0,23,3"
3369,"0,3,271"
3370,"0,3,271"
3371,"3,0,40"
3372,"3,21,4"
3373,"10,64,24"
3374,"40,0,3"
3375,"3,23,0"
3376,"10,11,0"
3377,"40,3,23"
3378,"169,40,170"
3379,"40,23,3"
3380,"40,3,0"
3381,"0,3,265"
3382,"3,23,40"
3383,"10,64,3"
3384,"3,40,0"
3385,"23,40,3"
3386,"40,3,0"
3387,"169,3,40"
3388,"0,3,40"
3389,"3,40,0"
3390,"40,3"
3391,"23,0,3"
3392,"10,0,3"
3393,"40,23,3"
3394,"3,40,0"
3395,"3,40,0"
3396,"10,0,40"
3397,"10,0,3"
3398,"23,40,3"
3399,"3,40,23"
3400,"23,10,24"
3401,"3,4,21"
3402,"23,24,10"
3403,"0,23,40"
3404,"64,10,3"
3405,"3,40,0"
3406,"3,40,169"
3407,"3,40,21"
3408,"24,23,64"
3409,"23,40,3"
3410,"40,3,23"
3411,"23,40,0"
3412,"23,0,26"
3413,"10,0,23"
3414,"23,40,24"
3415,"23,24,10"
3416,"23,40,0"
3417,"40,3,0"
3418,"23,0,3"
3419,"40,23,3"
3420,"0,10,3"
3421,"10,64,0"
3422,"23,24,40"
3423,"40,3,0"
3424,"0,3,8"
3425,"3,23,40"
3426,"0,3,265"
3427,"0,3,40"
3428,"3,21,4"
3429,"40,0,3"
3430,"3,21,0"
3431,"169,3,40"
3432,"3,40,23"
3433,"40,131,0"
3434,"23,0,26"
3435,"3,40,0"
3436,"0,23,8"
3437,"23,3,40"
3438,"23,10,24"
3439,"40,131,0"
3440,"40,131,3"
3441,"23,10,3"
3442,"3,0,40"
3443,"0,169,3"
3444,"40,23,3"
3445,"3,0,40"
3446,"40,3"
3447,"23,0,40"
3448,"40,3,41"
3449,"3,4,0"
3450,"0,8,3"
3451,"3,169,40"
3452,"0,3,23"
3453,"3,4,21"
3454,"3,0,40"
3455,"0,271,3"
3456,"3,0,4"
3457,"3,21,111"
3458,"40,3,0"
3459,"23,24,3"
3460,"40,131,3"
3461,"0,23,26"
3462,"40,0,3"
3463,"3,0,40"
3464,"23,0,26"
3465,"40,3"
3466,"10,23,24"
3467,"3,4,21"
3468,"3,4,0"
3469,"3,40,21"
3470,"3,40,21"
3471,"0,3"
3472,"3,4"
3473,"0,10,40"
3474,"10,64,3"
3475,"10,11,3"
3476,"0,3,169"
3477,"3,40,0"
3478,"23,40,38"
3479,"10,3,0"
3480,"23,0,38"
3481,"23,38,3"
3482,"3,40,0"
3483,"3,169,0"
3484,"3,4,0"
3485,"3,40,21"
3486,"3,0,40"
3487,"169,3,199"
3488,"169,40,3"
3489,"3,40,21"
3490,"23,3,40"
3491,"23,3,0"
3492,"3,40,0"
3493,"40,3,0"
3494,"3,40,21"
3495,"0,40,23"
3496,"3,169,40"
3497,"23,24,10"
3498,"3,169,0"
3499,"0,3,8"
3500,"0,3,169"
3501,"3,40,21"
3502,"40,3,0"
3503,"0,10,23"
3504,"169,3,199"
3505,"3,40,0"
3506,"10,11,3"
3507,"23,74,40"
3508,"10,220,0"
3509,"0,8,3"
3510,"0,271,265"
3511,"3,0,40"
3512,"23,3,40"
3513,"23,3,40"
3514,"3,40"
3515,"10,23,24"
3516,"169,40,3"
3517,"3,10,0"
3518,"40,3,160"
3519,"0,10,23"
3520,"3,40,21"
3521,"10,23,3"
3522,"40,23,3"
3523,"3,40,0"
3524,"3,40"
3525,"23,3,40"
3526,"3,40,169"
3527,"3,40,0"
3528,"3,21,40"
3529,"40,3,41"
3530,"3,21,4"
3531,"10,220,11"
3532,"40,23,3"
3533,"23,24,3"
3534,"3,21,40"
3535,"169,3,40"
3536,"3,4,0"
3537,"3,40,0"
3538,"3,21,40"
3539,"3,0,4"
3540,"23,38,0"
3541,"23,24,40"
3542,"0,23,3"
3543,"3,40,21"
3544,"40,131,0"
3545,"0,23,3"
3546,"0,8,3"
3547,"40,3,23"
3548,"3,40,0"
3549,"0,40,3"
3550,"23,3,0"
3551,"0,3,40"
3552,"0,3,40"
3553,"3,169,40"
3554,"3,40,0"
3555,"0,3,271"
3556,"3,40,0"
3557,"40,3"
3558,"23,74,3"
3559,"3,0,23"
3560,"169,40,3"
3561,"3,0,40"
3562,"3,0,40"
3563,"40,3,41"
3564,"3,64,10"
3565,"3,4,21"
3566,"3,40,21"
3567,"3,40,23"
3568,"3,40,21"
3569,"3,169,40"
3570,"40,3"
3571,"23,3,0"
3572,"10,64,3"
3573,"169,3,40"
3574,"3,0,40"
3575,"10,11,0"
3576,"40,23,3"
3577,"10,3,0"
3578,"23,10,0"
3579,"40,3,0"
3580,"10,64,0"
3581,"0,271,265"
3582,"23,10,24"
3583,"3,23,0"
3584,"3,40,169"
3585,"3,40,21"
3586,"23,24,10"
3587,"3,21,40"
3588,"40,3,135"
3589,"23,0,38"
3590,"10,3,0"
3591,"0,3,10"
3592,"3,169,23"
3593,"23,0,3"
3594,"3,23,40"
3595,"23,3,24"
3596,"3,0,40"
3597,"23,3,31"
3598,"3,40,4"
3599,"40,23,0"
3600,"3,40,21"
3601,"3,40,23"
3602,"3,40,21"
3603,"3,40,21"
3604,"3,0,40"
3605,"0,3,10"
3606,"0,3,271"
3607,"3,40,21"
3608,"23,24,10"
3609,"3,40,21"
3610,"3,21,40"
3611,"3,21,40"
3612,"23,10,0"
3613,"40,3,131"
3614,"3,40,21"
3615,"0,3,271"
3616,"10,64,3"
3617,"3,40,10"
3618,"3,169,23"
3619,"3,40,21"
3620,"0,271,3"
3621,"169,3,23"
3622,"23,10,3"
3623,"3,4,111"
3624,"3,21,40"
3625,"10,220,3"
3626,"23,10,0"
3627,"10,0,40"
3628,"40,131,3"
3629,"3,40,0"
3630,"23,40,0"
3631,"64,10,24"
3632,"23,3,0"
3633,"40,3,169"
3634,"23,0,40"
3635,"3,4,111"
3636,"0,10,3"
3637,"40,3,0"
3638,"3,40,0"
3639,"40,10,64"
3640,"0,10,23"
3641,"3,4,0"
3642,"10,0,23"
3643,"40,131,3"
3644,"40,3"
3645,"3,0,40"
3646,"10,64,0"
3647,"3,0"
3648,"3,169,40"
3649,"23,38,40"
3650,"0,3,169"
3651,"3,4,0"
3652,"23,10,0"
3653,"23,0,3"
3654,"23,74,38"
3655,"3,40,0"
3656,"0,23,3"
3657,"10,0,3"
3658,"3,40,0"
3659,"0,3,40"
3660,"3,169,0"
3661,"10,0,3"
3662,"0,3,271"
3663,"3,40,21"
3664,"0,10,40"
3665,"64,10,24"
3666,"0,3,23"
3667,"10,0,11"
3668,"3,40,21"
3669,"40,3,131"
3670,"10,23,0"
3671,"3,23,64"
3672,"3,40,21"
3673,"3,4,0"
3674,"0,10,3"
3675,"40,3,131"
3676,"40,23,3"
3677,"3,0,4"
3678,"0,23,271"
3679,"0,271,3"
3680,"40,3,0"
3681,"3,21,40"
3682,"169,3,40"
3683,"3,0,40"
3684,"3,40,21"
3685,"3,21,40"
3686,"40,3"
3687,"0,23,26"
3688,"3,40,0"
3689,"40,131,3"
3690,"3,40,21"
3691,"169,40,3"
3692,"23,0,38"
3693,"40,3,135"
3694,"3,23,40"
3695,"0,3,40"
3696,"3,23,0"
3697,"3,40,23"
3698,"3,0,40"
3699,"3,0,40"
3700,"0,3,169"
3701,"3,40,21"
3702,"3,0,169"
3703,"3,40"
3704,"3,23,40"
3705,"40,169,3"
3706,"3,40"
3707,"40,3,0"
3708,"23,24,3"
3709,"3,40,21"
3710,"3,4,0"
3711,"10,220,0"
3712,"3,40,21"
3713,"3,23,0"
3714,"10,64,3"
3715,"10,220,3"
3716,"0,271,265"
3717,"10,220,3"
3718,"23,3,0"
3719,"10,3,0"
3720,"3,40,21"
3721,"10,0,64"
3722,"23,0,3"
3723,"3,21,40"
3724,"23,3,0"
3725,"3,4,111"
3726,"3,4,0"
3727,"0,23,3"
3728,"23,0,3"
3729,"0,23,3"
3730,"23,3,40"
3731,"3,21,0"
3732,"0,3,40"
3733,"10,23,0"
3734,"0,23,40"
3735,"10,0,220"
3736,"3,169,40"
3737,"0,23,3"
3738,"23,40,3"
3739,"3,40,21"
3740,"10,24,23"
3741,"0,3,8"
3742,"0,23,3"
3743,"23,0,3"
3744,"0,3,40"
3745,"0,3,40"
3746,"10,220,3"
3747,"3,4"
3748,"23,40,38"
3749,"0,23,3"
3750,"3,0,40"
3751,"0,3,40"
3752,"0,8,3"
3753,"3,40,0"
3754,"0,23,3"
3755,"169,3,40"
3756,"3,40,21"
3757,"40,23,0"
3758,"40,3,0"
3759,"23,40,0"
3760,"23,40,0"
3761,"10,64,0"
3762,"23,3,10"
3763,"23,3,24"
3764,"169,3,40"
3765,"40,23,3"
3766,"23,3,40"
3767,"10,220,3"
3768,"3,23,0"
3769,"3,23,0"
3770,"3,40,169"
3771,"3,21,40"
3772,"0,23,3"
3773,"3,40,21"
3774,"0,23,3"
3775,"0,3,265"
3776,"23,40,3"
3777,"40,3,0"
3778,"3,4,0"
3779,"3,40"
3780,"3,4"
3781,"3,40,21"
3782,"40,23,3"
3783,"40,23,3"
3784,"3,40,0"
3785,"10,0,3"
3786,"3,169,0"
3787,"0,3,40"
3788,"0,23,3"
3789,"3,0,40"
3790,"3,40,0"
3791,"0,271,265"
3792,"0,3,40"
3793,"10,64,0"
3794,"10,0,3"
3795,"40,3,0"
3796,"10,220,0"
3797,"3,40,0"
3798,"40,3,0"
3799,"23,0,38"
3800,"169,23,3"
3801,"3,21,40"
3802,"40,23,0"
3803,"0,3,10"
3804,"10,3,11"
3805,"0,23,3"
3806,"0,40,3"
3807,"0,23,10"
3808,"40,131,23"
3809,"3,0"
3810,"40,23,3"
3811,"10,40,23"
3812,"3,21,4"
3813,"40,0,3"
3814,"0,23,40"
3815,"3,40,0"
3816,"3,21,0"
3817,"0,10,24"
3818,"3,4,0"
3819,"3,40,0"
3820,"23,0,10"
3821,"0,271,40"
3822,"23,0,3"
3823,"3,40,0"
3824,"10,220,3"
3825,"3,40,21"
3826,"10,0,23"
3827,"23,40,38"
3828,"3,4,0"
3829,"23,0,40"
3830,"0,3,265"
3831,"3,23,0"
3832,"23,10,0"
3833,"40,3,0"
3834,"3,4,40"
3835,"10,220,3"
3836,"0,271,3"
3837,"3,0,40"
3838,"0,271,3"
3839,"10,220,3"
3840,"0,271,23"
3841,"40,23,10"
3842,"23,24,10"
3843,"3,0,40"
3844,"0,8,3"
3845,"3,40,21"
3846,"10,3,220"
3847,"169,3,170"
3848,"10,11,3"
3849,"40,0,3"
3850,"3,0,40"
3851,"0,10,3"
3852,"40,3,131"
3853,"40,3,169"
3854,"0,3,271"
3855,"23,24,40"
3856,"169,3,0"
3857,"3,40,21"
3858,"3,40,21"
3859,"3,0,21"
3860,"3,40,21"
3861,"64,10,3"
3862,"3,40,0"
3863,"40,3,160"
3864,"3,40,169"
3865,"10,0,220"
3866,"40,23,0"
3867,"169,23,0"
3868,"23,24,38"
3869,"0,3,271"
3870,"23,3,40"
3871,"10,3,0"
3872,"3,0,40"
3873,"40,3,0"
3874,"3,169,0"
3875,"23,0,38"
3876,"0,271,3"
3877,"3,40,21"
3878,"3,40,21"
3879,"0,3,8"
3880,"10,0,3"
3881,"3,40,23"
3882,"3,4,0"
3883,"40,3,0"
3884,"0,271,265"
3885,"3,40,0"
3886,"0,3,8"
3887,"23,38,31"
3888,"3,0,40"
3889,"169,23,24"
3890,"10,0,3"
3891,"23,24,40"
3892,"0,3,40"
3893,"3,4,0"
3894,"3,40,21"
3895,"3,40,0"
3896,"3,0,40"
3897,"169,3,40"
3898,"23,0,38"
3899,"23,0,3"
3900,"3,40"
3901,"3,0,40"
3902,"23,0,3"
3903,"0,3"
3904,"40,23,3"
3905,"23,0,3"
3906,"0,3,40"
3907,"0,8,3"
3908,"23,0,3"
3909,"3,169,40"
3910,"23,10,3"
3911,"3,40,0"
3912,"3,40,21"
3913,"64,3,10"
3914,"10,3,220"
3915,"23,40,3"
3916,"3,169,23"
3917,"3,40,21"
3918,"0,3,23"
3919,"40,3,131"
3920,"3,40,0"
3921,"10,11,64"
3922,"0,3,10"
3923,"40,3,23"
3924,"23,24,10"
3925,"23,24,3"
3926,"3,23,40"
3927,"23,24,10"
3928,"3,40"
3929,"3,40,0"
3930,"3,40,21"
3931,"10,11,3"
3932,"10,64,0"
3933,"10,220,0"
3934,"40,3,41"
3935,"0,3,271"
3936,"3,40,21"
3937,"23,0,40"
3938,"10,64,11"
3939,"40,3,135"
3940,"40,23,3"
3941,"23,24,10"
3942,"0,3"
3943,"3,40,23"
3944,"0,271,265"
3945,"169,3,40"
3946,"10,3,23"
3947,"0,10,64"
3948,"23,0,3"
3949,"0,3,10"
3950,"0,23,3"
3951,"3,4,21"
3952,"3,40,0"
3953,"0,10,23"
3954,"3,10,23"
3955,"3,0,23"
3956,"3,40,0"
3957,"0,8,23"
3958,"40,131,3"
3959,"40,23,3"
3960,"23,3,0"
3961,"23,38,3"
3962,"3,21,40"
3963,"0,3,10"
3964,"0,3,40"
3965,"40,23,3"
3966,"0,23,3"
3967,"10,220,0"
3968,"23,0,3"
3969,"0,3,40"
3970,"3,40,0"
3971,"23,24,40"
3972,"3,40,21"
3973,"3,0,23"
3974,"0,3,8"
3975,"0,271,23"
3976,"3,4,0"
3977,"3,4,21"
3978,"3,0,23"
3979,"0,3,271"
3980,"10,64,11"
3981,"10,3,0"
3982,"0,3,8"
3983,"0,3,8"
3984,"0,3,271"
3985,"3,40,169"
3986,"40,0,3"
3987,"0,3,40"
3988,"40,131,3"
3989,"3,40"
3990,"23,40,38"
3991,"40,3,41"
3992,"40,3,0"
3993,"0,3"
3994,"40,23,0"
3995,"0,10,3"
3996,"23,40,0"
3997,"3,40,0"
3998,"3,40,0"
3999,"3,40,169"
4000,"0,3,40"
4001,"0,271,3"
4002,"3,40,0"
4003,"3,40,30"
4004,"3,4,111"
4005,"3,40"
4006,"3,169,0"
4007,"3,40,0"
4008,"0,23,3"
4009,"3,23,40"
4010,"3,23,40"
4011,"3,23,40"
4012,"64,10,0"
4013,"3,40,0"
4014,"3,40,0"
4015,"3,4,0"
4016,"64,10,3"
4017,"0,3,23"
4018,"169,3,40"
4019,"3,4,21"
4020,"0,169,3"
4021,"0,23,8"
4022,"23,24,10"
4023,"23,0,10"
4024,"3,40,21"
4025,"3,40,21"
4026,"3,4,21"
4027,"3,21,40"
4028,"3,0,23"
4029,"3,40"
4030,"40,169,0"
4031,"3,0"
4032,"3,0,40"
4033,"0,23,10"
4034,"3,0,4"
4035,"23,40,38"
4036,"3,4,0"
4037,"3,23,40"
4038,"0,3,40"
4039,"3,40,21"
4040,"0,10,23"
4041,"3,0,40"
4042,"3,40,21"
4043,"23,40,0"
4044,"3,40,0"
4045,"10,3,11"
4046,"0,3,265"
4047,"3,21,0"
4048,"0,3,271"
4049,"0,3,40"
4050,"0,3,23"
4051,"3,10,0"
4052,"3,40"
4053,"169,3,199"
4054,"0,3,8"
4055,"0,10,40"
4056,"3,40,0"
4057,"23,40,24"
4058,"3,40,38"
4059,"0,3,271"
4060,"3,40,21"
4061,"3,169,0"
4062,"40,3,0"
4063,"10,64,24"
4064,"10,220,3"
4065,"3,40,0"
4066,"3,40,21"
4067,"3,0,4"
4068,"3,169,40"
4069,"10,0,3"
4070,"40,3,23"
4071,"3,21,40"
4072,"40,3,135"
4073,"40,3,0"
4074,"0,3,40"
4075,"40,3"
4076,"10,23,0"
4077,"0,3,271"
4078,"3,40,0"
4079,"0,3,271"
4080,"0,10,23"
4081,"3,10,23"
4082,"23,10,40"
4083,"3,169,40"
4084,"40,131,3"
4085,"0,23,38"
4086,"40,3,131"
4087,"3,40,21"
4088,"23,3,40"
4089,"3,40,169"
4090,"23,3,0"
4091,"23,0,38"
4092,"3,40,0"
4093,"3,0,40"
4094,"40,3"
4095,"23,3,38"
4096,"10,220,3"
4097,"40,0,131"
4098,"3,23,0"
4099,"23,40,3"
4100,"10,11,3"
4101,"3,40,23"
4102,"3,23,40"
4103,"0,3,40"
4104,"23,3,40"
4105,"40,169,3"
4106,"0,23,26"
4107,"23,0,3"
4108,"23,10,0"
4109,"3,21,40"
4110,"3,40"
4111,"40,3,23"
4112,"10,3,11"
4113,"40,3,23"
4114,"10,23,3"
4115,"10,0,3"
4116,"3,40,0"
4117,"3,64,10"
4118,"3,23,40"
4119,"40,131,3"
4120,"3,4,111"
4121,"10,220,11"
4122,"3,4,0"
4123,"0,3,271"
4124,"23,0,3"
4125,"23,24,0"
4126,"3,4,40"
4127,"40,131,3"
4128,"23,0,3"
4129,"0,10,23"
4130,"23,0,38"
4131,"40,3"
4132,"3,40,21"
4133,"40,3"
4134,"3,0,40"
4135,"3,23,0"
4136,"3,0,4"
4137,"3,0,4"
4138,"3,0,40"
4139,"0,3,23"
4140,"3,4"
4141,"40,23,0"
4142,"0,3,23"
4143,"40,131,0"
4144,"40,3"
4145,"0,40,3"
4146,"3,40"
4147,"3,40"
4148,"23,0,3"
4149,"3,40,169"
4150,"169,3,23"
4151,"3,4,21"
4152,"10,64,3"
4153,"23,3,296"
4154,"40,3,41"
4155,"40,0,23"
4156,"3,0"
4157,"64,10,3"
4158,"3,40,21"
4159,"40,3,23"
4160,"0,3,169"
4161,"0,3,271"
4162,"40,3,135"
4163,"3,40,0"
4164,"3,0,10"
4165,"3,0,40"
4166,"10,3,220"
4167,"23,0,40"
4168,"169,40,3"
4169,"3,0,40"
4170,"3,21,40"
4171,"3,40"
4172,"3,40,21"
4173,"0,23,3"
4174,"23,3,0"
4175,"3,0,40"
4176,"0,3,271"
4177,"3,21,40"
4178,"3,23,40"
4179,"0,3,271"
4180,"0,271,265"
4181,"40,3,41"
4182,"23,74,38"
4183,"0,23,10"
4184,"3,23,24"
4185,"10,3,0"
4186,"23,24,3"
4187,"23,40,38"
4188,"10,3,0"
4189,"23,24,40"
4190,"23,3,40"
4191,"23,0,38"
4192,"64,10,23"
4193,"0,23,8"
4194,"3,21,40"
4195,"3,169,40"
4196,"0,23,3"
4197,"3,40,0"
4198,"3,4,0"
4199,"0,40,23"
4200,"3,0,40"
4201,"10,64,3"
4202,"0,23,3"
4203,"40,3,131"
4204,"23,10,0"
4205,"10,220,0"
4206,"0,23,40"
4207,"23,3,40"
4208,"10,3,0"
4209,"3,4,0"
4210,"23,0,3"
4211,"64,10,3"
4212,"169,23,3"
4213,"23,0,38"
4214,"3,0"
4215,"10,220,0"
4216,"3,40,0"
4217,"0,271,3"
4218,"0,3,8"
4219,"3,169,23"
4220,"40,3,131"
4221,"23,40,24"
4222,"0,3,40"
4223,"3,0,169"
4224,"3,40,0"
4225,"3,40,0"
4226,"23,40,0"
4227,"3,23,40"
4228,"3,0,23"
4229,"40,3,131"
4230,"3,40,21"
4231,"0,10,3"
4232,"10,0,3"
4233,"0,40,10"
4234,"3,10,0"
4235,"40,3,41"
4236,"3,23,10"
4237,"3,0,21"
4238,"23,24,10"
4239,"0,3,23"
4240,"23,24,10"
4241,"3,21,40"
4242,"3,40,0"
4243,"3,23,64"
4244,"3,21,40"
4245,"23,0,38"
4246,"0,271,3"
4247,"40,3,23"
4248,"3,0,23"
4249,"23,3,40"
4250,"3,21,4"
4251,"64,10,3"
4252,"3,169,296"
4253,"3,23,40"
4254,"10,23,3"
4255,"3,21,4"
4256,"40,0,131"
4257,"3,0,10"
4258,"3,0,4"
4259,"3,21,40"
4260,"0,8,3"
4261,"3,40,0"
4262,"3,4,0"
4263,"40,3,131"
4264,"3,0,40"
4265,"0,23,3"
4266,"3,4,111"
4267,"10,64,3"
4268,"3,40,21"
4269,"23,3,40"
4270,"3,10,0"
4271,"3,0,4"
4272,"3,21,4"
4273,"0,3,23"
4274,"23,38,3"
4275,"169,3,40"
4276,"169,3,40"
4277,"0,169,3"
4278,"3,21,169"
4279,"3,40,21"
4280,"3,40,21"
4281,"169,23,3"
4282,"23,24,64"
4283,"169,40,3"
4284,"40,23,131"
4285,"23,169,40"
4286,"3,10,64"
4287,"40,3,131"
4288,"10,0,3"
4289,"10,3,220"
4290,"10,0,3"
4291,"23,74,38"
4292,"10,0,3"
4293,"0,23,10"
4294,"3,40,21"
4295,"40,23,3"
4296,"23,0,3"
4297,"0,8,3"
4298,"40,3"
4299,"23,3,169"
4300,"10,23,24"
4301,"0,169,3"
4302,"40,3,135"
4303,"23,3,10"
4304,"23,40,0"
4305,"0,3,10"
4306,"10,3,0"
4307,"40,23,3"
4308,"23,0,10"
4309,"10,24,23"
4310,"23,10,0"
4311,"169,3,199"
4312,"40,131,0"
4313,"40,3,41"
4314,"64,10,3"
4315,"3,40,21"
4316,"23,10,24"
4317,"23,0,40"
4318,"23,0,38"
4319,"23,3,0"
4320,"23,40,3"
4321,"40,3,131"
4322,"10,0,3"
4323,"3,23,40"
4324,"169,40,3"
4325,"23,24,40"
4326,"3,0"
4327,"23,0,26"
4328,"10,3,64"
4329,"40,3"
4330,"0,23,8"
4331,"3,23,40"
4332,"23,24,10"
4333,"3,40,21"
4334,"40,3,0"
4335,"3,0,23"
4336,"64,10,3"
4337,"3,40,0"
4338,"3,4,21"
4339,"3,0,40"
4340,"3,0,21"
4341,"23,0,3"
4342,"40,3,41"
4343,"40,3,23"
4344,"0,10,3"
4345,"3,4,0"
4346,"3,169,0"
4347,"10,3,0"
4348,"169,23,3"
4349,"3,40,21"
4350,"3,21,40"
4351,"64,10,23"
4352,"23,24,10"
4353,"23,40,3"
4354,"0,3,271"
4355,"169,3,64"
4356,"3,40,21"
4357,"40,3,135"
4358,"3,0,4"
4359,"40,3,23"
4360,"40,0,23"
4361,"169,3,40"
4362,"10,11,3"
4363,"0,40,3"
4364,"0,23,3"
4365,"40,3,169"
4366,"3,40,21"
4367,"3,23,40"
4368,"23,74,40"
4369,"0,3,169"
4370,"3,40,21"
4371,"3,23,38"
4372,"10,0,3"
4373,"23,40,3"
4374,"3,40"
4375,"3,21,4"
4376,"0,23,3"
4377,"40,23,0"
4378,"3,40,21"
4379,"3,23,10"
4380,"3,4,0"
4381,"10,220,0"
4382,"23,40,3"
4383,"40,131,0"
4384,"3,21,4"
4385,"3,23,0"
4386,"64,10,23"
4387,"3,4,111"
4388,"10,0,220"
4389,"23,10,40"
4390,"3,40"
4391,"10,0,23"
4392,"40,23,3"
4393,"23,0,40"
4394,"0,3,169"
4395,"10,64,3"
4396,"10,220,3"
4397,"3,40,0"
4398,"40,23,38"
4399,"3,21,40"
4400,"0,23,3"
4401,"23,74,40"
4402,"40,3,169"
4403,"10,0,220"
4404,"23,10,0"
4405,"3,40,21"
4406,"23,0,3"
4407,"3,23,24"
4408,"169,3,199"
4409,"3,40,0"
4410,"23,0,38"
4411,"23,3,31"
4412,"3,169,0"
4413,"3,21,40"
4414,"3,0,40"
4415,"3,40,21"
4416,"40,131,3"
4417,"0,271,3"
4418,"169,3,64"
4419,"3,169,0"
4420,"23,3,40"
4421,"40,3,23"
4422,"3,21,111"
4423,"23,169,3"
4424,"0,3,8"
4425,"10,64,3"
4426,"0,271,3"
4427,"23,0,10"
4428,"23,10,3"
4429,"0,271,265"
4430,"3,40,21"
4431,"3,40,169"
4432,"10,3,0"
4433,"169,3,199"
4434,"40,0,23"
4435,"3,40,0"
4436,"3,40,0"
4437,"3,4"
4438,"0,3,271"
4439,"23,0,3"
4440,"23,0,3"
4441,"0,23,3"
4442,"3,40,23"
4443,"3,0,40"
4444,"0,8,3"
4445,"64,10,24"
4446,"40,3,0"
4447,"10,3,0"
4448,"40,131,0"
4449,"64,10,3"
4450,"3,0,4"
4451,"3,23,40"
4452,"169,3,23"
4453,"23,40,10"
4454,"10,220,0"
4455,"40,3,23"
4456,"40,3,131"
4457,"10,220,3"
4458,"0,23,3"
4459,"40,23,0"
4460,"10,64,24"
4461,"40,3,0"
4462,"10,220,3"
4463,"3,0,4"
4464,"10,64,3"
4465,"3,169,40"
4466,"3,40,0"
4467,"64,10,24"
4468,"40,3"
4469,"23,3,38"
4470,"3,40,0"
4471,"0,8,3"
4472,"0,3,8"
4473,"10,3,0"
4474,"3,40,21"
4475,"169,0,3"
4476,"169,3,40"
4477,"169,3,40"
4478,"3,40,21"
4479,"3,23,40"
4480,"169,0,3"
4481,"40,3,131"
4482,"40,3,0"
4483,"40,3"
4484,"0,3,8"
4485,"23,3,38"
4486,"3,21,0"
4487,"3,23,40"
4488,"3,40,0"
4489,"40,3,41"
4490,"10,64,3"
4491,"169,3,0"
4492,"0,3,10"
4493,"0,271,265"
4494,"3,0"
4495,"3,38,23"
4496,"0,169,3"
4497,"40,3,131"
4498,"40,131,3"
4499,"3,40,0"
4500,"0,271,3"
4501,"40,131,0"
4502,"3,0,4"
4503,"23,24,10"
4504,"3,23,40"
4505,"23,0,26"
4506,"23,24,10"
4507,"10,220,11"
4508,"0,3,23"
4509,"23,3,40"
4510,"3,0,23"
4511,"40,3,23"
4512,"3,0,40"
4513,"0,3,8"
4514,"3,0,40"
4515,"3,40"
4516,"40,3,41"
4517,"0,3,40"
4518,"40,0,131"
4519,"40,3,0"
4520,"40,23,3"
4521,"40,3,131"
4522,"23,38,0"
4523,"3,23,40"
4524,"23,0,3"
4525,"3,169,0"
4526,"0,3,10"
4527,"40,131,3"
4528,"0,3,271"
4529,"10,3,23"
4530,"3,4,0"
4531,"3,40,0"
4532,"40,3,131"
4533,"0,8,3"
4534,"0,3,10"
4535,"3,0,4"
4536,"3,40,21"
4537,"64,10,3"
4538,"0,10,40"
4539,"3,40"
4540,"10,220,0"
4541,"3,21,111"
4542,"40,3,131"
4543,"169,3,0"
4544,"3,23,0"
4545,"3,0,4"
4546,"3,40,21"
4547,"40,3,160"
4548,"3,40,23"
4549,"3,40,0"
4550,"3,40,0"
4551,"23,40,24"
4552,"64,10,24"
4553,"40,23,0"
4554,"169,3,199"
4555,"10,23,0"
4556,"23,3,10"
4557,"3,40,0"
4558,"3,40,0"
4559,"23,10,0"
4560,"3,0,40"
4561,"40,3,0"
4562,"10,0,64"
4563,"3,40,21"
4564,"10,11,3"
4565,"40,3,41"
4566,"23,0,40"
4567,"0,169,3"
4568,"40,3,23"
4569,"3,0,40"
4570,"23,24,64"
4571,"3,10,23"
4572,"3,169,40"
4573,"23,3,24"
4574,"23,10,3"
4575,"40,3,131"
4576,"3,10,40"
4577,"3,10,64"
4578,"0,23,3"
4579,"3,40,0"
4580,"3,169,40"
4581,"0,23,26"
4582,"3,0,169"
4583,"23,0,40"
4584,"3,40,21"
4585,"23,3,40"
4586,"3,21,0"
4587,"10,0,23"
4588,"3,21,111"
4589,"0,3,40"
4590,"0,23,3"
4591,"3,40,21"
4592,"3,40,4"
4593,"40,3,23"
4594,"3,0,23"
4595,"3,21,4"
4596,"3,169,0"
4597,"23,0,40"
4598,"3,40,0"
4599,"3,40,0"
4600,"10,220,40"
4601,"0,3,23"
4602,"3,40,4"
4603,"40,3,0"
4604,"23,64,24"
4605,"40,3,41"
4606,"40,3"
4607,"0,3,265"
4608,"23,3,40"
4609,"10,0,3"
4610,"40,3"
4611,"40,3,169"
4612,"0,3,271"
4613,"3,4,0"
4614,"3,0,169"
4615,"3,40,0"
4616,"3,0,40"
4617,"40,131,3"
4618,"23,3,40"
4619,"23,10,40"
4620,"40,131,0"
4621,"23,10,24"
4622,"0,3,271"
4623,"3,40,21"
4624,"40,3,131"
4625,"3,4,0"
4626,"3,169,23"
4627,"3,21,40"
4628,"3,0,23"
4629,"10,3,11"
4630,"64,10,3"
4631,"40,23,3"
4632,"23,0,3"
4633,"23,3,40"
4634,"3,40,0"
4635,"3,169,40"
4636,"40,3"
4637,"40,3"
4638,"40,131,0"
4639,"23,0,3"
4640,"3,40,4"
4641,"3,21,40"
4642,"23,3,40"
4643,"40,23,0"
4644,"3,21,40"
4645,"64,10,3"
4646,"23,3,40"
4647,"169,3,40"
4648,"169,24,3"
4649,"3,21,40"
4650,"0,10,3"
4651,"40,131,41"
4652,"3,169,40"
4653,"23,40,24"
4654,"10,64,24"
4655,"3,40,23"
4656,"3,21,0"
4657,"10,11,0"
4658,"0,23,40"
4659,"0,3"
4660,"0,271,23"
4661,"3,169,0"
4662,"3,21,111"
4663,"3,40"
4664,"40,131,3"
4665,"3,10"
4666,"40,23,3"
4667,"3,4,21"
4668,"0,271,265"
4669,"0,23,26"
4670,"3,169,40"
4671,"3,0,23"
4672,"0,3,23"
4673,"23,3,40"
4674,"3,21,40"
4675,"40,23,0"
4676,"169,0,23"
4677,"169,23,3"
4678,"40,3,41"
4679,"23,0,26"
4680,"3,23,40"
4681,"3,40,21"
4682,"3,169,40"
4683,"169,3,23"
4684,"3,21,40"
4685,"64,10,3"
4686,"3,0,23"
4687,"3,0,4"
4688,"0,3"
4689,"40,3,160"
4690,"0,3,40"
4691,"0,23,3"
4692,"3,40,21"
4693,"3,40,21"
4694,"23,38,0"
4695,"23,3,40"
4696,"3,4"
4697,"3,40,0"
4698,"23,0,3"
4699,"64,10,3"
4700,"169,3,170"
4701,"169,3,40"
4702,"3,40,0"
4703,"10,220,0"
4704,"23,3,31"
4705,"0,3,271"
4706,"3,21,111"
4707,"40,3,131"
4708,"3,23,296"
4709,"40,3,23"
4710,"169,0,23"
4711,"10,220,0"
4712,"64,10,24"
4713,"23,40,0"
4714,"23,38,0"
4715,"0,3,271"
4716,"23,10,24"
4717,"0,271,265"
4718,"3,40,0"
4719,"0,3,40"
4720,"23,0,40"
4721,"40,169,3"
4722,"23,0,10"
4723,"40,3,0"
4724,"0,3,10"
4725,"40,3,131"
4726,"23,74,3"
4727,"3,4"
4728,"3,0,23"
4729,"3,40,0"
4730,"3,0,40"
4731,"3,0,40"
4732,"3,40,21"
4733,"10,23,40"
4734,"10,220,3"
4735,"3,169,23"
4736,"3,40,0"
4737,"3,40,21"
4738,"169,3,40"
4739,"3,0,40"
4740,"3,40,21"
4741,"3,0,40"
4742,"3,169,0"
4743,"3,169,40"
4744,"3,40,21"
4745,"3,40,21"
4746,"3,0"
4747,"40,23,0"
4748,"40,3,23"
4749,"0,40,10"
4750,"10,0,3"
4751,"0,3,271"
4752,"0,23,3"
4753,"40,169,3"
4754,"40,3,131"
4755,"0,8,3"
4756,"40,23,3"
4757,"0,3,40"
4758,"3,40,21"
4759,"3,40,0"
4760,"3,38,23"
4761,"3,40,0"
4762,"3,40,21"
4763,"23,40,38"
4764,"40,23,0"
4765,"3,0,40"
4766,"40,23,131"
4767,"0,3,10"
4768,"10,3,11"
4769,"0,3"
4770,"40,3,0"
4771,"3,21,4"
4772,"10,23,0"
4773,"3,4,0"
4774,"3,40,21"
4775,"3,40,21"
4776,"3,169,40"
4777,"3,40,21"
4778,"0,271,265"
4779,"10,220,3"
4780,"3,0,40"
4781,"0,10,23"
4782,"3,23,0"
4783,"0,10,64"
4784,"3,169,0"
4785,"3,0,40"
4786,"0,23,3"
4787,"3,0,4"
4788,"3,40"
4789,"23,0,3"
4790,"0,3,40"
4791,"3,40,0"
4792,"0,3,8"
4793,"23,40,38"
4794,"3,4,111"
4795,"3,23,40"
4796,"0,271,265"
4797,"3,40,0"
4798,"0,3,271"
4799,"3,169,23"
4800,"40,3"
4801,"3,40,21"
4802,"10,220,3"
4803,"40,3,41"
4804,"169,3,40"
4805,"3,0,21"
4806,"0,3,271"
4807,"3,23,40"
4808,"23,40,74"
4809,"23,24,10"
4810,"10,3,0"
4811,"3,40"
4812,"3,0,40"
4813,"23,3,24"
4814,"23,0,3"
4815,"10,0,64"
4816,"3,23,40"
4817,"0,3,271"
4818,"10,40,23"
4819,"3,0,40"
4820,"0,3,169"
4821,"0,8,3"
4822,"3,40,0"
4823,"3,23,0"
4824,"3,0,4"
4825,"23,3,0"
4826,"10,23,3"
4827,"10,11,0"
4828,"40,3,131"
4829,"3,40,0"
4830,"23,169,3"
4831,"0,23,3"
4832,"0,8,3"
4833,"40,131,0"
4834,"0,271,8"
4835,"3,21,111"
4836,"10,23,3"
4837,"40,3,131"
4838,"3,0,40"
4839,"3,40,21"
4840,"169,3,23"
4841,"169,23,3"
4842,"3,40,21"
4843,"23,40,24"
4844,"10,3,40"
4845,"3,40,21"
4846,"3,21,40"
4847,"10,0,3"
4848,"3,40,0"
4849,"0,10,40"
4850,"0,8,3"
4851,"40,0,3"
4852,"40,3,131"
4853,"40,23,3"
4854,"3,0,4"
4855,"23,24,10"
4856,"40,3,131"
4857,"10,220,3"
4858,"23,0,24"
4859,"0,10,3"
4860,"3,0,40"
4861,"64,10,3"
4862,"40,3,0"
4863,"3,40,169"
4864,"3,40,0"
4865,"40,0,131"
4866,"23,24,40"
4867,"3,40,0"
4868,"23,3,31"
4869,"0,40,3"
4870,"64,23,10"
4871,"169,170,3"
4872,"10,3,0"
4873,"3,169,40"
4874,"23,40,3"
4875,"3,0,21"
4876,"3,40,21"
4877,"0,3,40"
4878,"40,3,41"
4879,"0,3,40"
4880,"0,40,23"
4881,"23,38,40"
4882,"10,220,3"
4883,"3,4,21"
4884,"0,3,40"
4885,"40,3,23"
4886,"3,21,40"
4887,"3,4,0"
4888,"3,40,0"
4889,"169,3,40"
4890,"0,3,10"
4891,"169,3,23"
4892,"3,0,4"
4893,"0,3,169"
4894,"23,3,0"
4895,"0,8,3"
4896,"10,23,0"
4897,"3,23,38"
4898,"3,40,21"
4899,"3,40,21"
4900,"3,40,21"
4901,"10,11,3"
4902,"23,3,40"
4903,"169,40,170"
4904,"40,3,41"
4905,"169,3,40"
4906,"10,64,3"
4907,"0,169,3"
4908,"3,21,40"
4909,"3,0,40"
4910,"23,40,38"
4911,"40,3,0"
4912,"3,21,40"
4913,"23,3,24"
4914,"0,3,40"
4915,"3,40,0"
4916,"10,220,0"
4917,"0,3,40"
4918,"23,40,38"
4919,"23,0,38"
4920,"3,21,40"
4921,"23,0,38"
4922,"64,10,0"
4923,"0,3,169"
4924,"3,0,40"
4925,"40,3,131"
4926,"64,10,0"
4927,"3,40,21"
4928,"10,3,0"
4929,"40,3,131"
4930,"40,23,3"
4931,"3,40,23"
4932,"40,3"
4933,"10,64,24"
4934,"10,0,220"
4935,"23,74,40"
4936,"10,0,220"
4937,"169,3,23"
4938,"40,3,41"
4939,"0,3,10"
4940,"169,3,0"
4941,"0,3,10"
4942,"23,40,24"
4943,"23,0,3"
4944,"23,40,24"
4945,"10,220,0"
4946,"3,40,0"
4947,"0,10,3"
4948,"40,3,131"
4949,"3,40,0"
4950,"3,0,40"
4951,"23,0,38"
4952,"0,8,3"
4953,"3,4,0"
4954,"40,0,3"
4955,"0,23,40"
4956,"10,220,3"
4957,"23,0,38"
4958,"10,64,3"
4959,"10,23,3"
4960,"169,23,3"
4961,"40,3,0"
4962,"3,0,10"
4963,"3,0,40"
4964,"0,8,40"
4965,"3,40,21"
4966,"10,0,23"
4967,"3,0,4"
4968,"3,23,0"
4969,"10,23,24"
4970,"23,0,3"
4971,"10,220,3"
4972,"10,220,0"
4973,"3,40,21"
4974,"3,4"
4975,"23,0,10"
4976,"3,40,21"
4977,"3,21,40"
4978,"23,40,3"
4979,"3,0,40"
4980,"0,3,40"
4981,"0,10,40"
4982,"3,40,169"
4983,"40,3,41"
4984,"3,40,169"
4985,"3,40,21"
4986,"23,3,40"
4987,"40,3,0"
4988,"0,3,23"
4989,"40,131,23"
4990,"23,3,40"
4991,"10,0,3"
4992,"3,4,0"
4993,"3,40,21"
4994,"40,3,41"
4995,"10,64,0"
4996,"23,3,40"
4997,"0,169,3"
4998,"10,220,0"
4999,"64,10,3"
5000,"10,40,23"
5001,"3,4,111"
5002,"3,40,0"
5003,"40,23,3"
5004,"3,40,21"
5005,"3,169,0"
5006,"23,0,3"
5007,"169,3,40"
5008,"40,3,41"
5009,"40,0,131"
5010,"23,0,38"
5011,"0,3,271"
5012,"23,40,24"
5013,"3,4"
5014,"23,40,38"
5015,"64,10,24"
5016,"64,10,23"
5017,"3,4,0"
5018,"3,40,0"
5019,"169,3,40"
5020,"40,3,135"
5021,"3,10,40"
5022,"10,64,0"
5023,"169,23,0"
5024,"3,4,111"
5025,"3,169,0"
5026,"0,3,40"
5027,"40,3"
5028,"3,0,40"
5029,"3,0,40"
5030,"0,3,23"
5031,"3,4,0"
5032,"3,40,135"
5033,"3,40,169"
5034,"3,40,0"
5035,"0,3,26"
5036,"3,40,23"
5037,"3,23,40"
5038,"169,0,3"
5039,"40,3,131"
5040,"23,24,10"
5041,"64,10,24"
5042,"23,3,40"
5043,"10,3,0"
5044,"64,10,24"
5045,"40,3,0"
5046,"3,0,30"
5047,"3,4"
5048,"40,23,3"
5049,"3,40,0"
5050,"3,0,40"
5051,"40,3,23"
5052,"40,131,41"
5053,"3,0,40"
5054,"23,74,40"
5055,"3,40,0"
5056,"10,64,0"
5057,"3,40,21"
5058,"10,23,3"
5059,"3,169,0"
5060,"3,0,4"
5061,"3,40,0"
5062,"169,23,0"
5063,"3,40,0"
5064,"0,3,271"
5065,"3,4,111"
5066,"0,3,8"
5067,"3,4,111"
5068,"40,131,0"
5069,"3,4,111"
5070,"3,0,40"
5071,"23,3,24"
5072,"0,3,23"
5073,"40,3"
5074,"3,40,21"
5075,"3,40,21"
5076,"3,40,0"
5077,"3,21,40"
5078,"10,220,0"
5079,"40,3"
5080,"10,64,23"
5081,"10,220,0"
5082,"23,40,0"
5083,"3,40,169"
5084,"3,40,0"
5085,"3,40,21"
5086,"40,3"
5087,"3,40,0"
5088,"40,131,3"
5089,"3,40"
5090,"169,3,23"
5091,"23,0,3"
5092,"10,0,3"
5093,"0,10,3"
5094,"10,3,0"
5095,"23,40,38"
5096,"10,0,3"
5097,"10,64,24"
5098,"0,3,40"
5099,"10,11,3"
5100,"3,40,296"
5101,"40,3,0"
5102,"3,169,40"
5103,"40,0,3"
5104,"23,0,38"
5105,"169,3,40"
5106,"3,40,0"
5107,"3,40,21"
5108,"3,23,0"
5109,"3,40,0"
5110,"3,21,0"
5111,"40,23,3"
5112,"3,40,21"
5113,"3,0,40"
5114,"3,40,21"
5115,"40,3,23"
5116,"0,169,3"
5117,"0,3,10"
5118,"3,21,40"
5119,"3,21,40"
5120,"3,40,21"
5121,"10,64,40"
5122,"3,0,4"
5123,"3,0,40"
5124,"10,64,11"
5125,"10,0,3"
5126,"40,131,3"
5127,"3,23,40"
5128,"40,131,23"
5129,"40,0,3"
5130,"10,3,220"
5131,"23,40,0"
5132,"23,40,3"
5133,"10,220,3"
5134,"40,10,0"
5135,"0,3,8"
5136,"40,3"
5137,"3,0,40"
5138,"0,8,3"
5139,"0,3,271"
5140,"10,64,3"
5141,"64,10,3"
5142,"10,64,0"
5143,"169,3,40"
5144,"0,23,26"
5145,"3,0,4"
5146,"3,40,0"
5147,"0,10,40"
5148,"0,3,10"
5149,"3,40,21"
5150,"0,10,3"
5151,"3,4,21"
5152,"64,10,0"
5153,"3,40,21"
5154,"10,11,3"
5155,"10,23,24"
5156,"3,40,0"
5157,"3,169,0"
5158,"40,3,131"
5159,"23,0,40"
5160,"3,4,111"
5161,"3,40,0"
5162,"3,169,40"
5163,"10,3,220"
5164,"0,23,3"
5165,"0,3"
5166,"0,3,40"
5167,"3,40"
5168,"10,0,3"
5169,"3,23,40"
5170,"0,3,23"
5171,"40,3,0"
5172,"3,40,21"
5173,"3,0,40"
5174,"3,0,23"
5175,"3,0,4"
5176,"3,0,23"
5177,"3,169,40"
5178,"169,3,0"
5179,"23,10,24"
5180,"10,3,0"
5181,"3,0,40"
5182,"10,0,23"
5183,"23,0,3"
5184,"10,11,3"
5185,"0,23,3"
5186,"3,21,111"
5187,"23,3,40"
5188,"3,4,21"
5189,"3,40,0"
5190,"3,40,21"
5191,"169,3,0"
5192,"10,40,0"
5193,"23,40,38"
5194,"3,40"
5195,"23,24,40"
5196,"10,23,3"
5197,"0,10,23"
5198,"40,3"
5199,"0,3,40"
5200,"0,3,40"
5201,"3,40,0"
5202,"40,3,23"
5203,"23,0,38"
5204,"23,3,38"
5205,"3,40"
5206,"3,40,21"
5207,"3,40,21"
5208,"0,8,23"
5209,"3,169,40"
5210,"0,23,3"
5211,"10,0,23"
5212,"169,3,40"
5213,"40,131,41"
5214,"3,40,21"
5215,"10,0,23"
5216,"40,3,23"
5217,"40,3,169"
5218,"169,23,3"
5219,"3,40,0"
5220,"23,40,3"
5221,"3,40,0"
5222,"0,10,23"
5223,"23,3,40"
5224,"40,3,0"
5225,"23,3,40"
5226,"23,0,40"
5227,"3,10,64"
5228,"0,23,3"
5229,"10,11,3"
5230,"0,23,3"
5231,"0,3,40"
5232,"3,0,4"
5233,"3,40"
5234,"40,3,0"
5235,"23,10,3"
5236,"169,0,23"
5237,"169,3,40"
5238,"10,64,3"
5239,"169,3,40"
5240,"10,24,64"
5241,"3,0,40"
5242,"23,0,26"
5243,"10,0,3"
5244,"23,40,3"
5245,"3,21,40"
5246,"40,3"
5247,"3,4,0"
5248,"169,170,199"
5249,"40,131,0"
5250,"40,3,131"
5251,"23,3,74"
5252,"3,21,40"
5253,"3,40,0"
5254,"23,3,0"
5255,"0,3,40"
5256,"169,199,3"
5257,"40,3,131"
5258,"0,23,3"
5259,"0,8,3"
5260,"0,23,38"
5261,"23,40,3"
5262,"3,23,40"
5263,"23,0,38"
5264,"3,0,23"
5265,"10,220,3"
5266,"3,169,40"
5267,"169,23,10"
5268,"3,4"
5269,"3,40,21"
5270,"0,3,271"
5271,"40,3"
5272,"23,3,10"
5273,"40,169,3"
5274,"40,3,0"
5275,"23,40,3"
5276,"0,8,3"
5277,"0,23,3"
5278,"169,3,0"
5279,"3,21,40"
5280,"23,0,38"
5281,"23,40,3"
5282,"3,23,40"
5283,"3,23,40"
5284,"0,23,38"
5285,"3,4,21"
5286,"3,0,40"
5287,"3,40,21"
5288,"3,0,40"
5289,"40,3,0"
5290,"3,21,40"
5291,"3,40,0"
5292,"23,40,0"
5293,"0,271,3"
5294,"23,0,3"
5295,"169,0,3"
5296,"40,0,23"
5297,"3,0,40"
5298,"169,23,40"
5299,"10,3,220"
5300,"23,24,10"
5301,"40,0,23"
5302,"169,3,0"
5303,"24,23,64"
5304,"23,10,40"
5305,"3,0,40"
5306,"3,40,0"
5307,"40,3,23"
5308,"0,40,3"
5309,"10,64,3"
5310,"23,40,3"
5311,"10,0,3"
5312,"3,40"
5313,"23,0,3"
5314,"0,3,23"
5315,"10,0,3"
5316,"0,3,23"
5317,"3,21,40"
5318,"0,3,265"
5319,"3,40,0"
5320,"3,169,40"
5321,"40,131,0"
5322,"3,0,40"
5323,"0,23,3"
5324,"0,23,40"
5325,"3,40,23"
5326,"3,40,0"
5327,"3,169,0"
5328,"3,0,40"
5329,"23,0,3"
5330,"3,40"
5331,"40,3,131"
5332,"0,10,23"
5333,"3,4,21"
5334,"40,3,135"
5335,"3,40,21"
5336,"3,169,40"
5337,"23,3,31"
5338,"169,3,40"
5339,"40,131,3"
5340,"169,3,40"
5341,"169,3,0"
5342,"3,40,21"
5343,"40,3,169"
5344,"0,40,23"
5345,"0,23,3"
5346,"0,23,10"
5347,"23,0,38"
5348,"0,23,3"
5349,"3,40,23"
5350,"23,40,3"
5351,"3,21,40"
5352,"40,131,3"
5353,"0,3,10"
5354,"0,3,40"
5355,"40,3,131"
5356,"3,40,0"
5357,"40,23,0"
5358,"3,21,4"
5359,"23,24,40"
5360,"0,23,40"
5361,"3,40,21"
5362,"23,40,0"
5363,"3,0,40"
5364,"10,11,3"
5365,"3,21,40"
5366,"3,0,21"
5367,"40,169,3"
5368,"169,40,3"
5369,"3,21,40"
5370,"3,4,0"
5371,"64,10,3"
5372,"3,0,40"
5373,"0,3"
5374,"169,3,10"
5375,"40,131,0"
5376,"169,3,23"
5377,"0,3,40"
5378,"3,4"
5379,"169,3,40"
5380,"23,0,3"
5381,"40,3"
5382,"10,220,0"
5383,"0,271,265"
5384,"40,3,131"
5385,"0,271,265"
5386,"3,23,40"
5387,"3,40,10"
5388,"10,0,3"
5389,"40,3,0"
5390,"10,0,3"
5391,"3,64,10"
5392,"169,3,296"
5393,"3,169,0"
5394,"0,40,23"
5395,"3,0,23"
5396,"23,3,40"
5397,"0,3,40"
5398,"0,3,271"
5399,"0,23,3"
5400,"3,40,21"
5401,"169,0,3"
5402,"23,3,40"
5403,"40,3,131"
5404,"0,3,40"
5405,"40,3,131"
5406,"40,3,41"
5407,"0,23,40"
5408,"169,3,0"
5409,"3,40,21"
5410,"0,3,23"
5411,"169,296,23"
5412,"3,23,169"
5413,"64,10,3"
5414,"169,0,3"
5415,"0,10,23"
5416,"3,0,23"
5417,"3,40,0"
5418,"10,3,0"
5419,"0,10,23"
5420,"3,40,0"
5421,"3,40,21"
5422,"3,169,40"
5423,"3,40,21"
5424,"64,10,3"
5425,"0,3,169"
5426,"3,0,40"
5427,"23,0,24"
5428,"10,23,64"
5429,"10,0,220"
5430,"3,21,111"
5431,"3,4"
5432,"23,40,3"
5433,"3,40,0"
5434,"0,3,40"
5435,"10,64,23"
5436,"40,23,38"
5437,"0,3,8"
5438,"0,23,3"
5439,"40,3,131"
5440,"23,0,3"
5441,"0,23,40"
5442,"0,3,10"
5443,"0,8,3"
5444,"3,0,40"
5445,"40,0,3"
5446,"0,3,271"
5447,"3,40"
5448,"0,3,10"
5449,"40,131,3"
5450,"3,10,23"
5451,"3,169,0"
5452,"3,40,0"
5453,"3,40,169"
5454,"169,0,199"
5455,"3,40"
5456,"0,3"
5457,"3,40,0"
5458,"3,23,0"
5459,"3,40,0"
5460,"3,21,111"
5461,"23,10,24"
5462,"3,40,0"
5463,"3,21,40"
5464,"3,21,4"
5465,"0,3,23"
5466,"0,3,271"
5467,"40,169,3"
5468,"23,24,10"
5469,"0,3,23"
5470,"0,23,3"
5471,"169,0,40"
5472,"3,40,23"
5473,"0,271,265"
5474,"0,271,40"
5475,"3,0,40"
5476,"3,40,0"
5477,"10,0,64"
5478,"23,3,24"
5479,"3,23,40"
5480,"169,3,40"
5481,"3,40"
5482,"169,0,40"
5483,"0,3,40"
5484,"3,0,40"
5485,"0,23,3"
5486,"3,0,40"
5487,"3,0,169"
5488,"3,23,0"
5489,"0,23,3"
5490,"3,40,21"
5491,"0,3,10"
5492,"3,21,40"
5493,"3,10,64"
5494,"3,4,30"
5495,"0,3,271"
5496,"40,23,3"
5497,"0,23,3"
5498,"3,40,0"
5499,"3,0,40"
5500,"10,3,0"
5501,"23,10,0"
5502,"23,40,38"
5503,"10,64,23"
5504,"23,3,40"
5505,"40,23,0"
5506,"0,3,40"
5507,"0,3"
5508,"0,23,38"
5509,"0,23,3"
5510,"3,40,21"
5511,"3,40,21"
5512,"169,3,40"
5513,"3,21,40"
5514,"10,0,23"
5515,"0,10,3"
5516,"40,131,3"
5517,"10,64,0"
5518,"40,23,3"
5519,"3,40,21"
5520,"23,40,0"
5521,"23,0,3"
5522,"23,3,40"
5523,"3,21,40"
5524,"10,220,0"
5525,"3,40,0"
5526,"0,23,3"
5527,"3,0,10"
5528,"3,40,0"
5529,"10,11,3"
5530,"3,0,4"
5531,"23,3,40"
5532,"23,0,38"
5533,"169,40,3"
5534,"3,21,40"
5535,"0,3,271"
5536,"3,0,40"
5537,"3,0,40"
5538,"169,40,3"
5539,"10,3,0"
5540,"23,40,38"
5541,"23,3,24"
5542,"3,169,0"
5543,"0,169,3"
5544,"0,23,40"
5545,"3,40,21"
5546,"23,24,3"
5547,"3,169,199"
5548,"3,40,0"
5549,"10,11,3"
5550,"3,40,135"
5551,"169,40,135"
5552,"0,3,40"
5553,"169,40,3"
5554,"0,271,3"
5555,"23,3,24"
5556,"3,23,40"
5557,"23,38,3"
5558,"0,3"
5559,"23,0,38"
5560,"3,21,111"
5561,"3,40,0"
5562,"10,3,0"
5563,"10,0,220"
5564,"23,24,10"
5565,"0,3,23"
5566,"10,23,24"
5567,"3,0,40"
5568,"3,21,4"
5569,"40,3,41"
5570,"10,220,40"
5571,"23,24,64"
5572,"169,23,0"
5573,"3,40,21"
5574,"40,3"
5575,"0,3,23"
5576,"40,169,3"
5577,"0,3,40"
5578,"0,23,3"
5579,"10,220,0"
5580,"40,3,23"
5581,"10,23,0"
5582,"3,0,4"
5583,"40,3,23"
5584,"40,131,3"
5585,"3,23,0"
5586,"40,3,169"
5587,"10,3,0"
5588,"40,23,0"
5589,"3,40,21"
5590,"0,3,271"
5591,"23,40,38"
5592,"40,131,3"
5593,"40,3,21"
5594,"10,220,0"
5595,"23,0,38"
5596,"0,3,23"
5597,"3,40,296"
5598,"40,3,0"
5599,"0,271,265"
5600,"3,0,40"
5601,"10,3,64"
5602,"3,40,21"
5603,"23,0,38"
5604,"3,23,40"
5605,"10,0,3"
5606,"10,0,3"
5607,"23,0,38"
5608,"10,0,220"
5609,"24,23,3"
5610,"3,4,111"
5611,"0,3,271"
5612,"0,3,169"
5613,"3,0,169"
5614,"23,0,38"
5615,"3,0,40"
5616,"10,64,24"
5617,"0,271,3"
5618,"0,23,3"
5619,"3,21,4"
5620,"64,10,3"
5621,"10,220,0"
5622,"40,0,3"
5623,"0,3,23"
5624,"0,271,23"
5625,"3,0,40"
5626,"0,40,3"
5627,"40,169,3"
5628,"0,40,3"
5629,"3,10,0"
5630,"3,23,40"
5631,"3,23,0"
5632,"3,40,0"
5633,"3,169,0"
5634,"3,169,40"
5635,"64,10,3"
5636,"169,3,40"
5637,"23,0,3"
5638,"3,0,10"
5639,"3,40,169"
5640,"40,3,23"
5641,"0,271,3"
5642,"169,40,3"
5643,"3,40"
5644,"3,169,40"
5645,"0,23,3"
5646,"40,23,3"
5647,"10,0,64"
5648,"23,40,3"
5649,"23,38,40"
5650,"3,40,21"
5651,"169,3,296"
5652,"0,3,40"
5653,"23,40,3"
5654,"3,4,0"
5655,"0,3,23"
5656,"3,40,0"
5657,"3,40"
5658,"3,0,4"
5659,"3,0,40"
5660,"40,3,41"
5661,"10,64,3"
5662,"40,3,0"
5663,"23,0,38"
5664,"0,3,271"
5665,"0,271,265"
5666,"40,3"
5667,"3,40"
5668,"23,3,40"
5669,"23,0,3"
5670,"0,3,265"
5671,"64,10,3"
5672,"23,10,0"
5673,"40,23,3"
5674,"10,64,23"
5675,"3,4,40"
5676,"3,23,40"
5677,"0,3,169"
5678,"23,74,40"
5679,"3,40,21"
5680,"0,3,40"
5681,"10,23,40"
5682,"3,40,21"
5683,"23,10,0"
5684,"40,131,3"
5685,"3,0,30"
5686,"3,40,21"
5687,"10,0,64"
5688,"0,23,3"
5689,"3,40,23"
5690,"23,64,10"
5691,"40,3,0"
5692,"3,0,40"
5693,"40,3,0"
5694,"23,0,3"
5695,"23,3,0"
5696,"23,3,24"
5697,"3,4,0"
5698,"23,0,10"
5699,"3,0,40"
5700,"40,3"
5701,"3,40,169"
5702,"3,40,21"
5703,"10,0,64"
5704,"10,64,3"
5705,"3,0,40"
5706,"3,0,23"
5707,"40,3"
5708,"169,3,199"
5709,"3,40"
5710,"23,3,24"
5711,"0,23,26"
5712,"0,23,3"
5713,"10,220,3"
5714,"40,131,3"
5715,"0,169,3"
5716,"3,169,0"
5717,"10,3,11"
5718,"3,40,0"
5719,"40,131,23"
5720,"40,169,3"
5721,"3,21,40"
5722,"0,23,40"
5723,"40,131,3"
5724,"10,0,64"
5725,"3,21,40"
5726,"0,3,271"
5727,"3,4,111"
5728,"169,3,40"
5729,"23,10,0"
5730,"169,3,23"
5731,"0,3,23"
5732,"0,169,3"
5733,"3,40,23"
5734,"40,131,41"
5735,"3,40,21"
5736,"0,23,38"
5737,"23,0,40"
5738,"3,0,40"
5739,"10,64,24"
5740,"3,4,0"
5741,"23,0,38"
5742,"10,220,11"
5743,"3,4"
5744,"0,3"
5745,"3,40,21"
5746,"10,64,0"
5747,"40,3,23"
5748,"10,23,24"
5749,"64,10,3"
5750,"10,0,220"
5751,"40,3,41"
5752,"40,3,169"
5753,"10,0,3"
5754,"40,3"
5755,"23,24,10"
5756,"169,40,3"
5757,"3,0,4"
5758,"40,3,23"
5759,"169,0,3"
5760,"10,220,0"
5761,"40,131,0"
5762,"3,4,111"
5763,"10,24,0"
5764,"3,4"
5765,"3,4,0"
5766,"10,3,0"
5767,"3,40"
5768,"23,0,3"
5769,"169,3,23"
5770,"3,40,0"
5771,"23,0,26"
5772,"40,0,10"
5773,"23,3,40"
5774,"3,21,4"
5775,"23,10,24"
5776,"10,23,0"
5777,"3,169,0"
5778,"3,40,21"
5779,"3,40,21"
5780,"0,40,3"
5781,"3,40,21"
5782,"10,23,0"
5783,"3,40,0"
5784,"3,40,0"
5785,"3,40,23"
5786,"169,3,199"
5787,"10,220,0"
5788,"40,23,3"
5789,"40,23,3"
5790,"23,0,38"
5791,"23,40,0"
5792,"10,64,3"
5793,"3,40,0"
5794,"0,10,3"
5795,"3,40,0"
5796,"3,169,40"
5797,"10,23,0"
5798,"23,3,0"
5799,"23,0,40"
5800,"10,3,0"
5801,"40,3,0"
5802,"23,40,0"
5803,"23,24,64"
5804,"23,3,0"
5805,"0,3,271"
5806,"0,3,23"
5807,"3,0"
5808,"3,21,40"
5809,"23,40,3"
5810,"10,3,0"
5811,"3,40,0"
5812,"169,3,199"
5813,"3,21,169"
5814,"0,3"
5815,"0,23,3"
5816,"3,169,0"
5817,"40,23,3"
5818,"3,0,40"
5819,"40,3,169"
5820,"10,3,220"
5821,"0,8,3"
5822,"0,3,271"
5823,"23,3,38"
5824,"10,23,0"
5825,"23,3,40"
5826,"23,3,40"
5827,"3,21,111"
5828,"10,220,0"
5829,"24,23,64"
5830,"23,24,3"
5831,"3,21,40"
5832,"3,23,40"
5833,"23,10,0"
5834,"0,23,38"
5835,"40,0,3"
5836,"3,4"
5837,"10,0,220"
5838,"3,40,169"
5839,"10,3,40"
5840,"40,131,3"
5841,"40,3,160"
5842,"10,3,11"
5843,"169,23,3"
5844,"3,40,21"
5845,"0,3,23"
5846,"3,40,0"
5847,"3,40,21"
5848,"3,0,40"
5849,"169,3,40"
5850,"0,10,23"
5851,"0,10,23"
5852,"23,0,40"
5853,"3,40,0"
5854,"169,40,3"
5855,"40,131,3"
5856,"0,23,3"
5857,"40,3,0"
5858,"3,40,21"
5859,"0,3"
5860,"64,10,3"
5861,"0,23,3"
5862,"10,23,3"
5863,"3,0,40"
5864,"0,40,10"
5865,"40,3,131"
5866,"23,38,40"
5867,"10,220,0"
5868,"23,24,10"
5869,"3,0,40"
5870,"3,40,0"
5871,"0,3,169"
5872,"3,23,64"
5873,"10,23,3"
5874,"3,40,0"
5875,"40,131,0"
5876,"3,0,169"
5877,"3,23,31"
5878,"0,3,169"
5879,"3,40,21"
5880,"40,3,41"
5881,"3,40,23"
5882,"40,131,41"
5883,"3,169,0"
5884,"0,23,3"
5885,"0,3,271"
5886,"10,40,0"
5887,"10,3,0"
5888,"23,3,24"
5889,"40,23,0"
5890,"3,10,23"
5891,"3,0,4"
5892,"0,3,271"
5893,"3,21,40"
5894,"23,3,40"
5895,"0,23,3"
5896,"3,40"
5897,"3,4,111"
5898,"3,0,40"
5899,"3,23,40"
5900,"40,0,131"
5901,"3,40,23"
5902,"3,40,23"
5903,"169,3,40"
5904,"23,74,3"
5905,"3,4,111"
5906,"10,11,40"
5907,"40,3,41"
5908,"40,169,3"
5909,"64,10,3"
5910,"0,3"
5911,"40,3,135"
5912,"23,10,3"
5913,"40,3,131"
5914,"0,23,3"
5915,"23,0,10"
5916,"40,131,3"
5917,"40,131,3"
5918,"40,0,3"
5919,"3,40,0"
5920,"10,3,0"
5921,"3,40,0"
5922,"0,3,40"
5923,"3,23,10"
5924,"0,3,271"
5925,"3,0,40"
5926,"10,64,0"
5927,"3,0,40"
5928,"3,40,23"
5929,"3,4"
5930,"0,23,169"
5931,"3,0,23"
5932,"64,10,24"
5933,"3,40,21"
5934,"3,4,0"
5935,"40,169,3"
5936,"0,10,3"
5937,"23,40,24"
5938,"23,0,3"
5939,"40,3"
5940,"0,3"
5941,"10,64,24"
5942,"3,0,4"
5943,"10,220,3"
5944,"3,4,0"
5945,"3,40,23"
5946,"23,3,40"
5947,"0,23,3"
5948,"10,220,3"
5949,"3,0,40"
5950,"10,0,23"
5951,"0,271,265"
5952,"23,0,169"
5953,"3,40,0"
5954,"40,131,3"
5955,"3,40,135"
5956,"3,0,40"
5957,"3,0,40"
5958,"3,40,0"
5959,"3,0,169"
5960,"3,40,0"
5961,"3,0,40"
5962,"3,40,21"
5963,"23,10,3"
5964,"3,0,21"
5965,"0,3,10"
5966,"40,131,3"
5967,"40,3,23"
5968,"3,0,40"
5969,"3,40,169"
5970,"23,0,40"
5971,"169,23,3"
5972,"23,24,3"
5973,"0,3,40"
5974,"3,40,21"
5975,"23,40,3"
5976,"3,40"
5977,"0,3,10"
5978,"3,40,0"
5979,"64,10,24"
5980,"23,10,0"
5981,"0,3,40"
5982,"0,3,40"
5983,"10,0,3"
5984,"169,23,0"
5985,"3,4,111"
5986,"40,3,41"
5987,"0,169,3"
5988,"23,0,40"
5989,"3,40,21"
5990,"3,40,169"
5991,"0,3"
5992,"0,3,40"
5993,"10,220,0"
5994,"40,0,3"
5995,"10,0,64"
5996,"3,4,0"
5997,"10,220,0"
5998,"3,0,4"
5999,"40,131,41"
6000,"3,23,10"
6001,"3,40,21"
6002,"3,0,4"
6003,"0,3,40"
6004,"3,0,23"
6005,"23,3,40"
6006,"40,131,23"
6007,"3,40,23"
6008,"3,40,169"
6009,"3,0,21"
6010,"10,64,0"
6011,"3,40,0"
6012,"64,3,10"
6013,"0,10,23"
6014,"3,4,21"
6015,"3,169,0"
6016,"3,0,21"
6017,"169,0,10"
6018,"0,3,10"
6019,"3,40,0"
6020,"23,24,64"
6021,"0,3,271"
6022,"0,8,3"
6023,"3,40,21"
6024,"0,3,23"
6025,"23,10,24"
6026,"3,21,111"
6027,"0,3,40"
6028,"3,40,0"
6029,"40,131,3"
6030,"3,21,40"
6031,"23,74,38"
6032,"0,3,271"
6033,"40,3,0"
6034,"3,4,0"
6035,"40,3,135"
6036,"23,10,40"
6037,"23,3,74"
6038,"23,0,38"
6039,"3,4,111"
6040,"40,3,0"
6041,"40,23,131"
6042,"3,40"
6043,"3,40,135"
6044,"0,3,10"
6045,"40,131,0"
6046,"10,220,0"
6047,"23,24,10"
6048,"23,10,0"
6049,"3,40,23"
6050,"23,40,3"
6051,"40,23,3"
6052,"3,40,0"
6053,"40,3"
6054,"40,0,3"
6055,"3,10,40"
6056,"3,40"
6057,"0,3,271"
6058,"3,40,0"
6059,"23,40,3"
6060,"40,3,41"
6061,"3,40,0"
6062,"40,23,0"
6063,"3,40,0"
6064,"3,40,21"
6065,"23,3,38"
6066,"3,21,40"
6067,"23,3,38"
6068,"169,3,40"
6069,"3,4,0"
6070,"3,4,0"
6071,"3,0,40"
6072,"0,3,40"
6073,"23,3,40"
6074,"3,40,21"
6075,"40,3,131"
6076,"10,23,0"
6077,"0,3,271"
6078,"169,40,0"
6079,"24,23,64"
6080,"10,0,3"
6081,"3,0,40"
6082,"0,3"
6083,"0,3,169"
6084,"23,0,3"
6085,"23,3,10"
6086,"40,3,160"
6087,"23,38,40"
6088,"23,24,3"
6089,"23,10,24"
6090,"64,10,24"
6091,"10,64,24"
6092,"169,3,23"
6093,"40,3,0"
6094,"40,23,0"
6095,"0,23,26"
6096,"3,40,21"
6097,"10,0,3"
6098,"3,4,0"
6099,"64,10,23"
6100,"0,3,8"
6101,"40,23,0"
6102,"0,3,169"
6103,"0,271,265"
6104,"3,40,0"
6105,"169,3,40"
6106,"3,0"
6107,"40,3,23"
6108,"10,0,3"
6109,"3,4,21"
6110,"10,23,3"
6111,"23,40,3"
6112,"40,3,0"
6113,"169,23,3"
6114,"10,220,0"
6115,"169,3,23"
6116,"0,3,40"
6117,"0,3,23"
6118,"23,0,38"
6119,"10,3,0"
6120,"0,3,8"
6121,"10,0,23"
6122,"3,0,40"
6123,"40,23,3"
6124,"3,40,21"
6125,"0,3"
6126,"3,40,21"
6127,"3,21,111"
6128,"40,3,41"
6129,"0,23,10"
6130,"3,21,40"
6131,"3,21,0"
6132,"3,40"
6133,"0,3,271"
6134,"10,64,23"
6135,"3,0,21"
6136,"10,0,3"
6137,"3,4,21"
6138,"3,0,40"
6139,"3,40,0"
6140,"3,21,111"
6141,"40,3,0"
6142,"64,10,3"
6143,"64,10,3"
6144,"23,10,0"
6145,"3,40"
6146,"10,23,3"
6147,"0,23,3"
6148,"3,40,21"
6149,"23,24,64"
6150,"3,21,40"
6151,"0,40,3"
6152,"169,199,3"
6153,"40,3,169"
6154,"23,3,40"
6155,"10,220,3"
6156,"3,0"
6157,"23,10,24"
6158,"40,23,3"
6159,"40,131,0"
6160,"0,3,40"
6161,"3,0,4"
6162,"40,3,0"
6163,"169,3,23"
6164,"3,40,169"
6165,"10,0,3"
6166,"3,169,40"
6167,"10,0,23"
6168,"10,24,23"
6169,"3,0,40"
6170,"3,4"
6171,"3,40,21"
6172,"3,21,40"
6173,"3,23,24"
6174,"3,23,40"
6175,"3,23,40"
6176,"40,3,131"
6177,"40,23,3"
6178,"3,0,40"
6179,"169,3,0"
6180,"40,3"
6181,"10,220,3"
6182,"23,3,40"
6183,"23,40,0"
6184,"23,0,38"
6185,"3,0,4"
6186,"3,40,0"
6187,"23,0,40"
6188,"23,24,10"
6189,"23,40,74"
6190,"23,0,3"
6191,"23,40,3"
6192,"0,169,3"
6193,"40,23,0"
6194,"23,40,0"
6195,"23,40,0"
6196,"3,21,40"
6197,"3,21,4"
6198,"23,3,74"
6199,"24,23,10"
6200,"3,40,21"
6201,"64,3,10"
6202,"0,3,169"
6203,"23,3,24"
6204,"40,3,0"
6205,"23,0,38"
6206,"10,0,64"
6207,"3,40"
6208,"0,40,23"
6209,"3,40,21"
6210,"0,3,8"
6211,"3,21,4"
6212,"40,3,131"
6213,"0,23,3"
6214,"3,21,4"
6215,"10,3,0"
6216,"23,10,0"
6217,"40,0,3"
6218,"23,24,10"
6219,"40,3,131"
6220,"10,3,220"
6221,"0,271,265"
6222,"3,0,40"
6223,"40,131,0"
6224,"3,23,0"
6225,"10,220,0"
6226,"10,0,220"
6227,"10,64,0"
6228,"40,23,3"
6229,"3,0,40"
6230,"0,3,23"
6231,"0,3,271"
6232,"3,23,40"
6233,"0,3,40"
6234,"3,40,21"
6235,"3,21,40"
6236,"3,40,21"
6237,"40,23,3"
6238,"23,0,3"
6239,"23,0,10"
6240,"169,40,170"
6241,"40,131,3"
6242,"3,40,0"
6243,"3,21,40"
6244,"169,3,0"
6245,"40,3,23"
6246,"169,3,64"
6247,"3,40,21"
6248,"169,3,40"
6249,"23,10,40"
6250,"40,3,131"
6251,"0,3,8"
6252,"3,21,4"
6253,"3,40,21"
6254,"10,40,3"
6255,"3,40,23"
6256,"3,40,0"
6257,"0,3,40"
6258,"3,23,40"
6259,"0,3,40"
6260,"3,40,23"
6261,"40,3,131"
6262,"0,3,10"
6263,"40,3,23"
6264,"169,3,199"
6265,"10,64,3"
6266,"3,40,21"
6267,"3,21,40"
6268,"3,4,0"
6269,"3,40,21"
6270,"40,3"
6271,"3,169,40"
6272,"3,21,111"
6273,"3,0,40"
6274,"0,10,3"
6275,"3,4,21"
6276,"0,271,8"
6277,"10,11,3"
6278,"169,23,3"
6279,"3,40,10"
6280,"0,3,271"
6281,"3,0,40"
6282,"3,4,0"
6283,"3,40"
6284,"3,4,0"
6285,"3,4,111"
6286,"0,271,3"
6287,"64,10,3"
6288,"169,3,40"
6289,"3,40,41"
6290,"3,23,0"
6291,"3,40"
6292,"23,24,10"
6293,"3,40,21"
6294,"3,0,23"
6295,"10,0,3"
6296,"3,0,21"
6297,"0,8,3"
6298,"40,3"
6299,"10,0,64"
6300,"40,3,131"
6301,"169,3,40"
6302,"0,3,40"
6303,"10,0,40"
6304,"0,3,40"
6305,"0,10,23"
6306,"40,3,0"
6307,"3,23,38"
6308,"10,3,11"
6309,"3,40"
6310,"23,24,64"
6311,"10,23,3"
6312,"23,3,24"
6313,"3,40,0"
6314,"10,0,23"
6315,"23,74,3"
6316,"3,0,4"
6317,"10,23,0"
6318,"64,10,0"
6319,"10,64,3"
6320,"3,0,23"
6321,"23,24,64"
6322,"10,0,3"
6323,"10,23,3"
6324,"0,169,3"
6325,"40,23,3"
6326,"169,199,3"
6327,"3,4"
6328,"169,170,199"
6329,"10,220,3"
6330,"3,40,21"
6331,"3,4,111"
6332,"23,3,0"
6333,"3,23,24"
6334,"10,23,24"
6335,"23,38,3"
6336,"3,40,0"
6337,"3,40,0"
6338,"3,21,4"
6339,"23,0,40"
6340,"3,21,0"
6341,"3,0,40"
6342,"10,23,3"
6343,"23,24,10"
6344,"0,3,23"
6345,"0,3,8"
6346,"40,3,0"
6347,"10,220,3"
6348,"0,3,23"
6349,"3,0,40"
6350,"3,169,0"
6351,"40,3,41"
6352,"0,3,10"
6353,"0,3,40"
6354,"3,40,21"
6355,"23,0,40"
6356,"3,40,21"
6357,"3,40,23"
6358,"3,4,0"
6359,"40,23,3"
6360,"3,0"
6361,"169,3,40"
6362,"23,24,3"
6363,"3,40"
6364,"3,40,0"
6365,"40,3,23"
6366,"40,3,23"
6367,"23,3,0"
6368,"0,10,40"
6369,"3,40,0"
6370,"10,0,40"
6371,"3,23,0"
6372,"0,3,10"
6373,"3,40"
6374,"10,220,0"
6375,"40,131,3"
6376,"3,40,21"
6377,"23,40,0"
6378,"40,3"
6379,"3,21,0"
6380,"0,3,265"
6381,"0,271,265"
6382,"0,23,3"
6383,"10,0,220"
6384,"3,40,21"
6385,"23,0,10"
6386,"0,3,23"
6387,"169,199,3"
6388,"0,3,8"
6389,"3,4,0"
6390,"23,40,3"
6391,"10,0,24"
6392,"23,0,40"
6393,"3,169,0"
6394,"40,3,23"
6395,"0,3,169"
6396,"40,3,41"
6397,"0,3,169"
6398,"0,3,271"
6399,"10,3,0"
6400,"3,10,0"
6401,"0,3,40"
6402,"3,0,23"
6403,"3,0,40"
6404,"23,3,10"
6405,"23,10,24"
6406,"0,3"
6407,"40,3,131"
6408,"3,4,0"
6409,"0,3,271"
6410,"3,4,21"
6411,"23,3,0"
6412,"3,0,40"
6413,"23,40,3"
6414,"3,40,0"
6415,"3,4,21"
6416,"3,4,0"
6417,"40,23,3"
6418,"3,40,23"
6419,"40,131,3"
6420,"3,40,135"
6421,"3,4,0"
6422,"40,131,41"
6423,"169,170,199"
6424,"10,64,3"
6425,"3,40,21"
6426,"0,40,8"
6427,"40,3,0"
6428,"3,40,21"
6429,"40,131,0"
6430,"0,3,10"
6431,"169,0,23"
6432,"0,3,10"
6433,"23,24,10"
6434,"0,23,40"
6435,"40,3"
6436,"23,3,40"
6437,"0,40,23"
6438,"3,40,21"
6439,"3,0,40"
6440,"40,3,0"
6441,"0,23,3"
6442,"169,0,3"
6443,"3,40,23"
6444,"10,64,3"
6445,"3,4"
6446,"40,3,131"
6447,"3,4,0"
6448,"3,40,0"
6449,"3,40,21"
6450,"23,40,169"
6451,"40,3,23"
6452,"23,0,38"
6453,"0,40,8"
6454,"10,0,3"
6455,"10,23,0"
6456,"0,23,3"
6457,"3,0,40"
6458,"40,3,23"
6459,"3,169,21"
6460,"10,0,64"
6461,"0,3,271"
6462,"10,0,220"
6463,"3,23,40"
6464,"23,3,40"
6465,"3,40,0"
6466,"3,23,64"
6467,"0,3,169"
6468,"23,24,10"
6469,"40,3,131"
6470,"3,0"
6471,"3,40,0"
6472,"23,24,10"
6473,"3,21,4"
6474,"3,40,0"
6475,"40,131,0"
6476,"3,40"
6477,"3,40,0"
6478,"0,3,169"
6479,"3,40,21"
6480,"0,3,40"
6481,"40,3,0"
6482,"3,40,0"
6483,"40,3,41"
6484,"23,40,3"
6485,"0,3,271"
6486,"0,3,40"
6487,"3,0,40"
6488,"40,131,3"
6489,"40,23,3"
6490,"3,40,0"
6491,"0,23,3"
6492,"3,169,0"
6493,"3,40,0"
6494,"10,64,3"
6495,"3,40,23"
6496,"64,23,10"
6497,"3,40,169"
6498,"0,23,8"
6499,"169,3,199"
6500,"10,23,0"
6501,"3,0,23"
6502,"0,3,8"
6503,"0,40,3"
6504,"10,220,3"
6505,"10,3,64"
6506,"0,3"
6507,"3,40"
6508,"10,11,3"
6509,"40,0,131"
6510,"10,0,3"
6511,"3,0,40"
6512,"3,169,199"
6513,"3,40,0"
6514,"10,3,11"
6515,"10,3,0"
6516,"10,0,3"
6517,"40,3,23"
6518,"10,0,3"
6519,"3,23,40"
6520,"40,0,23"
6521,"0,23,3"
6522,"3,21,40"
6523,"3,4,0"
6524,"0,3,23"
6525,"169,40,170"
6526,"169,3,0"
6527,"40,3"
6528,"3,40,21"
6529,"3,0,21"
6530,"3,21,40"
6531,"23,40,3"
6532,"0,23,40"
6533,"3,4,0"
6534,"40,3,169"
6535,"23,0,40"
6536,"40,3"
6537,"3,4,21"
6538,"3,0,40"
6539,"40,131,0"
6540,"40,0,23"
6541,"40,3,0"
6542,"0,3,169"
6543,"0,3,10"
6544,"3,21,0"
6545,"23,3,38"
6546,"23,10,64"
6547,"3,40,0"
6548,"40,3"
6549,"40,3,41"
6550,"40,131,0"
6551,"0,23,3"
6552,"0,10,40"
6553,"64,10,3"
6554,"0,10,3"
6555,"3,40,21"
6556,"3,10,40"
6557,"169,3,0"
6558,"23,3,0"
6559,"0,23,40"
6560,"3,40,23"
6561,"23,10,40"
6562,"23,0,3"
6563,"23,40,0"
6564,"40,23,0"
6565,"23,40,38"
6566,"3,40,0"
6567,"3,40,21"
6568,"3,0,40"
6569,"169,23,3"
6570,"0,3,271"
6571,"0,3,23"
6572,"23,0,38"
6573,"23,0,3"
6574,"23,24,3"
6575,"3,40,0"
6576,"0,169,3"
6577,"10,0,3"
6578,"0,3,23"
6579,"169,3,40"
6580,"3,23,40"
6581,"0,23,3"
6582,"40,131,3"
6583,"3,40,21"
6584,"40,3,131"
6585,"23,3,40"
6586,"3,0,40"
6587,"23,24,10"
6588,"0,3,40"
6589,"0,169,3"
6590,"23,0,3"
6591,"40,3,131"
6592,"3,40"
6593,"10,220,0"
6594,"3,40,0"
6595,"23,38,3"
6596,"3,0,10"
6597,"3,40,0"
6598,"3,4"
6599,"10,220,3"
6600,"23,0,38"
6601,"23,3,10"
6602,"3,40,21"
6603,"23,40,10"
6604,"3,40"
6605,"3,40,21"
6606,"3,40,0"
6607,"169,40,3"
6608,"3,23"
6609,"64,10,23"
6610,"3,4,21"
6611,"0,271,3"
6612,"3,23,40"
6613,"10,0,3"
6614,"3,169,0"
6615,"3,40,135"
6616,"3,4,111"
6617,"40,23,3"
6618,"40,3,131"
6619,"3,40,0"
6620,"3,21,40"
6621,"23,0,40"
6622,"0,3"
6623,"0,8,3"
6624,"3,40,169"
6625,"10,0,11"
6626,"3,40,135"
6627,"3,40,21"
6628,"10,3,0"
6629,"3,0,4"
6630,"0,23,3"
6631,"0,3,271"
6632,"3,40,21"
6633,"0,3,271"
6634,"3,0,23"
6635,"23,3,40"
6636,"23,0,38"
6637,"3,0,40"
6638,"23,0,38"
6639,"64,10,0"
6640,"3,40,0"
6641,"0,271,3"
6642,"3,0,169"
6643,"23,3,40"
6644,"3,40,0"
6645,"23,0,26"
6646,"0,3,10"
6647,"169,3,40"
6648,"40,3,0"
6649,"3,4,0"
6650,"169,3,23"
6651,"10,0,24"
6652,"40,3,41"
6653,"23,0,38"
6654,"40,3,23"
6655,"3,21,40"
6656,"3,40,23"
6657,"23,0,40"
6658,"3,169,23"
6659,"3,40,0"
6660,"10,220,3"
6661,"23,24,64"
6662,"23,10,0"
6663,"40,0,23"
6664,"0,10,3"
6665,"3,40,21"
6666,"0,3,40"
6667,"3,0,40"
6668,"40,131,3"
6669,"40,23,131"
6670,"40,3,23"
6671,"23,0,38"
6672,"23,0,40"
6673,"40,3,0"
6674,"0,3,10"
6675,"23,3,0"
6676,"64,10,3"
6677,"169,3,40"
6678,"3,40,0"
6679,"0,3,8"
6680,"0,3,10"
6681,"3,23,40"
6682,"40,3,23"
6683,"0,10,64"
6684,"3,40,21"
6685,"3,40,135"
6686,"40,3,41"
6687,"3,40,21"
6688,"0,3,10"
6689,"0,3,271"
6690,"3,40,10"
6691,"3,40"
6692,"3,169,0"
6693,"3,40,21"
6694,"0,3,271"
6695,"3,0,40"
6696,"3,4,0"
6697,"3,23,169"
6698,"40,131,3"
6699,"3,0,21"
6700,"3,21,4"
6701,"10,3,0"
6702,"40,3,23"
6703,"10,0,3"
6704,"3,40,0"
6705,"23,0,38"
6706,"3,0,40"
6707,"23,40,0"
6708,"3,0,40"
6709,"3,23,64"
6710,"0,23,3"
6711,"23,64,24"
6712,"3,40,21"
6713,"3,169,40"
6714,"23,40,3"
6715,"3,169,40"
6716,"10,220,3"
6717,"23,24,10"
6718,"0,3,10"
6719,"0,3,23"
6720,"23,3,40"
6721,"23,10,24"
6722,"0,10,23"
6723,"23,0,40"
6724,"10,220,0"
6725,"40,3,131"
6726,"169,3,199"
6727,"0,271,3"
6728,"3,0,40"
6729,"40,131,0"
6730,"0,3,40"
6731,"40,169,3"
6732,"3,0,21"
6733,"3,40,0"
6734,"0,10,3"
6735,"0,23,3"
6736,"40,23,3"
6737,"10,24,0"
6738,"10,220,0"
6739,"3,0,4"
6740,"0,3,8"
6741,"169,40,3"
6742,"0,3,23"
6743,"10,0,220"
6744,"0,40,3"
6745,"3,40,0"
6746,"3,23,40"
6747,"23,3,24"
6748,"3,21,40"
6749,"3,40,21"
6750,"3,4,111"
6751,"0,3,271"
6752,"3,40"
6753,"3,40"
6754,"3,40,0"
6755,"169,3,296"
6756,"10,220,11"
6757,"3,40,23"
6758,"3,4,0"
6759,"3,40,0"
6760,"23,0,26"
6761,"10,11,3"
6762,"3,169,40"
6763,"23,0,38"
6764,"3,23,40"
6765,"3,0,4"
6766,"0,3,271"
6767,"10,0,23"
6768,"10,220,3"
6769,"0,169,3"
6770,"3,40,0"
6771,"0,3"
6772,"23,40,3"
6773,"40,3,0"
6774,"3,40,21"
6775,"3,4,0"
6776,"3,0,21"
6777,"169,3,23"
6778,"40,3,23"
6779,"0,271,3"
6780,"3,0,40"
6781,"40,3,131"
6782,"23,3,0"
6783,"169,3,199"
6784,"10,23,3"
6785,"0,3,271"
6786,"0,10,3"
6787,"40,0,3"
6788,"23,10,40"
6789,"169,3,23"
6790,"0,23,3"
6791,"10,23,40"
6792,"0,40,3"
6793,"0,10,3"
6794,"23,3,24"
6795,"0,23,3"
6796,"40,3,169"
6797,"23,3,0"
6798,"3,21,111"
6799,"3,4,0"
6800,"3,4,0"
6801,"23,0,38"
6802,"3,40,21"
6803,"0,271,3"
6804,"10,3,0"
6805,"3,23,40"
6806,"10,0,23"
6807,"0,3,169"
6808,"3,169,296"
6809,"3,4,111"
6810,"0,3,271"
6811,"3,40"
6812,"3,21,40"
6813,"3,40,0"
6814,"3,4,0"
6815,"10,11,3"
6816,"3,40"
6817,"169,3,40"
6818,"3,21,40"
6819,"3,40,21"
6820,"0,3,271"
6821,"0,3,271"
6822,"3,0,23"
6823,"40,3,41"
6824,"0,3,271"
6825,"10,64,0"
6826,"40,169,3"
6827,"40,131,0"
6828,"0,3,40"
6829,"23,10,24"
6830,"23,3,0"
6831,"23,24,3"
6832,"169,3,40"
6833,"3,40,21"
6834,"3,40,0"
6835,"3,40,0"
6836,"3,4"
6837,"64,10,3"
6838,"40,0,3"
6839,"40,23,0"
6840,"10,220,0"
6841,"3,169,40"
6842,"23,38,3"
6843,"0,23,3"
6844,"3,40"
6845,"0,271,265"
6846,"10,0,23"
6847,"3,40,0"
6848,"3,10,0"
6849,"23,24,10"
6850,"3,40,21"
6851,"3,23,10"
6852,"10,0,3"
6853,"0,3,40"
6854,"23,10,0"
6855,"3,0,40"
6856,"3,23,40"
6857,"3,0,40"
6858,"0,8,23"
6859,"0,3,40"
6860,"169,3,40"
6861,"3,169,40"
6862,"3,40,0"
6863,"10,23,0"
6864,"10,3,11"
6865,"40,0,23"
6866,"169,3,40"
6867,"10,64,24"
6868,"0,3,271"
6869,"10,64,0"
6870,"3,0,40"
6871,"40,3,0"
6872,"40,131,0"
6873,"23,10,0"
6874,"0,3,271"
6875,"0,23,38"
6876,"3,169,40"
6877,"40,0,23"
6878,"3,0,169"
6879,"3,40,21"
6880,"0,8,3"
6881,"10,0,40"
6882,"169,3,23"
6883,"23,3,24"
6884,"0,23,40"
6885,"0,3,40"
6886,"3,40,0"
6887,"23,3,24"
6888,"3,40,21"
6889,"10,23,0"
6890,"0,3,271"
6891,"23,40,3"
6892,"23,0,26"
6893,"0,3,23"
6894,"23,0,38"
6895,"24,23,64"
6896,"3,0,40"
6897,"0,3,265"
6898,"3,23,40"
6899,"40,3,23"
6900,"23,3,38"
6901,"10,0,3"
6902,"23,3,0"
6903,"10,0,3"
6904,"23,0,38"
6905,"23,0,3"
6906,"23,40,3"
6907,"3,4,0"
6908,"23,3,74"
6909,"0,23,40"
6910,"0,3,23"
6911,"3,0,40"
6912,"3,40,169"
6913,"40,131,0"
6914,"0,8,3"
6915,"0,23,8"
6916,"23,40,3"
6917,"23,40,38"
6918,"40,3,0"
6919,"3,40,0"
6920,"3,4,21"
6921,"10,220,0"
6922,"3,4,0"
6923,"23,74,38"
6924,"23,3,38"
6925,"0,40,3"
6926,"23,0,38"
6927,"10,220,11"
6928,"0,271,3"
6929,"23,40,3"
6930,"3,0,40"
6931,"10,64,24"
6932,"40,3,41"
6933,"3,169,0"
6934,"10,0,220"
6935,"3,0,4"
6936,"3,40,0"
6937,"23,0,40"
6938,"3,0,4"
6939,"10,0,3"
6940,"23,40,3"
6941,"0,3,271"
6942,"40,0,10"
6943,"169,3,170"
6944,"3,4,0"
6945,"23,40,3"
6946,"169,0,3"
6947,"0,3"
6948,"3,40,0"
6949,"3,0"
6950,"3,0,4"
6951,"10,64,23"
6952,"23,40,24"
6953,"3,169,0"
6954,"10,0,3"
6955,"0,10,64"
6956,"10,3,220"
6957,"3,0,40"
6958,"10,220,0"
6959,"0,169,40"
6960,"3,4,40"
6961,"3,40,21"
6962,"23,10,0"
6963,"3,4"
6964,"40,3"
6965,"0,3,169"
6966,"23,0,38"
6967,"23,0,38"
6968,"0,3,40"
6969,"23,24,3"
6970,"3,40,0"
6971,"3,40,0"
6972,"40,3,131"
6973,"23,10,0"
6974,"23,40,38"
6975,"169,3,40"
6976,"10,220,3"
6977,"3,40,0"
6978,"3,40,21"
6979,"0,8,3"
6980,"3,40,21"
6981,"10,3,0"
6982,"169,3,64"
6983,"10,64,3"
6984,"40,131,41"
6985,"40,3,41"
6986,"23,169,3"
6987,"3,40,0"
6988,"40,3"
6989,"169,3,170"
6990,"169,3,0"
6991,"169,0,23"
6992,"3,40"
6993,"3,169,296"
6994,"23,38,3"
6995,"3,4,40"
6996,"3,169,40"
6997,"40,3,131"
6998,"0,3,40"
6999,"40,131,3"
7000,"64,3,10"
7001,"10,64,0"
7002,"3,40,0"
7003,"64,10,23"
7004,"3,40,21"
7005,"40,3,0"
7006,"3,296,40"
7007,"3,40"
7008,"3,40,21"
7009,"3,4,0"
7010,"3,4,0"
7011,"40,131,3"
7012,"3,40,21"
7013,"40,23,0"
7014,"0,3,40"
7015,"23,3,40"
7016,"10,40,3"
7017,"0,3,40"
7018,"3,40"
7019,"3,0,40"
7020,"3,40,23"
7021,"10,23,3"
7022,"40,3,131"
7023,"10,11,3"
7024,"0,23,40"
7025,"3,0,40"
7026,"3,40"
7027,"0,23,40"
7028,"0,3,40"
7029,"3,40,0"
7030,"40,3,41"
7031,"3,0,4"
7032,"3,40,21"
7033,"0,23,3"
7034,"0,271,265"
7035,"3,10,0"
7036,"10,0,23"
7037,"3,21,40"
7038,"40,3,23"
7039,"10,3,0"
7040,"3,0,40"
7041,"40,23,0"
7042,"3,23,24"
7043,"10,64,24"
7044,"23,24,10"
7045,"40,3,135"
7046,"23,3,0"
7047,"23,10,0"
7048,"3,21,111"
7049,"40,3"
7050,"0,3,169"
7051,"0,3,169"
7052,"23,0,3"
7053,"10,220,0"
7054,"40,131,41"
7055,"3,169,0"
7056,"10,23,24"
7057,"0,23,8"
7058,"3,0,4"
7059,"23,0,3"
7060,"3,0,40"
7061,"3,4,111"
7062,"40,3,23"
7063,"169,23,3"
7064,"23,0,3"
7065,"40,0,3"
7066,"0,3,271"
7067,"10,0,3"
7068,"169,3,199"
7069,"0,3,23"
7070,"23,3,40"
7071,"3,0,40"
7072,"23,40,38"
7073,"0,23,3"
7074,"3,40,23"
7075,"10,0,23"
7076,"0,3,271"
7077,"10,0,24"
7078,"23,3,40"
7079,"23,0,169"
7080,"3,0,40"
7081,"23,10,3"
7082,"10,0,3"
7083,"169,40,3"
7084,"0,3,8"
7085,"3,40,0"
7086,"23,0,40"
7087,"23,0,3"
7088,"23,24,10"
7089,"3,21,40"
7090,"3,4"
7091,"64,10,3"
7092,"23,3,10"
7093,"3,40,21"
7094,"3,40,0"
7095,"10,23,24"
7096,"3,40,21"
7097,"10,220,0"
7098,"3,0,40"
7099,"10,23,40"
7100,"0,3,23"
7101,"23,3,31"
7102,"0,23,10"
7103,"23,40,3"
7104,"23,40,3"
7105,"40,3,41"
7106,"0,40,10"
7107,"23,24,0"
7108,"10,23,3"
7109,"3,23,40"
7110,"10,11,3"
7111,"23,74,38"
7112,"169,40,3"
7113,"0,40,3"
7114,"3,23,40"
7115,"0,23,26"
7116,"23,40,3"
7117,"24,23,10"
7118,"10,23,0"
7119,"40,131,0"
7120,"40,0,3"
7121,"10,23,0"
7122,"0,3,40"
7123,"40,3,169"
7124,"3,40,21"
7125,"3,23,40"
7126,"3,0,169"
7127,"3,40,21"
7128,"10,0,40"
7129,"64,10,3"
7130,"3,21,40"
7131,"0,3,169"
7132,"10,3,23"
7133,"0,3,271"
7134,"10,64,23"
7135,"0,23,3"
7136,"169,23,0"
7137,"0,3,23"
7138,"3,0,4"
7139,"3,40,0"
7140,"3,40,21"
7141,"40,3,23"
7142,"3,23,40"
7143,"3,10,0"
7144,"0,169,3"
7145,"3,23,0"
7146,"23,40,0"
7147,"0,271,3"
7148,"40,3,0"
7149,"40,3"
7150,"3,0,169"
7151,"3,169,40"
7152,"3,40,169"
7153,"3,169,40"
7154,"0,8,3"
7155,"3,10,23"
7156,"3,40,0"
7157,"3,4,0"
7158,"3,0,169"
7159,"3,0,40"
7160,"40,3,41"
7161,"3,0,23"
7162,"169,3,40"
7163,"3,0,40"
7164,"3,40"
7165,"169,3,170"
7166,"3,169,0"
7167,"3,23,40"
7168,"3,40"
7169,"3,40,21"
7170,"0,3,23"
7171,"40,3,160"
7172,"40,131,41"
7173,"3,4,0"
7174,"0,8,40"
7175,"3,0,4"
7176,"0,3,40"
7177,"3,21,169"
7178,"0,3,271"
7179,"0,3,271"
7180,"40,3,135"
7181,"40,23,0"
7182,"40,3"
7183,"23,0,3"
7184,"3,169,40"
7185,"0,10,40"
7186,"0,10,40"
7187,"3,4,0"
7188,"23,24,64"
7189,"10,220,0"
7190,"3,0,4"
7191,"3,4,111"
7192,"64,23,24"
7193,"40,131,0"
7194,"40,3,0"
7195,"0,271,3"
7196,"40,3,41"
7197,"3,10,0"
7198,"3,40"
7199,"0,3,10"
7200,"0,3,271"
7201,"3,40,23"
7202,"64,10,3"
7203,"0,3,10"
7204,"169,40,3"
7205,"23,40,24"
7206,"40,0,10"
7207,"0,3,40"
7208,"3,40,0"
7209,"0,10,23"
7210,"3,4,40"
7211,"3,0,40"
7212,"3,4"
7213,"40,3,0"
7214,"23,24,10"
7215,"10,64,0"
7216,"3,21,40"
7217,"169,3,40"
7218,"40,3,169"
7219,"10,64,3"
7220,"10,0,3"
7221,"3,40,23"
7222,"23,10,24"
7223,"3,169,40"
7224,"10,220,3"
7225,"3,40,169"
7226,"3,40,21"
7227,"3,0,40"
7228,"3,40,21"
7229,"40,3,131"
7230,"3,40,0"
7231,"40,3,131"
7232,"0,23,3"
7233,"23,40,3"
7234,"3,40,21"
7235,"23,3,40"
7236,"10,3,0"
7237,"40,0,3"
7238,"3,40,21"
7239,"3,40,23"
7240,"3,40,0"
7241,"3,169,40"
7242,"3,40,0"
7243,"3,0,40"
7244,"3,40,0"
7245,"3,4,21"
7246,"3,40"
7247,"3,4,21"
7248,"40,3,23"
7249,"23,3,38"
7250,"3,169,0"
7251,"3,40,0"
7252,"3,21,0"
7253,"3,23,0"
7254,"40,23,3"
7255,"10,0,40"
7256,"3,40,0"
7257,"3,4,21"
7258,"3,40,0"
7259,"0,3"
7260,"23,24,10"
7261,"3,0,4"
7262,"40,3,169"
7263,"40,3,23"
7264,"0,3,40"
7265,"169,0,3"
7266,"23,38,0"
7267,"0,271,265"
7268,"3,40,0"
7269,"169,40,3"
7270,"3,23,40"
7271,"3,21,40"
7272,"3,169,21"
7273,"3,40"
7274,"3,40,0"
7275,"0,3,271"
7276,"0,23,40"
7277,"23,24,10"
7278,"40,23,3"
7279,"40,3,41"
7280,"3,0,40"
7281,"3,4"
7282,"40,23,3"
7283,"10,23,3"
7284,"0,3"
7285,"3,40,0"
7286,"0,3,265"
7287,"3,0,169"
7288,"3,0,40"
7289,"0,169,3"
7290,"3,0,23"
7291,"40,3,131"
7292,"23,3,0"
7293,"3,40"
7294,"40,131,23"
7295,"3,0,4"
7296,"0,8,3"
7297,"23,24,38"
7298,"0,3,265"
7299,"23,38,3"
7300,"10,3,0"
7301,"64,10,3"
7302,"3,0,169"
7303,"10,0,3"
7304,"3,0,40"
7305,"10,23,0"
7306,"3,40,21"
7307,"3,23,40"
7308,"23,3,24"
7309,"3,0,40"
7310,"3,40,21"
7311,"3,4,111"
7312,"10,11,3"
7313,"23,24,3"
7314,"0,3,265"
7315,"0,3,271"
7316,"40,23,131"
7317,"3,40,0"
7318,"3,23,0"
7319,"3,0,40"
7320,"23,3,40"
7321,"40,3"
7322,"40,0,3"
7323,"3,40,21"
7324,"0,3,40"
7325,"0,23,3"
7326,"0,23,3"
7327,"3,40,21"
7328,"40,169,3"
7329,"0,271,3"
7330,"3,40,21"
7331,"23,3,0"
7332,"40,3"
7333,"40,3,0"
7334,"0,271,265"
7335,"169,23,40"
7336,"169,3,199"
7337,"23,40,3"
7338,"23,24,64"
7339,"40,23,3"
7340,"3,0,40"
7341,"23,0,38"
7342,"40,3,41"
7343,"3,40,21"
7344,"169,40,3"
7345,"3,40,21"
7346,"40,3"
7347,"3,0,40"
7348,"23,0,26"
7349,"3,21,111"
7350,"40,23,3"
7351,"0,3,23"
7352,"3,23,40"
7353,"40,131,3"
7354,"0,3"
7355,"10,64,24"
7356,"3,0,40"
7357,"3,169,0"
7358,"3,0,21"
7359,"3,40,0"
7360,"0,40,8"
7361,"3,0,40"
7362,"40,131,0"
7363,"3,0,4"
7364,"3,40,21"
7365,"64,10,24"
7366,"3,0,169"
7367,"23,40,38"
7368,"3,40"
7369,"23,40,3"
7370,"0,10,3"
7371,"0,3,40"
7372,"3,0,4"
7373,"3,0,40"
7374,"3,0,21"
7375,"23,40,3"
7376,"10,3,0"
7377,"10,3,23"
7378,"40,3,131"
7379,"3,4,21"
7380,"169,23,3"
7381,"3,40,0"
7382,"10,220,0"
7383,"3,0,169"
7384,"0,23,40"
7385,"0,3,10"
7386,"3,4,0"
7387,"10,3,0"
7388,"23,40,3"
7389,"3,40,0"
7390,"3,40,21"
7391,"40,0,131"
7392,"10,23,24"
7393,"0,40,3"
7394,"23,0,40"
7395,"3,40,0"
7396,"40,3,0"
7397,"3,4,111"
7398,"10,220,0"
7399,"0,23,40"
7400,"10,23,0"
7401,"3,23,40"
7402,"10,64,0"
7403,"0,3,40"
7404,"40,131,3"
7405,"10,64,24"
7406,"40,3,0"
7407,"0,3,10"
7408,"3,40,169"
7409,"23,24,10"
7410,"3,40,169"
7411,"40,3,23"
7412,"40,3,41"
7413,"3,0,40"
7414,"3,40,0"
7415,"0,10,23"
7416,"10,0,3"
7417,"3,40,0"
7418,"40,0,131"
7419,"3,40,23"
7420,"3,0,10"
7421,"3,40,21"
7422,"0,3,169"
7423,"10,64,3"
7424,"23,0,3"
7425,"3,21,4"
7426,"10,0,3"
7427,"0,3,271"
7428,"3,4,0"
7429,"10,0,23"
7430,"3,40"
7431,"23,0,3"
7432,"169,3,40"
7433,"3,23,40"
7434,"169,3,199"
7435,"40,3,23"
7436,"3,40,21"
7437,"10,23,64"
7438,"0,271,3"
7439,"3,0,40"
7440,"0,23,3"
7441,"10,3,0"
7442,"169,3,199"
7443,"10,11,0"
7444,"3,40,169"
7445,"3,40,23"
7446,"23,0,3"
7447,"3,40,23"
7448,"3,21,40"
7449,"23,24,0"
7450,"3,40,21"
7451,"3,40,0"
7452,"23,3,40"
7453,"3,169,21"
7454,"0,23,3"
7455,"3,4,0"
7456,"169,40,3"
7457,"10,64,0"
7458,"23,3,40"
7459,"10,3,23"
7460,"23,0,26"
7461,"3,0,40"
7462,"23,24,10"
7463,"3,40,21"
7464,"3,169,40"
7465,"3,40,21"
7466,"40,23,38"
7467,"0,3,23"
7468,"3,40,23"
7469,"3,4,0"
7470,"23,40,0"
7471,"3,23,40"
7472,"169,3,23"
7473,"40,3,169"
7474,"0,3,271"
7475,"3,0,40"
7476,"40,3"
7477,"3,169,40"
7478,"10,23,3"
7479,"0,3,40"
7480,"3,21,40"
7481,"10,11,64"
7482,"169,3,0"
7483,"3,0,40"
7484,"0,3,265"
7485,"64,10,23"
7486,"0,3,40"
7487,"40,131,3"
7488,"0,3,40"
7489,"40,0,23"
7490,"3,40,21"
7491,"3,40"
7492,"40,3,23"
7493,"10,23,0"
7494,"3,0,40"
7495,"3,23,40"
7496,"3,40"
7497,"10,0,3"
7498,"0,23,3"
7499,"169,3,40"
7500,"3,4,0"
7501,"0,271,265"
7502,"10,0,11"
7503,"0,3,271"
7504,"169,3,0"
7505,"169,0,3"
7506,"23,3,40"
7507,"3,0,4"
7508,"169,40,170"
7509,"23,0,38"
7510,"3,40,0"
7511,"40,23,0"
7512,"0,169,3"
7513,"10,23,3"
7514,"23,3,38"
7515,"3,40,21"
7516,"3,21,40"
7517,"3,169,40"
7518,"40,3,0"
7519,"3,40,169"
7520,"10,0,220"
7521,"23,0,38"
7522,"10,0,23"
7523,"3,169,0"
7524,"0,3,271"
7525,"40,23,0"
7526,"3,0,40"
7527,"40,3,131"
7528,"3,4,0"
7529,"40,169,3"
7530,"3,23,24"
7531,"10,3,11"
7532,"40,23,3"
7533,"3,4,0"
7534,"3,0,4"
7535,"0,10,3"
7536,"3,10,0"
7537,"3,40,0"
7538,"3,40,0"
7539,"0,8,3"
7540,"3,40,23"
7541,"3,40,169"
7542,"3,40"
7543,"3,23,0"
7544,"0,3,271"
7545,"3,40,0"
7546,"0,23,3"
7547,"0,10,3"
7548,"0,3,271"
7549,"10,23,0"
7550,"3,0,40"
7551,"0,3,40"
7552,"3,40,21"
7553,"3,21,30"
7554,"10,64,3"
7555,"10,220,0"
7556,"3,10,23"
7557,"3,4,111"
7558,"40,3,23"
7559,"3,169,40"
7560,"23,3,40"
7561,"3,40,4"
7562,"0,3,23"
7563,"23,24,3"
7564,"3,0,40"
7565,"3,10,0"
7566,"10,0,3"
7567,"0,8,3"
7568,"10,220,11"
7569,"3,40,0"
7570,"10,3,64"
7571,"3,40"
7572,"23,10,40"
7573,"3,10,0"
7574,"3,40,0"
7575,"23,0,38"
7576,"3,4"
7577,"40,23,0"
7578,"169,3,199"
7579,"23,3,40"
7580,"23,0,3"
7581,"10,0,23"
7582,"0,3,271"
7583,"3,40,21"
7584,"40,3,0"
7585,"3,169,0"
7586,"3,40,21"
7587,"23,24,10"
7588,"3,4,40"
7589,"10,23,24"
7590,"3,21,4"
7591,"40,3,23"
7592,"3,4,40"
7593,"3,4,111"
7594,"3,40,0"
7595,"0,3,40"
7596,"24,23,64"
7597,"3,40,10"
7598,"40,23,0"
7599,"169,23,3"
7600,"169,3,23"
7601,"23,24,10"
7602,"23,0,3"
7603,"40,3,23"
7604,"23,3,40"
7605,"0,271,3"
7606,"23,0,3"
7607,"3,4,0"
7608,"10,0,220"
7609,"23,24,3"
7610,"0,3,40"
7611,"3,21,40"
7612,"10,64,24"
7613,"0,3,23"
7614,"10,3,11"
7615,"0,271,265"
7616,"10,0,220"
7617,"0,10,3"
7618,"3,40,21"
7619,"3,40,23"
7620,"23,24,3"
7621,"10,0,3"
7622,"23,24,10"
7623,"3,21,40"
7624,"3,40,169"
7625,"0,3,40"
7626,"3,40,0"
7627,"3,0,40"
7628,"3,40,21"
7629,"40,3,0"
7630,"23,40,24"
7631,"3,40,21"
7632,"23,24,3"
7633,"10,0,3"
7634,"23,0,10"
7635,"3,0,40"
7636,"23,3,40"
7637,"0,10,3"
7638,"40,3,169"
7639,"3,40,21"
7640,"23,24,40"
7641,"3,0,10"
7642,"0,3,40"
7643,"0,3,23"
7644,"3,40,0"
7645,"40,3,23"
7646,"3,4,21"
7647,"0,3,40"
7648,"23,40,3"
7649,"0,3,40"
7650,"3,23,40"
7651,"10,220,3"
7652,"40,3"
7653,"3,40"
7654,"10,64,0"
7655,"0,23,26"
7656,"23,24,10"
7657,"3,0,21"
7658,"23,40,3"
7659,"3,40,21"
7660,"3,40,0"
7661,"40,3,23"
7662,"10,220,0"
7663,"23,0,10"
7664,"169,3,23"
7665,"40,131,3"
7666,"40,3,169"
7667,"3,40,21"
7668,"3,40,4"
7669,"3,0,4"
7670,"0,3,271"
7671,"169,40,3"
7672,"10,220,0"
7673,"10,220,11"
7674,"40,3,169"
7675,"3,23,10"
7676,"3,40,0"
7677,"10,23,3"
7678,"23,24,10"
7679,"3,21,40"
7680,"3,40,21"
7681,"169,3,40"
7682,"40,0,3"
7683,"0,23,3"
7684,"3,40,21"
7685,"0,10,23"
7686,"0,3,265"
7687,"3,0,23"
7688,"40,3,0"
7689,"3,40,0"
7690,"3,40,21"
7691,"40,3,135"
7692,"40,3,0"
7693,"10,23,64"
7694,"3,0,21"
7695,"0,3,10"
7696,"0,3,10"
7697,"3,40,23"
7698,"3,40"
7699,"23,3,40"
7700,"40,3,169"
7701,"40,23,0"
7702,"169,40,0"
7703,"64,10,24"
7704,"23,0,3"
7705,"40,3,0"
7706,"3,0,40"
7707,"3,0,40"
7708,"0,10,23"
7709,"40,23,3"
7710,"40,3,41"
7711,"23,38,0"
7712,"3,0,40"
7713,"23,40,0"
7714,"0,3,23"
7715,"10,23,24"
7716,"3,0,169"
7717,"40,3,131"
7718,"10,64,24"
7719,"3,0,23"
7720,"40,3,23"
7721,"10,23,64"
7722,"3,40,21"
7723,"23,3,74"
7724,"3,40,23"
7725,"10,220,24"
7726,"3,40,21"
7727,"10,0,64"
7728,"40,3,131"
7729,"3,40"
7730,"3,40"
7731,"169,40,170"
7732,"3,0,40"
7733,"23,0,40"
7734,"64,10,0"
7735,"23,3,24"
7736,"3,40,0"
7737,"3,4,0"
7738,"40,3,41"
7739,"3,40,21"
7740,"23,3,24"
7741,"3,0,10"
7742,"3,4,0"
7743,"3,21,4"
7744,"3,40,21"
7745,"3,21,4"
7746,"3,40"
7747,"3,21,40"
7748,"0,23,3"
7749,"3,40"
7750,"24,23,10"
7751,"3,4"
7752,"0,3,271"
7753,"3,40,21"
7754,"0,3,23"
7755,"3,0"
7756,"3,40,21"
7757,"3,23,10"
7758,"23,3,0"
7759,"23,3,0"
7760,"23,0,3"
7761,"0,3,271"
7762,"40,0,3"
7763,"0,23,3"
7764,"23,0,38"
7765,"3,0,40"
7766,"64,10,3"
7767,"3,0,40"
7768,"3,0,40"
7769,"40,3,135"
7770,"3,23,0"
7771,"3,40,21"
7772,"3,40,23"
7773,"169,23,3"
7774,"0,3,271"
7775,"0,3,8"
7776,"3,40,0"
7777,"0,23,3"
7778,"40,0,3"
7779,"40,3,0"
7780,"10,3,64"
7781,"3,40,0"
7782,"23,40,3"
7783,"0,169,3"
7784,"3,4,0"
7785,"10,220,3"
7786,"3,40,21"
7787,"23,0,3"
7788,"0,3,40"
7789,"23,3,0"
7790,"23,38,0"
7791,"10,3,0"
7792,"3,40,21"
7793,"40,3,0"
7794,"10,220,0"
7795,"3,40,0"
7796,"10,220,0"
7797,"169,10,3"
7798,"3,40,169"
7799,"23,38,3"
7800,"40,3"
7801,"0,23,10"
7802,"40,23,0"
7803,"3,40,0"
7804,"3,40,0"
7805,"3,0,40"
7806,"3,40"
7807,"3,40,21"
7808,"3,23,40"
7809,"3,10,0"
7810,"0,3,40"
7811,"3,40,21"
7812,"10,11,3"
7813,"0,169,3"
7814,"0,3,169"
7815,"40,3"
7816,"3,40,0"
7817,"10,64,24"
7818,"3,40,21"
7819,"3,40,0"
7820,"24,23,64"
7821,"23,10,24"
7822,"0,271,3"
7823,"23,10,0"
7824,"3,0,40"
7825,"3,0,40"
7826,"40,3,169"
7827,"0,3"
7828,"40,0,23"
7829,"0,23,3"
7830,"23,0,38"
7831,"169,3,40"
7832,"0,3,40"
7833,"40,10,0"
7834,"3,4,21"
7835,"169,10,0"
7836,"169,3,23"
7837,"3,169,23"
7838,"10,0,3"
7839,"23,10,3"
7840,"3,0"
7841,"0,23,38"
7842,"40,0"
7843,"3,0,40"
7844,"0,271,265"
7845,"23,24,3"
7846,"40,131,23"
7847,"40,3,41"
7848,"3,4,111"
7849,"3,0,40"
7850,"3,21,40"
7851,"3,0,21"
7852,"40,23,3"
7853,"0,23,3"
7854,"10,23,24"
7855,"169,23,0"
7856,"10,0,23"
7857,"40,3,23"
7858,"40,3,41"
7859,"0,3,265"
7860,"0,3,8"
7861,"3,4,21"
7862,"23,40,74"
7863,"40,131,3"
7864,"3,40,23"
7865,"3,23,0"
7866,"23,40,10"
7867,"23,24,10"
7868,"0,3,169"
7869,"3,0,4"
7870,"64,10,3"
7871,"23,24,40"
7872,"3,40,0"
7873,"3,40,0"
7874,"3,0,23"
7875,"23,40,0"
7876,"3,23,0"
7877,"10,64,24"
7878,"3,40"
7879,"0,3,169"
7880,"3,40"
7881,"3,0"
7882,"3,23,64"
7883,"23,24,64"
7884,"3,40"
7885,"0,3,271"
7886,"3,40,0"
7887,"3,40,0"
7888,"0,23,3"
7889,"23,3,0"
7890,"3,0,40"
7891,"0,3"
7892,"3,23,10"
7893,"0,3,8"
7894,"3,21,40"
7895,"3,0,10"
7896,"40,3,23"
7897,"169,3,40"
7898,"40,3,131"
7899,"3,40,21"
7900,"0,10,3"
7901,"23,0,3"
7902,"0,3,271"
7903,"0,23,3"
7904,"3,21,40"
7905,"3,0,40"
7906,"169,40,3"
7907,"3,40,0"
7908,"169,3,199"
7909,"40,23,3"
7910,"3,169,199"
7911,"3,23,0"
7912,"23,40,3"
7913,"0,3,169"
7914,"3,64,23"
7915,"3,4,111"
7916,"3,0,40"
7917,"23,24,40"
7918,"0,23,10"
7919,"169,3,23"
7920,"169,3,40"
7921,"0,3,10"
7922,"3,23,0"
7923,"0,40,3"
7924,"3,169,170"
7925,"23,40,3"
7926,"10,64,3"
7927,"23,40,0"
7928,"23,40,3"
7929,"40,131,0"
7930,"0,271,3"
7931,"3,21,4"
7932,"0,3,40"
7933,"3,0,4"
7934,"3,40,21"
7935,"0,3,169"
7936,"3,0,40"
7937,"0,8,3"
7938,"10,23,0"
7939,"3,0,4"
7940,"3,40,23"
7941,"3,23,0"
7942,"10,0,3"
7943,"3,40,23"
7944,"40,3,0"
7945,"0,3,23"
7946,"169,3,40"
7947,"23,10,24"
7948,"3,40,135"
7949,"10,24,23"
7950,"23,0,3"
7951,"3,40,0"
7952,"3,4"
7953,"40,131,0"
7954,"0,3,40"
7955,"40,3,0"
7956,"3,40,0"
7957,"10,23,0"
7958,"40,3,131"
7959,"0,3,23"
7960,"3,169,0"
7961,"0,3,169"
7962,"10,3,23"
7963,"3,4"
7964,"3,23,0"
7965,"3,40,0"
7966,"3,0,40"
7967,"3,40,0"
7968,"23,0,3"
7969,"3,21,40"
7970,"3,40"
7971,"3,40,0"
7972,"40,3,0"
7973,"3,21,40"
7974,"0,271,265"
7975,"23,0,3"
7976,"23,10,24"
7977,"23,10,3"
7978,"0,3,271"
7979,"3,40"
7980,"23,3,24"
7981,"23,3,40"
7982,"40,3,0"
7983,"3,40,23"
7984,"3,21,40"
7985,"40,131,23"
7986,"10,3,23"
7987,"40,23,3"
7988,"3,40,0"
7989,"3,10,0"
7990,"23,0,3"
7991,"23,24,10"
7992,"3,40,0"
7993,"0,3,10"
7994,"23,3,24"
7995,"3,169,40"
7996,"0,3,271"
7997,"3,21,4"
7998,"3,40,0"
7999,"23,0,38"
8000,"169,3,40"
8001,"3,23,40"
8002,"40,131,3"
8003,"3,40,0"
8004,"23,0,3"
8005,"3,40,0"
8006,"10,64,23"
8007,"3,0,21"
8008,"3,40,21"
8009,"23,0,38"
8010,"23,0,26"
8011,"3,0,23"
8012,"0,23,3"
8013,"23,3,40"
8014,"0,3,271"
8015,"0,23,3"
8016,"169,40,3"
8017,"3,40,21"
8018,"3,40,21"
8019,"10,0,3"
8020,"3,23,40"
8021,"3,40,21"
8022,"23,0,3"
8023,"3,40,0"
8024,"3,10,23"
8025,"40,3"
8026,"3,40,135"
8027,"10,3,0"
8028,"0,3,271"
8029,"3,4,111"
8030,"3,0,40"
8031,"3,169,40"
8032,"23,0,38"
8033,"3,40,0"
8034,"23,3,0"
8035,"3,40,21"
8036,"40,23,3"
8037,"40,3"
8038,"40,3,23"
8039,"10,64,3"
8040,"3,40,0"
8041,"3,40,23"
8042,"3,40"
8043,"0,3,271"
8044,"169,3,40"
8045,"10,0,220"
8046,"3,4,21"
8047,"3,0,40"
8048,"3,0,23"
8049,"3,0,23"
8050,"3,40,0"
8051,"23,0,10"
8052,"0,8,40"
8053,"3,40,0"
8054,"3,40,0"
8055,"23,10,3"
8056,"3,23,10"
8057,"23,0,3"
8058,"3,40,0"
8059,"23,40,3"
8060,"10,220,3"
8061,"10,220,11"
8062,"3,40,23"
8063,"40,3,23"
8064,"23,10,24"
8065,"169,3,0"
8066,"3,4,111"
8067,"3,21,0"
8068,"3,40,0"
8069,"10,40,23"
8070,"3,40,0"
8071,"10,3,0"
8072,"23,0,10"
8073,"40,3,135"
8074,"3,40,23"
8075,"23,38,24"
8076,"40,3,131"
8077,"3,0,10"
8078,"3,23,40"
8079,"3,21,40"
8080,"40,3,0"
8081,"23,24,3"
8082,"0,23,3"
8083,"40,131,0"
8084,"40,3,23"
8085,"40,23,3"
8086,"3,40,21"
8087,"0,3,10"
8088,"0,3,40"
8089,"0,23,3"
8090,"0,3,23"
8091,"3,40,0"
8092,"23,10,3"
8093,"10,220,0"
8094,"40,3,169"
8095,"3,169,40"
8096,"40,131,0"
8097,"3,4,0"
8098,"0,3,10"
8099,"10,0,40"
8100,"23,0,40"
8101,"169,40,3"
8102,"23,0,3"
8103,"3,40,21"
8104,"3,4,21"
8105,"3,21,4"
8106,"10,0,40"
8107,"3,40,21"
8108,"3,0,40"
8109,"0,3,271"
8110,"3,21,4"
8111,"23,24,3"
8112,"3,0,10"
8113,"3,4,0"
8114,"40,3,0"
8115,"40,23,3"
8116,"3,0,40"
8117,"10,0,220"
8118,"3,21,40"
8119,"0,23,38"
8120,"23,0,38"
8121,"23,24,10"
8122,"3,40,21"
8123,"40,23,3"
8124,"40,0,23"
8125,"169,3,23"
8126,"10,0,11"
8127,"10,3,0"
8128,"23,3,10"
8129,"40,3,131"
8130,"23,38,40"
8131,"0,3"
8132,"3,0,23"
8133,"3,40"
8134,"10,220,11"
8135,"0,3,10"
8136,"3,40,0"
8137,"3,0,40"
8138,"3,0,40"
8139,"10,220,40"
8140,"23,38,3"
8141,"3,40,21"
8142,"23,10,3"
8143,"169,3,23"
8144,"23,169,0"
8145,"40,3,131"
8146,"3,40"
8147,"3,0,40"
8148,"3,4,0"
8149,"0,23,38"
8150,"3,23,296"
8151,"0,3,8"
8152,"40,3,160"
8153,"23,10,3"
8154,"0,3,271"
8155,"3,40,21"
8156,"0,3,40"
8157,"40,23,38"
8158,"0,3,23"
8159,"40,3,23"
8160,"40,3,23"
8161,"3,40,23"
8162,"3,169,0"
8163,"3,0,40"
8164,"23,10,0"
8165,"3,40"
8166,"23,24,3"
8167,"3,40,21"
8168,"3,4,0"
8169,"3,40,21"
8170,"0,3,23"
8171,"23,0,3"
8172,"169,3,40"
8173,"23,0,26"
8174,"0,3,40"
8175,"0,271,3"
8176,"40,131,23"
8177,"3,23,40"
8178,"0,3"
8179,"3,4,0"
8180,"0,3,169"
8181,"40,131,3"
8182,"3,40,0"
8183,"3,23,40"
8184,"40,131,3"
8185,"10,0,40"
8186,"3,169,40"
8187,"3,0,169"
8188,"3,40,21"
8189,"169,3,0"
8190,"23,40,3"
8191,"40,3,0"
8192,"3,0,40"
8193,"23,3,24"
8194,"3,40,21"
8195,"23,40,3"
8196,"0,3,23"
8197,"3,0,21"
8198,"3,23,40"
8199,"64,10,3"
8200,"10,3,0"
8201,"0,3,10"
8202,"3,0"
8203,"3,21,169"
8204,"23,0,38"
8205,"0,23,8"
8206,"23,0,3"
8207,"0,271,265"
8208,"40,23,3"
8209,"0,169,3"
8210,"0,23,3"
8211,"0,3,10"
8212,"40,23,3"
8213,"0,8,271"
8214,"40,3,23"
8215,"0,271,265"
8216,"10,220,0"
8217,"3,0,40"
8218,"3,4"
8219,"23,24,38"
8220,"3,0,40"
8221,"23,24,40"
8222,"0,23,3"
8223,"3,40,21"
8224,"23,24,0"
8225,"23,3,169"
8226,"23,40,0"
8227,"3,40"
8228,"0,23,38"
8229,"23,40,3"
8230,"3,21,40"
8231,"0,271,3"
8232,"23,40,0"
8233,"23,24,3"
8234,"3,0,40"
8235,"23,38,0"
8236,"23,0,3"
8237,"3,0,40"
8238,"3,0"
8239,"0,3,40"
8240,"0,3,271"
8241,"23,24,3"
8242,"3,4,0"
8243,"40,23,0"
8244,"40,3,0"
8245,"40,0,3"
8246,"3,23,10"
8247,"0,3,23"
8248,"3,4,111"
8249,"0,3,10"
8250,"23,3,38"
8251,"169,3,40"
8252,"0,3,40"
8253,"0,3,23"
8254,"10,64,23"
8255,"23,24,10"
8256,"10,3,64"
8257,"3,0,40"
8258,"23,24,40"
8259,"40,131,3"
8260,"23,3,24"
8261,"10,3,64"
8262,"23,10,24"
8263,"3,40,169"
8264,"0,3,40"
8265,"169,40,3"
8266,"3,23,40"
8267,"23,10,3"
8268,"169,40,3"
8269,"23,40,38"
8270,"0,3,23"
8271,"3,169,40"
8272,"3,169,0"
8273,"0,3,23"
8274,"3,4,0"
8275,"23,24,10"
8276,"40,3,23"
8277,"3,40,0"
8278,"3,40,21"
8279,"23,3,40"
8280,"10,3,220"
8281,"40,23,3"
8282,"3,40,21"
8283,"3,23,40"
8284,"0,271,265"
8285,"40,131,3"
8286,"40,3"
8287,"3,40,21"
8288,"3,21,30"
8289,"3,4"
8290,"23,24,40"
8291,"10,40,3"
8292,"10,64,24"
8293,"40,3,131"
8294,"23,24,38"
8295,"0,8,3"
8296,"3,169,40"
8297,"3,0,23"
8298,"40,131,3"
8299,"3,4,111"
8300,"169,0,199"
8301,"0,3,169"
8302,"3,21,30"
8303,"3,40,0"
8304,"23,0,3"
8305,"3,0,40"
8306,"3,4,21"
8307,"0,3,8"
8308,"3,40,0"
8309,"3,40"
8310,"3,40"
8311,"0,3,40"
8312,"3,40,64"
8313,"23,3,40"
8314,"0,23,3"
8315,"3,40,21"
8316,"0,271,265"
8317,"3,40,21"
8318,"40,3,0"
8319,"23,38,24"
8320,"3,169,40"
8321,"3,40,0"
8322,"23,24,0"
8323,"23,24,64"
8324,"10,3,0"
8325,"10,64,3"
8326,"169,3,199"
8327,"40,23,3"
8328,"40,23,3"
8329,"3,40,23"
8330,"10,0,3"
8331,"3,4,21"
8332,"10,24,64"
8333,"10,11,0"
8334,"3,4,111"
8335,"3,40,21"
8336,"3,21,169"
8337,"40,3,23"
8338,"3,40,21"
8339,"40,3"
8340,"3,0,10"
8341,"3,40,21"
8342,"3,4,0"
8343,"0,3,8"
8344,"64,10,3"
8345,"0,3,23"
8346,"3,40,21"
8347,"40,3,41"
8348,"3,40,0"
8349,"23,3,40"
8350,"23,0,3"
8351,"10,23,3"
8352,"0,3,10"
8353,"23,0,40"
8354,"10,23,0"
8355,"3,23,40"
8356,"64,10,23"
8357,"3,4,21"
8358,"23,40,3"
8359,"10,0,3"
8360,"23,0,40"
8361,"3,169,40"
8362,"3,40,169"
8363,"0,40,23"
8364,"40,23,3"
8365,"0,3,271"
8366,"3,4"
8367,"3,23,40"
8368,"10,0,11"
8369,"3,4,21"
8370,"23,3,38"
8371,"0,23,3"
8372,"3,40,169"
8373,"0,40,23"
8374,"40,3,41"
8375,"3,40,0"
8376,"3,0,23"
8377,"0,3,271"
8378,"3,0,40"
8379,"10,11,3"
8380,"23,40,0"
8381,"3,40,21"
8382,"3,0,40"
8383,"23,3,40"
8384,"3,23,0"
8385,"0,3,23"
8386,"3,40,0"
8387,"0,10,3"
8388,"3,40,21"
8389,"10,220,0"
8390,"3,40,21"
8391,"40,160,41"
8392,"3,40,0"
8393,"3,40,21"
8394,"3,23,0"
8395,"3,169,0"
8396,"0,3"
8397,"10,3,23"
8398,"3,169,40"
8399,"0,23,3"
8400,"10,0,3"
8401,"23,40,3"
8402,"3,4,0"
8403,"3,40,0"
8404,"169,3,40"
8405,"3,169,23"
8406,"23,0,38"
8407,"23,10,0"
8408,"3,40,0"
8409,"3,40,21"
8410,"3,23,40"
8411,"0,23,3"
8412,"0,10,3"
8413,"23,0,3"
8414,"64,10,3"
8415,"0,10,3"
8416,"0,23,10"
8417,"3,0,64"
8418,"3,0,23"
8419,"23,40,38"
8420,"0,271,265"
8421,"10,64,0"
8422,"23,0,3"
8423,"169,3,40"
8424,"40,131,3"
8425,"40,131,3"
8426,"23,3,40"
8427,"0,23,3"
8428,"23,24,10"
8429,"3,40,0"
8430,"3,40,0"
8431,"169,3,199"
8432,"0,271,265"
8433,"64,10,3"
8434,"10,3,0"
8435,"3,40,21"
8436,"3,40,0"
8437,"0,3"
8438,"3,23,40"
8439,"3,40,4"
8440,"40,23,3"
8441,"3,40,0"
8442,"0,8,3"
8443,"3,40,0"
8444,"23,40,38"
8445,"3,23,40"
8446,"169,3,23"
8447,"10,23,0"
8448,"0,271,3"
8449,"3,4,111"
8450,"0,3,40"
8451,"3,23,38"
8452,"3,40,21"
8453,"0,3,23"
8454,"40,23,3"
8455,"3,23,40"
8456,"23,3,40"
8457,"3,40,0"
8458,"3,40,169"
8459,"0,3,265"
8460,"0,3,271"
8461,"0,40,23"
8462,"23,0,38"
8463,"23,0,3"
8464,"3,40"
8465,"40,3,131"
8466,"0,23,169"
8467,"3,40"
8468,"23,40,0"
8469,"3,23,0"
8470,"3,40,0"
8471,"0,3"
8472,"169,3,23"
8473,"64,10,3"
8474,"169,3,23"
8475,"0,3,23"
8476,"0,3,40"
8477,"23,24,64"
8478,"10,220,3"
8479,"3,10,23"
8480,"3,0,40"
8481,"10,220,3"
8482,"0,23,40"
8483,"10,0,3"
8484,"3,169,40"
8485,"10,0,220"
8486,"3,40,21"
8487,"40,3,169"
8488,"3,23,40"
8489,"10,0,3"
8490,"3,169,40"
8491,"40,23,131"
8492,"3,0,40"
8493,"3,40,0"
8494,"3,40,23"
8495,"23,40,24"
8496,"0,271,3"
8497,"64,3,24"
8498,"10,64,0"
8499,"3,40"
8500,"169,3,199"
8501,"3,40,0"
8502,"0,8,23"
8503,"0,3,40"
8504,"3,0,40"
8505,"10,24,23"
8506,"3,40,21"
8507,"169,3,40"
8508,"10,3,0"
8509,"40,3,160"
8510,"3,23,38"
8511,"3,169,23"
8512,"3,40,0"
8513,"3,21,40"
8514,"3,40,0"
8515,"3,0,40"
8516,"3,169,40"
8517,"169,23,3"
8518,"0,3,271"
8519,"23,10,0"
8520,"3,169,40"
8521,"3,0,40"
8522,"23,3,0"
8523,"0,40,3"
8524,"40,3,23"
8525,"3,23,0"
8526,"23,38,0"
8527,"10,3,0"
8528,"3,40,0"
8529,"3,40"
8530,"3,0,169"
8531,"3,23,40"
8532,"3,40,21"
8533,"3,4,111"
8534,"10,0,3"
8535,"3,21,40"
8536,"10,64,0"
8537,"23,38,0"
8538,"23,10,0"
8539,"0,3,23"
8540,"3,21,40"
8541,"169,3,40"
8542,"3,0,40"
8543,"3,40,0"
8544,"3,10,0"
8545,"3,40,21"
8546,"0,3,271"
8547,"3,21,40"
8548,"40,3,23"
8549,"0,23,3"
8550,"40,3,41"
8551,"0,3,10"
8552,"0,10,3"
8553,"3,40,0"
8554,"3,40,0"
8555,"3,21,40"
8556,"3,40,0"
8557,"0,169,3"
8558,"23,38,3"
8559,"10,220,0"
8560,"10,64,3"
8561,"10,0,3"
8562,"23,10,64"
8563,"23,0,38"
8564,"23,3,10"
8565,"0,3,40"
8566,"40,23,0"
8567,"169,170,3"
8568,"169,3,23"
8569,"40,131,3"
8570,"3,40,21"
8571,"3,40,21"
8572,"10,220,0"
8573,"169,3,199"
8574,"0,3,265"
8575,"3,0,40"
8576,"10,0,3"
8577,"3,0,40"
8578,"40,3,169"
8579,"24,23,10"
8580,"3,0,40"
8581,"23,0,3"
8582,"23,3,40"
8583,"3,40,0"
8584,"0,23,40"
8585,"40,0,3"
8586,"3,21,40"
8587,"23,24,40"
8588,"10,23,24"
8589,"23,3"
8590,"3,40,0"
8591,"0,10,3"
8592,"23,24,10"
8593,"3,169,0"
8594,"0,3,23"
8595,"3,169,40"
8596,"64,10,3"
8597,"0,3,40"
8598,"169,3,40"
8599,"3,0,40"
8600,"40,3,0"
8601,"10,64,0"
8602,"169,3,40"
8603,"3,40,21"
8604,"3,40,0"
8605,"3,0,40"
8606,"3,40,0"
8607,"10,3,0"
8608,"169,40,3"
8609,"3,40,169"
8610,"3,169,0"
8611,"23,74,40"
8612,"0,23,10"
8613,"10,3,23"
8614,"0,3,271"
8615,"23,40,38"
8616,"0,271,265"
8617,"23,24,10"
8618,"3,40,0"
8619,"3,23,0"
8620,"3,40,21"
8621,"3,40,21"
8622,"3,0,40"
8623,"169,3,40"
8624,"3,0,10"
8625,"40,131,0"
8626,"10,0,3"
8627,"3,40,23"
8628,"40,3,131"
8629,"3,23,40"
8630,"3,4,111"
8631,"3,0,40"
8632,"23,0,3"
8633,"3,0,296"
8634,"40,3"
8635,"3,40,21"
8636,"23,24,64"
8637,"3,0,40"
8638,"3,40,23"
8639,"3,40,0"
8640,"0,3,23"
8641,"40,3,41"
8642,"40,131,3"
8643,"0,23,3"
8644,"3,23,40"
8645,"3,0"
8646,"3,40"
8647,"3,0,23"
8648,"40,3,41"
8649,"3,40,23"
8650,"3,21,4"
8651,"0,3,23"
8652,"0,3"
8653,"40,23,3"
8654,"40,3,169"
8655,"0,23,10"
8656,"3,40,21"
8657,"3,40,0"
8658,"23,40,3"
8659,"23,24,10"
8660,"40,23,0"
8661,"0,271,265"
8662,"10,11,3"
8663,"40,131,3"
8664,"10,0,3"
8665,"40,131,0"
8666,"0,3"
8667,"3,0"
8668,"3,4,0"
8669,"0,23,3"
8670,"3,40,0"
8671,"0,3,23"
8672,"3,10,40"
8673,"0,3,40"
8674,"40,41,3"
8675,"3,4,0"
8676,"10,64,11"
8677,"3,40,21"
8678,"169,3,199"
8679,"23,0,24"
8680,"169,3,23"
8681,"0,8,3"
8682,"3,40,169"
8683,"3,40,21"
8684,"169,3,199"
8685,"3,21,111"
8686,"169,3,40"
8687,"23,24,40"
8688,"23,24,10"
8689,"0,3,8"
8690,"3,169,0"
8691,"3,21,40"
8692,"3,40"
8693,"3,40,21"
8694,"10,64,23"
8695,"40,3,135"
8696,"10,0,64"
8697,"24,64,10"
8698,"10,220,3"
8699,"0,3,23"
8700,"0,169,3"
8701,"10,64,0"
8702,"3,40,0"
8703,"3,40,0"
8704,"0,169,3"
8705,"23,24,10"
8706,"3,40"
8707,"23,40,3"
8708,"23,0,38"
8709,"23,3,0"
8710,"23,40,3"
8711,"40,23,3"
8712,"0,23,3"
8713,"40,23,3"
8714,"10,0,40"
8715,"169,40,3"
8716,"3,40"
8717,"3,40"
8718,"64,10,3"
8719,"3,0,40"
8720,"0,3,271"
8721,"3,0,4"
8722,"3,21,4"
8723,"3,23,0"
8724,"3,40"
8725,"0,10,23"
8726,"10,3,40"
8727,"23,24,40"
8728,"23,40,3"
8729,"3,0,40"
8730,"40,3,131"
8731,"0,3,271"
8732,"23,10,3"
8733,"3,169,40"
8734,"3,40,23"
8735,"3,40,0"
8736,"3,21,40"
8737,"10,23,24"
8738,"10,23,0"
8739,"23,3,0"
8740,"23,24,10"
8741,"23,0,3"
8742,"3,23,4"
8743,"169,3,23"
8744,"10,220,0"
8745,"0,3,271"
8746,"40,0,3"
8747,"3,40,0"
8748,"0,3,169"
8749,"0,23,3"
8750,"0,3,40"
8751,"0,271,265"
8752,"40,3,23"
8753,"0,3,40"
8754,"10,3,0"
8755,"3,40"
8756,"0,3,265"
8757,"10,220,3"
8758,"3,0"
8759,"3,23,38"
8760,"3,40,21"
8761,"0,3,40"
8762,"0,3,169"
8763,"40,135,3"
8764,"3,40,21"
8765,"0,3,271"
8766,"23,31,3"
8767,"23,40,38"
8768,"10,11,3"
8769,"40,23,0"
8770,"0,3,23"
8771,"10,220,40"
8772,"23,0,3"
8773,"10,0,24"
8774,"40,131,23"
8775,"10,64,3"
8776,"3,40,21"
8777,"3,0,40"
8778,"23,24,3"
8779,"3,40,21"
8780,"3,40,0"
8781,"0,3"
8782,"40,3,131"
8783,"3,169,199"
8784,"169,3,23"
8785,"10,0,23"
8786,"10,0,23"
8787,"23,24,10"
8788,"3,40,21"
8789,"3,23,40"
8790,"0,10,3"
8791,"10,220,0"
8792,"0,23,3"
8793,"0,3,23"
8794,"3,169,0"
8795,"3,21,40"
8796,"0,3,23"
8797,"3,40,21"
8798,"3,10,64"
8799,"3,40,21"
8800,"40,3"
8801,"0,3,23"
8802,"3,23,0"
8803,"0,3,10"
8804,"3,23,24"
8805,"0,3,271"
8806,"10,3,0"
8807,"23,24,38"
8808,"3,40,21"
8809,"23,3,0"
8810,"0,23,26"
8811,"3,40,21"
8812,"10,64,24"
8813,"0,3,271"
8814,"23,74,38"
8815,"3,21,40"
8816,"3,40,0"
8817,"3,40,21"
8818,"0,169,3"
8819,"23,0,38"
8820,"23,40,0"
8821,"0,271,3"
8822,"169,0,3"
8823,"0,3,40"
8824,"0,3,40"
8825,"23,40,38"
8826,"3,4,21"
8827,"169,40,3"
8828,"3,21,40"
8829,"0,23,40"
8830,"0,23,3"
8831,"3,40,21"
8832,"40,23,3"
8833,"3,0,4"
8834,"3,40,0"
8835,"0,3,8"
8836,"0,10,3"
8837,"169,3,40"
8838,"23,3,40"
8839,"0,40,23"
8840,"3,40,21"
8841,"40,23,3"
8842,"23,0,40"
8843,"3,40,21"
8844,"23,24,40"
8845,"3,23,40"
8846,"169,3,23"
8847,"3,40,21"
8848,"40,3,131"
8849,"40,3,131"
8850,"10,3,0"
8851,"40,3,131"
8852,"10,0,3"
8853,"169,3,199"
8854,"169,3,23"
8855,"40,131,0"
8856,"10,24,23"
8857,"23,0,3"
8858,"10,0,220"
8859,"0,3,23"
8860,"23,38,3"
8861,"0,169,3"
8862,"3,4,0"
8863,"10,64,11"
8864,"3,23,40"
8865,"3,23,40"
8866,"169,40,3"
8867,"3,0,169"
8868,"23,3,38"
8869,"3,169,21"
8870,"23,3,38"
8871,"169,3,23"
8872,"10,11,3"
8873,"3,4,0"
8874,"40,10,23"
8875,"40,3,0"
8876,"3,21,40"
8877,"0,23,40"
8878,"0,8,23"
8879,"3,40,169"
8880,"3,40,21"
8881,"0,3,10"
8882,"0,271,169"
8883,"10,64,0"
8884,"3,4,0"
8885,"40,3,0"
8886,"3,40,0"
8887,"10,220,0"
8888,"23,40,0"
8889,"3,0"
8890,"10,0,40"
8891,"3,169,40"
8892,"0,169,3"
8893,"3,0,40"
8894,"0,3,10"
8895,"3,40,21"
8896,"0,3,271"
8897,"3,21,111"
8898,"10,220,3"
8899,"3,21,111"
8900,"0,3,8"
8901,"3,23,169"
8902,"40,3,41"
8903,"23,40,38"
8904,"23,10,3"
8905,"3,21,111"
8906,"3,4"
8907,"40,131,3"
8908,"3,40,0"
8909,"40,41,3"
8910,"23,3,0"
8911,"23,40,0"
8912,"3,40,0"
8913,"0,3,169"
8914,"3,40,21"
8915,"40,3,0"
8916,"40,3,169"
8917,"40,0,131"
8918,"0,3,23"
8919,"3,40,0"
8920,"23,3,40"
8921,"3,169,40"
8922,"23,10,0"
8923,"3,0,4"
8924,"0,3,40"
8925,"10,23,0"
8926,"40,23,131"
8927,"64,10,3"
8928,"3,40,21"
8929,"3,40,21"
8930,"0,23,3"
8931,"3,40,0"
8932,"3,23,24"
8933,"10,24,64"
8934,"3,0,40"
8935,"0,23,3"
8936,"3,40,0"
8937,"23,24,40"
8938,"0,3,23"
8939,"0,169,23"
8940,"3,40,23"
8941,"3,40,0"
8942,"169,3,199"
8943,"10,0,220"
8944,"0,3"
8945,"169,0,23"
8946,"0,3,40"
8947,"23,0,3"
8948,"3,23,24"
8949,"10,0,3"
8950,"3,40,21"
8951,"40,131,3"
8952,"3,40,0"
8953,"3,23,40"
8954,"10,64,3"
8955,"169,3,40"
8956,"10,0,40"
8957,"40,169,3"
8958,"3,40,21"
8959,"40,23,3"
8960,"10,220,3"
8961,"23,40,0"
8962,"40,3,41"
8963,"23,40,0"
8964,"10,23,3"
8965,"23,0,3"
8966,"3,4,40"
8967,"3,21,4"
8968,"3,4,0"
8969,"3,40,21"
8970,"3,0,4"
8971,"40,3,23"
8972,"3,40,21"
8973,"0,3,40"
8974,"40,3,0"
8975,"3,21,4"
8976,"3,0"
8977,"40,131"
8978,"10,0,23"
8979,"10,64,0"
8980,"10,0,220"
8981,"3,40,0"
8982,"40,0,3"
8983,"3,0,40"
8984,"169,3,40"
8985,"0,3,10"
8986,"0,3,10"
8987,"0,23,3"
8988,"23,38,0"
8989,"40,169,0"
8990,"3,40,23"
8991,"40,3"
8992,"10,23,0"
8993,"23,40,38"
8994,"23,0,40"
8995,"10,23,3"
8996,"23,24,64"
8997,"40,3,41"
8998,"3,23,0"
8999,"3,4,0"
9000,"3,40,0"
9001,"169,0,3"
9002,"10,220,3"
9003,"40,0,3"
9004,"10,220,23"
9005,"40,3,135"
9006,"10,64,23"
9007,"3,4,21"
9008,"23,40,3"
9009,"3,4,0"
9010,"0,3,271"
9011,"23,3,0"
9012,"10,0,3"
9013,"10,220,0"
9014,"10,220,11"
9015,"0,10,3"
9016,"3,40,21"
9017,"3,21,40"
9018,"10,3,11"
9019,"0,10,3"
9020,"0,23,40"
9021,"40,3,131"
9022,"3,4,21"
9023,"169,0,3"
9024,"0,3,23"
9025,"0,271,3"
9026,"3,40,0"
9027,"3,40,0"
9028,"23,3,24"
9029,"3,23,10"
9030,"3,10,40"
9031,"3,23,38"
9032,"40,3"
9033,"10,220,0"
9034,"3,40,0"
9035,"0,3"
9036,"3,40,21"
9037,"64,10,3"
9038,"169,3,40"
9039,"3,0,4"
9040,"0,3,271"
9041,"23,24,0"
9042,"40,3,41"
9043,"23,0,3"
9044,"3,40,0"
9045,"0,271,3"
9046,"3,0,40"
9047,"10,64,3"
9048,"10,64,3"
9049,"3,21,111"
9050,"10,0,3"
9051,"0,3,40"
9052,"3,40,21"
9053,"3,40,21"
9054,"10,220,0"
9055,"3,40,21"
9056,"3,40"
9057,"23,3,10"
9058,"40,3"
9059,"23,31,3"
9060,"0,8,3"
9061,"40,3,0"
9062,"40,3,0"
9063,"23,10,0"
9064,"3,40,0"
9065,"40,23,131"
9066,"40,3,0"
9067,"23,3,74"
9068,"3,40,0"
9069,"3,0,4"
9070,"10,220,3"
9071,"23,3,38"
9072,"10,0,23"
9073,"3,169,40"
9074,"169,0,3"
9075,"0,271,265"
9076,"10,64,3"
9077,"3,0,23"
9078,"40,3,135"
9079,"3,0,40"
9080,"0,3,265"
9081,"40,23,3"
9082,"64,10,24"
9083,"0,23,3"
9084,"40,3,23"
9085,"3,4,21"
9086,"3,40,0"
9087,"0,8,3"
9088,"0,3,271"
9089,"3,0,40"
9090,"10,0,23"
9091,"169,3,40"
9092,"3,169,23"
9093,"0,8,3"
9094,"169,3,23"
9095,"3,21,40"
9096,"169,3,40"
9097,"10,23,0"
9098,"3,21,4"
9099,"3,4,111"
9100,"23,24,38"
9101,"23,40,0"
9102,"23,3,24"
9103,"3,40,0"
9104,"23,40,3"
9105,"40,3"
9106,"10,0,3"
9107,"3,10,23"
9108,"0,3,10"
9109,"10,23,3"
9110,"3,40"
9111,"3,0,40"
9112,"40,3"
9113,"10,220,3"
9114,"169,3,199"
9115,"10,0,3"
9116,"3,0,40"
9117,"23,10,0"
9118,"40,23,38"
9119,"23,40,3"
9120,"40,3,131"
9121,"3,4,0"
9122,"3,40,0"
9123,"0,23,10"
9124,"10,0,3"
9125,"3,0,40"
9126,"3,0,40"
9127,"10,0,11"
9128,"0,3,23"
9129,"23,3,74"
9130,"3,0,40"
9131,"10,0,3"
9132,"3,4,21"
9133,"23,0,3"
9134,"23,38,0"
9135,"10,0,23"
9136,"23,3,10"
9137,"40,3"
9138,"23,3,0"
9139,"3,10,23"
9140,"10,0,3"
9141,"40,23,3"
9142,"10,0,3"
9143,"3,4,21"
9144,"3,169,40"
9145,"23,3,31"
9146,"40,3,0"
9147,"3,40,0"
9148,"3,0,40"
9149,"0,23,3"
9150,"169,23,3"
9151,"24,23,64"
9152,"3,40,0"
9153,"10,3,0"
9154,"296,0,3"
9155,"3,40,0"
9156,"3,4,111"
9157,"23,3,40"
9158,"10,220,3"
9159,"3,0"
9160,"23,169,3"
9161,"40,3,41"
9162,"0,23,3"
9163,"169,3,40"
9164,"64,10,3"
9165,"10,64,24"
9166,"0,3,271"
9167,"3,40"
9168,"3,4"
9169,"23,0,64"
9170,"0,3,271"
9171,"23,3,40"
9172,"169,0,3"
9173,"23,0,38"
9174,"10,11,3"
9175,"3,21,40"
9176,"0,8,3"
9177,"10,64,3"
9178,"40,3,0"
9179,"24,23,10"
9180,"10,64,0"
9181,"3,40,21"
9182,"10,220,3"
9183,"3,4,21"
9184,"10,11,3"
9185,"23,3,0"
9186,"40,23,131"
9187,"0,3,8"
9188,"3,40,0"
9189,"40,3,23"
9190,"3,169,23"
9191,"64,10,23"
9192,"23,40,10"
9193,"40,0,3"
9194,"40,3,0"
9195,"23,40,38"
9196,"3,169,40"
9197,"0,169,3"
9198,"0,169,3"
9199,"0,3,40"
9200,"3,40,21"
9201,"10,220,11"
9202,"3,21,4"
9203,"23,38,10"
9204,"3,0,40"
9205,"40,169,3"
9206,"3,40,21"
9207,"40,0,3"
9208,"0,3,40"
9209,"40,3,23"
9210,"3,40,0"
9211,"23,0,38"
9212,"10,23,24"
9213,"3,4,21"
9214,"3,40,0"
9215,"0,10,23"
9216,"3,0,23"
9217,"0,3,40"
9218,"3,40,0"
9219,"10,3,40"
9220,"10,23,0"
9221,"23,3,40"
9222,"3,40,23"
9223,"64,10,40"
9224,"3,0,40"
9225,"3,0,40"
9226,"64,10,24"
9227,"0,169,3"
9228,"3,23,10"
9229,"3,0,40"
9230,"3,169,40"
9231,"23,0,3"
9232,"3,40,21"
9233,"0,10,23"
9234,"3,40"
9235,"40,3,41"
9236,"0,23,3"
9237,"3,0,40"
9238,"0,23,8"
9239,"23,40,3"
9240,"3,23,0"
9241,"3,40,0"
9242,"23,10,3"
9243,"0,23,3"
9244,"3,21,0"
9245,"40,3,23"
9246,"40,23,3"
9247,"0,3"
9248,"3,40,23"
9249,"0,3,8"
9250,"40,3,0"
9251,"64,10,23"
9252,"10,64,0"
9253,"3,40,21"
9254,"0,3,271"
9255,"169,3,23"
9256,"23,40,3"
9257,"0,3,26"
9258,"3,0,40"
9259,"169,199,3"
9260,"169,3,64"
9261,"23,40,3"
9262,"40,3,0"
9263,"10,40,0"
9264,"3,169,21"
9265,"23,40,3"
9266,"3,4,0"
9267,"0,3,23"
9268,"3,0,4"
9269,"169,40,3"
9270,"0,3,271"
9271,"40,3,0"
9272,"10,3,0"
9273,"3,0,40"
9274,"3,0,21"
9275,"23,40,0"
9276,"3,23,40"
9277,"23,40,38"
9278,"3,40,4"
9279,"3,4,0"
9280,"10,64,24"
9281,"3,21,40"
9282,"3,40,21"
9283,"10,0,23"
9284,"169,3,170"
9285,"10,220,0"
9286,"0,23,3"
9287,"23,0,3"
9288,"3,169,40"
9289,"3,23,40"
9290,"23,0,38"
9291,"10,0,3"
9292,"3,0,40"
9293,"3,0,40"
9294,"0,3,10"
9295,"0,3,40"
9296,"3,40,21"
9297,"40,3,41"
9298,"0,3"
9299,"40,23,3"
9300,"3,23,38"
9301,"3,23,40"
9302,"10,0,23"
9303,"0,3"
9304,"3,169,40"
9305,"169,3,40"
9306,"40,3,23"
9307,"3,0,40"
9308,"10,3,0"
9309,"3,4"
9310,"64,10,3"
9311,"10,64,3"
9312,"3,21,40"
9313,"0,23,3"
9314,"23,10,0"
9315,"40,3,23"
9316,"3,40,21"
9317,"3,40,4"
9318,"3,4,111"
9319,"3,0,4"
9320,"23,0,3"
9321,"3,40,23"
9322,"23,40,0"
9323,"3,169,40"
9324,"3,40"
9325,"0,271,3"
9326,"169,3,23"
9327,"40,3,0"
9328,"10,0,3"
9329,"23,0,38"
9330,"3,169,0"
9331,"3,4,21"
9332,"3,40"
9333,"23,40,3"
9334,"3,40,0"
9335,"23,40,24"
9336,"3,4,40"
9337,"3,40,21"
9338,"40,3"
9339,"3,10,64"
9340,"3,169,10"
9341,"169,3,199"
9342,"10,64,0"
9343,"23,74,40"
9344,"40,23,3"
9345,"3,21,40"
9346,"23,40,38"
9347,"0,271,265"
9348,"0,23,10"
9349,"0,3,40"
9350,"3,0,40"
9351,"0,169,23"
9352,"3,40,21"
9353,"10,3,64"
9354,"3,0,23"
9355,"3,4,0"
9356,"169,40,3"
9357,"3,0,40"
9358,"40,169,23"
9359,"3,0,169"
9360,"3,40,21"
9361,"0,40,23"
9362,"169,3,40"
9363,"3,40,0"
9364,"169,3,40"
9365,"3,21,40"
9366,"24,23,10"
9367,"169,3,40"
9368,"0,23,3"
9369,"3,0,4"
9370,"3,40,21"
9371,"3,4,111"
9372,"3,40,0"
9373,"3,169,0"
9374,"40,3,41"
9375,"10,220,0"
9376,"0,23,3"
9377,"10,64,3"
9378,"23,10,64"
9379,"0,3"
9380,"3,40,23"
9381,"0,3,23"
9382,"3,40,0"
9383,"23,40,74"
9384,"0,8,3"
9385,"24,64,10"
9386,"0,3,271"
9387,"0,8,3"
9388,"40,3,41"
9389,"40,3,23"
9390,"0,3,8"
9391,"40,23,3"
9392,"3,21,40"
9393,"0,3,23"
9394,"0,3"
9395,"3,40,0"
9396,"3,0,40"
9397,"0,23,3"
9398,"23,24,10"
9399,"3,21,4"
9400,"3,23,0"
9401,"40,23,3"
9402,"3,0"
9403,"40,3,131"
9404,"169,3,23"
9405,"40,3,131"
9406,"64,3,10"
9407,"3,40,21"
9408,"3,40,0"
9409,"23,40,24"
9410,"40,23,3"
9411,"3,40,0"
9412,"3,23,10"
9413,"23,0,38"
9414,"0,10,3"
9415,"23,24,10"
9416,"23,0,38"
9417,"3,4"
9418,"40,23,10"
9419,"23,24,3"
9420,"3,40,4"
9421,"0,169,3"
9422,"169,40,3"
9423,"3,40"
9424,"3,40,0"
9425,"3,0,40"
9426,"3,0,4"
9427,"10,0,64"
9428,"3,40,0"
9429,"169,3,23"
9430,"10,0,3"
9431,"0,3,271"
9432,"3,4,0"
9433,"3,21,111"
9434,"0,23,3"
9435,"3,0,40"
9436,"10,220,3"
9437,"3,40,21"
9438,"3,169,23"
9439,"40,169,23"
9440,"40,131,0"
9441,"3,40"
9442,"3,40,21"
9443,"0,271,265"
9444,"23,3,40"
9445,"23,0,3"
9446,"0,3,23"
9447,"3,0,40"
9448,"23,40,24"
9449,"3,40,21"
9450,"3,0,40"
9451,"0,3,40"
9452,"0,3,8"
9453,"23,40,38"
9454,"10,64,3"
9455,"0,23,3"
9456,"0,3,271"
9457,"3,40,21"
9458,"23,0,40"
9459,"169,40,23"
9460,"23,38,3"
9461,"0,3,23"
9462,"3,40,169"
9463,"3,4,21"
9464,"0,3,8"
9465,"40,3,135"
9466,"0,23,3"
9467,"23,0,38"
9468,"3,40,23"
9469,"23,24,64"
9470,"40,3,169"
9471,"3,40,0"
9472,"23,0,40"
9473,"23,10,40"
9474,"169,3,0"
9475,"40,131,0"
9476,"3,0,4"
9477,"10,0,3"
9478,"10,23,64"
9479,"23,40,3"
9480,"0,10,40"
9481,"169,40,3"
9482,"10,64,3"
9483,"0,3,10"
9484,"23,40,3"
9485,"3,0,40"
9486,"3,40"
9487,"40,23,131"
9488,"0,3,40"
9489,"3,40,0"
9490,"3,40,21"
9491,"0,3,40"
9492,"3,0,40"
9493,"0,3,23"
9494,"0,3,8"
9495,"23,0,3"
9496,"3,21,30"
9497,"10,64,24"
9498,"40,3,0"
9499,"3,4,0"
9500,"23,3,40"
9501,"40,3,41"
9502,"23,40,74"
9503,"10,0,3"
9504,"10,3,220"
9505,"40,3,131"
9506,"0,3,8"
9507,"0,3,8"
9508,"40,3,0"
9509,"169,3,23"
9510,"10,0,3"
9511,"0,3,40"
9512,"3,21,111"
9513,"10,3,0"
9514,"169,0,3"
9515,"3,40,23"
9516,"169,3,40"
9517,"3,40,21"
9518,"23,40,3"
9519,"3,21,40"
9520,"3,23,0"
9521,"0,23,40"
9522,"40,3,131"
9523,"169,3,23"
9524,"3,40"
9525,"40,0,10"
9526,"0,23,3"
9527,"0,3,40"
9528,"3,40"
9529,"3,40,0"
9530,"3,4,0"
9531,"0,23,3"
9532,"10,64,11"
9533,"0,3"
9534,"3,0,40"
9535,"0,3,271"
9536,"23,0,40"
9537,"3,40,23"
9538,"10,64,0"
9539,"3,0,40"
9540,"3,21,40"
9541,"23,3,40"
9542,"0,271,265"
9543,"3,0,23"
9544,"10,3,220"
9545,"3,40,21"
9546,"40,0,131"
9547,"23,24,10"
9548,"40,23,0"
9549,"40,0,3"
9550,"3,40,21"
9551,"0,3"
9552,"0,3,40"
9553,"3,40,0"
9554,"40,3,0"
9555,"3,4"
9556,"64,10,3"
9557,"0,3,10"
9558,"10,23,0"
9559,"10,64,24"
9560,"10,220,3"
9561,"169,3,170"
9562,"10,220,0"
9563,"169,3,0"
9564,"40,3"
9565,"0,169,40"
9566,"10,3,11"
9567,"23,3,24"
9568,"23,24,0"
9569,"3,23,0"
9570,"3,0,40"
9571,"23,40,0"
9572,"23,40,3"
9573,"23,0,3"
9574,"3,169,40"
9575,"10,3,220"
9576,"0,3,40"
9577,"3,40,0"
9578,"64,10,24"
9579,"0,3,40"
9580,"0,3,271"
9581,"3,40,21"
9582,"23,24,64"
9583,"3,40,23"
9584,"3,40,0"
9585,"0,3,23"
9586,"0,10,40"
9587,"0,3,10"
9588,"3,4"
9589,"3,169,40"
9590,"3,40,21"
9591,"10,3,0"
9592,"40,131,3"
9593,"169,40,3"
9594,"23,3,0"
9595,"23,31,3"
9596,"3,4,21"
9597,"40,3,131"
9598,"3,23,0"
9599,"0,23,3"
9600,"40,23,3"
9601,"23,74,40"
9602,"3,0,40"
9603,"0,271,265"
9604,"23,0,38"
9605,"40,23,0"
9606,"3,169,23"
9607,"40,3"
9608,"3,169,40"
9609,"3,0,40"
9610,"0,40,3"
9611,"3,40,21"
9612,"0,8,3"
9613,"23,40,38"
9614,"3,40,0"
9615,"3,4,0"
9616,"169,3,23"
9617,"3,40,0"
9618,"3,0,10"
9619,"23,0,10"
9620,"40,0,3"
9621,"0,23,40"
9622,"3,4,21"
9623,"0,271,265"
9624,"0,10,64"
9625,"169,3,40"
9626,"3,0,40"
9627,"3,40,169"
9628,"3,169,40"
9629,"3,0,23"
9630,"0,3,10"
9631,"23,24,10"
9632,"3,40,21"
9633,"23,0,38"
9634,"0,8,3"
9635,"3,40,169"
9636,"23,24,38"
9637,"0,271,3"
9638,"169,40,3"
9639,"40,23"
9640,"3,40,21"
9641,"0,10,23"
9642,"169,3,40"
9643,"23,24,3"
9644,"169,3,40"
9645,"23,0,38"
9646,"3,21,4"
9647,"40,3,41"
9648,"23,0,3"
9649,"3,0,40"
9650,"169,3,40"
9651,"40,3"
9652,"40,131,0"
9653,"0,23,10"
9654,"0,40,3"
9655,"40,3,41"
9656,"10,24,3"
9657,"23,3,40"
9658,"3,169,40"
9659,"64,10,3"
9660,"23,24,10"
9661,"3,40,23"
9662,"23,40,0"
9663,"0,3,169"
9664,"3,0,169"
9665,"10,0,220"
9666,"3,169,0"
9667,"3,40,0"
9668,"3,40,21"
9669,"3,23,40"
9670,"169,3,23"
9671,"169,3,199"
9672,"40,131,3"
9673,"3,40,21"
9674,"3,169,40"
9675,"10,64,23"
9676,"10,3,0"
9677,"23,3,0"
9678,"23,0,3"
9679,"23,74,3"
9680,"3,40,21"
9681,"3,21,40"
9682,"3,40,0"
9683,"3,0,10"
9684,"10,220,3"
9685,"10,0,3"
9686,"3,169,23"
9687,"3,169,40"
9688,"169,40,3"
9689,"40,3,135"
9690,"3,40,0"
9691,"3,0,40"
9692,"3,40,0"
9693,"3,40,169"
9694,"3,21,0"
9695,"10,0,3"
9696,"3,0,40"
9697,"10,220,0"
9698,"40,131,23"
9699,"0,3,271"
9700,"10,220,11"
9701,"0,3,40"
9702,"3,0,40"
9703,"169,23,3"
9704,"23,40,74"
9705,"23,38,24"
9706,"10,0,3"
9707,"10,0,40"
9708,"3,40,0"
9709,"169,3,64"
9710,"3,40,23"
9711,"40,3,131"
9712,"40,3"
9713,"3,40,21"
9714,"169,3,170"
9715,"10,64,0"
9716,"3,40,0"
9717,"3,169,0"
9718,"169,3,23"
9719,"3,23,0"
9720,"0,3,40"
9721,"0,3,40"
9722,"3,21,4"
9723,"3,21,111"
9724,"3,21,40"
9725,"3,40,21"
9726,"3,4,0"
9727,"40,3,0"
9728,"10,23,3"
9729,"10,64,0"
9730,"23,0,40"
9731,"3,40,0"
9732,"3,40,21"
9733,"0,271,265"
9734,"3,0,40"
9735,"23,40,38"
9736,"3,0,40"
9737,"64,10,3"
9738,"3,4"
9739,"40,3,0"
9740,"3,40,0"
9741,"10,220,0"
9742,"0,3,10"
9743,"0,3,10"
9744,"23,40,0"
9745,"23,10,0"
9746,"40,3"
9747,"3,4,21"
9748,"10,0,23"
9749,"3,40,0"
9750,"0,23,40"
9751,"3,169,40"
9752,"23,0,40"
9753,"0,23,3"
9754,"3,23,40"
9755,"10,220,0"
9756,"0,40,10"
9757,"40,131,3"
9758,"3,21,4"
9759,"40,0,23"
9760,"3,40,23"
9761,"23,40,38"
9762,"3,40,21"
9763,"10,220,3"
9764,"3,40,169"
9765,"40,3,131"
9766,"3,40,21"
9767,"23,40,3"
9768,"169,3,23"
9769,"3,40,21"
9770,"10,220,0"
9771,"3,4,0"
9772,"40,3"
9773,"23,10,64"
9774,"3,23,40"
9775,"40,3,131"
9776,"10,64,0"
9777,"3,40,21"
9778,"169,3,199"
9779,"3,40,0"
9780,"3,40,0"
9781,"3,169,40"
9782,"23,24,3"
9783,"0,23,40"
9784,"169,0,3"
9785,"3,4,111"
9786,"0,3,271"
9787,"0,3,40"
9788,"3,40,0"
9789,"40,23,3"
9790,"23,40,38"
9791,"169,23,3"
9792,"3,10,23"
9793,"40,3"
9794,"10,0,23"
9795,"23,24,10"
9796,"3,0,23"
9797,"40,3,131"
9798,"40,3,131"
9799,"10,220,0"
9800,"23,24,10"
9801,"3,169,0"
9802,"3,40"
9803,"3,40,21"
9804,"0,3,271"
9805,"3,0,21"
9806,"3,23,0"
9807,"3,21,40"
9808,"3,0"
9809,"3,23,40"
9810,"3,21,40"
9811,"3,169,0"
9812,"3,40"
9813,"23,24,10"
9814,"10,0,23"
9815,"40,3"
9816,"3,21,111"
9817,"0,3,8"
9818,"3,0,40"
9819,"10,64,0"
9820,"0,3,10"
9821,"40,3,23"
9822,"0,3,10"
9823,"40,3,23"
9824,"3,0,40"
9825,"23,40,3"
9826,"0,10,64"
9827,"0,23,3"
9828,"3,40,23"
9829,"169,3,23"
9830,"3,4,0"
9831,"3,21,4"
9832,"3,40,0"
9833,"3,0,4"
9834,"10,3,11"
9835,"0,271,265"
9836,"3,0,40"
9837,"10,220,11"
9838,"23,24,10"
9839,"169,3,40"
9840,"3,0,21"
9841,"3,4,0"
9842,"23,0,38"
9843,"10,0,24"
9844,"23,24,10"
9845,"40,3,0"
9846,"23,3,40"
9847,"0,3,265"
9848,"0,10,3"
9849,"10,64,3"
9850,"23,40,3"
9851,"3,40,21"
9852,"0,23,3"
9853,"24,23,64"
9854,"0,3,23"
9855,"3,40,21"
9856,"40,3,41"
9857,"10,0,3"
9858,"23,0,38"
9859,"3,0,21"
9860,"40,3,0"
9861,"40,3,169"
9862,"3,4,21"
9863,"10,0,24"
9864,"0,3,40"
9865,"0,3,271"
9866,"3,40,0"
9867,"3,40,21"
9868,"169,3,199"
9869,"40,3,23"
9870,"10,3,0"
9871,"3,40,0"
9872,"0,23,8"
9873,"3,169,199"
9874,"3,40,169"
9875,"3,0,4"
9876,"0,40,23"
9877,"3,21,4"
9878,"0,3,271"
9879,"40,3,41"
9880,"0,271,265"
9881,"169,3,199"
9882,"3,21,40"
9883,"3,40,169"
9884,"10,220,3"
9885,"40,23,3"
9886,"3,0,40"
9887,"3,40,23"
9888,"3,40,23"
9889,"0,3,271"
9890,"10,0,23"
9891,"3,0,4"
9892,"64,10,3"
9893,"3,169,40"
9894,"40,3"
9895,"3,40,0"
9896,"169,0,3"
9897,"3,4,21"
9898,"23,3,0"
9899,"3,40,21"
9900,"23,0,3"
9901,"40,23,0"
9902,"0,23,3"
9903,"10,64,24"
9904,"10,3,169"
9905,"3,0,40"
9906,"0,3,23"
9907,"23,3,40"
9908,"3,0,40"
9909,"3,21,0"
9910,"40,3,41"
9911,"0,23,10"
9912,"10,0,3"
9913,"0,3,169"
9914,"0,3"
9915,"3,0,21"
9916,"3,40,21"
9917,"23,40,3"
9918,"3,40"
9919,"23,24,3"
9920,"3,40,0"
9921,"40,3,41"
9922,"3,40,0"
9923,"3,40,0"
9924,"40,3,169"
9925,"40,3,41"
9926,"3,0,40"
9927,"10,11,0"
9928,"0,40,23"
9929,"3,21,40"
9930,"3,40,21"
9931,"0,169,3"
9932,"10,23,0"
9933,"169,3,40"
9934,"40,3"
9935,"3,4,0"
9936,"3,0,40"
9937,"0,23,3"
9938,"0,3,271"
9939,"169,3,23"
9940,"3,169,0"
9941,"24,10,64"
9942,"40,3,23"
9943,"23,24,10"
9944,"64,10,0"
9945,"0,3,23"
9946,"0,3,8"
9947,"0,23,38"
9948,"3,40,0"
9949,"3,40,23"
9950,"10,220,0"
9951,"0,23,3"
9952,"3,169,40"
9953,"10,220,3"
9954,"3,40,21"
9955,"3,40,0"
9956,"3,21,40"
9957,"3,0,10"
9958,"40,3,23"
9959,"3,0,40"
9960,"3,4,0"
9961,"10,220,0"
9962,"40,0,23"
9963,"40,131,0"
9964,"3,40,0"
9965,"3,40,0"
9966,"0,23,169"
9967,"10,23,64"
9968,"0,3,169"
9969,"23,0,40"
9970,"3,0,40"
9971,"3,0,40"
9972,"40,0,131"
9973,"3,0,40"
9974,"40,3,131"
9975,"169,40,3"
9976,"3,0,40"
9977,"0,3"
9978,"64,3,40"
9979,"10,23,24"
9980,"3,0,40"
9981,"10,64,23"
9982,"10,3,220"
9983,"0,3,271"
9984,"3,4,0"
9985,"3,21,40"
9986,"0,23,3"
9987,"23,0,38"
9988,"0,3,271"
9989,"3,4,0"
9990,"3,40"
9991,"40,3,23"
9992,"3,40,10"
9993,"0,3,23"
9994,"3,21,40"
9995,"10,220,0"
9996,"40,0,3"
9997,"23,40,0"
9998,"169,3,40"
9999,"0,3,40"
10000,"0,23,3"
10001,"3,0,40"
10002,"0,3,10"
10003,"169,0,3"
10004,"3,40,0"
10005,"3,0,40"
10006,"10,3,220"
10007,"3,0,40"
10008,"40,0,3"
10009,"23,3,0"
10010,"10,220,0"
10011,"169,3,170"
10012,"23,40,38"
10013,"3,40,21"
10014,"40,3,0"
10015,"3,0,40"
10016,"3,40"
10017,"3,23,10"
10018,"40,131,3"
10019,"0,271,3"
10020,"3,40,0"
10021,"40,3,23"
10022,"40,3,0"
10023,"40,23,10"
10024,"3,0,40"
10025,"23,24,3"
10026,"0,23,271"
10027,"0,23,3"
10028,"3,23,38"
10029,"40,3,23"
10030,"40,3"
10031,"3,0,40"
10032,"10,220,0"
10033,"3,40,0"
10034,"3,40,0"
10035,"3,40"
10036,"3,0,40"
10037,"3,40,23"
10038,"24,23,10"
10039,"3,40,21"
10040,"64,10,3"
10041,"23,0,40"
10042,"40,3,41"
10043,"40,131,41"
10044,"40,3,23"
10045,"169,3,40"
10046,"23,40,3"
10047,"10,220,0"
10048,"40,3"
10049,"10,0,3"
10050,"40,3"
10051,"3,0,40"
10052,"0,3,169"
10053,"0,3,8"
10054,"3,40,21"
10055,"3,40,0"
10056,"3,21,111"
10057,"3,169,40"
10058,"3,0,40"
10059,"3,21,0"
10060,"40,23,3"
10061,"3,40,21"
10062,"0,3"
10063,"0,3,23"
10064,"3,0"
10065,"24,64,10"
10066,"3,40"
10067,"40,3,169"
10068,"10,64,0"
10069,"10,3,0"
10070,"3,4,0"
10071,"3,0,21"
10072,"10,220,0"
10073,"23,0,38"
10074,"3,40,21"
10075,"40,3,131"
10076,"3,4"
10077,"23,10,64"
10078,"0,3,8"
10079,"40,169,3"
10080,"40,0,3"
10081,"10,64,3"
10082,"3,0,4"
10083,"40,23,3"
10084,"23,0,40"
10085,"3,21,40"
10086,"23,40,3"
10087,"10,23,24"
10088,"40,3,0"
10089,"3,40,21"
10090,"0,3,271"
10091,"3,21,111"
10092,"10,3,11"
10093,"40,3,0"
10094,"3,0,4"
10095,"10,3,11"
10096,"3,40,23"
10097,"3,0,40"
10098,"3,40"
10099,"3,21,40"
10100,"3,40,0"
10101,"3,4,111"
10102,"3,0,21"
10103,"0,3,265"
10104,"3,40,21"
10105,"3,0,23"
10106,"3,40,21"
10107,"3,40,0"
10108,"10,64,3"
10109,"3,169,0"
10110,"169,3,199"
10111,"0,3,10"
10112,"3,169,23"
10113,"3,40,21"
10114,"23,3,0"
10115,"40,3,0"
10116,"0,3,271"
10117,"10,0,40"
10118,"0,3,40"
10119,"3,21,4"
10120,"3,40,21"
10121,"10,0,220"
10122,"169,3,23"
10123,"0,3,40"
10124,"3,169,40"
10125,"23,3,10"
10126,"10,0,3"
10127,"0,10,3"
10128,"0,271,3"
10129,"10,23,3"
10130,"3,40,135"
10131,"0,3,271"
10132,"0,3,40"
10133,"3,40,0"
10134,"3,40,169"
10135,"0,23,3"
10136,"3,169,10"
10137,"3,40,0"
10138,"10,0,40"
10139,"3,0,23"
10140,"0,23,3"
10141,"10,3,0"
10142,"3,169,40"
10143,"169,3,199"
10144,"0,271,3"
10145,"40,3,23"
10146,"3,40,135"
10147,"0,169,3"
10148,"0,169,40"
10149,"3,0,23"
10150,"3,10,64"
10151,"3,40"
10152,"10,220,3"
10153,"40,23,3"
10154,"3,0,4"
10155,"3,21,40"
10156,"40,3,41"
10157,"3,0,4"
10158,"169,40,3"
10159,"23,24,3"
10160,"23,0,3"
10161,"24,23,10"
10162,"40,3,0"
10163,"23,24,3"
10164,"3,40,21"
10165,"169,3,0"
10166,"0,23,3"
10167,"0,3,271"
10168,"0,10,40"
10169,"10,64,3"
10170,"23,10,0"
10171,"3,0,40"
10172,"3,21,40"
10173,"3,4,111"
10174,"3,40"
10175,"3,40,21"
10176,"3,40,21"
10177,"40,3,131"
10178,"3,40,21"
10179,"3,21,40"
10180,"3,23,64"
10181,"40,3"
10182,"169,3,199"
10183,"10,11,3"
10184,"169,0,3"
10185,"40,3,0"
10186,"40,3,23"
10187,"3,0,40"
10188,"10,3,24"
10189,"10,220,0"
10190,"3,40,21"
10191,"3,40"
10192,"10,23,0"
10193,"23,0,10"
10194,"10,3,64"
10195,"40,3,0"
10196,"64,10,3"
10197,"3,40,21"
10198,"10,64,3"
10199,"3,23,0"
10200,"40,3,169"
10201,"3,4,21"
10202,"0,3,10"
10203,"10,220,0"
10204,"10,220,3"
10205,"10,3,0"
10206,"10,3,23"
10207,"0,3,40"
10208,"169,0,3"
10209,"10,24,64"
10210,"3,40,0"
10211,"10,3,23"
10212,"23,0,38"
10213,"0,3,10"
10214,"0,23,3"
10215,"10,0,23"
10216,"3,10,64"
10217,"0,3,271"
10218,"3,40,0"
10219,"3,23,40"
10220,"0,23,40"
10221,"3,0,4"
10222,"3,21,169"
10223,"3,40,21"
10224,"23,0,38"
10225,"0,23,3"
10226,"40,23,3"
10227,"3,40"
10228,"3,169,0"
10229,"23,0,40"
10230,"3,40,21"
10231,"3,4,0"
10232,"40,3,0"
10233,"3,40,21"
10234,"0,271,3"
10235,"40,64,10"
10236,"3,10,0"
10237,"169,3,40"
10238,"0,3,10"
10239,"40,160,41"
10240,"3,40,0"
10241,"23,0,40"
10242,"0,23,3"
10243,"169,3,40"
10244,"23,0,38"
10245,"23,10,3"
10246,"10,0,23"
10247,"3,0,40"
10248,"3,40,169"
10249,"3,4,111"
10250,"0,8,23"
10251,"40,23,3"
10252,"0,40,23"
10253,"23,0,10"
10254,"10,64,0"
10255,"3,40,0"
10256,"23,0,10"
10257,"0,3,271"
10258,"40,3,0"
10259,"0,3,23"
10260,"3,23,40"
10261,"3,169,0"
10262,"64,10,23"
10263,"10,0,3"
10264,"3,40,0"
10265,"40,3,131"
10266,"3,0,40"
10267,"0,23,38"
10268,"3,23,10"
10269,"169,3,23"
10270,"3,0,40"
10271,"23,3,0"
10272,"40,3,23"
10273,"3,21,111"
10274,"3,0,4"
10275,"40,3"
10276,"0,3,23"
10277,"3,40"
10278,"3,0,4"
10279,"10,64,11"
10280,"40,3,23"
10281,"23,3,40"
10282,"3,40,0"
10283,"0,3,23"
10284,"0,23,10"
10285,"3,40,21"
10286,"10,0,220"
10287,"3,23,40"
10288,"23,10,24"
10289,"0,3,169"
10290,"3,0,40"
10291,"3,40,21"
10292,"10,23,24"
10293,"3,0,40"
10294,"10,220,3"
10295,"40,3,0"
10296,"3,0,21"
10297,"10,3,23"
10298,"10,0,3"
10299,"40,3,135"
10300,"0,23,3"
10301,"0,271,265"
10302,"40,3,131"
10303,"3,21,40"
10304,"3,40,21"
10305,"0,3,271"
10306,"3,21,4"
10307,"3,21,111"
10308,"40,3,131"
10309,"10,11,3"
10310,"3,4,21"
10311,"3,40,21"
10312,"40,3"
10313,"10,0,40"
10314,"40,3"
10315,"3,40,0"
10316,"0,3,40"
10317,"3,40,0"
10318,"0,23,3"
10319,"3,169,0"
10320,"40,0,3"
10321,"0,3,10"
10322,"40,3"
10323,"10,3,0"
10324,"23,0,38"
10325,"3,40,21"
10326,"23,40,0"
10327,"23,24,10"
10328,"3,21,40"
10329,"3,0,4"
10330,"0,23,3"
10331,"3,40,21"
10332,"3,0,169"
10333,"40,3,0"
10334,"23,24,3"
10335,"3,4,21"
10336,"0,3,10"
10337,"0,3,271"
10338,"169,0,3"
10339,"3,0,40"
10340,"23,3,0"
10341,"3,21,40"
10342,"0,23,3"
10343,"40,131,3"
10344,"23,3,38"
10345,"23,40,74"
10346,"0,3,23"
10347,"0,3,40"
10348,"40,23,0"
10349,"3,23,40"
10350,"3,40"
10351,"10,64,0"
10352,"3,40,0"
10353,"23,3,24"
10354,"0,3,271"
10355,"3,296,64"
10356,"3,40,21"
10357,"40,3,169"
10358,"23,3,40"
10359,"3,40,169"
10360,"40,3,23"
10361,"23,74,3"
10362,"10,11,3"
10363,"3,21,111"
10364,"0,3,23"
10365,"169,3,23"
10366,"0,10,40"
10367,"0,3,40"
10368,"23,40,3"
10369,"10,0,23"
10370,"0,3"
10371,"23,10,24"
10372,"0,3,10"
10373,"3,40"
10374,"3,23,40"
10375,"40,3,23"
10376,"23,40,3"
10377,"3,40,169"
10378,"64,3,10"
10379,"40,3,131"
10380,"0,23,10"
10381,"3,169,40"
10382,"0,3,40"
10383,"10,0,40"
10384,"40,3,131"
10385,"10,40,0"
10386,"3,0,40"
10387,"3,40"
10388,"10,3,64"
10389,"23,10,3"
10390,"0,8,23"
10391,"40,23,0"
10392,"0,3,40"
10393,"3,4,0"
10394,"3,30,4"
10395,"3,0,40"
10396,"3,4,0"
10397,"40,3,64"
10398,"0,3,265"
10399,"40,3,131"
10400,"23,0,40"
10401,"3,0,10"
10402,"169,40,0"
10403,"3,0,169"
10404,"10,3,0"
10405,"0,10,3"
10406,"3,169,40"
10407,"3,21,111"
10408,"169,3,23"
10409,"23,24,3"
10410,"3,10,0"
10411,"3,21,40"
10412,"0,3"
10413,"23,0,40"
10414,"3,40,21"
10415,"3,0,40"
10416,"40,131,3"
10417,"3,4,111"
10418,"0,3"
10419,"10,3,0"
10420,"3,10,23"
10421,"10,64,24"
10422,"64,10,23"
10423,"64,3,10"
10424,"40,3"
10425,"23,38,40"
10426,"24,23,3"
10427,"3,40,21"
10428,"3,169,23"
10429,"10,0,40"
10430,"3,40,169"
10431,"10,3,11"
10432,"0,10,40"
10433,"23,3,0"
10434,"3,40,0"
10435,"23,0,3"
10436,"3,4"
10437,"3,169,40"
10438,"3,40,21"
10439,"23,3,40"
10440,"3,40,0"
10441,"3,169,40"
10442,"3,0,40"
10443,"23,10,24"
10444,"3,40,21"
10445,"40,23,3"
10446,"3,40,0"
10447,"40,3,169"
10448,"169,40,3"
10449,"169,3,40"
10450,"40,0,3"
10451,"40,3,41"
10452,"169,3,23"
10453,"3,4,0"
10454,"0,169,23"
10455,"3,23,64"
10456,"40,131,3"
10457,"0,3,8"
10458,"10,220,3"
10459,"0,3,8"
10460,"23,74,38"
10461,"10,3,11"
10462,"0,271,3"
10463,"3,4,111"
10464,"40,23,0"
10465,"0,3,10"
10466,"3,10,23"
10467,"0,169,3"
10468,"0,23,3"
10469,"0,3,271"
10470,"10,3,220"
10471,"23,0,38"
10472,"10,0,3"
10473,"3,4"
10474,"169,23,3"
10475,"3,40,21"
10476,"169,296,3"
10477,"3,40,0"
10478,"23,40,0"
10479,"40,3"
10480,"3,4,111"
10481,"40,3,0"
10482,"40,3"
10483,"23,3,40"
10484,"10,220,0"
10485,"23,24,10"
10486,"169,23,3"
10487,"169,3,40"
10488,"3,40,21"
10489,"3,40,296"
10490,"3,40,21"
10491,"3,169,0"
10492,"23,3,64"
10493,"40,3,131"
10494,"40,169,0"
10495,"3,0,40"
10496,"10,3,0"
10497,"3,40,0"
10498,"169,40,3"
10499,"0,3,40"
10500,"0,23,3"
10501,"64,10,23"
10502,"40,3,0"
10503,"3,0,40"
10504,"40,23,38"
10505,"3,4,23"
10506,"0,23,3"
10507,"3,40,21"
10508,"40,23,3"
10509,"10,64,0"
10510,"3,40,0"
10511,"40,23,38"
10512,"23,0,38"
10513,"23,3,40"
10514,"23,3,24"
10515,"40,0,3"
10516,"0,23,3"
10517,"10,11,3"
10518,"3,0,40"
10519,"23,0,40"
10520,"10,64,24"
10521,"0,10,23"
10522,"40,131,41"
10523,"3,0,10"
10524,"3,21,4"
10525,"3,40,169"
10526,"10,0,3"
10527,"10,0,23"
10528,"3,23,0"
10529,"10,220,3"
10530,"0,3,40"
10531,"40,3,0"
10532,"10,23,64"
10533,"3,40,0"
10534,"0,3,40"
10535,"3,4,0"
10536,"23,0,38"
10537,"3,40,21"
10538,"23,38,3"
10539,"40,3"
10540,"3,21,40"
10541,"64,10,3"
10542,"169,3,23"
10543,"3,40,0"
10544,"3,0,40"
10545,"23,0,26"
10546,"3,23,40"
10547,"10,0,3"
10548,"3,40,0"
10549,"0,3,271"
10550,"23,3,0"
10551,"0,10,3"
10552,"3,40,0"
10553,"3,40,23"
10554,"3,40"
10555,"10,64,3"
10556,"3,40,0"
10557,"23,24,40"
10558,"40,3"
10559,"40,131,3"
10560,"0,23,38"
10561,"23,40,38"
10562,"3,169,23"
10563,"10,23,3"
10564,"10,23,0"
10565,"3,40,21"
10566,"3,10,23"
10567,"10,23,0"
10568,"24,23,64"
10569,"3,0,40"
10570,"3,40,21"
10571,"3,40"
10572,"23,0,40"
10573,"3,40,23"
10574,"10,3,11"
10575,"40,3,23"
10576,"0,271,265"
10577,"23,3,0"
10578,"3,0,40"
10579,"40,0,23"
10580,"10,0,220"
10581,"0,3,271"
10582,"3,169,40"
10583,"0,3,271"
10584,"169,40,23"
10585,"0,3,271"
10586,"0,3,10"
10587,"40,131,3"
10588,"10,0,3"
10589,"23,0,3"
10590,"3,169,21"
10591,"3,169,23"
10592,"0,10,23"
10593,"3,40,23"
10594,"40,3,131"
10595,"3,40,21"
10596,"10,0,3"
10597,"0,3,265"
10598,"3,23,40"
10599,"23,0,10"
10600,"0,3"
10601,"3,40,0"
10602,"3,23,24"
10603,"40,0,3"
10604,"3,0,23"
10605,"3,23,40"
10606,"10,0,40"
10607,"3,40,0"
10608,"3,4,21"
10609,"3,0,40"
10610,"40,3,23"
10611,"3,40,21"
10612,"10,64,3"
10613,"169,3,64"
10614,"3,40,21"
10615,"3,21,40"
10616,"3,21,111"
10617,"23,10,3"
10618,"3,40,21"
10619,"10,23,3"
10620,"3,40,21"
10621,"40,3,23"
10622,"169,3,40"
10623,"23,40,3"
10624,"40,0,23"
10625,"23,0,26"
10626,"10,0,40"
10627,"0,3,23"
10628,"169,3,40"
10629,"3,40,0"
10630,"3,40,21"
10631,"23,0,3"
10632,"10,3,0"
10633,"0,3,10"
10634,"10,0,64"
10635,"0,3,271"
10636,"3,40,0"
10637,"3,40,0"
10638,"3,40,21"
10639,"40,3,41"
10640,"0,23,38"
10641,"3,0"
10642,"3,0,40"
10643,"3,0,4"
10644,"23,10,24"
10645,"3,40,0"
10646,"3,40"
10647,"0,3,40"
10648,"23,0,38"
10649,"0,64,10"
10650,"23,10,3"
10651,"10,0,23"
10652,"23,40,0"
10653,"3,40,21"
10654,"40,23,3"
10655,"10,0,3"
10656,"40,131,0"
10657,"0,271,23"
10658,"23,0,26"
10659,"0,3,23"
10660,"3,40,0"
10661,"40,3,41"
10662,"3,23,169"
10663,"23,10,0"
10664,"169,3,199"
10665,"0,3,271"
10666,"40,3,41"
10667,"3,0"
10668,"23,0,38"
10669,"3,0,40"
10670,"10,3,0"
10671,"0,271,8"
10672,"3,40"
10673,"23,24,0"
10674,"0,23,3"
10675,"3,40,21"
10676,"23,40,10"
10677,"0,3,23"
10678,"23,0,10"
10679,"3,23,40"
10680,"0,169,3"
10681,"3,4,111"
10682,"3,40"
10683,"40,131,0"
10684,"40,3,131"
10685,"3,21,40"
10686,"0,271,265"
10687,"3,169,40"
10688,"23,40,3"
10689,"40,3,169"
10690,"169,3,40"
10691,"169,3,40"
10692,"3,23,0"
10693,"3,40,0"
10694,"0,23,3"
10695,"40,3,0"
10696,"3,4,0"
10697,"3,23,0"
10698,"3,4,0"
10699,"0,3,271"
10700,"10,40,64"
10701,"23,10,0"
10702,"3,40,21"
10703,"10,64,0"
10704,"0,10,3"
10705,"0,23,3"
10706,"40,3,131"
10707,"3,4,111"
10708,"3,21,111"
10709,"3,40,21"
10710,"3,169,199"
10711,"0,3,8"
10712,"23,24,3"
10713,"3,169,23"
10714,"10,64,3"
10715,"0,3,271"
10716,"64,3,10"
10717,"23,24,64"
10718,"3,4,0"
10719,"23,40,3"
10720,"3,169,40"
10721,"40,23,3"
10722,"0,3,40"
10723,"3,4"
10724,"3,40,21"
10725,"23,10,0"
10726,"10,220,3"
10727,"3,169,170"
10728,"10,0,3"
10729,"0,3,23"
10730,"0,169,3"
10731,"23,24,3"
10732,"0,3,271"
10733,"3,40,0"
10734,"3,21,4"
10735,"0,3,271"
10736,"10,3,64"
10737,"3,4,21"
10738,"3,40,0"
10739,"3,23,40"
10740,"3,40,21"
10741,"40,23,3"
10742,"10,3,11"
10743,"3,40"
10744,"3,40,0"
10745,"3,40,169"
10746,"0,3,271"
10747,"10,23,3"
10748,"169,23,3"
10749,"3,4,21"
10750,"3,40,21"
10751,"23,40,3"
10752,"3,40,169"
10753,"10,220,3"
10754,"40,0,3"
10755,"10,23,0"
10756,"0,3,23"
10757,"23,10,3"
10758,"3,4,0"
10759,"0,23,38"
10760,"3,10,40"
10761,"23,40,3"
10762,"3,40,23"
10763,"3,0,40"
10764,"40,0"
10765,"3,4,0"
10766,"0,40,3"
10767,"3,40,0"
10768,"3,0,169"
10769,"3,21,40"
10770,"3,23,24"
10771,"3,169,40"
10772,"40,3,41"
10773,"169,3,23"
10774,"10,3,0"
10775,"3,40,0"
10776,"3,169,40"
10777,"10,0,3"
10778,"3,40,21"
10779,"0,265,271"
10780,"3,4,30"
10781,"10,220,0"
10782,"0,3,8"
10783,"3,40,0"
10784,"3,40,21"
10785,"3,40,0"
10786,"3,40,21"
10787,"0,23,3"
10788,"0,3,169"
10789,"0,3,271"
10790,"0,3,23"
10791,"23,24,38"
10792,"0,271,3"
10793,"3,21,40"
10794,"3,169,40"
10795,"40,3,41"
10796,"3,4,111"
10797,"3,40,0"
10798,"3,0,40"
10799,"24,3,23"
10800,"3,40,0"
10801,"40,3,131"
10802,"23,40,3"
10803,"23,40,24"
10804,"0,3,40"
10805,"64,23,0"
10806,"3,0,40"
10807,"3,21,111"
10808,"10,3,23"
10809,"23,0,38"
10810,"40,3,135"
10811,"3,21,40"
10812,"10,64,24"
10813,"3,0,10"
10814,"3,0"
10815,"169,3,0"
10816,"0,10,40"
10817,"0,23,38"
10818,"23,0,10"
10819,"64,10,3"
10820,"0,271,3"
10821,"3,40,0"
10822,"10,3,220"
10823,"3,40,23"
10824,"64,10,24"
10825,"23,24,10"
10826,"0,3,10"
10827,"23,0,40"
10828,"0,169,3"
10829,"3,40,0"
10830,"10,0,3"
10831,"3,0,23"
10832,"0,3"
10833,"3,0,40"
10834,"3,4,0"
10835,"3,0,21"
10836,"23,40,0"
10837,"23,38,3"
10838,"3,40"
10839,"0,10,23"
10840,"40,131,41"
10841,"3,23,38"
10842,"0,3,265"
10843,"0,3,40"
10844,"0,3,271"
10845,"3,0,40"
10846,"3,0,40"
10847,"3,40,21"
10848,"0,23,3"
10849,"3,40,0"
10850,"64,10,24"
10851,"0,3,271"
10852,"23,10,3"
10853,"23,3,0"
10854,"3,0,40"
10855,"23,0,40"
10856,"40,23,0"
10857,"0,271,265"
10858,"23,10,0"
10859,"23,3,169"
10860,"0,23,3"
10861,"23,3,40"
10862,"3,169,40"
10863,"10,220,0"
10864,"3,40"
10865,"0,3,10"
10866,"10,0,3"
10867,"10,40,0"
10868,"0,10,3"
10869,"10,0,23"
10870,"3,40,0"
10871,"10,220,3"
10872,"0,271,3"
10873,"40,3,135"
10874,"40,131,23"
10875,"0,3,40"
10876,"0,3,40"
10877,"40,23,3"
10878,"40,0,3"
10879,"23,74,38"
10880,"0,8,3"
10881,"23,0,3"
10882,"3,0,40"
10883,"3,23,40"
10884,"23,0,40"
10885,"3,40,23"
10886,"0,3,10"
10887,"10,64,24"
10888,"64,10,3"
10889,"0,23,3"
10890,"3,0,23"
10891,"3,21,40"
10892,"40,3,0"
10893,"3,0,40"
10894,"0,3,271"
10895,"3,4,0"
10896,"3,21,40"
10897,"3,0,4"
10898,"3,0,23"
10899,"0,3,23"
10900,"3,21,4"
10901,"3,21,40"
10902,"3,40,23"
10903,"3,40"
10904,"23,40,3"
10905,"10,24,0"
10906,"3,23,40"
10907,"3,40,169"
10908,"3,40,23"
10909,"3,40,135"
10910,"3,4,21"
10911,"3,40,21"
10912,"10,64,24"
10913,"23,0,40"
10914,"3,40,21"
10915,"10,0,3"
10916,"64,10,3"
10917,"0,3,40"
10918,"23,0,26"
10919,"3,4,0"
10920,"3,4"
10921,"23,64,10"
10922,"40,23,0"
10923,"10,64,11"
10924,"0,3,8"
10925,"40,3,131"
10926,"0,3,23"
10927,"3,296,40"
10928,"3,40,21"
10929,"40,3,0"
10930,"3,4,21"
10931,"10,64,3"
10932,"23,24,10"
10933,"0,3,271"
10934,"0,23,3"
10935,"40,23,24"
10936,"0,23,3"
10937,"0,10,64"
10938,"3,40,21"
10939,"3,0,10"
10940,"10,24,23"
10941,"3,21,40"
10942,"0,3,271"
10943,"23,0,10"
10944,"3,4"
10945,"3,40"
10946,"0,10,3"
10947,"40,135,3"
10948,"10,64,0"
10949,"0,23,40"
10950,"0,8,3"
10951,"3,0,10"
10952,"3,40,23"
10953,"3,0,40"
10954,"0,10,40"
10955,"23,3,0"
10956,"10,0,220"
10957,"3,4"
10958,"3,21,40"
10959,"23,24,40"
10960,"3,0"
10961,"3,21,4"
10962,"3,40,0"
10963,"0,10,3"
10964,"24,23,40"
10965,"23,24,10"
10966,"40,3,41"
10967,"169,3,23"
10968,"3,21,40"
10969,"3,169,23"
10970,"3,23,40"
10971,"0,271,3"
10972,"3,40,0"
10973,"40,3,135"
10974,"3,23,10"
10975,"3,40,0"
10976,"23,3,24"
10977,"3,0,40"
10978,"3,40,0"
10979,"0,3,10"
10980,"3,40,0"
10981,"3,4,0"
10982,"3,169,40"
10983,"23,10,3"
10984,"23,3,24"
10985,"3,40,0"
10986,"0,23,3"
10987,"40,23,3"
10988,"3,40,21"
10989,"10,220,11"
10990,"0,3"
10991,"40,3,0"
10992,"40,23,131"
10993,"3,0,4"
10994,"3,40,21"
10995,"3,40,21"
10996,"3,40,0"
10997,"40,3,23"
10998,"40,131,3"
10999,"3,40,21"
11000,"3,40,0"
11001,"169,3,170"
11002,"0,40,23"
11003,"23,0,40"
11004,"40,3,131"
11005,"3,4,21"
11006,"10,3,0"
11007,"40,0,3"
11008,"23,0,3"
11009,"10,64,23"
11010,"3,10,0"
11011,"10,220,0"
11012,"10,0,40"
11013,"40,131,3"
11014,"0,10,3"
11015,"40,3,0"
11016,"169,0,199"
11017,"0,40,3"
11018,"0,40,23"
11019,"169,3,170"
11020,"40,3,0"
11021,"0,40,23"
11022,"0,23,40"
11023,"40,3,0"
11024,"3,169,23"
11025,"23,3,24"
11026,"40,3,131"
11027,"3,23,40"
11028,"3,0,40"
11029,"3,23,10"
11030,"23,40,3"
11031,"169,40,3"
11032,"23,3,40"
11033,"3,0"
11034,"0,3,23"
11035,"23,3,0"
11036,"3,4,111"
11037,"23,10,40"
11038,"23,38,0"
11039,"23,3,40"
11040,"3,0,40"
11041,"169,0,40"
11042,"3,40,21"
11043,"0,3,265"
11044,"0,3,23"
11045,"0,3,271"
11046,"3,4,0"
11047,"0,23,3"
11048,"0,3,169"
11049,"0,3,23"
11050,"0,3"
11051,"3,169,296"
11052,"3,21,40"
11053,"10,0,3"
11054,"23,3,74"
11055,"23,40,24"
11056,"40,0,3"
11057,"40,23,3"
11058,"64,10,3"
11059,"3,40,23"
11060,"0,169,3"
11061,"0,10,3"
11062,"3,40,0"
11063,"40,3,0"
11064,"40,0,23"
11065,"64,10,0"
11066,"0,3,271"
11067,"23,0,10"
11068,"64,10,0"
11069,"0,3,271"
11070,"23,10,24"
11071,"0,3,169"
11072,"3,4,21"
11073,"10,220,0"
11074,"3,0,40"
11075,"3,0,40"
11076,"40,3,0"
11077,"3,169,40"
11078,"3,23,169"
11079,"10,64,3"
11080,"0,271,265"
11081,"40,23,131"
11082,"3,40,21"
11083,"3,0,21"
11084,"23,10,3"
11085,"23,24,38"
11086,"23,0,169"
11087,"169,23,0"
11088,"3,10,40"
11089,"0,169,3"
11090,"10,40,0"
11091,"3,40,0"
11092,"3,23,40"
11093,"0,23,40"
11094,"0,23,26"
11095,"40,3,169"
11096,"0,271,3"
11097,"23,40,0"
11098,"23,0,38"
11099,"40,131,3"
11100,"23,0,3"
11101,"40,3,23"
11102,"23,40,3"
11103,"3,40,21"
11104,"3,4,0"
11105,"169,3,40"
11106,"10,23,3"
11107,"3,40,0"
11108,"0,271,265"
11109,"40,131,0"
11110,"10,23,0"
11111,"10,64,0"
11112,"23,3,40"
11113,"3,40"
11114,"3,40,21"
11115,"169,23,3"
11116,"0,3,8"
11117,"10,220,3"
11118,"10,64,11"
11119,"40,3,41"
11120,"3,23,169"
11121,"3,40,21"
11122,"0,3,40"
11123,"3,40,0"
11124,"3,4,0"
11125,"3,40,21"
11126,"40,3,131"
11127,"23,3,40"
11128,"0,3,271"
11129,"0,23,3"
11130,"23,3,10"
11131,"40,3,23"
11132,"23,40,3"
11133,"0,3,271"
11134,"23,3,40"
11135,"0,3,8"
11136,"0,3,40"
11137,"3,0"
11138,"0,3,40"
11139,"3,40,0"
11140,"40,3"
11141,"0,3,10"
11142,"0,3,23"
11143,"3,40,0"
11144,"40,3,23"
11145,"10,220,3"
11146,"3,40,21"
11147,"23,0,26"
11148,"40,3"
11149,"40,3,23"
11150,"23,0,38"
11151,"40,3,23"
11152,"23,24,10"
11153,"64,10,3"
11154,"3,40,0"
11155,"40,3,41"
11156,"40,131,3"
11157,"23,10,24"
11158,"23,0,38"
11159,"169,0,23"
11160,"3,40,21"
11161,"10,0,220"
11162,"0,10,40"
11163,"3,40,0"
11164,"3,40"
11165,"23,24,10"
11166,"10,40,3"
11167,"10,23,0"
11168,"10,220,0"
11169,"10,0,3"
11170,"64,10,3"
11171,"3,4,0"
11172,"0,3,271"
11173,"40,3,23"
11174,"0,23,40"
11175,"169,0,23"
11176,"10,3,0"
11177,"3,0,40"
11178,"40,3,0"
11179,"40,169,0"
11180,"10,0,23"
11181,"3,40,0"
11182,"40,3,0"
11183,"23,24,40"
11184,"40,3,169"
11185,"23,0,38"
11186,"3,0,40"
11187,"3,169,40"
11188,"3,0,4"
11189,"0,8,3"
11190,"0,10,40"
11191,"23,0,40"
11192,"0,3,23"
11193,"3,40,0"
11194,"3,4,0"
11195,"40,3,0"
11196,"23,10,24"
11197,"169,23,0"
11198,"169,40,3"
11199,"169,0,23"
11200,"64,23,10"
11201,"3,23,40"
11202,"0,8,3"
11203,"0,271,3"
11204,"3,40,21"
11205,"64,10,3"
11206,"40,23,38"
11207,"3,40,21"
11208,"40,3,10"
11209,"3,23,64"
11210,"23,24,10"
11211,"0,3,271"
11212,"0,23,3"
11213,"3,169,40"
11214,"40,131,41"
11215,"10,0,64"
11216,"3,40,169"
11217,"10,0,3"
11218,"40,3,23"
11219,"3,40,0"
11220,"10,23,0"
11221,"23,0,40"
11222,"23,24,38"
11223,"0,3,271"
11224,"40,131,3"
11225,"3,40,169"
11226,"10,220,0"
11227,"3,169,40"
11228,"3,0,40"
11229,"23,0,3"
11230,"0,169,3"
11231,"23,3,24"
11232,"0,271,3"
11233,"0,10,23"
11234,"23,0,10"
11235,"23,40,0"
11236,"40,23,0"
11237,"3,21,40"
11238,"3,40,0"
11239,"24,10,23"
11240,"3,0,40"
11241,"40,3,0"
11242,"23,40,3"
11243,"0,3,40"
11244,"10,3,0"
11245,"0,3"
11246,"3,4,21"
11247,"10,220,0"
11248,"3,21,40"
11249,"3,0,40"
11250,"0,23,3"
11251,"169,3,40"
11252,"0,3,271"
11253,"3,40"
11254,"23,0,40"
11255,"0,23,3"
11256,"10,11,64"
11257,"10,64,0"
11258,"3,0,4"
11259,"3,40,10"
11260,"0,10,64"
11261,"0,3,10"
11262,"169,40,3"
11263,"3,23,40"
11264,"3,0,40"
11265,"169,3,199"
11266,"40,3,131"
11267,"0,10,3"
11268,"40,3,131"
11269,"40,3,0"
11270,"0,3,265"
11271,"3,40,21"
11272,"3,0,40"
11273,"23,24,10"
11274,"0,23,3"
11275,"0,10,24"
11276,"40,3,23"
11277,"40,3"
11278,"0,271,3"
11279,"23,0,38"
11280,"3,169,40"
11281,"23,0,38"
11282,"23,10,3"
11283,"3,40,21"
11284,"0,3,10"
11285,"40,3,131"
11286,"10,3,0"
11287,"0,3,40"
11288,"0,3,10"
11289,"169,40,3"
11290,"10,0,64"
11291,"0,40,10"
11292,"3,4"
11293,"0,3,23"
11294,"23,3,0"
11295,"3,40,0"
11296,"10,64,24"
11297,"169,40,3"
11298,"3,0,40"
11299,"64,10,0"
11300,"23,3,24"
11301,"40,3,135"
11302,"3,169,0"
11303,"0,169,3"
11304,"64,10,24"
11305,"3,40,0"
11306,"3,0,40"
11307,"3,40,23"
11308,"23,3,40"
11309,"0,3,265"
11310,"3,40,23"
11311,"3,40"
11312,"0,3"
11313,"23,24,3"
11314,"40,3,135"
11315,"0,23,3"
11316,"3,40,21"
11317,"10,0,220"
11318,"169,3,199"
11319,"3,169,23"
11320,"3,4,0"
11321,"10,23,0"
11322,"0,3,40"
11323,"3,10,0"
11324,"23,3,24"
11325,"10,64,0"
11326,"0,10,3"
11327,"3,40,21"
11328,"0,40,23"
11329,"23,3,24"
11330,"3,169,0"
11331,"40,23,3"
11332,"23,3,38"
11333,"3,23,0"
11334,"169,0,40"
11335,"10,220,0"
11336,"3,40,21"
11337,"0,3,40"
11338,"3,40,0"
11339,"24,23,64"
11340,"3,40,169"
11341,"0,3,10"
11342,"40,3,169"
11343,"10,220,0"
11344,"3,0,40"
11345,"10,64,23"
11346,"3,40,21"
11347,"40,131,3"
11348,"169,3,23"
11349,"3,23,40"
11350,"3,40"
11351,"3,4,0"
11352,"0,3,23"
11353,"10,3,64"
11354,"169,3,23"
11355,"3,23,40"
11356,"3,21,4"
11357,"169,3,40"
11358,"0,3,8"
11359,"3,40,21"
11360,"0,3,23"
11361,"10,3,64"
11362,"3,40,23"
11363,"3,0,40"
11364,"10,0,3"
11365,"3,21,4"
11366,"10,220,0"
11367,"3,4,0"
11368,"23,10,24"
11369,"3,0,4"
11370,"0,3,271"
11371,"40,3,131"
11372,"3,21,40"
11373,"10,23,40"
11374,"40,3,135"
11375,"0,271,3"
11376,"3,40,0"
11377,"10,0,3"
11378,"0,271,265"
11379,"10,220,0"
11380,"40,131,3"
11381,"3,40,0"
11382,"0,3,23"
11383,"0,23,40"
11384,"23,24,10"
11385,"23,0,40"
11386,"3,0,23"
11387,"3,40,0"
11388,"3,169,0"
11389,"3,21,0"
11390,"10,3,11"
11391,"3,0,40"
11392,"40,3,131"
11393,"40,23,3"
11394,"0,10,40"
11395,"10,220,11"
11396,"40,169,3"
11397,"23,0,3"
11398,"23,0,3"
11399,"0,3,169"
11400,"169,3,199"
11401,"0,271,3"
11402,"3,40,23"
11403,"0,3,23"
11404,"0,40,10"
11405,"23,40,3"
11406,"3,0,40"
11407,"0,10,3"
11408,"10,220,11"
11409,"3,4,0"
11410,"23,40,3"
11411,"40,135,3"
11412,"3,40,21"
11413,"3,40,21"
11414,"23,3,0"
11415,"40,3,0"
11416,"3,0,23"
11417,"40,23,3"
11418,"3,0,40"
11419,"0,10,3"
11420,"169,3,23"
11421,"23,3,40"
11422,"3,0,23"
11423,"0,3,8"
11424,"3,40,23"
11425,"0,40,23"
11426,"3,0,40"
11427,"40,0,3"
11428,"23,0,10"
11429,"0,169,3"
11430,"10,3,0"
11431,"40,3,0"
11432,"3,4,21"
11433,"10,3,11"
11434,"10,220,3"
11435,"10,0,3"
11436,"40,3,0"
11437,"3,0,40"
11438,"3,4,0"
11439,"40,131,3"
11440,"40,3,131"
11441,"0,10,40"
11442,"3,40,0"
11443,"3,0,40"
11444,"0,40,3"
11445,"3,40,21"
11446,"3,40"
11447,"40,3"
11448,"3,0,169"
11449,"3,40,0"
11450,"10,64,24"
11451,"40,3,131"
11452,"3,40,21"
11453,"0,3,40"
11454,"0,23,10"
11455,"3,0,40"
11456,"3,0,10"
11457,"10,220,0"
11458,"3,21,40"
11459,"10,0,3"
11460,"0,23,3"
11461,"0,10,3"
11462,"3,40,0"
11463,"10,220,3"
11464,"3,0,40"
11465,"3,40,21"
11466,"0,3,10"
11467,"3,21,40"
11468,"3,23,0"
11469,"23,40,3"
11470,"3,169,199"
11471,"23,3,40"
11472,"3,4"
11473,"10,23,24"
11474,"23,10,0"
11475,"3,4,21"
11476,"3,23,0"
11477,"0,3,271"
11478,"3,0,40"
11479,"10,0,23"
11480,"40,0,3"
11481,"10,0,3"
11482,"3,21,40"
11483,"10,64,24"
11484,"169,23,3"
11485,"0,3,271"
11486,"10,220,0"
11487,"3,169,40"
11488,"0,23,3"
11489,"3,4,111"
11490,"3,21,40"
11491,"40,131,0"
11492,"23,0,10"
11493,"3,169,170"
11494,"0,3"
11495,"0,3"
11496,"23,3,38"
11497,"3,40,0"
11498,"40,3,169"
11499,"3,23,24"
11500,"0,3,40"
11501,"3,4,111"
11502,"3,4,0"
11503,"3,0,40"
11504,"3,40,21"
11505,"3,0,40"
11506,"23,40,3"
11507,"3,21,4"
11508,"3,21,40"
11509,"3,40,169"
11510,"3,0,4"
11511,"10,64,3"
11512,"3,4,21"
11513,"3,40,0"
11514,"10,220,0"
11515,"3,23,40"
11516,"0,3,169"
11517,"3,40,21"
11518,"40,3,41"
11519,"3,169,170"
11520,"3,40,0"
11521,"40,3,0"
11522,"0,40,3"
11523,"23,3,40"
11524,"23,0,3"
11525,"169,3,0"
11526,"10,220,3"
11527,"64,3,23"
11528,"40,3,23"
11529,"169,3,40"
11530,"169,23,3"
11531,"3,40,0"
11532,"3,40,0"
11533,"3,4,0"
11534,"10,3,64"
11535,"3,169,0"
11536,"23,0,40"
11537,"10,0,3"
11538,"3,23,0"
11539,"10,64,11"
11540,"3,0,40"
11541,"23,10,0"
11542,"0,3,169"
11543,"64,10,3"
11544,"40,3,41"
11545,"10,23,0"
11546,"3,169,0"
11547,"3,21,111"
11548,"23,40,0"
11549,"3,40,0"
11550,"40,3,0"
11551,"10,23,40"
11552,"40,131,23"
11553,"40,3,135"
11554,"40,23,0"
11555,"23,0,38"
11556,"3,21,40"
11557,"10,64,3"
11558,"23,38,0"
11559,"3,21,4"
11560,"3,21,40"
11561,"10,3,0"
11562,"3,40"
11563,"0,3,23"
11564,"3,40"
11565,"40,3,131"
11566,"0,10,3"
11567,"40,0,131"
11568,"0,271,265"
11569,"3,40,0"
11570,"23,0,169"
11571,"23,40,24"
11572,"10,0,3"
11573,"23,3,40"
11574,"0,3,8"
11575,"0,3,265"
11576,"3,23,40"
11577,"10,169,0"
11578,"3,40,0"
11579,"3,40,21"
11580,"0,23,3"
11581,"0,3,169"
11582,"3,23,0"
11583,"3,4,0"
11584,"3,21,4"
11585,"3,21,40"
11586,"23,40,3"
11587,"3,21,40"
11588,"0,23,271"
11589,"3,40,21"
11590,"64,10,0"
11591,"40,3,41"
11592,"169,3,23"
11593,"0,10,40"
11594,"0,3,10"
11595,"3,169,0"
11596,"169,10,3"
11597,"10,64,0"
11598,"3,40,21"
11599,"23,3,10"
11600,"23,3,40"
11601,"40,169,3"
11602,"3,0,40"
11603,"23,40,3"
11604,"10,64,0"
11605,"0,271,265"
11606,"40,41,3"
11607,"3,23,40"
11608,"0,271,265"
11609,"3,40,0"
11610,"3,40"
11611,"64,3,23"
11612,"3,21,0"
11613,"64,10,3"
11614,"3,40,0"
11615,"0,3"
11616,"3,40,21"
11617,"40,23,0"
11618,"23,40,0"
11619,"40,23,0"
11620,"40,3,131"
11621,"169,3,199"
11622,"3,40,21"
11623,"23,40,3"
11624,"3,21,40"
11625,"3,0,23"
11626,"23,0,3"
11627,"0,3,10"
11628,"3,40,21"
11629,"169,23,0"
11630,"40,0,3"
11631,"23,3,10"
11632,"3,21,40"
11633,"10,220,3"
11634,"23,3,74"
11635,"23,3,40"
11636,"3,21,40"
11637,"10,11,3"
11638,"23,40,0"
11639,"40,23,0"
11640,"3,0,23"
11641,"10,64,3"
11642,"23,0,24"
11643,"23,0,40"
11644,"3,40,21"
11645,"10,23,0"
11646,"40,131,0"
11647,"3,0,23"
11648,"3,0,40"
11649,"40,3,0"
11650,"10,3,23"
11651,"3,21,40"
11652,"0,23,3"
11653,"0,3"
11654,"23,24,10"
11655,"10,3,11"
11656,"40,131,0"
11657,"3,40,21"
11658,"3,4,21"
11659,"0,23,3"
11660,"3,4,0"
11661,"3,10,0"
11662,"23,24,0"
11663,"10,220,3"
11664,"3,40,0"
11665,"3,40,21"
11666,"10,0,3"
11667,"40,3,135"
11668,"0,10,3"
11669,"3,40,169"
11670,"3,40,21"
11671,"23,40,3"
11672,"23,3,0"
11673,"23,40,3"
11674,"3,23,0"
11675,"169,40,3"
11676,"40,3,169"
11677,"3,169,40"
11678,"0,271,3"
11679,"0,23,3"
11680,"10,64,3"
11681,"10,23,24"
11682,"10,220,0"
11683,"23,3,10"
11684,"23,3,169"
11685,"169,3,40"
11686,"3,40,0"
11687,"3,40,0"
11688,"23,10,3"
11689,"3,0,4"
11690,"3,23,40"
11691,"0,23,40"
11692,"3,23,64"
11693,"3,4"
11694,"0,3,40"
11695,"3,4,0"
11696,"0,3,169"
11697,"0,3,40"
11698,"0,3,40"
11699,"3,4,21"
11700,"169,40,170"
11701,"3,40,21"
11702,"0,3,40"
11703,"10,23,40"
11704,"10,64,24"
11705,"3,21,40"
11706,"3,40,0"
11707,"3,0,21"
11708,"23,24,10"
11709,"0,10,3"
11710,"40,3,135"
11711,"3,4,0"
11712,"23,40,0"
11713,"64,10,3"
11714,"64,10,23"
11715,"3,40,0"
11716,"3,169,64"
11717,"40,3,131"
11718,"169,3,199"
11719,"23,0,3"
11720,"3,40,21"
11721,"3,40,0"
11722,"3,0,40"
11723,"10,23,64"
11724,"3,40,0"
11725,"3,0,40"
11726,"3,0,169"
11727,"10,11,3"
11728,"40,3"
11729,"0,10,23"
11730,"3,4"
11731,"0,23,38"
11732,"40,3,131"
11733,"40,131,3"
11734,"3,169,40"
11735,"23,3,0"
11736,"3,40,21"
11737,"40,23,3"
11738,"0,3,8"
11739,"0,3,23"
11740,"10,220,0"
11741,"3,4,40"
11742,"3,40,21"
11743,"169,3,199"
11744,"3,40,21"
11745,"3,40,21"
11746,"3,40,21"
11747,"3,40,0"
11748,"3,0,21"
11749,"169,3,23"
11750,"40,3,41"
11751,"169,0,3"
11752,"3,21,4"
11753,"10,0,3"
11754,"3,23,40"
11755,"23,24,3"
11756,"10,3,0"
11757,"23,0,3"
11758,"10,64,0"
11759,"3,169,23"
11760,"23,0,3"
11761,"3,23,40"
11762,"3,40,21"
11763,"3,40,0"
11764,"3,40,21"
11765,"3,0,40"
11766,"0,3,271"
11767,"3,21,40"
11768,"3,40,0"
11769,"23,169,0"
11770,"3,21,40"
11771,"3,21,40"
11772,"3,0,40"
11773,"3,40,169"
11774,"40,3,169"
11775,"40,3,131"
11776,"64,10,0"
11777,"3,40,0"
11778,"10,0,64"
11779,"10,3,0"
11780,"10,64,23"
11781,"169,3,170"
11782,"169,199,170"
11783,"23,24,0"
11784,"23,24,10"
11785,"23,0,3"
11786,"169,0,3"
11787,"3,4,111"
11788,"3,23,24"
11789,"40,131,0"
11790,"3,0,40"
11791,"40,0,23"
11792,"3,23,40"
11793,"0,23,3"
11794,"23,40,10"
11795,"3,0,40"
11796,"23,40,38"
11797,"10,3,11"
11798,"23,3,38"
11799,"3,40,0"
11800,"0,3,8"
11801,"3,21,4"
11802,"3,40,0"
11803,"3,4,111"
11804,"3,21,40"
11805,"3,0,40"
11806,"3,0,40"
11807,"23,40,3"
11808,"23,38,74"
11809,"10,64,0"
11810,"3,40"
11811,"0,10,23"
11812,"3,4,21"
11813,"3,40,21"
11814,"10,23,40"
11815,"40,3,131"
11816,"40,23,0"
11817,"3,4"
11818,"10,3,11"
11819,"0,169,3"
11820,"3,21,111"
11821,"40,3,169"
11822,"0,3,23"
11823,"10,3,0"
11824,"0,3,271"
11825,"3,21,40"
11826,"23,3,10"
11827,"0,23,40"
11828,"3,40"
11829,"3,10,23"
11830,"3,10,40"
11831,"3,40,169"
11832,"10,0,3"
11833,"3,40,21"
11834,"0,3,271"
11835,"3,0,40"
11836,"0,3,23"
11837,"0,23,3"
11838,"40,131,3"
11839,"3,40,21"
11840,"40,3,0"
11841,"3,40,4"
11842,"23,10,24"
11843,"0,3"
11844,"0,23,3"
11845,"23,3,24"
11846,"23,0,38"
11847,"0,3,169"
11848,"0,3,23"
11849,"10,23,24"
11850,"23,74,38"
11851,"0,3,40"
11852,"0,3,265"
11853,"0,23,3"
11854,"3,40,169"
11855,"10,220,3"
11856,"10,3,23"
11857,"64,10,3"
11858,"3,0"
11859,"3,23,0"
11860,"0,3,23"
11861,"10,3,0"
11862,"3,23,40"
11863,"10,220,3"
11864,"3,40,169"
11865,"40,3,41"
11866,"23,10,3"
11867,"3,169,40"
11868,"10,64,0"
11869,"3,40,0"
11870,"3,0,40"
11871,"0,23,10"
11872,"3,4,0"
11873,"23,10,3"
11874,"3,40,0"
11875,"0,3"
11876,"3,23,40"
11877,"3,21,0"
11878,"0,3,8"
11879,"3,40"
11880,"3,0,40"
11881,"3,40,0"
11882,"3,40,169"
11883,"3,40,169"
11884,"0,3,8"
11885,"0,23,3"
11886,"3,169,21"
11887,"0,8,3"
11888,"3,4,0"
11889,"3,40,21"
11890,"0,3,10"
11891,"10,220,3"
11892,"3,40,0"
11893,"3,23,296"
11894,"23,0,169"
11895,"23,0,3"
11896,"10,220,0"
11897,"10,220,3"
11898,"0,10,3"
11899,"3,40,0"
11900,"3,169,40"
11901,"3,169,21"
11902,"169,170,40"
11903,"169,3,0"
11904,"3,40,0"
11905,"10,0,3"
11906,"3,10,0"
11907,"64,10"
11908,"3,40,21"
11909,"40,3,135"
11910,"169,40,3"
11911,"3,21,0"
11912,"3,4"
11913,"3,40,0"
11914,"10,23,0"
11915,"23,3,0"
11916,"40,3,23"
11917,"64,10,40"
11918,"10,23,0"
11919,"10,64,0"
11920,"23,3,10"
11921,"3,40,21"
11922,"3,40,0"
11923,"23,3,40"
11924,"169,40,3"
11925,"3,0,4"
11926,"40,3"
11927,"23,0,40"
11928,"0,3,265"
11929,"3,4,111"
11930,"23,0,40"
11931,"23,0,10"
11932,"3,40,169"
11933,"0,3"
11934,"3,40,23"
11935,"3,21,40"
11936,"23,0,24"
11937,"3,40,23"
11938,"40,131,41"
11939,"3,40,0"
11940,"3,0,21"
11941,"40,131,3"
11942,"3,0,40"
11943,"40,3,23"
11944,"10,64,3"
11945,"10,3,11"
11946,"3,4,111"
11947,"3,169,40"
11948,"0,10,3"
11949,"3,40"
11950,"10,0,11"
11951,"10,0,3"
11952,"3,23,40"
11953,"10,220,3"
11954,"3,40,21"
11955,"0,3,271"
11956,"23,40,38"
11957,"10,3,64"
11958,"40,131,41"
11959,"3,4,21"
11960,"3,23,40"
11961,"3,169,0"
11962,"0,3,40"
11963,"3,0"
11964,"0,3,40"
11965,"3,0,40"
11966,"3,23,38"
11967,"3,40,0"
11968,"23,40,38"
11969,"23,10,64"
11970,"3,169,40"
11971,"23,10,64"
11972,"10,0,40"
11973,"0,8,3"
11974,"169,3,40"
11975,"40,3,41"
11976,"23,0,10"
11977,"3,0,169"
11978,"3,169,40"
11979,"23,10,24"
11980,"3,40,0"
11981,"23,40,0"
11982,"3,40,169"
11983,"0,271,265"
11984,"0,23,169"
11985,"3,169,0"
11986,"40,3,135"
11987,"0,10,3"
11988,"40,131,3"
11989,"0,8,3"
11990,"3,21,40"
11991,"3,21,40"
11992,"3,40"
11993,"3,0,40"
11994,"3,169,0"
11995,"0,23,40"
11996,"10,3,0"
11997,"40,3,131"
11998,"0,10,3"
11999,"3,40,21"
12000,"10,3,64"
12001,"23,0,40"
12002,"3,21,40"
12003,"40,131,41"
12004,"3,40,21"
12005,"40,23,3"
12006,"3,21,40"
12007,"3,0,169"
12008,"3,40,0"
12009,"3,0,23"
12010,"40,3,131"
12011,"40,0,23"
12012,"3,21,40"
12013,"3,40,0"
12014,"169,40,3"
12015,"0,3,23"
12016,"3,40"
12017,"3,0,40"
12018,"23,3,10"
12019,"3,4,0"
12020,"40,3"
12021,"3,23,0"
12022,"40,3,41"
12023,"3,21,4"
12024,"3,21,40"
12025,"3,4"
12026,"23,0,3"
12027,"40,10,0"
12028,"169,3,0"
12029,"23,0,3"
12030,"40,23,3"
12031,"40,3,41"
12032,"3,21,40"
12033,"40,0,3"
12034,"0,3,40"
12035,"3,169,21"
12036,"0,23,3"
12037,"10,23,0"
12038,"3,23,38"
12039,"3,0,40"
12040,"3,4,0"
12041,"3,23,40"
12042,"0,23,38"
12043,"23,0,38"
12044,"0,3,23"
12045,"23,38,40"
12046,"3,4,0"
12047,"169,3,23"
12048,"10,23,0"
12049,"64,10,24"
12050,"169,40,3"
12051,"0,3"
12052,"23,24,38"
12053,"3,0,40"
12054,"3,40,21"
12055,"0,23,26"
12056,"169,40,170"
12057,"23,3,40"
12058,"10,0,220"
12059,"3,40,21"
12060,"10,0,40"
12061,"40,131,0"
12062,"3,40,21"
12063,"23,40,3"
12064,"3,0,40"
12065,"10,64,11"
12066,"23,10,3"
12067,"23,24,10"
12068,"3,21,40"
12069,"10,11,0"
12070,"0,23,3"
12071,"0,3,40"
12072,"40,3,131"
12073,"10,23,0"
12074,"3,10,64"
12075,"3,0,40"
12076,"0,10,3"
12077,"10,0,3"
12078,"3,4,21"
12079,"40,131,3"
12080,"3,40,0"
12081,"64,10,3"
12082,"0,10,40"
12083,"10,3,64"
12084,"3,0,40"
12085,"40,3,23"
12086,"10,3,64"
12087,"10,64,3"
12088,"3,0,4"
12089,"3,169,40"
12090,"3,0,40"
12091,"40,3,131"
12092,"3,0,40"
12093,"10,220,0"
12094,"3,40,21"
12095,"23,3,24"
12096,"23,40,3"
12097,"0,3,40"
12098,"0,23,3"
12099,"0,271,265"
12100,"3,21,0"
12101,"23,24,3"
12102,"23,40,0"
12103,"3,40,21"
12104,"0,3,23"
12105,"10,64,0"
12106,"3,40,21"
12107,"3,21,40"
12108,"3,0,40"
12109,"23,40,24"
12110,"3,23,40"
12111,"64,10,3"
12112,"3,23,40"
12113,"3,40,0"
12114,"0,169,3"
12115,"23,24,64"
12116,"10,40,3"
12117,"0,40,3"
12118,"0,271,265"
12119,"10,64,3"
12120,"24,23,64"
12121,"0,3"
12122,"23,24,10"
12123,"0,3,169"
12124,"23,24,10"
12125,"0,8,3"
12126,"23,0,38"
12127,"3,40,0"
12128,"23,3,24"
12129,"3,0,40"
12130,"3,21,40"
12131,"3,40,0"
12132,"3,23,0"
12133,"40,3,131"
12134,"40,3,131"
12135,"3,40,0"
12136,"23,24,10"
12137,"0,23,38"
12138,"23,10,24"
12139,"3,0,40"
12140,"0,271,265"
12141,"10,220,0"
12142,"0,3,23"
12143,"23,3,40"
12144,"23,169,0"
12145,"3,169,0"
12146,"10,64,0"
12147,"23,10,3"
12148,"0,3"
12149,"10,220,0"
12150,"0,271,3"
12151,"23,24,10"
12152,"10,40,0"
12153,"24,23,64"
12154,"23,3,0"
12155,"23,3,24"
12156,"40,3,135"
12157,"23,10,24"
12158,"3,23,10"
12159,"40,3,41"
12160,"40,3"
12161,"0,40,3"
12162,"0,271,265"
12163,"10,220,0"
12164,"0,271,265"
12165,"3,40,169"
12166,"3,40"
12167,"40,3,135"
12168,"40,3,131"
12169,"3,23,0"
12170,"64,10,3"
12171,"40,3,41"
12172,"40,3,131"
12173,"3,23,0"
12174,"23,0,10"
12175,"23,40,74"
12176,"3,23,40"
12177,"3,0,40"
12178,"40,3,131"
12179,"3,0,40"
12180,"169,40,3"
12181,"0,3,271"
12182,"40,3,0"
12183,"40,3,0"
12184,"23,0,40"
12185,"0,23,26"
12186,"0,3,271"
12187,"3,0,4"
12188,"40,131,0"
12189,"0,3,40"
12190,"3,40,0"
12191,"0,23,40"
12192,"3,40,0"
12193,"3,40,23"
12194,"3,169,23"
12195,"0,3,23"
12196,"3,40,21"
12197,"23,10,0"
12198,"0,3,64"
12199,"40,3,0"
12200,"0,8,3"
12201,"3,40,0"
12202,"40,3,0"
12203,"10,0,23"
12204,"3,23,0"
12205,"3,40,0"
12206,"3,40,169"
12207,"3,0,40"
12208,"23,0,26"
12209,"0,3,23"
12210,"3,40,0"
12211,"10,23,3"
12212,"3,4,0"
12213,"40,3,23"
12214,"0,3,40"
12215,"3,40,21"
12216,"3,0,169"
12217,"3,169,40"
12218,"40,0,131"
12219,"3,4,0"
12220,"3,40,169"
12221,"0,271,3"
12222,"0,23,3"
12223,"0,3,271"
12224,"3,4"
12225,"23,0,3"
12226,"0,169,3"
12227,"3,40,0"
12228,"23,0,40"
12229,"40,3,41"
12230,"3,0,23"
12231,"3,0,23"
12232,"3,169,40"
12233,"40,23,0"
12234,"3,21,40"
12235,"3,23,10"
12236,"3,21,40"
12237,"3,40,21"
12238,"10,64,24"
12239,"3,40,21"
12240,"0,271,23"
12241,"3,40,21"
12242,"23,0,3"
12243,"3,40,0"
12244,"10,64,40"
12245,"23,40,38"
12246,"40,131,3"
12247,"0,3,271"
12248,"40,3,131"
12249,"0,169,3"
12250,"3,40,21"
12251,"23,40,3"
12252,"3,40"
12253,"3,40,0"
12254,"10,220,3"
12255,"0,3,271"
12256,"3,0,40"
12257,"40,169,3"
12258,"3,10,23"
12259,"0,3,169"
12260,"23,0,3"
12261,"3,23,40"
12262,"23,3,0"
12263,"40,3,0"
12264,"0,3,271"
12265,"0,3,169"
12266,"10,3,0"
12267,"3,21,40"
12268,"23,24,40"
12269,"40,23,0"
12270,"40,3,0"
12271,"3,40,23"
12272,"23,40,74"
12273,"0,23,3"
12274,"40,3,131"
12275,"10,23,40"
12276,"3,4,0"
12277,"23,10,3"
12278,"23,24,40"
12279,"3,40,21"
12280,"3,0"
12281,"40,3,131"
12282,"0,169,3"
12283,"3,40,0"
12284,"23,3,38"
12285,"0,3,271"
12286,"40,3,169"
12287,"3,0,10"
12288,"23,3,40"
12289,"10,0,40"
12290,"10,64,24"
12291,"3,40,0"
12292,"10,0,3"
12293,"40,0,3"
12294,"23,3,38"
12295,"40,131,41"
12296,"3,21,4"
12297,"23,3,0"
12298,"3,40,23"
12299,"10,23,24"
12300,"0,3"
12301,"10,64,11"
12302,"0,3,23"
12303,"40,3,23"
12304,"64,10,3"
12305,"0,3,271"
12306,"3,64,10"
12307,"23,40,3"
12308,"0,271,3"
12309,"40,0,23"
12310,"40,3,131"
12311,"3,23,40"
12312,"3,4,0"
12313,"3,40,0"
12314,"0,3,10"
12315,"40,131,3"
12316,"169,3,199"
12317,"0,3,40"
12318,"10,3,11"
12319,"40,131,3"
12320,"3,40,21"
12321,"3,4,0"
12322,"0,23,38"
12323,"23,3,0"
12324,"3,0,40"
12325,"40,23,0"
12326,"3,0,40"
12327,"3,40"
12328,"3,40,21"
12329,"0,23,3"
12330,"40,3,23"
12331,"0,23,40"
12332,"169,40,3"
12333,"23,3,0"
12334,"10,3,11"
12335,"0,23,38"
12336,"3,4,30"
12337,"40,131,0"
12338,"3,0"
12339,"0,3,40"
12340,"3,40,21"
12341,"3,23,10"
12342,"3,0,40"
12343,"0,3,23"
12344,"3,40,0"
12345,"40,23,3"
12346,"3,0,40"
12347,"10,220,11"
12348,"3,4,0"
12349,"23,40,24"
12350,"40,3,0"
12351,"23,0,3"
12352,"3,21,0"
12353,"3,40,0"
12354,"10,0,11"
12355,"0,3"
12356,"0,8,3"
12357,"3,169,40"
12358,"23,38,0"
12359,"10,220,3"
12360,"169,3,199"
12361,"40,131,0"
12362,"3,0,40"
12363,"0,3,40"
12364,"40,3"
12365,"23,0,3"
12366,"3,40,21"
12367,"3,10,0"
12368,"3,40,21"
12369,"3,40"
12370,"64,24,23"
12371,"169,3,40"
12372,"40,3,0"
12373,"0,23,3"
12374,"3,0,40"
12375,"40,23,0"
12376,"3,4"
12377,"40,23,0"
12378,"10,220,0"
12379,"3,0,4"
12380,"0,3"
12381,"3,40"
12382,"0,3,40"
12383,"3,40,0"
12384,"169,40,3"
12385,"40,3,41"
12386,"40,10,23"
12387,"3,40,0"
12388,"3,0,40"
12389,"3,40,0"
12390,"169,23,0"
12391,"10,64,3"
12392,"3,169,0"
12393,"169,3,40"
12394,"40,0,3"
12395,"10,0,23"
12396,"10,3,0"
12397,"169,3,40"
12398,"0,3,10"
12399,"3,169,40"
12400,"23,40,3"
12401,"0,10,23"
12402,"40,3,41"
12403,"3,40,169"
12404,"23,0,10"
12405,"23,3,0"
12406,"23,0,3"
12407,"3,169,0"
12408,"23,24,3"
12409,"169,3,0"
12410,"40,3,41"
12411,"0,271,3"
12412,"10,23,24"
12413,"3,40,21"
12414,"3,0,40"
12415,"3,23,64"
12416,"3,40,0"
12417,"3,0,40"
12418,"40,3"
12419,"169,199,170"
12420,"0,3,10"
12421,"0,3,23"
12422,"23,0,40"
12423,"23,3,40"
12424,"40,3,23"
12425,"3,4,0"
12426,"0,10,3"
12427,"0,40,3"
12428,"3,40"
12429,"23,24,10"
12430,"23,40,3"
12431,"3,21,4"
12432,"10,220,0"
12433,"40,3,131"
12434,"0,3,169"
12435,"3,40,0"
12436,"23,0,38"
12437,"3,21,40"
12438,"40,41,131"
12439,"23,0,40"
12440,"3,40"
12441,"3,40"
12442,"3,40,0"
12443,"10,3,11"
12444,"3,23,21"
12445,"10,220,0"
12446,"3,0,40"
12447,"3,4,111"
12448,"10,3,23"
12449,"3,23,40"
12450,"3,0,4"
12451,"3,0,23"
12452,"0,3,10"
12453,"0,10,23"
12454,"0,10,3"
12455,"10,0,64"
12456,"40,3,131"
12457,"10,0,3"
12458,"3,0,40"
12459,"0,3,40"
12460,"169,3,23"
12461,"23,38,0"
12462,"0,40,3"
12463,"3,169,40"
12464,"3,21,40"
12465,"3,40,0"
12466,"0,3,40"
12467,"3,4,111"
12468,"3,40,0"
12469,"3,169,0"
12470,"0,3,271"
12471,"0,23,3"
12472,"169,3,199"
12473,"0,40,3"
12474,"0,23,3"
12475,"40,3,131"
12476,"23,40,38"
12477,"3,4,0"
12478,"10,3,11"
12479,"23,40,3"
12480,"23,24,40"
12481,"40,3,0"
12482,"40,23,3"
12483,"23,40,3"
12484,"3,40,0"
12485,"23,3,169"
12486,"0,271,3"
12487,"23,40,38"
12488,"169,40,0"
12489,"3,21,40"
12490,"23,0,38"
12491,"3,40,21"
12492,"3,40,135"
12493,"169,0,3"
12494,"3,64,23"
12495,"3,10,64"
12496,"10,220,0"
12497,"3,40,21"
12498,"10,0,3"
12499,"3,4,0"
12500,"64,10,0"
12501,"23,40,3"
12502,"0,23,3"
12503,"23,74,38"
12504,"3,40,0"
12505,"3,0,169"
12506,"23,0,24"
12507,"40,3,131"
12508,"3,21,40"
12509,"0,3,23"
12510,"0,3,265"
12511,"3,40,169"
12512,"3,40,0"
12513,"3,40,21"
12514,"40,23,3"
12515,"23,0,38"
12516,"3,40"
12517,"3,40,0"
12518,"3,40,0"
12519,"3,21,40"
12520,"10,64,11"
12521,"3,4,21"
12522,"0,3,23"
12523,"3,23,0"
12524,"23,10,24"
12525,"10,64,0"
12526,"0,3,8"
12527,"0,3,40"
12528,"40,3,0"
12529,"3,0,40"
12530,"0,23,38"
12531,"23,3,0"
12532,"23,24,40"
12533,"3,40,0"
12534,"3,21,4"
12535,"23,3,10"
12536,"10,0,3"
12537,"3,40"
12538,"3,40,21"
12539,"0,3,40"
12540,"40,23,3"
12541,"3,0,169"
12542,"10,23,3"
12543,"0,8,3"
12544,"23,40,0"
12545,"23,0,40"
12546,"10,0,3"
12547,"3,0,40"
12548,"3,4,0"
12549,"3,4,0"
12550,"40,23,3"
12551,"3,4,0"
12552,"0,40,3"
12553,"23,40,3"
12554,"3,40,21"
12555,"3,21,111"
12556,"169,3,40"
12557,"3,40,169"
12558,"23,3,10"
12559,"0,40,3"
12560,"0,3,23"
12561,"40,3,0"
12562,"3,23,0"
12563,"0,3,10"
12564,"23,24,3"
12565,"0,3,10"
12566,"3,40,0"
12567,"0,271,3"
12568,"0,3,23"
12569,"0,3,271"
12570,"3,40,23"
12571,"10,0,3"
12572,"3,169,40"
12573,"23,0,24"
12574,"40,3"
12575,"3,21,40"
12576,"3,40,21"
12577,"3,40,21"
12578,"23,24,38"
12579,"23,0,3"
12580,"10,23,3"
12581,"10,3,0"
12582,"3,0,4"
12583,"23,0,40"
12584,"3,40,21"
12585,"40,131,3"
12586,"3,0,40"
12587,"3,4"
12588,"3,40,0"
12589,"0,3,10"
12590,"3,40,21"
12591,"3,40"
12592,"0,23,3"
12593,"3,40,23"
12594,"40,23,3"
12595,"23,3,40"
12596,"40,0,131"
12597,"169,23,3"
12598,"3,0,40"
12599,"3,40,21"
12600,"3,40,21"
12601,"23,0,38"
12602,"23,24,40"
12603,"0,3,265"
12604,"23,3,38"
12605,"0,3,271"
12606,"10,64,3"
12607,"0,3,265"
12608,"40,3,0"
12609,"0,3,271"
12610,"23,40,3"
12611,"3,40,21"
12612,"23,0,26"
12613,"3,0,40"
12614,"3,21,4"
12615,"3,40,0"
12616,"0,3,40"
12617,"3,21,4"
12618,"0,3,271"
12619,"3,0,21"
12620,"3,4,0"
12621,"0,40,10"
12622,"23,0,40"
12623,"0,3"
12624,"3,40,0"
12625,"10,3,11"
12626,"23,40,3"
12627,"169,23,0"
12628,"3,40,0"
12629,"0,3"
12630,"3,4,21"
12631,"3,23,10"
12632,"0,3,10"
12633,"0,3,271"
12634,"3,0,21"
12635,"3,40,21"
12636,"3,40,0"
12637,"40,3"
12638,"0,3,271"
12639,"3,0,40"
12640,"3,0,4"
12641,"3,40,0"
12642,"40,3,23"
12643,"3,40,23"
12644,"23,74,3"
12645,"0,23,10"
12646,"23,3,0"
12647,"3,40,0"
12648,"3,23,64"
12649,"3,40"
12650,"0,23,3"
12651,"3,21,4"
12652,"0,40,23"
12653,"3,40,0"
12654,"3,40,0"
12655,"3,40,169"
12656,"0,3,265"
12657,"3,0,40"
12658,"0,3,40"
12659,"23,3,40"
12660,"10,0,40"
12661,"3,40,0"
12662,"40,23,3"
12663,"3,4,0"
12664,"23,0,10"
12665,"10,0,64"
12666,"3,40,0"
12667,"0,10,3"
12668,"40,3"
12669,"23,40,0"
12670,"0,3,271"
12671,"23,40,10"
12672,"3,0,40"
12673,"3,23,40"
12674,"10,0,3"
12675,"23,40,3"
12676,"3,40"
12677,"3,169,21"
12678,"64,10,3"
12679,"3,40,21"
12680,"40,131,3"
12681,"23,3,40"
12682,"0,3,23"
12683,"23,40,3"
12684,"0,23,10"
12685,"3,169,40"
12686,"169,3,23"
12687,"0,3,10"
12688,"23,0,26"
12689,"169,40,3"
12690,"3,169,40"
12691,"10,0,220"
12692,"3,4,111"
12693,"10,64,24"
12694,"169,3,40"
12695,"10,23,0"
12696,"3,40,0"
12697,"3,40"
12698,"0,23,40"
12699,"3,169,40"
12700,"3,40"
12701,"0,23,3"
12702,"3,40,0"
12703,"40,3,41"
12704,"0,3,271"
12705,"40,131,0"
12706,"40,3,0"
12707,"3,0,40"
12708,"23,0,3"
12709,"23,10,3"
12710,"64,10,23"
12711,"23,24,10"
12712,"0,10,23"
12713,"10,0,3"
12714,"3,40,0"
12715,"0,3,271"
12716,"40,3,131"
12717,"3,40,0"
12718,"3,169,0"
12719,"10,220,3"
12720,"40,3,131"
12721,"3,0,40"
12722,"3,21,40"
12723,"3,40,21"
12724,"40,3,41"
12725,"23,40,3"
12726,"10,23,40"
12727,"3,40,0"
12728,"3,40,0"
12729,"23,3,40"
12730,"23,3,0"
12731,"0,3,23"
12732,"0,3,40"
12733,"169,40,3"
12734,"3,0,40"
12735,"3,40"
12736,"23,10,0"
12737,"23,74,40"
12738,"0,23,3"
12739,"3,40,0"
12740,"3,4,21"
12741,"40,3,169"
12742,"0,271,3"
12743,"3,23,40"
12744,"3,40,0"
12745,"10,64,3"
12746,"40,131,3"
12747,"0,3,271"
12748,"0,3,23"
12749,"40,3,131"
12750,"0,3,40"
12751,"10,0,3"
12752,"0,3,271"
12753,"23,3,40"
12754,"0,271,3"
12755,"23,0,40"
12756,"3,64,40"
12757,"23,24,3"
12758,"3,169,296"
12759,"40,3"
12760,"0,23,38"
12761,"3,4,21"
12762,"3,40,0"
12763,"0,3,8"
12764,"169,0,199"
12765,"0,8,3"
12766,"23,24,10"
12767,"3,4,0"
12768,"3,10,220"
12769,"10,64,3"
12770,"23,3,40"
12771,"0,23,3"
12772,"0,40,3"
12773,"23,74,38"
12774,"3,21,111"
12775,"3,169,40"
12776,"10,3,220"
12777,"3,40,0"
12778,"23,24,64"
12779,"3,40,21"
12780,"0,3,23"
12781,"3,40,21"
12782,"64,10,3"
12783,"10,64,3"
12784,"3,0,21"
12785,"23,24,10"
12786,"3,40,0"
12787,"3,169,0"
12788,"0,271,265"
12789,"169,40,3"
12790,"0,3,169"
12791,"0,10,23"
12792,"23,0,38"
12793,"3,40,0"
12794,"3,4,111"
12795,"23,38,3"
12796,"23,3,24"
12797,"10,0,23"
12798,"169,3,23"
12799,"3,4,0"
12800,"0,40,23"
12801,"3,4,0"
12802,"3,0,169"
12803,"10,24,64"
12804,"3,23,169"
12805,"3,40,0"
12806,"0,8,23"
12807,"10,3,0"
12808,"3,4,21"
12809,"169,3,40"
12810,"0,3,10"
12811,"169,23,3"
12812,"64,10,3"
12813,"0,3,8"
12814,"23,10,64"
12815,"3,40"
12816,"3,0,40"
12817,"3,0,4"
12818,"169,3,40"
12819,"3,0"
12820,"169,3,23"
12821,"3,21,0"
12822,"0,23,3"
12823,"3,40,21"
12824,"169,3,170"
12825,"23,24,40"
12826,"40,0,3"
12827,"169,3,23"
12828,"169,3,199"
12829,"3,0,40"
12830,"0,23,10"
12831,"3,0,40"
12832,"10,11,3"
12833,"3,40,0"
12834,"3,40,21"
12835,"0,3,23"
12836,"64,3,10"
12837,"3,40,21"
12838,"3,40,21"
12839,"10,220,3"
12840,"3,0,40"
12841,"0,3,271"
12842,"23,40,3"
12843,"40,23,3"
12844,"3,40,21"
12845,"23,0,3"
12846,"40,23,3"
12847,"3,4,21"
12848,"3,21,4"
12849,"10,3,220"
12850,"3,0,40"
12851,"3,40,0"
12852,"3,0,40"
12853,"3,40"
12854,"10,0,40"
12855,"169,3,23"
12856,"10,0,11"
12857,"0,3,40"
12858,"3,0,40"
12859,"10,220,3"
12860,"169,3,40"
12861,"3,4"
12862,"3,0,40"
12863,"0,271,265"
12864,"3,169,21"
12865,"3,21,40"
12866,"10,3,220"
12867,"10,64,11"
12868,"3,40,21"
12869,"0,23,3"
12870,"3,40,0"
12871,"0,3,40"
12872,"3,40,169"
12873,"10,64,3"
12874,"23,3,40"
12875,"0,23,3"
12876,"23,10,3"
12877,"3,4,0"
12878,"10,220,0"
12879,"3,0,40"
12880,"0,40,8"
12881,"3,21,40"
12882,"3,23,0"
12883,"40,3,0"
12884,"3,0,10"
12885,"169,3,40"
12886,"3,0,4"
12887,"40,0,23"
12888,"3,40,0"
12889,"3,4,21"
12890,"23,0,10"
12891,"3,40,0"
12892,"3,0,40"
12893,"23,74,40"
12894,"0,23,3"
12895,"40,3"
12896,"23,0,3"
12897,"3,169,40"
12898,"0,3,23"
12899,"3,0,40"
12900,"40,3,131"
12901,"3,40,21"
12902,"3,0,169"
12903,"0,3,271"
12904,"3,0,40"
12905,"23,24,10"
12906,"10,64,40"
12907,"169,40,199"
12908,"40,131,0"
12909,"23,3,0"
12910,"3,0,40"
12911,"23,0,26"
12912,"3,40,0"
12913,"3,21,40"
12914,"24,23,10"
12915,"3,0,40"
12916,"23,24,10"
12917,"0,23,38"
12918,"3,40,23"
12919,"23,10,24"
12920,"3,23,0"
12921,"10,64,24"
12922,"3,40,21"
12923,"0,3,169"
12924,"40,3,135"
12925,"3,0,10"
12926,"3,23,40"
12927,"40,169,3"
12928,"3,40,0"
12929,"3,40,21"
12930,"23,10,40"
12931,"23,0,40"
12932,"0,8,3"
12933,"0,3,271"
12934,"3,21,4"
12935,"10,220,0"
12936,"40,23,3"
12937,"0,3,8"
12938,"3,4,0"
12939,"0,3,40"
12940,"0,271,265"
12941,"40,3,169"
12942,"10,0,3"
12943,"0,3,265"
12944,"10,64,11"
12945,"10,0,3"
12946,"10,64,23"
12947,"3,0,23"
12948,"3,40,21"
12949,"0,3,40"
12950,"3,4"
12951,"10,0,64"
12952,"3,40,21"
12953,"3,4,111"
12954,"0,10,3"
12955,"3,4,111"
12956,"3,169,40"
12957,"23,40,24"
12958,"40,0,23"
12959,"3,0"
12960,"3,40,23"
12961,"3,169,0"
12962,"0,3,40"
12963,"23,40,38"
12964,"0,23,3"
12965,"3,40,0"
12966,"23,10,24"
12967,"3,40,0"
12968,"40,3,41"
12969,"3,40,21"
12970,"23,40,3"
12971,"40,3,41"
12972,"169,3,40"
12973,"0,10,3"
12974,"23,0,3"
12975,"3,40,296"
12976,"0,271,3"
12977,"40,23,3"
12978,"3,40"
12979,"3,4,169"
12980,"3,40,0"
12981,"40,3,131"
12982,"23,40,3"
12983,"64,10,24"
12984,"3,0,40"
12985,"0,3,40"
12986,"40,0,23"
12987,"3,40,21"
12988,"23,24,40"
12989,"0,23,40"
12990,"169,3,40"
12991,"0,40,23"
12992,"23,10,24"
12993,"0,3,169"
12994,"0,3,10"
12995,"23,10,0"
12996,"3,40,0"
12997,"23,24,10"
12998,"10,40,0"
12999,"24,23,10"
13000,"3,40,21"
13001,"40,3,169"
13002,"3,40,21"
13003,"3,0,4"
13004,"23,10,24"
13005,"3,40"
13006,"10,23,64"
13007,"3,40,21"
13008,"0,3,40"
13009,"10,0,23"
13010,"3,40,0"
13011,"3,0,40"
13012,"23,10,40"
13013,"40,23,3"
13014,"3,0,40"
13015,"10,0,23"
13016,"0,23,3"
13017,"3,0,40"
13018,"3,4,21"
13019,"0,3,271"
13020,"10,64,23"
13021,"3,40,0"
13022,"3,0,169"
13023,"23,3,10"
13024,"0,23,3"
13025,"23,3,38"
13026,"3,0,40"
13027,"40,3,0"
13028,"169,3,170"
13029,"0,271,3"
13030,"0,23,40"
13031,"169,3,23"
13032,"3,0,23"
13033,"23,0,26"
13034,"40,23,3"
13035,"0,3,271"
13036,"23,0,3"
13037,"169,3,199"
13038,"3,40,0"
13039,"3,0,169"
13040,"3,0,4"
13041,"169,3,40"
13042,"10,220,0"
13043,"0,3,10"
13044,"3,21,111"
13045,"0,3,23"
13046,"3,169,40"
13047,"3,0,4"
13048,"3,40,0"
13049,"10,0,3"
13050,"3,21,111"
13051,"40,3,41"
13052,"23,3,40"
13053,"3,40,23"
13054,"10,0,23"
13055,"23,40,3"
13056,"3,40,21"
13057,"23,0,3"
13058,"40,0,3"
13059,"169,0,23"
13060,"23,10,3"
13061,"0,23,40"
13062,"40,3,23"
13063,"3,0,40"
13064,"10,64,0"
13065,"3,40,0"
13066,"0,3,23"
13067,"23,40,0"
13068,"3,21,4"
13069,"3,40,23"
13070,"40,23,3"
13071,"10,0,220"
13072,"10,0,40"
13073,"23,3,40"
13074,"40,3,131"
13075,"40,3,0"
13076,"40,3,131"
13077,"40,3"
13078,"3,23,0"
13079,"23,24,10"
13080,"10,64,0"
13081,"0,3,271"
13082,"169,3,0"
13083,"10,23,24"
13084,"3,169,40"
13085,"169,3,0"
13086,"23,10,24"
13087,"3,4,0"
13088,"40,3,0"
13089,"3,4,0"
13090,"0,169,3"
13091,"40,3,23"
13092,"3,4,0"
13093,"0,3,271"
13094,"40,169,3"
13095,"23,3,40"
13096,"0,23,3"
13097,"3,40,21"
13098,"0,3,10"
13099,"3,40"
13100,"0,8,3"
13101,"10,220,0"
13102,"23,24,10"
13103,"40,3,41"
13104,"3,40"
13105,"40,131,3"
13106,"23,3,40"
13107,"23,40,3"
13108,"3,4,21"
13109,"23,0,40"
13110,"23,3,0"
13111,"40,3,0"
13112,"10,11,3"
13113,"3,23,40"
13114,"3,21,40"
13115,"23,40,3"
13116,"0,10,3"
13117,"3,23,0"
13118,"3,0,40"
13119,"0,3"
13120,"40,3,41"
13121,"3,4,0"
13122,"3,169,0"
13123,"0,271,3"
13124,"40,23,3"
13125,"3,0,40"
13126,"3,4,21"
13127,"23,40,0"
13128,"23,3,74"
13129,"23,0,3"
13130,"3,21,4"
13131,"3,0"
13132,"40,3,0"
13133,"40,3,131"
13134,"10,0,3"
13135,"23,3,0"
13136,"0,3,8"
13137,"3,23,64"
13138,"0,23,3"
13139,"23,40,3"
13140,"10,0,23"
13141,"3,169,40"
13142,"10,23,64"
13143,"0,3,23"
13144,"3,40,0"
13145,"10,3,0"
13146,"40,3,0"
13147,"3,0,4"
13148,"0,3,40"
13149,"40,3,135"
13150,"0,3,10"
13151,"3,0,4"
13152,"40,3,131"
13153,"0,3,8"
13154,"10,3,11"
13155,"3,0,4"
13156,"40,131,0"
13157,"3,40,0"
13158,"3,40,0"
13159,"0,3,23"
13160,"10,0,3"
13161,"3,40,21"
13162,"3,4,0"
13163,"3,21,40"
13164,"0,3,8"
13165,"10,3,23"
13166,"10,3,64"
13167,"10,3,64"
13168,"3,40,0"
13169,"3,4"
13170,"3,40,4"
13171,"3,40,23"
13172,"3,169,40"
13173,"3,40,169"
13174,"3,0"
13175,"3,21,40"
13176,"3,23,40"
13177,"3,169,170"
13178,"64,10,0"
13179,"23,0,10"
13180,"0,23,3"
13181,"10,64,3"
13182,"10,64,0"
13183,"23,3,24"
13184,"3,21,30"
13185,"0,23,3"
13186,"40,131,41"
13187,"10,220,0"
13188,"23,10,24"
13189,"40,3,0"
13190,"40,131,23"
13191,"3,4,0"
13192,"24,23,64"
13193,"23,3,40"
13194,"0,23,3"
13195,"0,271,3"
13196,"169,3,40"
13197,"0,3,271"
13198,"3,40,0"
13199,"3,169,40"
13200,"3,40,21"
13201,"40,3"
13202,"3,21,40"
13203,"3,0,40"
13204,"3,0,10"
13205,"0,3,10"
13206,"10,3,11"
13207,"10,3,64"
13208,"10,11,3"
13209,"3,23,24"
13210,"3,40,0"
13211,"40,0,23"
13212,"3,21,40"
13213,"10,3,23"
13214,"23,24,10"
13215,"3,0,4"
13216,"3,40,169"
13217,"10,3,23"
13218,"3,23,40"
13219,"3,40,0"
13220,"23,3,40"
13221,"23,10,0"
13222,"0,23,40"
13223,"0,3,271"
13224,"3,0,169"
13225,"3,0,40"
13226,"40,3,131"
13227,"3,4,0"
13228,"23,38,24"
13229,"3,23,0"
13230,"169,3,199"
13231,"3,169,40"
13232,"40,3,169"
13233,"3,10,0"
13234,"64,10,3"
13235,"3,40"
13236,"3,23,40"
13237,"3,21,4"
13238,"3,0,21"
13239,"3,40,0"
13240,"0,40,10"
13241,"40,0,3"
13242,"64,10,23"
13243,"10,3,0"
13244,"3,40,0"
13245,"40,0,131"
13246,"40,23,3"
13247,"23,64,10"
13248,"3,40,21"
13249,"3,40,0"
13250,"0,3,271"
13251,"3,40,23"
13252,"10,23,24"
13253,"10,0,3"
13254,"10,0,3"
13255,"10,64,24"
13256,"3,40,0"
13257,"0,3,40"
13258,"3,40,135"
13259,"3,0,4"
13260,"40,0,131"
13261,"0,3,271"
13262,"40,3,23"
13263,"169,3,23"
13264,"10,64,0"
13265,"23,0,40"
13266,"3,23,64"
13267,"10,0,3"
13268,"3,40,23"
13269,"10,3,0"
13270,"3,169,40"
13271,"10,64,0"
13272,"23,0,3"
13273,"40,3"
13274,"3,0,40"
13275,"40,0,3"
13276,"23,40,3"
13277,"23,40,3"
13278,"10,64,24"
13279,"3,0,23"
13280,"3,0,40"
13281,"3,0,169"
13282,"0,3,23"
13283,"0,23,3"
13284,"10,0,23"
13285,"23,3,40"
13286,"40,3,41"
13287,"3,40,0"
13288,"23,40,3"
13289,"3,0,10"
13290,"3,10,64"
13291,"10,3,220"
13292,"40,0,131"
13293,"0,271,3"
13294,"23,38,0"
13295,"3,21,111"
13296,"3,4,21"
13297,"0,8,3"
13298,"3,21,111"
13299,"3,10,23"
13300,"3,23,0"
13301,"0,3,40"
13302,"3,4,0"
13303,"0,3,40"
13304,"169,40,3"
13305,"10,220,0"
13306,"0,3,10"
13307,"40,23,0"
13308,"0,3,271"
13309,"40,3,41"
13310,"0,10,3"
13311,"3,40,0"
13312,"40,3,23"
13313,"3,40,0"
13314,"169,40,170"
13315,"40,23,24"
13316,"40,3,23"
13317,"23,10,24"
13318,"10,0,3"
13319,"169,3,40"
13320,"0,265,271"
13321,"0,3,40"
13322,"3,0,10"
13323,"23,40,0"
13324,"3,23,24"
13325,"40,3"
13326,"3,40,0"
13327,"3,40,169"
13328,"0,169,271"
13329,"3,169,40"
13330,"3,21,40"
13331,"0,3,10"
13332,"0,3,271"
13333,"40,3,0"
13334,"10,11,64"
13335,"3,40,0"
13336,"23,10,0"
13337,"64,10,3"
13338,"40,3,160"
13339,"23,3,10"
13340,"23,0,38"
13341,"3,0,40"
13342,"3,169,40"
13343,"10,64,23"
13344,"169,23,3"
13345,"23,0,10"
13346,"0,23,3"
13347,"169,3,40"
13348,"40,3,0"
13349,"3,40,21"
13350,"40,23,3"
13351,"0,8,3"
13352,"3,40,0"
13353,"23,0,26"
13354,"40,3,0"
13355,"0,3,23"
13356,"3,169,21"
13357,"23,0,38"
13358,"10,3,0"
13359,"23,0,10"
13360,"23,10,24"
13361,"10,11,0"
13362,"3,40,21"
13363,"23,10,0"
13364,"23,40,0"
13365,"10,40,23"
13366,"3,40,169"
13367,"3,4,0"
13368,"40,3,131"
13369,"40,3,131"
13370,"40,3,160"
13371,"0,3,23"
13372,"0,3,271"
13373,"3,0,40"
13374,"0,23,26"
13375,"23,40,0"
13376,"40,131,0"
13377,"40,3,131"
13378,"3,169,40"
13379,"40,0,3"
13380,"3,40,0"
13381,"3,21,40"
13382,"3,0,23"
13383,"10,220,11"
13384,"3,0,40"
13385,"40,3,0"
13386,"3,0,23"
13387,"3,21,40"
13388,"3,0,40"
13389,"0,23,3"
13390,"3,169,0"
13391,"3,40,0"
13392,"3,23,40"
13393,"23,40,10"
13394,"40,0,3"
13395,"23,40,0"
13396,"3,40,21"
13397,"40,3,23"
13398,"40,3"
13399,"10,0,3"
13400,"10,220,0"
13401,"3,40,0"
13402,"0,23,3"
13403,"3,4,111"
13404,"3,0,10"
13405,"0,10,3"
13406,"40,3,131"
13407,"64,3,10"
13408,"3,40,169"
13409,"3,0,40"
13410,"3,21,0"
13411,"0,3,271"
13412,"23,10,24"
13413,"3,40,0"
13414,"3,0,40"
13415,"40,3,0"
13416,"10,0,23"
13417,"23,0,38"
13418,"23,40,3"
13419,"23,0,3"
13420,"3,40,21"
13421,"10,0,3"
13422,"23,0,40"
13423,"3,4,21"
13424,"3,40,0"
13425,"40,3,0"
13426,"169,40,3"
13427,"23,24,3"
13428,"23,0,38"
13429,"23,40,3"
13430,"0,23,3"
13431,"3,0,40"
13432,"23,24,64"
13433,"3,4"
13434,"10,23,0"
13435,"3,0,4"
13436,"0,23,3"
13437,"0,10,3"
13438,"0,10,3"
13439,"10,64,24"
13440,"0,3,8"
13441,"23,3,40"
13442,"10,220,0"
13443,"10,3,23"
13444,"3,40,4"
13445,"23,3,10"
13446,"23,40,0"
13447,"23,3,40"
13448,"3,23,0"
13449,"40,3,0"
13450,"3,4,30"
13451,"3,40,21"
13452,"23,24,10"
13453,"3,4,0"
13454,"10,3,11"
13455,"23,169,0"
13456,"3,0,40"
13457,"23,24,10"
13458,"3,10,23"
13459,"23,3,38"
13460,"3,0,40"
13461,"23,0,38"
13462,"40,23,0"
13463,"3,0,21"
13464,"0,8,23"
13465,"10,3,23"
13466,"23,24,3"
13467,"23,10,24"
13468,"0,23,3"
13469,"0,23,3"
13470,"3,40,0"
13471,"169,3,199"
13472,"0,8,23"
13473,"3,40,0"
13474,"3,40,21"
13475,"10,24,64"
13476,"3,40"
13477,"40,131,3"
13478,"3,23,0"
13479,"23,0,38"
13480,"23,40,169"
13481,"3,0,23"
13482,"0,3,23"
13483,"23,0,40"
13484,"169,3,170"
13485,"23,3,24"
13486,"169,3,199"
13487,"0,3"
13488,"3,4"
13489,"3,0,40"
13490,"3,10,40"
13491,"3,40,169"
13492,"23,40,3"
13493,"3,40,0"
13494,"0,23,3"
13495,"40,23,3"
13496,"3,40,21"
13497,"10,23,0"
13498,"3,10,64"
13499,"3,169,40"
13500,"40,23,3"
13501,"3,40"
13502,"3,169,170"
13503,"3,4,0"
13504,"23,0,26"
13505,"40,3,131"
13506,"40,3"
13507,"23,0,38"
13508,"169,3,40"
13509,"3,40,0"
13510,"3,40,0"
13511,"3,40,21"
13512,"40,3,131"
13513,"23,3,24"
13514,"169,40,0"
13515,"3,21,40"
13516,"23,40,3"
13517,"3,4"
13518,"3,169,0"
13519,"3,40,0"
13520,"0,23,3"
13521,"23,0,38"
13522,"3,40,0"
13523,"0,23,3"
13524,"23,0,40"
13525,"0,3,40"
13526,"0,3,23"
13527,"23,24,3"
13528,"23,40,0"
13529,"3,40,0"
13530,"0,23,3"
13531,"23,3,40"
13532,"23,3,40"
13533,"10,220,0"
13534,"3,40,10"
13535,"23,74,38"
13536,"3,40,21"
13537,"40,23,3"
13538,"10,64,0"
13539,"23,0,10"
13540,"3,40,0"
13541,"40,131,3"
13542,"3,23,0"
13543,"3,0,169"
13544,"10,64,0"
13545,"40,0,131"
13546,"3,23,0"
13547,"23,0,38"
13548,"23,24,10"
13549,"3,0,4"
13550,"0,271,3"
13551,"40,131,3"
13552,"0,3,40"
13553,"40,3,0"
13554,"40,3,131"
13555,"3,23,10"
13556,"3,4,21"
13557,"3,0,40"
13558,"23,40,0"
13559,"0,8,3"
13560,"3,21,40"
13561,"3,40,0"
13562,"3,40,21"
13563,"23,24,10"
13564,"40,0,3"
13565,"10,220,0"
13566,"40,3,160"
13567,"3,40,0"
13568,"0,3,40"
13569,"40,3,131"
13570,"64,10,3"
13571,"0,3,271"
13572,"3,4,21"
13573,"3,0,40"
13574,"3,40,0"
13575,"3,0,40"
13576,"3,21,40"
13577,"64,10,3"
13578,"23,40,0"
13579,"3,40,169"
13580,"0,3,40"
13581,"3,40,23"
13582,"3,40,21"
13583,"3,40,21"
13584,"10,3,0"
13585,"3,0,40"
13586,"40,3,0"
13587,"169,3,23"
13588,"169,3,199"
13589,"3,40,21"
13590,"0,3"
13591,"3,40,0"
13592,"23,0,3"
13593,"64,10,3"
13594,"3,0,4"
13595,"10,64,24"
13596,"0,3,271"
13597,"3,40,21"
13598,"0,8,3"
13599,"3,40,0"
13600,"0,3,265"
13601,"3,23,0"
13602,"23,0,3"
13603,"3,40,0"
13604,"169,0,3"
13605,"23,24,10"
13606,"40,3,131"
13607,"3,0,40"
13608,"23,24,40"
13609,"0,3"
13610,"3,0,40"
13611,"24,23,10"
13612,"169,3,40"
13613,"3,40,21"
13614,"3,40,21"
13615,"0,3"
13616,"40,3,169"
13617,"169,170,3"
13618,"3,23,0"
13619,"3,40,21"
13620,"23,24,40"
13621,"3,40,21"
13622,"0,23,3"
13623,"3,0,40"
13624,"23,3,0"
13625,"10,64,3"
13626,"40,23,3"
13627,"3,10,0"
13628,"0,3,8"
13629,"3,40,0"
13630,"3,40,0"
13631,"0,3,271"
13632,"3,0,40"
13633,"23,10,24"
13634,"3,40"
13635,"0,10,3"
13636,"3,0,40"
13637,"23,3,24"
13638,"3,40"
13639,"169,40,3"
13640,"3,40,21"
13641,"24,23,10"
13642,"23,0,3"
13643,"23,0,3"
13644,"3,169,199"
13645,"40,131,0"
13646,"0,10,3"
13647,"23,24,38"
13648,"40,131,23"
13649,"0,3,8"
13650,"3,40,21"
13651,"0,3,40"
13652,"3,0,4"
13653,"23,74,3"
13654,"10,0,3"
13655,"10,0,3"
13656,"23,24,3"
13657,"3,40,21"
13658,"40,3,169"
13659,"3,40,0"
13660,"3,0,4"
13661,"3,0,40"
13662,"10,0,3"
13663,"3,23,40"
13664,"0,3,271"
13665,"169,3,40"
13666,"10,0,40"
13667,"10,3,0"
13668,"0,3,23"
13669,"3,40,0"
13670,"40,3,23"
13671,"23,3,40"
13672,"23,296,3"
13673,"23,0,3"
13674,"23,3,0"
13675,"40,3,23"
13676,"0,3,271"
13677,"10,0,220"
13678,"0,3,10"
13679,"3,40,0"
13680,"169,3,64"
13681,"10,3,0"
13682,"3,0,64"
13683,"0,8,3"
13684,"40,169,23"
13685,"10,0,3"
13686,"3,0,40"
13687,"10,220,0"
13688,"3,21,40"
13689,"23,0,26"
13690,"40,131,3"
13691,"40,23,3"
13692,"23,40,0"
13693,"3,4,21"
13694,"3,23,40"
13695,"3,40,0"
13696,"23,0,3"
13697,"3,169,40"
13698,"40,3,23"
13699,"3,4"
13700,"3,0,40"
13701,"23,24,40"
13702,"64,10,23"
13703,"10,0,3"
13704,"10,0,23"
13705,"64,10,0"
13706,"3,0,40"
13707,"3,40"
13708,"3,21,40"
13709,"10,3,64"
13710,"40,3,0"
13711,"23,10,3"
13712,"3,40,21"
13713,"0,3"
13714,"3,4"
13715,"0,3,23"
13716,"0,169,3"
13717,"23,3,40"
13718,"169,40,3"
13719,"3,40,0"
13720,"169,3,23"
13721,"23,3,40"
13722,"3,40,21"
13723,"0,3,40"
13724,"3,23,0"
13725,"3,4,111"
13726,"3,4,111"
13727,"3,0,40"
13728,"3,169,21"
13729,"3,40,0"
13730,"0,23,3"
13731,"3,0,23"
13732,"3,40,0"
13733,"3,40,0"
13734,"3,40,0"
13735,"10,3,11"
13736,"169,3,40"
13737,"23,40,38"
13738,"10,0,40"
13739,"0,3,271"
13740,"3,0,40"
13741,"3,40,0"
13742,"3,21,0"
13743,"23,0,3"
13744,"24,64,10"
13745,"3,23,40"
13746,"3,40"
13747,"3,23,38"
13748,"0,3,10"
13749,"23,40,3"
13750,"3,23,38"
13751,"3,40,21"
13752,"3,0,40"
13753,"3,4,0"
13754,"23,3,24"
13755,"3,23,64"
13756,"169,3,23"
13757,"40,131,41"
13758,"40,3,131"
13759,"40,23,3"
13760,"40,3,23"
13761,"0,3,23"
13762,"10,3,0"
13763,"64,3,10"
13764,"64,10,24"
13765,"3,21,0"
13766,"3,40,169"
13767,"0,23,38"
13768,"3,40,169"
13769,"10,0,23"
13770,"0,3,271"
13771,"169,3,0"
13772,"3,4,0"
13773,"40,3,131"
13774,"169,64,3"
13775,"23,3,10"
13776,"3,4,21"
13777,"10,3,0"
13778,"0,23,3"
13779,"3,0,40"
13780,"0,3,40"
13781,"0,271,3"
13782,"3,0,40"
13783,"3,4,0"
13784,"23,0,40"
13785,"3,0,40"
13786,"10,3,23"
13787,"0,3"
13788,"0,10,23"
13789,"3,4,0"
13790,"0,40,3"
13791,"3,40,0"
13792,"23,24,40"
13793,"3,0,40"
13794,"23,10,0"
13795,"10,220,0"
13796,"0,10,64"
13797,"3,40"
13798,"23,0,40"
13799,"23,169,3"
13800,"3,0,40"
13801,"23,74,3"
13802,"40,3,41"
13803,"3,0,40"
13804,"3,21,40"
13805,"0,23,40"
13806,"0,23,3"
13807,"3,0,10"
13808,"3,40,0"
13809,"40,3,169"
13810,"23,24,10"
13811,"10,0,23"
13812,"0,10,40"
13813,"23,0,10"
13814,"3,40,21"
13815,"169,40,3"
13816,"10,3,0"
13817,"3,4,0"
13818,"3,23,40"
13819,"0,23,38"
13820,"24,64,23"
13821,"3,40,4"
13822,"0,3,271"
13823,"23,3,40"
13824,"23,40,0"
13825,"10,3,0"
13826,"3,0,40"
13827,"40,3,23"
13828,"3,4,0"
13829,"23,3,31"
13830,"0,3,271"
13831,"3,40,0"
13832,"3,40,0"
13833,"3,0,40"
13834,"3,0,40"
13835,"3,169,40"
13836,"0,8,23"
13837,"10,64,23"
13838,"3,21,30"
13839,"0,3"
13840,"40,3,0"
13841,"3,40,21"
13842,"3,40,10"
13843,"3,4,0"
13844,"40,3,0"
13845,"23,24,64"
13846,"64,10,3"
13847,"0,3,265"
13848,"64,10,3"
13849,"3,40,0"
13850,"3,0,40"
13851,"23,0,38"
13852,"3,0,40"
13853,"23,0,3"
13854,"3,40,21"
13855,"0,271,3"
13856,"3,0,40"
13857,"23,3,24"
13858,"3,23,0"
13859,"3,0,40"
13860,"0,271,3"
13861,"10,220,3"
13862,"40,131,41"
13863,"3,40,23"
13864,"0,3,40"
13865,"10,220,3"
13866,"3,40,0"
13867,"23,38,0"
13868,"3,23,40"
13869,"3,21,40"
13870,"3,40"
13871,"23,3,0"
13872,"3,0,23"
13873,"3,40,21"
13874,"23,3,74"
13875,"0,23,64"
13876,"3,0,40"
13877,"23,0,38"
13878,"40,0,131"
13879,"10,64,24"
13880,"10,0,3"
13881,"10,64,3"
13882,"3,23,24"
13883,"3,40,21"
13884,"40,3,0"
13885,"3,40,0"
13886,"0,3,23"
13887,"10,220,3"
13888,"40,3,23"
13889,"40,0,3"
13890,"3,40,21"
13891,"3,21,0"
13892,"10,64,3"
13893,"23,10,24"
13894,"40,0,23"
13895,"23,24,3"
13896,"40,3,0"
13897,"3,0"
13898,"40,3,41"
13899,"23,3,24"
13900,"3,40,169"
13901,"0,271,265"
13902,"3,40,0"
13903,"64,10,3"
13904,"3,169,40"
13905,"3,21,40"
13906,"3,0,21"
13907,"23,10,0"
13908,"23,40,0"
13909,"40,3,131"
13910,"3,40"
13911,"3,169,40"
13912,"23,0,3"
13913,"40,0,3"
13914,"169,3,40"
13915,"10,220,3"
13916,"0,23"
13917,"40,0,23"
13918,"10,3,64"
13919,"3,40,0"
13920,"3,21,40"
13921,"40,3,0"
13922,"23,0,3"
13923,"3,40,21"
13924,"3,40,0"
13925,"23,3,24"
13926,"40,3,0"
13927,"3,40,169"
13928,"40,23,3"
13929,"23,0,40"
13930,"3,4,111"
13931,"3,40,0"
13932,"3,40,0"
13933,"0,40,23"
13934,"23,0,38"
13935,"3,40"
13936,"40,3,131"
13937,"3,169,40"
13938,"3,40,0"
13939,"10,11,3"
13940,"10,64,11"
13941,"40,23,0"
13942,"40,296,23"
13943,"23,40,0"
13944,"10,3,220"
13945,"64,10,3"
13946,"10,220,3"
13947,"10,3,23"
13948,"40,23,3"
13949,"3,4,0"
13950,"0,3,40"
13951,"3,40,21"
13952,"0,3,10"
13953,"169,0,3"
13954,"169,40,3"
13955,"3,4"
13956,"3,4,111"
13957,"3,169,40"
13958,"3,0,40"
13959,"10,64,3"
13960,"3,40,21"
13961,"3,23,169"
13962,"23,74,38"
13963,"3,40,169"
13964,"0,3,271"
13965,"40,3,131"
13966,"3,0,40"
13967,"0,3,10"
13968,"0,3,40"
13969,"0,40,3"
13970,"3,4,111"
13971,"3,0,40"
13972,"3,40,169"
13973,"40,3,135"
13974,"23,74,38"
13975,"0,271,265"
13976,"3,169,0"
13977,"0,3,40"
13978,"10,0,40"
13979,"0,3,169"
13980,"23,10,0"
13981,"40,3,0"
13982,"23,3,40"
13983,"3,40,21"
13984,"3,40,0"
13985,"3,40"
13986,"10,64,23"
13987,"10,3,220"
13988,"3,0,23"
13989,"3,21,4"
13990,"64,10,3"
13991,"23,40,3"
13992,"10,64,3"
13993,"3,0,40"
13994,"40,3,0"
13995,"3,40,21"
13996,"64,3,10"
13997,"3,40,21"
13998,"40,131,0"
13999,"3,0,40"
14000,"23,0,10"
14001,"0,3"
14002,"3,4"
14003,"0,3,271"
14004,"10,0,3"
14005,"3,21,40"
14006,"3,0,40"
14007,"3,4,111"
14008,"10,0,11"
14009,"10,220,3"
14010,"10,64,0"
14011,"3,23,24"
14012,"3,21,40"
14013,"3,0,40"
14014,"3,169,40"
14015,"0,3,271"
14016,"40,3,0"
14017,"3,0,40"
14018,"40,131,0"
14019,"3,0,40"
14020,"3,40,21"
14021,"3,169,40"
14022,"3,40,0"
14023,"0,3,10"
14024,"3,0,40"
14025,"3,21,4"
14026,"40,3,131"
14027,"40,0,3"
14028,"0,3,40"
14029,"3,40,0"
14030,"23,3,40"
14031,"3,40,21"
14032,"3,21,0"
14033,"40,131,0"
14034,"3,23,40"
14035,"23,0,38"
14036,"40,131,0"
14037,"3,40"
14038,"23,0,3"
14039,"23,40,38"
14040,"40,3,131"
14041,"0,40,3"
14042,"3,4,0"
14043,"10,64,3"
14044,"3,169,21"
14045,"3,0,4"
14046,"3,0,10"
14047,"10,64,0"
14048,"0,3,8"
14049,"3,169,40"
14050,"3,23,40"
14051,"23,40"
14052,"64,10,23"
14053,"3,169,40"
14054,"40,3,135"
14055,"3,40,21"
14056,"0,271,8"
14057,"23,0,3"
14058,"3,0,40"
14059,"23,3,38"
14060,"0,3,271"
14061,"23,0,3"
14062,"3,23,40"
14063,"40,3,0"
14064,"3,4,21"
14065,"10,23,0"
14066,"3,40,21"
14067,"40,3,131"
14068,"3,169,40"
14069,"40,0,23"
14070,"0,23,3"
14071,"40,23,3"
14072,"3,0"
14073,"0,23,3"
14074,"0,3,271"
14075,"23,64,24"
14076,"169,3,40"
14077,"169,40,3"
14078,"3,0,40"
14079,"23,0,38"
14080,"0,3,40"
14081,"3,21,40"
14082,"40,3,41"
14083,"169,40,3"
14084,"10,64,3"
14085,"40,3,23"
14086,"40,3,41"
14087,"3,40,21"
14088,"10,0,3"
14089,"40,0,131"
14090,"40,23,3"
14091,"3,0,10"
14092,"3,40"
14093,"0,3,169"
14094,"3,23,40"
14095,"0,40,23"
14096,"23,40,0"
14097,"23,40,3"
14098,"3,0,40"
14099,"3,0,40"
14100,"3,4"
14101,"0,10,3"
14102,"3,0,40"
14103,"0,23,3"
14104,"40,3,41"
14105,"3,4,0"
14106,"0,3"
14107,"3,21,40"
14108,"3,40,0"
14109,"23,40,24"
14110,"40,3,131"
14111,"23,0,38"
14112,"23,0,3"
14113,"40,131,0"
14114,"40,23,169"
14115,"3,21,40"
14116,"3,169,0"
14117,"23,0,3"
14118,"10,64,3"
14119,"0,3,265"
14120,"10,220,0"
14121,"23,38,0"
14122,"10,64,0"
14123,"3,4"
14124,"40,23,3"
14125,"3,40,0"
14126,"40,23,0"
14127,"3,169,0"
14128,"40,131,3"
14129,"3,23,40"
14130,"23,40,38"
14131,"3,10,40"
14132,"40,3,41"
14133,"40,131,3"
14134,"23,24,38"
14135,"40,3"
14136,"0,3,271"
14137,"40,23,3"
14138,"10,0,3"
14139,"0,3,271"
14140,"40,3,169"
14141,"0,3,40"
14142,"23,24,10"
14143,"3,21,40"
14144,"23,40,24"
14145,"0,3,271"
14146,"40,3,23"
14147,"3,40"
14148,"23,0,40"
14149,"3,0,4"
14150,"0,3,265"
14151,"0,3"
14152,"0,10,3"
14153,"0,3,23"
14154,"0,8,3"
14155,"3,40,169"
14156,"64,10,24"
14157,"3,0,40"
14158,"0,3,10"
14159,"3,40,21"
14160,"23,24,3"
14161,"23,10,64"
14162,"0,3,10"
14163,"40,3,131"
14164,"64,10,3"
14165,"40,3,169"
14166,"0,8,3"
14167,"10,24,23"
14168,"3,40,0"
14169,"10,23,0"
14170,"10,3,40"
14171,"3,0,40"
14172,"40,0,23"
14173,"3,169,23"
14174,"10,3,220"
14175,"3,40,0"
14176,"169,3,40"
14177,"3,4,21"
14178,"3,169,0"
14179,"40,3,135"
14180,"40,3"
14181,"23,3,31"
14182,"23,0,3"
14183,"3,23,40"
14184,"3,0,4"
14185,"169,0,23"
14186,"3,0,40"
14187,"23,24,10"
14188,"3,111,4"
14189,"3,0,4"
14190,"3,40,21"
14191,"0,23,26"
14192,"0,3,271"
14193,"0,23,40"
14194,"0,3,271"
14195,"3,23,0"
14196,"3,40,0"
14197,"23,10,24"
14198,"0,23,3"
14199,"3,40,169"
14200,"3,0,40"
14201,"0,3,23"
14202,"3,40,21"
14203,"3,40"
14204,"0,23,3"
14205,"0,3,169"
14206,"0,3,265"
14207,"10,3,11"
14208,"0,3,8"
14209,"0,3,271"
14210,"0,3,10"
14211,"40,3,41"
14212,"169,3,23"
14213,"3,0,40"
14214,"40,23,3"
14215,"10,3,64"
14216,"0,3,265"
14217,"40,3,23"
14218,"0,169,3"
14219,"3,40,0"
14220,"3,0,40"
14221,"0,3,23"
14222,"3,40,0"
14223,"169,3,40"
14224,"0,3,8"
14225,"23,0,26"
14226,"40,3,41"
14227,"3,40"
14228,"3,23,24"
14229,"23,10,24"
14230,"23,24,10"
14231,"10,3,0"
14232,"40,0,23"
14233,"0,3"
14234,"0,271,265"
14235,"3,23,40"
14236,"3,0,40"
14237,"10,64,3"
14238,"23,0,38"
14239,"3,0,40"
14240,"3,40,21"
14241,"3,40,0"
14242,"0,23,8"
14243,"10,0,40"
14244,"40,23,0"
14245,"3,40,23"
14246,"0,271,265"
14247,"40,0,23"
14248,"3,0,21"
14249,"169,3,40"
14250,"0,23"
14251,"3,0,40"
14252,"3,40,0"
14253,"23,10,0"
14254,"0,3,40"
14255,"3,40,23"
14256,"3,40,23"
14257,"10,220,0"
14258,"10,0,24"
14259,"3,169,40"
14260,"0,23,3"
14261,"10,3,0"
14262,"3,40,0"
14263,"10,3,0"
14264,"3,40,21"
14265,"3,21,40"
14266,"40,3,23"
14267,"10,0,11"
14268,"64,10,0"
14269,"0,3,23"
14270,"3,169,23"
14271,"3,40,21"
14272,"10,220,11"
14273,"3,40,0"
14274,"169,3,0"
14275,"3,40,21"
14276,"40,3,23"
14277,"3,40,0"
14278,"0,10,23"
14279,"3,40"
14280,"40,131,3"
14281,"40,3,41"
14282,"23,24,3"
14283,"10,0,40"
14284,"3,21,40"
14285,"23,40,3"
14286,"24,64,10"
14287,"23,3,31"
14288,"3,4,0"
14289,"40,23,3"
14290,"3,4,0"
14291,"23,3,40"
14292,"0,3,40"
14293,"23,0,38"
14294,"10,64,0"
14295,"3,40,0"
14296,"40,0,3"
14297,"0,3,40"
14298,"0,271,265"
14299,"3,0,40"
14300,"0,3,23"
14301,"3,0,40"
14302,"3,0,23"
14303,"3,4"
14304,"40,23,0"
14305,"3,23,0"
14306,"23,0,38"
14307,"40,0,3"
14308,"40,3,0"
14309,"3,4"
14310,"64,10,24"
14311,"3,169,40"
14312,"0,271,265"
14313,"0,10,23"
14314,"0,23,3"
14315,"40,296,3"
14316,"3,40,0"
14317,"0,3"
14318,"23,24,10"
14319,"3,4,21"
14320,"3,40,21"
14321,"3,0,169"
14322,"3,0,4"
14323,"0,3"
14324,"0,3"
14325,"3,23,38"
14326,"3,40,23"
14327,"3,0,4"
14328,"0,23,3"
14329,"0,8,3"
14330,"10,0,64"
14331,"169,40,23"
14332,"3,4,0"
14333,"3,0,21"
14334,"10,64,24"
14335,"40,3,0"
14336,"3,0,40"
14337,"0,169,3"
14338,"0,3,271"
14339,"23,10,0"
14340,"3,10,40"
14341,"3,40,0"
14342,"3,4,0"
14343,"23,0,38"
14344,"169,3,0"
14345,"3,4"
14346,"23,169,3"
14347,"40,0,3"
14348,"3,40,21"
14349,"169,3,199"
14350,"3,40,23"
14351,"23,24,64"
14352,"0,3,40"
14353,"40,169,23"
14354,"3,40,21"
14355,"40,3,131"
14356,"10,220,3"
14357,"40,3"
14358,"23,40,0"
14359,"23,10,24"
14360,"64,10,23"
14361,"0,3,271"
14362,"3,4"
14363,"3,169,0"
14364,"0,3,40"
14365,"40,3,131"
14366,"3,40,21"
14367,"40,131,3"
14368,"3,4,111"
14369,"3,23,40"
14370,"23,0"
14371,"10,0,23"
14372,"23,10,3"
14373,"3,4,21"
14374,"3,0"
14375,"23,40,3"
14376,"23,10,0"
14377,"3,40,0"
14378,"10,220,0"
14379,"23,3,38"
14380,"40,3,0"
14381,"3,40,0"
14382,"0,3"
14383,"3,40,0"
14384,"23,40,38"
14385,"3,40,0"
14386,"0,3,169"
14387,"3,0,4"
14388,"0,3,169"
14389,"23,10,3"
14390,"3,40,21"
14391,"0,169,3"
14392,"23,40,31"
14393,"64,3,24"
14394,"3,40,0"
14395,"10,3,0"
14396,"0,23,3"
14397,"3,4,0"
14398,"3,40,169"
14399,"40,0,131"
14400,"3,4,0"
14401,"10,23,0"
14402,"3,10,64"
14403,"3,40,0"
14404,"10,0,11"
14405,"3,21,40"
14406,"0,3,169"
14407,"23,24,10"
14408,"3,4,21"
14409,"40,41,131"
14410,"40,3,169"
14411,"3,40,0"
14412,"40,3,0"
14413,"10,220,3"
14414,"23,0,3"
14415,"0,3,271"
14416,"3,23,40"
14417,"23,0,3"
14418,"3,40,0"
14419,"40,131,3"
14420,"3,23,24"
14421,"40,3,169"
14422,"3,23,0"
14423,"10,3,11"
14424,"40,131,3"
14425,"40,131,0"
14426,"3,40,23"
14427,"10,3,220"
14428,"0,3,169"
14429,"10,0,64"
14430,"3,40"
14431,"23,3,40"
14432,"40,3,135"
14433,"10,11,64"
14434,"3,40,21"
14435,"3,0,40"
14436,"3,0,40"
14437,"3,0,4"
14438,"3,23"
14439,"23,40,38"
14440,"0,10,3"
14441,"0,23,3"
14442,"0,169,3"
14443,"40,23,3"
14444,"3,40,0"
14445,"0,23,3"
14446,"40,23,3"
14447,"3,40,21"
14448,"3,0,40"
14449,"40,0,131"
14450,"10,64,24"
14451,"10,23,0"
14452,"40,3,0"
14453,"23,3,10"
14454,"3,40"
14455,"3,0,21"
14456,"40,131,3"
14457,"23,3,40"
14458,"40,0,3"
14459,"3,4"
14460,"64,10,24"
14461,"0,271,3"
14462,"0,3,10"
14463,"10,0,23"
14464,"3,40,10"
14465,"3,40"
14466,"3,40,0"
14467,"40,3,135"
14468,"0,3,271"
14469,"10,0,23"
14470,"40,23,3"
14471,"23,3,24"
14472,"64,10,3"
14473,"3,23,24"
14474,"0,23,3"
14475,"10,0,3"
14476,"23,40,3"
14477,"23,10,24"
14478,"23,3,0"
14479,"3,0,40"
14480,"23,0,3"
14481,"3,40,0"
14482,"3,23,38"
14483,"3,40,0"
14484,"3,4,21"
14485,"3,169,40"
14486,"3,0,4"
14487,"3,40,0"
14488,"3,4,0"
14489,"40,0,23"
14490,"3,21,40"
14491,"23,24,3"
14492,"3,23,40"
14493,"3,0,4"
14494,"0,23,10"
14495,"10,0,3"
14496,"169,0,23"
14497,"3,40,0"
14498,"40,131,3"
14499,"0,3,8"
14500,"40,3,41"
14501,"3,40,0"
14502,"3,0,23"
14503,"23,3,40"
14504,"3,0,40"
14505,"3,10,64"
14506,"40,3"
14507,"23,40,74"
14508,"3,64,23"
14509,"3,40,0"
14510,"3,0,40"
14511,"10,23,3"
14512,"10,0,3"
14513,"0,23,10"
14514,"3,40,23"
14515,"0,3,40"
14516,"0,23,40"
14517,"10,0,3"
14518,"23,3,0"
14519,"40,3,131"
14520,"3,0,40"
14521,"10,11,3"
14522,"10,220,3"
14523,"169,3,23"
14524,"3,0,40"
14525,"3,40,0"
14526,"40,0,3"
14527,"3,4,0"
14528,"0,3,271"
14529,"0,169,23"
14530,"3,0,40"
14531,"10,11,3"
14532,"3,40,0"
14533,"23,0,40"
14534,"0,271,265"
14535,"3,0,40"
14536,"64,10,3"
14537,"0,3,271"
14538,"3,40,0"
14539,"3,0,21"
14540,"3,0,40"
14541,"0,3,271"
14542,"10,11,3"
14543,"3,4,21"
14544,"40,0,23"
14545,"3,40,169"
14546,"3,10,64"
14547,"23,40,3"
14548,"23,40,3"
14549,"10,0,3"
14550,"40,3,41"
14551,"23,40"
14552,"40,3,0"
14553,"0,3,40"
14554,"3,40,0"
14555,"169,40,3"
14556,"23,0,38"
14557,"40,3"
14558,"3,21,40"
14559,"3,40,21"
14560,"3,23,40"
14561,"10,220,0"
14562,"40,131,3"
14563,"3,0,40"
14564,"3,0,40"
14565,"3,10,0"
14566,"23,24,10"
14567,"0,3,40"
14568,"23,3,0"
14569,"3,21,4"
14570,"64,10,23"
14571,"3,0,40"
14572,"40,23,0"
14573,"3,0,40"
14574,"23,0,38"
14575,"40,3,160"
14576,"10,3,220"
14577,"10,64,23"
14578,"40,41,3"
14579,"3,21,4"
14580,"10,220,3"
14581,"64,10,3"
14582,"3,23,24"
14583,"3,4,0"
14584,"10,220,3"
14585,"40,23,0"
14586,"3,23,40"
14587,"3,40"
14588,"3,0,23"
14589,"3,4,0"
14590,"23,0,38"
14591,"23,3,24"
14592,"3,40,0"
14593,"3,169,40"
14594,"23,40,38"
14595,"23,24,3"
14596,"3,0,169"
14597,"64,10,23"
14598,"23,10,0"
14599,"23,24,3"
14600,"3,40,21"
14601,"3,40,0"
14602,"3,40,0"
14603,"23,3,0"
14604,"0,10,23"
14605,"0,3,271"
14606,"3,0,40"
14607,"3,40,0"
14608,"3,4,111"
14609,"0,271,265"
14610,"40,23,131"
14611,"3,4"
14612,"23,3,74"
14613,"23,0,40"
14614,"64,10,3"
14615,"10,64,11"
14616,"10,64,24"
14617,"40,3,131"
14618,"10,11,3"
14619,"23,40,3"
14620,"0,3,40"
14621,"23,40,3"
14622,"0,3,10"
14623,"169,3,40"
14624,"40,169,0"
14625,"64,10,3"
14626,"3,0,40"
14627,"3,40,0"
14628,"0,3,23"
14629,"3,40,21"
14630,"23,10,0"
14631,"10,3,0"
14632,"3,296,0"
14633,"10,220,0"
14634,"40,3,41"
14635,"3,23,24"
14636,"3,0,4"
14637,"10,220,0"
14638,"10,23,0"
14639,"3,23,40"
14640,"169,0,3"
14641,"3,40,21"
14642,"3,40,169"
14643,"10,3,220"
14644,"3,40"
14645,"0,3,23"
14646,"3,0,40"
14647,"23,40,38"
14648,"3,40,21"
14649,"40,169,3"
14650,"0,3,23"
14651,"3,40,21"
14652,"0,3,40"
14653,"3,0"
14654,"40,3,41"
14655,"3,40,0"
14656,"3,40,0"
14657,"3,0,4"
14658,"23,74,38"
14659,"40,3,41"
14660,"40,3,0"
14661,"40,3,41"
14662,"10,23,0"
14663,"23,38,40"
14664,"40,3,131"
14665,"40,3,23"
14666,"0,8,3"
14667,"40,131,3"
14668,"23,24,3"
14669,"3,0,4"
14670,"23,40,3"
14671,"3,40,21"
14672,"3,4,21"
14673,"0,3,40"
14674,"40,0,3"
14675,"3,40"
14676,"40,131,0"
14677,"3,0,40"
14678,"169,3,40"
14679,"3,40,169"
14680,"0,271,3"
14681,"23,40,0"
14682,"3,40"
14683,"40,3,131"
14684,"3,0,40"
14685,"64,10,3"
14686,"23,10,24"
14687,"3,40,0"
14688,"3,40,0"
14689,"3,40,0"
14690,"10,64,3"
14691,"40,23,3"
14692,"23,40,38"
14693,"3,23,296"
14694,"40,3,131"
14695,"23,24,10"
14696,"40,3,0"
14697,"10,3,23"
14698,"0,3,23"
14699,"3,40,23"
14700,"3,0,10"
14701,"40,3"
14702,"3,40,0"
14703,"3,169,21"
14704,"3,40,0"
14705,"40,3,0"
14706,"3,0,40"
14707,"3,40,0"
14708,"3,40,0"
14709,"23,3,24"
14710,"0,3,169"
14711,"169,3,40"
14712,"169,3,40"
14713,"0,8"
14714,"169,0,40"
14715,"23,3,31"
14716,"10,0,24"
14717,"3,40,0"
14718,"23,38,40"
14719,"10,64,0"
14720,"3,40"
14721,"23,40,3"
14722,"10,0,23"
14723,"3,40,21"
14724,"0,3,10"
14725,"10,220,3"
14726,"10,0,23"
14727,"23,0,38"
14728,"23,0,10"
14729,"3,40"
14730,"40,3,23"
14731,"0,3,10"
14732,"3,40,169"
14733,"3,40,21"
14734,"10,0,3"
14735,"3,169,0"
14736,"23,24,10"
14737,"23,3,40"
14738,"3,4,0"
14739,"0,3,10"
14740,"10,220,3"
14741,"10,0,3"
14742,"24,3,64"
14743,"40,3,23"
14744,"40,3,131"
14745,"10,64,0"
14746,"3,23,38"
14747,"0,271,265"
14748,"0,40,23"
14749,"3,23,40"
14750,"23,3,40"
14751,"40,3,169"
14752,"40,3,169"
14753,"10,64,0"
14754,"0,3,271"
14755,"40,3,41"
14756,"0,3"
14757,"3,0,40"
14758,"3,40,0"
14759,"40,3,131"
14760,"3,0,40"
14761,"169,40,170"
14762,"3,0,4"
14763,"10,3,23"
14764,"3,169,40"
14765,"3,40,0"
14766,"169,3,40"
14767,"3,40,23"
14768,"40,131,0"
14769,"23,74,38"
14770,"0,3,271"
14771,"0,23,10"
14772,"0,271,265"
14773,"3,40,0"
14774,"3,40,0"
14775,"3,40,21"
14776,"3,0,40"
14777,"169,3,40"
14778,"3,40,0"
14779,"3,40,21"
14780,"0,3,23"
14781,"40,3,0"
14782,"0,3,23"
14783,"3,40,4"
14784,"23,24,10"
14785,"23,40,3"
14786,"3,21,111"
14787,"10,64,11"
14788,"40,0,23"
14789,"10,64,0"
14790,"0,23,3"
14791,"40,3,41"
14792,"23,24,40"
14793,"10,0,23"
14794,"10,64,3"
14795,"40,3,131"
14796,"3,21,30"
14797,"40,23,3"
14798,"40,3,131"
14799,"0,169,3"
14800,"23,38,3"
14801,"169,40,3"
14802,"169,3,199"
14803,"3,21,4"
14804,"23,0,38"
14805,"0,3"
14806,"3,40,21"
14807,"40,3"
14808,"23,24,40"
14809,"3,40,21"
14810,"3,4"
14811,"3,0,40"
14812,"0,3,271"
14813,"3,40,21"
14814,"23,10,24"
14815,"23,0,3"
14816,"3,40,21"
14817,"10,3,0"
14818,"10,3,220"
14819,"23,0,38"
14820,"23,3,40"
14821,"3,40,0"
14822,"40,3,0"
14823,"0,3,40"
14824,"23,169,0"
14825,"3,0,40"
14826,"3,0,4"
14827,"0,3,271"
14828,"3,4,0"
14829,"40,3,23"
14830,"23,3,40"
14831,"3,40,21"
14832,"10,220,0"
14833,"10,0,3"
14834,"0,3,23"
14835,"23,3,40"
14836,"3,0,40"
14837,"40,3"
14838,"23,40,0"
14839,"10,0,220"
14840,"0,23,3"
14841,"3,40,21"
14842,"0,23,3"
14843,"23,3,0"
14844,"3,40,0"
14845,"169,3,199"
14846,"40,23,131"
14847,"3,40"
14848,"40,131,160"
14849,"3,21,4"
14850,"10,220,3"
14851,"3,0,40"
14852,"40,3,23"
14853,"0,3,271"
14854,"10,3,0"
14855,"0,23,26"
14856,"40,0,131"
14857,"0,23,3"
14858,"40,3,41"
14859,"23,24,38"
14860,"40,3,131"
14861,"3,21,40"
14862,"3,40,169"
14863,"3,40,21"
14864,"3,40"
14865,"40,3,131"
14866,"3,40,21"
14867,"3,21,111"
14868,"10,3,23"
14869,"40,3"
14870,"23,0,10"
14871,"10,11,3"
14872,"3,4,0"
14873,"3,0,4"
14874,"10,220,0"
14875,"169,23,0"
14876,"3,40,21"
14877,"3,4,0"
14878,"10,220,0"
14879,"3,21,40"
14880,"3,40"
14881,"0,169,3"
14882,"3,40"
14883,"23,24,10"
14884,"10,3,0"
14885,"3,4,0"
14886,"23,0,3"
14887,"0,23,40"
14888,"23,0,26"
14889,"3,0,40"
14890,"3,23,0"
14891,"10,64,3"
14892,"3,40,21"
14893,"3,0,40"
14894,"23,3,40"
14895,"0,3,265"
14896,"169,3,23"
14897,"40,0,3"
14898,"3,23,40"
14899,"0,3"
14900,"10,23,0"
14901,"23,3,40"
14902,"40,131,3"
14903,"10,0,64"
14904,"40,3,169"
14905,"40,3,169"
14906,"10,23,3"
14907,"40,3,135"
14908,"40,3"
14909,"0,23,38"
14910,"3,40,0"
14911,"40,131,41"
14912,"0,3,271"
14913,"40,23,3"
14914,"0,3,10"
14915,"10,64,0"
14916,"23,0,40"
14917,"3,40,0"
14918,"3,21,40"
14919,"3,40,169"
14920,"23,40,3"
14921,"3,296,40"
14922,"40,3,41"
14923,"23,24,10"
14924,"0,3,23"
14925,"0,271,3"
14926,"3,0,4"
14927,"10,3,0"
14928,"40,131,0"
14929,"3,21,40"
14930,"3,40,169"
14931,"0,23,3"
14932,"23,0,38"
14933,"0,10,3"
14934,"3,169,40"
14935,"169,3,199"
14936,"0,3,40"
14937,"40,3"
14938,"23,3,38"
14939,"3,0,40"
14940,"0,3,271"
14941,"10,220,40"
14942,"3,169,0"
14943,"3,0,40"
14944,"3,21,40"
14945,"40,41,131"
14946,"3,4,0"
14947,"40,23,0"
14948,"0,23,40"
14949,"3,0,40"
14950,"3,40,0"
14951,"3,0,40"
14952,"23,3,0"
14953,"0,3,40"
14954,"3,23,40"
14955,"40,0,3"
14956,"40,3,0"
14957,"40,23,3"
14958,"40,3,23"
14959,"40,23,0"
14960,"3,40,0"
14961,"23,0,38"
14962,"23,0,3"
14963,"0,271,3"
14964,"40,3,0"
14965,"0,23,3"
14966,"169,3,40"
14967,"3,23,0"
14968,"3,23,40"
14969,"3,4,0"
14970,"40,0,131"
14971,"3,40"
14972,"23,0,3"
14973,"23,40,38"
14974,"64,10,3"
14975,"3,169,40"
14976,"0,23,3"
14977,"0,271,3"
14978,"169,3,40"
14979,"10,64,3"
14980,"0,3,23"
14981,"40,131,3"
14982,"3,40,21"
14983,"40,3,41"
14984,"0,3,169"
14985,"0,23,40"
14986,"0,3,40"
14987,"0,40,23"
14988,"3,0,10"
14989,"23,40,24"
14990,"3,21,4"
14991,"23,10,0"
14992,"0,3,271"
14993,"3,4,30"
14994,"3,4"
14995,"3,21,4"
14996,"64,10,3"
14997,"169,3,23"
14998,"23,10,24"
14999,"10,64,3"
15000,"40,3,131"
15001,"3,40,21"
15002,"3,40,169"
15003,"10,11,3"
15004,"0,3,169"
15005,"23,38,74"
15006,"40,3,131"
15007,"23,24,3"
15008,"23,24,10"
15009,"3,40,0"
15010,"3,40,0"
15011,"23,40,0"
15012,"40,0,3"
15013,"3,40"
15014,"10,11,3"
15015,"3,0,4"
15016,"169,170,3"
15017,"3,0,40"
15018,"23,40,24"
15019,"40,169,3"
15020,"23,74,3"
15021,"169,0,3"
15022,"40,3,41"
15023,"64,10,23"
15024,"3,40,0"
15025,"0,23,38"
15026,"3,40,0"
15027,"3,40,21"
15028,"0,3,40"
15029,"40,131,0"
15030,"23,3,40"
15031,"0,3,23"
15032,"3,40"
15033,"3,21,0"
15034,"3,0,40"
15035,"3,40,0"
15036,"3,4,21"
15037,"3,21,40"
15038,"0,3,271"
15039,"0,3,40"
15040,"10,220,3"
15041,"3,23,169"
15042,"10,3,64"
15043,"0,8,23"
15044,"3,40,21"
15045,"3,40,0"
15046,"3,4,111"
15047,"0,23,3"
15048,"40,3,23"
15049,"64,10,3"
15050,"3,40,23"
15051,"3,4"
15052,"3,40,0"
15053,"169,3,23"
15054,"0,3"
15055,"40,3,23"
15056,"0,3,23"
15057,"40,3,0"
15058,"3,40,21"
15059,"0,23,10"
15060,"64,10,3"
15061,"169,23,3"
15062,"3,4,0"
15063,"169,3,23"
15064,"0,10,3"
15065,"169,3,40"
15066,"40,3,131"
15067,"3,21,4"
15068,"3,40,0"
15069,"3,40,21"
15070,"3,0,40"
15071,"3,4,0"
15072,"3,0,40"
15073,"3,40,21"
15074,"3,40,0"
15075,"3,0,40"
15076,"3,21,40"
15077,"23,24,10"
15078,"10,220,0"
15079,"3,40,0"
15080,"23,24,3"
15081,"0,23,3"
15082,"23,24,3"
15083,"40,23,3"
15084,"40,131,3"
15085,"10,23,0"
15086,"10,220,3"
15087,"0,3,265"
15088,"23,74,40"
15089,"23,0,38"
15090,"0,3,40"
15091,"3,4"
15092,"3,40,21"
15093,"40,0,23"
15094,"3,21,40"
15095,"3,169,0"
15096,"40,3,131"
15097,"10,11,3"
15098,"0,3,271"
15099,"0,3,40"
15100,"3,40,21"
15101,"3,40"
15102,"3,40,0"
15103,"3,0,40"
15104,"3,40,4"
15105,"0,3,23"
15106,"23,24,10"
15107,"0,3,169"
15108,"10,0,23"
15109,"23,0,3"
15110,"3,169,0"
15111,"3,40,21"
15112,"3,23,40"
15113,"10,0,23"
15114,"40,3,131"
15115,"40,3"
15116,"3,0,40"
15117,"0,10,3"
15118,"23,10,0"
15119,"0,3,169"
15120,"3,40,21"
15121,"3,0,40"
15122,"0,40,10"
15123,"0,23,3"
15124,"0,40,23"
15125,"3,40"
15126,"3,4"
15127,"10,220,3"
15128,"0,3,10"
15129,"23,0,38"
15130,"40,3,0"
15131,"0,23,10"
15132,"3,64,10"
15133,"3,4"
15134,"3,4,21"
15135,"3,4,0"
15136,"40,23,3"
15137,"3,40,135"
15138,"40,3,0"
15139,"23,40,0"
15140,"0,3,23"
15141,"23,40,0"
15142,"3,0,4"
15143,"23,24,10"
15144,"10,220,11"
15145,"23,3,38"
15146,"3,40"
15147,"0,3,40"
15148,"0,3,40"
15149,"23,24,10"
15150,"40,0,3"
15151,"64,10,24"
15152,"10,220,3"
15153,"3,40,0"
15154,"3,21,111"
15155,"23,3,40"
15156,"3,169,23"
15157,"0,3"
15158,"23,24,3"
15159,"3,21,40"
15160,"23,24,10"
15161,"169,40,3"
15162,"3,0,40"
15163,"0,23,3"
15164,"10,220,3"
15165,"169,0,3"
15166,"3,0"
15167,"3,169,0"
15168,"3,0,4"
15169,"40,3,41"
15170,"23,0,3"
15171,"3,4,0"
15172,"3,4,111"
15173,"23,24,3"
15174,"169,3,40"
15175,"3,40,0"
15176,"3,23,10"
15177,"169,3,199"
15178,"3,40,21"
15179,"23,40,24"
15180,"3,40,21"
15181,"3,21,40"
15182,"10,0,3"
15183,"10,220,0"
15184,"3,0,21"
15185,"169,3,40"
15186,"23,3,38"
15187,"3,23,0"
15188,"0,271,265"
15189,"0,3,40"
15190,"3,4,0"
15191,"0,3,8"
15192,"3,21,111"
15193,"23,0,38"
15194,"3,40,21"
15195,"40,3,0"
15196,"0,3,169"
15197,"3,0,21"
15198,"3,4,0"
15199,"40,131,23"
15200,"40,23,3"
15201,"40,0,3"
15202,"3,0,4"
15203,"23,24,38"
15204,"0,40,23"
15205,"0,3,271"
15206,"3,40,23"
15207,"3,40,0"
15208,"3,21,40"
15209,"0,3"
15210,"10,220,0"
15211,"10,220,3"
15212,"3,40,0"
15213,"3,40,169"
15214,"23,10,0"
15215,"3,40,21"
15216,"0,271,3"
15217,"3,23,40"
15218,"10,3,0"
15219,"40,3,0"
15220,"23,10,24"
15221,"0,3"
15222,"23,24,38"
15223,"0,169,3"
15224,"0,23,26"
15225,"40,3,23"
15226,"40,3,131"
15227,"10,11,3"
15228,"0,23,3"
15229,"40,0,3"
15230,"10,64,24"
15231,"23,0,40"
15232,"0,3,23"
15233,"3,40,0"
15234,"169,3,40"
15235,"10,0,40"
15236,"3,40,21"
15237,"3,40,23"
15238,"3,169,0"
15239,"10,220,0"
15240,"10,23,0"
15241,"0,23,3"
15242,"3,40,169"
15243,"10,0,3"
15244,"3,10,0"
15245,"3,21,40"
15246,"10,64,24"
15247,"0,3,265"
15248,"23,3,0"
15249,"23,3,0"
15250,"3,0,4"
15251,"0,3,169"
15252,"0,10,23"
15253,"23,3,40"
15254,"3,40,0"
15255,"0,3,40"
15256,"0,3,271"
15257,"169,40,3"
15258,"40,131,3"
15259,"40,131,0"
15260,"3,40,21"
15261,"3,40,0"
15262,"40,23,0"
15263,"0,10,3"
15264,"10,220,0"
15265,"23,40,3"
15266,"40,131,3"
15267,"23,3,40"
15268,"40,3,135"
15269,"3,40,0"
15270,"0,3"
15271,"3,40,0"
15272,"3,40,169"
15273,"10,0,11"
15274,"10,3,0"
15275,"0,271,3"
15276,"40,169,0"
15277,"3,40,21"
15278,"40,169,3"
15279,"10,64,3"
15280,"3,4,0"
15281,"3,21,40"
15282,"23,40,3"
15283,"40,23,3"
15284,"3,23,0"
15285,"23,0,38"
15286,"3,40,21"
15287,"169,3,23"
15288,"0,3,169"
15289,"3,4,21"
15290,"10,3,40"
15291,"3,40,21"
15292,"3,40,21"
15293,"3,0,40"
15294,"23,64,24"
15295,"10,64,24"
15296,"10,24,0"
15297,"10,11,0"
15298,"0,3,265"
15299,"3,40,169"
15300,"3,40,21"
15301,"3,40,21"
15302,"3,4,0"
15303,"10,3,0"
15304,"3,23,40"
15305,"40,3"
15306,"40,131,23"
15307,"3,0,23"
15308,"23,24,10"
15309,"10,3,0"
15310,"3,40,23"
15311,"3,40,169"
15312,"3,21,40"
15313,"0,3,169"
15314,"40,131,3"
15315,"169,0,3"
15316,"0,3,271"
15317,"40,3,131"
15318,"3,4,0"
15319,"23,10,0"
15320,"169,3,40"
15321,"0,3,271"
15322,"3,23,40"
15323,"0,3,40"
15324,"0,169,3"
15325,"0,3,265"
15326,"3,169,40"
15327,"0,271,3"
15328,"3,40,21"
15329,"10,23,3"
15330,"0,40,3"
15331,"3,40,0"
15332,"0,3,8"
15333,"169,3,199"
15334,"10,220,0"
15335,"3,21,0"
15336,"40,23,3"
15337,"3,40,0"
15338,"3,21,111"
15339,"40,3,23"
15340,"0,3,265"
15341,"0,3,23"
15342,"3,40,21"
15343,"3,23,40"
15344,"0,8,23"
15345,"3,0,40"
15346,"10,3,40"
15347,"3,40,23"
15348,"3,0,40"
15349,"3,169,40"
15350,"3,4,0"
15351,"0,271,3"
15352,"3,169,170"
15353,"10,64,3"
15354,"40,23,0"
15355,"10,0,3"
15356,"23,0,3"
15357,"0,23,3"
15358,"23,0,10"
15359,"40,131,3"
15360,"10,0,3"
15361,"3,0,40"
15362,"3,40,0"
15363,"3,40,21"
15364,"23,0,40"
15365,"10,64,3"
15366,"40,0,3"
15367,"23,3,40"
15368,"40,131,3"
15369,"10,0,3"
15370,"40,23,131"
15371,"3,40,21"
15372,"169,3,23"
15373,"3,40"
15374,"3,40,21"
15375,"23,10,3"
15376,"23,24,40"
15377,"40,3,0"
15378,"0,3,10"
15379,"23,0,40"
15380,"0,23,3"
15381,"3,0"
15382,"0,3,271"
15383,"3,38,0"
15384,"3,40,0"
15385,"3,0,40"
15386,"169,3,199"
15387,"64,3,10"
15388,"40,0,3"
15389,"40,3,23"
15390,"3,4,0"
15391,"0,3,23"
15392,"3,4,21"
15393,"3,40,21"
15394,"3,0,23"
15395,"3,40,21"
15396,"40,23,0"
15397,"40,3"
15398,"10,220,0"
15399,"10,0,220"
15400,"23,3,40"
15401,"0,271,3"
15402,"23,10,64"
15403,"0,3,169"
15404,"40,0,3"
15405,"10,64,3"
15406,"3,40,0"
15407,"3,23,40"
15408,"0,3,23"
15409,"3,38,23"
15410,"3,21,111"
15411,"3,0,40"
15412,"0,271,265"
15413,"3,0"
15414,"3,40,0"
15415,"3,0,23"
15416,"23,3,40"
15417,"40,3,131"
15418,"10,220,0"
15419,"3,0,40"
15420,"0,271,3"
15421,"23,3,40"
15422,"40,23,38"
15423,"0,3,8"
15424,"0,40,3"
15425,"0,271,265"
15426,"0,3,271"
15427,"169,3,40"
15428,"40,3,131"
15429,"0,3,40"
15430,"23,24,10"
15431,"23,24,10"
15432,"3,40,21"
15433,"23,3,40"
15434,"64,10,3"
15435,"10,23,24"
15436,"3,40"
15437,"3,4,21"
15438,"10,0,220"
15439,"3,0,40"
15440,"0,23,26"
15441,"10,3,0"
15442,"23,3,40"
15443,"23,0,40"
15444,"10,64,24"
15445,"3,40,21"
15446,"23,40,0"
15447,"3,40"
15448,"3,40,0"
15449,"23,0,3"
15450,"169,40,3"
15451,"40,3,41"
15452,"40,3,41"
15453,"169,0,3"
15454,"3,0"
15455,"3,21,40"
15456,"3,21,30"
15457,"40,0,23"
15458,"3,4,21"
15459,"40,135,3"
15460,"23,10,0"
15461,"0,3,40"
15462,"3,21,40"
15463,"3,40,21"
15464,"10,0,23"
15465,"3,40,21"
15466,"0,169,3"
15467,"0,3"
15468,"40,0,3"
15469,"3,40,21"
15470,"10,23,24"
15471,"0,3"
15472,"0,23,40"
15473,"40,23,131"
15474,"10,3,0"
15475,"3,40,0"
15476,"40,3"
15477,"10,11,3"
15478,"169,3,23"
15479,"3,23,10"
15480,"3,0,10"
15481,"169,3,23"
15482,"0,40,3"
15483,"169,3,0"
15484,"3,0,40"
15485,"23,0,40"
15486,"23,38,40"
15487,"0,3,40"
15488,"3,40,0"
15489,"3,40,0"
15490,"0,3,169"
15491,"0,23,3"
15492,"169,3,0"
15493,"3,40,21"
15494,"3,4,0"
15495,"23,3,24"
15496,"169,40,3"
15497,"169,3,40"
15498,"0,271,3"
15499,"3,0,40"
15500,"0,271,265"
15501,"3,0,4"
15502,"64,10,24"
15503,"40,0,3"
15504,"23,10,3"
15505,"40,3,41"
15506,"169,0,3"
15507,"3,40,0"
15508,"3,40,21"
15509,"0,23,10"
15510,"3,23,38"
15511,"0,271,23"
15512,"10,0,64"
15513,"3,4,21"
15514,"169,3,40"
15515,"23,40,24"
15516,"40,3,23"
15517,"23,3,0"
15518,"0,10,3"
15519,"40,169,3"
15520,"3,23,40"
15521,"40,3,131"
15522,"3,23,10"
15523,"3,0,40"
15524,"0,3,40"
15525,"3,40"
15526,"40,3,169"
15527,"3,40,21"
15528,"3,23,24"
15529,"0,271,265"
15530,"3,21,111"
15531,"40,3,131"
15532,"3,0,21"
15533,"169,0,3"
15534,"64,10,3"
15535,"3,4,111"
15536,"40,0,3"
15537,"40,131,41"
15538,"3,23,38"
15539,"10,11,3"
15540,"3,169,40"
15541,"23,0,38"
15542,"23,40,0"
15543,"23,0,40"
15544,"3,0,4"
15545,"10,64,3"
15546,"3,40,0"
15547,"23,24,10"
15548,"3,40,21"
15549,"3,40,21"
15550,"10,3,64"
15551,"3,40"
15552,"23,24,3"
15553,"23,0,3"
15554,"10,0,3"
15555,"0,3,40"
15556,"3,64,10"
15557,"3,40,21"
15558,"3,4,111"
15559,"23,3,40"
15560,"3,21,0"
15561,"10,220,0"
15562,"3,21,40"
15563,"40,131,0"
15564,"3,0,40"
15565,"3,4,0"
15566,"3,40,21"
15567,"23,24,10"
15568,"23,3,24"
15569,"24,23,10"
15570,"40,169,3"
15571,"3,0,40"
15572,"10,64,23"
15573,"3,40,21"
15574,"169,0,3"
15575,"0,8,3"
15576,"3,40,0"
15577,"23,24,3"
15578,"64,10,3"
15579,"169,3,40"
15580,"0,3,23"
15581,"3,0,40"
15582,"40,3,23"
15583,"0,8,3"
15584,"0,3"
15585,"10,220,0"
15586,"3,0,4"
15587,"10,64,0"
15588,"169,3,40"
15589,"169,40,170"
15590,"40,23,3"
15591,"23,40,3"
15592,"64,10,3"
15593,"0,23,40"
15594,"3,40,0"
15595,"10,40,3"
15596,"0,10,24"
15597,"3,21,40"
15598,"40,3,131"
15599,"0,3,271"
15600,"3,40,21"
15601,"3,21,111"
15602,"23,0,3"
15603,"23,40,3"
15604,"0,3,40"
15605,"0,40,23"
15606,"3,40,21"
15607,"169,3,40"
15608,"0,3,8"
15609,"40,131,3"
15610,"3,40,21"
15611,"3,40,0"
15612,"23,38,40"
15613,"3,40,23"
15614,"3,0,10"
15615,"10,0,3"
15616,"23,74,38"
15617,"40,0,3"
15618,"10,64,24"
15619,"64,10,3"
15620,"64,10,0"
15621,"3,40,21"
15622,"40,0,23"
15623,"40,3"
15624,"169,3,40"
15625,"0,40,3"
15626,"3,40,21"
15627,"0,3,23"
15628,"3,169,0"
15629,"3,4,0"
15630,"3,21,40"
15631,"40,3,0"
15632,"0,3,23"
15633,"169,3,170"
15634,"3,21,0"
15635,"3,0"
15636,"64,10,23"
15637,"40,3,0"
15638,"10,23,40"
15639,"40,3,0"
15640,"0,3,271"
15641,"10,0,3"
15642,"0,3,10"
15643,"40,3"
15644,"40,3,41"
15645,"23,40,3"
15646,"0,3,40"
15647,"0,3,40"
15648,"3,21,111"
15649,"3,40,0"
15650,"0,3"
15651,"3,0,23"
15652,"169,0,3"
15653,"10,0,64"
15654,"3,40,21"
15655,"3,40,21"
15656,"3,0,40"
15657,"40,131,3"
15658,"64,3,40"
15659,"0,40,3"
15660,"0,271,3"
15661,"3,40,21"
15662,"23,0,38"
15663,"23,0,3"
15664,"0,3"
15665,"169,40,3"
15666,"3,40,21"
15667,"3,40,0"
15668,"40,23,3"
15669,"23,0,169"
15670,"3,23,38"
15671,"0,271,3"
15672,"10,0,23"
15673,"10,220,0"
15674,"10,0,3"
15675,"3,0,40"
15676,"0,3,271"
15677,"0,3,40"
15678,"40,3,23"
15679,"23,0,3"
15680,"40,3,23"
15681,"40,3,169"
15682,"0,271,265"
15683,"0,3,271"
15684,"3,40,21"
15685,"3,21,40"
15686,"23,24,10"
15687,"169,0,23"
15688,"3,40,21"
15689,"23,0,24"
15690,"0,23,40"
15691,"40,3"
15692,"40,23,131"
15693,"10,3,23"
15694,"169,3,199"
15695,"0,3,265"
15696,"3,4"
15697,"3,0,40"
15698,"23,3,24"
15699,"23,40,3"
15700,"3,10,64"
15701,"23,40,3"
15702,"0,3,8"
15703,"169,40,3"
15704,"3,4,0"
15705,"3,21,40"
15706,"3,21,40"
15707,"3,0,40"
15708,"3,40"
15709,"0,40,3"
15710,"3,0,40"
15711,"3,4,111"
15712,"40,0,3"
15713,"3,4,0"
15714,"40,0,3"
15715,"3,169,40"
15716,"40,131,3"
15717,"23,24,3"
15718,"0,169,3"
15719,"40,3,23"
15720,"10,0,3"
15721,"3,4,111"
15722,"3,40,0"
15723,"3,40,21"
15724,"3,0,40"
15725,"0,3,23"
15726,"3,0,23"
15727,"3,23,0"
15728,"169,3,23"
15729,"40,0,3"
15730,"40,3,169"
15731,"3,21,4"
15732,"0,3,271"
15733,"0,23,3"
15734,"3,40,21"
15735,"3,40,0"
15736,"23,3,40"
15737,"0,3,271"
15738,"23,24,40"
15739,"40,0,23"
15740,"23,24,3"
15741,"0,23,3"
15742,"0,3,40"
15743,"3,0"
15744,"23,3,40"
15745,"0,23,40"
15746,"10,3,11"
15747,"10,3,0"
15748,"23,10,24"
15749,"0,3,40"
15750,"3,0,40"
15751,"3,40,21"
15752,"23,3,0"
15753,"0,3,8"
15754,"3,0,40"
15755,"3,4"
15756,"3,4,111"
15757,"23,0,10"
15758,"40,131,3"
15759,"23,3,10"
15760,"23,10,3"
15761,"23,40,38"
15762,"0,23,26"
15763,"40,3,23"
15764,"3,40,21"
15765,"169,23,3"
15766,"3,40,21"
15767,"3,40,0"
15768,"23,3,0"
15769,"3,40,21"
15770,"3,21,40"
15771,"169,3,40"
15772,"3,23,38"
15773,"169,3,40"
15774,"0,3,271"
15775,"0,3,40"
15776,"0,3,8"
15777,"40,3,41"
15778,"10,0,3"
15779,"23,24,10"
15780,"169,40,170"
15781,"3,0,40"
15782,"0,3"
15783,"10,64,24"
15784,"3,4,21"
15785,"0,40,23"
15786,"23,0,3"
15787,"23,40,24"
15788,"3,0,40"
15789,"10,3,11"
15790,"64,10,3"
15791,"169,40,3"
15792,"3,4,21"
15793,"10,40,0"
15794,"0,3,10"
15795,"10,220,3"
15796,"3,21,4"
15797,"3,21,40"
15798,"3,4,0"
15799,"0,3,40"
15800,"10,220,3"
15801,"3,40"
15802,"3,40,21"
15803,"169,3,40"
15804,"3,40,0"
15805,"3,4,0"
15806,"3,0"
15807,"0,271,3"
15808,"3,0,40"
15809,"169,3,40"
15810,"10,40,23"
15811,"40,23,0"
15812,"3,40"
15813,"10,220,3"
15814,"3,40"
15815,"3,40,21"
15816,"169,3,40"
15817,"23,3,40"
15818,"0,40,3"
15819,"0,3,40"
15820,"10,3,0"
15821,"3,0,4"
15822,"23,3,0"
15823,"10,23,3"
15824,"169,3,23"
15825,"40,131,0"
15826,"23,10,0"
15827,"23,0,3"
15828,"169,0,23"
15829,"0,3"
15830,"3,21,111"
15831,"3,0,40"
15832,"3,40,21"
15833,"10,0,40"
15834,"10,23,0"
15835,"3,40,0"
15836,"23,0,40"
15837,"23,38,0"
15838,"40,131,3"
15839,"10,64,3"
15840,"3,169,23"
15841,"40,3,169"
15842,"3,169,40"
15843,"0,64,10"
15844,"3,0,40"
15845,"64,10,23"
15846,"10,0,3"
15847,"23,0,10"
15848,"10,64,11"
15849,"23,0,38"
15850,"3,23,40"
15851,"23,40,3"
15852,"3,40,0"
15853,"23,24,3"
15854,"169,0,3"
15855,"23,3,40"
15856,"40,3,0"
15857,"3,4,0"
15858,"3,0,21"
15859,"0,23,3"
15860,"0,23,40"
15861,"0,8,23"
15862,"23,24,10"
15863,"3,4,0"
15864,"10,0,3"
15865,"23,40,3"
15866,"0,3"
15867,"3,0,40"
15868,"0,3,40"
15869,"10,3,11"
15870,"40,3,0"
15871,"23,24,3"
15872,"0,23,3"
15873,"3,21,40"
15874,"0,3,271"
15875,"40,23,3"
15876,"0,3,23"
15877,"3,10,64"
15878,"23,40,24"
15879,"3,40,21"
15880,"40,3,23"
15881,"3,4,0"
15882,"0,3,265"
15883,"23,10,24"
15884,"23,24,40"
15885,"3,0,21"
15886,"23,0,40"
15887,"40,3,23"
15888,"3,23,10"
15889,"0,3,271"
15890,"3,21,4"
15891,"40,3,41"
15892,"3,4"
15893,"3,169,40"
15894,"0,3,10"
15895,"3,4"
15896,"3,40"
15897,"40,0,3"
15898,"0,3,40"
15899,"10,23,40"
15900,"23,0,26"
15901,"0,3,271"
15902,"0,10,3"
15903,"10,220,3"
15904,"0,3"
15905,"3,0,40"
15906,"23,0,3"
15907,"169,3,40"
15908,"3,40,21"
15909,"3,40,21"
15910,"23,0,38"
15911,"40,3,0"
15912,"0,3,10"
15913,"169,199,170"
15914,"3,40,0"
15915,"3,40,0"
15916,"40,3"
15917,"40,131,0"
15918,"0,271,3"
15919,"40,3,135"
15920,"0,3,8"
15921,"3,21,111"
15922,"10,64,24"
15923,"10,220,3"
15924,"10,220,0"
15925,"64,3,10"
15926,"40,131,0"
15927,"0,8,3"
15928,"3,40,0"
15929,"3,169,40"
15930,"10,3,64"
15931,"0,23,3"
15932,"3,40,21"
15933,"3,0,40"
15934,"23,40,24"
15935,"3,169,40"
15936,"23,10,3"
15937,"3,0,40"
15938,"0,10,3"
15939,"3,169,0"
15940,"169,3,0"
15941,"23,74,38"
15942,"40,131,0"
15943,"0,3,10"
15944,"169,23,3"
15945,"23,0,3"
15946,"3,0,40"
15947,"23,24,10"
15948,"23,3,40"
15949,"3,40,21"
15950,"0,169,3"
15951,"10,220,3"
15952,"40,3"
15953,"0,3,10"
15954,"0,40,10"
15955,"10,23,0"
15956,"3,40,21"
15957,"0,3,271"
15958,"40,23,3"
15959,"3,4,111"
15960,"3,40"
15961,"3,40,0"
15962,"0,3"
15963,"3,40,0"
15964,"3,4,0"
15965,"40,23,3"
15966,"3,21,40"
15967,"64,10,3"
15968,"0,3"
15969,"0,3,40"
15970,"40,23,0"
15971,"3,4,21"
15972,"3,169,0"
15973,"10,23,0"
15974,"10,220,0"
15975,"3,10,64"
15976,"23,3,24"
15977,"0,3,10"
15978,"3,4,0"
15979,"3,40,21"
15980,"0,10,23"
15981,"0,10,3"
15982,"0,3,271"
15983,"10,23,3"
15984,"0,271,3"
15985,"3,40,21"
15986,"10,220,0"
15987,"23,40,38"
15988,"3,0"
15989,"3,40,23"
15990,"3,40,21"
15991,"10,220,0"
15992,"40,3,0"
15993,"23,0,38"
15994,"10,23,24"
15995,"40,3,169"
15996,"10,0,3"
15997,"0,23,40"
15998,"3,40,21"
15999,"169,23,3"
16000,"40,3,41"
16001,"40,23,0"
16002,"10,0,64"
16003,"3,4,111"
16004,"0,40,10"
16005,"3,169,40"
16006,"23,24,10"
16007,"40,3"
16008,"0,169,3"
16009,"3,0,23"
16010,"0,3,40"
16011,"40,23,38"
16012,"3,40"
16013,"3,4,0"
16014,"3,4,21"
16015,"3,40,23"
16016,"0,3,271"
16017,"10,23,24"
16018,"40,3,131"
16019,"3,40"
16020,"169,40,3"
16021,"3,40,0"
16022,"3,40,21"
16023,"3,23,0"
16024,"169,3,40"
16025,"0,23,10"
16026,"10,220,0"
16027,"3,0,40"
16028,"3,40,21"
16029,"3,21,40"
16030,"64,10,40"
16031,"3,40,21"
16032,"10,64,0"
16033,"3,0,4"
16034,"0,271,265"
16035,"10,3,0"
16036,"0,3"
16037,"3,23,40"
16038,"0,3,10"
16039,"3,40"
16040,"0,3,40"
16041,"0,40,3"
16042,"3,40,0"
16043,"0,8,3"
16044,"3,21,0"
16045,"3,23,40"
16046,"3,40,0"
16047,"10,0,40"
16048,"3,4,21"
16049,"3,40"
16050,"10,0,23"
16051,"23,3,0"
16052,"3,40,135"
16053,"40,131,0"
16054,"3,23,0"
16055,"3,40,21"
16056,"169,23,3"
16057,"23,0,38"
16058,"40,3,0"
16059,"0,8,3"
16060,"0,23,10"
16061,"0,23,3"
16062,"3,4,111"
16063,"3,64,23"
16064,"3,40,21"
16065,"3,0,40"
16066,"3,40,0"
16067,"0,271,265"
16068,"3,21,40"
16069,"40,3,0"
16070,"0,3,40"
16071,"3,0,40"
16072,"3,10,40"
16073,"169,3,0"
16074,"3,40,23"
16075,"40,23,3"
16076,"40,3,41"
16077,"40,3,41"
16078,"0,3,40"
16079,"3,169,40"
16080,"0,3,271"
16081,"3,4,111"
16082,"0,23,26"
16083,"3,21,111"
16084,"10,0,3"
16085,"3,40,21"
16086,"3,21,40"
16087,"3,40,169"
16088,"40,3,131"
16089,"3,23,40"
16090,"3,40,38"
16091,"10,64,3"
16092,"3,4,0"
16093,"10,0,40"
16094,"0,23,38"
16095,"3,4,21"
16096,"0,3,8"
16097,"169,3,64"
16098,"23,0,3"
16099,"3,4,111"
16100,"0,271,265"
16101,"23,0,3"
16102,"0,3,8"
16103,"10,64,24"
16104,"3,0,40"
16105,"3,0,40"
16106,"3,23,38"
16107,"3,0,4"
16108,"10,3,220"
16109,"3,0,40"
16110,"23,0,3"
16111,"3,40,21"
16112,"0,271,265"
16113,"10,0,3"
16114,"3,40,21"
16115,"0,8,3"
16116,"10,220,0"
16117,"10,64,0"
16118,"10,0,3"
16119,"3,23,40"
16120,"40,3,131"
16121,"3,0,23"
16122,"3,40"
16123,"3,40,0"
16124,"0,3,40"
16125,"3,40,21"
16126,"0,271,265"
16127,"3,169,40"
16128,"23,40,3"
16129,"169,3,40"
16130,"0,10,3"
16131,"23,24,10"
16132,"0,3,23"
16133,"3,4,0"
16134,"0,271,265"
16135,"3,40,169"
16136,"40,3,0"
16137,"10,220,3"
16138,"3,40,21"
16139,"10,11,0"
16140,"3,40,21"
16141,"23,24,40"
16142,"23,0,3"
16143,"0,3,40"
16144,"0,271,265"
16145,"40,131,3"
16146,"10,0,220"
16147,"3,40,23"
16148,"23,24,3"
16149,"10,0,3"
16150,"23,10,24"
16151,"3,21,4"
16152,"24,23,10"
16153,"169,23,3"
16154,"0,23,40"
16155,"3,4,111"
16156,"3,40,21"
16157,"3,0,40"
16158,"10,0,3"
16159,"3,40,0"
16160,"3,40,21"
16161,"10,3,220"
16162,"3,40,0"
16163,"23,0,38"
16164,"3,40,0"
16165,"0,3,8"
16166,"10,64,3"
16167,"3,40,0"
16168,"3,4,0"
16169,"10,64,0"
16170,"0,10,3"
16171,"0,23,26"
16172,"3,0,40"
16173,"0,3,8"
16174,"3,40,21"
16175,"3,169,40"
16176,"0,3,271"
16177,"3,21,4"
16178,"3,0,40"
16179,"0,3,23"
16180,"3,0,10"
16181,"3,40,0"
16182,"3,40,0"
16183,"0,3,169"
16184,"23,24,10"
16185,"10,64,3"
16186,"3,4,111"
16187,"169,23,3"
16188,"23,10,24"
16189,"3,21,4"
16190,"23,0,40"
16191,"10,64,11"
16192,"10,0,3"
16193,"3,10,0"
16194,"0,3,10"
16195,"3,40,0"
16196,"40,3,0"
16197,"3,0,40"
16198,"3,40,21"
16199,"23,10,24"
16200,"23,3,38"
16201,"10,64,0"
16202,"3,169,23"
16203,"3,40,0"
16204,"3,40,21"
16205,"0,271,265"
16206,"40,23,3"
16207,"3,0,40"
16208,"10,3,11"
16209,"3,4,21"
16210,"3,0,40"
16211,"3,0"
16212,"3,4,0"
16213,"169,3,0"
16214,"169,3,23"
16215,"10,0,3"
16216,"23,3,38"
16217,"3,40,21"
16218,"10,40,0"
16219,"3,21,4"
16220,"0,3,40"
16221,"3,21,0"
16222,"40,23,24"
16223,"3,4,21"
16224,"40,23,3"
16225,"3,40"
16226,"40,131,3"
16227,"0,8,3"
16228,"3,0,40"
16229,"23,40,0"
16230,"3,40,0"
16231,"23,3,24"
16232,"3,0,40"
16233,"23,10,0"
16234,"10,64,11"
16235,"40,23,3"
16236,"23,24,3"
16237,"10,64,24"
16238,"3,10,40"
16239,"3,40,169"
16240,"3,169,40"
16241,"3,4,111"
16242,"169,23,64"
16243,"0,169,3"
16244,"169,3,23"
16245,"3,40,0"
16246,"10,23,0"
16247,"3,40,21"
16248,"169,3,40"
16249,"40,23,3"
16250,"10,220,3"
16251,"0,3,8"
16252,"40,3"
16253,"3,21,0"
16254,"3,4,111"
16255,"169,3,23"
16256,"3,4,21"
16257,"10,23,3"
16258,"3,40,169"
16259,"3,40,21"
16260,"0,3,271"
16261,"3,40,0"
16262,"0,3,10"
16263,"3,40,21"
16264,"169,3,40"
16265,"10,64,0"
16266,"0,3"
16267,"3,169,21"
16268,"0,3"
16269,"169,3,23"
16270,"23,0,3"
16271,"40,3,131"
16272,"23,0,10"
16273,"64,10,3"
16274,"3,4,0"
16275,"3,169,0"
16276,"3,4,21"
16277,"3,4,111"
16278,"0,3,271"
16279,"40,3,41"
16280,"10,23,3"
16281,"3,0,4"
16282,"23,3,0"
16283,"0,3,40"
16284,"3,40,21"
16285,"40,23,3"
16286,"40,3,0"
16287,"40,23,3"
16288,"3,0,21"
16289,"24,23,3"
16290,"10,3,64"
16291,"169,3,23"
16292,"23,10,3"
16293,"40,3,0"
16294,"169,3,64"
16295,"23,0,38"
16296,"10,0,40"
16297,"0,40,10"
16298,"40,23,3"
16299,"40,131,0"
16300,"3,40"
16301,"40,3"
16302,"10,64,24"
16303,"0,10,3"
16304,"0,3"
16305,"40,131,160"
16306,"0,3"
16307,"3,40,0"
16308,"0,23,3"
16309,"3,40,21"
16310,"3,21,40"
16311,"10,3,0"
16312,"3,40,21"
16313,"23,3,10"
16314,"3,4,0"
16315,"10,64,24"
16316,"3,40,21"
16317,"10,3,11"
16318,"23,10,3"
16319,"64,10,3"
16320,"0,23,3"
16321,"40,0,23"
16322,"23,24,3"
16323,"0,271,265"
16324,"3,40,0"
16325,"3,4,21"
16326,"0,3,40"
16327,"0,23,38"
16328,"3,21,4"
16329,"3,4,111"
16330,"0,23,3"
16331,"40,3,135"
16332,"40,3,131"
16333,"23,0,10"
16334,"169,3,199"
16335,"23,0,3"
16336,"3,40,21"
16337,"0,3"
16338,"0,8,3"
16339,"3,21,4"
16340,"3,0,40"
16341,"10,3,0"
16342,"0,3"
16343,"0,23,3"
16344,"40,3,41"
16345,"40,3,41"
16346,"3,40,0"
16347,"40,10,23"
16348,"40,131,3"
16349,"64,3,10"
16350,"0,3,10"
16351,"23,3,0"
16352,"23,3,10"
16353,"3,0,40"
16354,"64,10,24"
16355,"0,3,40"
16356,"10,220,0"
16357,"0,3,169"
16358,"40,131,3"
16359,"3,23,40"
16360,"3,4,0"
16361,"10,64,24"
16362,"40,3,131"
16363,"3,4,0"
16364,"10,220,0"
16365,"10,220,3"
16366,"3,40,21"
16367,"0,3,10"
16368,"3,40,21"
16369,"23,24,10"
16370,"40,3"
16371,"3,23,0"
16372,"169,3,40"
16373,"0,3,40"
16374,"0,3,169"
16375,"169,40,3"
16376,"3,0,23"
16377,"3,0,40"
16378,"23,40,0"
16379,"0,169,271"
16380,"40,3,41"
16381,"23,0,38"
16382,"3,4,111"
16383,"3,21,40"
16384,"0,40,3"
16385,"23,3,24"
16386,"23,3,38"
16387,"23,0,38"
16388,"169,3,40"
16389,"3,0,169"
16390,"10,0,64"
16391,"10,0,64"
16392,"3,23,40"
16393,"40,3,0"
16394,"3,40,0"
16395,"40,3,131"
16396,"3,4,40"
16397,"0,10,23"
16398,"0,10,23"
16399,"0,271,265"
16400,"3,0"
16401,"64,10,3"
16402,"40,0,3"
16403,"3,40,169"
16404,"3,40,21"
16405,"40,3,41"
16406,"23,40,38"
16407,"10,64,23"
16408,"0,3,8"
16409,"0,23,26"
16410,"0,3,8"
16411,"3,40,21"
16412,"10,0,220"
16413,"0,23,38"
16414,"23,0,3"
16415,"0,3,23"
16416,"169,23,0"
16417,"3,40,21"
16418,"3,4,111"
16419,"0,23,8"
16420,"3,40,0"
16421,"40,3,131"
16422,"3,40,0"
16423,"3,23,0"
16424,"3,40,21"
16425,"10,220,3"
16426,"0,3,40"
16427,"3,4,111"
16428,"3,0,40"
16429,"23,38,40"
16430,"3,4,30"
16431,"10,0,23"
16432,"40,3,135"
16433,"40,10,3"
16434,"40,3,41"
16435,"3,4,21"
16436,"0,3,10"
16437,"40,23,0"
16438,"3,0,40"
16439,"10,0,40"
16440,"23,74,38"
16441,"23,0,10"
16442,"23,0,26"
16443,"10,0,24"
16444,"3,40,0"
16445,"169,3,40"
16446,"3,4,40"
16447,"23,10,0"
16448,"10,0,3"
16449,"23,0,3"
16450,"10,11,0"
16451,"3,40,0"
16452,"3,4"
16453,"40,3"
16454,"40,23,3"
16455,"3,40,21"
16456,"3,21,0"
16457,"40,0,3"
16458,"23,24,10"
16459,"3,23,0"
16460,"10,0,3"
16461,"3,0,40"
16462,"3,169,40"
16463,"10,23,0"
16464,"10,64,0"
16465,"3,0,40"
16466,"40,23,0"
16467,"40,3,0"
16468,"0,3,40"
16469,"40,3,0"
16470,"0,23,40"
16471,"0,23,26"
16472,"3,40,0"
16473,"23,0,10"
16474,"3,4,0"
16475,"40,3"
16476,"0,3,23"
16477,"23,40,3"
16478,"40,23,0"
16479,"40,169,3"
16480,"3,40,0"
16481,"23,24,10"
16482,"40,3,0"
16483,"3,40"
16484,"3,40,169"
16485,"3,40,169"
16486,"3,169,40"
16487,"169,3,40"
16488,"3,40,23"
16489,"40,23,38"
16490,"0,8,3"
16491,"10,64,3"
16492,"3,21,40"
16493,"23,169,3"
16494,"169,3,199"
16495,"3,40,169"
16496,"3,21,40"
16497,"3,21,40"
16498,"3,40,21"
16499,"40,3,0"
16500,"0,271,265"
16501,"23,24,64"
16502,"40,3"
16503,"10,64,3"
16504,"23,40,10"
16505,"3,40,21"
16506,"10,3,11"
16507,"3,0,23"
16508,"3,4,111"
16509,"3,21,111"
16510,"0,169,3"
16511,"23,24,10"
16512,"10,220,3"
16513,"169,3,23"
16514,"3,40,0"
16515,"23,3,24"
16516,"0,40,3"
16517,"3,40,21"
16518,"10,3,11"
16519,"40,3,23"
16520,"40,3"
16521,"3,40"
16522,"3,0,40"
16523,"3,0,40"
16524,"169,0,3"
16525,"10,3,11"
16526,"3,169,40"
16527,"0,169,3"
16528,"0,3"
16529,"23,24,3"
16530,"10,3,11"
16531,"0,3,10"
16532,"3,40,0"
16533,"0,10,3"
16534,"10,220,3"
16535,"0,271,265"
16536,"3,40,21"
16537,"3,40"
16538,"3,4,0"
16539,"3,23,38"
16540,"40,3,131"
16541,"10,3,0"
16542,"3,169,40"
16543,"0,23,3"
16544,"3,40,0"
16545,"3,23,0"
16546,"10,64,24"
16547,"169,40,3"
16548,"0,3,40"
16549,"0,3,23"
16550,"40,0,3"
16551,"3,40,0"
16552,"23,40,3"
16553,"0,169,40"
16554,"3,40,21"
16555,"40,23,38"
16556,"0,3,271"
16557,"10,11,3"
16558,"23,0,24"
16559,"3,40,0"
16560,"40,131,0"
16561,"23,24,40"
16562,"169,40,3"
16563,"0,3,23"
16564,"3,40,21"
16565,"40,3,135"
16566,"3,40,0"
16567,"0,3,169"
16568,"23,3,0"
16569,"0,3,40"
16570,"10,0,3"
16571,"10,220,0"
16572,"3,40,0"
16573,"3,0,23"
16574,"0,3,271"
16575,"10,220,0"
16576,"23,0,40"
16577,"169,3,0"
16578,"23,10,0"
16579,"3,40,169"
16580,"10,220,3"
16581,"23,0,38"
16582,"0,3,265"
16583,"40,23,0"
16584,"3,0,40"
16585,"40,23,38"
16586,"23,3,10"
16587,"23,3,40"
16588,"23,10,3"
16589,"0,271,265"
16590,"0,3,40"
16591,"10,23,0"
16592,"3,40"
16593,"23,3,40"
16594,"169,23,3"
16595,"3,40,0"
16596,"0,3,265"
16597,"0,23,40"
16598,"3,21,40"
16599,"23,0,10"
16600,"40,3,0"
16601,"23,0,40"
16602,"23,40,0"
16603,"40,23,131"
16604,"3,21,40"
16605,"3,40"
16606,"40,23,131"
16607,"23,24,10"
16608,"23,40,3"
16609,"10,64,3"
16610,"169,3,40"
16611,"0,3,40"
16612,"3,40"
16613,"23,40,3"
16614,"3,4,0"
16615,"40,3,131"
16616,"3,40,23"
16617,"10,64,23"
16618,"23,0,38"
16619,"0,40,3"
16620,"40,3,41"
16621,"10,64,3"
16622,"40,23,3"
16623,"23,0,24"
16624,"169,3,0"
16625,"23,0,40"
16626,"3,40,23"
16627,"3,21,4"
16628,"10,220,0"
16629,"3,40,0"
16630,"40,23,3"
16631,"24,23,64"
16632,"0,23,3"
16633,"0,271,265"
16634,"3,40,0"
16635,"3,40"
16636,"23,40,38"
16637,"23,0,38"
16638,"40,3,41"
16639,"3,0,4"
16640,"40,3,41"
16641,"3,4,21"
16642,"40,41,3"
16643,"3,40,21"
16644,"10,220,0"
16645,"169,3,40"
16646,"0,3,271"
16647,"40,3,23"
16648,"23,0,26"
16649,"40,131,3"
16650,"3,40"
16651,"40,3,41"
16652,"0,3,271"
16653,"0,23,3"
16654,"0,3,23"
16655,"23,3,40"
16656,"3,40,21"
16657,"3,0,23"
16658,"0,3,40"
16659,"3,4"
16660,"40,3"
16661,"0,3,265"
16662,"40,131,0"
16663,"0,3,271"
16664,"169,0,40"
16665,"23,3,40"
16666,"40,3"
16667,"40,3,0"
16668,"3,23,40"
16669,"3,40,21"
16670,"0,3,8"
16671,"40,131,0"
16672,"0,23,26"
16673,"10,3,0"
16674,"23,38,0"
16675,"64,10,3"
16676,"0,3"
16677,"3,21,40"
16678,"23,0,3"
16679,"0,3,40"
16680,"64,10,3"
16681,"40,38,23"
16682,"3,40,21"
16683,"0,3,265"
16684,"0,3"
16685,"3,40"
16686,"0,3,10"
16687,"3,4,0"
16688,"23,74,38"
16689,"3,23,38"
16690,"40,131,23"
16691,"10,64,0"
16692,"23,40,0"
16693,"3,40,21"
16694,"10,0,40"
16695,"10,0,3"
16696,"0,3,10"
16697,"23,3,24"
16698,"3,40,0"
16699,"10,23,24"
16700,"0,23,3"
16701,"23,3,40"
16702,"3,40,0"
16703,"3,0,40"
16704,"10,220,3"
16705,"40,3"
16706,"3,169,40"
16707,"3,40,0"
16708,"40,3,23"
16709,"3,40,169"
16710,"3,40,0"
16711,"40,0,23"
16712,"3,40,21"
16713,"169,3,170"
16714,"23,24,38"
16715,"10,3,64"
16716,"10,40,23"
16717,"3,4,0"
16718,"23,0,38"
16719,"10,64,24"
16720,"10,64,23"
16721,"0,3,40"
16722,"169,40,3"
16723,"40,3,0"
16724,"0,3,40"
16725,"169,0,40"
16726,"3,23,40"
16727,"3,169,40"
16728,"169,0,40"
16729,"0,3,40"
16730,"10,3,0"
16731,"23,169,0"
16732,"3,0,40"
16733,"23,10,0"
16734,"0,40,3"
16735,"3,4,0"
16736,"40,3,41"
16737,"3,40,0"
16738,"3,169,0"
16739,"169,3,40"
16740,"40,0,10"
16741,"23,38,0"
16742,"0,8,3"
16743,"3,40"
16744,"3,4,111"
16745,"3,40,0"
16746,"10,11,3"
16747,"23,0,38"
16748,"0,3,8"
16749,"23,40,3"
16750,"169,3,40"
16751,"3,40,0"
16752,"169,3,23"
16753,"0,23,3"
16754,"23,0,3"
16755,"3,4,0"
16756,"3,40,0"
16757,"169,3,40"
16758,"23,10,3"
16759,"3,0,40"
16760,"3,4,0"
16761,"23,3,40"
16762,"23,3,0"
16763,"3,169,40"
16764,"3,0,40"
16765,"40,0,3"
16766,"3,4,0"
16767,"169,3,199"
16768,"3,21,40"
16769,"0,10,3"
16770,"23,74,38"
16771,"169,40,3"
16772,"3,40,21"
16773,"169,23,3"
16774,"40,3,0"
16775,"0,3,271"
16776,"10,64,24"
16777,"23,3,0"
16778,"3,23,0"
16779,"3,23,40"
16780,"3,40,21"
16781,"23,3,40"
16782,"23,10,24"
16783,"3,21,40"
16784,"3,23,40"
16785,"3,40"
16786,"169,0,3"
16787,"3,21,40"
16788,"3,40,21"
16789,"169,3,40"
16790,"3,40"
16791,"3,0,40"
16792,"40,0,3"
16793,"10,3,0"
16794,"3,40,0"
16795,"3,40,0"
16796,"40,3,131"
16797,"0,3"
16798,"23,0,38"
16799,"10,64,0"
16800,"0,23,3"
16801,"10,220,0"
16802,"3,21,111"
16803,"3,4,111"
16804,"3,0,4"
16805,"3,40,21"
16806,"40,3,41"
16807,"3,21,40"
16808,"3,10,0"
16809,"10,64,3"
16810,"40,131,3"
16811,"3,169,40"
16812,"23,24,10"
16813,"40,38,3"
16814,"23,10,0"
16815,"40,23,3"
16816,"0,3"
16817,"3,169,0"
16818,"40,3,131"
16819,"10,3,11"
16820,"169,3,170"
16821,"40,3,131"
16822,"3,169,21"
16823,"3,21,40"
16824,"3,40,21"
16825,"40,3,169"
16826,"40,3,0"
16827,"3,0,40"
16828,"3,21,40"
16829,"23,3,0"
16830,"3,169,40"
16831,"0,23,3"
16832,"23,3,40"
16833,"23,0,3"
16834,"23,0,38"
16835,"3,40,23"
16836,"169,40,3"
16837,"3,40,169"
16838,"3,21,4"
16839,"40,169,3"
16840,"3,40,23"
16841,"23,3,40"
16842,"23,24,10"
16843,"3,169,40"
16844,"3,40,21"
16845,"3,21,0"
16846,"169,23,3"
16847,"40,23,3"
16848,"40,131,0"
16849,"0,40,3"
16850,"0,271,3"
16851,"0,169,23"
16852,"0,3,271"
16853,"10,220,0"
16854,"10,3,11"
16855,"3,0,4"
16856,"3,0,40"
16857,"64,24,3"
16858,"23,24,64"
16859,"3,40,0"
16860,"40,131,3"
16861,"40,131,0"
16862,"40,0,3"
16863,"23,10,0"
16864,"0,3,40"
16865,"0,23,3"
16866,"3,0,10"
16867,"3,4"
16868,"0,3"
16869,"10,64,0"
16870,"3,40,21"
16871,"3,40"
16872,"64,10,24"
16873,"3,40,0"
16874,"10,0,3"
16875,"23,10,0"
16876,"3,169,23"
16877,"23,3,38"
16878,"0,3,40"
16879,"3,40,21"
16880,"23,0,3"
16881,"10,3,11"
16882,"3,40,0"
16883,"3,4"
16884,"3,40,0"
16885,"0,3"
16886,"3,21,4"
16887,"3,0,40"
16888,"3,0,40"
16889,"0,3,265"
16890,"3,21,40"
16891,"23,3,40"
16892,"169,3,0"
16893,"0,3,40"
16894,"3,40,0"
16895,"0,3,271"
16896,"3,40,21"
16897,"3,0,23"
16898,"10,220,0"
16899,"3,40,0"
16900,"3,0,40"
16901,"10,23,24"
16902,"3,40,23"
16903,"0,40,8"
16904,"3,0,40"
16905,"3,4"
16906,"3,21,4"
16907,"10,3,220"
16908,"3,4,111"
16909,"23,10,0"
16910,"3,40,21"
16911,"64,10,3"
16912,"10,23,0"
16913,"0,3,40"
16914,"3,4"
16915,"0,3,271"
16916,"3,169,40"
16917,"23,0,10"
16918,"3,4,0"
16919,"23,40,3"
16920,"10,40,0"
16921,"23,0,38"
16922,"3,21,40"
16923,"169,3,40"
16924,"10,11,3"
16925,"0,3,23"
16926,"0,271,265"
16927,"0,3,23"
16928,"10,64,0"
16929,"169,40,3"
16930,"23,0,40"
16931,"10,23,0"
16932,"0,3,271"
16933,"3,40"
16934,"3,0,169"
16935,"40,3,23"
16936,"169,40,3"
16937,"10,24,3"
16938,"3,40,21"
16939,"0,3,40"
16940,"3,0,169"
16941,"3,23,0"
16942,"10,220,3"
16943,"23,0,38"
16944,"23,24,64"
16945,"10,0,3"
16946,"40,23,3"
16947,"3,40,0"
16948,"3,4,0"
16949,"0,40,3"
16950,"169,3,40"
16951,"23,40,3"
16952,"23,3,40"
16953,"0,40,3"
16954,"23,24,10"
16955,"0,3,40"
16956,"0,271,3"
16957,"3,0,40"
16958,"169,3,40"
16959,"10,0,220"
16960,"3,0,40"
16961,"3,0,40"
16962,"10,3,40"
16963,"3,0,4"
16964,"23,0"
16965,"24,23,10"
16966,"40,23,3"
16967,"0,23,40"
16968,"3,40,169"
16969,"3,40,0"
16970,"10,0,3"
16971,"3,40"
16972,"3,10,0"
16973,"3,0,40"
16974,"23,24,40"
16975,"0,23,40"
16976,"3,40,21"
16977,"10,220,3"
16978,"40,131,3"
16979,"23,24,3"
16980,"3,40,21"
16981,"40,3,0"
16982,"10,64,23"
16983,"23,10,24"
16984,"23,40,3"
16985,"3,169,23"
16986,"10,64,23"
16987,"3,4,111"
16988,"3,40"
16989,"40,0,23"
16990,"0,3,40"
16991,"3,0,40"
16992,"3,169,0"
16993,"40,23,0"
16994,"23,10,24"
16995,"23,3,24"
16996,"3,40,0"
16997,"3,0,21"
16998,"10,0,220"
16999,"0,3,40"
17000,"0,271,3"
17001,"3,0,4"
17002,"3,169,40"
17003,"3,4,21"
17004,"3,40,0"
17005,"40,3,169"
17006,"40,23,3"
17007,"3,23,0"
17008,"3,0,10"
17009,"10,220,3"
17010,"23,3,40"
17011,"169,3,40"
17012,"3,40,21"
17013,"10,64,23"
17014,"3,40,0"
17015,"23,0,169"
17016,"3,0,40"
17017,"169,3,64"
17018,"23,24,10"
17019,"3,23,0"
17020,"3,40,0"
17021,"10,23,3"
17022,"3,169,0"
17023,"23,0,10"
17024,"0,3,40"
17025,"3,23,10"
17026,"3,21,40"
17027,"23,24,3"
17028,"40,3,0"
17029,"3,21,40"
17030,"3,169,0"
17031,"40,0,23"
17032,"23,24,0"
17033,"40,23,3"
17034,"23,0,10"
17035,"23,10,3"
17036,"40,3,131"
17037,"3,40,0"
17038,"3,4,111"
17039,"10,0,3"
17040,"10,23,3"
17041,"3,4"
17042,"3,0,40"
17043,"3,40"
17044,"0,3,10"
17045,"3,40,169"
17046,"169,3,40"
17047,"64,10,3"
17048,"0,271,23"
17049,"3,40,21"
17050,"23,3,38"
17051,"0,23,3"
17052,"0,23,3"
17053,"10,0,64"
17054,"3,40,169"
17055,"3,40,23"
17056,"10,64,0"
17057,"3,40"
17058,"169,23,3"
17059,"0,271,265"
17060,"3,0,40"
17061,"3,64,10"
17062,"0,3,271"
17063,"3,4,0"
17064,"0,3"
17065,"3,40,21"
17066,"3,40,21"
17067,"40,131,3"
17068,"3,21,40"
17069,"3,21,40"
17070,"0,3,271"
17071,"23,10,24"
17072,"3,23,169"
17073,"0,3,10"
17074,"23,3,0"
17075,"3,4,40"
17076,"10,64,3"
17077,"10,0,11"
17078,"23,40,3"
17079,"3,4,0"
17080,"3,169,40"
17081,"10,3,64"
17082,"40,23,3"
17083,"23,3,40"
17084,"40,3,131"
17085,"3,40,21"
17086,"10,64,24"
17087,"23,3,38"
17088,"3,40,21"
17089,"40,3,23"
17090,"40,131,41"
17091,"3,40,0"
17092,"3,40,21"
17093,"23,40,3"
17094,"3,23,10"
17095,"3,4"
17096,"40,3,0"
17097,"3,40,0"
17098,"10,220,3"
17099,"3,40,0"
17100,"3,40,21"
17101,"169,3,40"
17102,"0,169,3"
17103,"0,169,3"
17104,"3,0,4"
17105,"169,3,0"
17106,"10,3,0"
17107,"0,40,271"
17108,"23,40,10"
17109,"40,131,3"
17110,"3,0,4"
17111,"23,3,40"
17112,"3,40,21"
17113,"3,21,4"
17114,"3,4,0"
17115,"40,23,3"
17116,"23,0,10"
17117,"3,40,21"
17118,"0,3,265"
17119,"0,3,271"
17120,"23,0,3"
17121,"23,10,3"
17122,"40,3,0"
17123,"40,3,41"
17124,"10,220,11"
17125,"3,0,40"
17126,"3,0,169"
17127,"169,3,0"
17128,"23,3,74"
17129,"0,3,169"
17130,"23,3,40"
17131,"3,0,4"
17132,"23,40,0"
17133,"23,24,10"
17134,"23,24,10"
17135,"0,3,8"
17136,"0,3"
17137,"10,0,3"
17138,"0,3,23"
17139,"3,40,21"
17140,"3,169,40"
17141,"3,4,21"
17142,"23,0,38"
17143,"3,40,0"
17144,"40,0,131"
17145,"3,40"
17146,"3,21,111"
17147,"0,3,10"
17148,"3,0,4"
17149,"40,23,3"
17150,"10,220,3"
17151,"23,24,10"
17152,"3,40,0"
17153,"0,3"
17154,"3,0,40"
17155,"10,3,11"
17156,"3,23,10"
17157,"169,3,23"
17158,"0,3,271"
17159,"40,3"
17160,"0,40,3"
17161,"3,40,0"
17162,"0,3,23"
17163,"23,3,10"
17164,"23,10,0"
17165,"0,23,3"
17166,"3,0,4"
17167,"23,24,10"
17168,"3,40,21"
17169,"23,24,10"
17170,"3,4"
17171,"3,0,10"
17172,"23,24,40"
17173,"23,3,0"
17174,"0,3,23"
17175,"40,0,3"
17176,"64,10,3"
17177,"3,21,40"
17178,"3,169,23"
17179,"40,3,41"
17180,"40,3,41"
17181,"10,0,3"
17182,"10,23,0"
17183,"169,3,199"
17184,"64,10,3"
17185,"169,3,199"
17186,"3,40,0"
17187,"0,3,271"
17188,"40,3"
17189,"3,40,0"
17190,"10,11,3"
17191,"40,3,135"
17192,"0,40,23"
17193,"23,3,0"
17194,"10,220,3"
17195,"3,40,169"
17196,"23,3,40"
17197,"10,0,3"
17198,"3,169,40"
17199,"0,3,8"
17200,"23,10,40"
17201,"3,21,111"
17202,"3,169,4"
17203,"10,0,220"
17204,"0,3,271"
17205,"10,3,11"
17206,"0,271,3"
17207,"40,169,3"
17208,"3,40,0"
17209,"40,3,23"
17210,"3,0,40"
17211,"23,0,26"
17212,"3,40,169"
17213,"10,0,3"
17214,"10,23,3"
17215,"23,40,3"
17216,"40,3,23"
17217,"0,8,3"
17218,"3,21,4"
17219,"3,4"
17220,"23,0,3"
17221,"3,40,21"
17222,"10,11,3"
17223,"3,40,0"
17224,"3,40,21"
17225,"3,0,40"
17226,"23,40,0"
17227,"10,64,11"
17228,"40,23,0"
17229,"3,21,40"
17230,"24,23,10"
17231,"40,23,3"
17232,"23,169,3"
17233,"3,0,40"
17234,"40,3,0"
17235,"3,40,23"
17236,"3,40,21"
17237,"0,169,3"
17238,"23,40,3"
17239,"10,64,0"
17240,"3,4,21"
17241,"3,21,40"
17242,"3,169,40"
17243,"3,4,111"
17244,"24,23,64"
17245,"10,220,3"
17246,"10,23,24"
17247,"0,10,23"
17248,"3,40,0"
17249,"3,21,40"
17250,"3,0,40"
17251,"3,10,0"
17252,"3,40"
17253,"3,23,40"
17254,"0,23,3"
17255,"3,23,0"
17256,"3,40,0"
17257,"40,23,3"
17258,"23,0,169"
17259,"3,40,0"
17260,"3,169,40"
17261,"3,40,0"
17262,"10,24,64"
17263,"3,40,21"
17264,"23,3,38"
17265,"0,23,40"
17266,"10,64,24"
17267,"169,40,3"
17268,"0,3,271"
17269,"40,3,41"
17270,"3,4"
17271,"24,23,10"
17272,"3,169,0"
17273,"3,21,40"
17274,"3,40,0"
17275,"23,0,3"
17276,"23,0,38"
17277,"0,3,40"
17278,"169,0,3"
17279,"3,40,0"
17280,"3,21,40"
17281,"3,23,0"
17282,"23,0,38"
17283,"3,21,111"
17284,"0,3,40"
17285,"0,23,3"
17286,"0,8,3"
17287,"23,10,3"
17288,"3,21,40"
17289,"40,3,41"
17290,"169,3,40"
17291,"3,21,111"
17292,"3,40,21"
17293,"10,220,3"
17294,"3,40,21"
17295,"3,40,21"
17296,"10,0,220"
17297,"169,3,23"
17298,"0,3"
17299,"10,11,3"
17300,"40,23,3"
17301,"23,0,3"
17302,"3,169,40"
17303,"3,0,40"
17304,"3,0,40"
17305,"10,3,64"
17306,"3,40,0"
17307,"3,23,40"
17308,"40,131,41"
17309,"0,3,169"
17310,"3,0,40"
17311,"3,40,21"
17312,"10,220,11"
17313,"3,0,4"
17314,"3,4"
17315,"3,40,23"
17316,"64,10,3"
17317,"3,23,40"
17318,"10,3,220"
17319,"3,4,111"
17320,"3,40,0"
17321,"0,3"
17322,"3,40,0"
17323,"23,10,3"
17324,"3,40,0"
17325,"10,0,3"
17326,"3,40,21"
17327,"3,0,40"
17328,"40,3,41"
17329,"0,3"
17330,"23,24,40"
17331,"23,3,40"
17332,"3,40,0"
17333,"23,0,10"
17334,"23,0,3"
17335,"10,220,0"
17336,"3,40,0"
17337,"10,64,24"
17338,"0,271,265"
17339,"10,64,0"
17340,"3,40"
17341,"23,40,3"
17342,"10,40,23"
17343,"23,0,40"
17344,"169,3,40"
17345,"23,24,3"
17346,"40,131,0"
17347,"0,40,23"
17348,"0,40,10"
17349,"23,3,0"
17350,"3,23,38"
17351,"3,0,40"
17352,"40,3,23"
17353,"23,40,38"
17354,"0,3,8"
17355,"0,271,3"
17356,"64,10,3"
17357,"10,3,64"
17358,"40,23,3"
17359,"3,0,23"
17360,"40,3,0"
17361,"23,40,0"
17362,"23,24,10"
17363,"0,3,271"
17364,"3,40,0"
17365,"3,4,21"
17366,"23,3,0"
17367,"40,3"
17368,"23,24,3"
17369,"40,3,23"
17370,"40,135,3"
17371,"10,24,0"
17372,"10,0,64"
17373,"23,0,38"
17374,"23,40,0"
17375,"10,0,220"
17376,"0,3,40"
17377,"40,131,3"
17378,"0,169,3"
17379,"40,131,0"
17380,"0,3,10"
17381,"3,0,4"
17382,"0,169,3"
17383,"23,40,38"
17384,"23,24,10"
17385,"3,40,0"
17386,"0,169,3"
17387,"10,220,0"
17388,"40,3,41"
17389,"3,40,0"
17390,"3,40,10"
17391,"40,3,23"
17392,"40,3,131"
17393,"10,0,3"
17394,"0,10,3"
17395,"169,3,10"
17396,"3,40,21"
17397,"3,0,40"
17398,"10,3,23"
17399,"40,131,0"
17400,"3,40,21"
17401,"40,3,41"
17402,"24,23,3"
17403,"23,0,40"
17404,"23,10,3"
17405,"0,23,26"
17406,"40,3"
17407,"23,0,26"
17408,"3,23,0"
17409,"169,64,24"
17410,"23,3,24"
17411,"3,21,40"
17412,"10,220,3"
17413,"24,23,10"
17414,"23,3,40"
17415,"3,40"
17416,"0,8,3"
17417,"0,3,8"
17418,"23,0,40"
17419,"3,4,0"
17420,"40,3,160"
17421,"23,3,24"
17422,"40,131,3"
17423,"10,64,3"
17424,"3,40,21"
17425,"64,10,23"
17426,"23,0,10"
17427,"24,23,64"
17428,"3,40,135"
17429,"23,24,3"
17430,"23,10,3"
17431,"0,3,40"
17432,"3,169,10"
17433,"23,3,31"
17434,"3,40,21"
17435,"3,169,40"
17436,"3,40,0"
17437,"3,169,10"
17438,"0,3,40"
17439,"169,40,3"
17440,"23,0,10"
17441,"0,271,3"
17442,"40,3,23"
17443,"3,21,40"
17444,"0,10,3"
17445,"3,40"
17446,"0,3,23"
17447,"3,169,0"
17448,"23,0,38"
17449,"3,0,4"
17450,"0,271,265"
17451,"23,3,38"
17452,"10,40,0"
17453,"169,0,23"
17454,"3,40,0"
17455,"23,0,38"
17456,"3,21,4"
17457,"0,271,3"
17458,"23,24,3"
17459,"0,3,23"
17460,"10,220,3"
17461,"40,23,3"
17462,"40,3,131"
17463,"10,220,0"
17464,"3,21,40"
17465,"169,3,199"
17466,"23,0,40"
17467,"3,4,0"
17468,"3,40,0"
17469,"23,0,38"
17470,"40,3,0"
17471,"10,23,0"
17472,"40,3,131"
17473,"64,10,0"
17474,"10,0,3"
17475,"3,23,40"
17476,"23,3,40"
17477,"169,3,40"
17478,"23,3,40"
17479,"0,10,3"
17480,"10,3,220"
17481,"3,40,21"
17482,"23,40,0"
17483,"10,220,3"
17484,"0,10,64"
17485,"0,3,40"
17486,"3,40,0"
17487,"3,23,40"
17488,"3,4,21"
17489,"0,271,3"
17490,"40,3,23"
17491,"3,0,23"
17492,"40,3,131"
17493,"3,4,0"
17494,"3,40"
17495,"169,3,40"
17496,"3,10,64"
17497,"23,40,38"
17498,"3,40,21"
17499,"3,40,21"
17500,"3,4,0"
17501,"40,3,41"
17502,"0,3,10"
17503,"64,10,3"
17504,"3,40,0"
17505,"0,3"
17506,"0,3,40"
17507,"0,23,40"
17508,"10,24,23"
17509,"3,0,40"
17510,"10,11,0"
17511,"40,3,0"
17512,"3,40,0"
17513,"10,64,23"
17514,"3,4,111"
17515,"40,3,169"
17516,"23,3,64"
17517,"3,40,21"
17518,"0,3,271"
17519,"40,23,3"
17520,"40,3,135"
17521,"3,40,21"
17522,"3,0,40"
17523,"40,3,64"
17524,"0,3,40"
17525,"3,0,40"
17526,"10,0,3"
17527,"3,4,0"
17528,"0,3,271"
17529,"40,3,0"
17530,"0,23,3"
17531,"169,3,23"
17532,"23,0,3"
17533,"0,3,265"
17534,"169,0,3"
17535,"23,38,3"
17536,"3,169,40"
17537,"0,3,23"
17538,"169,3,40"
17539,"0,3"
17540,"3,0,40"
17541,"3,0,23"
17542,"23,38,40"
17543,"3,0,40"
17544,"3,40"
17545,"3,40,23"
17546,"169,3,40"
17547,"3,21,40"
17548,"3,40"
17549,"10,0,3"
17550,"3,40,21"
17551,"169,3,199"
17552,"0,169,3"
17553,"3,169,199"
17554,"40,0,131"
17555,"3,4,0"
17556,"10,64,23"
17557,"0,3,10"
17558,"23,40,24"
17559,"0,3,8"
17560,"0,3,23"
17561,"10,0,3"
17562,"23,3,40"
17563,"3,21,111"
17564,"0,8,3"
17565,"3,0,40"
17566,"64,10,24"
17567,"3,0,40"
17568,"0,3,40"
17569,"0,3"
17570,"3,40,21"
17571,"3,4,0"
17572,"3,21,4"
17573,"40,3,41"
17574,"3,21,4"
17575,"23,0,38"
17576,"3,21,40"
17577,"10,64,11"
17578,"23,24,3"
17579,"64,10,3"
17580,"40,23,131"
17581,"0,23,64"
17582,"0,23,26"
17583,"3,40,0"
17584,"3,40,169"
17585,"10,0,3"
17586,"3,4,111"
17587,"0,40,23"
17588,"23,24,40"
17589,"3,40,0"
17590,"64,10,3"
17591,"10,220,11"
17592,"3,169,23"
17593,"10,0,11"
17594,"3,169,40"
17595,"3,40,0"
17596,"3,40,21"
17597,"0,23,3"
17598,"40,3,0"
17599,"40,131,0"
17600,"3,21,40"
17601,"10,0,3"
17602,"3,40,21"
17603,"10,220,0"
17604,"10,3,0"
17605,"0,3,271"
17606,"40,3,23"
17607,"3,40,21"
17608,"0,3,40"
17609,"10,3,0"
17610,"3,40,0"
17611,"3,169,170"
17612,"3,4,0"
17613,"3,40,23"
17614,"3,0,40"
17615,"3,0,40"
17616,"23,3,0"
17617,"3,0,40"
17618,"23,40,0"
17619,"3,40,21"
17620,"3,40,21"
17621,"0,3"
17622,"40,23,3"
17623,"169,3,40"
17624,"169,3,23"
17625,"10,3,0"
17626,"0,23,3"
17627,"40,3"
17628,"10,220,3"
17629,"3,0,40"
17630,"23,40,3"
17631,"10,24,23"
17632,"10,3,40"
17633,"3,0,40"
17634,"0,3,8"
17635,"3,23,40"
17636,"3,40,169"
17637,"3,21,40"
17638,"24,23,64"
17639,"0,10,23"
17640,"23,0,40"
17641,"40,3,0"
17642,"10,0,23"
17643,"169,23,0"
17644,"3,0,40"
17645,"24,23,10"
17646,"10,0,23"
17647,"0,23,8"
17648,"40,23,0"
17649,"3,40,0"
17650,"3,0,40"
17651,"3,23,31"
17652,"3,21,40"
17653,"10,0,11"
17654,"3,0,40"
17655,"23,3,0"
17656,"3,40,0"
17657,"0,3,40"
17658,"40,23,3"
17659,"23,3,40"
17660,"0,3,271"
17661,"0,23,3"
17662,"23,24,64"
17663,"23,0,3"
17664,"3,169,40"
17665,"3,0,40"
17666,"3,40,21"
17667,"10,64,11"
17668,"10,3,11"
17669,"0,3,271"
17670,"3,40,0"
17671,"3,23,40"
17672,"3,169,40"
17673,"3,4,0"
17674,"10,3,0"
17675,"40,3,0"
17676,"10,220,3"
17677,"23,38,74"
17678,"23,0,40"
17679,"23,3,0"
17680,"10,0,3"
17681,"3,0,169"
17682,"3,4,0"
17683,"0,8,3"
17684,"23,0,3"
17685,"169,3,40"
17686,"3,0,4"
17687,"23,3,38"
17688,"64,10,3"
17689,"3,40,21"
17690,"3,40,0"
17691,"3,4,21"
17692,"23,0,38"
17693,"169,40,3"
17694,"0,3,40"
17695,"40,3,41"
17696,"3,40,23"
17697,"3,0,40"
17698,"23,0,38"
17699,"3,0,169"
17700,"10,0,23"
17701,"0,3,10"
17702,"169,0,3"
17703,"40,3,0"
17704,"169,40,3"
17705,"23,10,3"
17706,"3,4,21"
17707,"3,23,10"
17708,"0,3,8"
17709,"169,3,199"
17710,"40,3,41"
17711,"0,23,3"
17712,"40,3,23"
17713,"3,4"
17714,"23,40,3"
17715,"10,0,3"
17716,"3,40,0"
17717,"40,3,131"
17718,"3,169,40"
17719,"10,0,11"
17720,"23,10,40"
17721,"3,4,21"
17722,"3,21,40"
17723,"40,3,23"
17724,"3,169,0"
17725,"0,271,3"
17726,"3,40,0"
17727,"169,3,40"
17728,"23,3,40"
17729,"3,40,21"
17730,"23,24,3"
17731,"3,0,40"
17732,"23,40,3"
17733,"3,0,10"
17734,"3,4,0"
17735,"10,220,3"
17736,"3,40,0"
17737,"23,3,24"
17738,"10,220,3"
17739,"10,64,24"
17740,"0,169,3"
17741,"3,40,23"
17742,"3,4,21"
17743,"40,3,131"
17744,"3,4"
17745,"40,3"
17746,"40,3,0"
17747,"3,4,0"
17748,"10,23,64"
17749,"3,0,21"
17750,"23,3,38"
17751,"169,3,199"
17752,"10,220,0"
17753,"3,40,0"
17754,"40,3,169"
17755,"0,23,3"
17756,"10,64,3"
17757,"169,3,199"
17758,"23,10,24"
17759,"40,3,23"
17760,"3,40,0"
17761,"23,10,24"
17762,"23,0,38"
17763,"23,24,10"
17764,"0,23,10"
17765,"40,3,131"
17766,"0,271,265"
17767,"3,4,111"
17768,"23,0,3"
17769,"3,40,0"
17770,"3,0,40"
17771,"3,40,0"
17772,"40,3"
17773,"3,40,0"
17774,"3,40,21"
17775,"3,0,40"
17776,"0,23,3"
17777,"3,169,296"
17778,"0,3,23"
17779,"10,220,3"
17780,"0,3,40"
17781,"23,40,3"
17782,"0,3,271"
17783,"0,271,265"
17784,"10,220,11"
17785,"0,271,3"
17786,"3,21,4"
17787,"3,23,0"
17788,"10,64,3"
17789,"23,3,40"
17790,"23,0,3"
17791,"3,21,4"
17792,"40,3,41"
17793,"10,3,0"
17794,"3,40,0"
17795,"40,0,131"
17796,"0,10,3"
17797,"3,40,21"
17798,"40,0,131"
17799,"64,10,3"
17800,"3,40,0"
17801,"3,40,0"
17802,"3,0,21"
17803,"0,3,169"
17804,"23,0,40"
17805,"3,40,23"
17806,"10,40,3"
17807,"3,21,40"
17808,"3,4,0"
17809,"3,40,0"
17810,"3,40,21"
17811,"0,10,3"
17812,"40,3"
17813,"40,23,38"
17814,"0,271,265"
17815,"0,40,3"
17816,"23,10,24"
17817,"40,3,131"
17818,"3,40,169"
17819,"169,3,40"
17820,"3,40,21"
17821,"10,40,23"
17822,"3,40,21"
17823,"0,3,40"
17824,"3,40,0"
17825,"40,23,3"
17826,"169,23,3"
17827,"64,10,3"
17828,"0,3,40"
17829,"23,40,3"
17830,"40,3,160"
17831,"3,40,21"
17832,"3,4,40"
17833,"0,3,23"
17834,"64,10,3"
17835,"23,24,10"
17836,"23,10,24"
17837,"23,10,40"
17838,"10,64,3"
17839,"0,3,8"
17840,"10,64,24"
17841,"23,0,26"
17842,"0,3,265"
17843,"10,64,24"
17844,"0,23,3"
17845,"10,11,64"
17846,"0,8,3"
17847,"3,40,0"
17848,"3,23,40"
17849,"3,4,0"
17850,"40,3"
17851,"3,40,0"
17852,"3,4"
17853,"40,0,131"
17854,"0,23,3"
17855,"0,3,271"
17856,"10,220,3"
17857,"3,40"
17858,"0,8,3"
17859,"169,3,199"
17860,"23,0,40"
17861,"0,10,3"
17862,"3,0,40"
17863,"10,64,11"
17864,"3,40,0"
17865,"10,0,64"
17866,"3,23,10"
17867,"3,4,0"
17868,"3,10,23"
17869,"3,0,40"
17870,"3,40"
17871,"3,169,40"
17872,"169,3,40"
17873,"10,0,3"
17874,"3,40,0"
17875,"0,3,10"
17876,"23,74,40"
17877,"40,131,3"
17878,"0,3,10"
17879,"40,3,0"
17880,"40,3,131"
17881,"0,3"
17882,"3,23,24"
17883,"0,271,3"
17884,"0,23,40"
17885,"0,3,23"
17886,"3,21,40"
17887,"40,3,23"
17888,"40,23,0"
17889,"0,3"
17890,"3,40,21"
17891,"3,0,23"
17892,"3,40,23"
17893,"40,0,3"
17894,"169,40,3"
17895,"40,3,23"
17896,"23,10,24"
17897,"3,169,0"
17898,"3,4,21"
17899,"3,40,169"
17900,"23,0,40"
17901,"3,4,0"
17902,"23,3,40"
17903,"3,0,40"
17904,"3,169,23"
17905,"0,169,271"
17906,"10,3,0"
17907,"10,0,40"
17908,"3,40"
17909,"3,40,21"
17910,"3,40,23"
17911,"23,3,40"
17912,"0,10,3"
17913,"23,24,10"
17914,"3,0,40"
17915,"23,0,3"
17916,"23,24,3"
17917,"10,64,3"
17918,"3,169,170"
17919,"0,3,169"
17920,"0,3,271"
17921,"40,131,3"
17922,"3,0,4"
17923,"3,40,0"
17924,"23,0,26"
17925,"0,23,8"
17926,"23,0,38"
17927,"40,131,0"
17928,"169,23,3"
17929,"23,0,38"
17930,"0,3,23"
17931,"169,170,199"
17932,"0,3,271"
17933,"40,131,3"
17934,"3,40,21"
17935,"3,40"
17936,"3,0,40"
17937,"3,21,40"
17938,"3,169,0"
17939,"0,8,3"
17940,"10,40,23"
17941,"23,24,64"
17942,"0,3,271"
17943,"23,0,10"
17944,"23,0,3"
17945,"23,3,40"
17946,"3,0,40"
17947,"40,3,23"
17948,"40,3,23"
17949,"40,3,41"
17950,"3,4,111"
17951,"23,3,10"
17952,"64,23,24"
17953,"3,40,21"
17954,"0,8,3"
17955,"40,3,0"
17956,"3,169,40"
17957,"10,3,64"
17958,"40,3,169"
17959,"0,3,271"
17960,"3,40,21"
17961,"10,3,11"
17962,"3,4,111"
17963,"23,40,3"
17964,"10,220,3"
17965,"23,3,40"
17966,"23,10,0"
17967,"3,40,0"
17968,"3,0,40"
17969,"0,3,40"
17970,"23,40,38"
17971,"169,3,199"
17972,"3,4,0"
17973,"3,0,40"
17974,"3,23,0"
17975,"0,3,8"
17976,"3,0,40"
17977,"40,3,131"
17978,"10,3,64"
17979,"0,3,8"
17980,"0,3,169"
17981,"3,21,4"
17982,"40,3,41"
17983,"40,0,23"
17984,"40,0,3"
17985,"10,40,23"
17986,"3,0,4"
17987,"23,24,0"
17988,"3,169,40"
17989,"23,0,3"
17990,"3,21,4"
17991,"3,4"
17992,"3,0,40"
17993,"3,0,40"
17994,"40,3,0"
17995,"3,10,23"
17996,"40,131,0"
17997,"3,40,21"
17998,"3,23,40"
17999,"169,0,3"
18000,"3,40,10"
18001,"10,3,23"
18002,"23,0,38"
18003,"10,220,3"
18004,"10,220,0"
18005,"3,40,10"
18006,"0,10,23"
18007,"3,0"
18008,"0,3,265"
18009,"3,4,0"
18010,"40,3"
18011,"3,40,21"
18012,"23,3,0"
18013,"3,40,0"
18014,"3,0,40"
18015,"0,40,169"
18016,"10,3,0"
18017,"0,3,265"
18018,"3,40,0"
18019,"3,23,64"
18020,"23,40,3"
18021,"10,3,220"
18022,"23,40,0"
18023,"3,23,40"
18024,"23,0,10"
18025,"3,40,21"
18026,"0,3,40"
18027,"40,131,3"
18028,"3,0,23"
18029,"3,21,4"
18030,"0,3,40"
18031,"3,40,23"
18032,"3,10,0"
18033,"40,23,0"
18034,"10,0,220"
18035,"3,21,40"
18036,"3,169,170"
18037,"169,3,40"
18038,"169,40,3"
18039,"23,24,10"
18040,"10,3,0"
18041,"23,0,3"
18042,"3,40,0"
18043,"3,40,0"
18044,"40,3"
18045,"3,0,4"
18046,"40,3,131"
18047,"10,64,3"
18048,"3,4,0"
18049,"3,4,21"
18050,"40,23,3"
18051,"3,40,21"
18052,"40,3,131"
18053,"3,23,0"
18054,"3,40,21"
18055,"23,40,3"
18056,"3,40,21"
18057,"40,3"
18058,"169,3,23"
18059,"3,40,21"
18060,"40,3,131"
18061,"40,131,41"
18062,"40,3,23"
18063,"10,0,3"
18064,"3,4"
18065,"10,220,0"
18066,"3,40,0"
18067,"23,10,40"
18068,"3,40"
18069,"0,23,40"
18070,"23,0,3"
18071,"10,23,3"
18072,"3,40,21"
18073,"40,3,0"
18074,"3,40,21"
18075,"23,24,3"
18076,"10,3,0"
18077,"40,3"
18078,"3,296,169"
18079,"3,4,40"
18080,"3,0,40"
18081,"40,23,3"
18082,"3,0,40"
18083,"3,10,64"
18084,"3,0,40"
18085,"3,21,4"
18086,"3,4,21"
18087,"3,40,0"
18088,"3,4,0"
18089,"40,3,41"
18090,"64,10,23"
18091,"23,3,0"
18092,"3,40,169"
18093,"23,10,3"
18094,"3,0,4"
18095,"10,64,3"
18096,"23,0,169"
18097,"10,64,23"
18098,"10,64,0"
18099,"0,8,3"
18100,"23,0,10"
18101,"40,3,0"
18102,"3,4,0"
18103,"0,3,10"
18104,"23,3,40"
18105,"0,23,3"
18106,"40,3,41"
18107,"23,3,0"
18108,"40,131,0"
18109,"10,3,11"
18110,"40,3"
18111,"0,10,3"
18112,"3,40,21"
18113,"3,0,4"
18114,"3,4,21"
18115,"3,40,0"
18116,"3,40,0"
18117,"3,40,21"
18118,"3,0,40"
18119,"3,40,21"
18120,"3,21,40"
18121,"64,10,3"
18122,"23,24,10"
18123,"40,169,23"
18124,"3,40,21"
18125,"10,0,220"
18126,"3,4"
18127,"10,23,24"
18128,"0,3,271"
18129,"23,24,10"
18130,"0,3,40"
18131,"3,0,40"
18132,"10,220,0"
18133,"3,21,40"
18134,"0,3,271"
18135,"3,40,0"
18136,"0,3,23"
18137,"23,24,3"
18138,"3,0,40"
18139,"10,64,0"
18140,"3,23,38"
18141,"0,271,3"
18142,"10,0,23"
18143,"40,23,131"
18144,"3,4,111"
18145,"10,3,220"
18146,"23,10,0"
18147,"3,40,21"
18148,"40,3,131"
18149,"3,4"
18150,"169,3,199"
18151,"23,10,24"
18152,"3,40,10"
18153,"3,64,10"
18154,"0,10,3"
18155,"0,3,10"
18156,"40,3,41"
18157,"3,40,0"
18158,"3,40,23"
18159,"3,4"
18160,"3,21,40"
18161,"3,40,21"
18162,"3,40,0"
18163,"0,40,23"
18164,"10,64,0"
18165,"0,23,3"
18166,"3,40,0"
18167,"40,23,3"
18168,"0,40,10"
18169,"3,40,0"
18170,"23,40,0"
18171,"3,21,40"
18172,"23,24,64"
18173,"23,0,10"
18174,"3,40,21"
18175,"169,0,40"
18176,"3,4,21"
18177,"40,23,3"
18178,"0,271,265"
18179,"3,40,0"
18180,"10,220,11"
18181,"3,0,40"
18182,"3,0,40"
18183,"3,40,0"
18184,"23,10,64"
18185,"3,40,21"
18186,"3,4,0"
18187,"23,24,3"
18188,"0,10,40"
18189,"64,10,3"
18190,"3,40,23"
18191,"0,3,271"
18192,"3,0,40"
18193,"3,40,0"
18194,"40,131,3"
18195,"3,40,21"
18196,"23,3,40"
18197,"24,23,10"
18198,"40,23,3"
18199,"23,0,38"
18200,"0,23,38"
18201,"3,169,64"
18202,"10,0,23"
18203,"0,23,38"
18204,"40,23,3"
18205,"3,40,21"
18206,"23,0,3"
18207,"0,271,265"
18208,"3,10,0"
18209,"23,24,10"
18210,"3,40,21"
18211,"3,4,0"
18212,"3,23,40"
18213,"3,40,23"
18214,"40,3,0"
18215,"3,0,10"
18216,"3,4,0"
18217,"3,0,40"
18218,"3,40,0"
18219,"3,40,21"
18220,"40,0,131"
18221,"0,271,265"
18222,"3,40,0"
18223,"3,4,0"
18224,"0,23,3"
18225,"3,0,40"
18226,"3,40,169"
18227,"0,23,3"
18228,"10,64,24"
18229,"40,131,0"
18230,"3,23,0"
18231,"3,40,21"
18232,"0,3,8"
18233,"23,0,3"
18234,"3,0,4"
18235,"3,40,21"
18236,"3,40,0"
18237,"0,271,3"
18238,"0,3,271"
18239,"40,23,0"
18240,"3,40,21"
18241,"0,3,169"
18242,"23,0,40"
18243,"3,40,23"
18244,"3,40,21"
18245,"3,40,0"
18246,"23,40,3"
18247,"3,40,0"
18248,"0,3,169"
18249,"0,3,40"
18250,"0,3"
18251,"3,169,40"
18252,"10,0,3"
18253,"3,40,0"
18254,"10,0,64"
18255,"40,3,41"
18256,"3,40,0"
18257,"3,4,111"
18258,"10,220,3"
18259,"40,23,3"
18260,"23,38,40"
18261,"3,4,21"
18262,"169,40,3"
18263,"3,0,40"
18264,"0,10,3"
18265,"23,0,38"
18266,"0,271,265"
18267,"169,0,3"
18268,"10,3,11"
18269,"10,0,24"
18270,"3,40"
18271,"3,40,0"
18272,"3,0,40"
18273,"40,0,131"
18274,"3,40,0"
18275,"40,3,0"
18276,"3,169,40"
18277,"0,3,40"
18278,"0,3,271"
18279,"23,0,3"
18280,"3,40,23"
18281,"40,0,23"
18282,"3,40"
18283,"3,40,21"
18284,"3,4,111"
18285,"0,3,271"
18286,"3,0,40"
18287,"23,0,40"
18288,"3,40,21"
18289,"64,10,40"
18290,"40,3,0"
18291,"169,3,23"
18292,"23,3,24"
18293,"3,21,4"
18294,"3,40,21"
18295,"3,40,21"
18296,"3,0,4"
18297,"40,0,3"
18298,"0,271,265"
18299,"23,3,10"
18300,"40,23,0"
18301,"3,40"
18302,"0,23,38"
18303,"23,3,40"
18304,"3,40,21"
18305,"3,4,40"
18306,"0,3,271"
18307,"0,3,10"
18308,"0,23,3"
18309,"0,23,40"
18310,"3,40,169"
18311,"169,3,199"
18312,"10,220,0"
18313,"0,23,3"
18314,"0,169,3"
18315,"3,0,40"
18316,"0,23,8"
18317,"0,40,23"
18318,"10,3,64"
18319,"3,169,40"
18320,"3,40,0"
18321,"23,10,24"
18322,"23,24,64"
18323,"169,40,3"
18324,"10,64,3"
18325,"3,40,0"
18326,"0,23,3"
18327,"10,64,0"
18328,"40,169,3"
18329,"3,4,21"
18330,"10,23,24"
18331,"169,3,40"
18332,"3,21,40"
18333,"40,10,3"
18334,"3,21,111"
18335,"40,0,3"
18336,"10,0,23"
18337,"40,3,41"
18338,"3,10,0"
18339,"40,3,0"
18340,"3,40,0"
18341,"3,40,21"
18342,"40,3,0"
18343,"10,0,3"
18344,"3,40,21"
18345,"10,64,0"
18346,"40,3"
18347,"10,64,3"
18348,"3,40,21"
18349,"169,40,3"
18350,"3,0,40"
18351,"3,169,40"
18352,"40,3,41"
18353,"40,23,131"
18354,"3,40,23"
18355,"64,10,3"
18356,"3,10,0"
18357,"3,0,40"
18358,"169,3,23"
18359,"40,3"
18360,"40,3"
18361,"3,4,0"
18362,"3,21,4"
18363,"23,24,10"
18364,"3,0,40"
18365,"23,0,3"
18366,"3,0,40"
18367,"3,23,38"
18368,"0,271,3"
18369,"40,41,131"
18370,"0,8,3"
18371,"23,3,40"
18372,"3,21,40"
18373,"169,40,3"
18374,"3,21,4"
18375,"23,40,3"
18376,"10,40,0"
18377,"40,131,3"
18378,"3,0,40"
18379,"3,4,0"
18380,"3,40,0"
18381,"3,10,64"
18382,"3,169,0"
18383,"0,23,3"
18384,"3,40,0"
18385,"40,131,0"
18386,"169,40,0"
18387,"10,3,23"
18388,"3,169,0"
18389,"0,3"
18390,"0,271,265"
18391,"40,3,41"
18392,"0,23,3"
18393,"3,0,4"
18394,"0,3,271"
18395,"23,0,3"
18396,"0,8,3"
18397,"3,40,0"
18398,"40,131,3"
18399,"0,3,23"
18400,"169,3,40"
18401,"3,40,0"
18402,"3,40"
18403,"10,3,0"
18404,"23,0,38"
18405,"10,64,0"
18406,"3,21,111"
18407,"0,3,23"
18408,"3,21,40"
18409,"3,21,111"
18410,"3,40,135"
18411,"0,10,3"
18412,"3,23,0"
18413,"3,169,0"
18414,"23,10,24"
18415,"3,0,40"
18416,"64,10,3"
18417,"3,40,0"
18418,"3,40,21"
18419,"0,271,265"
18420,"40,3"
18421,"3,169,40"
18422,"3,40,0"
18423,"0,3,40"
18424,"40,23,131"
18425,"3,169,40"
18426,"40,3,23"
18427,"3,21,111"
18428,"23,0,38"
18429,"3,23,0"
18430,"23,40,3"
18431,"23,3,40"
18432,"3,40,21"
18433,"40,3,23"
18434,"3,40,21"
18435,"3,23,24"
18436,"40,3,131"
18437,"23,0,38"
18438,"40,23,0"
18439,"3,40,21"
18440,"3,40,23"
18441,"3,40,169"
18442,"3,4,0"
18443,"3,40,0"
18444,"23,40,10"
18445,"64,10,3"
18446,"3,0,40"
18447,"40,3,0"
18448,"40,10,23"
18449,"3,4"
18450,"0,3,271"
18451,"3,23,40"
18452,"40,131,23"
18453,"23,38,40"
18454,"0,3,271"
18455,"0,271,265"
18456,"40,131,3"
18457,"3,40,21"
18458,"0,3,271"
18459,"169,3,23"
18460,"0,8,3"
18461,"23,3,40"
18462,"23,40,3"
18463,"3,4,21"
18464,"0,23,3"
18465,"0,3,10"
18466,"3,0,40"
18467,"3,10,23"
18468,"3,4,0"
18469,"10,23,0"
18470,"3,10,169"
18471,"3,40"
18472,"0,3,169"
18473,"3,0,40"
18474,"3,4,0"
18475,"23,0,3"
18476,"169,3,40"
18477,"40,3,0"
18478,"3,0,21"
18479,"3,0,4"
18480,"40,3"
18481,"10,64,3"
18482,"3,0,40"
18483,"40,3,0"
18484,"3,0,4"
18485,"3,40,23"
18486,"3,4,0"
18487,"23,3,40"
18488,"10,64,0"
18489,"3,40,169"
18490,"10,23,0"
18491,"0,10,64"
18492,"23,24,10"
18493,"10,24,23"
18494,"3,4"
18495,"0,271,3"
18496,"3,40,0"
18497,"3,169,40"
18498,"40,3,135"
18499,"10,23,0"
18500,"3,4,111"
18501,"3,40,23"
18502,"3,0,40"
18503,"10,3,23"
18504,"64,10,3"
18505,"23,40,0"
18506,"3,0,40"
18507,"40,3,135"
18508,"10,0,40"
18509,"40,23,3"
18510,"40,3"
18511,"169,64,3"
18512,"0,3,40"
18513,"3,40,0"
18514,"3,4,111"
18515,"0,10,3"
18516,"10,64,0"
18517,"23,40,0"
18518,"3,0,40"
18519,"0,3,23"
18520,"40,3"
18521,"0,3,23"
18522,"0,23,3"
18523,"23,10,0"
18524,"0,23,10"
18525,"23,24,10"
18526,"3,23,10"
18527,"10,0,23"
18528,"3,40"
18529,"40,3,41"
18530,"40,3,131"
18531,"23,0,10"
18532,"3,40,0"
18533,"40,0,3"
18534,"0,3,10"
18535,"3,0,40"
18536,"3,40,21"
18537,"3,40,0"
18538,"23,3,40"
18539,"40,3,0"
18540,"40,0,3"
18541,"3,4,111"
18542,"3,169,0"
18543,"0,3,271"
18544,"23,24,40"
18545,"0,3,271"
18546,"0,3,271"
18547,"3,0,40"
18548,"3,40,21"
18549,"3,0"
18550,"0,3,10"
18551,"23,3,40"
18552,"10,0,3"
18553,"3,40"
18554,"3,0,4"
18555,"3,0,23"
18556,"23,0,3"
18557,"23,0,38"
18558,"169,3,23"
18559,"0,10,3"
18560,"23,40,38"
18561,"10,23,3"
18562,"3,40,0"
18563,"3,0,40"
18564,"169,3,23"
18565,"40,3,0"
18566,"10,0,23"
18567,"0,3,40"
18568,"3,40,21"
18569,"0,23,3"
18570,"3,0,40"
18571,"3,40,21"
18572,"3,169,40"
18573,"3,4,0"
18574,"23,0,38"
18575,"3,4,0"
18576,"3,40,21"
18577,"3,10,0"
18578,"40,3,23"
18579,"3,40,0"
18580,"23,3,40"
18581,"40,3,135"
18582,"40,3,169"
18583,"23,3,38"
18584,"40,131,0"
18585,"169,3,64"
18586,"64,10,3"
18587,"3,40,169"
18588,"23,10,3"
18589,"10,23,40"
18590,"0,3,10"
18591,"23,10,40"
18592,"3,0,21"
18593,"3,40,0"
18594,"3,40,21"
18595,"3,4,111"
18596,"3,169,23"
18597,"3,40,21"
18598,"0,23,3"
18599,"169,0,3"
18600,"10,64,3"
18601,"3,40,0"
18602,"23,0,38"
18603,"40,131,0"
18604,"3,40"
18605,"40,3,41"
18606,"10,220,0"
18607,"169,23,3"
18608,"23,3,40"
18609,"3,21,40"
18610,"3,40,169"
18611,"23,40,3"
18612,"0,23,3"
18613,"40,3,41"
18614,"0,169,3"
18615,"0,3,271"
18616,"3,4,0"
18617,"10,3,11"
18618,"0,23,3"
18619,"0,23,3"
18620,"3,40"
18621,"0,3,40"
18622,"40,3,41"
18623,"10,64,0"
18624,"3,40,0"
18625,"10,0,23"
18626,"10,3,0"
18627,"40,3,23"
18628,"3,0,296"
18629,"23,0,3"
18630,"3,4,21"
18631,"3,0,40"
18632,"3,0,4"
18633,"3,0,40"
18634,"0,3,8"
18635,"3,0,40"
18636,"23,40,0"
18637,"10,0,3"
18638,"40,3,135"
18639,"10,0,3"
18640,"23,24,64"
18641,"3,40,21"
18642,"23,40,38"
18643,"10,64,3"
18644,"3,21,40"
18645,"23,38,24"
18646,"3,40,169"
18647,"3,40,21"
18648,"40,3,0"
18649,"0,10,23"
18650,"3,21,0"
18651,"3,0,21"
18652,"3,40,21"
18653,"23,0,40"
18654,"3,40,0"
18655,"3,40"
18656,"0,271,23"
18657,"0,3,271"
18658,"23,0,40"
18659,"3,40,169"
18660,"3,40,169"
18661,"0,8,3"
18662,"3,21,40"
18663,"40,131,145"
18664,"3,4"
18665,"3,10,40"
18666,"10,0,3"
18667,"64,10,3"
18668,"0,3"
18669,"40,3,41"
18670,"23,10,40"
18671,"0,3,271"
18672,"3,0,40"
18673,"40,3,0"
18674,"0,8,271"
18675,"3,23,40"
18676,"40,3,169"
18677,"3,0,40"
18678,"10,64,0"
18679,"0,3,40"
18680,"0,23,8"
18681,"40,3"
18682,"169,3,40"
18683,"0,10,3"
18684,"3,0,169"
18685,"23,24,3"
18686,"3,0,40"
18687,"40,3,0"
18688,"3,40,21"
18689,"23,24,3"
18690,"3,4,21"
18691,"23,40,0"
18692,"10,0,23"
18693,"3,23,0"
18694,"10,0,220"
18695,"3,40,0"
18696,"23,3,74"
18697,"40,0,23"
18698,"23,24,10"
18699,"10,23,3"
18700,"0,3,10"
18701,"0,169,3"
18702,"3,4,0"
18703,"0,40,23"
18704,"23,38,40"
18705,"3,169,40"
18706,"0,3,10"
18707,"3,40"
18708,"10,0,3"
18709,"10,0,23"
18710,"0,3,169"
18711,"64,10,3"
18712,"3,169,0"
18713,"169,3,23"
18714,"3,0"
18715,"3,40,0"
18716,"3,23,296"
18717,"3,40,0"
18718,"23,0,10"
18719,"3,21,4"
18720,"0,3,169"
18721,"40,3,131"
18722,"0,3,23"
18723,"0,3,10"
18724,"64,3,10"
18725,"169,23,0"
18726,"3,40,0"
18727,"40,3,169"
18728,"23,0,3"
18729,"40,3,41"
18730,"0,3"
18731,"23,40,0"
18732,"0,23,3"
18733,"40,131,3"
18734,"169,40,3"
18735,"3,0,40"
18736,"23,10,40"
18737,"10,0,23"
18738,"3,23,40"
18739,"3,169,0"
18740,"40,0,131"
18741,"3,0,40"
18742,"3,40,0"
18743,"0,40,3"
18744,"3,4,21"
18745,"40,131,23"
18746,"169,3,23"
18747,"3,23,0"
18748,"40,3,23"
18749,"169,40,199"
18750,"3,40,23"
18751,"3,40,21"
18752,"23,40,3"
18753,"40,131,3"
18754,"0,3,23"
18755,"3,40,0"
18756,"10,64,0"
18757,"3,0,40"
18758,"23,24,10"
18759,"0,3"
18760,"23,3,0"
18761,"23,24,38"
18762,"0,3,23"
18763,"3,21,111"
18764,"10,0,3"
18765,"23,3,40"
18766,"23,40,3"
18767,"23,0,38"
18768,"3,40,21"
18769,"3,0,23"
18770,"0,8,3"
18771,"3,40,0"
18772,"23,0,38"
18773,"40,131,3"
18774,"3,64,23"
18775,"3,0,4"
18776,"3,40,0"
18777,"40,23,131"
18778,"3,0,40"
18779,"3,40,21"
18780,"10,64,23"
18781,"24,23,10"
18782,"10,23,3"
18783,"40,3,169"
18784,"3,4,0"
18785,"0,40,3"
18786,"10,23,3"
18787,"0,3,271"
18788,"10,23,0"
18789,"10,64,23"
18790,"3,40,21"
18791,"10,64,3"
18792,"0,3,8"
18793,"3,0,40"
18794,"3,0,40"
18795,"40,169,3"
18796,"0,3,8"
18797,"169,40,3"
18798,"23,24,3"
18799,"24,3,23"
18800,"3,4,0"
18801,"169,23,3"
18802,"169,3,40"
18803,"0,271,265"
18804,"10,0,3"
18805,"3,0,10"
18806,"64,10,0"
18807,"23,0,38"
18808,"3,40,0"
18809,"10,220,40"
18810,"3,0,4"
18811,"3,40"
18812,"40,23,0"
18813,"23,0,26"
18814,"40,3"
18815,"0,3,8"
18816,"10,11,3"
18817,"40,10,0"
18818,"23,3,40"
18819,"3,23,24"
18820,"3,40,21"
18821,"23,3,0"
18822,"3,0,4"
18823,"23,3,40"
18824,"3,40,169"
18825,"3,169,23"
18826,"3,21,0"
18827,"3,169,24"
18828,"10,3,11"
18829,"0,3,40"
18830,"3,40,0"
18831,"169,3,23"
18832,"23,40,3"
18833,"3,0,40"
18834,"3,40,21"
18835,"10,23,0"
18836,"0,3,40"
18837,"169,23,3"
18838,"3,40,21"
18839,"10,64,3"
18840,"169,3,40"
18841,"23,0,38"
18842,"0,3,271"
18843,"3,40,21"
18844,"23,3,0"
18845,"40,3,131"
18846,"10,0,23"
18847,"40,3,41"
18848,"10,23,24"
18849,"23,0,38"
18850,"3,21,111"
18851,"3,40,0"
18852,"169,170,199"
18853,"3,4,111"
18854,"3,0,40"
18855,"0,271,265"
18856,"3,0,169"
18857,"23,3,24"
18858,"40,131,23"
18859,"3,40,21"
18860,"3,40,21"
18861,"0,3,265"
18862,"10,64,0"
18863,"10,24,64"
18864,"3,169,40"
18865,"3,169,40"
18866,"0,23,3"
18867,"10,0,40"
18868,"3,23,40"
18869,"3,4,0"
18870,"23,169,3"
18871,"23,10,24"
18872,"40,131"
18873,"0,3,40"
18874,"23,24,10"
18875,"3,40,0"
18876,"23,0,3"
18877,"169,3,0"
18878,"3,40,0"
18879,"3,40,23"
18880,"3,21,40"
18881,"3,0,4"
18882,"3,0,23"
18883,"3,169,10"
18884,"23,24,3"
18885,"10,0,220"
18886,"10,0,64"
18887,"3,21,40"
18888,"3,21,40"
18889,"0,8,3"
18890,"10,0,3"
18891,"23,24,10"
18892,"0,3,40"
18893,"3,169,0"
18894,"0,8,3"
18895,"3,40,21"
18896,"10,3,0"
18897,"10,23,3"
18898,"23,40,38"
18899,"0,23,38"
18900,"40,3,41"
18901,"3,0"
18902,"0,3,271"
18903,"10,64,3"
18904,"3,40,135"
18905,"10,23,64"
18906,"23,40,0"
18907,"23,10,3"
18908,"23,24,10"
18909,"23,3,40"
18910,"3,40,21"
18911,"10,11,0"
18912,"3,40,0"
18913,"40,3"
18914,"0,3,23"
18915,"0,3,40"
18916,"3,4,21"
18917,"3,10,0"
18918,"23,10,24"
18919,"3,10,40"
18920,"3,0,40"
18921,"23,24,10"
18922,"0,3"
18923,"10,220,3"
18924,"3,0,169"
18925,"3,40,0"
18926,"3,40,0"
18927,"3,40,169"
18928,"3,21,111"
18929,"40,0,10"
18930,"3,40,0"
18931,"3,40,0"
18932,"23,0,3"
18933,"40,23,0"
18934,"40,23,3"
18935,"40,23,3"
18936,"3,64,40"
18937,"0,3,40"
18938,"3,40,23"
18939,"10,64,23"
18940,"0,3,40"
18941,"0,3,40"
18942,"169,170,3"
18943,"3,40,0"
18944,"0,271,3"
18945,"10,23,3"
18946,"0,3,271"
18947,"40,3"
18948,"10,3,220"
18949,"3,40,0"
18950,"3,0,40"
18951,"10,220,3"
18952,"0,271,3"
18953,"0,3,265"
18954,"3,40,0"
18955,"3,4"
18956,"0,3,10"
18957,"0,8,3"
18958,"40,3,131"
18959,"0,3,10"
18960,"3,0,40"
18961,"23,24,64"
18962,"0,23,3"
18963,"23,0,38"
18964,"23,0,38"
18965,"0,3,271"
18966,"40,3,41"
18967,"3,21,4"
18968,"40,3"
18969,"10,3,0"
18970,"40,131,3"
18971,"3,40"
18972,"169,3,0"
18973,"3,21,169"
18974,"3,0,40"
18975,"3,4"
18976,"23,24,10"
18977,"0,23,3"
18978,"23,3,40"
18979,"40,23,0"
18980,"3,21,40"
18981,"3,0,10"
18982,"40,3,131"
18983,"10,3,64"
18984,"3,0,4"
18985,"40,131,3"
18986,"3,0,40"
18987,"10,64,24"
18988,"3,21,4"
18989,"10,64,0"
18990,"3,4,0"
18991,"3,40,0"
18992,"3,0,40"
18993,"3,0,40"
18994,"10,64,3"
18995,"3,40,0"
18996,"169,3,23"
18997,"3,38,21"
18998,"3,0,40"
18999,"0,10,23"
19000,"3,40"
19001,"3,40,0"
19002,"3,4,0"
19003,"3,21,40"
19004,"3,0,40"
19005,"0,3,40"
19006,"3,4,0"
19007,"3,169,40"
19008,"0,169,3"
19009,"3,40,0"
19010,"0,3,23"
19011,"3,40,0"
19012,"3,23,40"
19013,"40,3,131"
19014,"3,0,169"
19015,"3,40,21"
19016,"3,0,40"
19017,"3,40,21"
19018,"10,220,3"
19019,"0,3,271"
19020,"64,10,3"
19021,"3,40,21"
19022,"23,0,3"
19023,"10,0,220"
19024,"3,4"
19025,"40,131,3"
19026,"3,40,0"
19027,"3,0,40"
19028,"3,4,0"
19029,"23,0,40"
19030,"40,3,131"
19031,"10,3,24"
19032,"40,3,41"
19033,"3,0,4"
19034,"10,64,0"
19035,"0,3,265"
19036,"3,40,0"
19037,"40,23,3"
19038,"3,0,23"
19039,"40,3,0"
19040,"3,40,0"
19041,"3,40,0"
19042,"23,10,0"
19043,"10,23,0"
19044,"3,21,40"
19045,"3,0,40"
19046,"0,3"
19047,"3,4,21"
19048,"0,23,40"
19049,"0,271,265"
19050,"40,3,169"
19051,"64,10,3"
19052,"0,3,40"
19053,"0,3,271"
19054,"10,220,3"
19055,"0,3,271"
19056,"3,0,40"
19057,"169,3,40"
19058,"3,10,40"
19059,"40,131,3"
19060,"3,0,4"
19061,"23,10,0"
19062,"3,40,0"
19063,"169,40,3"
19064,"3,0,40"
19065,"3,4,40"
19066,"3,0,40"
19067,"0,3,265"
19068,"3,40,21"
19069,"3,40,0"
19070,"3,4,21"
19071,"3,40,21"
19072,"3,21,111"
19073,"3,0,40"
19074,"3,0,40"
19075,"23,0,10"
19076,"3,0,169"
19077,"3,4,111"
19078,"10,3,23"
19079,"40,3,0"
19080,"0,23,3"
19081,"3,40,21"
19082,"23,64,0"
19083,"169,3,23"
19084,"3,40,0"
19085,"0,23,3"
19086,"23,10,0"
19087,"23,3,0"
19088,"3,40,0"
19089,"0,40,23"
19090,"3,40,0"
19091,"23,3,10"
19092,"3,4"
19093,"23,24,10"
19094,"0,3"
19095,"40,3,0"
19096,"3,23,0"
19097,"23,10,0"
19098,"10,220,3"
19099,"3,169,10"
19100,"23,0,40"
19101,"40,0,3"
19102,"3,4,21"
19103,"3,40"
19104,"3,40,0"
19105,"0,271,3"
19106,"3,0,40"
19107,"3,0,21"
19108,"3,23,40"
19109,"10,64,3"
19110,"3,169,40"
19111,"0,10,3"
19112,"10,64,0"
19113,"3,40,0"
19114,"169,3,0"
19115,"3,23,40"
19116,"0,3,271"
19117,"10,23,24"
19118,"40,3,23"
19119,"3,4,0"
19120,"0,3,10"
19121,"3,40,21"
19122,"0,3,10"
19123,"0,3,23"
19124,"3,0,40"
19125,"23,24,3"
19126,"3,40,21"
19127,"3,0,23"
19128,"23,40,3"
19129,"10,23,24"
19130,"3,21,40"
19131,"0,3,169"
19132,"3,0,40"
19133,"169,40,3"
19134,"0,3"
19135,"40,3,41"
19136,"0,3,271"
19137,"40,3,131"
19138,"40,131,0"
19139,"10,3,11"
19140,"0,3,23"
19141,"23,38,40"
19142,"169,3,23"
19143,"3,0,40"
19144,"0,169,40"
19145,"23,74,38"
19146,"40,23,3"
19147,"0,3,40"
19148,"3,40,0"
19149,"10,24,23"
19150,"0,271,265"
19151,"3,4,111"
19152,"169,3,40"
19153,"3,40,21"
19154,"23,0,24"
19155,"0,3,271"
19156,"3,40,23"
19157,"10,3,0"
19158,"64,10,0"
19159,"10,24,23"
19160,"23,0,40"
19161,"10,0,23"
19162,"0,8,3"
19163,"3,23,40"
19164,"3,23,40"
19165,"40,169,0"
19166,"64,10,23"
19167,"10,0,3"
19168,"3,0"
19169,"3,40,0"
19170,"23,3,0"
19171,"3,21,40"
19172,"3,23,40"
19173,"23,38,0"
19174,"3,40,0"
19175,"64,10,3"
19176,"3,40,0"
19177,"23,10,3"
19178,"40,3,131"
19179,"23,0,38"
19180,"10,3,220"
19181,"0,3,265"
19182,"3,40,0"
19183,"0,40,3"
19184,"23,40,38"
19185,"0,8,3"
19186,"0,3,271"
19187,"40,3,23"
19188,"3,0,40"
19189,"10,220,3"
19190,"3,40,23"
19191,"10,0,23"
19192,"40,169,3"
19193,"3,10,64"
19194,"10,64,3"
19195,"23,3,40"
19196,"0,40,3"
19197,"0,23,3"
19198,"3,40,21"
19199,"3,40,0"
19200,"3,40,0"
19201,"3,40,0"
19202,"0,271,265"
19203,"3,0"
19204,"3,40,21"
19205,"23,0,3"
19206,"0,23,3"
19207,"169,40,3"
19208,"0,23,3"
19209,"3,0,40"
19210,"40,23,3"
19211,"3,4,21"
19212,"3,40,0"
19213,"40,23,3"
19214,"23,3,0"
19215,"3,21,4"
19216,"10,220,3"
19217,"3,40,0"
19218,"10,23,3"
19219,"10,0,3"
19220,"0,23,3"
19221,"3,40,23"
19222,"3,40,21"
19223,"23,40,74"
19224,"0,3,8"
19225,"10,220,3"
19226,"10,64,23"
19227,"23,169,0"
19228,"23,40,3"
19229,"10,24,3"
19230,"3,40,0"
19231,"3,23,0"
19232,"3,40,0"
19233,"40,3,41"
19234,"0,23,10"
19235,"40,3,23"
19236,"3,169,40"
19237,"169,3,199"
19238,"23,0,40"
19239,"3,10,24"
19240,"10,0,220"
19241,"23,24,40"
19242,"0,3,10"
19243,"169,3,40"
19244,"3,40"
19245,"0,23,40"
19246,"0,3,271"
19247,"0,169,3"
19248,"3,40,10"
19249,"3,4,40"
19250,"23,40,3"
19251,"10,64,23"
19252,"0,3,10"
19253,"40,0,23"
19254,"3,0,40"
19255,"23,3,40"
19256,"40,3,41"
19257,"3,0,40"
19258,"64,10,3"
19259,"40,0,131"
19260,"3,40,0"
19261,"3,169,0"
19262,"0,3,169"
19263,"3,23,10"
19264,"40,3,0"
19265,"3,40,21"
19266,"3,4,21"
19267,"3,40,21"
19268,"23,3,40"
19269,"23,38,40"
19270,"10,3,64"
19271,"3,0,23"
19272,"3,21,40"
19273,"23,10,24"
19274,"3,40,21"
19275,"3,40,0"
19276,"23,0,24"
19277,"23,3,31"
19278,"169,40,3"
19279,"0,3,8"
19280,"23,40,0"
19281,"40,0,3"
19282,"3,40,0"
19283,"3,23,40"
19284,"3,4,21"
19285,"3,40,21"
19286,"10,64,3"
19287,"3,23,0"
19288,"3,40,4"
19289,"0,271,3"
19290,"3,23,0"
19291,"0,3"
19292,"0,23,40"
19293,"169,0,296"
19294,"40,3,0"
19295,"3,40"
19296,"3,40,21"
19297,"0,271,3"
19298,"10,23,0"
19299,"3,169,40"
19300,"3,23,40"
19301,"3,40,21"
19302,"40,3"
19303,"23,3,0"
19304,"64,10,3"
19305,"40,3,131"
19306,"23,40,10"
19307,"3,40,23"
19308,"23,10,0"
19309,"0,40,23"
19310,"3,21,30"
19311,"10,64,24"
19312,"23,40,3"
19313,"0,40,3"
19314,"3,23,10"
19315,"0,3,40"
19316,"0,271,265"
19317,"0,3,10"
19318,"3,23,40"
19319,"0,271,265"
19320,"3,40,21"
19321,"3,40"
19322,"10,220,0"
19323,"40,23,3"
19324,"64,40,10"
19325,"3,0,40"
19326,"169,3,170"
19327,"0,23,3"
19328,"10,0,3"
19329,"3,4,21"
19330,"3,40,0"
19331,"10,23,0"
19332,"3,169,40"
19333,"10,220,3"
19334,"0,3,23"
19335,"40,23,3"
19336,"3,40"
19337,"3,0,4"
19338,"3,0,4"
19339,"169,3,199"
19340,"169,23,3"
19341,"3,40,169"
19342,"3,40"
19343,"0,8,23"
19344,"3,21,40"
19345,"40,23,3"
19346,"40,0,3"
19347,"0,3,271"
19348,"169,0,3"
19349,"0,23,3"
19350,"23,40,3"
19351,"23,24,10"
19352,"169,3,0"
19353,"23,10,3"
19354,"10,220,0"
19355,"23,3,0"
19356,"23,24,40"
19357,"40,0,23"
19358,"3,40,135"
19359,"23,0,38"
19360,"3,0,40"
19361,"3,10,0"
19362,"40,3,131"
19363,"3,40,0"
19364,"3,40,0"
19365,"3,0,10"
19366,"3,10,64"
19367,"3,169,64"
19368,"10,0,3"
19369,"40,3"
19370,"0,3,271"
19371,"0,23,3"
19372,"23,40,0"
19373,"40,131,3"
19374,"3,23,0"
19375,"3,40,21"
19376,"23,0,3"
19377,"169,3,199"
19378,"10,220,0"
19379,"10,0,3"
19380,"0,3,40"
19381,"10,0,3"
19382,"0,3,40"
19383,"3,40,23"
19384,"3,40,0"
19385,"0,3"
19386,"23,0,3"
19387,"3,0,21"
19388,"10,23,24"
19389,"40,3"
19390,"10,0,3"
19391,"0,3,40"
19392,"10,24,23"
19393,"23,40,24"
19394,"0,3,271"
19395,"3,40,0"
19396,"3,169,0"
19397,"3,40,169"
19398,"3,40,0"
19399,"10,220,0"
19400,"0,3,10"
19401,"0,3,23"
19402,"169,3,40"
19403,"23,40,3"
19404,"3,40"
19405,"40,10,0"
19406,"3,40,0"
19407,"169,3,0"
19408,"0,23,3"
19409,"3,10,64"
19410,"3,40,0"
19411,"0,10,3"
19412,"23,40,0"
19413,"23,3,40"
19414,"3,23,40"
19415,"3,0,4"
19416,"0,3,8"
19417,"23,3,0"
19418,"3,40,21"
19419,"3,40,21"
19420,"64,10,3"
19421,"23,40,0"
19422,"40,3"
19423,"40,3,23"
19424,"3,4,21"
19425,"0,8,23"
19426,"10,23,24"
19427,"3,0,40"
19428,"23,0,3"
19429,"64,3,23"
19430,"10,64,3"
19431,"3,0,40"
19432,"3,40,0"
19433,"40,3,0"
19434,"3,169,40"
19435,"23,0,3"
19436,"3,21,40"
19437,"23,0,40"
19438,"3,4"
19439,"3,40,0"
19440,"10,3,0"
19441,"23,24,3"
19442,"40,3,41"
19443,"23,24,38"
19444,"0,40,23"
19445,"0,3,40"
19446,"23,24,3"
19447,"0,3,10"
19448,"3,23,24"
19449,"0,3,23"
19450,"0,40,3"
19451,"0,271,3"
19452,"3,0,23"
19453,"3,40,0"
19454,"3,0,40"
19455,"3,40,0"
19456,"0,3,271"
19457,"0,3,40"
19458,"3,40,0"
19459,"0,169,3"
19460,"0,3,23"
19461,"3,40,0"
19462,"40,3,160"
19463,"3,40,21"
19464,"40,23,3"
19465,"10,11,3"
19466,"3,0,40"
19467,"23,38,0"
19468,"3,40,21"
19469,"40,3,41"
19470,"10,3,11"
19471,"40,3,131"
19472,"3,23,40"
19473,"3,21,40"
19474,"40,3,131"
19475,"23,40,0"
19476,"3,40,0"
19477,"23,40,38"
19478,"3,4,0"
19479,"40,23,10"
19480,"3,40,0"
19481,"0,169,3"
19482,"169,3,40"
19483,"0,271,265"
19484,"3,0,4"
19485,"3,169,0"
19486,"3,0,40"
19487,"3,23,40"
19488,"3,40,169"
19489,"3,40,21"
19490,"40,131,41"
19491,"40,131,3"
19492,"3,169,40"
19493,"3,21,4"
19494,"3,0,40"
19495,"3,169,40"
19496,"10,0,3"
19497,"23,3,10"
19498,"40,23,3"
19499,"3,0,169"
19500,"0,8,3"
19501,"3,40,21"
19502,"40,23,3"
19503,"10,3,0"
19504,"10,64,3"
19505,"23,3,40"
19506,"3,4,21"
19507,"40,3,41"
19508,"3,40,169"
19509,"3,21,40"
19510,"3,4"
19511,"0,3,169"
19512,"10,3,0"
19513,"40,0,10"
19514,"3,169,0"
19515,"23,3,24"
19516,"3,40,0"
19517,"40,3,131"
19518,"40,3,0"
19519,"10,3,11"
19520,"3,21,111"
19521,"0,40,3"
19522,"40,3,0"
19523,"3,23,40"
19524,"40,23,3"
19525,"23,3,10"
19526,"23,3,40"
19527,"64,10,3"
19528,"10,64,24"
19529,"3,0,40"
19530,"3,0,40"
19531,"3,0,40"
19532,"3,169,40"
19533,"169,23,0"
19534,"10,0,3"
19535,"40,3,23"
19536,"40,23,0"
19537,"40,3,0"
19538,"0,3"
19539,"40,3,41"
19540,"0,8,3"
19541,"23,40,3"
19542,"40,23,3"
19543,"3,0,40"
19544,"0,23,3"
19545,"3,169,0"
19546,"10,220,0"
19547,"3,40"
19548,"0,3,10"
19549,"3,0,40"
19550,"23,0,40"
19551,"3,21,40"
19552,"40,131,3"
19553,"0,3,23"
19554,"169,3,199"
19555,"169,3,0"
19556,"0,3,10"
19557,"10,0,40"
19558,"3,4,0"
19559,"3,23,0"
19560,"40,169,23"
19561,"0,23,40"
19562,"0,3,40"
19563,"40,23,3"
19564,"0,40,10"
19565,"23,0,40"
19566,"40,0,23"
19567,"3,40,21"
19568,"40,0,3"
19569,"0,3,23"
19570,"3,40,0"
19571,"3,0,4"
19572,"3,40,21"
19573,"10,0,3"
19574,"40,3,131"
19575,"40,3,23"
19576,"10,0,23"
19577,"3,169,40"
19578,"23,40,3"
19579,"3,4,0"
19580,"3,40,0"
19581,"10,24,0"
19582,"3,23,0"
19583,"40,0,3"
19584,"10,0,3"
19585,"3,0,4"
19586,"0,3,23"
19587,"3,40"
19588,"10,64,11"
19589,"3,4,0"
19590,"3,23,169"
19591,"3,40,21"
19592,"40,3,41"
19593,"0,3,10"
19594,"0,3"
19595,"3,0,4"
19596,"3,0,40"
19597,"40,3,131"
19598,"169,3,0"
19599,"3,40"
19600,"23,24,10"
19601,"169,0,199"
19602,"3,169,23"
19603,"10,0,3"
19604,"3,21,4"
19605,"3,40"
19606,"23,24,10"
19607,"3,21,111"
19608,"0,3,169"
19609,"10,3,0"
19610,"3,4,21"
19611,"3,40"
19612,"40,0,3"
19613,"3,40,23"
19614,"0,3,8"
19615,"3,40,21"
19616,"23,10,3"
19617,"169,3,40"
19618,"169,3,40"
19619,"10,220,0"
19620,"3,0"
19621,"3,169,40"
19622,"3,23,40"
19623,"3,23,40"
19624,"0,169,3"
19625,"3,4,30"
19626,"3,40,0"
19627,"0,8,3"
19628,"40,131,3"
19629,"23,0,40"
19630,"10,64,0"
19631,"0,3,40"
19632,"3,40,0"
19633,"23,0,3"
19634,"3,23,40"
19635,"3,40,135"
19636,"3,40,23"
19637,"3,40,21"
19638,"0,23,3"
19639,"23,3,0"
19640,"3,23,40"
19641,"3,40,0"
19642,"23,0,3"
19643,"40,3,131"
19644,"3,40,21"
19645,"10,40,0"
19646,"169,23,0"
19647,"0,23,3"
19648,"23,0,40"
19649,"23,3,0"
19650,"3,0,23"
19651,"23,0,3"
19652,"3,40,4"
19653,"10,23,40"
19654,"40,131,0"
19655,"23,3,38"
19656,"3,40,21"
19657,"3,40,21"
