id,label
0,"10,64,93"
1,"3,17,320"
2,"169,296,300"
3,"0,216,257"
4,"23,25,24"
5,"0,8,206"
6,"145,44,45"
7,"40,42,41"
8,"23,24,49"
9,"3,21,301"
10,"0,265,418"
11,"40,145,502"
12,"337,311,426"
13,"271,0,456"
14,"38,71,24"
15,"24,38,71"
16,"10,64,80"
17,"3,53,523"
18,"10,64,93"
19,"220,10,25"
20,"199,323,40"
21,"0,8,308"
22,"3,5,6"
23,"40,160,315"
24,"0,326,105"
25,"40,131,406"
26,"3,21"
27,"10,64,93"
28,"3,17,320"
29,"3,111,13"
30,"43,23,24"
31,"3,53"
32,"131,40,406"
33,"23,0,26"
34,"220,10"
35,"3,21"
36,"3,5,85"
37,"44,145"
38,"3,4"
39,"40,131"
40,"26,23,0"
41,"3,21,301"
42,"135,40,138"
43,"0,291,271"
44,"10,72,11"
45,"40,162"
46,"3,17,320"
47,"60,10,234"
48,"40,128,186"
49,"21,234,3"
50,"38,0,265"
51,"3,147,148"
52,"145,40"
53,"3,53,523"
54,"3,21,182"
55,"40,3,41"
56,"10,64,90"
57,"3,111,199"
58,"23,74,118"
59,"3,301,21"
60,"3,13"
61,"64,10,80"
62,"0,271,255"
63,"3,53,111"
64,"0,208,512"
65,"3,340,0"
66,"40,131"
67,"199,170,323"
68,"3,17,320"
69,"3,53,287"
70,"64,10"
71,"10,64,448"
72,"40,41,224"
73,"40,41,42"
74,"10,220"
75,"0,265"
76,"3,21,187"
77,"0,346,313"
78,"23,24,49"
79,"10,220"
80,"10,64,93"
81,"40,3,21"
82,"10,60,11"
83,"296,169,306"
84,"49,24,23"
85,"23,38"
86,"40,131,406"
87,"40,41,3"
88,"26,23,89"
89,"3,53,523"
90,"40,145,10"
91,"220,10"
92,"0,216,257"
93,"4,3,435"
94,"296,169,40"
95,"40,145,131"
96,"23,24,49"
97,"40,131,241"
98,"40,402,145"
99,"0,308,8"
100,"231,26,23"
101,"23,24,38"
102,"24,49,23"
103,"3,156"
104,"145,44"
105,"0,350,456"
106,"0,3,265"
107,"49,23,24"
108,"0,360,271"
109,"0,8,206"
110,"3,5"
111,"23,199,281"
112,"3,4,435"
113,"3,187,21"
114,"10,220"
115,"281,199,169"
116,"0,313,485"
117,"25,24,23"
118,"23,74,283"
119,"3,21"
120,"3,147,35"
121,"0,3,265"
122,"145,44,69"
123,"40,41,224"
124,"3,5,53"
125,"3,21"
126,"0,229,230"
127,"40,145,23"
128,"0,271"
129,"0,265,418"
130,"40,145,478"
131,"337,296,251"
132,"197,60,23"
133,"135,40,250"
134,"3,28,30"
135,"73,145,44"
136,"0,456,271"
137,"40,145,402"
138,"0,265,349"
139,"170,199,171"
140,"40,135,250"
141,"3,111,112"
142,"169,170,436"
143,"3,21,301"
144,"72,44,145"
145,"10,11,145"
146,"3,4"
147,"8,0,405"
148,"64,10,448"
149,"40,160"
150,"135,40,295"
151,"23,38,63"
152,"4,3,435"
153,"0,265"
154,"426,311,259"
155,"26,23,231"
156,"40,131,241"
157,"145,44,45"
158,"40,128"
159,"311,426,337"
160,"0,308,8"
161,"23,38,39"
162,"40,241,131"
163,"3,111,267"
164,"0,271,291"
165,"40,195,128"
166,"10,64,90"
167,"10,64,93"
168,"44,45,145"
169,"40,128,186"
170,"3,54,10"
171,"3,52,51"
172,"23,0,296"
173,"4,3,19"
174,"199,169"
175,"0,346,313"
176,"10,64,80"
177,"23,38,82"
178,"3,21,301"
179,"8,308,0"
180,"3,21"
181,"3,21,53"
182,"265,0,340"
183,"3,301,52"
184,"195,128,0"
185,"23,24,49"
186,"255,372,0"
187,"40,135"
188,"64,10,80"
189,"0,291,271"
190,"199,323,170"
191,"311,426,259"
192,"184,40"
193,"23,162,88"
194,"0,277,458"
195,"426,311,259"
196,"40,402,145"
197,"3,21,127"
198,"40,131,406"
199,"0,271,291"
200,"24,23,43"
201,"23,43,24"
202,"3,53,325"
203,"3,4"
204,"170,199,323"
205,"337,296,251"
206,"23,43,24"
207,"38,23,91"
208,"10,145,44"
209,"64,10,80"
210,"3,0,498"
211,"8,0,235"
212,"0,265,271"
213,"3,53,182"
214,"0,265"
215,"40,145,181"
216,"23,31,32"
217,"38,71,24"
218,"3,21"
219,"40,160"
220,"38,23,39"
221,"0,271,291"
222,"3,4,435"
223,"169,199,281"
224,"40,160,302"
225,"13,3,204"
226,"64,10,448"
227,"10,64,93"
228,"5,3"
229,"3,21,187"
230,"402,40,145"
231,"3,265,0"
232,"26,23,0"
233,"3,301,0"
234,"40,145,146"
235,"40,131,134"
236,"3,53,30"
237,"337,296,251"
238,"40,402,145"
239,"43,23,24"
240,"0,346,313"
241,"0,271,291"
242,"184,494,40"
243,"40,131,241"
244,"0,271"
245,"0,455,414"
246,"60,234,21"
247,"160,40,169"
248,"3,17,15"
249,"128,40,129"
250,"145,44,24"
251,"220,10"
252,"147,148,3"
253,"3,21,41"
254,"23,137"
255,"8,308,0"
256,"3,21,40"
257,"3,13,204"
258,"128,40,129"
259,"145,44,45"
260,"64,10,93"
261,"3,4"
262,"10,64,93"
263,"3,147,148"
264,"3,21"
265,"3,21,301"
266,"23,24,38"
267,"40,131,241"
268,"10,64,93"
269,"40,160"
270,"3,21,53"
271,"40,131"
272,"23,24,49"
273,"40,38,23"
274,"145,45,44"
275,"64,40,145"
276,"32,23,31"
277,"3,21,301"
278,"23,74,118"
279,"40,131,241"
280,"23,24,38"
281,"10,220,221"
282,"0,265,8"
283,"3,21,187"
284,"3,21"
285,"3,4,435"
286,"64,10,80"
287,"0,271"
288,"10,64,93"
289,"26,231,0"
290,"0,271,313"
291,"23,43,24"
292,"44,145,45"
293,"49,24,23"
294,"3,15,16"
295,"40,160,149"
296,"3,40,164"
297,"135,40,189"
298,"311,426,337"
299,"3,51,17"
300,"3,15,16"
301,"3,21"
302,"24,71,38"
303,"3,111,21"
304,"337,296,0"
305,"271,0,291"
306,"241,131,40"
307,"8,308,0"
308,"64,10,80"
309,"40,139,41"
310,"0,271,291"
311,"3,34,447"
312,"3,21"
313,"49,23,24"
314,"3,17,320"
315,"0,271"
316,"40,131,241"
317,"3,5,147"
318,"3,0,303"
319,"24,23,62"
320,"216,212,211"
321,"40,241,131"
322,"165,0"
323,"3,53,523"
324,"40,160"
325,"40,131"
326,"3,28"
327,"40,135,431"
328,"43,23,24"
329,"0,216,271"
330,"23,24,43"
331,"40,129,128"
332,"216,0,211"
333,"3,111,123"
334,"0,271,366"
335,"3,13,204"
336,"24,23,43"
337,"3,34,187"
338,"3,21"
339,"3,147,148"
340,"220,10,221"
341,"147,3,156"
342,"128,40,129"
343,"3,5,331"
344,"40,131,135"
345,"145,40,402"
346,"169,296,460"
347,"220,10,221"
348,"3,4"
349,"169,296,300"
350,"145,44,69"
351,"23,231,26"
352,"169,296,411"
353,"0,8,308"
354,"3,13,204"
355,"0,145,370"
356,"23,38,39"
357,"508,426"
358,"0,271,291"
359,"448,10,64"
360,"40,131,31"
361,"145,40,402"
362,"3,21,301"
363,"40,131,241"
364,"169,508,426"
365,"271,0,291"
366,"0,8,218"
367,"0,458,277"
368,"23,74,317"
369,"40,135,431"
370,"3,51,52"
371,"23,24,43"
372,"23,74,118"
373,"131,40,241"
374,"0,8,206"
375,"145,40,402"
376,"199,170,323"
377,"3,30,81"
378,"40,41,224"
379,"23,31,96"
380,"3,40"
381,"3,169,287"
382,"169,426,427"
383,"169,199,343"
384,"17,3,320"
385,"220,10"
386,"10,220,24"
387,"38,23,24"
388,"216,212,211"
389,"3,301,53"
390,"23,24,25"
391,"24,23,25"
392,"0,216,271"
393,"10,64,80"
394,"0,265,418"
395,"3,21,182"
396,"23,38,309"
397,"3,21"
398,"337,339,169"
399,"3,21,170"
400,"145,44,45"
401,"426,311,259"
402,"3,147,148"
403,"0,271,291"
404,"3,21,301"
405,"0,8,235"
406,"3,21,52"
407,"40,131,241"
408,"3,21,187"
409,"3,21,53"
410,"3,21"
411,"15,3,16"
412,"23,49,24"
413,"169,170,311"
414,"0,8,206"
415,"131,40,406"
416,"23,26,89"
417,"10,220"
418,"40,145,478"
419,"23,38,88"
420,"31,23,170"
421,"10,220"
422,"370,216,0"
423,"74,23,303"
424,"346,313,0"
425,"0,271,363"
426,"296,169"
427,"145,181,40"
428,"169,260,170"
429,"199,169"
430,"128,40,129"
431,"23,26,350"
432,"72,10,145"
433,"40,145,402"
434,"234,21,60"
435,"111,119,41"
436,"0,208,216"
437,"10,220"
438,"40,128,250"
439,"169,337,339"
440,"296,169"
441,"0,265,418"
442,"3,17,15"
443,"337,169,311"
444,"216,0,370"
445,"3,4,435"
446,"0,265"
447,"0,271"
448,"10,64,93"
449,"40,128,129"
450,"0,271,429"
451,"0,216,354"
452,"296,169,526"
453,"40,160,302"
454,"74,23,3"
455,"281,199,169"
456,"40,131"
457,"10,64,80"
458,"3,147,148"
459,"40,131,241"
460,"0,8,271"
461,"3,53"
462,"71,24,38"
463,"184,40,185"
464,"0,265"
465,"0,271,8"
466,"23,26,350"
467,"40,402,145"
468,"44,45,145"
469,"3,53,287"
470,"170,171,199"
471,"0,271,291"
472,"10,64,93"
473,"0,249,279"
474,"23,26,350"
475,"0,265"
476,"0,38,265"
477,"311,426,259"
478,"40,160,315"
479,"199,170,323"
480,"23,38,107"
481,"145,44,45"
482,"40,131,406"
483,"0,271,220"
484,"3,21"
485,"0,206,8"
486,"64,10,80"
487,"0,216"
488,"23,74,165"
489,"40,315,160"
490,"64,10,80"
491,"23,111,38"
492,"10,93,64"
493,"0,265"
494,"41,40,164"
495,"0,271,214"
496,"40,135,141"
497,"10,220"
498,"0,8,308"
499,"40,145,493"
500,"281,199,169"
501,"3,21,33"
502,"23,24,49"
503,"64,10,80"
504,"17,3,320"
505,"40,131"
506,"64,10,93"
507,"40,135,431"
508,"3,21,301"
509,"3,53,287"
510,"10,64,93"
511,"40,128,186"
512,"0,271"
513,"10,60,61"
514,"3,111,435"
515,"40,128,186"
516,"3,187"
517,"170,199,323"
518,"21,3"
519,"3,15,16"
520,"0,265,418"
521,"0,249,279"
522,"40,402,145"
523,"40,131,406"
524,"23,31,32"
525,"231,26,23"
526,"23,74,118"
527,"134,40,131"
528,"169,296,300"
529,"23,454,31"
530,"10,60,239"
531,"220,10"
532,"145,44,45"
533,"0,249,279"
534,"337,311,426"
535,"308,0,8"
536,"3,147,21"
537,"0,8,206"
538,"3,401"
539,"3,182,21"
540,"0,265"
541,"38,23,87"
542,"23,88,38"
543,"3,4"
544,"111,119,3"
545,"40,128,175"
546,"10,64,80"
547,"23,141,118"
548,"3,15,16"
549,"10,60,3"
550,"135,40,138"
551,"0,208,369"
552,"40,128,3"
553,"220,10"
554,"10,60,489"
555,"145,40,181"
556,"43,23,24"
557,"23,38,0"
558,"10,64,93"
559,"40,128,129"
560,"10,220"
561,"0,349,265"
562,"220,10"
563,"218,0,64"
564,"3,21"
565,"170,199,323"
566,"346,0,313"
567,"370,216,0"
568,"23,118,74"
569,"44,145,45"
570,"10,60"
571,"40,184,175"
572,"3,13"
573,"64,10,93"
574,"10,60,489"
575,"21,3,102"
576,"10,64,93"
577,"10,145,197"
578,"3,21"
579,"145,44,45"
580,"23,38,309"
581,"3,21,164"
582,"0,218,360"
583,"3,13,5"
584,"3,169,170"
585,"0,8,206"
586,"220,10"
587,"3,147"
588,"23,31,290"
589,"21,3,301"
590,"23,26,231"
591,"10,64,80"
592,"131,241,40"
593,"10,145,95"
594,"10,220"
595,"374,169,3"
596,"23,38,63"
597,"0,8,206"
598,"3,53,111"
599,"23,38,137"
600,"23,74,118"
601,"40,162,131"
602,"3,5"
603,"265,0,418"
604,"3,4,435"
605,"0,271,291"
606,"40,160"
607,"3,147,148"
608,"0,271,366"
609,"23,24,345"
610,"23,24,43"
611,"26,231,23"
612,"265,0,418"
613,"3,21"
614,"128,129,40"
615,"0,255,348"
616,"145,40,402"
617,"23,290,31"
618,"23,24,49"
619,"40,135,431"
620,"23,350,26"
621,"0,8"
622,"21,3,111"
623,"3,34,143"
624,"100,40,367"
625,"0,346,313"
626,"311,426,259"
627,"40,199,17"
628,"40,402,145"
629,"3,4"
630,"31,23,328"
631,"8,0,206"
632,"40,169,241"
633,"169,170,40"
634,"0,271,360"
635,"23,26,350"
636,"40,135"
637,"3,21,187"
638,"40,160,315"
639,"0,271,456"
640,"23,74,3"
641,"0,8,206"
642,"40,135,236"
643,"40,135,250"
644,"3,164,21"
645,"23,26,38"
646,"3,21"
647,"169,23,31"
648,"3,4,19"
649,"296,251,337"
650,"10,54,23"
651,"23,24,62"
652,"23,31,290"
653,"40,160,315"
654,"31,23"
655,"40,131,241"
656,"3,52,51"
657,"0,8,206"
658,"3,40,222"
659,"3,13,204"
660,"40,131,406"
661,"0,296"
662,"0,3"
663,"23,43,24"
664,"10,11,419"
665,"23,43,24"
666,"64,10,80"
667,"31,96,23"
668,"0,8,308"
669,"23,10,60"
670,"23,24,49"
671,"145,44,10"
672,"220,10"
673,"311,337,426"
674,"40,131,241"
675,"3,147"
676,"448,145"
677,"3,17,53"
678,"3,21,111"
679,"10,220"
680,"0,8,308"
681,"131,40,134"
682,"10,64,448"
683,"23,74"
684,"26,23,231"
685,"3,21,51"
686,"40,145,402"
687,"169,199,170"
688,"251,337,296"
689,"10,220"
690,"53,523,3"
691,"3,311,23"
692,"3,53"
693,"10,64,93"
694,"0,8,206"
695,"0,265"
696,"71,38,24"
697,"15,16,3"
698,"3,53,120"
699,"40,131,241"
700,"17,3,320"
701,"24,25,23"
702,"23,94,38"
703,"23,0,24"
704,"23,38,337"
705,"135,40,138"
706,"40,241,131"
707,"40,224,41"
708,"0,8,327"
709,"23,24,49"
710,"3,17,320"
711,"23,74,283"
712,"15,16,3"
713,"216,212,211"
714,"23,309,38"
715,"23,24,49"
716,"3,147,156"
717,"3,4,435"
718,"41,40,42"
719,"44,241,72"
720,"3,523,53"
721,"10,11,12"
722,"3,21"
723,"3,523,53"
724,"3,5"
725,"43,24,23"
726,"3,21,53"
727,"0,8"
728,"199,323,170"
729,"40,41,224"
730,"296,337,251"
731,"311,337,426"
732,"3,51,17"
733,"45,44,145"
734,"426,311,259"
735,"311,337,0"
736,"10,64,93"
737,"311,426,259"
738,"218,509,0"
739,"350,0,8"
740,"0,271,291"
741,"271,0"
742,"3,111,474"
743,"145,40,402"
744,"40,145,402"
745,"3,4"
746,"3,53"
747,"481,0,218"
748,"3,182,21"
749,"145,44,45"
750,"40,41,42"
751,"43,24,23"
752,"3,111,21"
753,"169,170,459"
754,"311,337,426"
755,"170,199,323"
756,"145,10,44"
757,"40,135,250"
758,"3,15,16"
759,"311,337,426"
760,"311,426,337"
761,"0,218,208"
762,"10,239,60"
763,"3,182,21"
764,"3,21,182"
765,"0,8,235"
766,"0,265,273"
767,"337,251,296"
768,"0,265,349"
769,"60,170,323"
770,"3,111,21"
771,"64,10,80"
772,"15,16,3"
773,"3,52,51"
774,"311,426,259"
775,"3,21"
776,"3,21,187"
777,"182,3,21"
778,"4,3,19"
779,"10,169,54"
780,"10,93,64"
781,"323,199,170"
782,"0,271,265"
783,"23,3"
784,"3,21"
785,"23,169,296"
786,"0,271,337"
787,"38,71,24"
788,"0,8,308"
789,"8,0,308"
790,"40,41"
791,"220,10"
792,"145,44,45"
793,"23,38,24"
794,"259,311,426"
795,"40,131,406"
796,"3,5"
797,"3,147,34"
798,"40,131,241"
799,"111,3,112"
800,"40,184,494"
801,"0,8"
802,"0,23,271"
803,"40,3"
804,"3,53,13"
805,"260,169,170"
806,"0,313,346"
807,"38,71,24"
808,"281,3,199"
809,"169,3"
810,"23,0,38"
811,"23,24,43"
812,"44,145,45"
813,"0,271,291"
814,"21,3,40"
815,"40,23,135"
816,"3,21"
817,"265,0,349"
818,"3,17,320"
819,"169,170,3"
820,"255,0,271"
821,"3,17,320"
822,"170,199,323"
823,"43,23,24"
824,"3,111"
825,"40,145,402"
826,"8,0,391"
827,"145,72,44"
828,"337,311,426"
829,"40,145,478"
830,"10,64,90"
831,"0,271,360"
832,"145,44,45"
833,"40,131"
834,"3,21,182"
835,"40,317,41"
836,"426,23,24"
837,"40,184,185"
838,"3,435,4"
839,"3,5"
840,"402,40,145"
841,"3,111"
842,"3,5,331"
843,"23,26,89"
844,"23,49,296"
845,"23,40"
846,"169,199"
847,"40,130,128"
848,"0,313,346"
849,"23,31,96"
850,"169,199,343"
851,"40,145,24"
852,"31,23,32"
853,"71,38,24"
854,"3,111"
855,"40,145,146"
856,"49,23,24"
857,"10,64,93"
858,"3,147,148"
859,"169,459,170"
860,"0,308,8"
861,"40,181,145"
862,"40,111,131"
863,"271,0,255"
864,"3,13,204"
865,"40,128,186"
866,"3,21,301"
867,"199,170,171"
868,"3,13,21"
869,"145,181,40"
870,"21,40,124"
871,"3,30,81"
872,"3,301,21"
873,"169,199,343"
874,"0,213,214"
875,"145,40,44"
876,"3,13,204"
877,"131,40,406"
878,"171,199,170"
879,"23,38"
880,"3,21,301"
881,"0,206,8"
882,"40,145,402"
883,"40,131,241"
884,"145,45,44"
885,"40,41,42"
886,"169,170,260"
887,"10,60,61"
888,"3,53,523"
889,"426,311,259"
890,"25,24,145"
891,"111,275,3"
892,"23,74,303"
893,"10,45,95"
894,"145,44"
895,"3,53,523"
896,"131,40,406"
897,"3,53,523"
898,"40,41,111"
899,"0,271,216"
900,"0,271,249"
901,"3,21,41"
902,"24,25,23"
903,"40,131,406"
904,"10,64,93"
905,"23,231,26"
906,"0,8"
907,"0,8,235"
908,"3,111,13"
909,"40,162,135"
910,"220,10"
911,"10,11"
912,"53,3"
913,"45,145,44"
914,"64,10,80"
915,"220,10"
916,"3,4,435"
917,"0,271"
918,"3,4,435"
919,"0,3,23"
920,"3,156,147"
921,"60,234,21"
922,"3,28,113"
923,"64,10,93"
924,"40,146,145"
925,"23,38,39"
926,"21,234,60"
927,"40,128,130"
928,"3,21"
929,"3,111,523"
930,"23,26,89"
931,"0,229,169"
932,"0,38"
933,"23,38,74"
934,"199,323,170"
935,"508,169,426"
936,"41,40,21"
937,"3,53,523"
938,"3,53,523"
939,"169,296"
940,"3,4"
941,"346,313,26"
942,"3,53,120"
943,"40,431,135"
944,"3,4,19"
945,"169,170,199"
946,"0,277,458"
947,"3,21"
948,"23,74,118"
949,"40,241,131"
950,"271,0"
951,"10,60,239"
952,"40,184,494"
953,"40,131"
954,"23,24,49"
955,"10,489,60"
956,"40,402,145"
957,"49,23,24"
958,"60,234,21"
959,"170,323,199"
960,"169,199,170"
961,"3,169,199"
962,"24,23,59"
963,"40,41,250"
964,"24,23,43"
965,"128,40,130"
966,"64,10,80"
967,"169,337,311"
968,"3,4,188"
969,"40,0,241"
970,"40,135,138"
971,"40,160,135"
972,"40,160,141"
973,"216,0,370"
974,"220,10"
975,"0,271,291"
976,"0,8,206"
977,"40,135,141"
978,"3,21,187"
979,"40,201,41"
980,"265,0,340"
981,"0,8,235"
982,"3,17"
983,"3,21"
984,"40,131,134"
985,"40,160,151"
986,"23,105,495"
987,"40,131,134"
988,"10,64"
989,"3,21,301"
990,"3,187,21"
991,"23,24"
992,"251,337,296"
993,"3,21,182"
994,"24,43,23"
995,"3,21"
996,"426,311,259"
997,"40,131,406"
998,"40,201,41"
999,"23,118,74"
1000,"0,265,340"
1001,"3,52,51"
1002,"0,216,257"
1003,"40,131,241"
1004,"40,3,145"
1005,"40,426,311"
1006,"3,301,147"
1007,"24,23,25"
1008,"311,426,337"
1009,"10,60"
1010,"23,231,26"
1011,"3,21,52"
1012,"3,0,340"
1013,"10,64,80"
1014,"3,21,301"
1015,"265,0,418"
1016,"23,24,25"
1017,"23,38,87"
1018,"3,21,187"
1019,"3,435,4"
1020,"0,255,271"
1021,"220,10"
1022,"0,8,265"
1023,"26,23,89"
1024,"3,4,70"
1025,"40,162"
1026,"0,271,313"
1027,"26,23,89"
1028,"3,21,523"
1029,"23,24,43"
1030,"60,40,145"
1031,"24,23,43"
1032,"128,40,186"
1033,"3,21"
1034,"3,53,287"
1035,"3,287,53"
1036,"3,15,16"
1037,"3,111,523"
1038,"3,21,17"
1039,"43,24,23"
1040,"31,3,23"
1041,"145,44,45"
1042,"0,265,418"
1043,"0,271"
1044,"10,64,90"
1045,"38,71,24"
1046,"21,3,301"
1047,"426,508,24"
1048,"10,220"
1049,"0,271,291"
1050,"64,10,93"
1051,"3,21"
1052,"23,24,25"
1053,"23,43,24"
1054,"40,131,406"
1055,"40,145"
1056,"10,220"
1057,"3,275,111"
1058,"3,523,53"
1059,"40,139"
1060,"23,24,43"
1061,"21,3,301"
1062,"111,3"
1063,"0,211,458"
1064,"21,3,301"
1065,"40,152,151"
1066,"145,45,44"
1067,"296,337,251"
1068,"41,224,40"
1069,"111,334,3"
1070,"3,21,22"
1071,"0,265,418"
1072,"10,60,239"
1073,"8,0,206"
1074,"3,182,21"
1075,"3,21,301"
1076,"8,308,0"
1077,"3,156,147"
1078,"40,135,152"
1079,"40,41,224"
1080,"3,13,506"
1081,"3,13"
1082,"271,23,0"
1083,"40,128,175"
1084,"40,286,3"
1085,"402,40,145"
1086,"0,296,452"
1087,"10,199,64"
1088,"3,187,21"
1089,"40,128,23"
1090,"3,331,4"
1091,"40,139,41"
1092,"23,74,303"
1093,"40,3,41"
1094,"337,251,296"
1095,"0,271,291"
1096,"3,17,52"
1097,"40,135,160"
1098,"40,160,41"
1099,"145,146,40"
1100,"271,0,291"
1101,"255,280,271"
1102,"3,111,275"
1103,"24,43,23"
1104,"3,21,187"
1105,"23,44,3"
1106,"8,308,0"
1107,"199,170,171"
1108,"337,251,296"
1109,"199,281,169"
1110,"10,60,239"
1111,"0,8,206"
1112,"24,49,23"
1113,"3,52,51"
1114,"199,170,171"
1115,"40,160,334"
1116,"60,61,10"
1117,"0,216"
1118,"128,40,195"
1119,"40,283,23"
1120,"10,64,93"
1121,"3,52,51"
1122,"311,426,337"
1123,"131,40,241"
1124,"3,21,41"
1125,"169,199,343"
1126,"3,133,5"
1127,"10,64,448"
1128,"0,8,308"
1129,"0,366,271"
1130,"24,25,0"
1131,"10,0,308"
1132,"0,271,291"
1133,"64,80,10"
1134,"205,10,11"
1135,"211,212,216"
1136,"3,21,182"
1137,"311,337,426"
1138,"10,220"
1139,"291,0,271"
1140,"405,0,8"
1141,"3,301,21"
1142,"220,10"
1143,"296,251,337"
1144,"10,11"
1145,"60,197,10"
1146,"3,301,21"
1147,"0,26,231"
1148,"26,23,231"
1149,"301,3,21"
1150,"3,147,148"
1151,"3,21"
1152,"145,40,402"
1153,"23,25,24"
1154,"40,402,145"
1155,"10,60"
1156,"40,402,145"
1157,"0,360,218"
1158,"23,26,0"
1159,"3,523,53"
1160,"170,199,171"
1161,"3,187,21"
1162,"231,26,23"
1163,"74,23,0"
1164,"0,265,340"
1165,"23,74,303"
1166,"3,21,182"
1167,"3,199,169"
1168,"0,271,291"
1169,"38,71,24"
1170,"0,354,216"
1171,"23,74"
1172,"3,4,70"
1173,"0,271"
1174,"0,265,418"
1175,"3,170,53"
1176,"23,24,43"
1177,"0,271,291"
1178,"10,64,80"
1179,"40,160,315"
1180,"170,3,199"
1181,"0,1,2"
1182,"0,265,340"
1183,"23,38,39"
1184,"23,26,350"
1185,"31,23,32"
1186,"10,220"
1187,"3,15,16"
1188,"23,31,290"
1189,"199,170,171"
1190,"23,31,32"
1191,"169,199,374"
1192,"40,145,181"
1193,"40,186,128"
1194,"265,0,349"
1195,"281,199,169"
1196,"3,4,435"
1197,"40,152,151"
1198,"0,265,291"
1199,"60,10"
1200,"10,11,205"
1201,"23,32,31"
1202,"21,41,3"
1203,"23,38,74"
1204,"23,24,25"
1205,"38,71,24"
1206,"0,8,235"
1207,"0,265,349"
1208,"10,220"
1209,"43,24,23"
1210,"128,296,129"
1211,"24,23,62"
1212,"80,10,64"
1213,"169,260,296"
1214,"26,23,350"
1215,"220,10,221"
1216,"23,74"
1217,"53,523,3"
1218,"3,111,21"
1219,"10,64,80"
1220,"426,311,259"
1221,"220,10"
1222,"3,34"
1223,"3,111,282"
1224,"131,40,241"
1225,"69,145,44"
1226,"40,23,38"
1227,"40,128,186"
1228,"40,131"
1229,"199,323,170"
1230,"40,128,175"
1231,"3,13,40"
1232,"0,216,271"
1233,"0,308,8"
1234,"40,145,402"
1235,"317,74,23"
1236,"10,220"
1237,"0,249,279"
1238,"40,402,145"
1239,"3,13,204"
1240,"0,8,327"
1241,"3,218,0"
1242,"145,44,45"
1243,"40,128,186"
1244,"145,44,69"
1245,"0,265,255"
1246,"40,135,431"
1247,"40,128,175"
1248,"64,10"
1249,"337,251,296"
1250,"0,265,418"
1251,"64,10,80"
1252,"3,301,21"
1253,"40,131,241"
1254,"40,41,224"
1255,"231,10,26"
1256,"3,4,435"
1257,"0,265,349"
1258,"169,337,251"
1259,"0,265,349"
1260,"3,21,301"
1261,"169,296"
1262,"10,64,93"
1263,"40,287,3"
1264,"54,10,95"
1265,"40,3"
1266,"3,17"
1267,"38,131,3"
1268,"231,26,23"
1269,"3,21,40"
1270,"3,21,127"
1271,"38,71,24"
1272,"3,21,147"
1273,"131,40"
1274,"169,170,459"
1275,"145,40,44"
1276,"3,17,337"
1277,"3,52,51"
1278,"40,135"
1279,"15,16,3"
1280,"0,218,40"
1281,"3,311,34"
1282,"10,64,54"
1283,"523,53,3"
1284,"169,170"
1285,"3,21,147"
1286,"0,271"
1287,"26,350,23"
1288,"128,40,130"
1289,"0,229,421"
1290,"10,220"
1291,"199,170,323"
1292,"23,31,32"
1293,"231,26,23"
1294,"3,4,176"
1295,"3,182,21"
1296,"3,21,5"
1297,"3,301,21"
1298,"3,147,148"
1299,"10,64,93"
1300,"23,26,89"
1301,"38,23,63"
1302,"21,3"
1303,"3,31,120"
1304,"3,4"
1305,"523,53,3"
1306,"3,21,182"
1307,"311,426,259"
1308,"169,339,337"
1309,"3,4,176"
1310,"3,53,147"
1311,"24,38,241"
1312,"0,265,3"
1313,"145,44,45"
1314,"308,0,8"
1315,"281,3,169"
1316,"3,53"
1317,"265,349,0"
1318,"311,337,426"
1319,"3,21,182"
1320,"64,10,93"
1321,"10,220"
1322,"3,147,148"
1323,"23,74,165"
1324,"23,26,350"
1325,"3,21,187"
1326,"23,26,231"
1327,"10,220"
1328,"3,523,53"
1329,"3,5"
1330,"64,10,80"
1331,"3,111"
1332,"3,187,169"
1333,"40,169,184"
1334,"0,313,271"
1335,"3,21"
1336,"3,13,0"
1337,"10,220"
1338,"3,127,21"
1339,"156,3,147"
1340,"3,21,187"
1341,"145,40,146"
1342,"311,337,426"
1343,"169,199,281"
1344,"23,24,25"
1345,"40,128,129"
1346,"0,313,346"
1347,"3,147,148"
1348,"135,40,138"
1349,"199,170,323"
1350,"23,24,40"
1351,"0,313,346"
1352,"3,188,4"
1353,"0,313,346"
1354,"287,53,3"
1355,"0,271,456"
1356,"3,120"
1357,"3,301,21"
1358,"23,74,118"
1359,"10,11"
1360,"3,35,111"
1361,"40,128"
1362,"3,30,81"
1363,"251,337,296"
1364,"3,53"
1365,"265,0,418"
1366,"0,8,308"
1367,"3,28"
1368,"3,53"
1369,"40,241,131"
1370,"0,271"
1371,"40,128,186"
1372,"44,145,45"
1373,"145,40,402"
1374,"95,10,54"
1375,"145,45,44"
1376,"3,111"
1377,"170,199,323"
1378,"64,10,80"
1379,"23,38"
1380,"145,40,402"
1381,"0,206,8"
1382,"3,53,523"
1383,"3,41,182"
1384,"21,3,301"
1385,"40,160,315"
1386,"199,170,323"
1387,"89,26,23"
1388,"11,10,205"
1389,"3,21"
1390,"3,17,320"
1391,"0,354,216"
1392,"3,21"
1393,"40,131,241"
1394,"3,164,21"
1395,"40,135,138"
1396,"145,45,44"
1397,"0,271,291"
1398,"23,38,26"
1399,"337,251,296"
1400,"40,128,186"
1401,"23,38"
1402,"5,3,331"
1403,"3,21"
1404,"95,54,10"
1405,"199,170,323"
1406,"3,17,21"
1407,"3,111,182"
1408,"3,28,364"
1409,"145,44,72"
1410,"60,239,10"
1411,"0,23,291"
1412,"34,40,263"
1413,"54,145,40"
1414,"221,10,220"
1415,"3,17,21"
1416,"3,275,111"
1417,"3,301,21"
1418,"3,5,21"
1419,"0,8,327"
1420,"3,111,119"
1421,"23,24,345"
1422,"40,160,315"
1423,"23,38,308"
1424,"23,231,26"
1425,"3,21,164"
1426,"311,265,340"
1427,"0,8,23"
1428,"145,44,72"
1429,"3,53,523"
1430,"145,402,40"
1431,"3,21"
1432,"38,24,71"
1433,"10,64,93"
1434,"40,402,145"
1435,"64,448,10"
1436,"23,296"
1437,"311,426,337"
1438,"23,24,49"
1439,"23,287,105"
1440,"3,147,148"
1441,"3,301,204"
1442,"0,169"
1443,"64,10,80"
1444,"145,10,44"
1445,"60,10,239"
1446,"23,74,118"
1447,"23,24,49"
1448,"40,402,145"
1449,"3,21,127"
1450,"0,8"
1451,"111,3,267"
1452,"60,234,21"
1453,"3,21,127"
1454,"64,10,80"
1455,"40,160,315"
1456,"3,182,21"
1457,"40,41,224"
1458,"3,187,21"
1459,"426,311,259"
1460,"23,43,24"
1461,"111,3"
1462,"11,10"
1463,"145,40,402"
1464,"24,23,43"
1465,"128,40,129"
1466,"0,271,291"
1467,"323,199,170"
1468,"0,8,206"
1469,"23,118,74"
1470,"169,427,426"
1471,"23,43,24"
1472,"0,265"
1473,"3,5,331"
1474,"4,3"
1475,"64,10,80"
1476,"145,493,23"
1477,"3,4,435"
1478,"0,271"
1479,"128,40,186"
1480,"74,118,23"
1481,"145,40,10"
1482,"3,147,148"
1483,"0,271"
1484,"49,23,24"
1485,"3,15,16"
1486,"3,53"
1487,"160,40,334"
1488,"3,21,187"
1489,"40,131"
1490,"3,169,147"
1491,"10,60,239"
1492,"145,40,181"
1493,"271,0,291"
1494,"3,148,147"
1495,"40,38,23"
1496,"60,92,10"
1497,"40,131,128"
1498,"38,87,10"
1499,"40,131,406"
1500,"23,39,38"
1501,"3,301,21"
1502,"169,170,199"
1503,"220,10"
1504,"23,38"
1505,"3,147"
1506,"40,3,311"
1507,"23,0,26"
1508,"40,21,3"
1509,"0,255"
1510,"3,34,263"
1511,"199,170,23"
1512,"40,135,138"
1513,"0,8,206"
1514,"40,3,135"
1515,"3,147,148"
1516,"169,337,339"
1517,"40,128,195"
1518,"10,197,60"
1519,"3,28,21"
1520,"23,74,118"
1521,"43,24,23"
1522,"3,21"
1523,"23,49,24"
1524,"10,64,80"
1525,"10,69"
1526,"23,49,24"
1527,"10,64"
1528,"0,216,211"
1529,"23,38,39"
1530,"169,199,23"
1531,"10,220"
1532,"10,24,23"
1533,"43,24"
1534,"145,44,72"
1535,"220,221,24"
1536,"0,216,380"
1537,"417,169,296"
1538,"0,340,265"
1539,"3,15,16"
1540,"23,38,91"
1541,"53,3,287"
1542,"3,53,147"
1543,"40,135,138"
1544,"10,60,239"
1545,"40,128,129"
1546,"139,40"
1547,"21,234,60"
1548,"145,40,402"
1549,"64,10,448"
1550,"0,271,216"
1551,"3,4,435"
1552,"23,74,118"
1553,"3,4"
1554,"3,111,15"
1555,"15,3,16"
1556,"0,271,265"
1557,"3,53,523"
1558,"23,24,25"
1559,"145,181,40"
1560,"296,169,0"
1561,"64,10"
1562,"3,111,301"
1563,"23,38,63"
1564,"3,21,115"
1565,"135,40,138"
1566,"24,23,145"
1567,"0,218,457"
1568,"24,71,38"
1569,"8,0,206"
1570,"64,10"
1571,"73,44,145"
1572,"3,40"
1573,"169,296,306"
1574,"10,54,60"
1575,"25,24,10"
1576,"23,137,38"
1577,"3,147,148"
1578,"40,128,129"
1579,"0,271,291"
1580,"3,30,21"
1581,"3,53,523"
1582,"10,64,93"
1583,"169,417,296"
1584,"3,21"
1585,"40,135,250"
1586,"251,64,296"
1587,"3,21,301"
1588,"199,170,323"
1589,"317,74,23"
1590,"40,128,186"
1591,"145,45,44"
1592,"296,251,337"
1593,"170,199,171"
1594,"24,43,23"
1595,"199,170,171"
1596,"195,40,128"
1597,"3,147"
1598,"3,5,301"
1599,"145,44"
1600,"24,23,49"
1601,"40,128,186"
1602,"64,10"
1603,"10,11,205"
1604,"10,0,54"
1605,"3,147,156"
1606,"40,41,160"
1607,"296,169,23"
1608,"169,40,184"
1609,"3,16,15"
1610,"23,49,24"
1611,"40,184"
1612,"23,137,38"
1613,"3,21"
1614,"281,199,169"
1615,"3,21,301"
1616,"271,0,291"
1617,"0,38,308"
1618,"3,21"
1619,"220,10"
1620,"3,53,287"
1621,"426,259,311"
1622,"40,135,431"
1623,"169,296,333"
1624,"0,271,291"
1625,"10,23,80"
1626,"0,265,418"
1627,"74,23,118"
1628,"40,160"
1629,"40,131,134"
1630,"40,145,181"
1631,"40,131,241"
1632,"0,218,271"
1633,"3,111,21"
1634,"10,80,64"
1635,"0,249,279"
1636,"23,3"
1637,"0,271,291"
1638,"3,4,435"
1639,"40,131,241"
1640,"3,287,169"
1641,"3,21,182"
1642,"3,34,15"
1643,"60,489,218"
1644,"145,40,181"
1645,"0,271"
1646,"10,40,93"
1647,"169,40,170"
1648,"60,10,197"
1649,"23,296,118"
1650,"64,10,93"
1651,"0,265,340"
1652,"3,5,331"
1653,"0,216,380"
1654,"3,21"
1655,"3,156,147"
1656,"23,24,49"
1657,"169,260,170"
1658,"3,148,147"
1659,"145,44,45"
1660,"31,96,23"
1661,"3,5,199"
1662,"40,128,130"
1663,"40,134,131"
1664,"4,3,435"
1665,"145,40"
1666,"40,139"
1667,"145,72,44"
1668,"3,28,113"
1669,"40,131,134"
1670,"0,265,418"
1671,"145,44,45"
1672,"3,53,287"
1673,"287,53,3"
1674,"3,53"
1675,"23,43,24"
1676,"0,271,291"
1677,"64,448,296"
1678,"346,313,0"
1679,"111,119,3"
1680,"23,24,43"
1681,"0,255,218"
1682,"0,8,206"
1683,"3,53,21"
1684,"3,21,164"
1685,"0,277,458"
1686,"3,21,182"
1687,"3,21,164"
1688,"3,21,187"
1689,"40,131"
1690,"100,367,40"
1691,"3,187,21"
1692,"337,251,296"
1693,"3,4,331"
1694,"0,216"
1695,"74,317,23"
1696,"24,23,43"
1697,"40,128"
1698,"3,523,53"
1699,"3,21,40"
1700,"10,60,489"
1701,"3,85"
1702,"3,21,182"
1703,"0,265,349"
1704,"234,21,60"
1705,"3,53,523"
1706,"147,203,3"
1707,"0,271,291"
1708,"135,40"
1709,"40,184,494"
1710,"10,60,61"
1711,"0,216,257"
1712,"40,402,145"
1713,"0,218,296"
1714,"3,523,53"
1715,"199,170,171"
1716,"15,16,3"
1717,"0,271,455"
1718,"337,296,169"
1719,"0,218"
1720,"40,131,406"
1721,"23,43,24"
1722,"10,11,12"
1723,"145,40,402"
1724,"40,162,135"
1725,"10,220"
1726,"26,23,231"
1727,"23,74,165"
1728,"69,145,23"
1729,"0,218,512"
1730,"3,21,34"
1731,"199,170,323"
1732,"170,459,169"
1733,"64,10,93"
1734,"3,21,187"
1735,"0,265,271"
1736,"145,40,44"
1737,"17,3,320"
1738,"23,24,43"
1739,"3,40"
1740,"3,21"
1741,"21,3,182"
1742,"0,216,257"
1743,"0,337,426"
1744,"3,21,48"
1745,"3,21,127"
1746,"3,40"
1747,"52,3,51"
1748,"89,26,23"
1749,"64,10,80"
1750,"10,64"
1751,"31,23,290"
1752,"26,0,346"
1753,"271,0,291"
1754,"145,40,181"
1755,"40,431,135"
1756,"40,128"
1757,"23,38,24"
1758,"0,313,346"
1759,"23,74,231"
1760,"38,23,309"
1761,"3,21,301"
1762,"145,44,45"
1763,"169,170,260"
1764,"10,220"
1765,"3,41,40"
1766,"135,40,138"
1767,"0,271"
1768,"3,156,147"
1769,"3,281,199"
1770,"3,17"
1771,"0,8"
1772,"21,3,182"
1773,"3,21,40"
1774,"10,11,60"
1775,"40,199,170"
1776,"10,64,448"
1777,"3,111"
1778,"21,3"
1779,"21,3,301"
1780,"169,436,170"
1781,"0,311,337"
1782,"271,0,255"
1783,"38,40,0"
1784,"40,128,129"
1785,"40,184"
1786,"0,265,418"
1787,"25,402,24"
1788,"40,160,315"
1789,"281,199,169"
1790,"40,135,189"
1791,"10,220"
1792,"38,24,3"
1793,"10,145"
1794,"40,135"
1795,"0,254,271"
1796,"23,0,89"
1797,"10,220,24"
1798,"40,131,23"
1799,"3,21,48"
1800,"96,23,31"
1801,"0,271,291"
1802,"3,21,187"
1803,"23,24,265"
1804,"38,71,24"
1805,"0,235"
1806,"3,281,199"
1807,"24,23,49"
1808,"3,21,127"
1809,"8,0,405"
1810,"31,23,169"
1811,"3,28,113"
1812,"3,147,5"
1813,"10,220"
1814,"169,426,296"
1815,"24,25,23"
1816,"41,40,224"
1817,"3,21,40"
1818,"40,181,145"
1819,"3,287,53"
1820,"145,44,45"
1821,"74,118,23"
1822,"3,21"
1823,"23,26,350"
1824,"3,53,523"
1825,"44,145,38"
1826,"10,54,95"
1827,"10,145,40"
1828,"3,21,301"
1829,"199,171,170"
1830,"508,426,169"
1831,"0,277,458"
1832,"0,271"
1833,"3,21"
1834,"337,311,426"
1835,"0,346,313"
1836,"96,31,23"
1837,"145,40,44"
1838,"3,53,523"
1839,"0,10,38"
1840,"40,128"
1841,"3,0,21"
1842,"3,182,21"
1843,"40,21,0"
1844,"0,216"
1845,"25,24,23"
1846,"40,184,494"
1847,"317,170,3"
1848,"0,271,8"
1849,"3,15,16"
1850,"16,15,3"
1851,"10,145,44"
1852,"111,3,119"
1853,"3,13,40"
1854,"10,64,93"
1855,"0,8,405"
1856,"0,8,206"
1857,"40,128"
1858,"40,41,201"
1859,"0,265,349"
1860,"88,40,38"
1861,"135,40"
1862,"23,26,350"
1863,"64,10,93"
1864,"23,31,32"
1865,"40,131,134"
1866,"0,8,255"
1867,"508,426,169"
1868,"40,241,131"
1869,"0,8,206"
1870,"160,315,40"
1871,"0,271,265"
1872,"23,31,32"
1873,"0,265,271"
1874,"296,251,38"
1875,"40,131,241"
1876,"128,40,129"
1877,"24,43,23"
1878,"3,21"
1879,"0,313,346"
1880,"216,370,0"
1881,"199,323,170"
1882,"10,64"
1883,"74,23,118"
1884,"40,259,311"
1885,"3,15,16"
1886,"53,3,40"
1887,"199,323,170"
1888,"10,64,93"
1889,"156,3,147"
1890,"23,74,118"
1891,"15,16,3"
1892,"0,271,291"
1893,"220,10"
1894,"23,38,309"
1895,"0,206,8"
1896,"24,25,23"
1897,"23,26,64"
1898,"3,4,70"
1899,"0,346,313"
1900,"40,135,250"
1901,"3,17,320"
1902,"3,0,21"
1903,"3,21,301"
1904,"17,3,320"
1905,"3,523,53"
1906,"0,271,291"
1907,"3,111"
1908,"3,21"
1909,"3,4,435"
1910,"23,24,25"
1911,"220,10"
1912,"40,128,0"
1913,"3,111,388"
1914,"169,199,281"
1915,"271,0,280"
1916,"3,147,148"
1917,"0,271,8"
1918,"0,271"
1919,"426,311,259"
1920,"74,23,118"
1921,"10,64,448"
1922,"23,74,118"
1923,"3,4,435"
1924,"40,41,286"
1925,"3,21,4"
1926,"3,4"
1927,"0,8,308"
1928,"169,426,40"
1929,"3,5,6"
1930,"145,72,44"
1931,"23,24,38"
1932,"271,0,291"
1933,"3,34,147"
1934,"10,220"
1935,"23,74,118"
1936,"337,296,251"
1937,"40,41,286"
1938,"3,301,21"
1939,"508,169,426"
1940,"43,23,24"
1941,"0,8"
1942,"0,271,456"
1943,"296,169,300"
1944,"23,24,31"
1945,"23,74,317"
1946,"23,74,283"
1947,"23,74,165"
1948,"10,220"
1949,"13,3,10"
1950,"23,74,165"
1951,"54,10"
1952,"199,169"
1953,"3,111"
1954,"10,220"
1955,"41,3,21"
1956,"64,10,80"
1957,"3,85,293"
1958,"3,147,148"
1959,"0,271,291"
1960,"216,380,0"
1961,"3,111,4"
1962,"10,220,221"
1963,"93,64,10"
1964,"169,296"
1965,"23,49,24"
1966,"10,60,489"
1967,"74,317,40"
1968,"10,64,93"
1969,"271,280,255"
1970,"38,23,309"
1971,"10,220"
1972,"10,220"
1973,"0,111,13"
1974,"220,10"
1975,"0,265"
1976,"271,0,280"
1977,"3,53,23"
1978,"0,271,291"
1979,"0,8,206"
1980,"145,181,40"
1981,"3,111"
1982,"64,10,80"
1983,"3,275,111"
1984,"0,8,235"
1985,"40,43,145"
1986,"0,216"
1987,"0,346,313"
1988,"40,131,406"
1989,"23,24,25"
1990,"3,5,331"
1991,"10,197,43"
1992,"3,21"
1993,"3,15,13"
1994,"21,3,182"
1995,"40,459,169"
1996,"169,508,426"
1997,"426,311,259"
1998,"426,311,184"
1999,"64,10,448"
2000,"0,265"
2001,"40,181,145"
2002,"40,41"
2003,"145,44,45"
2004,"3,263,34"
2005,"311,337,426"
2006,"3,23,404"
2007,"169,296"
2008,"10,90,64"
2009,"21,234,60"
2010,"426,311,259"
2011,"271,0,291"
2012,"448,10,64"
2013,"255,271,280"
2014,"0,265,271"
2015,"0,8,206"
2016,"199,169,170"
2017,"40,186,128"
2018,"23,38"
2019,"10,220"
2020,"40,265,337"
2021,"3,21,127"
2022,"3,301,21"
2023,"3,53,523"
2024,"40,145"
2025,"199,169"
2026,"3,301,21"
2027,"23,26,89"
2028,"0,271,249"
2029,"145,72,44"
2030,"40,131,134"
2031,"40,145,402"
2032,"0,265,418"
2033,"23,24,43"
2034,"40,41,42"
2035,"311,337,426"
2036,"23,38"
2037,"5,3,6"
2038,"3,21,187"
2039,"10,220,221"
2040,"311,337,426"
2041,"3,21,187"
2042,"135,40,138"
2043,"0,265,418"
2044,"0,271,216"
2045,"3,0,21"
2046,"145,40,402"
2047,"169,459,296"
2048,"10,11,205"
2049,"111,3,123"
2050,"44,145,45"
2051,"3,169,53"
2052,"281,199"
2053,"40,145,146"
2054,"31,23,32"
2055,"10,64,93"
2056,"199,170,171"
2057,"271,0,456"
2058,"3,115"
2059,"40,41"
2060,"23,31,32"
2061,"3,53,523"
2062,"3,0"
2063,"145,44,45"
2064,"40,145,181"
2065,"337,311,426"
2066,"296,169,0"
2067,"10,64"
2068,"3,4,435"
2069,"23,24,49"
2070,"64,10,80"
2071,"3,21,187"
2072,"3,301,21"
2073,"71,38,24"
2074,"523,3,53"
2075,"23,84,74"
2076,"31,23,96"
2077,"147,3,148"
2078,"170,199,323"
2079,"311,426,259"
2080,"0,277,458"
2081,"40,160"
2082,"0,8,308"
2083,"0,216,380"
2084,"169,170,199"
2085,"337,251,296"
2086,"311,426,259"
2087,"40,128,160"
2088,"40,139,222"
2089,"0,265,344"
2090,"23,350,26"
2091,"0,271,145"
2092,"3,5,331"
2093,"0,218"
2094,"23,31,32"
2095,"0,8,235"
2096,"0,254,216"
2097,"40,241,131"
2098,"10,60,239"
2099,"145,40"
2100,"38,23,145"
2101,"3,21"
2102,"3,111,112"
2103,"40,135,431"
2104,"10,64,90"
2105,"128,40,129"
2106,"40,402,24"
2107,"171,199,170"
2108,"3,147"
2109,"220,0,10"
2110,"311,426,259"
2111,"40,41,3"
2112,"0,214,213"
2113,"64,10,93"
2114,"40,128,175"
2115,"271,0,456"
2116,"3,156,147"
2117,"0,271,265"
2118,"44,73,24"
2119,"40,23,38"
2120,"145,40,402"
2121,"0,8,350"
2122,"40,131,406"
2123,"3,40,23"
2124,"43,24,23"
2125,"49,24,23"
2126,"10,60,11"
2127,"3,147,156"
2128,"0,216,257"
2129,"3,53,0"
2130,"145,69,44"
2131,"40,128,23"
2132,"10,64,93"
2133,"3,48,30"
2134,"10,64,93"
2135,"41,40,224"
2136,"271,0,291"
2137,"23,24,25"
2138,"40,135,250"
2139,"3,4,435"
2140,"21,3"
2141,"40,131,406"
2142,"38,23,63"
2143,"3,28,364"
2144,"23,24,49"
2145,"145,40,181"
2146,"169,296"
2147,"0,271,291"
2148,"220,10"
2149,"265,418,0"
2150,"0,8,308"
2151,"10,64,93"
2152,"3,21,301"
2153,"40,131,241"
2154,"0,8,391"
2155,"3,21,301"
2156,"23,24,40"
2157,"40,181,145"
2158,"40,100,367"
2159,"40,145"
2160,"38,87,308"
2161,"3,21,301"
2162,"10,220"
2163,"111,3,119"
2164,"23,74,84"
2165,"199,170,171"
2166,"220,10,24"
2167,"74,23,317"
2168,"40,131,241"
2169,"199,170,323"
2170,"0,8,308"
2171,"160,315,40"
2172,"3,30,168"
2173,"40,184,243"
2174,"3,0,51"
2175,"0,271,291"
2176,"3,30,81"
2177,"23,26,350"
2178,"71,24,38"
2179,"3,17"
2180,"43,23,24"
2181,"40,131,241"
2182,"0,271,291"
2183,"0,8,271"
2184,"0,8,457"
2185,"3,156,147"
2186,"3,156,21"
2187,"40,160"
2188,"23,24,43"
2189,"3,21,187"
2190,"3,187,21"
2191,"145,40"
2192,"145,44,45"
2193,"3,17,320"
2194,"3,111,53"
2195,"0,311,337"
2196,"0,265,340"
2197,"40,131,241"
2198,"23,105,326"
2199,"199,169,281"
2200,"40,139,3"
2201,"271,0,456"
2202,"10,64,80"
2203,"170,199,171"
2204,"23,49,24"
2205,"281,199,169"
2206,"3,53"
2207,"0,271,291"
2208,"0,313,346"
2209,"40,135"
2210,"23,74,118"
2211,"0,271,216"
2212,"147,156,3"
2213,"3,13,111"
2214,"40,131,23"
2215,"40,128,195"
2216,"3,182,21"
2217,"40,131"
2218,"220,10"
2219,"0,454,265"
2220,"25,23,24"
2221,"40,131,406"
2222,"96,31,23"
2223,"145,40,402"
2224,"71,38,24"
2225,"3,13,4"
2226,"3,21"
2227,"25,24,23"
2228,"0,8,206"
2229,"0,311,337"
2230,"93,10,64"
2231,"10,220"
2232,"71,38,24"
2233,"145,44,45"
2234,"10,11"
2235,"145,40,402"
2236,"220,10,23"
2237,"8,0,391"
2238,"10,220"
2239,"0,265,349"
2240,"3,5"
2241,"49,24,60"
2242,"3,435,4"
2243,"3,30,66"
2244,"64,10,80"
2245,"40,402,145"
2246,"21,500,3"
2247,"220,10"
2248,"43,23,145"
2249,"45,145"
2250,"128,40,296"
2251,"3,21"
2252,"3,147,156"
2253,"220,10,221"
2254,"3,21"
2255,"145,69,44"
2256,"3,17,320"
2257,"0,235,23"
2258,"0,271,444"
2259,"220,10"
2260,"23,60,38"
2261,"169,296,23"
2262,"10,11"
2263,"40,135,138"
2264,"372,255,0"
2265,"40,139"
2266,"169,170,296"
2267,"10,11"
2268,"216,212,0"
2269,"10,64,93"
2270,"3,21,0"
2271,"426,169,337"
2272,"40,160,170"
2273,"3,4,435"
2274,"15,16,3"
2275,"337,199,169"
2276,"145,40,402"
2277,"169,426,311"
2278,"3,21,301"
2279,"0,218,512"
2280,"0,216,279"
2281,"23,43,24"
2282,"169,311,170"
2283,"23,26,89"
2284,"169,296,460"
2285,"0,265,340"
2286,"3,5,133"
2287,"147,3,203"
2288,"3,15,16"
2289,"10,220"
2290,"3,5,21"
2291,"40,135,138"
2292,"3,21,111"
2293,"23,74,118"
2294,"0,271,291"
2295,"10,205,11"
2296,"10,220"
2297,"3,21"
2298,"23,24,25"
2299,"169,459,170"
2300,"0,271,291"
2301,"3,30,23"
2302,"74,23,317"
2303,"3,236,301"
2304,"3,311,187"
2305,"3,15,53"
2306,"0,265,271"
2307,"40,128,186"
2308,"346,0,313"
2309,"17,3,320"
2310,"402,40,10"
2311,"8,0,235"
2312,"3,21,53"
2313,"199,323,170"
2314,"10,25,24"
2315,"23,24,38"
2316,"26,23,89"
2317,"24,23,49"
2318,"23,25,40"
2319,"265,0"
2320,"3,53,13"
2321,"24,23,62"
2322,"0,271,291"
2323,"0,216,249"
2324,"199,169,281"
2325,"0,211,216"
2326,"0,216"
2327,"23,26"
2328,"40,145,402"
2329,"40,128,186"
2330,"23,31,32"
2331,"0,271,277"
2332,"169,296,170"
2333,"145,44,45"
2334,"291,0,271"
2335,"23,26,38"
2336,"40,160,302"
2337,"220,10"
2338,"3,4,331"
2339,"3,4,19"
2340,"23,74,118"
2341,"145,402,40"
2342,"3,523,53"
2343,"24,23,38"
2344,"40,135,431"
2345,"3,28,113"
2346,"23,74,118"
2347,"10,220"
2348,"3,52,51"
2349,"169,343,199"
2350,"10,64,80"
2351,"60,234,21"
2352,"3,21,51"
2353,"10,220"
2354,"0,265,344"
2355,"145,44,69"
2356,"3,21,187"
2357,"170,199,171"
2358,"311,199,259"
2359,"24,25,23"
2360,"0,265,418"
2361,"145,40,402"
2362,"31,0"
2363,"40,224,41"
2364,"21,3,115"
2365,"128,129,40"
2366,"220,10"
2367,"40,135,250"
2368,"23,165,74"
2369,"145,44,72"
2370,"3,53,523"
2371,"23,26,231"
2372,"31,23,32"
2373,"220,10"
2374,"10,220"
2375,"40,145,402"
2376,"3,21,111"
2377,"40,145,402"
2378,"3,15,16"
2379,"145,44,45"
2380,"0,213,214"
2381,"265,0,349"
2382,"21,3,127"
2383,"3,111"
2384,"145,40,478"
2385,"3,51,52"
2386,"40,131,241"
2387,"169,170,436"
2388,"145,44,45"
2389,"296,23,169"
2390,"3,85,293"
2391,"60,234,10"
2392,"170,171,199"
2393,"156,147,3"
2394,"145,10,40"
2395,"40,168,145"
2396,"23,25,24"
2397,"45,44,145"
2398,"199,170,171"
2399,"40,41,224"
2400,"25,23,24"
2401,"49,23,24"
2402,"3,21,169"
2403,"0,216,254"
2404,"3,21,301"
2405,"40,145,181"
2406,"40,164,160"
2407,"44,24,145"
2408,"23,24,43"
2409,"145,44,45"
2410,"10,23,60"
2411,"40,118"
2412,"147,3,148"
2413,"40,41,224"
2414,"44,145,24"
2415,"3,15,16"
2416,"23,74,118"
2417,"10,64,93"
2418,"38,24,71"
2419,"10,64,93"
2420,"3,187,21"
2421,"43,24,23"
2422,"3,15,16"
2423,"3,21"
2424,"3,4"
2425,"64,10,80"
2426,"3,182,21"
2427,"0,337,291"
2428,"74,118,23"
2429,"506,169,13"
2430,"0,218,89"
2431,"128,40,129"
2432,"0,255,372"
2433,"349,3,265"
2434,"147,3,148"
2435,"40,41,42"
2436,"281,199,169"
2437,"23,26,74"
2438,"169,170,426"
2439,"3,147"
2440,"145,44,72"
2441,"0,8,206"
2442,"93,64,10"
2443,"3,30"
2444,"40,131,241"
2445,"40,160,184"
2446,"23,24,43"
2447,"231,23,26"
2448,"40,131,241"
2449,"10,220"
2450,"311,426,3"
2451,"8,0,391"
2452,"40,128,195"
2453,"40,135,138"
2454,"3,21,127"
2455,"0,271,291"
2456,"128,40,129"
2457,"171,40,170"
2458,"169,296,3"
2459,"145,44,69"
2460,"3,21"
2461,"60,10,95"
2462,"3,85,86"
2463,"3,53,523"
2464,"10,64,93"
2465,"337,169,339"
2466,"40,145,402"
2467,"337,296,251"
2468,"10,220"
2469,"96,23,31"
2470,"64,10,80"
2471,"220,10"
2472,"128,40,130"
2473,"3,17,320"
2474,"40,128"
2475,"3,169,21"
2476,"3,21"
2477,"170,199,323"
2478,"3,53,68"
2479,"3,111"
2480,"31,23,32"
2481,"40,426,311"
2482,"10,60,489"
2483,"3,17,53"
2484,"24,23,49"
2485,"169,260,170"
2486,"0,249,216"
2487,"0,265,349"
2488,"169,508"
2489,"3,53,523"
2490,"3,21,127"
2491,"0,271"
2492,"0,271"
2493,"145,45,44"
2494,"211,216,0"
2495,"220,10"
2496,"40,135,250"
2497,"23,137"
2498,"40,241,131"
2499,"169,296"
2500,"170,169,459"
2501,"21,3,301"
2502,"0,271,291"
2503,"3,0,53"
2504,"40,131"
2505,"0,8,308"
2506,"40,128,129"
2507,"3,21,301"
2508,"169,426,508"
2509,"72,145,44"
2510,"43,23,24"
2511,"3,21,41"
2512,"0,271,291"
2513,"40,128,129"
2514,"10,64,93"
2515,"3,21,187"
2516,"145,40,402"
2517,"23,43,24"
2518,"10,220,40"
2519,"40,131,134"
2520,"145,44,45"
2521,"3,523,53"
2522,"3,21,301"
2523,"311,426,259"
2524,"61,10,60"
2525,"0,216,370"
2526,"23,43,24"
2527,"38,23,39"
2528,"40,54,95"
2529,"8,0,308"
2530,"34,221,143"
2531,"31,23,454"
2532,"8,0,206"
2533,"296,251,337"
2534,"0,313,346"
2535,"40,135,141"
2536,"3,320,17"
2537,"145,40,181"
2538,"3,21"
2539,"3,111"
2540,"145,44,69"
2541,"3,21"
2542,"0,271,291"
2543,"40,41,224"
2544,"0,213,214"
2545,"131,40,241"
2546,"24,25,23"
2547,"3,21,115"
2548,"0,3,21"
2549,"23,350,26"
2550,"169,170,199"
2551,"10,64,80"
2552,"40,135,138"
2553,"23,0"
2554,"10,11,12"
2555,"3,331,4"
2556,"64,10,80"
2557,"3,28,113"
2558,"170,199,171"
2559,"40,315,41"
2560,"10,448,145"
2561,"3,34"
2562,"337,0,311"
2563,"0,271,291"
2564,"40,128,186"
2565,"199,170,323"
2566,"40,131,128"
2567,"3,21,111"
2568,"218,512,0"
2569,"10,220"
2570,"255,271,280"
2571,"3,28,29"
2572,"10,60,239"
2573,"38,23"
2574,"105,495,23"
2575,"23,24,25"
2576,"3,523,53"
2577,"23,24,49"
2578,"3,21,164"
2579,"10,60,3"
2580,"31,23,454"
2581,"10,220"
2582,"0,265"
2583,"40,128,186"
2584,"3,28,113"
2585,"169,296,300"
2586,"25,145,24"
2587,"3,111,284"
2588,"523,53,3"
2589,"23,24,25"
2590,"3,21,15"
2591,"0,271"
2592,"40,3,431"
2593,"3,10,34"
2594,"3,5,331"
2595,"337,311,0"
2596,"169,296,420"
2597,"40,131"
2598,"40,128,186"
2599,"0,206,8"
2600,"40,160,334"
2601,"0,249,279"
2602,"40,131,160"
2603,"40,131,241"
2604,"3,17,21"
2605,"26,23,0"
2606,"0,271,291"
2607,"23,74,84"
2608,"26,23,350"
2609,"135,40,138"
2610,"43,24,23"
2611,"271,0,456"
2612,"23,24,49"
2613,"145,73,44"
2614,"23,74"
2615,"40,41,286"
2616,"43,24,23"
2617,"10,64,60"
2618,"0,271"
2619,"169,311,199"
2620,"135,250,23"
2621,"0,271,456"
2622,"40,145,181"
2623,"15,16,3"
2624,"3,523,53"
2625,"0,265"
2626,"40,131,241"
2627,"21,3,301"
2628,"40,145"
2629,"0,271,218"
2630,"454,31,23"
2631,"128,40,130"
2632,"3,21"
2633,"40,145,181"
2634,"21,164,3"
2635,"199,170,323"
2636,"40,145,0"
2637,"3,21,53"
2638,"105,3,495"
2639,"3,147,156"
2640,"24,43,23"
2641,"40,131,406"
2642,"145,40,146"
2643,"169,3,199"
2644,"111,3,184"
2645,"3,30,53"
2646,"311,337,426"
2647,"3,301,21"
2648,"0,271,291"
2649,"265,0,349"
2650,"74,317,23"
2651,"3,21,164"
2652,"10,64,80"
2653,"17,3,320"
2654,"40,131"
2655,"10,64,93"
2656,"40,131,241"
2657,"74,23,165"
2658,"64,10,80"
2659,"220,10"
2660,"4,3,19"
2661,"3,21"
2662,"3,111,523"
2663,"43,23,24"
2664,"426,311,184"
2665,"23,350,26"
2666,"3,21,30"
2667,"3,147,156"
2668,"111,3,275"
2669,"43,24,23"
2670,"10,31,296"
2671,"60,0,489"
2672,"3,5,6"
2673,"31,454,23"
2674,"145,45,44"
2675,"111,3"
2676,"40,131,406"
2677,"3,21,17"
2678,"3,21,182"
2679,"3,13"
2680,"265,0,340"
2681,"271,0,311"
2682,"23,26,350"
2683,"3,53,523"
2684,"0,277,458"
2685,"10,64,80"
2686,"3,435,4"
2687,"199,170,323"
2688,"3,17"
2689,"111,41,3"
2690,"40,3,315"
2691,"199,169"
2692,"131,40,241"
2693,"40,241,131"
2694,"3,187,21"
2695,"184,494,40"
2696,"40,162,23"
2697,"10,64,80"
2698,"3,138,23"
2699,"40,131,241"
2700,"40,224,41"
2701,"301,3,21"
2702,"10,220"
2703,"3,51,52"
2704,"40,224,41"
2705,"311,426,259"
2706,"145,44,45"
2707,"0,311,426"
2708,"0,8"
2709,"426,311,169"
2710,"3,21,182"
2711,"38,23,309"
2712,"0,271,291"
2713,"64,10,80"
2714,"3,23,25"
2715,"169,337,311"
2716,"0,8,235"
2717,"3,182,53"
2718,"0,277,296"
2719,"426,311,259"
2720,"145,40,402"
2721,"446,218,0"
2722,"0,271,360"
2723,"195,337,0"
2724,"23,24,49"
2725,"271,0,456"
2726,"3,21,301"
2727,"145,40,181"
2728,"220,10"
2729,"0,296,337"
2730,"40,131,241"
2731,"3,51,34"
2732,"23,74,118"
2733,"146,145,40"
2734,"64,10,93"
2735,"145,44,45"
2736,"419,10,11"
2737,"3,15,203"
2738,"169,311,199"
2739,"10,220"
2740,"40,152,151"
2741,"40,145"
2742,"40,135,250"
2743,"23,74,118"
2744,"3,147,148"
2745,"24,23,49"
2746,"10,90,64"
2747,"40,160"
2748,"131,40,241"
2749,"31,23,32"
2750,"24,23,62"
2751,"135,250,40"
2752,"111,3,119"
2753,"3,21,53"
2754,"24,43,23"
2755,"10,64,80"
2756,"271,0"
2757,"23,74,118"
2758,"220,10"
2759,"220,10"
2760,"164,3,21"
2761,"0,8,206"
2762,"23,74,118"
2763,"10,220"
2764,"3,21,164"
2765,"0,291,218"
2766,"40,128"
2767,"28,3,330"
2768,"40,160,315"
2769,"40,160"
2770,"259,426,311"
2771,"60,234,21"
2772,"40,131,134"
2773,"10,60,239"
2774,"3,147"
2775,"10,0,60"
2776,"40,128,175"
2777,"3,4"
2778,"0,1,2"
2779,"0,277,458"
2780,"3,281,53"
2781,"0,235,8"
2782,"0,214,213"
2783,"145,45,44"
2784,"3,34,17"
2785,"220,10"
2786,"49,23,24"
2787,"23,74,118"
2788,"337,311,426"
2789,"23,74,40"
2790,"40,131,241"
2791,"131,40,406"
2792,"3,111"
2793,"311,259,426"
2794,"3,147,203"
2795,"40,41"
2796,"40,128"
2797,"271,0,291"
2798,"3,21"
2799,"0,8,448"
2800,"0,8,40"
2801,"169,199,281"
2802,"64,10,80"
2803,"40,241,131"
2804,"26,23,231"
2805,"24,49,23"
2806,"40,128,186"
2807,"21,3,115"
2808,"40,402,145"
2809,"64,10,80"
2810,"0,8,206"
2811,"3,4,111"
2812,"0,271"
2813,"64,10,93"
2814,"3,23"
2815,"3,28,113"
2816,"296,337,251"
2817,"23,105"
2818,"17,3,320"
2819,"53,3"
2820,"3,13,204"
2821,"3,111,4"
2822,"23,31,32"
2823,"296,169"
2824,"311,426,337"
2825,"199,323,170"
2826,"3,169,53"
2827,"0,3,21"
2828,"71,38,24"
2829,"0,216,257"
2830,"3,111,123"
2831,"40,128,130"
2832,"23,89,26"
2833,"40,128,129"
2834,"337,251,296"
2835,"3,21,301"
2836,"23,74,118"
2837,"44,145,45"
2838,"169,170,260"
2839,"199,170,171"
2840,"187,3,21"
2841,"40,131,134"
2842,"44,145,10"
2843,"3,53"
2844,"3,111,4"
2845,"3,52,51"
2846,"10,93,64"
2847,"23,3"
2848,"0,277,458"
2849,"10,220"
2850,"169,296,411"
2851,"3,17,320"
2852,"23,74,303"
2853,"40,135,138"
2854,"74,23,317"
2855,"3,51,52"
2856,"169,339,337"
2857,"3,53,523"
2858,"3,0,265"
2859,"40,131,241"
2860,"169,3"
2861,"23,26,89"
2862,"3,34,51"
2863,"21,3,301"
2864,"3,4,435"
2865,"40,131,406"
2866,"23,38,309"
2867,"3,111"
2868,"199,323,170"
2869,"23,25,24"
2870,"0,271,218"
2871,"40,131,406"
2872,"64,10,93"
2873,"216,212,211"
2874,"138,135,40"
2875,"0,313,346"
2876,"40,131,241"
2877,"10,23,24"
2878,"0,313,346"
2879,"3,4,435"
2880,"0,271,456"
2881,"145,40,181"
2882,"199,170,171"
2883,"3,4,19"
2884,"0,218,10"
2885,"220,10,221"
2886,"3,4,435"
2887,"271,456,0"
2888,"23,131,24"
2889,"145,44,45"
2890,"10,40,220"
2891,"40,135"
2892,"3,147,156"
2893,"0,231,23"
2894,"23,74,165"
2895,"23,24,49"
2896,"0,349,265"
2897,"10,64,93"
2898,"3,13"
2899,"23,74,165"
2900,"131,40,406"
2901,"15,3,16"
2902,"40,145,402"
2903,"0,265,340"
2904,"10,11,205"
2905,"3,34,143"
2906,"0,8,206"
2907,"3,21,124"
2908,"3,147,156"
2909,"23,24"
2910,"23,38"
2911,"0,308,8"
2912,"311,337,426"
2913,"129,40,128"
2914,"0,291,271"
2915,"145,170,40"
2916,"271,0,342"
2917,"10,220"
2918,"199,64,10"
2919,"0,265,255"
2920,"10,64,93"
2921,"40,131,406"
2922,"3,156,147"
2923,"40,160,315"
2924,"40,160,315"
2925,"311,426,259"
2926,"3,5,467"
2927,"3,311,30"
2928,"40,160,315"
2929,"40,145,10"
2930,"40,128,129"
2931,"24,23,43"
2932,"23,38,24"
2933,"3,164,21"
2934,"10,54,60"
2935,"3,21,28"
2936,"3,21,523"
2937,"3,111,53"
2938,"10,93,64"
2939,"3,30,81"
2940,"145,40,402"
2941,"3,265,0"
2942,"40,135"
2943,"23,40,24"
2944,"40,41,224"
2945,"40,135"
2946,"10,72,145"
2947,"23,74,303"
2948,"8,0,308"
2949,"40,184"
2950,"3,147,148"
2951,"337,339,169"
2952,"40,494,184"
2953,"40,386,135"
2954,"145,44,72"
2955,"169,3,296"
2956,"3,147"
2957,"10,205,11"
2958,"0,169,24"
2959,"0,265"
2960,"3,4,435"
2961,"23,96,31"
2962,"199,171,170"
2963,"418,265,0"
2964,"0,271,366"
2965,"169,296,24"
2966,"131,40,406"
2967,"10,64,90"
2968,"24,23,49"
2969,"23,24,49"
2970,"40,128,129"
2971,"0,337,40"
2972,"0,3,40"
2973,"0,8,206"
2974,"3,21"
2975,"523,53,3"
2976,"3,21,182"
2977,"10,64,93"
2978,"3,21,301"
2979,"40,162"
2980,"10,220"
2981,"40,402,145"
2982,"40,41"
2983,"145,40"
2984,"23,74,307"
2985,"0,313,346"
2986,"0,218,328"
2987,"40,160,315"
2988,"8,308,0"
2989,"10,54,95"
2990,"3,21"
2991,"10,3,145"
2992,"23,31,32"
2993,"145,40,24"
2994,"170,199,23"
2995,"220,10"
2996,"3,30,81"
2997,"127,40,21"
2998,"40,139,155"
2999,"40,41,131"
3000,"231,23,26"
3001,"3,15,16"
3002,"10,11"
3003,"23,26"
3004,"169,296,306"
3005,"3,4,19"
3006,"23,26,0"
3007,"40,135,138"
3008,"23,32,31"
3009,"40,41"
3010,"53,523,3"
3011,"23,24,10"
3012,"3,53"
3013,"64,10,80"
3014,"0,265"
3015,"40,401,3"
3016,"0,23"
3017,"169,508,296"
3018,"60,3,61"
3019,"38,24,0"
3020,"3,21"
3021,"13,3,204"
3022,"40,145,402"
3023,"10,145,40"
3024,"3,127,111"
3025,"40,128,130"
3026,"31,23,32"
3027,"10,64,80"
3028,"337,251,296"
3029,"13,3"
3030,"0,216,10"
3031,"24,23,62"
3032,"3,111,21"
3033,"0,271,291"
3034,"38,94,71"
3035,"0,8,235"
3036,"3,15,111"
3037,"3,523,53"
3038,"3,21,187"
3039,"168,419,17"
3040,"89,23,26"
3041,"40,131,184"
3042,"3,21,187"
3043,"170,199,323"
3044,"3,17,53"
3045,"3,385,21"
3046,"24,23"
3047,"147,3,148"
3048,"3,21"
3049,"3,52,364"
3050,"160,315,40"
3051,"23,40"
3052,"271,0"
3053,"23,24"
3054,"3,147,148"
3055,"128,40,129"
3056,"169,296"
3057,"64,80,10"
3058,"3,111,112"
3059,"23,43,24"
3060,"40,402,145"
3061,"265,0,418"
3062,"111,3,119"
3063,"24,71,38"
3064,"145,44,45"
3065,"311,259,426"
3066,"23,105"
3067,"23,26,231"
3068,"0,8,308"
3069,"3,182,21"
3070,"0,271,216"
3071,"40,131,241"
3072,"40,181,145"
3073,"508,426,169"
3074,"169,339,337"
3075,"3,17,40"
3076,"4,3,19"
3077,"3,21"
3078,"53,523,3"
3079,"8,0,308"
3080,"3,10,40"
3081,"23,38,39"
3082,"10,23,11"
3083,"30,3,32"
3084,"10,93,64"
3085,"3,52,51"
3086,"40,135,138"
3087,"3,21,182"
3088,"10,60,489"
3089,"23,38"
3090,"3,4,435"
3091,"10,11,12"
3092,"40,145,402"
3093,"31,23,32"
3094,"23,26,38"
3095,"40,184,494"
3096,"40,145,146"
3097,"0,271,313"
3098,"0,271,456"
3099,"308,8,0"
3100,"3,15,51"
3101,"41,40,3"
3102,"23,38,74"
3103,"40,160,315"
3104,"40,128,129"
3105,"10,64,93"
3106,"145,181,40"
3107,"199,323,170"
3108,"3,53,523"
3109,"0,271,291"
3110,"3,21,41"
3111,"10,220,40"
3112,"3,40,311"
3113,"3,301,21"
3114,"40,160"
3115,"169,296,60"
3116,"3,4"
3117,"40,131,241"
3118,"3,30,13"
3119,"40,41,128"
3120,"23,38"
3121,"64,10,80"
3122,"23,89,26"
3123,"169,199,426"
3124,"40,145,402"
3125,"426,311,259"
3126,"10,64,80"
3127,"3,111,176"
3128,"145,44,72"
3129,"3,5,331"
3130,"145,402,40"
3131,"3,182,21"
3132,"3,21"
3133,"311,337,426"
3134,"3,51,52"
3135,"156,147,3"
3136,"145,44"
3137,"3,111,112"
3138,"3,147,203"
3139,"3,187,21"
3140,"3,13,204"
3141,"160,3,40"
3142,"3,4,51"
3143,"10,54,322"
3144,"0,271,444"
3145,"71,38,24"
3146,"10,60,489"
3147,"41,40,21"
3148,"23,74"
3149,"3,21"
3150,"3,17"
3151,"23,74,303"
3152,"40,131,241"
3153,"3,17,53"
3154,"40,160"
3155,"523,3,53"
3156,"3,182,53"
3157,"10,220"
3158,"0,8,206"
3159,"43,23,24"
3160,"199,169,138"
3161,"4,3,435"
3162,"38,23,309"
3163,"40,286,41"
3164,"145,44,45"
3165,"426,508,23"
3166,"0,206,8"
3167,"311,426,337"
3168,"3,187,21"
3169,"3,21,187"
3170,"3,182,21"
3171,"40,135,431"
3172,"40,241,131"
3173,"40,131,134"
3174,"169,296,508"
3175,"0,271"
3176,"0,218,457"
3177,"0,271"
3178,"23,74,118"
3179,"23,350,26"
3180,"145,45,44"
3181,"4,3,435"
3182,"3,21,187"
3183,"23,24,43"
3184,"156,3,147"
3185,"40,160,315"
3186,"31,23,96"
3187,"220,10"
3188,"43,23,24"
3189,"145,72,44"
3190,"40,135,431"
3191,"169,199"
3192,"23,24,43"
3193,"169,311,199"
3194,"40,128,129"
3195,"3,147,156"
3196,"337,311,426"
3197,"0,235,8"
3198,"23,96,31"
3199,"3,0"
3200,"74,175,23"
3201,"23,38"
3202,"0,271,291"
3203,"40,128,130"
3204,"44,45,145"
3205,"160,40,315"
3206,"3,21,40"
3207,"131,40,241"
3208,"40,131,241"
3209,"41,40,201"
3210,"3,182,21"
3211,"23,418,265"
3212,"40,135,23"
3213,"40,128,186"
3214,"426,311,259"
3215,"3,169,199"
3216,"64,10,80"
3217,"23,26"
3218,"40,146,145"
3219,"17,3"
3220,"337,311,426"
3221,"40,128,135"
3222,"0,265,249"
3223,"0,216,257"
3224,"137,38,23"
3225,"287,3,53"
3226,"38,23,39"
3227,"231,26,0"
3228,"40,195,0"
3229,"0,216,257"
3230,"0,216,257"
3231,"40,135,431"
3232,"43,23,24"
3233,"145,44,45"
3234,"40,145,181"
3235,"3,21"
3236,"40,131,241"
3237,"3,10,64"
3238,"10,220"
3239,"135,40,250"
3240,"265,418,0"
3241,"3,523,53"
3242,"60,10,31"
3243,"296,337,169"
3244,"73,145,44"
3245,"64,10,80"
3246,"23,74,283"
3247,"44,45,145"
3248,"10,69,145"
3249,"118,23,74"
3250,"64,10,80"
3251,"40,41,42"
3252,"3,111,474"
3253,"40,145,146"
3254,"3,53"
3255,"0,271"
3256,"0,271,456"
3257,"0,271"
3258,"3,52,51"
3259,"3,15,16"
3260,"523,3,53"
3261,"220,10,24"
3262,"10,64,80"
3263,"40,426,169"
3264,"23,38,74"
3265,"64,10"
3266,"40,41,224"
3267,"0,498,288"
3268,"0,271,291"
3269,"145,0,216"
3270,"10,54,95"
3271,"74,23,118"
3272,"0,271,366"
3273,"40,131"
3274,"3,21,111"
3275,"40,128,186"
3276,"24,71,38"
3277,"23,31,32"
3278,"199,170,171"
3279,"3,281,53"
3280,"38,23,251"
3281,"3,53,21"
3282,"3,21"
3283,"40,131"
3284,"296,169"
3285,"3,147,148"
3286,"0,8"
3287,"216,212,211"
3288,"3,5,6"
3289,"40,128,162"
3290,"3,17,320"
3291,"23,38,309"
3292,"311,426,337"
3293,"139,140,307"
3294,"3,51,52"
3295,"160,40,3"
3296,"40,41,42"
3297,"220,23,10"
3298,"3,4"
3299,"21,3,187"
3300,"15,3,16"
3301,"23,38,309"
3302,"24,25,23"
3303,"24,43,23"
3304,"170,199,323"
3305,"0,271,255"
3306,"216,370,0"
3307,"25,24,23"
3308,"0,271,372"
3309,"40,131"
3310,"0,271"
3311,"10,54,95"
3312,"3,53,287"
3313,"64,10,80"
3314,"40,139"
3315,"24,23,49"
3316,"265,349,0"
3317,"271,0,291"
3318,"3,147,203"
3319,"0,265,271"
3320,"3,21"
3321,"311,426,259"
3322,"145,44,45"
3323,"40,160,184"
3324,"3,21,111"
3325,"3,5,6"
3326,"23,31,32"
3327,"23,145,24"
3328,"10,220"
3329,"3,5,6"
3330,"3,21"
3331,"13,204,3"
3332,"0,265,344"
3333,"3,21,52"
3334,"199,281,169"
3335,"40,419,128"
3336,"3,15,16"
3337,"3,17,320"
3338,"169,3,21"
3339,"0,271,366"
3340,"31,328,23"
3341,"23,24,49"
3342,"3,21,127"
3343,"3,21,182"
3344,"311,426,259"
3345,"10,220"
3346,"0,23,370"
3347,"0,3"
3348,"0,271,344"
3349,"220,10"
3350,"170,251,296"
3351,"0,216,271"
3352,"23,38,309"
3353,"40,315,160"
3354,"40,128,129"
3355,"3,435,111"
3356,"40,250,135"
3357,"17,3,320"
3358,"40,160,302"
3359,"26,23,89"
3360,"0,271,255"
3361,"145,40,402"
3362,"3,4,435"
3363,"40,128,129"
3364,"40,129,128"
3365,"3,187,21"
3366,"40,41"
3367,"40,131,406"
3368,"0,8"
3369,"0,271,313"
3370,"0,271,291"
3371,"3,15,17"
3372,"3,111"
3373,"145,10,45"
3374,"40,128,129"
3375,"40,181,145"
3376,"10,11,145"
3377,"41,317,74"
3378,"199,170,171"
3379,"131,40,241"
3380,"129,128,40"
3381,"0,265,349"
3382,"23,38,88"
3383,"10,64,93"
3384,"139,40,199"
3385,"175,128,40"
3386,"40,135,250"
3387,"170,199,171"
3388,"0,216,254"
3389,"3,5,31"
3390,"40,201,41"
3391,"23,38"
3392,"11,10,145"
3393,"40,162"
3394,"3,53,523"
3395,"40,222,100"
3396,"25,24,145"
3397,"145,44,69"
3398,"23,74,118"
3399,"128,40,195"
3400,"145,44,10"
3401,"3,147,156"
3402,"24,43,23"
3403,"0,346,313"
3404,"10,64,93"
3405,"40,145,402"
3406,"145,3,40"
3407,"3,21,40"
3408,"23,24,43"
3409,"23,49,24"
3410,"40,131,241"
3411,"337,296,251"
3412,"26,23,0"
3413,"64,80,10"
3414,"24,23,49"
3415,"23,24,43"
3416,"24,71,38"
3417,"145,40"
3418,"10,169,296"
3419,"175,128,40"
3420,"0,265,418"
3421,"64,10,80"
3422,"23,49,24"
3423,"40,160"
3424,"0,8,206"
3425,"31,23,96"
3426,"0,265,349"
3427,"255,280,271"
3428,"3,53,523"
3429,"145,45,44"
3430,"3,5"
3431,"426,311,259"
3432,"135,40,189"
3433,"40,131,406"
3434,"0,8,308"
3435,"3,320,17"
3436,"0,8,206"
3437,"60,10,92"
3438,"24,23,43"
3439,"40,131,406"
3440,"131,40,406"
3441,"145,44,45"
3442,"229,0,230"
3443,"271,0,291"
3444,"23,26,231"
3445,"3,17,320"
3446,"40,160"
3447,"145,40,38"
3448,"40,186,152"
3449,"3,53"
3450,"0,8,206"
3451,"169,199,170"
3452,"0,313,346"
3453,"3,111,182"
3454,"3,287,53"
3455,"0,271,456"
3456,"3,111,13"
3457,"3,148,147"
3458,"169,199,3"
3459,"23,49,24"
3460,"40,131"
3461,"26,23,0"
3462,"40,131,406"
3463,"3,34,447"
3464,"23,26,350"
3465,"40,128"
3466,"45,44,145"
3467,"3,301,21"
3468,"3,4,435"
3469,"3,164,111"
3470,"147,148,3"
3471,"216,0,354"
3472,"4,3,70"
3473,"40,402,145"
3474,"10,64,80"
3475,"69,145"
3476,"0,311,426"
3477,"3,21"
3478,"40,128,23"
3479,"10,60,11"
3480,"231,23,26"
3481,"23,74,118"
3482,"3,147,148"
3483,"3,21,187"
3484,"3,4,19"
3485,"3,21,52"
3486,"3,17,51"
3487,"169,199,170"
3488,"454,23,31"
3489,"3,147,21"
3490,"74,23,84"
3491,"23,31,32"
3492,"3,40,41"
3493,"40,128"
3494,"3,111"
3495,"23,89,26"
3496,"259,426,311"
3497,"23,43,24"
3498,"199,337,3"
3499,"8,0,206"
3500,"311,426,337"
3501,"3,21,301"
3502,"40,135"
3503,"145,40,402"
3504,"199,281,169"
3505,"3,51,52"
3506,"145,44,45"
3507,"74,23,118"
3508,"220,10"
3509,"0,8,206"
3510,"0,271"
3511,"40,3,64"
3512,"23,231,26"
3513,"296,23,169"
3514,"3,164,40"
3515,"23,24,43"
3516,"169,170,199"
3517,"145,44,72"
3518,"40,160,302"
3519,"145,44,40"
3520,"3,21,41"
3521,"10,23,31"
3522,"145,40,478"
3523,"40,160"
3524,"3,40,21"
3525,"23,38,309"
3526,"169,296,411"
3527,"3,156,147"
3528,"3,21"
3529,"40,186,164"
3530,"3,111"
3531,"10,220"
3532,"40,128,175"
3533,"23,24,43"
3534,"3,301,21"
3535,"311,426,259"
3536,"3,21,53"
3537,"3,147"
3538,"3,301,21"
3539,"3,85,86"
3540,"23,26"
3541,"24,23,49"
3542,"0,265,418"
3543,"523,53,3"
3544,"131,40,406"
3545,"89,26,23"
3546,"8,0,206"
3547,"49,24,23"
3548,"40,139"
3549,"0,271,455"
3550,"23,31,32"
3551,"40,145,402"
3552,"271,0,291"
3553,"311,426,259"
3554,"3,21,301"
3555,"0,271,291"
3556,"3,17"
3557,"40,286,41"
3558,"23,74,118"
3559,"3,15,4"
3560,"170,171,199"
3561,"3,51,52"
3562,"40,100,222"
3563,"186,40,128"
3564,"10,64,93"
3565,"3,30,17"
3566,"3,385,5"
3567,"31,23,96"
3568,"3,21"
3569,"0,337,340"
3570,"40,128,131"
3571,"40,23,74"
3572,"10,60,64"
3573,"426,311,259"
3574,"3,13,204"
3575,"10,11,72"
3576,"40,128"
3577,"10,220,221"
3578,"23,24,25"
3579,"40,128,186"
3580,"64,10,80"
3581,"0,271,456"
3582,"145,45,44"
3583,"31,23,32"
3584,"169,426,311"
3585,"3,21"
3586,"24,43,23"
3587,"3,21,301"
3588,"40,135,138"
3589,"23,38,231"
3590,"10,220"
3591,"0,265,418"
3592,"23,31,32"
3593,"0,271,291"
3594,"23,345,24"
3595,"145,40,181"
3596,"169,296,411"
3597,"23,31,32"
3598,"23,38,87"
3599,"241,131,40"
3600,"3,17"
3601,"3,182,21"
3602,"3,111,112"
3603,"3,21,33"
3604,"3,523,53"
3605,"265,0,418"
3606,"0,271"
3607,"40,135,141"
3608,"23,49,24"
3609,"3,148,147"
3610,"3,21"
3611,"3,13,21"
3612,"23,26,38"
3613,"40,184,131"
3614,"3,147,148"
3615,"0,498,277"
3616,"64,10,448"
3617,"145,40,402"
3618,"337,251,296"
3619,"3,35,36"
3620,"0,271,291"
3621,"251,337,296"
3622,"10,145,296"
3623,"3,4"
3624,"3,21"
3625,"10,220"
3626,"169,296"
3627,"40,402,145"
3628,"131,40,406"
3629,"40,160,3"
3630,"23,26,89"
3631,"10,64,93"
3632,"23,38,91"
3633,"40,135,170"
3634,"346,313,0"
3635,"3,4"
3636,"145,44,45"
3637,"40,128,129"
3638,"3,17,21"
3639,"10,64,93"
3640,"145,44,45"
3641,"3,53"
3642,"40,145,402"
3643,"40,131,241"
3644,"3,21,111"
3645,"3,156,147"
3646,"145,44,45"
3647,"265,0,3"
3648,"169,339,337"
3649,"23,74,84"
3650,"0,169"
3651,"3,111"
3652,"24,23,25"
3653,"337,23,31"
3654,"23,74,118"
3655,"139,153,523"
3656,"71,38,24"
3657,"145,44,45"
3658,"147,148,3"
3659,"0,216,257"
3660,"337,311,426"
3661,"145,44,45"
3662,"0,271,291"
3663,"3,21,301"
3664,"40,145,402"
3665,"10,64,93"
3666,"0,308,8"
3667,"145,44,45"
3668,"40,100,367"
3669,"40,145"
3670,"24,25,402"
3671,"145,170,40"
3672,"3,21"
3673,"3,4,435"
3674,"145,40,402"
3675,"40,184"
3676,"74,23"
3677,"3,13,204"
3678,"0,271"
3679,"271,0,291"
3680,"334,111,160"
3681,"3,21,301"
3682,"199,169,23"
3683,"3,15,34"
3684,"3,21"
3685,"3,53,523"
3686,"40,41,224"
3687,"0,313,346"
3688,"40,131,241"
3689,"40,131"
3690,"164,41,21"
3691,"508,169,426"
3692,"38,337,72"
3693,"40,138,135"
3694,"23,38,309"
3695,"145,40,10"
3696,"45,145,44"
3697,"3,21,30"
3698,"3,301,21"
3699,"3,21,182"
3700,"0,271,311"
3701,"3,21,164"
3702,"311,426,337"
3703,"111,3,267"
3704,"23,31,32"
3705,"169,459,170"
3706,"3,111"
3707,"160,40,315"
3708,"49,24,23"
3709,"156,147,3"
3710,"3,5,4"
3711,"10,220"
3712,"3,301,21"
3713,"23,74,118"
3714,"10,64,90"
3715,"10,220"
3716,"0,271,291"
3717,"220,10"
3718,"23,24,62"
3719,"145,72,44"
3720,"3,301,21"
3721,"10,8,0"
3722,"23,38,94"
3723,"147,148,3"
3724,"23,31,32"
3725,"3,4,21"
3726,"3,4,435"
3727,"346,0,313"
3728,"26,23,89"
3729,"38,39,23"
3730,"23,38,107"
3731,"3,53,523"
3732,"0,8,346"
3733,"44,45,145"
3734,"40,216,370"
3735,"10,220"
3736,"53,3"
3737,"0,271,291"
3738,"23,137,74"
3739,"3,21"
3740,"10,95,54"
3741,"0,8,235"
3742,"0,218,265"
3743,"23,24,49"
3744,"0,277,1"
3745,"0,271,360"
3746,"10,220"
3747,"3,4,435"
3748,"71,38,24"
3749,"10,54,40"
3750,"3,15,16"
3751,"145,40,478"
3752,"0,8,308"
3753,"3,111"
3754,"23,26,89"
3755,"170,199,171"
3756,"3,53,17"
3757,"145,40,44"
3758,"40,402,145"
3759,"23,38,39"
3760,"23,24,287"
3761,"10,90,64"
3762,"234,60,21"
3763,"23,24,49"
3764,"24,23,62"
3765,"40,128,175"
3766,"118,74,23"
3767,"10,220"
3768,"3,4,176"
3769,"169,23,31"
3770,"40,135,138"
3771,"3,21,164"
3772,"350,26,23"
3773,"3,111,40"
3774,"0,265"
3775,"0,265,340"
3776,"24,23,145"
3777,"40,184,494"
3778,"3,4"
3779,"40,184,406"
3780,"3,4,435"
3781,"3,21,35"
3782,"40,184,283"
3783,"40,131"
3784,"100,40,3"
3785,"251,337,296"
3786,"3,182,21"
3787,"0,216,271"
3788,"0,8,308"
3789,"523,53,3"
3790,"3,21,187"
3791,"0,271,291"
3792,"0,265,8"
3793,"64,10,80"
3794,"10,64"
3795,"40,131"
3796,"10,220"
3797,"3,119,35"
3798,"169,296"
3799,"23,26,89"
3800,"311,426,259"
3801,"3,187,21"
3802,"80,40,64"
3803,"0,25,24"
3804,"44,45,145"
3805,"0,271,26"
3806,"145,40,402"
3807,"44,145,45"
3808,"131,40,241"
3809,"3,0,265"
3810,"137,23,10"
3811,"145,40,402"
3812,"3,301,21"
3813,"40,131,241"
3814,"23,89,26"
3815,"40,135,386"
3816,"3,34"
3817,"10,54,95"
3818,"3,30"
3819,"3,15,160"
3820,"38,145,71"
3821,"271,0,291"
3822,"89,0,26"
3823,"160,40,334"
3824,"220,10"
3825,"15,3,16"
3826,"40,145,402"
3827,"23,38"
3828,"3,4,435"
3829,"23,39,38"
3830,"0,265,349"
3831,"3,53"
3832,"145,44,45"
3833,"128,40,129"
3834,"3,147,17"
3835,"10,220"
3836,"0,271,291"
3837,"3,4,70"
3838,"0,214,213"
3839,"10,220"
3840,"271,0,456"
3841,"40,402,145"
3842,"23,24,43"
3843,"3,17"
3844,"0,8,206"
3845,"21,3,164"
3846,"10,220"
3847,"199,170,171"
3848,"145,44,69"
3849,"40,131,241"
3850,"3,21,301"
3851,"145,40,402"
3852,"40,145,146"
3853,"281,199,169"
3854,"0,271"
3855,"23,49,24"
3856,"337,311"
3857,"3,15,16"
3858,"147,156,3"
3859,"3,21,301"
3860,"40,41,42"
3861,"64,10,93"
3862,"3,21,187"
3863,"40,160,315"
3864,"311,53,337"
3865,"220,10"
3866,"131,40,241"
3867,"337,296,251"
3868,"23,49,24"
3869,"0,271,291"
3870,"23,74,118"
3871,"10,11,0"
3872,"170,199,171"
3873,"128,129,40"
3874,"296,145,448"
3875,"23,38,39"
3876,"0,271,291"
3877,"3,21"
3878,"3,34,447"
3879,"0,8,235"
3880,"0,218,509"
3881,"23,137,40"
3882,"3,4,435"
3883,"145,44,73"
3884,"0,271,291"
3885,"3,13,204"
3886,"0,8,206"
3887,"23,31,32"
3888,"15,16,3"
3889,"199,170,323"
3890,"145,0,44"
3891,"23,60,24"
3892,"0,208,40"
3893,"3,331,4"
3894,"40,3,160"
3895,"23,3"
3896,"3,204,13"
3897,"169,199"
3898,"38,23,39"
3899,"231,23,26"
3900,"40,41,3"
3901,"337,311,426"
3902,"38,23,39"
3903,"0,277,1"
3904,"74,23,84"
3905,"308,8,0"
3906,"0,216,271"
3907,"23,235,0"
3908,"23,26"
3909,"199,171,170"
3910,"145,44,45"
3911,"40,131,241"
3912,"3,111"
3913,"10,64,93"
3914,"220,10"
3915,"74,23,303"
3916,"199,323,170"
3917,"3,21"
3918,"40,402,145"
3919,"131,40,241"
3920,"3,111,112"
3921,"145,44,69"
3922,"265,23,24"
3923,"40,184,185"
3924,"23,24,43"
3925,"23,49,24"
3926,"23,118,74"
3927,"60,197,23"
3928,"21,3,33"
3929,"199,248,170"
3930,"3,28,5"
3931,"145,44,72"
3932,"10,64,80"
3933,"220,10,221"
3934,"40,224,41"
3935,"0,271,291"
3936,"3,21"
3937,"49,23,24"
3938,"10,64,80"
3939,"138,40,135"
3940,"40,145,402"
3941,"23,43,24"
3942,"0,271,291"
3943,"3,44,145"
3944,"0,271,291"
3945,"169,199,343"
3946,"145,40,402"
3947,"64,10,448"
3948,"23,74,84"
3949,"72,44,145"
3950,"0,291,271"
3951,"3,182,21"
3952,"111,3,284"
3953,"23,265,418"
3954,"145,402,40"
3955,"221,10,220"
3956,"3,13,204"
3957,"0,8,308"
3958,"40,131,134"
3959,"40,131,241"
3960,"145,40,181"
3961,"38,91,23"
3962,"3,21,500"
3963,"0,265,418"
3964,"145,478,40"
3965,"241,131,40"
3966,"0,8"
3967,"10,220"
3968,"23,24,25"
3969,"0,8"
3970,"3,53"
3971,"49,24,23"
3972,"3,111"
3973,"3,53,523"
3974,"8,0,206"
3975,"271,0,456"
3976,"4,3,435"
3977,"3,182,21"
3978,"3,0,40"
3979,"271,0"
3980,"10,64"
3981,"11,44,10"
3982,"0,216,211"
3983,"8,0,235"
3984,"271,0,291"
3985,"169,337,339"
3986,"40,145,402"
3987,"145,40,402"
3988,"40,131,406"
3989,"40,21,151"
3990,"23,38,107"
3991,"40,224,41"
3992,"40,128,129"
3993,"0,218"
3994,"145,54,40"
3995,"220,23,0"
3996,"40,175,128"
3997,"3,4"
3998,"3,21,33"
3999,"169,339,337"
4000,"0,271"
4001,"0,271"
4002,"3,111,267"
4003,"3,30,147"
4004,"3,435,4"
4005,"40,311,431"
4006,"337,169,339"
4007,"40,184,494"
4008,"0,8,218"
4009,"10,3,64"
4010,"40,317,243"
4011,"111,3"
4012,"10,64,80"
4013,"3,21,187"
4014,"3,187,21"
4015,"3,5,133"
4016,"10,64,93"
4017,"8,0,206"
4018,"311,426,337"
4019,"3,147,30"
4020,"0,218,446"
4021,"0,8,206"
4022,"23,24,43"
4023,"0,23,145"
4024,"3,21,154"
4025,"3,21,127"
4026,"3,301,21"
4027,"3,53,523"
4028,"3,13,0"
4029,"169,170,436"
4030,"170,171,199"
4031,"3,21"
4032,"265,0,349"
4033,"24,23,49"
4034,"3,4,435"
4035,"38,23"
4036,"3,4"
4037,"105,23,326"
4038,"0,23,105"
4039,"3,21,301"
4040,"145,40,402"
4041,"3,21,301"
4042,"3,21"
4043,"296,40,169"
4044,"3,111,284"
4045,"10,11,221"
4046,"0,271,291"
4047,"3,523,147"
4048,"0,271,366"
4049,"0,216"
4050,"0,8"
4051,"402,40,145"
4052,"41,40,42"
4053,"199,170,323"
4054,"0,8,235"
4055,"145,402,40"
4056,"128,40,195"
4057,"40,131,193"
4058,"23,38"
4059,"0,354,216"
4060,"3,17,320"
4061,"311,426,337"
4062,"40,128,186"
4063,"24,23,43"
4064,"220,10"
4065,"3,182,21"
4066,"3,21,301"
4067,"3,120"
4068,"3,187,21"
4069,"10,64"
4070,"40,145"
4071,"3,52,51"
4072,"135,23,40"
4073,"40,131,241"
4074,"0,271,291"
4075,"40,160,302"
4076,"25,24,145"
4077,"0,213,214"
4078,"3,156"
4079,"0,271,291"
4080,"44,145,45"
4081,"234,60,21"
4082,"23,43,24"
4083,"199,281,169"
4084,"40,131,406"
4085,"0,231,26"
4086,"40,131,406"
4087,"3,111,21"
4088,"23,74,118"
4089,"169,436,170"
4090,"23,31,32"
4091,"23,38,0"
4092,"40,3,128"
4093,"3,21"
4094,"40,135,41"
4095,"23,74,118"
4096,"220,10"
4097,"40,128,129"
4098,"31,23,32"
4099,"40,23"
4100,"10,11"
4101,"40,131,128"
4102,"38,71,74"
4103,"0,255"
4104,"40,131,31"
4105,"40,135,431"
4106,"350,26,23"
4107,"40,145,181"
4108,"72,44,145"
4109,"3,21"
4110,"40,3,21"
4111,"40,131,241"
4112,"10,60,489"
4113,"40,145,402"
4114,"45,145,44"
4115,"218,509,0"
4116,"3,21,187"
4117,"64,10,65"
4118,"38,309,3"
4119,"40,131,134"
4120,"3,4,19"
4121,"10,220"
4122,"3,4"
4123,"0,214,213"
4124,"145,40,44"
4125,"40,145,181"
4126,"3,4"
4127,"131,40,406"
4128,"23,89,26"
4129,"23,25,24"
4130,"23,38,24"
4131,"40,139"
4132,"3,17,51"
4133,"40,135"
4134,"24,49,23"
4135,"3,53"
4136,"3,4,188"
4137,"5,3,6"
4138,"3,21,187"
4139,"0,271,8"
4140,"3,4"
4141,"40,162"
4142,"0,265"
4143,"40,131,406"
4144,"40,135,374"
4145,"44,145,45"
4146,"40,41"
4147,"40,160,128"
4148,"0,38"
4149,"431,40,135"
4150,"337,251,296"
4151,"3,52,51"
4152,"10,64,60"
4153,"296,169"
4154,"40,41,286"
4155,"346,313,0"
4156,"0,265,421"
4157,"64,10,80"
4158,"40,21,3"
4159,"40,201,41"
4160,"0,485,313"
4161,"0,255"
4162,"135,40,138"
4163,"182,21,3"
4164,"23,290,24"
4165,"17,3,320"
4166,"24,23,25"
4167,"23,26,89"
4168,"131,241,40"
4169,"3,53,523"
4170,"3,21,301"
4171,"40,41,224"
4172,"3,21,301"
4173,"0,271,291"
4174,"23,31,32"
4175,"3,17,34"
4176,"0,271,291"
4177,"3,21,301"
4178,"23,137"
4179,"0,271,366"
4180,"0,271,291"
4181,"40,160,151"
4182,"23,74,118"
4183,"145,44,72"
4184,"3,10,147"
4185,"220,10"
4186,"23,43,24"
4187,"23,128,40"
4188,"10,220"
4189,"40,145,181"
4190,"74,23,317"
4191,"418,0,265"
4192,"10,93,64"
4193,"0,8"
4194,"3,148,147"
4195,"199,169,170"
4196,"0,8,291"
4197,"40,128,195"
4198,"3,4"
4199,"71,24,38"
4200,"169,296,300"
4201,"64,10,80"
4202,"23,26"
4203,"40,184"
4204,"145,40"
4205,"10,220"
4206,"0,218,446"
4207,"23,74,118"
4208,"145,44,73"
4209,"3,4,435"
4210,"45,44,145"
4211,"10,64,93"
4212,"337,251,296"
4213,"23,38,39"
4214,"0,218,23"
4215,"220,23,24"
4216,"40,100,3"
4217,"271,0"
4218,"0,8,206"
4219,"199,170,323"
4220,"40,131,406"
4221,"23,24,49"
4222,"0,218,271"
4223,"0,287,3"
4224,"17,3,320"
4225,"3,111,267"
4226,"38,94,337"
4227,"40,459"
4228,"296,337"
4229,"40,131,406"
4230,"3,34,447"
4231,"0,40,370"
4232,"145,40,402"
4233,"145,402,40"
4234,"3,13,15"
4235,"40,224,41"
4236,"145,40,181"
4237,"3,53"
4238,"23,43,24"
4239,"0,350,8"
4240,"23,24,43"
4241,"3,21"
4242,"3,15,16"
4243,"10,199,323"
4244,"3,21,182"
4245,"8,0,308"
4246,"271,0,291"
4247,"23,74"
4248,"3,28,113"
4249,"40,31,23"
4250,"3,21,301"
4251,"10,64,93"
4252,"169,296,411"
4253,"38,23,309"
4254,"145,44,45"
4255,"3,147,148"
4256,"40,131,406"
4257,"265,0"
4258,"3,4"
4259,"3,111,51"
4260,"0,8,235"
4261,"17,3,320"
4262,"3,5,331"
4263,"40,135,250"
4264,"3,13,120"
4265,"23,26,350"
4266,"3,4"
4267,"64,10,80"
4268,"3,111,147"
4269,"38,24"
4270,"13,205,11"
4271,"3,111,275"
4272,"3,17,320"
4273,"0,8"
4274,"38,23,39"
4275,"169,170,199"
4276,"199,170,171"
4277,"337,0,251"
4278,"3,21,187"
4279,"3,17"
4280,"3,23"
4281,"24,23,345"
4282,"43,24,23"
4283,"170,199,171"
4284,"40,162,131"
4285,"23,24,199"
4286,"170,199,323"
4287,"40,184"
4288,"10,220"
4289,"220,10"
4290,"23,24,25"
4291,"23,74,118"
4292,"44,145"
4293,"71,24,38"
4294,"40,135,3"
4295,"40,130,128"
4296,"8,308,0"
4297,"0,8"
4298,"40,128,139"
4299,"40,402,145"
4300,"10,197,145"
4301,"426,0,296"
4302,"40,135,138"
4303,"239,60,10"
4304,"40,131,241"
4305,"0,265,418"
4306,"44,145,45"
4307,"128,40,130"
4308,"169,296,0"
4309,"23,10,145"
4310,"24,49,23"
4311,"169,199,281"
4312,"40,406,131"
4313,"40,151,152"
4314,"10,64,93"
4315,"17,3,320"
4316,"10,95,54"
4317,"26,23,89"
4318,"23,26,231"
4319,"74,84,23"
4320,"23,74"
4321,"40,41,286"
4322,"73,44,145"
4323,"23,38"
4324,"170,199,171"
4325,"24,23,40"
4326,"0,265"
4327,"26,23,89"
4328,"10,60,239"
4329,"40,139"
4330,"0,8,231"
4331,"53,3,523"
4332,"24,43,23"
4333,"3,21,164"
4334,"40,41,286"
4335,"3,13,0"
4336,"10,64,93"
4337,"3,21,301"
4338,"3,30,301"
4339,"3,13,401"
4340,"3,53,523"
4341,"40,23"
4342,"40,160"
4343,"40,131,241"
4344,"40,145"
4345,"3,4,375"
4346,"337,169,339"
4347,"44,145,10"
4348,"337,296,251"
4349,"3,21"
4350,"3,21,147"
4351,"64,10,80"
4352,"23,43,24"
4353,"23,74,118"
4354,"0,271,265"
4355,"199,323,170"
4356,"3,21"
4357,"135,40,138"
4358,"3,13,204"
4359,"40,184,243"
4360,"40,131"
4361,"199,170,171"
4362,"145,69,44"
4363,"0,380,216"
4364,"0,8"
4365,"40,315,160"
4366,"100,367,3"
4367,"96,31,23"
4368,"23,74,118"
4369,"0,277,458"
4370,"3,21"
4371,"3,28,113"
4372,"145,10,11"
4373,"23,74"
4374,"40,135,141"
4375,"3,21,48"
4376,"169,296,0"
4377,"40,0,128"
4378,"40,41,3"
4379,"3,120,121"
4380,"3,4,435"
4381,"10,220"
4382,"23,31,128"
4383,"40,131,406"
4384,"3,21"
4385,"3,275,147"
4386,"10,64,93"
4387,"3,4"
4388,"10,220"
4389,"145,44,45"
4390,"40,151,152"
4391,"40,145,402"
4392,"23,38,39"
4393,"74,0,23"
4394,"311,426,337"
4395,"64,10"
4396,"10,220"
4397,"3,17,320"
4398,"24,71,38"
4399,"3,21,147"
4400,"0,23,26"
4401,"74,23,118"
4402,"131,40,241"
4403,"10,23,220"
4404,"145,40"
4405,"3,301,51"
4406,"38,23"
4407,"40,145,181"
4408,"296,251,337"
4409,"96,3,40"
4410,"23,26,24"
4411,"23,31,32"
4412,"426,311,337"
4413,"3,41,21"
4414,"3,21,17"
4415,"3,17"
4416,"40,131,406"
4417,"271,0,291"
4418,"170,199,323"
4419,"3,187,21"
4420,"10,24,40"
4421,"307,74,23"
4422,"3,21"
4423,"199,170,323"
4424,"0,8,206"
4425,"10,64,80"
4426,"271,0,456"
4427,"23,24,49"
4428,"31,23,96"
4429,"271,0,456"
4430,"3,21,187"
4431,"3,182,21"
4432,"145,72,44"
4433,"169,281,199"
4434,"40,135,250"
4435,"40,160,41"
4436,"3,30,81"
4437,"3,4,435"
4438,"0,271,291"
4439,"8,0,23"
4440,"0,26"
4441,"0,216,370"
4442,"23,3,120"
4443,"3,13"
4444,"0,8,206"
4445,"10,64,93"
4446,"145,44,45"
4447,"145,44,45"
4448,"40,131,406"
4449,"10,64,93"
4450,"3,15,16"
4451,"3,182,21"
4452,"199,323,170"
4453,"145,24,23"
4454,"23,24,25"
4455,"40,128,130"
4456,"40,131,241"
4457,"220,10"
4458,"26,23,350"
4459,"40,162"
4460,"10,64,80"
4461,"40,131,241"
4462,"10,220"
4463,"3,5,331"
4464,"10,64,93"
4465,"199,169,343"
4466,"3,187,21"
4467,"10,64,93"
4468,"40,135,141"
4469,"23,38,87"
4470,"3,21,100"
4471,"0,8,206"
4472,"0,8,206"
4473,"10,60,0"
4474,"21,3,301"
4475,"337,64,80"
4476,"199,170,171"
4477,"199,169,170"
4478,"3,111"
4479,"3,28,113"
4480,"0,216,271"
4481,"131,40,241"
4482,"40,160,111"
4483,"160,40,315"
4484,"0,249,279"
4485,"60,169,10"
4486,"3,301,21"
4487,"3,74,303"
4488,"3,21,53"
4489,"40,152,151"
4490,"64,10,80"
4491,"31,426,23"
4492,"0,216,254"
4493,"271,0,291"
4494,"0,277,458"
4495,"3,53,287"
4496,"0,271,291"
4497,"40,146,145"
4498,"131,40,241"
4499,"3,111,112"
4500,"271,0,456"
4501,"131,40,406"
4502,"3,13,111"
4503,"40,145,181"
4504,"296,169"
4505,"26,23,350"
4506,"24,49,23"
4507,"10,220"
4508,"0,218,313"
4509,"23,74,118"
4510,"3,53,523"
4511,"74,23,317"
4512,"160,40,334"
4513,"0,8,206"
4514,"3,53,467"
4515,"3,111,161"
4516,"40,160,315"
4517,"0,8,391"
4518,"40,131,406"
4519,"40,145,128"
4520,"40,128,130"
4521,"40,241,131"
4522,"8,23,0"
4523,"23,10"
4524,"296,169"
4525,"199,281"
4526,"0,279,249"
4527,"131,40,134"
4528,"0,216,271"
4529,"145,72,44"
4530,"4,3,435"
4531,"3,147"
4532,"131,40,241"
4533,"0,8,206"
4534,"145,45,44"
4535,"3,21,301"
4536,"3,21"
4537,"10,64,93"
4538,"40,145,402"
4539,"40,160,41"
4540,"220,10"
4541,"3,53,21"
4542,"40,160,149"
4543,"23,24,62"
4544,"31,96,23"
4545,"3,85"
4546,"3,21"
4547,"40,160,315"
4548,"3,30,21"
4549,"40,131,241"
4550,"3,40"
4551,"24,49,23"
4552,"64,10,93"
4553,"23,231,26"
4554,"169,170"
4555,"145,40,402"
4556,"45,44,145"
4557,"17,320,3"
4558,"3,111,21"
4559,"40,145,402"
4560,"3,53,523"
4561,"40,241,131"
4562,"10,64,80"
4563,"3,147,148"
4564,"10,11,205"
4565,"40,160,315"
4566,"193,40,31"
4567,"0,169,337"
4568,"74,317,23"
4569,"3,5,133"
4570,"40,181,145"
4571,"60,234,21"
4572,"199,169"
4573,"40,145,181"
4574,"23,43,24"
4575,"40,131"
4576,"10,11"
4577,"10,64,93"
4578,"8,0,308"
4579,"21,3,187"
4580,"199,169,281"
4581,"26,23,89"
4582,"426,128,337"
4583,"23,38"
4584,"3,53,287"
4585,"60,10,92"
4586,"3,15,16"
4587,"44,145,45"
4588,"3,301,21"
4589,"0,271"
4590,"26,23,0"
4591,"3,21,127"
4592,"28,3,87"
4593,"184,40,185"
4594,"24,62,23"
4595,"3,21,301"
4596,"311,426,337"
4597,"23,26"
4598,"3,21,187"
4599,"3,143,34"
4600,"23,24,25"
4601,"0,313,346"
4602,"3,30,34"
4603,"40,128,162"
4604,"43,23,24"
4605,"40,128,186"
4606,"160,40,315"
4607,"0,265"
4608,"23,74,118"
4609,"10,25,24"
4610,"40,21,135"
4611,"169,40,459"
4612,"0,271"
4613,"3,15,16"
4614,"337,339,169"
4615,"3,53,523"
4616,"3,0,340"
4617,"40,131,134"
4618,"23,296,74"
4619,"24,23,25"
4620,"131,40,406"
4621,"10,60"
4622,"0,271"
4623,"3,21"
4624,"40,131,241"
4625,"3,4,15"
4626,"323,199,170"
4627,"3,21,52"
4628,"3,53,120"
4629,"10,11,145"
4630,"10,64,93"
4631,"40,128,175"
4632,"23,26,89"
4633,"30,3,31"
4634,"3,187,21"
4635,"199,323,170"
4636,"160,40,315"
4637,"40,41"
4638,"131,40,406"
4639,"23,89,26"
4640,"3,53,523"
4641,"3,21"
4642,"24,49,23"
4643,"40,128,195"
4644,"3,21,301"
4645,"64,10,93"
4646,"23,137,38"
4647,"169,339,337"
4648,"170,199,323"
4649,"3,21,147"
4650,"23,220,24"
4651,"40,131"
4652,"281,199,169"
4653,"23,43,24"
4654,"10,31,23"
4655,"3,53,523"
4656,"3,21"
4657,"145,69,44"
4658,"26,23,89"
4659,"0,249,279"
4660,"271,0,456"
4661,"199,169"
4662,"3,21"
4663,"111,40,41"
4664,"40,146,145"
4665,"60,21,234"
4666,"40,283,146"
4667,"3,5"
4668,"271,0,291"
4669,"8,0,23"
4670,"169,436,170"
4671,"40,193,131"
4672,"0,271,291"
4673,"23,74,118"
4674,"3,21,187"
4675,"40,129,128"
4676,"0,337,271"
4677,"296,251,337"
4678,"40,128,186"
4679,"23,350,26"
4680,"40,21,74"
4681,"3,53,523"
4682,"170,459,40"
4683,"311,426,259"
4684,"3,21,182"
4685,"64,10,93"
4686,"296,28,113"
4687,"3,5,133"
4688,"216,0"
4689,"40,302,160"
4690,"0,457,218"
4691,"0,271"
4692,"21,3,127"
4693,"3,182,21"
4694,"308,8,38"
4695,"38,137,23"
4696,"4,3,435"
4697,"3,53,21"
4698,"40,402,145"
4699,"64,10,93"
4700,"199,170,171"
4701,"337,311,426"
4702,"156,3,147"
4703,"220,23,10"
4704,"23,31,32"
4705,"0,213,255"
4706,"3,147,148"
4707,"40,131,406"
4708,"169,296"
4709,"23,40"
4710,"23,49,24"
4711,"10,220"
4712,"64,10,80"
4713,"23,24,25"
4714,"38,23"
4715,"0,265"
4716,"24,23,49"
4717,"271,0,291"
4718,"3,147,156"
4719,"0,271,291"
4720,"38,23,24"
4721,"40,135,431"
4722,"0,8,308"
4723,"40,139"
4724,"0,254,216"
4725,"40,128,129"
4726,"23,74,118"
4727,"3,4,19"
4728,"40,13,3"
4729,"3,17,320"
4730,"3,21,187"
4731,"3,301,21"
4732,"3,21,301"
4733,"45,145,44"
4734,"220,10"
4735,"199,323,170"
4736,"52,51,3"
4737,"3,301,21"
4738,"199,170,171"
4739,"40,184,143"
4740,"3,147"
4741,"53,3,523"
4742,"3,53,523"
4743,"169,426,170"
4744,"3,52,51"
4745,"40,3"
4746,"3,111,388"
4747,"38,71,24"
4748,"23,317,74"
4749,"145,402,40"
4750,"10,220"
4751,"0,265,349"
4752,"31,23,96"
4753,"199,169"
4754,"40,184,185"
4755,"0,8,235"
4756,"40,296,184"
4757,"8,235,0"
4758,"3,21,127"
4759,"3,53,523"
4760,"23,38,309"
4761,"3,148,147"
4762,"3,53,523"
4763,"23,74,24"
4764,"40,135,250"
4765,"3,53,523"
4766,"40,162"
4767,"0,265,418"
4768,"69,145,44"
4769,"0,216,354"
4770,"40,160,334"
4771,"3,21"
4772,"10,95,402"
4773,"3,182,21"
4774,"3,21,52"
4775,"3,21"
4776,"169,21,3"
4777,"21,41,3"
4778,"271,0"
4779,"10,220"
4780,"169,296,300"
4781,"145,45,44"
4782,"31,23,169"
4783,"64,10"
4784,"187,3,21"
4785,"3,15,188"
4786,"23,231,26"
4787,"3,5,6"
4788,"40,250,135"
4789,"23,350,26"
4790,"40,145,402"
4791,"3,0,13"
4792,"0,8,206"
4793,"23,74,40"
4794,"3,435"
4795,"23,3,74"
4796,"0,255,271"
4797,"3,53,523"
4798,"0,218,475"
4799,"170,459,169"
4800,"40,128,186"
4801,"3,13,204"
4802,"24,25,23"
4803,"40,41,286"
4804,"169,170,199"
4805,"3,301,21"
4806,"0,271,291"
4807,"53,3,523"
4808,"23,74,118"
4809,"24,23,43"
4810,"0,218"
4811,"307,74,23"
4812,"3,301,21"
4813,"61,60,10"
4814,"24,49,23"
4815,"10,64,80"
4816,"169,296"
4817,"0,218,271"
4818,"24,25,23"
4819,"187,3,21"
4820,"337,265,311"
4821,"8,0,206"
4822,"3,17,143"
4823,"145,44,72"
4824,"3,204,13"
4825,"23,31,32"
4826,"145,44,45"
4827,"10,11,44"
4828,"40,128,129"
4829,"3,21,164"
4830,"145,10,199"
4831,"26,89,23"
4832,"0,206,8"
4833,"40,131,406"
4834,"0,271"
4835,"3,147,148"
4836,"145,44,45"
4837,"40,145,146"
4838,"3,17,320"
4839,"21,3,169"
4840,"337,251,296"
4841,"337,251,296"
4842,"3,21,182"
4843,"71,38,24"
4844,"45,44,145"
4845,"3,53,523"
4846,"3,148,147"
4847,"10,23,220"
4848,"3,187,21"
4849,"145,40,402"
4850,"0,8,206"
4851,"40,128"
4852,"40,131,41"
4853,"74,23,283"
4854,"0,265,3"
4855,"43,24,23"
4856,"40,129,128"
4857,"10,220"
4858,"24,49,23"
4859,"10,220"
4860,"3,21,53"
4861,"10,64,93"
4862,"40,160,111"
4863,"199,169"
4864,"3,13,145"
4865,"128,40,129"
4866,"23,24,49"
4867,"3,21,147"
4868,"23,31,32"
4869,"0,271"
4870,"10,64,80"
4871,"170,199,171"
4872,"220,10"
4873,"135,40,426"
4874,"23,165,74"
4875,"3,182,21"
4876,"3,17,320"
4877,"0,216,271"
4878,"40,128,186"
4879,"0,271,218"
4880,"31,328,23"
4881,"23,137,38"
4882,"23,24,25"
4883,"3,53,523"
4884,"0,313,8"
4885,"40,128,175"
4886,"3,21,127"
4887,"3,53,523"
4888,"3,156,147"
4889,"426,311,259"
4890,"23,418,265"
4891,"199,170,323"
4892,"3,21,301"
4893,"0,271"
4894,"145,44,72"
4895,"0,206,8"
4896,"145,44,45"
4897,"3,60"
4898,"3,21"
4899,"3,21"
4900,"21,3,301"
4901,"10,60,11"
4902,"296,169"
4903,"170,199,171"
4904,"40,160,315"
4905,"311,426,259"
4906,"10,64"
4907,"0,271"
4908,"3,21,104"
4909,"3,17"
4910,"23,74"
4911,"283,74,23"
4912,"3,21,301"
4913,"43,23,24"
4914,"448,10,64"
4915,"3,182,21"
4916,"10,220"
4917,"0,271,291"
4918,"38,40,23"
4919,"23,38,309"
4920,"3,21,301"
4921,"0,8,308"
4922,"64,10,80"
4923,"0,265"
4924,"15,16,3"
4925,"40,241,131"
4926,"64,10,80"
4927,"3,164,21"
4928,"44,145,45"
4929,"40,135"
4930,"40,184,131"
4931,"3,301"
4932,"128,40,186"
4933,"10,64,80"
4934,"10,220"
4935,"23,74,118"
4936,"10,23,24"
4937,"296,337,251"
4938,"40,286,41"
4939,"0,279,249"
4940,"426,23,24"
4941,"216,212,211"
4942,"23,24,49"
4943,"71,38,24"
4944,"24,23,49"
4945,"10,220"
4946,"40,195,0"
4947,"23,31"
4948,"40,160,184"
4949,"3,44,145"
4950,"3,28,113"
4951,"23,26,231"
4952,"8,0,206"
4953,"3,4,435"
4954,"31,23,77"
4955,"145,40,402"
4956,"10,220"
4957,"23,26"
4958,"10,64,93"
4959,"145,44,45"
4960,"426,311,259"
4961,"111,169,3"
4962,"3,5,133"
4963,"100,222,40"
4964,"0,8,206"
4965,"3,21"
4966,"45,44,24"
4967,"3,4,111"
4968,"23,160,40"
4969,"24,25,23"
4970,"38,71,24"
4971,"10,220"
4972,"10,220"
4973,"40,41,3"
4974,"3,4,435"
4975,"145,44,45"
4976,"21,3,48"
4977,"3,147,148"
4978,"74,118,23"
4979,"0,354,216"
4980,"216,0,380"
4981,"145,40,402"
4982,"40,311,426"
4983,"40,135"
4984,"0,340,199"
4985,"3,523,53"
4986,"23,88,38"
4987,"40,241,131"
4988,"0,296,169"
4989,"40,131,241"
4990,"23,74,303"
4991,"24,25,23"
4992,"3,111"
4993,"3,28,113"
4994,"40,41,224"
4995,"64,10,80"
4996,"8,296,405"
4997,"337,251,296"
4998,"10,220"
4999,"64,10,93"
5000,"145,40"
5001,"3,4,435"
5002,"3,187,21"
5003,"23,74,317"
5004,"3,145,21"
5005,"251,296,337"
5006,"89,26,0"
5007,"199,169,281"
5008,"40,160,315"
5009,"131,40,241"
5010,"0,446,218"
5011,"0,372,255"
5012,"40,145,402"
5013,"3,4,435"
5014,"38,23,39"
5015,"10,64,93"
5016,"10,64,93"
5017,"3,4,435"
5018,"169,199,40"
5019,"170,199,323"
5020,"138,40,135"
5021,"34,143,3"
5022,"64,10,80"
5023,"296,337,251"
5024,"3,5,6"
5025,"337,296,311"
5026,"0,313,346"
5027,"40,41,286"
5028,"3,53,111"
5029,"3,120,35"
5030,"0,271,23"
5031,"4,3,435"
5032,"40,135,138"
5033,"169,170,436"
5034,"3,187,21"
5035,"0,8,271"
5036,"3,147"
5037,"169,296"
5038,"0,296,337"
5039,"40,131,406"
5040,"23,24,43"
5041,"64,10,80"
5042,"23,26,231"
5043,"10,11,109"
5044,"10,64,93"
5045,"40,128,195"
5046,"3,147,148"
5047,"3,4,435"
5048,"71,24,38"
5049,"3,21,301"
5050,"263,34,3"
5051,"40,184,23"
5052,"40,406,131"
5053,"3,15,16"
5054,"74,23,118"
5055,"3,40,4"
5056,"10,64"
5057,"3,147,148"
5058,"145,45,44"
5059,"3,169,311"
5060,"3,111,53"
5061,"3,13,60"
5062,"337,426,311"
5063,"3,21"
5064,"0,271,291"
5065,"3,5,331"
5066,"0,8,235"
5067,"3,4"
5068,"131,40,406"
5069,"3,4,435"
5070,"0,265,340"
5071,"64,10,93"
5072,"145,40,402"
5073,"40,135"
5074,"3,187,21"
5075,"3,21,182"
5076,"3,21,0"
5077,"3,147,148"
5078,"10,220"
5079,"40,186,128"
5080,"64,10,80"
5081,"220,10"
5082,"23,231,26"
5083,"337,311,426"
5084,"40,145,493"
5085,"3,21,182"
5086,"40,184"
5087,"3,17,320"
5088,"40,131"
5089,"3,21,115"
5090,"311,426,259"
5091,"40,145,25"
5092,"23,24,25"
5093,"220,0"
5094,"10,11,72"
5095,"38,24,71"
5096,"145,44,69"
5097,"10,64,93"
5098,"0,271,291"
5099,"44,145,45"
5100,"169,296"
5101,"128,40,129"
5102,"60,10,72"
5103,"40,162"
5104,"23,39,38"
5105,"311,426,259"
5106,"3,187,21"
5107,"3,187,21"
5108,"31,23,32"
5109,"17,320,3"
5110,"3,53"
5111,"24,49,23"
5112,"3,147,148"
5113,"3,275,111"
5114,"3,164,21"
5115,"10,60,239"
5116,"337,296,251"
5117,"0,249,279"
5118,"3,147,148"
5119,"3,21,301"
5120,"3,182,21"
5121,"40,145,402"
5122,"3,147,203"
5123,"3,21,182"
5124,"10,64,80"
5125,"145,402,40"
5126,"40,131,241"
5127,"426,311,259"
5128,"40,131,241"
5129,"40,128,129"
5130,"220,10"
5131,"74,23,84"
5132,"40,175,128"
5133,"23,24,10"
5134,"40,402,145"
5135,"0,8,206"
5136,"40,241,131"
5137,"0,265,340"
5138,"0,206,8"
5139,"0,1,277"
5140,"10,64,93"
5141,"64,10,93"
5142,"10,64,80"
5143,"199,170,171"
5144,"26,23,0"
5145,"3,5"
5146,"495,105,3"
5147,"40,402,145"
5148,"216,254,0"
5149,"3,21,301"
5150,"10,64,448"
5151,"3,148,147"
5152,"64,10,80"
5153,"135,40,141"
5154,"10,11,12"
5155,"44,45,145"
5156,"3,53,21"
5157,"337,311,426"
5158,"40,131,241"
5159,"23,105,38"
5160,"3,435,4"
5161,"169,426,23"
5162,"169,199,343"
5163,"10,220"
5164,"0,346,291"
5165,"0,218,512"
5166,"40,145"
5167,"17,3"
5168,"23,25,24"
5169,"105,23"
5170,"23,0,271"
5171,"40,128"
5172,"40,41"
5173,"3,120"
5174,"72,145,44"
5175,"3,53"
5176,"3,147"
5177,"281,169,199"
5178,"169,508,426"
5179,"24,23,145"
5180,"145,44,45"
5181,"0,3,320"
5182,"24,25,23"
5183,"231,26,23"
5184,"145,44,69"
5185,"145,23,0"
5186,"3,21,301"
5187,"23,74,231"
5188,"3,5,6"
5189,"40,100,139"
5190,"3,145,111"
5191,"296,337,251"
5192,"40,402,145"
5193,"71,38,24"
5194,"3,21,187"
5195,"23,49,24"
5196,"72,44,145"
5197,"10,145,95"
5198,"40,286,139"
5199,"0,23,271"
5200,"337,296,251"
5201,"3,17"
5202,"40,129,128"
5203,"23,38,39"
5204,"23,74,118"
5205,"41,40,3"
5206,"3,28,113"
5207,"3,21,301"
5208,"0,8,206"
5209,"3,182,21"
5210,"39,38,23"
5211,"145,40,402"
5212,"311,426,259"
5213,"40,160"
5214,"3,21,182"
5215,"145,402,40"
5216,"23,24,25"
5217,"40,184,170"
5218,"199,323,170"
5219,"160,334,40"
5220,"296,169,420"
5221,"3,21"
5222,"23,24,40"
5223,"23,175,40"
5224,"40,128,129"
5225,"508,426,169"
5226,"23,26,89"
5227,"10,64,93"
5228,"271,0,456"
5229,"69,11,10"
5230,"0,291,271"
5231,"0,255,271"
5232,"3,21,301"
5233,"21,102,3"
5234,"40,128,129"
5235,"145,44,45"
5236,"291,271,0"
5237,"169,260,170"
5238,"10,64,93"
5239,"199,169"
5240,"10,60,239"
5241,"3,13,111"
5242,"23,89,26"
5243,"220,10"
5244,"40,175,128"
5245,"21,3"
5246,"40,135,151"
5247,"3,4"
5248,"0,337"
5249,"40,131,406"
5250,"40,131"
5251,"23,74,118"
5252,"3,21,48"
5253,"0,218,3"
5254,"23,31,32"
5255,"0,313,346"
5256,"169,199,170"
5257,"40,131,145"
5258,"145,402,218"
5259,"0,8,206"
5260,"23,26,231"
5261,"24,71,38"
5262,"10,60"
5263,"38,23,87"
5264,"260,169,170"
5265,"10,220"
5266,"169,339,337"
5267,"337,251,296"
5268,"3,4,435"
5269,"3,21,108"
5270,"271,0,291"
5271,"40,128,195"
5272,"296,420,10"
5273,"184,40,494"
5274,"40,131,406"
5275,"23,31,328"
5276,"0,8,206"
5277,"26,23,350"
5278,"337,311,426"
5279,"3,21"
5280,"0,271,291"
5281,"38,71,24"
5282,"23,31,96"
5283,"74,317,41"
5284,"0,271,291"
5285,"3,147,148"
5286,"3,187,21"
5287,"3,53"
5288,"3,301,21"
5289,"40,160"
5290,"3,21"
5291,"3,147,148"
5292,"131,241,40"
5293,"0,271,366"
5294,"0,23,26"
5295,"426,508,169"
5296,"40,250,135"
5297,"40,215,145"
5298,"281,169,199"
5299,"10,220"
5300,"23,43,24"
5301,"23,24,40"
5302,"337,311,426"
5303,"23,24,43"
5304,"25,24,23"
5305,"0,3,512"
5306,"3,21,187"
5307,"40,128,175"
5308,"40,402,145"
5309,"10,64"
5310,"23,74"
5311,"44,45,145"
5312,"3,21,160"
5313,"231,26,23"
5314,"0,271,291"
5315,"25,24,23"
5316,"0,169,296"
5317,"3,21,115"
5318,"0,265"
5319,"3,17"
5320,"3,53"
5321,"40,131,406"
5322,"3,34"
5323,"0,8,308"
5324,"40,131,241"
5325,"135,40,189"
5326,"3,111"
5327,"281,169,199"
5328,"3,17,320"
5329,"38,23"
5330,"317,74,23"
5331,"40,131,139"
5332,"23,105,326"
5333,"3,301"
5334,"40,135,138"
5335,"111,3,119"
5336,"169,199,343"
5337,"23,31,32"
5338,"199,171,170"
5339,"40,131"
5340,"199,170,171"
5341,"311,426"
5342,"3,164,21"
5343,"40,131,337"
5344,"40,145,402"
5345,"23,0,38"
5346,"145,44,45"
5347,"271,0,291"
5348,"23,350,26"
5349,"40,3,145"
5350,"296,169,420"
5351,"3,21,301"
5352,"40,131"
5353,"145,69,44"
5354,"54,10,95"
5355,"40,131,134"
5356,"3,53,523"
5357,"24,71,38"
5358,"3,21"
5359,"23,49,24"
5360,"0,271,291"
5361,"3,21,164"
5362,"40,128,175"
5363,"3,53,523"
5364,"44,45,145"
5365,"3,21,147"
5366,"3,147,148"
5367,"169,170,459"
5368,"170,40,459"
5369,"3,21,22"
5370,"3,4,435"
5371,"64,10,80"
5372,"31,328,23"
5373,"0,265,340"
5374,"64,10,80"
5375,"40,131,406"
5376,"281,169,199"
5377,"311,426,337"
5378,"3,4,19"
5379,"40,145,402"
5380,"23,24,10"
5381,"40,128,186"
5382,"10,220"
5383,"271,0,291"
5384,"40,131,241"
5385,"271,0"
5386,"96,31,23"
5387,"3,51,52"
5388,"10,11,12"
5389,"40,131,241"
5390,"145,44,45"
5391,"10,93,64"
5392,"169,296"
5393,"199,169,281"
5394,"40,402,145"
5395,"169,170,260"
5396,"23,38,74"
5397,"0,8,391"
5398,"0,271,8"
5399,"23,0,271"
5400,"3,21,48"
5401,"337,251,296"
5402,"49,24,23"
5403,"40,41,149"
5404,"0,271,291"
5405,"40,131,241"
5406,"40,128,186"
5407,"0,346,313"
5408,"311,426,259"
5409,"3,147,148"
5410,"0,8,206"
5411,"169,296"
5412,"337,251,296"
5413,"64,10,93"
5414,"0,337,216"
5415,"31,296,96"
5416,"3,53,15"
5417,"3,21,13"
5418,"44,145,45"
5419,"40,145"
5420,"3,17,320"
5421,"21,3,187"
5422,"3,21"
5423,"3,21,187"
5424,"10,93,64"
5425,"291,0,271"
5426,"3,34"
5427,"265,24,49"
5428,"64,10,80"
5429,"10,220"
5430,"3,34,263"
5431,"3,4,435"
5432,"23,38,309"
5433,"3,13"
5434,"0,8,10"
5435,"64,10,80"
5436,"71,38,24"
5437,"0,8,235"
5438,"0,26,89"
5439,"40,145,146"
5440,"23,89,0"
5441,"287,0,53"
5442,"0,8,327"
5443,"0,8,206"
5444,"3,111,21"
5445,"40,402,145"
5446,"271,0,291"
5447,"40,21,3"
5448,"0,23,218"
5449,"40,184"
5450,"60,239,10"
5451,"3,0,311"
5452,"296,169,300"
5453,"3,21,187"
5454,"0,296,218"
5455,"40,3,41"
5456,"0,271"
5457,"3,21"
5458,"0,218,481"
5459,"3,17,320"
5460,"3,147,148"
5461,"23,24,43"
5462,"40,139,140"
5463,"3,21,108"
5464,"3,52,51"
5465,"370,0,216"
5466,"0,265,271"
5467,"459,170,169"
5468,"43,23,24"
5469,"0,8,308"
5470,"231,23,26"
5471,"169,426,296"
5472,"74,317,23"
5473,"0,265,271"
5474,"0,457,218"
5475,"3,147,16"
5476,"3,111"
5477,"64,10,80"
5478,"38,71,24"
5479,"296,169"
5480,"426,311,259"
5481,"3,111,123"
5482,"170,171,199"
5483,"0,8,40"
5484,"3,53,68"
5485,"296,169"
5486,"3,4,188"
5487,"3,21,124"
5488,"23,31,32"
5489,"296,169,306"
5490,"164,21,3"
5491,"251,23,296"
5492,"3,13,474"
5493,"10,64"
5494,"3,30"
5495,"0,271"
5496,"40,128,129"
5497,"23,26,350"
5498,"3,13,204"
5499,"3,13,14"
5500,"10,489,60"
5501,"71,38,24"
5502,"23,24,31"
5503,"64,10"
5504,"23,38,88"
5505,"40,131,241"
5506,"0,377,218"
5507,"216,212,211"
5508,"0,23,271"
5509,"23,24,145"
5510,"3,21"
5511,"3,21,187"
5512,"40,135,138"
5513,"3,30,104"
5514,"25,24,23"
5515,"45,145,44"
5516,"40,131,241"
5517,"64,10,80"
5518,"23,38,307"
5519,"21,3"
5520,"38,24,71"
5521,"26,350,23"
5522,"23,105"
5523,"3,52,51"
5524,"10,220"
5525,"367,3,100"
5526,"23,31,328"
5527,"229,0,421"
5528,"3,111,119"
5529,"44,145,72"
5530,"3,388,21"
5531,"72,145,44"
5532,"23,38,91"
5533,"199,169"
5534,"3,111,21"
5535,"0,277,458"
5536,"3,13,506"
5537,"34,3,263"
5538,"23,31,454"
5539,"10,0,60"
5540,"24,38,71"
5541,"40,145,181"
5542,"3,169,199"
5543,"311,426,337"
5544,"71,38,24"
5545,"3,111,125"
5546,"43,23,24"
5547,"3,182,199"
5548,"17,3,320"
5549,"10,220,0"
5550,"169,374"
5551,"40,135,138"
5552,"0,40,271"
5553,"169,426,170"
5554,"271,0,291"
5555,"24,38,10"
5556,"40,495,105"
5557,"23,38,49"
5558,"0,265,349"
5559,"23,38,308"
5560,"3,523,147"
5561,"3,53,523"
5562,"72,44,145"
5563,"10,220"
5564,"145,40,181"
5565,"0,291,271"
5566,"44,145,45"
5567,"337,339,311"
5568,"3,5"
5569,"40,41,224"
5570,"10,220,23"
5571,"23,43,24"
5572,"296,23,337"
5573,"3,21"
5574,"135,250,40"
5575,"0,265,349"
5576,"199,171,170"
5577,"0,216"
5578,"0,218,457"
5579,"10,220"
5580,"40,128,130"
5581,"10,109,45"
5582,"3,70,4"
5583,"135,40,138"
5584,"40,406,131"
5585,"72,145,44"
5586,"135,138,40"
5587,"23,24,25"
5588,"40,130,128"
5589,"40,41,201"
5590,"0,8"
5591,"23,38"
5592,"40,131,134"
5593,"40,41,3"
5594,"220,10"
5595,"23,26,89"
5596,"0,271,291"
5597,"169,296"
5598,"40,241,131"
5599,"0,271,456"
5600,"3,523,53"
5601,"145,72,44"
5602,"3,127,21"
5603,"23,26,0"
5604,"23,38,309"
5605,"44,145,45"
5606,"10,220"
5607,"0,26,23"
5608,"10,220"
5609,"145,40,181"
5610,"3,4"
5611,"0,444,271"
5612,"0,271,311"
5613,"3,53"
5614,"26,23,231"
5615,"3,15,16"
5616,"10,60,239"
5617,"0,271"
5618,"0,350,271"
5619,"3,21,301"
5620,"10,64,93"
5621,"220,10"
5622,"0,40,128"
5623,"0,273,265"
5624,"0,271,456"
5625,"3,21,164"
5626,"145,40"
5627,"40,131,406"
5628,"40,131"
5629,"0,220,10"
5630,"23,96,31"
5631,"23,31,290"
5632,"40,195,128"
5633,"311,426,259"
5634,"169,170,459"
5635,"10,64,93"
5636,"199,170,171"
5637,"23,26"
5638,"11,205,10"
5639,"169,339,3"
5640,"40,128,129"
5641,"271,0,456"
5642,"169,199,281"
5643,"40,139,131"
5644,"311,426,259"
5645,"23,26,350"
5646,"74,23,283"
5647,"64,10,80"
5648,"23,40,128"
5649,"23,38,309"
5650,"40,100,367"
5651,"169,296"
5652,"0,216,271"
5653,"23,38"
5654,"3,4,435"
5655,"0,271,355"
5656,"3,147"
5657,"3,186,164"
5658,"3,523,53"
5659,"3,111,119"
5660,"40,41,119"
5661,"64,10,80"
5662,"40,145,146"
5663,"231,23,26"
5664,"0,271,366"
5665,"0,271"
5666,"40,139"
5667,"40,139"
5668,"74,118,23"
5669,"40,402,145"
5670,"0,265,349"
5671,"64,10,80"
5672,"145,44,45"
5673,"40,131,241"
5674,"64,10,80"
5675,"3,21,182"
5676,"3,53"
5677,"296,169,0"
5678,"74,23,118"
5679,"3,21,127"
5680,"0,271,291"
5681,"145,40,10"
5682,"3,156,21"
5683,"145,40,402"
5684,"40,160,315"
5685,"3,301,28"
5686,"3,53,523"
5687,"10,69,145"
5688,"0,313,346"
5689,"3,21"
5690,"64,10"
5691,"40,128,175"
5692,"169,296"
5693,"0,296"
5694,"40,145,402"
5695,"23,231,26"
5696,"145,40"
5697,"3,4,435"
5698,"24,49,23"
5699,"147,203,3"
5700,"40,160,302"
5701,"169,296,371"
5702,"3,21"
5703,"10,145,54"
5704,"10,64,93"
5705,"3,53,287"
5706,"15,16,3"
5707,"40,131,406"
5708,"311,426,259"
5709,"40,23,3"
5710,"199,323,170"
5711,"8,0,308"
5712,"0,456,271"
5713,"10,220"
5714,"40,131"
5715,"23,24,62"
5716,"337,251,296"
5717,"10,60,489"
5718,"3,523,111"
5719,"40,131,241"
5720,"40,199,131"
5721,"3,21"
5722,"0,220"
5723,"40,131,134"
5724,"10,64,80"
5725,"523,53,3"
5726,"0,271,366"
5727,"3,147,148"
5728,"494,169,311"
5729,"24,23,25"
5730,"199,170,323"
5731,"0,60,111"
5732,"0,271,291"
5733,"3,21,182"
5734,"40,145,146"
5735,"3,53,523"
5736,"308,0,8"
5737,"31,23,328"
5738,"3,53,523"
5739,"323,10,170"
5740,"3,4,435"
5741,"24,23,49"
5742,"10,220"
5743,"3,4,435"
5744,"0,265,349"
5745,"156,3,147"
5746,"10,64,80"
5747,"169,508,426"
5748,"24,23,43"
5749,"64,10,93"
5750,"10,220"
5751,"40,152,151"
5752,"40,135,138"
5753,"31,23,454"
5754,"40,315,151"
5755,"23,24,43"
5756,"199,169"
5757,"3,13,120"
5758,"40,160"
5759,"0,216,271"
5760,"10,220"
5761,"40,131,406"
5762,"3,111,28"
5763,"145,40"
5764,"3,4,19"
5765,"3,182"
5766,"72,145,44"
5767,"40,41,224"
5768,"23,26,296"
5769,"259,311,426"
5770,"3,293,85"
5771,"26,23,89"
5772,"145,10,54"
5773,"40,145,181"
5774,"3,21"
5775,"44,145,10"
5776,"145,44,40"
5777,"3,53,68"
5778,"3,21,164"
5779,"3,21,164"
5780,"0,370,216"
5781,"3,21"
5782,"145,40,402"
5783,"40,139,153"
5784,"3,156,160"
5785,"23,74,3"
5786,"169,170,199"
5787,"23,24,25"
5788,"40,175,128"
5789,"40,23,131"
5790,"8,0,308"
5791,"40,131,193"
5792,"10,90,64"
5793,"3,13,204"
5794,"0,265,418"
5795,"8,0,426"
5796,"199,170,96"
5797,"45,145,44"
5798,"169,260,296"
5799,"23,38,88"
5800,"10,11"
5801,"40,160,315"
5802,"23,38,24"
5803,"145,40,43"
5804,"418,265,0"
5805,"0,458,277"
5806,"0,313,216"
5807,"0,485,313"
5808,"3,147,148"
5809,"23,231"
5810,"218,0,509"
5811,"15,3,16"
5812,"281,199,169"
5813,"3,287,53"
5814,"0,271"
5815,"23,0,26"
5816,"3,4,34"
5817,"40,128"
5818,"296,169"
5819,"169,199,343"
5820,"220,10"
5821,"0,8,206"
5822,"0,271,444"
5823,"23,24,345"
5824,"44,45,145"
5825,"71,38,24"
5826,"23,24"
5827,"3,53,523"
5828,"220,10"
5829,"43,23,24"
5830,"31,23,96"
5831,"3,21,301"
5832,"40,131"
5833,"23,26,89"
5834,"23,26,89"
5835,"40,128,129"
5836,"4,3,19"
5837,"220,10"
5838,"3,21,187"
5839,"10,220"
5840,"40,131,241"
5841,"40,160,315"
5842,"145,44,69"
5843,"426,311,259"
5844,"3,21"
5845,"0,346,313"
5846,"3,111,21"
5847,"41,42,40"
5848,"0,208,369"
5849,"311,337,426"
5850,"40,220,10"
5851,"64,10,80"
5852,"23,38,231"
5853,"3,111"
5854,"199,169"
5855,"40,131,406"
5856,"0,218,446"
5857,"40,131"
5858,"3,17,51"
5859,"0,218,216"
5860,"10,64,93"
5861,"71,38,24"
5862,"145,40,44"
5863,"4,3,70"
5864,"40,402,145"
5865,"40,184,185"
5866,"23,38"
5867,"10,220"
5868,"145,40,23"
5869,"5,3,133"
5870,"3,147,148"
5871,"337,311,426"
5872,"23,43,24"
5873,"10,72,145"
5874,"3,21"
5875,"131,40,406"
5876,"0,265,1"
5877,"31,23,32"
5878,"0,271,1"
5879,"21,40,3"
5880,"40,160,315"
5881,"3,21,48"
5882,"40,131,134"
5883,"311,426,259"
5884,"23,38,0"
5885,"0,271"
5886,"25,23,24"
5887,"10,72,12"
5888,"24,23,49"
5889,"40,128,162"
5890,"24,23,25"
5891,"3,301,21"
5892,"0,271,366"
5893,"3,21"
5894,"23,49,24"
5895,"265,0,418"
5896,"3,40"
5897,"3,5,331"
5898,"3,51,52"
5899,"169,296,306"
5900,"40,406,131"
5901,"40,135,431"
5902,"170,40,135"
5903,"169,24,23"
5904,"23,74,118"
5905,"3,5"
5906,"10,44,11"
5907,"40,128,186"
5908,"169,40,170"
5909,"10,64,93"
5910,"216,212,211"
5911,"135,40,138"
5912,"24,25,23"
5913,"40,131,241"
5914,"0,8"
5915,"23,24,25"
5916,"40,131,241"
5917,"40,131,406"
5918,"40,195,0"
5919,"3,156,147"
5920,"44,145,45"
5921,"71,38,24"
5922,"0,216,271"
5923,"24,43,23"
5924,"0,271,291"
5925,"3,301,21"
5926,"10,64,80"
5927,"17,320,3"
5928,"3,30,13"
5929,"3,4,435"
5930,"265,418,0"
5931,"44,145,69"
5932,"10,64,93"
5933,"3,21"
5934,"3,4"
5935,"169,199,170"
5936,"0,218,509"
5937,"10,145,60"
5938,"23,26,231"
5939,"40,160,315"
5940,"216,212"
5941,"64,10,80"
5942,"3,4,51"
5943,"220,10"
5944,"3,4"
5945,"40,135,141"
5946,"23,74,118"
5947,"0,308"
5948,"23,220,10"
5949,"0,208"
5950,"145,40,402"
5951,"0,271,291"
5952,"23,38"
5953,"3,40,81"
5954,"40,131,241"
5955,"40,135,138"
5956,"3,147,156"
5957,"3,15,16"
5958,"3,147,156"
5959,"8,405,0"
5960,"3,187,263"
5961,"40,3,169"
5962,"3,21,164"
5963,"145,40,402"
5964,"147,3,148"
5965,"0,218,509"
5966,"40,131,406"
5967,"21,3,182"
5968,"15,3,16"
5969,"169,199,170"
5970,"40,402,145"
5971,"169,426,508"
5972,"23,24,43"
5973,"0,206,8"
5974,"3,21,187"
5975,"23,38,94"
5976,"40,135"
5977,"24,23,25"
5978,"3,21,187"
5979,"64,10,80"
5980,"24,25,23"
5981,"0,265,271"
5982,"0,271,360"
5983,"145,10,44"
5984,"296,337,251"
5985,"3,4,435"
5986,"40,160,128"
5987,"0,271"
5988,"231,23,26"
5989,"3,21,164"
5990,"3,21,187"
5991,"0,265"
5992,"212,211,216"
5993,"10,220"
5994,"40,131,241"
5995,"64,448,10"
5996,"3,4"
5997,"10,220"
5998,"3,5,331"
5999,"40,131,241"
6000,"40,145,93"
6001,"523,3,53"
6002,"3,111,53"
6003,"0,271,360"
6004,"38,0,71"
6005,"40,145,181"
6006,"40,131,241"
6007,"3,105,23"
6008,"3,199,169"
6009,"3,21,182"
6010,"23,24,64"
6011,"3,5,21"
6012,"64,10,93"
6013,"145,44,40"
6014,"3,147,21"
6015,"3,53,182"
6016,"3,53,523"
6017,"40,402,145"
6018,"0,271,291"
6019,"3,111,112"
6020,"23,43,24"
6021,"0,265,271"
6022,"8,0,206"
6023,"3,21"
6024,"0,8,271"
6025,"44,72,145"
6026,"3,21,127"
6027,"0,8,235"
6028,"3,147,156"
6029,"40,131,406"
6030,"3,169,21"
6031,"74,23,118"
6032,"255,0,348"
6033,"40,145,402"
6034,"3,53,523"
6035,"40,135,138"
6036,"40,402,145"
6037,"23,74,118"
6038,"231,23,26"
6039,"3,111"
6040,"40,160,315"
6041,"40,131"
6042,"3,111"
6043,"138,135,40"
6044,"0,249,279"
6045,"40,406,131"
6046,"220,10"
6047,"23,43,24"
6048,"44,145,45"
6049,"23,38,3"
6050,"23,74,303"
6051,"40,38,71"
6052,"64,3,10"
6053,"40,135,160"
6054,"40,241,131"
6055,"3,10,51"
6056,"241,40,131"
6057,"0,216,271"
6058,"10,414,60"
6059,"23,38,63"
6060,"40,128,186"
6061,"40,3,523"
6062,"40,131,241"
6063,"21,3,115"
6064,"3,40,30"
6065,"24,23,10"
6066,"3,104,30"
6067,"23,38,107"
6068,"169,199,170"
6069,"435,4,3"
6070,"3,0,4"
6071,"3,5"
6072,"0,271,291"
6073,"169,296"
6074,"3,301,21"
6075,"40,160"
6076,"145,40,402"
6077,"271,0"
6078,"131,40,241"
6079,"23,24,43"
6080,"0,64,218"
6081,"128,0,40"
6082,"0,216,271"
6083,"0,271,291"
6084,"0,271,291"
6085,"199,10,323"
6086,"40,160,315"
6087,"74,23,303"
6088,"23,49,24"
6089,"24,23,43"
6090,"10,64,93"
6091,"10,64,80"
6092,"199,170,323"
6093,"40,128,129"
6094,"40,145,478"
6095,"350,23,26"
6096,"3,21,301"
6097,"145,40"
6098,"3,4"
6099,"64,10,93"
6100,"8,0,206"
6101,"40,135,250"
6102,"296,402,40"
6103,"0,271,291"
6104,"40,3,187"
6105,"337,426,311"
6106,"0,265,145"
6107,"40,131,241"
6108,"145,44,72"
6109,"3,147,148"
6110,"10,11,72"
6111,"23,24,25"
6112,"40,131,241"
6113,"199,170,323"
6114,"23,25,24"
6115,"23,31,199"
6116,"0,216,211"
6117,"0,265,340"
6118,"0,23,24"
6119,"10,11,205"
6120,"0,8,206"
6121,"402,95,145"
6122,"3,15,16"
6123,"40,128,175"
6124,"3,21,52"
6125,"0,271,291"
6126,"3,147,17"
6127,"3,21"
6128,"40,128,186"
6129,"145,44"
6130,"3,21"
6131,"3,51,52"
6132,"3,21"
6133,"271,0,291"
6134,"64,10,80"
6135,"3,53,523"
6136,"145,45,44"
6137,"3,301,21"
6138,"3,337,53"
6139,"3,21,111"
6140,"3,21,301"
6141,"40,145,402"
6142,"10,64,93"
6143,"10,64,93"
6144,"44,45,145"
6145,"41,40,224"
6146,"145,44,45"
6147,"0,271,291"
6148,"3,34,143"
6149,"24,23,43"
6150,"3,204,13"
6151,"380,216,0"
6152,"169,199,281"
6153,"40,426,160"
6154,"31,23,96"
6155,"10,220,221"
6156,"0,53,3"
6157,"71,24,38"
6158,"40,131,296"
6159,"40,406,131"
6160,"0,313,346"
6161,"3,15,16"
6162,"40,152,151"
6163,"296,251,337"
6164,"311,169,426"
6165,"145,40,402"
6166,"169,170"
6167,"23,25,24"
6168,"145,40,402"
6169,"3,53,0"
6170,"3,331,5"
6171,"169,296"
6172,"3,147,148"
6173,"199,170,323"
6174,"3,113,28"
6175,"3,120,296"
6176,"40,315,160"
6177,"128,129,40"
6178,"3,99,53"
6179,"426,169,508"
6180,"40,152,151"
6181,"10,220"
6182,"24,44,38"
6183,"169,508,426"
6184,"26,23,231"
6185,"30,104,3"
6186,"3,17,320"
6187,"40,0,296"
6188,"40,145,24"
6189,"23,74,118"
6190,"23,350,26"
6191,"40,175,74"
6192,"0,271,291"
6193,"38,39,23"
6194,"38,24,71"
6195,"23,24,25"
6196,"156,3,147"
6197,"3,21"
6198,"23,74,118"
6199,"23,24,43"
6200,"367,100,40"
6201,"10,64,93"
6202,"311,426,337"
6203,"145,181,40"
6204,"40,160,315"
6205,"0,23,26"
6206,"64,10,80"
6207,"139,286,40"
6208,"216,40,0"
6209,"21,3,301"
6210,"0,8,235"
6211,"3,21,22"
6212,"184,40,243"
6213,"308,8,0"
6214,"3,15,16"
6215,"10,11,60"
6216,"45,44,145"
6217,"23,31"
6218,"23,24,43"
6219,"40,41"
6220,"220,10"
6221,"0,271"
6222,"3,53"
6223,"40,131,406"
6224,"60,10,3"
6225,"220,10"
6226,"220,10"
6227,"64,10,80"
6228,"40,128,130"
6229,"3,21,187"
6230,"0,271,291"
6231,"0,271,291"
6232,"105,3,145"
6233,"0,216,214"
6234,"3,169,296"
6235,"3,21"
6236,"3,21,40"
6237,"128,40,130"
6238,"145,40,44"
6239,"145,44,45"
6240,"170,199,171"
6241,"131,40,241"
6242,"3,203,120"
6243,"21,3,48"
6244,"199,171,170"
6245,"40,38,23"
6246,"199,170,323"
6247,"3,21,523"
6248,"426,311,8"
6249,"10,24,38"
6250,"40,160,315"
6251,"0,216,257"
6252,"3,21"
6253,"3,147,148"
6254,"10,220,24"
6255,"3,147,148"
6256,"138,135,40"
6257,"0,255"
6258,"23,309,38"
6259,"0,313,346"
6260,"23,105,145"
6261,"40,184,185"
6262,"0,249,279"
6263,"40,135,141"
6264,"169,260,170"
6265,"10,93,64"
6266,"3,21"
6267,"3,34,263"
6268,"3,4,30"
6269,"3,21,30"
6270,"184,40,185"
6271,"3,21"
6272,"3,147,148"
6273,"3,147,148"
6274,"145,44,69"
6275,"3,301,21"
6276,"0,213,214"
6277,"145,44,45"
6278,"24,23,345"
6279,"3,17,320"
6280,"0,271,291"
6281,"3,40"
6282,"3,4"
6283,"40,160,315"
6284,"3,52,51"
6285,"3,435,4"
6286,"0,271,280"
6287,"64,10,93"
6288,"199,170,171"
6289,"111,3"
6290,"31,23,32"
6291,"40,131,241"
6292,"23,24,49"
6293,"3,53"
6294,"3,15,16"
6295,"45,44,145"
6296,"53,287,3"
6297,"8,0,206"
6298,"40,138,111"
6299,"145,44,10"
6300,"40,131,406"
6301,"426,311,259"
6302,"0,208"
6303,"23,24,25"
6304,"271,0,291"
6305,"44,145,45"
6306,"40,160,315"
6307,"3,30,81"
6308,"145,10"
6309,"3,21,160"
6310,"23,24,43"
6311,"44,145,72"
6312,"23,49,24"
6313,"40,3,241"
6314,"145,40,402"
6315,"118,74,23"
6316,"3,301,21"
6317,"145,40,44"
6318,"64,10,80"
6319,"10,64,80"
6320,"0,3"
6321,"145,181,40"
6322,"10,64"
6323,"10,95,54"
6324,"0,277,311"
6325,"40,128,130"
6326,"426,169,311"
6327,"3,4"
6328,"170,199,171"
6329,"220,10"
6330,"17,3,320"
6331,"3,4,28"
6332,"23,32,31"
6333,"10,60"
6334,"40,145,402"
6335,"23,38,39"
6336,"3,17,15"
6337,"3,13,204"
6338,"3,15,16"
6339,"23,231,26"
6340,"3,21,301"
6341,"3,13,14"
6342,"44,145,45"
6343,"40,145,181"
6344,"0,271,291"
6345,"0,206,8"
6346,"40,145,128"
6347,"10,220"
6348,"0,271"
6349,"3,53,13"
6350,"169,199"
6351,"40,160,315"
6352,"0,265,418"
6353,"0,271,255"
6354,"3,21"
6355,"54,10,95"
6356,"3,147,21"
6357,"31,23,96"
6358,"3,4,435"
6359,"23,74,283"
6360,"0,208,100"
6361,"337,311,426"
6362,"23,43,24"
6363,"40,41,224"
6364,"3,21"
6365,"283,74,23"
6366,"40,128,130"
6367,"296,31,420"
6368,"220,145,10"
6369,"111,3,119"
6370,"145,45,44"
6371,"3,170,60"
6372,"216,212,211"
6373,"3,111,21"
6374,"220,10"
6375,"40,131,406"
6376,"3,21,187"
6377,"23,49,24"
6378,"40,184"
6379,"3,53"
6380,"0,265,340"
6381,"271,0,291"
6382,"0,218,457"
6383,"23,25,24"
6384,"40,41,42"
6385,"24,23,62"
6386,"0,218,291"
6387,"311,426,259"
6388,"0,8,206"
6389,"3,523,53"
6390,"23,74,303"
6391,"24,25,23"
6392,"23,24,38"
6393,"3,187,21"
6394,"40,145,402"
6395,"251,296,337"
6396,"40,184,243"
6397,"337,311,426"
6398,"0,271,291"
6399,"10,220"
6400,"10,11,44"
6401,"0,265,349"
6402,"3,147"
6403,"3,301,21"
6404,"43,23,24"
6405,"23,24,43"
6406,"0,208,369"
6407,"40,145,146"
6408,"3,0"
6409,"0,313,346"
6410,"3,52,21"
6411,"74,23,84"
6412,"15,16,3"
6413,"145,45,44"
6414,"3,187,21"
6415,"3,148,147"
6416,"3,4,5"
6417,"40,184,243"
6418,"40,184"
6419,"40,131,406"
6420,"135,40,138"
6421,"3,435,4"
6422,"40,131,241"
6423,"170,199,323"
6424,"64,10,80"
6425,"3,13,204"
6426,"0,235,8"
6427,"40,131,241"
6428,"3,523,53"
6429,"131,40,406"
6430,"0,8,410"
6431,"337,296,251"
6432,"265,0,418"
6433,"49,24,23"
6434,"0,313,346"
6435,"40,184,185"
6436,"23,38,107"
6437,"241,40,131"
6438,"3,147,21"
6439,"3,17,320"
6440,"40,131"
6441,"0,291,271"
6442,"169,337,199"
6443,"23,38,107"
6444,"10,64,93"
6445,"3,4,51"
6446,"40,184,185"
6447,"4,3,435"
6448,"3,10"
6449,"3,51,21"
6450,"337,296,251"
6451,"40,135,250"
6452,"38,23,39"
6453,"0,8,206"
6454,"145,40,402"
6455,"145,44,45"
6456,"8,0"
6457,"3,16,15"
6458,"49,40,23"
6459,"3,21"
6460,"10,64,448"
6461,"0,271,313"
6462,"220,10"
6463,"3,28,113"
6464,"8,405,31"
6465,"3,21,115"
6466,"23,43,24"
6467,"311,337,426"
6468,"23,10,60"
6469,"40,131,241"
6470,"0,40,229"
6471,"40,3,13"
6472,"23,24,43"
6473,"3,147"
6474,"523,53,3"
6475,"131,40,241"
6476,"40,41,42"
6477,"40,128,3"
6478,"0,271,216"
6479,"41,42,40"
6480,"0,213,214"
6481,"40,175,10"
6482,"296,169,411"
6483,"40,160,315"
6484,"31,23"
6485,"0,216"
6486,"0,265,271"
6487,"3,40,0"
6488,"134,131,40"
6489,"40,23,131"
6490,"3,111,267"
6491,"0,218,271"
6492,"21,182,3"
6493,"3,28,190"
6494,"10,64,93"
6495,"169,296"
6496,"64,10,80"
6497,"40,131,494"
6498,"0,8,206"
6499,"296,337,251"
6500,"71,38,24"
6501,"3,111,15"
6502,"0,206,8"
6503,"40,145,31"
6504,"10,220"
6505,"10,64,90"
6506,"0,271"
6507,"3,21,40"
6508,"44,145,24"
6509,"40,128,129"
6510,"145,40,402"
6511,"3,21,53"
6512,"3,111"
6513,"0,21,169"
6514,"145,45,44"
6515,"10,220,221"
6516,"145,45,44"
6517,"145,40,44"
6518,"10,11"
6519,"74,23,303"
6520,"40,131,193"
6521,"23,25,24"
6522,"53,523,3"
6523,"3,331,5"
6524,"40,402,145"
6525,"170,171,199"
6526,"296,337,251"
6527,"40,160,315"
6528,"3,301,21"
6529,"3,147,148"
6530,"3,21,301"
6531,"3,24,23"
6532,"0,313,346"
6533,"3,4,435"
6534,"40,135,431"
6535,"23,24,25"
6536,"3,111,40"
6537,"3,111"
6538,"3,147,85"
6539,"40,128,129"
6540,"40,402,145"
6541,"40,128,195"
6542,"0,271,291"
6543,"220,10"
6544,"3,21"
6545,"23,38,309"
6546,"64,10,448"
6547,"3,523,53"
6548,"160,315,40"
6549,"40,128,186"
6550,"40,131,406"
6551,"0,346,313"
6552,"40,402,145"
6553,"10,64,93"
6554,"23,10,326"
6555,"3,111"
6556,"10,11,205"
6557,"170,199,171"
6558,"23,31,32"
6559,"169,296,0"
6560,"40,135,431"
6561,"10,40,145"
6562,"296,169,336"
6563,"40,131"
6564,"71,38,24"
6565,"38,71,24"
6566,"40,139,100"
6567,"3,21,111"
6568,"3,17,51"
6569,"296,251,337"
6570,"0,271,342"
6571,"0,8"
6572,"23,38,26"
6573,"26,23,0"
6574,"49,24,23"
6575,"3,111"
6576,"169,0,337"
6577,"145,44,72"
6578,"0,249,279"
6579,"40,135,431"
6580,"38,95,54"
6581,"0,265,418"
6582,"40,131,406"
6583,"40,41,42"
6584,"40,184,494"
6585,"23,137,38"
6586,"3,15,16"
6587,"43,24,23"
6588,"220,10,24"
6589,"311,426,337"
6590,"231,26,23"
6591,"40,131,162"
6592,"40,139"
6593,"220,10"
6594,"145,40,502"
6595,"23,38,24"
6596,"31,10,23"
6597,"3,21,160"
6598,"3,4"
6599,"10,220"
6600,"38,23,91"
6601,"44,145,45"
6602,"3,21,42"
6603,"10,64,145"
6604,"40,224,41"
6605,"3,21,182"
6606,"523,53,3"
6607,"259,311,426"
6608,"23,118,74"
6609,"10,64,93"
6610,"147,3,148"
6611,"271,0,291"
6612,"309,23,3"
6613,"10,11"
6614,"169,170,311"
6615,"40,135,138"
6616,"3,51,52"
6617,"131,40,241"
6618,"40,128"
6619,"3,17,320"
6620,"3,21,147"
6621,"40,145,402"
6622,"0,277,211"
6623,"8,206,0"
6624,"40,135,138"
6625,"10,12,60"
6626,"40,135,138"
6627,"3,21,301"
6628,"10,220"
6629,"3,5"
6630,"0,8,308"
6631,"0,255"
6632,"3,21"
6633,"0,271,291"
6634,"3,287,53"
6635,"23,118,107"
6636,"8,0,308"
6637,"3,183,4"
6638,"23,308,8"
6639,"64,10,80"
6640,"3,147,148"
6641,"0,271,291"
6642,"311,13,100"
6643,"23,38,137"
6644,"3,21"
6645,"26,23,231"
6646,"145,40,402"
6647,"199,170,171"
6648,"8,405,0"
6649,"3,331,5"
6650,"337,296,251"
6651,"10,54,95"
6652,"40,41,224"
6653,"23,38,39"
6654,"317,41,201"
6655,"3,21"
6656,"40,41,118"
6657,"23,38"
6658,"199,281,169"
6659,"3,21,187"
6660,"10,220"
6661,"43,24,23"
6662,"402,40,145"
6663,"40,128,129"
6664,"10,220"
6665,"3,21"
6666,"0,216"
6667,"15,16,3"
6668,"40,406,131"
6669,"23,40,74"
6670,"60,10,61"
6671,"89,26,23"
6672,"405,8,0"
6673,"40,10,23"
6674,"0,218,271"
6675,"31,23,96"
6676,"10,64,93"
6677,"199,169"
6678,"40,128,195"
6679,"0,8,206"
6680,"0,249,279"
6681,"3,309,23"
6682,"40,10,145"
6683,"448,10,64"
6684,"21,3,301"
6685,"138,135,40"
6686,"40,160,315"
6687,"3,21"
6688,"0,216,370"
6689,"0,271"
6690,"145,25,24"
6691,"3,40,21"
6692,"431,259,311"
6693,"3,21"
6694,"0,255,271"
6695,"3,147"
6696,"3,111"
6697,"3,53,182"
6698,"40,131,241"
6699,"3,21,301"
6700,"3,111"
6701,"10,11,60"
6702,"40,135,250"
6703,"220,24,10"
6704,"3,21,204"
6705,"23,231,38"
6706,"3,13,204"
6707,"23,24,25"
6708,"3,15,16"
6709,"40,145,181"
6710,"0,313,346"
6711,"145,10,40"
6712,"3,21"
6713,"169,199,343"
6714,"23,74,38"
6715,"311,426,259"
6716,"220,10,221"
6717,"23,43,24"
6718,"0,8,391"
6719,"0,265,8"
6720,"38,23,94"
6721,"145,44,45"
6722,"145,40,402"
6723,"23,38,24"
6724,"10,220"
6725,"40,131,241"
6726,"3,199,111"
6727,"0,271,444"
6728,"3,53,523"
6729,"40,131,406"
6730,"0,271,218"
6731,"199,170,171"
6732,"3,21,187"
6733,"3,21"
6734,"145,44,45"
6735,"8,0,308"
6736,"40,131,241"
6737,"40,145,402"
6738,"10,220"
6739,"3,85,111"
6740,"8,0,206"
6741,"199,169,170"
6742,"24,23,59"
6743,"10,220"
6744,"0,8,206"
6745,"3,320,13"
6746,"74,23,3"
6747,"170,323,199"
6748,"3,21,187"
6749,"3,111"
6750,"3,4"
6751,"0,271,291"
6752,"3,21,127"
6753,"40,3,21"
6754,"139,40,199"
6755,"169,296"
6756,"10,220"
6757,"3,30,81"
6758,"3,187,52"
6759,"3,156,147"
6760,"0,8,308"
6761,"0,218,509"
6762,"169,199"
6763,"231,26,23"
6764,"3,30,81"
6765,"3,111"
6766,"271,0,291"
6767,"10,64,145"
6768,"220,10"
6769,"296,337,251"
6770,"3,35,36"
6771,"0,277"
6772,"118,23,74"
6773,"40,160"
6774,"3,53,523"
6775,"3,4,375"
6776,"3,17"
6777,"169,296"
6778,"40,128,129"
6779,"0,271,456"
6780,"3,17,320"
6781,"40,131,241"
6782,"23,74,118"
6783,"311,426,259"
6784,"145,44,45"
6785,"0,313,255"
6786,"10,419,54"
6787,"40,131,406"
6788,"145,40,54"
6789,"23,31,38"
6790,"0,206,8"
6791,"145,40,10"
6792,"8,0,235"
6793,"220,10"
6794,"24,49,23"
6795,"271,0,456"
6796,"40,135,431"
6797,"23,38,63"
6798,"169,199,3"
6799,"3,331,4"
6800,"3,4,331"
6801,"38,24,71"
6802,"3,121,21"
6803,"271,0,291"
6804,"10,64,90"
6805,"3,303,145"
6806,"23,24,25"
6807,"337,0,339"
6808,"169,337,426"
6809,"3,52,51"
6810,"0,337,311"
6811,"40,3,21"
6812,"3,21,53"
6813,"3,21,187"
6814,"3,4,5"
6815,"10,11"
6816,"160,40,315"
6817,"169,199,281"
6818,"3,21,28"
6819,"164,21,3"
6820,"0,265,349"
6821,"0,265,349"
6822,"40,175,145"
6823,"40,128,41"
6824,"0,271"
6825,"10,64,80"
6826,"40,135,431"
6827,"40,131,406"
6828,"0,271,360"
6829,"10,23"
6830,"23,31,32"
6831,"145,40,181"
6832,"508,169,426"
6833,"3,21,182"
6834,"53,523,3"
6835,"40,135"
6836,"4,3,19"
6837,"80,64,10"
6838,"40,23,131"
6839,"0,23,271"
6840,"220,10"
6841,"337,311,426"
6842,"24,71,38"
6843,"23,39,38"
6844,"286,40,41"
6845,"0,271"
6846,"40,402,145"
6847,"3,187,21"
6848,"218,509,0"
6849,"23,43,24"
6850,"3,21"
6851,"44,145,23"
6852,"40,145,448"
6853,"0,418,265"
6854,"71,38,24"
6855,"3,53"
6856,"23,54,105"
6857,"15,3,16"
6858,"0,8,206"
6859,"0,313,346"
6860,"426,311,312"
6861,"169,199,343"
6862,"3,147,156"
6863,"45,145,44"
6864,"10,11,12"
6865,"40,135,250"
6866,"337,311,426"
6867,"10,64"
6868,"0,271,291"
6869,"64,10,80"
6870,"3,523,53"
6871,"40,131,160"
6872,"40,131,406"
6873,"145,45,44"
6874,"0,271,213"
6875,"0,271,456"
6876,"259,426,311"
6877,"26,89,23"
6878,"337,339,169"
6879,"3,21"
6880,"0,8,206"
6881,"23,24,25"
6882,"281,169,199"
6883,"40,145,181"
6884,"0,350,346"
6885,"296,169"
6886,"40,160,135"
6887,"40,145,181"
6888,"3,21,127"
6889,"145,45,44"
6890,"0,271"
6891,"23,38,24"
6892,"0,8,308"
6893,"0,271"
6894,"23,38"
6895,"23,24,43"
6896,"0,40,17"
6897,"0,265,340"
6898,"3,23,105"
6899,"40,128,130"
6900,"23,38"
6901,"10,11"
6902,"251,337,296"
6903,"220,10,221"
6904,"38,23,39"
6905,"26,23,0"
6906,"74,23,303"
6907,"3,15,16"
6908,"23,118,74"
6909,"145,40,402"
6910,"8,0,391"
6911,"15,16,3"
6912,"199,171,170"
6913,"40,131,406"
6914,"8,0,206"
6915,"8,0,206"
6916,"74,23,317"
6917,"23,40,137"
6918,"23,31,328"
6919,"3,70,4"
6920,"3,4,147"
6921,"10,220"
6922,"3,4,435"
6923,"23,74,118"
6924,"23,3,74"
6925,"0,271,455"
6926,"23,26,89"
6927,"10,220"
6928,"0,214,213"
6929,"94,23,40"
6930,"3,120"
6931,"10,64,80"
6932,"40,151,152"
6933,"251,296,337"
6934,"10,220,64"
6935,"3,85,86"
6936,"40,3,184"
6937,"54,95,10"
6938,"111,3,275"
6939,"45,44,145"
6940,"23,165,74"
6941,"0,265,418"
6942,"145,40,502"
6943,"170,199,171"
6944,"3,4"
6945,"23,24"
6946,"40,128,195"
6947,"0,271,291"
6948,"156,147,3"
6949,"3,5,6"
6950,"3,13,204"
6951,"10,64,93"
6952,"24,23,49"
6953,"169,311,337"
6954,"10,220"
6955,"64,448,10"
6956,"10,220"
6957,"3,15,16"
6958,"220,10"
6959,"296,337,0"
6960,"3,30,227"
6961,"3,169,296"
6962,"145,40,402"
6963,"4,3,435"
6964,"40,241,131"
6965,"426,311,337"
6966,"0,26,8"
6967,"0,308,8"
6968,"0,216,271"
6969,"23,10,49"
6970,"3,51,52"
6971,"21,182,3"
6972,"40,131,241"
6973,"145,44,45"
6974,"71,24,38"
6975,"170,199,40"
6976,"10,220,24"
6977,"3,21,17"
6978,"3,21,187"
6979,"0,8,206"
6980,"3,21,147"
6981,"10,220"
6982,"199,170,323"
6983,"10,64,93"
6984,"40,41,160"
6985,"40,186,164"
6986,"337,251,296"
6987,"169,17,139"
6988,"160,40"
6989,"170,199,169"
6990,"169,508,170"
6991,"0,418,337"
6992,"41,40,224"
6993,"169,296,411"
6994,"38,23"
6995,"3,4,435"
6996,"3,21,187"
6997,"40,184,185"
6998,"170,199,171"
6999,"40,131,134"
7000,"10,64,93"
7001,"64,10,90"
7002,"0,455,271"
7003,"64,10,93"
7004,"3,21,34"
7005,"40,128"
7006,"169,296"
7007,"111,40"
7008,"3,147,148"
7009,"3,4,435"
7010,"3,4,435"
7011,"40,131,406"
7012,"3,148,147"
7013,"40,23"
7014,"0,271,363"
7015,"23,31,32"
7016,"95,54,10"
7017,"0,271,291"
7018,"17,3,320"
7019,"3,182,21"
7020,"118,23,74"
7021,"402,145,40"
7022,"40,41,131"
7023,"145,44,72"
7024,"23,39,38"
7025,"3,182,21"
7026,"40,41,42"
7027,"346,313,0"
7028,"0,271,360"
7029,"10,489,60"
7030,"40,41,224"
7031,"3,28"
7032,"3,21"
7033,"89,26,23"
7034,"0,271"
7035,"60,92,24"
7036,"44,145,45"
7037,"3,34,263"
7038,"40,131,184"
7039,"10,60,489"
7040,"184,311,40"
7041,"23,271"
7042,"145,40,181"
7043,"10,64,93"
7044,"10,95,24"
7045,"138,40,135"
7046,"145,45,44"
7047,"10,54,95"
7048,"3,21,301"
7049,"40,128,3"
7050,"311,426,337"
7051,"8,405,0"
7052,"23,350,26"
7053,"220,10"
7054,"40,160,315"
7055,"311,426"
7056,"25,24,23"
7057,"0,8,308"
7058,"3,13,53"
7059,"23,40,38"
7060,"3,51,52"
7061,"3,133,111"
7062,"23,317,74"
7063,"251,296,337"
7064,"89,23,26"
7065,"0,8,288"
7066,"0,271,291"
7067,"23,24,25"
7068,"311,426,259"
7069,"0,8,206"
7070,"74,118,23"
7071,"169,296,371"
7072,"175,40,128"
7073,"23,137,105"
7074,"3,24,49"
7075,"23,24,25"
7076,"0,265,349"
7077,"10,40,402"
7078,"23,74,118"
7079,"296,337,251"
7080,"3,17,34"
7081,"145,44,45"
7082,"23,326,454"
7083,"170,171,199"
7084,"0,8,235"
7085,"53,3,287"
7086,"23,38,24"
7087,"38,24,71"
7088,"43,24,23"
7089,"147,3,148"
7090,"3,5,331"
7091,"10,64,93"
7092,"23,40,145"
7093,"3,21,30"
7094,"3,13,204"
7095,"145,40,402"
7096,"201,41,40"
7097,"10,220"
7098,"3,53"
7099,"169,23,31"
7100,"0,313,346"
7101,"31,23,32"
7102,"145,44,40"
7103,"49,23,24"
7104,"74,23,303"
7105,"40,128,186"
7106,"145,45,44"
7107,"24,49,23"
7108,"44,145,72"
7109,"30,3,81"
7110,"10,13,60"
7111,"23,74,118"
7112,"337,426,311"
7113,"40,131,23"
7114,"23,38,309"
7115,"23,26,350"
7116,"40,23,145"
7117,"43,24,23"
7118,"25,23,24"
7119,"40,131,406"
7120,"40,128"
7121,"145,40,402"
7122,"0,8,235"
7123,"40,135,138"
7124,"3,53,523"
7125,"23,31,96"
7126,"199,170,0"
7127,"3,21"
7128,"220,10"
7129,"64,10,93"
7130,"3,53,21"
7131,"311,337,426"
7132,"80,64,10"
7133,"0,271,366"
7134,"10,64,80"
7135,"0,313,346"
7136,"337,296,251"
7137,"0,265,271"
7138,"3,182,21"
7139,"3,21,301"
7140,"3,21,164"
7141,"0,289,40"
7142,"23,105,3"
7143,"220,10"
7144,"337,311,251"
7145,"169,296,337"
7146,"23,231,26"
7147,"0,271,291"
7148,"40,128"
7149,"40,184,243"
7150,"3,187,311"
7151,"169,199,281"
7152,"337,426,311"
7153,"199,426,169"
7154,"0,8,206"
7155,"145,45,44"
7156,"40,224,41"
7157,"3,30,227"
7158,"3,187,21"
7159,"40,175,128"
7160,"40,128,186"
7161,"40,131,193"
7162,"199,170,171"
7163,"40,3,128"
7164,"41,3,40"
7165,"169,170,260"
7166,"169,311"
7167,"23,74,118"
7168,"3,40,111"
7169,"3,21,127"
7170,"95,54,10"
7171,"40,160,315"
7172,"40,128,160"
7173,"3,435,4"
7174,"0,8,235"
7175,"3,15,16"
7176,"0,218,360"
7177,"3,148,147"
7178,"0,255"
7179,"0,265,349"
7180,"40,135,138"
7181,"131,40,241"
7182,"40,128,186"
7183,"23,231,26"
7184,"169,296,411"
7185,"40,145,402"
7186,"40,145,402"
7187,"3,111,21"
7188,"43,23,24"
7189,"10,220"
7190,"3,0"
7191,"3,474,111"
7192,"24,170,23"
7193,"131,40,406"
7194,"40,128,130"
7195,"0,271,456"
7196,"40,160,315"
7197,"10,3,13"
7198,"40,286,41"
7199,"145,402,40"
7200,"0,8"
7201,"40,135"
7202,"64,10,93"
7203,"0,249,279"
7204,"169,199,343"
7205,"95,54,10"
7206,"40,145,402"
7207,"216,0"
7208,"3,111"
7209,"145,44,40"
7210,"3,21,52"
7211,"15,3,16"
7212,"3,4,435"
7213,"128,40,129"
7214,"23,24,43"
7215,"10,64,80"
7216,"3,53,287"
7217,"135,40,138"
7218,"40,135,431"
7219,"10,64,93"
7220,"24,25,23"
7221,"105,23,287"
7222,"145,40,402"
7223,"169,199,343"
7224,"10,220"
7225,"169,199,170"
7226,"3,21"
7227,"3,53,0"
7228,"3,204,13"
7229,"40,131,128"
7230,"3,301,21"
7231,"40,131,241"
7232,"0,271"
7233,"23,74,303"
7234,"3,34,447"
7235,"23,31,32"
7236,"10,220"
7237,"145,44,45"
7238,"21,3"
7239,"3,21,23"
7240,"3,53,13"
7241,"169,3"
7242,"3,147,53"
7243,"170,199,169"
7244,"3,13,204"
7245,"3,52,51"
7246,"40,160,315"
7247,"3,301,21"
7248,"40,145,146"
7249,"23,74,118"
7250,"0,124,337"
7251,"3,156,147"
7252,"3,52,51"
7253,"31,420,23"
7254,"40,128,130"
7255,"25,24,23"
7256,"40,139"
7257,"3,120,13"
7258,"139,34,143"
7259,"0,265"
7260,"23,24,43"
7261,"3,331,5"
7262,"31,40,145"
7263,"40,162"
7264,"0,216,366"
7265,"0,49,24"
7266,"23,38,26"
7267,"271,0,456"
7268,"3,53,523"
7269,"169,199,343"
7270,"105,23"
7271,"3,21,187"
7272,"3,21"
7273,"40,135,41"
7274,"3,40,53"
7275,"0,291,271"
7276,"0,271,291"
7277,"24,43,23"
7278,"40,135"
7279,"40,160,151"
7280,"3,21"
7281,"3,4,435"
7282,"24,49,23"
7283,"145,44,45"
7284,"0,265,340"
7285,"147,3,156"
7286,"0,265,273"
7287,"169,337,339"
7288,"3,53,187"
7289,"337,251,296"
7290,"3,4,70"
7291,"40,145,146"
7292,"23,31,32"
7293,"21,3,127"
7294,"40,131,241"
7295,"3,265,287"
7296,"0,8,206"
7297,"23,49,24"
7298,"0,265,340"
7299,"23,26,231"
7300,"44,45,145"
7301,"64,10,93"
7302,"337,311,339"
7303,"145,44,10"
7304,"337,169,339"
7305,"40,402,145"
7306,"17,3,320"
7307,"21,3,23"
7308,"40,145,181"
7309,"229,230,3"
7310,"3,40,21"
7311,"3,4,435"
7312,"10,145,44"
7313,"40,145,181"
7314,"0,265"
7315,"0,271"
7316,"131,40,241"
7317,"3,21,164"
7318,"40,23"
7319,"311,337,426"
7320,"23,74,118"
7321,"40,138"
7322,"131,40,193"
7323,"3,21,187"
7324,"3,31"
7325,"271,0,40"
7326,"23,26,231"
7327,"3,21,124"
7328,"40,135,431"
7329,"0,271,291"
7330,"3,21,51"
7331,"23,31,32"
7332,"40,224,41"
7333,"40,128,129"
7334,"0,271,291"
7335,"296,199,337"
7336,"169,281,199"
7337,"23,74,317"
7338,"60,72,10"
7339,"40,128,130"
7340,"15,3,16"
7341,"23,231,26"
7342,"128,186,40"
7343,"3,21,164"
7344,"199,170,171"
7345,"160,40,315"
7346,"3,111"
7347,"3,30,104"
7348,"231,26,23"
7349,"3,21,301"
7350,"74,23,283"
7351,"0,218,13"
7352,"3,23"
7353,"40,131,241"
7354,"0,265,340"
7355,"10,60,239"
7356,"3,13,5"
7357,"169,199,343"
7358,"3,111"
7359,"169,21,337"
7360,"0,8,206"
7361,"100,367,40"
7362,"40,131,406"
7363,"3,4,70"
7364,"3,35,36"
7365,"64,10,80"
7366,"169,170,436"
7367,"23,74,118"
7368,"286,40,41"
7369,"40,23"
7370,"10,220"
7371,"216,212,0"
7372,"15,16,3"
7373,"3,111,182"
7374,"3,21,301"
7375,"40,128,175"
7376,"44,145,73"
7377,"145,44,45"
7378,"40,128,195"
7379,"3,4,52"
7380,"296,251,337"
7381,"3,21,127"
7382,"23,24,220"
7383,"3,21,187"
7384,"0,218,457"
7385,"216,212,211"
7386,"4,3,435"
7387,"72,145,44"
7388,"23,24,49"
7389,"3,147,148"
7390,"3,21,182"
7391,"40,128,129"
7392,"10,95,54"
7393,"193,40,131"
7394,"0,38,40"
7395,"96,31,23"
7396,"40,131,494"
7397,"3,28,364"
7398,"10,220"
7399,"89,23,26"
7400,"145,40,402"
7401,"23,105,3"
7402,"40,145,402"
7403,"0,216,169"
7404,"40,131,241"
7405,"64,80,10"
7406,"40,184,131"
7407,"0,279,249"
7408,"199,169,170"
7409,"23,24,43"
7410,"3,21"
7411,"40,135,162"
7412,"40,135"
7413,"3,111,275"
7414,"147,156,3"
7415,"145,44,45"
7416,"40,145,402"
7417,"426,311,259"
7418,"40,131,406"
7419,"23,3,38"
7420,"0,218,509"
7421,"21,3,187"
7422,"0,277,265"
7423,"10,64"
7424,"23,0,38"
7425,"3,21,53"
7426,"145,0,44"
7427,"0,265,349"
7428,"3,111"
7429,"44,145,45"
7430,"40,41,224"
7431,"26,23,350"
7432,"169,170,459"
7433,"23,74,3"
7434,"199,281,169"
7435,"40,128"
7436,"3,21,164"
7437,"43,145,24"
7438,"0,271,291"
7439,"3,0,53"
7440,"0,346,313"
7441,"10,60,11"
7442,"169,170,260"
7443,"10,11"
7444,"169,199,343"
7445,"3,34,28"
7446,"23,26,231"
7447,"96,31,23"
7448,"3,21"
7449,"23,24,49"
7450,"3,21,22"
7451,"3,21"
7452,"38,71,24"
7453,"3,265,0"
7454,"0,271,291"
7455,"3,4,183"
7456,"8,337,426"
7457,"10,64,80"
7458,"23,74,118"
7459,"10,145,54"
7460,"23,26,350"
7461,"3,17,21"
7462,"49,24,23"
7463,"21,3,187"
7464,"169,170,459"
7465,"3,21,127"
7466,"40,23"
7467,"0,8,206"
7468,"74,303,23"
7469,"3,51,52"
7470,"23,40,131"
7471,"38,23,63"
7472,"199,323,170"
7473,"40,145,199"
7474,"0,271,288"
7475,"17,3,320"
7476,"40,160,315"
7477,"135,40,138"
7478,"10,145,24"
7479,"271,0"
7480,"3,21"
7481,"10,72,145"
7482,"23,31,454"
7483,"3,287,53"
7484,"0,271,291"
7485,"64,10,80"
7486,"216,0,370"
7487,"40,131,134"
7488,"0,255"
7489,"40,162"
7490,"3,148,147"
7491,"40,41,201"
7492,"40,128,175"
7493,"24,25,23"
7494,"0,265,24"
7495,"38,23,309"
7496,"40,41,224"
7497,"220,10"
7498,"0,346,313"
7499,"169,199"
7500,"3,4,19"
7501,"0,271,291"
7502,"24,10,45"
7503,"0,271,456"
7504,"31,454,23"
7505,"24,23,345"
7506,"23,74,118"
7507,"3,331,5"
7508,"170,199,171"
7509,"24,71,38"
7510,"3,275,147"
7511,"40,71,24"
7512,"0,337,1"
7513,"10,93,31"
7514,"23,31,32"
7515,"40,41,42"
7516,"3,21"
7517,"311,426,259"
7518,"40,131"
7519,"199,40,3"
7520,"23,24,25"
7521,"23,38,39"
7522,"23,25,24"
7523,"21,169,3"
7524,"0,265,255"
7525,"40,131"
7526,"3,523,53"
7527,"40,131,241"
7528,"3,111,52"
7529,"184,40,243"
7530,"10,93,145"
7531,"10,145,44"
7532,"40,145,146"
7533,"3,435,4"
7534,"3,15,16"
7535,"24,25,23"
7536,"10,64"
7537,"40,160,3"
7538,"3,21,187"
7539,"0,8,308"
7540,"135,40,189"
7541,"169,199,281"
7542,"3,21,127"
7543,"23,31,32"
7544,"0,366,271"
7545,"3,21,187"
7546,"0,8,308"
7547,"10,24"
7548,"0,218"
7549,"145,402,40"
7550,"40,3,145"
7551,"0,372,271"
7552,"3,21"
7553,"3,15,16"
7554,"10,64,90"
7555,"10,220"
7556,"23,31,290"
7557,"3,4,435"
7558,"40,135"
7559,"169,170,459"
7560,"38,71,24"
7561,"3,13,204"
7562,"265,418,0"
7563,"23,145,40"
7564,"15,16,3"
7565,"234,60,21"
7566,"23,10,220"
7567,"0,8,206"
7568,"10,220"
7569,"3,301,21"
7570,"10,64,93"
7571,"40,41,42"
7572,"71,24,38"
7573,"220,10"
7574,"40,3,17"
7575,"23,38,308"
7576,"3,4"
7577,"40,131,241"
7578,"296,337,251"
7579,"72,60,145"
7580,"23,31,454"
7581,"145,44,45"
7582,"0,216,257"
7583,"3,15,16"
7584,"40,131,241"
7585,"3,287,169"
7586,"3,147,148"
7587,"43,23,24"
7588,"148,147,3"
7589,"145,44,45"
7590,"3,53,147"
7591,"40,135"
7592,"147,148,3"
7593,"3,4,435"
7594,"15,16,3"
7595,"0,271"
7596,"23,24,43"
7597,"220,10"
7598,"25,23,40"
7599,"24,23,345"
7600,"199,281,169"
7601,"23,24,43"
7602,"38,24,71"
7603,"3,40,111"
7604,"23,38,137"
7605,"0,271"
7606,"23,26,350"
7607,"3,147"
7608,"220,10"
7609,"23,49,24"
7610,"169,0,452"
7611,"3,21"
7612,"64,80,10"
7613,"0,216,271"
7614,"60,10,489"
7615,"271,0,291"
7616,"24,25,23"
7617,"145,40,402"
7618,"3,52,51"
7619,"23,105"
7620,"145,40,181"
7621,"72,145,44"
7622,"60,239,10"
7623,"3,523,53"
7624,"199,171,170"
7625,"0,271,291"
7626,"3,15,16"
7627,"3,17"
7628,"21,3,182"
7629,"40,160,186"
7630,"24,23,49"
7631,"3,53,182"
7632,"43,24,23"
7633,"220,10"
7634,"23,26,89"
7635,"21,3,187"
7636,"96,23,31"
7637,"145,448"
7638,"40,152,151"
7639,"3,111,21"
7640,"23,49,24"
7641,"31,290,23"
7642,"0,277,458"
7643,"128,40,0"
7644,"3,21,164"
7645,"40,41,201"
7646,"3,5,133"
7647,"0,255"
7648,"40,128,23"
7649,"0,265"
7650,"169,296,300"
7651,"10,220"
7652,"160,40,315"
7653,"40,169,296"
7654,"10,64"
7655,"26,23,89"
7656,"43,24,23"
7657,"3,15,53"
7658,"40,128,137"
7659,"3,21"
7660,"3,51,52"
7661,"40,131,241"
7662,"10,220"
7663,"38,71,24"
7664,"199,170,323"
7665,"40,131"
7666,"311,426,259"
7667,"3,51,52"
7668,"3,147,148"
7669,"169,3,5"
7670,"0,265,271"
7671,"199,170,171"
7672,"220,10,40"
7673,"10,220"
7674,"169,459,170"
7675,"23,31,60"
7676,"128,40,195"
7677,"23,31,40"
7678,"43,23,24"
7679,"3,21,182"
7680,"3,21,182"
7681,"199,171,170"
7682,"40,131,406"
7683,"0,271,291"
7684,"3,21"
7685,"31,454,23"
7686,"0,265,349"
7687,"3,182,21"
7688,"40,138,135"
7689,"40,3"
7690,"3,21,164"
7691,"40,135,138"
7692,"40,241,131"
7693,"64,10,80"
7694,"3,17"
7695,"0,145,218"
7696,"0,216,208"
7697,"3,28,364"
7698,"40,135"
7699,"23,49,24"
7700,"169,170,40"
7701,"40,131"
7702,"311,337,426"
7703,"10,64,93"
7704,"23,38,39"
7705,"40,128,195"
7706,"3,111,275"
7707,"3,156"
7708,"24,25,23"
7709,"128,40,130"
7710,"40,160,315"
7711,"23,38"
7712,"0,265,340"
7713,"23,24,38"
7714,"23,350,26"
7715,"24,10,23"
7716,"0,311,426"
7717,"40,3,111"
7718,"10,80,64"
7719,"3,21,5"
7720,"40,131"
7721,"64,10,80"
7722,"40,3,41"
7723,"23,118,74"
7724,"287,53,3"
7725,"40,145,402"
7726,"41,40,42"
7727,"10,64,448"
7728,"40,145,146"
7729,"3,40,286"
7730,"17,3"
7731,"171,170,199"
7732,"3,195,128"
7733,"0,446,218"
7734,"64,10,448"
7735,"60,10,61"
7736,"38,23,87"
7737,"3,4,188"
7738,"160,315,40"
7739,"17,3,320"
7740,"145,40,181"
7741,"31,23,290"
7742,"3,4,147"
7743,"3,147"
7744,"3,34,447"
7745,"3,21,52"
7746,"40,186,128"
7747,"3,21,53"
7748,"23,26,231"
7749,"164,40,3"
7750,"145,40,437"
7751,"4,3"
7752,"0,271,291"
7753,"3,40,139"
7754,"265,0,349"
7755,"3,17,320"
7756,"3,169,21"
7757,"169,508,426"
7758,"23,31,32"
7759,"31,23,454"
7760,"23,39,24"
7761,"0,265,255"
7762,"40,145,402"
7763,"0,271,291"
7764,"23,26,231"
7765,"15,16,3"
7766,"10,64,93"
7767,"3,21,169"
7768,"15,16,3"
7769,"40,135"
7770,"3,147"
7771,"3,147"
7772,"3,40"
7773,"296,337,251"
7774,"0,277,458"
7775,"0,8"
7776,"53,523,3"
7777,"0,308,38"
7778,"40,131"
7779,"40,145,493"
7780,"145,44,69"
7781,"3,147,148"
7782,"23,165,24"
7783,"337,311,426"
7784,"3,4,435"
7785,"10,220"
7786,"3,111,21"
7787,"23,91,38"
7788,"0,313,346"
7789,"23,0,26"
7790,"38,23"
7791,"145,44"
7792,"41,40,42"
7793,"40,131,241"
7794,"23,10,24"
7795,"3,111,123"
7796,"10,220"
7797,"251,337,296"
7798,"40,169,426"
7799,"38,23,39"
7800,"40,131,241"
7801,"24,71,38"
7802,"23,38,94"
7803,"145,44,3"
7804,"17,3,320"
7805,"3,17,15"
7806,"40,131"
7807,"3,53,523"
7808,"3,53,23"
7809,"419,10,11"
7810,"0,271,291"
7811,"3,21"
7812,"10,11,60"
7813,"0,271,291"
7814,"170,199,171"
7815,"40,41,224"
7816,"40,139"
7817,"10,64,90"
7818,"3,21"
7819,"3,21,164"
7820,"23,24,43"
7821,"38,71,24"
7822,"0,271"
7823,"44,45,145"
7824,"3,15,16"
7825,"3,53"
7826,"40,135,431"
7827,"0,265"
7828,"0,40,8"
7829,"0,218,457"
7830,"23,231,24"
7831,"311,426,337"
7832,"23,0,271"
7833,"23,10,40"
7834,"3,21,301"
7835,"296,251,337"
7836,"337,296,251"
7837,"251,337,296"
7838,"59,23,24"
7839,"44,145,72"
7840,"3,53"
7841,"23,26"
7842,"40,0,145"
7843,"3,28,29"
7844,"0,265,349"
7845,"23,24,43"
7846,"40,131,241"
7847,"40,160,315"
7848,"3,4,435"
7849,"3,17,320"
7850,"3,21"
7851,"3,148,147"
7852,"40,128,130"
7853,"0,8,206"
7854,"10,145,40"
7855,"296,251,337"
7856,"145,44,45"
7857,"40,145,10"
7858,"40,160"
7859,"0,265,349"
7860,"0,235,8"
7861,"3,4,435"
7862,"23,74,118"
7863,"40,145,146"
7864,"23,105,3"
7865,"3,53,160"
7866,"10,197,60"
7867,"24,49,23"
7868,"0,271,291"
7869,"3,53,111"
7870,"64,10,93"
7871,"23,24,49"
7872,"3,34,143"
7873,"169,40"
7874,"0,21,271"
7875,"131,40,38"
7876,"3,23"
7877,"10,64,60"
7878,"40,160,315"
7879,"40,184,426"
7880,"40,21,3"
7881,"265,0,349"
7882,"10,64,93"
7883,"23,24,43"
7884,"40,135,138"
7885,"0,337,265"
7886,"17,320,3"
7887,"3,523,53"
7888,"0,265,418"
7889,"23,31,32"
7890,"3,15,16"
7891,"0,249,279"
7892,"60,21,234"
7893,"0,8,235"
7894,"3,147,148"
7895,"13,204,3"
7896,"40,135"
7897,"199,170,171"
7898,"40,160,315"
7899,"3,21"
7900,"220,0,10"
7901,"169,296,0"
7902,"0,271,366"
7903,"0,8"
7904,"3,21"
7905,"3,53"
7906,"199,170,171"
7907,"0,3"
7908,"311,199,281"
7909,"40,169,170"
7910,"199,3,170"
7911,"40,145,402"
7912,"23,74,165"
7913,"0,271"
7914,"10,64,93"
7915,"3,52,4"
7916,"3,53,523"
7917,"40,145,181"
7918,"145,40,402"
7919,"296,337,251"
7920,"296,251,337"
7921,"0,23,326"
7922,"296,337,169"
7923,"448,64,10"
7924,"3,21"
7925,"38,23,94"
7926,"64,10,93"
7927,"23,24"
7928,"74,23,317"
7929,"40,131,406"
7930,"271,0,291"
7931,"3,13,204"
7932,"0,349,265"
7933,"3,111"
7934,"3,148,147"
7935,"0,311,426"
7936,"40,139,523"
7937,"0,8,206"
7938,"44,45,145"
7939,"15,16,3"
7940,"135,40,141"
7941,"23,31,32"
7942,"72,145,44"
7943,"40,135,431"
7944,"128,40,129"
7945,"0,31,40"
7946,"311,337,426"
7947,"24,23,43"
7948,"135,138,40"
7949,"145,402,40"
7950,"23,38,24"
7951,"3,21"
7952,"3,4,19"
7953,"40,131,406"
7954,"0,271"
7955,"160,40,315"
7956,"3,111"
7957,"145,40,402"
7958,"3,40,21"
7959,"0,265,418"
7960,"426,311,259"
7961,"0,277,271"
7962,"145,44,45"
7963,"3,4,435"
7964,"120,3"
7965,"13,3,204"
7966,"3,15,16"
7967,"3,301,21"
7968,"40,145"
7969,"337,339,3"
7970,"40,3,21"
7971,"40,135,189"
7972,"131,40,241"
7973,"3,21,111"
7974,"271,0,456"
7975,"8,308,0"
7976,"145,45,44"
7977,"23,24,145"
7978,"0,271"
7979,"40,250,135"
7980,"40,145,181"
7981,"23,38,137"
7982,"40,131,241"
7983,"111,3,119"
7984,"3,21,164"
7985,"40,131"
7986,"10,64,23"
7987,"128,40,129"
7988,"194,0,128"
7989,"23,24,25"
7990,"26,89,23"
7991,"24,23,43"
7992,"3,34,46"
7993,"265,0,418"
7994,"40,145,181"
7995,"281,169,199"
7996,"271,0,291"
7997,"3,21,51"
7998,"3,30,13"
7999,"23,231,26"
8000,"311,337,426"
8001,"495,40,3"
8002,"40,131,406"
8003,"3,111,119"
8004,"23,89,40"
8005,"40,139,170"
8006,"64,10,80"
8007,"15,3,16"
8008,"3,21,301"
8009,"231,26,23"
8010,"26,23,350"
8011,"111,275,3"
8012,"8,0,308"
8013,"23,24,49"
8014,"0,271,255"
8015,"0,8,308"
8016,"199,169"
8017,"3,21,127"
8018,"21,3,164"
8019,"145,44,45"
8020,"21,234,60"
8021,"3,21,147"
8022,"38,23"
8023,"40,3,34"
8024,"10,61,60"
8025,"3,21,182"
8026,"111,40,138"
8027,"10,12,11"
8028,"0,271,366"
8029,"3,4,435"
8030,"3,104,30"
8031,"337,311,426"
8032,"23,26,89"
8033,"3,17,320"
8034,"23,296,169"
8035,"21,3,301"
8036,"23,74,317"
8037,"40,145,146"
8038,"40,184,494"
8039,"64,10,80"
8040,"3,187,21"
8041,"296,169,28"
8042,"40,139"
8043,"0,271,291"
8044,"131,40,241"
8045,"220,10"
8046,"3,51,52"
8047,"3,13,204"
8048,"3,13"
8049,"3,93,296"
8050,"3,17,320"
8051,"23,26,350"
8052,"0,8,206"
8053,"169,296,3"
8054,"3,17,320"
8055,"10,95,54"
8056,"24,508,169"
8057,"0,346,23"
8058,"3,30"
8059,"23,38"
8060,"10,220"
8061,"10,220"
8062,"40,175,128"
8063,"40,128,130"
8064,"145,181,10"
8065,"337,296,417"
8066,"3,52,51"
8067,"3,301,21"
8068,"3,17,147"
8069,"40,145,402"
8070,"3,17,40"
8071,"10,11,72"
8072,"38,71,24"
8073,"135,138,40"
8074,"508,169,426"
8075,"71,38,24"
8076,"40,184,185"
8077,"3,13"
8078,"54,38,10"
8079,"3,21,22"
8080,"40,131,241"
8081,"23,43,24"
8082,"0,8,308"
8083,"40,131,406"
8084,"40,41,128"
8085,"40,128,130"
8086,"3,21,187"
8087,"0,249,279"
8088,"0,271,291"
8089,"0,8"
8090,"0,313,218"
8091,"3,523,53"
8092,"145,44,45"
8093,"10,220"
8094,"199,170,171"
8095,"311,426,259"
8096,"131,40,241"
8097,"3,147,5"
8098,"0,265"
8099,"402,40,145"
8100,"38,39,23"
8101,"199,171,170"
8102,"23,88,26"
8103,"3,4,21"
8104,"3,111,147"
8105,"3,21,301"
8106,"145,40,402"
8107,"3,21,41"
8108,"3,53,523"
8109,"0,271,291"
8110,"3,147,148"
8111,"23,43,24"
8112,"31,296,169"
8113,"3,4"
8114,"40,135,250"
8115,"3,40,182"
8116,"3,147,156"
8117,"23,24,10"
8118,"147,3,148"
8119,"0,308,8"
8120,"231,26,23"
8121,"24,23,43"
8122,"3,15,16"
8123,"23,74,317"
8124,"169,296,306"
8125,"199,170,323"
8126,"45,44,145"
8127,"145,44,73"
8128,"31,96,23"
8129,"40,184,243"
8130,"23,38,107"
8131,"0,265,273"
8132,"31,23,32"
8133,"3,151,40"
8134,"10,220"
8135,"0,218,446"
8136,"169,296"
8137,"523,3,53"
8138,"3,21,0"
8139,"10,220"
8140,"23,74,303"
8141,"3,21"
8142,"145,44,40"
8143,"199,323,170"
8144,"169,296,333"
8145,"40,160,315"
8146,"3,17,320"
8147,"3,34,447"
8148,"3,4"
8149,"26,23,0"
8150,"169,296"
8151,"0,8,235"
8152,"40,160,302"
8153,"296,72,60"
8154,"0,271,291"
8155,"3,21"
8156,"0,313,346"
8157,"23,40"
8158,"0,8,308"
8159,"23,38,309"
8160,"40,128,186"
8161,"184,40,185"
8162,"187,3,21"
8163,"3,156,147"
8164,"24,25,145"
8165,"40,184,241"
8166,"23,24,43"
8167,"3,21,127"
8168,"3,4"
8169,"3,21,127"
8170,"0,271,218"
8171,"38,71,24"
8172,"169,199,343"
8173,"26,0,23"
8174,"0,254,216"
8175,"0,271"
8176,"40,131,241"
8177,"3,23,176"
8178,"265,0,349"
8179,"3,4,435"
8180,"271,291,0"
8181,"40,406,131"
8182,"40,241,131"
8183,"3,38,23"
8184,"40,131"
8185,"40,145,402"
8186,"3,182,68"
8187,"3,53"
8188,"3,40"
8189,"426,169,508"
8190,"31,23,96"
8191,"128,40,186"
8192,"3,15,16"
8193,"40,145,10"
8194,"3,147,28"
8195,"23,137,38"
8196,"40,402,145"
8197,"3,301,21"
8198,"40,128,3"
8199,"10,64,93"
8200,"23,24,25"
8201,"216,212,211"
8202,"208,0,3"
8203,"3,21"
8204,"8,308,38"
8205,"0,8,308"
8206,"23,89,26"
8207,"0,271,291"
8208,"40,131,241"
8209,"337,251,296"
8210,"0,8"
8211,"59,24,23"
8212,"23,74,317"
8213,"0,8,235"
8214,"23,38,309"
8215,"271,0,291"
8216,"10,220"
8217,"3,17"
8218,"3,4,435"
8219,"23,49,24"
8220,"3,523,53"
8221,"23,49,24"
8222,"23,24,25"
8223,"3,21,301"
8224,"23,24,49"
8225,"49,23,24"
8226,"40,241,131"
8227,"40,3,128"
8228,"0,271,291"
8229,"296,169,420"
8230,"40,3,21"
8231,"0,271"
8232,"23,26,231"
8233,"43,23,24"
8234,"3,53"
8235,"308,0,8"
8236,"23,31"
8237,"3,523,53"
8238,"349,265"
8239,"0,357,296"
8240,"271,0,291"
8241,"145,40,181"
8242,"3,4"
8243,"40,131,241"
8244,"160,315,40"
8245,"40,131,241"
8246,"21,234,60"
8247,"145,44"
8248,"3,331,4"
8249,"0,216"
8250,"23,31,32"
8251,"169,184,296"
8252,"0,271,255"
8253,"0,265,40"
8254,"80,64,10"
8255,"10,60,239"
8256,"10,60,239"
8257,"3,21,340"
8258,"24,23,49"
8259,"40,131,134"
8260,"40,145,181"
8261,"199,323,170"
8262,"23,24,25"
8263,"3,21,187"
8264,"370,0,216"
8265,"199,169"
8266,"3,30,81"
8267,"24,43,23"
8268,"426,311,259"
8269,"23,74"
8270,"0,271,291"
8271,"3,21"
8272,"337,311,426"
8273,"0,8,218"
8274,"3,4"
8275,"24,23,43"
8276,"23,74"
8277,"3,204,13"
8278,"523,53,3"
8279,"31,23,32"
8280,"220,10"
8281,"131,40"
8282,"3,15,16"
8283,"169,296"
8284,"0,265,218"
8285,"40,131,134"
8286,"160,40,315"
8287,"3,21"
8288,"3,30"
8289,"3,4,19"
8290,"23,24,43"
8291,"10,220"
8292,"10,64,80"
8293,"40,184,131"
8294,"23,49,24"
8295,"0,8,206"
8296,"169,343,199"
8297,"3,275,111"
8298,"131,40,134"
8299,"3,4,435"
8300,"0,337,271"
8301,"337,0,169"
8302,"3,301,21"
8303,"23,3,24"
8304,"23,26"
8305,"3,53,523"
8306,"51,3,52"
8307,"0,206,8"
8308,"3,5,133"
8309,"40,41,21"
8310,"21,3"
8311,"0,313,485"
8312,"10,93,64"
8313,"23,74,137"
8314,"0,216,370"
8315,"3,21,182"
8316,"0,271,213"
8317,"21,3,301"
8318,"10,60,199"
8319,"24,23,49"
8320,"169,339,337"
8321,"111,3,224"
8322,"40,145"
8323,"145,40,181"
8324,"40,145,402"
8325,"10,64"
8326,"296,337,251"
8327,"40,128,129"
8328,"23,26,231"
8329,"508,169,426"
8330,"10,220"
8331,"3,52,51"
8332,"199,170,323"
8333,"10,11,12"
8334,"3,147"
8335,"3,17,51"
8336,"3,21,199"
8337,"135,250,40"
8338,"3,21"
8339,"40,160,334"
8340,"3,17"
8341,"3,40,139"
8342,"3,5,331"
8343,"0,8,235"
8344,"10,64,93"
8345,"0,271,291"
8346,"21,3"
8347,"40,41,286"
8348,"139,17,40"
8349,"23,74,118"
8350,"24,23,62"
8351,"44,145,45"
8352,"265,0,40"
8353,"23,38,103"
8354,"145,40,402"
8355,"3,35,111"
8356,"10,93,64"
8357,"3,51,52"
8358,"40,175,128"
8359,"24,40,25"
8360,"23,105"
8361,"311,199,426"
8362,"199,171,170"
8363,"313,0,346"
8364,"23,74,283"
8365,"271,0"
8366,"3,4,435"
8367,"23,31,32"
8368,"69,10,145"
8369,"3,15,16"
8370,"23,38,63"
8371,"0,271,291"
8372,"199,40,169"
8373,"40,131,193"
8374,"40,152,151"
8375,"3,17,320"
8376,"10,59,205"
8377,"0,313,346"
8378,"3,15,16"
8379,"10,145,44"
8380,"38,71,24"
8381,"3,119,111"
8382,"128,40,195"
8383,"74,23,303"
8384,"44,145"
8385,"0,8,313"
8386,"3,21,187"
8387,"40,145"
8388,"3,21,182"
8389,"23,220,10"
8390,"3,111"
8391,"40,160,315"
8392,"3,21"
8393,"3,21,127"
8394,"31,23,32"
8395,"3,53,21"
8396,"265,0,340"
8397,"145,44,45"
8398,"170,171,199"
8399,"31,23,328"
8400,"145,44,69"
8401,"40,145,131"
8402,"3,53,4"
8403,"40,3,53"
8404,"169,199,374"
8405,"38,23"
8406,"0,346,313"
8407,"60,197,10"
8408,"3,53,523"
8409,"3,147"
8410,"303,74,23"
8411,"0,216,23"
8412,"31,23,328"
8413,"38,71,24"
8414,"10,64,93"
8415,"145,44,221"
8416,"0,10,8"
8417,"3,64"
8418,"3,275,111"
8419,"23,74,303"
8420,"0,271,456"
8421,"10,64,80"
8422,"23,103,26"
8423,"138,135,374"
8424,"40,131,134"
8425,"40,131"
8426,"23,38,24"
8427,"231,26,23"
8428,"24,38,71"
8429,"145,40"
8430,"3,21,40"
8431,"169,281,199"
8432,"0,271"
8433,"64,10,448"
8434,"69,145"
8435,"3,169,111"
8436,"3,156,147"
8437,"0,265,340"
8438,"38,309,23"
8439,"3,17,56"
8440,"128,40,130"
8441,"3,21,187"
8442,"8,0,206"
8443,"17,3,320"
8444,"71,38,24"
8445,"30,3,23"
8446,"259,311,426"
8447,"145,44,45"
8448,"271,0,456"
8449,"3,5"
8450,"0,8,458"
8451,"30,3,81"
8452,"3,53,523"
8453,"0,218,370"
8454,"128,40,130"
8455,"23,38,309"
8456,"197,60,23"
8457,"3,21,115"
8458,"24,23,62"
8459,"0,265,349"
8460,"0,271,444"
8461,"346,0,313"
8462,"23,38,26"
8463,"38,296,23"
8464,"3,40,52"
8465,"40,160"
8466,"0,23,271"
8467,"40,224,41"
8468,"40,193,131"
8469,"72,44,145"
8470,"3,17,320"
8471,"1,277,2"
8472,"426,311,259"
8473,"10,64,93"
8474,"199,170,323"
8475,"0,8,206"
8476,"0,313"
8477,"24,23,43"
8478,"10,220"
8479,"169,296,420"
8480,"3,15,16"
8481,"23,220,10"
8482,"0,8,405"
8483,"220,10"
8484,"337,426,311"
8485,"220,10"
8486,"3,21,40"
8487,"40,160,315"
8488,"3,303,74"
8489,"10,25,24"
8490,"169,311,426"
8491,"40,128"
8492,"296,169,229"
8493,"3,53,24"
8494,"23,25,24"
8495,"197,23,24"
8496,"271,0"
8497,"170,199,323"
8498,"64,10,80"
8499,"311,426,169"
8500,"311,426,259"
8501,"3,28,21"
8502,"0,8,206"
8503,"10,40,419"
8504,"169,312,426"
8505,"60,10,239"
8506,"40,41,74"
8507,"199,169"
8508,"10,145"
8509,"40,160,315"
8510,"23,38,137"
8511,"199,323,170"
8512,"40,241,131"
8513,"3,523,53"
8514,"40,241,131"
8515,"3,17"
8516,"169,426,311"
8517,"337,251,296"
8518,"0,271,291"
8519,"45,145,44"
8520,"199,170,169"
8521,"147,3,148"
8522,"23,26,308"
8523,"0,40"
8524,"135,40,250"
8525,"60,3,234"
8526,"23,26,231"
8527,"72,145,44"
8528,"3,111,112"
8529,"241,40,131"
8530,"337,311,426"
8531,"23,24,25"
8532,"3,53,523"
8533,"3,30"
8534,"220,10"
8535,"3,21"
8536,"145,44,402"
8537,"23,8,26"
8538,"145,40,448"
8539,"0,218,8"
8540,"3,147,21"
8541,"135,40,138"
8542,"3,111"
8543,"3,40,21"
8544,"220,10"
8545,"3,21,301"
8546,"0,255"
8547,"21,3,187"
8548,"40,145,146"
8549,"0,8"
8550,"40,160,315"
8551,"216,0,254"
8552,"145,23,0"
8553,"3,21,187"
8554,"3,53,21"
8555,"3,30,104"
8556,"3,111"
8557,"0,169,337"
8558,"44,38,23"
8559,"220,10"
8560,"64,10"
8561,"10,11"
8562,"10,64"
8563,"231,26,23"
8564,"145,44,45"
8565,"0,8"
8566,"40,402,145"
8567,"170,199,323"
8568,"296,337,251"
8569,"40,131,241"
8570,"3,21"
8571,"3,21"
8572,"10,220"
8573,"426,311,259"
8574,"0,271,291"
8575,"3,111,119"
8576,"220,10"
8577,"3,156,147"
8578,"40,135,431"
8579,"23,24,43"
8580,"3,29,28"
8581,"38,23,39"
8582,"3,74,60"
8583,"3,182,21"
8584,"26,350,23"
8585,"40,128,129"
8586,"3,21,301"
8587,"24,60,197"
8588,"145,44"
8589,"23,105,326"
8590,"40,139"
8591,"23,24,25"
8592,"23,24,43"
8593,"311,337,426"
8594,"23,220,31"
8595,"169,311,426"
8596,"64,10,93"
8597,"0,213,214"
8598,"426,311,259"
8599,"15,16,3"
8600,"40,128,195"
8601,"64,10,80"
8602,"72,38,60"
8603,"3,21,41"
8604,"160,334,40"
8605,"169,187,311"
8606,"3,111,112"
8607,"11,109,10"
8608,"426,311,337"
8609,"170,169,199"
8610,"3,21,187"
8611,"74,118,23"
8612,"145,40,44"
8613,"145,44,69"
8614,"0,265,366"
8615,"38,23,309"
8616,"271,0,291"
8617,"10,239,60"
8618,"3,311,169"
8619,"10,0,40"
8620,"3,21,33"
8621,"3,147,111"
8622,"3,17,320"
8623,"426,311,259"
8624,"3,17,143"
8625,"40,131,406"
8626,"10,220,23"
8627,"38,71,24"
8628,"151,40,152"
8629,"23,105,3"
8630,"3,4"
8631,"21,337,265"
8632,"23,350,26"
8633,"169,296"
8634,"40,41,286"
8635,"3,21"
8636,"181,145,40"
8637,"3,86,85"
8638,"40,241,131"
8639,"147,156,3"
8640,"40,23"
8641,"40,128,186"
8642,"40,131,134"
8643,"26,350,0"
8644,"145,72,44"
8645,"100,349,40"
8646,"3,21"
8647,"40,131,193"
8648,"40,160,186"
8649,"3,111,53"
8650,"3,21,147"
8651,"0,265,418"
8652,"216,211,212"
8653,"40,128"
8654,"40,160"
8655,"24,23,25"
8656,"3,301,21"
8657,"40,3,143"
8658,"24,23,49"
8659,"49,24,23"
8660,"128,40,130"
8661,"0,271,456"
8662,"10,11,12"
8663,"131,40,241"
8664,"145,45,44"
8665,"40,131,406"
8666,"0,271,366"
8667,"0,169,426"
8668,"3,4,5"
8669,"0,271,346"
8670,"3,15,16"
8671,"0,60"
8672,"220,10"
8673,"0,271"
8674,"135,40,250"
8675,"3,21,182"
8676,"10,64,80"
8677,"3,523,53"
8678,"169,199"
8679,"23,24,49"
8680,"426,311,259"
8681,"8,0,206"
8682,"3,21,187"
8683,"3,147,148"
8684,"169,170,199"
8685,"3,53,523"
8686,"311,426,259"
8687,"40,145,181"
8688,"24,23,49"
8689,"8,0,206"
8690,"337,3,199"
8691,"3,34,263"
8692,"40,41"
8693,"21,3,301"
8694,"80,64,10"
8695,"40,135,138"
8696,"10,64,448"
8697,"170,199,323"
8698,"10,220"
8699,"0,8,235"
8700,"0,271,291"
8701,"64,10,80"
8702,"3,156,35"
8703,"3,147"
8704,"0,1,2"
8705,"23,24,43"
8706,"40,135"
8707,"23,38,231"
8708,"0,313,346"
8709,"24,38,25"
8710,"169,508,426"
8711,"31,23,40"
8712,"26,350,0"
8713,"40,135,243"
8714,"25,10,145"
8715,"199,170,171"
8716,"40,41,42"
8717,"3,21,40"
8718,"10,64,93"
8719,"3,21,301"
8720,"0,271,255"
8721,"3,5,28"
8722,"3,148,147"
8723,"31,23,32"
8724,"169,199,170"
8725,"145,402,40"
8726,"34,65,64"
8727,"49,23,24"
8728,"74,23,118"
8729,"3,17,51"
8730,"40,131,134"
8731,"0,271"
8732,"145,44,45"
8733,"135,138,40"
8734,"111,3,123"
8735,"40,241,131"
8736,"3,30"
8737,"23,24"
8738,"145,40,402"
8739,"38,23,39"
8740,"23,49,24"
8741,"26,89,23"
8742,"3,111"
8743,"199,323,170"
8744,"10,220"
8745,"0,271,213"
8746,"40,145,402"
8747,"3,51,15"
8748,"296,169,0"
8749,"0,271,291"
8750,"0,218,444"
8751,"0,271"
8752,"40,145"
8753,"0,271,291"
8754,"10,11"
8755,"40,175,3"
8756,"0,265,340"
8757,"220,10"
8758,"0,222,208"
8759,"3,154,60"
8760,"3,111,119"
8761,"40,426,337"
8762,"426,311,337"
8763,"138,135,40"
8764,"3,53,523"
8765,"0,271"
8766,"31,23,32"
8767,"71,38,24"
8768,"10,11"
8769,"40,131,241"
8770,"0,271,291"
8771,"10,220"
8772,"23,26"
8773,"10,220"
8774,"40,131,241"
8775,"10,64,93"
8776,"41,201,3"
8777,"0,340,265"
8778,"43,23,24"
8779,"3,21,127"
8780,"40,135,295"
8781,"0,265"
8782,"40,131,241"
8783,"281,169,199"
8784,"259,426,311"
8785,"10,64,448"
8786,"10,54,95"
8787,"43,24,23"
8788,"3,21,164"
8789,"74,303,23"
8790,"220,10"
8791,"10,220"
8792,"0,23"
8793,"23,405,8"
8794,"3,287"
8795,"3,301"
8796,"0,271,456"
8797,"13,204,3"
8798,"10,64,93"
8799,"3,21"
8800,"40,186,128"
8801,"0,271,291"
8802,"23,31,32"
8803,"23,326,105"
8804,"145,181,40"
8805,"0,277,458"
8806,"145,72,44"
8807,"23,49,24"
8808,"3,111,267"
8809,"23,31,32"
8810,"346,0,313"
8811,"3,100,367"
8812,"10,64"
8813,"0,1,2"
8814,"23,74,118"
8815,"3,21"
8816,"3,21"
8817,"3,21,52"
8818,"0,271,291"
8819,"23,0,26"
8820,"131,40,241"
8821,"0,271,291"
8822,"296,337,251"
8823,"0,271,291"
8824,"0,271,429"
8825,"24,38,71"
8826,"3,147,15"
8827,"40,135,431"
8828,"3,147,21"
8829,"0,8"
8830,"0,271,456"
8831,"3,17,51"
8832,"40,145"
8833,"3,13,204"
8834,"3,301,13"
8835,"8,0,235"
8836,"0,145,40"
8837,"199,170,171"
8838,"23,74"
8839,"0,313,346"
8840,"3,21,301"
8841,"40,128,130"
8842,"74,23,84"
8843,"3,21"
8844,"24,23,49"
8845,"3,21,500"
8846,"337,251,296"
8847,"3,21,164"
8848,"145,40,146"
8849,"40,146,145"
8850,"64,80,10"
8851,"40,131,241"
8852,"10,220,221"
8853,"281,169,199"
8854,"199,281,169"
8855,"40,131,406"
8856,"10,24,25"
8857,"40,145,402"
8858,"10,220"
8859,"346,313,0"
8860,"23,26,231"
8861,"0,218,446"
8862,"3,435,4"
8863,"10,64,80"
8864,"23,74,84"
8865,"199,323,170"
8866,"169,199,170"
8867,"337,53,339"
8868,"23,31,32"
8869,"3,187,21"
8870,"23,74"
8871,"199,323,170"
8872,"10,11"
8873,"3,4"
8874,"145,40,402"
8875,"40,139,41"
8876,"30,3,104"
8877,"231,26,23"
8878,"8,0,206"
8879,"170,199,171"
8880,"3,21,127"
8881,"265,0,418"
8882,"0,271,291"
8883,"40,145,402"
8884,"3,4"
8885,"40,131,241"
8886,"3,15,16"
8887,"10,220"
8888,"23,38,60"
8889,"3,111"
8890,"40,145,402"
8891,"199,170,171"
8892,"0,291,271"
8893,"311,277,0"
8894,"0,265,418"
8895,"3,17,51"
8896,"0,372,271"
8897,"3,147,148"
8898,"10,220"
8899,"3,147,148"
8900,"0,8,206"
8901,"199,323,170"
8902,"40,139,41"
8903,"23,40,495"
8904,"45,145,44"
8905,"3,147,148"
8906,"3,4,435"
8907,"40,131,134"
8908,"40,100,367"
8909,"40,128,186"
8910,"23,31,32"
8911,"71,38,24"
8912,"3,30,40"
8913,"337,296,251"
8914,"3,147,148"
8915,"40,162"
8916,"184,494,40"
8917,"40,131,406"
8918,"402,145,40"
8919,"3,147,40"
8920,"23,74,118"
8921,"169,170,436"
8922,"23,25,24"
8923,"3,5"
8924,"0,8,235"
8925,"23,31,218"
8926,"40,128,130"
8927,"10,64,93"
8928,"3,21"
8929,"3,15,16"
8930,"44,72,145"
8931,"169,296,428"
8932,"61,10,60"
8933,"43,24,23"
8934,"100,367,40"
8935,"231,26,23"
8936,"3,120,121"
8937,"24,23,49"
8938,"0,8,249"
8939,"337,251,296"
8940,"53,3,287"
8941,"3,34,263"
8942,"169,199,281"
8943,"220,10,25"
8944,"0,265,255"
8945,"337,296,251"
8946,"235,8,0"
8947,"0,8,308"
8948,"40,181,43"
8949,"220,10,24"
8950,"3,147,148"
8951,"131,40,241"
8952,"155,139,34"
8953,"169,508,426"
8954,"93,10,64"
8955,"40,135,138"
8956,"145,40,402"
8957,"170,171,199"
8958,"3,21,34"
8959,"40,128,130"
8960,"220,10"
8961,"40,241,131"
8962,"40,224,41"
8963,"23,24,25"
8964,"145,40,402"
8965,"24,40,38"
8966,"3,52,51"
8967,"3,147,21"
8968,"3,4,435"
8969,"3,21"
8970,"3,15,16"
8971,"135,309,23"
8972,"3,21,51"
8973,"0,216"
8974,"40,160,315"
8975,"3,148,147"
8976,"0,3,265"
8977,"40,131,134"
8978,"145,40,44"
8979,"64,10,80"
8980,"10,220"
8981,"3,523,53"
8982,"145,44,45"
8983,"3,156,147"
8984,"311,426,337"
8985,"145,216"
8986,"216,370,0"
8987,"0,291,271"
8988,"23,26,89"
8989,"199,171,170"
8990,"147,3"
8991,"160,40,315"
8992,"145,40,402"
8993,"40,131,23"
8994,"23,231,26"
8995,"145,44,45"
8996,"24,23,43"
8997,"40,128,186"
8998,"145,40,181"
8999,"3,5,4"
9000,"3,111,182"
9001,"169,281,199"
9002,"23,24,25"
9003,"40,145,402"
9004,"24,25,23"
9005,"40,135,138"
9006,"10,64,80"
9007,"52,51,3"
9008,"40,145,402"
9009,"3,4"
9010,"0,265"
9011,"23,318,350"
9012,"44,45,145"
9013,"220,10"
9014,"10,220"
9015,"454,31,23"
9016,"17,3,56"
9017,"3,21"
9018,"145,44,69"
9019,"23,24,59"
9020,"38,24,71"
9021,"40,286,41"
9022,"3,5"
9023,"337,0,296"
9024,"0,271,291"
9025,"0,271,444"
9026,"3,17,320"
9027,"3,21"
9028,"40,93,181"
9029,"61,10,60"
9030,"3,13,10"
9031,"38,23,3"
9032,"3,21,40"
9033,"10,220"
9034,"3,53,523"
9035,"0,229,271"
9036,"3,21,164"
9037,"10,64,93"
9038,"337,311,426"
9039,"147,3,148"
9040,"271,0,291"
9041,"23,49,24"
9042,"40,160,302"
9043,"23,26"
9044,"3,5"
9045,"0,271"
9046,"3,21,187"
9047,"10,64,93"
9048,"64,10,80"
9049,"3,21,301"
9050,"10,220"
9051,"0,366,271"
9052,"3,21,301"
9053,"3,34"
9054,"220,10"
9055,"3,21,187"
9056,"111,3"
9057,"23,24,43"
9058,"40,3,21"
9059,"31,23,32"
9060,"0,8"
9061,"334,160,23"
9062,"40,186,128"
9063,"44,145,45"
9064,"3,21,301"
9065,"40,162"
9066,"199,169,170"
9067,"23,74,118"
9068,"17,3,320"
9069,"3,13,204"
9070,"10,220"
9071,"23,74,38"
9072,"145,95,40"
9073,"426,311,259"
9074,"296,337,251"
9075,"0,271,291"
9076,"10,64"
9077,"169,296,428"
9078,"135,138,40"
9079,"3,15,16"
9080,"0,265,418"
9081,"40,175,128"
9082,"64,10,80"
9083,"23,0,38"
9084,"40,135"
9085,"3,21"
9086,"199,281,169"
9087,"0,8,206"
9088,"0,218,271"
9089,"3,15,16"
9090,"402,40,145"
9091,"311,426,259"
9092,"281,199,169"
9093,"0,8,206"
9094,"170,199,323"
9095,"3,15,16"
9096,"169,199,170"
9097,"145,44,45"
9098,"3,147,21"
9099,"3,4,435"
9100,"23,24,49"
9101,"10,197,60"
9102,"40,145,181"
9103,"3,40"
9104,"71,38,24"
9105,"40,135"
9106,"23,25,24"
9107,"3,53,60"
9108,"0,265,418"
9109,"145,40,402"
9110,"40,241,131"
9111,"3,21"
9112,"40,151,152"
9113,"10,220,24"
9114,"169,199,281"
9115,"10,11,109"
9116,"3,21,28"
9117,"71,38,24"
9118,"74,23,165"
9119,"23,74,303"
9120,"40,128"
9121,"3,21,28"
9122,"3,53,523"
9123,"249,279,0"
9124,"10,220"
9125,"0,271,265"
9126,"3,111"
9127,"10,11,205"
9128,"0,271,291"
9129,"23,74,118"
9130,"3,111"
9131,"10,24,23"
9132,"3,48,30"
9133,"131,24,23"
9134,"23,38"
9135,"40,402,145"
9136,"40,145,181"
9137,"40,23,74"
9138,"23,31,32"
9139,"60,234,21"
9140,"44,145,73"
9141,"40,128,130"
9142,"10,220"
9143,"147,3,156"
9144,"426,169,311"
9145,"23,31,32"
9146,"128,40,129"
9147,"3,53,287"
9148,"0,23,218"
9149,"0,8,308"
9150,"337,296,251"
9151,"145,181,40"
9152,"3,53,523"
9153,"10,145,40"
9154,"169,296,300"
9155,"3,187,21"
9156,"3,4"
9157,"23,137,40"
9158,"220,10"
9159,"0,53,218"
9160,"169,296,333"
9161,"40,128,186"
9162,"0,23,26"
9163,"199,170,171"
9164,"10,93,64"
9165,"64,10,80"
9166,"0,213,214"
9167,"3,21,41"
9168,"3,4,435"
9169,"64,10,23"
9170,"0,271,291"
9171,"23,74,118"
9172,"337,251,296"
9173,"26,23,0"
9174,"0,218,509"
9175,"3,21"
9176,"0,8,206"
9177,"64,10,80"
9178,"40,135,431"
9179,"23,43,24"
9180,"64,10,80"
9181,"3,21,40"
9182,"220,10"
9183,"3,21,182"
9184,"10,145,44"
9185,"296,38,337"
9186,"40,128,130"
9187,"8,0,206"
9188,"3,17,34"
9189,"23,25,31"
9190,"199,323,170"
9191,"64,10,80"
9192,"10,54,95"
9193,"40,128,0"
9194,"40,135,199"
9195,"23,40"
9196,"53,287,281"
9197,"311,337,426"
9198,"0,271,291"
9199,"8,0,327"
9200,"21,3,301"
9201,"10,220"
9202,"3,17,320"
9203,"23,26"
9204,"523,53,3"
9205,"199,169,281"
9206,"3,21"
9207,"40,131,406"
9208,"271,0,456"
9209,"128,129,40"
9210,"169,436,199"
9211,"308,0,8"
9212,"145,40,402"
9213,"3,5"
9214,"40,145,146"
9215,"25,24,23"
9216,"3,199,382"
9217,"0,271"
9218,"111,3,119"
9219,"10,24,220"
9220,"145,40,402"
9221,"23,24,25"
9222,"21,3"
9223,"10,64,93"
9224,"3,21,187"
9225,"3,287,53"
9226,"64,10,80"
9227,"0,271"
9228,"64,93,10"
9229,"53,0,3"
9230,"135,40"
9231,"71,24,38"
9232,"3,21"
9233,"145,25,24"
9234,"160,40"
9235,"40,160,315"
9236,"0,265,418"
9237,"3,0"
9238,"0,8,206"
9239,"296,169,420"
9240,"31,23,32"
9241,"3,127,21"
9242,"220,25,10"
9243,"0,8,308"
9244,"3,21,182"
9245,"40,135"
9246,"128,40,130"
9247,"0,249,296"
9248,"3,111"
9249,"0,8,265"
9250,"40,128,145"
9251,"80,64,10"
9252,"10,64,448"
9253,"3,21,48"
9254,"0,271,366"
9255,"337,251,296"
9256,"23,74,231"
9257,"23,26,350"
9258,"3,147,120"
9259,"311,426,169"
9260,"199,170,323"
9261,"23,74,118"
9262,"40,135,236"
9263,"25,24,220"
9264,"3,21,169"
9265,"303,23,72"
9266,"3,4,435"
9267,"0,313,346"
9268,"3,28,364"
9269,"199,170,171"
9270,"0,271,291"
9271,"128,40,129"
9272,"10,11,205"
9273,"40,160,3"
9274,"3,53,523"
9275,"38,23,94"
9276,"23,74,3"
9277,"23,303,74"
9278,"3,301,21"
9279,"3,53,523"
9280,"10,64,93"
9281,"3,21"
9282,"3,21"
9283,"45,145,44"
9284,"169,170,459"
9285,"220,10"
9286,"23,38,88"
9287,"23,38"
9288,"182,21,3"
9289,"23,40,105"
9290,"23,89,26"
9291,"220,10"
9292,"3,169,64"
9293,"3,5"
9294,"0,265,418"
9295,"0,271,313"
9296,"21,3,301"
9297,"40,128,186"
9298,"216,0"
9299,"23,38,137"
9300,"3,30,81"
9301,"3,23,111"
9302,"145,45,44"
9303,"265,0,340"
9304,"3,21,182"
9305,"199,169"
9306,"40,135,250"
9307,"40,128,0"
9308,"10,11,205"
9309,"3,4,19"
9310,"10,64,93"
9311,"10,64,93"
9312,"3,13,204"
9313,"0,446,218"
9314,"64,10,448"
9315,"41,201,40"
9316,"13,3,204"
9317,"3,5,133"
9318,"3,4,435"
9319,"3,4,188"
9320,"0,308,8"
9321,"40,128,23"
9322,"23,24,49"
9323,"199,323,170"
9324,"41,286,40"
9325,"0,271,291"
9326,"337,251,296"
9327,"40,41,215"
9328,"10,220"
9329,"0,23,38"
9330,"3,21,187"
9331,"3,147,148"
9332,"40,139"
9333,"38,23,94"
9334,"3,40"
9335,"24,49,23"
9336,"3,4,435"
9337,"111,3,119"
9338,"40,160,315"
9339,"64,10,3"
9340,"323,199,170"
9341,"426,311,259"
9342,"64,10,80"
9343,"23,74,118"
9344,"23,74,317"
9345,"3,21"
9346,"24,38,71"
9347,"0,271,291"
9348,"145,40,402"
9349,"0,216,271"
9350,"0,340,265"
9351,"0,271,218"
9352,"3,147,148"
9353,"64,10,80"
9354,"23,231,26"
9355,"4,3"
9356,"199,171,170"
9357,"3,265,21"
9358,"40,135,431"
9359,"311,426,337"
9360,"3,41"
9361,"0,8,206"
9362,"199,171,170"
9363,"3,182,21"
9364,"169,199,343"
9365,"3,21"
9366,"43,23,24"
9367,"199,169"
9368,"23,308,0"
9369,"13,3,204"
9370,"3,301,21"
9371,"3,4,435"
9372,"3,156,147"
9373,"3,53"
9374,"40,160,315"
9375,"10,220"
9376,"0,8"
9377,"64,10,80"
9378,"23,24,43"
9379,"0,257,216"
9380,"135,40,141"
9381,"8,0,308"
9382,"40,145,3"
9383,"23,74,118"
9384,"8,206,0"
9385,"43,24,23"
9386,"0,216"
9387,"0,8,206"
9388,"40,160"
9389,"40,160,184"
9390,"0,8,206"
9391,"40,128,162"
9392,"3,147,148"
9393,"0,265"
9394,"0,218,512"
9395,"169,296,411"
9396,"3,128,129"
9397,"0,291,271"
9398,"23,43,24"
9399,"3,147,523"
9400,"3,23,105"
9401,"40,128,129"
9402,"0,3,216"
9403,"40,160,315"
9404,"199,170,323"
9405,"40,131,241"
9406,"10,93,64"
9407,"3,21"
9408,"3,147,148"
9409,"145,40,437"
9410,"40,128,130"
9411,"40,184,423"
9412,"234,60,21"
9413,"231,23,26"
9414,"145,40,402"
9415,"23,24,49"
9416,"24,71,446"
9417,"3,4,53"
9418,"31,23"
9419,"24,23,49"
9420,"3,15,16"
9421,"0,311,271"
9422,"199,169"
9423,"40,100,3"
9424,"13,3,204"
9425,"3,17"
9426,"3,4"
9427,"40,145,402"
9428,"17,3,320"
9429,"296,169,337"
9430,"145,72,44"
9431,"0,216"
9432,"3,435,4"
9433,"3,21"
9434,"23,350,26"
9435,"3,15,16"
9436,"10,220"
9437,"3,21"
9438,"199,170,323"
9439,"40,135,431"
9440,"40,131,406"
9441,"40,41,127"
9442,"3,21,127"
9443,"0,271,291"
9444,"23,24,74"
9445,"145,44,45"
9446,"0,23"
9447,"34,3,143"
9448,"40,145,402"
9449,"21,40,3"
9450,"3,21,301"
9451,"0,216,354"
9452,"0,8,206"
9453,"71,38,24"
9454,"10,64,93"
9455,"23,26,350"
9456,"0,216,257"
9457,"3,21"
9458,"26,23,89"
9459,"508,169,426"
9460,"74,23"
9461,"0,8,391"
9462,"3,21,187"
9463,"3,52,51"
9464,"8,0,235"
9465,"138,135,40"
9466,"296,420,169"
9467,"23,26,350"
9468,"40,135"
9469,"145,181,40"
9470,"131,40,241"
9471,"156,3,147"
9472,"23,31,145"
9473,"145,45,44"
9474,"0,311,337"
9475,"40,131,406"
9476,"3,188,4"
9477,"23,220,25"
9478,"64,10,80"
9479,"74,23,118"
9480,"40,402,145"
9481,"170,199,169"
9482,"64,10,80"
9483,"0,216,370"
9484,"40,131,38"
9485,"3,53,120"
9486,"41,40"
9487,"23,131,40"
9488,"0,271,265"
9489,"3,21,17"
9490,"3,21,182"
9491,"0,206,8"
9492,"15,3,16"
9493,"212,211,216"
9494,"0,8,206"
9495,"0,271,291"
9496,"3,53,523"
9497,"10,64,80"
9498,"40,128,129"
9499,"3,4,21"
9500,"169,296,333"
9501,"40,160,315"
9502,"23,74,165"
9503,"220,10,221"
9504,"220,10"
9505,"40,131,241"
9506,"0,8,206"
9507,"0,8,235"
9508,"40,160,315"
9509,"311,426,259"
9510,"24,23,45"
9511,"0,271"
9512,"3,21,301"
9513,"10,109,11"
9514,"277,0,296"
9515,"13,3"
9516,"426,311,169"
9517,"3,21,164"
9518,"23,31,454"
9519,"3,104,30"
9520,"23,31,32"
9521,"0,296,169"
9522,"40,131,241"
9523,"296,251,337"
9524,"41,40,111"
9525,"145,40"
9526,"0,8,346"
9527,"0,271"
9528,"40,201,41"
9529,"21,3,127"
9530,"3,4,435"
9531,"89,23,26"
9532,"10,64,80"
9533,"0,249,279"
9534,"3,34,17"
9535,"0,271,257"
9536,"23,26"
9537,"3,0,287"
9538,"10,69,145"
9539,"145,208,369"
9540,"3,21"
9541,"24,71,38"
9542,"0,271,456"
9543,"169,426,31"
9544,"220,10"
9545,"3,30,81"
9546,"40,128,129"
9547,"23,145,24"
9548,"23,26,40"
9549,"40,128,129"
9550,"3,21"
9551,"0,458,277"
9552,"0,277,216"
9553,"3,147,21"
9554,"40,131,135"
9555,"4,3,435"
9556,"10,64,80"
9557,"23,418,265"
9558,"45,44,145"
9559,"10,64,93"
9560,"220,23,10"
9561,"199,170,171"
9562,"10,220"
9563,"23,24"
9564,"40,145,146"
9565,"0,271,291"
9566,"10,60,489"
9567,"23,49,24"
9568,"43,24,23"
9569,"508,426,169"
9570,"3,111,15"
9571,"38,24,71"
9572,"40,241,131"
9573,"26,23,89"
9574,"339,169,337"
9575,"10,220"
9576,"0,313,8"
9577,"3,17,40"
9578,"64,10,448"
9579,"0,8,405"
9580,"0,271"
9581,"3,164,21"
9582,"23,43,24"
9583,"23,40,62"
9584,"3,156,147"
9585,"0,271,291"
9586,"40,145,402"
9587,"216,212,211"
9588,"3,4"
9589,"169,170"
9590,"3,111,21"
9591,"44,145,24"
9592,"40,131,160"
9593,"199,170,171"
9594,"23,31,32"
9595,"31,32,23"
9596,"3,301,21"
9597,"40,131,406"
9598,"3,53"
9599,"0,218,271"
9600,"40,130,128"
9601,"23,74,118"
9602,"34,143,3"
9603,"0,271,265"
9604,"23,38"
9605,"40,241,131"
9606,"31,23,32"
9607,"40,241"
9608,"170,169,459"
9609,"3,120,30"
9610,"145,40,10"
9611,"3,119,111"
9612,"0,206,8"
9613,"38,23,60"
9614,"3,33,21"
9615,"3,4"
9616,"311,426,259"
9617,"3,13,506"
9618,"220,145,10"
9619,"23,49,24"
9620,"40,131,241"
9621,"169,296,420"
9622,"3,5,6"
9623,"271,0,291"
9624,"64,10,80"
9625,"170,169,260"
9626,"3,187,21"
9627,"337,311,426"
9628,"199,323,170"
9629,"0,265,3"
9630,"0,216,249"
9631,"23,24,43"
9632,"3,523,53"
9633,"265,0,23"
9634,"0,8,206"
9635,"199,170,171"
9636,"24,23,49"
9637,"0,216,257"
9638,"454,31,23"
9639,"40,175,128"
9640,"3,21,127"
9641,"24,43,10"
9642,"311,426,337"
9643,"23,49,24"
9644,"311,426"
9645,"0,308,8"
9646,"147,3,148"
9647,"40,128,186"
9648,"71,38,24"
9649,"3,53"
9650,"199,170,171"
9651,"40,224,41"
9652,"40,131,406"
9653,"0,265,418"
9654,"0,31"
9655,"40,146,145"
9656,"24,23,43"
9657,"38,137,23"
9658,"3,182,21"
9659,"10,64,93"
9660,"24,43,23"
9661,"60,10,61"
9662,"38,71,24"
9663,"0,291,271"
9664,"311,426,337"
9665,"23,25,24"
9666,"0,311,169"
9667,"3,53,21"
9668,"3,21,164"
9669,"199,323,170"
9670,"311,426,259"
9671,"170,199,323"
9672,"40,131"
9673,"104,30,3"
9674,"281,199,3"
9675,"10,60,239"
9676,"145,44,69"
9677,"23,31,32"
9678,"23,26,308"
9679,"23,74,118"
9680,"156,3,147"
9681,"3,21"
9682,"3,523,53"
9683,"23,31,290"
9684,"10,220"
9685,"220,10"
9686,"72,145,60"
9687,"311,426,259"
9688,"169,199,343"
9689,"40,138,135"
9690,"111,3,119"
9691,"30,3"
9692,"40,139,155"
9693,"40,170,169"
9694,"3,147,148"
9695,"145,44,45"
9696,"0,195,128"
9697,"220,10"
9698,"40,131"
9699,"0,271"
9700,"10,220"
9701,"0,255,271"
9702,"40,160,334"
9703,"38,23,169"
9704,"23,74,118"
9705,"23,38,137"
9706,"145,40,402"
9707,"40,402,145"
9708,"0,21"
9709,"170,199,323"
9710,"199,323,170"
9711,"40,131,160"
9712,"40,135"
9713,"3,53,523"
9714,"170,169,459"
9715,"64,10,80"
9716,"40,3,131"
9717,"311,426,259"
9718,"199,323,170"
9719,"145,72,44"
9720,"0,216,354"
9721,"0,313,346"
9722,"3,21,182"
9723,"3,147,148"
9724,"21,3,301"
9725,"3,21,108"
9726,"3,4"
9727,"40,131,241"
9728,"145,40,402"
9729,"64,10,80"
9730,"23,74,84"
9731,"41,40,42"
9732,"53,3,523"
9733,"0,271,456"
9734,"3,34,143"
9735,"23,24,38"
9736,"3,187,21"
9737,"93,64,10"
9738,"3,4,435"
9739,"40,139,135"
9740,"3,21,0"
9741,"10,220"
9742,"0,265,418"
9743,"251,296,337"
9744,"23,38,24"
9745,"44,145,73"
9746,"40,41,201"
9747,"3,111"
9748,"24,25,23"
9749,"87,38,23"
9750,"23,103,0"
9751,"199,169"
9752,"23,346,313"
9753,"0,8,271"
9754,"74,23,3"
9755,"10,220"
9756,"40,402,145"
9757,"40,131,406"
9758,"3,301,21"
9759,"24,25,23"
9760,"23,38,107"
9761,"38,24,71"
9762,"3,21"
9763,"220,10"
9764,"21,3,182"
9765,"40,131,241"
9766,"3,21,127"
9767,"24,71,38"
9768,"199,170,323"
9769,"3,21,187"
9770,"10,220"
9771,"4,3,19"
9772,"184,40,185"
9773,"43,24,23"
9774,"87,23,38"
9775,"145,40,146"
9776,"10,64,90"
9777,"3,21,147"
9778,"426,311,259"
9779,"53,3,287"
9780,"199,281,3"
9781,"170,184,40"
9782,"145,40,181"
9783,"26,23,231"
9784,"199,170,171"
9785,"3,4,435"
9786,"0,277,458"
9787,"0,265,349"
9788,"3,21"
9789,"40,130,128"
9790,"23,89,26"
9791,"199,170,323"
9792,"323,199,170"
9793,"40,241,131"
9794,"145,45,44"
9795,"43,24,23"
9796,"24,43,3"
9797,"40,160"
9798,"40,128,130"
9799,"10,220"
9800,"43,23,24"
9801,"311,169,426"
9802,"40,135,386"
9803,"3,53,523"
9804,"0,366,271"
9805,"3,17,320"
9806,"3,30"
9807,"3,21"
9808,"3,0,34"
9809,"3,113,28"
9810,"3,21,147"
9811,"199,323,170"
9812,"3,21,127"
9813,"23,24,43"
9814,"10,23,54"
9815,"40,139"
9816,"3,111,21"
9817,"0,8,206"
9818,"17,3,320"
9819,"64,10,80"
9820,"54,10,208"
9821,"40,131"
9822,"211,0,216"
9823,"40,131"
9824,"3,21,17"
9825,"23,38,137"
9826,"40,145,402"
9827,"31,328,23"
9828,"3,23,30"
9829,"337,296,169"
9830,"3,435,4"
9831,"3,21,301"
9832,"3,187,21"
9833,"3,28,111"
9834,"13,10,218"
9835,"0,271,456"
9836,"15,16,3"
9837,"10,220"
9838,"24,23,43"
9839,"169,199,374"
9840,"3,30"
9841,"3,4,435"
9842,"308,0,8"
9843,"145,10,40"
9844,"43,23,24"
9845,"40,160,315"
9846,"45,44,145"
9847,"0,265,271"
9848,"0,326,105"
9849,"10,64,90"
9850,"23,24,25"
9851,"3,21,301"
9852,"26,23,350"
9853,"23,24,43"
9854,"0,8,308"
9855,"3,21,127"
9856,"40,224,41"
9857,"220,10,221"
9858,"38,24,71"
9859,"3,147,148"
9860,"145,40,54"
9861,"40,135,431"
9862,"3,21,331"
9863,"25,24,23"
9864,"31,23,328"
9865,"0,372,255"
9866,"3,187,21"
9867,"3,21,53"
9868,"426,311,259"
9869,"23,74,317"
9870,"220,10,0"
9871,"523,53,3"
9872,"0,8,206"
9873,"199,281,169"
9874,"199,171,170"
9875,"3,53,523"
9876,"0,8"
9877,"3,28,21"
9878,"271,0,218"
9879,"40,41"
9880,"0,271,291"
9881,"169,199,281"
9882,"3,21,187"
9883,"169,343,199"
9884,"10,220"
9885,"40,128,130"
9886,"3,147,203"
9887,"23,74,118"
9888,"105,23"
9889,"0,271"
9890,"24,25,23"
9891,"3,4"
9892,"64,10,93"
9893,"170,199,171"
9894,"40,315,160"
9895,"156,147,3"
9896,"426,311,337"
9897,"52,51,3"
9898,"23,105,326"
9899,"3,21"
9900,"26,23,350"
9901,"23,31,145"
9902,"0,8,308"
9903,"10,64,90"
9904,"40,402,145"
9905,"3,35,36"
9906,"0,216"
9907,"31,23,96"
9908,"156,3,147"
9909,"3,21,301"
9910,"135,40,250"
9911,"40,145,402"
9912,"10,23,24"
9913,"296,251,337"
9914,"216,0,212"
9915,"0,229,230"
9916,"3,21,187"
9917,"38,71,24"
9918,"40,160,315"
9919,"24,38,71"
9920,"17,3,320"
9921,"160,40,315"
9922,"21,3,301"
9923,"21,3,115"
9924,"40,135,431"
9925,"128,40,186"
9926,"60,10,414"
9927,"145,44,69"
9928,"40,128,175"
9929,"3,17"
9930,"147,156,3"
9931,"0,337,311"
9932,"40,145,10"
9933,"337,311,426"
9934,"40,41,224"
9935,"3,111,275"
9936,"3,13"
9937,"0,271,291"
9938,"0,271,291"
9939,"296,337,251"
9940,"3,182,53"
9941,"199,170,323"
9942,"184,40,243"
9943,"10,60,239"
9944,"64,10"
9945,"0,218,216"
9946,"0,235,8"
9947,"0,271,8"
9948,"523,53,3"
9949,"96,31,23"
9950,"10,220"
9951,"0,8,308"
9952,"169,199,343"
9953,"10,220"
9954,"21,3,301"
9955,"3,21,301"
9956,"3,53,287"
9957,"13,3,401"
9958,"40,241,131"
9959,"15,3,16"
9960,"3,4"
9961,"23,25,24"
9962,"40,135,250"
9963,"40,131,406"
9964,"3,21,187"
9965,"21,3,301"
9966,"0,271,218"
9967,"145,44,45"
9968,"0,271"
9969,"131,40,60"
9970,"3,53,523"
9971,"3,187,21"
9972,"40,131,406"
9973,"3,40,13"
9974,"40,128,129"
9975,"199,171,170"
9976,"3,17,320"
9977,"0,265"
9978,"10,145,64"
9979,"40,145,24"
9980,"3,53,523"
9981,"10,64,93"
9982,"10,220"
9983,"0,216,354"
9984,"3,15,16"
9985,"3,21,301"
9986,"0,8,308"
9987,"23,231,26"
9988,"0,265,458"
9989,"3,4,435"
9990,"40,135,250"
9991,"40,131,184"
9992,"10,220"
9993,"0,265,291"
9994,"3,53"
9995,"10,220"
9996,"145,40,402"
9997,"71,38,24"
9998,"199,170,171"
9999,"0,313,346"
10000,"0,265"
10001,"3,120"
10002,"216,212,211"
10003,"337,291,271"
10004,"3,4,70"
10005,"0,229,265"
10006,"220,10,221"
10007,"0,53,40"
10008,"40,131,406"
10009,"296,169,336"
10010,"10,220"
10011,"169,170,459"
10012,"23,38"
10013,"3,21,182"
10014,"40,135"
10015,"0,485,313"
10016,"40,145"
10017,"323,199,170"
10018,"40,146,145"
10019,"0,271"
10020,"100,40,222"
10021,"40,241"
10022,"40,160,128"
10023,"40,145,402"
10024,"3,337,296"
10025,"43,24,23"
10026,"0,291,271"
10027,"0,8"
10028,"30,3"
10029,"23,74"
10030,"3,111"
10031,"0,40,288"
10032,"10,220"
10033,"3,21"
10034,"169,3,311"
10035,"3,13,204"
10036,"374,199,169"
10037,"3,53,523"
10038,"43,23,24"
10039,"40,160,41"
10040,"10,64,93"
10041,"26,23,89"
10042,"40,146,145"
10043,"40,131"
10044,"74,317,23"
10045,"24,23,62"
10046,"71,38,24"
10047,"10,220"
10048,"40,315,160"
10049,"145,44,69"
10050,"21,40,3"
10051,"169,508,170"
10052,"0,271,291"
10053,"0,8,206"
10054,"3,21,164"
10055,"3,17,320"
10056,"3,53,523"
10057,"426,311,259"
10058,"3,13"
10059,"17,3,320"
10060,"145,40,10"
10061,"40,100,367"
10062,"265,0,340"
10063,"23,265,0"
10064,"311,426,337"
10065,"60,239,10"
10066,"40,131,184"
10067,"40,135,431"
10068,"10,64,80"
10069,"10,220"
10070,"3,4,435"
10071,"3,187,21"
10072,"10,220"
10073,"23,38,0"
10074,"40,41,42"
10075,"40,128,131"
10076,"4,3,435"
10077,"24,23,43"
10078,"8,0,206"
10079,"199,171,170"
10080,"40,131,145"
10081,"64,10,93"
10082,"3,15,16"
10083,"40,145,131"
10084,"26,23,89"
10085,"3,21,301"
10086,"74,23"
10087,"145,40,402"
10088,"128,40,129"
10089,"3,17"
10090,"0,271,366"
10091,"3,21"
10092,"44,145,10"
10093,"40,128,186"
10094,"3,111,275"
10095,"10,11,205"
10096,"61,60,10"
10097,"3,53,523"
10098,"3,111"
10099,"3,21"
10100,"40,139,199"
10101,"3,28,364"
10102,"3,147,148"
10103,"0,265,271"
10104,"3,21"
10105,"24,23,25"
10106,"34,3,447"
10107,"3,13,61"
10108,"64,10,80"
10109,"169,508,296"
10110,"169,199,170"
10111,"0,249,279"
10112,"169,281,199"
10113,"3,21,52"
10114,"145,10,95"
10115,"131,40,241"
10116,"0,1,271"
10117,"25,24,23"
10118,"0,271,360"
10119,"3,30,104"
10120,"3,21,41"
10121,"220,326,10"
10122,"337,296,251"
10123,"0,255,216"
10124,"311,426,259"
10125,"10,199,323"
10126,"220,10,221"
10127,"145,44,45"
10128,"0,271"
10129,"145,40,402"
10130,"40,135,138"
10131,"0,271,291"
10132,"0,216,370"
10133,"3,21,301"
10134,"199,281,169"
10135,"0,346,313"
10136,"199,170,323"
10137,"311,426"
10138,"40,145,402"
10139,"111,275,3"
10140,"0,8,346"
10141,"44,10,145"
10142,"311,337,426"
10143,"169,199,281"
10144,"0,271,291"
10145,"40,402,145"
10146,"138,135,40"
10147,"271,0,291"
10148,"271,199,0"
10149,"3,53,523"
10150,"199,170,323"
10151,"40,41,224"
10152,"220,10"
10153,"40,128,130"
10154,"3,13"
10155,"3,21,147"
10156,"40,160,41"
10157,"3,0,8"
10158,"40,169,199"
10159,"49,24,23"
10160,"23,26,89"
10161,"23,43,24"
10162,"40,131,241"
10163,"23,49,24"
10164,"3,51,52"
10165,"337,311,426"
10166,"145,44,72"
10167,"0,271"
10168,"40,145,402"
10169,"10,80,64"
10170,"24,23,25"
10171,"0,265,3"
10172,"3,21"
10173,"3,147,148"
10174,"40,139"
10175,"3,147,148"
10176,"3,21"
10177,"40,184"
10178,"3,21"
10179,"3,21"
10180,"40,145,181"
10181,"307,74,23"
10182,"311,426,259"
10183,"10,145,11"
10184,"337,426,251"
10185,"40,135,236"
10186,"3,21"
10187,"3,147,21"
10188,"40,145,181"
10189,"10,220"
10190,"21,3,301"
10191,"40,160"
10192,"145,44,45"
10193,"40,145,402"
10194,"24,23,25"
10195,"40,241,131"
10196,"64,10"
10197,"3,523,53"
10198,"64,10,80"
10199,"0,169"
10200,"131,40,241"
10201,"3,301,21"
10202,"0,265"
10203,"23,25,105"
10204,"220,10,25"
10205,"145,40"
10206,"60,239,10"
10207,"0,8,327"
10208,"0,216,271"
10209,"40,402,145"
10210,"3,21"
10211,"60,234,21"
10212,"23,38"
10213,"31,23,328"
10214,"26,23,89"
10215,"24,10,45"
10216,"23,15,3"
10217,"0,277,1"
10218,"3,21,127"
10219,"3,31,40"
10220,"23,49,24"
10221,"3,0"
10222,"199,170,323"
10223,"3,21,301"
10224,"38,23,91"
10225,"296,26,169"
10226,"40,128,130"
10227,"40,135"
10228,"3,21,187"
10229,"23,38,39"
10230,"3,21,182"
10231,"3,5,6"
10232,"135,307,74"
10233,"3,111"
10234,"0,271"
10235,"10,64,93"
10236,"220,10"
10237,"40,135,138"
10238,"10,80,64"
10239,"40,160,302"
10240,"3,21,182"
10241,"38,23,91"
10242,"0,346,313"
10243,"251,337,296"
10244,"0,26,23"
10245,"44,145,23"
10246,"40,402,145"
10247,"3,4"
10248,"169,170,436"
10249,"3,52,51"
10250,"0,8,206"
10251,"74,23,283"
10252,"40,0,128"
10253,"23,26"
10254,"64,10,80"
10255,"3,21"
10256,"26,23,89"
10257,"0,271,366"
10258,"128,40,195"
10259,"8,0,391"
10260,"199,281,74"
10261,"3,53,169"
10262,"64,10,80"
10263,"145,25,40"
10264,"3,17,15"
10265,"40,160,315"
10266,"3,53,523"
10267,"0,265,23"
10268,"24,44,145"
10269,"199,170,323"
10270,"3,15,16"
10271,"31,23,32"
10272,"40,138,135"
10273,"3,21"
10274,"3,4,188"
10275,"40,131,184"
10276,"0,313,271"
10277,"41,3,40"
10278,"3,15,16"
10279,"10,64,90"
10280,"40,131,23"
10281,"40,145,181"
10282,"3,147,148"
10283,"0,265,349"
10284,"145,40,44"
10285,"3,21,33"
10286,"10,220"
10287,"3,317,74"
10288,"43,24,23"
10289,"311,426,337"
10290,"3,13,21"
10291,"3,21"
10292,"145,10,40"
10293,"111,3,119"
10294,"10,220"
10295,"146,40,145"
10296,"3,53,523"
10297,"72,145,44"
10298,"145,44,45"
10299,"40,135,138"
10300,"0,271,291"
10301,"271,0,291"
10302,"40,139,41"
10303,"3,21"
10304,"21,3,301"
10305,"0,291,271"
10306,"147,3,148"
10307,"3,21,48"
10308,"40,145,146"
10309,"10,60,489"
10310,"3,53"
10311,"147,3,156"
10312,"40,160,135"
10313,"40,402,145"
10314,"40,135,386"
10315,"3,523,53"
10316,"426,23,169"
10317,"3,21"
10318,"0,271,265"
10319,"170,169,40"
10320,"129,40,128"
10321,"216,254,0"
10322,"3,17,320"
10323,"220,10"
10324,"8,0,308"
10325,"40,41,42"
10326,"23,49,24"
10327,"145,40,181"
10328,"3,21"
10329,"3,4,183"
10330,"0,26,23"
10331,"3,21"
10332,"0,40,271"
10333,"128,40,129"
10334,"43,23,24"
10335,"3,52,51"
10336,"0,249,279"
10337,"255,280,0"
10338,"296,251,337"
10339,"3,143,34"
10340,"31,96,23"
10341,"3,21,147"
10342,"0,218,296"
10343,"40,145,146"
10344,"74,23"
10345,"74,23,118"
10346,"0,8,308"
10347,"0,271,218"
10348,"40,131,241"
10349,"31,96,23"
10350,"3,21,127"
10351,"64,10,80"
10352,"3,21"
10353,"60,10,239"
10354,"0,255,271"
10355,"296,169,460"
10356,"3,21"
10357,"40,184,494"
10358,"23,74,118"
10359,"3,21"
10360,"40,145,160"
10361,"23,74,118"
10362,"145,44,69"
10363,"3,148,147"
10364,"0,271,313"
10365,"337,251,296"
10366,"145,10,40"
10367,"0,271,444"
10368,"23,296,169"
10369,"145,45,44"
10370,"216,0,354"
10371,"24,71,38"
10372,"216,211,249"
10373,"111,3,267"
10374,"31,23,96"
10375,"40,186,128"
10376,"23,74,118"
10377,"40,184"
10378,"170,199,323"
10379,"40,131,241"
10380,"23,24"
10381,"426,311,312"
10382,"0,265,340"
10383,"24,23,25"
10384,"40,131"
10385,"40,145,402"
10386,"3,4,188"
10387,"3,5,385"
10388,"10,60,239"
10389,"145,44,45"
10390,"0,457,218"
10391,"71,24,38"
10392,"0,255,216"
10393,"3,4,435"
10394,"3,53,523"
10395,"0,23,10"
10396,"3,4,70"
10397,"23,31"
10398,"0,265,349"
10399,"131,40,241"
10400,"23,0,24"
10401,"60,234,160"
10402,"169,426,296"
10403,"311,426,337"
10404,"145,44,73"
10405,"40,145,402"
10406,"3,53,182"
10407,"3,147,148"
10408,"199,170,323"
10409,"43,23,24"
10410,"23,31,290"
10411,"3,21,301"
10412,"8,0,327"
10413,"23,26,231"
10414,"3,21"
10415,"3,17,15"
10416,"40,131,241"
10417,"3,28"
10418,"0,265,340"
10419,"72,145,44"
10420,"160,10,93"
10421,"10,64,80"
10422,"93,10,64"
10423,"10,64,93"
10424,"3,21,111"
10425,"23,74,303"
10426,"23,43,24"
10427,"3,21"
10428,"199,170,323"
10429,"40,402,145"
10430,"40,135,138"
10431,"10,60,489"
10432,"40,402,145"
10433,"31,32,23"
10434,"21,3,301"
10435,"0,291,346"
10436,"3,4,19"
10437,"111,3,282"
10438,"41,3,42"
10439,"31,296"
10440,"3,53,16"
10441,"311,337,426"
10442,"3,21,60"
10443,"145,45,44"
10444,"3,53,523"
10445,"40,131,241"
10446,"204,13,3"
10447,"199,169,281"
10448,"170,199,171"
10449,"199,169"
10450,"145,44,45"
10451,"40,41"
10452,"426,311,259"
10453,"3,435,4"
10454,"0,271,291"
10455,"323,199,170"
10456,"40,145,146"
10457,"8,0,206"
10458,"10,220"
10459,"0,8,265"
10460,"74,23,118"
10461,"10,60,489"
10462,"271,0"
10463,"3,4,435"
10464,"40,162,135"
10465,"10,54,0"
10466,"13,3"
10467,"0,311,271"
10468,"8,0,308"
10469,"0,255,271"
10470,"10,220"
10471,"38,23,87"
10472,"220,10"
10473,"3,4,435"
10474,"337,251,296"
10475,"3,21,38"
10476,"337,311,426"
10477,"3,17,139"
10478,"296,337,195"
10479,"40,160,423"
10480,"3,435,4"
10481,"40,160"
10482,"40,241,131"
10483,"31,23,96"
10484,"10,220,221"
10485,"43,23,24"
10486,"199,170,323"
10487,"431,311,40"
10488,"3,147,156"
10489,"169,296"
10490,"21,3,301"
10491,"169,199,337"
10492,"23,64"
10493,"40,131,134"
10494,"171,199,170"
10495,"3,17,320"
10496,"10,11"
10497,"3,147,53"
10498,"169,374,199"
10499,"0,271,291"
10500,"216,0,23"
10501,"10,64,93"
10502,"40,139,199"
10503,"0,421,229"
10504,"40,128,175"
10505,"3,21"
10506,"89,23,26"
10507,"3,53,21"
10508,"40,23"
10509,"64,10,448"
10510,"40,162"
10511,"40,131,241"
10512,"23,26,38"
10513,"23,231,26"
10514,"23,43,24"
10515,"40,131"
10516,"0,8,418"
10517,"10,11,205"
10518,"0,271,455"
10519,"23,88,38"
10520,"10,64,93"
10521,"64,10,448"
10522,"40,131,41"
10523,"169,296,428"
10524,"3,147,148"
10525,"426,259,160"
10526,"145,40,402"
10527,"145,40,402"
10528,"10,3,60"
10529,"24,23,25"
10530,"8,0,391"
10531,"40,160,315"
10532,"145,45,44"
10533,"3,21,187"
10534,"0,271,313"
10535,"3,111,4"
10536,"23,0,26"
10537,"3,21"
10538,"23,74,317"
10539,"40,160,315"
10540,"3,111,21"
10541,"10,93,64"
10542,"199,323,170"
10543,"160,3,40"
10544,"3,21,111"
10545,"26,23,89"
10546,"3,4,176"
10547,"69,145,44"
10548,"3,35,36"
10549,"0,271,291"
10550,"31,23,32"
10551,"40,145,402"
10552,"40,41,224"
10553,"169,296"
10554,"41,40,224"
10555,"10,64,80"
10556,"3,53"
10557,"23,24,49"
10558,"40,41"
10559,"40,131,134"
10560,"0,418,23"
10561,"38,23,24"
10562,"199,323,170"
10563,"45,44,145"
10564,"145,45,44"
10565,"3,182,21"
10566,"10,60,239"
10567,"145,10,44"
10568,"23,24,43"
10569,"3,5,133"
10570,"3,21,182"
10571,"40,135,386"
10572,"23,26,231"
10573,"23,105"
10574,"10,60,489"
10575,"145,44"
10576,"0,271,291"
10577,"23,38,3"
10578,"3,21,34"
10579,"40,131"
10580,"220,10"
10581,"0,216"
10582,"3,21,187"
10583,"0,271,291"
10584,"169,296,337"
10585,"0,265,349"
10586,"0,498,288"
10587,"40,131,134"
10588,"69,145,10"
10589,"38,23,63"
10590,"3,21"
10591,"169,170,260"
10592,"145,40,44"
10593,"105,10,23"
10594,"131,241,40"
10595,"3,21"
10596,"145,44,45"
10597,"0,265"
10598,"23,74,118"
10599,"38,23,24"
10600,"0,271,216"
10601,"17,3,320"
10602,"60,234,21"
10603,"40,128,129"
10604,"169,296"
10605,"4,3,70"
10606,"448,64,10"
10607,"111,3,119"
10608,"3,147,148"
10609,"17,320,3"
10610,"40,131,241"
10611,"3,21,127"
10612,"10,64,93"
10613,"199,170,323"
10614,"182,21,3"
10615,"3,21,147"
10616,"3,21"
10617,"145,40,402"
10618,"3,164,21"
10619,"64,80,10"
10620,"3,21,127"
10621,"128,130,40"
10622,"169,170"
10623,"40,137,175"
10624,"129,128,40"
10625,"26,23"
10626,"10,220,23"
10627,"0,313,277"
10628,"24,23,62"
10629,"3,5,13"
10630,"3,21"
10631,"26,23,350"
10632,"220,10"
10633,"0,265,418"
10634,"10,80,64"
10635,"311,426,0"
10636,"3,21,164"
10637,"3,147,156"
10638,"3,21,30"
10639,"40,224,41"
10640,"8,0,308"
10641,"0,265,340"
10642,"169,452,296"
10643,"5,3,6"
10644,"24,23,43"
10645,"40,145,402"
10646,"160,40,315"
10647,"0,271"
10648,"23,38,39"
10649,"64,10"
10650,"60,197,10"
10651,"145,44,45"
10652,"23,38"
10653,"3,21,182"
10654,"40,128,129"
10655,"10,11,145"
10656,"40,131,241"
10657,"271,0,291"
10658,"231,26,23"
10659,"0,271,8"
10660,"15,16,3"
10661,"40,41,286"
10662,"199,323,170"
10663,"24,25,23"
10664,"337,169,417"
10665,"0,265,271"
10666,"40,186,128"
10667,"3,120,225"
10668,"0,23"
10669,"426,0,337"
10670,"220,10,221"
10671,"0,271,216"
10672,"40,195,3"
10673,"0,265,418"
10674,"0,313,346"
10675,"3,523,53"
10676,"10,54,60"
10677,"0,271,291"
10678,"23,24,49"
10679,"31,96,23"
10680,"311,337,426"
10681,"3,51,52"
10682,"40,3,21"
10683,"131,40,406"
10684,"40,135,241"
10685,"3,21,40"
10686,"271,0,291"
10687,"508,426,169"
10688,"38,23,88"
10689,"184,494,40"
10690,"40,135,431"
10691,"311,426,259"
10692,"3,53,30"
10693,"3,147"
10694,"0,218"
10695,"40,21,131"
10696,"3,5"
10697,"3,141,13"
10698,"3,53,435"
10699,"0,271,291"
10700,"10,64,90"
10701,"145,40,402"
10702,"3,21"
10703,"64,10,80"
10704,"10,220,0"
10705,"0,8,38"
10706,"40,41,21"
10707,"3,182,435"
10708,"3,147,21"
10709,"3,21,187"
10710,"3,53,68"
10711,"0,8,235"
10712,"23,24,43"
10713,"170,199,323"
10714,"10,64,93"
10715,"0,265"
10716,"10,64,93"
10717,"23,43,24"
10718,"3,4,111"
10719,"23,96,31"
10720,"169,170,459"
10721,"145,437,40"
10722,"169,296,300"
10723,"3,4,435"
10724,"3,111,112"
10725,"24,49,23"
10726,"10,220"
10727,"3,21,169"
10728,"44,145,45"
10729,"0,273,265"
10730,"0,271,291"
10731,"145,181,40"
10732,"0,271"
10733,"3,21,187"
10734,"367,100,3"
10735,"0,271"
10736,"64,10,80"
10737,"3,30"
10738,"3,21,115"
10739,"3,523,53"
10740,"3,21,187"
10741,"40,131,241"
10742,"44,145,45"
10743,"111,40,312"
10744,"40,426,494"
10745,"40,135,138"
10746,"255,0,271"
10747,"145,44,45"
10748,"323,170,199"
10749,"3,5,6"
10750,"3,17,51"
10751,"40,131,145"
10752,"311,426,259"
10753,"24,25,23"
10754,"40,131,193"
10755,"145,45,44"
10756,"0,277"
10757,"145,44,45"
10758,"3,0,265"
10759,"8,0,308"
10760,"3,17"
10761,"23,38,107"
10762,"3,40,13"
10763,"281,199,169"
10764,"129,40,128"
10765,"3,4,435"
10766,"0,40,271"
10767,"3,15,16"
10768,"311,426,337"
10769,"3,147,148"
10770,"40,145,181"
10771,"169,199,3"
10772,"40,160"
10773,"199,281,169"
10774,"145,10,40"
10775,"40,139,131"
10776,"3,21,182"
10777,"10,220"
10778,"21,3,164"
10779,"0,265,271"
10780,"3,4,435"
10781,"10,220"
10782,"0,216,257"
10783,"3,187,21"
10784,"3,111"
10785,"3,21,187"
10786,"3,21,127"
10787,"25,24,145"
10788,"0,271,291"
10789,"0,216,271"
10790,"0,271,291"
10791,"43,23,24"
10792,"0,271,214"
10793,"3,147,120"
10794,"135,40,138"
10795,"40,41,128"
10796,"3,4,435"
10797,"426,199,169"
10798,"3,51,52"
10799,"323,145,181"
10800,"10,220,40"
10801,"40,145,146"
10802,"74,317,23"
10803,"23,38,40"
10804,"0,8,216"
10805,"64,10,448"
10806,"40,160,334"
10807,"3,21,301"
10808,"10,64,80"
10809,"23,89,26"
10810,"40,135,138"
10811,"3,523,53"
10812,"60,239,10"
10813,"0,498,288"
10814,"13,3,23"
10815,"337,251,296"
10816,"145,25,24"
10817,"23,231,26"
10818,"26,23,231"
10819,"64,10,93"
10820,"0,271,291"
10821,"3,301,21"
10822,"220,10"
10823,"96,282,111"
10824,"64,10,80"
10825,"24,23,43"
10826,"10,220"
10827,"145,23,40"
10828,"8,0,405"
10829,"40,160,334"
10830,"10,11,205"
10831,"23,4,3"
10832,"0,216,354"
10833,"187,3,21"
10834,"4,3"
10835,"3,21"
10836,"71,38,24"
10837,"23,38,24"
10838,"3,21,187"
10839,"0,23,326"
10840,"40,131,241"
10841,"23,3"
10842,"0,271,291"
10843,"0,271"
10844,"0,271,216"
10845,"3,40,145"
10846,"337,339,311"
10847,"3,182,21"
10848,"23,26,89"
10849,"3,111,17"
10850,"10,64,93"
10851,"216,0,257"
10852,"145,44,45"
10853,"23,74,118"
10854,"3,111,53"
10855,"23,26,231"
10856,"40,162"
10857,"0,271,291"
10858,"24,25,23"
10859,"169,296"
10860,"0,446,218"
10861,"23,74,118"
10862,"169,311,426"
10863,"220,23,24"
10864,"3,21,111"
10865,"64,10,24"
10866,"23,24,25"
10867,"10,220"
10868,"0,265,418"
10869,"60,10,61"
10870,"3,17,320"
10871,"220,10"
10872,"0,271,291"
10873,"135,40,250"
10874,"40,131,241"
10875,"0,366,271"
10876,"0,271,255"
10877,"23,74,165"
10878,"0,128,40"
10879,"23,74,118"
10880,"8,0,206"
10881,"60,10,92"
10882,"3,15,147"
10883,"169,296,452"
10884,"31,23,328"
10885,"184,243,40"
10886,"220,10,0"
10887,"402,40,145"
10888,"64,10,80"
10889,"145,44,40"
10890,"3,111,275"
10891,"3,21"
10892,"169,160"
10893,"15,3,16"
10894,"0,271,291"
10895,"3,4,435"
10896,"3,21"
10897,"3,21"
10898,"32,31,23"
10899,"337,296,40"
10900,"3,21,147"
10901,"21,3,301"
10902,"40,135,250"
10903,"21,40,3"
10904,"131,40,241"
10905,"145,40,402"
10906,"53,3"
10907,"135,40,431"
10908,"169,296"
10909,"135,40,138"
10910,"3,435,4"
10911,"3,21,187"
10912,"10,64,90"
10913,"231,26,23"
10914,"3,21,301"
10915,"44,145,73"
10916,"10,93,64"
10917,"0,271"
10918,"26,23,89"
10919,"3,4"
10920,"3,4"
10921,"64,10,80"
10922,"40,145,129"
10923,"10,64,80"
10924,"0,8"
10925,"40,160"
10926,"0,8,206"
10927,"169,296"
10928,"3,17"
10929,"40,128,131"
10930,"3,52,21"
10931,"10,64,93"
10932,"24,23,43"
10933,"0,265,349"
10934,"23,24,145"
10935,"145,40"
10936,"346,313,0"
10937,"0,370,216"
10938,"3,40,21"
10939,"3,13"
10940,"10,60,239"
10941,"3,21,164"
10942,"0,271,456"
10943,"24,23,49"
10944,"4,3,435"
10945,"3,21,127"
10946,"0,218"
10947,"40,135,138"
10948,"64,10,80"
10949,"0,271,265"
10950,"0,8,206"
10951,"229,0,169"
10952,"3,30"
10953,"40,160,334"
10954,"40,402,145"
10955,"23,40,38"
10956,"220,10"
10957,"3,5,331"
10958,"3,147,148"
10959,"24,49,23"
10960,"0,337"
10961,"3,21,301"
10962,"169,436,3"
10963,"145,40,44"
10964,"43,23,24"
10965,"43,23,24"
10966,"128,40,186"
10967,"23,169"
10968,"3,21,164"
10969,"508,169,426"
10970,"3,81,30"
10971,"0,271,456"
10972,"3,147,148"
10973,"40,135,138"
10974,"239,3,169"
10975,"3,53,523"
10976,"43,24,23"
10977,"3,21,301"
10978,"3,21"
10979,"0,216"
10980,"135,40,189"
10981,"3,15,16"
10982,"311,169,3"
10983,"25,24,23"
10984,"43,23,24"
10985,"3,111,52"
10986,"350,26,23"
10987,"40,128,130"
10988,"3,182,21"
10989,"10,220"
10990,"0,216,354"
10991,"40,128,195"
10992,"40,128,130"
10993,"3,182,21"
10994,"3,17,147"
10995,"3,21,115"
10996,"3,111"
10997,"414,23,94"
10998,"40,131,134"
10999,"3,21"
11000,"296,169,411"
11001,"170,199,171"
11002,"23,25,24"
11003,"26,23,89"
11004,"40,131"
11005,"3,301,21"
11006,"10,60,489"
11007,"40,128,175"
11008,"0,8,308"
11009,"10,64,80"
11010,"239,60,10"
11011,"220,10,221"
11012,"40,145,402"
11013,"40,131,134"
11014,"402,40,145"
11015,"169,24,260"
11016,"0,271,291"
11017,"40,271,23"
11018,"40,402,145"
11019,"169,508,426"
11020,"40,128,186"
11021,"0,8,405"
11022,"145,40,402"
11023,"40,145"
11024,"199,281,169"
11025,"23,31,32"
11026,"40,128,129"
11027,"169,296,333"
11028,"3,147,111"
11029,"40,145,181"
11030,"23,40"
11031,"199,170,171"
11032,"31,23,96"
11033,"0,271,340"
11034,"0,313,346"
11035,"24,23,345"
11036,"3,435"
11037,"40,402,145"
11038,"23,38,87"
11039,"23,118,74"
11040,"485,169,296"
11041,"170,199,171"
11042,"3,21,301"
11043,"0,265,349"
11044,"0,271"
11045,"0,313,271"
11046,"3,21,182"
11047,"296,169"
11048,"311,426,337"
11049,"0,249,279"
11050,"311,426,337"
11051,"169,296"
11052,"3,21,301"
11053,"10,220"
11054,"23,74,118"
11055,"23,49,24"
11056,"40,131,406"
11057,"38,24,71"
11058,"10,64,93"
11059,"31,23,96"
11060,"251,296,337"
11061,"0,370,216"
11062,"263,34,3"
11063,"40,160,334"
11064,"40,128,129"
11065,"64,10,448"
11066,"0,271"
11067,"145,44,40"
11068,"64,10,80"
11069,"0,8,308"
11070,"23,24,43"
11071,"337,296,0"
11072,"3,21"
11073,"220,10"
11074,"3,30,81"
11075,"3,21"
11076,"40,128,129"
11077,"3,169"
11078,"170,199,323"
11079,"64,10"
11080,"271,0,456"
11081,"40,128,130"
11082,"3,21,164"
11083,"3,53,15"
11084,"44,145,45"
11085,"23,49,24"
11086,"0,296,251"
11087,"337,40,251"
11088,"10,11,109"
11089,"337,0,251"
11090,"40,402,145"
11091,"3,301,21"
11092,"105,23,326"
11093,"8,0,206"
11094,"26,350,23"
11095,"40,160,315"
11096,"0,271,456"
11097,"38,63,23"
11098,"38,23,39"
11099,"131,40,406"
11100,"23,24,38"
11101,"40,241,131"
11102,"40,131,31"
11103,"3,21"
11104,"3,4,435"
11105,"337,426,311"
11106,"40,145"
11107,"3,53,40"
11108,"0,216,271"
11109,"40,131,406"
11110,"145,44,45"
11111,"10,64,80"
11112,"23,182,3"
11113,"49,24,23"
11114,"3,53"
11115,"24,23"
11116,"0,8,206"
11117,"10,220"
11118,"10,64,90"
11119,"40,160,315"
11120,"31,96,23"
11121,"3,53,523"
11122,"0,271,218"
11123,"3,21,127"
11124,"3,331,5"
11125,"3,21,301"
11126,"40,131,406"
11127,"23,32,31"
11128,"0,213,214"
11129,"0,346,313"
11130,"61,10,60"
11131,"40,402,145"
11132,"23,38,71"
11133,"0,271,366"
11134,"74,23,118"
11135,"0,271"
11136,"0,145,265"
11137,"0,277,498"
11138,"0,271,360"
11139,"17,3,320"
11140,"160,40,315"
11141,"0,255,279"
11142,"0,271,291"
11143,"3,53"
11144,"131,40,193"
11145,"220,10,221"
11146,"3,16,15"
11147,"26,89,23"
11148,"40,41,160"
11149,"40,135,250"
11150,"231,26,23"
11151,"3,111,404"
11152,"43,23,145"
11153,"64,10,93"
11154,"3,13"
11155,"164,3,40"
11156,"40,131,134"
11157,"323,170,199"
11158,"23,38"
11159,"337,296,251"
11160,"3,21,127"
11161,"220,10"
11162,"40,402,145"
11163,"21,3,115"
11164,"3,21,102"
11165,"24,43,23"
11166,"10,220"
11167,"40,145,402"
11168,"220,10"
11169,"23,454,31"
11170,"64,10,80"
11171,"5,3,331"
11172,"0,271,366"
11173,"40,135,250"
11174,"0,271,291"
11175,"337,251,296"
11176,"10,221,220"
11177,"3,147,156"
11178,"40,131,241"
11179,"0,271,455"
11180,"145,40,402"
11181,"3,187,34"
11182,"40,41,215"
11183,"23,49,24"
11184,"169,199,343"
11185,"145,38,23"
11186,"3,53,182"
11187,"199,323,170"
11188,"3,13,204"
11189,"0,8,206"
11190,"40,402,145"
11191,"26,231,23"
11192,"0,8"
11193,"3,111,275"
11194,"3,182,21"
11195,"38,23,40"
11196,"296,420,169"
11197,"337,296,251"
11198,"24,23,62"
11199,"337,251,296"
11200,"64,10,93"
11201,"23,38,309"
11202,"0,206,8"
11203,"0,271,291"
11204,"3,21,164"
11205,"10,64,93"
11206,"40,128,175"
11207,"3,21,164"
11208,"40,10"
11209,"169,3,135"
11210,"23,43,24"
11211,"0,216"
11212,"0,218,457"
11213,"3,21,182"
11214,"40,131,406"
11215,"10,64,80"
11216,"169,199,343"
11217,"45,44,145"
11218,"40,170,23"
11219,"3,187,21"
11220,"24,71,38"
11221,"0,23,26"
11222,"23,24,49"
11223,"0,271,291"
11224,"40,131"
11225,"40,135,431"
11226,"10,220,64"
11227,"3,281,21"
11228,"3,15,16"
11229,"23,26,38"
11230,"0,1,2"
11231,"23,24,49"
11232,"0,271,291"
11233,"23,25,24"
11234,"0,291,271"
11235,"23,38"
11236,"40,131,162"
11237,"3,21,164"
11238,"17,3,320"
11239,"23,43,24"
11240,"3,301,133"
11241,"40,169,134"
11242,"23,38,309"
11243,"0,271,265"
11244,"64,10,80"
11245,"211,216,212"
11246,"3,301,21"
11247,"220,10"
11248,"3,21,48"
11249,"3,15,16"
11250,"296,337,251"
11251,"169,343,199"
11252,"0,271,291"
11253,"3,40"
11254,"31,23,328"
11255,"0,265,418"
11256,"10,145"
11257,"10,64,80"
11258,"3,15,16"
11259,"10,60,239"
11260,"64,10,448"
11261,"10,220,221"
11262,"40,199,426"
11263,"145,45,44"
11264,"3,156,147"
11265,"259,426,311"
11266,"40,241,131"
11267,"0,265,105"
11268,"40,184,494"
11269,"40,139,241"
11270,"0,265,349"
11271,"21,3"
11272,"208,0,369"
11273,"23,43,24"
11274,"0,271"
11275,"54,10,95"
11276,"40,128,184"
11277,"40,135,307"
11278,"0,271,291"
11279,"23,308,38"
11280,"169,337,339"
11281,"23,24,38"
11282,"145,44,45"
11283,"3,187,21"
11284,"216,254,212"
11285,"131,40,241"
11286,"45,44,145"
11287,"40,184,494"
11288,"145,44,40"
11289,"169,170,459"
11290,"145,40,10"
11291,"40,402,145"
11292,"3,4,188"
11293,"0,271,291"
11294,"23,31,32"
11295,"3,17,15"
11296,"64,10,80"
11297,"169,199,170"
11298,"426,311,312"
11299,"64,10,80"
11300,"38,24,71"
11301,"135,40,138"
11302,"3,53"
11303,"0,271,291"
11304,"10,64"
11305,"96,23,31"
11306,"3,53,287"
11307,"60,10,61"
11308,"23,137,38"
11309,"0,265,418"
11310,"3,147,21"
11311,"41,40,201"
11312,"0,265,349"
11313,"49,24,23"
11314,"138,135,40"
11315,"23,38,74"
11316,"3,301"
11317,"220,23,10"
11318,"169,281,199"
11319,"169,199,281"
11320,"3,331,5"
11321,"145,40,402"
11322,"0,271"
11323,"220,10"
11324,"40,145,181"
11325,"64,10,448"
11326,"40,145,402"
11327,"3,204,13"
11328,"26,23,89"
11329,"31,32,23"
11330,"169,296"
11331,"243,40,184"
11332,"23,31,32"
11333,"3,275,111"
11334,"31,23,454"
11335,"220,10,23"
11336,"3,111,182"
11337,"0,265,195"
11338,"40,3,17"
11339,"43,24,23"
11340,"40,241,131"
11341,"0,8,327"
11342,"199,170,171"
11343,"10,220"
11344,"3,13"
11345,"10,93,64"
11346,"3,21"
11347,"40,131"
11348,"199,323,170"
11349,"169,170,260"
11350,"40,41,201"
11351,"3,156,147"
11352,"328,31,0"
11353,"10,93,64"
11354,"169,23,0"
11355,"3,23"
11356,"3,5,331"
11357,"169,260,170"
11358,"0,235,208"
11359,"21,40,3"
11360,"40,295,135"
11361,"10,239,60"
11362,"145,40,23"
11363,"3,17,320"
11364,"25,23,24"
11365,"3,30,81"
11366,"10,220"
11367,"3,4"
11368,"24,49,23"
11369,"3,15,16"
11370,"0,271,291"
11371,"40,131,241"
11372,"3,21,301"
11373,"145,40,402"
11374,"135,40,138"
11375,"0,271"
11376,"3,41,40"
11377,"10,220"
11378,"0,271"
11379,"10,220,23"
11380,"40,131,134"
11381,"3,17,320"
11382,"0,218,457"
11383,"0,8"
11384,"23,24,49"
11385,"0,296,24"
11386,"0,271"
11387,"3,21"
11388,"3,187,21"
11389,"3,523"
11390,"60,10,239"
11391,"3,53,523"
11392,"40,131,241"
11393,"40,128,175"
11394,"402,40,145"
11395,"10,220"
11396,"131,40,241"
11397,"26,23,0"
11398,"231,8,0"
11399,"311,426,337"
11400,"296,251,337"
11401,"271,0,456"
11402,"40,118,128"
11403,"0,8,206"
11404,"40,402,145"
11405,"23,74,84"
11406,"3,156,147"
11407,"8,0,410"
11408,"220,10"
11409,"3,5"
11410,"23,74,303"
11411,"40,135,138"
11412,"3,21,127"
11413,"3,21"
11414,"23,38,63"
11415,"0,40,74"
11416,"3,28,113"
11417,"40,23"
11418,"311,426,337"
11419,"10,54,95"
11420,"199,170,23"
11421,"169,296"
11422,"53,3,287"
11423,"8,0,235"
11424,"23,38,137"
11425,"40,145"
11426,"3,0,51"
11427,"40,128,129"
11428,"23,49,24"
11429,"0,271,291"
11430,"10,220"
11431,"128,40,129"
11432,"3,301,21"
11433,"10,11,205"
11434,"10,220"
11435,"44,145,45"
11436,"40,128"
11437,"145,40"
11438,"3,435,4"
11439,"40,145,146"
11440,"40,184"
11441,"145,40,402"
11442,"3,156,147"
11443,"53,3,523"
11444,"40,145,402"
11445,"3,21,127"
11446,"135,40"
11447,"160,40,315"
11448,"0,277,458"
11449,"3,15,16"
11450,"10,60,239"
11451,"40,128,129"
11452,"3,15,16"
11453,"0,206,208"
11454,"370,0,216"
11455,"3,147,148"
11456,"0,40"
11457,"10,220"
11458,"3,21,301"
11459,"25,24,23"
11460,"8,0,308"
11461,"370,0,216"
11462,"3,147,156"
11463,"10,220"
11464,"105,23,326"
11465,"147,3,156"
11466,"265,0,220"
11467,"3,21,301"
11468,"3,176,4"
11469,"23,38,24"
11470,"169,281,199"
11471,"296,169,24"
11472,"3,4"
11473,"44,145,45"
11474,"145,44,45"
11475,"3,21"
11476,"13,3"
11477,"0,271,291"
11478,"3,111,275"
11479,"64,10,80"
11480,"71,24,38"
11481,"145,44,45"
11482,"3,21,301"
11483,"10,54"
11484,"199,170,323"
11485,"0,271,265"
11486,"10,220"
11487,"311,426,259"
11488,"0,216"
11489,"3,4,51"
11490,"3,16,15"
11491,"40,131,406"
11492,"23,49,24"
11493,"170,199,171"
11494,"216,0,211"
11495,"0,216,354"
11496,"23,32,31"
11497,"169,296,300"
11498,"169,170,160"
11499,"31,23,96"
11500,"8,0,235"
11501,"3,4,147"
11502,"3,147,5"
11503,"0,271,21"
11504,"3,15,16"
11505,"3,156,147"
11506,"94,38,23"
11507,"3,6,5"
11508,"3,21,301"
11509,"170,169,459"
11510,"3,15,16"
11511,"64,10,80"
11512,"3,5,52"
11513,"3,21,187"
11514,"10,220"
11515,"169,296"
11516,"311,426,337"
11517,"3,187,21"
11518,"40,41,128"
11519,"170,199,323"
11520,"3,111"
11521,"40,160,315"
11522,"0,8"
11523,"145,137,44"
11524,"38,24,23"
11525,"169,170,260"
11526,"220,10,221"
11527,"64,10,93"
11528,"182,40,21"
11529,"169,199,343"
11530,"199,170,323"
11531,"3,147,21"
11532,"3,0,17"
11533,"4,3,435"
11534,"10,69,64"
11535,"3,287,53"
11536,"23,26"
11537,"145,44,45"
11538,"73,44,145"
11539,"10,64"
11540,"53,3,287"
11541,"145,40,402"
11542,"0,271"
11543,"10,64,93"
11544,"40,135"
11545,"145,44,45"
11546,"3,21,182"
11547,"3,147,148"
11548,"40,131"
11549,"40,241,41"
11550,"40,131"
11551,"402,40,145"
11552,"40,128,129"
11553,"135,138,40"
11554,"40,131"
11555,"0,23,231"
11556,"3,21,187"
11557,"10,64"
11558,"0,38,308"
11559,"3,21,164"
11560,"3,182,21"
11561,"220,10"
11562,"60,61,3"
11563,"0,265,340"
11564,"3,17,307"
11565,"40,131,406"
11566,"10,220,54"
11567,"40,128,129"
11568,"0,265,376"
11569,"3,40,17"
11570,"337,251,296"
11571,"23,49,24"
11572,"145,44"
11573,"23,162,40"
11574,"8,0,206"
11575,"0,265,340"
11576,"23,105"
11577,"296,251,337"
11578,"21,3,187"
11579,"3,147,21"
11580,"0,346,350"
11581,"0,418,265"
11582,"23,24,25"
11583,"3,53,111"
11584,"3,21"
11585,"3,53"
11586,"23,74,118"
11587,"3,15,16"
11588,"0,271,8"
11589,"3,111,21"
11590,"64,10,80"
11591,"40,151,152"
11592,"199,323,170"
11593,"145,216,0"
11594,"0,265,418"
11595,"199,169,3"
11596,"170,199,323"
11597,"64,10,80"
11598,"3,21"
11599,"60,239,10"
11600,"74,23,118"
11601,"40,160,311"
11602,"3,187,21"
11603,"23,74,137"
11604,"10,64,80"
11605,"0,265,40"
11606,"40,160,315"
11607,"21,60,234"
11608,"271,0,456"
11609,"3,17,168"
11610,"40,139"
11611,"10,64,93"
11612,"3,52,51"
11613,"10,64,93"
11614,"3,21,187"
11615,"0,313,265"
11616,"3,17,320"
11617,"131,40,241"
11618,"71,38,24"
11619,"40,131,162"
11620,"40,131,241"
11621,"169,170,260"
11622,"3,21,41"
11623,"23,40,38"
11624,"3,17,52"
11625,"145,72,44"
11626,"23,38,39"
11627,"0,265"
11628,"21,3,40"
11629,"296,251,337"
11630,"40,128,129"
11631,"10,197,60"
11632,"3,53,523"
11633,"10,220"
11634,"74,23,118"
11635,"10,197,60"
11636,"3,21,22"
11637,"10,11"
11638,"23,24,25"
11639,"38,23,40"
11640,"3,99,10"
11641,"10,64,93"
11642,"23,49,24"
11643,"71,24,38"
11644,"3,35,36"
11645,"24,25"
11646,"40,131,406"
11647,"169,296,120"
11648,"3,53"
11649,"40,131"
11650,"11,10,109"
11651,"3,21,17"
11652,"0,271"
11653,"0,211"
11654,"23,43,24"
11655,"44,145,45"
11656,"40,131,406"
11657,"3,21"
11658,"3,51,52"
11659,"26,23,89"
11660,"3,21,182"
11661,"220,10"
11662,"40,145,181"
11663,"10,220"
11664,"3,187,21"
11665,"3,21,17"
11666,"10,220,64"
11667,"40,135,138"
11668,"145,44,0"
11669,"40,184,243"
11670,"3,17"
11671,"23,137,38"
11672,"23,38,91"
11673,"23,74,3"
11674,"74,23,118"
11675,"508,169,426"
11676,"169,459,170"
11677,"169,343,199"
11678,"271,0"
11679,"0,271,456"
11680,"10,64,80"
11681,"23,24"
11682,"10,220"
11683,"64,10,93"
11684,"199,170,323"
11685,"169,40,241"
11686,"3,111,123"
11687,"128,40,408"
11688,"24,23,25"
11689,"3,301,21"
11690,"23,74,3"
11691,"24,71,10"
11692,"93,323,199"
11693,"3,4"
11694,"0,271,360"
11695,"3,5,331"
11696,"311,337,426"
11697,"216,212,211"
11698,"0,346,313"
11699,"3,21,182"
11700,"23,31,454"
11701,"3,53,523"
11702,"311,426,169"
11703,"40,402,145"
11704,"40,145,402"
11705,"3,21,301"
11706,"53,523,3"
11707,"3,17,34"
11708,"60,10,239"
11709,"216,211,212"
11710,"40,135,138"
11711,"4,3,435"
11712,"40,145,24"
11713,"23,10,64"
11714,"10,64,93"
11715,"111,3,40"
11716,"199,170,323"
11717,"40,131,241"
11718,"311,426,259"
11719,"0,271,291"
11720,"3,21,164"
11721,"3,53,523"
11722,"3,53,21"
11723,"145,44"
11724,"40,160,523"
11725,"3,13,301"
11726,"169,337,339"
11727,"145,44,69"
11728,"111,3,40"
11729,"24,25,23"
11730,"3,4,435"
11731,"0,271,291"
11732,"40,184,243"
11733,"40,131"
11734,"3,21,169"
11735,"169,296,420"
11736,"3,182,21"
11737,"23,38,94"
11738,"8,0,206"
11739,"40,145,54"
11740,"10,220"
11741,"3,147,148"
11742,"156,3,147"
11743,"311,337,426"
11744,"21,3,301"
11745,"523,53,3"
11746,"30,104,3"
11747,"3,17,320"
11748,"3,53,15"
11749,"169,311,426"
11750,"40,128,186"
11751,"311,337,426"
11752,"3,21,301"
11753,"145,44,72"
11754,"31,23,96"
11755,"43,23,24"
11756,"23,59,24"
11757,"31,96,296"
11758,"64,10,80"
11759,"199,323,170"
11760,"38,23,94"
11761,"40,135,141"
11762,"21,182,3"
11763,"3,111,267"
11764,"3,147"
11765,"3,17"
11766,"0,271"
11767,"3,21,301"
11768,"15,16,3"
11769,"281,169,199"
11770,"3,21,108"
11771,"3,21"
11772,"15,16,3"
11773,"337,339,169"
11774,"160,169,315"
11775,"40,131,241"
11776,"64,80,10"
11777,"3,53"
11778,"64,10,80"
11779,"145,44,69"
11780,"64,10,80"
11781,"72,170,169"
11782,"311,426,337"
11783,"23,49,24"
11784,"40,145,181"
11785,"44,145,72"
11786,"199,337,169"
11787,"3,4"
11788,"145,181,40"
11789,"40,131,406"
11790,"3,156,147"
11791,"40,129,128"
11792,"105,23"
11793,"24,23,62"
11794,"296,145,44"
11795,"0,405,311"
11796,"23,38,63"
11797,"10,11"
11798,"23,38,87"
11799,"40,3"
11800,"0,235,8"
11801,"3,21"
11802,"3,21"
11803,"3,5,51"
11804,"3,53,523"
11805,"3,21,187"
11806,"187,3,21"
11807,"175,128,40"
11808,"23,24"
11809,"10,64,80"
11810,"3,40"
11811,"40,402,145"
11812,"3,52,51"
11813,"3,17"
11814,"145,45,44"
11815,"40,131,184"
11816,"40,162"
11817,"4,3,19"
11818,"145,69,44"
11819,"337,426,311"
11820,"3,21,30"
11821,"40,184,494"
11822,"0,23"
11823,"10,220"
11824,"271,0,429"
11825,"3,53,147"
11826,"10,54,95"
11827,"0,218,457"
11828,"40,286,41"
11829,"234,60,21"
11830,"3,13,204"
11831,"199,170,111"
11832,"40,220,402"
11833,"3,147,148"
11834,"0,8,456"
11835,"128,40,195"
11836,"0,271,346"
11837,"0,8,346"
11838,"40,131"
11839,"3,21"
11840,"40,135,250"
11841,"3,4"
11842,"72,44,145"
11843,"0,277,458"
11844,"8,308,0"
11845,"43,23,24"
11846,"23,38"
11847,"0,265,337"
11848,"0,218"
11849,"145,40,402"
11850,"23,74,118"
11851,"0,313,346"
11852,"0,271,291"
11853,"0,313,346"
11854,"3,21"
11855,"10,220"
11856,"145,72,44"
11857,"64,10,80"
11858,"3,53,111"
11859,"23,31"
11860,"0,457,218"
11861,"10,509,489"
11862,"23,74,118"
11863,"220,10,23"
11864,"3,21,182"
11865,"40,152,151"
11866,"10,95,54"
11867,"40,135,431"
11868,"10,64,80"
11869,"3,17,21"
11870,"3,301,21"
11871,"145,40,44"
11872,"3,4,435"
11873,"145,45,44"
11874,"17,320,3"
11875,"0,265"
11876,"23,74"
11877,"3,15,16"
11878,"8,0,206"
11879,"160,40,315"
11880,"40,145,478"
11881,"40,128"
11882,"40,135,138"
11883,"311,426,259"
11884,"0,235,8"
11885,"0,271"
11886,"3,21,124"
11887,"8,0,206"
11888,"3,4"
11889,"3,523,53"
11890,"0,8"
11891,"10,220"
11892,"3,17,320"
11893,"169,296,333"
11894,"265,0,24"
11895,"296,0,89"
11896,"10,220"
11897,"10,220"
11898,"10,220,0"
11899,"3,13,204"
11900,"199,169,170"
11901,"3,21,169"
11902,"170,199,171"
11903,"508,426,169"
11904,"3,0,31"
11905,"10,11,205"
11906,"45,145,44"
11907,"64,10,80"
11908,"3,17,320"
11909,"40,135,138"
11910,"40,169,459"
11911,"3,15,16"
11912,"4,3,435"
11913,"160,334,40"
11914,"40,145,402"
11915,"23,26,231"
11916,"23,317,74"
11917,"10,64,93"
11918,"44,45,145"
11919,"64,10,80"
11920,"296,169,60"
11921,"3,21"
11922,"3,21,301"
11923,"23,38,63"
11924,"169,170,199"
11925,"13,3,14"
11926,"40,135,74"
11927,"0,23"
11928,"0,265,349"
11929,"3,15,4"
11930,"23,74,303"
11931,"24,23"
11932,"296,169"
11933,"0,211,216"
11934,"3,523,53"
11935,"3,147"
11936,"418,40,0"
11937,"40,135,431"
11938,"40,131,406"
11939,"3,13"
11940,"3,301,21"
11941,"40,184,135"
11942,"147,148,3"
11943,"40,135,250"
11944,"10,64,93"
11945,"145,44,69"
11946,"3,4,5"
11947,"426,311,259"
11948,"24,23,25"
11949,"40,135"
11950,"10,60,489"
11951,"10,220,64"
11952,"23,38,309"
11953,"10,220"
11954,"3,21,85"
11955,"0,271"
11956,"23,78,38"
11957,"323,145,199"
11958,"40,160"
11959,"3,53,523"
11960,"24,23,92"
11961,"311,169,426"
11962,"71,38,24"
11963,"0,229,230"
11964,"211,216,212"
11965,"3,147,156"
11966,"296,169,23"
11967,"3,21,53"
11968,"38,71,24"
11969,"145,64,40"
11970,"3,169,170"
11971,"10,64,80"
11972,"10,95,54"
11973,"0,8,206"
11974,"311,426,259"
11975,"40,128,186"
11976,"0,23,10"
11977,"0,271,21"
11978,"169,199,343"
11979,"40,145,181"
11980,"3,187,21"
11981,"40,128,175"
11982,"169,426,312"
11983,"271,0"
11984,"23,89,26"
11985,"3,21,187"
11986,"135,40,138"
11987,"145,402,40"
11988,"40,131,134"
11989,"0,8,206"
11990,"3,301,21"
11991,"3,4,188"
11992,"3,21,17"
11993,"3,13,301"
11994,"199,248,169"
11995,"271,0,429"
11996,"10,220"
11997,"40,131,406"
11998,"220,10"
11999,"3,111,21"
12000,"10,90,64"
12001,"40,402,145"
12002,"3,21,301"
12003,"40,146,145"
12004,"3,21,147"
12005,"130,128,40"
12006,"3,21,182"
12007,"3,187,21"
12008,"3,35,36"
12009,"3,44,60"
12010,"40,131,406"
12011,"23,40,265"
12012,"3,53,21"
12013,"3,21"
12014,"169,459,170"
12015,"0,346,313"
12016,"184,40,185"
12017,"3,51,52"
12018,"145,44,45"
12019,"3,111"
12020,"40,41,164"
12021,"131,40,193"
12022,"40,184,186"
12023,"3,17"
12024,"3,51,147"
12025,"3,4,70"
12026,"26,23,89"
12027,"145,40"
12028,"296,417,169"
12029,"169,296,420"
12030,"23,162,88"
12031,"40,128,21"
12032,"3,34"
12033,"40,131"
12034,"0,216,257"
12035,"3,21,182"
12036,"0,8,271"
12037,"145,44,45"
12038,"3,30,21"
12039,"3,53,182"
12040,"3,5,6"
12041,"23,309,38"
12042,"26,23,89"
12043,"23,24,38"
12044,"0,271,456"
12045,"23,38"
12046,"3,111"
12047,"169,199,260"
12048,"24,25,23"
12049,"64,10,93"
12050,"170,171,199"
12051,"0,265"
12052,"40,145,181"
12053,"3,34,164"
12054,"3,21,187"
12055,"0,8,308"
12056,"170,199,171"
12057,"118,74,23"
12058,"24,25,23"
12059,"3,21,301"
12060,"40,402,145"
12061,"40,131,406"
12062,"3,21,187"
12063,"23,105,495"
12064,"3,17"
12065,"10,64,90"
12066,"45,145,44"
12067,"23,43,24"
12068,"3,301,21"
12069,"44,145,45"
12070,"23,26,0"
12071,"216,0"
12072,"40,160,315"
12073,"145,45,44"
12074,"64,10,80"
12075,"3,17,320"
12076,"337,251,23"
12077,"45,44,145"
12078,"3,51,52"
12079,"131,40"
12080,"31,23,96"
12081,"64,10,93"
12082,"40,402,145"
12083,"10,60,239"
12084,"3,147,156"
12085,"74,23,283"
12086,"64,10,448"
12087,"10,64,90"
12088,"3,53,523"
12089,"170,169,459"
12090,"3,203,15"
12091,"40,160"
12092,"3,0,218"
12093,"220,10"
12094,"3,21,301"
12095,"23,43,24"
12096,"311,426,259"
12097,"0,8"
12098,"350,26,0"
12099,"0,271,456"
12100,"3,53,523"
12101,"24,49,23"
12102,"40,145,38"
12103,"40,41,42"
12104,"0,8,405"
12105,"64,10,448"
12106,"3,21,41"
12107,"3,17,320"
12108,"3,0,21"
12109,"23,24,25"
12110,"30,3"
12111,"64,10,93"
12112,"169,296"
12113,"3,21"
12114,"0,271,291"
12115,"40,145,181"
12116,"145,44,40"
12117,"31,23,328"
12118,"255,348,0"
12119,"10,93,64"
12120,"23,43,24"
12121,"0,2,277"
12122,"23,24,43"
12123,"0,271,1"
12124,"23,24,43"
12125,"8,0"
12126,"23,26,0"
12127,"3,21,187"
12128,"23,24,49"
12129,"3,0,21"
12130,"3,13,204"
12131,"40,139,13"
12132,"60,21,234"
12133,"40,160,315"
12134,"40,145,146"
12135,"72,44,145"
12136,"43,24,23"
12137,"0,8,405"
12138,"10,64,80"
12139,"21,3,187"
12140,"0,271,456"
12141,"10,220"
12142,"0,271,291"
12143,"145,72,44"
12144,"23,0,26"
12145,"281,169,199"
12146,"64,10,80"
12147,"296,251,337"
12148,"0,296,169"
12149,"220,10"
12150,"0,271,291"
12151,"43,24,23"
12152,"40,145,402"
12153,"23,24,43"
12154,"38,23,39"
12155,"181,40,145"
12156,"40,135,138"
12157,"60,10,197"
12158,"10,60"
12159,"40,160"
12160,"40,131"
12161,"171,170,199"
12162,"271,0,291"
12163,"220,10"
12164,"271,0,456"
12165,"40,281,135"
12166,"40,224,41"
12167,"138,135,40"
12168,"40,131"
12169,"23,31,32"
12170,"10,64,93"
12171,"40,41,224"
12172,"40,162"
12173,"145,199,181"
12174,"49,24,23"
12175,"23,74,118"
12176,"3,111,404"
12177,"3,187,21"
12178,"40,160,315"
12179,"3,53,51"
12180,"169,170,40"
12181,"0,265,349"
12182,"40,131,128"
12183,"23,74,307"
12184,"0,241"
12185,"26,0,231"
12186,"0,265,271"
12187,"3,28,5"
12188,"131,40,241"
12189,"0,208,279"
12190,"15,16,3"
12191,"0,346,23"
12192,"3,17,320"
12193,"23,38,309"
12194,"169,296"
12195,"0,3,40"
12196,"3,147,156"
12197,"89,26,23"
12198,"0,216,370"
12199,"40,241,131"
12200,"0,8,206"
12201,"3,21"
12202,"40,128,129"
12203,"145,44,45"
12204,"13,3"
12205,"3,182,21"
12206,"169,199,170"
12207,"15,16,3"
12208,"8,308,0"
12209,"0,366,271"
12210,"3,15,16"
12211,"145,45,44"
12212,"3,4"
12213,"40,128,186"
12214,"0,8,271"
12215,"3,17"
12216,"3,53"
12217,"311,337,426"
12218,"40,131,406"
12219,"15,3,16"
12220,"3,182,21"
12221,"0,271,277"
12222,"0,296,291"
12223,"0,271,291"
12224,"3,4"
12225,"23,26"
12226,"0,216,380"
12227,"3,21,5"
12228,"145,40"
12229,"40,41,224"
12230,"3,4,176"
12231,"53,3,523"
12232,"3,21,53"
12233,"40,131,241"
12234,"21,3"
12235,"234,21,60"
12236,"3,21"
12237,"3,21,187"
12238,"64,10,80"
12239,"135,40,250"
12240,"271,0,456"
12241,"3,111,21"
12242,"337,251,38"
12243,"3,143,34"
12244,"64,10"
12245,"23,24,49"
12246,"40,128,131"
12247,"0,271,265"
12248,"40,184,185"
12249,"0,271,291"
12250,"3,21"
12251,"23,24,49"
12252,"40,431,135"
12253,"3,111,267"
12254,"220,10,23"
12255,"0,349,265"
12256,"169,199"
12257,"40,184,494"
12258,"31,218,481"
12259,"0,169,337"
12260,"0,271,291"
12261,"23,24,38"
12262,"23,74"
12263,"40,135,386"
12264,"0,271"
12265,"337,251,296"
12266,"24,25,23"
12267,"3,21"
12268,"24,43,23"
12269,"40,402,145"
12270,"145,40,128"
12271,"40,135,431"
12272,"23,74,118"
12273,"0,291,271"
12274,"40,184,243"
12275,"44,145,45"
12276,"3,4"
12277,"23,145,43"
12278,"23,24,49"
12279,"3,21,40"
12280,"0,3,229"
12281,"40,160,315"
12282,"0,216,380"
12283,"3,148,147"
12284,"3,303,74"
12285,"0,1,277"
12286,"40,135,138"
12287,"220,3,40"
12288,"169,296,420"
12289,"402,40,145"
12290,"24,23,10"
12291,"3,13"
12292,"10,220"
12293,"40,131,406"
12294,"23,38,137"
12295,"40,131,406"
12296,"3,301,21"
12297,"23,31,32"
12298,"38,23,309"
12299,"10,64,45"
12300,"0,265"
12301,"10,64,80"
12302,"45,44,145"
12303,"184,243,40"
12304,"10,64,93"
12305,"0,218,457"
12306,"145,40,181"
12307,"24,71,38"
12308,"0,271"
12309,"8,405"
12310,"40,128,129"
12311,"3,30,21"
12312,"3,4,5"
12313,"3,13,204"
12314,"265,0,418"
12315,"40,131,406"
12316,"169,199,343"
12317,"0,265,344"
12318,"10,11,145"
12319,"131,40,134"
12320,"3,35,36"
12321,"3,111,21"
12322,"0,271,291"
12323,"23,26,337"
12324,"3,203,147"
12325,"23,25,24"
12326,"40,128,195"
12327,"40,224,41"
12328,"3,21,127"
12329,"0,265,418"
12330,"40,135"
12331,"0,1,277"
12332,"169,199,374"
12333,"40,402,145"
12334,"10,11"
12335,"0,8,308"
12336,"3,13,28"
12337,"40,131"
12338,"3,168,349"
12339,"0,271"
12340,"3,147,111"
12341,"426,508"
12342,"169,111,170"
12343,"0,271,291"
12344,"40,128"
12345,"40,128,129"
12346,"3,21,124"
12347,"10,220"
12348,"3,4,435"
12349,"10,145,60"
12350,"128,40,195"
12351,"23,38,84"
12352,"3,30,301"
12353,"40,160,315"
12354,"145,69,44"
12355,"265,0,349"
12356,"0,8,206"
12357,"170,169,3"
12358,"23,24,38"
12359,"10,220"
12360,"199,170,323"
12361,"40,131,406"
12362,"3,53,182"
12363,"0,8,291"
12364,"3,40"
12365,"49,24,23"
12366,"3,53,523"
12367,"10,11,12"
12368,"3,13,204"
12369,"41,286,40"
12370,"40,145,181"
12371,"169,199"
12372,"131,241,40"
12373,"0,218,457"
12374,"3,147,148"
12375,"40,145"
12376,"4,3,435"
12377,"40,131,128"
12378,"10,220"
12379,"5,3,133"
12380,"265,0,340"
12381,"41,40"
12382,"0,218"
12383,"199,170,171"
12384,"169,296,306"
12385,"40,128,186"
12386,"145,40,402"
12387,"3,182,21"
12388,"169,40,13"
12389,"40,337,128"
12390,"296,251,337"
12391,"64,10,93"
12392,"337,339,169"
12393,"426,311,259"
12394,"40,128,130"
12395,"145,45,44"
12396,"10,11,12"
12397,"169,417,296"
12398,"0,265,418"
12399,"259,426,311"
12400,"23,25,40"
12401,"145,40,402"
12402,"40,128,186"
12403,"3,21,124"
12404,"145,40,402"
12405,"31,23,32"
12406,"105,23,326"
12407,"311,337,426"
12408,"10,60,239"
12409,"311,426,337"
12410,"40,41,224"
12411,"0,271"
12412,"40,145,402"
12413,"3,53,523"
12414,"160,40,334"
12415,"10,93,64"
12416,"3,21"
12417,"3,4,183"
12418,"160,40,315"
12419,"337,251,296"
12420,"216,212,211"
12421,"49,24,23"
12422,"131,40,193"
12423,"23,87,38"
12424,"40,241,131"
12425,"3,4,435"
12426,"31,328,23"
12427,"0,8,271"
12428,"3,115,13"
12429,"24,23,43"
12430,"23,74,317"
12431,"3,21,182"
12432,"10,220"
12433,"184,40,243"
12434,"0,1,2"
12435,"40,128,127"
12436,"296,26,23"
12437,"3,21"
12438,"40,160,315"
12439,"23,24,231"
12440,"41,40"
12441,"3,21,115"
12442,"426,311,337"
12443,"10,11"
12444,"3,53"
12445,"10,220"
12446,"3,28,21"
12447,"3,28,331"
12448,"145,44,45"
12449,"23,303,74"
12450,"3,5,4"
12451,"3,13,120"
12452,"0,265,418"
12453,"145,40"
12454,"220,10"
12455,"145,40,10"
12456,"40,131"
12457,"220,10"
12458,"3,21"
12459,"0,216,370"
12460,"259,426,311"
12461,"38,23,39"
12462,"40,128,195"
12463,"169,170,426"
12464,"3,53"
12465,"156,147,3"
12466,"265,0,340"
12467,"3,111"
12468,"3,523,53"
12469,"182,0,3"
12470,"0,271"
12471,"0,271,291"
12472,"169,199"
12473,"0,8,206"
12474,"0,23"
12475,"40,184,131"
12476,"23,118,74"
12477,"3,4"
12478,"145,72,44"
12479,"74,23,283"
12480,"23,43,24"
12481,"40,128,131"
12482,"40,130,128"
12483,"23,137,38"
12484,"3,111"
12485,"337,251,296"
12486,"0,271,456"
12487,"38,23,60"
12488,"337,426,311"
12489,"3,21,187"
12490,"0,291,23"
12491,"3,147,148"
12492,"40,135,138"
12493,"337,0,296"
12494,"40,145,181"
12495,"10,60,239"
12496,"220,10"
12497,"3,21,131"
12498,"145,44,72"
12499,"3,111,4"
12500,"64,10,80"
12501,"426,311,259"
12502,"0,8,514"
12503,"23,74,118"
12504,"3,187,263"
12505,"281,199,169"
12506,"71,24,38"
12507,"40,184"
12508,"3,15,147"
12509,"0,271,313"
12510,"0,265"
12511,"199,170,3"
12512,"3,523,53"
12513,"21,3,40"
12514,"40,128,130"
12515,"23,26,38"
12516,"3,21,164"
12517,"3,21"
12518,"311,169,426"
12519,"3,21,301"
12520,"10,64,90"
12521,"3,53,21"
12522,"211,212,216"
12523,"24,23,62"
12524,"10,95,54"
12525,"64,10,80"
12526,"0,235,8"
12527,"271,255,0"
12528,"40,160,315"
12529,"15,16,3"
12530,"23,38"
12531,"23,31,32"
12532,"23,49,24"
12533,"241,131,40"
12534,"3,21"
12535,"24,72,145"
12536,"10,11,205"
12537,"40,160,315"
12538,"3,21,182"
12539,"0,271,291"
12540,"40,128,130"
12541,"337,169,311"
12542,"145,44,69"
12543,"0,8,206"
12544,"23,38,74"
12545,"23,74"
12546,"40,402,145"
12547,"3,28,21"
12548,"3,147"
12549,"3,4,435"
12550,"145,40,502"
12551,"3,5,111"
12552,"145,40"
12553,"169,296"
12554,"3,21,301"
12555,"147,3,156"
12556,"311,169,426"
12557,"40,135,431"
12558,"38,145"
12559,"40,145,402"
12560,"0,271,291"
12561,"128,40,129"
12562,"31,23,32"
12563,"0,265,418"
12564,"23,24,49"
12565,"0,265,418"
12566,"40,135,431"
12567,"0,271,366"
12568,"0,271,216"
12569,"0,216,271"
12570,"23,38,309"
12571,"10,11,44"
12572,"182,3,21"
12573,"24,23"
12574,"40,135,141"
12575,"3,148,147"
12576,"3,21,127"
12577,"3,21,127"
12578,"49,23,24"
12579,"308,0,8"
12580,"145,44,45"
12581,"145,44,10"
12582,"3,301,21"
12583,"23,24,38"
12584,"3,147,111"
12585,"40,131,241"
12586,"3,17"
12587,"3,4,435"
12588,"3,301,21"
12589,"211,212,216"
12590,"3,53,21"
12591,"3,40,128"
12592,"23,350,346"
12593,"3,53"
12594,"40,241,131"
12595,"23,118,74"
12596,"40,131,406"
12597,"426,311,259"
12598,"3,15,16"
12599,"3,301,21"
12600,"3,21,187"
12601,"0,308,26"
12602,"23,24,49"
12603,"0,344,265"
12604,"38,23,309"
12605,"0,271"
12606,"64,10,80"
12607,"0,265,349"
12608,"40,128,408"
12609,"0,271"
12610,"145,40,437"
12611,"3,21"
12612,"23,26,350"
12613,"111,3,474"
12614,"3,53,523"
12615,"3,21,53"
12616,"0,271,291"
12617,"3,53"
12618,"0,458,277"
12619,"3,147,148"
12620,"3,5"
12621,"40,402,145"
12622,"38,24,71"
12623,"0,366,271"
12624,"10,221,220"
12625,"145,44,72"
12626,"31,23,328"
12627,"296,251,337"
12628,"3,21"
12629,"0,271,208"
12630,"3,111,388"
12631,"40,145,181"
12632,"0,279,249"
12633,"0,271"
12634,"3,15,16"
12635,"21,3"
12636,"3,523,53"
12637,"40,131,241"
12638,"0,271"
12639,"15,16,3"
12640,"3,53,4"
12641,"3,15,16"
12642,"74,118,40"
12643,"23,38,309"
12644,"23,74,118"
12645,"0,265,418"
12646,"337,128,311"
12647,"3,301,21"
12648,"199,323,170"
12649,"40,127,41"
12650,"0,265,8"
12651,"3,21"
12652,"40,402,145"
12653,"3,21"
12654,"3,53,13"
12655,"169,339,337"
12656,"0,349,265"
12657,"3,187,21"
12658,"0,271"
12659,"23,74,118"
12660,"40,145,402"
12661,"3,147,156"
12662,"283,23,74"
12663,"3,4,435"
12664,"40,131,241"
12665,"64,10,80"
12666,"3,13,60"
12667,"10,220"
12668,"40,139"
12669,"145,40"
12670,"271,0,291"
12671,"10,54,95"
12672,"3,53,287"
12673,"234,60,21"
12674,"10,24,23"
12675,"23,74,84"
12676,"102,40,21"
12677,"3,199,281"
12678,"10,64,93"
12679,"3,21,127"
12680,"40,131,134"
12681,"199,323,170"
12682,"0,456"
12683,"24,3"
12684,"0,265,418"
12685,"169,343,199"
12686,"311,259,426"
12687,"0,218,509"
12688,"26,89,23"
12689,"296,169,306"
12690,"337,311,199"
12691,"24,23,25"
12692,"3,4,435"
12693,"64,10,448"
12694,"169,199,343"
12695,"24,23,25"
12696,"3,21"
12697,"21,40,3"
12698,"0,271,456"
12699,"199,281,169"
12700,"40,41,201"
12701,"23,418,24"
12702,"3,21,111"
12703,"40,160,315"
12704,"0,271,291"
12705,"131,40,406"
12706,"40,145"
12707,"40,160,3"
12708,"0,23,89"
12709,"145,44,45"
12710,"64,10,93"
12711,"23,24,43"
12712,"44,145,45"
12713,"24,40,25"
12714,"3,17,320"
12715,"0,216,354"
12716,"40,184,494"
12717,"3,111,125"
12718,"169,337,339"
12719,"10,220"
12720,"160,40,315"
12721,"169,312,426"
12722,"3,21,127"
12723,"17,3,320"
12724,"40,160"
12725,"23,74"
12726,"145,40,44"
12727,"40,128,129"
12728,"3,21"
12729,"38,24,71"
12730,"23,105,318"
12731,"370,216,0"
12732,"0,313,346"
12733,"169,199,40"
12734,"3,265,21"
12735,"40,224,111"
12736,"24,71,38"
12737,"74,118,23"
12738,"23,26,350"
12739,"3,21"
12740,"3,147,148"
12741,"169,426,508"
12742,"271,0,291"
12743,"96,31,23"
12744,"17,320,3"
12745,"10,90,64"
12746,"40,131"
12747,"0,265,218"
12748,"0,265,418"
12749,"40,131"
12750,"0,291,271"
12751,"64,69,145"
12752,"0,271"
12753,"31,96,23"
12754,"271,0,291"
12755,"23,38,54"
12756,"24,23,43"
12757,"49,23,24"
12758,"3,21,169"
12759,"40,128,3"
12760,"0,271,291"
12761,"3,4,435"
12762,"3,17,320"
12763,"0,8,235"
12764,"337,311,426"
12765,"8,0,206"
12766,"24,43,23"
12767,"3,5,4"
12768,"10,220"
12769,"64,10,80"
12770,"334,160"
12771,"40,145,402"
12772,"0,8,235"
12773,"23,74,118"
12774,"523,53,3"
12775,"199,3,169"
12776,"220,10"
12777,"3,182,21"
12778,"23,24,43"
12779,"3,21,164"
12780,"0,271,291"
12781,"3,147,148"
12782,"10,64,93"
12783,"10,64,80"
12784,"15,16,3"
12785,"43,24,23"
12786,"3,21,147"
12787,"3,199,169"
12788,"0,271,456"
12789,"169,170,459"
12790,"169,260,170"
12791,"64,10,80"
12792,"23,231,26"
12793,"3,523,53"
12794,"3,435,4"
12795,"23,74"
12796,"23,49,24"
12797,"40,145,402"
12798,"199,170,323"
12799,"3,4"
12800,"328,31,23"
12801,"3,15,16"
12802,"3,182,68"
12803,"10,239,60"
12804,"199,323,170"
12805,"3,147,156"
12806,"0,271,456"
12807,"10,64,90"
12808,"3,15,21"
12809,"40,170,169"
12810,"0,249,279"
12811,"251,296,337"
12812,"64,10,93"
12813,"0,8,327"
12814,"64,10,80"
12815,"3,21,40"
12816,"3,13,506"
12817,"3,21,111"
12818,"170,171,199"
12819,"208,0,369"
12820,"170,199,323"
12821,"3,21,187"
12822,"0,8,271"
12823,"3,21,124"
12824,"169,417,296"
12825,"23,24,49"
12826,"40,131"
12827,"259,311,426"
12828,"296,251,337"
12829,"3,13,53"
12830,"448,64,10"
12831,"3,17,320"
12832,"10,60,489"
12833,"3,111,21"
12834,"3,21,301"
12835,"0,340,271"
12836,"64,93,10"
12837,"3,15,16"
12838,"40,135"
12839,"10,220"
12840,"3,53,523"
12841,"0,216"
12842,"23,165,74"
12843,"40,131,241"
12844,"3,523,53"
12845,"0,26,23"
12846,"40,145,10"
12847,"3,52,51"
12848,"3,28,364"
12849,"220,10"
12850,"40,128,195"
12851,"3,30,81"
12852,"3,4,70"
12853,"127,3,21"
12854,"145,40,402"
12855,"169,260,170"
12856,"10,11,12"
12857,"0,265,340"
12858,"0,340,455"
12859,"220,10"
12860,"40,135"
12861,"3,4,435"
12862,"3,15,16"
12863,"0,265"
12864,"3,199,281"
12865,"3,21"
12866,"220,10"
12867,"10,64"
12868,"3,21"
12869,"0,8,206"
12870,"3,17,34"
12871,"40,145,402"
12872,"3,199,169"
12873,"64,10,80"
12874,"23,3,309"
12875,"0,271"
12876,"145,44,45"
12877,"3,4,435"
12878,"220,10"
12879,"17,3,320"
12880,"0,8,206"
12881,"3,148,147"
12882,"40,169,30"
12883,"40,131,241"
12884,"0,40"
12885,"199,170,171"
12886,"15,3,16"
12887,"40,135,250"
12888,"40,41"
12889,"3,21"
12890,"23,26,89"
12891,"3,147"
12892,"337,311,426"
12893,"23,74,118"
12894,"0,313,346"
12895,"40,41"
12896,"0,291,271"
12897,"169,199,170"
12898,"0,8,391"
12899,"169,508,426"
12900,"40,131,241"
12901,"3,21"
12902,"0,265,199"
12903,"0,271,366"
12904,"0,40,160"
12905,"23,24,43"
12906,"40,402,145"
12907,"131,40,241"
12908,"40,131,406"
12909,"145,40,44"
12910,"40,334,3"
12911,"23,26,89"
12912,"34,3,263"
12913,"3,53,147"
12914,"23,24,43"
12915,"3,187,21"
12916,"24,23,43"
12917,"0,8"
12918,"40,141,135"
12919,"145,23,40"
12920,"31,23,32"
12921,"40,145,402"
12922,"3,523,147"
12923,"311,337,426"
12924,"40,135,138"
12925,"10,220"
12926,"23,38,3"
12927,"184,494,40"
12928,"3,147"
12929,"40,160,315"
12930,"24,25,23"
12931,"0,216,296"
12932,"0,8,206"
12933,"0,271,265"
12934,"3,21,301"
12935,"24,25,23"
12936,"74,23,317"
12937,"0,8,206"
12938,"3,4,435"
12939,"145,40,402"
12940,"0,271,255"
12941,"111,3,282"
12942,"145,44,45"
12943,"0,265,340"
12944,"10,64,90"
12945,"220,10"
12946,"10,64,93"
12947,"40,145,23"
12948,"3,21"
12949,"337,311,0"
12950,"3,4,435"
12951,"10,145,220"
12952,"40,201,41"
12953,"3,53,523"
12954,"145,45,44"
12955,"3,4,435"
12956,"199,170,171"
12957,"24,23,49"
12958,"40,128,129"
12959,"0,111,340"
12960,"40,74,118"
12961,"169,170,199"
12962,"0,218"
12963,"23,74,3"
12964,"23,89,26"
12965,"3,34,21"
12966,"10,95,24"
12967,"3,147,148"
12968,"40,152,151"
12969,"3,21,33"
12970,"23,24,38"
12971,"40,145,146"
12972,"24,23,62"
12973,"0,265,418"
12974,"23,231,26"
12975,"169,296,411"
12976,"0,271,291"
12977,"128,40,130"
12978,"40,3,160"
12979,"3,4"
12980,"3,21"
12981,"40,131,241"
12982,"23,74"
12983,"10,64,93"
12984,"128,195,40"
12985,"0,271,277"
12986,"40,162"
12987,"3,30,21"
12988,"23,24,49"
12989,"0,8"
12990,"311,426,259"
12991,"40,145,402"
12992,"10,95,145"
12993,"0,311,426"
12994,"0,265,418"
12995,"145,44,45"
12996,"3,21,127"
12997,"23,43,24"
12998,"40,402,145"
12999,"23,43,24"
13000,"3,52,51"
13001,"40,160,170"
13002,"3,52,51"
13003,"3,4,70"
13004,"23,24,43"
13005,"40,3,162"
13006,"64,10,80"
13007,"3,21,187"
13008,"0,265"
13009,"145,45,44"
13010,"23,40"
13011,"17,3,320"
13012,"10,95,54"
13013,"23,38,94"
13014,"3,30,34"
13015,"145,44,73"
13016,"0,346,313"
13017,"3,147"
13018,"3,4,21"
13019,"271,0"
13020,"145,45,44"
13021,"40,241,131"
13022,"169,311"
13023,"40,145,181"
13024,"0,291,271"
13025,"31,23,32"
13026,"187,3,21"
13027,"40,160,315"
13028,"170,199,323"
13029,"0,213,214"
13030,"26,23,231"
13031,"199,170,323"
13032,"3,23,38"
13033,"0,8,308"
13034,"71,24,38"
13035,"0,271,291"
13036,"0,405,8"
13037,"311,426,259"
13038,"40,10,220"
13039,"0,265,340"
13040,"3,147"
13041,"169,199,343"
13042,"10,220"
13043,"0,218,512"
13044,"3,21,301"
13045,"0,8"
13046,"3,53,68"
13047,"169,3"
13048,"147,3,156"
13049,"10,40,220"
13050,"3,21,301"
13051,"40,186,128"
13052,"23,74"
13053,"40,23,139"
13054,"145,10,64"
13055,"23,137,38"
13056,"3,21"
13057,"23,0,337"
13058,"40,0"
13059,"337,311,426"
13060,"169,508,109"
13061,"89,26,23"
13062,"40,131"
13063,"169,296,306"
13064,"64,10"
13065,"17,3,320"
13066,"249,279,0"
13067,"40,241,131"
13068,"3,21"
13069,"3,21,40"
13070,"145,10,72"
13071,"10,220"
13072,"220,10"
13073,"3,241,23"
13074,"40,131,406"
13075,"40,160"
13076,"3,102,21"
13077,"40,151,152"
13078,"23,31,32"
13079,"23,43,24"
13080,"64,10,80"
13081,"0,271,214"
13082,"169,170,260"
13083,"145,45,44"
13084,"199,170,3"
13085,"337,296,251"
13086,"23,10,24"
13087,"3,85,86"
13088,"40,128,131"
13089,"3,4,435"
13090,"337,0,271"
13091,"241,131,40"
13092,"3,40,100"
13093,"0,213,214"
13094,"40,135,431"
13095,"23,38,74"
13096,"0,271,291"
13097,"3,21,28"
13098,"0,249,279"
13099,"40,139,100"
13100,"8,0,206"
13101,"220,10"
13102,"24,49,23"
13103,"40,135"
13104,"40,41,224"
13105,"40,131,406"
13106,"23,38,107"
13107,"23,31,128"
13108,"3,53"
13109,"24,62,23"
13110,"23,74,118"
13111,"40,131,241"
13112,"145,45,44"
13113,"23,74"
13114,"3,21,301"
13115,"23,38,74"
13116,"40,25,145"
13117,"3,147,284"
13118,"3,85,86"
13119,"0,208,369"
13120,"40,160,302"
13121,"3,5,133"
13122,"199,169"
13123,"271,0,456"
13124,"40,130,128"
13125,"296,169,426"
13126,"3,5"
13127,"40,402,145"
13128,"23,74,118"
13129,"231,26,23"
13130,"3,182,523"
13131,"0,229"
13132,"40,128,195"
13133,"40,184,243"
13134,"44,145,45"
13135,"23,31,10"
13136,"0,8,206"
13137,"10,64,93"
13138,"145,10,44"
13139,"23,24,38"
13140,"220,10"
13141,"199,3,169"
13142,"10,64,80"
13143,"0,313,346"
13144,"3,4,111"
13145,"145,69,44"
13146,"40,175,128"
13147,"3,13,222"
13148,"271,255,0"
13149,"135,40,138"
13150,"0,265,418"
13151,"3,156,147"
13152,"40,128"
13153,"0,8"
13154,"145,44,69"
13155,"3,15,523"
13156,"40,131,406"
13157,"40,175,128"
13158,"21,3,108"
13159,"0,271,291"
13160,"44,145"
13161,"3,53,523"
13162,"3,148,147"
13163,"3,21,182"
13164,"8,0,206"
13165,"10,60,61"
13166,"10,60,239"
13167,"60,234,21"
13168,"3,17,320"
13169,"3,4"
13170,"3,53,523"
13171,"3,40,169"
13172,"169,199,343"
13173,"169,426,199"
13174,"265,349,0"
13175,"3,53,523"
13176,"3,4,176"
13177,"169,170"
13178,"64,10,80"
13179,"24,23,25"
13180,"0,271,291"
13181,"10,64,93"
13182,"10,64,80"
13183,"40,145,181"
13184,"3,53,523"
13185,"8,0,308"
13186,"40,162"
13187,"10,220"
13188,"24,23"
13189,"40,131"
13190,"40,131,134"
13191,"3,53,523"
13192,"43,23,24"
13193,"23,169,40"
13194,"0,271,291"
13195,"0,271,291"
13196,"169,199"
13197,"0,271"
13198,"3,17,320"
13199,"169,339,337"
13200,"3,111,17"
13201,"146,145,40"
13202,"3,53"
13203,"3,28,53"
13204,"3,17,320"
13205,"220,10"
13206,"10,11,205"
13207,"10,60,239"
13208,"10,11,12"
13209,"31,23,32"
13210,"3,147,156"
13211,"40,128,130"
13212,"3,21,301"
13213,"10,64,60"
13214,"43,24,23"
13215,"3,85,293"
13216,"311,8,337"
13217,"109,10,11"
13218,"21,234,60"
13219,"40,3,145"
13220,"169,23,74"
13221,"145,40,44"
13222,"23,31,328"
13223,"0,271"
13224,"3,13"
13225,"3,15,16"
13226,"40,131,134"
13227,"3,4,111"
13228,"24,23,38"
13229,"3,109,145"
13230,"169,199,281"
13231,"24,23,508"
13232,"184,494,40"
13233,"3,15,16"
13234,"10,64,93"
13235,"286,41,40"
13236,"23,40,3"
13237,"3,30,21"
13238,"3,53"
13239,"3,182,21"
13240,"40,402,145"
13241,"40,145"
13242,"64,93,10"
13243,"220,10"
13244,"3,111,123"
13245,"40,131,406"
13246,"145,40,44"
13247,"64,80,10"
13248,"3,21,301"
13249,"40,135,138"
13250,"0,271,255"
13251,"23,24"
13252,"10,54,60"
13253,"145,44"
13254,"145,44,45"
13255,"64,10,80"
13256,"3,21,182"
13257,"0,265"
13258,"135,40,138"
13259,"3,13"
13260,"40,128"
13261,"0,271"
13262,"23,40,184"
13263,"337,251,296"
13264,"10,64,80"
13265,"23,74,84"
13266,"145,181,40"
13267,"40,145,402"
13268,"3,296,169"
13269,"10,0,60"
13270,"337,311,426"
13271,"64,10,80"
13272,"23,26,350"
13273,"40,315,160"
13274,"263,34,3"
13275,"131,40,241"
13276,"40,175,128"
13277,"40,128,175"
13278,"64,10,80"
13279,"0,296,3"
13280,"3,53,0"
13281,"0,265,337"
13282,"296,40,10"
13283,"0,218"
13284,"40,145,10"
13285,"3,23,303"
13286,"40,128,186"
13287,"426,311,312"
13288,"296,38,251"
13289,"23,290,31"
13290,"17,3,320"
13291,"10,220,23"
13292,"40,131,406"
13293,"0,271,291"
13294,"23,38,87"
13295,"3,21,301"
13296,"3,21,301"
13297,"0,8,206"
13298,"3,148,147"
13299,"145,181,40"
13300,"3,111,275"
13301,"8,0,391"
13302,"51,52,3"
13303,"0,218,457"
13304,"170,40,260"
13305,"10,220"
13306,"216,212,0"
13307,"296,169,40"
13308,"0,271"
13309,"40,152,151"
13310,"145,402,40"
13311,"3,17,51"
13312,"128,40,129"
13313,"3,523,53"
13314,"171,199,170"
13315,"40,31,23"
13316,"40,135"
13317,"43,24,23"
13318,"145,69,44"
13319,"311,337,426"
13320,"0,265,349"
13321,"0,8,235"
13322,"23,31,290"
13323,"40,402,145"
13324,"3,111,60"
13325,"128,40,186"
13326,"241,3,40"
13327,"199,169,40"
13328,"0,271,311"
13329,"3,311"
13330,"3,21,187"
13331,"0,8,208"
13332,"0,265,366"
13333,"40,402,145"
13334,"145,44,69"
13335,"40,23,495"
13336,"145,44,45"
13337,"10,93,64"
13338,"160,40,302"
13339,"24,23"
13340,"23,38"
13341,"3,53,5"
13342,"199,170,171"
13343,"64,10,80"
13344,"23,38,337"
13345,"24,23,25"
13346,"23,26,350"
13347,"337,311,426"
13348,"71,38,24"
13349,"3,111,115"
13350,"23,259,40"
13351,"0,8"
13352,"3,53,287"
13353,"26,23,350"
13354,"145,44,40"
13355,"169,296,452"
13356,"3,21,164"
13357,"23,49,24"
13358,"11,10"
13359,"23,40,145"
13360,"24,49,23"
13361,"145,44,69"
13362,"3,21,182"
13363,"145,44,45"
13364,"23,40,26"
13365,"10,109,11"
13366,"169,199,343"
13367,"4,3,435"
13368,"131,40,241"
13369,"40,241,131"
13370,"40,160,302"
13371,"0,271,313"
13372,"0,218,457"
13373,"3,523,53"
13374,"0,346,313"
13375,"23,40"
13376,"131,40,241"
13377,"40,139,131"
13378,"169,343,199"
13379,"337,311,405"
13380,"3,33,21"
13381,"3,21,301"
13382,"296,169,411"
13383,"10,220"
13384,"8,0,206"
13385,"40,128,129"
13386,"53,3,287"
13387,"3,21"
13388,"3,17,320"
13389,"0,291,271"
13390,"30,104,3"
13391,"40,169,131"
13392,"199,323,170"
13393,"169,23,296"
13394,"40,128,195"
13395,"40,38,71"
13396,"40,41,42"
13397,"40,131,241"
13398,"40,286,41"
13399,"45,145,44"
13400,"10,220"
13401,"156,147,3"
13402,"0,8,308"
13403,"3,435,51"
13404,"143,3,34"
13405,"23,0,31"
13406,"40,131,241"
13407,"93,10,64"
13408,"281,199,135"
13409,"3,15,16"
13410,"3,147,148"
13411,"0,271,214"
13412,"45,44,145"
13413,"3,21,111"
13414,"3,5,133"
13415,"40,128,195"
13416,"11,10,205"
13417,"38,23,0"
13418,"23,74,165"
13419,"23,31,32"
13420,"3,21"
13421,"145,44,45"
13422,"24,49,23"
13423,"3,147"
13424,"3,15,16"
13425,"40,128,195"
13426,"311,426,337"
13427,"45,44,145"
13428,"8,23,0"
13429,"23,38"
13430,"0,8"
13431,"3,187,21"
13432,"40,145,181"
13433,"3,4"
13434,"145,44,45"
13435,"3,15,111"
13436,"0,346,313"
13437,"10,205,11"
13438,"216,0,370"
13439,"10,64,93"
13440,"8,0,235"
13441,"160,23,315"
13442,"10,220"
13443,"145,402,40"
13444,"3,51,52"
13445,"60,10,145"
13446,"40,241,131"
13447,"44,303,72"
13448,"31,23,32"
13449,"40,131,241"
13450,"3,15,147"
13451,"3,187,21"
13452,"23,24,49"
13453,"3,331,5"
13454,"10,11,205"
13455,"23,26,231"
13456,"3,5"
13457,"23,24,43"
13458,"199,10,170"
13459,"40,129,128"
13460,"301,3,21"
13461,"0,89,346"
13462,"23,24,25"
13463,"3,21,187"
13464,"0,218,457"
13465,"60,239,10"
13466,"43,23,24"
13467,"24,43,23"
13468,"0,308,26"
13469,"0,265,418"
13470,"17,320,3"
13471,"199,259,169"
13472,"8,0,206"
13473,"3,4,70"
13474,"3,21"
13475,"170,199,323"
13476,"40,184"
13477,"40,149,41"
13478,"94,38,23"
13479,"89,23,26"
13480,"337,251,296"
13481,"3,4,53"
13482,"0,271,355"
13483,"23,38,0"
13484,"169,170,260"
13485,"24,23,43"
13486,"426,311,259"
13487,"0,216"
13488,"3,5,4"
13489,"3,147,148"
13490,"60,239,10"
13491,"199,170,248"
13492,"23,74,118"
13493,"3,199,281"
13494,"23,26,231"
13495,"165,74,23"
13496,"3,21"
13497,"145,40,402"
13498,"93,10,64"
13499,"3,21"
13500,"40,130,128"
13501,"3,111,21"
13502,"169,311,426"
13503,"3,331"
13504,"26,23,89"
13505,"40,184,151"
13506,"160,40,334"
13507,"23,38,39"
13508,"311,426,312"
13509,"3,30,81"
13510,"3,111,40"
13511,"3,156,147"
13512,"40,241,131"
13513,"145,40,181"
13514,"337,296,251"
13515,"3,21,111"
13516,"23,40,74"
13517,"3,4,435"
13518,"169,311,3"
13519,"3,21"
13520,"8,0"
13521,"38,23,39"
13522,"3,21,169"
13523,"265,0,45"
13524,"23,39,38"
13525,"0,360,40"
13526,"15,72,3"
13527,"23,24,49"
13528,"38,71,24"
13529,"3,236,40"
13530,"0,271,8"
13531,"23,231,26"
13532,"23,105"
13533,"10,220,23"
13534,"34,143,3"
13535,"74,23,118"
13536,"3,40,41"
13537,"40,241,131"
13538,"64,10,448"
13539,"23,24,62"
13540,"3,21,111"
13541,"40,131,241"
13542,"23,337,26"
13543,"0,311"
13544,"64,10,80"
13545,"40,131,406"
13546,"23,31,32"
13547,"231,26,23"
13548,"43,24,23"
13549,"3,28"
13550,"0,271"
13551,"40,131,241"
13552,"0,313,346"
13553,"40,128"
13554,"40,131"
13555,"145,181,40"
13556,"3,5"
13557,"3,85"
13558,"23,24"
13559,"8,0,206"
13560,"3,53,523"
13561,"3,34,263"
13562,"3,147,148"
13563,"145,40,181"
13564,"40,145,494"
13565,"10,220"
13566,"40,160,315"
13567,"3,523,53"
13568,"0,216"
13569,"40,146,145"
13570,"10,64,93"
13571,"0,271,291"
13572,"3,52,51"
13573,"0,3,10"
13574,"40,139,153"
13575,"3,53,15"
13576,"3,21,127"
13577,"64,10,93"
13578,"24,40"
13579,"160,169,40"
13580,"0,271"
13581,"500,3,21"
13582,"3,127,21"
13583,"3,41,40"
13584,"145,44,69"
13585,"34,3,143"
13586,"131,40,241"
13587,"170,199,323"
13588,"169,260,170"
13589,"3,21"
13590,"0,265,349"
13591,"3,53"
13592,"23,26,89"
13593,"10,93,64"
13594,"3,15"
13595,"10,60,239"
13596,"0,271"
13597,"3,21,127"
13598,"0,8,206"
13599,"3,169,111"
13600,"0,265,271"
13601,"23,31,32"
13602,"38,0,3"
13603,"3,13,21"
13604,"0,311,271"
13605,"145,40,181"
13606,"184,40,185"
13607,"3,263,187"
13608,"40,145,181"
13609,"0,265,349"
13610,"3,34"
13611,"43,24,23"
13612,"169,170,459"
13613,"3,21,301"
13614,"3,17"
13615,"265,0,349"
13616,"184,494,40"
13617,"169,170,459"
13618,"3,147"
13619,"21,3,164"
13620,"24,23,49"
13621,"41,201,40"
13622,"0,271,291"
13623,"5,3,133"
13624,"23,251,337"
13625,"64,10,93"
13626,"40,128"
13627,"10,64,90"
13628,"8,0,206"
13629,"40,367,100"
13630,"3,111"
13631,"0,271,265"
13632,"40,23,74"
13633,"43,24,23"
13634,"3,21"
13635,"64,10,80"
13636,"13,3,204"
13637,"40,145,181"
13638,"40,135"
13639,"337,426,311"
13640,"3,21,187"
13641,"43,24,23"
13642,"0,271,291"
13643,"23,88,38"
13644,"3,187,21"
13645,"40,131,406"
13646,"10,220"
13647,"23,24,49"
13648,"40,162"
13649,"0,8,206"
13650,"3,21"
13651,"0,216"
13652,"3,15,16"
13653,"23,74,118"
13654,"220,10,221"
13655,"220,10"
13656,"145,40,181"
13657,"21,3,22"
13658,"40,145,131"
13659,"40,135,236"
13660,"3,15,16"
13661,"3,111,53"
13662,"40,402,145"
13663,"3,4,176"
13664,"0,271,366"
13665,"169,199,170"
13666,"40,145,402"
13667,"145,40,402"
13668,"216,212,211"
13669,"40,169,300"
13670,"40,135"
13671,"74,23,303"
13672,"169,296,306"
13673,"231,23,26"
13674,"23,31,32"
13675,"74,23,317"
13676,"0,271,444"
13677,"10,220"
13678,"0,265,418"
13679,"3,21,301"
13680,"199,323,170"
13681,"31,23,328"
13682,"3,30,17"
13683,"0,8,206"
13684,"131,40,241"
13685,"10,11,419"
13686,"100,222,40"
13687,"220,10"
13688,"3,21,48"
13689,"23,26,89"
13690,"40,131,134"
13691,"40,10,128"
13692,"44,145,72"
13693,"3,111"
13694,"23,38,309"
13695,"3,147,53"
13696,"145,23,44"
13697,"3,187"
13698,"40,128,186"
13699,"3,4,435"
13700,"0,3,169"
13701,"23,43,24"
13702,"10,64,93"
13703,"24,23,25"
13704,"145,40,402"
13705,"64,10,80"
13706,"13,204,3"
13707,"40,41,224"
13708,"3,53,0"
13709,"64,10,90"
13710,"40,128,129"
13711,"145,10,44"
13712,"3,21,53"
13713,"265,0,349"
13714,"3,4,435"
13715,"0,313,346"
13716,"0,337,426"
13717,"23,74,118"
13718,"169,170,260"
13719,"21,3,40"
13720,"170,199,323"
13721,"23,49,24"
13722,"3,21,147"
13723,"23,24,62"
13724,"296,169,333"
13725,"3,182,21"
13726,"3,5"
13727,"13,3,204"
13728,"3,169,187"
13729,"8,405,337"
13730,"0,313,271"
13731,"3,111,53"
13732,"3,182,21"
13733,"3,21,182"
13734,"3,111,51"
13735,"10,220,0"
13736,"199,169,170"
13737,"23,38,10"
13738,"145,40,402"
13739,"0,271"
13740,"3,53,467"
13741,"3,53,523"
13742,"3,21"
13743,"23,38,231"
13744,"24,23,43"
13745,"25,24,145"
13746,"3,21,127"
13747,"3,309,21"
13748,"0,265,8"
13749,"3,111"
13750,"169,296,300"
13751,"21,3,127"
13752,"3,21"
13753,"3,5"
13754,"10,60,239"
13755,"3,111,21"
13756,"281,169,199"
13757,"40,160,315"
13758,"40,160,131"
13759,"10,40"
13760,"40,241,131"
13761,"0,249,279"
13762,"10,220"
13763,"10,64"
13764,"10,64,93"
13765,"15,3,16"
13766,"199,170,171"
13767,"0,271,231"
13768,"311,426,259"
13769,"145,44,45"
13770,"0,265,271"
13771,"169,260,508"
13772,"3,111,182"
13773,"40,131,406"
13774,"170,199,323"
13775,"145,44,45"
13776,"3,21,301"
13777,"10,11,59"
13778,"40,71,38"
13779,"0,40,218"
13780,"0,380,77"
13781,"271,0,456"
13782,"187,3,21"
13783,"3,4,435"
13784,"38,24,40"
13785,"3,4,188"
13786,"145,40,402"
13787,"0,271,265"
13788,"25,24,23"
13789,"4,3"
13790,"0,313,346"
13791,"3,187,21"
13792,"40,145,181"
13793,"3,147,148"
13794,"145,44,40"
13795,"10,220"
13796,"64,10,80"
13797,"135,40,138"
13798,"95,54,38"
13799,"311,426,259"
13800,"3,53,147"
13801,"74,118,23"
13802,"40,160,315"
13803,"3,143,34"
13804,"3,52,111"
13805,"0,8,89"
13806,"0,271,291"
13807,"220,10"
13808,"139,40,3"
13809,"131,40,241"
13810,"23,49,24"
13811,"24,23,25"
13812,"40,145"
13813,"23,44,24"
13814,"40,41,42"
13815,"23,62,24"
13816,"10,60,11"
13817,"3,4,19"
13818,"64,3,10"
13819,"0,8,308"
13820,"40,145,170"
13821,"3,30"
13822,"0,271,291"
13823,"23,24,49"
13824,"23,303,74"
13825,"145,40,402"
13826,"3,111,147"
13827,"40,74,23"
13828,"3,435,4"
13829,"23,31,32"
13830,"0,271,291"
13831,"3,17"
13832,"3,111,21"
13833,"296,169,411"
13834,"195,40,128"
13835,"170,199,3"
13836,"0,206,8"
13837,"80,64,10"
13838,"3,301,21"
13839,"0,458,211"
13840,"40,3,128"
13841,"3,21,127"
13842,"10,128,40"
13843,"3,4,28"
13844,"40,131,128"
13845,"23,24,43"
13846,"64,80,10"
13847,"0,265,273"
13848,"10,64,93"
13849,"3,199,21"
13850,"60,489,10"
13851,"38,88,0"
13852,"3,523,53"
13853,"26,23,89"
13854,"3,21,164"
13855,"0,271"
13856,"337,0,199"
13857,"145,40,181"
13858,"64,80"
13859,"3,523,53"
13860,"271,0,291"
13861,"10,220"
13862,"40,146,145"
13863,"31,23,96"
13864,"0,8,327"
13865,"10,220"
13866,"3,21"
13867,"23,26,38"
13868,"23,38,309"
13869,"3,21,164"
13870,"41,40"
13871,"23,31,32"
13872,"40,131,193"
13873,"3,21,13"
13874,"23,74,26"
13875,"0,218,457"
13876,"3,187,21"
13877,"23,26,89"
13878,"40,128,129"
13879,"10,64,80"
13880,"10,220"
13881,"64,10,90"
13882,"3,23,31"
13883,"3,301,21"
13884,"40,31,139"
13885,"21,3,301"
13886,"0,265,340"
13887,"220,10"
13888,"128,40,129"
13889,"40,402,145"
13890,"3,182,21"
13891,"3,21,187"
13892,"64,80,10"
13893,"44,45,145"
13894,"23,89,40"
13895,"10,239,60"
13896,"40,128,195"
13897,"0,426,311"
13898,"40,41,186"
13899,"61,60,10"
13900,"169,199,343"
13901,"0,271,291"
13902,"3,21,187"
13903,"10,64,93"
13904,"170,459,169"
13905,"3,21"
13906,"3,15,16"
13907,"145,45,44"
13908,"40,241,131"
13909,"40,160,334"
13910,"40,41,224"
13911,"3,21,187"
13912,"23,26,350"
13913,"40,131,406"
13914,"337,311,426"
13915,"10,220"
13916,"0,271,346"
13917,"8,0,405"
13918,"10,64,93"
13919,"3,169,111"
13920,"3,21,147"
13921,"40,128,186"
13922,"23,26,231"
13923,"3,164,21"
13924,"53,3,523"
13925,"199,170,323"
13926,"40,128,186"
13927,"3,34,169"
13928,"184,283,74"
13929,"71,38,24"
13930,"3,4"
13931,"40,241,131"
13932,"3,21,115"
13933,"24,25,23"
13934,"8,308,0"
13935,"111,161,40"
13936,"40,151,152"
13937,"337,339,169"
13938,"3,156,147"
13939,"145,44,72"
13940,"10,24,25"
13941,"40,162,135"
13942,"296,169,526"
13943,"23,24,25"
13944,"24,25,23"
13945,"10,64"
13946,"220,10"
13947,"44,72,145"
13948,"40,128,175"
13949,"3,5,331"
13950,"0,128,40"
13951,"3,17,320"
13952,"265,0,418"
13953,"337,311,426"
13954,"169,459,170"
13955,"3,4,435"
13956,"3,4"
13957,"40,135,184"
13958,"169,296,428"
13959,"10,93,64"
13960,"3,21,48"
13961,"296,169,333"
13962,"74,23,118"
13963,"311,337,426"
13964,"0,271,291"
13965,"40,131,135"
13966,"3,53,523"
13967,"216,212,211"
13968,"0,235,8"
13969,"0,313,346"
13970,"3,53,4"
13971,"3,15,53"
13972,"135,138,40"
13973,"138,40,135"
13974,"23,74,118"
13975,"271,0,456"
13976,"3,21,182"
13977,"216,0,380"
13978,"145,40,402"
13979,"0,2,426"
13980,"44,145,45"
13981,"40,3,250"
13982,"23,231,26"
13983,"3,53,523"
13984,"3,111"
13985,"3,111,41"
13986,"10,80,64"
13987,"220,10,24"
13988,"3,275,111"
13989,"3,21,301"
13990,"10,64,93"
13991,"40,31,23"
13992,"10,64,80"
13993,"3,15,17"
13994,"40,128,195"
13995,"3,17,52"
13996,"93,64,10"
13997,"34,3,51"
13998,"40,131,406"
13999,"3,53,523"
14000,"23,49,24"
14001,"0,255"
14002,"4,3"
14003,"0,271,366"
14004,"23,44,145"
14005,"3,21"
14006,"145,10,54"
14007,"3,17"
14008,"10,0,60"
14009,"10,220"
14010,"80,64,10"
14011,"40,145,181"
14012,"3,21,41"
14013,"3,13,204"
14014,"199,170,169"
14015,"0,213,214"
14016,"40,135,286"
14017,"169,3,187"
14018,"40,131,160"
14019,"3,147"
14020,"21,3,301"
14021,"138,135,40"
14022,"40,367,100"
14023,"145,45,44"
14024,"426,311,312"
14025,"3,301,21"
14026,"40,145,146"
14027,"128,129,40"
14028,"0,216,218"
14029,"3,21,187"
14030,"23,303,74"
14031,"3,21,301"
14032,"3,147"
14033,"40,131,406"
14034,"96,31,23"
14035,"0,308,23"
14036,"131,40,241"
14037,"40,41,224"
14038,"0,8,23"
14039,"23,38,87"
14040,"40,131,241"
14041,"0,8"
14042,"3,51"
14043,"64,10,80"
14044,"3,21,53"
14045,"3,13"
14046,"3,5,133"
14047,"10,64,80"
14048,"0,8,206"
14049,"199,171,170"
14050,"169,296,3"
14051,"40,128,175"
14052,"64,10,93"
14053,"170,199,171"
14054,"40,135,138"
14055,"40,41,164"
14056,"0,271,291"
14057,"23,26,89"
14058,"3,21,0"
14059,"23,74"
14060,"0,271,366"
14061,"0,26,89"
14062,"3,30,81"
14063,"8,129,40"
14064,"3,30,147"
14065,"145,44"
14066,"3,21"
14067,"40,145,146"
14068,"3,21"
14069,"0,8"
14070,"8,308,0"
14071,"23,24,38"
14072,"31,23,290"
14073,"0,346,313"
14074,"0,366,271"
14075,"199,170,323"
14076,"169,199,170"
14077,"40,199,169"
14078,"15,3,16"
14079,"23,26,308"
14080,"354,216,0"
14081,"3,523,53"
14082,"40,128,186"
14083,"169,426,170"
14084,"64,10,93"
14085,"40,184,23"
14086,"40,128,151"
14087,"3,53,523"
14088,"0,145,218"
14089,"40,129,128"
14090,"40,184,406"
14091,"10,419,145"
14092,"40,224,41"
14093,"337,0,169"
14094,"23,345,74"
14095,"23,193,40"
14096,"38,71,24"
14097,"23,317,74"
14098,"3,301,21"
14099,"3,15,16"
14100,"3,4"
14101,"40,145,402"
14102,"13,3,401"
14103,"0,8"
14104,"40,186,128"
14105,"3,4,435"
14106,"265,349,0"
14107,"3,147,148"
14108,"40,145"
14109,"23,24,49"
14110,"40,131,134"
14111,"23,446,0"
14112,"23,105,318"
14113,"40,131,406"
14114,"40,131,241"
14115,"3,17,320"
14116,"311,337,426"
14117,"231,26,23"
14118,"10,64,93"
14119,"0,271,349"
14120,"10,220"
14121,"38,24,71"
14122,"64,10,448"
14123,"3,4,5"
14124,"40,74,184"
14125,"156,3,147"
14126,"40,128"
14127,"3,169,21"
14128,"40,131,406"
14129,"459,170,169"
14130,"23,38,107"
14131,"3,10,51"
14132,"40,160,315"
14133,"40,131,134"
14134,"23,49,24"
14135,"40,41,286"
14136,"0,216"
14137,"169,508,296"
14138,"145,44"
14139,"0,271,291"
14140,"40,131,241"
14141,"0,213,214"
14142,"23,24,43"
14143,"3,21,301"
14144,"23,24,49"
14145,"0,366,271"
14146,"184,40,185"
14147,"40,3"
14148,"24,23,62"
14149,"3,21,30"
14150,"0,265,255"
14151,"216,0"
14152,"10,220"
14153,"0,211,277"
14154,"0,8,206"
14155,"3,169,53"
14156,"10,64,93"
14157,"3,133,5"
14158,"0,216,254"
14159,"156,3,147"
14160,"43,23,24"
14161,"64,10,448"
14162,"0,265,418"
14163,"40,131,241"
14164,"10,64,93"
14165,"40,169,135"
14166,"0,8,206"
14167,"145,44,45"
14168,"3,187,21"
14169,"24,23,25"
14170,"10,220"
14171,"3,15,16"
14172,"131,40"
14173,"199,323,60"
14174,"220,10,23"
14175,"3,40"
14176,"23,24,169"
14177,"3,51,52"
14178,"169,199,170"
14179,"40,135,138"
14180,"40,41,135"
14181,"23,31,32"
14182,"145,44,45"
14183,"23,31,32"
14184,"3,5"
14185,"296,251,337"
14186,"13,3,204"
14187,"23,43,24"
14188,"3,156,147"
14189,"3,4,188"
14190,"3,40"
14191,"0,23,26"
14192,"0,265"
14193,"0,346,313"
14194,"0,271,456"
14195,"31,23,32"
14196,"3,34,143"
14197,"24,71,38"
14198,"0,8,308"
14199,"337,426,296"
14200,"3,13,14"
14201,"8,0,391"
14202,"3,53"
14203,"3,40,385"
14204,"31,169,0"
14205,"0,271,218"
14206,"0,265,340"
14207,"10,11,12"
14208,"0,8,206"
14209,"0,271"
14210,"0,265,418"
14211,"40,160,315"
14212,"199,323,170"
14213,"100,222,40"
14214,"128,130,40"
14215,"10,64"
14216,"0,265,340"
14217,"40,241,131"
14218,"0,216,380"
14219,"3,21"
14220,"3,13,204"
14221,"0,271"
14222,"40,139,100"
14223,"169,343,199"
14224,"0,8,235"
14225,"8,308,26"
14226,"40,224,41"
14227,"40,100,222"
14228,"40,145,181"
14229,"145,181,40"
14230,"23,24,43"
14231,"10,145,44"
14232,"40,162"
14233,"0,1,337"
14234,"0,213,214"
14235,"40,175,74"
14236,"100,222,40"
14237,"10,64,90"
14238,"23,38"
14239,"218,0,13"
14240,"3,34"
14241,"3,147,148"
14242,"0,8"
14243,"40,402,145"
14244,"221,40,23"
14245,"23,38,309"
14246,"0,271,291"
14247,"23,74,84"
14248,"3,169,34"
14249,"296,251,337"
14250,"0,291,271"
14251,"40,128,195"
14252,"21,3,164"
14253,"296,169,420"
14254,"0,271,360"
14255,"203,3"
14256,"15,16,3"
14257,"10,220"
14258,"145,40,402"
14259,"3,53,287"
14260,"0,271,291"
14261,"10,12,11"
14262,"21,40,3"
14263,"11,10,205"
14264,"3,21"
14265,"3,21,111"
14266,"40,135,250"
14267,"10,11,205"
14268,"64,10,448"
14269,"0,265"
14270,"169,281,199"
14271,"21,3,115"
14272,"10,220"
14273,"3,15,301"
14274,"296,251,337"
14275,"3,21,40"
14276,"23,31,105"
14277,"17,3,320"
14278,"0,481,218"
14279,"40,3,41"
14280,"40,131,406"
14281,"40,128,186"
14282,"43,24,23"
14283,"24,25,23"
14284,"3,21,111"
14285,"23,105"
14286,"199,170,323"
14287,"23,31,32"
14288,"3,4"
14289,"40,128,130"
14290,"3,4,435"
14291,"23,38,94"
14292,"0,271"
14293,"23,89,26"
14294,"64,10,80"
14295,"40,194,145"
14296,"250,135,40"
14297,"0,271,291"
14298,"0,265"
14299,"3,17,320"
14300,"0,313,346"
14301,"337,426,311"
14302,"13,111,3"
14303,"3,4,435"
14304,"40,402,145"
14305,"3,53"
14306,"231,23,26"
14307,"145,44,45"
14308,"40,145,402"
14309,"3,4,435"
14310,"10,64,93"
14311,"337,311,426"
14312,"255,280,271"
14313,"145,23,40"
14314,"0,8,308"
14315,"296,169"
14316,"3,28,4"
14317,"0,1"
14318,"24,43,23"
14319,"3,52,28"
14320,"3,21,42"
14321,"3,53"
14322,"3,111"
14323,"265,0,349"
14324,"265,0,340"
14325,"23,24,43"
14326,"31,290,40"
14327,"15,16,3"
14328,"346,313,0"
14329,"0,206,8"
14330,"64,10,80"
14331,"426,311,259"
14332,"147,3,148"
14333,"3,21,5"
14334,"10,64,93"
14335,"40,160"
14336,"169,296"
14337,"337,0,296"
14338,"0,271,255"
14339,"44,45,145"
14340,"21,234,60"
14341,"3,52,51"
14342,"3,5,331"
14343,"8,0,26"
14344,"508,426,169"
14345,"3,4,19"
14346,"281,199,23"
14347,"128,40,129"
14348,"3,21"
14349,"199,281,311"
14350,"169,296"
14351,"23,24,43"
14352,"216,0,254"
14353,"40,184,494"
14354,"40,42,41"
14355,"40,131,241"
14356,"220,10"
14357,"40,241,131"
14358,"296,169,333"
14359,"24,23,25"
14360,"323,199,170"
14361,"0,349,265"
14362,"4,3"
14363,"3,21"
14364,"0,265,271"
14365,"40,160,41"
14366,"3,21,127"
14367,"40,131,134"
14368,"3,4,435"
14369,"10,60,61"
14370,"0,23,26"
14371,"145,44,45"
14372,"10,93,64"
14373,"3,52,51"
14374,"13,3,0"
14375,"23,96,31"
14376,"145,44,45"
14377,"3,53,23"
14378,"220,10"
14379,"74,23,118"
14380,"40,160,315"
14381,"3,35,36"
14382,"0,265,349"
14383,"3,21,30"
14384,"23,74,165"
14385,"3,21,164"
14386,"0,311,337"
14387,"15,16,3"
14388,"170,199,171"
14389,"145,38,40"
14390,"21,3,301"
14391,"0,271,291"
14392,"31,23,32"
14393,"40,145,181"
14394,"3,187,21"
14395,"10,11,12"
14396,"0,271,291"
14397,"3,4,435"
14398,"169,494,40"
14399,"128,40,129"
14400,"3,4,435"
14401,"23,24,49"
14402,"10,64,93"
14403,"3,143,34"
14404,"45,44,145"
14405,"3,21,22"
14406,"0,271,291"
14407,"23,24,43"
14408,"3,148,147"
14409,"40,160"
14410,"40,315,160"
14411,"3,111,161"
14412,"40,131,128"
14413,"10,220"
14414,"145,44,45"
14415,"0,271"
14416,"145,72,44"
14417,"418,23,265"
14418,"3,111"
14419,"131,40,241"
14420,"145,40,3"
14421,"170,199,171"
14422,"31,32,23"
14423,"10,11"
14424,"40,131,241"
14425,"40,128,129"
14426,"21,234,60"
14427,"10,220"
14428,"0,271,291"
14429,"64,10,80"
14430,"3,21,124"
14431,"23,31,32"
14432,"135,40,138"
14433,"145,44,45"
14434,"3,21"
14435,"3,21,182"
14436,"3,5"
14437,"3,15,16"
14438,"3,28,113"
14439,"71,38,24"
14440,"145,45,44"
14441,"23,271,26"
14442,"337,251,0"
14443,"93,10,64"
14444,"3,21"
14445,"0,291,271"
14446,"38,71,24"
14447,"3,21,164"
14448,"3,15,16"
14449,"40,128,129"
14450,"10,64"
14451,"23,25,24"
14452,"40,128,195"
14453,"23,10,93"
14454,"3,160,414"
14455,"3,147,203"
14456,"40,131"
14457,"23,38,309"
14458,"40,145"
14459,"3,4,435"
14460,"10,64,93"
14461,"0,271"
14462,"220,10,0"
14463,"145,40,402"
14464,"169,508,426"
14465,"21,3,115"
14466,"17,3,320"
14467,"40,135,138"
14468,"0,271,291"
14469,"24,25,23"
14470,"40,128,130"
14471,"23,31,328"
14472,"64,10,93"
14473,"40,145,181"
14474,"271,0,456"
14475,"44,45,145"
14476,"23,38"
14477,"44,145,45"
14478,"23,31,32"
14479,"147,3,148"
14480,"23,26,89"
14481,"3,34,35"
14482,"3,30,53"
14483,"3,145,21"
14484,"3,53,523"
14485,"3,182,21"
14486,"3,4,435"
14487,"3,111,112"
14488,"3,4"
14489,"23,74,84"
14490,"3,21"
14491,"43,23,24"
14492,"169,296"
14493,"3,13"
14494,"23,31,328"
14495,"23,10,25"
14496,"296,251,337"
14497,"3,53,287"
14498,"40,131,406"
14499,"0,8,206"
14500,"40,160,315"
14501,"3,523,53"
14502,"3,23,38"
14503,"145,40,402"
14504,"3,301,21"
14505,"10,60,239"
14506,"41,40,286"
14507,"74,23,118"
14508,"10,64,60"
14509,"3,21,147"
14510,"3,21,301"
14511,"10,23,145"
14512,"220,10"
14513,"0,370,216"
14514,"23,30,21"
14515,"0,31,23"
14516,"40,402,145"
14517,"145,40,402"
14518,"31,23,32"
14519,"40,146,145"
14520,"3,53,523"
14521,"145,44,72"
14522,"10,220"
14523,"199,323,170"
14524,"3,53,523"
14525,"3,17,320"
14526,"271,40,0"
14527,"3,367,100"
14528,"255,0,271"
14529,"337,251,296"
14530,"3,21,187"
14531,"10,11"
14532,"3,21,111"
14533,"231,23,26"
14534,"0,271"
14535,"100,40,222"
14536,"10,64,93"
14537,"0,216,257"
14538,"21,3,187"
14539,"3,147"
14540,"17,3,320"
14541,"0,271"
14542,"45,44,145"
14543,"3,147,148"
14544,"40,145,402"
14545,"169,199,343"
14546,"199,323,170"
14547,"23,38,131"
14548,"23,40,74"
14549,"40,402,145"
14550,"40,128,186"
14551,"40,128,175"
14552,"40,160,302"
14553,"0,313,346"
14554,"3,17,320"
14555,"171,199,170"
14556,"0,231,271"
14557,"40,41,215"
14558,"3,523,53"
14559,"3,21"
14560,"3,30,4"
14561,"10,220"
14562,"40,131,241"
14563,"3,53,287"
14564,"3,17,34"
14565,"3,17"
14566,"40,145,181"
14567,"271,0,291"
14568,"31,23,32"
14569,"147,148,3"
14570,"64,93,10"
14571,"3,15,16"
14572,"31,23,328"
14573,"3,21,301"
14574,"23,38,87"
14575,"40,160,302"
14576,"10,220"
14577,"10,60,239"
14578,"40,146,145"
14579,"3,147,148"
14580,"10,220"
14581,"10,64,93"
14582,"40,145,181"
14583,"3,4,435"
14584,"220,10"
14585,"40,128,130"
14586,"23,38,3"
14587,"307,248,139"
14588,"3,111"
14589,"3,182,111"
14590,"38,71,24"
14591,"23,49,24"
14592,"3,21,182"
14593,"3,53,21"
14594,"23,74,165"
14595,"145,40,181"
14596,"3,182,21"
14597,"10,64,93"
14598,"45,44,145"
14599,"23,24,49"
14600,"3,21"
14601,"3,51,13"
14602,"3,139,17"
14603,"23,31,32"
14604,"40,402,145"
14605,"271,0"
14606,"311,337,426"
14607,"3,104,30"
14608,"3,52,51"
14609,"0,271"
14610,"40,128,130"
14611,"3,4,435"
14612,"23,74,118"
14613,"24,49,23"
14614,"10,64,93"
14615,"10,64,80"
14616,"64,10,80"
14617,"40,145,146"
14618,"145,44,69"
14619,"23,74"
14620,"216,212,211"
14621,"23,26,74"
14622,"23,418,265"
14623,"199,169,170"
14624,"170,40,199"
14625,"64,10,80"
14626,"40,0,195"
14627,"40,131,21"
14628,"0,291,8"
14629,"3,147,21"
14630,"145,44,72"
14631,"10,11,205"
14632,"169,296,306"
14633,"220,10"
14634,"40,128,186"
14635,"40,145,181"
14636,"3,111,474"
14637,"220,10"
14638,"44,145,45"
14639,"23,105"
14640,"0,296,337"
14641,"3,111,21"
14642,"3,21,182"
14643,"10,220"
14644,"40,164,186"
14645,"0,8,308"
14646,"3,13"
14647,"38,24,71"
14648,"3,21,147"
14649,"508,169,426"
14650,"0,271,291"
14651,"3,111,21"
14652,"0,8,271"
14653,"0,169,229"
14654,"40,128"
14655,"3,21,182"
14656,"3,21"
14657,"3,13"
14658,"23,74,118"
14659,"40,41,160"
14660,"40,131,241"
14661,"40,160,315"
14662,"145,40,402"
14663,"38,24,71"
14664,"40,184,243"
14665,"74,40,317"
14666,"0,8,206"
14667,"40,131"
14668,"24,23,49"
14669,"3,5,6"
14670,"23,74,118"
14671,"3,53,523"
14672,"3,156,147"
14673,"0,271"
14674,"0,271,455"
14675,"40,128,186"
14676,"40,128,129"
14677,"15,16,3"
14678,"199,169,170"
14679,"169,436,170"
14680,"0,271,291"
14681,"131,241,40"
14682,"40,135"
14683,"40,131,241"
14684,"3,301"
14685,"10,64,93"
14686,"24,43,23"
14687,"111,41,224"
14688,"3,187,21"
14689,"3,53,523"
14690,"10,60,239"
14691,"23,74,317"
14692,"24,71,38"
14693,"169,296,420"
14694,"40,160,315"
14695,"23,24,43"
14696,"160,40,315"
14697,"44,45,145"
14698,"0,265,340"
14699,"3,30"
14700,"23,31,290"
14701,"40,135"
14702,"40,3,41"
14703,"3,53,169"
14704,"3,21,301"
14705,"40,162,41"
14706,"156,3,147"
14707,"17,320,3"
14708,"3,21,127"
14709,"24,49,23"
14710,"296,169,337"
14711,"311,426,259"
14712,"311,426,337"
14713,"0,8,206"
14714,"8,0,405"
14715,"31,32,23"
14716,"145,45,44"
14717,"111,3,267"
14718,"23,74,118"
14719,"64,10,90"
14720,"139,40"
14721,"8,405,40"
14722,"145,44,45"
14723,"147,148,3"
14724,"0,265,418"
14725,"220,10"
14726,"145,44,45"
14727,"23,38,39"
14728,"308,8,0"
14729,"3,13"
14730,"64,10"
14731,"0,265,418"
14732,"3,21,187"
14733,"21,3,40"
14734,"220,10"
14735,"3,523,53"
14736,"49,23,24"
14737,"60,197,10"
14738,"3,4,19"
14739,"216,212,211"
14740,"10,220"
14741,"220,10"
14742,"24,43,23"
14743,"40,184,243"
14744,"40,131,406"
14745,"64,10,448"
14746,"23,3"
14747,"0,271,265"
14748,"448,10,23"
14749,"23,74,94"
14750,"23,74,118"
14751,"199,170,323"
14752,"199,170,171"
14753,"64,10,40"
14754,"0,216,271"
14755,"40,41,128"
14756,"0,271"
14757,"3,15,16"
14758,"31,40,96"
14759,"40,131,241"
14760,"3,85,86"
14761,"337,170,296"
14762,"147,156,3"
14763,"145,72,44"
14764,"169,170,160"
14765,"21,3,187"
14766,"169,199"
14767,"3,21,48"
14768,"131,40"
14769,"74,118,23"
14770,"255,372,0"
14771,"24,23,49"
14772,"0,271,291"
14773,"3,21"
14774,"17,3,320"
14775,"3,17"
14776,"3,34,263"
14777,"311,426,259"
14778,"3,523,53"
14779,"3,30,53"
14780,"0,218,446"
14781,"40,402,145"
14782,"8,0,514"
14783,"3,53,523"
14784,"24,49,23"
14785,"40,131,241"
14786,"523,53,3"
14787,"64,10,80"
14788,"40,145,478"
14789,"10,64,80"
14790,"350,0,8"
14791,"40,160,302"
14792,"49,23,24"
14793,"44,145,45"
14794,"10,64,90"
14795,"40,145,146"
14796,"3,53"
14797,"231,26,23"
14798,"40,131,145"
14799,"271,0,291"
14800,"23,38,137"
14801,"40,131"
14802,"337,296,251"
14803,"3,5,156"
14804,"23,24,89"
14805,"0,216"
14806,"3,301,21"
14807,"40,184,494"
14808,"23,24,43"
14809,"3,21,17"
14810,"3,4,435"
14811,"3,30,81"
14812,"0,271,216"
14813,"3,52,51"
14814,"145,44,45"
14815,"145,24,40"
14816,"3,204,13"
14817,"10,11"
14818,"10,220"
14819,"23,26,89"
14820,"60,92,10"
14821,"3,301,21"
14822,"40,135,138"
14823,"0,265,349"
14824,"199,23,281"
14825,"3,100,21"
14826,"5,3,6"
14827,"0,265"
14828,"3,4,183"
14829,"40,128,130"
14830,"23,74,303"
14831,"3,34,51"
14832,"220,10"
14833,"145,44,45"
14834,"0,271,291"
14835,"23,231,26"
14836,"222,100,40"
14837,"40,186,128"
14838,"38,71,24"
14839,"10,220"
14840,"0,271,291"
14841,"3,21"
14842,"26,23,350"
14843,"23,31,32"
14844,"3,523,53"
14845,"311,337,426"
14846,"40,128,130"
14847,"21,40,3"
14848,"40,160"
14849,"3,523,21"
14850,"220,10"
14851,"147,148,3"
14852,"74,23,317"
14853,"0,271,444"
14854,"10,11,12"
14855,"0,346,313"
14856,"40,128,129"
14857,"0,8,206"
14858,"40,41,224"
14859,"23,24,49"
14860,"40,131,406"
14861,"21,3"
14862,"3,21"
14863,"40,201,41"
14864,"41,40,224"
14865,"40,146,145"
14866,"3,263,34"
14867,"3,21,301"
14868,"145,44,45"
14869,"40,315,160"
14870,"40,10,145"
14871,"10,11"
14872,"3,4,435"
14873,"3,15,16"
14874,"10,220"
14875,"337,251,296"
14876,"3,17,320"
14877,"3,147,148"
14878,"10,220"
14879,"3,21,187"
14880,"111,3,112"
14881,"0,271,291"
14882,"3,21,187"
14883,"49,23,24"
14884,"44,73,145"
14885,"3,4"
14886,"0,291,271"
14887,"0,216,370"
14888,"26,23,350"
14889,"13,3,204"
14890,"23,31,32"
14891,"10,64,80"
14892,"21,3,41"
14893,"3,34,263"
14894,"31,23,96"
14895,"0,265,349"
14896,"426,311,259"
14897,"40,145,402"
14898,"23,105"
14899,"0,265"
14900,"71,24,38"
14901,"317,74,23"
14902,"40,131"
14903,"40,402,145"
14904,"170,199,169"
14905,"40,135,431"
14906,"145,45,44"
14907,"135,40,138"
14908,"40,160,315"
14909,"23,0,26"
14910,"3,13,204"
14911,"40,135,250"
14912,"0,277,458"
14913,"40,241,131"
14914,"0,265,418"
14915,"64,10,80"
14916,"23,24,49"
14917,"311,426,3"
14918,"3,21,17"
14919,"135,40,138"
14920,"49,24,23"
14921,"169,296"
14922,"40,41,224"
14923,"43,23,24"
14924,"0,271"
14925,"0,255,271"
14926,"3,296,300"
14927,"44,145"
14928,"40,131,406"
14929,"3,21,301"
14930,"169,339,337"
14931,"0,89"
14932,"23,145,24"
14933,"0,418,265"
14934,"199,96,170"
14935,"169,296,417"
14936,"0,360,271"
14937,"40,131,241"
14938,"23,74,38"
14939,"3,21,265"
14940,"0,255,271"
14941,"220,10,24"
14942,"3,21"
14943,"3,21"
14944,"3,51,52"
14945,"40,160,315"
14946,"3,435,4"
14947,"74,23,317"
14948,"169,296"
14949,"3,169,182"
14950,"40,143,10"
14951,"3,111,15"
14952,"40,402,38"
14953,"0,313,346"
14954,"23,24,38"
14955,"31,199,171"
14956,"40,128,195"
14957,"131,40,241"
14958,"3,13,401"
14959,"40,131,241"
14960,"40,139,153"
14961,"38,71,24"
14962,"0,23"
14963,"0,255,271"
14964,"40,131,241"
14965,"0,38,23"
14966,"169,170,459"
14967,"3,523,53"
14968,"23,74"
14969,"3,4,19"
14970,"40,128,129"
14971,"3,40,164"
14972,"49,24"
14973,"40,131,175"
14974,"10,64,80"
14975,"199,170,171"
14976,"0,271,291"
14977,"271,0"
14978,"426,311,259"
14979,"10,64,93"
14980,"0,271,216"
14981,"40,131,406"
14982,"3,21,301"
14983,"128,40,186"
14984,"0,271,337"
14985,"0,346,313"
14986,"0,8"
14987,"0,271"
14988,"25,145,24"
14989,"296,405,169"
14990,"3,51,52"
14991,"145,44,23"
14992,"0,271,291"
14993,"3,21"
14994,"3,4"
14995,"3,21"
14996,"10,64,93"
14997,"296,337,251"
14998,"23,43,24"
14999,"10,93,64"
15000,"40,160,315"
15001,"3,111,53"
15002,"494,40,184"
15003,"10,11,44"
15004,"170,171,199"
15005,"23,74,118"
15006,"40,131"
15007,"23,49,24"
15008,"23,49,24"
15009,"169,40,426"
15010,"3,169"
15011,"131,40"
15012,"40,128,0"
15013,"3,21,40"
15014,"10,145,60"
15015,"3,15"
15016,"199,170,171"
15017,"3,34,13"
15018,"10,95,54"
15019,"171,199,170"
15020,"74,23,118"
15021,"337,23,296"
15022,"40,149,41"
15023,"64,10,80"
15024,"3,301,21"
15025,"8,308,0"
15026,"3,21,187"
15027,"3,21,127"
15028,"0,40,271"
15029,"40,131,406"
15030,"23,74,303"
15031,"0,271"
15032,"17,320,3"
15033,"148,147,3"
15034,"3,21,301"
15035,"3,147"
15036,"3,51,52"
15037,"3,51,52"
15038,"271,291,0"
15039,"0,254,216"
15040,"10,220"
15041,"169,296,23"
15042,"10,64,90"
15043,"0,8,206"
15044,"3,21"
15045,"21,164,3"
15046,"3,111,21"
15047,"0,218,337"
15048,"40,128,184"
15049,"10,64,93"
15050,"40,236,135"
15051,"3,4,435"
15052,"3,187,21"
15053,"251,337,296"
15054,"216,212,211"
15055,"23,38,309"
15056,"0,291,498"
15057,"40,145,402"
15058,"3,21"
15059,"0,370,216"
15060,"10,64,93"
15061,"199,170,323"
15062,"147,148,3"
15063,"199,170,323"
15064,"44,45,145"
15065,"337,311,426"
15066,"40,131,241"
15067,"3,21,52"
15068,"21,3,187"
15069,"3,53,182"
15070,"3,0,111"
15071,"3,4,435"
15072,"3,156"
15073,"3,111,112"
15074,"40,135"
15075,"169,428,3"
15076,"3,147,148"
15077,"24,43,23"
15078,"220,10"
15079,"3,147,148"
15080,"145,40,181"
15081,"0,271,308"
15082,"24,49,23"
15083,"40,128,131"
15084,"40,131,406"
15085,"44,145,45"
15086,"220,10"
15087,"0,265,349"
15088,"23,74,118"
15089,"346,313,0"
15090,"0,271,291"
15091,"4,3,435"
15092,"3,21,127"
15093,"40,402,145"
15094,"3,21"
15095,"3,21,187"
15096,"40,160,315"
15097,"145,72,44"
15098,"0,216,354"
15099,"0,271,40"
15100,"40,135,141"
15101,"40,41,3"
15102,"3,111,275"
15103,"3,17,143"
15104,"3,147,148"
15105,"0,265,418"
15106,"23,43,24"
15107,"0,271,291"
15108,"145,24,25"
15109,"38,24,23"
15110,"337,169,339"
15111,"3,204,13"
15112,"23,74"
15113,"25,24,23"
15114,"40,146,151"
15115,"40,131"
15116,"3,156,147"
15117,"59,10,205"
15118,"145,44,45"
15119,"337,311,426"
15120,"147,3,148"
15121,"3,34,15"
15122,"40,402,145"
15123,"23,62,24"
15124,"40,131,241"
15125,"40,100,41"
15126,"3,4"
15127,"10,220"
15128,"216,211,212"
15129,"231,26,23"
15130,"40,131,406"
15131,"40,145"
15132,"10,64,80"
15133,"3,4,19"
15134,"3,52,51"
15135,"3,4,183"
15136,"40,128,175"
15137,"135,40,138"
15138,"40,160"
15139,"40,175,128"
15140,"0,26,350"
15141,"23,74,84"
15142,"3,4,30"
15143,"23,24,43"
15144,"10,220"
15145,"23,32,31"
15146,"3,21"
15147,"0,216,169"
15148,"0,313,346"
15149,"43,23,24"
15150,"145,40"
15151,"10,64,93"
15152,"25,24,220"
15153,"100,222,40"
15154,"3,53"
15155,"31,96,23"
15156,"199,169,281"
15157,"0,313,255"
15158,"40,145,181"
15159,"3,147,148"
15160,"23,24,49"
15161,"199,170,171"
15162,"3,28,111"
15163,"0,8,308"
15164,"10,220"
15165,"23,24,49"
15166,"0,3"
15167,"169,296,337"
15168,"3,147"
15169,"40,152,151"
15170,"38,23,24"
15171,"3,4,435"
15172,"3,4,111"
15173,"145,24,23"
15174,"169,199,170"
15175,"3,17"
15176,"40,145,181"
15177,"169,199,281"
15178,"523,53,3"
15179,"197,60,10"
15180,"3,42,41"
15181,"3,21,164"
15182,"23,24,25"
15183,"220,10"
15184,"3,53,523"
15185,"296,169"
15186,"23,74,303"
15187,"31,23,32"
15188,"0,271"
15189,"40,145"
15190,"3,4,435"
15191,"0,206,8"
15192,"3,21,48"
15193,"38,23,91"
15194,"156,147,3"
15195,"145,40"
15196,"0,271,291"
15197,"3,147,148"
15198,"3,120,5"
15199,"40,131,406"
15200,"131,40,241"
15201,"40,128"
15202,"3,53"
15203,"23,24,49"
15204,"145,44,45"
15205,"0,265,349"
15206,"3,23,105"
15207,"3,21"
15208,"3,21"
15209,"0,349,265"
15210,"10,220"
15211,"10,220"
15212,"3,21,187"
15213,"3,182,21"
15214,"145,44,72"
15215,"3,41,21"
15216,"0,271,456"
15217,"23,74,303"
15218,"10,11"
15219,"40,128,186"
15220,"145,45,44"
15221,"216,212,211"
15222,"43,24,23"
15223,"0,291,271"
15224,"23,26,350"
15225,"40,131,135"
15226,"40,131,241"
15227,"10,11,145"
15228,"337,296,251"
15229,"40,131,406"
15230,"10,64,60"
15231,"0,23,346"
15232,"0,218,446"
15233,"13,3"
15234,"311,426,337"
15235,"40,145,402"
15236,"3,21,22"
15237,"40,135,431"
15238,"311,0,337"
15239,"10,220"
15240,"145,10"
15241,"44,145"
15242,"169,170,199"
15243,"10,205,11"
15244,"64,10,80"
15245,"3,21,127"
15246,"64,10,80"
15247,"0,271,265"
15248,"23,31,32"
15249,"23,31,32"
15250,"3,147"
15251,"426,311,337"
15252,"40,402,145"
15253,"23,30,3"
15254,"40,74,23"
15255,"0,216,354"
15256,"0,271"
15257,"426,311,259"
15258,"131,40,406"
15259,"40,131,406"
15260,"3,111"
15261,"3,21,187"
15262,"40,131,23"
15263,"145,23,24"
15264,"25,24,23"
15265,"23,38,40"
15266,"40,131,406"
15267,"38,74,40"
15268,"40,135,138"
15269,"21,3,124"
15270,"0,265,340"
15271,"187,3,21"
15272,"3,21,187"
15273,"10,205,11"
15274,"220,10,221"
15275,"0,271,456"
15276,"170,171,199"
15277,"3,147"
15278,"169,170,436"
15279,"10,64"
15280,"3,4,435"
15281,"3,21,53"
15282,"40,131,241"
15283,"40,243,184"
15284,"72,145,44"
15285,"308,0,8"
15286,"21,3,40"
15287,"170,199,323"
15288,"0,265,337"
15289,"3,523,53"
15290,"10,220,221"
15291,"3,182,21"
15292,"3,51,52"
15293,"3,21"
15294,"43,24,23"
15295,"64,10,80"
15296,"10,23,95"
15297,"10,11,205"
15298,"0,265,349"
15299,"169,337,339"
15300,"3,21,127"
15301,"3,21,301"
15302,"3,331,5"
15303,"31,23,218"
15304,"296,169"
15305,"40,139,131"
15306,"131,40"
15307,"311,337,426"
15308,"10,60,239"
15309,"145,44,25"
15310,"3,21,48"
15311,"311,426,259"
15312,"3,21,182"
15313,"0,337,271"
15314,"131,40,241"
15315,"337,296,251"
15316,"0,265,376"
15317,"40,160,315"
15318,"3,4,19"
15319,"145,44"
15320,"169,508,426"
15321,"271,0,291"
15322,"23,74,118"
15323,"0,271,291"
15324,"0,271,291"
15325,"0,265,271"
15326,"169,40,160"
15327,"255,271,280"
15328,"3,30"
15329,"10,72,11"
15330,"0,271,291"
15331,"3,17,320"
15332,"0,8,235"
15333,"169,199,281"
15334,"220,10"
15335,"3,21,147"
15336,"40,74,317"
15337,"3,187,21"
15338,"3,147,21"
15339,"40,131,241"
15340,"0,265,349"
15341,"0,337,418"
15342,"21,3"
15343,"3,182,21"
15344,"0,8,206"
15345,"3,15,53"
15346,"145,69,10"
15347,"3,53,523"
15348,"3,53,523"
15349,"199,169"
15350,"3,21,111"
15351,"0,271,291"
15352,"170,169,199"
15353,"64,10,80"
15354,"296,169,306"
15355,"44,145,73"
15356,"296,169,23"
15357,"0,271,291"
15358,"44,145,45"
15359,"40,131,406"
15360,"10,205,11"
15361,"0,218,40"
15362,"3,111,112"
15363,"21,3,301"
15364,"145,40"
15365,"64,10,93"
15366,"40,131,241"
15367,"23,38,107"
15368,"40,131,134"
15369,"145,44,45"
15370,"40,131,241"
15371,"3,21,164"
15372,"49,24,23"
15373,"40,135"
15374,"3,53,523"
15375,"40,145,402"
15376,"23,24,49"
15377,"40,241,131"
15378,"0,265,418"
15379,"23,0,40"
15380,"0,8"
15381,"0,208,216"
15382,"0,291,271"
15383,"0,3,23"
15384,"3,40,33"
15385,"3,147,148"
15386,"169,199,281"
15387,"64,93,10"
15388,"346,313,0"
15389,"40,184,131"
15390,"3,15,16"
15391,"0,271,291"
15392,"3,28,364"
15393,"3,21,182"
15394,"40,131,193"
15395,"3,111,123"
15396,"31,23,328"
15397,"160,40,315"
15398,"10,220"
15399,"220,10"
15400,"199,323,170"
15401,"0,271"
15402,"60,10,239"
15403,"0,271,291"
15404,"40,145,0"
15405,"10,64"
15406,"3,17,21"
15407,"23,96,31"
15408,"0,346,313"
15409,"3,23,4"
15410,"3,147,148"
15411,"3,15,16"
15412,"0,271,456"
15413,"15,16,3"
15414,"13,3,204"
15415,"0,40,277"
15416,"60,234,21"
15417,"40,184,185"
15418,"220,10"
15419,"3,53,523"
15420,"0,271"
15421,"3,30,316"
15422,"40,38,23"
15423,"0,8,327"
15424,"0,40"
15425,"0,265,257"
15426,"271,0,291"
15427,"169,199"
15428,"40,406,131"
15429,"0,271"
15430,"40,145,181"
15431,"23,43,24"
15432,"3,21,111"
15433,"31,23,32"
15434,"10,64,93"
15435,"145,40,402"
15436,"40,131,241"
15437,"3,21"
15438,"10,220"
15439,"3,21"
15440,"26,23,89"
15441,"10,60,239"
15442,"40,145,38"
15443,"38,23,94"
15444,"23,24,43"
15445,"3,21,127"
15446,"23,74,84"
15447,"21,3,124"
15448,"139,40,153"
15449,"38,23,39"
15450,"169,199,343"
15451,"3,111,123"
15452,"40,160,315"
15453,"426,508,169"
15454,"0,40"
15455,"3,21,187"
15456,"3,53,523"
15457,"26,40"
15458,"3,21"
15459,"135,40,138"
15460,"145,44,45"
15461,"0,8,235"
15462,"3,21,51"
15463,"3,21,147"
15464,"44,145,73"
15465,"164,3,21"
15466,"8,0,405"
15467,"0,314,366"
15468,"221,220,10"
15469,"3,30,53"
15470,"145,44,45"
15471,"211,212,0"
15472,"0,346,313"
15473,"23,74,283"
15474,"10,220,0"
15475,"3,111,112"
15476,"40,139"
15477,"10,145,44"
15478,"337,251,296"
15479,"145,40,402"
15480,"3,17,320"
15481,"311,426,259"
15482,"145,73,44"
15483,"199,169"
15484,"3,53,68"
15485,"231,23,26"
15486,"23,74,303"
15487,"216,211,212"
15488,"3,15,16"
15489,"3,34,447"
15490,"0,311,271"
15491,"24,23,59"
15492,"40,0,271"
15493,"21,3,301"
15494,"3,435,4"
15495,"40,145,181"
15496,"170,171,199"
15497,"199,169"
15498,"255,280,271"
15499,"169,21,339"
15500,"0,265"
15501,"147,3,148"
15502,"10,64,93"
15503,"40,131,406"
15504,"24,23,25"
15505,"40,41,224"
15506,"0,271,291"
15507,"40,138,135"
15508,"3,182,21"
15509,"23,24,62"
15510,"23,38,87"
15511,"271,0,291"
15512,"10,64,80"
15513,"3,5,147"
15514,"337,311,426"
15515,"296,169"
15516,"40,131,241"
15517,"23,31,32"
15518,"24,0,10"
15519,"169,170,160"
15520,"199,170,323"
15521,"40,184"
15522,"40,145,181"
15523,"3,143,34"
15524,"216,304,0"
15525,"3,119,111"
15526,"184,494,40"
15527,"3,5"
15528,"31,296,23"
15529,"0,271,291"
15530,"3,21"
15531,"134,40,131"
15532,"3,53"
15533,"8,0,405"
15534,"10,64,93"
15535,"3,227,30"
15536,"40,131,193"
15537,"40,135,250"
15538,"3,21,48"
15539,"10,60,11"
15540,"3,21,169"
15541,"23,231,26"
15542,"23,26,231"
15543,"231,26,23"
15544,"3,111,148"
15545,"10,64,90"
15546,"3,21"
15547,"24,43,23"
15548,"3,21"
15549,"13,3,204"
15550,"10,93,64"
15551,"3,164"
15552,"40,145,181"
15553,"23,0,38"
15554,"145,129,40"
15555,"0,8,391"
15556,"10,64,93"
15557,"3,21"
15558,"3,4"
15559,"23,24,49"
15560,"3,21"
15561,"220,10"
15562,"3,21,48"
15563,"131,40,406"
15564,"3,53"
15565,"3,4"
15566,"3,21"
15567,"23,43,24"
15568,"40,145,181"
15569,"24,43,23"
15570,"131,40,241"
15571,"169,34,311"
15572,"64,10,80"
15573,"3,111,21"
15574,"311,426,337"
15575,"0,8,206"
15576,"3,21,10"
15577,"40,145,181"
15578,"10,64,93"
15579,"311,426,337"
15580,"0,271,291"
15581,"0,271,455"
15582,"23,38,107"
15583,"0,8,206"
15584,"0,265,273"
15585,"10,220"
15586,"3,4"
15587,"40,402,145"
15588,"311,170,426"
15589,"170,171,199"
15590,"23,74"
15591,"24,23,25"
15592,"10,64,93"
15593,"0,265"
15594,"13,3,204"
15595,"10,220"
15596,"40,402,145"
15597,"3,21,182"
15598,"40,145,146"
15599,"271,0,291"
15600,"3,111,267"
15601,"3,21"
15602,"23,38"
15603,"31,23"
15604,"0,40,271"
15605,"40,145"
15606,"3,21,187"
15607,"0,40,271"
15608,"0,8"
15609,"40,131,406"
15610,"21,3,22"
15611,"21,3,187"
15612,"38,24,71"
15613,"3,147,164"
15614,"13,3,14"
15615,"40,402,145"
15616,"74,23,118"
15617,"40,128,129"
15618,"40,145,10"
15619,"10,64,93"
15620,"40,145,402"
15621,"3,21,127"
15622,"40,193,131"
15623,"40,184,131"
15624,"199,169"
15625,"40,128,195"
15626,"3,53,21"
15627,"0,8"
15628,"311,426,337"
15629,"3,4"
15630,"3,53,21"
15631,"40,128,241"
15632,"0,265,418"
15633,"170,199,323"
15634,"3,15,16"
15635,"0,8,265"
15636,"64,10,80"
15637,"40,160,315"
15638,"145,40"
15639,"40,128,408"
15640,"0,271,291"
15641,"45,145,44"
15642,"0,271,208"
15643,"40,186,128"
15644,"40,145,146"
15645,"23,38,309"
15646,"0,346,313"
15647,"0,8,235"
15648,"3,53,523"
15649,"3,21,34"
15650,"0,216,277"
15651,"3,15,16"
15652,"8,0,405"
15653,"10,64"
15654,"21,3,187"
15655,"3,53,523"
15656,"3,4,188"
15657,"40,131,406"
15658,"10,64,93"
15659,"145,44,45"
15660,"0,271"
15661,"3,34,21"
15662,"38,23,91"
15663,"23,24,38"
15664,"0,265"
15665,"199,169,40"
15666,"3,156,147"
15667,"13,204,3"
15668,"128,129,40"
15669,"0,251,296"
15670,"135,141"
15671,"271,0,291"
15672,"145,40,402"
15673,"220,10"
15674,"24,145,25"
15675,"3,187,21"
15676,"0,277,458"
15677,"0,265,8"
15678,"74,23,135"
15679,"24,23,25"
15680,"40,135,431"
15681,"170,199,171"
15682,"0,271,291"
15683,"0,271,255"
15684,"3,21,301"
15685,"3,147,21"
15686,"24,43,23"
15687,"291,0,271"
15688,"3,21,187"
15689,"23,49,24"
15690,"0,271,291"
15691,"40,184,185"
15692,"40,296,169"
15693,"145,80,44"
15694,"426,311,259"
15695,"0,265,349"
15696,"3,4,435"
15697,"44,145,45"
15698,"60,239"
15699,"296,40,111"
15700,"10,60,239"
15701,"40,128,175"
15702,"0,8,206"
15703,"169,199"
15704,"3,4,435"
15705,"3,53,523"
15706,"3,21,48"
15707,"3,15,16"
15708,"111,3"
15709,"0,346,313"
15710,"3,301,8"
15711,"3,4"
15712,"10,64,40"
15713,"3,4"
15714,"40,131,406"
15715,"72,145,44"
15716,"40,131,406"
15717,"23,43,24"
15718,"0,271,291"
15719,"40,160,184"
15720,"145,23,44"
15721,"3,4,435"
15722,"171,199,170"
15723,"3,13,204"
15724,"3,35,36"
15725,"31,0,481"
15726,"169,296"
15727,"3,4,176"
15728,"426,311,259"
15729,"40,131,128"
15730,"40,169,170"
15731,"3,53,287"
15732,"0,271"
15733,"23,350,26"
15734,"3,21"
15735,"3,5,21"
15736,"23,495"
15737,"0,271,291"
15738,"24,23,49"
15739,"40,184,494"
15740,"23,49,24"
15741,"313,346,0"
15742,"0,211,319"
15743,"0,265,349"
15744,"145,40,493"
15745,"0,40,241"
15746,"145,44,72"
15747,"23,24"
15748,"23,24,43"
15749,"0,255,216"
15750,"3,34,143"
15751,"3,21,187"
15752,"169,296,306"
15753,"0,208,271"
15754,"3,34,17"
15755,"3,4,435"
15756,"3,111,52"
15757,"24,23,49"
15758,"40,131,406"
15759,"61,60,10"
15760,"44,145,45"
15761,"40,128,175"
15762,"26,23,0"
15763,"40,128,129"
15764,"3,40,164"
15765,"426,311,259"
15766,"224,41,111"
15767,"3,31,96"
15768,"23,32,31"
15769,"3,21,127"
15770,"3,21"
15771,"337,311,169"
15772,"23,38,309"
15773,"169,199,343"
15774,"0,265,349"
15775,"0,271,216"
15776,"0,8,206"
15777,"40,128,186"
15778,"145,44,45"
15779,"23,24,43"
15780,"199,170,171"
15781,"13,3,204"
15782,"0,346,313"
15783,"64,10,80"
15784,"3,21,5"
15785,"40,402,145"
15786,"0,346,313"
15787,"95,54,10"
15788,"3,21,301"
15789,"10,11"
15790,"10,64,93"
15791,"40,131,241"
15792,"3,85,86"
15793,"10,64,80"
15794,"0,265,418"
15795,"10,220"
15796,"3,5"
15797,"3,21,301"
15798,"3,331,5"
15799,"0,265,418"
15800,"220,10,221"
15801,"40,139"
15802,"41,40,42"
15803,"170,199,171"
15804,"523,53,3"
15805,"3,4,435"
15806,"0,218,512"
15807,"271,0,291"
15808,"169,3,199"
15809,"311,337,426"
15810,"145,40,10"
15811,"165,23,74"
15812,"41,40,111"
15813,"25,23,24"
15814,"41,224,40"
15815,"3,21,147"
15816,"199,169"
15817,"23,118,74"
15818,"31,454,23"
15819,"0,265,418"
15820,"145,72,44"
15821,"3,21,263"
15822,"44,145,72"
15823,"44,45,145"
15824,"311,426,259"
15825,"131,40,241"
15826,"23,24,25"
15827,"0,313,346"
15828,"0,337,296"
15829,"0,265,340"
15830,"3,147,148"
15831,"3,17,143"
15832,"3,21"
15833,"40,402,145"
15834,"23,25,24"
15835,"3,21,187"
15836,"23,38,88"
15837,"23,38"
15838,"40,184,131"
15839,"10,64,93"
15840,"169,281,199"
15841,"40,241,131"
15842,"169,337,339"
15843,"64,10,80"
15844,"3,15,16"
15845,"64,10,80"
15846,"72,44,145"
15847,"24,49,23"
15848,"10,64,80"
15849,"23,26,231"
15850,"30,3,81"
15851,"23,40"
15852,"3,53,30"
15853,"23,43,24"
15854,"170,199,171"
15855,"23,31,290"
15856,"40,145,146"
15857,"4,3,435"
15858,"3,0"
15859,"0,8,308"
15860,"23,26,231"
15861,"0,8,206"
15862,"23,49,24"
15863,"3,4,435"
15864,"10,220"
15865,"40,74,23"
15866,"265,0,340"
15867,"3,187,21"
15868,"0,360,271"
15869,"10,11"
15870,"40,160,315"
15871,"40,145,181"
15872,"265,0,49"
15873,"3,21,301"
15874,"0,271"
15875,"40,128,175"
15876,"0,271"
15877,"10,64,93"
15878,"40,131"
15879,"21,3,102"
15880,"40,23,160"
15881,"3,111,275"
15882,"0,265,349"
15883,"60,61,145"
15884,"24,23,49"
15885,"3,21,187"
15886,"26,23,89"
15887,"40,135,250"
15888,"323,170,199"
15889,"0,271,366"
15890,"3,301,21"
15891,"128,40,186"
15892,"3,4,435"
15893,"3,182,21"
15894,"211,212,216"
15895,"3,4,435"
15896,"40,139,286"
15897,"40,162,135"
15898,"0,218,255"
15899,"169,23,31"
15900,"350,23,26"
15901,"0,255,271"
15902,"145,45,44"
15903,"10,220"
15904,"0,265,340"
15905,"485,3,313"
15906,"23,38,39"
15907,"199,170,171"
15908,"3,13,204"
15909,"3,21,164"
15910,"26,231,23"
15911,"40,128,175"
15912,"0,279,249"
15913,"169,199,281"
15914,"169,296,40"
15915,"3,21"
15916,"40,135"
15917,"40,131,406"
15918,"0,255,348"
15919,"135,40,138"
15920,"0,8,206"
15921,"3,15,16"
15922,"10,64,93"
15923,"220,10"
15924,"10,220"
15925,"64,10"
15926,"131,40,406"
15927,"8,0,308"
15928,"3,17"
15929,"40,135,431"
15930,"10,93,64"
15931,"0,218,457"
15932,"3,40,41"
15933,"3,187,21"
15934,"23,24,49"
15935,"426,311,259"
15936,"109,24,11"
15937,"5,3"
15938,"145,402,40"
15939,"3,21,187"
15940,"8,0,405"
15941,"74,23,118"
15942,"40,131,406"
15943,"145,40,402"
15944,"337,296,251"
15945,"72,38,145"
15946,"3,147,203"
15947,"23,24,43"
15948,"23,38,31"
15949,"3,21,187"
15950,"0,271,291"
15951,"10,220"
15952,"41,40,224"
15953,"10,220"
15954,"40,402,145"
15955,"145,44,45"
15956,"3,21"
15957,"0,265,340"
15958,"40,151,152"
15959,"3,4,19"
15960,"3,40,21"
15961,"3,53,523"
15962,"0,265,340"
15963,"3,17"
15964,"3,15,111"
15965,"23,38,40"
15966,"3,21,301"
15967,"64,10,93"
15968,"208,0,369"
15969,"0,216,370"
15970,"23,74,165"
15971,"3,301,21"
15972,"3,311,287"
15973,"145,40,402"
15974,"10,220"
15975,"10,323,199"
15976,"145,181,40"
15977,"0,265,418"
15978,"3,301,51"
15979,"3,187,21"
15980,"145,40,402"
15981,"220,10"
15982,"271,0"
15983,"44,145,72"
15984,"271,0,456"
15985,"3,147,148"
15986,"10,220"
15987,"23,74,303"
15988,"349,265,0"
15989,"38,309"
15990,"3,21,164"
15991,"23,220,24"
15992,"160,10,315"
15993,"26,23,44"
15994,"145,44,45"
15995,"169,170,459"
15996,"145,44,69"
15997,"23,89,26"
15998,"3,21"
15999,"311,426,259"
16000,"40,160,315"
16001,"128,129,40"
16002,"64,10,448"
16003,"3,4,331"
16004,"40,402,145"
16005,"3,135,325"
16006,"23,24,43"
16007,"40,152,151"
16008,"170,199,171"
16009,"3,147,203"
16010,"0,271,360"
16011,"74,23,283"
16012,"40,41,224"
16013,"3,85,86"
16014,"3,21"
16015,"74,165,23"
16016,"271,0,291"
16017,"25,24,23"
16018,"40,145,146"
16019,"40,139,153"
16020,"426,311,259"
16021,"3,21,182"
16022,"3,21,301"
16023,"3,10,60"
16024,"169,170,199"
16025,"145,44,45"
16026,"10,220"
16027,"169,296,452"
16028,"3,21,164"
16029,"3,21"
16030,"10,93,64"
16031,"3,21,127"
16032,"10,64"
16033,"3,13,139"
16034,"0,271,265"
16035,"220,10,24"
16036,"0,311,277"
16037,"40,131,38"
16038,"0,145,448"
16039,"40,3,41"
16040,"0,457,218"
16041,"0,216,128"
16042,"3,53,287"
16043,"0,8,206"
16044,"3,15,16"
16045,"169,296,333"
16046,"40,131,3"
16047,"40,145,402"
16048,"3,147,148"
16049,"40,131,241"
16050,"145,44,40"
16051,"23,296,74"
16052,"40,135,138"
16053,"131,40,406"
16054,"31,23,32"
16055,"3,53,523"
16056,"23,31,169"
16057,"308,8,0"
16058,"40,41,128"
16059,"0,8,206"
16060,"23,31,25"
16061,"0,271,456"
16062,"3,4,435"
16063,"64,10,40"
16064,"3,21,127"
16065,"53,3,523"
16066,"3,17"
16067,"271,0,291"
16068,"3,21,301"
16069,"40,128"
16070,"0,271"
16071,"3,13,204"
16072,"3,17"
16073,"169,508,426"
16074,"23,74,118"
16075,"40,128,175"
16076,"160,40,315"
16077,"40,160,315"
16078,"0,218,214"
16079,"426,311,259"
16080,"0,271,255"
16081,"3,13,111"
16082,"26,23,89"
16083,"3,21"
16084,"64,80,10"
16085,"3,21,33"
16086,"3,148,147"
16087,"199,426,169"
16088,"40,131,406"
16089,"23,38,309"
16090,"38,309,23"
16091,"10,64,93"
16092,"3,5,4"
16093,"40,10,220"
16094,"0,23,231"
16095,"3,301,21"
16096,"0,206,8"
16097,"199,170,323"
16098,"0,308,8"
16099,"3,4,21"
16100,"271,0,280"
16101,"38,63,23"
16102,"0,8,235"
16103,"10,64,80"
16104,"156,3,147"
16105,"0,21,301"
16106,"23,38,309"
16107,"3,0"
16108,"10,220"
16109,"3,156,147"
16110,"38,23,91"
16111,"3,40,30"
16112,"271,0,456"
16113,"145,44,45"
16114,"3,21"
16115,"0,8,206"
16116,"24,25,23"
16117,"64,10,80"
16118,"44,145,45"
16119,"23,74,40"
16120,"40,131"
16121,"3,120,121"
16122,"40,145"
16123,"13,3,204"
16124,"0,271,366"
16125,"3,21,187"
16126,"0,271"
16127,"311,426,259"
16128,"23,38,88"
16129,"199,171,170"
16130,"25,0,40"
16131,"40,145,181"
16132,"0,211,216"
16133,"3,5,4"
16134,"0,265,271"
16135,"3,187"
16136,"40,337,195"
16137,"10,220,23"
16138,"3,21,41"
16139,"69,145,44"
16140,"3,34,447"
16141,"23,49"
16142,"23,26,8"
16143,"0,271,31"
16144,"271,0,291"
16145,"40,131,406"
16146,"10,64,220"
16147,"3,13,506"
16148,"40,145,181"
16149,"10,220,221"
16150,"24,43,23"
16151,"3,51,52"
16152,"23,24,43"
16153,"337,251,296"
16154,"26,89,23"
16155,"3,331,5"
16156,"3,147,148"
16157,"3,17,320"
16158,"145,44"
16159,"21,3,124"
16160,"3,147,148"
16161,"10,220"
16162,"156,3,147"
16163,"24,23,38"
16164,"3,21,301"
16165,"8,0,206"
16166,"10,64,90"
16167,"3,17"
16168,"3,4"
16169,"64,10,80"
16170,"145,40,402"
16171,"23,26,350"
16172,"3,156,147"
16173,"0,216,370"
16174,"3,148,147"
16175,"40,135,431"
16176,"0,271"
16177,"3,34"
16178,"301,3,21"
16179,"0,8,410"
16180,"169,34"
16181,"3,21,187"
16182,"3,147,148"
16183,"0,337,311"
16184,"23,24,43"
16185,"10,64,90"
16186,"3,4"
16187,"281,199,169"
16188,"44,145,45"
16189,"3,301,21"
16190,"23,74,118"
16191,"10,64,90"
16192,"45,145,44"
16193,"145,40,10"
16194,"0,216,145"
16195,"3,21"
16196,"40,128,0"
16197,"0,301,21"
16198,"3,21,127"
16199,"43,24,23"
16200,"40,296,128"
16201,"10,64,80"
16202,"251,337,296"
16203,"3,21"
16204,"3,21,48"
16205,"0,271,291"
16206,"40,128"
16207,"3,21,13"
16208,"10,11,12"
16209,"3,51,52"
16210,"15,16,3"
16211,"3,70,4"
16212,"3,5,4"
16213,"311,337,426"
16214,"311,426,259"
16215,"10,64,80"
16216,"23,38,74"
16217,"3,147,148"
16218,"40,145,402"
16219,"3,21,301"
16220,"0,216,8"
16221,"3,21,301"
16222,"23,31"
16223,"3,85,86"
16224,"10,54,322"
16225,"3,40"
16226,"40,128,131"
16227,"0,206,8"
16228,"147,3,148"
16229,"23,49,24"
16230,"3,21,115"
16231,"24,49,23"
16232,"3,16,15"
16233,"145,44,72"
16234,"10,60,489"
16235,"40,128,175"
16236,"23,199,145"
16237,"64,10,80"
16238,"3,51,10"
16239,"311,3,312"
16240,"60,10,170"
16241,"3,21,435"
16242,"170,199,323"
16243,"0,271,311"
16244,"199,170,323"
16245,"3,111"
16246,"44,45,145"
16247,"3,21,48"
16248,"170,169,199"
16249,"74,23,317"
16250,"10,220"
16251,"0,216,257"
16252,"40,128,186"
16253,"3,523"
16254,"3,435,147"
16255,"23,24,49"
16256,"3,51,52"
16257,"23,24,25"
16258,"199,170,171"
16259,"3,21"
16260,"0,271,291"
16261,"3,17,51"
16262,"218,0,509"
16263,"41,224,40"
16264,"170,199,171"
16265,"64,10,80"
16266,"0,271"
16267,"3,21,182"
16268,"0,218"
16269,"170,199,323"
16270,"296,169,336"
16271,"131,40,241"
16272,"80,64,23"
16273,"10,64,93"
16274,"3,4,435"
16275,"337,311,426"
16276,"3,30,52"
16277,"3,4,5"
16278,"0,271"
16279,"40,160,315"
16280,"145,45,44"
16281,"3,21,301"
16282,"23,31,32"
16283,"0,216,380"
16284,"3,21,182"
16285,"40,437,145"
16286,"40,160"
16287,"40,128,186"
16288,"3,111,21"
16289,"23,24,43"
16290,"93,10,64"
16291,"199,323,170"
16292,"199,170,323"
16293,"40,241,131"
16294,"199,170,323"
16295,"23,26"
16296,"24,25,220"
16297,"40,145,402"
16298,"131,40,241"
16299,"131,40,406"
16300,"40,139,153"
16301,"135,40,250"
16302,"10,64,60"
16303,"0,265,418"
16304,"0,8,327"
16305,"40,160,315"
16306,"0,208,369"
16307,"3,21,187"
16308,"218,0,446"
16309,"3,523,111"
16310,"3,147,148"
16311,"145,44,73"
16312,"3,148,21"
16313,"24,25,23"
16314,"3,5,4"
16315,"64,10,80"
16316,"3,17,320"
16317,"44,145,45"
16318,"44,45,145"
16319,"64,10,93"
16320,"265,24,0"
16321,"0,8"
16322,"23,43,24"
16323,"255,271,280"
16324,"3,21,187"
16325,"3,53,147"
16326,"0,208,521"
16327,"0,418,265"
16328,"3,21"
16329,"3,4"
16330,"0,350,26"
16331,"40,135,138"
16332,"40,41,215"
16333,"10,40,145"
16334,"169,170,260"
16335,"0,296,417"
16336,"3,17"
16337,"0,216,354"
16338,"8,0,206"
16339,"3,301"
16340,"3,21,301"
16341,"169,296,31"
16342,"0,216"
16343,"0,8"
16344,"40,160,315"
16345,"40,41,224"
16346,"500,417,3"
16347,"40,402,145"
16348,"40,131,134"
16349,"64,10,93"
16350,"211,212,216"
16351,"23,74"
16352,"23,31,96"
16353,"40,195,128"
16354,"64,93,10"
16355,"40,241,131"
16356,"10,220,221"
16357,"0,216,218"
16358,"40,131,406"
16359,"426,40,311"
16360,"3,4,435"
16361,"64,10,80"
16362,"40,131,41"
16363,"3,4,435"
16364,"220,10"
16365,"10,220"
16366,"3,21,124"
16367,"0,249,279"
16368,"3,51,52"
16369,"23,49,24"
16370,"160,40,302"
16371,"23,31,32"
16372,"170,169,459"
16373,"0,271,291"
16374,"170,199"
16375,"170,199,171"
16376,"0,291,271"
16377,"523,53,3"
16378,"38,23,63"
16379,"0,271"
16380,"40,41,224"
16381,"308,8,0"
16382,"3,301,21"
16383,"21,3,301"
16384,"0,271,360"
16385,"64,10,93"
16386,"23,38,63"
16387,"8,38,24"
16388,"3,111,282"
16389,"311,0,426"
16390,"40,145,402"
16391,"64,10,80"
16392,"145,199,170"
16393,"40,160,315"
16394,"3,53,523"
16395,"40,146,145"
16396,"3,4,19"
16397,"145,40,402"
16398,"24,49,23"
16399,"271,0,456"
16400,"3,0,53"
16401,"64,10,93"
16402,"145,44,45"
16403,"426,259,311"
16404,"3,21"
16405,"40,135"
16406,"92,10,60"
16407,"10,64,80"
16408,"0,8,206"
16409,"0,26,23"
16410,"0,8,206"
16411,"21,124"
16412,"220,10"
16413,"0,271,308"
16414,"44,145,72"
16415,"0,271,249"
16416,"337,296,251"
16417,"41,40,42"
16418,"3,15,16"
16419,"231,26,0"
16420,"160,334,40"
16421,"40,131,160"
16422,"3,17,320"
16423,"31,23,32"
16424,"41,3,21"
16425,"220,10"
16426,"0,255,271"
16427,"3,4,435"
16428,"40,3,17"
16429,"23,26,38"
16430,"3,147,30"
16431,"145,40,402"
16432,"40,135,138"
16433,"145,40,402"
16434,"40,160,315"
16435,"3,5,147"
16436,"212,216,211"
16437,"54,10,145"
16438,"3,301,21"
16439,"10,220"
16440,"23,74,118"
16441,"24,49,23"
16442,"26,23,231"
16443,"10,220,145"
16444,"3,21,301"
16445,"199,169"
16446,"3,4,19"
16447,"145,44"
16448,"10,64,80"
16449,"23,38,84"
16450,"10,11,12"
16451,"3,17"
16452,"4,3"
16453,"40,128,160"
16454,"38,23,71"
16455,"3,21,182"
16456,"3,52,51"
16457,"40,128,195"
16458,"23,24"
16459,"3,81,199"
16460,"10,12,61"
16461,"3,156,147"
16462,"3,21,311"
16463,"145,44,45"
16464,"10,64,80"
16465,"169,296"
16466,"40,128"
16467,"40,184,368"
16468,"40,145,493"
16469,"40,145,146"
16470,"71,38,24"
16471,"26,23,231"
16472,"3,30,28"
16473,"44,145,45"
16474,"3,156,147"
16475,"40,152,151"
16476,"0,277,1"
16477,"38,71,94"
16478,"23,31,328"
16479,"169,170,436"
16480,"3,4,40"
16481,"43,23,24"
16482,"40,241,131"
16483,"40,135,160"
16484,"3,21,187"
16485,"40,135,431"
16486,"3,182,21"
16487,"337,311,426"
16488,"111,3,317"
16489,"296,169,306"
16490,"8,0,206"
16491,"10,64,93"
16492,"3,21,301"
16493,"337,251,296"
16494,"311,259,426"
16495,"169,199,170"
16496,"3,21,127"
16497,"3,21"
16498,"3,21,127"
16499,"40,128"
16500,"0,271,291"
16501,"23,24,43"
16502,"111,3,161"
16503,"10,64,93"
16504,"145,23,24"
16505,"3,21,111"
16506,"60,489,10"
16507,"287,53,3"
16508,"3,182,21"
16509,"3,21,48"
16510,"0,271,291"
16511,"23,43,24"
16512,"220,10"
16513,"426,311,259"
16514,"3,21,187"
16515,"10,60"
16516,"40,145,402"
16517,"3,21,164"
16518,"145,72,44"
16519,"40,131,241"
16520,"184,40"
16521,"41,40,42"
16522,"3,17,320"
16523,"3,53,523"
16524,"169,426,508"
16525,"10,11,205"
16526,"169,281,199"
16527,"0,271,337"
16528,"0,277"
16529,"23,24,43"
16530,"10,60,11"
16531,"0,249,279"
16532,"3,15,16"
16533,"145,40,44"
16534,"23,24,25"
16535,"271,0,456"
16536,"3,17,320"
16537,"286,23,307"
16538,"4,3"
16539,"3,0,8"
16540,"40,131"
16541,"10,205,80"
16542,"3,187,21"
16543,"0,346,313"
16544,"3,111,275"
16545,"308,0,8"
16546,"10,60,239"
16547,"199,170,171"
16548,"131,10"
16549,"169,296,452"
16550,"128,40,129"
16551,"3,40,100"
16552,"169,420,23"
16553,"170,199,171"
16554,"3,21,187"
16555,"131,40,241"
16556,"271,0,291"
16557,"145,69,44"
16558,"23,49,24"
16559,"3,17,21"
16560,"40,131,406"
16561,"23,24,49"
16562,"170,199,171"
16563,"0,265,418"
16564,"3,21,187"
16565,"40,135,138"
16566,"3,17,320"
16567,"337,311,426"
16568,"23,31,32"
16569,"0,218,287"
16570,"220,10"
16571,"220,10"
16572,"3,156,147"
16573,"296,169,526"
16574,"0,271,291"
16575,"10,220"
16576,"145,45,44"
16577,"169,337,311"
16578,"44,145,45"
16579,"170,171,199"
16580,"10,220"
16581,"23,26,350"
16582,"0,271"
16583,"23,31,40"
16584,"3,53,523"
16585,"24,23,38"
16586,"24,49,23"
16587,"10,54"
16588,"145,45,44"
16589,"0,271,456"
16590,"216,0"
16591,"10,220,64"
16592,"111,3"
16593,"3,53,23"
16594,"296,251,337"
16595,"3,21,187"
16596,"0,265,349"
16597,"0,265,418"
16598,"3,21,164"
16599,"44,23,24"
16600,"40,131,241"
16601,"38,24,71"
16602,"40,145,131"
16603,"40,162,131"
16604,"3,53,523"
16605,"40,184"
16606,"131,40,241"
16607,"23,24,43"
16608,"137,38,23"
16609,"64,10,93"
16610,"169,199,343"
16611,"265,0"
16612,"3,385,5"
16613,"31,23,296"
16614,"3,5,331"
16615,"40,250,135"
16616,"23,74,26"
16617,"64,10,93"
16618,"8,0,308"
16619,"271,0,255"
16620,"40,315,160"
16621,"10,64,60"
16622,"23,38,107"
16623,"23,24,49"
16624,"337,251,296"
16625,"23,38,0"
16626,"296,169"
16627,"3,21,147"
16628,"10,220"
16629,"3,10,239"
16630,"23,74,283"
16631,"23,43,24"
16632,"8,0,206"
16633,"271,0,291"
16634,"3,53,68"
16635,"127,3,21"
16636,"40,131,241"
16637,"8,0,350"
16638,"40,160,151"
16639,"0,3,4"
16640,"40,160,315"
16641,"3,111,21"
16642,"40,160,315"
16643,"3,147,21"
16644,"10,220"
16645,"169,199,170"
16646,"0,271,265"
16647,"23,309,38"
16648,"23,26,89"
16649,"40,131,241"
16650,"40,139"
16651,"40,128,186"
16652,"0,213,255"
16653,"23,31"
16654,"0,273,265"
16655,"23,74,231"
16656,"3,21,301"
16657,"3,30,81"
16658,"0,265,40"
16659,"3,4,435"
16660,"40,169"
16661,"0,265,349"
16662,"40,131,406"
16663,"0,366,271"
16664,"199,170,171"
16665,"23,38,137"
16666,"40,184,243"
16667,"40,241,131"
16668,"74,23,317"
16669,"21,3,115"
16670,"0,8,206"
16671,"40,131,406"
16672,"0,8"
16673,"44,45,145"
16674,"23,38,91"
16675,"64,80,23"
16676,"0,216,380"
16677,"3,21,154"
16678,"38,23,88"
16679,"0,265,21"
16680,"10,64,93"
16681,"309,23,38"
16682,"3,17,320"
16683,"0,271"
16684,"0,216,257"
16685,"40,21,3"
16686,"216,212,211"
16687,"3,156,147"
16688,"23,74,118"
16689,"3,23,21"
16690,"40,128,129"
16691,"64,10,448"
16692,"23,25,24"
16693,"3,21"
16694,"40,402,145"
16695,"44,145,45"
16696,"0,265,418"
16697,"23,31,96"
16698,"3,301,21"
16699,"10,24,64"
16700,"0,8,265"
16701,"38,71,24"
16702,"3,187,21"
16703,"100,40,222"
16704,"10,220"
16705,"40,241,131"
16706,"169,343,199"
16707,"40,169,41"
16708,"40,128,129"
16709,"169,448,145"
16710,"3,17,143"
16711,"346,313,0"
16712,"3,21,301"
16713,"38,170,24"
16714,"23,49,24"
16715,"10,64,60"
16716,"145,40,402"
16717,"4,3,435"
16718,"0,23,26"
16719,"10,60,239"
16720,"10,64,93"
16721,"0,241,40"
16722,"337,311,426"
16723,"40,160"
16724,"0,235,8"
16725,"170,199,171"
16726,"3,23,53"
16727,"169,339,337"
16728,"337,311,426"
16729,"346,313,0"
16730,"10,11"
16731,"337,251,296"
16732,"3,4"
16733,"145,44,45"
16734,"0,313,346"
16735,"3,331,4"
16736,"40,41,224"
16737,"3,311,426"
16738,"311,426,259"
16739,"337,311,426"
16740,"40,145,402"
16741,"23,38"
16742,"8,0,206"
16743,"3,40"
16744,"3,52,435"
16745,"3,195,40"
16746,"10,60,11"
16747,"26,231,23"
16748,"0,8,235"
16749,"38,54,10"
16750,"170,199,171"
16751,"40,139,153"
16752,"169,170,260"
16753,"23,350,26"
16754,"0,308,8"
16755,"3,227,30"
16756,"3,111,112"
16757,"135,40,431"
16758,"145,95,10"
16759,"3,21,301"
16760,"3,4,435"
16761,"296,169"
16762,"23,350,26"
16763,"311,426,259"
16764,"3,40,13"
16765,"40,128,129"
16766,"3,4,435"
16767,"60,61,170"
16768,"3,53,287"
16769,"23,24,25"
16770,"23,74,118"
16771,"199,170,171"
16772,"3,21,187"
16773,"337,251,296"
16774,"40,160,315"
16775,"0,271"
16776,"10,60,239"
16777,"3,23,21"
16778,"23,88,38"
16779,"23,74,495"
16780,"523,53,3"
16781,"23,38,88"
16782,"145,44,45"
16783,"147,3,148"
16784,"3,111,404"
16785,"3,40,164"
16786,"311,337,426"
16787,"53,3,523"
16788,"3,147"
16789,"8,0,405"
16790,"40,236,135"
16791,"3,13,0"
16792,"40,131,193"
16793,"220,10"
16794,"3,187,21"
16795,"3,21"
16796,"40,131,160"
16797,"311,426,337"
16798,"23,0,231"
16799,"10,64,80"
16800,"0,8,206"
16801,"10,220,221"
16802,"3,53,523"
16803,"3,147"
16804,"3,30,40"
16805,"3,21,301"
16806,"40,41,3"
16807,"3,21,204"
16808,"13,3"
16809,"10,64,93"
16810,"40,131,406"
16811,"311,426,259"
16812,"24,23,43"
16813,"23,38,309"
16814,"145,44,45"
16815,"40,131,128"
16816,"0,271,214"
16817,"3,287,199"
16818,"40,128,129"
16819,"10,60,489"
16820,"170,199,171"
16821,"40,131,241"
16822,"3,53,325"
16823,"3,13,21"
16824,"3,21"
16825,"40,160,315"
16826,"40,241,131"
16827,"3,85,293"
16828,"3,21"
16829,"169,296,306"
16830,"40,135,431"
16831,"0,8"
16832,"23,24,25"
16833,"38,24,71"
16834,"8,0,308"
16835,"3,21,111"
16836,"199,170,171"
16837,"169,135,199"
16838,"3,21"
16839,"40,135,431"
16840,"3,21,74"
16841,"23,94,38"
16842,"23,24,43"
16843,"40,135,431"
16844,"21,3"
16845,"3,523,53"
16846,"337,251,296"
16847,"40,131,241"
16848,"40,131,406"
16849,"0,8,206"
16850,"0,271,255"
16851,"271,0,291"
16852,"0,213,214"
16853,"220,10"
16854,"10,60,489"
16855,"3,53,523"
16856,"13,3,506"
16857,"323,199,170"
16858,"24,23,43"
16859,"3,15,16"
16860,"40,131,406"
16861,"131,40,406"
16862,"145,40,44"
16863,"145,44,45"
16864,"0,254,216"
16865,"0,26,23"
16866,"44,45,145"
16867,"3,4"
16868,"0,208,369"
16869,"64,10,448"
16870,"3,523,53"
16871,"40,41,224"
16872,"10,64"
16873,"3,17,320"
16874,"10,11,145"
16875,"24,23,25"
16876,"3,337,21"
16877,"24,23,345"
16878,"0,421,229"
16879,"3,30,21"
16880,"60,145,44"
16881,"10,45,11"
16882,"367,100,40"
16883,"3,5,331"
16884,"3,69,419"
16885,"0,271"
16886,"3,52,51"
16887,"3,15,16"
16888,"15,16,3"
16889,"0,271,265"
16890,"148,147,3"
16891,"23,3"
16892,"337,8,311"
16893,"0,265,418"
16894,"40,41,128"
16895,"0,271,456"
16896,"3,147"
16897,"0,111,275"
16898,"10,220"
16899,"131,40,23"
16900,"3,21,182"
16901,"145,40,402"
16902,"135,40,189"
16903,"0,271,291"
16904,"0,271,455"
16905,"3,4,435"
16906,"3,21,301"
16907,"220,10,221"
16908,"147,3,148"
16909,"38,71,24"
16910,"21,40,3"
16911,"10,64,93"
16912,"145,44,45"
16913,"0,271,265"
16914,"3,331,5"
16915,"0,218,475"
16916,"311,426,337"
16917,"23,24"
16918,"3,53,287"
16919,"40,128,175"
16920,"40,402,145"
16921,"23,74,118"
16922,"3,263,34"
16923,"311,426,259"
16924,"145,44,69"
16925,"0,271,456"
16926,"271,0,291"
16927,"0,271,265"
16928,"64,10,80"
16929,"170,199,171"
16930,"38,23,24"
16931,"24,25,23"
16932,"0,255,257"
16933,"40,184,128"
16934,"3,21,169"
16935,"23,105"
16936,"8,405,337"
16937,"23,24,43"
16938,"13,204,3"
16939,"0,216,271"
16940,"260,169,296"
16941,"145,10,72"
16942,"24,23,25"
16943,"23,26,89"
16944,"23,43,24"
16945,"10,220"
16946,"40,128,130"
16947,"3,21,187"
16948,"3,5"
16949,"0,289,313"
16950,"337,311,426"
16951,"169,296,23"
16952,"23,118,74"
16953,"0,40,216"
16954,"23,43,24"
16955,"0,128,40"
16956,"0,271,456"
16957,"3,127,21"
16958,"169,170,199"
16959,"220,10"
16960,"3,169,311"
16961,"160,3,40"
16962,"40,220,34"
16963,"3,28,301"
16964,"23,89,26"
16965,"43,24,23"
16966,"40,175,128"
16967,"23,31,328"
16968,"169,199,436"
16969,"3,53,287"
16970,"205,10,11"
16971,"286,41,40"
16972,"3,16,15"
16973,"169,296,111"
16974,"23,24,49"
16975,"0,8,308"
16976,"3,53,523"
16977,"23,220,24"
16978,"40,131,134"
16979,"23,49,24"
16980,"3,13,204"
16981,"40,131,241"
16982,"64,10,80"
16983,"10,23,80"
16984,"40,128,175"
16985,"23,199,31"
16986,"64,80,10"
16987,"3,4,435"
16988,"127,3,40"
16989,"40,128,129"
16990,"0,255,271"
16991,"3,5,156"
16992,"3,53,523"
16993,"131,40,193"
16994,"24,23,43"
16995,"296,169,60"
16996,"3,13,204"
16997,"3,15,16"
16998,"23,25,24"
16999,"0,271,328"
17000,"0,213,214"
17001,"0,3,4"
17002,"199,169,170"
17003,"3,13,204"
17004,"40,215,143"
17005,"8,128,40"
17006,"23,74,38"
17007,"32,3,31"
17008,"3,0,15"
17009,"220,25,24"
17010,"31,23,96"
17011,"426,311,337"
17012,"40,3"
17013,"10,54,64"
17014,"3,53,523"
17015,"23,26,38"
17016,"3,111,284"
17017,"170,199,323"
17018,"23,24,43"
17019,"3,23,169"
17020,"3,147,156"
17021,"145,402,40"
17022,"169,287,3"
17023,"23,145,44"
17024,"0,8"
17025,"23,3,53"
17026,"3,21,147"
17027,"40,145,181"
17028,"40,128"
17029,"3,21"
17030,"311,426,259"
17031,"40,128,129"
17032,"145,40,181"
17033,"40,131"
17034,"23,89,26"
17035,"145,44,45"
17036,"40,184"
17037,"3,293,85"
17038,"3,331,5"
17039,"10,24,25"
17040,"145,44"
17041,"3,4"
17042,"3,15,16"
17043,"3,53,17"
17044,"0,216,249"
17045,"3,53,523"
17046,"311,426,259"
17047,"10,64,93"
17048,"0,271,456"
17049,"3,53,523"
17050,"31,23,32"
17051,"0,218,446"
17052,"8,0,308"
17053,"64,10,80"
17054,"312,311,343"
17055,"21,3,182"
17056,"64,10,80"
17057,"3,21"
17058,"296,337,251"
17059,"271,0,291"
17060,"3,111"
17061,"199,170,323"
17062,"0,271"
17063,"3,16,15"
17064,"0,271,291"
17065,"3,21,187"
17066,"3,52,51"
17067,"40,131"
17068,"21,3,301"
17069,"3,21,187"
17070,"0,271,366"
17071,"23,24,43"
17072,"170,323,199"
17073,"0,8"
17074,"23,38,107"
17075,"3,111"
17076,"10,64,93"
17077,"265,205,0"
17078,"23,74,118"
17079,"3,4,435"
17080,"169,170,199"
17081,"10,64"
17082,"40,145"
17083,"99,419,10"
17084,"40,131,241"
17085,"3,182,21"
17086,"64,10,80"
17087,"23,31,32"
17088,"41,42,40"
17089,"3,21,111"
17090,"40,146,145"
17091,"3,13,204"
17092,"3,147,148"
17093,"40,155,139"
17094,"169,296,420"
17095,"3,4"
17096,"40,128,130"
17097,"3,21"
17098,"10,220"
17099,"426,311,259"
17100,"3,147,148"
17101,"170,199,171"
17102,"0,271,291"
17103,"0,216,271"
17104,"3,111,15"
17105,"169,218,296"
17106,"10,145"
17107,"271,456,0"
17108,"145,24,23"
17109,"40,131,406"
17110,"265,0"
17111,"40,160,118"
17112,"3,182,21"
17113,"3,21,301"
17114,"3,4"
17115,"40,131,241"
17116,"23,38,40"
17117,"21,3"
17118,"265,0,349"
17119,"271,255,280"
17120,"23,89,26"
17121,"44,45,145"
17122,"40,160,302"
17123,"160,40,315"
17124,"220,10"
17125,"15,16,3"
17126,"0,271,199"
17127,"170,169,199"
17128,"23,74,118"
17129,"0,337,271"
17130,"40,24,145"
17131,"3,4,188"
17132,"23,38,39"
17133,"43,24,23"
17134,"24,23,43"
17135,"0,218,457"
17136,"0,265,349"
17137,"45,44,145"
17138,"0,271,291"
17139,"3,21"
17140,"3,104,30"
17141,"3,4,19"
17142,"23,26,291"
17143,"3,34,447"
17144,"40,131,406"
17145,"40,139"
17146,"3,21,187"
17147,"212,216,211"
17148,"3,4,375"
17149,"128,129,40"
17150,"220,24,23"
17151,"24,23,43"
17152,"3,21,17"
17153,"0,265"
17154,"3,13,204"
17155,"44,145,45"
17156,"43,24,23"
17157,"251,337,296"
17158,"0,271"
17159,"160,40,315"
17160,"40,402,145"
17161,"3,21,164"
17162,"0,8"
17163,"40,145,181"
17164,"44,145,45"
17165,"0,308,8"
17166,"3,52,51"
17167,"43,23,24"
17168,"3,21"
17169,"23,24,43"
17170,"3,4"
17171,"0,229,40"
17172,"23,24,49"
17173,"38,94"
17174,"23,493,145"
17175,"128,40,129"
17176,"10,64,93"
17177,"3,21,164"
17178,"199,170,323"
17179,"40,160,315"
17180,"40,160,315"
17181,"10,220"
17182,"145,44,40"
17183,"199,281,169"
17184,"64,10,93"
17185,"169,199,311"
17186,"100,40,367"
17187,"0,271,456"
17188,"135,40,307"
17189,"337,311,339"
17190,"10,11,205"
17191,"40,135,138"
17192,"0,31,8"
17193,"23,84,38"
17194,"10,220"
17195,"169,199"
17196,"3,21"
17197,"0,64,218"
17198,"3,21,164"
17199,"0,8,206"
17200,"145,44,45"
17201,"3,148,147"
17202,"3,199,281"
17203,"220,10"
17204,"0,8,271"
17205,"10,11"
17206,"0,271"
17207,"40,170,131"
17208,"3,147,148"
17209,"40,135"
17210,"3,13,401"
17211,"26,23,350"
17212,"169,199,40"
17213,"10,220"
17214,"145,40,402"
17215,"74,23,118"
17216,"40,131"
17217,"0,8,206"
17218,"3,147,156"
17219,"3,4,19"
17220,"23,38,39"
17221,"40,41,42"
17222,"24,23,25"
17223,"3,187,21"
17224,"3,17,51"
17225,"3,21"
17226,"24,25,23"
17227,"10,64,80"
17228,"40,131,241"
17229,"3,21,127"
17230,"23,24,43"
17231,"23,40,38"
17232,"337,251,296"
17233,"3,13,5"
17234,"40,160"
17235,"3,147,148"
17236,"3,21,301"
17237,"337,311,426"
17238,"74,118,23"
17239,"64,10,80"
17240,"3,5"
17241,"3,21,301"
17242,"169,170,436"
17243,"3,4,435"
17244,"43,24,23"
17245,"10,220"
17246,"145,44,72"
17247,"145,40,402"
17248,"3,21"
17249,"21,3"
17250,"10,54"
17251,"64,3,10"
17252,"40,41,224"
17253,"23,137,40"
17254,"0,308,8"
17255,"3,182,111"
17256,"139,40,17"
17257,"23,74,165"
17258,"0,337,296"
17259,"53,3,523"
17260,"169,3"
17261,"40,139,153"
17262,"10,60,239"
17263,"3,21,164"
17264,"23,38,137"
17265,"26,23,350"
17266,"10,93,64"
17267,"199,170,171"
17268,"0,216,257"
17269,"40,41,128"
17270,"3,4,19"
17271,"170,199,24"
17272,"199,169,281"
17273,"3,21"
17274,"40,296,3"
17275,"231,26,23"
17276,"71,38,24"
17277,"0,8,391"
17278,"296,417,337"
17279,"169,296"
17280,"3,523,53"
17281,"3,23,13"
17282,"23,26,231"
17283,"3,53,523"
17284,"0,271"
17285,"0,8,308"
17286,"0,8,206"
17287,"44,145,45"
17288,"3,21,30"
17289,"40,128,186"
17290,"169,199,343"
17291,"3,21,301"
17292,"3,21,53"
17293,"10,220"
17294,"3,147,148"
17295,"41,3,111"
17296,"10,220"
17297,"337,251,296"
17298,"0,271,265"
17299,"72,145,44"
17300,"23,74,317"
17301,"38,23,91"
17302,"3,53,199"
17303,"337,339,169"
17304,"169,337,339"
17305,"10,64,90"
17306,"3,21,40"
17307,"23,309,38"
17308,"40,160"
17309,"265,0,418"
17310,"3,17"
17311,"3,30"
17312,"10,220"
17313,"3,147,15"
17314,"4,435,3"
17315,"40,135"
17316,"10,64,93"
17317,"23,40,105"
17318,"10,220"
17319,"3,4"
17320,"3,147,4"
17321,"265,0,349"
17322,"3,447,34"
17323,"10,31,23"
17324,"3,169,187"
17325,"40,145,402"
17326,"3,21,127"
17327,"3,5,133"
17328,"40,160,315"
17329,"0,265"
17330,"40,193,131"
17331,"23,74"
17332,"17,320,3"
17333,"145,24,44"
17334,"0,38,39"
17335,"220,10"
17336,"13,3,204"
17337,"10,64,80"
17338,"0,271,265"
17339,"10,64,448"
17340,"40,494,184"
17341,"23,74"
17342,"145,40,402"
17343,"38,39,23"
17344,"24,23,62"
17345,"24,49,23"
17346,"131,40"
17347,"0,288,289"
17348,"40,402,145"
17349,"44,145,45"
17350,"23,38,10"
17351,"3,147"
17352,"135,40,250"
17353,"23,74"
17354,"0,8,206"
17355,"271,0,456"
17356,"10,64,93"
17357,"10,64,239"
17358,"74,317,23"
17359,"25,24,23"
17360,"23,0,271"
17361,"23,49,24"
17362,"43,23,24"
17363,"0,255,372"
17364,"281,199,169"
17365,"3,21"
17366,"23,26,231"
17367,"40,135,184"
17368,"43,23,24"
17369,"40,128"
17370,"135,138,40"
17371,"24,23,25"
17372,"10,64,80"
17373,"23,26,0"
17374,"23,24,105"
17375,"10,220"
17376,"0,271,265"
17377,"40,151,184"
17378,"0,271,216"
17379,"131,40,406"
17380,"0,216"
17381,"3,15,16"
17382,"145,40,337"
17383,"23,74,303"
17384,"23,49,24"
17385,"3,13,60"
17386,"24,49,23"
17387,"220,10,221"
17388,"40,128,186"
17389,"3,147,203"
17390,"60,234,3"
17391,"40,160"
17392,"40,145,146"
17393,"10,220"
17394,"23,220"
17395,"199,170,323"
17396,"3,111,119"
17397,"53,3,523"
17398,"44,145,69"
17399,"40,131,406"
17400,"3,21"
17401,"40,41,224"
17402,"23,24,43"
17403,"23,24,38"
17404,"40,145,181"
17405,"26,23,231"
17406,"40,131,21"
17407,"26,23,231"
17408,"31,23,32"
17409,"170,199,323"
17410,"24,49,23"
17411,"3,21"
17412,"10,220"
17413,"23,24,43"
17414,"23,74,118"
17415,"40,135,141"
17416,"0,206,8"
17417,"0,8,206"
17418,"31,23,328"
17419,"3,4,435"
17420,"40,160"
17421,"145,40,181"
17422,"40,131,241"
17423,"10,64"
17424,"3,21"
17425,"64,10,80"
17426,"40,402,145"
17427,"23,24,43"
17428,"135,138,40"
17429,"23,24,43"
17430,"10,60,197"
17431,"0,271"
17432,"170,199,323"
17433,"31,23,32"
17434,"41,40,3"
17435,"3,21,187"
17436,"3,523,53"
17437,"199,24,169"
17438,"40,145,296"
17439,"169,170"
17440,"145,40,44"
17441,"0,271,366"
17442,"23,38"
17443,"3,148,147"
17444,"0,8,235"
17445,"3,111,267"
17446,"0,8"
17447,"3,287,53"
17448,"23,26,89"
17449,"3,4,70"
17450,"0,271,291"
17451,"23,74,38"
17452,"40,145,402"
17453,"337,296,251"
17454,"3,164,21"
17455,"23,26,89"
17456,"3,147,53"
17457,"0,271,291"
17458,"10,60,61"
17459,"0,265,418"
17460,"220,10"
17461,"40,128,130"
17462,"40,184,185"
17463,"10,220"
17464,"3,21,301"
17465,"281,199,169"
17466,"0,271,346"
17467,"3,435"
17468,"3,111"
17469,"23,38,107"
17470,"40,131,241"
17471,"44,145,73"
17472,"131,40,406"
17473,"64,10,80"
17474,"44,145,45"
17475,"23,38,107"
17476,"38,71,23"
17477,"508,426,169"
17478,"40,129,128"
17479,"23,0,220"
17480,"10,220"
17481,"21,3"
17482,"24,23,25"
17483,"10,220"
17484,"10,64,80"
17485,"0,265,40"
17486,"40,135,295"
17487,"459,170,169"
17488,"3,15,4"
17489,"0,213,271"
17490,"23,317,160"
17491,"60,234,21"
17492,"40,41,215"
17493,"3,4,435"
17494,"3,21"
17495,"23,24,62"
17496,"10,239,64"
17497,"23,74,38"
17498,"3,156,147"
17499,"164,3,201"
17500,"3,5,4"
17501,"40,186,128"
17502,"0,218,446"
17503,"64,10,93"
17504,"3,21"
17505,"271,0,291"
17506,"235,8,0"
17507,"0,54,10"
17508,"199,170,323"
17509,"3,13,204"
17510,"10,11,205"
17511,"40,184"
17512,"296,169"
17513,"10,64"
17514,"3,147"
17515,"40,160,315"
17516,"31,23,96"
17517,"21,3,301"
17518,"0,271"
17519,"40,23,162"
17520,"135,138,40"
17521,"3,53,164"
17522,"3,53,0"
17523,"10,64,93"
17524,"0,265"
17525,"40,23,25"
17526,"220,10"
17527,"3,435,4"
17528,"0,271,291"
17529,"40,131"
17530,"0,271,8"
17531,"199,170,323"
17532,"23,26"
17533,"0,265,349"
17534,"337,169"
17535,"23,24,345"
17536,"169,170,436"
17537,"0,8"
17538,"35,36,3"
17539,"0,265"
17540,"287,53,3"
17541,"3,120,147"
17542,"23,74,84"
17543,"3,16,15"
17544,"3,187,21"
17545,"296,311,169"
17546,"24,169,23"
17547,"3,13,21"
17548,"164,40,3"
17549,"10,11,419"
17550,"3,21,127"
17551,"281,199,169"
17552,"0,271,291"
17553,"281,199,169"
17554,"40,131,406"
17555,"3,148,147"
17556,"10,93,64"
17557,"0,249,279"
17558,"49,24,23"
17559,"0,208,369"
17560,"0,271,340"
17561,"10,220"
17562,"23,96,31"
17563,"3,21,301"
17564,"0,8,206"
17565,"3,21"
17566,"40,145,64"
17567,"3,21,147"
17568,"0,218,216"
17569,"0,265,340"
17570,"3,21,48"
17571,"3,4"
17572,"3,30,40"
17573,"40,152,151"
17574,"3,147,148"
17575,"38,23,24"
17576,"21,3"
17577,"10,64,80"
17578,"23,49,24"
17579,"64,10"
17580,"40,128,130"
17581,"10,64,0"
17582,"23,26,350"
17583,"3,21,187"
17584,"337,311,426"
17585,"44,145,45"
17586,"3,4,435"
17587,"89,26,0"
17588,"23,24,49"
17589,"3,301,85"
17590,"10,64,93"
17591,"10,220"
17592,"337,311,3"
17593,"145,44,45"
17594,"40,135,431"
17595,"3,53,523"
17596,"3,21"
17597,"271,0,291"
17598,"40,128,129"
17599,"40,128,129"
17600,"3,21"
17601,"72,44,145"
17602,"3,301,21"
17603,"10,220"
17604,"10,220"
17605,"0,271,456"
17606,"74,317,23"
17607,"3,52,51"
17608,"0,218,271"
17609,"220,10"
17610,"15,3,16"
17611,"170,169,459"
17612,"3,13,5"
17613,"3,53,182"
17614,"3,21"
17615,"3,187,21"
17616,"31,23,32"
17617,"3,5,6"
17618,"23,38,74"
17619,"21,3,182"
17620,"3,30,66"
17621,"0,277,216"
17622,"23,74,3"
17623,"169,170,260"
17624,"199,170,323"
17625,"10,60,239"
17626,"0,218,446"
17627,"40,241,131"
17628,"10,220"
17629,"3,187,21"
17630,"23,74,165"
17631,"402,40,145"
17632,"220,10,221"
17633,"3,15,16"
17634,"8,0,206"
17635,"24,23,49"
17636,"3,187,21"
17637,"3,21"
17638,"23,24,43"
17639,"40,402,145"
17640,"23,24"
17641,"40,131,241"
17642,"10,64"
17643,"23,296,169"
17644,"187,3,21"
17645,"24,43,23"
17646,"45,44,145"
17647,"8,0,308"
17648,"40,162"
17649,"40,160,41"
17650,"3,21,182"
17651,"23,31,32"
17652,"3,21"
17653,"10,11"
17654,"3,53,287"
17655,"169,296,420"
17656,"187,21,3"
17657,"8,0,405"
17658,"40,162"
17659,"8,23,0"
17660,"0,271"
17661,"0,23"
17662,"24,23,43"
17663,"24,23,38"
17664,"3,21,182"
17665,"3,111"
17666,"40,41,42"
17667,"10,64,90"
17668,"45,44,145"
17669,"0,271,265"
17670,"3,21"
17671,"23,105"
17672,"169,343,311"
17673,"3,4,435"
17674,"220,10,221"
17675,"40,131,241"
17676,"10,220"
17677,"23,38,107"
17678,"23,8,231"
17679,"23,31,32"
17680,"10,220"
17681,"337,426,0"
17682,"3,111,474"
17683,"0,8"
17684,"0,218,446"
17685,"337,311,426"
17686,"3,15,16"
17687,"23,74,38"
17688,"10,64,93"
17689,"17,3,58"
17690,"263,34,3"
17691,"3,301"
17692,"23,26,89"
17693,"31,454,426"
17694,"265,0,349"
17695,"40,149,41"
17696,"40,145,181"
17697,"3,147,15"
17698,"23,26,89"
17699,"311,337,426"
17700,"145,44,23"
17701,"0,265,418"
17702,"426,296,337"
17703,"40,128,129"
17704,"199,169,170"
17705,"40,145"
17706,"3,52,147"
17707,"40,145,181"
17708,"8,235,0"
17709,"135,431,40"
17710,"286,41,40"
17711,"0,271,291"
17712,"184,40,185"
17713,"3,4,5"
17714,"71,38,24"
17715,"145,10,220"
17716,"3,17,320"
17717,"40,145,146"
17718,"169,170,199"
17719,"10,60,489"
17720,"95,10,54"
17721,"3,111,51"
17722,"147,3,148"
17723,"40,135,128"
17724,"169,3"
17725,"271,0,291"
17726,"40,139,17"
17727,"170,169,260"
17728,"145,402,40"
17729,"3,21,301"
17730,"145,181,40"
17731,"13,3,100"
17732,"23,24"
17733,"15,3,16"
17734,"3,4"
17735,"10,220"
17736,"3,21,127"
17737,"43,23,24"
17738,"10,220"
17739,"64,10,80"
17740,"296,337,251"
17741,"296,311,337"
17742,"3,147,52"
17743,"40,146,145"
17744,"3,4"
17745,"40,131,241"
17746,"21,3,40"
17747,"4,435,3"
17748,"64,10,80"
17749,"3,53,0"
17750,"38,71,24"
17751,"311,259,426"
17752,"10,220"
17753,"3,17,320"
17754,"311,8,337"
17755,"0,265,418"
17756,"64,10,93"
17757,"170,199,169"
17758,"38,24,71"
17759,"64,10"
17760,"3,53,523"
17761,"71,38,24"
17762,"23,0,26"
17763,"23,24,43"
17764,"0,8"
17765,"40,131,134"
17766,"0,271"
17767,"3,111,52"
17768,"38,23,91"
17769,"3,111"
17770,"40,175,3"
17771,"3,21,281"
17772,"40,128,186"
17773,"128,40,129"
17774,"3,15,16"
17775,"3,301,21"
17776,"271,0,429"
17777,"169,296"
17778,"216,211,212"
17779,"220,10"
17780,"0,271,265"
17781,"311,426,259"
17782,"0,271,291"
17783,"0,271,291"
17784,"10,220,221"
17785,"0,271"
17786,"3,51,52"
17787,"3,4,176"
17788,"10,64,80"
17789,"3,13,40"
17790,"0,405,296"
17791,"3,51,52"
17792,"40,128,186"
17793,"220,10"
17794,"3,187,21"
17795,"40,131,406"
17796,"220,10,0"
17797,"21,3,301"
17798,"40,162"
17799,"10,64,80"
17800,"40,139"
17801,"17,3,320"
17802,"3,13,204"
17803,"170,199,171"
17804,"24,71,38"
17805,"170,199,10"
17806,"508,426,169"
17807,"3,21"
17808,"3,275,111"
17809,"3,111"
17810,"160,3,40"
17811,"23,10,24"
17812,"40,135,386"
17813,"71,38,24"
17814,"271,0,456"
17815,"40,145"
17816,"24,23,43"
17817,"40,135"
17818,"3,21"
17819,"169,459,170"
17820,"3,21"
17821,"40,145,402"
17822,"3,147,148"
17823,"0,216,380"
17824,"40,131,34"
17825,"40,241,131"
17826,"199,323,170"
17827,"64,10,93"
17828,"0,255,216"
17829,"23,74,165"
17830,"40,160,315"
17831,"3,21"
17832,"3,51,52"
17833,"0,346,8"
17834,"10,64,93"
17835,"43,24,23"
17836,"43,24,23"
17837,"145,44,45"
17838,"10,64,60"
17839,"0,8"
17840,"145,45,44"
17841,"26,231,23"
17842,"0,265"
17843,"10,64,80"
17844,"23,62,24"
17845,"44,145"
17846,"8,0,206"
17847,"15,3,16"
17848,"234,60,21"
17849,"3,4,19"
17850,"40,41,224"
17851,"40,128,131"
17852,"3,52,51"
17853,"40,128,131"
17854,"0,40,402"
17855,"0,271,456"
17856,"220,10"
17857,"40,135,141"
17858,"8,0,206"
17859,"169,281,199"
17860,"145,44,45"
17861,"40,25,24"
17862,"3,53,287"
17863,"10,64,90"
17864,"3,17"
17865,"64,10,80"
17866,"234,21,60"
17867,"3,147,148"
17868,"60,234,21"
17869,"3,0"
17870,"41,40,224"
17871,"169,426,311"
17872,"199,169,170"
17873,"10,220,24"
17874,"3,17,320"
17875,"23,326,105"
17876,"74,23,118"
17877,"40,41,160"
17878,"64,10,80"
17879,"40,128,195"
17880,"40,131,241"
17881,"0,216,357"
17882,"23,40,181"
17883,"0,271,456"
17884,"0,271,231"
17885,"0,265,8"
17886,"3,21,301"
17887,"23,105"
17888,"128,40,129"
17889,"0,265,344"
17890,"21,3,124"
17891,"3,21,182"
17892,"23,24,49"
17893,"129,40,128"
17894,"426,311,337"
17895,"500,3,21"
17896,"8,0,308"
17897,"3,21,187"
17898,"3,147,148"
17899,"40,281,169"
17900,"74,84,23"
17901,"3,4"
17902,"23,38,94"
17903,"3,13,204"
17904,"169,281,199"
17905,"0,271"
17906,"10,11"
17907,"145,40,402"
17908,"40,184,145"
17909,"3,21,301"
17910,"3,53"
17911,"23,74,24"
17912,"145,216,0"
17913,"23,24,43"
17914,"3,147"
17915,"145,44"
17916,"40,23,181"
17917,"10,64,93"
17918,"170,169"
17919,"0,277,458"
17920,"0,169,339"
17921,"40,131,241"
17922,"3,4,70"
17923,"3,147"
17924,"308,8,23"
17925,"0,8,235"
17926,"38,23,71"
17927,"40,131,406"
17928,"23,38"
17929,"0,308,23"
17930,"0,218"
17931,"311,337,426"
17932,"0,271"
17933,"40,131"
17934,"3,164,21"
17935,"3,21,164"
17936,"3,21,187"
17937,"3,21,301"
17938,"3,337,53"
17939,"0,8,206"
17940,"145,40"
17941,"24,43,23"
17942,"0,271,2"
17943,"10,145,45"
17944,"0,23,346"
17945,"23,309,38"
17946,"3,147,40"
17947,"317,74,23"
17948,"40,128,175"
17949,"40,41,224"
17950,"3,182,111"
17951,"169,23,296"
17952,"23,31,10"
17953,"3,21,115"
17954,"8,0,206"
17955,"40,160,128"
17956,"311,426,337"
17957,"10,90,64"
17958,"169,311,426"
17959,"0,271"
17960,"3,17"
17961,"10,145,11"
17962,"3,52,51"
17963,"23,74,165"
17964,"220,10,221"
17965,"40,131"
17966,"44,145,45"
17967,"3,21"
17968,"3,111,13"
17969,"0,357,296"
17970,"23,38,107"
17971,"311,426,259"
17972,"3,21,4"
17973,"3,17,320"
17974,"23,74,118"
17975,"8,0,206"
17976,"3,30,104"
17977,"40,131,241"
17978,"10,64,60"
17979,"0,8,235"
17980,"0,271,311"
17981,"3,53,523"
17982,"40,128,186"
17983,"40,128,129"
17984,"40,145"
17985,"25,23,24"
17986,"3,111,388"
17987,"43,24,23"
17988,"35,3,36"
17989,"23,0,105"
17990,"3,187,21"
17991,"4,3,40"
17992,"13,3,204"
17993,"3,28,113"
17994,"40,175,128"
17995,"3,13"
17996,"40,406,131"
17997,"41,40,42"
17998,"21,3"
17999,"337,311,426"
18000,"60,234,21"
18001,"10,23"
18002,"23,26,89"
18003,"24,25,220"
18004,"10,220"
18005,"169,296,300"
18006,"24,25,23"
18007,"0,3,8"
18008,"0,265,349"
18009,"3,40"
18010,"41,40,286"
18011,"3,21,111"
18012,"31,23,32"
18013,"296,169"
18014,"337,311,426"
18015,"171,199,170"
18016,"10,60,489"
18017,"0,265,218"
18018,"40,128,195"
18019,"64,24,199"
18020,"23,74,317"
18021,"220,10"
18022,"23,131,40"
18023,"23,74,118"
18024,"23,24,49"
18025,"3,147,148"
18026,"0,271,218"
18027,"40,131,128"
18028,"38,63,23"
18029,"3,21,301"
18030,"0,235,8"
18031,"3,500,21"
18032,"218,509,0"
18033,"40,175,128"
18034,"10,220"
18035,"3,21,182"
18036,"170,199,171"
18037,"426,311,337"
18038,"169,170,459"
18039,"24,43,23"
18040,"10,11"
18041,"296,169,336"
18042,"40,0,128"
18043,"3,111"
18044,"40,160,315"
18045,"3,15,16"
18046,"40,145,146"
18047,"64,10,80"
18048,"3,5,6"
18049,"3,523,53"
18050,"74,317,23"
18051,"3,21,115"
18052,"40,145,146"
18053,"23,31,32"
18054,"17,3,320"
18055,"40,131"
18056,"3,13,204"
18057,"40,184,185"
18058,"199,170,323"
18059,"3,17"
18060,"131,40,406"
18061,"40,160,162"
18062,"40,184,368"
18063,"10,11,205"
18064,"3,4"
18065,"10,220"
18066,"3,367,100"
18067,"145,40,402"
18068,"41,40"
18069,"24,25,40"
18070,"23,271,74"
18071,"10,60,239"
18072,"3,147"
18073,"40,184,243"
18074,"3,182,21"
18075,"40,145,181"
18076,"44,145,45"
18077,"40,139,41"
18078,"296,169"
18079,"3,5,133"
18080,"3,53"
18081,"241,131,40"
18082,"3,13,60"
18083,"10,3,60"
18084,"60,414,10"
18085,"3,111"
18086,"3,52,51"
18087,"3,21,115"
18088,"3,5"
18089,"40,160,315"
18090,"64,10,93"
18091,"23,31,32"
18092,"169,170"
18093,"145,44"
18094,"3,5,111"
18095,"10,64,93"
18096,"31,23,426"
18097,"64,10,80"
18098,"64,10,80"
18099,"0,8,206"
18100,"145,10,44"
18101,"40,131,241"
18102,"3,4,51"
18103,"0,229,421"
18104,"137,23,38"
18105,"8,308,0"
18106,"40,160,315"
18107,"23,31,32"
18108,"131,40,406"
18109,"145,69,44"
18110,"40,131"
18111,"40,145,402"
18112,"3,21"
18113,"3,5,6"
18114,"3,21,301"
18115,"3,111,123"
18116,"3,111"
18117,"3,523,53"
18118,"3,187,21"
18119,"3,21,40"
18120,"3,21"
18121,"10,64,93"
18122,"23,24,43"
18123,"170,199,171"
18124,"3,147,148"
18125,"10,220"
18126,"3,4,435"
18127,"145,402,40"
18128,"0,271"
18129,"23,24,43"
18130,"0,235,8"
18131,"3,15,16"
18132,"10,220"
18133,"3,21"
18134,"0,271,444"
18135,"3,111"
18136,"0,216,8"
18137,"23,24,49"
18138,"3,13,204"
18139,"10,64,80"
18140,"23,3,137"
18141,"271,0,456"
18142,"145,44,448"
18143,"131,40,241"
18144,"3,4,19"
18145,"10,220"
18146,"10,64"
18147,"3,147,148"
18148,"40,131,241"
18149,"3,4,435"
18150,"169,170"
18151,"43,24,23"
18152,"145,402,40"
18153,"10,64"
18154,"145,0,24"
18155,"23,418,265"
18156,"40,160,334"
18157,"135,40,199"
18158,"44,72,303"
18159,"3,4,19"
18160,"3,21,301"
18161,"3,21"
18162,"17,3,320"
18163,"0,89,271"
18164,"64,10,80"
18165,"0,346,313"
18166,"40,3,42"
18167,"44,145,73"
18168,"145,40"
18169,"3,34,263"
18170,"23,24,38"
18171,"3,21,301"
18172,"64,10,93"
18173,"49,23,24"
18174,"3,21"
18175,"171,199,170"
18176,"3,147,148"
18177,"40,175,128"
18178,"271,0,291"
18179,"3,21"
18180,"220,10"
18181,"3,21"
18182,"3,53,111"
18183,"3,21,187"
18184,"10,64,145"
18185,"3,203,15"
18186,"3,5"
18187,"145,40,181"
18188,"40,145,402"
18189,"10,64,93"
18190,"3,111,40"
18191,"0,271,255"
18192,"13,3,14"
18193,"3,21,164"
18194,"131,40,241"
18195,"3,21,164"
18196,"23,118,74"
18197,"145,40,181"
18198,"40,128,129"
18199,"23,26,89"
18200,"38,0,23"
18201,"170,199,323"
18202,"145,44,45"
18203,"0,271"
18204,"40,74,23"
18205,"3,21"
18206,"8,0,23"
18207,"271,0,291"
18208,"25,24,23"
18209,"40,145,181"
18210,"3,111"
18211,"3,5,4"
18212,"23,74,118"
18213,"21,3,48"
18214,"40,131,241"
18215,"93,10,64"
18216,"3,15,16"
18217,"3,53,523"
18218,"3,21"
18219,"3,204,13"
18220,"128,40,129"
18221,"271,0,291"
18222,"3,17,58"
18223,"3,52,51"
18224,"0,291,271"
18225,"169,296,306"
18226,"199,281,169"
18227,"40,402"
18228,"64,10,80"
18229,"131,40,406"
18230,"23,40,145"
18231,"3,21,301"
18232,"0,8,206"
18233,"84,23,74"
18234,"3,5,6"
18235,"3,17,51"
18236,"3,53,523"
18237,"0,271,291"
18238,"0,366,271"
18239,"40,128,175"
18240,"3,21,187"
18241,"8,0,308"
18242,"40,145,23"
18243,"53,523,3"
18244,"3,21"
18245,"3,147"
18246,"23,38,309"
18247,"3,13,204"
18248,"0,271,291"
18249,"40,0,216"
18250,"216,211,212"
18251,"170,459,169"
18252,"10,220"
18253,"21,3,187"
18254,"448,64,10"
18255,"40,41,111"
18256,"3,21,187"
18257,"3,4,435"
18258,"10,220"
18259,"23,74,165"
18260,"40,23,38"
18261,"3,52,51"
18262,"171,170,199"
18263,"3,40,160"
18264,"40,402,145"
18265,"26,350,23"
18266,"0,271"
18267,"0,271,337"
18268,"10,11,205"
18269,"40,10,145"
18270,"3,164,21"
18271,"3,17,320"
18272,"3,53,23"
18273,"40,128,129"
18274,"3,204,17"
18275,"40,199,170"
18276,"296,199,420"
18277,"0,216,304"
18278,"0,271,291"
18279,"38,23,91"
18280,"40,131,53"
18281,"40,162"
18282,"40,41,21"
18283,"3,21,301"
18284,"3,21,182"
18285,"0,271,291"
18286,"3,53,523"
18287,"23,265,49"
18288,"3,21,127"
18289,"10,93,64"
18290,"145,40,24"
18291,"199,323,170"
18292,"23,24,43"
18293,"3,147"
18294,"3,147,148"
18295,"3,147,148"
18296,"367,40,100"
18297,"40,128"
18298,"0,271,291"
18299,"60,239,10"
18300,"40,131"
18301,"3,41,40"
18302,"0,23,89"
18303,"23,38,94"
18304,"41,40,3"
18305,"3,4,19"
18306,"0,271"
18307,"0,218,446"
18308,"0,271,291"
18309,"26,23,350"
18310,"169,337,339"
18311,"169,199,281"
18312,"10,220"
18313,"8,0,308"
18314,"0,271,337"
18315,"3,70"
18316,"8,0,206"
18317,"131,40,241"
18318,"10,64,90"
18319,"170,199,171"
18320,"3,187,21"
18321,"23,24,43"
18322,"23,24,43"
18323,"199,169"
18324,"64,10,80"
18325,"21,3"
18326,"271,0"
18327,"10,64,80"
18328,"131,40,241"
18329,"3,21,52"
18330,"145,44,45"
18331,"169,199,311"
18332,"3,301"
18333,"145,45,44"
18334,"147,3,156"
18335,"40,128"
18336,"24,23,25"
18337,"40,160,315"
18338,"34,143,3"
18339,"40,145,146"
18340,"3,523,53"
18341,"3,52,51"
18342,"40,131,241"
18343,"10,220"
18344,"3,21,127"
18345,"10,64,80"
18346,"40,139,286"
18347,"10,64,93"
18348,"3,21"
18349,"170,199,171"
18350,"311,426,259"
18351,"311,199,426"
18352,"40,160,315"
18353,"40,128,129"
18354,"3,13,37"
18355,"10,64,93"
18356,"10,220"
18357,"3,16,15"
18358,"169,260,170"
18359,"40,41"
18360,"40,139"
18361,"3,30,147"
18362,"3,21,5"
18363,"24,23,43"
18364,"3,35,147"
18365,"24,23,10"
18366,"3,34,143"
18367,"3,23"
18368,"0,271,265"
18369,"40,160,315"
18370,"0,8,206"
18371,"23,74,118"
18372,"3,21,301"
18373,"169,199,170"
18374,"3,301"
18375,"23,38,306"
18376,"220,10,221"
18377,"131,40,241"
18378,"0,8,128"
18379,"3,4"
18380,"3,500,21"
18381,"10,64,93"
18382,"3,187,21"
18383,"0,218,38"
18384,"3,523,53"
18385,"40,131,406"
18386,"311,426,337"
18387,"40,145,402"
18388,"3,21,187"
18389,"0,216"
18390,"271,0,291"
18391,"40,128,186"
18392,"8,0,308"
18393,"4,3,375"
18394,"0,8,265"
18395,"231,23,26"
18396,"0,8,206"
18397,"17,3,320"
18398,"40,131,406"
18399,"0,271,265"
18400,"311,426,259"
18401,"3,17"
18402,"41,40,201"
18403,"10,220"
18404,"23,89"
18405,"64,10,80"
18406,"3,5"
18407,"0,271,291"
18408,"3,30,81"
18409,"3,30"
18410,"135,40,138"
18411,"145,44,45"
18412,"23,93,43"
18413,"21,3,187"
18414,"145,40"
18415,"3,147,148"
18416,"10,64,93"
18417,"3,21,187"
18418,"3,21,523"
18419,"271,0"
18420,"160,40,315"
18421,"170,199,169"
18422,"3,164,21"
18423,"0,216,271"
18424,"40,162"
18425,"169,199,426"
18426,"128,40,129"
18427,"3,21"
18428,"0,89,271"
18429,"3,23,111"
18430,"287,53,40"
18431,"74,23,118"
18432,"3,53,523"
18433,"40,500"
18434,"3,21,187"
18435,"170,323,199"
18436,"40,286,41"
18437,"231,26,23"
18438,"241,131,40"
18439,"3,21"
18440,"40,3"
18441,"199,281,169"
18442,"3,331,435"
18443,"3,21,182"
18444,"40,145"
18445,"72,89,44"
18446,"3,21,187"
18447,"40,184,160"
18448,"145,40,38"
18449,"3,4,435"
18450,"0,279,249"
18451,"23,38,309"
18452,"131,40,241"
18453,"23,74,38"
18454,"271,0,291"
18455,"0,271"
18456,"40,131,241"
18457,"3,111"
18458,"0,271,456"
18459,"170,199,323"
18460,"0,8,206"
18461,"111,404,74"
18462,"23,74,303"
18463,"3,52,51"
18464,"0,8,23"
18465,"216,212,211"
18466,"3,21,182"
18467,"23,24"
18468,"3,435,4"
18469,"44,45,145"
18470,"169,10,296"
18471,"3,111,123"
18472,"0,337,169"
18473,"3,0,265"
18474,"3,4,435"
18475,"89,23,26"
18476,"311,426,259"
18477,"40,160,128"
18478,"3,187,21"
18479,"3,156,147"
18480,"40,135,141"
18481,"64,10,93"
18482,"31,23,3"
18483,"160,315,40"
18484,"3,4"
18485,"3,21,48"
18486,"3,4,435"
18487,"40,118,23"
18488,"10,64"
18489,"3,40,169"
18490,"145,45,44"
18491,"40,145,402"
18492,"43,24,23"
18493,"43,24,145"
18494,"4,3,435"
18495,"0,271"
18496,"40,160,41"
18497,"199,40,169"
18498,"40,135,138"
18499,"145,40,402"
18500,"3,435,4"
18501,"40,135,431"
18502,"169,296,300"
18503,"44,145,45"
18504,"64,10,80"
18505,"71,24,38"
18506,"3,111,265"
18507,"40,135,138"
18508,"145,45,44"
18509,"60,128,10"
18510,"40,131,241"
18511,"199,170,323"
18512,"0,313,346"
18513,"3,187,21"
18514,"3,5,6"
18515,"220,25,23"
18516,"10,64,80"
18517,"23,38,24"
18518,"3,143,34"
18519,"23,31,290"
18520,"135,40,250"
18521,"0,8,391"
18522,"26,89,23"
18523,"95,145,54"
18524,"0,23,24"
18525,"23,49,24"
18526,"10,419,60"
18527,"40,145,402"
18528,"41,40,224"
18529,"40,186,128"
18530,"40,146,145"
18531,"24,23,11"
18532,"3,111"
18533,"40,128,129"
18534,"0,249,279"
18535,"3,147,156"
18536,"3,21,40"
18537,"187,3,21"
18538,"23,74,84"
18539,"40,131,241"
18540,"128,40,129"
18541,"3,4,435"
18542,"169,170"
18543,"0,271,366"
18544,"23,24,49"
18545,"0,271,291"
18546,"0,304,216"
18547,"139,155,40"
18548,"3,145,40"
18549,"0,3"
18550,"0,265,418"
18551,"23,137,38"
18552,"25,24,23"
18553,"21,102,3"
18554,"15,16,3"
18555,"3,15,16"
18556,"145,40,23"
18557,"23,38,308"
18558,"426,311,259"
18559,"10,11"
18560,"40,131,241"
18561,"44,145,45"
18562,"147,148,3"
18563,"111,195,282"
18564,"426,259,311"
18565,"40,128,129"
18566,"40,145,402"
18567,"31,328,23"
18568,"147,3,156"
18569,"0,89,23"
18570,"3,17"
18571,"3,21,42"
18572,"40,135,311"
18573,"3,4,435"
18574,"38,23,309"
18575,"3,147,148"
18576,"3,21"
18577,"220,10"
18578,"23,309,38"
18579,"3,21,287"
18580,"169,296"
18581,"135,40,138"
18582,"169,436,170"
18583,"23,137,38"
18584,"40,131,406"
18585,"199,170,323"
18586,"64,10,93"
18587,"160,40,334"
18588,"44,145,45"
18589,"145,40"
18590,"0,249,279"
18591,"24,23"
18592,"3,187,34"
18593,"13,3,204"
18594,"42,41,40"
18595,"3,182,21"
18596,"296,169,417"
18597,"3,204,21"
18598,"0,346,313"
18599,"8,0,405"
18600,"10,64,93"
18601,"3,147,53"
18602,"8,0,308"
18603,"40,131,406"
18604,"40,41,224"
18605,"40,160,315"
18606,"220,10"
18607,"49,24,23"
18608,"23,31,32"
18609,"3,523,53"
18610,"40,135,138"
18611,"74,317,23"
18612,"23,38,88"
18613,"40,41,149"
18614,"49,24,23"
18615,"0,1,2"
18616,"3,111,182"
18617,"10,60,11"
18618,"0,296"
18619,"0,8,206"
18620,"40,3,21"
18621,"0,271,255"
18622,"145,40,146"
18623,"10,64,220"
18624,"13,3,204"
18625,"60,10,61"
18626,"10,60,11"
18627,"40,135"
18628,"169,296"
18629,"0,10,271"
18630,"3,4,435"
18631,"3,120,147"
18632,"5,6,3"
18633,"3,53,15"
18634,"0,8,206"
18635,"3,111,275"
18636,"23,165,74"
18637,"10,220"
18638,"40,135,138"
18639,"10,220"
18640,"145,40,181"
18641,"3,21,22"
18642,"24,38,71"
18643,"10,90,64"
18644,"3,21"
18645,"23,38,24"
18646,"311,259,426"
18647,"3,148,53"
18648,"40,145,402"
18649,"145,10,44"
18650,"3,15,16"
18651,"3,21"
18652,"3,21,33"
18653,"23,0,24"
18654,"3,17,320"
18655,"41,40,224"
18656,"0,271,291"
18657,"0,291,271"
18658,"38,24,71"
18659,"3,281,199"
18660,"199,337,426"
18661,"8,0,206"
18662,"3,523,53"
18663,"40,131"
18664,"3,4,19"
18665,"145,73,44"
18666,"145,40,402"
18667,"10,64,93"
18668,"0,216,354"
18669,"40,160,315"
18670,"24,25,23"
18671,"0,8,265"
18672,"21,3,40"
18673,"40,128,195"
18674,"0,249,279"
18675,"3,21,48"
18676,"169,170"
18677,"3,287,53"
18678,"64,10,448"
18679,"0,145,402"
18680,"0,8,206"
18681,"40,128"
18682,"199,171,170"
18683,"40,145,402"
18684,"187,3,21"
18685,"23,24,49"
18686,"3,21,301"
18687,"40,241,131"
18688,"3,147"
18689,"24,49,23"
18690,"3,53,523"
18691,"23,105,24"
18692,"145,44,45"
18693,"40,145,181"
18694,"220,10,221"
18695,"3,40"
18696,"23,74,118"
18697,"426,23,31"
18698,"23,24,43"
18699,"44,145,45"
18700,"0,8,218"
18701,"311,337,426"
18702,"3,4,111"
18703,"0,271,291"
18704,"24,23,345"
18705,"169,311,426"
18706,"64,448,10"
18707,"3,21,182"
18708,"145,402,40"
18709,"24,10,64"
18710,"0,271,291"
18711,"10,64,93"
18712,"337,169,311"
18713,"337,251,296"
18714,"3,287,53"
18715,"3,53,523"
18716,"169,296,306"
18717,"3,287,53"
18718,"145,54,10"
18719,"3,148,147"
18720,"169,296,0"
18721,"40,131,145"
18722,"216,212,211"
18723,"24,43,23"
18724,"10,93,64"
18725,"296,337,251"
18726,"3,21"
18727,"199,169"
18728,"265,0,23"
18729,"40,128,186"
18730,"0,208,521"
18731,"40,38,71"
18732,"0,271,291"
18733,"131,40,406"
18734,"23,31,454"
18735,"169,3,337"
18736,"145,45,44"
18737,"24,25,23"
18738,"40,145"
18739,"169,339,337"
18740,"40,128,129"
18741,"523,53,3"
18742,"34,263,3"
18743,"0,313,346"
18744,"3,5"
18745,"40,131,241"
18746,"426,311,259"
18747,"31,23,32"
18748,"40,135"
18749,"135,40,138"
18750,"296,169,300"
18751,"3,147,156"
18752,"38,23,24"
18753,"40,131"
18754,"0,8,206"
18755,"40,131,193"
18756,"64,10,80"
18757,"3,21"
18758,"23,49,24"
18759,"0,265,349"
18760,"23,89,26"
18761,"23,24,43"
18762,"0,8"
18763,"3,51,52"
18764,"10,11"
18765,"23,74"
18766,"131,40"
18767,"23,26,89"
18768,"147,3,148"
18769,"31,290,23"
18770,"0,8,206"
18771,"3,53,523"
18772,"23,38,39"
18773,"40,131,406"
18774,"64,43,10"
18775,"3,5,331"
18776,"3,21,17"
18777,"40,131,241"
18778,"145,296,40"
18779,"3,21,164"
18780,"10,64,80"
18781,"23,43,24"
18782,"23,31"
18783,"138,40,135"
18784,"4,3,435"
18785,"31,23,328"
18786,"145,44,45"
18787,"0,271"
18788,"40,402,145"
18789,"64,10,80"
18790,"3,21,182"
18791,"10,64,80"
18792,"8,0,206"
18793,"3,0,53"
18794,"3,147,120"
18795,"311,426,259"
18796,"0,8,327"
18797,"169,508,426"
18798,"23,24,49"
18799,"23,43,24"
18800,"3,5"
18801,"199,170,323"
18802,"199,171,170"
18803,"0,271,291"
18804,"10,220"
18805,"3,203,120"
18806,"64,10,80"
18807,"8,0,308"
18808,"3,17"
18809,"10,220"
18810,"3,170,17"
18811,"3,111,41"
18812,"128,40,130"
18813,"23,26,350"
18814,"160,40,315"
18815,"0,8,206"
18816,"10,11"
18817,"145,40,402"
18818,"23,74,231"
18819,"145,40,181"
18820,"147,3,148"
18821,"23,24,38"
18822,"3,111,13"
18823,"10,54,60"
18824,"40,135,138"
18825,"199,96,170"
18826,"3,187,21"
18827,"170,199,323"
18828,"10,11"
18829,"0,8,270"
18830,"3,17,52"
18831,"199,170,323"
18832,"23,38,24"
18833,"3,147,148"
18834,"3,21,187"
18835,"145,40,402"
18836,"0,8"
18837,"337,296,251"
18838,"3,21"
18839,"64,80,10"
18840,"169,343,199"
18841,"23,38,24"
18842,"0,271,291"
18843,"3,21,164"
18844,"23,31,32"
18845,"40,184,186"
18846,"24,23,25"
18847,"40,151,152"
18848,"40,145,402"
18849,"38,23,39"
18850,"53,523,3"
18851,"3,21"
18852,"170,199,171"
18853,"3,331,5"
18854,"13,3,401"
18855,"0,271"
18856,"0,281,169"
18857,"23,24,49"
18858,"40,131,406"
18859,"40,41,201"
18860,"3,21"
18861,"0,271,291"
18862,"64,10,80"
18863,"10,60,239"
18864,"169,170,436"
18865,"3,21,311"
18866,"0,8,308"
18867,"40,145,402"
18868,"3,30,13"
18869,"3,4,435"
18870,"23,296,251"
18871,"44,145,45"
18872,"131,40,406"
18873,"0,313"
18874,"23,43,24"
18875,"3,30,81"
18876,"44,145,45"
18877,"337,296,251"
18878,"3,164,21"
18879,"3,15,16"
18880,"3,21"
18881,"3,156,147"
18882,"3,4,188"
18883,"323,199,170"
18884,"23,31,32"
18885,"220,10"
18886,"64,10,448"
18887,"3,21,187"
18888,"3,53,523"
18889,"8,206,0"
18890,"40,402,145"
18891,"23,24,43"
18892,"0,271,291"
18893,"3,21,187"
18894,"0,8,206"
18895,"3,21,127"
18896,"145,402,95"
18897,"145,40,402"
18898,"23,38,74"
18899,"0,8"
18900,"40,128,186"
18901,"169,296,111"
18902,"271,255,280"
18903,"10,64,80"
18904,"40,135,138"
18905,"40,145,402"
18906,"23,38,63"
18907,"145,40,402"
18908,"23,24,43"
18909,"23,38,74"
18910,"3,21,127"
18911,"10,11"
18912,"3,30"
18913,"40,131,241"
18914,"0,271"
18915,"0,216,257"
18916,"3,111,275"
18917,"10,11,419"
18918,"145,44,45"
18919,"3,17,320"
18920,"3,85,293"
18921,"145,40,181"
18922,"0,265,340"
18923,"220,10"
18924,"0,271,1"
18925,"3,15,16"
18926,"111,40,3"
18927,"169,40,3"
18928,"3,21,301"
18929,"40,402,145"
18930,"3,281,53"
18931,"38,88,3"
18932,"0,23,313"
18933,"23,0,40"
18934,"241,40,131"
18935,"74,40,283"
18936,"93,64,10"
18937,"271,0"
18938,"243,184,40"
18939,"10,64,60"
18940,"0,8,235"
18941,"0,271,455"
18942,"23,31,169"
18943,"3,169,300"
18944,"0,271,291"
18945,"145,44,72"
18946,"255,0,348"
18947,"40,135"
18948,"220,10"
18949,"3,187,21"
18950,"17,3,320"
18951,"10,220"
18952,"271,0,291"
18953,"0,265"
18954,"17,168,320"
18955,"3,4"
18956,"0,271,449"
18957,"8,0,235"
18958,"40,146,145"
18959,"0,218,11"
18960,"3,311,426"
18961,"23,43,24"
18962,"0,350,26"
18963,"23,91,38"
18964,"24,23,49"
18965,"271,0,456"
18966,"40,135,250"
18967,"3,21"
18968,"40,139,153"
18969,"45,10,44"
18970,"40,160"
18971,"3,17,320"
18972,"337,169,339"
18973,"3,53,169"
18974,"3,320,17"
18975,"3,5,4"
18976,"23,24,43"
18977,"23,26,231"
18978,"40,241,131"
18979,"24,71,38"
18980,"3,21"
18981,"3,13"
18982,"40,160,315"
18983,"10,60,489"
18984,"3,111,388"
18985,"40,131,134"
18986,"3,187,21"
18987,"64,10,80"
18988,"3,21"
18989,"10,64,80"
18990,"4,435,3"
18991,"3,100"
18992,"0,40"
18993,"3,21,182"
18994,"10,64"
18995,"3,17,320"
18996,"337,251,296"
18997,"60,199,169"
18998,"13,3,204"
18999,"145,40,402"
19000,"40,135,236"
19001,"3,21,17"
19002,"3,4,331"
19003,"3,53,154"
19004,"3,0,34"
19005,"0,313,271"
19006,"3,4,435"
19007,"199,170,169"
19008,"426,311,0"
19009,"3,204,13"
19010,"0,265,418"
19011,"40,160,315"
19012,"135,118,141"
19013,"40,131,241"
19014,"311,426,259"
19015,"3,21,127"
19016,"0,3,265"
19017,"3,21,35"
19018,"10,220"
19019,"0,271,216"
19020,"10,64,93"
19021,"367,40,100"
19022,"23,105,24"
19023,"220,10"
19024,"3,4,19"
19025,"40,131,406"
19026,"147,3,148"
19027,"3,160,523"
19028,"3,4,435"
19029,"23,38,91"
19030,"40,151,152"
19031,"23,24,43"
19032,"40,135,315"
19033,"3,5"
19034,"64,10,80"
19035,"0,265,349"
19036,"3,293,85"
19037,"40,128,129"
19038,"0,118,23"
19039,"40,128,131"
19040,"139,153,40"
19041,"3,13,204"
19042,"44,145,72"
19043,"145,44,45"
19044,"3,21,164"
19045,"3,523,40"
19046,"0,271,291"
19047,"3,148,147"
19048,"0,271"
19049,"0,271"
19050,"184,494,40"
19051,"10,64,93"
19052,"0,255,271"
19053,"0,271,291"
19054,"10,220"
19055,"0,218,265"
19056,"3,0,17"
19057,"169,199,170"
19058,"10,220,3"
19059,"40,146,145"
19060,"3,53,111"
19061,"44,145,72"
19062,"3,21,124"
19063,"169,199,170"
19064,"10,3,143"
19065,"3,5"
19066,"3,147"
19067,"0,265"
19068,"3,17,320"
19069,"3,21,164"
19070,"3,52,51"
19071,"3,182,21"
19072,"3,21,182"
19073,"3,21,301"
19074,"3,147,148"
19075,"23,24,25"
19076,"8,0,405"
19077,"3,4,435"
19078,"44,145,45"
19079,"145,40,402"
19080,"0,8,308"
19081,"3,53,523"
19082,"145,64,10"
19083,"337,251,296"
19084,"3,53,523"
19085,"0,340,313"
19086,"40,145,402"
19087,"31,23,32"
19088,"40,139,155"
19089,"0,346,313"
19090,"3,17"
19091,"23,199,24"
19092,"3,5,331"
19093,"40,145,181"
19094,"0,271,291"
19095,"40,128,175"
19096,"31,23,32"
19097,"23,24,25"
19098,"220,10,24"
19099,"323,199,170"
19100,"74,23,84"
19101,"40,128,129"
19102,"3,30,104"
19103,"40,41,21"
19104,"3,523,23"
19105,"0,271,291"
19106,"3,218,512"
19107,"3,21"
19108,"296,169,306"
19109,"10,64,90"
19110,"3,53,182"
19111,"24,25,23"
19112,"10,64,80"
19113,"40,100,139"
19114,"337,251,296"
19115,"23,25,24"
19116,"0,271,456"
19117,"145,40,402"
19118,"160,40"
19119,"3,331,5"
19120,"10,95,54"
19121,"3,17,21"
19122,"265,0,418"
19123,"0,265"
19124,"3,147,148"
19125,"23,49,24"
19126,"3,21,147"
19127,"3,30,16"
19128,"23,74,165"
19129,"10,80,64"
19130,"3,30"
19131,"311,426,337"
19132,"3,53,523"
19133,"199,170,171"
19134,"0,218,512"
19135,"160,40,315"
19136,"0,271"
19137,"40,131"
19138,"40,131,406"
19139,"60,10,489"
19140,"0,254,279"
19141,"23,26,38"
19142,"281,199,169"
19143,"156,147,3"
19144,"0,380,271"
19145,"23,74,118"
19146,"40,128,130"
19147,"8,0,235"
19148,"3,147,156"
19149,"24,23"
19150,"0,271,291"
19151,"3,4"
19152,"259,426,311"
19153,"3,21,127"
19154,"24,23,49"
19155,"0,271,456"
19156,"40,23"
19157,"0,218,509"
19158,"64,10,80"
19159,"24,23,25"
19160,"40,23,184"
19161,"145,8,40"
19162,"0,8,206"
19163,"3,23,182"
19164,"234,60,21"
19165,"40,128,426"
19166,"64,10,80"
19167,"24,25,23"
19168,"0,195,128"
19169,"3,127,147"
19170,"145,44,72"
19171,"3,30,81"
19172,"40,160,23"
19173,"23,38,24"
19174,"17,320,3"
19175,"10,64,93"
19176,"40,241,131"
19177,"72,38,24"
19178,"40,131,241"
19179,"23,89,26"
19180,"220,10"
19181,"0,265,340"
19182,"3,21,301"
19183,"0,313,346"
19184,"23,74"
19185,"0,8,206"
19186,"0,255,271"
19187,"317,74,23"
19188,"3,204,13"
19189,"10,220"
19190,"3,13"
19191,"24,25,23"
19192,"145,146,40"
19193,"10,60,239"
19194,"10,64,90"
19195,"169,74,23"
19196,"0,271,313"
19197,"0,265,418"
19198,"147,3,148"
19199,"287,53,340"
19200,"3,523,53"
19201,"3,187,21"
19202,"0,271,265"
19203,"0,265,349"
19204,"3,34"
19205,"418,265,0"
19206,"24,23,49"
19207,"199,169"
19208,"0,313,346"
19209,"3,28,21"
19210,"40,128"
19211,"3,182,21"
19212,"199,281,169"
19213,"169,296,40"
19214,"31,23,32"
19215,"3,53,111"
19216,"10,220"
19217,"3,53,147"
19218,"145,44,45"
19219,"10,220"
19220,"0,313,271"
19221,"31,96,23"
19222,"3,5,21"
19223,"23,74,118"
19224,"0,8,206"
19225,"10,220"
19226,"64,10,80"
19227,"337,251,296"
19228,"71,24,38"
19229,"10,239,60"
19230,"3,115,21"
19231,"3,53,23"
19232,"3,21,127"
19233,"40,128,186"
19234,"44,145,45"
19235,"40,131,241"
19236,"169,311,426"
19237,"311,426,259"
19238,"23,0,38"
19239,"60,10,239"
19240,"10,220"
19241,"24,49,23"
19242,"0,249,279"
19243,"169,417,459"
19244,"40,241,131"
19245,"38,24,71"
19246,"0,271,291"
19247,"311,426,337"
19248,"169,296,300"
19249,"3,21,4"
19250,"23,74"
19251,"64,10,80"
19252,"145,402,40"
19253,"40,128,129"
19254,"3,21,187"
19255,"25,23,24"
19256,"40,160,315"
19257,"311,3,426"
19258,"10,93,64"
19259,"40,128,129"
19260,"3,21,164"
19261,"3,187,21"
19262,"0,271,291"
19263,"93,10,64"
19264,"40,128,195"
19265,"3,21,127"
19266,"3,53,287"
19267,"3,156,21"
19268,"23,96,31"
19269,"23,38,103"
19270,"10,64,93"
19271,"3,4,188"
19272,"3,21,164"
19273,"145,44,45"
19274,"3,21"
19275,"296,169,300"
19276,"296,40,169"
19277,"31,23,32"
19278,"170,199,171"
19279,"8,0,206"
19280,"23,38,137"
19281,"40,162"
19282,"3,21,40"
19283,"137,38,23"
19284,"3,30,227"
19285,"3,21,301"
19286,"10,64,80"
19287,"23,31,32"
19288,"3,147"
19289,"0,271,291"
19290,"3,4,176"
19291,"0,211,216"
19292,"40,145,402"
19293,"8,0,405"
19294,"40,131,406"
19295,"40,160"
19296,"3,21"
19297,"0,271,291"
19298,"24,25,23"
19299,"199,169,170"
19300,"3,23,0"
19301,"3,21"
19302,"3,40,135"
19303,"23,31,32"
19304,"10,64,93"
19305,"40,131,406"
19306,"23,24,25"
19307,"23,38"
19308,"145,45,44"
19309,"402,40,145"
19310,"3,30"
19311,"10,64,93"
19312,"23,38,94"
19313,"0,271,313"
19314,"23,25,24"
19315,"0,216"
19316,"0,271,291"
19317,"0,265,418"
19318,"23,31,96"
19319,"271,255,0"
19320,"3,21,111"
19321,"41,40,201"
19322,"10,220"
19323,"131,40,241"
19324,"10,64,93"
19325,"3,0,218"
19326,"170,199,171"
19327,"0,23,26"
19328,"40,402,145"
19329,"3,147,148"
19330,"3,17"
19331,"145,44,45"
19332,"169,339,337"
19333,"220,10"
19334,"0,271,355"
19335,"40,128,175"
19336,"3,21"
19337,"3,287,53"
19338,"3,4,375"
19339,"170,311,426"
19340,"199,170,323"
19341,"337,169,339"
19342,"41,286,40"
19343,"8,0,206"
19344,"3,21,301"
19345,"71,24,38"
19346,"40,128,129"
19347,"0,8"
19348,"337,0,296"
19349,"60,92,0"
19350,"40,175,128"
19351,"24,23,40"
19352,"170,199,171"
19353,"45,44,145"
19354,"220,10"
19355,"23,31,32"
19356,"24,49,23"
19357,"40,402,145"
19358,"135,138,40"
19359,"26,23,0"
19360,"0,3,229"
19361,"169,508,426"
19362,"131,40,406"
19363,"147,3,156"
19364,"3,21"
19365,"0,40,229"
19366,"10,64,93"
19367,"170,199,323"
19368,"10,145,45"
19369,"40,151,128"
19370,"255,0"
19371,"0,271,456"
19372,"71,38,24"
19373,"40,131,406"
19374,"3,53"
19375,"3,21,187"
19376,"169,296,306"
19377,"199,169,281"
19378,"220,10,25"
19379,"145,44,45"
19380,"0,265,418"
19381,"10,11"
19382,"0,271,291"
19383,"3,23"
19384,"3,53,287"
19385,"0,271,291"
19386,"231,26,23"
19387,"3,16,15"
19388,"145,40,402"
19389,"40,135"
19390,"10,11,205"
19391,"0,277,1"
19392,"60,234,21"
19393,"24,23,49"
19394,"0,271,291"
19395,"3,53,523"
19396,"3,199,111"
19397,"3,187"
19398,"143,34,3"
19399,"10,220"
19400,"265,0,418"
19401,"0,8"
19402,"170,199,171"
19403,"23,74"
19404,"21,40,3"
19405,"40,145,402"
19406,"40,128,408"
19407,"337,311,426"
19408,"26,350,23"
19409,"51,10,3"
19410,"13,3,204"
19411,"10,221,0"
19412,"23,74,165"
19413,"23,10,60"
19414,"23,309,38"
19415,"5,3,6"
19416,"0,235,8"
19417,"296,54,420"
19418,"3,17,320"
19419,"3,21,127"
19420,"10,64,93"
19421,"38,71,24"
19422,"128,40,186"
19423,"40,184,243"
19424,"3,21,301"
19425,"0,8,206"
19426,"44,45,145"
19427,"147,203,3"
19428,"23,74,84"
19429,"93,64,10"
19430,"10,64,93"
19431,"3,187,21"
19432,"3,147"
19433,"54,10,322"
19434,"3,53,68"
19435,"296,169,420"
19436,"3,21,147"
19437,"23,26"
19438,"3,4,5"
19439,"21,3"
19440,"145,44,69"
19441,"23,49,24"
19442,"160,40,315"
19443,"49,23,24"
19444,"31,0,23"
19445,"54,10,83"
19446,"23,24,49"
19447,"265,0,418"
19448,"40,181,145"
19449,"0,291,271"
19450,"0,346,313"
19451,"271,0,456"
19452,"3,111,53"
19453,"3,53,523"
19454,"0,218,512"
19455,"3,17,320"
19456,"0,271"
19457,"0,255"
19458,"3,523,53"
19459,"0,265"
19460,"0,265,418"
19461,"40,160"
19462,"160,40,302"
19463,"3,147,21"
19464,"40,23,24"
19465,"10,11,205"
19466,"3,30,21"
19467,"23,38,26"
19468,"3,21,17"
19469,"40,128,186"
19470,"44,45,145"
19471,"40,184,243"
19472,"145,72,44"
19473,"3,21,22"
19474,"40,135,250"
19475,"40,131,31"
19476,"3,21"
19477,"23,74,165"
19478,"3,5,331"
19479,"40,145,402"
19480,"3,21,40"
19481,"170,199,171"
19482,"199,170,171"
19483,"0,271,291"
19484,"3,4,5"
19485,"311,426,259"
19486,"3,0"
19487,"3,53"
19488,"169,436,170"
19489,"523,53,3"
19490,"40,131,406"
19491,"131,40,406"
19492,"311,259,426"
19493,"3,21,301"
19494,"3,147,15"
19495,"169,40,135"
19496,"11,10,205"
19497,"23,10,239"
19498,"40,162"
19499,"53,169,3"
19500,"0,8,206"
19501,"3,204,13"
19502,"40,128,130"
19503,"64,25,24"
19504,"10,64,93"
19505,"40,74,118"
19506,"147,3,148"
19507,"40,128,186"
19508,"40,184,494"
19509,"3,21,182"
19510,"3,4,435"
19511,"0,265,458"
19512,"25,24,23"
19513,"40,145"
19514,"3,182,21"
19515,"145,40,23"
19516,"40,3,21"
19517,"40,131,160"
19518,"40,128,186"
19519,"45,44,145"
19520,"3,53,523"
19521,"0,235"
19522,"40,131,241"
19523,"74,23,317"
19524,"40,128,175"
19525,"40,145,181"
19526,"23,74,303"
19527,"10,64,90"
19528,"10,64,24"
19529,"3,85,86"
19530,"3,53,523"
19531,"290,31,23"
19532,"170,199,171"
19533,"296,251,337"
19534,"10,220"
19535,"40,135,250"
19536,"40,135,250"
19537,"145,40,146"
19538,"0,277,216"
19539,"40,128,186"
19540,"8,0,206"
19541,"23,74,303"
19542,"317,74,40"
19543,"53,523,3"
19544,"0,265,418"
19545,"3,287,53"
19546,"10,220"
19547,"3,40,186"
19548,"216,212,211"
19549,"3,147,148"
19550,"23,24,38"
19551,"3,111"
19552,"40,131,241"
19553,"23,38,88"
19554,"337,296,251"
19555,"337,311,426"
19556,"0,249,279"
19557,"10,11,45"
19558,"4,3,435"
19559,"3,53"
19560,"131,40,241"
19561,"40,402,145"
19562,"34,143"
19563,"40,128,129"
19564,"402,40,145"
19565,"231,26,23"
19566,"131,40"
19567,"3,52,51"
19568,"40,128,129"
19569,"0,271,291"
19570,"169,296"
19571,"3,4,70"
19572,"3,21,127"
19573,"10,220,23"
19574,"40,131,241"
19575,"40,184,243"
19576,"24,0,10"
19577,"104,30,3"
19578,"169,296,411"
19579,"3,4,435"
19580,"3,17,320"
19581,"10,54,95"
19582,"111,275,290"
19583,"128,40"
19584,"402,40,145"
19585,"3,367,100"
19586,"0,271"
19587,"40,160,41"
19588,"10,64,80"
19589,"3,4,435"
19590,"49,23,24"
19591,"3,21,187"
19592,"40,224,164"
19593,"0,265,418"
19594,"0,265"
19595,"3,30,81"
19596,"3,182,21"
19597,"40,135,250"
19598,"169,426,24"
19599,"111,3"
19600,"23,49,24"
19601,"0,271"
19602,"169,281,199"
19603,"23,25,24"
19604,"3,301,21"
19605,"40,41,3"
19606,"23,49,24"
19607,"3,21,51"
19608,"0,337,277"
19609,"44,145,69"
19610,"3,4,19"
19611,"3,13,204"
19612,"128,40,129"
19613,"3,21,23"
19614,"0,8,206"
19615,"3,111,21"
19616,"145,44,45"
19617,"199,169"
19618,"311,337,426"
19619,"10,220"
19620,"0,218,512"
19621,"3,182,21"
19622,"23,105"
19623,"23,74,84"
19624,"337,0,265"
19625,"3,21,500"
19626,"3,53,523"
19627,"0,8,206"
19628,"40,131,406"
19629,"23,74,84"
19630,"10,64,80"
19631,"216,212,0"
19632,"3,4,21"
19633,"23,26,89"
19634,"296,23,169"
19635,"135,138,40"
19636,"169,199"
19637,"3,147"
19638,"0,308,8"
19639,"145,44,72"
19640,"31,23,96"
19641,"40,3,131"
19642,"23,38,8"
19643,"40,128,186"
19644,"3,21,301"
19645,"145,40,402"
19646,"296,251,337"
19647,"271,0,456"
19648,"0,346,313"
19649,"23,31,32"
19650,"169,296,199"
19651,"0,308,8"
19652,"3,40,53"
19653,"145,40,402"
19654,"40,131,406"
19655,"38,24,71"
19656,"3,111,21"
19657,"3,21,111"
