id,label
0,"93,64"
1,"17,168,18"
2,"300,53"
3,"216,304"
4,"145,220"
5,"206,8"
6,"44,145"
7,"42,21"
8,"49,396,165"
9,"21,42"
10,"265,59"
11,"145,437,502"
12,"195,417,169"
13,"456,271"
14,"74,137,38"
15,"264,38"
16,"44,64,65"
17,"111,21"
18,"93,64"
19,"220,54"
20,"181,43"
21,"89,26"
22,"5,228"
23,"127,195"
24,"326,493"
25,"131,40,159"
26,"21,111,41"
27,"93,64"
28,"17,18"
29,"20,14"
30,"43,24"
31,"451,30,50"
32,"131,40,226"
33,"26,308"
34,"220,454"
35,"48,21"
36,"4,85"
37,"69,11"
38,"4,3"
39,"139,241"
40,"89,26,370"
41,"21,5"
42,"135,138"
43,"457,218"
44,"12,11"
45,"163,162"
46,"17,21,143"
47,"234,60"
48,"186,128,184"
49,"322,500"
50,"82,38"
51,"3,148"
52,"145,44,220"
53,"430,62"
54,"435,3,111"
55,"21,102"
56,"90,64"
57,"284,111"
58,"118,231"
59,"28,30"
60,"11,13,122"
61,"448,64,524"
62,"271,456,213"
63,"99,53"
64,"328,360,304"
65,"22,21"
66,"134,131"
67,"170,323"
68,"17,18"
69,"278,187,53"
70,"64,93,65"
71,"448,64"
72,"41,21"
73,"42,21"
74,"220,326"
75,"265,0,365"
76,"187,21"
77,"350,346,26"
78,"49,30"
79,"220,326"
80,"93,64"
81,"127,21,17"
82,"12,11"
83,"306,296"
84,"49,24,265"
85,"63,131"
86,"131,40,226"
87,"21,41"
88,"26,231,89"
89,"53,21"
90,"43,242,370"
91,"220,221"
92,"257,235,446"
93,"4,435"
94,"478,96"
95,"40,76"
96,"49,239"
97,"250,131,76"
98,"145,54,402"
99,"308,38,26"
100,"231,26"
101,"106,105"
102,"49,296"
103,"156,138,26"
104,"76,23,38"
105,"350,346"
106,"181,404,111"
107,"49,239"
108,"304,216"
109,"206,8"
110,"5,3"
111,"199,91"
112,"3,4"
113,"187,34"
114,"220,221"
115,"199,260"
116,"485,21"
117,"220,8"
118,"283,146,175"
119,"21,34,3"
120,"147,148"
121,"265,53"
122,"69,62,11"
123,"41,21"
124,"99,53"
125,"21,3"
126,"229,421"
127,"38,91"
128,"321,271"
129,"265,59"
130,"478,64,322"
131,"169,170"
132,"197,38"
133,"21,250"
134,"30,28"
135,"260,44,496"
136,"271,457,128"
137,"402,145"
138,"265,340"
139,"171,170,31"
140,"21,76"
141,"41,112,286"
142,"199,169,356"
143,"85,21,111"
144,"72,335"
145,"11,12"
146,"4,3,7"
147,"274,169"
148,"448,64"
149,"160,111,41"
150,"295,135"
151,"63,199"
152,"4,435,19"
153,"276,265"
154,"199,382"
155,"231,26"
156,"131,76,40"
157,"44,73,145"
158,"41,128"
159,"199,169,179"
160,"38,308"
161,"82,38"
162,"241,131"
163,"267,21,111"
164,"271,291"
165,"195,417"
166,"90,64"
167,"93,64"
168,"44,62"
169,"186,152"
170,"15,169"
171,"3,21"
172,"89,91"
173,"4,19"
174,"248,139,155"
175,"89,26,38"
176,"64,65,448"
177,"82,38"
178,"5,21,85"
179,"308,26"
180,"21,33"
181,"50,21,105"
182,"265,340"
183,"21,85,3"
184,"21,195"
185,"49,78"
186,"449,271,272"
187,"135,236"
188,"64,65"
189,"199,169,170"
190,"323,508,169"
191,"199,259"
192,"184,508"
193,"38,88"
194,"311,1"
195,"431,199"
196,"145,44,402"
197,"21,127"
198,"40,131,76"
199,"456,271"
200,"43,242,24"
201,"43,24"
202,"30,53"
203,"4,19"
204,"508,323"
205,"199,169"
206,"43,24"
207,"91,38,103"
208,"65,64"
209,"524,64,448"
210,"188,435,287"
211,"235,8"
212,"265,340"
213,"68,182,472"
214,"384,49"
215,"43,181"
216,"32,328,500"
217,"303,74,71"
218,"21,3"
219,"160,111"
220,"39,38,91"
221,"271,0"
222,"4,7"
223,"199,260"
224,"160,302"
225,"204,13"
226,"65,64"
227,"93,64"
228,"5,57"
229,"17,21"
230,"44,145,54"
231,"3,15"
232,"402,26,231"
233,"190,295"
234,"145,146,40"
235,"131,134"
236,"30,430"
237,"199,169"
238,"402,145,31"
239,"43,24"
240,"26,271"
241,"271,456"
242,"494,169"
243,"40,131"
244,"271,456,272"
245,"143,77"
246,"234,64"
247,"93,169"
248,"17,3,18"
249,"129,93,128"
250,"62,38"
251,"220,326,454"
252,"148,147"
253,"3,208"
254,"105,38,262"
255,"308,26"
256,"21,33"
257,"204,13"
258,"129,128,131"
259,"44,11"
260,"93,64"
261,"4,3"
262,"93,64"
263,"451,147"
264,"21,76"
265,"21,42"
266,"345,48,309"
267,"131,241,23"
268,"93,64"
269,"496,160,135"
270,"21,41"
271,"131,40,134"
272,"49,32"
273,"145,91"
274,"44,45"
275,"524,448,64"
276,"32,328,63"
277,"3,200"
278,"118,333,107"
279,"131,241,406"
280,"63,38"
281,"220,11"
282,"276,265,327"
283,"21,127"
284,"111,161,26"
285,"4,174"
286,"448,64,524"
287,"271,89"
288,"93,64"
289,"289,26"
290,"346,314"
291,"43,24"
292,"44,62"
293,"49,199"
294,"21,164,99"
295,"149,41"
296,"41,21"
297,"189,135,244"
298,"243,199,343"
299,"17,18,194"
300,"15,16"
301,"170,21"
302,"71,38"
303,"21,3,325"
304,"170,169"
305,"271,469"
306,"468,38"
307,"89,26"
308,"65,64"
309,"241,139,140"
310,"304,216"
311,"21,287"
312,"21,42"
313,"49,44"
314,"17,18"
315,"265,271,456"
316,"155,131"
317,"228,3,5"
318,"303,382"
319,"508,199"
320,"279,212"
321,"152,127,40"
322,"74,21"
323,"28,190"
324,"160,41"
325,"131,54"
326,"28,190"
327,"431,64"
328,"43,24"
329,"169,199,179"
330,"43,32"
331,"129,128"
332,"212,211,216"
333,"123,111"
334,"366,209,186"
335,"21,3"
336,"43,24"
337,"34,170,447"
338,"21,3"
339,"85,148"
340,"220,221"
341,"32,451"
342,"129,128"
343,"5,331,57"
344,"76,250"
345,"145,44,76"
346,"460,296"
347,"221,220"
348,"188,3"
349,"300,296,38"
350,"69,11"
351,"175,74,231"
352,"296,371,411"
353,"308,38"
354,"204,3,286"
355,"145,402"
356,"82,38,26"
357,"31,508,258"
358,"265,349,271"
359,"448,64"
360,"134,31,131"
361,"145,44"
362,"21,22"
363,"170,131"
364,"508,134"
365,"456,271"
366,"103,38"
367,"89,370"
368,"38,137,23"
369,"431,199"
370,"3,4"
371,"43,24"
372,"118,74"
373,"131,226,132"
374,"206,369"
375,"44,145"
376,"170,169"
377,"81,48"
378,"41,21"
379,"96,31,258"
380,"41,215,30"
381,"21,3"
382,"169,426,248"
383,"199,356"
384,"17,18"
385,"220,326"
386,"220,242"
387,"165,74"
388,"212,0,279"
389,"99,53"
390,"220,510,242"
391,"78,242"
392,"304,216"
393,"64,65"
394,"265,205,59"
395,"111,435"
396,"48,309"
397,"21,108"
398,"337,339,169"
399,"170,169"
400,"44,264,11"
401,"143,199,169"
402,"21,148"
403,"272,208"
404,"467,21"
405,"235,8"
406,"21,3"
407,"40,131"
408,"21,187"
409,"21,68"
410,"21,41"
411,"15,16"
412,"49,239"
413,"199,169"
414,"206,8"
415,"131,40,226"
416,"26,38"
417,"220,326"
418,"478,77,31"
419,"38,88"
420,"134,169,454"
421,"220,221,242"
422,"370,145"
423,"303,74,165"
424,"350,26"
425,"363,399"
426,"296,336"
427,"24,43"
428,"145,260"
429,"199,248"
430,"129,128"
431,"350,26"
432,"12,11"
433,"524,402,448"
434,"234,44"
435,"41,111,21"
436,"279,521"
437,"220,221"
438,"163,128,250"
439,"337,339"
440,"300,32"
441,"265,205,59"
442,"17,15"
443,"417,169"
444,"370,145,44"
445,"4,3,170"
446,"265,340"
447,"265,402,218"
448,"64,93"
449,"129,128"
450,"456,409"
451,"354,216"
452,"296,306"
453,"160,302"
454,"303,62"
455,"199,281"
456,"193,131"
457,"448,64"
458,"148,21,451"
459,"241,21"
460,"456,26,271"
461,"170,169"
462,"242,382"
463,"185,184"
464,"265,490,271"
465,"271,0"
466,"350,26"
467,"402,145"
468,"11,44,69"
469,"105,50,68"
470,"171,31"
471,"456,409"
472,"93,65,64"
473,"279,249"
474,"350,26"
475,"265,349"
476,"82,38"
477,"199,169"
478,"141,135"
479,"199,323,508"
480,"107,38"
481,"44,145,64"
482,"131,40,226"
483,"170,208,44"
484,"21,108"
485,"206,8"
486,"64,65"
487,"212,0"
488,"165,74"
489,"152,315"
490,"90,64"
491,"303,111"
492,"93,64"
493,"376,265"
494,"41,21"
495,"482,214,213"
496,"141,135"
497,"43,242,65"
498,"206,231,8"
499,"137,326"
500,"21,199"
501,"36,21,35"
502,"49,31"
503,"448,64"
504,"18,17,168"
505,"131,40,76"
506,"93,64"
507,"431,259,169"
508,"21,28,22"
509,"53,68"
510,"93,64"
511,"186,128,41"
512,"456,271"
513,"61,181"
514,"111,435"
515,"186,41"
516,"17,18"
517,"181,43,32"
518,"21,199"
519,"15,16"
520,"265,326"
521,"279,0,271"
522,"145,402,44"
523,"131,40,226"
524,"32,111"
525,"231,26"
526,"74,118"
527,"134,131"
528,"300,296"
529,"82,454"
530,"239,64"
531,"220,221"
532,"44,26"
533,"279,249"
534,"169,274"
535,"308,38"
536,"21,148"
537,"206,8"
538,"153,401,115"
539,"53,435"
540,"446,488"
541,"38,137,87"
542,"38,88"
543,"4,3"
544,"41,42"
545,"175,128"
546,"64,65"
547,"141,74,135"
548,"15,21"
549,"239,49,60"
550,"135,138"
551,"369,208"
552,"21,408"
553,"220,242"
554,"12,11"
555,"181,96"
556,"65,181,43"
557,"26,38"
558,"93,64"
559,"129,76,128"
560,"220,221"
561,"265,349"
562,"220,221"
563,"65,296"
564,"21,296"
565,"181,32,43"
566,"346,501,313"
567,"370,44"
568,"118,74"
569,"11,44"
570,"239,60"
571,"175,128"
572,"21,190"
573,"93,64"
574,"90,64"
575,"102,21"
576,"93,64"
577,"93,64"
578,"21,53"
579,"11,44"
580,"309,64,38"
581,"21,305"
582,"475,524"
583,"301,53,21"
584,"170,21"
585,"346,128,206"
586,"220,242"
587,"148,53"
588,"290,32"
589,"21,3,108"
590,"78,91,103"
591,"64,90"
592,"170,241"
593,"44,264"
594,"220,221"
595,"236,374,260"
596,"63,231"
597,"206,308,265"
598,"3,21"
599,"137,38"
600,"247,62,143"
601,"47,131"
602,"5,228"
603,"384,265,49"
604,"4,3"
605,"456,271"
606,"160,166,41"
607,"36,390,35"
608,"366,209"
609,"300,345,53"
610,"43,24"
611,"231,26"
612,"265,349"
613,"21,5"
614,"129,239"
615,"348,255,280"
616,"145,220,44"
617,"290,93"
618,"49,336,418"
619,"431,199"
620,"350,26"
621,"308,231,26"
622,"108,21,111"
623,"143,3"
624,"367,100"
625,"346,26,350"
626,"199,260"
627,"143,111"
628,"402,145,44"
629,"4,3"
630,"31,328"
631,"206,8"
632,"241,131"
633,"143,356"
634,"475,271"
635,"350,26,38"
636,"135,21"
637,"21,187"
638,"152,151"
639,"456,271"
640,"74,303"
641,"206,8"
642,"135,236"
643,"250,131,41"
644,"21,164"
645,"26,76,89"
646,"21,148"
647,"258,481,336"
648,"4,3"
649,"169,170,251"
650,"145,38"
651,"62,26,89"
652,"290,220"
653,"149,160"
654,"454,31,134"
655,"131,76,241"
656,"3,21"
657,"206,279"
658,"4,7"
659,"204,13,3"
660,"131,226"
661,"169,337"
662,"21,22"
663,"43,24"
664,"11,419,143"
665,"43,24"
666,"64,93"
667,"31,96"
668,"26,308"
669,"38,169,26"
670,"49,129"
671,"44,197,145"
672,"220,454,31"
673,"199,223,21"
674,"241,131"
675,"156,147"
676,"44,145"
677,"17,18"
678,"21,111,267"
679,"220,221,139"
680,"8,206"
681,"134,131"
682,"64,448,524"
683,"74,317"
684,"78,231,247"
685,"3,16"
686,"402,145"
687,"356,199"
688,"199,169"
689,"220,375"
690,"523,53"
691,"170,63"
692,"53,99"
693,"93,64"
694,"206,8"
695,"82,38,91"
696,"71,38,91"
697,"15,16"
698,"15,217"
699,"131,241,128"
700,"18,17,3"
701,"64,65"
702,"94,414,181"
703,"131,38"
704,"63,131"
705,"135,138"
706,"128,241"
707,"41,21"
708,"327,276"
709,"49,24"
710,"17,21,18"
711,"185,283,184"
712,"15,16"
713,"212,279"
714,"21,48"
715,"49,31"
716,"36,33,160"
717,"3,4"
718,"42,21"
719,"303,23,76"
720,"523,53"
721,"12,11"
722,"21,124"
723,"41,3"
724,"5,3,228"
725,"43,24"
726,"170,53"
727,"8,457"
728,"323,169,199"
729,"41,21"
730,"199,169"
731,"274,169"
732,"17,18,3"
733,"44,264"
734,"199,143"
735,"199,169,223"
736,"93,454"
737,"259,199"
738,"12,11,90"
739,"350,346,514"
740,"26,38"
741,"456,271"
742,"4,375"
743,"145,24,402"
744,"145,402"
745,"4,7"
746,"53,430"
747,"258,31"
748,"199,68,182"
749,"44,65"
750,"42,21,41"
751,"43,24"
752,"111,123"
753,"170,169"
754,"170,417,169"
755,"43,181"
756,"44,145"
757,"163,175"
758,"15,451"
759,"417,169,170"
760,"169,274,296"
761,"208,369,521"
762,"239,64"
763,"21,182"
764,"21,182,42"
765,"8,235"
766,"273,265"
767,"169,251,199"
768,"265,340"
769,"61,181"
770,"111,282"
771,"448,64,65"
772,"15,16"
773,"3,52,28"
774,"199,169,259"
775,"124,21"
776,"170,21"
777,"182,128,175"
778,"4,19"
779,"448,507,296"
780,"93,64"
781,"181,61"
782,"456,265,276"
783,"150,13"
784,"21,3"
785,"199,38"
786,"199,169"
787,"74,175"
788,"8,308,206"
789,"8,26"
790,"21,41,42"
791,"220,143"
792,"44,62"
793,"103,231"
794,"199,260"
795,"131,40"
796,"21,5,22"
797,"21,53"
798,"185,131"
799,"111,112"
800,"494,152,170"
801,"77,195,128"
802,"39,76,38"
803,"243,17,21"
804,"53,99"
805,"260,199"
806,"89,289"
807,"71,264"
808,"21,199"
809,"170,21"
810,"290,38,192"
811,"43,24"
812,"44,11"
813,"291,271"
814,"21,42"
815,"76,500"
816,"21,33"
817,"265,365,349"
818,"17,18,168"
819,"170,169,21"
820,"255,462,463"
821,"96,17"
822,"508,323,170"
823,"43,24"
824,"267,111"
825,"145,44"
826,"391,8"
827,"12,11"
828,"170,169,274"
829,"478,241"
830,"90,64,65"
831,"255,360"
832,"11,44"
833,"199,241,78"
834,"53,182"
835,"317,201"
836,"508,199,169"
837,"185,184"
838,"3,4,435"
839,"228,5"
840,"402,145"
841,"111,161"
842,"5,21"
843,"89,26"
844,"258,508"
845,"38,241"
846,"199,248,169"
847,"128,130"
848,"456,271"
849,"96,31,258"
850,"286,199,169"
851,"44,38,264"
852,"32,31,328"
853,"71,38"
854,"170,169"
855,"146,145"
856,"49,239"
857,"93,64"
858,"3,4"
859,"459,374"
860,"308,38"
861,"43,181"
862,"111,284"
863,"255,462,463"
864,"122,14"
865,"186,128,41"
866,"21,22"
867,"171,170"
868,"21,401"
869,"43,24"
870,"396,21"
871,"48,137"
872,"190,21,3"
873,"199,169,343"
874,"214,360"
875,"44,145"
876,"30,204"
877,"131,40,226"
878,"171,170"
879,"38,240,91"
880,"3,4"
881,"206,271,369"
882,"145,402,44"
883,"41,40,131"
884,"44,145"
885,"42,41"
886,"169,260,199"
887,"61,181"
888,"30,21"
889,"199,431"
890,"44,145"
891,"275,111"
892,"23,303,65"
893,"11,239"
894,"231,44,26"
895,"53,3"
896,"131,226"
897,"21,111,22"
898,"41,42"
899,"170,169,179"
900,"265,425,418"
901,"41,21,42"
902,"25,44"
903,"40,131"
904,"93,64"
905,"38,87"
906,"0,89,296"
907,"235,220,8"
908,"14,21,13"
909,"163,162"
910,"220,65"
911,"11,12"
912,"68,93"
913,"44,145"
914,"64,448,524"
915,"220,326"
916,"4,435"
917,"271,481,26"
918,"4,3,28"
919,"435,82,232"
920,"156,147"
921,"234,60"
922,"113,30,467"
923,"93,64"
924,"146,145"
925,"38,39"
926,"234,44"
927,"128,130,129"
928,"115,21"
929,"30,3"
930,"26,89"
931,"229,421,220"
932,"82,38"
933,"23,241,155"
934,"181,64"
935,"508,258,31"
936,"21,3"
937,"15,523"
938,"111,123"
939,"296,306"
940,"4,3"
941,"26,89"
942,"120,530"
943,"431,199"
944,"4,3,19"
945,"356,343,199"
946,"206,8"
947,"21,3"
948,"118,74"
949,"139,241"
950,"271,456"
951,"239,60,96"
952,"169,170,131"
953,"131,134,31"
954,"49,24,336"
955,"12,11"
956,"402,145"
957,"49,239"
958,"234,60"
959,"43,181"
960,"356,199,170"
961,"199,187"
962,"59,370"
963,"139,250"
964,"43,24"
965,"128,130"
966,"448,64,524"
967,"337,169"
968,"188,53,287"
969,"165,128,175"
970,"135,138"
971,"160,135,166"
972,"430,62"
973,"370,484,89"
974,"220,454"
975,"199,271"
976,"206,8"
977,"141,135"
978,"21,3"
979,"317,74"
980,"49,297,265"
981,"235,446"
982,"17,18"
983,"30,21"
984,"131,134,40"
985,"152,186"
986,"105,106,495"
987,"134,131"
988,"64,93"
989,"21,28"
990,"21,187,34"
991,"43,242,24"
992,"199,231,169"
993,"111,21"
994,"43,64"
995,"21,287"
996,"199,259,169"
997,"131,226,40"
998,"317,215,41"
999,"62,247"
1000,"349,340"
1001,"3,4"
1002,"257,216,304"
1003,"77,241"
1004,"502,53"
1005,"199,170"
1006,"21,3"
1007,"44,72,145"
1008,"274,169,296"
1009,"90,11"
1010,"231,131,287"
1011,"21,3,115"
1012,"21,287"
1013,"448,64,524"
1014,"21,200,42"
1015,"297,265"
1016,"38,145"
1017,"87,38,308"
1018,"21,187"
1019,"4,3"
1020,"359,213"
1021,"220,242"
1022,"235,453"
1023,"89,26"
1024,"375,4,19"
1025,"163,162"
1026,"44,271"
1027,"89,370,26"
1028,"21,200,33"
1029,"43,24"
1030,"96,31"
1031,"43,181"
1032,"186,128,41"
1033,"21,287,33"
1034,"21,53"
1035,"53,105"
1036,"15,16"
1037,"21,111"
1038,"21,17,139"
1039,"43,24"
1040,"96,284,481"
1041,"44,145"
1042,"384,265"
1043,"199,169"
1044,"90,64"
1045,"243,165,71"
1046,"21,42"
1047,"508,3,169"
1048,"220,242"
1049,"216,208,304"
1050,"64,93"
1051,"21,41"
1052,"220,242"
1053,"64,181"
1054,"185,131"
1055,"145,146"
1056,"220,221"
1057,"15,451,523"
1058,"523,15"
1059,"139,241"
1060,"43,24"
1061,"21,28,30"
1062,"111,267,296"
1063,"212,211"
1064,"190,21,3"
1065,"152,151"
1066,"44,264"
1067,"169,89,199"
1068,"41,21"
1069,"334,111,267"
1070,"22,21"
1071,"265,418,349"
1072,"239,64"
1073,"206,8"
1074,"68,182"
1075,"21,3,22"
1076,"26,318"
1077,"156,4"
1078,"186,152"
1079,"41,135"
1080,"506,13"
1081,"21,108"
1082,"89,26"
1083,"250,175,155"
1084,"139,248"
1085,"448,79"
1086,"190,304"
1087,"239,49"
1088,"287,53"
1089,"197,82,395"
1090,"4,435"
1091,"40,194"
1092,"303,74"
1093,"21,296"
1094,"199,169"
1095,"199,169"
1096,"17,56,3"
1097,"202,300"
1098,"41,76"
1099,"145,146,21"
1100,"265,271"
1101,"280,348"
1102,"53,275"
1103,"43,24"
1104,"21,187"
1105,"303,382,495"
1106,"308,250,309"
1107,"170,171"
1108,"199,145"
1109,"199,260"
1110,"239,49,64"
1111,"8,206"
1112,"49,296"
1113,"3,4"
1114,"171,169"
1115,"496,160"
1116,"282,61,239"
1117,"304,216"
1118,"195,209,129"
1119,"283,146"
1120,"93,64"
1121,"21,3,17"
1122,"169,311"
1123,"78,131"
1124,"21,41"
1125,"199,356,343"
1126,"3,200"
1127,"64,448"
1128,"38,44,308"
1129,"366,209"
1130,"43,206"
1131,"31,508"
1132,"456,271"
1133,"64,44"
1134,"205,59"
1135,"212,449"
1136,"21,42"
1137,"169,274,296"
1138,"220,326"
1139,"199,169"
1140,"169,274,296"
1141,"301,85"
1142,"220,326"
1143,"199,169"
1144,"11,12,221"
1145,"44,24"
1146,"28,82,330"
1147,"26,231"
1148,"26,231"
1149,"21,85,22"
1150,"30,3"
1151,"28,21"
1152,"44,402"
1153,"454,31"
1154,"402,145"
1155,"64,93"
1156,"145,44"
1157,"347,255"
1158,"103,231,308"
1159,"523,53"
1160,"171,170"
1161,"187,34"
1162,"231,26"
1163,"98,333"
1164,"340,265"
1165,"303,38,23"
1166,"170,21"
1167,"127,287,308"
1168,"271,265"
1169,"38,71"
1170,"354,216"
1171,"92,38,93"
1172,"375,4"
1173,"265,457"
1174,"265,384"
1175,"62,430"
1176,"43,24,242"
1177,"271,456"
1178,"65,64"
1179,"160,315"
1180,"284,96,21"
1181,"199,2"
1182,"265,340"
1183,"38,82,39"
1184,"350,26,308"
1185,"32,54,31"
1186,"220,221"
1187,"3,17,200"
1188,"290,454"
1189,"171,169"
1190,"32,41,21"
1191,"135,236"
1192,"181,93,43"
1193,"41,21"
1194,"265,349"
1195,"199,260"
1196,"4,48,435"
1197,"152,151"
1198,"349,265,308"
1199,"181,239,61"
1200,"205,11"
1201,"32,23"
1202,"21,41"
1203,"107,38"
1204,"145,137"
1205,"71,72,24"
1206,"235,8"
1207,"265,349"
1208,"220,221"
1209,"43,24"
1210,"128,169"
1211,"508,62"
1212,"448,64"
1213,"199,260,508"
1214,"350,26"
1215,"220,221"
1216,"382,74,495"
1217,"523,53"
1218,"123,111"
1219,"64,65"
1220,"199,259"
1221,"220,206"
1222,"21,30,81"
1223,"111,282"
1224,"131,226,142"
1225,"11,69"
1226,"250,309"
1227,"128,40,127"
1228,"40,131"
1229,"64,323"
1230,"175,128,186"
1231,"467,53"
1232,"304,216"
1233,"308,38"
1234,"145,169,448"
1235,"317,74"
1236,"220,455"
1237,"82,279"
1238,"402,31,328"
1239,"222,13,100"
1240,"327,265"
1241,"256,21"
1242,"44,145,89"
1243,"186,128"
1244,"69,11"
1245,"265,255"
1246,"431,169,495"
1247,"175,74,128"
1248,"65,64"
1249,"199,169"
1250,"265,59"
1251,"64,524,448"
1252,"21,301,3"
1253,"78,47"
1254,"41,21"
1255,"231,44"
1256,"3,4"
1257,"348,265,280"
1258,"169,199"
1259,"265,266,276"
1260,"21,22"
1261,"300,467,53"
1262,"93,64"
1263,"287,53,208"
1264,"43,402"
1265,"204,41"
1266,"17,18"
1267,"82,76,395"
1268,"231,26"
1269,"21,48,30"
1270,"21,42"
1271,"71,264,38"
1272,"48,81,21"
1273,"134,131"
1274,"459,170"
1275,"308,38"
1276,"17,18"
1277,"56,3"
1278,"386,135"
1279,"15,16"
1280,"69,11"
1281,"21,46,311"
1282,"64,336,448"
1283,"523,53"
1284,"170,311,21"
1285,"3,21"
1286,"271,272"
1287,"350,26"
1288,"128,130"
1289,"229,421"
1290,"220,326"
1291,"64,169,199"
1292,"32,31"
1293,"231,26"
1294,"474,176"
1295,"435,3"
1296,"57,5,228"
1297,"21,22"
1298,"3,190"
1299,"93,64"
1300,"89,38,26"
1301,"63,38"
1302,"21,42"
1303,"93,290"
1304,"4,7"
1305,"53,467"
1306,"182,68"
1307,"199,259,21"
1308,"337,339"
1309,"176,474"
1310,"153,401"
1311,"382,220,221"
1312,"190,53,194"
1313,"44,26,264"
1314,"38,308"
1315,"21,199"
1316,"430,53"
1317,"383,265"
1318,"199,169"
1319,"111,161"
1320,"93,64"
1321,"220,242"
1322,"3,148,36"
1323,"303,165,74"
1324,"350,23"
1325,"170,21"
1326,"231,103,26"
1327,"220,11"
1328,"53,99"
1329,"21,3"
1330,"448,64"
1331,"3,265,21"
1332,"21,187"
1333,"131,170,241"
1334,"350,346,271"
1335,"28,190,21"
1336,"13,20,190"
1337,"220,326,11"
1338,"21,127"
1339,"156,21"
1340,"21,187"
1341,"146,145"
1342,"169,170,274"
1343,"243,199"
1344,"220,221"
1345,"129,128,131"
1346,"199,169"
1347,"148,147"
1348,"138,135"
1349,"323,508,169"
1350,"32,49"
1351,"456,271"
1352,"188,349"
1353,"346,313"
1354,"287,53"
1355,"308,265"
1356,"121,120,217"
1357,"85,3"
1358,"74,467"
1359,"11,12"
1360,"36,41"
1361,"128,130"
1362,"81,30"
1363,"169,170,251"
1364,"53,21,68"
1365,"49,199,418"
1366,"26,308"
1367,"28,3"
1368,"21,287"
1369,"175,165,74"
1370,"456,271"
1371,"186,139,41"
1372,"44,145"
1373,"44,45,402"
1374,"95,54"
1375,"44,264"
1376,"111,21"
1377,"170,169,239"
1378,"65,64"
1379,"91,38,308"
1380,"44,264"
1381,"206,77"
1382,"15,451,53"
1383,"41,111"
1384,"21,22"
1385,"315,160"
1386,"181,24,43"
1387,"89,26"
1388,"11,205,69"
1389,"21,3"
1390,"17,18"
1391,"354,216"
1392,"170,21"
1393,"468,76,41"
1394,"164,21"
1395,"135,138"
1396,"44,145"
1397,"276,265"
1398,"38,103"
1399,"169,170,251"
1400,"186,41,128"
1401,"170,169"
1402,"4,3"
1403,"447,21"
1404,"44,45"
1405,"181,323"
1406,"18,17"
1407,"111,435"
1408,"28,3"
1409,"65,64"
1410,"239,96"
1411,"26,89"
1412,"155,248"
1413,"145,54"
1414,"220,242"
1415,"21,115,30"
1416,"53,523,275"
1417,"3,21"
1418,"5,3,228"
1419,"327,276"
1420,"21,41"
1421,"345,38"
1422,"160,152,315"
1423,"38,87"
1424,"128,74"
1425,"21,41,42"
1426,"21,311"
1427,"26,440,308"
1428,"72,44"
1429,"21,53"
1430,"44,145,402"
1431,"21,53"
1432,"38,91"
1433,"93,64"
1434,"448,524,145"
1435,"448,64,524"
1436,"170,169"
1437,"199,21"
1438,"49,309"
1439,"105,50"
1440,"21,96,53"
1441,"21,22"
1442,"337,339"
1443,"335,370"
1444,"11,12"
1445,"181,93,61"
1446,"231,118"
1447,"49,296"
1448,"402,145"
1449,"41,21"
1450,"327,276"
1451,"267,111"
1452,"234,60"
1453,"21,3,42"
1454,"64,65"
1455,"160,302,315"
1456,"3,435"
1457,"41,21"
1458,"187,199"
1459,"199,259"
1460,"43,24"
1461,"41,112,111"
1462,"11,72"
1463,"44,145"
1464,"43,24"
1465,"129,128"
1466,"231,456"
1467,"61,199,323"
1468,"206,369"
1469,"118,32"
1470,"426,311"
1471,"43,64,24"
1472,"265,340"
1473,"5,4,331"
1474,"4,3,7"
1475,"64,65"
1476,"493,326"
1477,"4,3"
1478,"271,360,0"
1479,"186,128"
1480,"74,467,113"
1481,"44,145"
1482,"53,148"
1483,"265,276"
1484,"49,239"
1485,"15,53,3"
1486,"53,430,467"
1487,"62,69"
1488,"21,17"
1489,"131,226,40"
1490,"451,120"
1491,"239,64,60"
1492,"43,24"
1493,"456,271"
1494,"111,53,123"
1495,"250,38,131"
1496,"92,38"
1497,"197,131"
1498,"38,137"
1499,"131,226"
1500,"82,38"
1501,"301,85"
1502,"356,169,337"
1503,"220,454"
1504,"38,91"
1505,"21,15"
1506,"199,169"
1507,"103,26"
1508,"21,42"
1509,"400,255"
1510,"34,187"
1511,"170,248,169"
1512,"135,138"
1513,"206,8,369"
1514,"431,169,199"
1515,"30,3"
1516,"337,339,311"
1517,"195,21"
1518,"197,44"
1519,"28,30"
1520,"62,64"
1521,"43,242"
1522,"21,124"
1523,"49,82"
1524,"64,93"
1525,"11,69"
1526,"49,24"
1527,"64,90"
1528,"279,212"
1529,"82,38,197"
1530,"32,199"
1531,"220,508,65"
1532,"64,43"
1533,"43,24"
1534,"72,44"
1535,"220,44,145"
1536,"170,169,179"
1537,"417,169"
1538,"195,287,0"
1539,"15,3"
1540,"91,38"
1541,"199,21"
1542,"21,30"
1543,"138,135"
1544,"64,69"
1545,"129,128"
1546,"139,140"
1547,"234,60"
1548,"145,44,370"
1549,"65,64"
1550,"304,0,216"
1551,"4,3"
1552,"247,74"
1553,"4,3"
1554,"53,265,3"
1555,"208,430"
1556,"199,169"
1557,"157,523,451"
1558,"220,242"
1559,"181,64,93"
1560,"296,265"
1561,"65,64"
1562,"53,30"
1563,"63,76,23"
1564,"115,21"
1565,"138,135"
1566,"44,308"
1567,"456,457"
1568,"175,165,74"
1569,"206,8"
1570,"90,64"
1571,"44,496"
1572,"17,18"
1573,"296,306"
1574,"145,65"
1575,"220,242"
1576,"137,23,38"
1577,"148,451"
1578,"129,128"
1579,"199,169"
1580,"187,21"
1581,"401,153"
1582,"181,93,64"
1583,"417,169"
1584,"21,3,200"
1585,"135,76"
1586,"169,199,251"
1587,"21,301,3"
1588,"242,181,43"
1589,"247,317"
1590,"186,128,195"
1591,"44,264"
1592,"169,251,199"
1593,"171,170"
1594,"43,24"
1595,"171,170"
1596,"195,304"
1597,"32,147"
1598,"5,301,3"
1599,"44,72"
1600,"199,169"
1601,"186,128"
1602,"370,89,44"
1603,"11,205"
1604,"267,111"
1605,"3,30"
1606,"41,40,160"
1607,"306,296"
1608,"170,494"
1609,"15,287"
1610,"49,43,32"
1611,"185,494"
1612,"137,197"
1613,"21,17"
1614,"199,281"
1615,"4,7"
1616,"271,272"
1617,"38,91"
1618,"305,21,41"
1619,"220,326"
1620,"21,3"
1621,"431,199"
1622,"431,259,74"
1623,"336,296"
1624,"271,353"
1625,"38,47"
1626,"220,265,387"
1627,"74,165"
1628,"250,41,286"
1629,"134,131"
1630,"43,181"
1631,"76,145"
1632,"231,26,54"
1633,"267,111"
1634,"64,72"
1635,"279,265,399"
1636,"99,105"
1637,"276,265"
1638,"4,435"
1639,"131,77"
1640,"21,199"
1641,"182,42,435"
1642,"53,401"
1643,"12,65"
1644,"181,43"
1645,"271,366,397"
1646,"181,43"
1647,"17,220"
1648,"96,197,258"
1649,"192,107"
1650,"93,64"
1651,"265,340"
1652,"5,228,3"
1653,"208,195,304"
1654,"21,28,3"
1655,"156,21"
1656,"49,24,31"
1657,"170,169,260"
1658,"30,21"
1659,"44,64,145"
1660,"31,96"
1661,"5,228"
1662,"128,130"
1663,"134,131,40"
1664,"4,3"
1665,"44,145,264"
1666,"139,140,241"
1667,"72,26"
1668,"30,28,113"
1669,"131,134,40"
1670,"265,59"
1671,"44,11"
1672,"21,53"
1673,"287,131,53"
1674,"128,53"
1675,"43,64,93"
1676,"0,271"
1677,"448,169,199"
1678,"501,346,128"
1679,"111,123"
1680,"43,24"
1681,"400,255"
1682,"206,8"
1683,"21,53"
1684,"21,33"
1685,"265,464"
1686,"22,21"
1687,"127,17,21"
1688,"21,3"
1689,"134,131,40"
1690,"367,292"
1691,"21,187"
1692,"169,251,199"
1693,"4,3"
1694,"304,216"
1695,"317,41"
1696,"43,109,65"
1697,"128,166,40"
1698,"53,523"
1699,"41,42,286"
1700,"12,11"
1701,"85,13"
1702,"21,42"
1703,"265,340"
1704,"234,11"
1705,"21,523"
1706,"120,451,217"
1707,"415,287"
1708,"76,23"
1709,"152,151"
1710,"61,181"
1711,"235,257"
1712,"145,264,44"
1713,"169,170,199"
1714,"523,451"
1715,"171,169,170"
1716,"15,16"
1717,"195,304"
1718,"296,169"
1719,"337,279,0"
1720,"131,226,40"
1721,"43,93"
1722,"11,12"
1723,"44,145"
1724,"47,128"
1725,"220,221,11"
1726,"231,26"
1727,"74,165,317"
1728,"69,382,233"
1729,"290,31"
1730,"187,34"
1731,"199,169,323"
1732,"170,169"
1733,"93,64"
1734,"21,42"
1735,"399,363"
1736,"44,145"
1737,"17,21,320"
1738,"181,43"
1739,"190,30"
1740,"21,30,48"
1741,"21,42"
1742,"257,235"
1743,"199,77"
1744,"48,64"
1745,"21,76,28"
1746,"21,199"
1747,"3,4"
1748,"89,26"
1749,"448,64,524"
1750,"64,65,93"
1751,"290,93"
1752,"89,26"
1753,"271,456"
1754,"43,181"
1755,"431,169"
1756,"139,250"
1757,"345,38"
1758,"346,313"
1759,"231,118"
1760,"309,250,38"
1761,"53,21"
1762,"44,145,73"
1763,"170,508,169"
1764,"220,510,221"
1765,"41,21"
1766,"135,138"
1767,"206,103"
1768,"21,108,3"
1769,"199,21"
1770,"3,194,21"
1771,"8,327"
1772,"21,3"
1773,"21,396"
1774,"12,11"
1775,"143,431,356"
1776,"448,524"
1777,"293,85,467"
1778,"21,3"
1779,"21,22"
1780,"199,169"
1781,"199,169"
1782,"348,231"
1783,"74,382,128"
1784,"129,328"
1785,"170,184,185"
1786,"82,38"
1787,"44,145"
1788,"41,160"
1789,"199,281"
1790,"307,139,244"
1791,"220,242,111"
1792,"74,78,303"
1793,"44,11,64"
1794,"386,135"
1795,"254,199"
1796,"38,89"
1797,"220,221,54"
1798,"131,94"
1799,"21,48"
1800,"96,31"
1801,"199,169,179"
1802,"187,17,21"
1803,"59,265"
1804,"303,165"
1805,"235,184"
1806,"21,199,187"
1807,"49,296"
1808,"127,21"
1809,"32,31"
1810,"31,508,134"
1811,"113,28"
1812,"5,228,156"
1813,"220,221"
1814,"296,428"
1815,"25,131,109"
1816,"41,21"
1817,"21,42"
1818,"181,43"
1819,"53,287"
1820,"62,44"
1821,"118,74"
1822,"21,262"
1823,"23,89,231"
1824,"21,41,111"
1825,"303,38"
1826,"145,44,54"
1827,"524,64,402"
1828,"21,42"
1829,"171,169"
1830,"508,169"
1831,"199,1,169"
1832,"209,271"
1833,"3,435"
1834,"170,169"
1835,"346,8"
1836,"96,239"
1837,"145,44"
1838,"523,53"
1839,"64,208"
1840,"128,47"
1841,"21,3"
1842,"21,53"
1843,"21,124,76"
1844,"304,216"
1845,"145,220"
1846,"127,152,494"
1847,"317,24,74"
1848,"350,26,271"
1849,"15,16"
1850,"15,16"
1851,"71,72,24"
1852,"42,111"
1853,"241,13,385"
1854,"93,64"
1855,"306,31"
1856,"206,8"
1857,"128,163"
1858,"41,201"
1859,"209,265"
1860,"38,88"
1861,"135,141"
1862,"350,26"
1863,"93,64"
1864,"32,76,89"
1865,"134,131"
1866,"8,74"
1867,"508,31,258"
1868,"165,78,74"
1869,"206,8"
1870,"315,160"
1871,"399,265"
1872,"32,199"
1873,"340,265"
1874,"38,260"
1875,"76,155,250"
1876,"129,195,96"
1877,"43,24"
1878,"21,3"
1879,"271,350"
1880,"370,391"
1881,"323,64"
1882,"17,64"
1883,"118,38"
1884,"199,187"
1885,"4,70,3"
1886,"153,53,21"
1887,"181,43"
1888,"93,64"
1889,"156,21"
1890,"118,303"
1891,"15,16"
1892,"255,271,348"
1893,"242,220"
1894,"309,48"
1895,"206,369"
1896,"25,44"
1897,"335,26"
1898,"375,70,4"
1899,"346,26"
1900,"250,76"
1901,"17,18"
1902,"124,53,303"
1903,"21,3"
1904,"17,18"
1905,"523,53"
1906,"265,271"
1907,"511,53,265"
1908,"123,53,32"
1909,"4,3"
1910,"242,220,8"
1911,"220,221"
1912,"304,328"
1913,"293,388"
1914,"199,260"
1915,"348,271"
1916,"3,148"
1917,"350,271"
1918,"304,209"
1919,"199,431,169"
1920,"74,467"
1921,"448,335,64"
1922,"231,118"
1923,"4,3"
1924,"42,41,286"
1925,"4,3"
1926,"188,3"
1927,"308,38"
1928,"170,494"
1929,"5,6"
1930,"258,72"
1931,"38,91,62"
1932,"271,265"
1933,"56,16,3"
1934,"220,221"
1935,"118,456,38"
1936,"199,169"
1937,"41,286"
1938,"301,3"
1939,"508,31,258"
1940,"43,24"
1941,"31,454"
1942,"456,271"
1943,"300,234"
1944,"31,258"
1945,"74,128"
1946,"283,437"
1947,"165,74"
1948,"220,326,221"
1949,"69,11"
1950,"165,74"
1951,"54,95,322"
1952,"199,248,241"
1953,"407,4"
1954,"220,221"
1955,"21,42"
1956,"64,65,93"
1957,"85,293"
1958,"21,53"
1959,"456,265,271"
1960,"77,304,195"
1961,"330,4"
1962,"220,221"
1963,"93,64"
1964,"296,306"
1965,"49,396"
1966,"12,11"
1967,"38,175,91"
1968,"93,64"
1969,"271,456"
1970,"309,250,38"
1971,"220,221"
1972,"220,17"
1973,"32,74"
1974,"220,326"
1975,"349,265"
1976,"280,271"
1977,"105,50"
1978,"456,271,265"
1979,"206,8"
1980,"43,24"
1981,"30,104"
1982,"64,65,448"
1983,"275,53"
1984,"235,8"
1985,"43,24"
1986,"89,296,0"
1987,"26,456,350"
1988,"40,131"
1989,"220,242"
1990,"3,4"
1991,"43,93,242"
1992,"21,111,115"
1993,"53,467"
1994,"21,41,42"
1995,"30,62,219"
1996,"508,258"
1997,"199,169"
1998,"169,143"
1999,"335,318,242"
2000,"453,235"
2001,"43,181"
2002,"42,21"
2003,"44,264,89"
2004,"34,263,187"
2005,"199,169"
2006,"404,74"
2007,"296,77"
2008,"90,64"
2009,"234,11"
2010,"199,259"
2011,"199,169"
2012,"448,64"
2013,"280,271,456"
2014,"340,265,209"
2015,"8,206"
2016,"169,199"
2017,"41,186"
2018,"430,62"
2019,"220,326"
2020,"199,169"
2021,"21,187,199"
2022,"3,21"
2023,"523,451"
2024,"40,166"
2025,"199,248"
2026,"301,21,85"
2027,"89,26"
2028,"265,279"
2029,"12,11"
2030,"131,134,40"
2031,"82,38,264"
2032,"199,169"
2033,"43,24"
2034,"42,21"
2035,"507,169,195"
2036,"26,89,231"
2037,"5,228,331"
2038,"21,34,187"
2039,"221,11,220"
2040,"199,21,169"
2041,"187,21"
2042,"243,169"
2043,"265,59"
2044,"304,195"
2045,"53,21"
2046,"44,145,264"
2047,"135,459"
2048,"11,205"
2049,"123,111"
2050,"44,64"
2051,"21,3,311"
2052,"21,199"
2053,"146,283,145"
2054,"32,308"
2055,"93,64"
2056,"171,170,169"
2057,"456,271,409"
2058,"115,322"
2059,"41,21"
2060,"32,300"
2061,"21,42"
2062,"190,3"
2063,"44,145"
2064,"181,43,96"
2065,"170,169"
2066,"508,258"
2067,"64,65"
2068,"4,3"
2069,"49,165,239"
2070,"65,64"
2071,"17,18"
2072,"30,3"
2073,"71,243"
2074,"21,53"
2075,"84,333"
2076,"96,31"
2077,"148,147"
2078,"170,323"
2079,"199,259"
2080,"199,311,169"
2081,"160,41"
2082,"308,89"
2083,"131,77"
2084,"170,343"
2085,"169,199"
2086,"199,259"
2087,"40,76,41"
2088,"140,139"
2089,"265,276"
2090,"350,26"
2091,"208,209"
2092,"5,331"
2093,"265,218"
2094,"32,199"
2095,"235,8"
2096,"254,216"
2097,"131,76"
2098,"239,60"
2099,"322,54"
2100,"38,91"
2101,"21,170"
2102,"111,112"
2103,"431,151,152"
2104,"90,64"
2105,"129,128"
2106,"264,91,38"
2107,"170,169,171"
2108,"21,156,148"
2109,"220,326"
2110,"199,169,260"
2111,"21,41"
2112,"214,213,271"
2113,"93,64"
2114,"137,38"
2115,"456,271"
2116,"156,225"
2117,"265,349"
2118,"44,73"
2119,"76,23"
2120,"44,145"
2121,"350,26"
2122,"131,40,226"
2123,"65,74,236"
2124,"64,181,65"
2125,"49,24"
2126,"12,11"
2127,"156,21"
2128,"304,0"
2129,"3,21"
2130,"69,11"
2131,"175,241"
2132,"93,64"
2133,"48,53,32"
2134,"93,64"
2135,"41,111,143"
2136,"456,271"
2137,"402,145,220"
2138,"139,250"
2139,"435,4,3"
2140,"21,48"
2141,"131,40"
2142,"63,38,89"
2143,"3,28,4"
2144,"49,24,64"
2145,"181,24"
2146,"229,53,64"
2147,"271,291,522"
2148,"220,221"
2149,"418,199"
2150,"308,446,345"
2151,"93,64"
2152,"190,85"
2153,"76,131"
2154,"391,8"
2155,"301,3,21"
2156,"62,258"
2157,"181,93,64"
2158,"367,292"
2159,"145,76"
2160,"87,308,38"
2161,"113,393"
2162,"220,326"
2163,"111,123"
2164,"84,74"
2165,"171,169,170"
2166,"220,508"
2167,"243,317"
2168,"131,159,486"
2169,"323,64"
2170,"308,456,26"
2171,"315,160"
2172,"200,453,21"
2173,"243,184"
2174,"21,190,13"
2175,"89,265"
2176,"48,81,93"
2177,"350,231,26"
2178,"71,170,91"
2179,"17,18"
2180,"43,242"
2181,"131,241"
2182,"145,265"
2183,"271,456"
2184,"8,0,454"
2185,"156,147"
2186,"21,156"
2187,"315,160,152"
2188,"43,24"
2189,"21,53"
2190,"170,21"
2191,"402,322"
2192,"44,62"
2193,"17,18,168"
2194,"21,199"
2195,"199,223"
2196,"434,271"
2197,"241,131"
2198,"220,326"
2199,"199,21"
2200,"204,166,40"
2201,"456,271"
2202,"448,524,64"
2203,"171,170"
2204,"49,78,241"
2205,"32,199"
2206,"3,30,21"
2207,"469,199"
2208,"346,145,129"
2209,"199,169"
2210,"118,74"
2211,"199,169"
2212,"156,147"
2213,"4,435,7"
2214,"131,241"
2215,"195,304"
2216,"21,3,53"
2217,"131,193,40"
2218,"220,221,242"
2219,"53,257,454"
2220,"220,242"
2221,"40,131"
2222,"96,31"
2223,"397,145"
2224,"71,38"
2225,"3,4,21"
2226,"305,21"
2227,"220,242"
2228,"206,369"
2229,"199,169"
2230,"93,38,64"
2231,"220,242"
2232,"71,175,128"
2233,"44,64"
2234,"12,11"
2235,"402,145,31"
2236,"220,145,131"
2237,"391,8"
2238,"220,242"
2239,"265,349"
2240,"4,3"
2241,"296,49"
2242,"3,4"
2243,"30,227"
2244,"64,80,448"
2245,"402,145"
2246,"500,190,21"
2247,"220,242,454"
2248,"43,24"
2249,"44,54"
2250,"128,130"
2251,"17,18"
2252,"147,156"
2253,"220,64"
2254,"48,21"
2255,"11,69"
2256,"17,18,168"
2257,"235,8"
2258,"348,280"
2259,"220,221"
2260,"38,91"
2261,"333,118"
2262,"221,11,220"
2263,"135,138"
2264,"449,271"
2265,"40,194,139"
2266,"199,169"
2267,"12,11,72"
2268,"403,208"
2269,"93,64"
2270,"21,22"
2271,"508,199"
2272,"127,356"
2273,"4,435"
2274,"15,16,3"
2275,"306,296,169"
2276,"44,402"
2277,"311,170"
2278,"21,3,148"
2279,"256,512,53"
2280,"279,0"
2281,"43,24"
2282,"311,337,169"
2283,"89,26"
2284,"460,296"
2285,"340,265"
2286,"3,5"
2287,"451,148"
2288,"15,17,3"
2289,"220,221,242"
2290,"190,194,3"
2291,"138,135"
2292,"3,21,42"
2293,"118,174"
2294,"272,271"
2295,"205,59,11"
2296,"220,242"
2297,"3,21"
2298,"220,242"
2299,"459,170,169"
2300,"456,265"
2301,"48,38,309"
2302,"38,231,91"
2303,"236,21"
2304,"187,21"
2305,"15,16"
2306,"265,349"
2307,"186,41"
2308,"350,346,456"
2309,"18,17"
2310,"65,43"
2311,"235,453"
2312,"21,53"
2313,"199,169,323"
2314,"220,54,145"
2315,"82,38"
2316,"89,26"
2317,"199,49"
2318,"145,326"
2319,"265,276"
2320,"20,3,523"
2321,"508,169"
2322,"231,370,169"
2323,"304,279"
2324,"111,284"
2325,"279,249"
2326,"304,216"
2327,"26,38,231"
2328,"145,54"
2329,"186,41"
2330,"32,155,131"
2331,"0,216,370"
2332,"111,337"
2333,"44,264"
2334,"89,0"
2335,"26,308,23"
2336,"160,302"
2337,"220,143"
2338,"4,435"
2339,"4,3"
2340,"62,74"
2341,"44,145,264"
2342,"21,523"
2343,"38,91"
2344,"431,247"
2345,"113,28,30"
2346,"118,74"
2347,"220,221,242"
2348,"3,17,56"
2349,"199,343"
2350,"90,64"
2351,"234,11"
2352,"21,3"
2353,"220,221"
2354,"276,265,266"
2355,"69,11"
2356,"21,199"
2357,"170,171,169"
2358,"199,259,281"
2359,"94,264,38"
2360,"384,265,273"
2361,"44,145"
2362,"328,31"
2363,"41,21,139"
2364,"115,21"
2365,"129,195"
2366,"220,242,221"
2367,"163,162,250"
2368,"165,317"
2369,"72,49"
2370,"53,21"
2371,"26,231"
2372,"32,53"
2373,"220,78"
2374,"220,326"
2375,"145,54,44"
2376,"190,111,3"
2377,"145,44"
2378,"15,16"
2379,"44,468"
2380,"271,214"
2381,"265,349"
2382,"21,367"
2383,"112,111,41"
2384,"478,64"
2385,"28,3"
2386,"241,131,128"
2387,"199,169"
2388,"44,145"
2389,"170,169"
2390,"85,293"
2391,"234,11"
2392,"170,171"
2393,"156,147,21"
2394,"69,11"
2395,"208,194"
2396,"220,242"
2397,"44,54"
2398,"171,169,170"
2399,"41,21"
2400,"25,220"
2401,"49,24"
2402,"311,337,21"
2403,"0,212"
2404,"21,22"
2405,"181,43"
2406,"139,160,250"
2407,"11,44"
2408,"43,24"
2409,"44,145"
2410,"181,24"
2411,"500,76"
2412,"295,215,451"
2413,"41,21"
2414,"62,69"
2415,"15,16,144"
2416,"118,74"
2417,"93,64"
2418,"264,44"
2419,"64,93"
2420,"21,199,187"
2421,"43,24"
2422,"15,16"
2423,"21,42"
2424,"4,3"
2425,"448,64,524"
2426,"182,68"
2427,"337,169"
2428,"118,74"
2429,"506,13,467"
2430,"89,26"
2431,"129,128"
2432,"360,271,0"
2433,"383,208,265"
2434,"148,147,156"
2435,"42,21"
2436,"199,281"
2437,"84,26,276"
2438,"170,311,169"
2439,"36,41,21"
2440,"72,370"
2441,"206,308"
2442,"93,64"
2443,"104,30,21"
2444,"139,241"
2445,"151,152"
2446,"43,64"
2447,"231,26"
2448,"40,131,76"
2449,"220,17,11"
2450,"447,34,3"
2451,"391,8"
2452,"195,128"
2453,"138,135"
2454,"21,190"
2455,"209,271"
2456,"129,128"
2457,"171,284"
2458,"306,296"
2459,"11,69"
2460,"21,169"
2461,"44,402"
2462,"85,86"
2463,"21,3,48"
2464,"93,64"
2465,"337,311,169"
2466,"454,145,370"
2467,"170,169"
2468,"220,510"
2469,"96,170,171"
2470,"448,64,524"
2471,"220,326"
2472,"128,130"
2473,"17,18"
2474,"128,40,166"
2475,"428,53"
2476,"21,124,111"
2477,"181,43"
2478,"68,182"
2479,"111,267"
2480,"32,128"
2481,"431,259,199"
2482,"90,64,65"
2483,"17,168,18"
2484,"49,296"
2485,"199,260"
2486,"212,279"
2487,"425,265"
2488,"508,260,481"
2489,"305,21"
2490,"21,17"
2491,"265,271"
2492,"456,271"
2493,"44,45,197"
2494,"212,211"
2495,"220,510"
2496,"139,250"
2497,"303,76,23"
2498,"241,139,194"
2499,"296,306"
2500,"170,169"
2501,"21,3"
2502,"38,271"
2503,"287,195,208"
2504,"131,76,40"
2505,"456,26"
2506,"129,128"
2507,"190,30"
2508,"508,169"
2509,"72,49"
2510,"43,24"
2511,"41,21"
2512,"271,209"
2513,"129,128"
2514,"93,64"
2515,"21,311,187"
2516,"44,43"
2517,"43,24"
2518,"145,54"
2519,"131,134"
2520,"44,26"
2521,"300,202"
2522,"122,28"
2523,"431,199,382"
2524,"181,72,61"
2525,"370,0"
2526,"43,24"
2527,"39,38"
2528,"370,145,44"
2529,"206,26"
2530,"220,128,242"
2531,"454,31"
2532,"206,8"
2533,"169,199"
2534,"346,313"
2535,"135,141,41"
2536,"190,21"
2537,"181,43"
2538,"115,53"
2539,"48,21"
2540,"11,69"
2541,"21,199"
2542,"350,39,38"
2543,"41,21"
2544,"271,213"
2545,"368,78"
2546,"265,105"
2547,"115,21"
2548,"370,21,510"
2549,"350,26"
2550,"459,374"
2551,"64,90"
2552,"138,135"
2553,"308,454"
2554,"11,72,12"
2555,"182,4,435"
2556,"64,524,448"
2557,"467,53,182"
2558,"170,169,329"
2559,"186,127"
2560,"145,448"
2561,"15,325"
2562,"53,3"
2563,"170,311,169"
2564,"186,128"
2565,"43,181,323"
2566,"129,131,40"
2567,"111,325,21"
2568,"512,265"
2569,"220,326,221"
2570,"348,280"
2571,"230,190"
2572,"239,93"
2573,"38,91"
2574,"495,105,326"
2575,"25,220"
2576,"157,523,113"
2577,"49,296"
2578,"21,36"
2579,"93,74,64"
2580,"197,454"
2581,"220,242"
2582,"276,265,327"
2583,"186,41"
2584,"113,28"
2585,"300,296"
2586,"105,145"
2587,"21,325"
2588,"523,53"
2589,"220,44"
2590,"15,53"
2591,"271,456,449"
2592,"21,127"
2593,"221,220,11"
2594,"5,331,57"
2595,"199,169"
2596,"336,258,508"
2597,"241,131,328"
2598,"186,76,128"
2599,"206,402"
2600,"74,317"
2601,"279,249"
2602,"159,131,166"
2603,"241,131"
2604,"17,18"
2605,"26,350"
2606,"457,218"
2607,"84,38,74"
2608,"26,350,89"
2609,"135,138"
2610,"43,24"
2611,"271,456"
2612,"49,296,96"
2613,"44,145"
2614,"38,74"
2615,"286,41,139"
2616,"43,24"
2617,"90,64"
2618,"391,271"
2619,"343,170,436"
2620,"309,21"
2621,"456,271"
2622,"181,64,93"
2623,"15,16,3"
2624,"523,157"
2625,"265,349,0"
2626,"241,131"
2627,"21,48,42"
2628,"137,145"
2629,"457,218"
2630,"454,220,508"
2631,"128,130"
2632,"21,200"
2633,"181,43,32"
2634,"21,164"
2635,"199,239,323"
2636,"370,38,446"
2637,"21,53"
2638,"495,105,262"
2639,"156,21"
2640,"43,38"
2641,"131,40,226"
2642,"283,146"
2643,"286,169,199"
2644,"208,243,195"
2645,"81,30"
2646,"274,169,170"
2647,"85,21"
2648,"271,0,340"
2649,"265,349"
2650,"317,186,74"
2651,"111,124"
2652,"64,524,65"
2653,"17,18"
2654,"134,131"
2655,"64,93"
2656,"131,40,226"
2657,"74,165,317"
2658,"65,64"
2659,"220,402,242"
2660,"4,19,375"
2661,"18,17"
2662,"3,113"
2663,"43,24"
2664,"143,382,431"
2665,"350,26"
2666,"41,215,30"
2667,"156,528,3"
2668,"275,111,53"
2669,"43,24"
2670,"31,258,454"
2671,"12,90,11"
2672,"5,6,228"
2673,"454,197,53"
2674,"44,11"
2675,"111,112,41"
2676,"131,40,226"
2677,"21,18,17"
2678,"41,21"
2679,"190,13"
2680,"265,349"
2681,"199,195,169"
2682,"350,26"
2683,"3,53"
2684,"271,0,304"
2685,"90,64"
2686,"4,3"
2687,"170,323,239"
2688,"21,17,168"
2689,"41,286,42"
2690,"250,127"
2691,"199,62"
2692,"131,226"
2693,"195,76,131"
2694,"187,199"
2695,"494,459,199"
2696,"118,38"
2697,"64,335,448"
2698,"108,374"
2699,"241,131"
2700,"41,186,164"
2701,"30,3"
2702,"220,221"
2703,"3,4,21"
2704,"41,224,135"
2705,"199,259"
2706,"43,44"
2707,"199,265"
2708,"229,206,239"
2709,"248,169,170"
2710,"21,111"
2711,"309,48"
2712,"199,169,179"
2713,"65,64"
2714,"110,53,401"
2715,"170,311"
2716,"446,235"
2717,"426,169,311"
2718,"296,169,89"
2719,"199,259,169"
2720,"145,44"
2721,"446,26"
2722,"360,271"
2723,"170,169"
2724,"49,24,239"
2725,"456,271"
2726,"21,22"
2727,"181,43"
2728,"220,454"
2729,"199,169"
2730,"131,241"
2731,"21,3"
2732,"62,74,430"
2733,"145,146"
2734,"64,93,181"
2735,"44,145"
2736,"12,11"
2737,"15,451"
2738,"199,169,170"
2739,"220,221"
2740,"186,199"
2741,"145,31,402"
2742,"135,41,250"
2743,"118,38"
2744,"53,3"
2745,"49,38,396"
2746,"90,64"
2747,"36,21,41"
2748,"131,226,40"
2749,"32,31"
2750,"62,76,39"
2751,"250,139,21"
2752,"111,123"
2753,"21,53"
2754,"43,24"
2755,"64,65"
2756,"348,280"
2757,"74,118"
2758,"220,221"
2759,"220,326"
2760,"21,164,41"
2761,"206,8"
2762,"74,467"
2763,"220,326"
2764,"21,164"
2765,"265,218,349"
2766,"163,250"
2767,"28,207,59"
2768,"160,315"
2769,"160,41"
2770,"199,260"
2771,"234,11"
2772,"134,131,40"
2773,"239,43"
2774,"15,169"
2775,"65,11"
2776,"175,128,137"
2777,"375,4"
2778,"2,265,434"
2779,"89,370"
2780,"21,199"
2781,"235,453"
2782,"214,213"
2783,"44,264"
2784,"17,18"
2785,"220,454"
2786,"49,239"
2787,"118,38,74"
2788,"199,169,223"
2789,"175,165,74"
2790,"241,494"
2791,"131,226"
2792,"111,123"
2793,"199,259,260"
2794,"451,50,15"
2795,"41,139"
2796,"163,128"
2797,"271,469"
2798,"21,3,53"
2799,"129,8"
2800,"195,77"
2801,"199,260"
2802,"65,64"
2803,"241,139"
2804,"89,26"
2805,"49,239"
2806,"186,128"
2807,"21,115"
2808,"145,54,44"
2809,"448,64"
2810,"206,8"
2811,"77,407"
2812,"434,2"
2813,"93,64"
2814,"48,21"
2815,"113,30"
2816,"169,199"
2817,"105,50"
2818,"17,18"
2819,"426,311"
2820,"204,13"
2821,"85,4,3"
2822,"32,308"
2823,"296,169,411"
2824,"199,21"
2825,"181,61"
2826,"170,21,337"
2827,"287,21"
2828,"243,71"
2829,"257,446"
2830,"111,123"
2831,"128,130"
2832,"89,26,38"
2833,"129,128,131"
2834,"199,169"
2835,"21,190,28"
2836,"118,333"
2837,"44,145"
2838,"169,260,508"
2839,"171,170"
2840,"187,199"
2841,"131,134,40"
2842,"11,44"
2843,"21,311"
2844,"4,3"
2845,"3,21"
2846,"93,64"
2847,"18,352,353"
2848,"212,271"
2849,"220,326,402"
2850,"296,428"
2851,"17,168"
2852,"303,165,74"
2853,"135,138"
2854,"317,175,283"
2855,"369,206"
2856,"337,339,311"
2857,"105,50"
2858,"53,32"
2859,"76,40,41"
2860,"199,311"
2861,"89,26"
2862,"447,21"
2863,"21,22,3"
2864,"4,19"
2865,"131,193,40"
2866,"48,75"
2867,"53,4"
2868,"345,181"
2869,"106,131"
2870,"218,271"
2871,"131,40,226"
2872,"93,64"
2873,"212,0"
2874,"138,135"
2875,"346,313"
2876,"131,40,241"
2877,"43,64"
2878,"346,313"
2879,"4,3"
2880,"308,456"
2881,"43,242"
2882,"131,199,134"
2883,"375,19,4"
2884,"387,457"
2885,"220,11,510"
2886,"4,3,435"
2887,"456,271"
2888,"47,131,78"
2889,"44,145"
2890,"43,65"
2891,"135,141,139"
2892,"33,21"
2893,"231,26"
2894,"303,74,165"
2895,"49,24,96"
2896,"265,456"
2897,"93,64,65"
2898,"3,13"
2899,"165,74,317"
2900,"131,226,40"
2901,"15,3"
2902,"44,145"
2903,"340,265"
2904,"11,59,205"
2905,"17,18"
2906,"206,369,240"
2907,"21,124"
2908,"156,32"
2909,"62,26"
2910,"131,241,94"
2911,"308,38,87"
2912,"195,169,417"
2913,"129,128"
2914,"308,349"
2915,"43,181,32"
2916,"2,434"
2917,"220,21"
2918,"199,169"
2919,"456,271"
2920,"93,64"
2921,"131,132"
2922,"156,147,3"
2923,"41,149,160"
2924,"356,170"
2925,"199,259"
2926,"467,229,89"
2927,"32,199,30"
2928,"160,152,315"
2929,"43,145,65"
2930,"129,128,40"
2931,"43,24"
2932,"91,38"
2933,"21,164"
2934,"54,322,306"
2935,"28,4,3"
2936,"21,42"
2937,"367,111"
2938,"93,64"
2939,"81,48"
2940,"44,145"
2941,"265,3"
2942,"386,135,93"
2943,"43,24"
2944,"41,161"
2945,"135,250"
2946,"12,11"
2947,"303,74,165"
2948,"26,89,308"
2949,"185,184"
2950,"3,28"
2951,"170,337,169"
2952,"170,131,241"
2953,"386,135,31"
2954,"24,43"
2955,"111,24"
2956,"451,21"
2957,"205,11"
2958,"77,195"
2959,"265,308,349"
2960,"4,3"
2961,"96,239"
2962,"171,170,169"
2963,"418,49"
2964,"209,366"
2965,"508,454,336"
2966,"131,226,40"
2967,"90,64"
2968,"49,24,296"
2969,"49,239"
2970,"129,128"
2971,"296,169"
2972,"303,111,38"
2973,"206,8"
2974,"21,108"
2975,"523,53"
2976,"42,41,404"
2977,"93,64"
2978,"21,53"
2979,"163,162"
2980,"220,11"
2981,"402,145"
2982,"139,41"
2983,"44,145"
2984,"307,248"
2985,"128,289,89"
2986,"481,402"
2987,"152,127,151"
2988,"38,26"
2989,"65,43"
2990,"21,22"
2991,"437,95,11"
2992,"32,258"
2993,"44,38"
2994,"43,24,32"
2995,"220,454,326"
2996,"48,81"
2997,"41,21"
2998,"131,241"
2999,"215,40"
3000,"231,59"
3001,"15,16"
3002,"11,12,69"
3003,"26,231"
3004,"296,306"
3005,"3,4"
3006,"89,370"
3007,"135,138"
3008,"32,82"
3009,"41,42,21"
3010,"21,53,523"
3011,"11,90,110"
3012,"21,199"
3013,"64,448"
3014,"456,265,271"
3015,"401,153"
3016,"38,82"
3017,"508,109"
3018,"181,53"
3019,"38,91"
3020,"21,48,34"
3021,"13,121"
3022,"145,44"
3023,"402,145"
3024,"3,21"
3025,"128,130"
3026,"32,54"
3027,"335,64"
3028,"169,448,508"
3029,"13,506"
3030,"279,212,304"
3031,"508,62"
3032,"305,41"
3033,"271,456"
3034,"76,94,23"
3035,"235,453"
3036,"147,523,4"
3037,"157,523"
3038,"21,187"
3039,"31,245"
3040,"89,26"
3041,"186,241"
3042,"170,21"
3043,"170,323"
3044,"53,18,188"
3045,"385,42"
3046,"62,303"
3047,"148,21"
3048,"21,200,42"
3049,"3,4"
3050,"315,160"
3051,"382,94"
3052,"271,272"
3053,"91,38"
3054,"147,148,53"
3055,"129,128"
3056,"371,296"
3057,"370,65"
3058,"112,111"
3059,"43,24"
3060,"145,44,54"
3061,"384,265"
3062,"42,111,119"
3063,"24,71"
3064,"44,38,145"
3065,"199,169"
3066,"106,105"
3067,"308,231,26"
3068,"206,38"
3069,"303,182"
3070,"304,216"
3071,"155,241"
3072,"43,181"
3073,"508,169,199"
3074,"337,339"
3075,"139,17,21"
3076,"19,4"
3077,"21,199"
3078,"523,21"
3079,"8,514"
3080,"53,300,234"
3081,"82,38"
3082,"59,205"
3083,"30,32"
3084,"93,64"
3085,"21,3"
3086,"138,135,459"
3087,"42,41"
3088,"12,11"
3089,"38,440,87"
3090,"4,3"
3091,"12,11"
3092,"402,145"
3093,"32,308"
3094,"89,26"
3095,"131,128,151"
3096,"146,145"
3097,"271,456,350"
3098,"456,271"
3099,"440,38,308"
3100,"53,451,262"
3101,"41,186"
3102,"38,91"
3103,"315,160,127"
3104,"129,128"
3105,"93,64"
3106,"181,121,24"
3107,"181,199,323"
3108,"474,53"
3109,"199,169"
3110,"21,76,127"
3111,"220,326"
3112,"143,199,243"
3113,"30,3,190"
3114,"430,62"
3115,"131,414,296"
3116,"4,19"
3117,"131,159,166"
3118,"30,81"
3119,"40,76"
3120,"300,493,62"
3121,"64,65"
3122,"89,26"
3123,"199,170,169"
3124,"402,220"
3125,"199,431"
3126,"65,64"
3127,"474,176,53"
3128,"72,335"
3129,"3,4"
3130,"44,11"
3131,"68,53"
3132,"48,21"
3133,"199,21"
3134,"56,4"
3135,"156,147"
3136,"264,44"
3137,"112,111"
3138,"217,15"
3139,"17,34,447"
3140,"21,3"
3141,"160,111,36"
3142,"4,3,30"
3143,"265,145,24"
3144,"424,271"
3145,"71,303"
3146,"64,90,489"
3147,"21,41"
3148,"23,303,38"
3149,"21,3,41"
3150,"17,3"
3151,"74,303"
3152,"131,226,40"
3153,"53,17"
3154,"160,166"
3155,"523,53"
3156,"182,68"
3157,"220,17,221"
3158,"206,82,8"
3159,"43,24"
3160,"243,199"
3161,"4,3"
3162,"48,309"
3163,"286,41,139"
3164,"44,145"
3165,"508,169,199"
3166,"206,8"
3167,"199,223"
3168,"187,34,263"
3169,"170,21"
3170,"53,111"
3171,"431,247"
3172,"241,38"
3173,"134,131"
3174,"454,508"
3175,"265,349"
3176,"457,387,218"
3177,"103,38"
3178,"74,23"
3179,"350,26"
3180,"44,69,11"
3181,"4,7"
3182,"187,21"
3183,"43,181"
3184,"156,147"
3185,"41,149"
3186,"96,31"
3187,"220,242"
3188,"43,24"
3189,"72,24"
3190,"431,199"
3191,"199,250,155"
3192,"43,32"
3193,"528,311"
3194,"129,128,40"
3195,"156,528,61"
3196,"169,274,199"
3197,"235,257"
3198,"96,31"
3199,"93,30,216"
3200,"303,74,175"
3201,"39,333"
3202,"169,199"
3203,"128,130"
3204,"11,44"
3205,"160,315"
3206,"21,42"
3207,"241,199,78"
3208,"250,41,131"
3209,"41,201"
3210,"21,68"
3211,"265,59"
3212,"250,309,175"
3213,"186,128"
3214,"199,259,169"
3215,"21,187"
3216,"64,524,448"
3217,"26,89"
3218,"146,145"
3219,"17,18"
3220,"169,296,274"
3221,"163,175"
3222,"279,249"
3223,"257,446"
3224,"137,38"
3225,"287,53"
3226,"38,82"
3227,"231,26,308"
3228,"195,185"
3229,"257,0"
3230,"257,235,422"
3231,"431,169"
3232,"43,24"
3233,"44,264"
3234,"181,96"
3235,"21,187"
3236,"76,41,40"
3237,"81,48,75"
3238,"220,242"
3239,"135,244,250"
3240,"49,265,418"
3241,"523,451"
3242,"60,239,296"
3243,"508,199"
3244,"44,510"
3245,"64,65"
3246,"283,175,185"
3247,"44,11"
3248,"221,11,90"
3249,"500,118,21"
3250,"64,524"
3251,"21,42"
3252,"111,375"
3253,"145,146"
3254,"21,30"
3255,"456,271"
3256,"456,276,409"
3257,"271,399,265"
3258,"3,435"
3259,"15,451"
3260,"523,53,157"
3261,"220,145,242"
3262,"65,64"
3263,"248,38,155"
3264,"38,84,88"
3265,"65,64"
3266,"41,224,53"
3267,"498,271"
3268,"214,0,271"
3269,"145,370,44"
3270,"303,145"
3271,"118,74"
3272,"366,209"
3273,"40,131"
3274,"21,124,48"
3275,"186,185"
3276,"508,71,24"
3277,"32,129"
3278,"171,170,169"
3279,"21,187"
3280,"170,169"
3281,"21,53"
3282,"21,170"
3283,"40,131"
3284,"169,25"
3285,"32,147"
3286,"391,89"
3287,"212,211"
3288,"6,5,228"
3289,"163,162"
3290,"17,21,194"
3291,"309,202"
3292,"199,169,223"
3293,"140,241,139"
3294,"21,3"
3295,"160,247,36"
3296,"42,21"
3297,"220,143"
3298,"3,70"
3299,"21,187"
3300,"15,53"
3301,"309,62,202"
3302,"496,510,44"
3303,"43,64"
3304,"170,169,459"
3305,"255,462,397"
3306,"370,44,271"
3307,"220,242,65"
3308,"271,111"
3309,"131,193"
3310,"522,271"
3311,"54,95"
3312,"21,111"
3313,"64,65"
3314,"139,155"
3315,"49,24"
3316,"265,349"
3317,"271,456,291"
3318,"451,50"
3319,"265,384,297"
3320,"3,48"
3321,"199,169,259"
3322,"44,197"
3323,"241,155"
3324,"28,21,4"
3325,"5,57,228"
3326,"32,308"
3327,"89,26"
3328,"220,221"
3329,"5,3,6"
3330,"21,42"
3331,"110,253"
3332,"265,344"
3333,"21,48,108"
3334,"199,260"
3335,"290,454,31"
3336,"15,3"
3337,"17,18"
3338,"199,187"
3339,"366,209"
3340,"328,402"
3341,"49,239,24"
3342,"21,53"
3343,"170,21"
3344,"199,431"
3345,"220,221"
3346,"89,370"
3347,"21,22"
3348,"269,344,456"
3349,"220,242,326"
3350,"170,169"
3351,"0,216"
3352,"309,250,38"
3353,"151,127"
3354,"129,128,40"
3355,"111,3,4"
3356,"163,250"
3357,"17,168,18"
3358,"160,302"
3359,"89,26"
3360,"255,462,463"
3361,"145,510,44"
3362,"474,4"
3363,"129,128,197"
3364,"129,131"
3365,"34,21,263"
3366,"195,127,186"
3367,"40,131,226"
3368,"8,285"
3369,"314,271"
3370,"271,0"
3371,"17,18,3"
3372,"21,111"
3373,"44,43,64"
3374,"129,128"
3375,"181,64"
3376,"11,12,221"
3377,"317,41,201"
3378,"171,170"
3379,"241,131"
3380,"129,128"
3381,"265,0"
3382,"38,47"
3383,"93,64"
3384,"139,140"
3385,"175,74"
3386,"163,162"
3387,"171,170"
3388,"254,212,216"
3389,"241,31"
3390,"33,21"
3391,"82,38"
3392,"11,44"
3393,"468,128"
3394,"53,523"
3395,"222,21"
3396,"44,145"
3397,"69,11"
3398,"118,74"
3399,"128,89,195"
3400,"44,145,23"
3401,"3,21"
3402,"43,24"
3403,"501,346,26"
3404,"93,64"
3405,"145,54,402"
3406,"323,21,199"
3407,"21,3"
3408,"43,145"
3409,"49,24,345"
3410,"478,241,328"
3411,"145,131,199"
3412,"26,271,89"
3413,"64,335,65"
3414,"49,296"
3415,"43,24"
3416,"71,165"
3417,"145,38,76"
3418,"31,258,508"
3419,"175,241"
3420,"265,418,49"
3421,"448,64,524"
3422,"49,239"
3423,"40,160,76"
3424,"206,8"
3425,"96,31"
3426,"349,265"
3427,"280,348"
3428,"30,21"
3429,"145,44"
3430,"21,5"
3431,"199,259,169"
3432,"189,135"
3433,"40,131,226"
3434,"308,350,26"
3435,"190,517,510"
3436,"8,206"
3437,"181,61"
3438,"43,64,24"
3439,"131,40,226"
3440,"226,131"
3441,"44,264"
3442,"296,229,138"
3443,"199,169"
3444,"231,131,78"
3445,"17,18"
3446,"166,160"
3447,"82,38"
3448,"41,21,186"
3449,"30,22,190"
3450,"206,8"
3451,"170,169"
3452,"350,26,271"
3453,"3,4"
3454,"287,53"
3455,"456,271"
3456,"4,3"
3457,"21,30"
3458,"215,311,528"
3459,"49,239"
3460,"134,131,40"
3461,"231,26,456"
3462,"40,131,76"
3463,"447,21"
3464,"350,26"
3465,"195,42,40"
3466,"65,43"
3467,"3,28"
3468,"4,435"
3469,"36,35,21"
3470,"21,148"
3471,"216,360"
3472,"4,170,70"
3473,"402,145"
3474,"64,524,90"
3475,"11,69"
3476,"199,434"
3477,"108,21"
3478,"131,241,23"
3479,"11,64,90"
3480,"231,26"
3481,"87,118,38"
3482,"21,148"
3483,"170,21"
3484,"4,19"
3485,"21,369"
3486,"17,18,3"
3487,"199,343,356"
3488,"454,170"
3489,"21,3"
3490,"333,84"
3491,"32,30"
3492,"143,202"
3493,"128,129,195"
3494,"21,111"
3495,"89,26"
3496,"199,259,169"
3497,"43,24"
3498,"199,21"
3499,"206,8"
3500,"199,223"
3501,"21,3"
3502,"189,241"
3503,"44,145"
3504,"199,281"
3505,"17,21"
3506,"11,44"
3507,"118,169"
3508,"220,242"
3509,"206,8"
3510,"271,456"
3511,"382,143"
3512,"231,118"
3513,"239,96"
3514,"243,164"
3515,"43,242"
3516,"356,169,199"
3517,"181,233,5"
3518,"160,302,315"
3519,"44,145"
3520,"21,296"
3521,"258,508"
3522,"54,478,145"
3523,"247,36"
3524,"36,21,35"
3525,"309,382"
3526,"296,21"
3527,"156,147"
3528,"21,111"
3529,"41,21"
3530,"111,3,21"
3531,"220,221"
3532,"175,128"
3533,"43,181"
3534,"30,3"
3535,"259,199"
3536,"3,53,21"
3537,"148,135,189"
3538,"30,3"
3539,"85,86"
3540,"26,38,231"
3541,"49,239,43"
3542,"418,265,349"
3543,"523,53"
3544,"40,131,226"
3545,"89,26"
3546,"206,8"
3547,"396,49,395"
3548,"140,139"
3549,"209,195"
3550,"32,300"
3551,"402,456"
3552,"456,271"
3553,"170,259,199"
3554,"21,28"
3555,"456,271"
3556,"17,18"
3557,"139,286"
3558,"118,500"
3559,"70,4"
3560,"171,134,131"
3561,"190,21,3"
3562,"375,4,128"
3563,"21,41"
3564,"93,64"
3565,"30,17,3"
3566,"42,385"
3567,"96,31"
3568,"21,3,200"
3569,"21,199"
3570,"131,40,466"
3571,"74,49"
3572,"239,64"
3573,"143,199"
3574,"190,13"
3575,"12,72"
3576,"129,128"
3577,"220,221"
3578,"25,44"
3579,"186,128"
3580,"448,64,524"
3581,"456,271"
3582,"44,264"
3583,"32,30"
3584,"129,337"
3585,"21,3,28"
3586,"43,24"
3587,"21,111"
3588,"135,138"
3589,"231,103,38"
3590,"220,326"
3591,"265,220"
3592,"32,169"
3593,"26,89,38"
3594,"92,345"
3595,"181,96"
3596,"296,428"
3597,"32,169,38"
3598,"28,76,295"
3599,"241,131,78"
3600,"17,21,168"
3601,"62,111,123"
3602,"112,41"
3603,"21,33"
3604,"148,53,21"
3605,"265,59,205"
3606,"271,355"
3607,"141,135"
3608,"49,239"
3609,"21,3"
3610,"21,48"
3611,"21,204"
3612,"89,26,308"
3613,"368,184"
3614,"21,3,111"
3615,"522,271"
3616,"64,524,90"
3617,"145,54,402"
3618,"169,251,199"
3619,"36,160"
3620,"271,456"
3621,"169,251,170"
3622,"44,508"
3623,"4,3"
3624,"21,190"
3625,"220,454"
3626,"336,296"
3627,"402,145"
3628,"131,40,226"
3629,"160,33"
3630,"38,78"
3631,"93,64"
3632,"91,23,38"
3633,"151,135"
3634,"346,26"
3635,"3,435"
3636,"44,11"
3637,"129,128"
3638,"17,18,3"
3639,"93,64,448"
3640,"44,199"
3641,"287,53"
3642,"402,44"
3643,"131,40,226"
3644,"123,111"
3645,"156,36,21"
3646,"44,145"
3647,"53,290,265"
3648,"337,339"
3649,"91,38,89"
3650,"170,287,171"
3651,"3,4"
3652,"105,106"
3653,"170,169"
3654,"118,141,107"
3655,"153,139"
3656,"145,44"
3657,"44,11"
3658,"148,21"
3659,"257,235,131"
3660,"199,169"
3661,"44,145"
3662,"456,271"
3663,"21,301"
3664,"402,145"
3665,"93,64"
3666,"89,26"
3667,"11,44"
3668,"367,28"
3669,"283,131,145"
3670,"25,245,64"
3671,"64,99"
3672,"170,21"
3673,"4,262,3"
3674,"145,44"
3675,"184,185"
3676,"74,165"
3677,"204,100,13"
3678,"456,26"
3679,"456,271"
3680,"111,241,334"
3681,"21,108"
3682,"199,248,169"
3683,"15,16"
3684,"21,41"
3685,"30,81"
3686,"41,21"
3687,"350,26"
3688,"139,241"
3689,"131,134,226"
3690,"21,41"
3691,"508,170"
3692,"38,240,103"
3693,"138,135"
3694,"48,309,38"
3695,"380,414"
3696,"44,45"
3697,"48,21"
3698,"85,21"
3699,"68,182,187"
3700,"199,169"
3701,"21,41"
3702,"199,169,223"
3703,"267,111"
3704,"32,31"
3705,"459,374"
3706,"41,135,111"
3707,"160,315"
3708,"49,239"
3709,"156,21"
3710,"3,4"
3711,"220,221"
3712,"28,30"
3713,"62,430"
3714,"90,64"
3715,"220,221"
3716,"456,271"
3717,"220,17,221"
3718,"62,38"
3719,"44,145"
3720,"28,3"
3721,"64,90"
3722,"94,199"
3723,"148,147"
3724,"32,89"
3725,"4,3"
3726,"188,4"
3727,"346,26"
3728,"26,231"
3729,"82,38"
3730,"107,38"
3731,"53,21"
3732,"346,8,313"
3733,"44,64,11"
3734,"370,231,105"
3735,"220,231,145"
3736,"199,53,169"
3737,"89,26"
3738,"38,137,303"
3739,"21,124"
3740,"43,145,24"
3741,"235,8"
3742,"82,38"
3743,"49,384"
3744,"277,1,476"
3745,"351,475"
3746,"220,221"
3747,"4,3"
3748,"243,71,165"
3749,"54,38"
3750,"194,16,53"
3751,"478,31"
3752,"308,206"
3753,"111,41,123"
3754,"89,26"
3755,"171,170"
3756,"96,325,99"
3757,"493,326,382"
3758,"145,76,481"
3759,"82,39,38"
3760,"106,105"
3761,"90,64"
3762,"234,437,322"
3763,"49,96"
3764,"508,62,199"
3765,"175,186,128"
3766,"192,74"
3767,"220,326"
3768,"176,474"
3769,"508,454,169"
3770,"138,135,169"
3771,"21,325"
3772,"350,26"
3773,"21,30"
3774,"308,265"
3775,"265,340"
3776,"106,105,72"
3777,"40,131,143"
3778,"4,3"
3779,"185,166,184"
3780,"188,4"
3781,"36,35,160"
3782,"185,184,186"
3783,"76,131,103"
3784,"17,3,18"
3785,"448,524,199"
3786,"199,68"
3787,"199,195"
3788,"8,308,206"
3789,"53,523"
3790,"187,34"
3791,"456,271"
3792,"285,8,271"
3793,"64,65"
3794,"65,64"
3795,"40,131,478"
3796,"220,221"
3797,"164,46"
3798,"530,296"
3799,"89,26"
3800,"199,169"
3801,"21,187,311"
3802,"44,38"
3803,"170,145"
3804,"44,11"
3805,"26,308,271"
3806,"145,44"
3807,"44,62"
3808,"131,226,132"
3809,"194,21"
3810,"137,241"
3811,"145,402,54"
3812,"28,3"
3813,"241,131"
3814,"89,26"
3815,"386,135"
3816,"447,3,53"
3817,"43,402"
3818,"4,30"
3819,"34,74"
3820,"44,264"
3821,"348,271"
3822,"89,26"
3823,"334,111"
3824,"220,221,326"
3825,"15,3"
3826,"43,44"
3827,"197,82"
3828,"188,4"
3829,"82,38"
3830,"265,456"
3831,"430,467"
3832,"44,38,26"
3833,"129,128"
3834,"3,156,21"
3835,"220,65"
3836,"271,456"
3837,"375,19,4"
3838,"214,271,241"
3839,"220,326,221"
3840,"456,409,271"
3841,"145,44,402"
3842,"43,24"
3843,"18,17"
3844,"206,8"
3845,"21,48"
3846,"220,221"
3847,"171,170"
3848,"69,11"
3849,"145,131"
3850,"21,28,3"
3851,"145,44"
3852,"146,145"
3853,"431,199"
3854,"456,0,271"
3855,"49,197,296"
3856,"170,417,169"
3857,"15,16,41"
3858,"156,21"
3859,"85,21"
3860,"42,21"
3861,"93,64"
3862,"187,34"
3863,"160,315"
3864,"21,199"
3865,"220,370"
3866,"131,241,406"
3867,"169,199"
3868,"49,165"
3869,"271,360,0"
3870,"74,467"
3871,"11,12"
3872,"134,171,209"
3873,"129,290,169"
3874,"448,169,145"
3875,"82,38"
3876,"271,456"
3877,"21,30"
3878,"447,34,21"
3879,"235,8"
3880,"12,11,64"
3881,"137,241"
3882,"30,3,4"
3883,"44,496"
3884,"271,291"
3885,"13,21,22"
3886,"206,8"
3887,"32,38"
3888,"15,17"
3889,"323,199,169"
3890,"11,69"
3891,"61,49"
3892,"521,208,279"
3893,"4,3,188"
3894,"21,127,243"
3895,"28,3"
3896,"204,3,111"
3897,"199,169"
3898,"82,39,38"
3899,"231,26"
3900,"41,186,21"
3901,"170,169"
3902,"39,38"
3903,"296,271"
3904,"84,38"
3905,"89,308"
3906,"304,216"
3907,"235,8,220"
3908,"350,26,89"
3909,"171,170,169"
3910,"44,145"
3911,"139,241,21"
3912,"123,111"
3913,"93,64"
3914,"220,276"
3915,"303,165,74"
3916,"181,323"
3917,"21,42"
3918,"402,145"
3919,"368,78,131"
3920,"112,111"
3921,"69,11"
3922,"59,265,205"
3923,"184,185"
3924,"43,24"
3925,"49,31"
3926,"62,111,53"
3927,"197,96"
3928,"21,33"
3929,"170,139"
3930,"30,3"
3931,"12,11"
3932,"448,64,524"
3933,"220,221"
3934,"41,135,111"
3935,"271,179"
3936,"30,21"
3937,"49,418"
3938,"65,64"
3939,"138,135"
3940,"54,145,402"
3941,"43,24"
3942,"265,208"
3943,"303,99"
3944,"456,271"
3945,"169,199"
3946,"44,145"
3947,"448,64"
3948,"84,38"
3949,"72,49"
3950,"26,89"
3951,"435,53,182"
3952,"166,111"
3953,"59,265,326"
3954,"524,448,145"
3955,"231,26"
3956,"204,13"
3957,"308,418"
3958,"134,131,40"
3959,"131,241"
3960,"181,64"
3961,"91,38,23"
3962,"500,21"
3963,"265,59"
3964,"478,77,375"
3965,"74,241"
3966,"218,26,0"
3967,"220,242,221"
3968,"91,38"
3969,"0,8,218"
3970,"53,99"
3971,"49,24,296"
3972,"267,111"
3973,"190,111"
3974,"206,369"
3975,"456,271"
3976,"4,7"
3977,"3,111,4"
3978,"38,231"
3979,"271,272"
3980,"64,90"
3981,"11,69,14"
3982,"304,216,279"
3983,"235,8"
3984,"271,209"
3985,"337,339"
3986,"145,402"
3987,"264,145,44"
3988,"226,131,40"
3989,"139,21"
3990,"107,38"
3991,"41,21"
3992,"129,128"
3993,"321,271"
3994,"54,145,322"
3995,"220,326"
3996,"38,175,137"
3997,"375,4,70"
3998,"21,36,33"
3999,"339,337"
4000,"8,26"
4001,"271,456"
4002,"267,111"
4003,"30,3"
4004,"3,4"
4005,"431,199"
4006,"169,337,170"
4007,"385,241,42"
4008,"82,38"
4009,"81,75,48"
4010,"74,317"
4011,"284,303,111"
4012,"448,64"
4013,"170,21"
4014,"194,21"
4015,"3,5"
4016,"93,64"
4017,"206,308"
4018,"169,274,296"
4019,"3,30"
4020,"170,199,260"
4021,"206,0"
4022,"43,242"
4023,"89,44"
4024,"21,48"
4025,"21,76,42"
4026,"3,28"
4027,"21,523"
4028,"474,124,528"
4029,"199,169"
4030,"131,171,486"
4031,"53,21"
4032,"208,265"
4033,"49,31"
4034,"4,3"
4035,"131,38,241"
4036,"183,4"
4037,"105,50"
4038,"326,265"
4039,"21,5"
4040,"145,44"
4041,"21,28"
4042,"495,111,21"
4043,"131,241"
4044,"21,325"
4045,"221,11,12"
4046,"265,349"
4047,"53,15,200"
4048,"209,366"
4049,"214,360"
4050,"8,308"
4051,"258,31,402"
4052,"41,21"
4053,"170,169,323"
4054,"235,453"
4055,"145,402"
4056,"195,21"
4057,"193,478"
4058,"38,137,493"
4059,"354,360"
4060,"17,18"
4061,"195,507,170"
4062,"186,128"
4063,"43,65"
4064,"220,221"
4065,"111,123"
4066,"21,22"
4067,"120,121,217"
4068,"187,21"
4069,"64,65,90"
4070,"54,145"
4071,"21,3"
4072,"250,244,139"
4073,"163,162"
4074,"455,271"
4075,"160,302"
4076,"44,43"
4077,"214,475"
4078,"156,293"
4079,"482,214,213"
4080,"44,258"
4081,"234,11"
4082,"43,24"
4083,"281,199"
4084,"131,40,134"
4085,"265,457"
4086,"131,40"
4087,"111,42,161"
4088,"74,303,118"
4089,"199,343"
4090,"32,414"
4091,"232,82,231"
4092,"21,408"
4093,"21,3"
4094,"135,76,141"
4095,"232,38,118"
4096,"220,221,17"
4097,"129,128"
4098,"32,38,23"
4099,"241,131"
4100,"12,221"
4101,"76,395"
4102,"43,137"
4103,"255,462"
4104,"31,32"
4105,"431,169"
4106,"350,26"
4107,"43,24"
4108,"72,26,44"
4109,"48,30"
4110,"42,41"
4111,"76,395"
4112,"12,11"
4113,"145,44"
4114,"44,11"
4115,"509,65,512"
4116,"143,41"
4117,"65,64"
4118,"309,48,38"
4119,"131,134"
4120,"4,19"
4121,"220,44,11"
4122,"4,3"
4123,"271,214"
4124,"89,26,23"
4125,"24,453,242"
4126,"4,174,3"
4127,"131,226,40"
4128,"89,169,199"
4129,"25,44"
4130,"82,89,38"
4131,"139,241,140"
4132,"18,17"
4133,"135,141"
4134,"49,510"
4135,"53,287"
4136,"188,53"
4137,"5,228,57"
4138,"21,187"
4139,"456,285,8"
4140,"4,265"
4141,"163,162"
4142,"199,265"
4143,"40,131,226"
4144,"135,236"
4145,"44,145"
4146,"127,21"
4147,"186,160"
4148,"91,38"
4149,"431,199"
4150,"170,169"
4151,"3,21"
4152,"239,64,323"
4153,"296,306"
4154,"286,41,139"
4155,"346,501,128"
4156,"421,229"
4157,"64,93"
4158,"21,42"
4159,"317,247"
4160,"296,337,0"
4161,"351,255,65"
4162,"138,135"
4163,"170,169,311"
4164,"290,515"
4165,"17,18,168"
4166,"220,242,510"
4167,"26,89"
4168,"199,241"
4169,"113,181,523"
4170,"3,21"
4171,"41,161,111"
4172,"28,30"
4173,"271,218,103"
4174,"32,258,89"
4175,"18,17"
4176,"271,265"
4177,"21,42"
4178,"99,38,105"
4179,"209,314"
4180,"271,456"
4181,"186,152"
4182,"74,467"
4183,"72,49,24"
4184,"72,156"
4185,"220,454"
4186,"43,24"
4187,"131,23"
4188,"220,221,326"
4189,"43,181"
4190,"74,317,303"
4191,"418,265"
4192,"93,64"
4193,"8,235"
4194,"21,30"
4195,"248,199"
4196,"26,8,457"
4197,"195,115"
4198,"4,3"
4199,"74,128"
4200,"300,467"
4201,"65,64"
4202,"231,103,257"
4203,"185,184"
4204,"44,72"
4205,"220,446"
4206,"89,26,279"
4207,"74,467"
4208,"44,73,496"
4209,"4,435"
4210,"89,44,38"
4211,"93,64"
4212,"169,199,251"
4213,"82,38"
4214,"265,21"
4215,"220,242"
4216,"21,474"
4217,"456,271,429"
4218,"206,8"
4219,"323,170,169"
4220,"131,159,40"
4221,"49,296,309"
4222,"360,256,351"
4223,"287,53"
4224,"17,18,168"
4225,"267,111"
4226,"91,94"
4227,"63,111,30"
4228,"111,296"
4229,"131,159,166"
4230,"447,21"
4231,"370,145,454"
4232,"44,402,145"
4233,"31,402,245"
4234,"15,99,194"
4235,"41,164,224"
4236,"181,43"
4237,"123,111"
4238,"43,24"
4239,"350,26"
4240,"43,24"
4241,"21,3"
4242,"15,53"
4243,"181,61,64"
4244,"21,111"
4245,"308,514"
4246,"456,271"
4247,"74,307,248"
4248,"113,157"
4249,"197,31"
4250,"21,3"
4251,"93,64"
4252,"296,371,428"
4253,"309,48"
4254,"44,64,11"
4255,"379,190,148"
4256,"40,131"
4257,"265,205,515"
4258,"4,375"
4259,"267,21"
4260,"235,8,453"
4261,"17,18,168"
4262,"4,3"
4263,"250,139,286"
4264,"121,13,15"
4265,"350,26"
4266,"4,435"
4267,"64,65,90"
4268,"111,21,325"
4269,"38,264,24"
4270,"11,205"
4271,"53,275"
4272,"21,17,3"
4273,"8,285"
4274,"39,38,82"
4275,"343,199,169"
4276,"171,169,170"
4277,"199,169"
4278,"21,170"
4279,"17,58"
4280,"48,303,74"
4281,"345,169"
4282,"43,24"
4283,"170,171"
4284,"47,131,128"
4285,"199,49"
4286,"239,60"
4287,"185,184"
4288,"220,454,510"
4289,"220,221"
4290,"25,220"
4291,"118,74"
4292,"44,145"
4293,"71,24"
4294,"76,135,23"
4295,"128,130"
4296,"308,38"
4297,"8,285"
4298,"139,241,140"
4299,"145,402"
4300,"44,197"
4301,"170,169,508"
4302,"138,135"
4303,"64,93"
4304,"241,131"
4305,"265,220"
4306,"11,44,69"
4307,"128,130"
4308,"31,258,454"
4309,"43,24"
4310,"49,24"
4311,"260,199"
4312,"131,226,40"
4313,"152,151,127"
4314,"93,64"
4315,"17,18,3"
4316,"44,264"
4317,"26,89"
4318,"26,231"
4319,"333,84"
4320,"74,467,175"
4321,"286,41,241"
4322,"44,145"
4323,"48,309"
4324,"171,170,169"
4325,"43,145,242"
4326,"265,365"
4327,"26,231"
4328,"239,64"
4329,"139,140,241"
4330,"231,206"
4331,"53,190"
4332,"43,24,64"
4333,"21,36"
4334,"286,250"
4335,"93,49,339"
4336,"93,64"
4337,"21,85"
4338,"3,30,21"
4339,"401,153"
4340,"53,15"
4341,"38,137,23"
4342,"152,160,186"
4343,"131,368"
4344,"44,145"
4345,"375,4"
4346,"170,169,337"
4347,"11,220"
4348,"199,169"
4349,"21,48"
4350,"21,148"
4351,"64,335"
4352,"43,24"
4353,"118,74"
4354,"199,169"
4355,"199,323,169"
4356,"21,76"
4357,"135,138"
4358,"13,3"
4359,"185,184"
4360,"131,241"
4361,"171,170"
4362,"11,69"
4363,"129,77,134"
4364,"457,308,231"
4365,"151,152,127"
4366,"367,28,21"
4367,"96,31"
4368,"118,74"
4369,"199,169"
4370,"21,42"
4371,"53,430"
4372,"12,11"
4373,"98,118"
4374,"141,135"
4375,"21,48"
4376,"454,258"
4377,"128,76,26"
4378,"21,41,42"
4379,"121,93"
4380,"4,19"
4381,"220,221"
4382,"129,328"
4383,"131,40,226"
4384,"21,48,115"
4385,"15,147"
4386,"93,64"
4387,"4,435"
4388,"220,53"
4389,"44,264"
4390,"151,152,127"
4391,"145,402"
4392,"39,38"
4393,"98,457"
4394,"199,223"
4395,"181,64"
4396,"220,221"
4397,"17,3,18"
4398,"38,71"
4399,"21,30"
4400,"26,89"
4401,"118,169"
4402,"78,131,241"
4403,"220,326"
4404,"145,44"
4405,"30,21"
4406,"38,39"
4407,"181,24,93"
4408,"170,169,39"
4409,"96,31"
4410,"38,47"
4411,"32,328"
4412,"170,169"
4413,"21,41"
4414,"194,21"
4415,"139,41"
4416,"40,131"
4417,"456,271"
4418,"170,323"
4419,"21,187"
4420,"181,64"
4421,"244,135,250"
4422,"21,3"
4423,"181,43"
4424,"206,197"
4425,"65,64"
4426,"456,271"
4427,"49,31,134"
4428,"96,60,296"
4429,"456,271"
4430,"21,190"
4431,"21,68"
4432,"12,11"
4433,"260,199"
4434,"163,250"
4435,"300,467"
4436,"30,219"
4437,"4,435"
4438,"438,271"
4439,"308,26"
4440,"38,308"
4441,"206,264"
4442,"528,50"
4443,"3,21"
4444,"206,8"
4445,"93,64"
4446,"44,145"
4447,"44,11"
4448,"40,131"
4449,"93,64"
4450,"15,3"
4451,"65,25"
4452,"323,199,239"
4453,"105,145,106"
4454,"220,221,326"
4455,"128,130"
4456,"250,155,131"
4457,"220,221"
4458,"350,26"
4459,"47,24,78"
4460,"64,65"
4461,"76,241,131"
4462,"220,11"
4463,"5,3"
4464,"239,233,64"
4465,"248,199,169"
4466,"17,187"
4467,"93,64"
4468,"141,135"
4469,"137,91"
4470,"21,108"
4471,"206,8"
4472,"206,279"
4473,"11,69"
4474,"21,22"
4475,"199,169"
4476,"171,169"
4477,"248,199"
4478,"111,41"
4479,"113,430"
4480,"195,199,169"
4481,"241,142,131"
4482,"111,175,123"
4483,"160,315"
4484,"279,249"
4485,"60,239,93"
4486,"85,30"
4487,"303,74,350"
4488,"21,81"
4489,"152,151"
4490,"65,64"
4491,"170,169"
4492,"279,212"
4493,"271,272"
4494,"1,277"
4495,"287,53,77"
4496,"199,169"
4497,"145,146"
4498,"131,226,40"
4499,"112,111"
4500,"456,271"
4501,"131,40,226"
4502,"48,111"
4503,"181,43"
4504,"38,107"
4505,"350,26"
4506,"49,90"
4507,"220,221"
4508,"0,89"
4509,"74,92"
4510,"430,157,523"
4511,"317,186"
4512,"62,53"
4513,"206,8"
4514,"467,53"
4515,"41,286"
4516,"315,160"
4517,"391,8"
4518,"40,131,166"
4519,"40,145,76"
4520,"128,130"
4521,"128,42"
4522,"78,38,308"
4523,"38,326,105"
4524,"336,169"
4525,"199,21"
4526,"279,249"
4527,"131,134"
4528,"304,216"
4529,"72,12,11"
4530,"4,3"
4531,"121,451,120"
4532,"131,241,40"
4533,"206,8"
4534,"59,11"
4535,"99,190"
4536,"21,111"
4537,"93,24,64"
4538,"402,145"
4539,"36,215"
4540,"220,454"
4541,"170,21"
4542,"149,41"
4543,"508,62"
4544,"31,96,258"
4545,"85,86"
4546,"21,42,30"
4547,"152,151"
4548,"303,38"
4549,"139,194"
4550,"219,30,188"
4551,"49,24"
4552,"93,64"
4553,"74,165,317"
4554,"199,138"
4555,"44,402,145"
4556,"264,44"
4557,"21,139,190"
4558,"385,42"
4559,"145,44,402"
4560,"100,53,99"
4561,"250,131,241"
4562,"65,64"
4563,"148,21"
4564,"11,205,59"
4565,"160,315"
4566,"478,62"
4567,"169,199,170"
4568,"317,74"
4569,"5,3,21"
4570,"24,43"
4571,"234,11"
4572,"248,199"
4573,"181,96"
4574,"43,24,65"
4575,"21,184,287"
4576,"12,11"
4577,"93,64"
4578,"350,308"
4579,"21,199,187"
4580,"243,169"
4581,"26,89"
4582,"199,21"
4583,"231,78"
4584,"21,53,287"
4585,"181,94"
4586,"15,3"
4587,"44,145,11"
4588,"21,3"
4589,"464,1,277"
4590,"89,26"
4591,"21,200"
4592,"44,87,28"
4593,"185,184"
4594,"62,382,69"
4595,"21,3"
4596,"311,195"
4597,"231,38,103"
4598,"187,21"
4599,"221,220"
4600,"220,242,221"
4601,"271,26"
4602,"143,414"
4603,"47,128"
4604,"43,64"
4605,"186,128"
4606,"160,315"
4607,"348,265"
4608,"74,467"
4609,"220,326"
4610,"127,42"
4611,"170,131,241"
4612,"348,280"
4613,"3,4,188"
4614,"170,169"
4615,"430,53,30"
4616,"303,124,53"
4617,"134,131"
4618,"467,74"
4619,"145,106"
4620,"131,40,226"
4621,"64,43"
4622,"304,216,0"
4623,"21,33"
4624,"76,41,40"
4625,"4,17,3"
4626,"181,64"
4627,"21,3"
4628,"265,192,458"
4629,"12,11"
4630,"93,64"
4631,"241,494"
4632,"89,26"
4633,"31,48,81"
4634,"17,21,187"
4635,"170,323"
4636,"160,315"
4637,"41,160"
4638,"131,40,226"
4639,"26,89"
4640,"451,53"
4641,"21,124"
4642,"49,296"
4643,"77,128"
4644,"21,48,42"
4645,"93,64"
4646,"38,137"
4647,"337,339"
4648,"323,170"
4649,"21,190"
4650,"220,145,446"
4651,"131,241,40"
4652,"199,281"
4653,"528,43"
4654,"239,93"
4655,"523,53,157"
4656,"21,28"
4657,"11,69"
4658,"89,26"
4659,"279,354,249"
4660,"456,409"
4661,"199,356"
4662,"21,3,48"
4663,"41,139,42"
4664,"145,146"
4665,"234,11"
4666,"145,146,283"
4667,"228,5"
4668,"271,456"
4669,"89,26"
4670,"343,199,356"
4671,"77,31"
4672,"271,456"
4673,"62,430"
4674,"170,21"
4675,"129,486,131"
4676,"199,169"
4677,"170,169"
4678,"186,128"
4679,"350,26"
4680,"303,89"
4681,"53,15"
4682,"170,169"
4683,"199,259,169"
4684,"21,182"
4685,"93,64"
4686,"113,190"
4687,"5,4,3"
4688,"304,216"
4689,"160,302"
4690,"457,0,218"
4691,"308,65"
4692,"21,396,76"
4693,"111,123"
4694,"38,308,87"
4695,"137,38"
4696,"4,7,3"
4697,"99,53,190"
4698,"264,94,481"
4699,"93,64"
4700,"171,170"
4701,"170,169,274"
4702,"156,21"
4703,"220,221"
4704,"32,31"
4705,"255,462,214"
4706,"21,148"
4707,"131,40,226"
4708,"296,452,306"
4709,"248,155,131"
4710,"199,49"
4711,"220,242"
4712,"448,64"
4713,"106,105"
4714,"38,250,309"
4715,"209,366,265"
4716,"49,44"
4717,"271,456"
4718,"36,33,21"
4719,"289,129"
4720,"38,231,82"
4721,"431,199"
4722,"308,231,44"
4723,"139,241,140"
4724,"254,212"
4725,"129,128"
4726,"74,467"
4727,"4,19"
4728,"77,65"
4729,"17,168"
4730,"21,187"
4731,"301,85"
4732,"188,30"
4733,"44,45"
4734,"220,221"
4735,"61,181"
4736,"21,17"
4737,"53,15"
4738,"171,170"
4739,"326,110,220"
4740,"21,111,148"
4741,"287,53"
4742,"170,21,311"
4743,"426,311"
4744,"3,21,111"
4745,"30,135,141"
4746,"388,85"
4747,"71,243,143"
4748,"317,74"
4749,"145,402,54"
4750,"220,145"
4751,"348,265"
4752,"258,31,96"
4753,"199,248"
4754,"185,184"
4755,"235,8"
4756,"134,131,296"
4757,"235,8"
4758,"21,200,265"
4759,"300,53"
4760,"250,155,48"
4761,"147,32,148"
4762,"21,3"
4763,"38,91"
4764,"163,162,175"
4765,"53,111"
4766,"468,163"
4767,"265,59"
4768,"11,69"
4769,"484,314"
4770,"496,160"
4771,"5,21,3"
4772,"44,145,54"
4773,"3,435,4"
4774,"190,3,28"
4775,"21,187"
4776,"21,199,187"
4777,"21,42"
4778,"456,271"
4779,"220,242"
4780,"300,53"
4781,"44,145"
4782,"454,31"
4783,"90,64"
4784,"21,187"
4785,"188,451"
4786,"231,38"
4787,"5,228,6"
4788,"250,21"
4789,"350,26"
4790,"402,145"
4791,"21,22"
4792,"206,8"
4793,"74,175"
4794,"3,4"
4795,"220,506,303"
4796,"271,272"
4797,"300,53"
4798,"475,279,271"
4799,"170,260"
4800,"186,128,41"
4801,"204,13"
4802,"220,145"
4803,"286,41"
4804,"199,169"
4805,"21,85,22"
4806,"2,1"
4807,"523,147"
4808,"118,431,306"
4809,"43,24"
4810,"12,11"
4811,"139,244,135"
4812,"85,301"
4813,"61,181"
4814,"49,24,96"
4815,"448,64"
4816,"296,336"
4817,"0,271"
4818,"25,220"
4819,"21,187"
4820,"199,169"
4821,"206,8"
4822,"17,18"
4823,"72,38"
4824,"4,7"
4825,"32,300"
4826,"44,62"
4827,"11,12,69"
4828,"129,128"
4829,"21,33"
4830,"169,323,145"
4831,"26,0,89"
4832,"206,8"
4833,"131,40,226"
4834,"218,54"
4835,"147,148"
4836,"44,11,38"
4837,"145,146"
4838,"17,18"
4839,"21,102,296"
4840,"169,170,251"
4841,"199,169"
4842,"111,21"
4843,"71,24"
4844,"44,11"
4845,"50,53,15"
4846,"148,21"
4847,"220,454"
4848,"187,170,34"
4849,"402,145"
4850,"206,8"
4851,"289,76"
4852,"131,41,241"
4853,"283,74"
4854,"265,30"
4855,"43,24"
4856,"129,328,195"
4857,"220,221,38"
4858,"49,24,265"
4859,"220,326"
4860,"21,3"
4861,"93,64,448"
4862,"41,139"
4863,"199,169"
4864,"115,510,21"
4865,"129,128"
4866,"49,24"
4867,"451,53"
4868,"32,300"
4869,"399,363"
4870,"64,335"
4871,"170,171,169"
4872,"220,326"
4873,"431,199"
4874,"165,74,317"
4875,"53,182,68"
4876,"18,17"
4877,"279,254,521"
4878,"186,41,195"
4879,"351,0,457"
4880,"31,328"
4881,"38,91,137"
4882,"220,105,326"
4883,"53,30,99"
4884,"346,296"
4885,"175,128"
4886,"21,3"
4887,"53,15"
4888,"156,528,225"
4889,"259,169,199"
4890,"265,59"
4891,"508,169,323"
4892,"3,21"
4893,"199,169"
4894,"44,264"
4895,"206,8"
4896,"44,308"
4897,"62,53"
4898,"21,42"
4899,"21,42"
4900,"21,22"
4901,"11,90,205"
4902,"296,452"
4903,"171,170"
4904,"160,315,302"
4905,"199,259,169"
4906,"239,93"
4907,"169,170,179"
4908,"21,104"
4909,"17,18"
4910,"23,38,303"
4911,"54,140,283"
4912,"21,30"
4913,"43,24"
4914,"448,508,64"
4915,"68,182"
4916,"220,221"
4917,"457,218,265"
4918,"175,74"
4919,"309,38"
4920,"30,21,42"
4921,"38,103"
4922,"64,448,65"
4923,"199,265"
4924,"15,474"
4925,"76,40"
4926,"448,64,524"
4927,"164,21"
4928,"11,221"
4929,"386,135"
4930,"185,184"
4931,"467,113"
4932,"186,41"
4933,"64,80"
4934,"220,221,326"
4935,"118,74"
4936,"220,145,25"
4937,"169,199,260"
4938,"139,286"
4939,"279,249"
4940,"508,199"
4941,"212,279"
4942,"49,31"
4943,"243,175"
4944,"49,296"
4945,"220,221"
4946,"195,128"
4947,"454,508"
4948,"40,41,151"
4949,"76,401,264"
4950,"113,30"
4951,"231,103,26"
4952,"206,8"
4953,"4,3"
4954,"77,31"
4955,"402,145,44"
4956,"220,169"
4957,"26,350,38"
4958,"93,64"
4959,"44,62"
4960,"199,169"
4961,"123,111,296"
4962,"133,5"
4963,"455,100,6"
4964,"206,8"
4965,"32,21"
4966,"44,64"
4967,"4,375"
4968,"62,430"
4969,"25,220"
4970,"38,91"
4971,"220,221"
4972,"220,221,242"
4973,"21,41"
4974,"4,262,3"
4975,"43,44"
4976,"21,48"
4977,"21,53"
4978,"118,333"
4979,"354,304,216"
4980,"254,216"
4981,"44,64"
4982,"170,311"
4983,"244,139"
4984,"21,199"
4985,"30,3,81"
4986,"38,88"
4987,"241,250,131"
4988,"481,402"
4989,"241,131,128"
4990,"303,350,74"
4991,"65,11"
4992,"3,21"
4993,"28,190,113"
4994,"41,250,286"
4995,"448,64"
4996,"31,306,336"
4997,"199,169"
4998,"220,221"
4999,"93,64"
5000,"145,54,64"
5001,"170,4,3"
5002,"187,278"
5003,"317,74,283"
5004,"115,21"
5005,"145,169,170"
5006,"89,26"
5007,"243,199"
5008,"152,315"
5009,"40,145"
5010,"38,446"
5011,"272,271"
5012,"402,54,44"
5013,"183,4"
5014,"197,38,82"
5015,"93,460,64"
5016,"93,64"
5017,"4,435"
5018,"248,139,140"
5019,"170,323"
5020,"138,135"
5021,"221,220,11"
5022,"64,448"
5023,"199,169"
5024,"3,5"
5025,"21,199"
5026,"346,313"
5027,"286,41"
5028,"111,53"
5029,"156,21"
5030,"350,26"
5031,"4,3"
5032,"138,135"
5033,"199,169,343"
5034,"326,34,187"
5035,"26,271,231"
5036,"147,131,38"
5037,"296,306"
5038,"170,199"
5039,"131,132,406"
5040,"43,24"
5041,"64,93"
5042,"231,118"
5043,"65,43,109"
5044,"93,64"
5045,"128,195"
5046,"148,451"
5047,"4,435"
5048,"303,165,74"
5049,"3,30,85"
5050,"263,34,187"
5051,"185,184,494"
5052,"40,131,226"
5053,"15,17"
5054,"118,231"
5055,"4,143,131"
5056,"90,64"
5057,"148,21"
5058,"44,145"
5059,"21,3"
5060,"99,53"
5061,"190,21"
5062,"170,169"
5063,"21,215"
5064,"387,457"
5065,"3,4"
5066,"481,235"
5067,"3,4"
5068,"131,226,40"
5069,"3,4"
5070,"265,340"
5071,"93,181"
5072,"264,44,145"
5073,"135,244,139"
5074,"21,187"
5075,"21,111"
5076,"21,22"
5077,"53,21"
5078,"220,65"
5079,"186,41,128"
5080,"64,448"
5081,"220,242"
5082,"165,243,175"
5083,"169,274,170"
5084,"326,145"
5085,"21,111"
5086,"185,184"
5087,"17,18"
5088,"40,131"
5089,"115,21"
5090,"199,169,259"
5091,"91,38"
5092,"220,221"
5093,"454,220,493"
5094,"12,11"
5095,"71,165"
5096,"69,11"
5097,"239,64"
5098,"271,216"
5099,"44,11"
5100,"296,306"
5101,"129,128"
5102,"170,169"
5103,"163,162"
5104,"82,38"
5105,"199,259,169"
5106,"187,34,250"
5107,"34,17,187"
5108,"32,170"
5109,"17,18"
5110,"21,30"
5111,"49,396"
5112,"21,148"
5113,"53,15,275"
5114,"21,36"
5115,"239,129"
5116,"199,169"
5117,"279,249"
5118,"148,147"
5119,"21,3,28"
5120,"111,41"
5121,"145,402,524"
5122,"148,451"
5123,"111,284"
5124,"90,64"
5125,"44,145"
5126,"131,40"
5127,"431,382,239"
5128,"131,226,40"
5129,"129,128"
5130,"220,221,18"
5131,"84,38"
5132,"175,241"
5133,"220,221"
5134,"402,145"
5135,"206,418"
5136,"139,102,21"
5137,"15,16,208"
5138,"206,8"
5139,"434,2"
5140,"93,64"
5141,"93,64"
5142,"524,64"
5143,"171,170"
5144,"26,350,231"
5145,"367,5,3"
5146,"495,131,94"
5147,"402,145"
5148,"254,216"
5149,"21,200,41"
5150,"64,65"
5151,"3,148,28"
5152,"448,64"
5153,"141,135"
5154,"12,11"
5155,"44,62"
5156,"17,21"
5157,"199,21"
5158,"250,131"
5159,"106,105"
5160,"4,435,3"
5161,"300,53,202"
5162,"199,343"
5163,"220,242"
5164,"199,169"
5165,"90,509,218"
5166,"31,77"
5167,"21,139,17"
5168,"220,242"
5169,"105,50"
5170,"326,265"
5171,"128,195,129"
5172,"528,21"
5173,"217,451,15"
5174,"72,49"
5175,"53,435"
5176,"180,148,147"
5177,"199,281"
5178,"508,170,169"
5179,"43,65,64"
5180,"44,11"
5181,"190,194"
5182,"65,64"
5183,"231,26"
5184,"69,11"
5185,"170,169"
5186,"21,3"
5187,"231,118"
5188,"5,3"
5189,"222,100,153"
5190,"502,21"
5191,"199,508,64"
5192,"402,145"
5193,"303,71,74"
5194,"21,194,76"
5195,"49,239,24"
5196,"72,12,61"
5197,"44,38"
5198,"139,160,102"
5199,"77,414"
5200,"129,170"
5201,"17,3,18"
5202,"129,93"
5203,"82,38"
5204,"232,38"
5205,"41,42"
5206,"28,113"
5207,"21,3,28"
5208,"206,8"
5209,"199,68"
5210,"82,38"
5211,"44,145,402"
5212,"199,259,169"
5213,"149,41"
5214,"111,41"
5215,"44,145"
5216,"105,145"
5217,"170,185,184"
5218,"323,199"
5219,"62,430"
5220,"296,131"
5221,"21,22,3"
5222,"49,402"
5223,"38,91,23"
5224,"129,128"
5225,"508,454,31"
5226,"89,26"
5227,"93,64"
5228,"456,271"
5229,"69,11"
5230,"89,26"
5231,"475,255"
5232,"22,21"
5233,"102,21"
5234,"129,128"
5235,"44,73"
5236,"199,169"
5237,"170,260"
5238,"93,64"
5239,"199,248,169"
5240,"239,11"
5241,"325,113,53"
5242,"89,26"
5243,"220,221"
5244,"137,38"
5245,"21,48"
5246,"127,431,152"
5247,"4,19"
5248,"170,169"
5249,"131,40,226"
5250,"131,40,134"
5251,"74,23,76"
5252,"21,48,42"
5253,"256,21"
5254,"32,38"
5255,"346,128"
5256,"199,169,259"
5257,"145,146,131"
5258,"481,44,54"
5259,"206,8"
5260,"26,89,271"
5261,"74,165"
5262,"181,61"
5263,"38,87"
5264,"260,454,25"
5265,"220,11,44"
5266,"337,339"
5267,"448,169,524"
5268,"4,435"
5269,"21,108"
5270,"456,271"
5271,"96,195"
5272,"258,328"
5273,"494,170,186"
5274,"40,131"
5275,"328,31,258"
5276,"206,8"
5277,"231,26"
5278,"169,170,199"
5279,"21,3"
5280,"89,26"
5281,"94,38,91"
5282,"96,323"
5283,"317,74,201"
5284,"231,26,271"
5285,"148,21"
5286,"187,34"
5287,"21,53"
5288,"30,22"
5289,"166,160"
5290,"21,53,528"
5291,"148,528"
5292,"78,131,241"
5293,"366,271"
5294,"38,91,26"
5295,"508,199"
5296,"163,162"
5297,"303,382"
5298,"199,169"
5299,"220,53"
5300,"43,24"
5301,"78,309"
5302,"274,169"
5303,"43,24"
5304,"44,25,43"
5305,"194,512,208"
5306,"21,17"
5307,"250,175"
5308,"145,76"
5309,"65,64"
5310,"303,74,165"
5311,"11,44"
5312,"127,21"
5313,"231,44"
5314,"271,457"
5315,"44,145"
5316,"357,279,424"
5317,"111,21"
5318,"265,348"
5319,"17,18"
5320,"53,287"
5321,"131,40,226"
5322,"170,21"
5323,"308,89"
5324,"131,145,326"
5325,"189,135"
5326,"286,41"
5327,"199,169,223"
5328,"17,18"
5329,"91,63"
5330,"317,41,528"
5331,"131,466,193"
5332,"105,326"
5333,"3,28,30"
5334,"135,138"
5335,"41,42,111"
5336,"199,343"
5337,"32,31"
5338,"171,169,170"
5339,"166,159,40"
5340,"171,170,169"
5341,"507,169,311"
5342,"21,164"
5343,"199,169"
5344,"54,402"
5345,"87,38"
5346,"44,62"
5347,"308,78,333"
5348,"350,26"
5349,"96,53"
5350,"296,428"
5351,"21,200"
5352,"131,40"
5353,"69,65,11"
5354,"145,54"
5355,"134,131"
5356,"300,467"
5357,"175,165,74"
5358,"3,30,28"
5359,"49,328"
5360,"0,279,26"
5361,"21,36"
5362,"250,175"
5363,"523,15,53"
5364,"44,11"
5365,"21,3"
5366,"53,451"
5367,"459,170"
5368,"170,169,131"
5369,"22,21,500"
5370,"4,3"
5371,"64,93"
5372,"328,31"
5373,"340,265"
5374,"199,169,64"
5375,"40,131,226"
5376,"199,281,169"
5377,"199,265"
5378,"4,174"
5379,"170,145,169"
5380,"105,318,106"
5381,"186,128"
5382,"220,510,221"
5383,"271,456"
5384,"139,286,241"
5385,"271,456"
5386,"96,31"
5387,"17,190"
5388,"12,11"
5389,"128,76"
5390,"44,145"
5391,"93,64,239"
5392,"296,530,411"
5393,"21,199"
5394,"402,145"
5395,"260,145,25"
5396,"107,38"
5397,"391,8"
5398,"304,216"
5399,"231,26,118"
5400,"42,21"
5401,"199,169"
5402,"49,60"
5403,"41,149"
5404,"265,340"
5405,"241,131"
5406,"186,128"
5407,"350,26"
5408,"143,199,382"
5409,"148,147"
5410,"206,308,8"
5411,"296,336,306"
5412,"169,251,199"
5413,"93,64"
5414,"199,169"
5415,"31,258,96"
5416,"451,53,15"
5417,"21,190,115"
5418,"11,44"
5419,"44,145,402"
5420,"17,18"
5421,"21,76,187"
5422,"21,199"
5423,"187,34"
5424,"93,64"
5425,"170,169"
5426,"202,300,53"
5427,"49,418"
5428,"335,64"
5429,"220,326"
5430,"3,21"
5431,"4,7"
5432,"309,106"
5433,"13,21"
5434,"235,446,8"
5435,"524,448"
5436,"71,38"
5437,"235,8"
5438,"26,89"
5439,"146,145"
5440,"308,26"
5441,"454,287,53"
5442,"327,265"
5443,"206,8"
5444,"21,325"
5445,"145,76,40"
5446,"271,469"
5447,"115,21"
5448,"326,145"
5449,"185,184"
5450,"239,60"
5451,"21,199,187"
5452,"296,300"
5453,"21,187"
5454,"170,169"
5455,"194,190"
5456,"366,271"
5457,"21,199"
5458,"258,31,328"
5459,"17,194"
5460,"451,21,148"
5461,"43,24"
5462,"140,241"
5463,"21,108"
5464,"3,28"
5465,"370,199"
5466,"265,456"
5467,"170,169,459"
5468,"43,24"
5469,"350,456"
5470,"231,26"
5471,"169,170,131"
5472,"303,284,74"
5473,"276,456"
5474,"457,218"
5475,"451,21"
5476,"3,111"
5477,"64,448,65"
5478,"71,38,89"
5479,"296,306,460"
5480,"259,199"
5481,"123,111"
5482,"134,171,169"
5483,"206,8"
5484,"21,68"
5485,"296,306"
5486,"188,287"
5487,"199,21"
5488,"32,38"
5489,"306,296"
5490,"21,164"
5491,"448,524,169"
5492,"21,48"
5493,"64,181"
5494,"30,3"
5495,"271,355"
5496,"129,128"
5497,"26,350"
5498,"13,100,143"
5499,"14,13"
5500,"12,11"
5501,"71,24"
5502,"75,169"
5503,"64,93"
5504,"38,88,118"
5505,"241,131,78"
5506,"377,387"
5507,"212,211,279"
5508,"265,349"
5509,"448,169,508"
5510,"21,36,41"
5511,"21,187"
5512,"138,169,135"
5513,"104,30"
5514,"25,220"
5515,"44,264"
5516,"131,40,142"
5517,"64,524"
5518,"131,250,307"
5519,"21,33"
5520,"220,165,71"
5521,"350,26"
5522,"105,318"
5523,"3,21,28"
5524,"220,242"
5525,"367,28"
5526,"328,31"
5527,"229,230"
5528,"119,41,111"
5529,"72,11,12"
5530,"85,301,388"
5531,"72,44"
5532,"91,38"
5533,"248,199,169"
5534,"3,21,15"
5535,"458,277"
5536,"506,21,13"
5537,"143,34"
5538,"170,169"
5539,"11,90"
5540,"74,71"
5541,"181,43"
5542,"21,199,187"
5543,"199,169"
5544,"243,71"
5545,"267,21,111"
5546,"43,24"
5547,"199,21,169"
5548,"58,320,194"
5549,"221,11,220"
5550,"374,135,459"
5551,"138,135"
5552,"289,89"
5553,"170,169,248"
5554,"271,469"
5555,"43,65,24"
5556,"65,131"
5557,"91,49"
5558,"265,349"
5559,"38,440"
5560,"15,3,53"
5561,"53,21,85"
5562,"12,65,11"
5563,"220,446"
5564,"43,24"
5565,"271,291"
5566,"44,145"
5567,"337,339"
5568,"3,21,228"
5569,"41,21"
5570,"220,221"
5571,"43,64"
5572,"170,169,49"
5573,"21,200,30"
5574,"21,250"
5575,"106,209"
5576,"171,169"
5577,"216,370"
5578,"457,218"
5579,"220,221"
5580,"128,130"
5581,"62,109"
5582,"70,375,4"
5583,"135,189"
5584,"131,159"
5585,"72,49"
5586,"135,138,199"
5587,"220,131"
5588,"130,128"
5589,"21,41"
5590,"214,213"
5591,"38,107"
5592,"131,134,40"
5593,"41,21"
5594,"220,221"
5595,"89,26"
5596,"308,265"
5597,"296,306"
5598,"250,131"
5599,"456,271"
5600,"113,157"
5601,"72,44"
5602,"21,127,41"
5603,"89,26"
5604,"48,38,309"
5605,"11,44"
5606,"220,65,64"
5607,"26,308,89"
5608,"220,326"
5609,"181,43"
5610,"4,3"
5611,"348,280,255"
5612,"199,169,271"
5613,"68,182,199"
5614,"26,457,265"
5615,"15,16"
5616,"239,64"
5617,"456,271"
5618,"350,26,271"
5619,"21,3"
5620,"93,64"
5621,"220,221"
5622,"289,76"
5623,"273,265,0"
5624,"456,271"
5625,"311,21"
5626,"145,44,468"
5627,"131,199"
5628,"241,77,131"
5629,"241,30"
5630,"96,282,111"
5631,"290,53,32"
5632,"195,128"
5633,"199,382,143"
5634,"459,170"
5635,"93,64"
5636,"171,170"
5637,"89,26"
5638,"11,205"
5639,"339,337"
5640,"128,129"
5641,"456,271"
5642,"169,431"
5643,"139,153,241"
5644,"143,199"
5645,"350,26"
5646,"283,175,145"
5647,"448,64,524"
5648,"197,38"
5649,"38,309,82"
5650,"367,21"
5651,"296,306"
5652,"397,0"
5653,"38,250"
5654,"4,3"
5655,"350,456,346"
5656,"21,139"
5657,"21,186,164"
5658,"523,53"
5659,"111,53,123"
5660,"41,135"
5661,"65,64"
5662,"145,146"
5663,"231,26"
5664,"399,271"
5665,"271,366,456"
5666,"139,102"
5667,"139,140,241"
5668,"118,74"
5669,"402,264"
5670,"265,349"
5671,"524,64,448"
5672,"44,43"
5673,"241,131"
5674,"448,64"
5675,"3,111"
5676,"53,430"
5677,"296,452,411"
5678,"118,74"
5679,"21,76"
5680,"209,271,208"
5681,"145,54"
5682,"21,108"
5683,"44,145"
5684,"149,41,160"
5685,"30,28"
5686,"53,523"
5687,"69,11"
5688,"170,103"
5689,"396,21"
5690,"335,89"
5691,"128,186,41"
5692,"21,53,296"
5693,"40,89,160"
5694,"231,145"
5695,"231,118"
5696,"219,43"
5697,"4,3"
5698,"49,44"
5699,"451,50"
5700,"160,302"
5701,"371,296"
5702,"21,42"
5703,"43,145,65"
5704,"64,239,93"
5705,"287,21"
5706,"15,3,16"
5707,"185,131"
5708,"259,169,170"
5709,"135,244"
5710,"181,43"
5711,"8,350"
5712,"26,271"
5713,"220,326"
5714,"131,40,486"
5715,"508,199"
5716,"169,170"
5717,"12,11"
5718,"523,53"
5719,"131,241,128"
5720,"131,134,169"
5721,"21,124,48"
5722,"220,308"
5723,"134,131"
5724,"65,64"
5725,"523,53,30"
5726,"366,209"
5727,"3,435"
5728,"169,199"
5729,"25,454,131"
5730,"323,508,64"
5731,"271,314"
5732,"170,169"
5733,"74,303,243"
5734,"146,145"
5735,"15,53,259"
5736,"38,308,326"
5737,"328,31,402"
5738,"190,379"
5739,"239,43,60"
5740,"4,435"
5741,"49,396"
5742,"220,221"
5743,"4,435,19"
5744,"265,349"
5745,"156,21"
5746,"65,64"
5747,"245,508"
5748,"43,65"
5749,"93,64"
5750,"220,242,326"
5751,"152,186,151"
5752,"138,135"
5753,"31,454,508"
5754,"127,151"
5755,"43,24"
5756,"199,169"
5757,"121,14,13"
5758,"152,151,21"
5759,"169,199"
5760,"220,221"
5761,"131,40,226"
5762,"3,28"
5763,"242,44"
5764,"4,3,19"
5765,"111,53"
5766,"72,12"
5767,"41,111"
5768,"231,337,169"
5769,"199,259"
5770,"111,474,21"
5771,"89,26,23"
5772,"145,322,326"
5773,"181,43,93"
5774,"21,3"
5775,"44,264"
5776,"44,145"
5777,"68,182,199"
5778,"21,41"
5779,"3,41"
5780,"89,370"
5781,"21,3"
5782,"44,145"
5783,"139,153,155"
5784,"456,174,160"
5785,"243,329"
5786,"199,169"
5787,"220,242"
5788,"175,74"
5789,"131,241"
5790,"350,514"
5791,"193,402,131"
5792,"90,64"
5793,"204,31,13"
5794,"265,205,59"
5795,"169,199,274"
5796,"169,96"
5797,"44,145"
5798,"508,260,454"
5799,"84,38,88"
5800,"11,12"
5801,"315,160"
5802,"91,38"
5803,"43,181"
5804,"333,118"
5805,"458,353,271"
5806,"0,218,271"
5807,"485,21"
5808,"148,21"
5809,"231,169,26"
5810,"509,11"
5811,"15,16"
5812,"199,259"
5813,"21,3"
5814,"265,271"
5815,"89,231,26"
5816,"170,176"
5817,"128,130,131"
5818,"113,190,328"
5819,"199,343"
5820,"220,454,326"
5821,"8,206"
5822,"348,280"
5823,"345,38,92"
5824,"44,65"
5825,"71,24"
5826,"345,92"
5827,"325,53"
5828,"220,326"
5829,"43,24"
5830,"96,239"
5831,"21,28"
5832,"478,96,77"
5833,"89,38,26"
5834,"89,370,26"
5835,"129,128"
5836,"4,7"
5837,"220,326"
5838,"21,199"
5839,"220,65"
5840,"241,131"
5841,"160,315,302"
5842,"69,11"
5843,"199,431"
5844,"21,311,187"
5845,"346,501,313"
5846,"36,17,426"
5847,"21,139,296"
5848,"369,190,206"
5849,"274,169"
5850,"326,454,220"
5851,"370,448,524"
5852,"63,38"
5853,"275,111"
5854,"199,241,248"
5855,"40,131,226"
5856,"446,308"
5857,"131,40"
5858,"17,18"
5859,"304,0"
5860,"93,64"
5861,"71,418"
5862,"44,145"
5863,"375,4"
5864,"402,145"
5865,"185,184"
5866,"38,309,82"
5867,"220,242"
5868,"181,43"
5869,"133,5"
5870,"528,21,85"
5871,"199,169,223"
5872,"64,181"
5873,"72,508,109"
5874,"21,3,42"
5875,"131,40,226"
5876,"199,434"
5877,"32,48"
5878,"2,199"
5879,"21,40"
5880,"160,315"
5881,"48,500,21"
5882,"131,134,40"
5883,"199,259,300"
5884,"82,38"
5885,"314,271"
5886,"220,242,221"
5887,"11,12,221"
5888,"49,24"
5889,"163,162,175"
5890,"64,38"
5891,"85,21"
5892,"366,209"
5893,"21,48"
5894,"239,129"
5895,"418,265"
5896,"17,18,21"
5897,"3,4"
5898,"115,3,21"
5899,"306,296,121"
5900,"131,40,226"
5901,"431,247"
5902,"135,4"
5903,"508,199"
5904,"74,118"
5905,"3,4"
5906,"11,44"
5907,"186,315"
5908,"170,131,169"
5909,"93,64"
5910,"212,279"
5911,"138,135"
5912,"145,105,106"
5913,"139,241,131"
5914,"265,308"
5915,"25,131"
5916,"131,226"
5917,"131,226,40"
5918,"128,77,195"
5919,"156,111,3"
5920,"44,69"
5921,"143,243"
5922,"354,216,304"
5923,"43,24"
5924,"265,218,0"
5925,"190,369,3"
5926,"64,448"
5927,"30,295"
5928,"48,430"
5929,"4,435"
5930,"199,169"
5931,"62,69"
5932,"93,64"
5933,"21,194,379"
5934,"4,3,227"
5935,"199,356,459"
5936,"509,65"
5937,"54,478"
5938,"231,38,47"
5939,"160,127,315"
5940,"403,212"
5941,"448,524,64"
5942,"4,99,3"
5943,"220,221"
5944,"4,7,3"
5945,"141,135"
5946,"38,107"
5947,"308,38"
5948,"220,242"
5949,"369,208"
5950,"44,145,402"
5951,"456,271"
5952,"199,91"
5953,"21,48,451"
5954,"40,41,131"
5955,"138,135"
5956,"156,21"
5957,"15,451"
5958,"36,33,21"
5959,"169,274,296"
5960,"194,3,76"
5961,"48,478,455"
5962,"21,3"
5963,"44,38,264"
5964,"148,53,528"
5965,"509,0,49"
5966,"131,226,40"
5967,"345,92"
5968,"15,16"
5969,"199,169"
5970,"145,38,91"
5971,"170,169"
5972,"43,24"
5973,"206,8"
5974,"21,187"
5975,"94,131"
5976,"135,219,21"
5977,"220,454"
5978,"17,18,21"
5979,"524,448,64"
5980,"242,123,8"
5981,"265,349"
5982,"304,271,195"
5983,"11,69"
5984,"199,38,169"
5985,"4,170,3"
5986,"41,160,186"
5987,"199,169"
5988,"231,26"
5989,"21,33"
5990,"170,21"
5991,"265,349,511"
5992,"212,484"
5993,"220,221"
5994,"40,131"
5995,"448,524"
5996,"4,3"
5997,"220,221"
5998,"331,5,3"
5999,"76,40"
6000,"181,43"
6001,"523,53"
6002,"111,105"
6003,"360,304,271"
6004,"511,82"
6005,"181,24,38"
6006,"131,241,40"
6007,"50,105"
6008,"21,199"
6009,"170,21,68"
6010,"65,43"
6011,"5,21"
6012,"93,64"
6013,"44,145,67"
6014,"21,3"
6015,"68,182"
6016,"21,194"
6017,"145,448,169"
6018,"218,387"
6019,"111,112"
6020,"43,181"
6021,"456,271,265"
6022,"206,8"
6023,"21,22"
6024,"206,8"
6025,"72,61"
6026,"21,3"
6027,"235,8"
6028,"156,3"
6029,"131,40,226"
6030,"21,104,30"
6031,"118,128"
6032,"348,255,280"
6033,"145,76"
6034,"53,30"
6035,"138,135"
6036,"402,145,44"
6037,"74,467"
6038,"231,26"
6039,"3,4"
6040,"160,152"
6041,"47,131"
6042,"305,111,243"
6043,"138,135"
6044,"279,521"
6045,"40,131"
6046,"220,221,242"
6047,"43,24"
6048,"44,62"
6049,"48,309"
6050,"303,165"
6051,"175,74,128"
6052,"65,15"
6053,"141,135"
6054,"195,169"
6055,"17,21"
6056,"21,76"
6057,"257,271"
6058,"143,159"
6059,"63,89"
6060,"186,128,208"
6061,"300,202"
6062,"241,131,78"
6063,"115,50"
6064,"141,21"
6065,"62,24"
6066,"104,30"
6067,"107,38"
6068,"248,199,241"
6069,"4,435,262"
6070,"3,4"
6071,"5,228,3"
6072,"0,349"
6073,"296,306"
6074,"53,3"
6075,"166,127,160"
6076,"72,145,44"
6077,"272,271"
6078,"131,241,406"
6079,"43,181"
6080,"65,0"
6081,"369,21,190"
6082,"304,216"
6083,"170,169,179"
6084,"89,26"
6085,"181,61,64"
6086,"315,160"
6087,"303,74"
6088,"49,239"
6089,"43,24"
6090,"93,64"
6091,"65,64"
6092,"323,508,199"
6093,"129,93,328"
6094,"478,31,77"
6095,"350,26"
6096,"21,111"
6097,"44,397,145"
6098,"4,3"
6099,"93,64"
6100,"8,206"
6101,"163,162"
6102,"145,448"
6103,"456,271"
6104,"170,169,248"
6105,"296,169,274"
6106,"208,53,403"
6107,"494,241"
6108,"72,65,12"
6109,"3,21"
6110,"72,109"
6111,"106,105"
6112,"139,241,131"
6113,"169,323,199"
6114,"220,221"
6115,"96,64,323"
6116,"279,212,304"
6117,"265,59,349"
6118,"89,26"
6119,"11,205"
6120,"206,369"
6121,"145,44"
6122,"15,451"
6123,"175,152,186"
6124,"21,17,3"
6125,"360,304"
6126,"3,30,42"
6127,"21,48,53"
6128,"186,128"
6129,"44,72"
6130,"21,42,30"
6131,"18,17"
6132,"139,21"
6133,"271,469,255"
6134,"65,64"
6135,"148,53"
6136,"44,11"
6137,"30,3"
6138,"21,3"
6139,"21,128"
6140,"21,5"
6141,"145,44,76"
6142,"93,64"
6143,"93,64"
6144,"44,231"
6145,"41,32,111"
6146,"44,45"
6147,"271,308,457"
6148,"143,17"
6149,"43,24"
6150,"21,28"
6151,"296,216,77"
6152,"199,169"
6153,"356,199"
6154,"96,258,31"
6155,"220,44,221"
6156,"290,53,99"
6157,"71,24,72"
6158,"96,239"
6159,"40,131,226"
6160,"346,313"
6161,"15,3"
6162,"127,152,151"
6163,"169,170,251"
6164,"311,169,426"
6165,"44,145,72"
6166,"170,169"
6167,"220,326"
6168,"402,43"
6169,"3,148,208"
6170,"4,19,331"
6171,"296,306,21"
6172,"21,53"
6173,"181,61"
6174,"113,467"
6175,"157,225,135"
6176,"151,315,152"
6177,"129,128,197"
6178,"99,15"
6179,"508,169,199"
6180,"127,152"
6181,"220,221"
6182,"59,82,44"
6183,"508,258,31"
6184,"231,103"
6185,"104,311,187"
6186,"18,17"
6187,"49,82"
6188,"43,24"
6189,"118,74"
6190,"350,26,231"
6191,"175,74,41"
6192,"199,169"
6193,"38,39"
6194,"303,23"
6195,"106,105"
6196,"156,21"
6197,"3,42,21"
6198,"118,500,4"
6199,"43,24"
6200,"367,21,28"
6201,"93,64"
6202,"199,169,223"
6203,"96,181"
6204,"160,152,315"
6205,"89,26"
6206,"448,64"
6207,"139,248,140"
6208,"145,370,44"
6209,"21,85"
6210,"235,8"
6211,"22,21"
6212,"185,184,243"
6213,"308,26,89"
6214,"15,16"
6215,"12,11"
6216,"44,64,335"
6217,"77,216"
6218,"43,24"
6219,"40,166"
6220,"220,18,221"
6221,"366,271"
6222,"4,3"
6223,"40,131"
6224,"93,64"
6225,"220,64,145"
6226,"220,242,221"
6227,"65,64"
6228,"128,130"
6229,"187,21"
6230,"209,257,291"
6231,"265,276"
6232,"105,50"
6233,"360,214"
6234,"296,21"
6235,"170,21"
6236,"30,42"
6237,"128,130"
6238,"44,23,38"
6239,"44,62"
6240,"171,170"
6241,"368,131,226"
6242,"217,15"
6243,"21,3,28"
6244,"171,134,284"
6245,"309,21,40"
6246,"169,323,199"
6247,"21,53"
6248,"169,274"
6249,"110,253"
6250,"151,315,159"
6251,"216,0,257"
6252,"48,42"
6253,"53,3"
6254,"220,53,24"
6255,"180,147,111"
6256,"138,243"
6257,"255,462"
6258,"309,48"
6259,"346,313"
6260,"105,106"
6261,"184,185"
6262,"279,521"
6263,"135,41"
6264,"260,199,508"
6265,"93,64,454"
6266,"21,41"
6267,"21,41,263"
6268,"227,4"
6269,"30,41,81"
6270,"185,184"
6271,"21,170"
6272,"21,147,148"
6273,"451,21"
6274,"69,11"
6275,"3,21"
6276,"213,271,214"
6277,"44,11"
6278,"345,169"
6279,"17,18"
6280,"271,360"
6281,"375,4,70"
6282,"4,227"
6283,"234,127"
6284,"3,4"
6285,"435,4,3"
6286,"348,280,265"
6287,"93,64"
6288,"171,169,170"
6289,"286,41,42"
6290,"32,258,72"
6291,"131,466"
6292,"49,43,258"
6293,"21,34"
6294,"15,182"
6295,"44,456"
6296,"287,53"
6297,"206,8"
6298,"138,135"
6299,"11,69"
6300,"159,166"
6301,"199,494"
6302,"208,369,206"
6303,"454,31,245"
6304,"456,355"
6305,"44,62"
6306,"356,169"
6307,"81,48,345"
6308,"11,44,54"
6309,"21,127"
6310,"43,24"
6311,"72,44"
6312,"49,32"
6313,"199,169,76"
6314,"44,145"
6315,"118,500"
6316,"85,53"
6317,"44,64"
6318,"448,64"
6319,"64,65"
6320,"474,199,30"
6321,"24,43"
6322,"65,64"
6323,"44,72,145"
6324,"199,21"
6325,"128,130"
6326,"199,169"
6327,"4,7,176"
6328,"171,170"
6329,"220,326"
6330,"17,18,58"
6331,"4,3"
6332,"32,31,38"
6333,"239,49,21"
6334,"145,54,258"
6335,"82,38"
6336,"287,53"
6337,"150,190,13"
6338,"15,53,16"
6339,"38,240"
6340,"301,21,3"
6341,"14,13"
6342,"44,62"
6343,"181,43"
6344,"456,271,26"
6345,"206,265"
6346,"76,40,145"
6347,"220,221,326"
6348,"199,143,63"
6349,"53,99"
6350,"248,139,169"
6351,"152,315,186"
6352,"265,59"
6353,"255,462"
6354,"21,303,124"
6355,"54,145"
6356,"143,34,451"
6357,"96,31"
6358,"4,3"
6359,"283,74"
6360,"208,453,128"
6361,"169,274,296"
6362,"43,24,93"
6363,"41,111"
6364,"21,30,3"
6365,"283,184,185"
6366,"128,130"
6367,"258,31,96"
6368,"454,220"
6369,"111,42,119"
6370,"11,44"
6371,"430,53"
6372,"212,279"
6373,"41,42"
6374,"220,242"
6375,"131,226,40"
6376,"21,34"
6377,"49,309,165"
6378,"184,185"
6379,"21,53"
6380,"265,349"
6381,"456,271"
6382,"457,170"
6383,"220,221,242"
6384,"42,41,21"
6385,"62,69"
6386,"457,218,8"
6387,"199,169"
6388,"206,8"
6389,"523,53,3"
6390,"74,317"
6391,"242,145,43"
6392,"91,38"
6393,"199,187"
6394,"145,76"
6395,"370,169,199"
6396,"243,135,184"
6397,"199,169"
6398,"348,271,280"
6399,"220,508,308"
6400,"11,17,69"
6401,"399,265"
6402,"147,53"
6403,"301,21,3"
6404,"181,43"
6405,"43,242"
6406,"369,206"
6407,"145,146"
6408,"111,284,53"
6409,"265,218"
6410,"190,3"
6411,"91,89"
6412,"15,16"
6413,"44,45,478"
6414,"250,187,21"
6415,"3,30,200"
6416,"4,435,3"
6417,"243,175,74"
6418,"170,184"
6419,"40,131"
6420,"135,138"
6421,"4,3"
6422,"250,76,131"
6423,"169,170"
6424,"448,64"
6425,"204,21"
6426,"235,8,453"
6427,"478,241,76"
6428,"523,53"
6429,"131,226,40"
6430,"8,285,410"
6431,"199,169"
6432,"265,59,205"
6433,"49,239"
6434,"26,346"
6435,"185,184"
6436,"107,38"
6437,"128,175"
6438,"148,36"
6439,"18,17"
6440,"143,131,159"
6441,"26,271"
6442,"199,1"
6443,"107,38"
6444,"93,64"
6445,"4,389"
6446,"185,184"
6447,"4,19"
6448,"22,414,419"
6449,"17,168"
6450,"199,169,131"
6451,"135,76"
6452,"39,38"
6453,"206,128,8"
6454,"44,145"
6455,"44,145"
6456,"82,8"
6457,"15,16,194"
6458,"49,396"
6459,"170,21"
6460,"448,64,524"
6461,"456,271"
6462,"220,242"
6463,"113,467"
6464,"31,32"
6465,"115,21"
6466,"43,181"
6467,"199,223,169"
6468,"181,43"
6469,"241,131,155"
6470,"229,230"
6471,"222,13"
6472,"43,24"
6473,"147,53"
6474,"523,53"
6475,"131,226,40"
6476,"41,21,42"
6477,"128,195"
6478,"199,169"
6479,"21,41"
6480,"482,214"
6481,"155,139,241"
6482,"296,115"
6483,"41,149,151"
6484,"96,402,328"
6485,"0,216"
6486,"265,0"
6487,"3,15"
6488,"134,131"
6489,"131,241,23"
6490,"267,21"
6491,"218,456,457"
6492,"170,169,311"
6493,"28,367"
6494,"93,64"
6495,"296,306"
6496,"335,64"
6497,"170,241,131"
6498,"206,8"
6499,"169,199"
6500,"71,44,72"
6501,"15,85"
6502,"206,369"
6503,"77,31"
6504,"220,221"
6505,"90,64"
6506,"304,314"
6507,"135,21"
6508,"69,62"
6509,"129,128"
6510,"44,43,145"
6511,"21,22"
6512,"282,111"
6513,"337,339"
6514,"11,44"
6515,"220,221"
6516,"11,44"
6517,"402,303"
6518,"11,69"
6519,"303,74"
6520,"40,131,193"
6521,"137,145,370"
6522,"523,53"
6523,"4,21"
6524,"145,264"
6525,"170,171,169"
6526,"170,169,199"
6527,"160,127"
6528,"28,3,30"
6529,"21,451,22"
6530,"21,42"
6531,"131,65"
6532,"89,26"
6533,"4,7,3"
6534,"431,199"
6535,"106,326"
6536,"123,111"
6537,"111,435"
6538,"85,108,21"
6539,"129,128"
6540,"145,402"
6541,"128,195,129"
6542,"170,169"
6543,"220,326,428"
6544,"21,22,108"
6545,"309,38"
6546,"335,524,64"
6547,"36,21"
6548,"315,127,160"
6549,"186,128,41"
6550,"40,131"
6551,"271,346"
6552,"370,44,145"
6553,"93,64"
6554,"220,221"
6555,"111,112,41"
6556,"205,59"
6557,"170,171"
6558,"32,31"
6559,"306,296"
6560,"431,21"
6561,"322,306,64"
6562,"336,169"
6563,"62,193,131"
6564,"74,243"
6565,"38,71"
6566,"139,140,194"
6567,"21,111"
6568,"17,18"
6569,"199,169"
6570,"2,271,0"
6571,"8,235"
6572,"103,38"
6573,"89,26"
6574,"49,53"
6575,"111,41"
6576,"337,169"
6577,"72,12"
6578,"279,2"
6579,"431,169,259"
6580,"264,38,44"
6581,"49,418"
6582,"131,226,40"
6583,"42,21"
6584,"151,494,152"
6585,"303,137"
6586,"15,16"
6587,"43,24"
6588,"220,326"
6589,"199,187,21"
6590,"231,103"
6591,"128,241"
6592,"139,241,140"
6593,"220,326"
6594,"145,502"
6595,"63,38"
6596,"31,454,290"
6597,"36,33,21"
6598,"4,7"
6599,"220,221"
6600,"91,38"
6601,"44,11"
6602,"21,296"
6603,"448,322,64"
6604,"41,21"
6605,"21,199,68"
6606,"523,53"
6607,"431,199"
6608,"118,231"
6609,"93,64"
6610,"148,147"
6611,"271,265"
6612,"21,48"
6613,"11,59"
6614,"170,21"
6615,"138,135"
6616,"3,4"
6617,"241,131,406"
6618,"128,163"
6619,"17,18,21"
6620,"21,3"
6621,"264,44,38"
6622,"304,254"
6623,"206,369"
6624,"243,170"
6625,"12,11"
6626,"138,135"
6627,"21,108"
6628,"220,454"
6629,"331,5"
6630,"26,89"
6631,"475,255"
6632,"21,187"
6633,"2,434"
6634,"105,287,451"
6635,"107,38,92"
6636,"308,350,231"
6637,"385,85"
6638,"308,38"
6639,"64,448,524"
6640,"30,147"
6641,"2,434"
6642,"100,222,401"
6643,"38,303,76"
6644,"21,127"
6645,"231,26,308"
6646,"44,145,264"
6647,"171,170"
6648,"274,169,199"
6649,"4,64"
6650,"199,91,169"
6651,"43,65"
6652,"41,21"
6653,"82,38"
6654,"317,201,74"
6655,"21,81,30"
6656,"141,42"
6657,"240,38"
6658,"199,21"
6659,"21,187"
6660,"220,242,221"
6661,"43,24"
6662,"402,145"
6663,"128,76,145"
6664,"220,326,327"
6665,"21,53"
6666,"397,0"
6667,"15,16"
6668,"131,226,40"
6669,"131,184,241"
6670,"61,181"
6671,"26,89"
6672,"391,8"
6673,"242,131"
6674,"0,265"
6675,"96,31,258"
6676,"93,64"
6677,"199,248,169"
6678,"195,5,385"
6679,"206,8"
6680,"279,249,521"
6681,"21,64,48"
6682,"54,145"
6683,"448,524,64"
6684,"21,3"
6685,"138,135"
6686,"160,315"
6687,"21,200,296"
6688,"44,370"
6689,"272,271"
6690,"145,105"
6691,"21,40,194"
6692,"431,199"
6693,"21,33"
6694,"271,280,265"
6695,"451,148"
6696,"3,111"
6697,"111,53,68"
6698,"131,241,406"
6699,"85,3"
6700,"111,3"
6701,"12,11"
6702,"250,135,40"
6703,"220,221"
6704,"21,13"
6705,"38,103,231"
6706,"14,122,13"
6707,"106,24"
6708,"15,451"
6709,"181,24"
6710,"350,26"
6711,"181,43"
6712,"21,108"
6713,"199,343"
6714,"38,137"
6715,"199,143"
6716,"220,221"
6717,"43,24"
6718,"391,8"
6719,"308,384"
6720,"94,131"
6721,"44,264,26"
6722,"44,145"
6723,"38,47,231"
6724,"220,221"
6725,"241,131"
6726,"282,171"
6727,"424,271"
6728,"15,523"
6729,"131,40,226"
6730,"475,360"
6731,"171,134"
6732,"21,187"
6733,"528,21"
6734,"62,44"
6735,"89,26"
6736,"197,241"
6737,"402,145,44"
6738,"220,221"
6739,"156,85"
6740,"206,8"
6741,"199,170,169"
6742,"59,44"
6743,"220,18,233"
6744,"82,206"
6745,"190,13"
6746,"506,74,303"
6747,"43,32"
6748,"21,17"
6749,"7,3"
6750,"3,4"
6751,"209,77,143"
6752,"127,21"
6753,"127,21"
6754,"140,139"
6755,"296,306"
6756,"220,221"
6757,"48,169"
6758,"3,4,21"
6759,"33,36,111"
6760,"26,89"
6761,"12,11"
6762,"199,248,250"
6763,"231,26"
6764,"81,48"
6765,"3,111,21"
6766,"456,271"
6767,"44,25"
6768,"220,78"
6769,"199,169"
6770,"528,33,317"
6771,"0,279,271"
6772,"118,107"
6773,"143,166,159"
6774,"21,200,53"
6775,"375,4"
6776,"17,18"
6777,"296,306"
6778,"129,128"
6779,"456,271,409"
6780,"17,18"
6781,"131,40"
6782,"231,118"
6783,"199,169,259"
6784,"44,264"
6785,"208,314"
6786,"220,145"
6787,"40,131,226"
6788,"402,239"
6789,"306,296"
6790,"206,82"
6791,"322,283"
6792,"235,8"
6793,"220,265"
6794,"49,239"
6795,"26,271"
6796,"431,199"
6797,"63,38"
6798,"21,187,127"
6799,"4,435,364"
6800,"4,435"
6801,"382,354,71"
6802,"121,190"
6803,"456,271"
6804,"90,64"
6805,"303,99"
6806,"25,145"
6807,"337,169"
6808,"270,296"
6809,"4,3"
6810,"199,348"
6811,"127,234,21"
6812,"21,3"
6813,"170,21"
6814,"4,3"
6815,"11,72,12"
6816,"127,160"
6817,"199,169"
6818,"28,113"
6819,"21,164"
6820,"348,265"
6821,"209,213,359"
6822,"87,128"
6823,"128,41"
6824,"399,363,271"
6825,"64,448"
6826,"431,199"
6827,"131,226,40"
6828,"304,360"
6829,"43,231"
6830,"32,308"
6831,"181,43"
6832,"508,170,169"
6833,"21,68,53"
6834,"53,523"
6835,"135,295"
6836,"4,19"
6837,"64,65"
6838,"155,248,241"
6839,"165,74,175"
6840,"220,242"
6841,"274,111"
6842,"24,43"
6843,"82,38"
6844,"286,41"
6845,"456,271"
6846,"402,145"
6847,"187,34"
6848,"65,0,509"
6849,"43,24"
6850,"21,22"
6851,"220,242"
6852,"145,448,322"
6853,"206,53,454"
6854,"71,145"
6855,"21,3"
6856,"53,287,42"
6857,"15,16"
6858,"206,8"
6859,"271,457"
6860,"356,199,343"
6861,"356,199"
6862,"36,33"
6863,"44,45,145"
6864,"12,11"
6865,"163,162"
6866,"169,274,296"
6867,"64,239"
6868,"456,271"
6869,"65,64"
6870,"157,113"
6871,"159,166"
6872,"131,40,226"
6873,"44,308"
6874,"271,213,351"
6875,"350,271,26"
6876,"259,199"
6877,"89,26,289"
6878,"170,337"
6879,"21,42,3"
6880,"206,8,360"
6881,"220,221"
6882,"199,281,260"
6883,"181,43"
6884,"350,26"
6885,"420,296"
6886,"135,307,244"
6887,"181,43"
6888,"21,127"
6889,"44,11"
6890,"399,363"
6891,"106,226,131"
6892,"350,26"
6893,"214,271,26"
6894,"38,240,26"
6895,"43,24"
6896,"194,128,208"
6897,"265,365"
6898,"105,50"
6899,"128,130"
6900,"500,63"
6901,"11,205"
6902,"199,91"
6903,"220,221"
6904,"38,91,39"
6905,"105,318"
6906,"303,74"
6907,"15,3"
6908,"118,107"
6909,"145,44"
6910,"391,8"
6911,"15,16"
6912,"171,169"
6913,"131,40,226"
6914,"206,8"
6915,"206,8"
6916,"317,74"
6917,"131,241"
6918,"96,328,49"
6919,"4,375,70"
6920,"3,4"
6921,"220,221"
6922,"3,4"
6923,"118,4,38"
6924,"303,350,74"
6925,"77,216"
6926,"26,89,457"
6927,"220,221"
6928,"214,213,482"
6929,"181,94"
6930,"121,217"
6931,"524,64,335"
6932,"152,151"
6933,"169,199,251"
6934,"242,220"
6935,"85,86"
6936,"186,194,128"
6937,"145,54"
6938,"275,111"
6939,"44,45"
6940,"165,74"
6941,"265,418"
6942,"145,54"
6943,"171,170"
6944,"4,3"
6945,"106,105"
6946,"195,507,170"
6947,"285,8,0"
6948,"156,21,3"
6949,"5,57,228"
6950,"4,375"
6951,"93,239"
6952,"49,396,24"
6953,"21,311"
6954,"220,221"
6955,"448,64"
6956,"220,265"
6957,"15,16"
6958,"220,221"
6959,"199,169"
6960,"30,3"
6961,"296,21"
6962,"44,145"
6963,"4,7"
6964,"241,131"
6965,"199,223"
6966,"89,26"
6967,"38,26"
6968,"366,370"
6969,"49,96,239"
6970,"17,3,21"
6971,"21,42"
6972,"131,368,78"
6973,"44,264,38"
6974,"71,128,165"
6975,"170,169,171"
6976,"220,221"
6977,"21,190"
6978,"21,325,53"
6979,"206,8"
6980,"36,21"
6981,"220,64"
6982,"323,169,199"
6983,"93,64"
6984,"41,40,149"
6985,"139,21,41"
6986,"43,199"
6987,"199,169,417"
6988,"160,41"
6989,"170,169"
6990,"170,508,169"
6991,"199,169"
6992,"41,21"
6993,"296,306"
6994,"38,309"
6995,"4,435"
6996,"21,187,199"
6997,"185,184"
6998,"134,169"
6999,"134,131"
7000,"93,64"
7001,"90,64"
7002,"195,77"
7003,"93,64"
7004,"21,17"
7005,"163,128"
7006,"371,296,300"
7007,"243,41"
7008,"451,3,148"
7009,"4,3"
7010,"4,188"
7011,"131,40,226"
7012,"53,21"
7013,"175,165,128"
7014,"399,363"
7015,"32,31"
7016,"44,145"
7017,"399,265"
7018,"17,139,320"
7019,"53,68"
7020,"500,74"
7021,"258,508,31"
7022,"215,40"
7023,"72,12,65"
7024,"39,82,38"
7025,"182,111"
7026,"21,296"
7027,"231,44"
7028,"351,271"
7029,"489,90"
7030,"41,21"
7031,"430,467,15"
7032,"168,18,21"
7033,"89,26"
7034,"271,272"
7035,"110,253"
7036,"44,11"
7037,"263,34"
7038,"185,184"
7039,"12,11"
7040,"507,195,169"
7041,"303,328,382"
7042,"181,43"
7043,"93,64"
7044,"43,24"
7045,"138,135"
7046,"44,197"
7047,"44,145"
7048,"21,3,200"
7049,"139,21,250"
7050,"199,223"
7051,"169,274"
7052,"350,26"
7053,"220,454"
7054,"41,160,315"
7055,"507,195,311"
7056,"242,44"
7057,"206,308"
7058,"99,53"
7059,"23,38"
7060,"190,30,3"
7061,"375,3"
7062,"143,159,317"
7063,"169,199"
7064,"89,23,26"
7065,"145,128"
7066,"291,271"
7067,"220,145"
7068,"199,143,382"
7069,"206,82"
7070,"74,92"
7071,"371,296"
7072,"38,137,175"
7073,"137,326"
7074,"49,21"
7075,"242,145,43"
7076,"348,265"
7077,"402,43,145"
7078,"74,16,165"
7079,"170,169"
7080,"17,18"
7081,"44,264"
7082,"493,326,87"
7083,"171,134,169"
7084,"235,453"
7085,"287,53,111"
7086,"82,38"
7087,"91,38"
7088,"43,24"
7089,"148,21"
7090,"4,3"
7091,"93,64"
7092,"105,326,50"
7093,"41,143"
7094,"21,3,13"
7095,"145,44,54"
7096,"41,21"
7097,"220,221"
7098,"21,111"
7099,"258,508,31"
7100,"218,501,313"
7101,"32,31"
7102,"44,231"
7103,"296,49"
7104,"303,74"
7105,"186,152"
7106,"44,145"
7107,"49,384"
7108,"72,44"
7109,"48,81"
7110,"12,65"
7111,"118,38"
7112,"195,169,274"
7113,"245,31"
7114,"48,309"
7115,"26,350,231"
7116,"145,258"
7117,"43,24"
7118,"25,242"
7119,"131,40,76"
7120,"128,129"
7121,"44,145"
7122,"235,453,8"
7123,"138,135"
7124,"21,33"
7125,"96,31"
7126,"170,169"
7127,"21,250"
7128,"220,326"
7129,"93,64"
7130,"111,53"
7131,"199,223,169"
7132,"65,43"
7133,"271,209,314"
7134,"335,64,72"
7135,"271,26"
7136,"170,169,199"
7137,"265,49"
7138,"435,182"
7139,"267,21"
7140,"21,124"
7141,"76,38"
7142,"105,50,326"
7143,"220,169"
7144,"199,169"
7145,"296,170"
7146,"165,74"
7147,"456,271"
7148,"40,128"
7149,"146,185,184"
7150,"187,199,21"
7151,"21,199"
7152,"199,169,131"
7153,"21,199"
7154,"206,8"
7155,"44,264"
7156,"41,111"
7157,"227,4"
7158,"199,21,169"
7159,"87,175,128"
7160,"186,160"
7161,"77,241"
7162,"171,170"
7163,"502,53,42"
7164,"41,286"
7165,"170,260,169"
7166,"21,311"
7167,"62,247"
7168,"447,21"
7169,"21,127"
7170,"44,271"
7171,"315,160"
7172,"149,41,160"
7173,"4,3"
7174,"235,453,8"
7175,"15,16"
7176,"360,0"
7177,"21,30,32"
7178,"462,255"
7179,"199,169"
7180,"138,135"
7181,"241,131,78"
7182,"186,128"
7183,"231,38"
7184,"296,371"
7185,"402,145"
7186,"402,145"
7187,"99,3,178"
7188,"43,24"
7189,"220,111"
7190,"53,325"
7191,"30,48"
7192,"64,24"
7193,"131,226,40"
7194,"128,129"
7195,"456,409,271"
7196,"315,160"
7197,"65,258"
7198,"286,139,41"
7199,"44,264"
7200,"456,26,271"
7201,"76,135"
7202,"93,64"
7203,"212,279"
7204,"199,343,169"
7205,"54,145"
7206,"402,145"
7207,"212,104"
7208,"21,69"
7209,"44,145"
7210,"3,435,4"
7211,"15,451"
7212,"4,262,435"
7213,"129,128"
7214,"43,24"
7215,"448,80,64"
7216,"287,21,53"
7217,"138,135"
7218,"431,169,199"
7219,"93,64,239"
7220,"220,221"
7221,"50,105"
7222,"44,264"
7223,"343,199"
7224,"220,221"
7225,"199,135"
7226,"21,3"
7227,"53,99,467"
7228,"204,21"
7229,"131,193,40"
7230,"85,301"
7231,"241,76,250"
7232,"169,0,199"
7233,"303,38"
7234,"447,34,17"
7235,"32,31,226"
7236,"220,454"
7237,"44,468,145"
7238,"21,108"
7239,"50,105"
7240,"190,17,3"
7241,"199,426,21"
7242,"451,15,16"
7243,"131,169,199"
7244,"13,150,190"
7245,"3,21"
7246,"160,17"
7247,"30,3"
7248,"283,146"
7249,"38,87"
7250,"21,199"
7251,"156,5,22"
7252,"21,190"
7253,"258,31,508"
7254,"128,130"
7255,"44,145"
7256,"140,139,153"
7257,"111,81,48"
7258,"139,17,241"
7259,"265,349"
7260,"43,24"
7261,"3,21,5"
7262,"478,169,96"
7263,"468,131,163"
7264,"366,370"
7265,"170,169"
7266,"38,240,91"
7267,"456,429,271"
7268,"3,21,30"
7269,"199,343,356"
7270,"50,105"
7271,"21,187"
7272,"170,21"
7273,"135,141"
7274,"53,187,21"
7275,"456,271"
7276,"103,231"
7277,"43,181"
7278,"78,131,260"
7279,"40,151,152"
7280,"17,18"
7281,"4,7,3"
7282,"49,396"
7283,"44,145"
7284,"522,271,21"
7285,"156,3"
7286,"265,273"
7287,"337,169"
7288,"287,115"
7289,"199,169"
7290,"70,4"
7291,"145,146"
7292,"32,89"
7293,"21,127"
7294,"241,131"
7295,"21,3,265"
7296,"206,369"
7297,"49,265,24"
7298,"340,265"
7299,"318,105,78"
7300,"44,11"
7301,"93,64"
7302,"337,339"
7303,"72,11,12"
7304,"337,339"
7305,"145,44,264"
7306,"17,248,18"
7307,"345,92"
7308,"181,43"
7309,"230,229,53"
7310,"30,41"
7311,"3,4"
7312,"12,11"
7313,"43,24,219"
7314,"348,265"
7315,"271,360"
7316,"131,47,78"
7317,"451,36,111"
7318,"62,430"
7319,"417,296"
7320,"74,192"
7321,"135,286"
7322,"40,131,193"
7323,"187,21"
7324,"77,31"
7325,"271,522"
7326,"231,26"
7327,"21,396,124"
7328,"431,199"
7329,"456,271"
7330,"17,168,190"
7331,"32,258,336"
7332,"41,21"
7333,"129,128"
7334,"271,424"
7335,"199,169"
7336,"199,281,260"
7337,"38,74,303"
7338,"181,61,64"
7339,"128,130"
7340,"15,17"
7341,"38,308"
7342,"186,41,315"
7343,"36,21"
7344,"171,169"
7345,"21,127"
7346,"123,111"
7347,"104,187"
7348,"231,26"
7349,"21,48"
7350,"283,146"
7351,"265,279,481"
7352,"65,25"
7353,"131,226,76"
7354,"340,265,349"
7355,"239,93"
7356,"5,6"
7357,"343,170,199"
7358,"111,22,21"
7359,"21,111"
7360,"206,128"
7361,"367,100,21"
7362,"131,40,226"
7363,"70,4"
7364,"36,35"
7365,"64,448"
7366,"436,311,339"
7367,"118,76"
7368,"286,41"
7369,"131,241"
7370,"220,402"
7371,"212,145"
7372,"15,3"
7373,"111,53"
7374,"22,21"
7375,"175,137,38"
7376,"44,145"
7377,"65,44,43"
7378,"128,129"
7379,"3,4"
7380,"169,199"
7381,"21,41"
7382,"220,287"
7383,"21,187"
7384,"457,218"
7385,"212,279,211"
7386,"4,19"
7387,"12,11"
7388,"49,197,60"
7389,"32,3"
7390,"21,53"
7391,"129,128"
7392,"402,44,64"
7393,"131,134,77"
7394,"82,8,64"
7395,"96,31"
7396,"170,169"
7397,"3,4,28"
7398,"220,221"
7399,"89,26"
7400,"44,145,11"
7401,"105,50,21"
7402,"524,448"
7403,"454,370,493"
7404,"250,76,139"
7405,"65,64"
7406,"241,41"
7407,"279,249,521"
7408,"248,139"
7409,"43,24"
7410,"21,187"
7411,"163,162"
7412,"135,139,244"
7413,"451,50"
7414,"156,147"
7415,"44,145"
7416,"145,54"
7417,"259,199"
7418,"40,131"
7419,"395,38,396"
7420,"509,65"
7421,"21,187"
7422,"199,265"
7423,"64,90"
7424,"82,265"
7425,"21,190"
7426,"11,65"
7427,"265,276"
7428,"85,3"
7429,"44,199"
7430,"161,41,111"
7431,"350,231,26"
7432,"459,374"
7433,"113,467"
7434,"199,111,431"
7435,"395,131"
7436,"21,36"
7437,"43,65,64"
7438,"456,409"
7439,"220,106"
7440,"350,26"
7441,"12,11"
7442,"199,260"
7443,"11,12,221"
7444,"199,343"
7445,"38,192,494"
7446,"26,38"
7447,"96,31"
7448,"21,53"
7449,"49,96,31"
7450,"21,22"
7451,"21,33"
7452,"264,44"
7453,"21,53"
7454,"89,457"
7455,"4,3"
7456,"296,274,169"
7457,"64,65"
7458,"62,430,53"
7459,"44,145,64"
7460,"26,350"
7461,"17,18"
7462,"49,239"
7463,"21,187"
7464,"374,138"
7465,"21,379,194"
7466,"131,241"
7467,"206,8"
7468,"303,74"
7469,"3,17,4"
7470,"31,96,134"
7471,"63,166"
7472,"61,199,181"
7473,"199,96,169"
7474,"271,522"
7475,"18,17"
7476,"160,315"
7477,"138,135"
7478,"64,43"
7479,"399,363"
7480,"21,42"
7481,"72,12"
7482,"170,169"
7483,"287,53"
7484,"457,387"
7485,"64,524,335"
7486,"370,212"
7487,"134,131"
7488,"347,255"
7489,"47,128"
7490,"21,3,200"
7491,"41,21,201"
7492,"175,128"
7493,"220,25"
7494,"49,265,510"
7495,"48,309,64"
7496,"41,21"
7497,"220,326"
7498,"26,350"
7499,"199,169,248"
7500,"4,3,19"
7501,"271,424"
7502,"11,44,59"
7503,"271,26,456"
7504,"508,454,31"
7505,"169,145"
7506,"74,118"
7507,"53,435"
7508,"171,170"
7509,"354,175,243"
7510,"15,334,111"
7511,"175,243,128"
7512,"199,169,179"
7513,"93,239"
7514,"32,89"
7515,"42,404"
7516,"21,48"
7517,"199,382,143"
7518,"131,159,40"
7519,"248,139"
7520,"220,242"
7521,"38,26,82"
7522,"25,44"
7523,"170,169"
7524,"271,265"
7525,"131,78"
7526,"3,523"
7527,"241,131"
7528,"3,262"
7529,"170,184,169"
7530,"181,43"
7531,"11,65"
7532,"437,283,145"
7533,"17,3,4"
7534,"15,16"
7535,"25,53,44"
7536,"64,65"
7537,"36,41"
7538,"34,447"
7539,"206,38,87"
7540,"189,135"
7541,"431,199,21"
7542,"21,127"
7543,"32,258"
7544,"366,209"
7545,"68,187"
7546,"308,446"
7547,"49,402"
7548,"484,218,255"
7549,"145,44"
7550,"153,401"
7551,"449,372"
7552,"21,199"
7553,"15,16"
7554,"90,64"
7555,"220,326,221"
7556,"290,53,93"
7557,"4,3,170"
7558,"21,135,42"
7559,"459,170"
7560,"94,44"
7561,"3,30"
7562,"199,169"
7563,"43,181"
7564,"15,53"
7565,"234,11"
7566,"220,145"
7567,"206,8"
7568,"220,221"
7569,"121,190"
7570,"93,64"
7571,"42,41"
7572,"71,44"
7573,"220,455"
7574,"21,215"
7575,"38,440,308"
7576,"4,3"
7577,"241,78,131"
7578,"169,170"
7579,"124,72"
7580,"82,454"
7581,"44,38"
7582,"0,216"
7583,"15,451"
7584,"241,131,76"
7585,"21,3"
7586,"21,528,36"
7587,"43,24"
7588,"30,3"
7589,"44,264"
7590,"3,30,21"
7591,"135,300"
7592,"3,148"
7593,"4,3"
7594,"15,53"
7595,"304,208"
7596,"43,24"
7597,"220,145"
7598,"382,111,114"
7599,"345,199"
7600,"199,260"
7601,"43,24"
7602,"242,130,165"
7603,"96,31"
7604,"137,23,38"
7605,"399,363"
7606,"350,26"
7607,"156,3,4"
7608,"220,221"
7609,"49,239"
7610,"357,424"
7611,"21,30"
7612,"65,64"
7613,"0,216"
7614,"12,11"
7615,"271,456"
7616,"220,145,8"
7617,"145,44"
7618,"190,56"
7619,"105,50"
7620,"181,43"
7621,"72,11"
7622,"239,49"
7623,"53,523"
7624,"171,169,170"
7625,"218,457,387"
7626,"15,3,53"
7627,"17,18,168"
7628,"21,41,42"
7629,"186,152,315"
7630,"405,296,336"
7631,"53,111,21"
7632,"43,24"
7633,"220,370"
7634,"89,26"
7635,"170,21"
7636,"239,93,96"
7637,"31,245"
7638,"152,127,151"
7639,"21,41,42"
7640,"49,239"
7641,"290,111"
7642,"476,279"
7643,"521,279"
7644,"21,170"
7645,"317,74"
7646,"228,5"
7647,"255,462"
7648,"175,38"
7649,"516,0"
7650,"300,371"
7651,"220,221"
7652,"160,302"
7653,"300,21,296"
7654,"64,145,448"
7655,"89,26"
7656,"43,24"
7657,"15,3,16"
7658,"137,38"
7659,"21,305"
7660,"190,56,53"
7661,"21,131"
7662,"220,221"
7663,"71,72"
7664,"323,170"
7665,"40,131,166"
7666,"431,199"
7667,"17,168"
7668,"111,147"
7669,"5,228"
7670,"348,280"
7671,"171,169"
7672,"402,220"
7673,"220,11"
7674,"459,170"
7675,"43,93"
7676,"195,128"
7677,"31,258,454"
7678,"43,242"
7679,"21,111"
7680,"21,41"
7681,"171,169"
7682,"40,131"
7683,"26,89,231"
7684,"21,3"
7685,"454,296,220"
7686,"265,349"
7687,"176,474,111"
7688,"138,135"
7689,"53,21"
7690,"21,305"
7691,"138,135"
7692,"241,131"
7693,"64,335,65"
7694,"18,17"
7695,"269,145,397"
7696,"216,0,208"
7697,"28,30"
7698,"135,141"
7699,"49,32"
7700,"131,170,155"
7701,"131,193"
7702,"195,199,169"
7703,"93,64"
7704,"82,89"
7705,"195,5"
7706,"275,111"
7707,"156,21"
7708,"25,206"
7709,"128,130"
7710,"315,127,160"
7711,"38,308"
7712,"511,21"
7713,"165,74"
7714,"26,350"
7715,"43,24"
7716,"169,311,287"
7717,"128,53,111"
7718,"44,64"
7719,"5,435"
7720,"131,40"
7721,"64,448"
7722,"41,21"
7723,"118,32"
7724,"287,53,128"
7725,"145,402,54"
7726,"42,21"
7727,"448,402"
7728,"283,146"
7729,"139,248,250"
7730,"139,21"
7731,"171,170"
7732,"190,521"
7733,"279,249,89"
7734,"524,448"
7735,"61,24"
7736,"135,326,189"
7737,"188,30"
7738,"315,160,127"
7739,"18,17"
7740,"77,24"
7741,"290,111,93"
7742,"3,4"
7743,"21,367,148"
7744,"447,21"
7745,"21,3"
7746,"41,186,21"
7747,"21,30"
7748,"231,26,308"
7749,"164,21"
7750,"437,322,96"
7751,"4,7,3"
7752,"255,359"
7753,"21,139,48"
7754,"265,384"
7755,"17,18"
7756,"21,296"
7757,"508,258"
7758,"32,89"
7759,"454,508"
7760,"38,82"
7761,"348,280"
7762,"145,448,402"
7763,"89,271,26"
7764,"26,118"
7765,"15,16,176"
7766,"93,64"
7767,"17,18,11"
7768,"15,17,16"
7769,"135,295,236"
7770,"111,306"
7771,"21,451,120"
7772,"30,76"
7773,"145,169,448"
7774,"271,458,1"
7775,"8,235"
7776,"523,53"
7777,"38,240"
7778,"131,134,40"
7779,"326,48"
7780,"69,11"
7781,"21,148"
7782,"165,74"
7783,"199,169,223"
7784,"4,188"
7785,"220,221"
7786,"267,21,111"
7787,"91,38"
7788,"346,313"
7789,"308,26,38"
7790,"38,240,91"
7791,"11,62,69"
7792,"41,21"
7793,"76,21"
7794,"220,91"
7795,"123,111"
7796,"220,242"
7797,"145,169,199"
7798,"296,111"
7799,"39,38"
7800,"241,131"
7801,"72,44"
7802,"131,382"
7803,"62,69"
7804,"17,18"
7805,"21,3,53"
7806,"166,40,131"
7807,"53,21"
7808,"105,50"
7809,"11,69"
7810,"265,208"
7811,"21,3"
7812,"11,221"
7813,"199,169,179"
7814,"134,169"
7815,"41,139"
7816,"139,241"
7817,"90,64,65"
7818,"21,18,99"
7819,"21,164"
7820,"43,24"
7821,"71,243"
7822,"271,265,209"
7823,"44,62"
7824,"15,53"
7825,"53,287,99"
7826,"431,259,447"
7827,"265,438"
7828,"89,26,76"
7829,"457,218"
7830,"231,38"
7831,"169,199,507"
7832,"77,31"
7833,"241,478,44"
7834,"3,28"
7835,"448,524"
7836,"169,170"
7837,"169,170,251"
7838,"11,205"
7839,"44,72"
7840,"68,182"
7841,"89,23,76"
7842,"468,145"
7843,"28,21"
7844,"265,456"
7845,"43,181"
7846,"131,226"
7847,"152,315,186"
7848,"3,4"
7849,"17,18"
7850,"21,22,42"
7851,"30,32"
7852,"128,130"
7853,"206,82"
7854,"402,64"
7855,"170,169"
7856,"44,145"
7857,"322,129"
7858,"186,128,41"
7859,"348,265"
7860,"453,8,235"
7861,"3,4"
7862,"118,131"
7863,"145,146"
7864,"105,50"
7865,"62,430"
7866,"197,44"
7867,"49,24"
7868,"199,169"
7869,"506,53,21"
7870,"93,64"
7871,"49,197"
7872,"219,30,143"
7873,"371,64,30"
7874,"26,89"
7875,"94,131"
7876,"32,287,53"
7877,"90,64,489"
7878,"141,135"
7879,"507,195"
7880,"21,76"
7881,"265,21,77"
7882,"93,239"
7883,"43,64,181"
7884,"138,135,21"
7885,"271,337"
7886,"18,17,168"
7887,"523,53"
7888,"265,418"
7889,"32,89"
7890,"18,17"
7891,"279,0"
7892,"234,60,64"
7893,"235,8"
7894,"148,180,30"
7895,"14,13"
7896,"135,76"
7897,"171,169"
7898,"315,160"
7899,"168,17,21"
7900,"446,454"
7901,"336,231"
7902,"399,321"
7903,"231,26"
7904,"21,311"
7905,"68,21"
7906,"171,170"
7907,"21,53"
7908,"199,169,259"
7909,"306,371"
7910,"282,111,171"
7911,"82,370"
7912,"303,165,74"
7913,"199,169"
7914,"181,93,64"
7915,"3,4"
7916,"523,157,53"
7917,"24,43"
7918,"44,145"
7919,"169,170"
7920,"169,251,199"
7921,"326,220"
7922,"169,336"
7923,"448,524"
7924,"170,21"
7925,"94,38"
7926,"93,64"
7927,"106,105"
7928,"74,303,317"
7929,"131,40,226"
7930,"456,271"
7931,"21,13,3"
7932,"265,349"
7933,"21,85"
7934,"96,31"
7935,"199,311"
7936,"53,300"
7937,"206,308,231"
7938,"44,38"
7939,"15,16"
7940,"135,141"
7941,"32,500"
7942,"12,11"
7943,"431,93"
7944,"129,128"
7945,"31,328"
7946,"169,274,170"
7947,"43,65"
7948,"138,135"
7949,"43,65"
7950,"91,38"
7951,"21,17"
7952,"4,19"
7953,"131,40,226"
7954,"271,0,475"
7955,"160,315"
7956,"111,190,282"
7957,"44,145"
7958,"102,21,244"
7959,"418,349,265"
7960,"199,259"
7961,"170,169,179"
7962,"44,264"
7963,"4,3,7"
7964,"197,93,121"
7965,"13,194"
7966,"15,523"
7967,"28,467"
7968,"44,131"
7969,"170,337"
7970,"21,41"
7971,"244,139,135"
7972,"131,76"
7973,"21,164,105"
7974,"456,271"
7975,"26,308"
7976,"44,264,26"
7977,"44,264"
7978,"0,457"
7979,"250,155"
7980,"181,43"
7981,"38,137"
7982,"241,131"
7983,"111,41,284"
7984,"21,33"
7985,"131,134,40"
7986,"220,510,454"
7987,"129,128"
7988,"77,208"
7989,"220,221,242"
7990,"89,26"
7991,"43,24"
7992,"46,15"
7993,"265,59,205"
7994,"181,43"
7995,"199,281"
7996,"271,456"
7997,"21,48"
7998,"28,204"
7999,"231,26"
8000,"169,274"
8001,"74,65"
8002,"131,40,226"
8003,"111,53"
8004,"370,89,44"
8005,"139,140"
8006,"64,65"
8007,"15,451"
8008,"21,22"
8009,"231,26,402"
8010,"350,26"
8011,"275,111"
8012,"206,87,38"
8013,"49,296"
8014,"271,265"
8015,"26,456"
8016,"199,241,248"
8017,"21,76"
8018,"21,33"
8019,"44,59"
8020,"234,74,165"
8021,"21,42"
8022,"38,87"
8023,"241,155"
8024,"61,72"
8025,"123,111"
8026,"138,111,135"
8027,"12,143,221"
8028,"366,209"
8029,"4,435,3"
8030,"170,311,21"
8031,"170,169"
8032,"38,89"
8033,"17,18"
8034,"508,258,336"
8035,"21,22"
8036,"243,74,175"
8037,"21,145"
8038,"494,241,175"
8039,"65,64"
8040,"21,187,194"
8041,"296,113"
8042,"139,21,155"
8043,"271,0,457"
8044,"241,131,199"
8045,"220,65"
8046,"21,3"
8047,"13,28"
8048,"13,14"
8049,"460,93"
8050,"17,168"
8051,"350,26"
8052,"206,8"
8053,"300,202"
8054,"17,168"
8055,"44,145"
8056,"245,508,258"
8057,"169,89"
8058,"30,227"
8059,"38,88"
8060,"220,326"
8061,"220,221,11"
8062,"241,155,248"
8063,"128,130"
8064,"181,43"
8065,"417,169,170"
8066,"3,4"
8067,"85,3,111"
8068,"53,17,3"
8069,"402,145"
8070,"17,168,18"
8071,"12,11"
8072,"72,71"
8073,"135,138"
8074,"508,31,245"
8075,"71,38"
8076,"184,185,128"
8077,"14,13,239"
8078,"71,145"
8079,"22,21"
8080,"250,241"
8081,"43,24"
8082,"89,26"
8083,"131,40,226"
8084,"500,76"
8085,"128,130"
8086,"187,34,21"
8087,"279,0"
8088,"265,349"
8089,"308,457"
8090,"501,271"
8091,"30,113"
8092,"44,264"
8093,"220,326"
8094,"171,96"
8095,"199,259,21"
8096,"131,40,226"
8097,"3,53,21"
8098,"220,326"
8099,"145,44"
8100,"82,38"
8101,"171,170,169"
8102,"38,88"
8103,"375,21"
8104,"3,4"
8105,"21,3"
8106,"402,44"
8107,"21,41"
8108,"53,15"
8109,"456,271"
8110,"148,21"
8111,"43,242"
8112,"454,31,258"
8113,"3,21"
8114,"163,250"
8115,"131,241,303"
8116,"36,35"
8117,"220,221,326"
8118,"21,3"
8119,"308,38"
8120,"231,26"
8121,"43,24"
8122,"15,16"
8123,"241,140"
8124,"306,296"
8125,"199,169,323"
8126,"11,44"
8127,"44,145"
8128,"96,239"
8129,"243,184,185"
8130,"107,38"
8131,"265,273"
8132,"32,414"
8133,"127,21,148"
8134,"220,326,221"
8135,"218,446"
8136,"306,296"
8137,"523,15,53"
8138,"21,22"
8139,"220,245"
8140,"303,165,38"
8141,"21,3,22"
8142,"44,264"
8143,"323,169,64"
8144,"296,336"
8145,"40,315,166"
8146,"17,21"
8147,"447,3,34"
8148,"4,3"
8149,"271,308"
8150,"296,336"
8151,"235,453,8"
8152,"160,302,315"
8153,"49,258"
8154,"522,271"
8155,"300,30,21"
8156,"346,313"
8157,"131,241,175"
8158,"8,308"
8159,"250,309,38"
8160,"186,128"
8161,"184,185"
8162,"187,21"
8163,"156,3,4"
8164,"38,44,62"
8165,"127,21"
8166,"181,43"
8167,"21,164,311"
8168,"4,3"
8169,"21,17"
8170,"0,255"
8171,"264,38,44"
8172,"199,343"
8173,"89,26,231"
8174,"254,271"
8175,"271,0"
8176,"241,131"
8177,"474,176"
8178,"265,349"
8179,"4,19"
8180,"170,169"
8181,"131,226,40"
8182,"241,139"
8183,"137,303"
8184,"131,159,226"
8185,"402,145"
8186,"199,68"
8187,"68,182"
8188,"21,3"
8189,"199,508"
8190,"96,31"
8191,"186,128,40"
8192,"316,15,30"
8193,"181,43"
8194,"30,28"
8195,"137,38"
8196,"44,145"
8197,"85,86,21"
8198,"175,38,23"
8199,"93,64"
8200,"220,53"
8201,"212,211"
8202,"369,194"
8203,"170,21"
8204,"38,308"
8205,"206,231"
8206,"26,89"
8207,"456,271"
8208,"241,131,494"
8209,"145,448,169"
8210,"456,350"
8211,"59,205"
8212,"307,250,248"
8213,"235,257"
8214,"309,202"
8215,"271,456"
8216,"220,242"
8217,"17,18"
8218,"4,19"
8219,"49,396,24"
8220,"21,190"
8221,"49,24,396"
8222,"105,106"
8223,"190,41"
8224,"49,169,199"
8225,"49,170"
8226,"241,131,23"
8227,"186,128"
8228,"446,264"
8229,"296,336,258"
8230,"21,367"
8231,"456,265"
8232,"165,404,74"
8233,"43,24"
8234,"53,287"
8235,"38,308,250"
8236,"63,131"
8237,"53,500,300"
8238,"383,265,208"
8239,"357,381"
8240,"271,360"
8241,"43,24"
8242,"4,3"
8243,"40,131,76"
8244,"315,160"
8245,"145,76"
8246,"234,60"
8247,"62,44"
8248,"4,3"
8249,"0,212"
8250,"32,89,23"
8251,"508,169,199"
8252,"348,457"
8253,"206,38"
8254,"524,64"
8255,"239,60"
8256,"239,64,93"
8257,"21,3"
8258,"49,239,43"
8259,"134,131,40"
8260,"181,43"
8261,"64,93"
8262,"25,454"
8263,"187,21"
8264,"370,391"
8265,"199,169,131"
8266,"48,375"
8267,"64,335,242"
8268,"199,259"
8269,"131,94"
8270,"449,271"
8271,"170,21"
8272,"169,274"
8273,"82,391"
8274,"4,3"
8275,"43,24"
8276,"137,38"
8277,"194,241,128"
8278,"53,21"
8279,"32,31"
8280,"220,221"
8281,"131,169,78"
8282,"15,16,34"
8283,"460,296"
8284,"271,522"
8285,"131,134,486"
8286,"160,315,247"
8287,"21,3"
8288,"104,199,21"
8289,"4,7"
8290,"43,78,24"
8291,"31,508,220"
8292,"64,65"
8293,"185,184"
8294,"49,239"
8295,"206,369"
8296,"199,343"
8297,"474,53"
8298,"134,131"
8299,"4,3"
8300,"199,179,169"
8301,"337,169"
8302,"30,190"
8303,"62,430"
8304,"89,26"
8305,"21,53,523"
8306,"3,17,262"
8307,"206,3"
8308,"5,3,133"
8309,"42,21"
8310,"21,108"
8311,"485,0,346"
8312,"93,64,65"
8313,"38,137"
8314,"44,264"
8315,"111,21"
8316,"213,271"
8317,"21,102"
8318,"143,356"
8319,"49,296"
8320,"170,169,21"
8321,"111,41"
8322,"43,24"
8323,"43,181"
8324,"524,448,64"
8325,"64,90"
8326,"169,199,251"
8327,"128,130"
8328,"74,165"
8329,"508,258,31"
8330,"220,242"
8331,"3,21"
8332,"43,239"
8333,"12,11"
8334,"3,148,4"
8335,"17,21"
8336,"21,53,200"
8337,"309,21,250"
8338,"21,102"
8339,"160,334"
8340,"17,18"
8341,"21,53"
8342,"4,19"
8343,"235,8"
8344,"93,64"
8345,"89,265"
8346,"21,41,33"
8347,"286,41"
8348,"245,131"
8349,"74,467"
8350,"62,69"
8351,"69,11"
8352,"54,44,265"
8353,"103,231,26"
8354,"44,145,402"
8355,"111,528"
8356,"93,64"
8357,"3,262"
8358,"175,41"
8359,"44,145,220"
8360,"106,105"
8361,"199,169"
8362,"171,169,170"
8363,"501,26,346"
8364,"283,185,184"
8365,"272,271"
8366,"4,111"
8367,"32,258"
8368,"11,69"
8369,"15,451"
8370,"63,231"
8371,"89,265"
8372,"248,199,155"
8373,"193,131"
8374,"186,152"
8375,"18,17"
8376,"205,59"
8377,"346,271,457"
8378,"15,16"
8379,"11,419,221"
8380,"243,71,165"
8381,"41,42"
8382,"195,369"
8383,"303,74"
8384,"44,38"
8385,"8,265"
8386,"187,21"
8387,"402,65"
8388,"21,53,111"
8389,"220,326"
8390,"111,325,53"
8391,"315,160"
8392,"21,115"
8393,"21,3"
8394,"32,258"
8395,"68,21"
8396,"265,340"
8397,"44,11"
8398,"171,170"
8399,"31,258"
8400,"11,69"
8401,"93,131,74"
8402,"523,4"
8403,"199,53,21"
8404,"199,374"
8405,"199,260"
8406,"38,89"
8407,"264,44"
8408,"17,53,143"
8409,"42,286,21"
8410,"303,74"
8411,"370,89"
8412,"31,454,258"
8413,"264,38"
8414,"93,64"
8415,"44,220,11"
8416,"54,145"
8417,"93,64,65"
8418,"15,176"
8419,"303,74"
8420,"456,271"
8421,"65,64"
8422,"231,26,103"
8423,"138,135"
8424,"131,134"
8425,"131,134,40"
8426,"106,105"
8427,"231,26"
8428,"24,71,43"
8429,"402,145,54"
8430,"139,21"
8431,"199,169"
8432,"434,271"
8433,"448,64,524"
8434,"11,69"
8435,"21,296"
8436,"156,111,3"
8437,"340,265"
8438,"48,309"
8439,"56,3,111"
8440,"128,130"
8441,"17,18,168"
8442,"206,8"
8443,"17,41"
8444,"71,175"
8445,"309,48"
8446,"199,169"
8447,"44,11"
8448,"456,271"
8449,"3,22"
8450,"8,111"
8451,"48,81"
8452,"53,21,523"
8453,"89,446"
8454,"128,130"
8455,"309,64,38"
8456,"197,82"
8457,"115,21"
8458,"508,62"
8459,"265,271"
8460,"271,0"
8461,"346,501"
8462,"38,231"
8463,"38,94,493"
8464,"96,21"
8465,"166,159"
8466,"199,169"
8467,"41,111"
8468,"131,193,96"
8469,"72,38,199"
8470,"17,18,168"
8471,"2,434,1"
8472,"169,199"
8473,"93,64"
8474,"170,323"
8475,"206,8"
8476,"218,314,0"
8477,"43,24,181"
8478,"220,11,231"
8479,"508,258,31"
8480,"15,111"
8481,"220,221,326"
8482,"129,405,328"
8483,"326,220"
8484,"199,169,223"
8485,"220,221"
8486,"21,250"
8487,"356,199"
8488,"303,74"
8489,"65,510,64"
8490,"311,169,170"
8491,"128,186,175"
8492,"229,230"
8493,"49,28"
8494,"105,106"
8495,"197,32,49"
8496,"271,272"
8497,"181,24,43"
8498,"65,64"
8499,"305,296"
8500,"143,199"
8501,"28,301"
8502,"8,206"
8503,"31,245"
8504,"426,311"
8505,"239,60"
8506,"135,41,141"
8507,"248,199,155"
8508,"11,12"
8509,"315,160"
8510,"137,38,99"
8511,"181,199"
8512,"241,155"
8513,"21,53"
8514,"195,185,128"
8515,"17,18"
8516,"426,311,436"
8517,"169,199,251"
8518,"456,271"
8519,"44,145"
8520,"356,199,143"
8521,"451,148"
8522,"318,105,308"
8523,"111,456,339"
8524,"141,76,135"
8525,"234,247,74"
8526,"103,231,26"
8527,"72,12"
8528,"112,111"
8529,"139,241,153"
8530,"199,21"
8531,"105,106"
8532,"62,190"
8533,"433,30"
8534,"220,326"
8535,"21,3"
8536,"44,145"
8537,"231,350,308"
8538,"242,105,43"
8539,"457,218"
8540,"21,42"
8541,"138,170"
8542,"111,77"
8543,"21,187,34"
8544,"220,17"
8545,"3,30"
8546,"255,0"
8547,"187,21"
8548,"283,146"
8549,"285,8"
8550,"152,151,315"
8551,"212,0"
8552,"11,265"
8553,"18,17"
8554,"21,3"
8555,"21,104"
8556,"111,296,21"
8557,"337,169"
8558,"38,240,23"
8559,"220,221"
8560,"65,64,93"
8561,"11,265,205"
8562,"335,64"
8563,"231,26"
8564,"44,26"
8565,"346,8"
8566,"402,145"
8567,"170,323"
8568,"169,170,251"
8569,"131,226,40"
8570,"124,21"
8571,"21,3"
8572,"220,221"
8573,"199,431"
8574,"265,209,271"
8575,"111,123"
8576,"220,145,326"
8577,"156,528"
8578,"431,127"
8579,"43,24"
8580,"21,53"
8581,"82,39,38"
8582,"92,303"
8583,"182,68"
8584,"350,26,231"
8585,"129,128"
8586,"21,28,30"
8587,"197,274"
8588,"44,72,65"
8589,"32,326"
8590,"41,139"
8591,"454,31,245"
8592,"43,24"
8593,"169,170,195"
8594,"493,454,326"
8595,"311,169"
8596,"93,64"
8597,"213,482"
8598,"431,199"
8599,"15,144,16"
8600,"195,40,304"
8601,"64,448"
8602,"170,169"
8603,"21,33,201"
8604,"334,111,241"
8605,"311,21,187"
8606,"112,111"
8607,"69,109,11"
8608,"274,169,170"
8609,"170,169"
8610,"21,187"
8611,"118,74"
8612,"145,44"
8613,"69,62"
8614,"366,209"
8615,"309,38"
8616,"271,456"
8617,"239,49"
8618,"21,187"
8619,"181,43"
8620,"33,21,41"
8621,"21,3"
8622,"194,190,369"
8623,"199,259"
8624,"17,18"
8625,"131,40"
8626,"220,221"
8627,"382,221,495"
8628,"152,151"
8629,"105,50"
8630,"4,5"
8631,"21,265"
8632,"350,26"
8633,"296,123"
8634,"21,139,41"
8635,"111,21,190"
8636,"24,43"
8637,"85,50,15"
8638,"241,131"
8639,"156,147"
8640,"131,192,93"
8641,"41,186,128"
8642,"131,134,40"
8643,"26,350"
8644,"72,38,303"
8645,"383,265,208"
8646,"190,21"
8647,"77,78,271"
8648,"186,315,324"
8649,"451,53"
8650,"3,30,21"
8651,"265,59"
8652,"212,0,271"
8653,"128,130"
8654,"329,356,160"
8655,"25,220"
8656,"3,7"
8657,"166,40,131"
8658,"49,96"
8659,"49,24"
8660,"128,130"
8661,"271,456"
8662,"12,11"
8663,"131,226,40"
8664,"44,370,145"
8665,"131,40"
8666,"366,186,265"
8667,"426,311"
8668,"4,3"
8669,"350,26,231"
8670,"451,15,50"
8671,"38,287,39"
8672,"220,17"
8673,"265,399,89"
8674,"139,250,244"
8675,"3,30"
8676,"90,64"
8677,"21,148"
8678,"199,169"
8679,"49,418"
8680,"199,260"
8681,"206,8"
8682,"21,187,199"
8683,"21,3"
8684,"199,32"
8685,"523,53"
8686,"259,199,431"
8687,"24,43"
8688,"49,239,24"
8689,"206,8"
8690,"199,169,21"
8691,"34,447"
8692,"41,21"
8693,"21,301"
8694,"64,65"
8695,"138,135"
8696,"448,524,64"
8697,"181,43"
8698,"220,242"
8699,"8,235"
8700,"199,169,179"
8701,"65,64"
8702,"33,36,282"
8703,"451,148"
8704,"199,169"
8705,"43,24"
8706,"41,135"
8707,"131,241"
8708,"91,26,38"
8709,"38,137"
8710,"508,454,134"
8711,"129,239"
8712,"350,26"
8713,"96,303"
8714,"145,54"
8715,"171,169,170"
8716,"42,21"
8717,"195,127,186"
8718,"93,64"
8719,"190,21"
8720,"272,271"
8721,"3,4"
8722,"30,21,200"
8723,"32,41,38"
8724,"135,189"
8725,"44,370"
8726,"382,65,64"
8727,"49,165,396"
8728,"74,467"
8729,"18,17"
8730,"134,131"
8731,"469,271"
8732,"44,145"
8733,"138,135"
8734,"123,111"
8735,"250,21,187"
8736,"21,48"
8737,"43,24"
8738,"44,145"
8739,"39,170,38"
8740,"49,24"
8741,"26,89"
8742,"275,53"
8743,"169,64,323"
8744,"220,221"
8745,"213,482,214"
8746,"145,128,44"
8747,"190,3"
8748,"296,411,428"
8749,"271,522,26"
8750,"218,255"
8751,"456,271"
8752,"437,145"
8753,"288,8,289"
8754,"12,11"
8755,"175,128,41"
8756,"287,340,393"
8757,"220,221"
8758,"208,265"
8759,"48,154,121"
8760,"111,53"
8761,"155,214,250"
8762,"199,223"
8763,"138,135"
8764,"15,3,188"
8765,"209,265"
8766,"32,8"
8767,"71,165"
8768,"11,44"
8769,"131,193,241"
8770,"456,271"
8771,"220,221"
8772,"38,26,89"
8773,"43,220"
8774,"241,131,128"
8775,"93,64"
8776,"41,21,201"
8777,"340,265"
8778,"43,24"
8779,"21,42"
8780,"295,135"
8781,"276,456"
8782,"145,131"
8783,"199,260,281"
8784,"199,260"
8785,"448,64,145"
8786,"44,145"
8787,"43,24"
8788,"21,127"
8789,"303,74,382"
8790,"220,326"
8791,"220,454,221"
8792,"271,26"
8793,"197,296"
8794,"21,199,3"
8795,"28,30"
8796,"456,26"
8797,"204,13"
8798,"64,93,239"
8799,"21,48"
8800,"186,128"
8801,"206,231,44"
8802,"32,38,331"
8803,"326,290"
8804,"181,32"
8805,"216,0,304"
8806,"72,12"
8807,"49,165,396"
8808,"267,111,21"
8809,"32,89"
8810,"26,350"
8811,"367,28,21"
8812,"64,239"
8813,"2,1"
8814,"118,28,42"
8815,"200,21"
8816,"21,194"
8817,"53,21"
8818,"170,169"
8819,"308,440,38"
8820,"241,131"
8821,"271,424,456"
8822,"169,508"
8823,"444,214,0"
8824,"402,456"
8825,"71,38"
8826,"15,3"
8827,"431,199"
8828,"30,66"
8829,"8,350"
8830,"308,265,271"
8831,"18,17,21"
8832,"38,44,145"
8833,"100,13"
8834,"121,3,190"
8835,"235,8"
8836,"0,308"
8837,"171,170"
8838,"300,53"
8839,"265,456,26"
8840,"21,3"
8841,"128,130"
8842,"333,84"
8843,"21,41"
8844,"49,274,296"
8845,"500,74"
8846,"169,170"
8847,"42,21"
8848,"146,145,283"
8849,"146,145,152"
8850,"65,64,448"
8851,"250,139,131"
8852,"220,510"
8853,"199,260"
8854,"199,32"
8855,"131,40"
8856,"43,242"
8857,"44,264"
8858,"220,242,145"
8859,"26,231"
8860,"78,105,318"
8861,"199,260"
8862,"4,3"
8863,"64,65"
8864,"38,84,74"
8865,"181,24,345"
8866,"170,169"
8867,"337,53"
8868,"32,89"
8869,"21,187,169"
8870,"247,62,382"
8871,"323,169,199"
8872,"12,11"
8873,"4,19,375"
8874,"44,402"
8875,"131,41,40"
8876,"104,30"
8877,"231,26"
8878,"206,8"
8879,"171,170"
8880,"21,48"
8881,"265,59,205"
8882,"170,169"
8883,"264,524,44"
8884,"4,38"
8885,"250,131,241"
8886,"190,53"
8887,"220,221"
8888,"38,39"
8889,"4,375"
8890,"402,145,328"
8891,"170,171,169"
8892,"199,170"
8893,"483,1,513"
8894,"265,59"
8895,"17,3"
8896,"272,209,271"
8897,"15,16"
8898,"220,242"
8899,"21,148"
8900,"206,245,0"
8901,"323,43,169"
8902,"41,139,40"
8903,"91,38"
8904,"44,45"
8905,"30,148,147"
8906,"4,3"
8907,"134,131"
8908,"367,135"
8909,"186,315,152"
8910,"32,89,328"
8911,"71,74"
8912,"188,430,30"
8913,"169,170,199"
8914,"148,451"
8915,"163,162"
8916,"494,152"
8917,"40,131"
8918,"44,397,145"
8919,"21,148"
8920,"74,467"
8921,"199,169"
8922,"145,105"
8923,"5,228"
8924,"235,453"
8925,"31,258"
8926,"128,130"
8927,"93,64"
8928,"21,42"
8929,"15,3"
8930,"72,49"
8931,"296,428"
8932,"61,181"
8933,"43,242"
8934,"367,292,100"
8935,"231,26"
8936,"121,190"
8937,"49,24"
8938,"279,249"
8939,"199,26,169"
8940,"53,105,50"
8941,"194,202,53"
8942,"199,169"
8943,"220,454"
8944,"265,256,490"
8945,"199,169"
8946,"235,453"
8947,"308,38"
8948,"181,43,24"
8949,"220,44"
8950,"41,21,53"
8951,"131,241"
8952,"139,155"
8953,"508,258"
8954,"93,64"
8955,"138,459"
8956,"44,145"
8957,"171,131,170"
8958,"21,42"
8959,"128,130,129"
8960,"220,221"
8961,"175,74,128"
8962,"41,224,21"
8963,"106,105"
8964,"44,145"
8965,"264,38"
8966,"3,4"
8967,"3,21"
8968,"4,3"
8969,"21,108"
8970,"15,447,34"
8971,"309,250"
8972,"21,3"
8973,"380,254"
8974,"315,160"
8975,"21,3"
8976,"68,182"
8977,"131,134,40"
8978,"44,145"
8979,"64,448,524"
8980,"220,265,221"
8981,"53,21"
8982,"44,145,468"
8983,"156,225,147"
8984,"417,170,169"
8985,"397,0"
8986,"370,44"
8987,"199,89"
8988,"38,26"
8989,"171,169"
8990,"148,36"
8991,"315,152,160"
8992,"44,402,145"
8993,"131,241"
8994,"231,38"
8995,"44,145"
8996,"43,24"
8997,"186,41"
8998,"181,43,323"
8999,"4,3"
9000,"111,123"
9001,"199,169"
9002,"220,221"
9003,"145,510"
9004,"220,242"
9005,"135,138"
9006,"64,65"
9007,"3,30"
9008,"145,402"
9009,"4,3,169"
9010,"271,516,0"
9011,"318,350"
9012,"11,44"
9013,"220,17"
9014,"220,11"
9015,"454,31,508"
9016,"41,17,56"
9017,"21,3"
9018,"221,11"
9019,"59,11,205"
9020,"243,354,165"
9021,"139,286,250"
9022,"228,5,3"
9023,"199,169"
9024,"0,265"
9025,"348,280"
9026,"17,168,18"
9027,"21,115"
9028,"181,43"
9029,"181,61"
9030,"220,13,31"
9031,"48,309"
9032,"21,244,102"
9033,"220,221"
9034,"390,528"
9035,"229,421,257"
9036,"168,17,18"
9037,"93,64"
9038,"169,274,296"
9039,"148,451"
9040,"271,456"
9041,"49,418"
9042,"160,302"
9043,"26,231"
9044,"21,5"
9045,"271,424"
9046,"21,187,34"
9047,"93,64"
9048,"64,65"
9049,"21,28,3"
9050,"220,326"
9051,"366,209"
9052,"21,301"
9053,"41,143,100"
9054,"220,221"
9055,"21,3"
9056,"41,286"
9057,"43,32,24"
9058,"21,40"
9059,"32,131"
9060,"8,235"
9061,"62,53"
9062,"186,41"
9063,"44,62"
9064,"21,3"
9065,"468,163"
9066,"356,169"
9067,"74,467"
9068,"18,17"
9069,"4,7,435"
9070,"220,221"
9071,"232,38"
9072,"44,43"
9073,"169,199"
9074,"199,169"
9075,"271,456"
9076,"239,64"
9077,"229,296,208"
9078,"135,138"
9079,"15,53,16"
9080,"265,384,349"
9081,"175,186,128"
9082,"448,64,524"
9083,"308,38"
9084,"431,127"
9085,"3,21"
9086,"199,21"
9087,"206,418,265"
9088,"457,218"
9089,"15,16"
9090,"31,258,508"
9091,"199,431,169"
9092,"199,281,169"
9093,"206,8"
9094,"170,508,169"
9095,"15,16"
9096,"169,199,131"
9097,"44,43"
9098,"21,311"
9099,"4,3"
9100,"49,32"
9101,"197,44,54"
9102,"181,43,24"
9103,"209,186,195"
9104,"38,303,165"
9105,"41,135"
9106,"220,145"
9107,"234,53"
9108,"265,59"
9109,"44,145"
9110,"139,241"
9111,"21,200,3"
9112,"152,151"
9113,"220,129,8"
9114,"260,199"
9115,"241,11"
9116,"28,113"
9117,"71,72"
9118,"165,74,317"
9119,"303,165"
9120,"129,128"
9121,"330,28"
9122,"300,53"
9123,"279,249"
9124,"220,326"
9125,"199,77"
9126,"3,21,190"
9127,"11,205"
9128,"271,26"
9129,"74,467"
9130,"111,53"
9131,"59,11"
9132,"21,48"
9133,"106,193"
9134,"38,250,309"
9135,"44,402,145"
9136,"181,43"
9137,"135,307,244"
9138,"32,89,300"
9139,"234,11"
9140,"44,145"
9141,"128,130"
9142,"220,326"
9143,"3,30,156"
9144,"426,311"
9145,"32,31"
9146,"129,128,194"
9147,"287,53,21"
9148,"229,421"
9149,"308,26"
9150,"199,91"
9151,"181,24,43"
9152,"21,3"
9153,"220,44"
9154,"300,296"
9155,"187,21"
9156,"4,3"
9157,"137,38"
9158,"220,326"
9159,"512,401"
9160,"336,296,508"
9161,"250,186,139"
9162,"89,170"
9163,"171,169,170"
9164,"93,64"
9165,"448,524,64"
9166,"214,213,482"
9167,"41,21"
9168,"4,19"
9169,"335,64,231"
9170,"271,265,434"
9171,"231,118"
9172,"199,169"
9173,"26,231"
9174,"12,11"
9175,"21,22,3"
9176,"206,8"
9177,"64,448,65"
9178,"431,41"
9179,"43,24"
9180,"64,65"
9181,"21,40"
9182,"220,326"
9183,"3,53,200"
9184,"12,11"
9185,"264,44,169"
9186,"128,130,129"
9187,"206,8"
9188,"17,18"
9189,"192,65,77"
9190,"181,61"
9191,"64,524"
9192,"145,54"
9193,"131,197,241"
9194,"151,152"
9195,"93,241,23"
9196,"199,21"
9197,"199,169,223"
9198,"170,169,179"
9199,"327,8"
9200,"21,42,41"
9201,"220,221"
9202,"17,3"
9203,"231,38,26"
9204,"53,300"
9205,"248,199"
9206,"21,41"
9207,"40,131"
9208,"456,271"
9209,"239,129"
9210,"343,339,199"
9211,"308,26"
9212,"43,145,65"
9213,"228,5"
9214,"153,401"
9215,"145,105"
9216,"382,143,15"
9217,"304,216,208"
9218,"111,305"
9219,"220,24"
9220,"44,397"
9221,"105,106,24"
9222,"26,308"
9223,"93,64"
9224,"194,21"
9225,"53,287"
9226,"64,448"
9227,"337,169,279"
9228,"181,64,93"
9229,"21,287"
9230,"170,459"
9231,"71,24"
9232,"21,3,187"
9233,"43,446,65"
9234,"160,36,356"
9235,"160,315,127"
9236,"82,265"
9237,"124,303"
9238,"8,206"
9239,"420,296"
9240,"32,290,147"
9241,"21,194"
9242,"220,231"
9243,"26,271"
9244,"21,3"
9245,"135,141"
9246,"128,130"
9247,"209,208"
9248,"111,306"
9249,"446,235"
9250,"194,129"
9251,"64,65"
9252,"64,90,448"
9253,"30,48,21"
9254,"366,370"
9255,"169,199"
9256,"74,231,118"
9257,"350,26"
9258,"121,120,451"
9259,"199,169"
9260,"181,64"
9261,"74,118,402"
9262,"236,135"
9263,"220,145,64"
9264,"21,337"
9265,"303,38"
9266,"4,3"
9267,"350,26,271"
9268,"330,28"
9269,"171,170"
9270,"214,482"
9271,"129,128"
9272,"11,221"
9273,"300,53,202"
9274,"53,523"
9275,"94,264"
9276,"62,309"
9277,"303,23,38"
9278,"85,3"
9279,"523,53"
9280,"93,239"
9281,"21,53"
9282,"36,21"
9283,"44,11"
9284,"170,169"
9285,"220,221"
9286,"84,88,38"
9287,"38,89"
9288,"199,21"
9289,"105,38"
9290,"89,26"
9291,"220,242"
9292,"93,339"
9293,"228,5,21"
9294,"265,59"
9295,"218,348"
9296,"21,301"
9297,"186,40"
9298,"304,216"
9299,"131,241"
9300,"309,81"
9301,"94,65"
9302,"44,145"
9303,"265,340"
9304,"21,199"
9305,"199,169,248"
9306,"163,162"
9307,"77,93,467"
9308,"59,11,49"
9309,"4,19"
9310,"93,64"
9311,"93,64"
9312,"30,53,21"
9313,"89,26,279"
9314,"335,64"
9315,"317,201,41"
9316,"204,13"
9317,"228,5,3"
9318,"4,435"
9319,"188,53,451"
9320,"26,308"
9321,"131,192"
9322,"49,396"
9323,"181,199,323"
9324,"286,41"
9325,"272,271"
9326,"169,251,199"
9327,"215,40"
9328,"220,221"
9329,"103,38"
9330,"170,21"
9331,"21,22"
9332,"139,140"
9333,"94,264"
9334,"3,375"
9335,"49,296,274"
9336,"4,188"
9337,"119,41,111"
9338,"141,135"
9339,"17,65,64"
9340,"239,199,323"
9341,"199,431"
9342,"65,64"
9343,"118,74"
9344,"317,74"
9345,"21,367"
9346,"74,165,175"
9347,"271,456"
9348,"145,44"
9349,"214,360"
9350,"340,265"
9351,"170,169,251"
9352,"21,148,3"
9353,"322,65"
9354,"231,170"
9355,"4,3"
9356,"171,170"
9357,"21,199"
9358,"431,169,186"
9359,"199,223"
9360,"296,21"
9361,"38,206"
9362,"171,169"
9363,"182,111,284"
9364,"199,343"
9365,"21,3"
9366,"43,24"
9367,"248,199"
9368,"440,38"
9369,"14,15,4"
9370,"30,22"
9371,"4,3"
9372,"156,21,53"
9373,"170,53"
9374,"160,315"
9375,"220,221"
9376,"349,49,8"
9377,"64,448"
9378,"43,64,65"
9379,"257,446,271"
9380,"41,135,141"
9381,"308,8"
9382,"502,53"
9383,"118,32"
9384,"206,8"
9385,"181,43"
9386,"304,216"
9387,"206,8"
9388,"41,186,160"
9389,"494,164,220"
9390,"206,8"
9391,"468,175,128"
9392,"148,21"
9393,"265,349"
9394,"512,265"
9395,"296,411"
9396,"21,129"
9397,"271,0"
9398,"43,24"
9399,"53,3,148"
9400,"50,105"
9401,"129,128"
9402,"111,417"
9403,"315,151,159"
9404,"323,181,199"
9405,"131,250"
9406,"93,64"
9407,"81,21"
9408,"148,30,528"
9409,"96,437"
9410,"128,130"
9411,"164,160,41"
9412,"300,234"
9413,"231,26"
9414,"44,145,402"
9415,"49,24,328"
9416,"446,89"
9417,"4,3"
9418,"245,31"
9419,"49,239"
9420,"3,21"
9421,"199,169"
9422,"248,199,169"
9423,"21,40"
9424,"14,21"
9425,"17,18"
9426,"4,70"
9427,"145,54"
9428,"17,18"
9429,"169,199"
9430,"12,65"
9431,"218,304"
9432,"3,4"
9433,"21,5"
9434,"350,26"
9435,"15,16"
9436,"220,221"
9437,"30,3"
9438,"323,43"
9439,"431,186"
9440,"131,40,226"
9441,"21,41"
9442,"21,127"
9443,"271,0"
9444,"300,92"
9445,"44,231"
9446,"231,350,26"
9447,"143,382,199"
9448,"402,264,145"
9449,"21,33"
9450,"22,21"
9451,"216,304"
9452,"206,308"
9453,"243,71,74"
9454,"93,64"
9455,"350,26"
9456,"257,271"
9457,"48,21"
9458,"26,231,103"
9459,"508,245,199"
9460,"89,91"
9461,"391,8"
9462,"170,21"
9463,"21,3,200"
9464,"8,235"
9465,"138,135"
9466,"258,508,245"
9467,"231,38,350"
9468,"135,141"
9469,"181,43"
9470,"131,406,78"
9471,"156,190,3"
9472,"402,454"
9473,"44,402,11"
9474,"199,170"
9475,"40,131"
9476,"188,5"
9477,"220,242,308"
9478,"335,64"
9479,"74,118"
9480,"402,235"
9481,"170,459,171"
9482,"64,65"
9483,"370,220"
9484,"131,241"
9485,"121,120,451"
9486,"41,135"
9487,"78,131"
9488,"397,0"
9489,"18,168,17"
9490,"21,124"
9491,"206,369"
9492,"15,16"
9493,"212,38"
9494,"206,326"
9495,"89,26,231"
9496,"53,325,32"
9497,"64,65,448"
9498,"129,128"
9499,"4,7,435"
9500,"333,296,336"
9501,"315,127"
9502,"303,74,165"
9503,"220,11"
9504,"220,17"
9505,"139,241"
9506,"206,279"
9507,"235,453"
9508,"40,160,152"
9509,"199,169"
9510,"59,11,44"
9511,"271,265"
9512,"21,5,3"
9513,"109,11,69"
9514,"199,169,296"
9515,"506,74"
9516,"169,199"
9517,"21,111"
9518,"82,454,197"
9519,"190,199"
9520,"32,156"
9521,"199,169"
9522,"250,41"
9523,"169,170"
9524,"41,286"
9525,"44,478,145"
9526,"457,308,26"
9527,"0,169,214"
9528,"201,41"
9529,"21,76"
9530,"4,19"
9531,"89,26"
9532,"64,90,65"
9533,"279,265"
9534,"18,17"
9535,"257,271"
9536,"26,231,103"
9537,"50,105"
9538,"69,11"
9539,"369,208"
9540,"21,22"
9541,"24,38"
9542,"271,456"
9543,"454,508,31"
9544,"220,221"
9545,"81,30"
9546,"128,129,130"
9547,"43,24,44"
9548,"131,38"
9549,"129,128"
9550,"21,42"
9551,"0,212,422"
9552,"370,216"
9553,"36,21"
9554,"163,250"
9555,"4,19"
9556,"335,64,448"
9557,"265,59"
9558,"131,44"
9559,"93,64"
9560,"220,221"
9561,"171,170"
9562,"220,65,242"
9563,"62,508,170"
9564,"146,145"
9565,"169,170,179"
9566,"12,11"
9567,"49,265,239"
9568,"43,24"
9569,"508,258,245"
9570,"21,53"
9571,"243,165"
9572,"241,131,197"
9573,"89,26,336"
9574,"170,337"
9575,"220,326"
9576,"346,313,474"
9577,"190,41"
9578,"448,64,79"
9579,"8,270"
9580,"2,1"
9581,"21,53"
9582,"43,24"
9583,"430,62"
9584,"21,36"
9585,"89,271,26"
9586,"402,145"
9587,"279,212"
9588,"4,3,448"
9589,"170,169"
9590,"123,111,21"
9591,"11,44"
9592,"159,131"
9593,"170,171"
9594,"32,199,38"
9595,"32,226"
9596,"30,3"
9597,"131,226,40"
9598,"53,467"
9599,"308,446"
9600,"128,130"
9601,"118,456,74"
9602,"18,17"
9603,"265,425,340"
9604,"91,38"
9605,"131,241"
9606,"32,170"
9607,"241,155,139"
9608,"170,169"
9609,"30,121"
9610,"145,54,169"
9611,"119,41"
9612,"206,8"
9613,"197,38"
9614,"33,36,21"
9615,"4,19"
9616,"199,169,260"
9617,"506,220,74"
9618,"208,220"
9619,"49,24,265"
9620,"78,131,241"
9621,"296,336"
9622,"5,6"
9623,"271,209"
9624,"448,64"
9625,"170,169"
9626,"21,187,311"
9627,"296,274"
9628,"93,64"
9629,"308,510,38"
9630,"484,279"
9631,"43,24"
9632,"21,53"
9633,"49,418"
9634,"206,8"
9635,"171,169"
9636,"49,336"
9637,"257,271"
9638,"170,454,169"
9639,"175,131"
9640,"21,194"
9641,"43,65"
9642,"274,169"
9643,"49,500"
9644,"143,243"
9645,"308,26,91"
9646,"148,451"
9647,"186,40"
9648,"71,402,145"
9649,"53,99"
9650,"171,169"
9651,"41,21"
9652,"40,131,226"
9653,"49,265"
9654,"77,96"
9655,"146,145"
9656,"43,65,64"
9657,"137,38,71"
9658,"199,68"
9659,"93,64"
9660,"43,24"
9661,"61,181"
9662,"165,303,71"
9663,"199,271"
9664,"199,259,265"
9665,"220,242"
9666,"199,21,187"
9667,"68,53,170"
9668,"21,164,42"
9669,"181,43"
9670,"199,259"
9671,"169,323,170"
9672,"134,131"
9673,"104,30"
9674,"21,199"
9675,"239,93,64"
9676,"11,69"
9677,"32,64"
9678,"26,231"
9679,"74,118"
9680,"156,30"
9681,"21,28,3"
9682,"3,85"
9683,"290,93"
9684,"220,4"
9685,"220,145"
9686,"170,169"
9687,"143,199"
9688,"199,343"
9689,"138,135"
9690,"111,123"
9691,"48,30,219"
9692,"139,155,153"
9693,"329,356"
9694,"451,148,21"
9695,"11,44"
9696,"304,195"
9697,"220,221"
9698,"131,193,40"
9699,"475,348,255"
9700,"220,221"
9701,"255,462"
9702,"62,69,11"
9703,"170,169"
9704,"118,74"
9705,"38,64,23"
9706,"145,44"
9707,"402,145,44"
9708,"21,195"
9709,"323,170"
9710,"64,323"
9711,"159,131,166"
9712,"21,431"
9713,"21,28"
9714,"170,169"
9715,"65,64"
9716,"241,139"
9717,"199,259"
9718,"323,508,199"
9719,"72,49"
9720,"348,354"
9721,"346,313"
9722,"53,68"
9723,"21,148"
9724,"21,3"
9725,"21,108"
9726,"3,4"
9727,"250,241,131"
9728,"44,264"
9729,"65,64"
9730,"84,38"
9731,"42,30"
9732,"523,53"
9733,"456,271"
9734,"17,18"
9735,"309,49,165"
9736,"34,187,21"
9737,"93,64"
9738,"4,262,19"
9739,"241,155"
9740,"510,21"
9741,"220,145"
9742,"59,265"
9743,"169,199"
9744,"131,241"
9745,"44,73"
9746,"41,201"
9747,"3,21,22"
9748,"25,220"
9749,"87,137,38"
9750,"103,279,231"
9751,"248,155,139"
9752,"103,26"
9753,"26,350,271"
9754,"303,74"
9755,"220,53"
9756,"402,145"
9757,"131,226,40"
9758,"28,3,30"
9759,"44,496"
9760,"107,38"
9761,"303,71,165"
9762,"21,115"
9763,"220,65,64"
9764,"170,169"
9765,"250,131,41"
9766,"21,17,127"
9767,"24,181"
9768,"323,169,508"
9769,"21,3"
9770,"220,221"
9771,"19,4,375"
9772,"185,184"
9773,"64,93"
9774,"38,87"
9775,"145,146"
9776,"90,64"
9777,"21,3"
9778,"260,199"
9779,"287,53"
9780,"21,199"
9781,"170,169"
9782,"43,181"
9783,"231,26"
9784,"170,171,169"
9785,"3,4"
9786,"370,89"
9787,"265,349"
9788,"21,3,34"
9789,"128,130"
9790,"78,38"
9791,"170,323"
9792,"181,49"
9793,"139,241"
9794,"44,59"
9795,"43,24"
9796,"64,43"
9797,"159,166,143"
9798,"128,468"
9799,"220,242,221"
9800,"43,24"
9801,"311,21,187"
9802,"386,135"
9803,"177,30"
9804,"366,209"
9805,"17,18,168"
9806,"87,48,331"
9807,"22,21"
9808,"489,382,90"
9809,"113,28"
9810,"21,3"
9811,"323,239"
9812,"21,127"
9813,"43,24"
9814,"290,454,131"
9815,"139,160,135"
9816,"48,21,81"
9817,"369,206"
9818,"18,17,168"
9819,"64,65,524"
9820,"402,206"
9821,"106,105,89"
9822,"212,211"
9823,"131,40,193"
9824,"17,168,18"
9825,"38,303,137"
9826,"402,524"
9827,"31,328"
9828,"309,48"
9829,"199,170,169"
9830,"4,7"
9831,"3,28"
9832,"18,17"
9833,"5,428,506"
9834,"12,11"
9835,"456,271"
9836,"15,16"
9837,"220,242"
9838,"43,24"
9839,"374,459,199"
9840,"3,187,21"
9841,"4,3"
9842,"38,440"
9843,"44,402"
9844,"43,24"
9845,"152,494,160"
9846,"44,264,231"
9847,"265,349,271"
9848,"326,220,265"
9849,"90,64"
9850,"105,38"
9851,"301,85,21"
9852,"350,346,26"
9853,"43,24"
9854,"308,8"
9855,"21,148"
9856,"41,21"
9857,"220,221"
9858,"382,354,71"
9859,"148,451"
9860,"131,31"
9861,"431,199"
9862,"4,3"
9863,"220,54"
9864,"31,328"
9865,"271,449"
9866,"187,21"
9867,"21,187"
9868,"199,169"
9869,"317,186"
9870,"11,220"
9871,"157,523"
9872,"82,8,206"
9873,"199,21,169"
9874,"171,170"
9875,"287,15,53"
9876,"206,128,501"
9877,"28,46"
9878,"424,271,89"
9879,"41,21"
9880,"271,456"
9881,"199,169,259"
9882,"21,187,42"
9883,"199,343"
9884,"220,221,11"
9885,"128,130"
9886,"217,451"
9887,"107,118"
9888,"50,105"
9889,"360,271"
9890,"25,220"
9891,"4,435,3"
9892,"93,64"
9893,"171,170,169"
9894,"127,315"
9895,"156,3"
9896,"169,170,417"
9897,"3,188,30"
9898,"105,106"
9899,"21,48"
9900,"26,350"
9901,"31,96,402"
9902,"26,271"
9903,"90,64"
9904,"524,145,448"
9905,"33,36,111"
9906,"279,212"
9907,"96,31,258"
9908,"156,21,307"
9909,"53,85,21"
9910,"250,139,135"
9911,"402,145,54"
9912,"109,11,44"
9913,"169,199,251"
9914,"212,211"
9915,"230,229"
9916,"21,187"
9917,"38,137"
9918,"76,30,23"
9919,"43,24,71"
9920,"17,58,18"
9921,"160,149"
9922,"21,301"
9923,"21,22"
9924,"186,152"
9925,"186,41,40"
9926,"414,143"
9927,"11,69"
9928,"23,38,76"
9929,"18,17,168"
9930,"156,147"
9931,"199,169"
9932,"44,264,145"
9933,"169,274"
9934,"41,21"
9935,"3,53,4"
9936,"13,3,21"
9937,"271,0,206"
9938,"457,271"
9939,"169,170"
9940,"68,199"
9941,"65,43,24"
9942,"243,184,175"
9943,"239,49"
9944,"524,448"
9945,"481,428"
9946,"235,453"
9947,"206,38"
9948,"53,523"
9949,"96,31"
9950,"220,221,326"
9951,"8,206"
9952,"199,343,356"
9953,"220,17,11"
9954,"21,301"
9955,"21,28"
9956,"21,81,30"
9957,"153,401,13"
9958,"250,131,241"
9959,"15,16"
9960,"4,3"
9961,"220,25,242"
9962,"163,162"
9963,"131,40,226"
9964,"21,170,187"
9965,"21,301"
9966,"170,169"
9967,"44,145"
9968,"311,170,169"
9969,"131,193"
9970,"3,53"
9971,"21,311,187"
9972,"131,40,226"
9973,"15,144,139"
9974,"129,128"
9975,"171,170"
9976,"18,17"
9977,"265,206"
9978,"478,93,64"
9979,"43,370"
9980,"53,502,325"
9981,"93,43"
9982,"220,510"
9983,"354,360"
9984,"4,16"
9985,"21,3"
9986,"26,231"
9987,"38,231,308"
9988,"265,271,522"
9989,"4,3"
9990,"250,139"
9991,"184,185"
9992,"44,304"
9993,"199,265"
9994,"325,53,21"
9995,"220,221"
9996,"145,468,44"
9997,"243,71"
9998,"171,170"
9999,"346,313"
10000,"82,38"
10001,"30,121,451"
10002,"212,211,279"
10003,"199,169"
10004,"4,375,70"
10005,"421,208"
10006,"220,221"
10007,"93,474,65"
10008,"40,131,76"
10009,"296,336"
10010,"220,242,44"
10011,"170,260,169"
10012,"92,75,131"
10013,"190,435,21"
10014,"386,135"
10015,"485,190,3"
10016,"131,40"
10017,"24,64"
10018,"146,145"
10019,"271,360,272"
10020,"181,194,208"
10021,"250,155,175"
10022,"127,40,152"
10023,"402,145"
10024,"296,111,3"
10025,"43,242"
10026,"457,218,8"
10027,"457,8,350"
10028,"48,32"
10029,"74,451"
10030,"123,111"
10031,"229,230"
10032,"220,221"
10033,"21,111"
10034,"170,17"
10035,"204,13,3"
10036,"374,236,135"
10037,"157,53"
10038,"43,24"
10039,"21,41"
10040,"93,64"
10041,"26,89"
10042,"146,145"
10043,"40,131,76"
10044,"74,317"
10045,"508,199"
10046,"71,243"
10047,"220,265"
10048,"127,152,151"
10049,"69,11"
10050,"127,160,215"
10051,"508,145,199"
10052,"199,169,179"
10053,"206,8"
10054,"21,41"
10055,"21,17"
10056,"523,53"
10057,"199,259"
10058,"13,21,506"
10059,"18,17,3"
10060,"437,54,145"
10061,"367,21"
10062,"265,340"
10063,"31,96"
10064,"199,223"
10065,"239,43,60"
10066,"185,184"
10067,"431,199"
10068,"448,64"
10069,"220,221"
10070,"3,4"
10071,"187,21"
10072,"220,221"
10073,"308,326,38"
10074,"41,42"
10075,"128,40"
10076,"4,227"
10077,"64,43,65"
10078,"206,8"
10079,"171,31,169"
10080,"40,145,131"
10081,"93,64"
10082,"15,53"
10083,"478,131"
10084,"89,26"
10085,"21,22"
10086,"74,303"
10087,"44,145,402"
10088,"129,128"
10089,"21,3"
10090,"366,209"
10091,"21,48"
10092,"11,44,90"
10093,"186,128,324"
10094,"15,451"
10095,"12,11"
10096,"24,61"
10097,"53,99"
10098,"41,111"
10099,"21,190"
10100,"241,155,248"
10101,"183,3,4"
10102,"451,53,3"
10103,"265,349"
10104,"21,194"
10105,"260,218"
10106,"447,34,21"
10107,"190,3,31"
10108,"335,64,65"
10109,"508,169"
10110,"199,260,169"
10111,"279,265,521"
10112,"281,199"
10113,"21,3"
10114,"44,264,72"
10115,"241,139"
10116,"2,1,277"
10117,"220,221"
10118,"304,360"
10119,"104,169"
10120,"21,41"
10121,"220,221,326"
10122,"199,169"
10123,"216,304,0"
10124,"199,259"
10125,"181,61"
10126,"220,221"
10127,"44,11"
10128,"456,271"
10129,"44,402"
10130,"135,138"
10131,"265,271,438"
10132,"370,366"
10133,"301,21,85"
10134,"21,187"
10135,"350,26"
10136,"323,64"
10137,"311,528"
10138,"54,145"
10139,"275,53"
10140,"350,26"
10141,"12,11"
10142,"169,274,296"
10143,"199,169,260"
10144,"213,271,359"
10145,"145,264"
10146,"138,135,243"
10147,"199,179,169"
10148,"199,169"
10149,"15,53"
10150,"239,60"
10151,"41,21"
10152,"220,221"
10153,"128,130"
10154,"14,121,13"
10155,"21,48,66"
10156,"41,149,160"
10157,"28,235,8"
10158,"131,199"
10159,"49,265"
10160,"89,26"
10161,"43,24"
10162,"131,159"
10163,"49,24,239"
10164,"18,17"
10165,"195,507"
10166,"72,49,24"
10167,"271,0,77"
10168,"402,145"
10169,"64,448,80"
10170,"25,220"
10171,"21,265"
10172,"21,200"
10173,"3,147"
10174,"139,241"
10175,"147,30,42"
10176,"21,3"
10177,"185,184"
10178,"21,108"
10179,"21,48"
10180,"181,93"
10181,"139,102,248"
10182,"199,431,259"
10183,"12,11"
10184,"199,169,170"
10185,"135,236"
10186,"345,92"
10187,"46,34"
10188,"43,181"
10189,"220,221"
10190,"21,28"
10191,"248,139"
10192,"44,264"
10193,"44,264,524"
10194,"64,65"
10195,"42,385"
10196,"65,64,93"
10197,"21,148"
10198,"65,64"
10199,"333,118"
10200,"241,131,78"
10201,"3,30"
10202,"471,266,276"
10203,"220,326"
10204,"220,308,221"
10205,"109,54,402"
10206,"239,72"
10207,"327,0"
10208,"169,170,199"
10209,"43,402,65"
10210,"21,3"
10211,"234,60"
10212,"91,26,38"
10213,"31,328"
10214,"89,26"
10215,"11,59"
10216,"15,242,65"
10217,"464,2,1"
10218,"21,127"
10219,"32,30"
10220,"239,96"
10221,"4,287"
10222,"170,21"
10223,"21,3,30"
10224,"91,38,23"
10225,"89,296"
10226,"128,130"
10227,"141,135"
10228,"170,169"
10229,"82,38"
10230,"111,21"
10231,"6,5"
10232,"307,244,248"
10233,"111,267"
10234,"456,271"
10235,"93,64"
10236,"220,448,145"
10237,"138,459"
10238,"448,64"
10239,"160,302,41"
10240,"22,21"
10241,"91,38"
10242,"350,346"
10243,"169,199"
10244,"265,26,271"
10245,"44,38"
10246,"402,44,145"
10247,"176,4"
10248,"199,169"
10249,"3,4"
10250,"206,8"
10251,"283,317,74"
10252,"131,23,128"
10253,"26,89,308"
10254,"448,64,65"
10255,"21,22,190"
10256,"89,26"
10257,"271,469"
10258,"195,288,304"
10259,"391,8"
10260,"38,87,308"
10261,"21,3"
10262,"64,335,448"
10263,"145,67,44"
10264,"21,17"
10265,"41,166"
10266,"53,325,287"
10267,"265,349"
10268,"121,239"
10269,"323,169,199"
10270,"15,16"
10271,"32,38"
10272,"243,317"
10273,"21,148"
10274,"188,287"
10275,"185,184"
10276,"501,271,26"
10277,"41,21"
10278,"15,53"
10279,"90,64"
10280,"131,241"
10281,"181,43"
10282,"215,21"
10283,"265,384"
10284,"44,231"
10285,"148,21,111"
10286,"220,221"
10287,"111,74"
10288,"43,24"
10289,"199,223,169"
10290,"21,3"
10291,"21,17"
10292,"43,44,65"
10293,"111,123"
10294,"220,221,11"
10295,"145,146,283"
10296,"21,3,53"
10297,"72,12"
10298,"44,145"
10299,"138,135"
10300,"461,38"
10301,"456,271"
10302,"139,131,40"
10303,"21,3"
10304,"21,42"
10305,"218,446"
10306,"148,156,21"
10307,"21,48"
10308,"145,139,40"
10309,"12,11"
10310,"99,53"
10311,"156,21"
10312,"250,160,244"
10313,"402,145"
10314,"386,135"
10315,"53,523"
10316,"454,508"
10317,"21,108"
10318,"265,271"
10319,"170,169"
10320,"129,128"
10321,"254,212"
10322,"17,18,168"
10323,"220,287"
10324,"308,514,350"
10325,"42,41"
10326,"49,258"
10327,"43,24"
10328,"21,41,42"
10329,"4,3"
10330,"89,26"
10331,"21,190,111"
10332,"199,108"
10333,"289,40"
10334,"43,24"
10335,"3,21"
10336,"279,265"
10337,"280,271"
10338,"199,169,170"
10339,"17,18"
10340,"258,31,96"
10341,"3,21"
10342,"26,258"
10343,"146,145"
10344,"38,303,74"
10345,"74,118"
10346,"308,8"
10347,"351,26,255"
10348,"131,241"
10349,"96,31"
10350,"21,127"
10351,"64,65,335"
10352,"21,33"
10353,"93,74"
10354,"348,280"
10355,"460,300,296"
10356,"42,21"
10357,"127,152,151"
10358,"74,118"
10359,"21,199"
10360,"437,178,385"
10361,"74,317,89"
10362,"69,11"
10363,"148,21"
10364,"350,271"
10365,"169,199"
10366,"145,54"
10367,"255,462"
10368,"300,38,493"
10369,"44,145"
10370,"354,216,304"
10371,"44,24"
10372,"212,279"
10373,"267,111"
10374,"96,31"
10375,"186,41"
10376,"74,23"
10377,"248,199,187"
10378,"323,64"
10379,"368,131"
10380,"59,49,231"
10381,"311,21"
10382,"349,265,89"
10383,"402,220"
10384,"131,40"
10385,"402,145"
10386,"188,435"
10387,"42,385,41"
10388,"239,93,60"
10389,"44,242"
10390,"457,387"
10391,"74,165"
10392,"304,279"
10393,"4,188"
10394,"20,523,30"
10395,"48,124,41"
10396,"4,7"
10397,"245,93"
10398,"265,349"
10399,"241,131"
10400,"89,231,26"
10401,"234,60,11"
10402,"508,134,306"
10403,"199,21"
10404,"44,145"
10405,"145,44"
10406,"68,199,21"
10407,"147,148"
10408,"323,64,508"
10409,"43,24"
10410,"290,53,300"
10411,"3,21,200"
10412,"327,0,38"
10413,"231,26"
10414,"17,21,18"
10415,"15,194"
10416,"131,40"
10417,"3,4"
10418,"265,340,349"
10419,"12,11"
10420,"93,306"
10421,"524,64"
10422,"93,64"
10423,"93,64"
10424,"123,111"
10425,"303,165,74"
10426,"43,24"
10427,"21,325,124"
10428,"170,169,323"
10429,"402,145"
10430,"138,135"
10431,"12,11"
10432,"402,145"
10433,"32,30,308"
10434,"190,111"
10435,"26,231,308"
10436,"4,19"
10437,"282,111"
10438,"41,21,42"
10439,"134,31"
10440,"81,30"
10441,"296,274,169"
10442,"234,467"
10443,"44,145,64"
10444,"21,169,311"
10445,"241,296,131"
10446,"140,139,204"
10447,"199,356"
10448,"171,170"
10449,"248,199,169"
10450,"145,44"
10451,"42,160"
10452,"199,260,169"
10453,"4,3"
10454,"199,170"
10455,"181,64"
10456,"145,146"
10457,"206,8"
10458,"220,510"
10459,"235,488"
10460,"118,74"
10461,"12,11"
10462,"271,272"
10463,"4,3"
10464,"163,162,38"
10465,"54,326,145"
10466,"69,11,61"
10467,"199,169"
10468,"391,8"
10469,"0,271"
10470,"220,221"
10471,"38,308,87"
10472,"220,510"
10473,"4,19"
10474,"169,199"
10475,"48,21"
10476,"274,170,296"
10477,"53,17"
10478,"195,92,124"
10479,"160,152"
10480,"20,3,4"
10481,"166,160,159"
10482,"42,21,76"
10483,"96,258,31"
10484,"220,221"
10485,"43,24"
10486,"169,64"
10487,"431,169"
10488,"156,111,3"
10489,"296,306"
10490,"21,42"
10491,"199,21"
10492,"64,247"
10493,"131,134,40"
10494,"171,169,170"
10495,"18,17"
10496,"11,221,12"
10497,"36,33,21"
10498,"374,459,199"
10499,"2,199,1"
10500,"370,89"
10501,"93,64"
10502,"131,139"
10503,"421,229"
10504,"175,128"
10505,"500,4"
10506,"89,26"
10507,"21,53"
10508,"131,134"
10509,"448,524"
10510,"17,18,21"
10511,"131,241"
10512,"26,89,91"
10513,"231,118"
10514,"43,242"
10515,"131,40"
10516,"206,8,454"
10517,"12,11"
10518,"190,195,21"
10519,"88,38"
10520,"93,64"
10521,"65,64"
10522,"41,131,40"
10523,"296,428"
10524,"3,42"
10525,"143,382"
10526,"44,145"
10527,"145,44"
10528,"74,38"
10529,"220,508"
10530,"391,8"
10531,"41,40"
10532,"44,69"
10533,"21,187"
10534,"346,271"
10535,"4,38"
10536,"38,308"
10537,"21,30"
10538,"38,303,74"
10539,"160,315"
10540,"21,3"
10541,"93,64"
10542,"323,199,64"
10543,"315,160"
10544,"428,111,26"
10545,"89,26"
10546,"474,176"
10547,"11,69"
10548,"147,528,36"
10549,"271,522,291"
10550,"32,31,328"
10551,"402,145"
10552,"34,41"
10553,"296,128"
10554,"41,111"
10555,"64,448"
10556,"182,53"
10557,"49,24"
10558,"76,41,40"
10559,"134,131,40"
10560,"82,38,89"
10561,"74,38,76"
10562,"181,323"
10563,"44,11"
10564,"44,264"
10565,"182,42,284"
10566,"64,239"
10567,"44,145"
10568,"43,24"
10569,"3,5"
10570,"21,33"
10571,"386,135"
10572,"26,231"
10573,"105,262,265"
10574,"12,221"
10575,"303,382"
10576,"456,271"
10577,"38,91"
10578,"21,3"
10579,"131,193,40"
10580,"220,326"
10581,"304,216"
10582,"170,311"
10583,"475,214"
10584,"169,199"
10585,"265,349"
10586,"265,59"
10587,"134,40,131"
10588,"69,11"
10589,"63,82"
10590,"170,21"
10591,"170,260"
10592,"44,145"
10593,"105,50"
10594,"241,131"
10595,"21,250"
10596,"44,145"
10597,"349,265"
10598,"62,74"
10599,"38,493"
10600,"304,0,216"
10601,"17,139,248"
10602,"234,402,322"
10603,"128,129"
10604,"300,371,296"
10605,"375,70,4"
10606,"448,64"
10607,"111,123"
10608,"148,21"
10609,"18,17"
10610,"248,250"
10611,"21,3"
10612,"93,64"
10613,"323,64"
10614,"42,21"
10615,"3,200,85"
10616,"21,42,30"
10617,"44,478"
10618,"21,164"
10619,"65,242,64"
10620,"21,194"
10621,"128,130"
10622,"169,199"
10623,"38,137"
10624,"129,128"
10625,"26,89"
10626,"454,31"
10627,"271,26"
10628,"508,199"
10629,"5,21"
10630,"21,250"
10631,"26,350"
10632,"220,454"
10633,"265,59"
10634,"448,64,524"
10635,"199,223"
10636,"21,53"
10637,"36,35"
10638,"30,178"
10639,"41,21,139"
10640,"308,8"
10641,"340,265"
10642,"64,357"
10643,"5,57,6"
10644,"43,64"
10645,"264,145"
10646,"160,356"
10647,"399,321"
10648,"82,38"
10649,"64,65"
10650,"44,45"
10651,"44,38"
10652,"38,23"
10653,"21,68,124"
10654,"129,128"
10655,"12,11"
10656,"131,40,226"
10657,"456,271"
10658,"231,26"
10659,"350,26,271"
10660,"15,16"
10661,"139,250,21"
10662,"43,24"
10663,"25,131,64"
10664,"169,170,417"
10665,"456,271,0"
10666,"41,186"
10667,"156,225"
10668,"89,26"
10669,"287,53"
10670,"220,221"
10671,"257,271"
10672,"195,5,21"
10673,"43,24,31"
10674,"26,456"
10675,"21,3"
10676,"336,306"
10677,"457,218"
10678,"49,384"
10679,"96,31"
10680,"199,169,179"
10681,"3,4"
10682,"21,48,76"
10683,"131,40,226"
10684,"189,135,21"
10685,"21,42"
10686,"456,271"
10687,"508,245,169"
10688,"38,107"
10689,"494,131,184"
10690,"169,431,199"
10691,"199,169"
10692,"219,53"
10693,"148,528,147"
10694,"218,38"
10695,"396,195"
10696,"228,3,5"
10697,"4,435"
10698,"3,4"
10699,"271,255,214"
10700,"90,64"
10701,"44,145"
10702,"21,22"
10703,"448,64,524"
10704,"220,387"
10705,"91,103"
10706,"215,486,131"
10707,"435,3"
10708,"21,48,81"
10709,"21,187"
10710,"68,199,182"
10711,"235,8"
10712,"43,24"
10713,"323,169"
10714,"93,64"
10715,"399,265"
10716,"93,64"
10717,"43,24"
10718,"4,447,64"
10719,"96,31"
10720,"170,169"
10721,"437,96"
10722,"300,296"
10723,"4,3"
10724,"111,112,41"
10725,"49,418,265"
10726,"220,221"
10727,"170,21"
10728,"44,11"
10729,"273,265"
10730,"199,169"
10731,"24,43"
10732,"271,265"
10733,"17,168,18"
10734,"21,367"
10735,"271,456"
10736,"65,242,64"
10737,"30,32"
10738,"21,115"
10739,"523,53"
10740,"21,3"
10741,"241,131"
10742,"11,44"
10743,"41,339"
10744,"241,155"
10745,"135,138"
10746,"255,462"
10747,"44,11,45"
10748,"64,170"
10749,"5,6,3"
10750,"17,21"
10751,"131,23,38"
10752,"431,199"
10753,"220,145,11"
10754,"193,40"
10755,"44,11"
10756,"0,212"
10757,"44,26"
10758,"3,4,265"
10759,"308,456,26"
10760,"18,17,168"
10761,"107,38"
10762,"48,30"
10763,"21,199"
10764,"129,77"
10765,"4,3"
10766,"129,89,241"
10767,"17,18"
10768,"199,1,513"
10769,"15,451"
10770,"43,24"
10771,"199,169,281"
10772,"41,149"
10773,"199,281"
10774,"44,11,109"
10775,"241,135"
10776,"170,21"
10777,"220,53"
10778,"21,76,3"
10779,"276,265,346"
10780,"4,3"
10781,"220,242"
10782,"257,446"
10783,"21,187"
10784,"305,111"
10785,"21,34"
10786,"21,41"
10787,"145,370"
10788,"199,169,223"
10789,"216,370"
10790,"199,169"
10791,"43,24"
10792,"214,213,271"
10793,"121,15,85"
10794,"243,169"
10795,"41,186,139"
10796,"4,3"
10797,"199,187,155"
10798,"3,21,194"
10799,"181,24"
10800,"220,242"
10801,"146,283"
10802,"317,74"
10803,"137,38"
10804,"235,453,464"
10805,"448,524,79"
10806,"62,53,430"
10807,"21,190"
10808,"65,25,64"
10809,"26,89,308"
10810,"138,135"
10811,"21,53"
10812,"239,93,64"
10813,"229,421"
10814,"93,111"
10815,"199,91"
10816,"44,145"
10817,"231,26"
10818,"231,26,44"
10819,"93,64"
10820,"271,456"
10821,"30,21"
10822,"220,53"
10823,"282,111,96"
10824,"64,93"
10825,"43,24"
10826,"220,454"
10827,"493,240,23"
10828,"306,170,169"
10829,"241,111"
10830,"59,205"
10831,"375,176"
10832,"354,216"
10833,"187,34,21"
10834,"4,262"
10835,"190,21"
10836,"303,74"
10837,"91,38"
10838,"18,21,17"
10839,"145,402,220"
10840,"131,40,128"
10841,"62,74,456"
10842,"422,522,271"
10843,"304,216,0"
10844,"216,1,271"
10845,"21,53,42"
10846,"337,169"
10847,"53,21,182"
10848,"89,26"
10849,"228,3"
10850,"93,64"
10851,"257,0"
10852,"44,38,145"
10853,"231,118"
10854,"190,4"
10855,"231,26"
10856,"468,163,128"
10857,"271,456"
10858,"25,44"
10859,"300,508,333"
10860,"89,218"
10861,"74,62"
10862,"311,187,21"
10863,"220,221,242"
10864,"42,404"
10865,"64,65"
10866,"454,508,31"
10867,"220,145"
10868,"265,205,59"
10869,"296,31"
10870,"18,17"
10871,"220,221"
10872,"456,271"
10873,"244,135,250"
10874,"131,40"
10875,"209,366"
10876,"255,462"
10877,"165,74"
10878,"289,128"
10879,"118,38"
10880,"206,8"
10881,"92,489"
10882,"21,474,53"
10883,"121,120,217"
10884,"328,31"
10885,"243,184,74"
10886,"220,326,221"
10887,"145,43"
10888,"64,65,335"
10889,"44,264,145"
10890,"275,53"
10891,"21,30"
10892,"356,143"
10893,"15,16"
10894,"271,213"
10895,"4,19"
10896,"22,21"
10897,"3,111"
10898,"32,30"
10899,"258,508"
10900,"30,21,28"
10901,"21,28"
10902,"41,135"
10903,"21,128"
10904,"241,131,96"
10905,"44,402"
10906,"53,325"
10907,"431,199"
10908,"460,296"
10909,"138,135"
10910,"17,3"
10911,"21,3"
10912,"90,64"
10913,"231,26"
10914,"21,3,22"
10915,"44,145"
10916,"93,64"
10917,"0,265,340"
10918,"26,231,89"
10919,"4,3"
10920,"4,3"
10921,"335,26,89"
10922,"129,322"
10923,"65,64"
10924,"8,235,306"
10925,"40,496"
10926,"206,308"
10927,"296,452"
10928,"17,21,168"
10929,"40,195,128"
10930,"28,3"
10931,"93,64"
10932,"43,24"
10933,"265,349,456"
10934,"38,47"
10935,"145,54"
10936,"350,26,271"
10937,"370,65"
10938,"21,135,30"
10939,"65,428"
10940,"239,43"
10941,"21,164"
10942,"308,271,456"
10943,"49,418,24"
10944,"4,19"
10945,"21,127"
10946,"218,446"
10947,"138,135"
10948,"448,64"
10949,"26,89"
10950,"206,8"
10951,"229,230"
10952,"30,177"
10953,"62,53,69"
10954,"402,145"
10955,"23,76,89"
10956,"220,326"
10957,"4,3"
10958,"21,53"
10959,"49,296"
10960,"337,169"
10961,"30,21"
10962,"44,111"
10963,"44,145"
10964,"43,24"
10965,"43,24"
10966,"186,41"
10967,"199,169"
10968,"21,200"
10969,"508,258,245"
10970,"81,48"
10971,"456,271,429"
10972,"148,21"
10973,"138,135"
10974,"239,121"
10975,"53,467"
10976,"43,24"
10977,"21,385"
10978,"21,187,53"
10979,"279,216"
10980,"189,135"
10981,"15,16"
10982,"21,311"
10983,"145,370"
10984,"181,43"
10985,"111,343,36"
10986,"350,26"
10987,"128,130"
10988,"41,42"
10989,"220,221"
10990,"354,216"
10991,"195,128"
10992,"128,130,129"
10993,"182,111,68"
10994,"17,18"
10995,"115,21"
10996,"21,311"
10997,"94,143"
10998,"131,40,134"
10999,"21,108"
11000,"296,452,300"
11001,"171,170"
11002,"47,131"
11003,"26,89"
11004,"76,41"
11005,"3,28"
11006,"12,11"
11007,"163,175,155"
11008,"308,89,26"
11009,"64,335"
11010,"239,60"
11011,"220,221"
11012,"220,145"
11013,"134,131,40"
11014,"370,145,44"
11015,"260,145"
11016,"199,179,169"
11017,"170,169"
11018,"402,145"
11019,"508,31,170"
11020,"186,128"
11021,"8,391"
11022,"44,145"
11023,"76,40"
11024,"260,199"
11025,"32,43"
11026,"129,128"
11027,"333,296,336"
11028,"111,48"
11029,"181,43"
11030,"131,241"
11031,"134,171,169"
11032,"31,96"
11033,"190,3,195"
11034,"456,26,271"
11035,"508,345"
11036,"435,3"
11037,"402,44,264"
11038,"38,87"
11039,"118,231"
11040,"485,296,311"
11041,"171,170"
11042,"190,30"
11043,"265,349,340"
11044,"350,346"
11045,"314,271"
11046,"178,42"
11047,"402,296"
11048,"199,223,169"
11049,"279,249,464"
11050,"223,199"
11051,"296,452,420"
11052,"3,200,41"
11053,"220,221"
11054,"231,118"
11055,"49,24"
11056,"40,131"
11057,"74,241"
11058,"93,64"
11059,"96,31"
11060,"170,169"
11061,"370,454,169"
11062,"263,188"
11063,"496,395"
11064,"129,40"
11065,"448,524,64"
11066,"271,0,170"
11067,"44,145"
11068,"64,473,65"
11069,"8,308"
11070,"43,24"
11071,"170,169"
11072,"21,3"
11073,"220,242"
11074,"81,30"
11075,"194,99,3"
11076,"129,131"
11077,"199,21"
11078,"181,323"
11079,"65,64,93"
11080,"456,271"
11081,"128,130"
11082,"17,53"
11083,"3,451"
11084,"44,72"
11085,"49,24"
11086,"199,78"
11087,"524,145,169"
11088,"109,69,11"
11089,"199,169"
11090,"402,145"
11091,"30,22"
11092,"105,50"
11093,"206,38"
11094,"350,26"
11095,"329,356"
11096,"456,409,271"
11097,"63,128"
11098,"82,38,39"
11099,"131,226"
11100,"82,38"
11101,"241,131"
11102,"31,258,96"
11103,"42,21"
11104,"3,4"
11105,"169,274,170"
11106,"44,145"
11107,"300,202"
11108,"348,271,475"
11109,"131,40,226"
11110,"44,73"
11111,"448,64"
11112,"303,165,74"
11113,"49,396"
11114,"21,53,325"
11115,"199,169"
11116,"206,369"
11117,"220,242"
11118,"90,64"
11119,"152,151,127"
11120,"96,31"
11121,"21,30"
11122,"351,0"
11123,"21,194"
11124,"4,331,3"
11125,"21,301"
11126,"131,241,406"
11127,"32,48,38"
11128,"214,213"
11129,"26,456"
11130,"61,72"
11131,"478,245,31"
11132,"74,165,317"
11133,"366,209"
11134,"118,74"
11135,"8,270"
11136,"510,89"
11137,"311,337"
11138,"255,0"
11139,"17,18"
11140,"160,315"
11141,"279,265"
11142,"265,399"
11143,"21,127,3"
11144,"24,145"
11145,"220,221"
11146,"15,121,16"
11147,"89,76,103"
11148,"41,201,127"
11149,"135,250"
11150,"231,26"
11151,"111,404,123"
11152,"43,24"
11153,"93,64"
11154,"509,21"
11155,"164,41"
11156,"134,131"
11157,"181,24"
11158,"265,38"
11159,"199,169,170"
11160,"21,76"
11161,"220,454"
11162,"402,145"
11163,"115,21"
11164,"102,21"
11165,"43,24"
11166,"220,221"
11167,"402,44,145"
11168,"220,145"
11169,"454,220"
11170,"64,448"
11171,"5,3"
11172,"366,209"
11173,"163,250"
11174,"106,84"
11175,"199,26"
11176,"221,12"
11177,"156,3"
11178,"41,241"
11179,"195,459,296"
11180,"44,145"
11181,"187,34"
11182,"494,40,151"
11183,"49,265"
11184,"343,199,356"
11185,"38,44"
11186,"68,182"
11187,"239,199"
11188,"3,122"
11189,"206,8"
11190,"402,31"
11191,"231,103"
11192,"271,285,279"
11193,"53,474"
11194,"435,4"
11195,"63,128"
11196,"49,31"
11197,"170,169"
11198,"508,62"
11199,"199,169"
11200,"93,64"
11201,"309,48"
11202,"206,265,279"
11203,"348,265,280"
11204,"3,21"
11205,"93,64"
11206,"175,128"
11207,"36,35"
11208,"93,64,448"
11209,"93,65,181"
11210,"43,24"
11211,"304,216"
11212,"457,387"
11213,"187,21"
11214,"131,40,226"
11215,"448,64,80"
11216,"199,343"
11217,"11,44"
11218,"170,131"
11219,"187,21,311"
11220,"71,145"
11221,"89,26"
11222,"49,91,78"
11223,"209,271"
11224,"40,131,76"
11225,"431,169,199"
11226,"220,242"
11227,"21,199"
11228,"15,3"
11229,"38,23,308"
11230,"199,169"
11231,"49,296"
11232,"271,529"
11233,"25,220"
11234,"89,279"
11235,"106,105"
11236,"47,128"
11237,"21,3"
11238,"17,194"
11239,"43,24"
11240,"4,21"
11241,"40,134,454"
11242,"309,106"
11243,"209,265"
11244,"64,65"
11245,"212,211"
11246,"30,3"
11247,"220,221"
11248,"30,21,81"
11249,"15,451"
11250,"169,454,508"
11251,"199,343"
11252,"271,265"
11253,"21,76"
11254,"328,31"
11255,"384,297"
11256,"11,72"
11257,"65,64,44"
11258,"15,16,3"
11259,"239,21,64"
11260,"64,65,448"
11261,"220,242,209"
11262,"199,356"
11263,"44,197"
11264,"156,21"
11265,"199,260,169"
11266,"76,241,250"
11267,"326,387,220"
11268,"494,152,127"
11269,"139,155,241"
11270,"265,349"
11271,"21,124"
11272,"369,208"
11273,"43,32"
11274,"308,26"
11275,"402,43,65"
11276,"175,145,283"
11277,"135,244"
11278,"456,271"
11279,"38,87"
11280,"339,337"
11281,"91,38"
11282,"44,264"
11283,"187,21,34"
11284,"212,0"
11285,"368,131"
11286,"44,64"
11287,"169,170"
11288,"145,44"
11289,"459,170"
11290,"145,44"
11291,"402,145"
11292,"188,3,4"
11293,"89,265,349"
11294,"32,131"
11295,"17,18"
11296,"64,448,524"
11297,"356,199,343"
11298,"53,21"
11299,"448,64,524"
11300,"24,71"
11301,"135,138"
11302,"21,3"
11303,"169,170,179"
11304,"64,93,239"
11305,"96,21"
11306,"53,287"
11307,"61,181"
11308,"137,38"
11309,"418,265,349"
11310,"15,53"
11311,"201,41"
11312,"265,349"
11313,"49,239"
11314,"138,135"
11315,"38,84"
11316,"30,190"
11317,"220,53"
11318,"199,260"
11319,"170,53"
11320,"4,3,331"
11321,"44,402,145"
11322,"0,216,304"
11323,"220,296,265"
11324,"181,93"
11325,"64,44"
11326,"145,44,397"
11327,"204,13"
11328,"89,289"
11329,"32,43"
11330,"296,311"
11331,"243,175"
11332,"32,89"
11333,"53,15"
11334,"170,169"
11335,"220,221"
11336,"119,111"
11337,"128,195"
11338,"295,30,243"
11339,"43,24"
11340,"199,169"
11341,"327,8"
11342,"171,31,134"
11343,"220,221"
11344,"21,5"
11345,"93,64"
11346,"21,127,42"
11347,"368,131,40"
11348,"323,170"
11349,"260,169"
11350,"41,21"
11351,"4,3"
11352,"481,328,258"
11353,"93,64"
11354,"170,169,199"
11355,"21,53"
11356,"21,5"
11357,"199,260"
11358,"235,446,8"
11359,"21,115"
11360,"295,135"
11361,"239,93,64"
11362,"38,87,145"
11363,"17,168,18"
11364,"44,145"
11365,"81,30"
11366,"220,242"
11367,"4,169"
11368,"49,44"
11369,"15,287"
11370,"456,271"
11371,"76,250,131"
11372,"21,3,42"
11373,"44,145,402"
11374,"135,138"
11375,"399,363"
11376,"21,139"
11377,"220,326"
11378,"271,456,457"
11379,"220,242"
11380,"131,134"
11381,"17,18,168"
11382,"457,218"
11383,"8,350,308"
11384,"49,239"
11385,"49,328,39"
11386,"89,26"
11387,"21,22,190"
11388,"21,187"
11389,"85,53"
11390,"12,11"
11391,"53,68"
11392,"368,78"
11393,"175,128,494"
11394,"145,402"
11395,"220,454"
11396,"78,131,406"
11397,"231,26"
11398,"231,91,26"
11399,"199,169"
11400,"169,170,251"
11401,"456,271"
11402,"42,76,21"
11403,"206,418"
11404,"402,145,31"
11405,"84,38"
11406,"156,147"
11407,"8,391"
11408,"220,11,17"
11409,"57,5,3"
11410,"303,74"
11411,"138,135"
11412,"21,127"
11413,"21,108"
11414,"63,89"
11415,"74,247,303"
11416,"113,430"
11417,"175,404"
11418,"199,21"
11419,"43,65,242"
11420,"323,170"
11421,"306,371,38"
11422,"290,53"
11423,"8,235"
11424,"137,38,303"
11425,"76,289"
11426,"190,3"
11427,"129,128"
11428,"49,418"
11429,"169,170,179"
11430,"220,53"
11431,"129,128"
11432,"3,30"
11433,"12,11"
11434,"220,242"
11435,"44,11"
11436,"166,128"
11437,"77,31"
11438,"435,4,3"
11439,"145,146"
11440,"185,184"
11441,"44,145"
11442,"156,21"
11443,"523,53"
11444,"402,145"
11445,"21,48"
11446,"295,135"
11447,"41,186"
11448,"199,21"
11449,"15,16"
11450,"93,239,64"
11451,"129,131,40"
11452,"3,21,56"
11453,"206,0"
11454,"370,44"
11455,"148,21"
11456,"300,53"
11457,"220,221"
11458,"21,190,30"
11459,"44,145"
11460,"308,8,514"
11461,"370,44"
11462,"33,111,21"
11463,"220,221,326"
11464,"105,50,326"
11465,"156,21"
11466,"220,265"
11467,"30,177"
11468,"474,176,53"
11469,"74,303,242"
11470,"199,281,169"
11471,"49,296"
11472,"4,3"
11473,"44,11"
11474,"44,38"
11475,"21,53"
11476,"20,330"
11477,"271,456"
11478,"53,111"
11479,"64,65"
11480,"175,71,243"
11481,"44,11"
11482,"21,3"
11483,"402,43,145"
11484,"49,199"
11485,"456,265"
11486,"220,508"
11487,"143,199,494"
11488,"89,370"
11489,"4,3"
11490,"15,34"
11491,"40,131"
11492,"49,258"
11493,"171,170"
11494,"0,212,304"
11495,"354,216"
11496,"32,89"
11497,"300,202,53"
11498,"356,170"
11499,"96,31"
11500,"235,8"
11501,"3,111,4"
11502,"3,30"
11503,"89,26"
11504,"15,17,3"
11505,"456,160"
11506,"94,23"
11507,"6,5"
11508,"21,301,5"
11509,"170,329,459"
11510,"15,16"
11511,"65,64"
11512,"3,385"
11513,"187,21"
11514,"220,221"
11515,"452,296,306"
11516,"199,169,223"
11517,"187,34"
11518,"40,41"
11519,"170,323"
11520,"111,30,3"
11521,"152,315,151"
11522,"128,129,40"
11523,"38,303"
11524,"91,38"
11525,"170,260,508"
11526,"220,221"
11527,"93,64"
11528,"182,175"
11529,"199,343"
11530,"323,169,508"
11531,"451,3"
11532,"295,135"
11533,"4,3"
11534,"69,64"
11535,"21,3"
11536,"103,26,231"
11537,"44,11"
11538,"44,62,73"
11539,"69,64,65"
11540,"367,287,292"
11541,"44,264,145"
11542,"170,169,223"
11543,"93,64"
11544,"135,41"
11545,"44,64,11"
11546,"170,53"
11547,"30,316,181"
11548,"402,131"
11549,"40,195"
11550,"40,131,166"
11551,"245,31"
11552,"129,128,131"
11553,"138,135"
11554,"131,193,258"
11555,"231,26"
11556,"21,187"
11557,"239,93,64"
11558,"38,309,440"
11559,"3,21"
11560,"21,182"
11561,"220,4"
11562,"61,181"
11563,"522,271"
11564,"248,139"
11565,"40,76,131"
11566,"265,220"
11567,"129,128"
11568,"376,271"
11569,"190,295"
11570,"169,199"
11571,"49,396"
11572,"11,44"
11573,"38,88"
11574,"206,8"
11575,"265,349"
11576,"105,50"
11577,"448,524"
11578,"170,21,187"
11579,"21,325"
11580,"350,26"
11581,"446,199,265"
11582,"105,106,65"
11583,"4,389"
11584,"22,21"
11585,"30,81"
11586,"118,74"
11587,"15,3"
11588,"456,308"
11589,"190,3,53"
11590,"64,65,448"
11591,"152,186"
11592,"323,169,199"
11593,"44,370,145"
11594,"265,220"
11595,"199,169"
11596,"323,181,239"
11597,"242,65"
11598,"21,111"
11599,"239,60"
11600,"192,74"
11601,"356,199,169"
11602,"187,21"
11603,"38,137,303"
11604,"64,65,90"
11605,"265,456,276"
11606,"152,315,151"
11607,"234,127"
11608,"456,271"
11609,"96,31,382"
11610,"139,140,21"
11611,"181,93,64"
11612,"3,17,21"
11613,"93,64"
11614,"21,41,127"
11615,"511,349,265"
11616,"17,21,139"
11617,"241,131"
11618,"71,243"
11619,"47,468"
11620,"145,40,131"
11621,"260,199,169"
11622,"21,41"
11623,"74,317,165"
11624,"17,18,21"
11625,"72,24"
11626,"39,38"
11627,"327,265"
11628,"21,41"
11629,"169,199,170"
11630,"143,129,159"
11631,"38,197,290"
11632,"53,21"
11633,"220,242,221"
11634,"74,118"
11635,"197,44"
11636,"21,22"
11637,"11,12"
11638,"106,105"
11639,"131,78,94"
11640,"181,190"
11641,"93,64"
11642,"49,265"
11643,"71,38"
11644,"36,21"
11645,"145,54"
11646,"40,131,226"
11647,"90,489,296"
11648,"99,53"
11649,"159,131,166"
11650,"109,69"
11651,"21,17"
11652,"308,456"
11653,"212,211"
11654,"43,24"
11655,"44,11"
11656,"131,40,226"
11657,"21,200,194"
11658,"3,4"
11659,"26,89"
11660,"111,435"
11661,"220,145"
11662,"24,43"
11663,"220,221"
11664,"187,34,143"
11665,"17,21,18"
11666,"220,64,65"
11667,"138,135"
11668,"69,62"
11669,"195,296,77"
11670,"17,18"
11671,"137,38"
11672,"240,91"
11673,"303,74"
11674,"62,430"
11675,"508,170"
11676,"459,170"
11677,"199,343"
11678,"456,271"
11679,"308,456,409"
11680,"65,64,43"
11681,"43,44,242"
11682,"220,221"
11683,"181,61"
11684,"181,43,323"
11685,"169,241,248"
11686,"123,111,267"
11687,"408,128,21"
11688,"25,242"
11689,"85,385,21"
11690,"74,467"
11691,"418,71,145"
11692,"181,64"
11693,"4,3"
11694,"351,456"
11695,"5,57"
11696,"199,169,223"
11697,"212,216"
11698,"346,313"
11699,"3,21"
11700,"170,169,454"
11701,"111,53,523"
11702,"199,111"
11703,"402,44,145"
11704,"402,448,524"
11705,"28,21"
11706,"53,157"
11707,"18,17"
11708,"239,49"
11709,"212,216,0"
11710,"135,138"
11711,"4,7"
11712,"62,478"
11713,"93,64"
11714,"93,64"
11715,"502,53"
11716,"43,323,181"
11717,"41,76,40"
11718,"199,259,431"
11719,"26,350"
11720,"21,42"
11721,"21,311"
11722,"275,68"
11723,"62,335,64"
11724,"300,202"
11725,"190,295"
11726,"337,339"
11727,"11,69"
11728,"123,175,111"
11729,"25,109"
11730,"4,7,19"
11731,"279,271,424"
11732,"243,40"
11733,"131,40"
11734,"170,21"
11735,"31,258"
11736,"111,32"
11737,"94,303"
11738,"206,8"
11739,"38,264,44"
11740,"220,326"
11741,"3,111"
11742,"21,156"
11743,"274,169"
11744,"21,22"
11745,"523,157"
11746,"104,30,169"
11747,"17,21"
11748,"3,15"
11749,"199,169"
11750,"186,128"
11751,"199,223,169"
11752,"21,5"
11753,"72,11,65"
11754,"96,258,31"
11755,"43,24"
11756,"11,205"
11757,"96,258,31"
11758,"64,65"
11759,"323,64,169"
11760,"94,91,38"
11761,"141,30,118"
11762,"42,21,41"
11763,"190,267,111"
11764,"21,148"
11765,"17,18"
11766,"304,209"
11767,"21,301"
11768,"15,144"
11769,"199,169"
11770,"21,108"
11771,"21,311,124"
11772,"15,16"
11773,"170,337"
11774,"356,169"
11775,"241,131"
11776,"64,448,80"
11777,"68,21"
11778,"64,448,524"
11779,"69,11"
11780,"64,448"
11781,"170,169"
11782,"170,169,259"
11783,"49,258"
11784,"43,24"
11785,"72,24"
11786,"199,169"
11787,"4,3,435"
11788,"181,43"
11789,"131,40,226"
11790,"156,21,225"
11791,"129,402"
11792,"105,50"
11793,"62,308,199"
11794,"454,508,336"
11795,"129,337"
11796,"63,38"
11797,"221,11"
11798,"38,137,91"
11799,"21,189"
11800,"235,257,453"
11801,"3,200"
11802,"21,194,99"
11803,"3,5"
11804,"21,53"
11805,"21,311,170"
11806,"21,199"
11807,"175,128"
11808,"92,345"
11809,"64,65"
11810,"21,186"
11811,"402,25"
11812,"21,85,53"
11813,"186,17"
11814,"44,145"
11815,"185,131,184"
11816,"163,162"
11817,"4,19"
11818,"11,69"
11819,"199,2,169"
11820,"30,81"
11821,"494,151,152"
11822,"308,454,287"
11823,"220,508"
11824,"456,271"
11825,"21,53"
11826,"145,76,54"
11827,"457,0,82"
11828,"139,248"
11829,"234,30,300"
11830,"11,3,190"
11831,"282,171"
11832,"145,220,326"
11833,"148,147"
11834,"456,26,271"
11835,"195,265"
11836,"456,271"
11837,"26,350"
11838,"134,131"
11839,"21,48"
11840,"163,162"
11841,"375,4,19"
11842,"72,24"
11843,"0,277,432"
11844,"308,44,8"
11845,"43,24,64"
11846,"82,38"
11847,"199,21"
11848,"271,0"
11849,"44,145,197"
11850,"118,456,74"
11851,"346,313"
11852,"0,265,349"
11853,"26,213,350"
11854,"170,21"
11855,"220,326"
11856,"109,24,72"
11857,"64,65,524"
11858,"111,182,472"
11859,"32,300"
11860,"457,265"
11861,"11,90"
11862,"74,118,467"
11863,"220,221"
11864,"199,68"
11865,"127,152"
11866,"44,145,264"
11867,"431,199"
11868,"90,64"
11869,"17,18"
11870,"301,21,85"
11871,"44,67"
11872,"4,3"
11873,"44,264"
11874,"17,18"
11875,"265,208,349"
11876,"38,30,76"
11877,"15,16"
11878,"206,369"
11879,"160,315"
11880,"478,65"
11881,"194,128,129"
11882,"138,459,135"
11883,"170,259"
11884,"235,446"
11885,"271,26,456"
11886,"170,21"
11887,"206,8"
11888,"4,3"
11889,"21,53"
11890,"327,8"
11891,"220,221"
11892,"17,18"
11893,"333,296"
11894,"199,49,418"
11895,"251,169,26"
11896,"220,454,221"
11897,"220,11"
11898,"11,69"
11899,"99,21"
11900,"248,199,170"
11901,"170,21"
11902,"171,170"
11903,"508,448"
11904,"41,82"
11905,"11,69"
11906,"44,45"
11907,"64,65,93"
11908,"18,17,168"
11909,"135,138"
11910,"170,241,131"
11911,"15,3"
11912,"4,435"
11913,"62,430"
11914,"258,31,508"
11915,"231,350"
11916,"317,74,41"
11917,"93,64"
11918,"44,62"
11919,"65,64"
11920,"38,300"
11921,"21,17"
11922,"21,85"
11923,"63,38"
11924,"170,169"
11925,"14,13"
11926,"244,135,139"
11927,"103,38"
11928,"265,349"
11929,"3,4"
11930,"303,23,38"
11931,"231,308,38"
11932,"296,452"
11933,"212,211,319"
11934,"113,28"
11935,"451,148"
11936,"24,49"
11937,"431,247"
11938,"131,226,40"
11939,"150,190,13"
11940,"21,108"
11941,"243,40"
11942,"147,148,203"
11943,"135,76"
11944,"64,93"
11945,"11,69"
11946,"3,4"
11947,"143,199"
11948,"145,44"
11949,"135,141"
11950,"12,65,11"
11951,"145,54"
11952,"309,131"
11953,"220,221"
11954,"85,451"
11955,"366,53"
11956,"78,131"
11957,"64,93,65"
11958,"41,40,149"
11959,"53,15"
11960,"181,43,24"
11961,"311,21,187"
11962,"128,74,71"
11963,"230,229"
11964,"212,0"
11965,"156,32"
11966,"38,192"
11967,"53,111,21"
11968,"38,303,71"
11969,"65,64"
11970,"199,169,170"
11971,"64,461"
11972,"44,145"
11973,"206,8"
11974,"199,259"
11975,"186,128,41"
11976,"231,446"
11977,"170,169"
11978,"199,169"
11979,"24,43"
11980,"187,34"
11981,"38,175"
11982,"343,426,311"
11983,"456,271"
11984,"199,89"
11985,"170,21"
11986,"138,135"
11987,"145,44"
11988,"134,131,40"
11989,"206,8"
11990,"21,3,22"
11991,"188,3"
11992,"21,17"
11993,"21,375,85"
11994,"248,155,199"
11995,"456,409"
11996,"220,69,239"
11997,"40,166,131"
11998,"220,446"
11999,"21,311,41"
12000,"90,64"
12001,"145,258,402"
12002,"30,28"
12003,"145,146"
12004,"21,127"
12005,"128,130"
12006,"182,21,53"
12007,"170,21,169"
12008,"36,147"
12009,"49,209,382"
12010,"131,226,40"
12011,"82,40,76"
12012,"190,21"
12013,"500,53"
12014,"459,374"
12015,"350,26"
12016,"185,184,21"
12017,"17,18"
12018,"43,24"
12019,"4,3"
12020,"41,128"
12021,"96,241,131"
12022,"185,186,184"
12023,"18,168,17"
12024,"21,30"
12025,"4,375"
12026,"26,89,318"
12027,"44,145"
12028,"417,169"
12029,"258,31,96"
12030,"38,88"
12031,"42,41"
12032,"34,46"
12033,"40,131"
12034,"257,357"
12035,"21,68"
12036,"308,350"
12037,"44,89"
12038,"48,81"
12039,"68,182,21"
12040,"5,6"
12041,"309,48"
12042,"26,89,501"
12043,"232,38,44"
12044,"456,271"
12045,"38,91,23"
12046,"435,3"
12047,"199,260,169"
12048,"145,91,65"
12049,"93,64"
12050,"171,134"
12051,"265,349"
12052,"181,43"
12053,"46,21"
12054,"21,17"
12055,"206,308"
12056,"171,169"
12057,"192,74"
12058,"220,242"
12059,"190,53"
12060,"402,145"
12061,"40,131"
12062,"187,21,34"
12063,"105,106"
12064,"3,21,17"
12065,"90,64,489"
12066,"44,264"
12067,"43,24,32"
12068,"30,190"
12069,"11,44"
12070,"370,89"
12071,"212,0,216"
12072,"40,41,166"
12073,"44,145"
12074,"65,64"
12075,"17,18,168"
12076,"199,418,169"
12077,"11,221,44"
12078,"3,21"
12079,"131,226,40"
12080,"96,31"
12081,"93,64"
12082,"402,145"
12083,"239,11"
12084,"156,21"
12085,"283,317,74"
12086,"65,64"
12087,"90,64"
12088,"190,16,53"
12089,"170,459"
12090,"451,15,50"
12091,"166,40"
12092,"256,3,21"
12093,"220,508"
12094,"385,3,22"
12095,"43,32"
12096,"259,199"
12097,"410,285"
12098,"350,26"
12099,"456,271"
12100,"21,53,325"
12101,"49,239"
12102,"38,44"
12103,"42,21,41"
12104,"8,405,82"
12105,"448,64"
12106,"21,41"
12107,"21,17"
12108,"21,17"
12109,"105,78,38"
12110,"30,457,227"
12111,"93,64"
12112,"296,306"
12113,"21,53"
12114,"170,169,179"
12115,"181,43"
12116,"44,145"
12117,"402,328"
12118,"348,213,456"
12119,"93,64"
12120,"43,24"
12121,"2,1"
12122,"43,24"
12123,"2,199"
12124,"43,32"
12125,"8,235"
12126,"89,26"
12127,"194,21"
12128,"49,265"
12129,"21,311,3"
12130,"204,13,21"
12131,"153,13,139"
12132,"234,60"
12133,"315,40,41"
12134,"146,145"
12135,"21,3"
12136,"43,24"
12137,"82,265"
12138,"64,43"
12139,"21,311"
12140,"456,271"
12141,"220,326"
12142,"308,206"
12143,"44,72,94"
12144,"199,78"
12145,"21,199"
12146,"335,370,524"
12147,"145,44"
12148,"360,304"
12149,"220,242,221"
12150,"271,456"
12151,"43,24"
12152,"402,145"
12153,"43,24"
12154,"38,39"
12155,"43,181"
12156,"135,138"
12157,"197,44,45"
12158,"111,181,64"
12159,"186,152"
12160,"131,159,40"
12161,"171,195,131"
12162,"456,409,271"
12163,"220,418"
12164,"456,271"
12165,"243,184"
12166,"41,21"
12167,"138,135"
12168,"131,40,76"
12169,"32,31,300"
12170,"93,64"
12171,"41,21"
12172,"468,163,128"
12173,"181,93,92"
12174,"49,265"
12175,"118,74"
12176,"404,42,303"
12177,"15,17"
12178,"315,160,152"
12179,"53,326,474"
12180,"199,459"
12181,"265,348"
12182,"128,129,195"
12183,"307,139,156"
12184,"89,23"
12185,"26,231"
12186,"340,265,271"
12187,"28,3"
12188,"226,131,142"
12189,"279,521,249"
12190,"15,16"
12191,"350,26"
12192,"17,18,168"
12193,"48,309"
12194,"300,460"
12195,"82,91"
12196,"21,156"
12197,"89,72,26"
12198,"370,145,65"
12199,"241,139"
12200,"206,8"
12201,"28,330"
12202,"129,128"
12203,"44,145"
12204,"20,62"
12205,"182,68"
12206,"170,169"
12207,"15,16"
12208,"26,89"
12209,"366,397"
12210,"15,16"
12211,"44,11,145"
12212,"4,3"
12213,"76,40,128"
12214,"8,218"
12215,"17,21"
12216,"170,21"
12217,"170,169,64"
12218,"131,226,40"
12219,"15,16"
12220,"21,199"
12221,"2,1,476"
12222,"26,350"
12223,"456,265,271"
12224,"4,3"
12225,"26,231,308"
12226,"169,170,179"
12227,"5,3"
12228,"44,145"
12229,"41,42"
12230,"15,176"
12231,"53,523"
12232,"21,187,199"
12233,"131,197,241"
12234,"21,42"
12235,"234,44"
12236,"200,3,21"
12237,"187,21"
12238,"64,90,524"
12239,"250,21,135"
12240,"456,409,271"
12241,"190,21"
12242,"199,91,169"
12243,"17,18"
12244,"64,65"
12245,"309,38"
12246,"468,41,76"
12247,"271,209"
12248,"185,184"
12249,"199,169"
12250,"21,325,156"
12251,"49,309"
12252,"431,186,143"
12253,"267,111"
12254,"220,510"
12255,"348,349"
12256,"143,382,93"
12257,"494,241,131"
12258,"258,508,31"
12259,"337,0,169"
12260,"26,89,82"
12261,"64,38"
12262,"64,30"
12263,"386,135"
12264,"272,271,91"
12265,"169,170"
12266,"44,73"
12267,"21,190"
12268,"43,24"
12269,"145,54,402"
12270,"145,40"
12271,"431,247"
12272,"118,76"
12273,"457,218"
12274,"185,184"
12275,"44,62"
12276,"4,3"
12277,"43,65,64"
12278,"49,384"
12279,"21,108,164"
12280,"229,82,230"
12281,"160,41,315"
12282,"170,169,179"
12283,"3,53"
12284,"303,284,20"
12285,"434,2"
12286,"138,448,135"
12287,"220,510"
12288,"109,258,136"
12289,"145,44,370"
12290,"43,64"
12291,"375,13,48"
12292,"220,11"
12293,"40,131"
12294,"38,137"
12295,"131,226,142"
12296,"21,301,3"
12297,"32,169"
12298,"48,21"
12299,"93,64"
12300,"394,271,21"
12301,"64,90"
12302,"44,54,145"
12303,"186,185"
12304,"93,64"
12305,"387,265"
12306,"181,43,93"
12307,"24,44"
12308,"0,271"
12309,"405,129"
12310,"128,129,130"
12311,"48,81"
12312,"4,3"
12313,"28,241"
12314,"265,59,205"
12315,"131,40"
12316,"199,343"
12317,"276,456"
12318,"12,11"
12319,"131,134"
12320,"36,35"
12321,"111,3"
12322,"89,26"
12323,"199,91"
12324,"451,50"
12325,"382,74,94"
12326,"195,96"
12327,"41,224"
12328,"17,21"
12329,"308,206"
12330,"135,295,236"
12331,"199,279,44"
12332,"199,374"
12333,"145,44,264"
12334,"11,221"
12335,"308,38"
12336,"20,30,3"
12337,"131,40"
12338,"383,265,208"
12339,"195,108,208"
12340,"21,41"
12341,"508,258"
12342,"170,169"
12343,"26,346"
12344,"17,76,21"
12345,"129,128"
12346,"21,199"
12347,"220,221"
12348,"4,3"
12349,"274,336,322"
12350,"195,288,76"
12351,"84,38,88"
12352,"30,180,190"
12353,"36,160"
12354,"69,11"
12355,"265,349"
12356,"206,265"
12357,"170,459"
12358,"345,38"
12359,"220,11"
12360,"323,169"
12361,"226,131,40"
12362,"68,182"
12363,"457,8"
12364,"382,21,40"
12365,"49,418"
12366,"21,148,22"
12367,"11,221,12"
12368,"204,21"
12369,"41,286"
12370,"181,64,43"
12371,"199,248,170"
12372,"241,139,250"
12373,"457,218"
12374,"451,53"
12375,"468,145,44"
12376,"4,3,435"
12377,"155,241,131"
12378,"220,508,221"
12379,"5,228"
12380,"265,340"
12381,"41,42,21"
12382,"475,218"
12383,"170,171"
12384,"306,296"
12385,"186,128,40"
12386,"54,145,478"
12387,"68,21,182"
12388,"4,30,7"
12389,"134,131,199"
12390,"199,260,169"
12391,"93,64"
12392,"337,339,169"
12393,"199,259"
12394,"128,468,40"
12395,"44,145"
12396,"12,11"
12397,"169,417,170"
12398,"265,220"
12399,"431,199"
12400,"38,23"
12401,"44,145"
12402,"186,40"
12403,"21,53,68"
12404,"145,44"
12405,"32,31"
12406,"326,137"
12407,"21,199"
12408,"239,60,49"
12409,"296,169,460"
12410,"41,21"
12411,"271,456"
12412,"402,44,145"
12413,"53,523"
12414,"494,459"
12415,"181,93,43"
12416,"115,21"
12417,"85,385"
12418,"315,127"
12419,"169,199,251"
12420,"212,254,211"
12421,"49,170"
12422,"131,94"
12423,"308,76,303"
12424,"76,264,39"
12425,"188,4"
12426,"31,328"
12427,"289,38"
12428,"115,21"
12429,"43,24"
12430,"74,317"
12431,"21,3"
12432,"220,221"
12433,"243,185,184"
12434,"2,199"
12435,"76,408,128"
12436,"26,308,231"
12437,"21,311"
12438,"149,41"
12439,"103,231"
12440,"41,42,21"
12441,"115,21"
12442,"199,169"
12443,"11,44"
12444,"53,325,30"
12445,"220,242"
12446,"28,3,30"
12447,"3,4,19"
12448,"44,11"
12449,"303,38"
12450,"4,3"
12451,"121,190"
12452,"265,59"
12453,"44,0,370"
12454,"220,16"
12455,"64,524"
12456,"131,241,139"
12457,"220,454"
12458,"21,3"
12459,"370,216,0"
12460,"199,260"
12461,"39,38,82"
12462,"195,304"
12463,"426,169"
12464,"21,53"
12465,"156,147"
12466,"340,265"
12467,"56,4,3"
12468,"451,523,147"
12469,"199,287"
12470,"271,214"
12471,"89,349"
12472,"199,343"
12473,"206,128"
12474,"199,170,89"
12475,"368,78,184"
12476,"118,38"
12477,"4,7"
12478,"12,11"
12479,"96,185"
12480,"43,24"
12481,"166,159,131"
12482,"130,128"
12483,"137,38"
12484,"111,435"
12485,"169,199"
12486,"456,308,271"
12487,"39,38,197"
12488,"199,169"
12489,"34,187"
12490,"89,26"
12491,"148,147"
12492,"138,135"
12493,"199,169"
12494,"181,93,64"
12495,"239,60"
12496,"220,326,221"
12497,"241,20,30"
12498,"72,12"
12499,"3,4"
12500,"448,64"
12501,"259,199"
12502,"8,514"
12503,"118,38"
12504,"187,199,34"
12505,"199,284"
12506,"71,24"
12507,"185,184"
12508,"15,16,3"
12509,"350,271"
12510,"276,265"
12511,"170,248"
12512,"523,15"
12513,"21,250"
12514,"128,130"
12515,"38,89"
12516,"127,41"
12517,"21,33"
12518,"311,528"
12519,"21,3"
12520,"90,64"
12521,"21,262,53"
12522,"212,91,211"
12523,"62,69"
12524,"54,44,145"
12525,"65,64"
12526,"235,453"
12527,"255,462"
12528,"160,315,152"
12529,"15,16,451"
12530,"250,38"
12531,"32,31"
12532,"49,265"
12533,"78,241"
12534,"111,474,53"
12535,"62,72"
12536,"11,205,59"
12537,"141,135"
12538,"21,111"
12539,"214,424,271"
12540,"128,130"
12541,"337,339"
12542,"69,11"
12543,"206,8"
12544,"91,38,23"
12545,"118,98"
12546,"145,44"
12547,"30,28"
12548,"3,53,15"
12549,"4,3"
12550,"145,54,502"
12551,"4,435,3"
12552,"49,145"
12553,"296,336"
12554,"21,42"
12555,"156,21"
12556,"170,169"
12557,"431,199"
12558,"264,38,44"
12559,"145,54"
12560,"271,456"
12561,"129,239"
12562,"32,75,169"
12563,"265,59"
12564,"49,296"
12565,"265,59"
12566,"431,169,447"
12567,"366,272,271"
12568,"179,26"
12569,"216,212,354"
12570,"48,155,139"
12571,"11,12"
12572,"21,199,68"
12573,"91,38"
12574,"135,141"
12575,"21,53,36"
12576,"21,48"
12577,"21,48,81"
12578,"49,38"
12579,"38,308"
12580,"44,231"
12581,"12,65,11"
12582,"30,3,85"
12583,"91,38"
12584,"148,21"
12585,"131,76,40"
12586,"85,21"
12587,"4,435,3"
12588,"30,190"
12589,"212,211"
12590,"21,53"
12591,"168,17,18"
12592,"350,26"
12593,"53,111"
12594,"175,163,128"
12595,"118,74"
12596,"131,40"
12597,"199,260"
12598,"15,53"
12599,"190,85,21"
12600,"21,17,187"
12601,"308,26"
12602,"49,32"
12603,"344,276"
12604,"48,309"
12605,"271,456"
12606,"64,90"
12607,"265,349"
12608,"396,408,21"
12609,"399,265"
12610,"96,437"
12611,"21,22"
12612,"350,26"
12613,"474,111"
12614,"523,53"
12615,"53,41,124"
12616,"422,212"
12617,"3,21"
12618,"2,265"
12619,"180,147,148"
12620,"331,5,57"
12621,"402,145"
12622,"38,91"
12623,"366,209"
12624,"11,143,221"
12625,"72,11"
12626,"96,402,328"
12627,"199,169"
12628,"345,92,21"
12629,"208,453,216"
12630,"21,293,85"
12631,"181,96"
12632,"279,0"
12633,"456,271"
12634,"15,16"
12635,"21,108"
12636,"217,121"
12637,"131,139,153"
12638,"456,327"
12639,"15,17"
12640,"497,354"
12641,"474,21"
12642,"76,135,141"
12643,"309,202"
12644,"74,467"
12645,"265,418,49"
12646,"195,124,190"
12647,"190,28,21"
12648,"64,323"
12649,"21,41"
12650,"457,308"
12651,"21,3"
12652,"402,145,54"
12653,"108,21"
12654,"53,467"
12655,"339,337"
12656,"265,349"
12657,"187,34,15"
12658,"397,457,271"
12659,"74,467"
12660,"402,145"
12661,"36,21"
12662,"283,145"
12663,"188,4"
12664,"241,131"
12665,"65,64"
12666,"181,24"
12667,"220,454"
12668,"40,131,139"
12669,"54,241"
12670,"271,272"
12671,"54,145"
12672,"3,18,17"
12673,"234,64,300"
12674,"59,11"
12675,"84,38"
12676,"102,139"
12677,"199,21"
12678,"64,93"
12679,"21,127"
12680,"134,131,40"
12681,"181,323"
12682,"265,456"
12683,"131,78"
12684,"59,44"
12685,"199,343,169"
12686,"199,169"
12687,"509,218,65"
12688,"89,26"
12689,"306,296"
12690,"199,21"
12691,"220,402"
12692,"4,7,435"
12693,"524,64,448"
12694,"199,343"
12695,"44,454"
12696,"21,115,401"
12697,"21,33"
12698,"456,308,409"
12699,"199,281"
12700,"41,21,201"
12701,"49,418"
12702,"267,3,111"
12703,"160,315"
12704,"348,271"
12705,"131,226,40"
12706,"131,155,250"
12707,"300,53"
12708,"89,26"
12709,"44,231"
12710,"93,64"
12711,"43,24"
12712,"44,65"
12713,"44,145,220"
12714,"30,190"
12715,"360,354"
12716,"151,152,494"
12717,"267,111,190"
12718,"170,169"
12719,"220,65,64"
12720,"166,151,315"
12721,"311,170,169"
12722,"21,379"
12723,"17,139,194"
12724,"40,496"
12725,"94,495,303"
12726,"44,145"
12727,"129,128"
12728,"21,48"
12729,"264,44,38"
12730,"318,105"
12731,"370,44"
12732,"346,287"
12733,"248,199,241"
12734,"21,199"
12735,"41,224,161"
12736,"71,24"
12737,"118,74"
12738,"350,26"
12739,"21,17,143"
12740,"3,30"
12741,"508,169,220"
12742,"271,456"
12743,"96,239"
12744,"17,18"
12745,"90,64"
12746,"131,159,40"
12747,"271,360"
12748,"418,349,265"
12749,"131,76,40"
12750,"422,0"
12751,"64,69,65"
12752,"399,363"
12753,"96,31"
12754,"456,271"
12755,"38,240"
12756,"65,43"
12757,"49,31,239"
12758,"170,169"
12759,"396,21"
12760,"265,457"
12761,"435,3,4"
12762,"18,17"
12763,"235,8"
12764,"199,169"
12765,"206,8"
12766,"43,24,242"
12767,"4,3,435"
12768,"220,221"
12769,"64,65"
12770,"94,15"
12771,"264,44,145"
12772,"235,453"
12773,"118,74"
12774,"523,53"
12775,"21,311"
12776,"220,242"
12777,"21,53"
12778,"43,24"
12779,"21,164"
12780,"26,38"
12781,"451,21"
12782,"93,64"
12783,"90,64"
12784,"15,16"
12785,"43,24"
12786,"36,21"
12787,"143,199"
12788,"456,271"
12789,"170,169,248"
12790,"170,508"
12791,"370,65"
12792,"231,103,38"
12793,"157,53"
12794,"4,435"
12795,"303,38"
12796,"49,239"
12797,"44,402"
12798,"508,323,199"
12799,"3,4"
12800,"328,31,402"
12801,"3,15,34"
12802,"182,68"
12803,"239,64"
12804,"61,181"
12805,"36,21"
12806,"271,522,9"
12807,"64,90"
12808,"46,21,15"
12809,"170,169"
12810,"279,212"
12811,"199,169"
12812,"93,64"
12813,"327,276"
12814,"335,64"
12815,"21,41"
12816,"53,506,99"
12817,"3,21"
12818,"170,171"
12819,"369,208,206"
12820,"170,323"
12821,"187,21"
12822,"170,308,169"
12823,"21,265,396"
12824,"170,169,417"
12825,"49,384"
12826,"40,131,76"
12827,"199,260"
12828,"169,199,251"
12829,"21,13,53"
12830,"448,64,524"
12831,"18,17,168"
12832,"12,11"
12833,"111,41,53"
12834,"190,21"
12835,"265,349,510"
12836,"93,64"
12837,"15,17"
12838,"135,41,141"
12839,"220,221"
12840,"3,15"
12841,"304,216"
12842,"165,303"
12843,"241,131"
12844,"17,3"
12845,"89,26"
12846,"129,131,283"
12847,"3,30"
12848,"28,21"
12849,"220,326,65"
12850,"128,195,8"
12851,"81,30"
12852,"375,4"
12853,"21,127"
12854,"44,145,67"
12855,"260,199"
12856,"12,11"
12857,"340,265"
12858,"190,21"
12859,"220,326"
12860,"169,296,274"
12861,"4,7"
12862,"15,53"
12863,"265,276"
12864,"21,3"
12865,"21,200"
12866,"220,145"
12867,"90,64"
12868,"21,42"
12869,"206,418,265"
12870,"17,18,168"
12871,"31,245"
12872,"21,199"
12873,"65,64"
12874,"38,32"
12875,"271,424"
12876,"44,197"
12877,"4,435"
12878,"220,221"
12879,"17,18"
12880,"206,8"
12881,"528,148"
12882,"30,44"
12883,"368,78"
12884,"229,421,239"
12885,"171,170,169"
12886,"15,16"
12887,"163,162,250"
12888,"41,143,34"
12889,"3,21"
12890,"89,26"
12891,"21,451"
12892,"209,208"
12893,"118,74,107"
12894,"457,26,231"
12895,"41,42"
12896,"199,89"
12897,"311,169,170"
12898,"391,8"
12899,"508,31,454"
12900,"128,241,40"
12901,"21,199,53"
12902,"21,199"
12903,"209,366"
12904,"143,159"
12905,"43,24"
12906,"402,145"
12907,"199,241"
12908,"40,131"
12909,"44,264"
12910,"300,202,467"
12911,"89,26"
12912,"263,34"
12913,"53,523"
12914,"43,24"
12915,"21,187"
12916,"43,64"
12917,"206,38,308"
12918,"21,135,48"
12919,"43,24,242"
12920,"32,300"
12921,"402,145,44"
12922,"15,451"
12923,"199,169,223"
12924,"138,135"
12925,"220,221,266"
12926,"62,39"
12927,"494,169"
12928,"451,147,148"
12929,"21,127"
12930,"25,145"
12931,"26,89,216"
12932,"206,8"
12933,"199,169"
12934,"30,28"
12935,"220,242"
12936,"74,307"
12937,"206,8"
12938,"4,3"
12939,"145,44"
12940,"271,276,280"
12941,"282,111"
12942,"11,44"
12943,"340,265"
12944,"90,64"
12945,"220,454"
12946,"93,64"
12947,"87,38"
12948,"53,182"
12949,"169,199"
12950,"4,3"
12951,"220,145"
12952,"21,41"
12953,"523,180"
12954,"44,145"
12955,"262,4,435"
12956,"171,169"
12957,"49,296"
12958,"128,130,129"
12959,"287,197"
12960,"141,135"
12961,"21,199"
12962,"351,256,255"
12963,"74,165"
12964,"89,26"
12965,"143,17"
12966,"43,65"
12967,"111,147"
12968,"152,151"
12969,"33,21"
12970,"309,165"
12971,"145,146"
12972,"508,62,169"
12973,"265,205,59"
12974,"231,38"
12975,"296,300,411"
12976,"456,271"
12977,"128,130"
12978,"234,127"
12979,"170,4,169"
12980,"190,21"
12981,"241,250"
12982,"74,165"
12983,"93,64"
12984,"170,169"
12985,"2,1"
12986,"163,162"
12987,"3,143"
12988,"49,31"
12989,"206,308"
12990,"259,170,169"
12991,"31,245,402"
12992,"44,43,264"
12993,"199,464"
12994,"265,220"
12995,"62,44"
12996,"21,76"
12997,"43,24"
12998,"145,402,54"
12999,"43,24"
13000,"21,3"
13001,"356,329"
13002,"21,200"
13003,"375,70,19"
13004,"43,44"
13005,"17,18,21"
13006,"335,64"
13007,"21,187"
13008,"415,340"
13009,"44,145"
13010,"78,105,220"
13011,"18,17"
13012,"44,54,95"
13013,"94,23,303"
13014,"30,38,104"
13015,"44,145,73"
13016,"346,26"
13017,"268,147,148"
13018,"3,21,4"
13019,"271,469"
13020,"44,64,90"
13021,"155,241"
13022,"311,21,53"
13023,"181,64"
13024,"89,0,23"
13025,"32,31"
13026,"187,17"
13027,"160,315"
13028,"181,170"
13029,"214,271"
13030,"89,26"
13031,"170,169,323"
13032,"63,78,21"
13033,"89,26"
13034,"71,74,303"
13035,"456,271"
13036,"336,296"
13037,"199,260"
13038,"220,455,143"
13039,"199,21"
13040,"15,53"
13041,"199,343"
13042,"220,454"
13043,"218,512"
13044,"48,21,81"
13045,"26,271,308"
13046,"53,21,68"
13047,"5,228"
13048,"156,528,148"
13049,"43,145,65"
13050,"21,48"
13051,"127,21"
13052,"74,181"
13053,"241,140,139"
13054,"335,72,65"
13055,"137,38"
13056,"21,108"
13057,"199,169"
13058,"89,496"
13059,"199,169"
13060,"508,245,109"
13061,"89,26"
13062,"136,131"
13063,"296,306"
13064,"402,448,64"
13065,"17,21"
13066,"279,249"
13067,"74,175,382"
13068,"3,21"
13069,"190,76"
13070,"303,111"
13071,"220,221"
13072,"220,221,326"
13073,"92,481"
13074,"131,40,193"
13075,"149,41"
13076,"102,244,139"
13077,"152,151"
13078,"32,40,245"
13079,"43,24"
13080,"64,65"
13081,"214,0"
13082,"170,169,508"
13083,"44,145"
13084,"170,169,171"
13085,"199,169"
13086,"64,93"
13087,"85,86"
13088,"129,128,76"
13089,"4,19"
13090,"169,199,179"
13091,"106,105"
13092,"3,143,28"
13093,"214,271,213"
13094,"431,199"
13095,"38,23,76"
13096,"291,271"
13097,"28,330"
13098,"279,521"
13099,"166,143"
13100,"206,8"
13101,"220,221"
13102,"49,239"
13103,"250,41,160"
13104,"41,21"
13105,"40,131,226"
13106,"107,131"
13107,"129,239,402"
13108,"3,15"
13109,"62,44"
13110,"231,118"
13111,"131,241"
13112,"11,44"
13113,"74,62"
13114,"21,3"
13115,"38,107"
13116,"54,145"
13117,"528,317"
13118,"85,86"
13119,"369,208"
13120,"160,302"
13121,"3,4"
13122,"248,155,199"
13123,"456,271"
13124,"128,130"
13125,"77,111,129"
13126,"5,3"
13127,"402,25"
13128,"74,118,76"
13129,"231,26"
13130,"3,15,16"
13131,"229,421"
13132,"128,129"
13133,"185,184,243"
13134,"44,11"
13135,"508,258,31"
13136,"206,369"
13137,"181,64"
13138,"44,264"
13139,"345,92"
13140,"54,220,326"
13141,"21,311"
13142,"64,65"
13143,"350,218"
13144,"375,4,128"
13145,"11,69"
13146,"175,128"
13147,"4,7,194"
13148,"255,462,463"
13149,"135,138"
13150,"265,326"
13151,"156,147,3"
13152,"163,250"
13153,"8,285"
13154,"69,11"
13155,"53,15,85"
13156,"40,131"
13157,"250,155"
13158,"21,5"
13159,"218,265,387"
13160,"44,145"
13161,"53,31"
13162,"3,4"
13163,"3,111,435"
13164,"206,8"
13165,"12,61,72"
13166,"239,93"
13167,"234,11"
13168,"17,168,18"
13169,"4,7"
13170,"523,451"
13171,"500,21"
13172,"199,343"
13173,"199,241,170"
13174,"383,265,266"
13175,"21,53"
13176,"176,474"
13177,"170,169"
13178,"448,64,524"
13179,"65,43"
13180,"89,23"
13181,"93,64"
13182,"64,448"
13183,"181,43"
13184,"523,32"
13185,"308,8,250"
13186,"163,468"
13187,"220,508"
13188,"43,24,65"
13189,"40,131,166"
13190,"131,134"
13191,"53,523"
13192,"43,24"
13193,"105,220,290"
13194,"456,308"
13195,"271,456"
13196,"199,343,135"
13197,"271,0"
13198,"190,194,17"
13199,"339,337"
13200,"21,3"
13201,"145,146"
13202,"81,48"
13203,"113,53,467"
13204,"18,17"
13205,"220,454"
13206,"11,205"
13207,"239,93,96"
13208,"12,11"
13209,"32,43"
13210,"156,32"
13211,"128,130,468"
13212,"21,85"
13213,"239,93"
13214,"43,24"
13215,"85,293"
13216,"274,169,170"
13217,"258,508,109"
13218,"234,60"
13219,"188,30"
13220,"508,333"
13221,"44,145,38"
13222,"328,31,258"
13223,"359,213"
13224,"14,199"
13225,"17,18,15"
13226,"134,131"
13227,"375,474,53"
13228,"91,38"
13229,"454,65"
13230,"199,169"
13231,"508,169"
13232,"494,459"
13233,"181,242"
13234,"93,64"
13235,"286,41"
13236,"303,38,437"
13237,"104,3,200"
13238,"21,3"
13239,"182,111"
13240,"402,145"
13241,"145,468,44"
13242,"93,64,290"
13243,"220,508"
13244,"111,123"
13245,"40,131,134"
13246,"145,44"
13247,"335,26,64"
13248,"21,301"
13249,"138,343,135"
13250,"360,0,456"
13251,"62,241,94"
13252,"322,64"
13253,"44,145"
13254,"44,69"
13255,"448,64"
13256,"22,21"
13257,"0,265,94"
13258,"135,459,138"
13259,"4,7"
13260,"128,130,131"
13261,"0,271"
13262,"283,145"
13263,"169,199"
13264,"448,64,335"
13265,"84,74,38"
13266,"181,43"
13267,"145,44"
13268,"111,123"
13269,"11,221,239"
13270,"21,199"
13271,"64,448"
13272,"26,350,231"
13273,"315,160"
13274,"263,187,34"
13275,"131,241,406"
13276,"137,38"
13277,"175,41,74"
13278,"64,524,65"
13279,"197,460,296"
13280,"467,53"
13281,"199,21"
13282,"402,54,428"
13283,"231,457"
13284,"145,54"
13285,"303,74"
13286,"41,186,40"
13287,"337,170,41"
13288,"260,38"
13289,"290,53"
13290,"18,17"
13291,"220,221"
13292,"40,131"
13293,"271,456"
13294,"38,87"
13295,"21,200"
13296,"3,21"
13297,"206,8"
13298,"21,148,41"
13299,"181,43,64"
13300,"474,53"
13301,"391,8"
13302,"3,4,17"
13303,"218,271"
13304,"169,170"
13305,"220,221"
13306,"212,216"
13307,"128,129"
13308,"456,271"
13309,"152,186"
13310,"402,145"
13311,"18,17"
13312,"129,239"
13313,"523,157,121"
13314,"171,131,170"
13315,"402,96"
13316,"243,41"
13317,"43,24,242"
13318,"11,69"
13319,"199,311"
13320,"265,490"
13321,"235,8"
13322,"290,143,356"
13323,"402,328"
13324,"96,239"
13325,"186,128"
13326,"385,241"
13327,"248,241,199"
13328,"199,223"
13329,"199,169"
13330,"21,187"
13331,"279,0"
13332,"271,209"
13333,"145,76,40"
13334,"69,11"
13335,"495,299,262"
13336,"44,145"
13337,"93,64"
13338,"160,302"
13339,"121,49,239"
13340,"38,91,82"
13341,"53,467"
13342,"171,169"
13343,"64,65"
13344,"199,169"
13345,"91,38,105"
13346,"26,350"
13347,"274,169"
13348,"128,175"
13349,"21,115"
13350,"98,118,74"
13351,"235,8"
13352,"21,325"
13353,"26,350"
13354,"145,44,496"
13355,"64,296"
13356,"170,21"
13357,"49,384"
13358,"11,72"
13359,"44,38,231"
13360,"49,44"
13361,"69,11"
13362,"21,53"
13363,"44,145"
13364,"23,38,89"
13365,"109,44,11"
13366,"343,199"
13367,"4,7"
13368,"368,78"
13369,"76,41,468"
13370,"160,302"
13371,"350,456,271"
13372,"457,218"
13373,"523,53,111"
13374,"350,456,26"
13375,"31,131,134"
13376,"131,40,226"
13377,"139,131,140"
13378,"199,343"
13379,"129,337,169"
13380,"33,21"
13381,"21,3"
13382,"296,428"
13383,"220,221"
13384,"369,206"
13385,"129,128"
13386,"50,105"
13387,"21,17"
13388,"17,18"
13389,"89,26"
13390,"21,199"
13391,"199,250"
13392,"181,323"
13393,"258,508,296"
13394,"128,195,129"
13395,"382,303,74"
13396,"42,21"
13397,"131,241"
13398,"286,139"
13399,"44,25"
13400,"220,53"
13401,"156,147"
13402,"308,265"
13403,"3,435"
13404,"17,3"
13405,"290,454"
13406,"145,131"
13407,"93,64"
13408,"243,199,169"
13409,"15,16"
13410,"21,148"
13411,"213,214,456"
13412,"44,131"
13413,"111,284"
13414,"85,21"
13415,"128,195"
13416,"205,11"
13417,"38,87"
13418,"303,74,165"
13419,"32,31,89"
13420,"21,42"
13421,"44,145"
13422,"49,24"
13423,"3,46"
13424,"15,16"
13425,"195,21"
13426,"169,274,296"
13427,"44,264"
13428,"38,231"
13429,"38,137"
13430,"206,103,231"
13431,"17,18"
13432,"43,24"
13433,"4,19"
13434,"44,11,264"
13435,"15,53,451"
13436,"350,26,271"
13437,"265,205"
13438,"370,391,44"
13439,"93,64"
13440,"8,235"
13441,"38,454"
13442,"220,221"
13443,"44,145"
13444,"3,4,21"
13445,"61,72,32"
13446,"241,131"
13447,"303,44"
13448,"32,523,38"
13449,"241,139"
13450,"15,3"
13451,"187,34"
13452,"49,239"
13453,"4,3"
13454,"11,205"
13455,"199,231"
13456,"5,57"
13457,"43,24"
13458,"239,199,448"
13459,"131,169"
13460,"301,85"
13461,"38,78,457"
13462,"382,241,303"
13463,"34,187,311"
13464,"457,218"
13465,"72,239"
13466,"43,24"
13467,"43,24"
13468,"26,38,89"
13469,"418,265,49"
13470,"17,18"
13471,"199,260"
13472,"206,8"
13473,"4,70"
13474,"21,53"
13475,"43,370,65"
13476,"184,185"
13477,"41,149"
13478,"94,91"
13479,"26,308"
13480,"199,169,76"
13481,"4,15,41"
13482,"350,26"
13483,"82,38"
13484,"170,260"
13485,"181,43"
13486,"199,260"
13487,"354,216"
13488,"4,3"
13489,"148,3"
13490,"239,60,96"
13491,"248,199,169"
13492,"98,231,262"
13493,"21,199"
13494,"231,26"
13495,"165,74"
13496,"21,42"
13497,"54,145"
13498,"93,64"
13499,"170,21"
13500,"128,130"
13501,"21,164,53"
13502,"170,311,436"
13503,"4,3,435"
13504,"26,89"
13505,"152,151,127"
13506,"160,36,496"
13507,"82,26,231"
13508,"170,169,311"
13509,"81,48,21"
13510,"3,4,435"
13511,"21,156"
13512,"241,131"
13513,"43,24"
13514,"199,169"
13515,"111,21"
13516,"175,231"
13517,"4,3"
13518,"170,21,311"
13519,"17,53,21"
13520,"350,514,308"
13521,"82,38"
13522,"21,337"
13523,"59,44"
13524,"82,38"
13525,"304,360"
13526,"65,44"
13527,"49,308"
13528,"94,38"
13529,"401,236,21"
13530,"208,206,218"
13531,"231,118"
13532,"105,50"
13533,"220,221"
13534,"494,241,220"
13535,"118,74"
13536,"21,41"
13537,"241,131"
13538,"448,64"
13539,"62,38"
13540,"111,21"
13541,"131,40"
13542,"199,91"
13543,"311,21"
13544,"64,448,524"
13545,"40,131"
13546,"32,31"
13547,"231,26"
13548,"43,24"
13549,"28,330,3"
13550,"271,218"
13551,"131,226,40"
13552,"346,501"
13553,"129,131"
13554,"131,159,143"
13555,"181,24,64"
13556,"228,5"
13557,"22,85"
13558,"106,105"
13559,"206,8"
13560,"21,190,53"
13561,"34,263,187"
13562,"148,147"
13563,"43,181,24"
13564,"155,241,145"
13565,"220,221"
13566,"160,315,127"
13567,"523,53"
13568,"304,216,212"
13569,"145,146"
13570,"93,64"
13571,"271,0"
13572,"3,28,4"
13573,"0,208"
13574,"139,153,21"
13575,"85,15,53"
13576,"21,48"
13577,"93,64"
13578,"44,402"
13579,"356,329,160"
13580,"271,0"
13581,"500,30"
13582,"21,148"
13583,"21,41"
13584,"69,11"
13585,"220,242"
13586,"241,131,142"
13587,"170,323"
13588,"199,260"
13589,"21,296,200"
13590,"265,349,266"
13591,"21,111,53"
13592,"26,89"
13593,"93,64"
13594,"53,15"
13595,"239,64"
13596,"456,271"
13597,"21,48"
13598,"206,8"
13599,"495,190,382"
13600,"265,0,349"
13601,"32,31"
13602,"38,231,103"
13603,"21,53,99"
13604,"199,169"
13605,"24,43"
13606,"185,184"
13607,"187,199"
13608,"181,24"
13609,"265,0"
13610,"15,16"
13611,"43,24"
13612,"459,170"
13613,"21,3"
13614,"139,248,21"
13615,"265,209"
13616,"494,152,151"
13617,"170,459,169"
13618,"32,528"
13619,"21,3"
13620,"49,274,32"
13621,"21,41"
13622,"26,89"
13623,"133,5"
13624,"199,169,350"
13625,"93,64"
13626,"175,49,128"
13627,"90,64"
13628,"206,8"
13629,"367,292"
13630,"111,267"
13631,"456,409,265"
13632,"98,506"
13633,"43,24"
13634,"41,21"
13635,"64,448"
13636,"122,14,401"
13637,"181,43"
13638,"76,135,141"
13639,"169,296,170"
13640,"21,194,187"
13641,"43,24"
13642,"89,26"
13643,"88,26,38"
13644,"170,21,169"
13645,"131,40,226"
13646,"11,220"
13647,"49,24"
13648,"47,468,128"
13649,"206,0"
13650,"21,127,17"
13651,"422,0,522"
13652,"15,3,16"
13653,"118,456"
13654,"220,221"
13655,"220,44"
13656,"43,32"
13657,"21,22"
13658,"478,131"
13659,"236,135"
13660,"3,53"
13661,"15,53"
13662,"402,145"
13663,"176,474"
13664,"209,314"
13665,"356,199,143"
13666,"145,54"
13667,"44,145,402"
13668,"212,211,38"
13669,"300,53"
13670,"21,135,141"
13671,"303,74"
13672,"296,306"
13673,"231,26"
13674,"32,118"
13675,"317,74"
13676,"348,280"
13677,"220,326"
13678,"265,59"
13679,"190,21"
13680,"323,199,169"
13681,"258,31,508"
13682,"17,18"
13683,"206,8"
13684,"241,199,78"
13685,"11,12,221"
13686,"100,143"
13687,"220,21,221"
13688,"21,48"
13689,"89,26"
13690,"134,131,40"
13691,"137,145,43"
13692,"145,23"
13693,"53,111"
13694,"309,48"
13695,"21,3"
13696,"89,26"
13697,"21,199"
13698,"128,186"
13699,"4,367,292"
13700,"21,311"
13701,"43,24"
13702,"93,64"
13703,"220,25"
13704,"145,44"
13705,"64,65,448"
13706,"14,20"
13707,"41,32"
13708,"53,21"
13709,"90,64,65"
13710,"129,128"
13711,"64,93"
13712,"21,111"
13713,"265,349,340"
13714,"4,188,435"
13715,"346,501,456"
13716,"199,2"
13717,"74,467"
13718,"170,169,260"
13719,"21,396"
13720,"508,323,169"
13721,"49,96"
13722,"21,148"
13723,"508,199"
13724,"333,296"
13725,"68,53"
13726,"3,5"
13727,"13,3"
13728,"170,311"
13729,"274,169"
13730,"350,271"
13731,"53,474"
13732,"53,111"
13733,"42,182"
13734,"112,111"
13735,"11,220,221"
13736,"199,248"
13737,"197,454"
13738,"245,454"
13739,"399,363"
13740,"467,21,53"
13741,"21,115"
13742,"170,21"
13743,"199,91"
13744,"43,24"
13745,"145,105"
13746,"21,127"
13747,"21,48"
13748,"387,457"
13749,"74,404,165"
13750,"300,500,147"
13751,"21,127"
13752,"68,111"
13753,"228,5"
13754,"239,49"
13755,"473,64"
13756,"199,260"
13757,"149,40,41"
13758,"159,143,486"
13759,"448,131"
13760,"241,41"
13761,"279,521"
13762,"220,64,510"
13763,"64,93"
13764,"93,64"
13765,"15,143"
13766,"171,169,170"
13767,"265,456,271"
13768,"431,199"
13769,"44,145"
13770,"265,271"
13771,"170,508,260"
13772,"3,111"
13773,"131,159,40"
13774,"323,170"
13775,"44,145"
13776,"3,28"
13777,"11,205,221"
13778,"382,243"
13779,"195,328,77"
13780,"77,216,31"
13781,"456,271"
13782,"187,34"
13783,"4,19"
13784,"38,24"
13785,"188,435"
13786,"44,145"
13787,"256,348,255"
13788,"25,220"
13789,"4,19"
13790,"501,346"
13791,"187,34,17"
13792,"43,181"
13793,"30,3"
13794,"44,264"
13795,"220,221"
13796,"448,64,524"
13797,"135,138"
13798,"264,38,44"
13799,"199,169"
13800,"451,21"
13801,"118,74"
13802,"160,152,315"
13803,"18,17"
13804,"21,3,42"
13805,"26,169,231"
13806,"89,349"
13807,"220,221"
13808,"287,53,20"
13809,"241,131"
13810,"49,402"
13811,"220,242"
13812,"370,454"
13813,"59,23,38"
13814,"42,21"
13815,"508,62"
13816,"12,11"
13817,"4,19"
13818,"48,81"
13819,"308,456"
13820,"43,24"
13821,"30,3"
13822,"348,265"
13823,"49,91"
13824,"23,303,91"
13825,"145,44"
13826,"111,275,53"
13827,"76,41,135"
13828,"3,4"
13829,"32,31"
13830,"434,271"
13831,"17,18"
13832,"325,21"
13833,"296,371"
13834,"195,21"
13835,"199,169"
13836,"206,8"
13837,"64,448,524"
13838,"30,181,48"
13839,"212,211"
13840,"76,40,194"
13841,"194,21"
13842,"239,129"
13843,"4,3"
13844,"128,408,129"
13845,"43,24"
13846,"524,448,64"
13847,"265,273,349"
13848,"93,64"
13849,"21,199"
13850,"489,90"
13851,"38,88"
13852,"523,451,53"
13853,"89,26"
13854,"21,127,42"
13855,"271,456"
13856,"21,199"
13857,"181,43"
13858,"65,64"
13859,"523,53"
13860,"271,456"
13861,"220,326"
13862,"146,145"
13863,"96,31"
13864,"327,265"
13865,"220,4,221"
13866,"21,170,325"
13867,"38,91,26"
13868,"309,48"
13869,"21,53"
13870,"41,34"
13871,"32,31,54"
13872,"77,241"
13873,"190,150"
13874,"118,231"
13875,"457,218"
13876,"18,17"
13877,"89,26,23"
13878,"129,40,128"
13879,"65,64,44"
13880,"220,510"
13881,"90,64"
13882,"239,96,156"
13883,"28,30"
13884,"131,245,31"
13885,"21,301"
13886,"265,59,349"
13887,"220,242"
13888,"129,128"
13889,"448,145,524"
13890,"3,21,34"
13891,"17,187,15"
13892,"65,64"
13893,"44,38,26"
13894,"89,300"
13895,"239,49"
13896,"195,40"
13897,"229,230"
13898,"139,250"
13899,"61,72"
13900,"199,343"
13901,"271,456,429"
13902,"21,127"
13903,"93,64"
13904,"170,169"
13905,"21,190"
13906,"15,169"
13907,"44,402"
13908,"175,74,128"
13909,"496,395"
13910,"41,21"
13911,"170,21"
13912,"350,26"
13913,"40,131"
13914,"169,274,170"
13915,"220,242"
13916,"26,457"
13917,"123,405"
13918,"93,64"
13919,"170,169"
13920,"21,148"
13921,"186,324"
13922,"44,231"
13923,"21,127"
13924,"53,3,21"
13925,"181,43"
13926,"186,128,41"
13927,"170,169"
13928,"185,184,186"
13929,"71,38"
13930,"4,3"
13931,"241,131"
13932,"115,21"
13933,"496,44"
13934,"26,38,231"
13935,"41,135"
13936,"152,151,494"
13937,"170,337,169"
13938,"156,21"
13939,"12,11"
13940,"145,64,44"
13941,"163,162"
13942,"296,306"
13943,"106,220"
13944,"220,242,510"
13945,"64,93,65"
13946,"220,242"
13947,"72,44"
13948,"175,128"
13949,"5,331"
13950,"128,8"
13951,"17,18"
13952,"265,59,205"
13953,"199,169"
13954,"459,169"
13955,"4,19"
13956,"3,4"
13957,"195,507"
13958,"428,296"
13959,"93,64"
13960,"21,48,30"
13961,"296,336,411"
13962,"118,4"
13963,"274,169"
13964,"271,456"
13965,"250,76"
13966,"53,202,99"
13967,"212,216,0"
13968,"235,257"
13969,"346,501"
13970,"4,3"
13971,"15,18,523"
13972,"243,169,199"
13973,"138,135"
13974,"118,74,38"
13975,"456,271"
13976,"68,187,199"
13977,"77,216,143"
13978,"145,44,54"
13979,"199,2"
13980,"44,336"
13981,"250,21"
13982,"231,42"
13983,"30,3"
13984,"111,209"
13985,"286,41"
13986,"335,64"
13987,"220,242"
13988,"15,176,169"
13989,"21,325"
13990,"93,64"
13991,"258,96"
13992,"65,64"
13993,"451,50"
13994,"195,304"
13995,"99,17,3"
13996,"93,64"
13997,"447,34"
13998,"40,131"
13999,"53,3"
14000,"49,26"
14001,"271,255"
14002,"4,7"
14003,"209,366"
14004,"44,145"
14005,"21,42,48"
14006,"326,322,208"
14007,"3,56,17"
14008,"11,12"
14009,"220,326"
14010,"448,64"
14011,"181,43"
14012,"21,42"
14013,"21,3"
14014,"170,169"
14015,"271,360,214"
14016,"139,250"
14017,"21,187"
14018,"131,166"
14019,"528,36"
14020,"21,22"
14021,"243,169"
14022,"292,367"
14023,"44,145"
14024,"296,287"
14025,"85,21"
14026,"146,283,145"
14027,"129,128"
14028,"0,422,212"
14029,"21,170,187"
14030,"303,94"
14031,"21,3"
14032,"3,30,46"
14033,"131,40,226"
14034,"96,31"
14035,"89,23,308"
14036,"131,76,40"
14037,"41,286"
14038,"26,89"
14039,"137,38"
14040,"128,145"
14041,"235,453"
14042,"4,21"
14043,"64,448"
14044,"170,21,53"
14045,"21,14"
14046,"133,5"
14047,"65,64"
14048,"206,8"
14049,"171,169,170"
14050,"20,30,131"
14051,"175,128"
14052,"64,93"
14053,"171,170"
14054,"138,135"
14055,"41,21,42"
14056,"271,522,291"
14057,"89,26"
14058,"53,99"
14059,"38,303,91"
14060,"209,271"
14061,"89,26"
14062,"48,81"
14063,"129,8,405"
14064,"3,4"
14065,"44,145,65"
14066,"21,135"
14067,"145,115"
14068,"170,21"
14069,"128,501,346"
14070,"308,440,87"
14071,"250,38,128"
14072,"290,220"
14073,"350,26"
14074,"366,209"
14075,"181,93"
14076,"356,199"
14077,"199,131,248"
14078,"15,16"
14079,"26,38"
14080,"354,216"
14081,"21,3"
14082,"186,128"
14083,"170,169,248"
14084,"93,64"
14085,"185,184,186"
14086,"151,152"
14087,"21,3"
14088,"12,11"
14089,"129,128"
14090,"185,184"
14091,"322,96,402"
14092,"41,111,161"
14093,"337,0,170"
14094,"92,345"
14095,"31,96,134"
14096,"71,303,128"
14097,"303,74,175"
14098,"85,385,301"
14099,"451,500,15"
14100,"4,3,19"
14101,"145,370,44"
14102,"153,401"
14103,"456,26,285"
14104,"41,186"
14105,"4,3"
14106,"265,209"
14107,"21,148"
14108,"220,53"
14109,"49,197"
14110,"134,131"
14111,"38,318"
14112,"318,326,105"
14113,"131,40,226"
14114,"131,241"
14115,"21,3"
14116,"21,199"
14117,"231,26"
14118,"93,64"
14119,"256,348,265"
14120,"220,326,242"
14121,"38,231"
14122,"448,64,335"
14123,"4,3"
14124,"175,243"
14125,"156,21"
14126,"195,131,76"
14127,"170,169"
14128,"40,131"
14129,"53,30,111"
14130,"107,92,38"
14131,"30,17"
14132,"160,315,127"
14133,"131,134"
14134,"49,205"
14135,"286,41"
14136,"304,216"
14137,"508,134,131"
14138,"11,44"
14139,"271,265"
14140,"170,131,241"
14141,"354,214"
14142,"43,242"
14143,"21,3"
14144,"49,31"
14145,"366,209"
14146,"184,185"
14147,"185,21"
14148,"62,25"
14149,"30,81,48"
14150,"348,3"
14151,"304,216"
14152,"220,387"
14153,"212,211"
14154,"206,265"
14155,"21,187"
14156,"93,64"
14157,"3,21,5"
14158,"254,216,328"
14159,"156,21"
14160,"43,242"
14161,"335,64"
14162,"265,59"
14163,"241,131"
14164,"93,64"
14165,"243,169"
14166,"206,8"
14167,"44,45"
14168,"34,187"
14169,"242,220"
14170,"220,221"
14171,"15,451,4"
14172,"47,78"
14173,"61,199"
14174,"220,326"
14175,"21,194"
14176,"508,169"
14177,"3,30"
14178,"199,241"
14179,"138,135"
14180,"21,74"
14181,"32,89,31"
14182,"44,231"
14183,"32,30"
14184,"385,5"
14185,"448,169"
14186,"204,13"
14187,"43,24"
14188,"156,21"
14189,"188,53"
14190,"21,42,41"
14191,"231,26"
14192,"304,216,5"
14193,"26,350"
14194,"456,271"
14195,"32,131"
14196,"143,401"
14197,"24,71,165"
14198,"26,357"
14199,"134,169,131"
14200,"14,122,13"
14201,"391,8"
14202,"53,21"
14203,"21,385"
14204,"258,31"
14205,"170,169"
14206,"265,340"
14207,"11,12"
14208,"206,369"
14209,"271,0"
14210,"265,220"
14211,"152,160,186"
14212,"199,323"
14213,"140,139"
14214,"128,130"
14215,"64,65"
14216,"265,340"
14217,"303,175,74"
14218,"170,169,179"
14219,"3,21"
14220,"21,194,3"
14221,"456,26,271"
14222,"140,139"
14223,"199,343"
14224,"235,8"
14225,"89,26"
14226,"41,127,152"
14227,"222,100,101"
14228,"181,43"
14229,"43,93"
14230,"43,24"
14231,"11,44"
14232,"47,128"
14233,"337,339"
14234,"213,271,214"
14235,"23,240,76"
14236,"100,21,194"
14237,"90,64"
14238,"82,38"
14239,"509,90,13"
14240,"220,382"
14241,"21,148,451"
14242,"206,8"
14243,"402,145"
14244,"220,242,221"
14245,"48,309"
14246,"271,456"
14247,"84,74"
14248,"311,187"
14249,"169,251,199"
14250,"89,26"
14251,"128,8"
14252,"21,215,41"
14253,"258,31,454"
14254,"351,348"
14255,"451,106"
14256,"15,16,17"
14257,"220,242"
14258,"44,145,402"
14259,"21,53"
14260,"199,169,170"
14261,"12,11"
14262,"17,18,21"
14263,"11,205"
14264,"21,3"
14265,"21,48,111"
14266,"135,76,250"
14267,"11,90"
14268,"335,448,64"
14269,"265,349"
14270,"199,170"
14271,"21,115,124"
14272,"220,221"
14273,"15,3,53"
14274,"169,199,251"
14275,"41,21"
14276,"326,105,290"
14277,"18,17"
14278,"258,31"
14279,"21,139"
14280,"131,40"
14281,"186,128"
14282,"43,24"
14283,"25,220"
14284,"111,41,267"
14285,"106,105"
14286,"323,43"
14287,"32,31"
14288,"4,19"
14289,"128,130"
14290,"4,7,3"
14291,"94,190"
14292,"396,288,348"
14293,"89,38"
14294,"448,64"
14295,"194,139"
14296,"250,76"
14297,"271,456,455"
14298,"376,271"
14299,"190,30,3"
14300,"350,271"
14301,"199,131"
14302,"93,65,96"
14303,"4,3,435"
14304,"402,328,448"
14305,"474,53"
14306,"231,26"
14307,"44,145"
14308,"145,76"
14309,"4,435"
14310,"93,64"
14311,"274,169,296"
14312,"348,280"
14313,"145,326"
14314,"38,103"
14315,"296,306"
14316,"330,375"
14317,"2,209"
14318,"43,181"
14319,"3,4"
14320,"42,21"
14321,"68,170,53"
14322,"4,3"
14323,"349,265"
14324,"265,340"
14325,"21,64,65"
14326,"290,431"
14327,"15,53,451"
14328,"350,271,26"
14329,"206,8"
14330,"65,64,44"
14331,"199,431,169"
14332,"148,147,156"
14333,"21,22,3"
14334,"93,239,64"
14335,"160,40"
14336,"296,229"
14337,"508,199"
14338,"271,216,304"
14339,"44,64"
14340,"234,11"
14341,"21,194"
14342,"5,331"
14343,"308,350"
14344,"508,62"
14345,"4,19"
14346,"199,91"
14347,"129,128"
14348,"22,21"
14349,"199,281,259"
14350,"452,296"
14351,"43,105,25"
14352,"254,216,279"
14353,"170,131,169"
14354,"42,21"
14355,"250,41"
14356,"220,326"
14357,"139,241"
14358,"296,336"
14359,"43,65,242"
14360,"64,93,76"
14361,"271,265"
14362,"4,174"
14363,"170,21"
14364,"89,349"
14365,"496,40,131"
14366,"21,48"
14367,"134,131,40"
14368,"4,3"
14369,"61,181"
14370,"308,457,26"
14371,"44,145"
14372,"181,43"
14373,"3,28"
14374,"122,49,346"
14375,"96,38,24"
14376,"44,264"
14377,"287,53,15"
14378,"220,242"
14379,"74,467"
14380,"186,160"
14381,"528,43"
14382,"265,349"
14383,"190,48"
14384,"74,165"
14385,"21,42"
14386,"199,169"
14387,"15,16"
14388,"171,170"
14389,"44,264,38"
14390,"21,22"
14391,"199,169"
14392,"32,131"
14393,"181,43"
14394,"34,263"
14395,"12,11"
14396,"273,265"
14397,"4,7,435"
14398,"170,131,169"
14399,"129,128"
14400,"435,4"
14401,"49,11"
14402,"93,64,197"
14403,"221,220"
14404,"11,44"
14405,"21,22"
14406,"170,169"
14407,"43,24"
14408,"30,21"
14409,"160,151"
14410,"151,152,127"
14411,"286,41,111"
14412,"128,241"
14413,"220,265"
14414,"44,231,145"
14415,"348,280"
14416,"303,137"
14417,"454,38"
14418,"286,41"
14419,"131,76"
14420,"181,24"
14421,"171,170"
14422,"32,31"
14423,"11,419"
14424,"131,241,76"
14425,"129,128"
14426,"234,60"
14427,"220,221"
14428,"337,169,179"
14429,"448,64,524"
14430,"21,396"
14431,"32,308,31"
14432,"138,135"
14433,"44,11"
14434,"21,3,42"
14435,"182,68"
14436,"5,511,153"
14437,"15,451"
14438,"113,467,74"
14439,"165,243,71"
14440,"44,264"
14441,"89,26"
14442,"199,169"
14443,"93,64"
14444,"21,187"
14445,"89,0"
14446,"74,250,165"
14447,"21,41"
14448,"15,144"
14449,"128,130,129"
14450,"64,239"
14451,"25,44"
14452,"128,195"
14453,"93,96"
14454,"160,143"
14455,"15,451"
14456,"40,131,134"
14457,"48,309"
14458,"145,38"
14459,"4,19"
14460,"93,64"
14461,"271,314"
14462,"220,349"
14463,"145,54"
14464,"508,145"
14465,"21,115"
14466,"17,18,168"
14467,"135,138"
14468,"271,265"
14469,"25,454,290"
14470,"128,130"
14471,"96,328,402"
14472,"93,64"
14473,"181,43"
14474,"26,350"
14475,"11,44,69"
14476,"241,131,197"
14477,"44,43"
14478,"32,131,62"
14479,"21,148"
14480,"89,26"
14481,"36,263"
14482,"4,180,111"
14483,"115,190"
14484,"523,53"
14485,"21,199"
14486,"435,4,3"
14487,"112,111"
14488,"4,19"
14489,"84,47,74"
14490,"21,34"
14491,"43,24"
14492,"296,306"
14493,"14,13"
14494,"31,328,258"
14495,"145,65"
14496,"170,169"
14497,"447,17"
14498,"131,40,226"
14499,"206,369"
14500,"151,127,315"
14501,"451,523"
14502,"63,21"
14503,"44,264,145"
14504,"21,301"
14505,"239,60"
14506,"286,41"
14507,"118,74"
14508,"239,93"
14509,"451,148"
14510,"21,301"
14511,"258,72,508"
14512,"220,326,446"
14513,"370,145"
14514,"48,38"
14515,"197,129,328"
14516,"258,31,402"
14517,"44,145"
14518,"32,38,44"
14519,"146,283"
14520,"523,451,217"
14521,"12,11"
14522,"220,221"
14523,"323,508,169"
14524,"113,53,523"
14525,"18,17"
14526,"455,143,131"
14527,"367,3,21"
14528,"280,348"
14529,"199,169"
14530,"3,21"
14531,"11,12,221"
14532,"190,21,111"
14533,"26,103,231"
14534,"272,271,265"
14535,"140,139"
14536,"93,64"
14537,"257,235"
14538,"187,21"
14539,"15,30"
14540,"17,18,3"
14541,"456,265,409"
14542,"11,44"
14543,"3,30"
14544,"145,54,402"
14545,"199,170"
14546,"181,64,93"
14547,"131,241"
14548,"317,74"
14549,"145,44,54"
14550,"186,152"
14551,"175,38"
14552,"160,302"
14553,"346,313,2"
14554,"190,295"
14555,"171,169"
14556,"231,26"
14557,"215,127"
14558,"53,15"
14559,"21,3,22"
14560,"219,227,141"
14561,"220,11"
14562,"131,40,76"
14563,"53,287"
14564,"17,18"
14565,"17,18"
14566,"24,43"
14567,"271,291"
14568,"32,89"
14569,"21,148"
14570,"93,64"
14571,"15,3"
14572,"129,328"
14573,"301,85,21"
14574,"38,87"
14575,"160,302"
14576,"220,139"
14577,"93,239"
14578,"146,145"
14579,"21,3"
14580,"220,169"
14581,"93,64"
14582,"181,43"
14583,"4,435"
14584,"220,221"
14585,"130,128"
14586,"48,81"
14587,"139,248,140"
14588,"111,474"
14589,"435,188"
14590,"38,91,23"
14591,"49,239"
14592,"435,111"
14593,"199,169"
14594,"74,165"
14595,"43,24"
14596,"68,170"
14597,"93,64"
14598,"44,231"
14599,"49,265"
14600,"21,5"
14601,"3,17"
14602,"139,21"
14603,"32,258"
14604,"145,44,370"
14605,"456,271"
14606,"199,21"
14607,"104,170"
14608,"3,4"
14609,"456,271,265"
14610,"128,130"
14611,"4,3"
14612,"74,118,467"
14613,"49,24"
14614,"93,64"
14615,"64,90,448"
14616,"64,448"
14617,"146,145"
14618,"69,11"
14619,"74,165,303"
14620,"212,129"
14621,"303,74"
14622,"265,59"
14623,"248,169,170"
14624,"169,131"
14625,"64,93"
14626,"21,195"
14627,"21,76"
14628,"8,308"
14629,"21,3,451"
14630,"72,24,49"
14631,"11,205"
14632,"306,296"
14633,"220,11,221"
14634,"186,128"
14635,"181,43"
14636,"4,3"
14637,"220,221"
14638,"44,38,264"
14639,"105,50"
14640,"199,169"
14641,"267,21,111"
14642,"170,311,21"
14643,"220,446"
14644,"41,21"
14645,"308,8"
14646,"506,467"
14647,"71,303"
14648,"21,127"
14649,"508,454,287"
14650,"199,169"
14651,"41,111"
14652,"8,235"
14653,"170,229"
14654,"250,41,186"
14655,"435,111"
14656,"21,42,115"
14657,"14,13"
14658,"74,467"
14659,"127,21,166"
14660,"241,163"
14661,"127,315"
14662,"44,43"
14663,"264,38"
14664,"146,184,185"
14665,"241,74"
14666,"206,8"
14667,"131,139,226"
14668,"49,239"
14669,"5,6"
14670,"118,231,74"
14671,"21,127"
14672,"156,147"
14673,"2,1"
14674,"195,199"
14675,"186,21"
14676,"129,128,131"
14677,"15,16"
14678,"199,169,248"
14679,"199,169"
14680,"456,271"
14681,"241,131,78"
14682,"76,135,141"
14683,"131,241"
14684,"85,3"
14685,"93,64"
14686,"43,24"
14687,"41,161,111"
14688,"187,34,21"
14689,"21,53"
14690,"239,64"
14691,"317,74,201"
14692,"71,24"
14693,"420,296"
14694,"315,160"
14695,"43,24"
14696,"160,315"
14697,"44,11"
14698,"265,59,349"
14699,"30,219"
14700,"290,111"
14701,"244,135,139"
14702,"209,195"
14703,"21,3,311"
14704,"85,301"
14705,"468,40,163"
14706,"156,21,147"
14707,"17,18"
14708,"21,53"
14709,"49,24"
14710,"296,169"
14711,"199,259"
14712,"170,169,274"
14713,"206,8"
14714,"274,169"
14715,"32,258"
14716,"44,43"
14717,"267,21"
14718,"118,308"
14719,"90,64"
14720,"139,140"
14721,"31,32"
14722,"44,145"
14723,"148,21"
14724,"265,59"
14725,"220,326"
14726,"44,62"
14727,"89,38,82"
14728,"38,87,308"
14729,"150,13,37"
14730,"65,64"
14731,"265,220"
14732,"21,187"
14733,"21,42"
14734,"220,326"
14735,"523,199"
14736,"49,239"
14737,"197,38"
14738,"4,19"
14739,"212,211"
14740,"220,242"
14741,"220,221"
14742,"43,170"
14743,"243,283"
14744,"131,159,40"
14745,"65,43"
14746,"53,234"
14747,"271,456"
14748,"31,245"
14749,"94,131,190"
14750,"74,467"
14751,"448,64"
14752,"171,169"
14753,"448,64"
14754,"304,216"
14755,"21,41"
14756,"271,311"
14757,"15,53"
14758,"96,258"
14759,"241,131"
14760,"85,86"
14761,"170,417"
14762,"156,3"
14763,"72,44"
14764,"356,199"
14765,"21,222,194"
14766,"199,248"
14767,"48,21"
14768,"40,131"
14769,"118,38,74"
14770,"271,272"
14771,"49,265"
14772,"271,522,291"
14773,"21,124"
14774,"17,18"
14775,"21,139"
14776,"3,311,21"
14777,"259,199"
14778,"53,21"
14779,"30,177"
14780,"418,170"
14781,"145,131"
14782,"391,111,123"
14783,"523,53"
14784,"49,91"
14785,"131,241"
14786,"523,53"
14787,"65,64"
14788,"478,31"
14789,"448,64"
14790,"350,26"
14791,"160,302"
14792,"49,24,239"
14793,"44,43"
14794,"64,90"
14795,"146,145,283"
14796,"30,3,21"
14797,"231,175"
14798,"145,131"
14799,"170,169"
14800,"38,91,23"
14801,"170,131,169"
14802,"169,199,251"
14803,"5,228,21"
14804,"89,26"
14805,"212,271"
14806,"21,3"
14807,"186,241"
14808,"43,242"
14809,"3,17"
14810,"4,3"
14811,"30,81"
14812,"354,216"
14813,"21,200"
14814,"43,241"
14815,"24,38,62"
14816,"204,13"
14817,"12,11,221"
14818,"220,221"
14819,"89,38"
14820,"92,24,60"
14821,"85,301"
14822,"138,265"
14823,"266,276,265"
14824,"199,170"
14825,"99,21,53"
14826,"5,6,3"
14827,"265,516,271"
14828,"4,183"
14829,"128,130"
14830,"303,137"
14831,"21,17"
14832,"220,494"
14833,"11,44"
14834,"218,484"
14835,"231,118"
14836,"208,0,194"
14837,"186,41,128"
14838,"71,165"
14839,"220,242"
14840,"308,271"
14841,"3,30,21"
14842,"26,350"
14843,"32,300"
14844,"157,523,120"
14845,"169,274,199"
14846,"128,130,129"
14847,"21,42"
14848,"166,127,40"
14849,"53,28,3"
14850,"220,242,510"
14851,"148,147"
14852,"140,241,317"
14853,"255,424"
14854,"12,11"
14855,"350,26,456"
14856,"128,129,40"
14857,"8,206"
14858,"41,250"
14859,"49,92"
14860,"131,159"
14861,"21,528,124"
14862,"21,199"
14863,"201,41"
14864,"21,500"
14865,"146,145"
14866,"21,53"
14867,"30,28,48"
14868,"44,264"
14869,"315,185"
14870,"44,370"
14871,"11,44,239"
14872,"4,7"
14873,"15,3"
14874,"220,242"
14875,"199,38,91"
14876,"17,18"
14877,"148,3"
14878,"220,242"
14879,"21,187"
14880,"112,111"
14881,"199,169"
14882,"21,194,187"
14883,"49,32"
14884,"44,145"
14885,"4,3"
14886,"308,44"
14887,"370,89,169"
14888,"26,350"
14889,"13,21"
14890,"32,147"
14891,"65,64"
14892,"33,21,41"
14893,"21,187,15"
14894,"96,258,31"
14895,"265,365"
14896,"199,169"
14897,"76,145"
14898,"105,50"
14899,"376,265"
14900,"24,71"
14901,"74,317,303"
14902,"134,131,40"
14903,"402,448,524"
14904,"170,169"
14905,"431,152"
14906,"44,11,264"
14907,"135,138"
14908,"315,160,151"
14909,"240,231"
14910,"3,28"
14911,"250,131,309"
14912,"271,0"
14913,"241,494,131"
14914,"265,59"
14915,"448,64,524"
14916,"91,38"
14917,"431,325"
14918,"17,18"
14919,"243,329"
14920,"49,74"
14921,"296,306"
14922,"41,21"
14923,"43,24"
14924,"456,350,271"
14925,"348,213,359"
14926,"30,300,451"
14927,"69,11"
14928,"40,131,226"
14929,"21,148"
14930,"339,337"
14931,"89,26"
14932,"350,91,44"
14933,"446,220,265"
14934,"169,199,282"
14935,"169,417"
14936,"304,360"
14937,"241,131"
14938,"87,331,118"
14939,"325,21"
14940,"271,314"
14941,"242,220"
14942,"21,325,53"
14943,"17,3"
14944,"21,3"
14945,"160,41,315"
14946,"262,105,435"
14947,"74,317"
14948,"296,306"
14949,"426,68"
14950,"455,185,143"
14951,"111,296,123"
14952,"71,145"
14953,"346,2"
14954,"345,92"
14955,"77,31"
14956,"195,128"
14957,"78,131,226"
14958,"65,437"
14959,"131,241,76"
14960,"139,300"
14961,"38,71"
14962,"89,26,231"
14963,"271,348"
14964,"478,40,241"
14965,"82,38"
14966,"170,169"
14967,"523,147,53"
14968,"303,74,284"
14969,"4,19"
14970,"128,129,195"
14971,"41,21"
14972,"49,239"
14973,"241,131,38"
14974,"65,64"
14975,"171,170,77"
14976,"26,89"
14977,"456,271"
14978,"199,431,169"
14979,"93,64"
14980,"382,304"
14981,"131,40"
14982,"21,42"
14983,"186,41,128"
14984,"169,271"
14985,"350,26"
14986,"8,410"
14987,"289,89"
14988,"65,145"
14989,"296,336"
14990,"3,17"
14991,"44,73"
14992,"271,350,26"
14993,"500,3,4"
14994,"4,7"
14995,"21,48,325"
14996,"93,64"
14997,"199,169"
14998,"43,24"
14999,"93,64"
15000,"152,151,40"
15001,"111,56"
15002,"199,494"
15003,"12,11"
15004,"134,169"
15005,"118,32"
15006,"131,134,40"
15007,"49,24,96"
15008,"49,239"
15009,"170,41"
15010,"17,3,53"
15011,"131,47"
15012,"76,395,396"
15013,"42,41"
15014,"11,90"
15015,"4,265"
15016,"171,170"
15017,"401,21"
15018,"44,197"
15019,"171,170"
15020,"74,118"
15021,"199,169"
15022,"41,149"
15023,"64,93"
15024,"301,85"
15025,"308,8"
15026,"21,17"
15027,"21,250"
15028,"77,241"
15029,"131,40,226"
15030,"303,74"
15031,"231,26,350"
15032,"21,139"
15033,"148,21"
15034,"85,301,21"
15035,"21,85,156"
15036,"3,21"
15037,"256,21"
15038,"199,223"
15039,"254,216"
15040,"220,11"
15041,"300,199"
15042,"64,90"
15043,"8,206"
15044,"21,127"
15045,"164,21"
15046,"53,435,287"
15047,"26,89"
15048,"175,128,184"
15049,"93,64"
15050,"135,236"
15051,"4,3"
15052,"187,21"
15053,"169,170,251"
15054,"212,211"
15055,"309,250"
15056,"0,271"
15057,"145,76,510"
15058,"21,96"
15059,"370,89,26"
15060,"93,64"
15061,"199,508,169"
15062,"148,30,3"
15063,"323,199,169"
15064,"44,11"
15065,"169,274,170"
15066,"139,286,241"
15067,"3,21"
15068,"115,21"
15069,"68,21"
15070,"3,26"
15071,"188,4"
15072,"156,21"
15073,"112,111"
15074,"135,295"
15075,"296,428"
15076,"96,53"
15077,"43,24"
15078,"220,326"
15079,"528,156,148"
15080,"181,43"
15081,"26,89"
15082,"49,239"
15083,"181,76"
15084,"131,40,226"
15085,"335,65"
15086,"220,128"
15087,"265,349"
15088,"118,500"
15089,"350,26"
15090,"170,271"
15091,"4,3"
15092,"21,108"
15093,"402,145"
15094,"21,3"
15095,"170,21,169"
15096,"41,40,315"
15097,"12,11"
15098,"354,216"
15099,"195,77"
15100,"141,76,21"
15101,"41,21"
15102,"275,53"
15103,"18,17"
15104,"451,3"
15105,"418,265,49"
15106,"43,242,24"
15107,"199,169"
15108,"44,145"
15109,"91,38"
15110,"170,337,169"
15111,"204,13,100"
15112,"247,74"
15113,"25,220"
15114,"146,145"
15115,"131,40,466"
15116,"156,225,147"
15117,"59,205"
15118,"62,44"
15119,"199,169,223"
15120,"148,147"
15121,"21,68"
15122,"402,145"
15123,"62,69,39"
15124,"131,486"
15125,"100,222,101"
15126,"3,4"
15127,"220,326"
15128,"212,476,211"
15129,"231,26"
15130,"159,166,131"
15131,"231,145,44"
15132,"239,64"
15133,"4,19"
15134,"3,21"
15135,"4,435"
15136,"175,152,128"
15137,"138,135,325"
15138,"40,131,128"
15139,"175,38"
15140,"350,346,26"
15141,"84,38"
15142,"30,4,53"
15143,"43,24"
15144,"220,65"
15145,"32,23"
15146,"21,187"
15147,"169,195"
15148,"346,313,44"
15149,"43,24"
15150,"145,44,468"
15151,"64,93"
15152,"220,510"
15153,"100,28,101"
15154,"21,200,53"
15155,"96,31"
15156,"170,169,199"
15157,"0,216,432"
15158,"43,32"
15159,"85,148"
15160,"49,44"
15161,"171,170"
15162,"428,28"
15163,"308,26"
15164,"220,326,64"
15165,"199,49"
15166,"287,53"
15167,"296,417"
15168,"85,111"
15169,"186,127,152"
15170,"91,38"
15171,"4,3"
15172,"4,435,3"
15173,"181,43"
15174,"199,170,248"
15175,"139,58,234"
15176,"181,43"
15177,"199,169"
15178,"523,21"
15179,"197,44"
15180,"21,42,48"
15181,"21,3,33"
15182,"25,220"
15183,"220,242"
15184,"325,53"
15185,"296,169"
15186,"303,23,38"
15187,"32,300"
15188,"399,363"
15189,"145,402"
15190,"4,3"
15191,"206,369"
15192,"21,48"
15193,"38,91"
15194,"156,21"
15195,"44,145"
15196,"311,170,426"
15197,"148,451"
15198,"3,21"
15199,"131,40"
15200,"131,241"
15201,"129,195"
15202,"68,182"
15203,"49,336"
15204,"44,145,468"
15205,"456,265,271"
15206,"105,50"
15207,"21,199"
15208,"21,17"
15209,"376,265"
15210,"220,242"
15211,"220,242"
15212,"21,187"
15213,"21,68"
15214,"44,72"
15215,"21,41"
15216,"456,271"
15217,"303,105,262"
15218,"11,205,69"
15219,"186,175,128"
15220,"44,145"
15221,"212,279"
15222,"43,24"
15223,"170,169"
15224,"350,26"
15225,"131,260,169"
15226,"241,76,139"
15227,"12,11"
15228,"170,169"
15229,"40,131"
15230,"93,239,64"
15231,"26,346,231"
15232,"446,279"
15233,"14,13"
15234,"296,274,169"
15235,"402,145"
15236,"21,22"
15237,"431,247"
15238,"199,21"
15239,"220,326"
15240,"43,44,402"
15241,"231,26,44"
15242,"170,169"
15243,"59,11"
15244,"335,64"
15245,"21,41,200"
15246,"64,448,80"
15247,"271,349,265"
15248,"32,290,300"
15249,"32,296,300"
15250,"85,3"
15251,"199,311"
15252,"44,145,54"
15253,"48,81"
15254,"140,74"
15255,"216,354"
15256,"271,360"
15257,"199,259"
15258,"131,226,40"
15259,"131,40,226"
15260,"111,267"
15261,"21,194"
15262,"47,131"
15263,"145,220"
15264,"220,242"
15265,"94,76,23"
15266,"131,226,40"
15267,"74,317,303"
15268,"138,135"
15269,"21,396"
15270,"340,265"
15271,"187,34"
15272,"21,187"
15273,"205,11"
15274,"220,418,221"
15275,"456,271"
15276,"171,134,31"
15277,"177,30"
15278,"169,199"
15279,"90,64"
15280,"4,3"
15281,"21,33"
15282,"241,131"
15283,"243,317"
15284,"72,49"
15285,"89,308,26"
15286,"42,21"
15287,"170,169,508"
15288,"199,169"
15289,"523,53"
15290,"242,220,221"
15291,"21,68"
15292,"17,21"
15293,"17,21"
15294,"64,43,181"
15295,"64,524"
15296,"242,43"
15297,"11,221,205"
15298,"265,340"
15299,"339,337"
15300,"21,42"
15301,"28,21,207"
15302,"5,331,435"
15303,"258,31,508"
15304,"460,296"
15305,"131,40,466"
15306,"131,486,40"
15307,"199,265"
15308,"239,49"
15309,"44,145"
15310,"48,21"
15311,"199,382,431"
15312,"21,42,182"
15313,"199,169,223"
15314,"241,131"
15315,"199,169"
15316,"376,271"
15317,"40,41"
15318,"4,3"
15319,"44,59"
15320,"508,169"
15321,"271,456"
15322,"500,74"
15323,"271,291"
15324,"199,169,179"
15325,"340,265"
15326,"356,199"
15327,"348,280,255"
15328,"219,30"
15329,"72,508"
15330,"89,26"
15331,"17,18,168"
15332,"235,446"
15333,"170,260"
15334,"220,145"
15335,"21,3"
15336,"74,128,317"
15337,"21,187,34"
15338,"21,148,22"
15339,"131,145"
15340,"265,349"
15341,"199,240,91"
15342,"21,195"
15343,"62,74"
15344,"206,8"
15345,"523,53,15"
15346,"69,11,221"
15347,"53,474"
15348,"53,3"
15349,"199,248"
15350,"3,53,435"
15351,"271,456"
15352,"170,169"
15353,"65,64"
15354,"128,130,306"
15355,"145,44"
15356,"197,39"
15357,"89,26"
15358,"44,62"
15359,"40,131"
15360,"205,11,59"
15361,"190,4"
15362,"112,111"
15363,"21,301"
15364,"38,44"
15365,"93,64"
15366,"131,40"
15367,"107,38"
15368,"131,134,40"
15369,"44,145"
15370,"241,76"
15371,"21,164"
15372,"170,49"
15373,"135,141"
15374,"30,21"
15375,"44,145"
15376,"49,197"
15377,"194,40,241"
15378,"265,220"
15379,"38,231"
15380,"265,271"
15381,"208,403"
15382,"271,349"
15383,"375,19,61"
15384,"21,33,36"
15385,"32,528"
15386,"199,260"
15387,"93,64"
15388,"128,468,289"
15389,"241,128"
15390,"15,16"
15391,"271,26"
15392,"3,28"
15393,"21,3"
15394,"77,131"
15395,"111,123"
15396,"31,328,129"
15397,"160,315"
15398,"220,508"
15399,"220,326"
15400,"181,24"
15401,"272,271,366"
15402,"239,93"
15403,"169,199,179"
15404,"145,468"
15405,"64,239"
15406,"17,18"
15407,"96,31"
15408,"26,231,350"
15409,"87,137,38"
15410,"30,21"
15411,"15,70,438"
15412,"456,271"
15413,"15,16"
15414,"77,241"
15415,"89,21,216"
15416,"234,43"
15417,"185,184"
15418,"220,221"
15419,"157,53"
15420,"456,0"
15421,"38,48,309"
15422,"131,38,241"
15423,"327,265,276"
15424,"297,306"
15425,"235,257"
15426,"271,469"
15427,"199,169"
15428,"131,40,226"
15429,"360,304,438"
15430,"43,24"
15431,"43,32,24"
15432,"42,21,267"
15433,"32,31"
15434,"93,64"
15435,"44,402"
15436,"21,76"
15437,"21,111"
15438,"220,221"
15439,"170,21"
15440,"89,26"
15441,"239,11"
15442,"44,264"
15443,"264,44"
15444,"43,65,64"
15445,"21,33,127"
15446,"38,84"
15447,"124,21"
15448,"139,155,153"
15449,"82,38"
15450,"343,199"
15451,"123,111"
15452,"315,160,127"
15453,"508,454,169"
15454,"5,85"
15455,"21,187"
15456,"53,523"
15457,"89,76"
15458,"108,21,301"
15459,"135,138"
15460,"44,145"
15461,"235,31,453"
15462,"21,81,48"
15463,"30,200,21"
15464,"44,11"
15465,"164,21"
15466,"274,169"
15467,"314,208"
15468,"220,242"
15469,"30,177"
15470,"44,11"
15471,"212,449"
15472,"271,218"
15473,"175,283"
15474,"220,129"
15475,"112,111,41"
15476,"139,140"
15477,"69,11"
15478,"169,199,251"
15479,"44,264"
15480,"17,18"
15481,"199,259"
15482,"44,145"
15483,"199,248"
15484,"68,53"
15485,"243,175"
15486,"303,38"
15487,"212,211"
15488,"187,199,34"
15489,"447,34"
15490,"199,271"
15491,"59,44"
15492,"195,507,199"
15493,"22,21"
15494,"3,4"
15495,"181,43"
15496,"171,169,170"
15497,"199,248,170"
15498,"280,348"
15499,"337,339,21"
15500,"276,327"
15501,"268,148"
15502,"93,64"
15503,"40,131"
15504,"65,145,109"
15505,"41,21"
15506,"199,169"
15507,"138,135"
15508,"182,111"
15509,"62,44,69"
15510,"87,38"
15511,"456,271"
15512,"65,64"
15513,"21,3"
15514,"169,274,296"
15515,"296,134"
15516,"131,40,76"
15517,"32,169"
15518,"59,205"
15519,"356,143"
15520,"181,64"
15521,"185,184"
15522,"181,43"
15523,"17,65"
15524,"304,216"
15525,"41,42"
15526,"494,459"
15527,"228,5"
15528,"96,420,31"
15529,"271,265"
15530,"21,3"
15531,"134,131"
15532,"21,311"
15533,"169,274,337"
15534,"93,64"
15535,"227,435,3"
15536,"40,131,193"
15537,"250,40,41"
15538,"48,345"
15539,"12,11"
15540,"170,169"
15541,"231,44"
15542,"78,105,308"
15543,"231,26"
15544,"3,111"
15545,"90,64"
15546,"190,435,21"
15547,"181,43"
15548,"21,3"
15549,"204,13"
15550,"93,239,60"
15551,"199,17,21"
15552,"181,96"
15553,"232,38,44"
15554,"221,220"
15555,"391,8"
15556,"93,64"
15557,"190,21"
15558,"4,3"
15559,"49,74"
15560,"21,48"
15561,"220,326"
15562,"21,48"
15563,"131,40,226"
15564,"99,53"
15565,"4,111"
15566,"21,33"
15567,"43,32,24"
15568,"181,43"
15569,"43,24"
15570,"131,78,406"
15571,"311,21,46"
15572,"64,65,90"
15573,"21,41,42"
15574,"170,169,417"
15575,"206,8"
15576,"17,18"
15577,"43,24"
15578,"93,64"
15579,"199,169"
15580,"89,265"
15581,"271,21"
15582,"107,38"
15583,"206,8"
15584,"273,265"
15585,"220,326"
15586,"375,48"
15587,"402,64,524"
15588,"170,169"
15589,"171,170"
15590,"74,165,303"
15591,"454,38"
15592,"93,64"
15593,"265,209"
15594,"13,122,14"
15595,"454,220,326"
15596,"402,43"
15597,"21,41"
15598,"283,146"
15599,"424,271"
15600,"267,111"
15601,"21,53"
15602,"89,26,76"
15603,"31,38"
15604,"195,169,170"
15605,"145,370"
15606,"190,3,21"
15607,"170,169"
15608,"8,218"
15609,"40,131"
15610,"22,21,301"
15611,"21,187"
15612,"38,91,165"
15613,"528,36"
15614,"14,204"
15615,"402,65,54"
15616,"118,74"
15617,"129,128"
15618,"524,448,64"
15619,"93,64"
15620,"524,448,64"
15621,"21,41"
15622,"131,31,134"
15623,"185,184"
15624,"248,199,169"
15625,"128,195"
15626,"21,41"
15627,"8,270"
15628,"199,21"
15629,"4,3"
15630,"21,48"
15631,"408,21,76"
15632,"265,349"
15633,"170,323"
15634,"15,3"
15635,"511,500,195"
15636,"524,448,64"
15637,"127,186"
15638,"145,54"
15639,"408,128"
15640,"214,213,271"
15641,"11,44"
15642,"279,521"
15643,"186,41,128"
15644,"146,283"
15645,"309,62,202"
15646,"346,501"
15647,"235,453"
15648,"523,148"
15649,"76,21,187"
15650,"279,464,277"
15651,"15,16"
15652,"274,169,296"
15653,"370,65"
15654,"170,21"
15655,"21,33"
15656,"188,435,220"
15657,"40,131"
15658,"93,64"
15659,"44,145,468"
15660,"271,456"
15661,"21,34"
15662,"23,91,38"
15663,"91,38"
15664,"265,287"
15665,"199,169,131"
15666,"156,21"
15667,"77,31"
15668,"129,128"
15669,"170,169,199"
15670,"141,118"
15671,"271,272"
15672,"402,44"
15673,"220,242"
15674,"44,11"
15675,"168,17"
15676,"0,271"
15677,"265,349"
15678,"135,244,307"
15679,"105,106"
15680,"431,259"
15681,"171,31"
15682,"271,456"
15683,"255,462"
15684,"21,5"
15685,"21,30"
15686,"43,24"
15687,"199,169"
15688,"21,187,34"
15689,"49,24"
15690,"103,38"
15691,"185,184"
15692,"128,130,306"
15693,"44,11"
15694,"199,431,169"
15695,"265,276"
15696,"4,435"
15697,"44,69,62"
15698,"239,49"
15699,"306,296,452"
15700,"93,239,96"
15701,"175,128"
15702,"206,279"
15703,"248,170,199"
15704,"4,3"
15705,"21,3,200"
15706,"48,30,21"
15707,"15,16"
15708,"111,21"
15709,"346,501,313"
15710,"301,85"
15711,"4,183"
15712,"448,145"
15713,"4,70"
15714,"40,131,76"
15715,"170,169"
15716,"226,131,40"
15717,"43,24"
15718,"199,170"
15719,"185,184"
15720,"220,326"
15721,"4,435,3"
15722,"171,284"
15723,"204,13"
15724,"111,77,215"
15725,"258,31"
15726,"508,258,245"
15727,"176,474,111"
15728,"199,260"
15729,"193,131"
15730,"170,241,131"
15731,"21,3"
15732,"209,208"
15733,"350,346"
15734,"21,367"
15735,"5,21,3"
15736,"94,38"
15737,"271,265"
15738,"49,296"
15739,"494,371,78"
15740,"49,500"
15741,"346,313"
15742,"304,216"
15743,"208,265"
15744,"38,326"
15745,"106,84,241"
15746,"72,11"
15747,"44,11"
15748,"43,64"
15749,"255,484,462"
15750,"17,18"
15751,"21,187"
15752,"296,306"
15753,"206,8"
15754,"17,18"
15755,"4,435,19"
15756,"3,4"
15757,"49,296"
15758,"131,226,40"
15759,"61,72"
15760,"44,264"
15761,"175,38"
15762,"26,231"
15763,"128,129,130"
15764,"41,21,42"
15765,"199,169"
15766,"41,111"
15767,"96,31,60"
15768,"32,328,64"
15769,"21,102"
15770,"21,48"
15771,"296,460"
15772,"309,250,76"
15773,"199,169"
15774,"265,456"
15775,"366,186,402"
15776,"206,369"
15777,"186,152"
15778,"44,145"
15779,"43,24"
15780,"171,131,170"
15781,"14,265,13"
15782,"346,313"
15783,"64,524,65"
15784,"3,21"
15785,"402,145"
15786,"89,23"
15787,"54,44"
15788,"21,85"
15789,"11,90,64"
15790,"93,64"
15791,"131,169,170"
15792,"85,86"
15793,"448,64"
15794,"265,220"
15795,"220,221"
15796,"5,3"
15797,"21,5"
15798,"331,4"
15799,"265,59"
15800,"220,221"
15801,"139,140"
15802,"42,21"
15803,"171,170"
15804,"523,53"
15805,"4,3"
15806,"375,77,31"
15807,"271,352"
15808,"311,188,169"
15809,"169,274"
15810,"145,54,478"
15811,"74,165"
15812,"41,42,21"
15813,"220,65,242"
15814,"41,111,21"
15815,"21,187"
15816,"199,248,169"
15817,"118,141"
15818,"170,454"
15819,"265,59"
15820,"12,11,65"
15821,"21,170"
15822,"335,72"
15823,"44,11"
15824,"199,169"
15825,"131,40"
15826,"38,44"
15827,"26,89"
15828,"170,169,199"
15829,"340,265"
15830,"21,30"
15831,"17,18"
15832,"21,42"
15833,"402,145"
15834,"25,44"
15835,"187,21"
15836,"84,38"
15837,"91,38,103"
15838,"184,185"
15839,"93,64"
15840,"170,169"
15841,"248,169,139"
15842,"337,339"
15843,"335,64"
15844,"15,16"
15845,"335,64"
15846,"12,11"
15847,"49,418"
15848,"64,65,90"
15849,"26,89"
15850,"48,309,81"
15851,"137,38,303"
15852,"41,30"
15853,"43,32"
15854,"171,170"
15855,"290,309"
15856,"145,146"
15857,"367,4"
15858,"21,3,53"
15859,"308,91"
15860,"231,206,271"
15861,"206,308"
15862,"49,24"
15863,"4,3,435"
15864,"220,326"
15865,"247,175"
15866,"265,340"
15867,"15,187,34"
15868,"360,214"
15869,"11,221"
15870,"152,186,151"
15871,"43,181"
15872,"297,49,265"
15873,"21,33,3"
15874,"304,216,179"
15875,"175,128,186"
15876,"271,501"
15877,"93,64"
15878,"136,131"
15879,"21,102"
15880,"243,317"
15881,"4,451,3"
15882,"265,349"
15883,"61,72"
15884,"49,296"
15885,"170,21"
15886,"89,26"
15887,"135,76"
15888,"239,323"
15889,"366,209"
15890,"28,330,21"
15891,"186,128,41"
15892,"4,3,19"
15893,"68,21,199"
15894,"212,211"
15895,"4,3"
15896,"139,248"
15897,"163,162"
15898,"446,256"
15899,"31,258,508"
15900,"350,26"
15901,"256,271"
15902,"44,45"
15903,"220,4"
15904,"340,265"
15905,"21,3"
15906,"38,39,82"
15907,"171,170"
15908,"21,22,53"
15909,"21,36"
15910,"231,206,26"
15911,"163,162"
15912,"279,521,249"
15913,"199,260,169"
15914,"300,53"
15915,"21,33"
15916,"135,141"
15917,"131,226,40"
15918,"348,265"
15919,"138,135"
15920,"206,8"
15921,"15,16,3"
15922,"93,64"
15923,"220,221"
15924,"220,221,242"
15925,"64,93"
15926,"131,226,40"
15927,"8,206"
15928,"3,30,190"
15929,"169,199"
15930,"93,64"
15931,"457,8"
15932,"21,42"
15933,"34,187,15"
15934,"49,24"
15935,"143,199,169"
15936,"109,62,508"
15937,"4,7"
15938,"402,145"
15939,"21,187"
15940,"274,169"
15941,"118,38"
15942,"131,40,226"
15943,"402,145,54"
15944,"199,169"
15945,"38,72"
15946,"451,3"
15947,"43,44"
15948,"309,290"
15949,"187,18"
15950,"199,169"
15951,"220,221"
15952,"41,42"
15953,"220,454"
15954,"402,145"
15955,"44,264"
15956,"30,3"
15957,"434,284"
15958,"152,151"
15959,"4,19"
15960,"21,22"
15961,"300,53"
15962,"265,340,349"
15963,"332,21,18"
15964,"3,53,15"
15965,"107,38"
15966,"21,28"
15967,"93,64"
15968,"369,206,208"
15969,"370,89,0"
15970,"165,74"
15971,"3,30"
15972,"21,199,3"
15973,"44,402"
15974,"220,221"
15975,"49,21,239"
15976,"181,43"
15977,"265,326"
15978,"3,85"
15979,"187,34,21"
15980,"44,264"
15981,"370,220"
15982,"456,271"
15983,"72,12,44"
15984,"456,271"
15985,"177,30"
15986,"220,418,242"
15987,"303,165,74"
15988,"383,265,266"
15989,"48,309"
15990,"41,21,42"
15991,"220,221"
15992,"174,448"
15993,"44,26,264"
15994,"44,145"
15995,"170,169,131"
15996,"69,11"
15997,"89,26"
15998,"22,21"
15999,"199,169"
16000,"315,152,186"
16001,"129,328,128"
16002,"448,64"
16003,"3,4,435"
16004,"145,54,402"
16005,"111,431,325"
16006,"43,24"
16007,"127,152"
16008,"170,171"
16009,"451,50"
16010,"351,271"
16011,"437,283,74"
16012,"41,21"
16013,"85,5,217"
16014,"21,3"
16015,"165,74,382"
16016,"271,522"
16017,"242,44"
16018,"145,146"
16019,"139,153"
16020,"199,431"
16021,"111,267"
16022,"21,301,22"
16023,"53,234"
16024,"199,169,259"
16025,"44,73,45"
16026,"220,242"
16027,"452,214"
16028,"21,36"
16029,"21,30"
16030,"93,64"
16031,"21,127"
16032,"64,65"
16033,"139,4"
16034,"348,265"
16035,"220,508"
16036,"199,169"
16037,"241,131,197"
16038,"64,448"
16039,"41,21"
16040,"218,457"
16041,"289,288"
16042,"53,21,3"
16043,"206,8"
16044,"15,16"
16045,"333,296"
16046,"21,187"
16047,"402,145"
16048,"3,21"
16049,"241,195,42"
16050,"44,67,145"
16051,"181,62,113"
16052,"138,135"
16053,"131,40"
16054,"32,31"
16055,"523,451"
16056,"199,169"
16057,"308,38"
16058,"40,21"
16059,"206,8"
16060,"454,31,134"
16061,"26,456,271"
16062,"4,3"
16063,"181,64"
16064,"21,53"
16065,"523,287,209"
16066,"143,111"
16067,"271,456"
16068,"21,42"
16069,"163,128,129"
16070,"304,271"
16071,"194,99"
16072,"17,168,18"
16073,"508,170,169"
16074,"107,38"
16075,"241,494,175"
16076,"160,127"
16077,"127,160,151"
16078,"475,214"
16079,"143,199"
16080,"360,456"
16081,"4,435"
16082,"89,26"
16083,"21,3"
16084,"370,64,65"
16085,"21,33"
16086,"17,18"
16087,"248,199"
16088,"40,131,226"
16089,"309,48"
16090,"309,250,21"
16091,"93,239,64"
16092,"4,435"
16093,"402,220"
16094,"308,206,231"
16095,"30,21,3"
16096,"206,369"
16097,"323,169"
16098,"308,38,26"
16099,"3,4"
16100,"271,456"
16101,"63,38"
16102,"235,8"
16103,"64,448"
16104,"156,147"
16105,"190,17,3"
16106,"48,64"
16107,"4,3"
16108,"220,221"
16109,"156,3,21"
16110,"91,38"
16111,"30,188"
16112,"456,271"
16113,"44,145,54"
16114,"21,296"
16115,"206,8"
16116,"220,242"
16117,"448,79,64"
16118,"11,44"
16119,"38,135,32"
16120,"131,134"
16121,"121,120,451"
16122,"115,274,169"
16123,"13,122,14"
16124,"366,209"
16125,"17,168"
16126,"271,265"
16127,"199,259"
16128,"38,88"
16129,"171,169"
16130,"145,220"
16131,"43,24,242"
16132,"212,38"
16133,"435,4"
16134,"265,271,276"
16135,"248,187"
16136,"195,169"
16137,"220,242"
16138,"21,41"
16139,"69,11"
16140,"447,34"
16141,"49,239"
16142,"318,105,26"
16143,"77,31"
16144,"271,456"
16145,"131,40,226"
16146,"242,220"
16147,"506,303"
16148,"43,24,181"
16149,"220,242"
16150,"43,24"
16151,"21,17"
16152,"43,24"
16153,"170,169"
16154,"26,89"
16155,"21,3"
16156,"21,111,148"
16157,"17,18,168"
16158,"44,145"
16159,"21,396"
16160,"21,3"
16161,"220,221"
16162,"156,21"
16163,"91,38"
16164,"301,21,85"
16165,"206,8"
16166,"90,64"
16167,"17,18"
16168,"3,4"
16169,"448,64"
16170,"44,145"
16171,"350,26"
16172,"156,225"
16173,"370,214,424"
16174,"147,148"
16175,"431,64,259"
16176,"272,271"
16177,"46,21,311"
16178,"21,30"
16179,"8,0"
16180,"371,494"
16181,"187,21"
16182,"21,148"
16183,"199,169"
16184,"43,24"
16185,"90,64"
16186,"4,210"
16187,"199,91,169"
16188,"44,49"
16189,"3,30"
16190,"98,118"
16191,"90,64"
16192,"11,44"
16193,"242,43"
16194,"279,0,296"
16195,"21,3"
16196,"195,40,166"
16197,"190,195,21"
16198,"21,127,3"
16199,"43,24"
16200,"65,38"
16201,"64,448,65"
16202,"169,251"
16203,"21,190,41"
16204,"21,48"
16205,"271,456"
16206,"128,130,306"
16207,"500,21"
16208,"11,12"
16209,"3,21"
16210,"15,38"
16211,"70,4,375"
16212,"4,3"
16213,"417,169,170"
16214,"199,259"
16215,"65,64"
16216,"107,38"
16217,"21,148,451"
16218,"402,145"
16219,"190,30"
16220,"235,257"
16221,"21,156,3"
16222,"402,96,328"
16223,"85,86"
16224,"64,448"
16225,"21,102,139"
16226,"186,40"
16227,"206,8"
16228,"148,528,21"
16229,"49,396"
16230,"115,21"
16231,"296,49"
16232,"15,16"
16233,"335,72"
16234,"90,11,64"
16235,"175,128,152"
16236,"181,96"
16237,"524,64,448"
16238,"17,65"
16239,"170,248,169"
16240,"323,239"
16241,"3,4"
16242,"170,323"
16243,"199,169,179"
16244,"169,323"
16245,"267,111"
16246,"44,468"
16247,"21,48"
16248,"170,169"
16249,"74,303"
16250,"220,221"
16251,"257,216"
16252,"186,160"
16253,"21,3,311"
16254,"3,4"
16255,"49,199"
16256,"3,15"
16257,"25,220"
16258,"171,170"
16259,"21,141"
16260,"2,212,1"
16261,"17,18,168"
16262,"509,65"
16263,"41,21"
16264,"171,170"
16265,"448,64,524"
16266,"265,271"
16267,"182,68,21"
16268,"265,349"
16269,"323,170"
16270,"336,169,508"
16271,"241,131"
16272,"38,231"
16273,"64,93"
16274,"4,3"
16275,"21,199"
16276,"3,30,169"
16277,"3,4,183"
16278,"279,304"
16279,"315,160"
16280,"44,11,264"
16281,"85,111"
16282,"32,155"
16283,"216,380"
16284,"111,182,284"
16285,"437,303,95"
16286,"166,128,160"
16287,"128,243"
16288,"111,182,435"
16289,"43,24"
16290,"93,234,85"
16291,"323,43,64"
16292,"239,43"
16293,"139,241,155"
16294,"323,43,508"
16295,"103,231"
16296,"220,508"
16297,"402,145"
16298,"131,78"
16299,"131,40,226"
16300,"139,222"
16301,"244,135,250"
16302,"239,64"
16303,"265,205,59"
16304,"235,327"
16305,"152,315,151"
16306,"369,206,208"
16307,"187,21"
16308,"89,218"
16309,"21,42,127"
16310,"21,3"
16311,"44,73"
16312,"21,325"
16313,"105,145"
16314,"85,3,385"
16315,"64,524,448"
16316,"17,168,18"
16317,"11,44"
16318,"44,64,26"
16319,"93,64"
16320,"62,38"
16321,"128,206"
16322,"43,24"
16323,"348,280"
16324,"21,187"
16325,"53,3"
16326,"521,208"
16327,"265,89"
16328,"21,48,53"
16329,"4,3"
16330,"350,26"
16331,"138,135,41"
16332,"40,215"
16333,"44,64,76"
16334,"170,169"
16335,"308,26,231"
16336,"21,234"
16337,"304,216"
16338,"8,206"
16339,"30,28,21"
16340,"301,85,21"
16341,"508,31,454"
16342,"480,304"
16343,"91,38"
16344,"160,315"
16345,"41,21"
16346,"500,118"
16347,"402,145"
16348,"134,131,486"
16349,"93,64"
16350,"212,211"
16351,"303,23"
16352,"258,508,96"
16353,"195,21"
16354,"43,64"
16355,"77,481"
16356,"220,242,221"
16357,"170,169"
16358,"131,226,40"
16359,"431,239"
16360,"4,3,262"
16361,"64,335"
16362,"131,286"
16363,"3,4"
16364,"220,454"
16365,"220,221"
16366,"21,124"
16367,"279,249"
16368,"21,3"
16369,"49,239"
16370,"160,302"
16371,"32,21"
16372,"199,127"
16373,"214,265"
16374,"170,169"
16375,"171,170,169"
16376,"82,143"
16377,"523,53"
16378,"63,131"
16379,"170,169,179"
16380,"41,21"
16381,"308,38"
16382,"30,4"
16383,"21,28"
16384,"351,0,271"
16385,"93,181"
16386,"63,38"
16387,"38,91"
16388,"282,111"
16389,"311,21"
16390,"145,448"
16391,"448,64"
16392,"76,64"
16393,"152,160,315"
16394,"21,53"
16395,"283,145"
16396,"4,3"
16397,"44,145"
16398,"49,265"
16399,"456,231"
16400,"53,265,287"
16401,"93,64"
16402,"44,468"
16403,"259,170"
16404,"21,53"
16405,"135,127"
16406,"89,76,23"
16407,"64,524,448"
16408,"206,8"
16409,"350,26"
16410,"206,8"
16411,"21,124"
16412,"220,326"
16413,"308,271"
16414,"72,38,49"
16415,"279,521"
16416,"199,169"
16417,"42,21"
16418,"15,34,46"
16419,"206,231"
16420,"62,430"
16421,"159,131,486"
16422,"17,18"
16423,"32,192,63"
16424,"21,296"
16425,"220,326"
16426,"255,475"
16427,"4,3"
16428,"190,295"
16429,"38,78,88"
16430,"30,3"
16431,"44,145,402"
16432,"138,135"
16433,"145,478,54"
16434,"152,315,151"
16435,"228,5,21"
16436,"212,279"
16437,"145,54"
16438,"190,21"
16439,"145,220"
16440,"118,74"
16441,"49,24"
16442,"26,231"
16443,"402,43"
16444,"21,301,108"
16445,"169,199,93"
16446,"375,4"
16447,"303,72,38"
16448,"11,44"
16449,"84,38"
16450,"12,11"
16451,"17,18"
16452,"4,7"
16453,"186,160"
16454,"74,494,165"
16455,"111,267"
16456,"3,190,21"
16457,"128,195"
16458,"49,43"
16459,"81,30"
16460,"72,12"
16461,"528,156,33"
16462,"21,187"
16463,"44,264"
16464,"370,65"
16465,"296,507"
16466,"128,130"
16467,"368,128,184"
16468,"145,493,326"
16469,"145,146,128"
16470,"220,71,242"
16471,"26,231"
16472,"467,53,202"
16473,"44,62"
16474,"4,7,169"
16475,"152,127,151"
16476,"212,279"
16477,"94,38"
16478,"402,96"
16479,"199,169"
16480,"375,4"
16481,"43,24"
16482,"155,241,143"
16483,"135,41"
16484,"21,187"
16485,"431,169"
16486,"68,182"
16487,"296,274,169"
16488,"111,74"
16489,"296,134"
16490,"206,8"
16491,"93,64"
16492,"21,22,28"
16493,"169,251,199"
16494,"199,260"
16495,"243,169"
16496,"21,156"
16497,"21,15"
16498,"21,17"
16499,"408,128,129"
16500,"271,291"
16501,"43,24"
16502,"286,41"
16503,"93,64"
16504,"44,145,76"
16505,"178,42,30"
16506,"12,11"
16507,"53,287"
16508,"3,21"
16509,"21,48,53"
16510,"170,169,271"
16511,"43,24"
16512,"220,242"
16513,"199,260"
16514,"187,21,34"
16515,"239,92,60"
16516,"245,31"
16517,"41,21"
16518,"12,11"
16519,"131,21,78"
16520,"185,184"
16521,"21,42"
16522,"17,18"
16523,"287,53"
16524,"508,169,199"
16525,"11,205"
16526,"169,199"
16527,"169,179,170"
16528,"304,360,0"
16529,"43,24"
16530,"12,11"
16531,"279,249,464"
16532,"17,18,15"
16533,"44,145"
16534,"220,242"
16535,"456,271"
16536,"17,18"
16537,"139,286"
16538,"4,3"
16539,"350,404,308"
16540,"131,159"
16541,"205,11"
16542,"21,187,199"
16543,"26,218,350"
16544,"53,30"
16545,"308,440"
16546,"239,64"
16547,"171,134"
16548,"134,131"
16549,"357,64"
16550,"129,128"
16551,"21,53"
16552,"109,136,508"
16553,"171,170"
16554,"21,34"
16555,"241,131"
16556,"271,456"
16557,"69,11"
16558,"49,336"
16559,"115,21"
16560,"131,40,226"
16561,"49,32"
16562,"171,169"
16563,"418,265"
16564,"21,187"
16565,"138,135"
16566,"18,17"
16567,"199,169"
16568,"32,231"
16569,"287,0,265"
16570,"220,221,11"
16571,"220,221,242"
16572,"156,147"
16573,"192,38,107"
16574,"169,199,179"
16575,"220,208"
16576,"44,145"
16577,"170,169,417"
16578,"44,65"
16579,"170,171"
16580,"220,221"
16581,"350,26"
16582,"469,352"
16583,"96,402"
16584,"200,53"
16585,"165,74"
16586,"49,44"
16587,"145,105,500"
16588,"44,38,264"
16589,"456,271"
16590,"304,216"
16591,"242,220"
16592,"286,41,42"
16593,"105,50,53"
16594,"169,199"
16595,"21,199"
16596,"265,349"
16597,"49,82"
16598,"21,170"
16599,"59,231"
16600,"21,76"
16601,"71,38"
16602,"109,131,44"
16603,"47,78"
16604,"111,21,53"
16605,"185,184"
16606,"78,131"
16607,"43,24"
16608,"137,303,493"
16609,"93,64"
16610,"199,169,343"
16611,"265,106"
16612,"42,385,41"
16613,"508,258,454"
16614,"3,4"
16615,"163,250,162"
16616,"303,74,350"
16617,"93,64"
16618,"308,514"
16619,"255,462"
16620,"41,40,149"
16621,"239,93"
16622,"107,38"
16623,"49,91"
16624,"199,169,49"
16625,"231,26,89"
16626,"296,306,123"
16627,"190,53,21"
16628,"220,221,510"
16629,"239,14"
16630,"146,283,145"
16631,"43,24"
16632,"206,38"
16633,"456,271"
16634,"93,68"
16635,"21,127,42"
16636,"131,241"
16637,"350,26,308"
16638,"152,151,186"
16639,"208,4"
16640,"152,186"
16641,"267,111"
16642,"152,151"
16643,"21,451,148"
16644,"220,221,242"
16645,"374,459"
16646,"265,456,276"
16647,"309,44,38"
16648,"89,26"
16649,"131,40,241"
16650,"139,160"
16651,"186,128"
16652,"213,359,214"
16653,"232,306"
16654,"273,265"
16655,"231,42,404"
16656,"99,21,53"
16657,"48,21,81"
16658,"206,38"
16659,"4,3,7"
16660,"215,21,195"
16661,"349,265"
16662,"131,40,226"
16663,"366,265"
16664,"171,170,169"
16665,"137,38"
16666,"185,184"
16667,"128,38"
16668,"303,74"
16669,"115,21"
16670,"206,8"
16671,"131,40,226"
16672,"206,231"
16673,"11,44"
16674,"91,38"
16675,"64,43,65"
16676,"304,216"
16677,"48,21"
16678,"38,88"
16679,"397,265"
16680,"93,64"
16681,"309,250"
16682,"17,3,18"
16683,"254,265"
16684,"257,446"
16685,"234,139"
16686,"212,279"
16687,"4,156"
16688,"118,74"
16689,"105,21,50"
16690,"128,129,130"
16691,"448,64"
16692,"106,105"
16693,"21,42"
16694,"402,145"
16695,"44,145"
16696,"59,99,265"
16697,"96,258,31"
16698,"190,85"
16699,"65,43"
16700,"308,26"
16701,"137,303,71"
16702,"187,21"
16703,"100,143"
16704,"220,169,111"
16705,"76,408,241"
16706,"199,343"
16707,"42,170"
16708,"129,128"
16709,"448,524,199"
16710,"18,17"
16711,"26,128,501"
16712,"190,30,21"
16713,"170,169"
16714,"49,186"
16715,"239,93,64"
16716,"44,145,402"
16717,"4,3"
16718,"370,89,41"
16719,"239,93"
16720,"93,69"
16721,"426,311"
16722,"274,169"
16723,"40,41,160"
16724,"235,220,453"
16725,"171,170,169"
16726,"106,105"
16727,"339,337"
16728,"169,274"
16729,"346,501,313"
16730,"12,11,69"
16731,"199,169"
16732,"70,4"
16733,"44,264"
16734,"308,289,501"
16735,"28,3"
16736,"41,21"
16737,"113,467,3"
16738,"431,199,382"
16739,"274,169"
16740,"402,145"
16741,"38,91,240"
16742,"206,8"
16743,"185,21"
16744,"3,4"
16745,"21,111"
16746,"11,12"
16747,"231,26"
16748,"235,8"
16749,"137,71"
16750,"170,171,169"
16751,"222,100"
16752,"260,169,199"
16753,"350,26"
16754,"89,26"
16755,"227,3"
16756,"112,111,41"
16757,"431,169,259"
16758,"44,145,23"
16759,"301,158,21"
16760,"4,435"
16761,"296,452,169"
16762,"350,26,231"
16763,"143,431,199"
16764,"53,4"
16765,"129,128"
16766,"4,3"
16767,"61,199"
16768,"53,21,325"
16769,"59,44"
16770,"118,74"
16771,"171,170"
16772,"187,21"
16773,"199,169"
16774,"315,160"
16775,"271,272"
16776,"239,64"
16777,"448,48,64"
16778,"38,88,47"
16779,"382,93"
16780,"523,53"
16781,"38,88"
16782,"44,264"
16783,"148,156,147"
16784,"303,182"
16785,"41,21"
16786,"311,169,199"
16787,"523,278"
16788,"148,451"
16789,"274,169,170"
16790,"236,135"
16791,"21,85"
16792,"193,40,131"
16793,"220,11"
16794,"17,18"
16795,"21,3"
16796,"159,131,166"
16797,"199,223"
16798,"308,265"
16799,"64,65"
16800,"308,8"
16801,"220,221"
16802,"53,3"
16803,"3,53,56"
16804,"70,375,4"
16805,"21,108"
16806,"41,21"
16807,"3,200"
16808,"14,204,220"
16809,"93,64"
16810,"131,40"
16811,"199,259"
16812,"43,24,242"
16813,"309,345"
16814,"44,264"
16815,"76,40,23"
16816,"271,456"
16817,"287,325,53"
16818,"129,128,76"
16819,"12,11,65"
16820,"171,170,63"
16821,"128,145"
16822,"170,21"
16823,"190,30,21"
16824,"21,250"
16825,"152,151,494"
16826,"163,241"
16827,"293,85"
16828,"21,3,200"
16829,"306,296"
16830,"431,169,199"
16831,"265,327"
16832,"106,105"
16833,"82,91"
16834,"308,26,8"
16835,"123,111"
16836,"171,170,169"
16837,"135,138"
16838,"21,48"
16839,"431,199"
16840,"190,30"
16841,"94,181,23"
16842,"43,24"
16843,"431,199"
16844,"21,42"
16845,"53,15"
16846,"199,508,169"
16847,"131,241"
16848,"131,40"
16849,"206,38"
16850,"456,271"
16851,"170,169"
16852,"366,482,214"
16853,"220,221,508"
16854,"12,11"
16855,"523,53,15"
16856,"506,220,221"
16857,"181,64,93"
16858,"43,64"
16859,"17,3"
16860,"131,40,226"
16861,"131,40,226"
16862,"145,44,468"
16863,"44,65"
16864,"254,216"
16865,"308,26"
16866,"44,69"
16867,"4,456"
16868,"369,206,326"
16869,"448,524,64"
16870,"15,53"
16871,"41,34"
16872,"93,64,80"
16873,"18,17"
16874,"12,11"
16875,"25,508"
16876,"199,21"
16877,"345,24"
16878,"421,220"
16879,"21,46"
16880,"49,24,242"
16881,"11,44"
16882,"367,28"
16883,"4,242"
16884,"62,53"
16885,"304,216"
16886,"21,3"
16887,"15,16"
16888,"15,144"
16889,"209,213,359"
16890,"21,528"
16891,"32,43,96"
16892,"169,274,170"
16893,"265,59"
16894,"40,41"
16895,"456,409,308"
16896,"451,50,523"
16897,"275,271"
16898,"220,242"
16899,"131,47,53"
16900,"68,170"
16901,"44,264"
16902,"135,189"
16903,"235,453"
16904,"190,21"
16905,"4,3"
16906,"21,3"
16907,"220,221"
16908,"148,147"
16909,"44,38"
16910,"21,76"
16911,"93,64"
16912,"44,264,73"
16913,"265,418"
16914,"4,3,19"
16915,"475,360"
16916,"169,170,311"
16917,"59,91,82"
16918,"3,21"
16919,"175,38"
16920,"145,402,54"
16921,"98,118,457"
16922,"263,34"
16923,"259,199"
16924,"69,11"
16925,"26,231"
16926,"271,522,291"
16927,"265,271"
16928,"448,64,524"
16929,"171,170"
16930,"91,38"
16931,"25,220,242"
16932,"257,271"
16933,"185,184"
16934,"170,68,21"
16935,"105,50"
16936,"169,274,170"
16937,"43,24"
16938,"204,13"
16939,"354,216,0"
16940,"169,260,454"
16941,"44,264"
16942,"220,242,510"
16943,"89,26"
16944,"43,24"
16945,"31,508,454"
16946,"128,130"
16947,"18,17"
16948,"178,3"
16949,"289,89,128"
16950,"169,274"
16951,"508,454,258"
16952,"118,98"
16953,"195,77,507"
16954,"43,24"
16955,"265,128"
16956,"456,271"
16957,"17,21,18"
16958,"134,290,169"
16959,"220,326"
16960,"46,21,311"
16961,"430,62"
16962,"242,221,382"
16963,"30,28"
16964,"89,26"
16965,"43,24"
16966,"175,163"
16967,"328,31,258"
16968,"199,169"
16969,"53,21,287"
16970,"205,59"
16971,"286,41"
16972,"124,181"
16973,"428,111,138"
16974,"49,32"
16975,"8,26"
16976,"21,30"
16977,"220,242"
16978,"134,131"
16979,"49,32,24"
16980,"20,30"
16981,"76,145"
16982,"65,64"
16983,"38,44,335"
16984,"175,38"
16985,"32,169"
16986,"64,448"
16987,"3,4"
16988,"21,42"
16989,"129,128"
16990,"255,0"
16991,"156,194"
16992,"53,111"
16993,"131,193,134"
16994,"43,24"
16995,"111,306"
16996,"13,21"
16997,"15,16"
16998,"220,242"
16999,"77,31,328"
17000,"271,214,213"
17001,"188,287,53"
17002,"155,248"
17003,"3,21"
17004,"143,166,455"
17005,"129,199,274"
17006,"175,241"
17007,"32,30"
17008,"265,46,5"
17009,"220,221"
17010,"96,31"
17011,"170,169"
17012,"30,21"
17013,"64,145,524"
17014,"430,53"
17015,"199,38"
17016,"111,53"
17017,"323,170"
17018,"43,24"
17019,"300,493"
17020,"156,21"
17021,"44,264"
17022,"21,3"
17023,"89,26,38"
17024,"8,448"
17025,"62,430"
17026,"30,21"
17027,"43,24"
17028,"21,76,408"
17029,"21,3"
17030,"169,199,259"
17031,"129,128"
17032,"43,24"
17033,"131,193"
17034,"89,26"
17035,"44,264"
17036,"185,184"
17037,"21,243"
17038,"3,4"
17039,"65,64"
17040,"49,11"
17041,"4,183"
17042,"15,16,3"
17043,"282,96"
17044,"279,212"
17045,"53,523"
17046,"259,169,170"
17047,"93,64"
17048,"456,409,308"
17049,"115,21"
17050,"32,386"
17051,"218,231,446"
17052,"308,206"
17053,"65,64"
17054,"139,248,21"
17055,"303,145"
17056,"448,64,524"
17057,"41,21"
17058,"199,91"
17059,"456,271,409"
17060,"111,3"
17061,"181,64"
17062,"2,1"
17063,"3,4"
17064,"218,0"
17065,"21,187"
17066,"3,21"
17067,"131,226,142"
17068,"21,3"
17069,"187,21"
17070,"366,271"
17071,"43,32,93"
17072,"170,181,61"
17073,"31,454"
17074,"107,192,38"
17075,"111,112,343"
17076,"93,64"
17077,"11,265,205"
17078,"118,74"
17079,"3,4"
17080,"199,169"
17081,"65,64"
17082,"96,402,239"
17083,"92,181"
17084,"241,131,78"
17085,"111,21"
17086,"524,448,64"
17087,"32,231"
17088,"42,21,41"
17089,"123,111"
17090,"146,145"
17091,"21,14,13"
17092,"21,3,528"
17093,"131,241"
17094,"296,420,258"
17095,"4,7"
17096,"128,130,129"
17097,"21,108"
17098,"220,242"
17099,"199,17"
17100,"21,3"
17101,"169,171"
17102,"199,169"
17103,"199,169,179"
17104,"3,190,21"
17105,"199,260"
17106,"145,54,402"
17107,"271,456"
17108,"105,145,106"
17109,"226,131"
17110,"265,3"
17111,"430,62,219"
17112,"21,53"
17113,"85,21,190"
17114,"4,3"
17115,"241,131"
17116,"308,44"
17117,"21,278"
17118,"265,349"
17119,"348,280"
17120,"89,26"
17121,"44,59"
17122,"160,302"
17123,"315,160"
17124,"220,221,44"
17125,"15,16"
17126,"199,169,311"
17127,"171,170"
17128,"74,467"
17129,"169,179,199"
17130,"345,64"
17131,"188,435"
17132,"38,82,39"
17133,"43,24"
17134,"43,24"
17135,"457,387,218"
17136,"265,276,266"
17137,"11,44"
17138,"271,26"
17139,"21,124"
17140,"187,104,199"
17141,"4,3"
17142,"335,26"
17143,"447,34,53"
17144,"40,131,76"
17145,"131,139"
17146,"21,17,48"
17147,"212,279"
17148,"375,4"
17149,"129,296"
17150,"220,242"
17151,"43,64"
17152,"194,21"
17153,"511,265,349"
17154,"13,21,190"
17155,"11,44"
17156,"43,24"
17157,"169,251,170"
17158,"351,0"
17159,"160,315"
17160,"402,145"
17161,"46,21"
17162,"8,265,285"
17163,"181,43"
17164,"44,23,62"
17165,"38,308"
17166,"3,21,34"
17167,"43,24"
17168,"17,168"
17169,"43,24"
17170,"4,19"
17171,"229,421"
17172,"49,239"
17173,"264,94"
17174,"493,87"
17175,"129,128"
17176,"93,64"
17177,"21,42,41"
17178,"61,181"
17179,"152,151"
17180,"152,315,186"
17181,"220,326"
17182,"44,145"
17183,"199,169,260"
17184,"93,64"
17185,"199,260"
17186,"367,21,100"
17187,"456,271,285"
17188,"244,139,135"
17189,"339,337"
17190,"11,221,205"
17191,"135,138"
17192,"134,31"
17193,"84,47,88"
17194,"220,242"
17195,"356,199,143"
17196,"181,74"
17197,"65,0"
17198,"170,21"
17199,"206,8"
17200,"44,131"
17201,"21,66,115"
17202,"199,21,169"
17203,"220,326"
17204,"206,8"
17205,"12,11"
17206,"271,366,424"
17207,"170,171,169"
17208,"30,148,3"
17209,"135,141"
17210,"401,21"
17211,"26,350"
17212,"241,131,248"
17213,"220,326,221"
17214,"44,145"
17215,"74,118"
17216,"131,40"
17217,"8,206"
17218,"21,156"
17219,"4,435"
17220,"38,82"
17221,"42,21"
17222,"11,69"
17223,"187,199,21"
17224,"17,18"
17225,"21,3"
17226,"145,91"
17227,"65,64"
17228,"131,193"
17229,"21,42"
17230,"43,24"
17231,"106,84"
17232,"199,38"
17233,"428,85,5"
17234,"160,247"
17235,"30,32,219"
17236,"21,22"
17237,"199,169"
17238,"118,38"
17239,"448,64"
17240,"5,228"
17241,"21,30"
17242,"311,426"
17243,"4,3"
17244,"43,24"
17245,"220,242"
17246,"72,239"
17247,"49,206,24"
17248,"21,199"
17249,"21,330"
17250,"521,208"
17251,"64,15"
17252,"41,21"
17253,"303,76"
17254,"308,38,440"
17255,"303,350"
17256,"139,194,21"
17257,"74,165"
17258,"199,170,169"
17259,"21,111"
17260,"170,450"
17261,"166,31"
17262,"43,239"
17263,"21,164"
17264,"38,99,303"
17265,"26,350,231"
17266,"93,64,239"
17267,"171,170"
17268,"257,271"
17269,"41,186"
17270,"4,70"
17271,"181,43"
17272,"199,21"
17273,"21,30"
17274,"484,251,446"
17275,"231,44"
17276,"71,89,38"
17277,"391,8"
17278,"169,417,170"
17279,"296,111"
17280,"523,53"
17281,"62,430,53"
17282,"231,103"
17283,"523,53"
17284,"399,363,265"
17285,"240,26"
17286,"8,206"
17287,"44,73"
17288,"30,3"
17289,"186,41"
17290,"199,343,356"
17291,"21,3,190"
17292,"21,115"
17293,"220,242"
17294,"3,148"
17295,"41,111,21"
17296,"220,326"
17297,"169,170,251"
17298,"344,269"
17299,"12,11"
17300,"165,303,317"
17301,"91,38"
17302,"199,21"
17303,"169,170"
17304,"170,337,311"
17305,"90,65,64"
17306,"311,21"
17307,"48,309"
17308,"149,41"
17309,"199,169"
17310,"17,18"
17311,"30,3"
17312,"220,326"
17313,"15,121"
17314,"4,3,7"
17315,"76,135"
17316,"93,64"
17317,"99,105,76"
17318,"220,265"
17319,"4,3"
17320,"389,176,4"
17321,"265,349"
17322,"447,21,34"
17323,"239,96"
17324,"311,21"
17325,"145,44"
17326,"21,108"
17327,"5,228"
17328,"160,41"
17329,"265,340,0"
17330,"62,478,44"
17331,"74,317"
17332,"17,18"
17333,"43,65"
17334,"38,82"
17335,"220,326"
17336,"21,108"
17337,"64,90"
17338,"265,272"
17339,"448,524,64"
17340,"127,151"
17341,"74,317,165"
17342,"44,145,402"
17343,"82,38"
17344,"508,62"
17345,"49,239"
17346,"131,40"
17347,"289,271"
17348,"402,145"
17349,"264,44"
17350,"38,64,137"
17351,"451,148"
17352,"135,250"
17353,"74,91,317"
17354,"206,8"
17355,"456,271"
17356,"93,64"
17357,"239,233"
17358,"317,74"
17359,"199,131"
17360,"247,456"
17361,"49,24,287"
17362,"43,24"
17363,"257,169"
17364,"21,199"
17365,"53,32,325"
17366,"231,118,26"
17367,"243,135"
17368,"43,24"
17369,"128,130"
17370,"135,138"
17371,"242,43"
17372,"64,448,65"
17373,"89,26,308"
17374,"106,105"
17375,"220,109,446"
17376,"271,291"
17377,"494,152,151"
17378,"169,179,170"
17379,"131,40"
17380,"212,0"
17381,"4,188,208"
17382,"169,145,448"
17383,"303,165"
17384,"49,24"
17385,"195,239"
17386,"199,49"
17387,"220,242,221"
17388,"186,128"
17389,"275,111"
17390,"234,189,446"
17391,"247,185"
17392,"146,145,283"
17393,"220,105"
17394,"220,454"
17395,"199,169"
17396,"21,41"
17397,"53,202"
17398,"69,62"
17399,"131,40,226"
17400,"21,3"
17401,"41,250,139"
17402,"43,24"
17403,"106,105"
17404,"43,181"
17405,"26,231"
17406,"21,76"
17407,"231,26"
17408,"32,30,31"
17409,"170,323"
17410,"49,296,336"
17411,"21,48"
17412,"220,44"
17413,"43,24"
17414,"118,74"
17415,"141,135"
17416,"206,418,279"
17417,"206,308"
17418,"328,31"
17419,"4,3"
17420,"160,186,315"
17421,"181,32,43"
17422,"368,131,184"
17423,"64,90,65"
17424,"21,115"
17425,"64,335"
17426,"145,402"
17427,"43,32"
17428,"138,135"
17429,"43,32"
17430,"197,44,64"
17431,"265,510"
17432,"170,239"
17433,"32,31"
17434,"21,41"
17435,"170,21,169"
17436,"108,21"
17437,"508,199"
17438,"145,54,296"
17439,"356,170"
17440,"44,264,524"
17441,"366,209"
17442,"395,92,396"
17443,"30,104"
17444,"235,453"
17445,"267,111"
17446,"235,488"
17447,"21,3,199"
17448,"89,23"
17449,"70,375"
17450,"456,271"
17451,"38,88"
17452,"402,145"
17453,"199,169"
17454,"164,21"
17455,"26,103,89"
17456,"148,21"
17457,"271,456"
17458,"61,181"
17459,"265,59"
17460,"220,326"
17461,"128,130"
17462,"185,184"
17463,"220,265"
17464,"21,3"
17465,"199,170"
17466,"89,26"
17467,"3,435,4"
17468,"112,111"
17469,"38,107"
17470,"241,128"
17471,"44,73"
17472,"131,159,132"
17473,"448,64"
17474,"44,11"
17475,"107,38"
17476,"303,38,137"
17477,"508,169"
17478,"32,192,131"
17479,"454,508"
17480,"220,53"
17481,"21,108"
17482,"38,44"
17483,"220,221"
17484,"448,64"
17485,"290,220"
17486,"295,135"
17487,"53,30,111"
17488,"4,15"
17489,"304,186"
17490,"215,317"
17491,"234,300"
17492,"152,151,166"
17493,"4,3"
17494,"42,21"
17495,"508,169"
17496,"239,64"
17497,"23,38"
17498,"156,21"
17499,"21,164"
17500,"188,3,4"
17501,"41,21"
17502,"0,279"
17503,"64,93"
17504,"21,108"
17505,"271,209"
17506,"235,8"
17507,"0,308,103"
17508,"43,64,239"
17509,"122,21"
17510,"205,59,11"
17511,"368,404,382"
17512,"296,306"
17513,"64,93,239"
17514,"3,5,228"
17515,"494,127,151"
17516,"64,93,245"
17517,"21,22"
17518,"0,355"
17519,"175,74"
17520,"138,135"
17521,"21,53"
17522,"53,265"
17523,"93,64"
17524,"273,265"
17525,"131,241,94"
17526,"220,31"
17527,"3,4"
17528,"271,424"
17529,"131,226,486"
17530,"9,308"
17531,"181,96,323"
17532,"26,308"
17533,"265,349"
17534,"337,169"
17535,"345,43,38"
17536,"356,343,199"
17537,"8,0,212"
17538,"199,356"
17539,"265,376,349"
17540,"53,99,287"
17541,"217,111"
17542,"84,106"
17543,"15,3"
17544,"187,199"
17545,"296,169"
17546,"508,169"
17547,"21,22"
17548,"164,21,42"
17549,"11,12"
17550,"21,396"
17551,"199,281"
17552,"170,169,179"
17553,"199,281"
17554,"40,131"
17555,"148,53"
17556,"93,38"
17557,"279,249"
17558,"49,165"
17559,"206,369"
17560,"89,26"
17561,"220,454"
17562,"96,31"
17563,"21,3,200"
17564,"206,8"
17565,"21,108,53"
17566,"524,448"
17567,"21,187"
17568,"229,454"
17569,"265,340"
17570,"21,42"
17571,"4,3"
17572,"3,30,21"
17573,"152,151,127"
17574,"21,5"
17575,"82,38"
17576,"21,22"
17577,"90,64"
17578,"49,265"
17579,"524,448,64"
17580,"128,130"
17581,"335,64"
17582,"26,350,231"
17583,"21,124"
17584,"169,274"
17585,"44,11"
17586,"4,3"
17587,"89,38,289"
17588,"49,24,265"
17589,"85,301"
17590,"93,64"
17591,"220,221,242"
17592,"199,21"
17593,"11,44"
17594,"431,199"
17595,"325,53,21"
17596,"21,296"
17597,"38,91"
17598,"129,128"
17599,"129,131,128"
17600,"5,3,21"
17601,"12,11"
17602,"28,3"
17603,"220,221"
17604,"220,454"
17605,"456,271"
17606,"317,186"
17607,"21,3"
17608,"475,351"
17609,"220,326"
17610,"15,16"
17611,"170,169"
17612,"3,4"
17613,"105,50,68"
17614,"337,339,48"
17615,"15,34,187"
17616,"32,31"
17617,"5,6,228"
17618,"76,23"
17619,"42,21,41"
17620,"30,32"
17621,"0,457"
17622,"74,303,404"
17623,"170,260"
17624,"323,170,169"
17625,"239,11"
17626,"218,446"
17627,"241,131"
17628,"220,145"
17629,"21,187,199"
17630,"165,74,317"
17631,"43,402"
17632,"220,221"
17633,"15,16"
17634,"206,8"
17635,"296,49"
17636,"21,187"
17637,"21,187"
17638,"43,24"
17639,"54,145"
17640,"38,47"
17641,"131,40"
17642,"65,64"
17643,"170,169"
17644,"187,34,17"
17645,"43,24"
17646,"44,64"
17647,"308,206,231"
17648,"47,74,175"
17649,"33,36"
17650,"190,435"
17651,"32,31"
17652,"21,3"
17653,"11,205"
17654,"287,53"
17655,"258,336,31"
17656,"170,21"
17657,"169,274,199"
17658,"47,131"
17659,"32,128,130"
17660,"265,434"
17661,"26,89"
17662,"43,24"
17663,"91,38"
17664,"170,21"
17665,"85,111"
17666,"42,21"
17667,"90,64"
17668,"11,44"
17669,"271,265,490"
17670,"21,194,190"
17671,"105,38"
17672,"170,169"
17673,"4,3"
17674,"220,242"
17675,"241,250"
17676,"220,11"
17677,"107,38"
17678,"231,336,8"
17679,"32,53"
17680,"220,454"
17681,"199,53"
17682,"3,375"
17683,"8,235"
17684,"308,38"
17685,"274,169"
17686,"15,3"
17687,"38,91,23"
17688,"93,64"
17689,"17,21"
17690,"53,263"
17691,"58,3,85"
17692,"89,26"
17693,"170,169,134"
17694,"265,349"
17695,"41,149,468"
17696,"181,323"
17697,"451,148"
17698,"89,26"
17699,"199,21"
17700,"44,64"
17701,"265,59"
17702,"508,199"
17703,"129,128"
17704,"248,170,169"
17705,"43,24"
17706,"21,3"
17707,"181,64,93"
17708,"235,8"
17709,"431,199"
17710,"286,41,139"
17711,"89,26"
17712,"184,185"
17713,"4,19"
17714,"303,26,71"
17715,"44,220,64"
17716,"17,18"
17717,"146,145"
17718,"199,169"
17719,"12,65,11"
17720,"54,145,44"
17721,"3,330,21"
17722,"21,148"
17723,"135,40"
17724,"170,21"
17725,"271,456,209"
17726,"139,21"
17727,"170,169,260"
17728,"258,31"
17729,"28,30"
17730,"181,43,32"
17731,"208,100"
17732,"345,92"
17733,"15,451"
17734,"4,3"
17735,"220,221"
17736,"21,199"
17737,"43,24"
17738,"220,326,208"
17739,"64,65"
17740,"169,448"
17741,"296,274,336"
17742,"3,28,21"
17743,"146,145"
17744,"4,262"
17745,"241,286,139"
17746,"396,21"
17747,"4,7,3"
17748,"335,64,524"
17749,"3,21,53"
17750,"71,38,91"
17751,"199,311"
17752,"220,242"
17753,"17,18,21"
17754,"274,169"
17755,"82,265"
17756,"93,64"
17757,"169,170"
17758,"24,71"
17759,"382,65"
17760,"523,53"
17761,"71,24"
17762,"38,308,47"
17763,"43,24"
17764,"231,336,64"
17765,"131,134"
17766,"456,276,271"
17767,"3,53,111"
17768,"91,38"
17769,"190,85"
17770,"182,137,163"
17771,"21,187"
17772,"186,128"
17773,"40,129"
17774,"15,3"
17775,"85,301,3"
17776,"456,409"
17777,"460,296,300"
17778,"212,211,89"
17779,"220,53"
17780,"397,313,0"
17781,"23,241"
17782,"271,209"
17783,"271,456,0"
17784,"220,221"
17785,"271,456"
17786,"3,21"
17787,"474,176"
17788,"65,64"
17789,"258,96"
17790,"454,38,336"
17791,"30,21"
17792,"186,127"
17793,"220,17,221"
17794,"187,21"
17795,"40,131"
17796,"370,145,446"
17797,"21,108"
17798,"47,468,128"
17799,"64,93"
17800,"139,140"
17801,"17,18"
17802,"14,13,122"
17803,"169,171"
17804,"71,145,418"
17805,"170,124,401"
17806,"508,145,258"
17807,"21,53,3"
17808,"53,451"
17809,"267,111"
17810,"21,33,127"
17811,"290,515"
17812,"386,135"
17813,"71,38"
17814,"456,271"
17815,"77,31"
17816,"43,181"
17817,"250,41,40"
17818,"21,187"
17819,"459,170"
17820,"21,42"
17821,"448,508,169"
17822,"147,148"
17823,"77,0,380"
17824,"155,241"
17825,"494,241"
17826,"181,199"
17827,"93,64"
17828,"0,271"
17829,"165,74"
17830,"160,315"
17831,"21,42"
17832,"3,17"
17833,"350,456"
17834,"93,64"
17835,"43,44"
17836,"43,24"
17837,"44,264"
17838,"93,239"
17839,"8,235"
17840,"44,43"
17841,"231,26"
17842,"265,340"
17843,"524,64"
17844,"62,44"
17845,"11,44"
17846,"206,8"
17847,"15,16"
17848,"234,60"
17849,"4,19"
17850,"41,111,161"
17851,"128,195"
17852,"4,3"
17853,"129,128,131"
17854,"26,44,89"
17855,"456,350,26"
17856,"220,242"
17857,"141,135"
17858,"206,8"
17859,"199,169"
17860,"44,38,231"
17861,"145,44"
17862,"170,21"
17863,"64,90,65"
17864,"56,17"
17865,"64,65"
17866,"234,448"
17867,"3,21"
17868,"234,60"
17869,"48,326"
17870,"41,21"
17871,"311,426"
17872,"199,248,169"
17873,"220,145,65"
17874,"18,17"
17875,"220,326,265"
17876,"118,74"
17877,"41,149"
17878,"370,65"
17879,"195,186"
17880,"41,76,131"
17881,"357,209"
17882,"43,181"
17883,"456,308,409"
17884,"231,26"
17885,"265,384,308"
17886,"21,3"
17887,"105,88"
17888,"129,128"
17889,"276,266"
17890,"21,124"
17891,"182,68"
17892,"49,265"
17893,"129,128"
17894,"169,170"
17895,"500,76"
17896,"32,308"
17897,"21,199"
17898,"3,30"
17899,"243,329"
17900,"333,84,78"
17901,"4,3"
17902,"94,303"
17903,"14,48,13"
17904,"32,199"
17905,"271,169"
17906,"12,11,221"
17907,"402,220"
17908,"21,127,185"
17909,"190,21,28"
17910,"31,53"
17911,"91,76,74"
17912,"44,370,145"
17913,"43,24"
17914,"451,148"
17915,"44,264,72"
17916,"32,43"
17917,"93,64"
17918,"170,329"
17919,"199,1"
17920,"337,339,271"
17921,"131,155,40"
17922,"375,4"
17923,"36,21"
17924,"89,26"
17925,"235,8,453"
17926,"38,26,91"
17927,"131,40,226"
17928,"39,199"
17929,"38,309"
17930,"355,285"
17931,"170,417,169"
17932,"271,0"
17933,"131,134,40"
17934,"36,35"
17935,"41,21"
17936,"34,21,187"
17937,"85,190,3"
17938,"199,169"
17939,"206,8"
17940,"44,145"
17941,"43,24"
17942,"2,434"
17943,"59,44"
17944,"91,38,89"
17945,"309,131"
17946,"189,148,135"
17947,"317,41,186"
17948,"250,155,175"
17949,"41,21"
17950,"111,53"
17951,"300,53,32"
17952,"93,64"
17953,"115,21"
17954,"206,8,87"
17955,"41,149"
17956,"274,169,306"
17957,"90,64"
17958,"356,329"
17959,"399,363,321"
17960,"21,17"
17961,"72,11,12"
17962,"3,4"
17963,"165,303,74"
17964,"220,221"
17965,"77,78,241"
17966,"44,89"
17967,"194,21,128"
17968,"267,428"
17969,"357,381"
17970,"107,38"
17971,"199,169,259"
17972,"210,3"
17973,"190,30,17"
17974,"62,74"
17975,"206,8"
17976,"187,104"
17977,"76,40,250"
17978,"64,93"
17979,"235,453,8"
17980,"199,223"
17981,"30,523,53"
17982,"186,40,185"
17983,"129,128"
17984,"145,40"
17985,"220,242"
17986,"388,85,293"
17987,"43,24"
17988,"199,356"
17989,"318,105"
17990,"21,187,34"
17991,"4,367"
17992,"85,13"
17993,"190,113"
17994,"175,494,184"
17995,"121,65,44"
17996,"40,131"
17997,"42,21"
17998,"197,42"
17999,"199,287"
18000,"234,60"
18001,"31,258,508"
18002,"89,26,38"
18003,"220,242"
18004,"220,326"
18005,"300,131,493"
18006,"25,44"
18007,"77,8"
18008,"265,349"
18009,"367,4"
18010,"41,286"
18011,"21,305"
18012,"32,155,40"
18013,"296,300"
18014,"199,76"
18015,"134,169,171"
18016,"12,65,11"
18017,"516,457"
18018,"195,288"
18019,"64,76"
18020,"74,317,303"
18021,"220,510,454"
18022,"78,131"
18023,"300,467"
18024,"49,44,309"
18025,"21,148,156"
18026,"255,462"
18027,"40,131"
18028,"63,209,89"
18029,"48,21"
18030,"235,8,453"
18031,"500,111,118"
18032,"65,0,509"
18033,"175,163"
18034,"220,221"
18035,"21,68,124"
18036,"171,170"
18037,"296,306,336"
18038,"170,356"
18039,"43,24"
18040,"11,12,221"
18041,"336,169"
18042,"396,49,395"
18043,"111,53"
18044,"160,41"
18045,"188,4,208"
18046,"283,146"
18047,"64,65"
18048,"5,6,3"
18049,"3,21,190"
18050,"317,74"
18051,"115,21"
18052,"146,145"
18053,"32,21"
18054,"17,18,168"
18055,"96,322,131"
18056,"21,16"
18057,"185,184"
18058,"323,199,64"
18059,"21,17"
18060,"40,131,226"
18061,"468,40,163"
18062,"368,78"
18063,"205,11"
18064,"4,7"
18065,"220,11"
18066,"367,21"
18067,"44,402"
18068,"42,21"
18069,"231,89,26"
18070,"98,241,457"
18071,"64,181,242"
18072,"528,268,147"
18073,"185,184"
18074,"111,182,41"
18075,"181,43"
18076,"44,62,38"
18077,"131,286,41"
18078,"296,306,452"
18079,"228,5"
18080,"53,287"
18081,"74,241"
18082,"239,77,489"
18083,"64,90"
18084,"414,131"
18085,"85,21"
18086,"3,53"
18087,"115,21"
18088,"3,5"
18089,"152,151"
18090,"181,64"
18091,"32,258"
18092,"170,169,42"
18093,"44,264,76"
18094,"4,375,435"
18095,"93,64"
18096,"170,169"
18097,"64,335,65"
18098,"64,448,524"
18099,"206,8"
18100,"335,72"
18101,"241,139,155"
18102,"4,3"
18103,"229,421"
18104,"137,38"
18105,"308,38"
18106,"315,160,151"
18107,"32,38,89"
18108,"131,226,40"
18109,"69,11"
18110,"76,190"
18111,"44,145,346"
18112,"21,5"
18113,"6,5"
18114,"85,190,21"
18115,"123,111"
18116,"112,111"
18117,"21,523,3"
18118,"187,34,21"
18119,"21,41"
18120,"21,53"
18121,"93,64"
18122,"43,24"
18123,"171,134"
18124,"21,30"
18125,"220,221"
18126,"4,3"
18127,"44,402"
18128,"480,271,279"
18129,"43,24"
18130,"235,453"
18131,"15,16,53"
18132,"220,326"
18133,"5,21"
18134,"348,255"
18135,"111,267"
18136,"304,216"
18137,"49,24"
18138,"14,13,194"
18139,"64,448"
18140,"99,38"
18141,"456,271,409"
18142,"64,65,44"
18143,"128,131,241"
18144,"4,56"
18145,"220,17"
18146,"65,44"
18147,"21,3,30"
18148,"40,151,131"
18149,"4,7,435"
18150,"169,199"
18151,"43,24"
18152,"145,44,76"
18153,"64,239"
18154,"44,206,145"
18155,"265,59"
18156,"496,395"
18157,"135,236,295"
18158,"303,382"
18159,"4,3"
18160,"21,385"
18161,"42,48"
18162,"18,17,168"
18163,"89,38"
18164,"64,448"
18165,"350,26"
18166,"190,30"
18167,"62,44"
18168,"145,448,44"
18169,"263,34"
18170,"106,105"
18171,"21,30"
18172,"43,24"
18173,"49,103"
18174,"21,3"
18175,"169,171,170"
18176,"30,3,28"
18177,"175,241,494"
18178,"271,456"
18179,"21,124"
18180,"220,221"
18181,"111,21"
18182,"515,53"
18183,"104,311,30"
18184,"64,93"
18185,"15,451"
18186,"21,5,3"
18187,"181,24"
18188,"402,145"
18189,"93,64"
18190,"74,247,303"
18191,"348,271,349"
18192,"14,13"
18193,"21,164"
18194,"131,241"
18195,"41,21"
18196,"74,467"
18197,"43,181"
18198,"129,128"
18199,"89,38,26"
18200,"38,82"
18201,"170,323"
18202,"44,145,25"
18203,"103,231"
18204,"175,283"
18205,"21,33"
18206,"231,26"
18207,"456,271"
18208,"145,44"
18209,"43,32"
18210,"111,3"
18211,"5,4"
18212,"62,430,74"
18213,"48,21"
18214,"131,40,195"
18215,"93,290,197"
18216,"15,16"
18217,"53,202,99"
18218,"148,21"
18219,"204,13"
18220,"129,128,40"
18221,"456,271"
18222,"139,140"
18223,"21,3,28"
18224,"26,89"
18225,"296,306"
18226,"199,21"
18227,"145,454,402"
18228,"448,64"
18229,"131,226,40"
18230,"64,326"
18231,"21,3"
18232,"206,8"
18233,"84,333,78"
18234,"6,5"
18235,"30,21,190"
18236,"15,451"
18237,"271,314"
18238,"366,397"
18239,"175,91"
18240,"21,187"
18241,"199,169"
18242,"24,44,38"
18243,"523,53"
18244,"21,48,28"
18245,"156,21"
18246,"309,250"
18247,"122,13"
18248,"170,169,199"
18249,"290,304"
18250,"212,211"
18251,"170,169"
18252,"220,221"
18253,"21,187"
18254,"448,64,524"
18255,"41,42"
18256,"21,187"
18257,"3,4"
18258,"220,448"
18259,"165,74,303"
18260,"241,197,131"
18261,"3,21"
18262,"171,170"
18263,"62,430"
18264,"402,220,145"
18265,"350,38,26"
18266,"456,271,276"
18267,"170,169,311"
18268,"11,205,59"
18269,"43,242"
18270,"21,164"
18271,"17,18"
18272,"53,287,290"
18273,"129,128,40"
18274,"194,190,128"
18275,"215,486,131"
18276,"171,287,134"
18277,"304,216"
18278,"2,271,1"
18279,"91,38"
18280,"136,131"
18281,"44,38"
18282,"42,41,76"
18283,"21,3"
18284,"3,4"
18285,"271,304,0"
18286,"53,523"
18287,"49,396,297"
18288,"21,42"
18289,"93,64"
18290,"242,69,382"
18291,"64,323,169"
18292,"181,43"
18293,"451,148"
18294,"21,148"
18295,"451,148,50"
18296,"367,292,208"
18297,"128,129"
18298,"271,265,424"
18299,"93,74,64"
18300,"47,131"
18301,"41,21"
18302,"89,26"
18303,"94,78"
18304,"21,41,42"
18305,"379,190,4"
18306,"271,456,265"
18307,"218,212"
18308,"89,279,26"
18309,"26,350"
18310,"337,339,169"
18311,"199,260"
18312,"220,221"
18313,"308,8"
18314,"199,169,179"
18315,"70,209"
18316,"206,231,8"
18317,"241,131"
18318,"64,90"
18319,"171,170"
18320,"53,21"
18321,"43,24"
18322,"43,24"
18323,"248,199,155"
18324,"64,448"
18325,"21,187"
18326,"271,26,456"
18327,"64,220"
18328,"78,241,131"
18329,"3,28,52"
18330,"44,38,25"
18331,"170,248,169"
18332,"28,3,30"
18333,"44,145"
18334,"21,53,156"
18335,"128,76,145"
18336,"220,242,65"
18337,"160,315,152"
18338,"143,221,220"
18339,"145,146"
18340,"3,190,53"
18341,"3,85,200"
18342,"128,241"
18343,"220,454"
18344,"21,30"
18345,"524,64"
18346,"139,102,160"
18347,"93,64"
18348,"21,42"
18349,"171,170,169"
18350,"382,199"
18351,"248,199"
18352,"160,41"
18353,"129,128,130"
18354,"150,382,74"
18355,"93,64"
18356,"199,220"
18357,"15,16"
18358,"199,260"
18359,"41,21"
18360,"241,139,131"
18361,"3,4"
18362,"21,5,3"
18363,"43,24"
18364,"36,160"
18365,"59,65"
18366,"17,18"
18367,"48,155,163"
18368,"348,265,280"
18369,"149,160,41"
18370,"206,8"
18371,"192,74,181"
18372,"3,28"
18373,"199,343,169"
18374,"28,3"
18375,"306,296"
18376,"242,220,221"
18377,"40,131"
18378,"511,61,96"
18379,"4,3"
18380,"500,28"
18381,"93,64"
18382,"21,187"
18383,"231,240,63"
18384,"523,121,451"
18385,"131,226"
18386,"507,169,274"
18387,"145,54"
18388,"21,187,311"
18389,"422,265,0"
18390,"456,271"
18391,"186,41,128"
18392,"308,8"
18393,"375,4"
18394,"327,266"
18395,"231,26"
18396,"206,8"
18397,"17,320,139"
18398,"131,40,226"
18399,"199,265"
18400,"199,143"
18401,"115,111"
18402,"21,41"
18403,"220,221"
18404,"38,82"
18405,"524,64,448"
18406,"21,3,5"
18407,"89,26"
18408,"48,81"
18409,"21,104,53"
18410,"138,135"
18411,"59,44"
18412,"93,111"
18413,"21,187"
18414,"264,44"
18415,"3,21,451"
18416,"93,64"
18417,"21,187"
18418,"42,300"
18419,"271,399"
18420,"160,41,149"
18421,"170,169,171"
18422,"21,17"
18423,"304,212"
18424,"468,163"
18425,"248,199"
18426,"129,128"
18427,"28,21"
18428,"89,26"
18429,"94,65,303"
18430,"287,24,105"
18431,"234,300"
18432,"21,3"
18433,"500,300,76"
18434,"21,187"
18435,"181,43"
18436,"139,250"
18437,"231,26"
18438,"74,175"
18439,"21,33"
18440,"247,74,284"
18441,"21,199"
18442,"3,262"
18443,"182,68"
18444,"145,478,54"
18445,"335,72"
18446,"34,187"
18447,"40,41,76"
18448,"71,24"
18449,"4,435"
18450,"279,449"
18451,"48,38,309"
18452,"78,226,131"
18453,"38,91,137"
18454,"456,271"
18455,"271,456"
18456,"131,226"
18457,"267,21,111"
18458,"456,409,308"
18459,"170,323,64"
18460,"206,8"
18461,"303,74"
18462,"303,74"
18463,"3,21"
18464,"38,231"
18465,"212,254"
18466,"53,68"
18467,"62,74"
18468,"41,4,435"
18469,"59,44"
18470,"199,169,145"
18471,"123,111"
18472,"169,337"
18473,"265,286,134"
18474,"4,3"
18475,"89,26"
18476,"199,259"
18477,"166,128"
18478,"15,34,187"
18479,"156,225"
18480,"135,141"
18481,"93,64"
18482,"77,94,131"
18483,"160,315"
18484,"4,435,375"
18485,"48,21"
18486,"4,435"
18487,"62,430"
18488,"90,64"
18489,"21,187,199"
18490,"44,145"
18491,"145,54"
18492,"43,64"
18493,"181,43"
18494,"4,111"
18495,"399,271,363"
18496,"143,159,41"
18497,"155,248,199"
18498,"135,138"
18499,"44,145,402"
18500,"435,287,53"
18501,"431,199"
18502,"300,296"
18503,"64,65"
18504,"64,473,65"
18505,"243,74"
18506,"44,145,25"
18507,"138,135"
18508,"44,145"
18509,"131,134"
18510,"21,368"
18511,"323,64,199"
18512,"346,170,169"
18513,"194,21"
18514,"3,5"
18515,"220,326"
18516,"65,64"
18517,"38,94"
18518,"17,18"
18519,"290,454"
18520,"244,135"
18521,"391,8"
18522,"89,26"
18523,"402,44"
18524,"59,44"
18525,"49,239,24"
18526,"181,190"
18527,"44,242,65"
18528,"41,111"
18529,"41,21"
18530,"146,145"
18531,"59,44"
18532,"112,21"
18533,"129,128"
18534,"279,249,521"
18535,"156,147"
18536,"21,76"
18537,"187,34"
18538,"38,84"
18539,"163,162,250"
18540,"129,128"
18541,"3,4"
18542,"170,169"
18543,"366,209"
18544,"49,24"
18545,"456,271"
18546,"304,216"
18547,"139,155,248"
18548,"502,145,402"
18549,"3,190,208"
18550,"265,59"
18551,"137,303"
18552,"145,44,402"
18553,"102,21"
18554,"15,16"
18555,"15,16"
18556,"38,231"
18557,"250,38,309"
18558,"199,431"
18559,"11,205"
18560,"131,241,197"
18561,"44,11"
18562,"21,148"
18563,"284,111,417"
18564,"199,169,260"
18565,"129,166,131"
18566,"145,54,402"
18567,"328,77"
18568,"156,21"
18569,"26,89,38"
18570,"17,18"
18571,"21,139"
18572,"170,169,329"
18573,"4,3"
18574,"38,309"
18575,"148,21"
18576,"21,42"
18577,"220,326,78"
18578,"309,250"
18579,"105,50"
18580,"296,306,336"
18581,"138,135"
18582,"169,199"
18583,"303,38"
18584,"131,226,40"
18585,"508,64,323"
18586,"93,64"
18587,"356,143"
18588,"44,62"
18589,"54,145"
18590,"279,249,0"
18591,"24,345"
18592,"34,447,187"
18593,"14,13"
18594,"42,21"
18595,"111,441"
18596,"296,417"
18597,"190,194"
18598,"89,26"
18599,"169,274,170"
18600,"93,64"
18601,"21,3"
18602,"308,26"
18603,"131,40,486"
18604,"41,111"
18605,"152,160,315"
18606,"220,508"
18607,"49,199"
18608,"32,31"
18609,"53,523"
18610,"138,169,459"
18611,"74,317"
18612,"38,88"
18613,"41,149"
18614,"49,199,265"
18615,"2,434"
18616,"3,111"
18617,"12,11"
18618,"26,231"
18619,"206,38"
18620,"127,21"
18621,"462,255"
18622,"145,146"
18623,"448,524,64"
18624,"204,21"
18625,"24,508"
18626,"12,11"
18627,"135,141"
18628,"306,85"
18629,"346,44,26"
18630,"4,3"
18631,"120,121,225"
18632,"6,5"
18633,"53,467,21"
18634,"206,8"
18635,"275,53"
18636,"165,74"
18637,"220,145"
18638,"138,135"
18639,"220,454"
18640,"43,24,181"
18641,"21,28"
18642,"243,74"
18643,"90,64"
18644,"21,48"
18645,"38,91,303"
18646,"199,259"
18647,"21,53"
18648,"145,370"
18649,"59,457"
18650,"15,16"
18651,"22,21,500"
18652,"36,33,21"
18653,"106,105"
18654,"17,18"
18655,"41,21"
18656,"456,409,271"
18657,"456,271"
18658,"44,137,38"
18659,"21,199"
18660,"199,21"
18661,"82,206"
18662,"523,53"
18663,"131,193,129"
18664,"4,7"
18665,"44,73,510"
18666,"145,44"
18667,"93,64"
18668,"304,216,314"
18669,"160,315"
18670,"25,44"
18671,"327,265"
18672,"76,265,23"
18673,"195,40"
18674,"279,249"
18675,"48,21,38"
18676,"356,170"
18677,"188,17,3"
18678,"448,64,524"
18679,"145,0,271"
18680,"206,231,8"
18681,"186,241,128"
18682,"171,169,170"
18683,"402,145"
18684,"187,21,34"
18685,"49,24"
18686,"21,108"
18687,"241,131,76"
18688,"21,127"
18689,"49,239,24"
18690,"21,3"
18691,"106,105"
18692,"44,145"
18693,"181,64"
18694,"220,221"
18695,"382,143"
18696,"231,118"
18697,"454,31,508"
18698,"43,24"
18699,"44,64"
18700,"327,269,218"
18701,"199,169,223"
18702,"4,104"
18703,"89,26"
18704,"345,92"
18705,"311,436"
18706,"145,448"
18707,"42,41"
18708,"145,44"
18709,"43,64"
18710,"170,265"
18711,"93,64"
18712,"337,339"
18713,"169,199"
18714,"287,53"
18715,"21,53"
18716,"306,296"
18717,"287,53"
18718,"44,137,38"
18719,"21,147"
18720,"296,169"
18721,"145,131,40"
18722,"212,260,449"
18723,"43,65"
18724,"93,64"
18725,"199,26"
18726,"21,17"
18727,"248,199"
18728,"232,384"
18729,"186,152,151"
18730,"195,397,507"
18731,"175,38,74"
18732,"308,265,271"
18733,"40,131,226"
18734,"170,169"
18735,"230,229,53"
18736,"44,264"
18737,"220,242,25"
18738,"141,219,135"
18739,"339,337"
18740,"128,129,40"
18741,"157,523"
18742,"34,17"
18743,"346,501,313"
18744,"5,228"
18745,"131,142"
18746,"199,260"
18747,"32,31"
18748,"135,141"
18749,"138,199,431"
18750,"300,135,386"
18751,"156,21"
18752,"165,303,74"
18753,"131,40,76"
18754,"206,0,308"
18755,"193,131"
18756,"64,448,80"
18757,"21,3"
18758,"49,457,328"
18759,"265,340"
18760,"89,72"
18761,"43,24"
18762,"271,44,8"
18763,"21,17"
18764,"11,205"
18765,"38,300,23"
18766,"96,131,193"
18767,"26,89"
18768,"180,148"
18769,"290,32"
18770,"206,8"
18771,"30,53,3"
18772,"82,26"
18773,"131,40"
18774,"181,43"
18775,"5,331,57"
18776,"21,194"
18777,"241,131"
18778,"260,145"
18779,"21,41,3"
18780,"64,524,448"
18781,"43,24,242"
18782,"31,454,258"
18783,"138,199"
18784,"4,3"
18785,"31,328,402"
18786,"44,145,45"
18787,"272,271"
18788,"44,402"
18789,"64,448,524"
18790,"435,111"
18791,"65,64"
18792,"206,8"
18793,"21,53,325"
18794,"217,451"
18795,"199,431,143"
18796,"327,265"
18797,"508,170"
18798,"49,31,296"
18799,"43,32"
18800,"228,5"
18801,"181,199,323"
18802,"171,169,170"
18803,"271,456"
18804,"220,370,231"
18805,"203,120,451"
18806,"448,64,335"
18807,"308,23"
18808,"96,3"
18809,"220,221"
18810,"4,7"
18811,"41,42"
18812,"128,130"
18813,"350,26,231"
18814,"160,315"
18815,"206,8"
18816,"11,12,221"
18817,"44,145"
18818,"231,118"
18819,"181,24,43"
18820,"21,148"
18821,"38,91"
18822,"4,435"
18823,"197,93"
18824,"138,306,135"
18825,"96,323,169"
18826,"187,34"
18827,"323,170"
18828,"12,72,220"
18829,"8,270"
18830,"85,139"
18831,"199,323,169"
18832,"303,165"
18833,"30,219"
18834,"187,21"
18835,"44,145,402"
18836,"453,235"
18837,"170,169"
18838,"21,22"
18839,"65,64"
18840,"343,199"
18841,"38,89,240"
18842,"271,355,209"
18843,"21,41"
18844,"32,89"
18845,"185,184,128"
18846,"25,65"
18847,"152,151"
18848,"145,44,54"
18849,"82,38"
18850,"523,53"
18851,"194,3"
18852,"171,170"
18853,"4,3"
18854,"153,401"
18855,"271,456,522"
18856,"199,260"
18857,"49,24,32"
18858,"131,40"
18859,"41,21"
18860,"21,42"
18861,"327,269,344"
18862,"64,65"
18863,"43,239"
18864,"199,169"
18865,"21,199,187"
18866,"391,8"
18867,"145,54"
18868,"28,207"
18869,"4,100,3"
18870,"170,23"
18871,"44,264,38"
18872,"131,226,40"
18873,"346,313"
18874,"43,32"
18875,"30,177"
18876,"89,26,38"
18877,"169,145"
18878,"48,21"
18879,"15,53"
18880,"21,3"
18881,"4,156"
18882,"219,188"
18883,"323,239"
18884,"32,43"
18885,"220,145"
18886,"448,64"
18887,"187,21"
18888,"15,16"
18889,"206,369"
18890,"145,402"
18891,"43,24,32"
18892,"8,208,216"
18893,"187,21"
18894,"206,279"
18895,"21,48"
18896,"44,145"
18897,"44,145"
18898,"165,74"
18899,"26,89,271"
18900,"186,41"
18901,"111,92,337"
18902,"462,255,463"
18903,"65,64"
18904,"138,135,474"
18905,"524,64"
18906,"63,131"
18907,"44,264"
18908,"43,24"
18909,"500,63"
18910,"21,330,28"
18911,"11,12"
18912,"48,21"
18913,"243,241"
18914,"265,457,199"
18915,"304,216"
18916,"275,111"
18917,"221,11,205"
18918,"44,264"
18919,"17,18,168"
18920,"293,85"
18921,"24,43"
18922,"265,340"
18923,"220,221"
18924,"199,311,434"
18925,"17,15,18"
18926,"111,3,287"
18927,"248,199,170"
18928,"21,3"
18929,"402,145"
18930,"21,199"
18931,"500,38"
18932,"89,26"
18933,"106,209"
18934,"175,165"
18935,"283,175,146"
18936,"93,64"
18937,"399,363"
18938,"243,283,317"
18939,"239,64,93"
18940,"235,220"
18941,"510,0"
18942,"170,169"
18943,"300,202"
18944,"456,271"
18945,"11,72"
18946,"348,280"
18947,"135,250,139"
18948,"220,326"
18949,"187,21,34"
18950,"18,17"
18951,"220,129"
18952,"456,271"
18953,"265,349"
18954,"143,21,17"
18955,"4,7,174"
18956,"212,449"
18957,"8,235"
18958,"146,145"
18959,"12,11"
18960,"53,21"
18961,"43,24"
18962,"350,26"
18963,"91,38"
18964,"49,24"
18965,"456,271"
18966,"250,139"
18967,"170,21"
18968,"131,21"
18969,"11,44"
18970,"40,166,149"
18971,"17,168"
18972,"337,339"
18973,"287,21"
18974,"190,21"
18975,"183,4"
18976,"43,24"
18977,"231,26"
18978,"241,82,131"
18979,"243,165,175"
18980,"30,21"
18981,"13,477,11"
18982,"41,40,149"
18983,"90,65,11"
18984,"85,293"
18985,"131,134"
18986,"34,187"
18987,"448,64,524"
18988,"21,3"
18989,"64,448,524"
18990,"4,262"
18991,"194,222"
18992,"53,257,220"
18993,"68,182"
18994,"93,64"
18995,"17,18,168"
18996,"169,251,199"
18997,"199,281"
18998,"204,13"
18999,"44,402,145"
19000,"135,236"
19001,"17,18,168"
19002,"4,3,19"
19003,"21,53"
19004,"21,202,186"
19005,"501,271,346"
19006,"4,3"
19007,"199,248"
19008,"199,169,170"
19009,"241,194"
19010,"265,59"
19011,"160,36,41"
19012,"141,32"
19013,"131,40,142"
19014,"13,21,199"
19015,"21,33,148"
19016,"17,3"
19017,"528,21"
19018,"220,17,143"
19019,"271,214"
19020,"93,64"
19021,"367,21"
19022,"105,106"
19023,"220,370,454"
19024,"4,3"
19025,"131,40,226"
19026,"528,148"
19027,"300,53"
19028,"4,435"
19029,"91,38,23"
19030,"152,151,40"
19031,"43,24"
19032,"127,152"
19033,"228,5"
19034,"64,448,65"
19035,"348,265"
19036,"53,111"
19037,"128,130,32"
19038,"231,118"
19039,"76,408,129"
19040,"139,153"
19041,"21,5"
19042,"72,44"
19043,"44,62"
19044,"81,30"
19045,"300,53"
19046,"399,265"
19047,"3,30,28"
19048,"231,26,103"
19049,"456,271"
19050,"494,459"
19051,"93,64"
19052,"255,462"
19053,"456,206"
19054,"220,44"
19055,"516,271"
19056,"53,467"
19057,"356,199"
19058,"181,414"
19059,"146,145"
19060,"451,15"
19061,"72,335"
19062,"21,199"
19063,"199,343,374"
19064,"18,65,271"
19065,"5,228"
19066,"156,451"
19067,"271,0,265"
19068,"17,18"
19069,"17,164"
19070,"3,21"
19071,"21,182"
19072,"21,325"
19073,"21,85"
19074,"451,53"
19075,"318,78,38"
19076,"274,169,296"
19077,"4,435,3"
19078,"44,69"
19079,"145,44,76"
19080,"308,456"
19081,"53,21,325"
19082,"93,64"
19083,"169,170,251"
19084,"53,21"
19085,"271,26"
19086,"264,44,524"
19087,"32,38"
19088,"241,194,155"
19089,"128,346"
19090,"194,17"
19091,"260,65,231"
19092,"3,5"
19093,"43,181,24"
19094,"271,169"
19095,"128,175"
19096,"32,290"
19097,"25,44"
19098,"220,221"
19099,"239,323"
19100,"84,118,333"
19101,"129,128"
19102,"3,104,311"
19103,"215,41"
19104,"300,53"
19105,"2,434,1"
19106,"194,190"
19107,"21,523,311"
19108,"306,296,48"
19109,"64,90"
19110,"68,199,182"
19111,"43,44,65"
19112,"448,64"
19113,"21,474"
19114,"448,524"
19115,"105,145,106"
19116,"308,456"
19117,"44,402,55"
19118,"247,317"
19119,"3,4,28"
19120,"54,95"
19121,"21,3"
19122,"265,349"
19123,"279,273,418"
19124,"451,111"
19125,"49,24"
19126,"21,148"
19127,"81,30"
19128,"74,165,317"
19129,"43,242"
19130,"21,48,81"
19131,"199,223"
19132,"523,53"
19133,"171,170"
19134,"218,512,265"
19135,"160,315"
19136,"271,456"
19137,"131,40"
19138,"131,40,226"
19139,"12,11"
19140,"279,271"
19141,"91,38,78"
19142,"199,281"
19143,"156,3,21"
19144,"199,169"
19145,"118,38"
19146,"128,130"
19147,"8,235"
19148,"21,33,36"
19149,"43,65"
19150,"456,271"
19151,"3,4"
19152,"259,199"
19153,"21,17"
19154,"49,24"
19155,"456,271"
19156,"241,128,140"
19157,"509,11,65"
19158,"64,448"
19159,"43,24"
19160,"382,220"
19161,"64,326,448"
19162,"206,369"
19163,"50,105"
19164,"234,74"
19165,"199,128,195"
19166,"64,524"
19167,"44,145"
19168,"287,393"
19169,"21,127"
19170,"72,49"
19171,"21,30,81"
19172,"62,430"
19173,"82,38"
19174,"17,18,168"
19175,"93,64"
19176,"241,131,155"
19177,"72,71"
19178,"131,40,76"
19179,"89,26"
19180,"220,221"
19181,"365,265"
19182,"121,204,5"
19183,"346,501,129"
19184,"78,131"
19185,"206,418"
19186,"348,280"
19187,"317,186,175"
19188,"100,194,13"
19189,"220,326"
19190,"20,22"
19191,"24,54,25"
19192,"169,145"
19193,"239,323,96"
19194,"64,90"
19195,"300,131,78"
19196,"346,265"
19197,"418,103,38"
19198,"21,148"
19199,"105,53,287"
19200,"157,523"
19201,"18,17"
19202,"456,265"
19203,"265,208"
19204,"300,53"
19205,"418,82,265"
19206,"38,264"
19207,"199,248,169"
19208,"170,308"
19209,"21,22,28"
19210,"175,163"
19211,"3,435,4"
19212,"404,199"
19213,"128,130,306"
19214,"32,328,31"
19215,"21,3"
19216,"220,221"
19217,"30,104"
19218,"44,38"
19219,"220,221"
19220,"271,26"
19221,"96,31"
19222,"21,5,156"
19223,"118,131"
19224,"206,271"
19225,"220,221"
19226,"64,448"
19227,"170,169"
19228,"303,74"
19229,"239,43"
19230,"115,21"
19231,"105,50"
19232,"21,194,3"
19233,"186,128"
19234,"44,89"
19235,"78,131"
19236,"356,170"
19237,"199,260,169"
19238,"91,308"
19239,"239,181"
19240,"220,454,508"
19241,"49,24"
19242,"438,265"
19243,"170,459,417"
19244,"189,241"
19245,"242,221,243"
19246,"271,456,214"
19247,"199,259"
19248,"300,296"
19249,"4,3"
19250,"303,165,317"
19251,"335,64"
19252,"402,145"
19253,"197,128"
19254,"15,21"
19255,"105,145,106"
19256,"152,315,151"
19257,"53,113"
19258,"93,64"
19259,"128,129,195"
19260,"21,164"
19261,"187,21"
19262,"199,169,223"
19263,"93,69"
19264,"195,186,128"
19265,"21,250"
19266,"367,3,21"
19267,"21,3"
19268,"99,96"
19269,"103,128,231"
19270,"93,64"
19271,"188,53"
19272,"164,21"
19273,"44,264,38"
19274,"21,30"
19275,"300,139"
19276,"24,43"
19277,"32,258,328"
19278,"171,169"
19279,"206,8,308"
19280,"137,38"
19281,"163,162"
19282,"21,124"
19283,"145,437"
19284,"30,3,227"
19285,"30,28"
19286,"448,64"
19287,"32,89"
19288,"3,53"
19289,"457,271"
19290,"176,474"
19291,"304,216"
19292,"402,145"
19293,"170,169,274"
19294,"131,40,226"
19295,"41,21"
19296,"21,124,33"
19297,"360,271"
19298,"25,220"
19299,"21,311"
19300,"74,165"
19301,"21,3,42"
19302,"244,102"
19303,"32,30"
19304,"93,64,239"
19305,"40,131"
19306,"44,38"
19307,"309,62"
19308,"44,145"
19309,"402,145"
19310,"30,28,3"
19311,"93,64"
19312,"94,264"
19313,"8,128"
19314,"105,145"
19315,"380,254"
19316,"271,456"
19317,"265,59"
19318,"96,284"
19319,"280,348"
19320,"3,148"
19321,"41,201"
19322,"220,455"
19323,"131,78,241"
19324,"93,64,448"
19325,"190,108,128"
19326,"171,170"
19327,"279,26,89"
19328,"402,145"
19329,"30,3"
19330,"18,17"
19331,"44,402"
19332,"339,337"
19333,"220,221"
19334,"271,456"
19335,"175,128,186"
19336,"21,41"
19337,"21,3"
19338,"375,4"
19339,"199,260"
19340,"170,323"
19341,"337,111,339"
19342,"286,41"
19343,"206,82"
19344,"48,81,303"
19345,"71,24"
19346,"129,128"
19347,"327,265"
19348,"170,169"
19349,"92,193,60"
19350,"38,137,175"
19351,"43,24"
19352,"171,284"
19353,"44,38"
19354,"220,242"
19355,"32,31"
19356,"49,296"
19357,"402,145"
19358,"138,135"
19359,"308,26,258"
19360,"229,230"
19361,"508,31,258"
19362,"131,40"
19363,"156,147"
19364,"92,345,209"
19365,"229,421"
19366,"93,64,65"
19367,"323,170"
19368,"11,109"
19369,"127,151"
19370,"348,265"
19371,"26,271"
19372,"74,165"
19373,"159,131,40"
19374,"38,147"
19375,"21,17"
19376,"296,306"
19377,"199,260"
19378,"220,221"
19379,"44,308,11"
19380,"265,59"
19381,"11,205"
19382,"170,179,169"
19383,"303,95"
19384,"105,21,53"
19385,"308,8"
19386,"231,26"
19387,"53,287"
19388,"44,402"
19389,"135,41,250"
19390,"11,205"
19391,"1,483,277"
19392,"234,54"
19393,"49,274"
19394,"199,169"
19395,"53,300"
19396,"199,21"
19397,"187,21,199"
19398,"18,17,220"
19399,"220,326"
19400,"265,349"
19401,"2,208"
19402,"170,171,169"
19403,"303,350"
19404,"21,41"
19405,"145,524,402"
19406,"408,76"
19407,"169,195,337"
19408,"350,26"
19409,"64,221"
19410,"204,13"
19411,"221,220,11"
19412,"303,165,74"
19413,"62,382,94"
19414,"309,64,454"
19415,"6,5"
19416,"235,453"
19417,"428,296,54"
19418,"17,3,21"
19419,"21,148"
19420,"93,64"
19421,"71,38"
19422,"186,128"
19423,"243,175,184"
19424,"3,28"
19425,"206,457"
19426,"44,69,11"
19427,"451,203,120"
19428,"84,88,74"
19429,"93,64"
19430,"93,64"
19431,"34,187"
19432,"148,147,451"
19433,"322,54,115"
19434,"199,21,68"
19435,"258,96,31"
19436,"21,187"
19437,"370,89,26"
19438,"4,435,3"
19439,"21,53"
19440,"69,11"
19441,"49,31"
19442,"160,315"
19443,"49,82"
19444,"328,481"
19445,"326,54"
19446,"49,239,24"
19447,"265,349"
19448,"181,43"
19449,"91,63"
19450,"346,313,501"
19451,"456,271"
19452,"451,147,111"
19453,"53,467"
19454,"21,256"
19455,"18,17"
19456,"255,271"
19457,"400,348"
19458,"53,30"
19459,"265,169,170"
19460,"418,265"
19461,"17,160"
19462,"160,302"
19463,"21,33"
19464,"24,284"
19465,"11,205"
19466,"17,30"
19467,"38,88"
19468,"190,21"
19469,"186,128"
19470,"11,44"
19471,"185,184"
19472,"72,49"
19473,"22,21"
19474,"250,139,41"
19475,"96,31"
19476,"111,53"
19477,"165,74"
19478,"3,5"
19479,"402,145"
19480,"21,164"
19481,"170,169"
19482,"171,170"
19483,"271,456"
19484,"4,7,435"
19485,"143,199"
19486,"194,30"
19487,"53,77"
19488,"169,199"
19489,"523,53"
19490,"131,226,40"
19491,"131,226,40"
19492,"199,259,382"
19493,"21,28,3"
19494,"451,50"
19495,"374,459"
19496,"11,69"
19497,"96,49"
19498,"76,163,74"
19499,"170,21,287"
19500,"206,279"
19501,"21,3,28"
19502,"128,130"
19503,"145,65,64"
19504,"93,64"
19505,"62,430"
19506,"148,147,30"
19507,"41,164"
19508,"127,169"
19509,"21,42"
19510,"435,4,188"
19511,"265,271"
19512,"220,105"
19513,"145,44"
19514,"21,68,182"
19515,"181,43"
19516,"21,222,13"
19517,"159,131,143"
19518,"186,40"
19519,"11,44"
19520,"21,3,523"
19521,"235,446"
19522,"241,250"
19523,"74,317,303"
19524,"175,128,241"
19525,"181,43"
19526,"303,74"
19527,"90,64"
19528,"43,64"
19529,"85,86,15"
19530,"523,53"
19531,"290,431"
19532,"170,171,169"
19533,"199,169,508"
19534,"220,326"
19535,"250,139"
19536,"250,163"
19537,"145,146"
19538,"304,360,271"
19539,"186,41"
19540,"206,8"
19541,"303,74"
19542,"317,74"
19543,"523,53"
19544,"38,82"
19545,"21,3"
19546,"220,242"
19547,"186,41,21"
19548,"212,211"
19549,"147,53,523"
19550,"91,23"
19551,"21,3"
19552,"368,131"
19553,"84,38"
19554,"169,199"
19555,"337,169"
19556,"279,521,249"
19557,"11,481"
19558,"4,435"
19559,"74,247,192"
19560,"241,131"
19561,"31,328,402"
19562,"143,220,382"
19563,"129,197"
19564,"402,145"
19565,"231,26"
19566,"131,40"
19567,"21,3"
19568,"129,128"
19569,"271,26"
19570,"296,306"
19571,"4,70"
19572,"21,22"
19573,"43,242,220"
19574,"241,131,40"
19575,"175,184,243"
19576,"11,59"
19577,"21,104,199"
19578,"296,371,336"
19579,"4,435"
19580,"17,18,168"
19581,"402,43"
19582,"129,290"
19583,"128,129,289"
19584,"370,145"
19585,"292,4"
19586,"279,265"
19587,"21,33,127"
19588,"64,65,90"
19589,"4,3"
19590,"49,199"
19591,"21,187"
19592,"41,186"
19593,"265,59"
19594,"209,208"
19595,"177,30"
19596,"182,68"
19597,"250,139,135"
19598,"508,199"
19599,"267,111"
19600,"49,24"
19601,"199,169,179"
19602,"199,281"
19603,"508,65,64"
19604,"21,28"
19605,"21,139"
19606,"49,239"
19607,"21,28"
19608,"199,21,223"
19609,"69,11"
19610,"4,19"
19611,"204,21,13"
19612,"129,128"
19613,"21,49,124"
19614,"206,103"
19615,"21,42"
19616,"44,264,38"
19617,"199,248,169"
19618,"274,169,199"
19619,"220,44,326"
19620,"512,53"
19621,"199,68,187"
19622,"105,50"
19623,"84,333"
19624,"199,169"
19625,"500,4,30"
19626,"147,3,85"
19627,"206,8"
19628,"131,486,40"
19629,"84,74"
19630,"64,44"
19631,"216,212"
19632,"375,4"
19633,"26,89"
19634,"38,107"
19635,"135,138"
19636,"135,295"
19637,"21,3"
19638,"38,440"
19639,"72,49"
19640,"96,31"
19641,"194,129,408"
19642,"82,89"
19643,"186,152,151"
19644,"30,28"
19645,"44,145"
19646,"170,169,199"
19647,"26,271,350"
19648,"103,38"
19649,"32,38"
19650,"31,96,454"
19651,"308,38"
19652,"30,3,262"
19653,"44,145"
19654,"131,40,226"
19655,"303,72,38"
19656,"41,21"
19657,"21,108"
