id,label
0,"10,64,93"
1,"3,17,21"
2,"300,3,169"
3,"0,216"
4,"10,220,40"
5,"206,0,8"
6,"40,402,10"
7,"3,21"
8,"49,23,24"
9,"3,21"
10,"0,265,10"
11,"146,145,38"
12,"169,170,337"
13,"271,0,456"
14,"23,38,74"
15,"23,38"
16,"10,64,11"
17,"3,21,200"
18,"10,64,93"
19,"10,220"
20,"43,323,181"
21,"26,0,23"
22,"5,3,331"
23,"40,160,315"
24,"10,0,216"
25,"40,131,134"
26,"3,21,200"
27,"10,64,93"
28,"3,17,18"
29,"13,14,204"
30,"23,43,24"
31,"3,15,147"
32,"40,131"
33,"23,26,38"
34,"220,10"
35,"3,21,200"
36,"3,21,40"
37,"10,11,69"
38,"4,3"
39,"40,241,3"
40,"26,23,0"
41,"3,21,5"
42,"138,135,40"
43,"0,271,218"
44,"10,11,72"
45,"40,162,128"
46,"3,17,21"
47,"10,234,60"
48,"40,128,131"
49,"10,234,24"
50,"38,23,0"
51,"3,21,200"
52,"10,220,402"
53,"3,23,147"
54,"3,200,4"
55,"3,21,40"
56,"10,64,11"
57,"23,74,38"
58,"23,118,74"
59,"3,21,200"
60,"11,13,10"
61,"10,64"
62,"0,271,456"
63,"3,21,200"
64,"0,3,271"
65,"3,21,200"
66,"40,131,134"
67,"199,169,323"
68,"3,17,18"
69,"3,187,15"
70,"10,64"
71,"10,64,448"
72,"40,41,224"
73,"3,21,40"
74,"220,10"
75,"0,265,271"
76,"3,187,21"
77,"346,0,313"
78,"23,49,24"
79,"220,10"
80,"10,64,93"
81,"40,3,160"
82,"10,11"
83,"296,169,306"
84,"23,24,49"
85,"23,38,63"
86,"40,131"
87,"21,40,3"
88,"0,26,346"
89,"3,21,200"
90,"10,24,43"
91,"220,10"
92,"0,216,235"
93,"4,3,7"
94,"40,23,478"
95,"40,131,145"
96,"49,23,24"
97,"40,131,241"
98,"402,145,40"
99,"26,23,0"
100,"231,26,23"
101,"23,24,74"
102,"49,24,23"
103,"3,225,156"
104,"23,38,10"
105,"0,8,346"
106,"3,10,21"
107,"49,24,10"
108,"0,271,216"
109,"0,206,8"
110,"3,21,5"
111,"199,169,38"
112,"3,4,200"
113,"3,187,15"
114,"10,220"
115,"199,169,259"
116,"0,3,313"
117,"10,220,0"
118,"40,146,23"
119,"3,21,187"
120,"3,147,148"
121,"0,3,265"
122,"10,11,69"
123,"40,41,21"
124,"3,4,200"
125,"3,21,200"
126,"10,230,229"
127,"23,38,40"
128,"0,271,216"
129,"0,265,218"
130,"10,40,64"
131,"169,199,251"
132,"23,38,24"
133,"3,21,40"
134,"3,21,200"
135,"40,44,145"
136,"0,271,216"
137,"402,40,145"
138,"0,265,271"
139,"171,170,169"
140,"40,23,21"
141,"3,21,111"
142,"169,199,170"
143,"3,21,200"
144,"10,72,44"
145,"10,11,221"
146,"3,4"
147,"169,274,0"
148,"10,64,448"
149,"160,40,315"
150,"23,40,295"
151,"38,63,23"
152,"4,3,7"
153,"0,271"
154,"199,169,17"
155,"0,26,231"
156,"40,131"
157,"44,402,23"
158,"40,128,41"
159,"169,199,0"
160,"38,8,23"
161,"38,23,82"
162,"241,40,131"
163,"3,21,200"
164,"0,271,291"
165,"0,271,128"
166,"10,64,11"
167,"10,64,93"
168,"11,10,44"
169,"40,128,41"
170,"0,170,169"
171,"3,21,200"
172,"0,23,26"
173,"4,3,7"
174,"199,40,169"
175,"26,0,40"
176,"10,64,80"
177,"38,23,82"
178,"3,21,200"
179,"26,0,308"
180,"3,21"
181,"3,23,21"
182,"0,265,10"
183,"3,21,200"
184,"3,40,21"
185,"49,23,24"
186,"0,271,216"
187,"40,135,236"
188,"10,64,80"
189,"169,199,251"
190,"199,169,323"
191,"199,259,169"
192,"40,169,26"
193,"23,84,38"
194,"0,169,271"
195,"199,169,431"
196,"402,10,145"
197,"3,21,148"
198,"40,131"
199,"0,271,8"
200,"24,23,43"
201,"43,24,23"
202,"3,23,21"
203,"3,4"
204,"199,169,323"
205,"199,169,251"
206,"43,24,23"
207,"23,38"
208,"10,24,23"
209,"10,64,80"
210,"188,15,16"
211,"0,235,8"
212,"0,271,265"
213,"3,182,200"
214,"0,49,23"
215,"43,23,24"
216,"32,23,31"
217,"23,38,71"
218,"3,21"
219,"160,40"
220,"38,23"
221,"0,271,216"
222,"3,4"
223,"199,169,259"
224,"160,40,315"
225,"3,204,13"
226,"10,64,24"
227,"10,64,11"
228,"5,331,6"
229,"3,21,17"
230,"402,145,10"
231,"3,21,0"
232,"26,23,0"
233,"3,0,216"
234,"40,145,146"
235,"40,131,134"
236,"23,118,74"
237,"199,169,251"
238,"402,220,40"
239,"43,24,23"
240,"0,346,313"
241,"0,271"
242,"40,199,494"
243,"40,131,134"
244,"0,271"
245,"0,216,16"
246,"234,10,60"
247,"199,169,40"
248,"3,17,21"
249,"129,128,40"
250,"38,10,23"
251,"220,10"
252,"3,147,148"
253,"3,21,17"
254,"23,38,24"
255,"26,23,0"
256,"3,21,160"
257,"3,204,13"
258,"128,40,129"
259,"10,44,402"
260,"10,64,93"
261,"4,3"
262,"10,64,93"
263,"3,147,148"
264,"3,21,187"
265,"3,21,200"
266,"23,38,345"
267,"23,38,74"
268,"10,64,93"
269,"40,160"
270,"3,21,200"
271,"40,131,134"
272,"49,23,24"
273,"23,38,24"
274,"10,44,23"
275,"10,64,448"
276,"32,23,31"
277,"3,21,200"
278,"118,23,74"
279,"40,131,241"
280,"23,38,74"
281,"10,220,221"
282,"0,271,265"
283,"3,21"
284,"3,41,40"
285,"3,4"
286,"10,64,448"
287,"0,271,216"
288,"10,64,93"
289,"26,23,0"
290,"0,271,313"
291,"43,24,23"
292,"10,11,44"
293,"169,49,0"
294,"3,21,200"
295,"40,160,128"
296,"40,21,3"
297,"40,135,395"
298,"169,199,170"
299,"3,17,21"
300,"3,15,16"
301,"3,170,169"
302,"23,71,38"
303,"3,21,148"
304,"169,0,170"
305,"0,271"
306,"23,71,40"
307,"26,0,89"
308,"10,64,80"
309,"40,3,131"
310,"0,271,216"
311,"3,21,187"
312,"3,21,200"
313,"23,49,38"
314,"3,17,18"
315,"0,271,216"
316,"23,38,40"
317,"3,21,200"
318,"23,74,38"
319,"169,199,426"
320,"0,216,211"
321,"40,131,241"
322,"40,271,23"
323,"3,200,148"
324,"160,40,315"
325,"40,131,23"
326,"3,28,13"
327,"431,135,40"
328,"43,24,23"
329,"0,169,199"
330,"23,43,24"
331,"129,128,40"
332,"0,216,211"
333,"3,123,21"
334,"0,271,366"
335,"3,21,13"
336,"43,24,23"
337,"3,187,21"
338,"3,21,200"
339,"3,147,148"
340,"10,220,221"
341,"147,148,3"
342,"128,40,129"
343,"3,5,331"
344,"40,131,241"
345,"40,402,145"
346,"169,296,170"
347,"10,220,221"
348,"3,21,200"
349,"296,169,10"
350,"10,11,69"
351,"74,23,40"
352,"169,296,300"
353,"0,10,26"
354,"3,13,21"
355,"402,44,10"
356,"38,23,26"
357,"31,40,10"
358,"0,271,8"
359,"10,64,448"
360,"23,38,31"
361,"402,10,40"
362,"3,21,200"
363,"169,170,241"
364,"169,426,199"
365,"0,271,216"
366,"0,26,8"
367,"0,216,26"
368,"38,23,74"
369,"199,431,135"
370,"3,4,200"
371,"43,24,23"
372,"118,23,74"
373,"40,131"
374,"206,0,8"
375,"402,10,145"
376,"169,199,170"
377,"3,48,81"
378,"40,41,224"
379,"31,96,23"
380,"3,40,21"
381,"3,169,199"
382,"169,170,199"
383,"169,199,170"
384,"17,3,18"
385,"220,10"
386,"10,220"
387,"23,38,74"
388,"0,216,211"
389,"3,21,200"
390,"220,10"
391,"40,10,23"
392,"0,216,271"
393,"10,64,11"
394,"10,220,0"
395,"3,182,21"
396,"38,23,309"
397,"3,21"
398,"169,337,71"
399,"170,169,199"
400,"402,44,45"
401,"199,169,259"
402,"3,21,148"
403,"0,271,216"
404,"3,21,200"
405,"0,8,235"
406,"3,21,200"
407,"40,131,193"
408,"3,187,21"
409,"3,21,182"
410,"21,3"
411,"15,16,3"
412,"49,23,24"
413,"169,199"
414,"0,206,8"
415,"40,131"
416,"0,26,23"
417,"220,10"
418,"40,131,478"
419,"23,74,118"
420,"169,170,199"
421,"220,10,221"
422,"0,370,216"
423,"23,38,74"
424,"346,0,313"
425,"0,271,211"
426,"296,169,0"
427,"43,23,24"
428,"40,145,402"
429,"199,169,40"
430,"128,40,129"
431,"26,0,23"
432,"10,11"
433,"10,64,402"
434,"234,10,60"
435,"3,21,40"
436,"0,216,211"
437,"10,220"
438,"40,128,162"
439,"169,337,170"
440,"386,32,40"
441,"10,220,0"
442,"3,17,15"
443,"169,170,199"
444,"0,216,271"
445,"3,4,170"
446,"0,265,271"
447,"0,216,313"
448,"10,64,93"
449,"128,129,40"
450,"0,271,456"
451,"0,216,354"
452,"296,169,31"
453,"160,40,315"
454,"74,23,10"
455,"199,169,281"
456,"40,131,193"
457,"10,64,220"
458,"3,21,147"
459,"40,3,241"
460,"0,271,8"
461,"169,170,3"
462,"23,10,71"
463,"40,184,3"
464,"0,271,211"
465,"0,271,216"
466,"23,26,350"
467,"402,145,0"
468,"11,10,69"
469,"3,21,187"
470,"169,171,170"
471,"0,271"
472,"10,64,93"
473,"0,216,271"
474,"26,23,350"
475,"0,271,265"
476,"0,23,38"
477,"199,169,71"
478,"40,141,3"
479,"199,169,323"
480,"118,23,107"
481,"10,44,402"
482,"40,131"
483,"0,346,10"
484,"3,21,200"
485,"0,8,206"
486,"10,64,80"
487,"0,216,211"
488,"23,165,74"
489,"40,160,315"
490,"10,64"
491,"40,23,74"
492,"10,64,93"
493,"0,265,271"
494,"3,21,40"
495,"0,271,216"
496,"40,135,141"
497,"10,24,220"
498,"0,8,206"
499,"10,38,145"
500,"3,199,21"
501,"3,160,315"
502,"23,49,24"
503,"10,64,448"
504,"17,3,18"
505,"40,131,128"
506,"10,64,93"
507,"431,199,135"
508,"3,21"
509,"3,21,169"
510,"10,64,93"
511,"40,128,160"
512,"0,271,26"
513,"61,43,24"
514,"3,21,200"
515,"40,128,41"
516,"3,187,17"
517,"43,24,181"
518,"3,21,199"
519,"15,3,16"
520,"0,220,10"
521,"0,271,216"
522,"402,145,40"
523,"40,131"
524,"32,23,31"
525,"26,231,23"
526,"74,23,38"
527,"40,131,134"
528,"296,169,300"
529,"38,23,74"
530,"10,24,64"
531,"10,220"
532,"402,44,45"
533,"0,216,10"
534,"169,337,170"
535,"26,23,38"
536,"3,21,147"
537,"0,8,206"
538,"401,3,40"
539,"3,182,21"
540,"0,235,8"
541,"38,23,308"
542,"23,26,38"
543,"3,4"
544,"3,21,40"
545,"40,241,23"
546,"10,64"
547,"141,23,118"
548,"3,15,16"
549,"10,24,239"
550,"138,135,40"
551,"0,3,206"
552,"3,40,21"
553,"220,10"
554,"10,11"
555,"23,10,24"
556,"10,43,323"
557,"38,23,26"
558,"10,64,93"
559,"40,129,128"
560,"220,10"
561,"0,271,265"
562,"220,10,221"
563,"10,11,0"
564,"3,21,200"
565,"43,24,32"
566,"346,0,313"
567,"0,370,10"
568,"118,23,74"
569,"10,11"
570,"10,64,239"
571,"40,175,23"
572,"3,21,200"
573,"10,64,93"
574,"10,11,64"
575,"21,3,40"
576,"10,64,93"
577,"10,93,23"
578,"3,21,200"
579,"10,11,69"
580,"38,23,309"
581,"3,21"
582,"0,271,218"
583,"3,200,21"
584,"170,169,3"
585,"0,8,206"
586,"220,10"
587,"3,147,148"
588,"32,23,31"
589,"3,21,200"
590,"23,38,26"
591,"10,64"
592,"169,170,241"
593,"23,10,24"
594,"10,220"
595,"374,135,40"
596,"23,38,63"
597,"0,206,8"
598,"3,21,200"
599,"38,23,74"
600,"23,74,38"
601,"40,131,128"
602,"3,5,331"
603,"0,49,23"
604,"3,4,21"
605,"0,271,8"
606,"40,160,315"
607,"3,148,147"
608,"0,271,366"
609,"23,74,38"
610,"43,24,23"
611,"26,23,231"
612,"0,10,265"
613,"3,21,200"
614,"128,129,40"
615,"0,271,265"
616,"402,10,40"
617,"290,23,3"
618,"23,49,24"
619,"199,431,40"
620,"346,313,0"
621,"26,0,231"
622,"3,21,40"
623,"3,21,40"
624,"3,367,100"
625,"346,0,313"
626,"199,169,259"
627,"40,10,131"
628,"402,145,40"
629,"4,3"
630,"328,31,10"
631,"0,8,206"
632,"241,199,169"
633,"169,199,170"
634,"0,271,360"
635,"23,38,26"
636,"40,135,236"
637,"3,21,187"
638,"40,160,315"
639,"0,271,456"
640,"23,74,38"
641,"0,206,8"
642,"40,135,138"
643,"40,131,128"
644,"3,21,200"
645,"26,23,38"
646,"3,147,148"
647,"23,31,258"
648,"3,4"
649,"169,199,251"
650,"10,23,0"
651,"23,26,38"
652,"10,290,11"
653,"40,160,315"
654,"31,23,0"
655,"40,131,241"
656,"3,21,200"
657,"0,206,8"
658,"3,133,200"
659,"3,13,204"
660,"40,131"
661,"0,169,216"
662,"3,21,0"
663,"43,24,23"
664,"10,11,69"
665,"43,23,24"
666,"10,64"
667,"31,96,23"
668,"0,26,8"
669,"0,38,23"
670,"23,38,40"
671,"23,38,10"
672,"220,10,0"
673,"199,169,223"
674,"241,40,131"
675,"3,147,148"
676,"10,44,80"
677,"3,17,21"
678,"3,21,200"
679,"220,10"
680,"0,8,206"
681,"40,131,134"
682,"10,64,11"
683,"23,74,38"
684,"23,74,40"
685,"3,21,200"
686,"402,40,145"
687,"199,169,315"
688,"169,199,251"
689,"220,10"
690,"3,21,200"
691,"40,169,199"
692,"3,200,21"
693,"10,64,93"
694,"0,206,8"
695,"23,38,74"
696,"38,71,23"
697,"15,3,16"
698,"3,15,200"
699,"40,131,241"
700,"17,3,18"
701,"10,38,24"
702,"23,38,74"
703,"23,40,38"
704,"23,38,74"
705,"138,135,40"
706,"128,40,3"
707,"40,41,224"
708,"0,8,327"
709,"24,23,49"
710,"3,21,17"
711,"40,184,23"
712,"15,16,3"
713,"0,211,216"
714,"38,309,169"
715,"49,23,24"
716,"3,160,315"
717,"3,4"
718,"3,21"
719,"23,38,40"
720,"3,200,147"
721,"10,11"
722,"3,21"
723,"3,148,200"
724,"3,5,331"
725,"43,24,23"
726,"3,21,169"
727,"0,8,271"
728,"199,169,323"
729,"40,224,41"
730,"199,169,251"
731,"169,337,274"
732,"3,17,21"
733,"10,23,44"
734,"199,169,259"
735,"169,199,0"
736,"10,64,93"
737,"199,259,169"
738,"10,11"
739,"8,0,346"
740,"23,26,38"
741,"0,271"
742,"3,4,200"
743,"10,23,0"
744,"10,0,40"
745,"3,4"
746,"10,23,60"
747,"31,328,258"
748,"3,21,182"
749,"10,44,23"
750,"21,3,40"
751,"43,24,23"
752,"3,182,21"
753,"170,169"
754,"169,170,417"
755,"43,24,181"
756,"10,402,44"
757,"40,162,38"
758,"3,15,16"
759,"169,170,417"
760,"169,170,337"
761,"0,10,40"
762,"10,64,11"
763,"3,21,182"
764,"3,21,200"
765,"0,8,235"
766,"0,265,273"
767,"199,169,251"
768,"0,271,265"
769,"199,323,169"
770,"3,182,111"
771,"10,64,80"
772,"3,15,16"
773,"3,21,200"
774,"199,169,259"
775,"3,21,200"
776,"3,21,187"
777,"40,241,23"
778,"4,3,7"
779,"10,24,23"
780,"10,64,93"
781,"323,10,43"
782,"0,271"
783,"3,13,23"
784,"3,21,200"
785,"38,23,169"
786,"169,199,0"
787,"23,71,38"
788,"8,0,206"
789,"0,26,8"
790,"3,21,40"
791,"220,10"
792,"10,44,402"
793,"23,38,26"
794,"199,169,259"
795,"40,131"
796,"3,21,5"
797,"3,21,200"
798,"40,131,184"
799,"112,111,3"
800,"169,40,170"
801,"0,128,40"
802,"0,26,38"
803,"3,40,17"
804,"3,21,200"
805,"199,169,259"
806,"0,26,23"
807,"23,71,10"
808,"3,199,21"
809,"170,3,169"
810,"10,38,23"
811,"43,24,23"
812,"10,44,11"
813,"0,271,291"
814,"3,21,40"
815,"40,128,23"
816,"3,21"
817,"0,3,265"
818,"3,17,21"
819,"170,169,3"
820,"0,271,216"
821,"3,17,40"
822,"199,169,323"
823,"43,24,23"
824,"3,21,200"
825,"40,402,145"
826,"0,8,391"
827,"10,11"
828,"169,170,337"
829,"40,241,131"
830,"10,64,11"
831,"0,271,216"
832,"10,11,26"
833,"199,241,169"
834,"3,21,200"
835,"23,40,38"
836,"169,199,170"
837,"40,184,131"
838,"3,4,200"
839,"3,5,21"
840,"402,145,40"
841,"3,41,224"
842,"3,5,21"
843,"26,23,89"
844,"23,49,24"
845,"23,38,93"
846,"199,169,170"
847,"128,40,130"
848,"0,346,313"
849,"96,31,23"
850,"169,199,170"
851,"38,23,10"
852,"32,31,23"
853,"71,23,38"
854,"169,170,3"
855,"40,146,145"
856,"49,23,24"
857,"10,64,93"
858,"3,4,21"
859,"169,170,374"
860,"23,38,26"
861,"43,24,181"
862,"13,31,38"
863,"0,271,216"
864,"3,13,204"
865,"40,160,315"
866,"3,21,200"
867,"170,171,169"
868,"3,13,21"
869,"43,23,24"
870,"40,21,128"
871,"38,23,48"
872,"3,21,200"
873,"199,169,170"
874,"0,271,216"
875,"402,145,23"
876,"3,13,204"
877,"40,131"
878,"171,170,169"
879,"23,38,26"
880,"3,4,200"
881,"0,206,8"
882,"402,145,10"
883,"40,131,160"
884,"10,44,402"
885,"21,3,40"
886,"169,199,251"
887,"10,61,24"
888,"3,21,200"
889,"199,259,169"
890,"402,10,145"
891,"3,275"
892,"23,38,74"
893,"10,11,44"
894,"10,23,346"
895,"3,21,148"
896,"40,131"
897,"3,21,200"
898,"40,21,3"
899,"169,0,271"
900,"0,271,216"
901,"3,21"
902,"10,23,25"
903,"40,131"
904,"10,64,93"
905,"38,23,10"
906,"0,216,8"
907,"0,8,235"
908,"3,13,10"
909,"40,162,128"
910,"10,220,221"
911,"10,11"
912,"10,40,68"
913,"10,44,402"
914,"10,64,448"
915,"220,10"
916,"3,4,435"
917,"0,271,313"
918,"3,4,435"
919,"0,23,38"
920,"3,147,148"
921,"234,10,60"
922,"23,3,74"
923,"10,64,93"
924,"40,146,145"
925,"23,38,24"
926,"234,10,60"
927,"128,40,129"
928,"3,21,40"
929,"3,21,200"
930,"0,346,26"
931,"230,10,229"
932,"0,38,23"
933,"38,23,74"
934,"43,323,24"
935,"169,426,258"
936,"3,21,200"
937,"3,15,200"
938,"3,200,21"
939,"296,169,306"
940,"3,4"
941,"346,26,313"
942,"3,523,147"
943,"199,169,431"
944,"3,4,19"
945,"169,199,170"
946,"0,8,206"
947,"3,21,200"
948,"118,74,23"
949,"241,40,131"
950,"0,271"
951,"10,24,49"
952,"169,170,171"
953,"23,40,10"
954,"49,23,24"
955,"10,11"
956,"402,145,40"
957,"24,23,49"
958,"234,10,60"
959,"43,181,199"
960,"169,199,170"
961,"3,199,169"
962,"10,11,40"
963,"40,131,128"
964,"10,24,23"
965,"128,40,130"
966,"10,64,448"
967,"169,170,337"
968,"188,3,4"
969,"71,23,74"
970,"138,40,135"
971,"40,160,138"
972,"23,74,62"
973,"216,0,370"
974,"220,10"
975,"0,169,199"
976,"206,8,0"
977,"40,3,141"
978,"3,21,200"
979,"160,40,315"
980,"49,24,23"
981,"0,8,235"
982,"3,17,18"
983,"3,21,200"
984,"40,131,134"
985,"160,40,315"
986,"23,38,74"
987,"40,131,134"
988,"10,64,323"
989,"3,21"
990,"3,187,21"
991,"10,24,43"
992,"199,169,251"
993,"3,21,182"
994,"10,24,23"
995,"3,21,187"
996,"199,169,259"
997,"40,131"
998,"40,160,317"
999,"23,10,74"
1000,"0,271,26"
1001,"3,4,21"
1002,"0,216,8"
1003,"241,131,40"
1004,"3,21,200"
1005,"169,199,170"
1006,"3,21,200"
1007,"23,10,24"
1008,"169,170,337"
1009,"10,11"
1010,"231,26,23"
1011,"3,21,184"
1012,"3,21,0"
1013,"10,64,448"
1014,"3,21"
1015,"0,265,216"
1016,"38,23,24"
1017,"38,23,308"
1018,"3,21,200"
1019,"3,4"
1020,"0,271,216"
1021,"220,10"
1022,"0,8,235"
1023,"26,23,89"
1024,"3,4,375"
1025,"40,162,128"
1026,"0,271,8"
1027,"23,26,0"
1028,"3,21,200"
1029,"23,43,24"
1030,"10,40,23"
1031,"43,24,181"
1032,"40,128,41"
1033,"3,21,200"
1034,"3,21,199"
1035,"3,23,40"
1036,"15,3,16"
1037,"3,21,200"
1038,"3,40,21"
1039,"43,24,23"
1040,"96,31,10"
1041,"402,10,145"
1042,"0,265,271"
1043,"0,169,199"
1044,"10,64,11"
1045,"71,23,24"
1046,"3,21"
1047,"169,426,199"
1048,"220,10"
1049,"0,216,40"
1050,"10,64"
1051,"3,21,40"
1052,"220,10"
1053,"10,323,24"
1054,"40,131,184"
1055,"38,146,10"
1056,"220,10"
1057,"3,15,200"
1058,"3,15,200"
1059,"40,139,3"
1060,"43,23,24"
1061,"3,21,200"
1062,"3,40,21"
1063,"0,211,216"
1064,"3,21,0"
1065,"40,160,315"
1066,"402,44,23"
1067,"169,0,346"
1068,"3,21,224"
1069,"3,111,40"
1070,"3,21,5"
1071,"0,265,216"
1072,"10,24,64"
1073,"206,8,0"
1074,"3,182,200"
1075,"3,21,200"
1076,"26,23,231"
1077,"3,4,147"
1078,"40,160,315"
1079,"40,41,224"
1080,"3,13,506"
1081,"3,21,13"
1082,"23,26,89"
1083,"40,175,128"
1084,"40,3,41"
1085,"10,402,64"
1086,"0,216,10"
1087,"10,64,24"
1088,"3,21,187"
1089,"40,23,128"
1090,"4,3,435"
1091,"40,3,21"
1092,"23,38,74"
1093,"3,21,40"
1094,"199,169,251"
1095,"0,169,199"
1096,"3,21,17"
1097,"40,3,300"
1098,"40,160,131"
1099,"40,146,145"
1100,"0,271,216"
1101,"0,271,280"
1102,"3,275,148"
1103,"43,24,10"
1104,"3,21,187"
1105,"23,38,74"
1106,"308,38,23"
1107,"170,171,169"
1108,"199,169,251"
1109,"199,169"
1110,"10,24,64"
1111,"0,8,206"
1112,"49,23,24"
1113,"3,4,200"
1114,"170,171,169"
1115,"40,160"
1116,"60,23,323"
1117,"0,216,271"
1118,"40,128,0"
1119,"40,146,184"
1120,"10,64,93"
1121,"3,21,17"
1122,"169,170,274"
1123,"40,131,241"
1124,"3,21"
1125,"199,169,170"
1126,"3,21,200"
1127,"10,64,448"
1128,"23,26,38"
1129,"0,271,366"
1130,"8,0,206"
1131,"10,31,0"
1132,"0,271,346"
1133,"10,64,80"
1134,"11,10,205"
1135,"0,211,212"
1136,"3,21,200"
1137,"169,170,337"
1138,"220,10"
1139,"0,169,199"
1140,"169,337,170"
1141,"3,21,200"
1142,"220,10"
1143,"199,169,251"
1144,"10,11,69"
1145,"23,24,38"
1146,"3,21,200"
1147,"26,0,23"
1148,"23,26,38"
1149,"3,21,200"
1150,"3,21,200"
1151,"3,21,40"
1152,"10,402,145"
1153,"10,220,40"
1154,"402,145,40"
1155,"10,24,11"
1156,"402,145,10"
1157,"0,271,216"
1158,"0,26,8"
1159,"3,523,147"
1160,"170,171,169"
1161,"3,187,21"
1162,"231,26,23"
1163,"23,74,118"
1164,"0,265,340"
1165,"23,38,74"
1166,"3,21,200"
1167,"3,147,148"
1168,"0,271,216"
1169,"23,38,71"
1170,"0,216,354"
1171,"23,74,38"
1172,"4,3,19"
1173,"0,26,23"
1174,"0,23,26"
1175,"23,60,234"
1176,"43,24,23"
1177,"0,271"
1178,"10,64,221"
1179,"40,160,315"
1180,"170,169,171"
1181,"0,199,169"
1182,"0,265,271"
1183,"38,23,0"
1184,"26,23,350"
1185,"32,31,23"
1186,"220,10"
1187,"3,200,15"
1188,"290,0,23"
1189,"171,170,169"
1190,"32,23,31"
1191,"135,374,40"
1192,"10,43,323"
1193,"40,41,21"
1194,"0,265,271"
1195,"199,169,259"
1196,"3,4"
1197,"40,160,315"
1198,"0,8,23"
1199,"23,24,10"
1200,"11,10,69"
1201,"32,23,31"
1202,"3,21"
1203,"23,38,74"
1204,"10,0,24"
1205,"71,10,23"
1206,"0,8,235"
1207,"0,265,271"
1208,"10,220,221"
1209,"24,43,23"
1210,"169,0,128"
1211,"169,199,426"
1212,"10,64,80"
1213,"169,199"
1214,"26,23,350"
1215,"10,220,221"
1216,"40,135,74"
1217,"3,523,148"
1218,"40,3,123"
1219,"10,64,80"
1220,"199,259,169"
1221,"220,10"
1222,"3,21,200"
1223,"3,21,40"
1224,"40,131"
1225,"11,10,69"
1226,"38,23,309"
1227,"40,160,128"
1228,"40,131,193"
1229,"199,169,323"
1230,"40,160,175"
1231,"3,13,74"
1232,"0,216,8"
1233,"38,0,26"
1234,"199,169,402"
1235,"40,23,74"
1236,"220,10"
1237,"38,0,23"
1238,"402,328,40"
1239,"10,13,204"
1240,"0,8,265"
1241,"3,21,200"
1242,"402,10,0"
1243,"40,128,41"
1244,"10,11,69"
1245,"0,271,265"
1246,"431,199,40"
1247,"40,23,74"
1248,"10,64,40"
1249,"199,169,251"
1250,"0,265,10"
1251,"10,64"
1252,"3,21,200"
1253,"40,131,241"
1254,"40,41,224"
1255,"231,23,26"
1256,"3,4,200"
1257,"0,271,265"
1258,"199,169,170"
1259,"0,265,271"
1260,"3,21,200"
1261,"300,296,169"
1262,"10,64,93"
1263,"0,3,40"
1264,"24,23,10"
1265,"3,40,204"
1266,"3,17,18"
1267,"38,40,23"
1268,"26,231,23"
1269,"3,21,200"
1270,"3,21,40"
1271,"71,23,24"
1272,"3,21,200"
1273,"23,24,31"
1274,"170,169,459"
1275,"23,38,26"
1276,"17,3,21"
1277,"3,200,148"
1278,"40,386,135"
1279,"16,15,3"
1280,"10,221,346"
1281,"3,21,200"
1282,"10,64,24"
1283,"523,3,53"
1284,"3,170,169"
1285,"3,21,200"
1286,"0,271,216"
1287,"26,350,23"
1288,"128,40,130"
1289,"10,421,230"
1290,"220,10"
1291,"199,169,323"
1292,"32,31,23"
1293,"26,231,0"
1294,"3,4,176"
1295,"3,21,182"
1296,"3,5,331"
1297,"3,21,200"
1298,"3,21,148"
1299,"10,64,93"
1300,"23,38,26"
1301,"23,38,63"
1302,"3,21,200"
1303,"3,290,93"
1304,"3,4,200"
1305,"3,21,200"
1306,"182,3,68"
1307,"199,169,259"
1308,"169,337,170"
1309,"4,3,23"
1310,"3,21,200"
1311,"71,23,38"
1312,"0,3,10"
1313,"23,38,10"
1314,"38,23,308"
1315,"3,199,169"
1316,"3,234,430"
1317,"0,3,265"
1318,"0,199,169"
1319,"3,21,40"
1320,"10,64,93"
1321,"220,10"
1322,"3,148,147"
1323,"23,74,38"
1324,"23,38,26"
1325,"3,21,170"
1326,"23,26,38"
1327,"220,10,221"
1328,"3,287,40"
1329,"3,21,200"
1330,"10,64,448"
1331,"3,4,21"
1332,"3,21,187"
1333,"169,241,170"
1334,"0,346,313"
1335,"3,21,200"
1336,"3,13,204"
1337,"220,10"
1338,"40,3,21"
1339,"3,147,148"
1340,"3,21,187"
1341,"40,145,146"
1342,"169,170,199"
1343,"199,169,138"
1344,"10,220"
1345,"40,129,128"
1346,"169,0,199"
1347,"3,147,148"
1348,"138,135,40"
1349,"199,323,169"
1350,"23,24,38"
1351,"0,346,313"
1352,"188,3,4"
1353,"0,346,313"
1354,"3,287,53"
1355,"0,271,8"
1356,"3,147,15"
1357,"3,21,200"
1358,"74,23,38"
1359,"10,11"
1360,"3,40,148"
1361,"40,128,130"
1362,"3,21,48"
1363,"169,199,251"
1364,"3,21,200"
1365,"199,169,49"
1366,"38,26,23"
1367,"3,21,200"
1368,"3,21,200"
1369,"23,74,71"
1370,"0,271"
1371,"40,41,315"
1372,"10,44,402"
1373,"402,10,145"
1374,"10,24,402"
1375,"44,10,45"
1376,"3,200,21"
1377,"169,199,170"
1378,"10,64,24"
1379,"23,38,26"
1380,"402,145,44"
1381,"0,206,8"
1382,"3,15,200"
1383,"3,21,182"
1384,"3,21"
1385,"160,40,315"
1386,"323,199,43"
1387,"26,89,0"
1388,"11,10,69"
1389,"3,21,200"
1390,"3,17,18"
1391,"0,216,271"
1392,"3,21,170"
1393,"40,131,160"
1394,"3,21,200"
1395,"138,135,40"
1396,"10,44,11"
1397,"0,271,313"
1398,"38,23,26"
1399,"169,199,251"
1400,"40,128,41"
1401,"169,170,38"
1402,"3,4,200"
1403,"3,21,17"
1404,"10,402,145"
1405,"199,323,169"
1406,"3,17,21"
1407,"3,21,182"
1408,"3,21,4"
1409,"10,23,24"
1410,"96,239,31"
1411,"26,0,23"
1412,"187,241,199"
1413,"145,402,40"
1414,"10,220,221"
1415,"3,21,17"
1416,"3,15,16"
1417,"3,21,200"
1418,"3,21,5"
1419,"0,8,327"
1420,"3,21,40"
1421,"23,38,74"
1422,"40,160,315"
1423,"23,38,26"
1424,"23,74,40"
1425,"3,21,17"
1426,"21,3,187"
1427,"23,38,26"
1428,"10,44,72"
1429,"3,21,200"
1430,"10,402,145"
1431,"3,21,187"
1432,"38,23,24"
1433,"10,64"
1434,"10,64,402"
1435,"10,64,448"
1436,"169,199,251"
1437,"199,169,223"
1438,"23,49,38"
1439,"23,40,10"
1440,"3,21,200"
1441,"3,21,200"
1442,"0,169,337"
1443,"10,64,0"
1444,"10,11,69"
1445,"23,24,10"
1446,"118,23,74"
1447,"49,24,23"
1448,"40,402,10"
1449,"3,21,40"
1450,"0,8,211"
1451,"3,111,267"
1452,"10,234,60"
1453,"3,21"
1454,"10,64,11"
1455,"40,160,315"
1456,"3,4,21"
1457,"224,40,41"
1458,"3,187,21"
1459,"199,259,169"
1460,"43,23,24"
1461,"40,3,111"
1462,"10,11,69"
1463,"402,145,23"
1464,"23,24,43"
1465,"128,129,40"
1466,"0,271,231"
1467,"199,169,323"
1468,"0,8,206"
1469,"23,118,74"
1470,"169,170,3"
1471,"23,43,24"
1472,"0,271,265"
1473,"331,3,5"
1474,"4,3,435"
1475,"10,64,80"
1476,"10,220,221"
1477,"3,4"
1478,"0,271"
1479,"40,128,41"
1480,"23,74,38"
1481,"40,10,402"
1482,"3,148,147"
1483,"0,313,346"
1484,"49,24,23"
1485,"3,15,200"
1486,"3,21,200"
1487,"10,23,11"
1488,"3,21,187"
1489,"40,131"
1490,"3,523,148"
1491,"10,24,64"
1492,"23,43,24"
1493,"271,0"
1494,"3,21,148"
1495,"38,241,23"
1496,"23,38,74"
1497,"40,131,128"
1498,"38,10,23"
1499,"40,131"
1500,"38,23,74"
1501,"3,301,21"
1502,"169,199,337"
1503,"220,10"
1504,"38,23,74"
1505,"3,21,187"
1506,"169,199,0"
1507,"26,23,346"
1508,"21,3,40"
1509,"0,271,216"
1510,"3,187,21"
1511,"169,170,199"
1512,"138,40,135"
1513,"0,206,8"
1514,"199,431,40"
1515,"3,21,200"
1516,"169,337,339"
1517,"128,40,0"
1518,"23,10,24"
1519,"3,21,200"
1520,"23,10,74"
1521,"43,24,23"
1522,"3,21"
1523,"23,49,24"
1524,"10,64,24"
1525,"10,11,69"
1526,"49,23,24"
1527,"10,64,11"
1528,"0,216,211"
1529,"38,23,0"
1530,"199,169,32"
1531,"10,220"
1532,"10,64,24"
1533,"24,43,23"
1534,"10,72,44"
1535,"10,220,221"
1536,"169,170,0"
1537,"169,417,170"
1538,"0,271,3"
1539,"3,15,16"
1540,"38,23,74"
1541,"199,169,3"
1542,"3,21,200"
1543,"138,40,135"
1544,"10,23,24"
1545,"40,128,129"
1546,"40,10,139"
1547,"234,10,60"
1548,"402,145,10"
1549,"10,64,24"
1550,"0,216,271"
1551,"3,4"
1552,"23,74,118"
1553,"3,4"
1554,"3,15,4"
1555,"3,17,15"
1556,"0,169,199"
1557,"3,147,148"
1558,"10,220"
1559,"10,323,64"
1560,"169,296,170"
1561,"10,64,40"
1562,"3,21,200"
1563,"63,23,38"
1564,"3,21,115"
1565,"138,135,40"
1566,"23,38,10"
1567,"0,271,216"
1568,"23,71,38"
1569,"8,206,0"
1570,"10,64"
1571,"73,10,23"
1572,"17,3,18"
1573,"296,169,306"
1574,"10,0,64"
1575,"10,220"
1576,"38,23"
1577,"3,147,148"
1578,"128,40,129"
1579,"199,169,0"
1580,"3,21,187"
1581,"3,15,200"
1582,"10,323,181"
1583,"169,170,199"
1584,"3,21,200"
1585,"40,23,135"
1586,"199,169,10"
1587,"3,21,200"
1588,"199,10,24"
1589,"23,40,74"
1590,"40,128,131"
1591,"402,44,23"
1592,"199,169,251"
1593,"170,171,169"
1594,"24,43,23"
1595,"171,170,169"
1596,"128,40,0"
1597,"147,148,3"
1598,"3,21,200"
1599,"44,402,10"
1600,"199,169,49"
1601,"40,128,3"
1602,"10,64,26"
1603,"10,11"
1604,"0,267,10"
1605,"3,200,21"
1606,"40,160,41"
1607,"296,169,23"
1608,"169,170,199"
1609,"3,15,16"
1610,"49,23,24"
1611,"40,184,131"
1612,"38,23,137"
1613,"3,21,200"
1614,"199,169,3"
1615,"3,21,200"
1616,"0,271"
1617,"38,23,26"
1618,"3,21,200"
1619,"220,10"
1620,"3,169,199"
1621,"199,169,259"
1622,"431,199,135"
1623,"169,296,337"
1624,"0,271,216"
1625,"23,26,38"
1626,"220,10,0"
1627,"23,74,38"
1628,"40,160,41"
1629,"40,131,134"
1630,"10,43,23"
1631,"40,131,402"
1632,"0,26,23"
1633,"3,21,200"
1634,"10,64,11"
1635,"0,216,271"
1636,"23,38,10"
1637,"0,271,216"
1638,"3,4,200"
1639,"40,131,23"
1640,"3,199,169"
1641,"3,21,182"
1642,"3,17,200"
1643,"10,11"
1644,"10,43,24"
1645,"0,271"
1646,"23,10,24"
1647,"10,40,17"
1648,"23,24,38"
1649,"23,74,118"
1650,"10,64,93"
1651,"0,265,340"
1652,"3,5,331"
1653,"0,216,271"
1654,"3,21"
1655,"3,147,148"
1656,"49,23,24"
1657,"169,170,251"
1658,"3,21,148"
1659,"10,44,45"
1660,"31,96,23"
1661,"3,169,5"
1662,"128,130,40"
1663,"40,131,134"
1664,"3,4"
1665,"402,44,10"
1666,"40,3,139"
1667,"10,72,0"
1668,"3,28,113"
1669,"40,131,134"
1670,"0,265,218"
1671,"10,44,11"
1672,"199,169,3"
1673,"287,3,53"
1674,"23,40,3"
1675,"10,24,43"
1676,"0,271,216"
1677,"199,169,10"
1678,"346,313,128"
1679,"3,111,123"
1680,"43,24,23"
1681,"0,271,218"
1682,"0,8,206"
1683,"3,21,200"
1684,"3,21,200"
1685,"0,271,265"
1686,"3,21,200"
1687,"40,3,21"
1688,"3,21,200"
1689,"40,131,134"
1690,"3,367,40"
1691,"187,3,21"
1692,"199,169,251"
1693,"3,4,200"
1694,"0,216"
1695,"40,23,74"
1696,"10,220,24"
1697,"40,128,129"
1698,"3,200,21"
1699,"40,3,128"
1700,"10,11"
1701,"3,200,85"
1702,"3,21"
1703,"0,271,265"
1704,"10,234,11"
1705,"3,21,200"
1706,"3,147,148"
1707,"0,271,216"
1708,"23,169,199"
1709,"40,160,131"
1710,"61,10,60"
1711,"0,235,8"
1712,"402,145,40"
1713,"169,199,0"
1714,"3,523,15"
1715,"171,170,169"
1716,"15,16,3"
1717,"0,40,271"
1718,"169,296,170"
1719,"0,169,38"
1720,"40,131"
1721,"43,24,23"
1722,"10,11"
1723,"402,44,10"
1724,"40,128,131"
1725,"10,220"
1726,"26,231,23"
1727,"23,74,38"
1728,"10,38,23"
1729,"0,10,216"
1730,"3,187,21"
1731,"199,169,323"
1732,"170,169"
1733,"10,64,93"
1734,"3,21"
1735,"0,271,216"
1736,"10,402,145"
1737,"3,21,17"
1738,"10,23,24"
1739,"3,0,216"
1740,"3,21,200"
1741,"3,21"
1742,"0,216,235"
1743,"169,0,199"
1744,"48,38,3"
1745,"3,21"
1746,"3,40,199"
1747,"3,4,21"
1748,"89,26"
1749,"10,64,80"
1750,"10,64,40"
1751,"290,31,10"
1752,"23,26,346"
1753,"0,271"
1754,"43,24,10"
1755,"199,169,431"
1756,"40,128,41"
1757,"23,38,26"
1758,"346,313,0"
1759,"23,118,74"
1760,"38,23,309"
1761,"3,21,200"
1762,"402,44,45"
1763,"169,170,199"
1764,"220,10"
1765,"3,21,40"
1766,"138,135,40"
1767,"0,26,8"
1768,"3,21,200"
1769,"3,199,21"
1770,"3,21,200"
1771,"0,8,235"
1772,"3,21,200"
1773,"21,3,40"
1774,"10,11"
1775,"199,40,169"
1776,"10,64,448"
1777,"3,21,200"
1778,"3,21,200"
1779,"3,21,200"
1780,"169,199,170"
1781,"169,199,0"
1782,"0,231,271"
1783,"23,74,38"
1784,"129,40,128"
1785,"170,169,171"
1786,"23,38,26"
1787,"402,40,10"
1788,"40,160,315"
1789,"199,169,281"
1790,"40,10,135"
1791,"220,10"
1792,"23,38,74"
1793,"10,11,221"
1794,"40,386,135"
1795,"0,216,169"
1796,"23,38,26"
1797,"10,220,221"
1798,"23,38,74"
1799,"3,21"
1800,"96,31,23"
1801,"0,169,199"
1802,"3,187,21"
1803,"10,0,24"
1804,"23,71,74"
1805,"0,235,8"
1806,"3,21,199"
1807,"49,24,23"
1808,"40,3,315"
1809,"23,31,24"
1810,"31,23,169"
1811,"3,113,28"
1812,"3,5,21"
1813,"10,220"
1814,"169,170,230"
1815,"10,25,24"
1816,"41,224,40"
1817,"3,21"
1818,"323,10,24"
1819,"3,10,53"
1820,"10,11,44"
1821,"118,74,23"
1822,"3,21,200"
1823,"23,26,38"
1824,"3,21,40"
1825,"23,0,38"
1826,"10,145,23"
1827,"10,64,448"
1828,"3,21,200"
1829,"171,170,169"
1830,"169,170,508"
1831,"0,216,271"
1832,"0,271,216"
1833,"3,21,200"
1834,"169,170,0"
1835,"346,0,313"
1836,"96,10,239"
1837,"402,10,145"
1838,"3,523,53"
1839,"0,10,221"
1840,"40,128,131"
1841,"3,21,17"
1842,"3,21,200"
1843,"3,21,0"
1844,"0,216"
1845,"10,220,402"
1846,"40,160,131"
1847,"40,31,317"
1848,"0,271,346"
1849,"15,3,16"
1850,"15,16,3"
1851,"10,24,64"
1852,"3,21,111"
1853,"3,40,13"
1854,"10,64,93"
1855,"0,8,169"
1856,"206,0,8"
1857,"40,128"
1858,"40,41,160"
1859,"0,271,265"
1860,"74,23,84"
1861,"40,135,141"
1862,"0,346,26"
1863,"10,64,93"
1864,"32,31,23"
1865,"40,131,134"
1866,"0,8,271"
1867,"169,426,508"
1868,"71,23,74"
1869,"206,0,8"
1870,"160,40,315"
1871,"0,271,216"
1872,"32,199,169"
1873,"0,216,271"
1874,"23,38,40"
1875,"40,241,131"
1876,"128,129,40"
1877,"43,24,23"
1878,"3,21"
1879,"0,346,313"
1880,"0,216,370"
1881,"199,323,169"
1882,"10,3,64"
1883,"118,23,74"
1884,"199,40,169"
1885,"3,4,15"
1886,"3,21,200"
1887,"43,10,323"
1888,"10,64,93"
1889,"3,21,148"
1890,"23,118,74"
1891,"15,16,3"
1892,"0,271,216"
1893,"220,10"
1894,"38,23,309"
1895,"206,0,8"
1896,"10,23,25"
1897,"26,10,23"
1898,"3,4,375"
1899,"0,346,313"
1900,"40,23,38"
1901,"3,17,18"
1902,"3,10,169"
1903,"3,21,200"
1904,"3,17,10"
1905,"3,523,147"
1906,"0,26,271"
1907,"3,200,148"
1908,"3,21,200"
1909,"3,4"
1910,"10,220,23"
1911,"220,10"
1912,"0,128,40"
1913,"3,21,200"
1914,"199,169"
1915,"0,271"
1916,"3,147,148"
1917,"0,271,313"
1918,"0,271,216"
1919,"199,169,259"
1920,"23,74,38"
1921,"10,64,80"
1922,"23,118,74"
1923,"3,4"
1924,"40,3,21"
1925,"3,4,19"
1926,"3,21,4"
1927,"0,26,8"
1928,"169,170,199"
1929,"3,5,21"
1930,"23,10,24"
1931,"38,23"
1932,"0,271"
1933,"3,200,21"
1934,"220,10,221"
1935,"118,74,23"
1936,"169,199,251"
1937,"40,3,41"
1938,"3,21,200"
1939,"169,426,508"
1940,"43,23,24"
1941,"0,10,220"
1942,"0,271"
1943,"300,10,169"
1944,"31,169,0"
1945,"40,74,23"
1946,"40,23,74"
1947,"23,74,165"
1948,"220,10"
1949,"11,10,69"
1950,"23,74,38"
1951,"10,24,23"
1952,"199,169,40"
1953,"3,4,0"
1954,"220,10"
1955,"3,21,40"
1956,"10,64,80"
1957,"3,21,200"
1958,"3,21,148"
1959,"0,271"
1960,"169,0,216"
1961,"3,4,21"
1962,"10,220,221"
1963,"10,64,93"
1964,"169,296,199"
1965,"49,23,24"
1966,"10,11"
1967,"23,38,74"
1968,"10,64,93"
1969,"0,271"
1970,"38,23,309"
1971,"220,10"
1972,"10,220"
1973,"23,71,24"
1974,"220,10"
1975,"0,271,265"
1976,"0,271,280"
1977,"23,38,105"
1978,"0,271"
1979,"0,206,8"
1980,"43,24,23"
1981,"3,21,4"
1982,"10,64,80"
1983,"3,200,21"
1984,"0,8,235"
1985,"43,24,23"
1986,"0,216,271"
1987,"0,346,313"
1988,"40,131"
1989,"220,10"
1990,"3,200,21"
1991,"10,24,23"
1992,"3,21,200"
1993,"3,10,15"
1994,"3,21"
1995,"23,74,24"
1996,"169,426,508"
1997,"199,169,259"
1998,"199,169,170"
1999,"23,10,26"
2000,"0,235,8"
2001,"43,323,24"
2002,"3,21,200"
2003,"23,38,26"
2004,"3,187,263"
2005,"199,169,0"
2006,"23,74,38"
2007,"0,169,216"
2008,"10,64,11"
2009,"10,234,11"
2010,"199,259,169"
2011,"0,169,199"
2012,"10,64,448"
2013,"0,271"
2014,"0,271,216"
2015,"0,8,206"
2016,"199,169,323"
2017,"40,128,41"
2018,"23,74,10"
2019,"220,10"
2020,"169,199,170"
2021,"3,21,200"
2022,"3,21,200"
2023,"523,3,147"
2024,"40,3,21"
2025,"199,169,40"
2026,"3,21,301"
2027,"26,23,89"
2028,"0,271,216"
2029,"10,11"
2030,"40,131,134"
2031,"38,23,402"
2032,"0,169,199"
2033,"43,24,23"
2034,"40,3,21"
2035,"169,170,0"
2036,"23,38,26"
2037,"3,5,331"
2038,"3,21,187"
2039,"10,220,221"
2040,"169,3,21"
2041,"3,21,187"
2042,"199,169,40"
2043,"0,265,218"
2044,"0,216,271"
2045,"3,0,169"
2046,"402,145,44"
2047,"169,199,170"
2048,"11,10,205"
2049,"123,111,3"
2050,"10,44,11"
2051,"3,169,199"
2052,"3,21,199"
2053,"40,146,145"
2054,"32,31,23"
2055,"10,64,93"
2056,"171,170,169"
2057,"0,271,456"
2058,"40,3,10"
2059,"40,41,21"
2060,"32,23,31"
2061,"3,21"
2062,"3,21,17"
2063,"10,44,402"
2064,"43,24,23"
2065,"169,170,0"
2066,"10,31,0"
2067,"10,64,11"
2068,"4,3"
2069,"49,23,24"
2070,"10,64,80"
2071,"3,187,17"
2072,"3,21,200"
2073,"71,23,24"
2074,"3,21,200"
2075,"84,74,23"
2076,"96,31,40"
2077,"3,147,148"
2078,"169,199,323"
2079,"199,169,259"
2080,"0,169,271"
2081,"160,40,315"
2082,"26,0,23"
2083,"0,216,271"
2084,"169,170,171"
2085,"169,199,251"
2086,"199,259,169"
2087,"40,160,131"
2088,"10,17,3"
2089,"0,265,271"
2090,"350,26,23"
2091,"0,271,216"
2092,"3,5,331"
2093,"0,271,218"
2094,"32,31,23"
2095,"0,235,8"
2096,"0,216,271"
2097,"40,241,3"
2098,"10,64,11"
2099,"10,169,60"
2100,"38,23"
2101,"3,21,169"
2102,"3,111,112"
2103,"40,199,160"
2104,"10,64"
2105,"40,128,129"
2106,"23,38,0"
2107,"170,169,171"
2108,"3,147,148"
2109,"220,10"
2110,"199,169,259"
2111,"3,40,21"
2112,"0,271,216"
2113,"10,64,93"
2114,"38,23,175"
2115,"271,0,456"
2116,"3,147,148"
2117,"0,23,26"
2118,"10,73,44"
2119,"23,38,10"
2120,"402,10,145"
2121,"0,26,271"
2122,"40,131"
2123,"74,23,40"
2124,"10,64,323"
2125,"49,23,24"
2126,"10,11"
2127,"3,21,147"
2128,"0,216,8"
2129,"3,169,21"
2130,"10,11,69"
2131,"40,23,74"
2132,"10,64,93"
2133,"48,23,38"
2134,"10,64,93"
2135,"3,40,41"
2136,"271,0"
2137,"10,402,220"
2138,"40,139,41"
2139,"3,4"
2140,"3,21,200"
2141,"40,131"
2142,"63,23,38"
2143,"3,4,200"
2144,"49,23,24"
2145,"23,24,43"
2146,"230,169,0"
2147,"0,271,216"
2148,"220,10"
2149,"169,199,49"
2150,"0,23,26"
2151,"10,93,64"
2152,"3,21,148"
2153,"40,131,76"
2154,"0,8,216"
2155,"3,21,200"
2156,"23,38,24"
2157,"323,10,181"
2158,"40,367,23"
2159,"40,145,131"
2160,"38,23,308"
2161,"3,0,21"
2162,"220,10"
2163,"3,123,111"
2164,"84,23,74"
2165,"170,171,169"
2166,"220,10"
2167,"23,40,74"
2168,"40,131,134"
2169,"199,323,169"
2170,"0,8,271"
2171,"160,40,315"
2172,"3,21,200"
2173,"40,184,243"
2174,"3,13,206"
2175,"0,26,231"
2176,"38,48,23"
2177,"23,26,38"
2178,"23,71,24"
2179,"3,17,18"
2180,"43,24,23"
2181,"40,131,241"
2182,"0,23,346"
2183,"0,271,313"
2184,"0,8,216"
2185,"3,147,148"
2186,"3,21,148"
2187,"40,160,315"
2188,"43,23,24"
2189,"3,21,187"
2190,"3,21,187"
2191,"40,169,145"
2192,"10,11,69"
2193,"3,17,18"
2194,"3,199,169"
2195,"199,169,0"
2196,"0,271"
2197,"40,241,131"
2198,"220,10,221"
2199,"199,169,223"
2200,"40,3,13"
2201,"0,271"
2202,"10,64,448"
2203,"170,171,169"
2204,"49,23,24"
2205,"199,169,23"
2206,"3,21,200"
2207,"0,271,216"
2208,"346,0,313"
2209,"169,199,40"
2210,"118,74,23"
2211,"169,0,199"
2212,"3,147,148"
2213,"3,4,200"
2214,"38,23,74"
2215,"40,0,128"
2216,"3,21,200"
2217,"40,131,128"
2218,"220,10"
2219,"220,0,10"
2220,"220,10,221"
2221,"40,131"
2222,"23,96,31"
2223,"10,0,402"
2224,"71,23,24"
2225,"3,4,200"
2226,"3,21,200"
2227,"10,220"
2228,"0,206,8"
2229,"199,169,0"
2230,"93,10,64"
2231,"220,10"
2232,"71,23,74"
2233,"10,44,402"
2234,"10,11"
2235,"402,145,40"
2236,"220,10"
2237,"0,8,216"
2238,"220,10"
2239,"0,265,8"
2240,"3,4,199"
2241,"49,23,24"
2242,"3,4,200"
2243,"3,21,32"
2244,"10,64,80"
2245,"402,40,145"
2246,"40,3,118"
2247,"220,10"
2248,"43,24,23"
2249,"10,402,23"
2250,"40,128,130"
2251,"3,17,200"
2252,"3,147,148"
2253,"10,220,221"
2254,"3,21,48"
2255,"11,10,69"
2256,"17,18,3"
2257,"0,8,235"
2258,"0,271,216"
2259,"220,10"
2260,"38,23,74"
2261,"23,74,118"
2262,"10,11,220"
2263,"138,135,40"
2264,"0,271,216"
2265,"40,131,139"
2266,"199,169,259"
2267,"10,11,69"
2268,"0,211,216"
2269,"10,64,93"
2270,"3,21,200"
2271,"169,199,426"
2272,"40,199,160"
2273,"3,4"
2274,"3,15,16"
2275,"169,170,337"
2276,"402,40,10"
2277,"169,170,3"
2278,"3,21"
2279,"0,218,40"
2280,"0,216,211"
2281,"23,24,43"
2282,"169,170,337"
2283,"26,89,23"
2284,"169,296,170"
2285,"0,265,340"
2286,"3,21,5"
2287,"3,147,148"
2288,"3,21,15"
2289,"220,10"
2290,"3,21,200"
2291,"138,135,40"
2292,"3,21,200"
2293,"118,23,74"
2294,"0,271,216"
2295,"11,10"
2296,"220,10"
2297,"3,21,200"
2298,"220,10"
2299,"169,459,199"
2300,"0,271,216"
2301,"38,23,48"
2302,"23,38,74"
2303,"135,40,236"
2304,"3,199,187"
2305,"3,15,16"
2306,"0,271,26"
2307,"40,128,160"
2308,"0,346,313"
2309,"17,3,18"
2310,"10,402,24"
2311,"0,235,8"
2312,"3,21,200"
2313,"199,169,323"
2314,"10,220"
2315,"10,38,23"
2316,"23,26,38"
2317,"199,169,49"
2318,"220,10,402"
2319,"0,271,265"
2320,"3,200,13"
2321,"169,199,426"
2322,"26,231,0"
2323,"0,216,211"
2324,"169,199,3"
2325,"0,216,211"
2326,"0,216,211"
2327,"38,23,26"
2328,"10,145,220"
2329,"40,128,41"
2330,"32,31,23"
2331,"0,216,271"
2332,"169,0,31"
2333,"23,44,38"
2334,"0,26,23"
2335,"23,26,38"
2336,"160,40,315"
2337,"220,10"
2338,"3,4"
2339,"4,3"
2340,"23,74,38"
2341,"402,145,40"
2342,"3,21,200"
2343,"23,38,24"
2344,"40,431,135"
2345,"3,113,28"
2346,"118,23,74"
2347,"10,220,221"
2348,"3,21,17"
2349,"199,169,343"
2350,"10,64"
2351,"10,234,11"
2352,"3,21,200"
2353,"220,10"
2354,"0,265,271"
2355,"10,11,69"
2356,"3,21,199"
2357,"170,171,169"
2358,"199,169,259"
2359,"23,38,74"
2360,"0,265,8"
2361,"10,402,145"
2362,"169,0,216"
2363,"40,224,41"
2364,"3,21,40"
2365,"129,128,0"
2366,"220,10"
2367,"40,162,128"
2368,"23,74,165"
2369,"72,44,23"
2370,"3,148,147"
2371,"26,23,38"
2372,"32,3,31"
2373,"220,10"
2374,"220,10"
2375,"402,145,10"
2376,"3,21,200"
2377,"10,402,0"
2378,"3,15,16"
2379,"40,231,131"
2380,"0,271"
2381,"0,265,271"
2382,"3,21"
2383,"3,21,200"
2384,"40,10,241"
2385,"3,21,200"
2386,"40,131,241"
2387,"169,199,170"
2388,"402,44,145"
2389,"169,170,199"
2390,"3,21,200"
2391,"10,234,11"
2392,"170,171,169"
2393,"3,147,148"
2394,"10,11,69"
2395,"40,0,10"
2396,"220,10"
2397,"10,23,24"
2398,"171,170,169"
2399,"40,41,224"
2400,"220,10,25"
2401,"49,23,24"
2402,"3,21,187"
2403,"0,216,211"
2404,"3,21,200"
2405,"23,24,10"
2406,"40,3,148"
2407,"10,11"
2408,"23,24,43"
2409,"44,402,10"
2410,"23,24,10"
2411,"40,118,128"
2412,"3,21,0"
2413,"224,40,41"
2414,"10,11,221"
2415,"15,16,3"
2416,"118,74,23"
2417,"10,64,93"
2418,"23,38,71"
2419,"10,64,93"
2420,"3,21,187"
2421,"43,24,23"
2422,"3,15,16"
2423,"3,21,200"
2424,"3,4"
2425,"10,64,80"
2426,"3,182,21"
2427,"169,0,26"
2428,"118,23,74"
2429,"0,10,506"
2430,"23,26,0"
2431,"128,129,40"
2432,"0,271,216"
2433,"3,0,265"
2434,"3,147,148"
2435,"3,21"
2436,"199,169,259"
2437,"23,74,118"
2438,"169,170,199"
2439,"3,160,315"
2440,"72,10,44"
2441,"0,206,8"
2442,"10,93,64"
2443,"3,21,199"
2444,"40,131,241"
2445,"40,169,160"
2446,"24,10,23"
2447,"231,26,23"
2448,"40,131,241"
2449,"10,220"
2450,"3,21,187"
2451,"0,8,391"
2452,"40,128,0"
2453,"138,40,135"
2454,"3,21,200"
2455,"0,271,216"
2456,"128,129,40"
2457,"171,170,169"
2458,"169,38,296"
2459,"11,10,69"
2460,"3,21,169"
2461,"23,402,40"
2462,"3,86,85"
2463,"3,21,200"
2464,"10,64,93"
2465,"0,169,337"
2466,"40,220,145"
2467,"169,0,170"
2468,"220,10,221"
2469,"169,171,170"
2470,"10,64,323"
2471,"220,10"
2472,"128,40,130"
2473,"3,17,18"
2474,"40,128,131"
2475,"3,169,296"
2476,"3,21"
2477,"43,24,23"
2478,"3,182,21"
2479,"3,21,200"
2480,"32,31,23"
2481,"199,431,259"
2482,"10,64,11"
2483,"3,17,21"
2484,"49,23,24"
2485,"199,169"
2486,"0,216,211"
2487,"0,265,271"
2488,"40,258,508"
2489,"3,21,200"
2490,"3,21,17"
2491,"0,346,313"
2492,"0,271,216"
2493,"10,402,44"
2494,"0,211,216"
2495,"10,220"
2496,"40,41,128"
2497,"23,38,74"
2498,"40,241,131"
2499,"0,31,169"
2500,"170,169,199"
2501,"3,21,200"
2502,"0,26,23"
2503,"3,0,16"
2504,"40,131"
2505,"0,346,271"
2506,"40,128,129"
2507,"3,200,21"
2508,"169,199,426"
2509,"72,49,44"
2510,"43,24,23"
2511,"3,21,40"
2512,"0,271,216"
2513,"129,128,40"
2514,"10,64,93"
2515,"3,21,187"
2516,"402,145,24"
2517,"43,24,23"
2518,"10,220,145"
2519,"40,131,134"
2520,"10,23,26"
2521,"3,300,21"
2522,"3,21,200"
2523,"199,169,259"
2524,"10,61,72"
2525,"0,216,370"
2526,"43,24,10"
2527,"38,23,26"
2528,"10,38,23"
2529,"0,8,206"
2530,"10,220,71"
2531,"23,31,38"
2532,"206,0,8"
2533,"199,169,251"
2534,"346,313,0"
2535,"40,135,141"
2536,"3,21,0"
2537,"43,23,24"
2538,"3,40,21"
2539,"3,21,200"
2540,"10,11,69"
2541,"3,21,199"
2542,"23,26,38"
2543,"40,41,224"
2544,"0,271,456"
2545,"40,131"
2546,"10,0,220"
2547,"3,21,169"
2548,"0,216,21"
2549,"26,23,350"
2550,"199,169,374"
2551,"10,64,11"
2552,"138,135,40"
2553,"38,23,74"
2554,"10,11"
2555,"3,182,4"
2556,"10,64,80"
2557,"3,182,118"
2558,"170,171,169"
2559,"40,315,160"
2560,"10,0,64"
2561,"3,15,21"
2562,"3,169,0"
2563,"0,169,271"
2564,"40,128,41"
2565,"24,10,199"
2566,"40,128,131"
2567,"3,21,40"
2568,"218,0,512"
2569,"10,220"
2570,"0,271"
2571,"3,21,17"
2572,"10,23,24"
2573,"38,23,199"
2574,"40,10,3"
2575,"10,220,25"
2576,"3,147,523"
2577,"49,23,24"
2578,"3,21,148"
2579,"10,24,23"
2580,"38,23,31"
2581,"220,10"
2582,"0,313,271"
2583,"40,128,41"
2584,"3,113,23"
2585,"296,169,300"
2586,"40,10,131"
2587,"3,21,200"
2588,"3,40,523"
2589,"10,220,221"
2590,"3,15,200"
2591,"0,216,271"
2592,"40,21,3"
2593,"10,11,220"
2594,"3,331,5"
2595,"169,199,0"
2596,"23,31,169"
2597,"40,131,241"
2598,"40,128,131"
2599,"206,0,8"
2600,"23,74,38"
2601,"0,216,10"
2602,"40,131,160"
2603,"40,241,131"
2604,"3,17,21"
2605,"0,26,346"
2606,"0,271,216"
2607,"23,74,84"
2608,"26,23,350"
2609,"138,135,40"
2610,"43,24,23"
2611,"0,271"
2612,"49,24,23"
2613,"73,402,44"
2614,"23,38,74"
2615,"40,41,131"
2616,"43,24,23"
2617,"10,64,11"
2618,"0,271,216"
2619,"169,170,199"
2620,"40,309,38"
2621,"0,271,456"
2622,"169,323,199"
2623,"3,15,16"
2624,"3,523,147"
2625,"0,216,271"
2626,"40,241,131"
2627,"3,21"
2628,"38,137,145"
2629,"0,271,218"
2630,"40,220,169"
2631,"128,40,130"
2632,"3,21,200"
2633,"43,24,23"
2634,"3,40,21"
2635,"199,169,323"
2636,"402,0,38"
2637,"3,21,200"
2638,"3,40,4"
2639,"3,147,148"
2640,"23,38,24"
2641,"40,131"
2642,"40,146,145"
2643,"169,199,40"
2644,"0,216,243"
2645,"3,21,200"
2646,"169,170,337"
2647,"3,21,200"
2648,"0,271,26"
2649,"0,265,271"
2650,"40,160,23"
2651,"3,21,148"
2652,"10,64,80"
2653,"3,17,21"
2654,"40,131,134"
2655,"10,64,93"
2656,"40,131,134"
2657,"74,23,165"
2658,"10,64,80"
2659,"220,10"
2660,"4,3,7"
2661,"3,187,21"
2662,"3,200,21"
2663,"43,24,23"
2664,"199,169,170"
2665,"26,23,350"
2666,"3,21,200"
2667,"3,21,147"
2668,"3,275"
2669,"43,24,23"
2670,"31,10,0"
2671,"10,11,69"
2672,"3,5,133"
2673,"169,23,38"
2674,"10,11,221"
2675,"3,21,40"
2676,"40,131"
2677,"3,21,17"
2678,"3,21,200"
2679,"3,13,11"
2680,"0,271,265"
2681,"169,199,170"
2682,"0,313,346"
2683,"3,200,21"
2684,"0,216,271"
2685,"10,64,11"
2686,"3,4"
2687,"169,199,170"
2688,"3,17,21"
2689,"40,3,21"
2690,"40,315,160"
2691,"199,169"
2692,"40,131"
2693,"40,23,74"
2694,"187,3,199"
2695,"199,40,169"
2696,"23,118,74"
2697,"10,64,448"
2698,"138,374,135"
2699,"40,241,131"
2700,"40,41,224"
2701,"3,21,200"
2702,"220,10"
2703,"3,21,4"
2704,"40,41,224"
2705,"199,259,169"
2706,"23,24,43"
2707,"0,199,169"
2708,"206,230,229"
2709,"199,169,170"
2710,"3,21,200"
2711,"38,23,309"
2712,"169,199,0"
2713,"10,64"
2714,"13,3,169"
2715,"169,170,199"
2716,"0,8,235"
2717,"3,21,200"
2718,"169,0,296"
2719,"199,259,169"
2720,"40,10,145"
2721,"0,23,26"
2722,"0,271,216"
2723,"169,170,199"
2724,"49,23,24"
2725,"271,0,456"
2726,"3,21,200"
2727,"43,24,23"
2728,"220,10"
2729,"169,0,199"
2730,"40,131,241"
2731,"3,21,200"
2732,"23,74,38"
2733,"40,145,146"
2734,"10,64,323"
2735,"10,402,44"
2736,"10,11,221"
2737,"3,15,16"
2738,"199,169"
2739,"10,220,221"
2740,"199,160,315"
2741,"402,40,145"
2742,"40,118,135"
2743,"23,118,74"
2744,"3,15,147"
2745,"23,24,38"
2746,"10,64,11"
2747,"40,160,315"
2748,"40,131"
2749,"32,31,23"
2750,"23,38,11"
2751,"40,250,128"
2752,"3,111,123"
2753,"3,21,10"
2754,"43,24,23"
2755,"10,64,80"
2756,"0,271,216"
2757,"23,74,38"
2758,"220,10"
2759,"220,10"
2760,"3,21"
2761,"0,206,8"
2762,"74,23,38"
2763,"220,10"
2764,"3,21,200"
2765,"0,271,216"
2766,"40,128,162"
2767,"10,40,346"
2768,"160,315,40"
2769,"40,160,315"
2770,"199,169,259"
2771,"10,234,60"
2772,"40,131,134"
2773,"10,24,23"
2774,"3,15,187"
2775,"10,11,69"
2776,"23,38,40"
2777,"3,4,200"
2778,"0,216,271"
2779,"0,26,216"
2780,"3,21,199"
2781,"0,235,8"
2782,"0,271,216"
2783,"23,38,10"
2784,"3,17,18"
2785,"10,220"
2786,"24,49,23"
2787,"118,23,74"
2788,"169,199,0"
2789,"23,74,175"
2790,"241,40,131"
2791,"40,131"
2792,"23,3,40"
2793,"199,169,259"
2794,"3,147,15"
2795,"40,21,41"
2796,"40,128,131"
2797,"0,271"
2798,"3,21,200"
2799,"128,0,129"
2800,"128,129,0"
2801,"199,169,281"
2802,"10,64,80"
2803,"241,40,131"
2804,"26,0,231"
2805,"23,49,24"
2806,"40,128,186"
2807,"3,21,200"
2808,"402,10,145"
2809,"10,64,80"
2810,"206,0,8"
2811,"3,0,4"
2812,"0,271,216"
2813,"10,64,93"
2814,"3,21,48"
2815,"3,113,74"
2816,"199,169,251"
2817,"23,38,3"
2818,"17,18,3"
2819,"169,3,170"
2820,"3,204,13"
2821,"3,4,15"
2822,"32,23,31"
2823,"169,296,337"
2824,"199,169,223"
2825,"10,323,43"
2826,"3,21,200"
2827,"0,40,21"
2828,"23,71,74"
2829,"0,216,265"
2830,"3,123,111"
2831,"128,40,130"
2832,"26,23,38"
2833,"129,40,128"
2834,"199,169,251"
2835,"3,21,200"
2836,"118,23,74"
2837,"10,44,73"
2838,"169,199,170"
2839,"171,170,169"
2840,"187,3,21"
2841,"40,131,134"
2842,"10,11,69"
2843,"3,169,21"
2844,"3,4,200"
2845,"3,21,200"
2846,"10,93,64"
2847,"17,10,18"
2848,"0,216,211"
2849,"220,10"
2850,"296,169,300"
2851,"3,17,187"
2852,"23,74,38"
2853,"138,40,135"
2854,"40,146,23"
2855,"3,206,21"
2856,"169,3,21"
2857,"23,38,24"
2858,"0,3,23"
2859,"40,131,160"
2860,"169,3,13"
2861,"26,23,89"
2862,"3,21,200"
2863,"3,21,200"
2864,"4,3,7"
2865,"40,131,193"
2866,"38,309,23"
2867,"3,4,0"
2868,"199,169,323"
2869,"23,40,38"
2870,"0,271,218"
2871,"40,131"
2872,"10,64,93"
2873,"0,211,216"
2874,"138,135,40"
2875,"346,0,313"
2876,"40,131"
2877,"10,24,23"
2878,"346,0,313"
2879,"3,4"
2880,"0,271,456"
2881,"24,43,23"
2882,"169,199,170"
2883,"3,4,375"
2884,"0,10,265"
2885,"10,220"
2886,"4,3,7"
2887,"271,0,456"
2888,"23,40,131"
2889,"10,402,44"
2890,"10,220,24"
2891,"40,135,3"
2892,"3,148,147"
2893,"118,26,23"
2894,"23,74,38"
2895,"23,24,49"
2896,"0,271"
2897,"10,64,0"
2898,"3,21,200"
2899,"74,23,40"
2900,"40,131"
2901,"15,16,3"
2902,"402,145,40"
2903,"0,265,340"
2904,"11,10,0"
2905,"3,17,15"
2906,"206,0,8"
2907,"3,21"
2908,"3,147,148"
2909,"23,74,62"
2910,"23,38,131"
2911,"23,38,26"
2912,"169,0,337"
2913,"129,128,40"
2914,"0,26,216"
2915,"23,24,43"
2916,"0,271"
2917,"10,220"
2918,"199,169,323"
2919,"0,271"
2920,"10,64,93"
2921,"40,131,134"
2922,"3,21,147"
2923,"40,160,315"
2924,"160,40,315"
2925,"199,259,169"
2926,"3,206,15"
2927,"169,199,32"
2928,"40,160,315"
2929,"10,145,24"
2930,"128,40,129"
2931,"24,23,43"
2932,"38,23"
2933,"3,21,200"
2934,"10,145,54"
2935,"3,4,21"
2936,"3,21,200"
2937,"3,4,53"
2938,"10,93,64"
2939,"3,21,200"
2940,"10,402,145"
2941,"3,4,200"
2942,"40,386,135"
2943,"43,24,23"
2944,"40,41,224"
2945,"40,118,135"
2946,"11,10,72"
2947,"74,23,38"
2948,"0,26,23"
2949,"40,131,184"
2950,"3,21,148"
2951,"169,170,3"
2952,"170,169,241"
2953,"386,40,135"
2954,"23,24,10"
2955,"10,23,24"
2956,"3,147,148"
2957,"10,11"
2958,"40,10,128"
2959,"0,8,271"
2960,"3,4,21"
2961,"96,10,323"
2962,"170,171,169"
2963,"23,49,24"
2964,"0,271,366"
2965,"10,23,24"
2966,"40,131"
2967,"10,64,11"
2968,"23,24,49"
2969,"23,49,24"
2970,"40,128,129"
2971,"0,169,216"
2972,"23,3,74"
2973,"0,8,206"
2974,"3,21"
2975,"3,523,21"
2976,"3,21,40"
2977,"10,64,93"
2978,"3,21,200"
2979,"40,162,128"
2980,"10,220"
2981,"402,40,145"
2982,"40,41,21"
2983,"10,220,402"
2984,"38,23,74"
2985,"0,128,40"
2986,"0,346,402"
2987,"160,315,40"
2988,"23,26,38"
2989,"10,0,24"
2990,"3,21,200"
2991,"11,10,44"
2992,"32,23,31"
2993,"10,0,402"
2994,"43,23,24"
2995,"220,10"
2996,"3,48,81"
2997,"21,3,40"
2998,"241,38,23"
2999,"40,131,3"
3000,"23,26,38"
3001,"3,15,200"
3002,"10,11,221"
3003,"23,26,38"
3004,"296,169,170"
3005,"3,4"
3006,"26,0,216"
3007,"138,135,40"
3008,"23,32,31"
3009,"40,3,21"
3010,"3,21,187"
3011,"10,11,73"
3012,"3,21,187"
3013,"10,64,80"
3014,"0,271"
3015,"3,401,13"
3016,"23,38,0"
3017,"40,169,508"
3018,"74,23,3"
3019,"38,23,0"
3020,"3,21,200"
3021,"13,204,3"
3022,"40,402,145"
3023,"10,220,402"
3024,"3,21,200"
3025,"128,40,130"
3026,"32,31,23"
3027,"10,64,38"
3028,"199,169,251"
3029,"13,3,10"
3030,"0,216,211"
3031,"169,199,426"
3032,"3,21,40"
3033,"271,0"
3034,"23,38,24"
3035,"235,0,8"
3036,"3,15,200"
3037,"3,147,148"
3038,"3,21,187"
3039,"31,0,40"
3040,"26,89,23"
3041,"40,131,241"
3042,"3,170,169"
3043,"169,199,323"
3044,"17,3,18"
3045,"3,21,40"
3046,"23,38,24"
3047,"3,21,148"
3048,"3,21,200"
3049,"3,4,21"
3050,"160,315,40"
3051,"23,40,74"
3052,"0,271"
3053,"38,23,24"
3054,"3,147,148"
3055,"128,129,40"
3056,"296,169"
3057,"10,64,370"
3058,"3,112,111"
3059,"43,24,23"
3060,"402,145,10"
3061,"0,265,24"
3062,"3,111,21"
3063,"71,23,24"
3064,"23,10,24"
3065,"199,259,169"
3066,"23,105,38"
3067,"26,23,38"
3068,"8,206,0"
3069,"23,182,3"
3070,"0,271,216"
3071,"241,40,187"
3072,"43,24,323"
3073,"169,199,426"
3074,"169,337,170"
3075,"40,3,17"
3076,"4,3,7"
3077,"3,199,21"
3078,"3,21,187"
3079,"0,8"
3080,"10,40,60"
3081,"38,23"
3082,"10,11,205"
3083,"32,23,31"
3084,"10,93,64"
3085,"3,21,200"
3086,"138,135,40"
3087,"3,21,40"
3088,"10,11"
3089,"38,23,26"
3090,"3,4"
3091,"11,10"
3092,"402,145,40"
3093,"32,31,23"
3094,"23,38,26"
3095,"40,160,315"
3096,"40,146,145"
3097,"0,346,313"
3098,"0,271,456"
3099,"38,26,23"
3100,"3,15,16"
3101,"3,21,40"
3102,"23,38,74"
3103,"160,40,315"
3104,"128,40,129"
3105,"10,64,80"
3106,"181,323,23"
3107,"199,169,323"
3108,"3,147,148"
3109,"0,169,199"
3110,"3,21,40"
3111,"10,220,0"
3112,"199,169,71"
3113,"3,21,200"
3114,"234,3,40"
3115,"40,23,296"
3116,"3,4"
3117,"40,131,160"
3118,"3,21,30"
3119,"40,131,41"
3120,"23,38,74"
3121,"10,64,80"
3122,"26,23,89"
3123,"199,169,170"
3124,"220,10,402"
3125,"199,259,169"
3126,"10,64,220"
3127,"3,4,15"
3128,"10,64,44"
3129,"3,4,5"
3130,"10,11,44"
3131,"3,182,68"
3132,"3,21,48"
3133,"199,169,223"
3134,"3,4,21"
3135,"3,147,148"
3136,"44,402,38"
3137,"3,112,111"
3138,"3,147,15"
3139,"3,187,21"
3140,"3,21,200"
3141,"160,315,40"
3142,"3,4,21"
3143,"23,24,40"
3144,"0,271,216"
3145,"71,23,24"
3146,"10,64,11"
3147,"3,21,40"
3148,"23,38,74"
3149,"3,21"
3150,"3,17,21"
3151,"23,38,74"
3152,"40,131"
3153,"3,21,17"
3154,"40,160,128"
3155,"523,3,53"
3156,"182,3,68"
3157,"220,10"
3158,"0,206,8"
3159,"43,23,24"
3160,"199,169,40"
3161,"4,3"
3162,"38,23,309"
3163,"40,41,286"
3164,"10,402,44"
3165,"169,199,426"
3166,"206,8,0"
3167,"169,199,223"
3168,"3,187,21"
3169,"3,21,170"
3170,"3,21,4"
3171,"431,199,40"
3172,"23,40,38"
3173,"40,131,134"
3174,"169,199,251"
3175,"0,26,265"
3176,"0,8,271"
3177,"26,0,23"
3178,"23,74,38"
3179,"346,0,313"
3180,"10,11,45"
3181,"4,3,435"
3182,"3,21,187"
3183,"43,24,23"
3184,"3,147,225"
3185,"40,160,315"
3186,"31,23,96"
3187,"220,10"
3188,"23,24,43"
3189,"72,44,61"
3190,"199,431,169"
3191,"199,169"
3192,"43,23,24"
3193,"199,169"
3194,"40,128,129"
3195,"135,3,40"
3196,"169,199,337"
3197,"0,235,8"
3198,"23,24,74"
3199,"0,216,31"
3200,"38,23,74"
3201,"84,74,39"
3202,"0,169,216"
3203,"128,40,130"
3204,"10,11,69"
3205,"160,315,40"
3206,"21,3,40"
3207,"40,199,131"
3208,"40,131,241"
3209,"3,40,21"
3210,"3,21,182"
3211,"10,0,220"
3212,"38,23,128"
3213,"40,128,41"
3214,"199,169,259"
3215,"3,21,187"
3216,"10,64,448"
3217,"23,38,26"
3218,"40,146,145"
3219,"10,17,3"
3220,"169,199,170"
3221,"40,162,175"
3222,"0,216,211"
3223,"0,216,271"
3224,"38,23,137"
3225,"3,40,17"
3226,"38,23"
3227,"231,26,0"
3228,"170,0,169"
3229,"0,216,8"
3230,"0,216,313"
3231,"199,431,169"
3232,"43,24,23"
3233,"23,10,38"
3234,"23,24,43"
3235,"3,21,199"
3236,"40,131,160"
3237,"38,23,10"
3238,"220,10"
3239,"40,135,131"
3240,"10,24,49"
3241,"3,200,15"
3242,"10,60,24"
3243,"169,199,426"
3244,"40,402,73"
3245,"10,64"
3246,"40,184,23"
3247,"10,11,44"
3248,"10,11,221"
3249,"23,118,74"
3250,"10,64,80"
3251,"21,3,40"
3252,"3,4,21"
3253,"40,146,145"
3254,"3,21"
3255,"0,271"
3256,"0,271,456"
3257,"0,271"
3258,"3,21,4"
3259,"3,15,16"
3260,"3,148,147"
3261,"10,220"
3262,"10,64,80"
3263,"169,170,199"
3264,"84,23,74"
3265,"10,64"
3266,"224,41,40"
3267,"0,271,216"
3268,"0,271,216"
3269,"402,0,145"
3270,"145,40,10"
3271,"118,23,74"
3272,"0,271,366"
3273,"40,131,23"
3274,"3,21,200"
3275,"40,160,315"
3276,"71,10,24"
3277,"32,31,23"
3278,"170,171,169"
3279,"3,21,199"
3280,"169,38,23"
3281,"3,21,200"
3282,"3,21,169"
3283,"40,131,193"
3284,"169,251,199"
3285,"147,148,3"
3286,"0,26,8"
3287,"0,211,212"
3288,"3,5,133"
3289,"40,162,128"
3290,"3,17,21"
3291,"38,23,309"
3292,"169,199,3"
3293,"40,139,135"
3294,"3,21,200"
3295,"160,315,40"
3296,"3,21"
3297,"220,10"
3298,"3,4,375"
3299,"3,21,187"
3300,"15,16,3"
3301,"38,23,309"
3302,"40,73,44"
3303,"10,23,64"
3304,"169,199,170"
3305,"0,271,216"
3306,"0,216,271"
3307,"220,10"
3308,"0,216,271"
3309,"40,10,131"
3310,"0,346,313"
3311,"10,145,402"
3312,"3,21,200"
3313,"10,64,80"
3314,"40,241,3"
3315,"49,23,24"
3316,"0,3,265"
3317,"0,271"
3318,"3,147,148"
3319,"0,265,23"
3320,"3,21,200"
3321,"199,169,259"
3322,"23,10,38"
3323,"40,199,241"
3324,"3,21,200"
3325,"3,5,331"
3326,"32,23,31"
3327,"23,26,402"
3328,"220,10"
3329,"3,5,4"
3330,"3,21"
3331,"10,13,11"
3332,"0,265,271"
3333,"3,21,200"
3334,"199,169"
3335,"10,40,23"
3336,"3,15,16"
3337,"3,17,18"
3338,"199,169,3"
3339,"0,271,366"
3340,"31,328,23"
3341,"49,24,23"
3342,"3,21,200"
3343,"3,21,170"
3344,"199,169,259"
3345,"10,220"
3346,"26,0,23"
3347,"3,21,0"
3348,"0,271,216"
3349,"220,10"
3350,"169,170,199"
3351,"0,216,271"
3352,"38,309,23"
3353,"40,160,315"
3354,"40,128,129"
3355,"3,4,200"
3356,"40,241,162"
3357,"17,3,18"
3358,"160,40,315"
3359,"26,89,23"
3360,"0,271,216"
3361,"402,40,145"
3362,"3,4,21"
3363,"128,129,40"
3364,"40,128,129"
3365,"3,187,21"
3366,"40,3,128"
3367,"40,131"
3368,"0,8,216"
3369,"0,271,216"
3370,"0,271,216"
3371,"3,15,17"
3372,"3,21,200"
3373,"10,64,24"
3374,"129,128,40"
3375,"181,323,43"
3376,"10,11"
3377,"40,23,74"
3378,"171,170,169"
3379,"241,40,131"
3380,"128,40,129"
3381,"0,271,8"
3382,"23,74,118"
3383,"10,64,93"
3384,"10,40,17"
3385,"23,40,74"
3386,"40,162,128"
3387,"171,170,169"
3388,"0,216,211"
3389,"3,40,31"
3390,"40,21,41"
3391,"38,23"
3392,"10,11"
3393,"40,162,131"
3394,"3,21,200"
3395,"10,40,3"
3396,"10,40,44"
3397,"10,11,69"
3398,"23,118,74"
3399,"23,38,26"
3400,"10,44,402"
3401,"3,21,200"
3402,"23,24,43"
3403,"346,0,26"
3404,"10,64,93"
3405,"402,145,40"
3406,"199,169,3"
3407,"3,21,200"
3408,"43,24,23"
3409,"23,49,24"
3410,"40,241,131"
3411,"199,169,40"
3412,"26,0,23"
3413,"10,11,64"
3414,"49,23,24"
3415,"43,23,24"
3416,"71,23,24"
3417,"40,145,402"
3418,"23,31,24"
3419,"40,175,23"
3420,"0,10,220"
3421,"10,64,448"
3422,"49,23,24"
3423,"40,160,315"
3424,"0,206,8"
3425,"31,23,96"
3426,"0,265,271"
3427,"0,271,280"
3428,"3,21,200"
3429,"40,10,402"
3430,"3,21,5"
3431,"199,169,259"
3432,"135,40,189"
3433,"40,131"
3434,"26,23,0"
3435,"3,40,417"
3436,"0,206,8"
3437,"23,74,40"
3438,"23,24,43"
3439,"40,131"
3440,"40,131"
3441,"23,38,44"
3442,"230,0,229"
3443,"199,169,0"
3444,"23,40,131"
3445,"3,17,10"
3446,"40,160,41"
3447,"38,23,24"
3448,"40,41,128"
3449,"3,200,21"
3450,"0,8,206"
3451,"169,170,199"
3452,"0,313,271"
3453,"3,4,200"
3454,"3,21,200"
3455,"0,271,456"
3456,"3,200,21"
3457,"3,21,148"
3458,"169,40,170"
3459,"49,24,23"
3460,"40,131,134"
3461,"26,231,0"
3462,"40,131"
3463,"3,21,187"
3464,"26,350,23"
3465,"40,128,131"
3466,"10,24,11"
3467,"3,21,200"
3468,"3,4"
3469,"3,21,148"
3470,"3,148,147"
3471,"0,216,271"
3472,"4,3,19"
3473,"402,145,10"
3474,"10,64,11"
3475,"10,11,69"
3476,"0,199,169"
3477,"3,21,200"
3478,"38,23,74"
3479,"10,11"
3480,"231,26,23"
3481,"23,38,118"
3482,"3,147,21"
3483,"3,169,170"
3484,"4,3,19"
3485,"3,21,206"
3486,"3,17,21"
3487,"199,169,170"
3488,"169,170,199"
3489,"3,21,148"
3490,"84,23,74"
3491,"32,23,31"
3492,"40,3,21"
3493,"128,40,129"
3494,"3,21,200"
3495,"89,26,23"
3496,"199,169,259"
3497,"43,24,23"
3498,"199,169,223"
3499,"0,8,206"
3500,"0,199,169"
3501,"3,21,200"
3502,"40,135,128"
3503,"10,402,44"
3504,"199,169,281"
3505,"3,21,200"
3506,"10,11,69"
3507,"118,23,74"
3508,"220,10"
3509,"206,0,8"
3510,"0,271"
3511,"10,40,64"
3512,"23,118,74"
3513,"49,128,23"
3514,"40,3,21"
3515,"43,24,23"
3516,"169,199,170"
3517,"10,11,61"
3518,"160,40,315"
3519,"402,10,44"
3520,"3,21,200"
3521,"10,23,31"
3522,"40,145,402"
3523,"40,160,315"
3524,"3,160,40"
3525,"38,23,309"
3526,"169,296,170"
3527,"3,147,148"
3528,"3,21,200"
3529,"40,41,128"
3530,"3,21,200"
3531,"220,10,221"
3532,"175,23,40"
3533,"23,24,43"
3534,"3,21,200"
3535,"199,259,169"
3536,"3,21,200"
3537,"3,148,147"
3538,"3,21,200"
3539,"3,86,85"
3540,"23,26,38"
3541,"49,23,24"
3542,"0,265,418"
3543,"3,523,147"
3544,"40,131"
3545,"0,26,346"
3546,"206,8,0"
3547,"49,40,23"
3548,"10,220,40"
3549,"40,0,271"
3550,"32,23,31"
3551,"402,40,0"
3552,"0,271"
3553,"169,199,259"
3554,"3,21,13"
3555,"0,271"
3556,"3,17,21"
3557,"40,41,139"
3558,"118,74,23"
3559,"4,3,7"
3560,"170,171,169"
3561,"3,21,200"
3562,"3,40,4"
3563,"40,41,21"
3564,"10,64,93"
3565,"3,17,200"
3566,"3,40,21"
3567,"96,31,23"
3568,"3,21"
3569,"169,199,21"
3570,"40,131,128"
3571,"23,74,38"
3572,"10,64"
3573,"199,169,71"
3574,"3,13,200"
3575,"10,11,72"
3576,"23,40,128"
3577,"220,10,221"
3578,"23,38,10"
3579,"40,128,186"
3580,"10,64,448"
3581,"0,271,456"
3582,"23,38,10"
3583,"32,31,23"
3584,"169,170,337"
3585,"3,21,200"
3586,"23,24,43"
3587,"3,21,200"
3588,"138,135,40"
3589,"26,23,231"
3590,"10,220"
3591,"0,8,220"
3592,"32,169,31"
3593,"23,38,26"
3594,"23,38,74"
3595,"43,23,24"
3596,"296,169,0"
3597,"32,23,31"
3598,"3,4,330"
3599,"241,131,40"
3600,"3,21,17"
3601,"23,3,74"
3602,"3,21,200"
3603,"3,21,148"
3604,"3,148,147"
3605,"0,10,265"
3606,"0,271,216"
3607,"40,141,135"
3608,"49,24,23"
3609,"3,21,200"
3610,"3,21,200"
3611,"3,13,204"
3612,"38,23,26"
3613,"40,131,184"
3614,"3,21,200"
3615,"0,216,271"
3616,"10,64,448"
3617,"402,145,10"
3618,"199,169,251"
3619,"3,160,21"
3620,"0,271"
3621,"199,169,251"
3622,"23,10,38"
3623,"3,4,21"
3624,"3,21,200"
3625,"10,220"
3626,"23,10,31"
3627,"402,40,10"
3628,"40,131"
3629,"160,315,40"
3630,"23,38,26"
3631,"10,64,93"
3632,"23,38,26"
3633,"40,169,199"
3634,"346,313,0"
3635,"3,4,21"
3636,"10,44,11"
3637,"40,128,129"
3638,"3,17,21"
3639,"10,64,40"
3640,"10,44,402"
3641,"3,200,53"
3642,"10,402,40"
3643,"40,131"
3644,"40,3,131"
3645,"3,21,148"
3646,"10,44,11"
3647,"0,3,290"
3648,"169,337,170"
3649,"23,74,38"
3650,"169,0,170"
3651,"3,4,200"
3652,"10,23,220"
3653,"169,170,199"
3654,"118,23,74"
3655,"3,21,17"
3656,"71,402,23"
3657,"10,44,11"
3658,"3,147,148"
3659,"0,216,271"
3660,"199,169,223"
3661,"10,44,402"
3662,"0,271"
3663,"3,21,200"
3664,"402,145,40"
3665,"10,93,64"
3666,"0,26,23"
3667,"10,11"
3668,"3,21,40"
3669,"40,131,145"
3670,"10,40,402"
3671,"169,10,24"
3672,"3,21,200"
3673,"4,3"
3674,"402,145,10"
3675,"40,184,131"
3676,"23,74,165"
3677,"3,13,204"
3678,"0,346,271"
3679,"0,271"
3680,"40,241,112"
3681,"3,21"
3682,"199,169,170"
3683,"3,15,16"
3684,"3,21,148"
3685,"3,21,200"
3686,"40,41,224"
3687,"0,26,346"
3688,"40,241,131"
3689,"40,131,134"
3690,"3,21,40"
3691,"169,170,171"
3692,"38,23,0"
3693,"138,40,135"
3694,"38,23,48"
3695,"10,0,40"
3696,"10,44,45"
3697,"48,3,21"
3698,"3,21,200"
3699,"3,21,187"
3700,"169,199,0"
3701,"3,21,40"
3702,"199,169,223"
3703,"3,111,267"
3704,"32,31,23"
3705,"169,170,459"
3706,"40,3,21"
3707,"160,315,40"
3708,"49,24,23"
3709,"3,21,148"
3710,"3,4,5"
3711,"10,220"
3712,"3,21,200"
3713,"23,10,74"
3714,"10,64,11"
3715,"220,10"
3716,"0,271"
3717,"220,10,221"
3718,"38,23,74"
3719,"10,402,44"
3720,"3,21,200"
3721,"10,64,206"
3722,"23,74,38"
3723,"3,147,148"
3724,"32,23,31"
3725,"3,4,200"
3726,"4,3,188"
3727,"0,346,313"
3728,"26,23,231"
3729,"38,23"
3730,"23,74,38"
3731,"3,21,200"
3732,"0,346,313"
3733,"10,44,23"
3734,"23,40,370"
3735,"220,10"
3736,"169,199,3"
3737,"0,26,23"
3738,"38,23,74"
3739,"3,21,127"
3740,"10,24,23"
3741,"0,235,8"
3742,"0,23,38"
3743,"23,38,24"
3744,"0,216,271"
3745,"0,271,360"
3746,"10,220,221"
3747,"4,3"
3748,"71,23,74"
3749,"38,23,145"
3750,"3,15,17"
3751,"40,478,131"
3752,"8,0,206"
3753,"111,160,40"
3754,"26,23,0"
3755,"170,169,171"
3756,"3,21,96"
3757,"10,38,40"
3758,"40,402,145"
3759,"38,23"
3760,"23,74,38"
3761,"10,64"
3762,"234,10,60"
3763,"49,23,24"
3764,"169,199,426"
3765,"40,175,23"
3766,"23,74,38"
3767,"10,220"
3768,"3,15,4"
3769,"169,31,426"
3770,"138,169,135"
3771,"3,21,200"
3772,"0,346,26"
3773,"3,21,40"
3774,"0,8,23"
3775,"0,265,271"
3776,"23,24,40"
3777,"40,131,160"
3778,"3,4,19"
3779,"40,3,160"
3780,"3,4,188"
3781,"160,315,3"
3782,"184,40,185"
3783,"40,131,128"
3784,"3,17,40"
3785,"10,199,169"
3786,"3,169,21"
3787,"169,170,0"
3788,"8,206,0"
3789,"3,21,200"
3790,"3,187,21"
3791,"0,271,216"
3792,"0,8,216"
3793,"10,64,80"
3794,"10,64,80"
3795,"40,131"
3796,"220,10"
3797,"3,148,147"
3798,"169,199,296"
3799,"26,23,89"
3800,"199,169,259"
3801,"3,187,21"
3802,"40,23,131"
3803,"0,346,402"
3804,"11,10,69"
3805,"26,0,23"
3806,"402,145,40"
3807,"11,23,26"
3808,"40,131,241"
3809,"3,0,21"
3810,"40,38,128"
3811,"402,145,40"
3812,"3,21,200"
3813,"40,131,193"
3814,"26,89,23"
3815,"40,386,135"
3816,"3,21,200"
3817,"10,0,402"
3818,"3,4,435"
3819,"3,15,16"
3820,"23,402,38"
3821,"0,271,216"
3822,"26,23,38"
3823,"160,334,40"
3824,"220,10"
3825,"3,15,16"
3826,"402,10,24"
3827,"38,23,74"
3828,"3,4,188"
3829,"38,23"
3830,"0,271,265"
3831,"10,113,60"
3832,"10,23,44"
3833,"128,129,40"
3834,"3,21,200"
3835,"220,10"
3836,"0,271"
3837,"3,4,375"
3838,"0,271,216"
3839,"220,10"
3840,"271,0,456"
3841,"402,40,145"
3842,"43,24,23"
3843,"17,3,18"
3844,"0,8,206"
3845,"21,3,40"
3846,"10,220"
3847,"171,170,169"
3848,"11,10,69"
3849,"40,131,145"
3850,"3,21,200"
3851,"0,10,402"
3852,"40,146,145"
3853,"199,431,281"
3854,"0,271,216"
3855,"23,24,49"
3856,"169,170,417"
3857,"3,15,16"
3858,"3,21,148"
3859,"3,21,200"
3860,"21,3,40"
3861,"10,64,93"
3862,"3,187,21"
3863,"160,315,40"
3864,"199,169,3"
3865,"10,220"
3866,"131,40,241"
3867,"169,199,251"
3868,"49,23,24"
3869,"0,271,216"
3870,"23,74,38"
3871,"10,11,221"
3872,"169,170,171"
3873,"129,128,40"
3874,"199,169,10"
3875,"38,23"
3876,"0,271"
3877,"3,21"
3878,"3,21,200"
3879,"0,8,235"
3880,"10,11,0"
3881,"40,38,23"
3882,"3,4"
3883,"73,40,44"
3884,"0,271,216"
3885,"3,13,21"
3886,"0,8,206"
3887,"32,23,31"
3888,"15,3,16"
3889,"199,169,323"
3890,"10,11,69"
3891,"23,24,38"
3892,"0,216,10"
3893,"3,4"
3894,"3,40,21"
3895,"3,40,13"
3896,"3,21,200"
3897,"199,169,170"
3898,"38,23,74"
3899,"26,231,23"
3900,"40,21,41"
3901,"0,169,3"
3902,"38,23,39"
3903,"0,169,271"
3904,"84,74,23"
3905,"26,23,38"
3906,"0,216,271"
3907,"235,8,0"
3908,"23,38,26"
3909,"170,171,169"
3910,"44,402,10"
3911,"40,241,3"
3912,"3,21,123"
3913,"10,64,93"
3914,"220,10,221"
3915,"23,74,38"
3916,"199,323,169"
3917,"3,21"
3918,"402,0,145"
3919,"40,131,241"
3920,"112,3,111"
3921,"10,11,69"
3922,"0,10,265"
3923,"40,184,131"
3924,"43,23,24"
3925,"49,23,24"
3926,"23,74,24"
3927,"23,24,31"
3928,"160,3,40"
3929,"170,40,169"
3930,"3,21,200"
3931,"10,11,72"
3932,"10,64,80"
3933,"220,10,221"
3934,"40,41,224"
3935,"0,271,216"
3936,"3,21,200"
3937,"49,24,23"
3938,"10,64,80"
3939,"138,135,40"
3940,"40,402,145"
3941,"43,24,23"
3942,"0,216,271"
3943,"40,23,131"
3944,"0,271"
3945,"169,199,170"
3946,"402,10,145"
3947,"10,64,448"
3948,"84,23,74"
3949,"72,44,10"
3950,"0,216,271"
3951,"3,182,21"
3952,"40,10,74"
3953,"10,220,11"
3954,"10,402,199"
3955,"10,130,23"
3956,"204,13,3"
3957,"0,8,308"
3958,"40,131,134"
3959,"241,40,131"
3960,"23,24,40"
3961,"38,23"
3962,"3,21,200"
3963,"0,265,10"
3964,"40,478,131"
3965,"23,74,71"
3966,"0,8,216"
3967,"220,10"
3968,"38,23"
3969,"0,8,206"
3970,"3,21,300"
3971,"49,24,23"
3972,"3,21,200"
3973,"3,200,21"
3974,"206,8,0"
3975,"271,0,456"
3976,"4,3,435"
3977,"3,182,21"
3978,"3,23,32"
3979,"0,271"
3980,"10,64,11"
3981,"11,10,69"
3982,"0,216,211"
3983,"8,0,235"
3984,"0,271"
3985,"337,169,339"
3986,"40,145,402"
3987,"402,40,145"
3988,"40,131"
3989,"40,3,21"
3990,"23,38,74"
3991,"40,41,224"
3992,"128,40,129"
3993,"0,271,216"
3994,"40,145,402"
3995,"220,10"
3996,"38,23,175"
3997,"4,3,19"
3998,"3,160,21"
3999,"169,170,337"
4000,"0,8,271"
4001,"271,0"
4002,"3,40,111"
4003,"3,21,200"
4004,"3,4,200"
4005,"199,40,431"
4006,"169,3,170"
4007,"40,131,160"
4008,"0,38,8"
4009,"10,38,23"
4010,"23,74,38"
4011,"23,38,74"
4012,"10,64"
4013,"3,21,170"
4014,"3,187,21"
4015,"3,5,21"
4016,"10,64,93"
4017,"8,0,206"
4018,"169,170,337"
4019,"3,21,200"
4020,"169,199,0"
4021,"0,8,216"
4022,"43,24,23"
4023,"23,26,0"
4024,"3,21,200"
4025,"3,21"
4026,"3,21,200"
4027,"3,21,200"
4028,"10,23,11"
4029,"3,169,40"
4030,"170,171,169"
4031,"3,21,200"
4032,"0,3,265"
4033,"24,23,49"
4034,"3,4,200"
4035,"38,23,40"
4036,"3,4,200"
4037,"23,38,105"
4038,"0,10,220"
4039,"3,21,200"
4040,"402,145,10"
4041,"3,21,200"
4042,"3,40,21"
4043,"131,241,40"
4044,"3,21,200"
4045,"10,11,221"
4046,"0,216,265"
4047,"3,21,200"
4048,"0,271,366"
4049,"0,216,220"
4050,"0,8,271"
4051,"402,40,96"
4052,"21,3,40"
4053,"199,169,323"
4054,"0,235,8"
4055,"402,145,40"
4056,"40,128,3"
4057,"23,40,131"
4058,"38,23,40"
4059,"0,271,216"
4060,"3,21,17"
4061,"169,170"
4062,"40,128,186"
4063,"10,24,64"
4064,"220,10"
4065,"3,21,182"
4066,"3,21,200"
4067,"3,147,148"
4068,"3,187,21"
4069,"10,64,11"
4070,"40,145,10"
4071,"3,21,148"
4072,"135,40,138"
4073,"40,128,162"
4074,"0,271,40"
4075,"160,40,315"
4076,"10,24,23"
4077,"0,271,216"
4078,"3,21,147"
4079,"0,271,216"
4080,"44,10,402"
4081,"10,234,60"
4082,"43,24,23"
4083,"199,169,281"
4084,"40,131,134"
4085,"23,0,26"
4086,"40,131"
4087,"3,21,40"
4088,"23,74,38"
4089,"169,199,170"
4090,"32,23,31"
4091,"23,38,26"
4092,"40,3,21"
4093,"3,21,200"
4094,"40,135,3"
4095,"23,38,74"
4096,"220,10"
4097,"40,128,129"
4098,"32,31,23"
4099,"23,38,241"
4100,"10,11"
4101,"40,23,38"
4102,"23,38,24"
4103,"0,271,216"
4104,"23,31,24"
4105,"199,431,40"
4106,"26,350,0"
4107,"43,24,23"
4108,"10,72,44"
4109,"3,21,200"
4110,"40,3,21"
4111,"40,23,38"
4112,"10,11"
4113,"40,402,145"
4114,"10,23,44"
4115,"10,509,11"
4116,"3,40,21"
4117,"10,64,80"
4118,"38,309,48"
4119,"40,131,134"
4120,"3,4"
4121,"10,220,221"
4122,"3,4"
4123,"0,271"
4124,"23,26,38"
4125,"23,24,43"
4126,"3,4,183"
4127,"40,131"
4128,"169,199,26"
4129,"10,25,23"
4130,"23,38"
4131,"40,128,139"
4132,"3,17,21"
4133,"40,135,141"
4134,"49,0,24"
4135,"3,15,53"
4136,"188,3,4"
4137,"5,3,331"
4138,"3,187,21"
4139,"0,271,313"
4140,"3,4"
4141,"40,162,38"
4142,"0,23,26"
4143,"40,131"
4144,"40,135,374"
4145,"40,10,402"
4146,"40,3,128"
4147,"40,160,315"
4148,"38,23"
4149,"199,431,40"
4150,"169,199,251"
4151,"3,21,200"
4152,"10,64,221"
4153,"296,169,306"
4154,"40,41,160"
4155,"346,128,40"
4156,"421,0,220"
4157,"10,64,80"
4158,"3,21,40"
4159,"40,23,38"
4160,"169,0,296"
4161,"0,271,216"
4162,"138,135,40"
4163,"3,169,21"
4164,"10,38,0"
4165,"3,17,18"
4166,"220,10,221"
4167,"23,26,89"
4168,"199,169,241"
4169,"3,53,113"
4170,"3,21,200"
4171,"224,40,41"
4172,"3,21,200"
4173,"0,26,271"
4174,"32,23,31"
4175,"3,17,18"
4176,"0,271,216"
4177,"3,21"
4178,"38,23,10"
4179,"0,271,216"
4180,"0,271"
4181,"40,160,315"
4182,"23,74,38"
4183,"72,10,61"
4184,"23,96,31"
4185,"220,10"
4186,"43,24,23"
4187,"23,38,74"
4188,"220,10"
4189,"23,24,10"
4190,"23,74,38"
4191,"23,38,24"
4192,"10,64,93"
4193,"0,8,235"
4194,"3,21,148"
4195,"199,169,170"
4196,"0,8,26"
4197,"40,128,195"
4198,"3,4"
4199,"23,71,74"
4200,"3,300,169"
4201,"10,64,80"
4202,"0,26,216"
4203,"40,184,131"
4204,"23,38,10"
4205,"220,10"
4206,"0,26,346"
4207,"74,23,38"
4208,"10,73,44"
4209,"3,4"
4210,"23,26,38"
4211,"10,64,93"
4212,"199,169,251"
4213,"38,23,82"
4214,"0,218,265"
4215,"220,10"
4216,"3,40,21"
4217,"271,0,456"
4218,"0,206,8"
4219,"199,169,323"
4220,"40,131,134"
4221,"49,23,38"
4222,"0,271,216"
4223,"169,3,21"
4224,"17,3,18"
4225,"3,111,267"
4226,"23,38,74"
4227,"23,74,38"
4228,"0,346,218"
4229,"40,131,128"
4230,"3,21,187"
4231,"0,216,220"
4232,"402,10,40"
4233,"40,402,145"
4234,"3,10,15"
4235,"224,40,41"
4236,"43,23,24"
4237,"3,148,21"
4238,"43,23,24"
4239,"0,26,8"
4240,"43,24,23"
4241,"3,21"
4242,"3,187,15"
4243,"43,10,323"
4244,"3,21,200"
4245,"8,0,26"
4246,"0,271"
4247,"40,74,135"
4248,"113,234,523"
4249,"346,23,38"
4250,"3,21,200"
4251,"10,64,93"
4252,"169,296,170"
4253,"38,309,23"
4254,"10,11,44"
4255,"3,147,21"
4256,"40,131"
4257,"10,11,0"
4258,"3,4,375"
4259,"3,21,200"
4260,"0,8,235"
4261,"17,3,18"
4262,"3,4,200"
4263,"40,131,41"
4264,"3,13,15"
4265,"346,0,313"
4266,"3,4"
4267,"10,64,11"
4268,"3,21,148"
4269,"23,38,24"
4270,"11,10,69"
4271,"3,275,182"
4272,"3,17,21"
4273,"0,8,271"
4274,"38,23,39"
4275,"169,199,170"
4276,"170,171,169"
4277,"199,169,0"
4278,"3,21,200"
4279,"3,21,17"
4280,"3,38,21"
4281,"199,169,345"
4282,"43,24,23"
4283,"170,169,171"
4284,"40,131,128"
4285,"199,49,169"
4286,"10,323,40"
4287,"40,184,131"
4288,"220,10"
4289,"220,10"
4290,"10,220,25"
4291,"23,118,74"
4292,"10,44,73"
4293,"71,23,24"
4294,"3,141,135"
4295,"128,40,130"
4296,"8,23,0"
4297,"0,8,235"
4298,"40,128,131"
4299,"402,199,169"
4300,"10,23,24"
4301,"169,170,0"
4302,"138,40,135"
4303,"10,23,24"
4304,"23,38,40"
4305,"0,8,220"
4306,"11,10,69"
4307,"128,130,40"
4308,"31,23,258"
4309,"43,24,23"
4310,"49,23,24"
4311,"199,169"
4312,"40,131"
4313,"40,160,315"
4314,"10,93,64"
4315,"3,17,21"
4316,"23,38,24"
4317,"0,26,23"
4318,"23,26,38"
4319,"23,74,38"
4320,"74,23,38"
4321,"40,241,131"
4322,"10,73,44"
4323,"38,23,309"
4324,"170,169,171"
4325,"23,43,24"
4326,"0,10,265"
4327,"26,23,0"
4328,"10,64,11"
4329,"40,139,128"
4330,"231,206,8"
4331,"23,3,74"
4332,"43,24,23"
4333,"3,21,40"
4334,"40,41,139"
4335,"23,24,74"
4336,"10,64,93"
4337,"3,21,200"
4338,"3,21,200"
4339,"3,13,401"
4340,"3,15,200"
4341,"38,23,74"
4342,"40,160,315"
4343,"40,131,241"
4344,"402,10,145"
4345,"3,4,375"
4346,"169,170,3"
4347,"10,11,220"
4348,"199,169,251"
4349,"3,21,48"
4350,"3,21,148"
4351,"10,64"
4352,"43,24,23"
4353,"118,23,74"
4354,"0,169,199"
4355,"199,169,323"
4356,"3,21,200"
4357,"138,135,40"
4358,"3,200,21"
4359,"40,184,131"
4360,"40,131,145"
4361,"170,171,169"
4362,"10,11,69"
4363,"216,0,380"
4364,"0,8,26"
4365,"40,160,315"
4366,"3,21,367"
4367,"23,96,31"
4368,"118,74,23"
4369,"0,169,199"
4370,"3,21,200"
4371,"3,23,74"
4372,"10,11,69"
4373,"74,23,118"
4374,"40,141,135"
4375,"3,21,200"
4376,"31,23,169"
4377,"40,26,23"
4378,"21,3,40"
4379,"10,3,93"
4380,"4,3"
4381,"220,10"
4382,"23,129,128"
4383,"40,131"
4384,"3,21,200"
4385,"3,275,15"
4386,"10,64,93"
4387,"3,4,435"
4388,"220,10"
4389,"23,402,38"
4390,"234,40,160"
4391,"10,220,402"
4392,"38,23,40"
4393,"23,74,84"
4394,"199,169,0"
4395,"10,323,64"
4396,"10,220"
4397,"3,17,15"
4398,"23,71,38"
4399,"3,21,200"
4400,"26,0,89"
4401,"118,74,23"
4402,"131,40,169"
4403,"220,10"
4404,"402,145,40"
4405,"3,21,200"
4406,"38,23,39"
4407,"40,181,43"
4408,"169,199,170"
4409,"40,3,96"
4410,"23,38,26"
4411,"32,31,23"
4412,"169,170,0"
4413,"3,21,200"
4414,"3,21,200"
4415,"3,21,40"
4416,"40,131"
4417,"271,0"
4418,"199,169,323"
4419,"3,21,187"
4420,"23,10,38"
4421,"40,135,138"
4422,"3,21,200"
4423,"199,43,169"
4424,"206,0,8"
4425,"10,64,11"
4426,"271,0,456"
4427,"49,24,23"
4428,"96,60,10"
4429,"0,271"
4430,"3,21,187"
4431,"3,182,21"
4432,"10,11,72"
4433,"199,169,281"
4434,"40,162,128"
4435,"3,40,300"
4436,"3,200,21"
4437,"4,3,435"
4438,"0,271,216"
4439,"23,26,38"
4440,"23,26,0"
4441,"0,206,8"
4442,"23,3,38"
4443,"3,21,200"
4444,"206,0,8"
4445,"10,64,93"
4446,"40,10,44"
4447,"10,11,44"
4448,"40,131"
4449,"10,64,93"
4450,"15,3,16"
4451,"23,10,38"
4452,"199,169,323"
4453,"23,40,10"
4454,"220,10"
4455,"40,128,130"
4456,"40,241,131"
4457,"220,10"
4458,"0,26,346"
4459,"23,40,74"
4460,"10,64,80"
4461,"40,241,131"
4462,"220,10"
4463,"3,21,200"
4464,"10,64,93"
4465,"199,169,170"
4466,"3,21,187"
4467,"10,64,93"
4468,"40,141,135"
4469,"38,23,137"
4470,"3,21,17"
4471,"0,8,206"
4472,"0,8,206"
4473,"10,11,69"
4474,"3,21"
4475,"199,169,251"
4476,"171,170,169"
4477,"199,169,170"
4478,"3,21,200"
4479,"113,430,53"
4480,"169,170,199"
4481,"40,241,131"
4482,"40,160,41"
4483,"160,40,315"
4484,"0,216,211"
4485,"10,23,24"
4486,"3,200,21"
4487,"23,74,118"
4488,"3,21,200"
4489,"40,160,315"
4490,"10,64,80"
4491,"169,170,251"
4492,"0,216,211"
4493,"0,271,216"
4494,"0,216,1"
4495,"3,38,23"
4496,"0,169,199"
4497,"40,145,146"
4498,"40,131"
4499,"3,112,111"
4500,"0,271,456"
4501,"40,131"
4502,"3,21,48"
4503,"24,43,23"
4504,"23,38,118"
4505,"26,350,346"
4506,"23,49,24"
4507,"220,10"
4508,"0,271,216"
4509,"23,74,38"
4510,"523,3,53"
4511,"23,40,74"
4512,"10,23,11"
4513,"0,8,206"
4514,"3,10,334"
4515,"3,40,41"
4516,"160,40,315"
4517,"0,8,391"
4518,"40,131"
4519,"40,145,131"
4520,"40,128,130"
4521,"40,131,128"
4522,"23,38,26"
4523,"38,23,10"
4524,"23,169,38"
4525,"199,3,169"
4526,"0,10,211"
4527,"40,131,134"
4528,"0,216,271"
4529,"10,11,72"
4530,"3,4"
4531,"3,147,148"
4532,"40,131,241"
4533,"206,0,8"
4534,"10,11,40"
4535,"3,21,200"
4536,"3,21,187"
4537,"10,64,93"
4538,"402,10,40"
4539,"40,160,315"
4540,"220,10"
4541,"3,21,200"
4542,"40,160,128"
4543,"169,199,426"
4544,"31,23,96"
4545,"3,85,200"
4546,"3,21"
4547,"160,315,40"
4548,"3,23,21"
4549,"40,3,241"
4550,"3,188,4"
4551,"49,23,24"
4552,"10,64,93"
4553,"23,74,38"
4554,"169,199,135"
4555,"402,10,145"
4556,"38,23,44"
4557,"3,21,17"
4558,"3,21,40"
4559,"23,402,145"
4560,"3,21,200"
4561,"40,241,131"
4562,"10,64,80"
4563,"3,21,148"
4564,"10,11"
4565,"160,40,315"
4566,"23,24,40"
4567,"0,169,199"
4568,"40,23,74"
4569,"3,5,133"
4570,"43,23,24"
4571,"10,234,60"
4572,"199,169,170"
4573,"23,24,43"
4574,"10,43,24"
4575,"40,131,184"
4576,"10,11,69"
4577,"10,64,93"
4578,"0,26,8"
4579,"3,21,187"
4580,"199,169,40"
4581,"26,0,23"
4582,"169,199,21"
4583,"23,38,26"
4584,"3,21,187"
4585,"23,40,24"
4586,"3,15,16"
4587,"10,44,73"
4588,"3,21,200"
4589,"0,271,216"
4590,"26,0,23"
4591,"3,21"
4592,"28,330,40"
4593,"40,184,131"
4594,"23,74,40"
4595,"3,21,200"
4596,"169,170,311"
4597,"23,38,26"
4598,"187,3,21"
4599,"10,221,40"
4600,"220,10"
4601,"0,313,346"
4602,"3,21,40"
4603,"40,128,129"
4604,"10,24,23"
4605,"40,128,131"
4606,"160,40,315"
4607,"0,271,265"
4608,"74,23,38"
4609,"10,220"
4610,"40,3,234"
4611,"170,241,169"
4612,"0,271,216"
4613,"3,4,15"
4614,"169,170,3"
4615,"3,53,287"
4616,"3,21,200"
4617,"40,131,134"
4618,"74,23,38"
4619,"10,23,24"
4620,"40,131"
4621,"10,24,23"
4622,"0,271,216"
4623,"3,21"
4624,"40,131,241"
4625,"3,4,10"
4626,"199,169,323"
4627,"3,21,200"
4628,"3,15,23"
4629,"11,10"
4630,"10,64,93"
4631,"40,241,131"
4632,"23,26,38"
4633,"23,38,169"
4634,"3,21,187"
4635,"199,169,323"
4636,"160,315,40"
4637,"40,41,131"
4638,"40,131"
4639,"26,23,0"
4640,"3,15,200"
4641,"3,21,200"
4642,"49,24,23"
4643,"40,23,74"
4644,"3,21,200"
4645,"10,64,93"
4646,"38,23,137"
4647,"169,337,170"
4648,"323,199,169"
4649,"3,21,200"
4650,"220,10"
4651,"40,131,241"
4652,"199,281,169"
4653,"23,43,24"
4654,"10,23,93"
4655,"3,523,53"
4656,"3,21,200"
4657,"11,10,69"
4658,"26,89,23"
4659,"0,216,211"
4660,"0,271,456"
4661,"199,169"
4662,"3,21,200"
4663,"40,3,21"
4664,"40,146,145"
4665,"10,234,11"
4666,"40,146,145"
4667,"3,5,21"
4668,"0,271"
4669,"26,23,0"
4670,"169,199,170"
4671,"23,74,31"
4672,"0,271,216"
4673,"23,74,38"
4674,"3,21,200"
4675,"40,131,129"
4676,"199,169,251"
4677,"169,199,251"
4678,"40,128,41"
4679,"26,350,23"
4680,"23,74,40"
4681,"3,15,16"
4682,"170,169,199"
4683,"199,169,259"
4684,"3,21,182"
4685,"10,64,93"
4686,"169,0,113"
4687,"3,4,133"
4688,"0,271,216"
4689,"160,40,302"
4690,"0,271,216"
4691,"0,271,8"
4692,"21,3,40"
4693,"3,182,21"
4694,"38,23,26"
4695,"23,38,74"
4696,"3,4"
4697,"3,21,200"
4698,"38,23,40"
4699,"10,64,93"
4700,"171,170,169"
4701,"169,170,337"
4702,"3,21,147"
4703,"220,10"
4704,"32,31,23"
4705,"0,271,216"
4706,"3,21,148"
4707,"40,131"
4708,"296,169,31"
4709,"40,241,131"
4710,"169,199,49"
4711,"220,10"
4712,"10,64,80"
4713,"23,38,74"
4714,"38,23"
4715,"0,271,265"
4716,"49,23,24"
4717,"0,271"
4718,"3,160,148"
4719,"0,346,216"
4720,"23,38"
4721,"199,431,40"
4722,"26,23,38"
4723,"40,139,10"
4724,"0,216,10"
4725,"128,129,40"
4726,"23,74,38"
4727,"4,3,19"
4728,"40,10,13"
4729,"3,17,21"
4730,"3,21,187"
4731,"3,21,200"
4732,"3,21,200"
4733,"10,402,40"
4734,"220,10"
4735,"199,169,323"
4736,"3,21,17"
4737,"3,21,200"
4738,"170,171,169"
4739,"10,40,220"
4740,"3,21,148"
4741,"3,53,287"
4742,"3,169,170"
4743,"169,170,199"
4744,"3,21,200"
4745,"3,21,141"
4746,"3,200,21"
4747,"71,23,24"
4748,"40,23,74"
4749,"402,145,40"
4750,"220,10"
4751,"0,271,265"
4752,"31,40,328"
4753,"199,169,40"
4754,"40,184,131"
4755,"0,235,8"
4756,"23,134,40"
4757,"235,0,8"
4758,"3,21"
4759,"3,21,300"
4760,"38,23,309"
4761,"3,148,147"
4762,"3,21"
4763,"38,23,74"
4764,"40,162,128"
4765,"3,21,200"
4766,"40,162,131"
4767,"0,10,265"
4768,"11,10,69"
4769,"0,216,313"
4770,"40,160,334"
4771,"3,21,200"
4772,"402,10,145"
4773,"3,21,182"
4774,"3,21,200"
4775,"3,21,187"
4776,"3,199,187"
4777,"3,21"
4778,"271,0"
4779,"220,10,221"
4780,"300,169,3"
4781,"402,44,45"
4782,"23,31,38"
4783,"10,64,448"
4784,"3,187,21"
4785,"188,3,15"
4786,"26,231,23"
4787,"3,5,133"
4788,"40,128,3"
4789,"350,26,23"
4790,"402,145,40"
4791,"3,21"
4792,"0,8,206"
4793,"23,38,74"
4794,"3,4,21"
4795,"23,10,74"
4796,"0,271"
4797,"3,300,21"
4798,"0,271,216"
4799,"169,170,199"
4800,"40,160,315"
4801,"3,13,204"
4802,"10,220"
4803,"40,41,286"
4804,"199,169,170"
4805,"3,21,200"
4806,"0,346,271"
4807,"523,3,53"
4808,"118,23,74"
4809,"43,24,23"
4810,"10,11,0"
4811,"40,135,199"
4812,"3,85,21"
4813,"10,61,60"
4814,"49,23,24"
4815,"10,64,221"
4816,"296,169"
4817,"0,216,271"
4818,"10,220,25"
4819,"3,21,187"
4820,"199,169,0"
4821,"206,8,0"
4822,"3,17,18"
4823,"72,44,23"
4824,"3,4,200"
4825,"32,31,23"
4826,"10,23,11"
4827,"10,11"
4828,"40,128,129"
4829,"3,21,200"
4830,"169,199,10"
4831,"0,346,26"
4832,"0,206,8"
4833,"40,131"
4834,"0,271,8"
4835,"3,147,148"
4836,"10,23,44"
4837,"40,146,145"
4838,"3,17,18"
4839,"21,3,40"
4840,"169,199,251"
4841,"199,169,251"
4842,"3,21,200"
4843,"71,23,24"
4844,"10,11,44"
4845,"3,200,15"
4846,"3,147,148"
4847,"220,10"
4848,"3,187,17"
4849,"402,145,40"
4850,"0,206,8"
4851,"40,128,0"
4852,"40,131,241"
4853,"40,23,74"
4854,"3,0,21"
4855,"24,43,23"
4856,"40,129,128"
4857,"220,10"
4858,"23,49,24"
4859,"220,10,221"
4860,"3,21,187"
4861,"10,64,93"
4862,"40,160,334"
4863,"199,169,40"
4864,"3,21,40"
4865,"128,40,129"
4866,"49,23,24"
4867,"3,148,147"
4868,"32,31,23"
4869,"0,271,216"
4870,"10,64,24"
4871,"170,169,171"
4872,"10,220"
4873,"199,431,169"
4874,"23,74,38"
4875,"3,182,21"
4876,"3,17,21"
4877,"0,216,271"
4878,"40,128,41"
4879,"0,216,271"
4880,"328,31,0"
4881,"38,23,74"
4882,"220,10"
4883,"3,200,21"
4884,"346,313,0"
4885,"175,40,128"
4886,"3,21,200"
4887,"3,15,200"
4888,"3,40,156"
4889,"199,169,259"
4890,"10,0,220"
4891,"199,169,323"
4892,"3,21,200"
4893,"0,199,169"
4894,"44,402,23"
4895,"0,206,8"
4896,"10,44,23"
4897,"23,24,74"
4898,"3,21,40"
4899,"3,21,234"
4900,"3,21"
4901,"10,11"
4902,"296,169,23"
4903,"170,171,169"
4904,"40,160,315"
4905,"199,169,259"
4906,"10,64,93"
4907,"0,169,216"
4908,"3,21,200"
4909,"3,17,18"
4910,"23,38,74"
4911,"10,40,175"
4912,"3,21,200"
4913,"43,23,24"
4914,"10,448,64"
4915,"182,3,21"
4916,"220,10"
4917,"0,216,271"
4918,"23,38,74"
4919,"38,23"
4920,"3,21,200"
4921,"38,23,26"
4922,"10,64,80"
4923,"0,199,169"
4924,"15,16,3"
4925,"40,131,241"
4926,"10,64,80"
4927,"3,21,40"
4928,"10,11,69"
4929,"40,386,135"
4930,"40,131,184"
4931,"3,21,23"
4932,"40,128,41"
4933,"10,64,80"
4934,"220,10"
4935,"118,23,74"
4936,"10,220"
4937,"199,169,251"
4938,"40,41,160"
4939,"0,211,216"
4940,"169,199,426"
4941,"0,211,212"
4942,"23,49,24"
4943,"71,23,24"
4944,"49,23,24"
4945,"220,10"
4946,"128,0,40"
4947,"220,31,454"
4948,"40,160,131"
4949,"3,40,145"
4950,"3,113,40"
4951,"26,231,23"
4952,"206,8,0"
4953,"3,4"
4954,"31,40,96"
4955,"402,145,40"
4956,"220,10"
4957,"26,23,38"
4958,"10,64,93"
4959,"11,10,69"
4960,"199,169,259"
4961,"169,296,170"
4962,"3,5,133"
4963,"199,10,40"
4964,"0,8,206"
4965,"32,40,3"
4966,"10,24,23"
4967,"3,4,183"
4968,"23,74,118"
4969,"10,220,23"
4970,"38,23,71"
4971,"10,220"
4972,"220,10"
4973,"3,21,40"
4974,"4,3,7"
4975,"24,23,10"
4976,"3,21,48"
4977,"3,21,200"
4978,"23,74,118"
4979,"0,216,3"
4980,"0,216"
4981,"10,40,44"
4982,"169,170,40"
4983,"40,135,131"
4984,"199,169,223"
4985,"3,21,200"
4986,"23,74,118"
4987,"40,241,131"
4988,"0,216,313"
4989,"40,131,241"
4990,"23,74,38"
4991,"10,220,11"
4992,"3,21,200"
4993,"3,21,28"
4994,"40,41,224"
4995,"10,64,80"
4996,"23,31,24"
4997,"169,199,251"
4998,"220,10"
4999,"10,64,93"
5000,"10,145,220"
5001,"3,4,170"
5002,"3,187,21"
5003,"23,40,317"
5004,"3,21,13"
5005,"199,169,170"
5006,"26,23,89"
5007,"199,169,40"
5008,"160,40,315"
5009,"40,131,193"
5010,"38,0,23"
5011,"0,271"
5012,"40,23,131"
5013,"3,4"
5014,"23,38,24"
5015,"10,93,64"
5016,"10,64,93"
5017,"4,3,435"
5018,"199,169,40"
5019,"169,199,170"
5020,"138,135,40"
5021,"10,11,221"
5022,"10,64,80"
5023,"199,169,251"
5024,"3,5,133"
5025,"199,169,3"
5026,"346,0,313"
5027,"40,41,3"
5028,"3,111,200"
5029,"147,315,160"
5030,"0,271,8"
5031,"4,3"
5032,"138,135,40"
5033,"169,199,170"
5034,"10,187,3"
5035,"0,271,26"
5036,"147,3,148"
5037,"296,169"
5038,"169,199,170"
5039,"40,131,406"
5040,"43,23,24"
5041,"10,64"
5042,"23,118,74"
5043,"10,24,23"
5044,"10,64,93"
5045,"40,128,129"
5046,"3,147,148"
5047,"4,3,435"
5048,"71,23,74"
5049,"3,21,200"
5050,"3,187,263"
5051,"40,184,131"
5052,"40,131"
5053,"15,3,16"
5054,"118,74,23"
5055,"3,4,38"
5056,"10,64"
5057,"3,147,148"
5058,"10,40,44"
5059,"3,199,169"
5060,"3,200,21"
5061,"3,21,200"
5062,"169,170,171"
5063,"3,21,40"
5064,"0,271,216"
5065,"3,4,5"
5066,"0,8,235"
5067,"3,4,200"
5068,"40,131"
5069,"3,4"
5070,"0,3,271"
5071,"10,64,23"
5072,"402,145,38"
5073,"40,135,41"
5074,"3,21,187"
5075,"3,21,200"
5076,"3,21,40"
5077,"3,21,148"
5078,"10,220"
5079,"40,128,41"
5080,"10,64,80"
5081,"220,10"
5082,"23,74,71"
5083,"169,170,274"
5084,"10,220,145"
5085,"3,21,200"
5086,"40,184,131"
5087,"17,3,18"
5088,"40,131"
5089,"3,21,40"
5090,"199,169,259"
5091,"23,38,24"
5092,"220,10"
5093,"10,0,220"
5094,"10,11"
5095,"71,23,38"
5096,"10,11,69"
5097,"10,64,323"
5098,"0,216,271"
5099,"10,44,73"
5100,"296,169"
5101,"129,40,128"
5102,"169,170,199"
5103,"40,162,128"
5104,"38,23,24"
5105,"199,169,259"
5106,"187,3,21"
5107,"3,21,187"
5108,"32,31,23"
5109,"3,17,40"
5110,"3,21,48"
5111,"40,49,23"
5112,"3,21,148"
5113,"15,3,16"
5114,"3,21,40"
5115,"10,128,40"
5116,"169,199,251"
5117,"0,216,211"
5118,"3,148,21"
5119,"3,21,200"
5120,"3,21,182"
5121,"10,402,145"
5122,"3,147,148"
5123,"3,21,200"
5124,"10,64,11"
5125,"10,402,44"
5126,"40,131"
5127,"199,169,135"
5128,"40,131"
5129,"128,129,40"
5130,"220,10"
5131,"84,74,23"
5132,"23,38,40"
5133,"220,10,221"
5134,"402,40,145"
5135,"206,0,8"
5136,"40,241,131"
5137,"3,0,128"
5138,"0,206,8"
5139,"0,271,216"
5140,"10,64,11"
5141,"10,64,93"
5142,"10,64,80"
5143,"170,171,169"
5144,"26,0,231"
5145,"3,5,4"
5146,"40,3,74"
5147,"402,10,145"
5148,"0,216,254"
5149,"3,21"
5150,"10,64,80"
5151,"3,21,200"
5152,"10,64,80"
5153,"169,141,3"
5154,"10,11"
5155,"10,11,23"
5156,"3,21,200"
5157,"199,169,3"
5158,"40,131,241"
5159,"23,105,74"
5160,"3,4,435"
5161,"3,300,169"
5162,"199,169,170"
5163,"220,10,221"
5164,"169,199,251"
5165,"0,218,10"
5166,"40,31,131"
5167,"3,17,21"
5168,"220,10"
5169,"23,105,3"
5170,"23,0,40"
5171,"40,128,129"
5172,"3,21,40"
5173,"3,200,15"
5174,"72,44,61"
5175,"3,182,53"
5176,"147,148,180"
5177,"199,169,281"
5178,"169,170,426"
5179,"10,24,23"
5180,"10,11,44"
5181,"3,0,21"
5182,"10,220,221"
5183,"26,231,23"
5184,"11,10,69"
5185,"169,170,23"
5186,"3,21,200"
5187,"23,118,74"
5188,"3,21,200"
5189,"40,3,153"
5190,"3,21,200"
5191,"199,169,323"
5192,"402,40,145"
5193,"23,71,38"
5194,"3,40,21"
5195,"49,24,23"
5196,"10,72,11"
5197,"10,0,402"
5198,"40,41,139"
5199,"31,171,0"
5200,"169,0,199"
5201,"3,17,21"
5202,"128,129,40"
5203,"38,23,26"
5204,"23,38,74"
5205,"40,3,21"
5206,"3,21,200"
5207,"3,21,200"
5208,"0,206,8"
5209,"169,182,3"
5210,"38,23,0"
5211,"10,402,145"
5212,"199,169,259"
5213,"40,160,315"
5214,"3,21,182"
5215,"402,10,145"
5216,"40,10,23"
5217,"170,169,171"
5218,"199,169,323"
5219,"10,23,62"
5220,"23,24,74"
5221,"3,21,200"
5222,"10,49,24"
5223,"23,38,74"
5224,"40,128,129"
5225,"169,426,508"
5226,"26,23,38"
5227,"10,64,93"
5228,"0,271,456"
5229,"11,10,69"
5230,"0,346,26"
5231,"0,271,216"
5232,"3,21,200"
5233,"40,21,3"
5234,"40,128,129"
5235,"23,402,44"
5236,"199,169,26"
5237,"169,170,199"
5238,"10,64,93"
5239,"199,169"
5240,"10,11,69"
5241,"3,13,200"
5242,"23,26,38"
5243,"10,220"
5244,"38,23,40"
5245,"21,3"
5246,"40,160,315"
5247,"3,4,21"
5248,"169,170,0"
5249,"40,131"
5250,"40,131,134"
5251,"23,74,38"
5252,"21,3,48"
5253,"3,21,17"
5254,"32,23,31"
5255,"0,346,313"
5256,"199,169,259"
5257,"40,145,146"
5258,"0,402,10"
5259,"0,206,8"
5260,"26,0,23"
5261,"23,71,74"
5262,"43,40,60"
5263,"23,38,26"
5264,"40,23,10"
5265,"10,220"
5266,"169,337,3"
5267,"199,169,251"
5268,"4,3,435"
5269,"21,3"
5270,"0,271"
5271,"40,131,128"
5272,"23,24,38"
5273,"169,40,170"
5274,"40,131"
5275,"23,328,31"
5276,"0,8,206"
5277,"0,26,231"
5278,"169,170,199"
5279,"3,21,200"
5280,"23,26,38"
5281,"23,40,38"
5282,"96,169,323"
5283,"23,74,38"
5284,"0,231,26"
5285,"3,147,148"
5286,"187,3,199"
5287,"3,21,200"
5288,"3,21,200"
5289,"40,160"
5290,"3,21,200"
5291,"3,148,147"
5292,"40,131,23"
5293,"0,271,216"
5294,"23,38,26"
5295,"169,199,170"
5296,"40,162,241"
5297,"38,23,10"
5298,"199,169,251"
5299,"220,10"
5300,"43,23,24"
5301,"40,131,457"
5302,"169,337,274"
5303,"43,23,24"
5304,"23,24,10"
5305,"3,0,21"
5306,"3,21,187"
5307,"40,241,23"
5308,"40,402,145"
5309,"10,64,11"
5310,"74,23,38"
5311,"10,11,69"
5312,"40,3,160"
5313,"231,26,23"
5314,"0,271,216"
5315,"10,73,44"
5316,"0,216,218"
5317,"3,21,200"
5318,"0,271,265"
5319,"3,21,17"
5320,"169,3,96"
5321,"40,131"
5322,"3,170,200"
5323,"0,8,26"
5324,"10,40,131"
5325,"135,169,40"
5326,"3,21,200"
5327,"169,199,3"
5328,"3,17,10"
5329,"38,23,74"
5330,"40,160,23"
5331,"40,131,134"
5332,"10,23,220"
5333,"3,21,200"
5334,"138,135,40"
5335,"3,40,21"
5336,"199,169,343"
5337,"32,23,31"
5338,"170,171,169"
5339,"40,131,134"
5340,"170,169,171"
5341,"169,199,170"
5342,"3,21,200"
5343,"40,169,199"
5344,"402,40,10"
5345,"38,0,23"
5346,"11,10,26"
5347,"23,26,74"
5348,"0,346,313"
5349,"10,23,3"
5350,"23,296,169"
5351,"3,21,200"
5352,"40,131,134"
5353,"10,11,69"
5354,"402,145,10"
5355,"40,131,134"
5356,"3,300,21"
5357,"23,71,38"
5358,"3,21,200"
5359,"23,49,24"
5360,"0,26,216"
5361,"3,21,148"
5362,"23,38,40"
5363,"3,15,53"
5364,"10,11,220"
5365,"3,21,200"
5366,"3,147,148"
5367,"169,170,459"
5368,"169,170,199"
5369,"3,21,200"
5370,"4,3,435"
5371,"10,64,80"
5372,"328,31,169"
5373,"0,265,271"
5374,"199,169,10"
5375,"40,131"
5376,"199,169,281"
5377,"199,169,223"
5378,"3,4"
5379,"169,170,199"
5380,"23,38,220"
5381,"40,128,186"
5382,"220,10"
5383,"0,271"
5384,"40,241,131"
5385,"0,271"
5386,"96,23,31"
5387,"3,10,17"
5388,"10,11"
5389,"40,128,241"
5390,"10,402,44"
5391,"10,93,64"
5392,"169,296,337"
5393,"3,199,21"
5394,"402,40,145"
5395,"23,40,169"
5396,"23,118,74"
5397,"0,8,271"
5398,"0,271,216"
5399,"0,271,118"
5400,"3,21,40"
5401,"199,169"
5402,"49,10,24"
5403,"40,128,131"
5404,"0,271,216"
5405,"40,241,131"
5406,"40,128,41"
5407,"346,0,313"
5408,"199,169,71"
5409,"3,147,148"
5410,"0,8,206"
5411,"296,169"
5412,"199,169,251"
5413,"10,64,93"
5414,"169,199,0"
5415,"31,10,23"
5416,"3,15,16"
5417,"3,21,200"
5418,"10,11,44"
5419,"402,0,10"
5420,"3,17,18"
5421,"3,187,21"
5422,"3,21,199"
5423,"3,21,187"
5424,"10,64,93"
5425,"169,170,199"
5426,"3,300,10"
5427,"23,49,24"
5428,"10,64,23"
5429,"220,10"
5430,"3,21,200"
5431,"3,4"
5432,"23,38,24"
5433,"3,13,10"
5434,"0,8,235"
5435,"10,64,448"
5436,"71,23,38"
5437,"0,8,235"
5438,"0,26,23"
5439,"40,146,145"
5440,"23,38,26"
5441,"0,220,23"
5442,"0,8,235"
5443,"206,0,8"
5444,"3,21,148"
5445,"40,145,128"
5446,"0,271"
5447,"40,21,3"
5448,"0,10,218"
5449,"40,184,131"
5450,"10,24,60"
5451,"169,199,3"
5452,"296,169,300"
5453,"3,21,187"
5454,"169,170,0"
5455,"40,3,21"
5456,"0,271,216"
5457,"3,21,169"
5458,"31,328,258"
5459,"3,17,21"
5460,"3,147,148"
5461,"43,24,23"
5462,"40,74,139"
5463,"3,21,200"
5464,"3,21,200"
5465,"0,169,199"
5466,"0,271,216"
5467,"170,169,199"
5468,"23,43,24"
5469,"0,271,313"
5470,"0,26,231"
5471,"169,170,199"
5472,"23,74,38"
5473,"0,271"
5474,"0,271,218"
5475,"3,147,148"
5476,"3,21,4"
5477,"10,64,80"
5478,"23,38,71"
5479,"296,169,31"
5480,"199,169,259"
5481,"3,123,21"
5482,"171,169,170"
5483,"0,206,8"
5484,"3,21,199"
5485,"296,169,306"
5486,"188,4,3"
5487,"199,169,223"
5488,"32,23,31"
5489,"296,169,306"
5490,"3,21,40"
5491,"10,169,199"
5492,"3,21,200"
5493,"10,64,11"
5494,"3,21,200"
5495,"0,271"
5496,"40,128,129"
5497,"0,26,271"
5498,"3,10,13"
5499,"13,14,3"
5500,"10,11"
5501,"71,24,23"
5502,"23,38,24"
5503,"10,64,80"
5504,"23,74,118"
5505,"241,40,131"
5506,"0,8,216"
5507,"0,211,216"
5508,"0,23,26"
5509,"169,10,199"
5510,"3,21,315"
5511,"3,21,200"
5512,"138,135,169"
5513,"3,21,200"
5514,"10,220"
5515,"402,44,45"
5516,"40,131"
5517,"10,64,80"
5518,"40,131,38"
5519,"3,21"
5520,"23,71,74"
5521,"23,26,350"
5522,"23,38,74"
5523,"3,21,200"
5524,"220,10"
5525,"3,21,40"
5526,"31,0,328"
5527,"230,229,0"
5528,"3,111,21"
5529,"10,11,72"
5530,"3,21,200"
5531,"44,23,402"
5532,"23,38"
5533,"199,169,170"
5534,"3,15,21"
5535,"0,216,271"
5536,"3,21,13"
5537,"3,187,169"
5538,"169,170,199"
5539,"10,11,69"
5540,"23,38,74"
5541,"43,24,181"
5542,"3,199,169"
5543,"0,169,199"
5544,"71,23,24"
5545,"3,21,170"
5546,"43,24,23"
5547,"3,169,21"
5548,"3,17,21"
5549,"10,11,221"
5550,"138,374,135"
5551,"138,135,40"
5552,"0,216,40"
5553,"169,170,199"
5554,"0,271,216"
5555,"38,23,24"
5556,"23,10,40"
5557,"38,23,74"
5558,"0,265,216"
5559,"38,23,26"
5560,"3,15,21"
5561,"3,21,148"
5562,"10,11,72"
5563,"10,220"
5564,"43,24,23"
5565,"0,271,313"
5566,"10,44,23"
5567,"169,337,170"
5568,"3,21,200"
5569,"40,224,41"
5570,"220,10"
5571,"23,24,43"
5572,"169,199,49"
5573,"3,21,200"
5574,"40,21,3"
5575,"23,0,74"
5576,"170,171,169"
5577,"0,216"
5578,"0,216,457"
5579,"220,10"
5580,"128,40,130"
5581,"10,11,109"
5582,"3,4,19"
5583,"40,135,138"
5584,"40,131,160"
5585,"72,44,61"
5586,"138,135,169"
5587,"10,220"
5588,"40,128,130"
5589,"3,21,40"
5590,"0,271,8"
5591,"23,38,74"
5592,"40,131,134"
5593,"21,40,3"
5594,"220,10"
5595,"23,26,38"
5596,"0,271,8"
5597,"296,169"
5598,"40,241,131"
5599,"0,271"
5600,"3,523,147"
5601,"10,44,72"
5602,"3,21,40"
5603,"26,23,0"
5604,"38,23,48"
5605,"10,11,220"
5606,"10,220"
5607,"26,23,0"
5608,"220,10"
5609,"24,43,181"
5610,"3,4,21"
5611,"0,271,216"
5612,"169,199,0"
5613,"3,182,21"
5614,"23,26,231"
5615,"3,15,16"
5616,"10,64,24"
5617,"0,271"
5618,"0,26,271"
5619,"3,21,200"
5620,"10,64,93"
5621,"220,10,221"
5622,"40,128,0"
5623,"0,8,216"
5624,"0,271,456"
5625,"3,21,200"
5626,"40,402,145"
5627,"40,169,199"
5628,"40,241,131"
5629,"10,220,221"
5630,"96,23,10"
5631,"290,23,31"
5632,"40,128,129"
5633,"199,169,259"
5634,"170,169,459"
5635,"10,64,93"
5636,"171,170,169"
5637,"26,23,89"
5638,"10,11,69"
5639,"169,3,170"
5640,"40,128,129"
5641,"271,0,456"
5642,"199,169,40"
5643,"40,241,131"
5644,"199,169,259"
5645,"0,346,313"
5646,"40,146,23"
5647,"10,64,80"
5648,"23,38,74"
5649,"38,23,74"
5650,"3,21,367"
5651,"169,296,170"
5652,"0,216,271"
5653,"38,23,74"
5654,"3,4"
5655,"0,346,313"
5656,"3,21,148"
5657,"3,40,21"
5658,"3,15,523"
5659,"3,111,148"
5660,"40,41,135"
5661,"10,64,80"
5662,"40,146,145"
5663,"231,26,23"
5664,"0,271,216"
5665,"0,271"
5666,"40,139,131"
5667,"40,3,139"
5668,"23,118,74"
5669,"402,145,199"
5670,"0,271,265"
5671,"10,64,80"
5672,"10,24,23"
5673,"40,241,131"
5674,"10,64,80"
5675,"3,21,200"
5676,"23,10,53"
5677,"169,296,0"
5678,"118,74,23"
5679,"3,21,187"
5680,"0,271,216"
5681,"145,402,10"
5682,"3,21,200"
5683,"402,10,145"
5684,"40,160,315"
5685,"3,21,200"
5686,"3,21,200"
5687,"10,11,69"
5688,"0,169,26"
5689,"49,3,21"
5690,"64,10,26"
5691,"40,128,175"
5692,"3,169,21"
5693,"40,10,160"
5694,"23,26,10"
5695,"118,23,74"
5696,"169,43,60"
5697,"3,4"
5698,"49,23,24"
5699,"3,147,148"
5700,"160,40,315"
5701,"296,169"
5702,"3,21"
5703,"10,402,24"
5704,"10,64,323"
5705,"3,21,187"
5706,"15,3,16"
5707,"40,131,184"
5708,"199,169,259"
5709,"40,3,135"
5710,"181,323,43"
5711,"8,0,26"
5712,"0,271,26"
5713,"220,10"
5714,"40,131,134"
5715,"169,0,199"
5716,"169,199,251"
5717,"10,11"
5718,"3,15,53"
5719,"40,131,241"
5720,"169,199,40"
5721,"3,21"
5722,"10,220,0"
5723,"40,131,134"
5724,"10,64,11"
5725,"3,21,200"
5726,"0,271,366"
5727,"3,4,148"
5728,"199,169,170"
5729,"10,23,25"
5730,"199,323,169"
5731,"0,271,216"
5732,"169,170,0"
5733,"23,74,40"
5734,"40,146,145"
5735,"3,15,147"
5736,"38,0,23"
5737,"328,31,23"
5738,"3,21,0"
5739,"10,24,60"
5740,"3,4,435"
5741,"49,23,24"
5742,"220,10"
5743,"4,3,435"
5744,"0,265,271"
5745,"3,21,147"
5746,"10,64,11"
5747,"40,258,245"
5748,"10,24,23"
5749,"10,64,80"
5750,"220,10"
5751,"40,160,315"
5752,"138,135,169"
5753,"220,10,31"
5754,"40,160,131"
5755,"43,24,23"
5756,"199,169,170"
5757,"3,13,200"
5758,"40,160,315"
5759,"169,170,199"
5760,"220,10,221"
5761,"40,131"
5762,"3,4,21"
5763,"10,402,145"
5764,"4,3,7"
5765,"3,21,200"
5766,"10,72,11"
5767,"40,224,41"
5768,"23,26,0"
5769,"199,169,259"
5770,"3,148,147"
5771,"26,23,89"
5772,"10,40,145"
5773,"10,323,40"
5774,"3,21,200"
5775,"44,402,10"
5776,"44,23,402"
5777,"182,199,3"
5778,"3,21,40"
5779,"3,21,200"
5780,"0,216,26"
5781,"3,21,200"
5782,"402,10,145"
5783,"40,153,199"
5784,"3,40,160"
5785,"40,3,135"
5786,"199,169,170"
5787,"220,10"
5788,"40,23,74"
5789,"38,23,40"
5790,"8,26,23"
5791,"23,40,131"
5792,"10,64,11"
5793,"13,204,3"
5794,"10,220,0"
5795,"169,199,0"
5796,"169,199,170"
5797,"10,402,44"
5798,"169,251,199"
5799,"23,84,74"
5800,"10,11,69"
5801,"160,40,315"
5802,"38,23,74"
5803,"43,24,23"
5804,"23,74,38"
5805,"0,216,271"
5806,"0,313,216"
5807,"0,3,216"
5808,"3,21,148"
5809,"23,40,38"
5810,"10,11,509"
5811,"15,3,16"
5812,"199,169,259"
5813,"3,21,169"
5814,"0,271,216"
5815,"26,0,23"
5816,"3,15,170"
5817,"40,128,130"
5818,"0,169,31"
5819,"199,169,170"
5820,"220,10"
5821,"0,8,206"
5822,"0,271,265"
5823,"23,38,345"
5824,"10,24,23"
5825,"71,23,38"
5826,"23,38,24"
5827,"3,21,200"
5828,"220,10"
5829,"43,24,23"
5830,"96,23,49"
5831,"3,21"
5832,"40,131,241"
5833,"23,38,26"
5834,"26,0,23"
5835,"40,129,128"
5836,"4,3,7"
5837,"220,10"
5838,"3,21,187"
5839,"10,220"
5840,"40,241,131"
5841,"160,40,315"
5842,"11,10,69"
5843,"199,169,259"
5844,"3,21,200"
5845,"0,346,313"
5846,"3,17,200"
5847,"3,21"
5848,"206,3,0"
5849,"169,337,170"
5850,"220,10,38"
5851,"10,64,80"
5852,"23,38,74"
5853,"3,182,111"
5854,"199,169,40"
5855,"40,131"
5856,"0,206,8"
5857,"40,131,134"
5858,"3,17,18"
5859,"0,216,271"
5860,"10,64,93"
5861,"23,71,0"
5862,"44,23,45"
5863,"3,4,375"
5864,"402,145,40"
5865,"40,184,131"
5866,"38,23,309"
5867,"220,10"
5868,"23,24,10"
5869,"3,5,133"
5870,"3,21,147"
5871,"0,169,199"
5872,"10,64,323"
5873,"10,72,11"
5874,"3,21,200"
5875,"40,131"
5876,"199,169,3"
5877,"32,23,31"
5878,"0,169,271"
5879,"3,21,40"
5880,"160,40,315"
5881,"3,48,21"
5882,"40,131,134"
5883,"199,259,169"
5884,"38,23,10"
5885,"0,271,216"
5886,"10,220,221"
5887,"10,11,72"
5888,"23,49,24"
5889,"40,162,128"
5890,"10,23,38"
5891,"3,21,200"
5892,"0,271,366"
5893,"3,21"
5894,"49,128,129"
5895,"0,265,23"
5896,"3,40,17"
5897,"3,4"
5898,"3,21,200"
5899,"306,296,23"
5900,"40,131"
5901,"431,40,135"
5902,"3,40,135"
5903,"169,199,426"
5904,"23,74,118"
5905,"3,4,200"
5906,"11,10"
5907,"40,315,160"
5908,"169,170,199"
5909,"10,64,93"
5910,"0,211,216"
5911,"138,135,40"
5912,"10,23,40"
5913,"40,241,131"
5914,"0,8,211"
5915,"23,10,24"
5916,"40,131"
5917,"40,131"
5918,"40,128,129"
5919,"3,21,200"
5920,"10,11,38"
5921,"71,23,24"
5922,"0,216,271"
5923,"43,24,23"
5924,"0,271,216"
5925,"3,21,0"
5926,"10,64,80"
5927,"3,17,0"
5928,"3,141,417"
5929,"3,4"
5930,"169,199,49"
5931,"10,11,69"
5932,"10,64,93"
5933,"3,21,40"
5934,"3,4"
5935,"169,199,170"
5936,"0,10,313"
5937,"40,23,145"
5938,"23,26,231"
5939,"160,40,315"
5940,"0,211,216"
5941,"10,64,80"
5942,"3,4"
5943,"220,10,221"
5944,"3,4"
5945,"141,135,40"
5946,"23,74,118"
5947,"0,38,26"
5948,"220,10"
5949,"0,10,220"
5950,"402,145,40"
5951,"0,271,216"
5952,"199,169,38"
5953,"3,21,40"
5954,"40,131,160"
5955,"138,40,135"
5956,"3,147,148"
5957,"15,16,3"
5958,"3,40,160"
5959,"169,170,0"
5960,"3,21,187"
5961,"40,10,135"
5962,"3,21,200"
5963,"402,38,44"
5964,"3,147,148"
5965,"0,218,509"
5966,"40,131"
5967,"23,40,3"
5968,"3,15,16"
5969,"199,169,170"
5970,"38,23,24"
5971,"169,170,171"
5972,"43,23,24"
5973,"0,206,8"
5974,"3,21,187"
5975,"23,74,38"
5976,"40,135,189"
5977,"10,220,0"
5978,"3,21,17"
5979,"10,64,80"
5980,"10,220,23"
5981,"0,271,265"
5982,"0,271,216"
5983,"10,11,69"
5984,"199,169,251"
5985,"3,4,200"
5986,"40,160,315"
5987,"0,169,216"
5988,"231,26,23"
5989,"3,21,200"
5990,"170,3,169"
5991,"0,271,265"
5992,"0,211,216"
5993,"10,220"
5994,"40,131,76"
5995,"10,64,448"
5996,"4,3"
5997,"220,10"
5998,"3,4,331"
5999,"40,131,241"
6000,"323,10,43"
6001,"3,21,200"
6002,"3,200,21"
6003,"0,271,216"
6004,"23,38,71"
6005,"40,23,346"
6006,"40,131,241"
6007,"3,23,187"
6008,"3,199,21"
6009,"3,21,200"
6010,"10,64,24"
6011,"3,21,5"
6012,"10,64,93"
6013,"402,10,145"
6014,"3,200,21"
6015,"3,182,21"
6016,"3,21,200"
6017,"169,199,10"
6018,"0,271,216"
6019,"3,111,200"
6020,"43,24,23"
6021,"0,271"
6022,"0,8,206"
6023,"3,21"
6024,"0,206,8"
6025,"72,10,61"
6026,"3,21,200"
6027,"0,235,8"
6028,"3,147,148"
6029,"40,131"
6030,"3,21,200"
6031,"118,74,23"
6032,"0,271,265"
6033,"40,145,402"
6034,"3,200,21"
6035,"138,40,135"
6036,"402,145,40"
6037,"23,74,38"
6038,"231,26,23"
6039,"3,4,15"
6040,"160,315,40"
6041,"40,131,23"
6042,"3,40,21"
6043,"138,135,40"
6044,"0,216,211"
6045,"40,131"
6046,"220,10,221"
6047,"43,24,23"
6048,"23,10,11"
6049,"38,23,309"
6050,"23,74,38"
6051,"40,175,23"
6052,"10,3,17"
6053,"40,135,3"
6054,"40,0,131"
6055,"3,10,11"
6056,"40,187,241"
6057,"0,216,271"
6058,"10,40,160"
6059,"23,38,26"
6060,"40,128,41"
6061,"3,40,21"
6062,"40,241,131"
6063,"40,3,115"
6064,"3,21,141"
6065,"23,38,24"
6066,"3,21,200"
6067,"23,38,74"
6068,"199,169,170"
6069,"4,3,435"
6070,"3,4"
6071,"3,21,5"
6072,"0,216,271"
6073,"296,169,23"
6074,"3,21,200"
6075,"40,160,315"
6076,"44,402,10"
6077,"0,271"
6078,"131,241,40"
6079,"43,24,23"
6080,"10,0,313"
6081,"3,206,0"
6082,"0,271,216"
6083,"169,0,170"
6084,"23,26,38"
6085,"10,60,24"
6086,"160,315,40"
6087,"23,38,74"
6088,"49,23,24"
6089,"24,43,23"
6090,"10,64,93"
6091,"10,64,80"
6092,"199,169,323"
6093,"40,128,10"
6094,"40,131,23"
6095,"26,350,23"
6096,"3,21"
6097,"10,402,220"
6098,"3,4"
6099,"10,64,93"
6100,"0,8,206"
6101,"40,162,131"
6102,"169,199,10"
6103,"0,271"
6104,"170,169,199"
6105,"169,337,170"
6106,"0,216,3"
6107,"241,40,131"
6108,"10,72,11"
6109,"3,21,148"
6110,"10,11,72"
6111,"23,40,38"
6112,"40,241,131"
6113,"199,169,323"
6114,"220,10"
6115,"169,199,96"
6116,"0,216,211"
6117,"0,265,216"
6118,"23,26,38"
6119,"11,10,69"
6120,"0,206,8"
6121,"10,402,145"
6122,"3,15,16"
6123,"40,160,315"
6124,"3,21,200"
6125,"0,216,271"
6126,"3,21,17"
6127,"3,21,200"
6128,"40,128,160"
6129,"402,10,44"
6130,"3,21,200"
6131,"3,21,17"
6132,"40,3,21"
6133,"0,271"
6134,"10,64,80"
6135,"3,147,148"
6136,"10,11,44"
6137,"3,21,200"
6138,"3,21,200"
6139,"3,21,200"
6140,"3,21,200"
6141,"40,402,145"
6142,"10,64,93"
6143,"10,64,93"
6144,"23,10,44"
6145,"224,40,41"
6146,"10,44,23"
6147,"0,26,271"
6148,"3,17,34"
6149,"24,43,23"
6150,"3,21,200"
6151,"31,216,169"
6152,"199,169,259"
6153,"199,169,40"
6154,"23,31,38"
6155,"10,220,221"
6156,"3,0,10"
6157,"71,23,24"
6158,"49,23,40"
6159,"40,131"
6160,"346,313,0"
6161,"3,15,16"
6162,"160,315,40"
6163,"169,199,251"
6164,"169,170,199"
6165,"10,402,145"
6166,"170,169"
6167,"10,220"
6168,"402,10,145"
6169,"3,21,200"
6170,"4,3,331"
6171,"296,38,306"
6172,"3,21,148"
6173,"323,199,169"
6174,"23,74,3"
6175,"74,23,10"
6176,"40,160,315"
6177,"40,23,128"
6178,"3,15,200"
6179,"199,169"
6180,"40,234,160"
6181,"220,10"
6182,"23,38,24"
6183,"31,169,258"
6184,"26,0,231"
6185,"3,200,21"
6186,"17,3,18"
6187,"23,49,38"
6188,"24,23,43"
6189,"23,74,118"
6190,"23,26,0"
6191,"23,40,74"
6192,"0,199,169"
6193,"38,23,40"
6194,"23,71,38"
6195,"23,40,24"
6196,"3,21,148"
6197,"3,21,200"
6198,"118,74,23"
6199,"43,24,23"
6200,"3,40,367"
6201,"10,64,93"
6202,"199,169,0"
6203,"23,24,43"
6204,"160,40,315"
6205,"23,26,38"
6206,"10,64,80"
6207,"40,3,17"
6208,"0,402,216"
6209,"3,21,200"
6210,"0,8,235"
6211,"3,21,200"
6212,"40,184,131"
6213,"0,26,23"
6214,"15,16,3"
6215,"10,11"
6216,"10,23,24"
6217,"40,31,135"
6218,"23,43,24"
6219,"40,131,128"
6220,"220,10"
6221,"0,271"
6222,"3,4,200"
6223,"40,131"
6224,"10,24,23"
6225,"220,10"
6226,"220,10,221"
6227,"10,64,80"
6228,"128,40,130"
6229,"3,21,187"
6230,"0,216,31"
6231,"0,271,265"
6232,"3,23,21"
6233,"0,216,271"
6234,"3,21,169"
6235,"3,21,200"
6236,"3,21,200"
6237,"128,40,130"
6238,"23,38,26"
6239,"23,44,10"
6240,"170,169,171"
6241,"40,131"
6242,"3,15,46"
6243,"3,21,200"
6244,"171,169,170"
6245,"38,309,40"
6246,"199,169,323"
6247,"3,21"
6248,"169,337,274"
6249,"23,38,10"
6250,"40,160,315"
6251,"0,216,271"
6252,"3,21,200"
6253,"3,21,200"
6254,"220,10"
6255,"3,148,147"
6256,"138,135,40"
6257,"0,271,216"
6258,"38,23,309"
6259,"0,346,313"
6260,"23,40,105"
6261,"40,184,131"
6262,"0,216,10"
6263,"40,135,23"
6264,"199,169"
6265,"10,64,93"
6266,"3,21,200"
6267,"3,21,200"
6268,"3,4"
6269,"3,21,200"
6270,"40,184,131"
6271,"3,169,170"
6272,"3,148,21"
6273,"3,21,148"
6274,"10,11,69"
6275,"3,21,200"
6276,"0,271,456"
6277,"10,11,44"
6278,"169,199,345"
6279,"17,3,18"
6280,"0,271"
6281,"3,4,375"
6282,"3,4"
6283,"234,40,160"
6284,"3,4,21"
6285,"3,4"
6286,"0,271,216"
6287,"10,64,93"
6288,"169,170,171"
6289,"40,3,41"
6290,"32,23,31"
6291,"40,131,139"
6292,"23,49,24"
6293,"3,21,200"
6294,"3,16,15"
6295,"10,44,11"
6296,"3,21,200"
6297,"206,8,0"
6298,"40,138,135"
6299,"10,11,69"
6300,"40,131,160"
6301,"199,169,259"
6302,"0,206,216"
6303,"10,40,220"
6304,"0,271,216"
6305,"10,11,23"
6306,"160,40,199"
6307,"23,48,38"
6308,"10,11,40"
6309,"3,160,21"
6310,"43,24,23"
6311,"10,44,72"
6312,"23,49,24"
6313,"199,169,40"
6314,"10,402,44"
6315,"118,23,74"
6316,"3,200,301"
6317,"10,23,24"
6318,"10,64,80"
6319,"10,64"
6320,"3,0,48"
6321,"43,24,23"
6322,"10,64,221"
6323,"402,44,10"
6324,"199,169,0"
6325,"128,40,130"
6326,"199,169,259"
6327,"4,3,7"
6328,"170,171,169"
6329,"220,10"
6330,"3,17,21"
6331,"3,4,200"
6332,"32,31,23"
6333,"49,23,24"
6334,"145,10,146"
6335,"38,23,82"
6336,"15,3,16"
6337,"3,21,40"
6338,"3,15,16"
6339,"23,26,38"
6340,"3,21,200"
6341,"13,14,3"
6342,"11,10,44"
6343,"43,24,323"
6344,"0,271,346"
6345,"0,206,8"
6346,"40,131,402"
6347,"220,10"
6348,"199,38,23"
6349,"3,10,0"
6350,"199,169"
6351,"160,40,315"
6352,"0,265,10"
6353,"0,271,216"
6354,"3,21,200"
6355,"38,10,23"
6356,"3,21,147"
6357,"96,31,23"
6358,"3,4,200"
6359,"40,23,38"
6360,"0,216,40"
6361,"169,170,337"
6362,"43,23,24"
6363,"224,41,40"
6364,"3,21,200"
6365,"40,184,146"
6366,"128,40,130"
6367,"23,31,258"
6368,"220,10,0"
6369,"3,111,40"
6370,"10,11,40"
6371,"3,23,53"
6372,"0,211,216"
6373,"3,40,21"
6374,"220,10"
6375,"40,131"
6376,"3,21,187"
6377,"49,23,38"
6378,"40,184,131"
6379,"3,21,200"
6380,"0,265,216"
6381,"271,0,456"
6382,"0,271,218"
6383,"220,10"
6384,"21,3,40"
6385,"11,10,69"
6386,"0,8,216"
6387,"199,169,259"
6388,"206,0,8"
6389,"3,200,21"
6390,"74,23,38"
6391,"10,220,24"
6392,"38,23,74"
6393,"3,187,199"
6394,"40,402,145"
6395,"169,199,0"
6396,"40,135,184"
6397,"199,169,0"
6398,"0,271,216"
6399,"220,10,221"
6400,"10,11,69"
6401,"0,271,265"
6402,"147,3,148"
6403,"3,21,301"
6404,"43,24,10"
6405,"24,23,43"
6406,"0,206,8"
6407,"40,146,145"
6408,"3,4,435"
6409,"0,346,313"
6410,"3,21,200"
6411,"23,74,38"
6412,"15,16,3"
6413,"40,23,131"
6414,"187,40,3"
6415,"3,21,200"
6416,"3,4"
6417,"23,40,74"
6418,"169,170,171"
6419,"40,131"
6420,"138,135,40"
6421,"3,4,200"
6422,"40,131,241"
6423,"199,169,170"
6424,"10,64,80"
6425,"3,21,13"
6426,"235,0,8"
6427,"40,241,131"
6428,"3,523,53"
6429,"40,131"
6430,"0,8,216"
6431,"199,169,251"
6432,"0,10,265"
6433,"49,24,23"
6434,"0,26,346"
6435,"40,184,131"
6436,"23,38,74"
6437,"23,71,10"
6438,"3,147,148"
6439,"3,17,21"
6440,"40,131,10"
6441,"0,26,346"
6442,"199,169"
6443,"23,107,74"
6444,"10,64,93"
6445,"3,4,200"
6446,"40,184,131"
6447,"4,3,7"
6448,"10,40,3"
6449,"3,17,21"
6450,"199,169,40"
6451,"40,23,135"
6452,"38,23,39"
6453,"8,206,0"
6454,"402,145,40"
6455,"10,23,44"
6456,"0,8,38"
6457,"3,15,16"
6458,"49,40"
6459,"3,170,21"
6460,"10,64,448"
6461,"0,313,271"
6462,"220,10"
6463,"3,23,113"
6464,"23,31,24"
6465,"3,21,200"
6466,"23,10,43"
6467,"199,169,0"
6468,"23,10,24"
6469,"40,241,131"
6470,"0,230,229"
6471,"40,3,13"
6472,"43,24,23"
6473,"3,147,148"
6474,"3,523,147"
6475,"40,131"
6476,"21,3,40"
6477,"3,128,40"
6478,"0,169,199"
6479,"21,3,40"
6480,"0,271,216"
6481,"10,241,40"
6482,"296,169,3"
6483,"40,160,315"
6484,"328,402,23"
6485,"0,216,271"
6486,"0,271,216"
6487,"3,21,200"
6488,"40,131,134"
6489,"23,38,40"
6490,"3,21,200"
6491,"0,271,346"
6492,"169,170,3"
6493,"3,21,367"
6494,"10,64,93"
6495,"38,296,23"
6496,"64,10"
6497,"169,170,241"
6498,"0,8,206"
6499,"199,169,251"
6500,"71,44,24"
6501,"3,200,15"
6502,"206,0,8"
6503,"40,31,77"
6504,"220,10,221"
6505,"10,64,11"
6506,"0,271,216"
6507,"40,135,374"
6508,"11,10,69"
6509,"128,40,129"
6510,"402,40,145"
6511,"3,21,200"
6512,"169,170,171"
6513,"3,187,21"
6514,"10,11,44"
6515,"10,220,221"
6516,"10,11,44"
6517,"40,402,23"
6518,"10,11,69"
6519,"23,74,38"
6520,"40,131,193"
6521,"10,40,402"
6522,"3,523,53"
6523,"4,3,331"
6524,"40,38,402"
6525,"170,171,169"
6526,"169,199,251"
6527,"160,40,315"
6528,"3,21,200"
6529,"3,21,148"
6530,"3,21"
6531,"23,38,10"
6532,"0,346,26"
6533,"3,4"
6534,"199,40,431"
6535,"23,38,24"
6536,"40,3,21"
6537,"3,21,148"
6538,"3,148,147"
6539,"40,128,129"
6540,"402,40,145"
6541,"128,40,129"
6542,"169,170,0"
6543,"220,10,0"
6544,"3,21,200"
6545,"38,23,309"
6546,"10,64,23"
6547,"3,315,160"
6548,"160,315,40"
6549,"40,128,186"
6550,"40,131"
6551,"346,0,313"
6552,"402,145,40"
6553,"10,64,93"
6554,"10,220,221"
6555,"3,21,200"
6556,"11,10,205"
6557,"171,170,169"
6558,"32,23,31"
6559,"0,31,24"
6560,"431,199,40"
6561,"10,23,24"
6562,"23,38,169"
6563,"23,40,24"
6564,"23,71,24"
6565,"71,23,38"
6566,"40,3,139"
6567,"3,21,200"
6568,"3,17,200"
6569,"199,169,251"
6570,"0,271,216"
6571,"0,8,235"
6572,"38,23,26"
6573,"26,23,0"
6574,"49,23,24"
6575,"3,21,111"
6576,"169,337,0"
6577,"10,11,72"
6578,"0,216,211"
6579,"431,199,135"
6580,"402,40,145"
6581,"23,0,49"
6582,"40,131"
6583,"3,21,40"
6584,"40,160,131"
6585,"38,23,74"
6586,"3,15,16"
6587,"43,24,23"
6588,"220,10,71"
6589,"199,169,223"
6590,"23,26,38"
6591,"40,131,241"
6592,"40,139,131"
6593,"220,10"
6594,"40,145,3"
6595,"23,63,38"
6596,"10,0,169"
6597,"3,160,315"
6598,"4,3"
6599,"10,220"
6600,"38,23,74"
6601,"23,44,10"
6602,"3,21"
6603,"10,64,40"
6604,"40,41,224"
6605,"3,21,182"
6606,"3,523,147"
6607,"199,431,169"
6608,"118,23,74"
6609,"10,93,64"
6610,"3,147,148"
6611,"0,271"
6612,"38,23,10"
6613,"10,11"
6614,"3,170,169"
6615,"138,40,135"
6616,"3,4,200"
6617,"40,131,241"
6618,"40,128,131"
6619,"3,17,21"
6620,"3,21,200"
6621,"402,40,145"
6622,"0,211,216"
6623,"206,8,0"
6624,"169,199,170"
6625,"10,11,69"
6626,"138,135,40"
6627,"3,21,200"
6628,"220,10"
6629,"3,5,331"
6630,"0,26,271"
6631,"0,271,216"
6632,"3,21,187"
6633,"0,271,216"
6634,"0,10,3"
6635,"23,118,38"
6636,"26,8,23"
6637,"3,21,200"
6638,"23,38,26"
6639,"10,64,80"
6640,"3,147,148"
6641,"0,271,216"
6642,"169,199,170"
6643,"38,23,10"
6644,"3,21,40"
6645,"26,231,23"
6646,"402,44,145"
6647,"171,170,169"
6648,"169,199,274"
6649,"4,3,331"
6650,"199,169,251"
6651,"10,402,145"
6652,"40,224,41"
6653,"38,23,0"
6654,"23,74,40"
6655,"3,21,200"
6656,"40,3,118"
6657,"23,38,74"
6658,"199,169"
6659,"187,3,21"
6660,"220,10"
6661,"43,23,24"
6662,"402,40,10"
6663,"40,128,131"
6664,"220,10"
6665,"3,21,200"
6666,"0,216,271"
6667,"15,16,3"
6668,"40,131"
6669,"40,131,23"
6670,"40,61,72"
6671,"26,346,0"
6672,"23,10,38"
6673,"10,40,23"
6674,"0,216,211"
6675,"96,31,23"
6676,"10,64,93"
6677,"199,169,170"
6678,"40,31,0"
6679,"0,8,206"
6680,"0,216"
6681,"38,10,23"
6682,"10,40,38"
6683,"10,64,448"
6684,"3,21,200"
6685,"138,135,40"
6686,"160,40,315"
6687,"3,21,200"
6688,"0,402,271"
6689,"0,271,216"
6690,"40,3,10"
6691,"3,40,21"
6692,"199,431,169"
6693,"3,21,200"
6694,"0,271"
6695,"3,147,148"
6696,"3,4,200"
6697,"182,3,68"
6698,"40,131,241"
6699,"3,21,200"
6700,"3,21,200"
6701,"10,11"
6702,"40,128,131"
6703,"220,10,221"
6704,"3,21,200"
6705,"23,38,26"
6706,"13,3,14"
6707,"23,40,24"
6708,"3,15,16"
6709,"23,43,24"
6710,"0,346,313"
6711,"10,24,43"
6712,"3,21,200"
6713,"199,169,170"
6714,"38,23,74"
6715,"199,169,259"
6716,"220,10,221"
6717,"43,24,23"
6718,"0,8,391"
6719,"0,8,23"
6720,"23,38,74"
6721,"23,38,24"
6722,"402,44,10"
6723,"23,38,26"
6724,"220,10"
6725,"40,131,241"
6726,"169,170,199"
6727,"0,271,216"
6728,"3,15,16"
6729,"40,131"
6730,"0,271,216"
6731,"171,170,169"
6732,"3,187,21"
6733,"3,147,148"
6734,"10,11,44"
6735,"26,0,89"
6736,"38,40,241"
6737,"402,145,10"
6738,"220,10"
6739,"3,147,148"
6740,"206,8,0"
6741,"169,199,170"
6742,"10,205,23"
6743,"220,10"
6744,"206,0,8"
6745,"3,21,17"
6746,"74,23,118"
6747,"169,199,24"
6748,"3,21,187"
6749,"3,40,4"
6750,"3,4,200"
6751,"0,271,216"
6752,"40,3,21"
6753,"40,160,315"
6754,"40,3,17"
6755,"169,296"
6756,"10,220,221"
6757,"38,23,48"
6758,"3,21,200"
6759,"3,40,148"
6760,"26,89,23"
6761,"10,11"
6762,"199,169,170"
6763,"231,26,23"
6764,"3,48,21"
6765,"3,21,200"
6766,"0,271"
6767,"10,44,11"
6768,"220,10"
6769,"199,169"
6770,"40,23,317"
6771,"0,216,211"
6772,"118,23,74"
6773,"40,160"
6774,"3,21,200"
6775,"3,4,375"
6776,"3,17,18"
6777,"296,169"
6778,"40,128,129"
6779,"0,271,8"
6780,"3,17,18"
6781,"40,131"
6782,"23,118,74"
6783,"199,169,259"
6784,"402,10,44"
6785,"0,271,313"
6786,"10,220,221"
6787,"40,131"
6788,"10,23,24"
6789,"169,38,23"
6790,"0,206,8"
6791,"10,23,24"
6792,"0,235,8"
6793,"220,10,0"
6794,"49,24,23"
6795,"0,271,26"
6796,"431,199,40"
6797,"23,63,38"
6798,"3,21,200"
6799,"3,4"
6800,"3,4"
6801,"23,71,38"
6802,"3,21,200"
6803,"0,271,216"
6804,"10,11,64"
6805,"23,38,10"
6806,"10,25,220"
6807,"169,0,170"
6808,"169,170,296"
6809,"3,4"
6810,"0,199,169"
6811,"40,3,234"
6812,"3,21,200"
6813,"3,187,21"
6814,"3,4"
6815,"10,11"
6816,"160,40,315"
6817,"199,169,40"
6818,"3,21,200"
6819,"3,21,40"
6820,"0,271,265"
6821,"0,271,265"
6822,"23,10,38"
6823,"40,128,160"
6824,"0,271"
6825,"10,64,80"
6826,"199,431,40"
6827,"40,131"
6828,"0,271,216"
6829,"10,23,24"
6830,"32,23,31"
6831,"43,24,23"
6832,"169,170,426"
6833,"3,21"
6834,"3,21,148"
6835,"40,135,295"
6836,"4,3,19"
6837,"10,64,80"
6838,"40,131,241"
6839,"74,23,38"
6840,"220,10"
6841,"169,337,274"
6842,"23,71,24"
6843,"38,23,0"
6844,"40,3,41"
6845,"0,271"
6846,"402,145,40"
6847,"187,3,21"
6848,"10,11,0"
6849,"23,43,24"
6850,"3,21,148"
6851,"10,220,23"
6852,"10,145,64"
6853,"0,206,220"
6854,"71,23,402"
6855,"3,21,200"
6856,"38,23,10"
6857,"15,16,3"
6858,"206,0,8"
6859,"0,346,313"
6860,"169,199,170"
6861,"169,199,170"
6862,"3,148,147"
6863,"10,44,402"
6864,"10,11"
6865,"40,162,128"
6866,"169,337,170"
6867,"10,64,24"
6868,"0,271,216"
6869,"10,64,80"
6870,"3,523,200"
6871,"40,131,160"
6872,"40,131"
6873,"23,10,118"
6874,"0,271,456"
6875,"26,0,23"
6876,"199,169,259"
6877,"26,89,23"
6878,"169,3,170"
6879,"3,21"
6880,"0,206,8"
6881,"10,220"
6882,"199,169,281"
6883,"43,323,181"
6884,"0,346,313"
6885,"296,169"
6886,"40,199,169"
6887,"43,23,24"
6888,"3,160,21"
6889,"10,11,44"
6890,"0,271,216"
6891,"23,38,74"
6892,"26,0,23"
6893,"0,271,26"
6894,"38,23"
6895,"43,24,23"
6896,"40,0,17"
6897,"0,265,271"
6898,"23,3,105"
6899,"40,128,130"
6900,"23,38,63"
6901,"10,11,69"
6902,"199,169,251"
6903,"220,10"
6904,"38,23"
6905,"26,23,38"
6906,"74,23,38"
6907,"3,15,16"
6908,"23,118,74"
6909,"402,145,40"
6910,"0,8,391"
6911,"15,16,3"
6912,"171,170,169"
6913,"40,131"
6914,"0,8,206"
6915,"206,8,0"
6916,"23,74,38"
6917,"38,23,74"
6918,"328,49,96"
6919,"40,4,131"
6920,"3,4,200"
6921,"10,220"
6922,"3,4,200"
6923,"118,74,23"
6924,"23,74,38"
6925,"171,0,216"
6926,"23,26,38"
6927,"10,220"
6928,"0,271,216"
6929,"23,74,38"
6930,"3,15,200"
6931,"10,64,80"
6932,"40,160,315"
6933,"199,169,251"
6934,"10,220,221"
6935,"3,85,86"
6936,"3,40,21"
6937,"38,23,0"
6938,"3,275,200"
6939,"10,44,11"
6940,"23,74,71"
6941,"0,271,265"
6942,"145,402,40"
6943,"170,171,169"
6944,"3,4"
6945,"23,40,38"
6946,"169,170,0"
6947,"0,8,271"
6948,"3,21,147"
6949,"3,5,331"
6950,"3,4,200"
6951,"10,64,93"
6952,"49,23,24"
6953,"3,169,21"
6954,"10,220"
6955,"10,64,448"
6956,"220,10"
6957,"15,16,3"
6958,"220,10"
6959,"169,199,0"
6960,"3,4,21"
6961,"3,21,200"
6962,"10,23,38"
6963,"4,3,7"
6964,"40,241,131"
6965,"199,169,0"
6966,"23,26,38"
6967,"38,23,26"
6968,"0,366,216"
6969,"24,23,49"
6970,"3,200,21"
6971,"3,21,40"
6972,"40,131,241"
6973,"402,23,38"
6974,"71,23,24"
6975,"170,169,171"
6976,"220,10"
6977,"3,21,17"
6978,"3,21,187"
6979,"0,206,8"
6980,"3,21,160"
6981,"10,220"
6982,"199,323,169"
6983,"10,64,93"
6984,"40,160,128"
6985,"40,41,139"
6986,"199,169,251"
6987,"169,199,0"
6988,"160,40,315"
6989,"170,169,171"
6990,"169,170,199"
6991,"169,199,0"
6992,"40,224,3"
6993,"169,296"
6994,"38,23"
6995,"3,4,200"
6996,"3,21,187"
6997,"40,184,131"
6998,"169,171,170"
6999,"131,40,134"
7000,"10,64,93"
7001,"10,64"
7002,"40,0,128"
7003,"10,64,93"
7004,"3,21,187"
7005,"40,128,162"
7006,"296,169,300"
7007,"40,3,41"
7008,"3,147,148"
7009,"4,3"
7010,"3,4"
7011,"40,131"
7012,"3,21,200"
7013,"23,40,74"
7014,"0,271,216"
7015,"32,31,23"
7016,"402,10,44"
7017,"0,271,216"
7018,"3,17,21"
7019,"3,182,21"
7020,"10,23,3"
7021,"402,40,145"
7022,"40,131,128"
7023,"10,11,72"
7024,"38,23,39"
7025,"3,182,21"
7026,"3,21,40"
7027,"26,23,10"
7028,"0,271,360"
7029,"40,10,3"
7030,"40,41,224"
7031,"3,53,200"
7032,"3,21,17"
7033,"26,0,89"
7034,"0,271,216"
7035,"10,24,11"
7036,"10,44,402"
7037,"3,200,34"
7038,"40,184,131"
7039,"10,11"
7040,"169,170,0"
7041,"23,40,328"
7042,"43,323,181"
7043,"10,64,93"
7044,"24,23,43"
7045,"138,40,135"
7046,"23,24,38"
7047,"10,402,23"
7048,"3,21"
7049,"40,41,128"
7050,"199,169,223"
7051,"169,8,274"
7052,"23,26,0"
7053,"220,10"
7054,"40,160,315"
7055,"169,170,337"
7056,"10,23,24"
7057,"0,8,206"
7058,"3,10,13"
7059,"38,23,74"
7060,"3,21,17"
7061,"3,4,200"
7062,"40,23,74"
7063,"199,169,251"
7064,"26,23,89"
7065,"40,0,8"
7066,"0,271,216"
7067,"220,10"
7068,"199,169,259"
7069,"206,0,8"
7070,"23,74,38"
7071,"296,169,170"
7072,"38,23,175"
7073,"38,23,10"
7074,"49,3,10"
7075,"10,220,402"
7076,"0,271,265"
7077,"10,402,145"
7078,"23,74,38"
7079,"169,38,23"
7080,"3,17,18"
7081,"23,402,10"
7082,"10,220"
7083,"170,169,171"
7084,"0,8,235"
7085,"3,40,21"
7086,"38,23"
7087,"38,23,74"
7088,"43,24,23"
7089,"3,21,147"
7090,"3,4,331"
7091,"10,64,93"
7092,"23,38,24"
7093,"3,21,40"
7094,"3,13,40"
7095,"402,145,10"
7096,"3,21"
7097,"220,10,221"
7098,"3,169,21"
7099,"10,31,23"
7100,"0,346,313"
7101,"32,31,23"
7102,"10,23,0"
7103,"49,23,24"
7104,"23,74,38"
7105,"160,40,315"
7106,"10,402,40"
7107,"49,24,23"
7108,"10,11,72"
7109,"38,23,10"
7110,"10,11"
7111,"118,23,74"
7112,"169,170,274"
7113,"40,10,258"
7114,"38,23,309"
7115,"26,0,23"
7116,"40,23,10"
7117,"43,24,23"
7118,"10,23,220"
7119,"40,131"
7120,"40,129,0"
7121,"10,402,145"
7122,"0,235,8"
7123,"138,135,40"
7124,"3,21,200"
7125,"96,31,23"
7126,"170,169,171"
7127,"3,21"
7128,"220,10"
7129,"10,64,93"
7130,"3,21,200"
7131,"199,169,223"
7132,"10,11,24"
7133,"0,271"
7134,"10,64,24"
7135,"0,346,313"
7136,"169,38,199"
7137,"0,271,10"
7138,"3,182,21"
7139,"3,21,40"
7140,"3,21,200"
7141,"40,128,0"
7142,"23,38,105"
7143,"10,220"
7144,"199,169,0"
7145,"169,296,170"
7146,"23,74,38"
7147,"0,271"
7148,"40,128,41"
7149,"40,184,146"
7150,"3,187,199"
7151,"3,169,199"
7152,"169,199,40"
7153,"199,169,3"
7154,"206,0,8"
7155,"10,44,402"
7156,"3,40,224"
7157,"3,4,227"
7158,"3,199,21"
7159,"0,175,40"
7160,"40,160,315"
7161,"23,24,74"
7162,"171,170,169"
7163,"3,0,21"
7164,"40,3,21"
7165,"169,170,199"
7166,"169,3,21"
7167,"23,74,38"
7168,"3,40,41"
7169,"3,21,200"
7170,"0,402,10"
7171,"160,40,315"
7172,"40,160,128"
7173,"3,4"
7174,"0,8,235"
7175,"3,15,16"
7176,"0,216,271"
7177,"3,21,199"
7178,"0,271,216"
7179,"0,169,199"
7180,"138,135,40"
7181,"131,241,40"
7182,"40,128,3"
7183,"231,26,23"
7184,"169,296,199"
7185,"402,145,40"
7186,"402,10,145"
7187,"3,21,200"
7188,"24,43,10"
7189,"220,10"
7190,"3,200,21"
7191,"3,21,200"
7192,"10,169,24"
7193,"40,131"
7194,"128,40,129"
7195,"0,271,456"
7196,"160,40,315"
7197,"10,0,11"
7198,"40,3,41"
7199,"402,44,40"
7200,"0,271,313"
7201,"141,135,23"
7202,"10,64,93"
7203,"0,216,211"
7204,"199,169,343"
7205,"40,23,24"
7206,"402,145,40"
7207,"0,216,211"
7208,"3,21,17"
7209,"10,0,220"
7210,"3,21,4"
7211,"15,3,16"
7212,"3,4"
7213,"128,129,40"
7214,"43,23,24"
7215,"10,64,80"
7216,"3,21,200"
7217,"138,169,135"
7218,"199,40,169"
7219,"10,64,93"
7220,"10,220,221"
7221,"23,38,105"
7222,"23,402,38"
7223,"199,169,170"
7224,"220,10"
7225,"169,199,138"
7226,"3,21,200"
7227,"3,0,13"
7228,"3,21,204"
7229,"40,131,128"
7230,"3,21,200"
7231,"40,241,131"
7232,"0,271,216"
7233,"23,38,74"
7234,"3,21,17"
7235,"32,23,31"
7236,"10,220"
7237,"40,402,10"
7238,"3,21,40"
7239,"3,23,105"
7240,"3,17,200"
7241,"169,199,21"
7242,"3,15,200"
7243,"169,199,40"
7244,"3,13,21"
7245,"3,21,200"
7246,"160,40,3"
7247,"3,21,200"
7248,"40,146,145"
7249,"23,38,118"
7250,"169,199,21"
7251,"3,147,40"
7252,"3,21,200"
7253,"31,23,258"
7254,"128,40,130"
7255,"402,10,220"
7256,"17,40,10"
7257,"3,10,15"
7258,"199,10,169"
7259,"0,265,3"
7260,"23,24,43"
7261,"3,21,200"
7262,"40,169,199"
7263,"40,131,162"
7264,"0,366,216"
7265,"169,0,170"
7266,"23,38,74"
7267,"0,271,456"
7268,"3,21,200"
7269,"199,169,343"
7270,"23,10,105"
7271,"3,21,187"
7272,"3,170,169"
7273,"40,3,135"
7274,"3,187,21"
7275,"0,271"
7276,"0,26,8"
7277,"43,24,23"
7278,"40,23,38"
7279,"40,160,315"
7280,"3,17,21"
7281,"4,3"
7282,"49,40,24"
7283,"402,10,44"
7284,"0,271,265"
7285,"3,147,148"
7286,"0,265,273"
7287,"169,337,170"
7288,"3,21,17"
7289,"199,169,251"
7290,"3,4,19"
7291,"40,145,146"
7292,"32,23,31"
7293,"3,21,40"
7294,"40,131,241"
7295,"3,21,200"
7296,"0,206,8"
7297,"49,23,24"
7298,"0,271,265"
7299,"23,26,38"
7300,"10,11,221"
7301,"10,64,93"
7302,"169,337,170"
7303,"10,11,72"
7304,"169,337,0"
7305,"402,145,44"
7306,"3,17,21"
7307,"23,10,345"
7308,"43,323,24"
7309,"3,169,230"
7310,"3,21,200"
7311,"3,4,200"
7312,"11,10"
7313,"43,24,181"
7314,"0,271,265"
7315,"0,271"
7316,"131,40,241"
7317,"3,40,21"
7318,"23,10,62"
7319,"169,0,296"
7320,"23,74,38"
7321,"40,138,135"
7322,"40,131,193"
7323,"3,187,21"
7324,"31,40,0"
7325,"0,26,23"
7326,"26,231,0"
7327,"3,21,40"
7328,"431,199,40"
7329,"0,271"
7330,"3,21,17"
7331,"32,23,31"
7332,"40,224,41"
7333,"40,128,129"
7334,"0,271,216"
7335,"169,199,251"
7336,"199,169,259"
7337,"38,23,74"
7338,"10,24,60"
7339,"40,128,130"
7340,"15,3,16"
7341,"23,38,26"
7342,"40,315,160"
7343,"3,21,40"
7344,"171,170,169"
7345,"3,21,40"
7346,"40,3,123"
7347,"3,187,21"
7348,"231,26,23"
7349,"3,21,200"
7350,"40,184,243"
7351,"0,10,218"
7352,"23,38,74"
7353,"40,131"
7354,"0,265,271"
7355,"10,64,93"
7356,"3,13,10"
7357,"169,199,3"
7358,"3,21,200"
7359,"3,21,169"
7360,"8,206,0"
7361,"3,367,21"
7362,"40,131"
7363,"4,3,19"
7364,"3,21,160"
7365,"10,64,80"
7366,"169,170,199"
7367,"23,74,38"
7368,"3,40,21"
7369,"23,38,241"
7370,"220,10,0"
7371,"0,216,211"
7372,"15,3,16"
7373,"3,182,21"
7374,"3,21,200"
7375,"38,23,175"
7376,"44,10,73"
7377,"10,11,24"
7378,"40,128,129"
7379,"3,4,21"
7380,"169,199,251"
7381,"3,21,40"
7382,"10,220"
7383,"3,21,187"
7384,"0,218,216"
7385,"0,211,212"
7386,"4,3,7"
7387,"10,11,72"
7388,"23,24,49"
7389,"3,32,148"
7390,"3,21"
7391,"40,129,128"
7392,"10,402,145"
7393,"40,23,31"
7394,"23,38,0"
7395,"3,40,96"
7396,"169,40,170"
7397,"3,4,21"
7398,"10,220"
7399,"89,26,23"
7400,"402,44,10"
7401,"23,38,105"
7402,"10,64,80"
7403,"216,40,0"
7404,"40,241,131"
7405,"10,64,80"
7406,"40,241,131"
7407,"0,216,211"
7408,"169,199,170"
7409,"43,24,23"
7410,"3,199,21"
7411,"40,162,128"
7412,"40,135,41"
7413,"3,15,200"
7414,"3,147,148"
7415,"10,24,23"
7416,"10,145,402"
7417,"199,259,169"
7418,"40,131"
7419,"23,38,40"
7420,"509,0,218"
7421,"21,3,187"
7422,"199,169,0"
7423,"10,64"
7424,"23,38,0"
7425,"3,21,200"
7426,"10,11,69"
7427,"0,271,265"
7428,"3,200,4"
7429,"10,44,221"
7430,"224,41,40"
7431,"26,23,350"
7432,"169,374,199"
7433,"74,23,3"
7434,"199,169"
7435,"40,128,38"
7436,"3,21,17"
7437,"10,24,64"
7438,"0,271"
7439,"23,74,10"
7440,"0,346,313"
7441,"10,11,72"
7442,"199,169"
7443,"10,11"
7444,"199,169,40"
7445,"3,46,15"
7446,"23,38,74"
7447,"96,31,40"
7448,"3,21,200"
7449,"49,23,24"
7450,"3,21"
7451,"3,21"
7452,"23,40,71"
7453,"3,21,199"
7454,"0,26,291"
7455,"3,4,200"
7456,"169,337,274"
7457,"10,64,11"
7458,"23,74,38"
7459,"10,44,11"
7460,"346,26,313"
7461,"3,17,18"
7462,"49,10,24"
7463,"3,21,187"
7464,"374,169,199"
7465,"3,21,200"
7466,"38,241,23"
7467,"0,206,8"
7468,"74,23,40"
7469,"3,4,17"
7470,"23,31,24"
7471,"23,38,63"
7472,"199,169,323"
7473,"40,199,169"
7474,"0,271,216"
7475,"3,17,18"
7476,"160,40,315"
7477,"138,135,169"
7478,"10,24,23"
7479,"0,271"
7480,"3,21,200"
7481,"10,11,72"
7482,"169,170,199"
7483,"3,15,187"
7484,"0,271,216"
7485,"64,10,80"
7486,"0,216,370"
7487,"40,131,134"
7488,"0,271,216"
7489,"40,131,128"
7490,"3,21,200"
7491,"40,41,3"
7492,"40,128,175"
7493,"220,10"
7494,"0,49,40"
7495,"38,23,309"
7496,"40,41,224"
7497,"220,10"
7498,"0,346,313"
7499,"199,169,170"
7500,"3,4"
7501,"0,271"
7502,"10,11,220"
7503,"0,271,231"
7504,"169,170,31"
7505,"169,199,345"
7506,"23,74,38"
7507,"3,182,200"
7508,"170,171,169"
7509,"23,71,38"
7510,"3,15,148"
7511,"71,23,40"
7512,"169,0,199"
7513,"10,93,23"
7514,"23,32,31"
7515,"3,21,40"
7516,"3,21,200"
7517,"199,169,259"
7518,"40,131,134"
7519,"40,199,169"
7520,"10,220"
7521,"38,23,26"
7522,"10,220,23"
7523,"169,170,3"
7524,"0,271,216"
7525,"40,131,23"
7526,"3,15,147"
7527,"40,131,241"
7528,"3,4,200"
7529,"169,170,199"
7530,"24,23,10"
7531,"10,11,69"
7532,"40,146,145"
7533,"3,4,17"
7534,"15,3,16"
7535,"25,10,24"
7536,"10,64,3"
7537,"160,315,40"
7538,"3,21,187"
7539,"0,8,206"
7540,"135,40,189"
7541,"169,199,3"
7542,"40,21,3"
7543,"32,23,31"
7544,"0,366,271"
7545,"3,187,21"
7546,"0,8,206"
7547,"10,49,346"
7548,"0,271,216"
7549,"402,145,40"
7550,"3,40,10"
7551,"0,271,216"
7552,"3,21,199"
7553,"15,16,3"
7554,"10,64,11"
7555,"220,10,221"
7556,"290,31,23"
7557,"3,4"
7558,"40,135,118"
7559,"169,170,199"
7560,"23,71,38"
7561,"3,21,200"
7562,"199,169,0"
7563,"43,23,24"
7564,"3,15,16"
7565,"234,10,60"
7566,"10,220"
7567,"206,8,0"
7568,"220,10"
7569,"3,21,200"
7570,"10,64,93"
7571,"21,3,40"
7572,"71,10,24"
7573,"220,10,221"
7574,"40,3,17"
7575,"38,23,26"
7576,"3,4,19"
7577,"241,40,131"
7578,"169,199,251"
7579,"23,24,10"
7580,"38,23,74"
7581,"10,23,44"
7582,"0,216,271"
7583,"3,15,16"
7584,"40,131,241"
7585,"3,169,199"
7586,"3,21,148"
7587,"43,24,23"
7588,"3,21,148"
7589,"10,402,44"
7590,"3,21,200"
7591,"40,135,131"
7592,"3,147,148"
7593,"3,4"
7594,"15,16,3"
7595,"0,271,216"
7596,"43,24,23"
7597,"220,10,40"
7598,"23,74,40"
7599,"199,169,345"
7600,"199,169"
7601,"43,24,23"
7602,"71,23,38"
7603,"96,31,40"
7604,"23,38,74"
7605,"0,271"
7606,"26,23,350"
7607,"3,200,21"
7608,"220,10"
7609,"49,23,24"
7610,"0,216,230"
7611,"3,21,200"
7612,"10,64,80"
7613,"0,216,271"
7614,"10,11"
7615,"271,0"
7616,"10,220"
7617,"402,10,145"
7618,"3,21,200"
7619,"10,23,105"
7620,"23,43,24"
7621,"10,11,72"
7622,"24,10,23"
7623,"3,21,200"
7624,"170,171,169"
7625,"0,271,216"
7626,"3,21,200"
7627,"3,17,18"
7628,"3,21,200"
7629,"40,160,315"
7630,"23,49,24"
7631,"3,21,200"
7632,"24,23,43"
7633,"10,220"
7634,"26,89,23"
7635,"3,21,187"
7636,"10,96,93"
7637,"10,40,0"
7638,"40,160,315"
7639,"3,21,200"
7640,"49,24,23"
7641,"290,31,23"
7642,"0,211,216"
7643,"0,216,31"
7644,"3,169,170"
7645,"40,23,74"
7646,"3,21,5"
7647,"0,216,218"
7648,"38,23,74"
7649,"0,271,216"
7650,"296,169,300"
7651,"220,10"
7652,"160,315,40"
7653,"21,3,40"
7654,"10,64,80"
7655,"26,23,89"
7656,"43,24,23"
7657,"3,15,16"
7658,"38,23,175"
7659,"3,21,200"
7660,"3,21,200"
7661,"40,131,241"
7662,"220,10"
7663,"23,71,24"
7664,"199,169,323"
7665,"40,131"
7666,"199,431,40"
7667,"3,21,17"
7668,"3,147,148"
7669,"3,169,337"
7670,"0,271"
7671,"171,170,169"
7672,"220,10,402"
7673,"10,220"
7674,"170,169,459"
7675,"10,23,24"
7676,"128,40,195"
7677,"31,23,258"
7678,"23,24,43"
7679,"3,21,200"
7680,"3,21"
7681,"170,171,169"
7682,"40,131"
7683,"0,26,23"
7684,"3,21,200"
7685,"10,220,169"
7686,"0,271,265"
7687,"3,4,15"
7688,"138,40,135"
7689,"3,21,200"
7690,"3,21,200"
7691,"138,40,135"
7692,"241,40,131"
7693,"10,64,24"
7694,"3,17,18"
7695,"0,10,216"
7696,"0,216,8"
7697,"3,28,74"
7698,"40,135,23"
7699,"49,23,24"
7700,"169,170,40"
7701,"40,131,23"
7702,"169,199,345"
7703,"10,64,93"
7704,"38,23,26"
7705,"128,40,195"
7706,"3,275,4"
7707,"3,21,200"
7708,"206,10,8"
7709,"128,40,130"
7710,"160,40,315"
7711,"38,23,26"
7712,"3,21,0"
7713,"71,23,74"
7714,"0,26,271"
7715,"24,23,38"
7716,"0,169,199"
7717,"40,128,129"
7718,"10,64,11"
7719,"3,200,21"
7720,"40,131,128"
7721,"10,64,80"
7722,"3,21,40"
7723,"23,118,74"
7724,"3,175,187"
7725,"10,220,402"
7726,"3,21,40"
7727,"10,64,448"
7728,"40,131,146"
7729,"40,3,17"
7730,"40,3,17"
7731,"170,171,169"
7732,"3,21,0"
7733,"0,23,346"
7734,"10,64,448"
7735,"61,60,24"
7736,"40,141,138"
7737,"3,200,21"
7738,"160,315,40"
7739,"17,3,18"
7740,"23,24,38"
7741,"290,31,23"
7742,"3,4,200"
7743,"3,21,148"
7744,"3,21,200"
7745,"3,21,200"
7746,"40,21,3"
7747,"3,21"
7748,"26,231,10"
7749,"40,3,41"
7750,"10,60,145"
7751,"4,3,7"
7752,"0,271,216"
7753,"3,21,40"
7754,"0,23,24"
7755,"17,3,0"
7756,"3,21,200"
7757,"10,23,169"
7758,"32,23,31"
7759,"23,10,220"
7760,"38,23,24"
7761,"0,271,265"
7762,"40,402,145"
7763,"0,26,23"
7764,"23,118,0"
7765,"15,16,3"
7766,"10,64,93"
7767,"3,17,187"
7768,"15,3,16"
7769,"40,135,138"
7770,"147,148,23"
7771,"3,21,200"
7772,"3,21,40"
7773,"169,199,251"
7774,"0,271,216"
7775,"0,8,235"
7776,"3,523,147"
7777,"38,23,0"
7778,"40,131,134"
7779,"10,38,220"
7780,"10,11,69"
7781,"3,21,148"
7782,"23,71,165"
7783,"169,199,0"
7784,"4,3,331"
7785,"220,10,221"
7786,"3,21,200"
7787,"38,23"
7788,"346,0,313"
7789,"23,38,26"
7790,"38,23"
7791,"10,11,69"
7792,"21,3,40"
7793,"40,241,187"
7794,"10,220"
7795,"3,123,111"
7796,"220,10"
7797,"199,169,10"
7798,"169,199,40"
7799,"38,23,39"
7800,"241,40,131"
7801,"10,44,72"
7802,"40,23,74"
7803,"10,11,23"
7804,"17,3,18"
7805,"3,21,200"
7806,"40,131,134"
7807,"3,21,199"
7808,"3,23,38"
7809,"10,11,69"
7810,"0,313,346"
7811,"3,21,200"
7812,"10,11"
7813,"0,169,199"
7814,"169,171,170"
7815,"40,41,224"
7816,"40,3,17"
7817,"10,64"
7818,"3,21,187"
7819,"3,169,21"
7820,"43,24,23"
7821,"71,23,24"
7822,"0,271"
7823,"10,23,26"
7824,"15,3,16"
7825,"3,15,16"
7826,"431,135,40"
7827,"0,271,265"
7828,"26,89,40"
7829,"0,313,346"
7830,"23,26,38"
7831,"169,199,170"
7832,"0,31,171"
7833,"10,40,241"
7834,"3,21,200"
7835,"199,169,10"
7836,"169,199,251"
7837,"169,199,251"
7838,"10,11"
7839,"10,44,23"
7840,"3,182,68"
7841,"38,26,23"
7842,"40,131,128"
7843,"3,21,169"
7844,"0,271,456"
7845,"43,24,23"
7846,"40,131"
7847,"160,40,315"
7848,"3,4,148"
7849,"3,21,17"
7850,"3,21"
7851,"3,21,200"
7852,"40,128,130"
7853,"0,206,8"
7854,"10,23,24"
7855,"169,199,251"
7856,"10,44,402"
7857,"40,10,17"
7858,"40,160,315"
7859,"0,271,265"
7860,"0,235,8"
7861,"3,4,200"
7862,"23,74,118"
7863,"40,145,146"
7864,"3,23,40"
7865,"23,38,74"
7866,"23,38,10"
7867,"49,23,24"
7868,"0,271,169"
7869,"3,200,21"
7870,"10,64,93"
7871,"23,24,49"
7872,"3,200,4"
7873,"10,169,234"
7874,"0,26,271"
7875,"40,23,131"
7876,"23,32,31"
7877,"10,64"
7878,"40,141,3"
7879,"169,199,170"
7880,"3,21,40"
7881,"3,0,265"
7882,"10,64,93"
7883,"24,43,10"
7884,"138,40,135"
7885,"0,169,271"
7886,"17,3,18"
7887,"523,3,147"
7888,"0,265,49"
7889,"32,23,31"
7890,"17,3,15"
7891,"0,216,211"
7892,"234,10,60"
7893,"0,8,235"
7894,"3,147,148"
7895,"3,13,204"
7896,"40,23,74"
7897,"170,171,169"
7898,"40,160,315"
7899,"3,21,17"
7900,"10,220,0"
7901,"23,31,10"
7902,"0,271,216"
7903,"0,26,231"
7904,"3,21,200"
7905,"3,21,182"
7906,"171,170,169"
7907,"3,21,199"
7908,"199,169,259"
7909,"40,23,135"
7910,"169,171,170"
7911,"38,23,40"
7912,"23,74,165"
7913,"0,199,169"
7914,"10,43,64"
7915,"3,4,21"
7916,"3,523,147"
7917,"43,24,23"
7918,"402,44,10"
7919,"169,199,251"
7920,"199,169,251"
7921,"220,10,0"
7922,"169,296,10"
7923,"10,64,448"
7924,"3,170,169"
7925,"23,38,74"
7926,"10,64,93"
7927,"23,24,38"
7928,"23,74,38"
7929,"40,131"
7930,"0,271"
7931,"3,13,21"
7932,"0,271,265"
7933,"3,21,200"
7934,"3,21,96"
7935,"169,0,199"
7936,"3,10,300"
7937,"0,8,206"
7938,"10,23,44"
7939,"3,15,16"
7940,"135,141,3"
7941,"32,23,31"
7942,"10,11,72"
7943,"431,135,40"
7944,"128,40,129"
7945,"23,31,0"
7946,"169,170,337"
7947,"24,23,43"
7948,"138,135,40"
7949,"10,24,402"
7950,"23,38,74"
7951,"3,21,17"
7952,"4,3,19"
7953,"40,131"
7954,"0,271,216"
7955,"160,40,315"
7956,"3,21,200"
7957,"10,402,40"
7958,"40,241,131"
7959,"0,265,211"
7960,"199,259,169"
7961,"0,169,216"
7962,"402,44,45"
7963,"4,3,7"
7964,"3,147,10"
7965,"3,13,204"
7966,"3,15,16"
7967,"3,21,200"
7968,"23,38,40"
7969,"3,21,169"
7970,"40,3,160"
7971,"40,135,10"
7972,"40,131,241"
7973,"3,21,200"
7974,"0,271,456"
7975,"26,23,38"
7976,"23,10,44"
7977,"23,10,24"
7978,"0,216,271"
7979,"40,128,38"
7980,"24,23,43"
7981,"38,23,10"
7982,"40,131,241"
7983,"40,41,23"
7984,"3,21,148"
7985,"40,131,134"
7986,"10,220,221"
7987,"40,129,128"
7988,"40,0,3"
7989,"10,220,221"
7990,"26,23,0"
7991,"23,24,43"
7992,"3,15,187"
7993,"0,10,265"
7994,"43,323,181"
7995,"199,169,281"
7996,"0,271"
7997,"3,21,200"
7998,"13,3,204"
7999,"231,26,23"
8000,"169,199,170"
8001,"74,23,13"
8002,"40,131"
8003,"3,111,200"
8004,"402,23,26"
8005,"10,170,169"
8006,"10,64"
8007,"15,3,16"
8008,"3,21,200"
8009,"231,26,23"
8010,"26,23,0"
8011,"3,275"
8012,"8,0,206"
8013,"49,23,24"
8014,"0,271,216"
8015,"0,346,26"
8016,"199,169,40"
8017,"3,21"
8018,"3,21,40"
8019,"10,44,45"
8020,"234,10,60"
8021,"3,21,148"
8022,"38,23,26"
8023,"241,40,3"
8024,"10,61,72"
8025,"40,3,131"
8026,"138,40,135"
8027,"10,11,221"
8028,"0,271,366"
8029,"3,4,435"
8030,"3,187,170"
8031,"169,170,199"
8032,"23,26,38"
8033,"17,3,18"
8034,"23,31,24"
8035,"3,21"
8036,"40,23,74"
8037,"40,3,21"
8038,"40,241,175"
8039,"10,64"
8040,"3,187,21"
8041,"169,0,216"
8042,"40,10,139"
8043,"0,271,216"
8044,"199,169,241"
8045,"220,10"
8046,"3,21,200"
8047,"3,13,21"
8048,"13,3,10"
8049,"169,31,93"
8050,"3,17,21"
8051,"23,26,350"
8052,"206,8,0"
8053,"300,3,169"
8054,"3,17,187"
8055,"10,402,44"
8056,"10,23,40"
8057,"23,38,26"
8058,"3,32,21"
8059,"23,74,118"
8060,"220,10"
8061,"10,220"
8062,"241,40,199"
8063,"128,40,130"
8064,"24,10,43"
8065,"169,170,417"
8066,"3,4,200"
8067,"3,21,200"
8068,"3,200,21"
8069,"402,145,40"
8070,"3,17,21"
8071,"10,11"
8072,"23,71,44"
8073,"138,135,40"
8074,"508,31,258"
8075,"23,71,38"
8076,"40,184,131"
8077,"10,13,14"
8078,"23,38,71"
8079,"3,21,200"
8080,"40,241,131"
8081,"43,24,23"
8082,"0,26,23"
8083,"40,131"
8084,"40,118,128"
8085,"40,128,130"
8086,"3,21,187"
8087,"0,216,211"
8088,"0,271,265"
8089,"0,8,26"
8090,"0,271,313"
8091,"3,200,53"
8092,"10,23,24"
8093,"220,10"
8094,"169,199,171"
8095,"199,259,169"
8096,"40,131"
8097,"3,4,21"
8098,"220,10,0"
8099,"402,10,145"
8100,"38,23"
8101,"171,170,169"
8102,"26,23,38"
8103,"3,21,4"
8104,"3,21,4"
8105,"3,21,200"
8106,"402,145,40"
8107,"3,21,40"
8108,"3,15,200"
8109,"0,271"
8110,"3,147,148"
8111,"43,23,24"
8112,"31,169,258"
8113,"3,4,200"
8114,"40,128,162"
8115,"23,40,74"
8116,"3,147,148"
8117,"220,10"
8118,"3,21,148"
8119,"38,0,8"
8120,"23,26,231"
8121,"43,24,23"
8122,"15,3,16"
8123,"40,23,74"
8124,"169,296,40"
8125,"199,169,323"
8126,"10,11,221"
8127,"10,44,73"
8128,"23,10,24"
8129,"40,243,184"
8130,"23,38,74"
8131,"0,265,216"
8132,"32,31,23"
8133,"40,160,315"
8134,"220,10"
8135,"0,218,346"
8136,"296,169,170"
8137,"3,15,523"
8138,"3,21,13"
8139,"220,10"
8140,"38,23,74"
8141,"3,21"
8142,"10,23,38"
8143,"199,169,323"
8144,"296,169"
8145,"40,160,131"
8146,"3,17,21"
8147,"3,21,200"
8148,"3,4,200"
8149,"0,26,8"
8150,"296,169"
8151,"0,8,235"
8152,"160,40,315"
8153,"23,24,10"
8154,"0,271,291"
8155,"3,21,40"
8156,"346,0,313"
8157,"23,38,74"
8158,"0,8,235"
8159,"38,23,40"
8160,"40,128,160"
8161,"40,184,185"
8162,"3,187,21"
8163,"3,15,147"
8164,"23,38,10"
8165,"40,3,184"
8166,"24,43,23"
8167,"3,21,200"
8168,"3,4,200"
8169,"3,21,200"
8170,"0,271,216"
8171,"23,38,24"
8172,"169,199,170"
8173,"26,89,23"
8174,"0,216,271"
8175,"0,271,216"
8176,"40,131,241"
8177,"3,23,43"
8178,"0,271,265"
8179,"3,4"
8180,"169,170,0"
8181,"40,131"
8182,"241,40,131"
8183,"23,38,24"
8184,"40,131,134"
8185,"220,10,402"
8186,"169,199,3"
8187,"3,182,21"
8188,"3,21,40"
8189,"199,169,10"
8190,"31,23,96"
8191,"40,128,315"
8192,"3,15,23"
8193,"10,323,24"
8194,"3,21,148"
8195,"38,23,137"
8196,"402,40,145"
8197,"3,21,85"
8198,"38,23,74"
8199,"10,93,64"
8200,"220,10"
8201,"0,211,212"
8202,"3,206,0"
8203,"3,21,170"
8204,"38,23,26"
8205,"0,8,206"
8206,"23,26,38"
8207,"0,271"
8208,"40,241,131"
8209,"199,169,402"
8210,"0,346,8"
8211,"10,0,40"
8212,"38,40,74"
8213,"0,235,8"
8214,"38,23,309"
8215,"0,271"
8216,"10,220"
8217,"3,17,18"
8218,"4,3"
8219,"49,23,24"
8220,"3,21,200"
8221,"49,23,24"
8222,"10,23,105"
8223,"3,21,200"
8224,"23,24,49"
8225,"49,169,199"
8226,"40,241,131"
8227,"40,3,128"
8228,"0,26,23"
8229,"23,31,24"
8230,"3,21"
8231,"0,271"
8232,"23,74,38"
8233,"43,24,23"
8234,"3,21,23"
8235,"38,308,23"
8236,"23,38,74"
8237,"3,300,21"
8238,"3,0,17"
8239,"0,216,271"
8240,"0,271"
8241,"43,24,60"
8242,"3,4"
8243,"40,131,241"
8244,"315,160,40"
8245,"40,131,402"
8246,"234,10,60"
8247,"23,38,10"
8248,"3,4,200"
8249,"0,211,216"
8250,"32,23,31"
8251,"169,199,170"
8252,"0,271,216"
8253,"0,8,206"
8254,"10,64,80"
8255,"10,24,239"
8256,"10,64,239"
8257,"3,21,0"
8258,"24,49,23"
8259,"40,131,134"
8260,"23,43,24"
8261,"10,64,24"
8262,"10,23,24"
8263,"3,187,21"
8264,"0,370,216"
8265,"199,169,170"
8266,"3,4,48"
8267,"10,24,23"
8268,"199,259,169"
8269,"23,38,74"
8270,"0,216,211"
8271,"3,170,169"
8272,"169,199,170"
8273,"0,38,23"
8274,"3,4"
8275,"43,24,23"
8276,"23,38,74"
8277,"3,40,128"
8278,"3,21,200"
8279,"23,31,24"
8280,"220,10"
8281,"40,131,199"
8282,"3,15,16"
8283,"169,296,123"
8284,"0,271,216"
8285,"40,131,134"
8286,"160,40,315"
8287,"3,21,200"
8288,"3,21,199"
8289,"4,3,7"
8290,"23,24,43"
8291,"10,220,40"
8292,"10,64,80"
8293,"40,131,184"
8294,"49,24,23"
8295,"206,0,8"
8296,"199,169,343"
8297,"3,15,4"
8298,"40,131,134"
8299,"3,4,435"
8300,"169,199,0"
8301,"169,0,170"
8302,"3,21,200"
8303,"23,74,3"
8304,"26,23,89"
8305,"3,21,200"
8306,"3,4,21"
8307,"0,8,206"
8308,"3,5,133"
8309,"40,3,21"
8310,"3,21,40"
8311,"0,313,216"
8312,"10,64,3"
8313,"38,23,74"
8314,"23,0,26"
8315,"3,21,200"
8316,"0,271,216"
8317,"3,21"
8318,"40,199,169"
8319,"49,23,24"
8320,"169,170,199"
8321,"3,224,41"
8322,"24,23,43"
8323,"43,24,23"
8324,"10,64,448"
8325,"10,64,11"
8326,"199,169,251"
8327,"40,128,129"
8328,"23,74,40"
8329,"508,426,169"
8330,"10,220"
8331,"3,21,200"
8332,"10,24,145"
8333,"10,11"
8334,"3,4,147"
8335,"3,21,17"
8336,"3,21,187"
8337,"38,40,309"
8338,"21,3"
8339,"160,40,334"
8340,"10,3,17"
8341,"3,40,21"
8342,"3,4,21"
8343,"0,8,235"
8344,"10,64,93"
8345,"0,26,23"
8346,"3,21,40"
8347,"40,41,286"
8348,"40,31,131"
8349,"23,74,38"
8350,"23,10,62"
8351,"10,11,69"
8352,"220,0,402"
8353,"26,23,0"
8354,"10,402,44"
8355,"23,40,74"
8356,"10,93,64"
8357,"3,4,21"
8358,"23,38,40"
8359,"10,220,402"
8360,"23,38,24"
8361,"199,169,259"
8362,"170,171,169"
8363,"0,346,40"
8364,"40,184,23"
8365,"0,271,216"
8366,"3,4"
8367,"32,23,31"
8368,"11,10,69"
8369,"3,15,16"
8370,"63,23,38"
8371,"0,23,26"
8372,"199,169,40"
8373,"40,23,131"
8374,"40,160,315"
8375,"17,3,18"
8376,"11,205,10"
8377,"346,0,313"
8378,"3,15,16"
8379,"10,11"
8380,"71,23,24"
8381,"3,21,40"
8382,"0,3,40"
8383,"23,74,38"
8384,"38,23,44"
8385,"0,8,235"
8386,"3,187,199"
8387,"10,402,0"
8388,"3,21,187"
8389,"220,10"
8390,"3,111,123"
8391,"160,40,315"
8392,"3,21,187"
8393,"3,21"
8394,"32,31,23"
8395,"3,21,182"
8396,"0,265,10"
8397,"10,44,45"
8398,"170,171,169"
8399,"31,0,23"
8400,"10,11,69"
8401,"40,23,131"
8402,"3,4,15"
8403,"199,169,3"
8404,"199,169,374"
8405,"169,199,38"
8406,"23,26,38"
8407,"23,38,10"
8408,"3,21,40"
8409,"3,21,40"
8410,"23,38,74"
8411,"26,0,23"
8412,"220,31,10"
8413,"38,23,71"
8414,"10,64,93"
8415,"10,44,220"
8416,"0,10,23"
8417,"10,64,3"
8418,"3,15,275"
8419,"23,38,74"
8420,"0,271"
8421,"10,64,80"
8422,"26,0,23"
8423,"138,169,135"
8424,"40,131,134"
8425,"40,131,134"
8426,"23,38,24"
8427,"26,231,0"
8428,"24,23,43"
8429,"402,40,145"
8430,"40,3,21"
8431,"199,169,281"
8432,"0,271,216"
8433,"10,64,448"
8434,"10,11,69"
8435,"3,21,200"
8436,"3,21,200"
8437,"0,265,271"
8438,"38,23,309"
8439,"3,200,21"
8440,"40,128,130"
8441,"3,17,18"
8442,"0,206,8"
8443,"3,21,17"
8444,"23,71,38"
8445,"38,23,10"
8446,"199,169,259"
8447,"10,44,220"
8448,"271,0,456"
8449,"3,4,5"
8450,"0,8,216"
8451,"38,23,48"
8452,"3,21,200"
8453,"0,216,8"
8454,"128,40,130"
8455,"38,23,10"
8456,"38,23"
8457,"3,21,187"
8458,"169,199,426"
8459,"0,265,271"
8460,"0,271,216"
8461,"346,0,313"
8462,"23,38,26"
8463,"402,38,23"
8464,"3,40,21"
8465,"160,40,315"
8466,"169,0,199"
8467,"40,224,41"
8468,"40,23,131"
8469,"72,44,10"
8470,"3,17,18"
8471,"0,1,271"
8472,"199,169,40"
8473,"10,64,93"
8474,"199,169,323"
8475,"0,8,206"
8476,"0,216,313"
8477,"24,43,23"
8478,"10,220"
8479,"258,31,169"
8480,"3,15,16"
8481,"220,10"
8482,"0,129,8"
8483,"10,220"
8484,"169,199,3"
8485,"220,10"
8486,"3,21,40"
8487,"199,160,315"
8488,"3,23,38"
8489,"10,221,80"
8490,"169,199,170"
8491,"40,128,131"
8492,"230,229,10"
8493,"3,21,49"
8494,"23,40,10"
8495,"23,24,38"
8496,"0,271,216"
8497,"43,323,181"
8498,"10,64,80"
8499,"169,40,3"
8500,"199,169,71"
8501,"3,28,331"
8502,"0,8,206"
8503,"10,40,31"
8504,"169,170,3"
8505,"10,60,24"
8506,"3,40,21"
8507,"199,169,170"
8508,"10,11,69"
8509,"160,315,40"
8510,"38,23,137"
8511,"199,169,323"
8512,"241,40,131"
8513,"3,21,200"
8514,"169,40,0"
8515,"3,17,18"
8516,"169,170,337"
8517,"199,169,251"
8518,"0,271,216"
8519,"10,23,44"
8520,"199,169,170"
8521,"3,147,148"
8522,"26,23,10"
8523,"40,0,216"
8524,"40,141,135"
8525,"234,60,10"
8526,"26,23,38"
8527,"10,72,11"
8528,"3,112,111"
8529,"241,40,131"
8530,"199,169,0"
8531,"23,24,10"
8532,"3,200,21"
8533,"3,4,17"
8534,"220,10"
8535,"3,21,200"
8536,"402,44,10"
8537,"23,26,38"
8538,"23,38,24"
8539,"0,8,216"
8540,"3,21"
8541,"138,135,169"
8542,"40,31,131"
8543,"3,187,21"
8544,"220,10"
8545,"3,21,200"
8546,"0,216,271"
8547,"187,3,21"
8548,"40,146,145"
8549,"0,26,8"
8550,"40,160,315"
8551,"0,216,211"
8552,"10,0,11"
8553,"3,17,21"
8554,"3,21,200"
8555,"3,21,200"
8556,"3,21,200"
8557,"169,0,337"
8558,"38,23,74"
8559,"220,10"
8560,"10,64"
8561,"10,11,221"
8562,"10,64,26"
8563,"231,26,23"
8564,"10,23,44"
8565,"0,8,346"
8566,"402,145,40"
8567,"169,199,323"
8568,"169,199,251"
8569,"40,131"
8570,"3,21,200"
8571,"3,21,200"
8572,"10,220,221"
8573,"199,169,259"
8574,"0,271,216"
8575,"3,111,123"
8576,"220,10"
8577,"3,147,148"
8578,"431,199,135"
8579,"43,24,23"
8580,"3,21,200"
8581,"38,23"
8582,"23,74,24"
8583,"3,182,21"
8584,"26,0,231"
8585,"128,40,129"
8586,"3,21,200"
8587,"23,24,49"
8588,"10,44,11"
8589,"23,38,137"
8590,"10,40,17"
8591,"10,40,220"
8592,"43,24,23"
8593,"169,170,337"
8594,"220,10,145"
8595,"169,199,170"
8596,"10,64,93"
8597,"0,271,456"
8598,"199,169,259"
8599,"15,16,3"
8600,"40,128,131"
8601,"10,64,80"
8602,"169,170,199"
8603,"40,21,3"
8604,"40,241,334"
8605,"3,187,199"
8606,"3,112,111"
8607,"11,10,69"
8608,"169,337,170"
8609,"169,170,171"
8610,"3,21,187"
8611,"118,74,23"
8612,"10,402,145"
8613,"11,10,69"
8614,"0,271,366"
8615,"38,23,309"
8616,"271,0"
8617,"10,24,23"
8618,"3,187,21"
8619,"43,24,323"
8620,"160,3,40"
8621,"3,21,200"
8622,"3,17,0"
8623,"199,169,259"
8624,"17,3,18"
8625,"40,131"
8626,"10,220"
8627,"71,23,10"
8628,"40,135,160"
8629,"23,105,24"
8630,"3,4,200"
8631,"3,21,0"
8632,"26,350,23"
8633,"169,296,0"
8634,"40,41,21"
8635,"3,21,200"
8636,"43,24,23"
8637,"3,15,85"
8638,"241,40,131"
8639,"3,148,147"
8640,"23,38,40"
8641,"40,128,41"
8642,"40,131,134"
8643,"26,0,350"
8644,"72,44,61"
8645,"3,0,17"
8646,"3,40,21"
8647,"23,131,241"
8648,"40,160,315"
8649,"3,148,147"
8650,"3,21,200"
8651,"0,265,10"
8652,"0,211,216"
8653,"40,128,131"
8654,"160,315,169"
8655,"10,25,24"
8656,"3,21,200"
8657,"40,3,131"
8658,"49,23,24"
8659,"23,49,24"
8660,"128,130,40"
8661,"0,271,456"
8662,"10,11"
8663,"40,131"
8664,"10,402,44"
8665,"40,131"
8666,"0,271,366"
8667,"0,169,216"
8668,"4,3"
8669,"0,26,346"
8670,"3,15,16"
8671,"0,211,216"
8672,"220,10"
8673,"0,271,216"
8674,"40,135,131"
8675,"3,200,21"
8676,"10,64,11"
8677,"3,21,148"
8678,"169,199"
8679,"23,49,24"
8680,"199,169,259"
8681,"0,8,206"
8682,"3,21,187"
8683,"3,21,148"
8684,"169,199"
8685,"3,523,21"
8686,"199,259,169"
8687,"24,23,43"
8688,"24,49,23"
8689,"0,8,206"
8690,"169,199,3"
8691,"3,21,187"
8692,"40,21,3"
8693,"3,21"
8694,"10,64,80"
8695,"138,135,40"
8696,"10,64,448"
8697,"43,24,323"
8698,"220,10"
8699,"0,8,235"
8700,"169,0,199"
8701,"10,64,80"
8702,"40,33,160"
8703,"3,147,148"
8704,"199,0,169"
8705,"43,24,23"
8706,"141,135,40"
8707,"38,23,40"
8708,"26,23,0"
8709,"38,23,24"
8710,"23,220,31"
8711,"128,129,40"
8712,"0,26,271"
8713,"40,23,38"
8714,"10,220,145"
8715,"170,171,169"
8716,"3,21,40"
8717,"40,128,3"
8718,"10,64,93"
8719,"3,21,0"
8720,"0,271,216"
8721,"3,200,4"
8722,"3,21,200"
8723,"32,31,23"
8724,"135,40,169"
8725,"402,10,40"
8726,"10,64,221"
8727,"23,49,24"
8728,"74,23,38"
8729,"3,17,21"
8730,"40,131,134"
8731,"0,271,216"
8732,"402,44,45"
8733,"138,135,169"
8734,"3,40,23"
8735,"40,128,160"
8736,"3,21,200"
8737,"24,23,43"
8738,"402,10,145"
8739,"38,169,251"
8740,"23,49,24"
8741,"23,26,38"
8742,"3,275,200"
8743,"199,169,323"
8744,"220,10"
8745,"0,271,216"
8746,"40,402,128"
8747,"3,21,200"
8748,"169,296,0"
8749,"0,26,271"
8750,"0,271,218"
8751,"0,271"
8752,"40,145,146"
8753,"0,271,216"
8754,"10,11,69"
8755,"40,175,10"
8756,"0,265,216"
8757,"220,10"
8758,"0,220,10"
8759,"23,38,154"
8760,"3,111,123"
8761,"0,38,40"
8762,"0,199,169"
8763,"138,135,40"
8764,"3,15,21"
8765,"0,271,216"
8766,"32,31,23"
8767,"71,23,24"
8768,"10,11"
8769,"40,23,131"
8770,"0,271"
8771,"220,10"
8772,"23,26,38"
8773,"10,220,145"
8774,"40,131,241"
8775,"10,64,93"
8776,"3,21,40"
8777,"0,3,26"
8778,"43,23,24"
8779,"3,21,40"
8780,"23,135,40"
8781,"0,271,8"
8782,"40,131,145"
8783,"199,169,259"
8784,"199,169,259"
8785,"10,64,448"
8786,"10,402,145"
8787,"43,24,23"
8788,"3,21,148"
8789,"23,74,38"
8790,"220,10"
8791,"220,10"
8792,"0,26,271"
8793,"23,38,40"
8794,"3,169,199"
8795,"3,21,200"
8796,"0,271,313"
8797,"3,13,204"
8798,"10,64,93"
8799,"3,21"
8800,"40,128,3"
8801,"0,8,26"
8802,"32,23,31"
8803,"220,10,0"
8804,"23,32,43"
8805,"0,216,271"
8806,"10,72,11"
8807,"49,23,24"
8808,"3,21,111"
8809,"32,23,31"
8810,"26,0,23"
8811,"3,21,367"
8812,"10,64,11"
8813,"0,1,216"
8814,"118,23,74"
8815,"3,21,200"
8816,"3,21,200"
8817,"3,21,200"
8818,"0,169,216"
8819,"23,38,26"
8820,"40,23,131"
8821,"0,271,216"
8822,"169,199,251"
8823,"0,216,271"
8824,"0,271,346"
8825,"23,38,71"
8826,"3,15,200"
8827,"199,431,169"
8828,"3,21,200"
8829,"0,8,216"
8830,"0,271,8"
8831,"3,17,21"
8832,"40,10,162"
8833,"13,3,204"
8834,"3,21,200"
8835,"0,235,8"
8836,"0,10,220"
8837,"170,169,171"
8838,"23,74,38"
8839,"0,346,313"
8840,"3,21,200"
8841,"40,128,130"
8842,"23,74,38"
8843,"3,21"
8844,"49,23,24"
8845,"3,23,21"
8846,"169,199,251"
8847,"3,21,40"
8848,"40,146,145"
8849,"40,146,145"
8850,"10,64,80"
8851,"40,131,241"
8852,"220,10,221"
8853,"199,169,281"
8854,"199,169"
8855,"40,131"
8856,"10,220,24"
8857,"402,145,40"
8858,"10,220,221"
8859,"346,0,10"
8860,"23,38,26"
8861,"0,169,199"
8862,"3,4"
8863,"10,64,11"
8864,"23,74,84"
8865,"323,169,199"
8866,"169,199,170"
8867,"169,3,337"
8868,"32,23,31"
8869,"3,187,21"
8870,"23,38,74"
8871,"199,323,169"
8872,"10,11"
8873,"3,4"
8874,"402,145,40"
8875,"40,131,128"
8876,"3,21,200"
8877,"0,26,23"
8878,"206,8,0"
8879,"170,171,169"
8880,"3,21,40"
8881,"0,10,265"
8882,"0,169,271"
8883,"10,402,64"
8884,"4,3"
8885,"40,241,131"
8886,"3,15,200"
8887,"220,10"
8888,"23,38,74"
8889,"3,4,375"
8890,"402,145,10"
8891,"170,169,171"
8892,"169,199,0"
8893,"3,199,169"
8894,"0,265,10"
8895,"3,21,200"
8896,"0,271,216"
8897,"3,15,21"
8898,"220,10"
8899,"3,21,148"
8900,"0,206,8"
8901,"199,169,323"
8902,"40,41,131"
8903,"23,38,74"
8904,"10,44,45"
8905,"3,147,148"
8906,"4,3"
8907,"40,131,134"
8908,"3,40,367"
8909,"40,128,41"
8910,"32,23,31"
8911,"71,23,38"
8912,"3,188,40"
8913,"199,169,251"
8914,"3,147,148"
8915,"40,162,128"
8916,"40,494,241"
8917,"40,131"
8918,"402,0,40"
8919,"3,21,148"
8920,"23,74,38"
8921,"169,199,170"
8922,"23,38,24"
8923,"3,5,331"
8924,"0,8,235"
8925,"10,31,23"
8926,"40,128,129"
8927,"10,64,93"
8928,"3,21"
8929,"3,15,21"
8930,"72,44,23"
8931,"169,296,170"
8932,"61,72,10"
8933,"10,24,43"
8934,"367,292,100"
8935,"231,26,0"
8936,"3,147,148"
8937,"49,23,24"
8938,"0,8,216"
8939,"199,169,251"
8940,"10,3,23"
8941,"3,21,187"
8942,"199,169"
8943,"220,10"
8944,"0,265,8"
8945,"199,169,0"
8946,"235,0,8"
8947,"23,26,38"
8948,"43,181,323"
8949,"10,220"
8950,"3,21,148"
8951,"40,131,241"
8952,"3,10,40"
8953,"169,251,31"
8954,"10,93,64"
8955,"138,135,169"
8956,"402,145,220"
8957,"170,171,169"
8958,"3,21,187"
8959,"128,40,130"
8960,"220,10"
8961,"23,74,71"
8962,"224,41,40"
8963,"23,24,74"
8964,"402,44,145"
8965,"38,23,24"
8966,"3,4,21"
8967,"3,21,200"
8968,"3,4"
8969,"3,21"
8970,"3,15,16"
8971,"40,38,309"
8972,"3,21,200"
8973,"0,216,31"
8974,"160,40,315"
8975,"3,21,200"
8976,"3,182,0"
8977,"40,131,134"
8978,"10,44,402"
8979,"10,64,80"
8980,"220,10"
8981,"3,21,200"
8982,"40,131,162"
8983,"3,147,148"
8984,"169,170,417"
8985,"0,10,216"
8986,"0,10,23"
8987,"199,169,0"
8988,"23,38,26"
8989,"171,170,169"
8990,"147,3,148"
8991,"160,315,40"
8992,"402,145,44"
8993,"38,23,74"
8994,"23,38,74"
8995,"10,44,402"
8996,"24,43,23"
8997,"40,160,128"
8998,"323,181,40"
8999,"3,4,5"
9000,"3,200,123"
9001,"199,169,0"
9002,"10,220"
9003,"40,145,402"
9004,"10,220"
9005,"138,40,135"
9006,"10,64,221"
9007,"3,21,4"
9008,"23,40,38"
9009,"3,4"
9010,"0,271,265"
9011,"23,26,38"
9012,"10,11,221"
9013,"220,10,221"
9014,"10,220"
9015,"10,0,220"
9016,"3,21,17"
9017,"3,21,200"
9018,"10,11,221"
9019,"10,11,0"
9020,"71,23,24"
9021,"40,241,131"
9022,"3,21,200"
9023,"199,169,0"
9024,"0,216,211"
9025,"0,271,216"
9026,"3,17,21"
9027,"3,21,40"
9028,"43,181,24"
9029,"10,61,60"
9030,"13,10,11"
9031,"38,23,309"
9032,"40,131,241"
9033,"10,220,221"
9034,"3,148,147"
9035,"0,230,216"
9036,"3,21,17"
9037,"10,64,93"
9038,"169,170,337"
9039,"3,147,148"
9040,"0,271,216"
9041,"49,23,24"
9042,"160,40,315"
9043,"23,26,38"
9044,"3,21,200"
9045,"0,271,216"
9046,"3,187,21"
9047,"10,64,93"
9048,"10,64,80"
9049,"3,21,200"
9050,"220,10"
9051,"0,366,271"
9052,"3,21"
9053,"3,21,200"
9054,"10,220"
9055,"3,21,17"
9056,"3,40,111"
9057,"43,24,23"
9058,"40,21,3"
9059,"32,31,23"
9060,"0,8,235"
9061,"23,10,40"
9062,"40,160,315"
9063,"10,23,11"
9064,"3,21,200"
9065,"40,162,131"
9066,"169,40,170"
9067,"23,74,38"
9068,"3,17,18"
9069,"3,10,4"
9070,"10,220"
9071,"23,38,74"
9072,"402,23,44"
9073,"199,169"
9074,"199,169,251"
9075,"271,0"
9076,"10,64,11"
9077,"169,296,0"
9078,"138,135,40"
9079,"15,3,16"
9080,"0,265,271"
9081,"40,160,175"
9082,"10,64,80"
9083,"0,38,23"
9084,"40,431,160"
9085,"3,21,4"
9086,"199,3,21"
9087,"0,206,8"
9088,"0,218,271"
9089,"3,15,16"
9090,"10,31,220"
9091,"199,169,259"
9092,"199,169,281"
9093,"206,8,0"
9094,"199,169,323"
9095,"16,15,3"
9096,"169,199,170"
9097,"10,24,23"
9098,"3,21,200"
9099,"3,4"
9100,"23,49,24"
9101,"23,10,38"
9102,"181,323,43"
9103,"40,3,128"
9104,"38,23,74"
9105,"40,135,23"
9106,"10,220"
9107,"10,234,11"
9108,"0,265,10"
9109,"402,10,145"
9110,"40,241,10"
9111,"3,21,0"
9112,"40,160,315"
9113,"220,10"
9114,"199,169,259"
9115,"10,11,69"
9116,"3,21,200"
9117,"71,10,24"
9118,"74,23,38"
9119,"23,74,38"
9120,"40,128,129"
9121,"3,4,19"
9122,"3,21,200"
9123,"0,216,8"
9124,"220,10"
9125,"0,169,199"
9126,"3,21,200"
9127,"10,11,69"
9128,"0,271,346"
9129,"23,74,38"
9130,"3,111,123"
9131,"10,11,221"
9132,"3,200,21"
9133,"23,24,105"
9134,"38,23,308"
9135,"402,10,145"
9136,"10,24,23"
9137,"40,135,138"
9138,"32,31,23"
9139,"10,234,60"
9140,"73,44,10"
9141,"128,40,130"
9142,"220,10"
9143,"3,21,200"
9144,"169,170,199"
9145,"32,23,31"
9146,"40,128,129"
9147,"3,21,49"
9148,"0,230,229"
9149,"26,0,23"
9150,"169,199,251"
9151,"24,10,43"
9152,"3,200,21"
9153,"10,220,402"
9154,"296,169,300"
9155,"187,3,21"
9156,"3,4"
9157,"38,23,137"
9158,"220,10"
9159,"3,0,218"
9160,"169,296,170"
9161,"40,41,128"
9162,"26,89,23"
9163,"170,171,169"
9164,"10,64,93"
9165,"10,64,448"
9166,"0,271"
9167,"3,21,40"
9168,"4,3,7"
9169,"10,23,26"
9170,"0,271,216"
9171,"118,23,74"
9172,"169,199,251"
9173,"26,23,231"
9174,"10,11"
9175,"3,21,200"
9176,"8,206,0"
9177,"10,64,80"
9178,"40,431,135"
9179,"43,24,23"
9180,"10,64,80"
9181,"3,21,40"
9182,"220,10"
9183,"3,21,200"
9184,"11,10"
9185,"169,402,199"
9186,"128,40,130"
9187,"8,206,0"
9188,"17,3,18"
9189,"23,241,74"
9190,"199,169,323"
9191,"10,64"
9192,"145,10,71"
9193,"40,241,38"
9194,"40,135,160"
9195,"23,93,38"
9196,"199,3,169"
9197,"199,169,223"
9198,"169,0,199"
9199,"0,8,235"
9200,"3,21,40"
9201,"10,220"
9202,"3,17,200"
9203,"23,26,10"
9204,"300,10,3"
9205,"199,169,40"
9206,"21,3,40"
9207,"40,131"
9208,"0,271,456"
9209,"128,129,40"
9210,"169,199,343"
9211,"23,26,38"
9212,"10,402,24"
9213,"3,21,5"
9214,"40,3,17"
9215,"10,23,220"
9216,"16,241,15"
9217,"0,271,216"
9218,"3,111,200"
9219,"220,10"
9220,"23,402,10"
9221,"23,24,38"
9222,"23,0,3"
9223,"10,64,93"
9224,"3,21,187"
9225,"3,187,53"
9226,"10,64,80"
9227,"0,169,216"
9228,"10,323,64"
9229,"0,271,216"
9230,"169,170,199"
9231,"71,23,24"
9232,"3,21,187"
9233,"402,0,24"
9234,"160,315,40"
9235,"40,160,315"
9236,"0,23,38"
9237,"3,40,0"
9238,"0,206,8"
9239,"169,296,31"
9240,"32,31,23"
9241,"3,40,21"
9242,"10,23,220"
9243,"0,26,8"
9244,"3,21,200"
9245,"40,135,23"
9246,"128,40,130"
9247,"0,216,8"
9248,"296,123,169"
9249,"0,8,235"
9250,"40,128,131"
9251,"10,64,80"
9252,"10,64,448"
9253,"3,21,48"
9254,"0,271,216"
9255,"199,169,251"
9256,"23,74,38"
9257,"271,0,350"
9258,"3,147,148"
9259,"199,169,259"
9260,"199,169,323"
9261,"74,23,118"
9262,"40,135,236"
9263,"10,220,40"
9264,"3,21,169"
9265,"23,38,74"
9266,"3,4,200"
9267,"0,271,313"
9268,"3,21,28"
9269,"170,171,169"
9270,"0,271,216"
9271,"40,128,129"
9272,"10,11"
9273,"300,3,40"
9274,"3,523,53"
9275,"23,38,74"
9276,"23,62,74"
9277,"38,23,74"
9278,"3,21,200"
9279,"3,523,148"
9280,"10,93,64"
9281,"3,21,200"
9282,"3,21,160"
9283,"10,44,402"
9284,"169,170,199"
9285,"220,10"
9286,"23,84,74"
9287,"23,38,0"
9288,"169,3,21"
9289,"23,38,10"
9290,"23,26,89"
9291,"220,10"
9292,"135,40,10"
9293,"3,21,5"
9294,"0,10,265"
9295,"0,346,271"
9296,"3,21"
9297,"40,128,160"
9298,"0,271,216"
9299,"38,23,40"
9300,"23,38,3"
9301,"23,3,74"
9302,"10,402,44"
9303,"0,265,10"
9304,"3,21,187"
9305,"199,169"
9306,"40,162,241"
9307,"40,128,0"
9308,"10,11,69"
9309,"3,4"
9310,"10,64,93"
9311,"10,64,93"
9312,"3,21,200"
9313,"0,346,26"
9314,"10,64,23"
9315,"23,40,74"
9316,"3,204,13"
9317,"3,21,5"
9318,"3,4,435"
9319,"188,3,15"
9320,"38,23,26"
9321,"23,74,38"
9322,"49,23,24"
9323,"199,169,323"
9324,"40,3,41"
9325,"0,271,216"
9326,"199,169,251"
9327,"40,160,131"
9328,"220,10"
9329,"0,23,38"
9330,"3,170,21"
9331,"3,21,200"
9332,"40,139,41"
9333,"23,38,40"
9334,"3,40,4"
9335,"49,23,24"
9336,"3,4"
9337,"3,111,21"
9338,"40,135,141"
9339,"10,3,64"
9340,"199,10,323"
9341,"199,169,259"
9342,"10,64,80"
9343,"118,74,23"
9344,"23,74,40"
9345,"3,21,200"
9346,"23,71,74"
9347,"0,271,291"
9348,"402,40,145"
9349,"0,216,271"
9350,"0,3,169"
9351,"169,170,0"
9352,"3,21,148"
9353,"10,64,24"
9354,"23,231,26"
9355,"4,3"
9356,"171,170,169"
9357,"3,21,199"
9358,"431,199,135"
9359,"199,169,223"
9360,"3,21,200"
9361,"206,8,0"
9362,"170,171,169"
9363,"3,182,21"
9364,"199,169,170"
9365,"3,21,200"
9366,"43,24,23"
9367,"199,169,170"
9368,"26,38,308"
9369,"3,13,204"
9370,"3,21,200"
9371,"3,4"
9372,"3,147,148"
9373,"3,169,170"
9374,"160,40,315"
9375,"220,10"
9376,"0,8,23"
9377,"10,64,80"
9378,"10,24,23"
9379,"0,216,235"
9380,"141,135,40"
9381,"0,8,308"
9382,"3,21,200"
9383,"23,118,74"
9384,"206,8,0"
9385,"43,24,323"
9386,"0,216,271"
9387,"206,8,0"
9388,"40,160,315"
9389,"40,184,131"
9390,"0,206,8"
9391,"40,128,131"
9392,"3,21,147"
9393,"0,313,346"
9394,"0,218,271"
9395,"169,296,170"
9396,"3,128,129"
9397,"0,216,271"
9398,"43,23,24"
9399,"3,15,147"
9400,"23,3,105"
9401,"40,128,129"
9402,"0,216,169"
9403,"40,160,315"
9404,"199,169,323"
9405,"40,131,241"
9406,"10,93,64"
9407,"3,21,200"
9408,"3,147,148"
9409,"23,96,24"
9410,"128,40,130"
9411,"3,40,41"
9412,"234,10,60"
9413,"231,26,23"
9414,"10,402,145"
9415,"23,49,24"
9416,"23,26,0"
9417,"3,4"
9418,"40,10,131"
9419,"23,49,24"
9420,"3,21,200"
9421,"169,0,199"
9422,"199,169,170"
9423,"3,40,21"
9424,"3,13,21"
9425,"3,17,18"
9426,"3,4"
9427,"10,145,402"
9428,"17,3,18"
9429,"199,169,251"
9430,"10,11,72"
9431,"0,271,216"
9432,"3,4,200"
9433,"3,21,200"
9434,"0,26,350"
9435,"15,16,3"
9436,"220,10"
9437,"3,21,200"
9438,"199,323,169"
9439,"431,40,199"
9440,"40,131"
9441,"3,21,40"
9442,"3,21,40"
9443,"0,271,216"
9444,"23,74,38"
9445,"26,23,231"
9446,"0,26,231"
9447,"199,259,3"
9448,"402,145,40"
9449,"3,21,40"
9450,"3,21,200"
9451,"0,216,271"
9452,"0,8,206"
9453,"71,23,24"
9454,"10,64,93"
9455,"26,0,23"
9456,"0,216,271"
9457,"3,21,48"
9458,"26,0,23"
9459,"169,508,199"
9460,"23,74,38"
9461,"0,8,391"
9462,"3,21,169"
9463,"3,21,200"
9464,"0,8,235"
9465,"138,40,135"
9466,"23,31,169"
9467,"23,26,38"
9468,"40,135,23"
9469,"23,24,43"
9470,"40,131,169"
9471,"3,21,40"
9472,"23,0,31"
9473,"402,23,10"
9474,"169,199,170"
9475,"40,131"
9476,"188,3,4"
9477,"220,10"
9478,"10,64,24"
9479,"23,74,38"
9480,"402,220,10"
9481,"170,169,171"
9482,"10,64,80"
9483,"0,216,370"
9484,"38,23,241"
9485,"3,147,523"
9486,"40,41,3"
9487,"23,131,40"
9488,"0,271,216"
9489,"3,17,21"
9490,"3,21,199"
9491,"206,0,8"
9492,"15,3,16"
9493,"0,211,212"
9494,"0,206,8"
9495,"23,26,38"
9496,"3,147,148"
9497,"10,64,80"
9498,"40,128,129"
9499,"3,4,200"
9500,"296,333,169"
9501,"40,160,315"
9502,"23,74,38"
9503,"10,220,221"
9504,"220,10"
9505,"40,241,131"
9506,"0,206,8"
9507,"0,235,8"
9508,"40,160,315"
9509,"199,169,259"
9510,"10,11,40"
9511,"0,271"
9512,"3,21,200"
9513,"11,10,69"
9514,"169,199,0"
9515,"74,23,10"
9516,"169,199,170"
9517,"3,21,40"
9518,"38,23,40"
9519,"3,21,199"
9520,"32,31,23"
9521,"169,199,170"
9522,"40,131,241"
9523,"169,199,251"
9524,"40,3,21"
9525,"40,131,10"
9526,"0,8,346"
9527,"0,169,216"
9528,"40,21,3"
9529,"3,21,40"
9530,"3,4"
9531,"89,26,10"
9532,"10,64,80"
9533,"0,216,211"
9534,"17,3,18"
9535,"0,216,271"
9536,"23,26,38"
9537,"3,187,21"
9538,"10,11,69"
9539,"0,206,3"
9540,"3,21,200"
9541,"23,24,71"
9542,"0,271,456"
9543,"169,31,170"
9544,"220,10,221"
9545,"3,21,200"
9546,"40,128,129"
9547,"23,24,43"
9548,"40,38,23"
9549,"129,128,40"
9550,"3,21,200"
9551,"0,216,211"
9552,"0,216,370"
9553,"3,160,315"
9554,"40,131,162"
9555,"4,3"
9556,"10,64,80"
9557,"10,0,220"
9558,"10,40,23"
9559,"10,64,93"
9560,"220,10"
9561,"171,170,169"
9562,"10,220"
9563,"169,170,199"
9564,"146,40,145"
9565,"169,0,170"
9566,"10,11"
9567,"49,23,24"
9568,"23,43,24"
9569,"169,31,40"
9570,"3,21,200"
9571,"71,23,24"
9572,"241,38,23"
9573,"26,169,89"
9574,"3,169,170"
9575,"220,10"
9576,"0,346,216"
9577,"3,40,21"
9578,"10,64,448"
9579,"0,8,216"
9580,"0,271,216"
9581,"3,21"
9582,"43,24,23"
9583,"23,74,62"
9584,"3,40,148"
9585,"0,26,8"
9586,"402,40,145"
9587,"0,216,211"
9588,"4,3,435"
9589,"170,169,199"
9590,"3,21,148"
9591,"10,11,69"
9592,"40,160,131"
9593,"170,169,171"
9594,"32,31,23"
9595,"32,31,23"
9596,"3,21,200"
9597,"40,131"
9598,"10,60,23"
9599,"0,216,8"
9600,"128,40,130"
9601,"118,23,74"
9602,"17,18,3"
9603,"0,271,216"
9604,"38,23,74"
9605,"241,40,131"
9606,"32,169,31"
9607,"40,241,131"
9608,"170,169,199"
9609,"3,0,13"
9610,"10,145,0"
9611,"3,21,40"
9612,"206,0,8"
9613,"23,38,74"
9614,"3,21,40"
9615,"3,4"
9616,"199,169,259"
9617,"10,3,506"
9618,"10,220,221"
9619,"49,23,0"
9620,"40,131,10"
9621,"169,31,296"
9622,"3,5,133"
9623,"0,271,216"
9624,"10,64,80"
9625,"169,170,199"
9626,"3,21,187"
9627,"169,337,274"
9628,"199,169,323"
9629,"38,0,40"
9630,"0,216,211"
9631,"23,24,43"
9632,"3,21,40"
9633,"49,23,24"
9634,"206,8,0"
9635,"171,170,169"
9636,"49,23,24"
9637,"0,216,271"
9638,"169,170,199"
9639,"40,23,38"
9640,"3,21,40"
9641,"0,10,24"
9642,"169,199,337"
9643,"49,23,24"
9644,"199,169,71"
9645,"23,38,26"
9646,"3,147,148"
9647,"40,128,160"
9648,"71,402,145"
9649,"3,21,15"
9650,"170,171,169"
9651,"224,40,41"
9652,"40,131"
9653,"0,49,24"
9654,"0,31,96"
9655,"40,145,146"
9656,"10,24,64"
9657,"23,38,24"
9658,"3,182,169"
9659,"10,64,93"
9660,"43,23,24"
9661,"61,40,323"
9662,"71,23,38"
9663,"0,169,346"
9664,"199,169,223"
9665,"220,10"
9666,"199,169,223"
9667,"3,182,21"
9668,"3,21,148"
9669,"43,323,181"
9670,"199,259,169"
9671,"199,169,323"
9672,"40,131,134"
9673,"3,21,169"
9674,"3,21,199"
9675,"10,64,93"
9676,"11,10,69"
9677,"32,31,23"
9678,"26,23,38"
9679,"23,74,38"
9680,"3,21,147"
9681,"3,21,200"
9682,"3,15,147"
9683,"290,0,10"
9684,"220,10,221"
9685,"220,10,145"
9686,"169,170,199"
9687,"199,169,259"
9688,"199,169,170"
9689,"138,40,135"
9690,"3,111,21"
9691,"48,3,141"
9692,"40,3,241"
9693,"169,40,170"
9694,"3,147,148"
9695,"10,11,221"
9696,"0,40,128"
9697,"10,220,221"
9698,"40,131,193"
9699,"0,271,216"
9700,"220,10"
9701,"0,271,216"
9702,"10,11,221"
9703,"169,38,199"
9704,"23,118,74"
9705,"38,23,74"
9706,"10,402,220"
9707,"402,145,40"
9708,"21,0,40"
9709,"199,169,323"
9710,"199,323,169"
9711,"40,131,160"
9712,"40,135,236"
9713,"3,21,200"
9714,"170,169,199"
9715,"10,64,44"
9716,"241,187,40"
9717,"199,169,259"
9718,"199,169,323"
9719,"72,44,23"
9720,"0,216,10"
9721,"346,0,313"
9722,"3,21,200"
9723,"3,21,147"
9724,"3,21,200"
9725,"3,21,200"
9726,"3,4"
9727,"40,241,131"
9728,"402,145,10"
9729,"10,64"
9730,"84,23,74"
9731,"3,21,200"
9732,"3,21,147"
9733,"0,271"
9734,"17,3,18"
9735,"23,38,24"
9736,"3,187,21"
9737,"10,64,93"
9738,"4,3,435"
9739,"241,40,131"
9740,"3,21,13"
9741,"220,10"
9742,"0,10,11"
9743,"199,169,10"
9744,"23,40,74"
9745,"73,44,45"
9746,"40,21,41"
9747,"3,21,200"
9748,"10,220,25"
9749,"38,23,40"
9750,"0,38,23"
9751,"199,169,170"
9752,"346,26,0"
9753,"0,346,313"
9754,"23,74,38"
9755,"220,10"
9756,"402,145,40"
9757,"40,131"
9758,"3,21,200"
9759,"40,73,145"
9760,"107,118,23"
9761,"71,23,74"
9762,"3,21,200"
9763,"10,220,221"
9764,"3,170,169"
9765,"40,131,241"
9766,"3,21"
9767,"23,24,71"
9768,"199,169,323"
9769,"3,21,200"
9770,"10,220,221"
9771,"4,3,19"
9772,"40,184,131"
9773,"10,24,23"
9774,"38,23,3"
9775,"40,146,145"
9776,"10,64"
9777,"3,21,200"
9778,"199,169,259"
9779,"3,287,53"
9780,"3,21,199"
9781,"170,169,199"
9782,"24,23,43"
9783,"26,0,23"
9784,"170,171,169"
9785,"3,4,17"
9786,"0,216,271"
9787,"0,265,271"
9788,"3,21,200"
9789,"40,128,130"
9790,"23,38,26"
9791,"199,169,323"
9792,"10,24,323"
9793,"241,40,131"
9794,"10,44,402"
9795,"43,24,23"
9796,"10,24,43"
9797,"40,160,131"
9798,"40,128,131"
9799,"220,10,221"
9800,"43,24,23"
9801,"169,199,3"
9802,"386,135,40"
9803,"3,21,200"
9804,"0,271,216"
9805,"3,17,18"
9806,"38,23,3"
9807,"3,21,200"
9808,"3,13,0"
9809,"3,113,23"
9810,"3,21,200"
9811,"3,199,187"
9812,"21,3,40"
9813,"23,43,24"
9814,"10,38,0"
9815,"40,3,139"
9816,"3,21,200"
9817,"0,206,8"
9818,"17,3,18"
9819,"10,64,24"
9820,"402,0,206"
9821,"40,23,131"
9822,"0,211,216"
9823,"40,131,128"
9824,"3,17,21"
9825,"38,23"
9826,"10,64,402"
9827,"31,23,328"
9828,"38,23,48"
9829,"169,199,251"
9830,"3,4,200"
9831,"3,21,200"
9832,"3,187,21"
9833,"3,28,200"
9834,"11,10"
9835,"0,271,456"
9836,"15,3,16"
9837,"220,10"
9838,"43,24,23"
9839,"199,169,374"
9840,"3,21,200"
9841,"3,4"
9842,"38,23,308"
9843,"10,220,221"
9844,"43,23,24"
9845,"40,160,315"
9846,"23,38,44"
9847,"0,271,265"
9848,"10,0,220"
9849,"10,64"
9850,"23,38,24"
9851,"3,21,301"
9852,"346,26,0"
9853,"43,24,23"
9854,"0,8"
9855,"3,21,148"
9856,"40,224,41"
9857,"220,10,221"
9858,"23,71,38"
9859,"3,147,148"
9860,"10,40,169"
9861,"199,431,40"
9862,"3,4,21"
9863,"10,220"
9864,"0,31,328"
9865,"0,271,216"
9866,"3,187,21"
9867,"3,21,199"
9868,"199,169,259"
9869,"40,23,160"
9870,"10,11"
9871,"3,523,147"
9872,"206,8,0"
9873,"169,199,3"
9874,"171,170,169"
9875,"3,15,16"
9876,"0,8,206"
9877,"3,21,200"
9878,"0,271,216"
9879,"40,21,41"
9880,"0,271"
9881,"199,169,259"
9882,"3,21,187"
9883,"199,169,343"
9884,"10,220,221"
9885,"128,130,40"
9886,"3,147,148"
9887,"118,23,74"
9888,"23,10,40"
9889,"0,271"
9890,"10,220,25"
9891,"3,4,200"
9892,"10,64,93"
9893,"170,171,169"
9894,"40,160,315"
9895,"3,21,147"
9896,"169,170,417"
9897,"3,21,4"
9898,"23,38,24"
9899,"3,21,187"
9900,"26,23,350"
9901,"40,23,402"
9902,"0,216,313"
9903,"10,64,11"
9904,"199,10,169"
9905,"3,148,40"
9906,"0,216,211"
9907,"96,23,31"
9908,"3,156,225"
9909,"3,21,200"
9910,"40,135,131"
9911,"402,145,38"
9912,"10,11,402"
9913,"199,169,251"
9914,"0,211,216"
9915,"230,3,0"
9916,"3,21,187"
9917,"23,38,10"
9918,"40,135,3"
9919,"23,24,71"
9920,"3,17,21"
9921,"160,40,315"
9922,"3,21,200"
9923,"3,21,115"
9924,"40,199,169"
9925,"40,128,41"
9926,"40,169,0"
9927,"11,10,69"
9928,"38,40,0"
9929,"3,17,18"
9930,"3,21,147"
9931,"199,169,0"
9932,"402,71,10"
9933,"169,337,199"
9934,"40,224,41"
9935,"3,4,200"
9936,"3,13,204"
9937,"0,271,8"
9938,"0,271,218"
9939,"169,199,251"
9940,"3,182,21"
9941,"43,24,323"
9942,"23,38,243"
9943,"24,10,23"
9944,"64,10,448"
9945,"0,271,216"
9946,"0,8,235"
9947,"0,26,8"
9948,"3,21,148"
9949,"96,31,40"
9950,"10,220"
9951,"8,0,206"
9952,"199,169,343"
9953,"10,220"
9954,"3,21"
9955,"3,21,301"
9956,"3,21,148"
9957,"13,401,241"
9958,"40,241,131"
9959,"15,3,16"
9960,"3,4"
9961,"10,220"
9962,"40,162,128"
9963,"40,131"
9964,"3,187,21"
9965,"3,21"
9966,"169,199,23"
9967,"10,402,44"
9968,"0,169,271"
9969,"23,74,40"
9970,"3,15,200"
9971,"3,21,187"
9972,"40,131"
9973,"3,15,16"
9974,"40,128,129"
9975,"170,171,169"
9976,"3,17,18"
9977,"0,216,8"
9978,"10,64,40"
9979,"10,24,43"
9980,"3,21,200"
9981,"10,93,64"
9982,"220,10"
9983,"0,216,354"
9984,"3,15,4"
9985,"3,21,200"
9986,"0,26,231"
9987,"23,38,26"
9988,"0,8,216"
9989,"3,4"
9990,"40,3,21"
9991,"40,131,23"
9992,"10,221,346"
9993,"0,199,169"
9994,"3,21,523"
9995,"220,10"
9996,"40,402,145"
9997,"23,71,38"
9998,"170,171,169"
9999,"346,313,0"
10000,"0,38,23"
10001,"3,147,15"
10002,"0,211,216"
10003,"169,199,0"
10004,"4,3,7"
10005,"0,421,10"
10006,"220,10,221"
10007,"0,10,169"
10008,"40,131"
10009,"23,38,169"
10010,"10,220"
10011,"170,169,199"
10012,"23,38,24"
10013,"3,21,200"
10014,"40,386,135"
10015,"0,3,21"
10016,"40,131,139"
10017,"10,24,23"
10018,"40,146,128"
10019,"0,271"
10020,"3,187,17"
10021,"40,241,128"
10022,"40,160,315"
10023,"402,145,40"
10024,"3,169,0"
10025,"43,24,23"
10026,"0,271,26"
10027,"0,346,8"
10028,"32,23,38"
10029,"40,74,23"
10030,"40,3,21"
10031,"0,10,230"
10032,"220,10"
10033,"3,21,40"
10034,"3,170,169"
10035,"13,204,14"
10036,"374,135,236"
10037,"3,21,200"
10038,"43,24,23"
10039,"3,160,40"
10040,"10,64,93"
10041,"26,0,346"
10042,"40,146,145"
10043,"40,131"
10044,"23,74,40"
10045,"199,169,426"
10046,"71,23,24"
10047,"10,220"
10048,"160,315,40"
10049,"10,11,69"
10050,"40,160,3"
10051,"199,169,40"
10052,"0,169,199"
10053,"206,0,8"
10054,"3,21,40"
10055,"3,17,21"
10056,"3,147,523"
10057,"199,259,169"
10058,"3,21,200"
10059,"3,17,200"
10060,"40,23,38"
10061,"3,21,40"
10062,"0,265,10"
10063,"0,23,10"
10064,"0,169,199"
10065,"10,239,60"
10066,"40,184,3"
10067,"199,431,40"
10068,"10,64,80"
10069,"10,220,221"
10070,"3,4,200"
10071,"3,21,187"
10072,"220,10,221"
10073,"23,38,26"
10074,"3,21,40"
10075,"40,131,128"
10076,"4,3"
10077,"10,23,24"
10078,"206,8,0"
10079,"171,170,169"
10080,"40,131,145"
10081,"10,64,93"
10082,"3,15,16"
10083,"40,131,241"
10084,"26,23,89"
10085,"3,21,200"
10086,"23,74,38"
10087,"10,145,402"
10088,"128,40,129"
10089,"3,21,200"
10090,"0,271,366"
10091,"3,21,200"
10092,"10,11,69"
10093,"40,160,315"
10094,"3,15,200"
10095,"10,11"
10096,"71,10,23"
10097,"3,0,10"
10098,"3,40,21"
10099,"3,21,200"
10100,"40,3,199"
10101,"3,4,28"
10102,"3,147,148"
10103,"0,271,265"
10104,"3,21,40"
10105,"23,169,251"
10106,"3,21,187"
10107,"3,40,17"
10108,"10,64"
10109,"169,199,170"
10110,"199,169,259"
10111,"0,216,10"
10112,"199,169,281"
10113,"3,21,200"
10114,"402,10,44"
10115,"40,241,131"
10116,"0,271,216"
10117,"220,10,221"
10118,"0,271,216"
10119,"3,17,200"
10120,"3,21"
10121,"10,220,221"
10122,"199,169,251"
10123,"0,216,271"
10124,"199,169,259"
10125,"10,60,43"
10126,"220,10,221"
10127,"10,44,45"
10128,"0,271"
10129,"10,402,44"
10130,"138,135,40"
10131,"0,271,216"
10132,"0,216,370"
10133,"3,21,301"
10134,"3,21,199"
10135,"0,26,346"
10136,"199,10,323"
10137,"169,3,170"
10138,"10,220,145"
10139,"275,3"
10140,"0,346,26"
10141,"10,11,72"
10142,"169,170,337"
10143,"199,169,259"
10144,"0,271"
10145,"40,402,145"
10146,"138,135,40"
10147,"0,169,271"
10148,"169,199,170"
10149,"3,15,200"
10150,"10,323,49"
10151,"40,224,21"
10152,"220,10"
10153,"40,128,130"
10154,"3,13,14"
10155,"3,21,200"
10156,"40,160,128"
10157,"3,235,8"
10158,"169,199,170"
10159,"49,23,24"
10160,"26,23,89"
10161,"43,24,10"
10162,"40,131"
10163,"49,23,24"
10164,"3,17,21"
10165,"169,170,199"
10166,"72,44,23"
10167,"0,271,216"
10168,"402,10,220"
10169,"10,64,80"
10170,"10,23,220"
10171,"3,199,169"
10172,"3,21"
10173,"3,4,200"
10174,"40,3,131"
10175,"3,21,148"
10176,"3,21,200"
10177,"40,184,131"
10178,"3,21,148"
10179,"3,21,200"
10180,"10,323,43"
10181,"40,139,41"
10182,"199,259,169"
10183,"10,11,69"
10184,"169,199,251"
10185,"40,135,374"
10186,"23,40,345"
10187,"3,21,15"
10188,"43,10,24"
10189,"220,10"
10190,"3,21"
10191,"40,3,148"
10192,"10,23,44"
10193,"10,402,44"
10194,"10,64,169"
10195,"40,131,3"
10196,"10,64,80"
10197,"3,21,148"
10198,"10,64,80"
10199,"23,74,118"
10200,"40,131,199"
10201,"3,21,200"
10202,"0,220,265"
10203,"220,10"
10204,"220,10"
10205,"10,11,40"
10206,"10,24,49"
10207,"0,8,216"
10208,"169,170,0"
10209,"402,145,43"
10210,"3,21,200"
10211,"10,234,60"
10212,"23,38,26"
10213,"328,40,31"
10214,"26,23,0"
10215,"10,11,24"
10216,"16,15,10"
10217,"0,216,211"
10218,"3,21,200"
10219,"31,23,32"
10220,"49,10,0"
10221,"0,3,331"
10222,"170,169,3"
10223,"3,21,200"
10224,"38,23"
10225,"169,296,0"
10226,"128,40,130"
10227,"40,141,135"
10228,"3,169,170"
10229,"38,23"
10230,"3,21,200"
10231,"3,5,133"
10232,"40,135,10"
10233,"3,21,200"
10234,"271,0,456"
10235,"10,64,40"
10236,"220,10"
10237,"138,135,169"
10238,"10,0,64"
10239,"160,40,315"
10240,"3,21,182"
10241,"23,38,74"
10242,"0,346,313"
10243,"199,169,251"
10244,"23,0,26"
10245,"23,10,38"
10246,"402,145,40"
10247,"3,15,4"
10248,"169,199,170"
10249,"3,4,200"
10250,"206,0,8"
10251,"40,23,38"
10252,"40,128,38"
10253,"23,38,26"
10254,"10,64,80"
10255,"3,21,200"
10256,"26,23,10"
10257,"0,271"
10258,"128,40,0"
10259,"0,8,391"
10260,"3,118,23"
10261,"3,169,21"
10262,"10,64"
10263,"10,220"
10264,"3,21,200"
10265,"40,160,315"
10266,"3,15,53"
10267,"0,271,23"
10268,"10,23,24"
10269,"199,169,323"
10270,"15,3,16"
10271,"32,23,31"
10272,"40,23,138"
10273,"3,21,200"
10274,"188,3,4"
10275,"40,131,184"
10276,"0,313,346"
10277,"21,3,40"
10278,"15,3,16"
10279,"10,64,11"
10280,"38,23,40"
10281,"23,24,10"
10282,"3,40,21"
10283,"0,23,24"
10284,"10,23,26"
10285,"3,40,148"
10286,"220,10"
10287,"23,38,74"
10288,"23,43,24"
10289,"199,0,169"
10290,"3,21,200"
10291,"3,21,17"
10292,"10,24,23"
10293,"3,123,111"
10294,"220,10"
10295,"40,146,145"
10296,"3,21,200"
10297,"10,72,11"
10298,"10,402,44"
10299,"138,40,135"
10300,"0,38,10"
10301,"0,271"
10302,"40,131,41"
10303,"3,21,200"
10304,"3,21"
10305,"0,271,8"
10306,"3,147,148"
10307,"3,21,200"
10308,"40,145,131"
10309,"10,11"
10310,"3,21,200"
10311,"3,147,148"
10312,"40,135,41"
10313,"402,40,145"
10314,"386,135,40"
10315,"3,21,200"
10316,"169,10,220"
10317,"3,21,200"
10318,"0,23,38"
10319,"170,169,171"
10320,"128,129,40"
10321,"0,216,211"
10322,"40,17,3"
10323,"10,220"
10324,"8,0,514"
10325,"3,21,40"
10326,"49,23,24"
10327,"24,23,43"
10328,"3,21,200"
10329,"3,4"
10330,"0,26,216"
10331,"3,21,200"
10332,"169,199,170"
10333,"40,128,129"
10334,"43,24,23"
10335,"3,21,200"
10336,"0,216,10"
10337,"0,271,218"
10338,"169,199,170"
10339,"17,3,18"
10340,"31,23,258"
10341,"3,21,200"
10342,"0,26,23"
10343,"40,146,145"
10344,"23,38,74"
10345,"74,23,38"
10346,"0,8"
10347,"0,271,216"
10348,"40,23,131"
10349,"31,23,96"
10350,"40,21,3"
10351,"10,64,80"
10352,"3,21,200"
10353,"23,10,24"
10354,"0,271,265"
10355,"296,169,460"
10356,"3,21,40"
10357,"160,315,40"
10358,"23,74,118"
10359,"199,3,169"
10360,"40,10,23"
10361,"23,74,38"
10362,"11,10,69"
10363,"3,21,148"
10364,"0,346,313"
10365,"199,169,251"
10366,"10,0,220"
10367,"0,271,216"
10368,"38,23,74"
10369,"10,11,44"
10370,"0,216,211"
10371,"23,24,71"
10372,"0,216,211"
10373,"3,111,40"
10374,"31,96,23"
10375,"40,128,41"
10376,"23,74,38"
10377,"199,169,40"
10378,"10,323,199"
10379,"40,131"
10380,"10,23,24"
10381,"3,169,170"
10382,"0,265,26"
10383,"10,220,40"
10384,"40,131,134"
10385,"402,10,40"
10386,"188,4,3"
10387,"3,40,21"
10388,"10,239,64"
10389,"10,23,24"
10390,"0,8,218"
10391,"23,71,24"
10392,"0,216,211"
10393,"3,4"
10394,"3,13,523"
10395,"48,10,3"
10396,"4,3"
10397,"40,10,31"
10398,"0,271,265"
10399,"241,131,40"
10400,"26,0,23"
10401,"234,10,60"
10402,"169,170,171"
10403,"199,169,223"
10404,"10,44,73"
10405,"402,145,40"
10406,"3,21,182"
10407,"3,148,147"
10408,"199,323,169"
10409,"43,23,24"
10410,"290,10,31"
10411,"3,21,200"
10412,"0,8,235"
10413,"26,23,38"
10414,"3,21,17"
10415,"3,15,16"
10416,"40,131"
10417,"3,4,21"
10418,"0,265,271"
10419,"10,11,72"
10420,"10,24,23"
10421,"10,64,80"
10422,"93,10,64"
10423,"10,64,93"
10424,"40,3,21"
10425,"23,38,74"
10426,"43,24,23"
10427,"3,21,199"
10428,"199,169,323"
10429,"402,145,40"
10430,"138,135,169"
10431,"10,11"
10432,"402,145,220"
10433,"32,31,23"
10434,"3,21,200"
10435,"10,346,26"
10436,"3,4"
10437,"169,171,96"
10438,"3,21,40"
10439,"23,31,38"
10440,"3,15,16"
10441,"169,274,337"
10442,"234,10,3"
10443,"23,10,44"
10444,"3,21,187"
10445,"241,131,40"
10446,"3,21,13"
10447,"199,169,40"
10448,"170,171,169"
10449,"199,169"
10450,"40,131,10"
10451,"40,160,41"
10452,"199,169,259"
10453,"3,4,200"
10454,"199,169,251"
10455,"10,323,199"
10456,"40,146,145"
10457,"206,8,0"
10458,"10,220,221"
10459,"0,235,8"
10460,"118,23,74"
10461,"10,11"
10462,"0,271"
10463,"3,4"
10464,"40,162,128"
10465,"0,10,220"
10466,"10,11,69"
10467,"169,0,199"
10468,"8,0,391"
10469,"0,271,216"
10470,"10,220"
10471,"38,23,308"
10472,"10,220"
10473,"4,3"
10474,"199,169,251"
10475,"38,3,40"
10476,"169,170,337"
10477,"3,21,17"
10478,"169,23,128"
10479,"160,40,315"
10480,"3,4,200"
10481,"40,160,131"
10482,"40,21,3"
10483,"96,23,31"
10484,"10,220,221"
10485,"43,24,23"
10486,"199,169,323"
10487,"431,199,40"
10488,"3,21,200"
10489,"296,169,306"
10490,"3,21"
10491,"199,3,169"
10492,"10,23,64"
10493,"40,131,134"
10494,"171,170,169"
10495,"3,17,21"
10496,"10,11,221"
10497,"3,315,160"
10498,"199,169,374"
10499,"0,199,169"
10500,"0,26,216"
10501,"10,64,93"
10502,"40,131,10"
10503,"10,0,220"
10504,"40,38,23"
10505,"3,4,118"
10506,"26,89,0"
10507,"3,21,200"
10508,"38,169,23"
10509,"10,64,448"
10510,"3,17,40"
10511,"40,241,131"
10512,"23,38,26"
10513,"23,118,74"
10514,"43,23,24"
10515,"40,131"
10516,"206,0,8"
10517,"10,11"
10518,"3,0,21"
10519,"23,26,38"
10520,"10,64,93"
10521,"10,64,448"
10522,"40,131,160"
10523,"3,10,169"
10524,"3,21,200"
10525,"199,169,259"
10526,"10,220,402"
10527,"10,402,145"
10528,"10,3,23"
10529,"220,10,221"
10530,"0,8,216"
10531,"40,160,315"
10532,"10,11,44"
10533,"3,21,187"
10534,"0,346,313"
10535,"3,4"
10536,"23,38,26"
10537,"21,3"
10538,"38,23,74"
10539,"160,40,315"
10540,"3,21,200"
10541,"10,64,93"
10542,"199,169,323"
10543,"287,315,160"
10544,"3,0,10"
10545,"26,89,23"
10546,"3,23,4"
10547,"10,11,69"
10548,"3,147,148"
10549,"0,271,291"
10550,"32,31,23"
10551,"220,402,10"
10552,"3,21,40"
10553,"296,169"
10554,"224,3,40"
10555,"10,64,221"
10556,"3,200,182"
10557,"49,23,24"
10558,"40,41,21"
10559,"40,131,134"
10560,"23,0,38"
10561,"23,40,38"
10562,"199,323,169"
10563,"10,44,11"
10564,"10,44,23"
10565,"3,182,21"
10566,"10,24,221"
10567,"10,64,24"
10568,"23,43,24"
10569,"3,21,200"
10570,"3,21"
10571,"40,386,135"
10572,"26,23,231"
10573,"23,3,38"
10574,"10,11,221"
10575,"40,23,74"
10576,"0,271"
10577,"38,23,74"
10578,"3,21,187"
10579,"40,131,145"
10580,"220,10"
10581,"0,216,271"
10582,"169,170,3"
10583,"0,271,216"
10584,"169,199,251"
10585,"0,271,265"
10586,"0,10,220"
10587,"40,131,134"
10588,"10,11,69"
10589,"23,38,63"
10590,"3,21,187"
10591,"169,170,199"
10592,"402,10,44"
10593,"23,3,40"
10594,"40,241,131"
10595,"3,21,40"
10596,"10,44,38"
10597,"0,265,216"
10598,"23,74,38"
10599,"23,38,24"
10600,"0,216,271"
10601,"3,17,21"
10602,"234,60,10"
10603,"40,128,129"
10604,"296,169,300"
10605,"4,40,19"
10606,"10,64,448"
10607,"3,111,123"
10608,"3,148,147"
10609,"17,3,18"
10610,"40,131,241"
10611,"3,21"
10612,"10,64,93"
10613,"199,169,323"
10614,"3,21"
10615,"3,21,200"
10616,"3,21"
10617,"23,402,40"
10618,"3,21,40"
10619,"10,64,24"
10620,"3,21,40"
10621,"128,130,129"
10622,"169,199,170"
10623,"38,23,137"
10624,"40,128,0"
10625,"26,23,231"
10626,"10,220"
10627,"0,313,216"
10628,"169,199,426"
10629,"3,21,5"
10630,"3,21"
10631,"26,23,350"
10632,"220,10"
10633,"0,265,10"
10634,"10,64,80"
10635,"0,199,169"
10636,"3,21,40"
10637,"3,160,147"
10638,"3,17,21"
10639,"40,224,41"
10640,"8,0,308"
10641,"0,3,271"
10642,"0,216,169"
10643,"3,5,331"
10644,"24,23,10"
10645,"402,40,145"
10646,"160,40,315"
10647,"0,271,216"
10648,"23,38,26"
10649,"10,64,80"
10650,"10,44,45"
10651,"10,402,23"
10652,"38,23,74"
10653,"3,21"
10654,"40,129,128"
10655,"11,10"
10656,"40,131"
10657,"0,271"
10658,"231,26,0"
10659,"0,346,313"
10660,"15,16,3"
10661,"40,41,139"
10662,"199,43,169"
10663,"10,25,23"
10664,"169,170,199"
10665,"0,271,216"
10666,"40,41,128"
10667,"3,225,0"
10668,"23,38,26"
10669,"0,169,3"
10670,"220,10"
10671,"0,216,271"
10672,"40,128,21"
10673,"23,24,10"
10674,"0,346,313"
10675,"3,21,200"
10676,"10,24,23"
10677,"0,271,216"
10678,"49,23,24"
10679,"31,96,169"
10680,"169,0,199"
10681,"3,4,200"
10682,"40,21,3"
10683,"40,131"
10684,"40,135,131"
10685,"3,21"
10686,"0,271"
10687,"169,508,170"
10688,"23,74,118"
10689,"40,494,199"
10690,"199,169,431"
10691,"199,169,259"
10692,"23,74,3"
10693,"3,147,148"
10694,"0,8,216"
10695,"40,128,129"
10696,"3,21,5"
10697,"3,4,23"
10698,"3,4,17"
10699,"0,271,216"
10700,"10,64,40"
10701,"402,10,145"
10702,"3,21,40"
10703,"10,64,80"
10704,"10,220,0"
10705,"38,0,23"
10706,"40,131,41"
10707,"3,4,435"
10708,"3,21,200"
10709,"3,21,187"
10710,"169,199,182"
10711,"0,235,8"
10712,"43,23,24"
10713,"199,323,169"
10714,"10,64,93"
10715,"0,271,265"
10716,"10,64,93"
10717,"23,43,24"
10718,"3,4,15"
10719,"23,96,31"
10720,"170,169,199"
10721,"23,96,10"
10722,"296,300,169"
10723,"3,4"
10724,"3,111,112"
10725,"23,24,49"
10726,"10,220,221"
10727,"170,169,3"
10728,"10,11,44"
10729,"0,273,8"
10730,"0,169,199"
10731,"43,24,23"
10732,"0,271,216"
10733,"3,17,21"
10734,"3,21,200"
10735,"0,271"
10736,"10,64,24"
10737,"3,21,32"
10738,"3,21,115"
10739,"3,147,523"
10740,"3,21,200"
10741,"241,38,40"
10742,"11,10,69"
10743,"3,169,170"
10744,"199,40,241"
10745,"138,135,40"
10746,"0,271,216"
10747,"44,10,23"
10748,"199,169,323"
10749,"3,5,133"
10750,"3,21,17"
10751,"23,38,40"
10752,"199,169,259"
10753,"10,220"
10754,"40,131,193"
10755,"10,44,23"
10756,"0,216,346"
10757,"10,23,44"
10758,"3,4"
10759,"0,23,26"
10760,"17,10,18"
10761,"23,38,74"
10762,"3,10,40"
10763,"3,199,21"
10764,"129,128,40"
10765,"3,4"
10766,"128,346,0"
10767,"3,17,21"
10768,"199,169,223"
10769,"3,15,147"
10770,"43,323,24"
10771,"169,199,170"
10772,"40,160,128"
10773,"199,169,281"
10774,"10,11,402"
10775,"40,3,10"
10776,"3,170,21"
10777,"220,10"
10778,"3,21"
10779,"0,346,313"
10780,"3,4,200"
10781,"220,10"
10782,"0,216,235"
10783,"3,21,187"
10784,"3,21,40"
10785,"3,187,21"
10786,"3,21,40"
10787,"0,402,10"
10788,"0,199,169"
10789,"0,216,271"
10790,"0,216,169"
10791,"43,24,23"
10792,"0,271"
10793,"3,15,200"
10794,"199,169,40"
10795,"40,41,21"
10796,"3,4"
10797,"199,169,40"
10798,"3,21,200"
10799,"43,24,181"
10800,"10,220,40"
10801,"40,146,145"
10802,"23,74,38"
10803,"38,23,10"
10804,"0,235,8"
10805,"10,64,448"
10806,"10,11,23"
10807,"3,21"
10808,"10,64,221"
10809,"23,26,38"
10810,"138,135,40"
10811,"3,21,200"
10812,"10,64,24"
10813,"10,0,229"
10814,"10,11,40"
10815,"169,199,251"
10816,"402,10,220"
10817,"231,26,23"
10818,"23,26,231"
10819,"10,64,93"
10820,"0,271,216"
10821,"3,21,200"
10822,"220,10"
10823,"169,96,171"
10824,"10,64"
10825,"23,24,43"
10826,"220,10"
10827,"38,23,10"
10828,"169,170,296"
10829,"40,241,131"
10830,"10,11"
10831,"4,40,3"
10832,"0,216,354"
10833,"187,3,21"
10834,"4,3,7"
10835,"3,21,200"
10836,"23,71,38"
10837,"23,38,74"
10838,"3,187,21"
10839,"0,10,220"
10840,"40,131,128"
10841,"23,74,62"
10842,"0,271,216"
10843,"0,271,216"
10844,"0,216,271"
10845,"3,21,200"
10846,"169,337,0"
10847,"3,21,182"
10848,"26,89,23"
10849,"3,21,200"
10850,"10,64,93"
10851,"0,216"
10852,"23,402,38"
10853,"23,118,74"
10854,"3,21,200"
10855,"23,26,38"
10856,"40,162,131"
10857,"0,271"
10858,"25,10,23"
10859,"169,23,426"
10860,"0,26,346"
10861,"23,74,10"
10862,"3,21,187"
10863,"220,10"
10864,"3,40,21"
10865,"10,64,0"
10866,"220,31,23"
10867,"10,220,221"
10868,"10,220,0"
10869,"10,31,169"
10870,"3,17,18"
10871,"220,10,221"
10872,"0,271"
10873,"40,135,131"
10874,"40,131,128"
10875,"0,366,271"
10876,"0,271,216"
10877,"74,23,40"
10878,"40,346,128"
10879,"118,23,74"
10880,"206,8,0"
10881,"23,74,38"
10882,"3,15,21"
10883,"3,147,120"
10884,"328,31,23"
10885,"23,40,74"
10886,"220,10,0"
10887,"10,402,145"
10888,"10,64"
10889,"402,38,145"
10890,"3,275,111"
10891,"3,21"
10892,"160,169,40"
10893,"15,16,3"
10894,"0,271,216"
10895,"3,4"
10896,"3,21,200"
10897,"3,21,200"
10898,"32,31,3"
10899,"346,0,40"
10900,"3,21,200"
10901,"3,21,200"
10902,"40,141,135"
10903,"40,3,21"
10904,"241,131,40"
10905,"10,402,11"
10906,"3,23,21"
10907,"199,431,40"
10908,"296,169,460"
10909,"138,135,40"
10910,"3,4,17"
10911,"3,21,200"
10912,"10,64"
10913,"231,26,23"
10914,"3,21,200"
10915,"10,44,73"
10916,"10,93,64"
10917,"0,271,265"
10918,"26,23,0"
10919,"3,4"
10920,"3,4"
10921,"26,23,10"
10922,"40,10,128"
10923,"10,11,64"
10924,"0,8,235"
10925,"40,160,128"
10926,"0,8,206"
10927,"296,169"
10928,"3,21,17"
10929,"40,128,21"
10930,"3,21,200"
10931,"10,64,93"
10932,"23,24,43"
10933,"0,271,265"
10934,"23,38,26"
10935,"40,146,145"
10936,"346,0,313"
10937,"0,10,370"
10938,"3,21,40"
10939,"3,13,10"
10940,"10,24,60"
10941,"3,21,148"
10942,"0,271,8"
10943,"49,23,24"
10944,"4,3,7"
10945,"3,21,40"
10946,"0,10,218"
10947,"138,135,40"
10948,"10,64,80"
10949,"0,26,23"
10950,"0,8,206"
10951,"230,229,0"
10952,"3,200,147"
10953,"10,11,40"
10954,"402,145,40"
10955,"23,38,26"
10956,"10,220"
10957,"4,3,331"
10958,"3,21,148"
10959,"49,23,24"
10960,"0,169,337"
10961,"3,21,200"
10962,"3,169,170"
10963,"402,10,145"
10964,"43,24,23"
10965,"43,24,23"
10966,"40,128,41"
10967,"199,169"
10968,"3,21"
10969,"169,426,508"
10970,"3,48,23"
10971,"271,0,456"
10972,"3,148,147"
10973,"40,138,135"
10974,"10,239,49"
10975,"3,21,200"
10976,"43,24,23"
10977,"3,21,200"
10978,"3,21,199"
10979,"0,216,211"
10980,"40,135,189"
10981,"3,15,16"
10982,"169,3,199"
10983,"23,10,24"
10984,"43,23,24"
10985,"3,21,200"
10986,"0,26,350"
10987,"40,128,130"
10988,"3,21,182"
10989,"10,220"
10990,"0,216,271"
10991,"0,40,128"
10992,"128,40,129"
10993,"182,3"
10994,"3,17,148"
10995,"3,21,115"
10996,"3,21,40"
10997,"23,74,38"
10998,"40,131,134"
10999,"3,21"
11000,"3,296,169"
11001,"170,169,171"
11002,"40,131,23"
11003,"0,26,23"
11004,"40,131,160"
11005,"3,21,200"
11006,"10,11"
11007,"40,162,128"
11008,"0,26,23"
11009,"10,64"
11010,"10,60,239"
11011,"220,10,221"
11012,"10,220,40"
11013,"40,131,134"
11014,"10,402,64"
11015,"40,23,25"
11016,"169,199,0"
11017,"169,199,170"
11018,"402,40,145"
11019,"169,170,508"
11020,"40,128,160"
11021,"0,8,271"
11022,"402,40,145"
11023,"40,145,131"
11024,"199,169,281"
11025,"32,23,24"
11026,"128,129,40"
11027,"296,169,333"
11028,"3,21,200"
11029,"43,10,323"
11030,"38,23,241"
11031,"170,169,171"
11032,"96,31,169"
11033,"0,271,3"
11034,"0,313,346"
11035,"169,345,199"
11036,"3,4,200"
11037,"402,145,40"
11038,"38,23,26"
11039,"118,23,74"
11040,"3,21,169"
11041,"170,171,169"
11042,"3,21,200"
11043,"0,265,271"
11044,"0,271,346"
11045,"0,271,216"
11046,"3,21,17"
11047,"169,296,0"
11048,"199,169,0"
11049,"0,216,1"
11050,"0,199,169"
11051,"296,169"
11052,"3,21,200"
11053,"220,10"
11054,"23,118,74"
11055,"23,49,24"
11056,"40,131"
11057,"23,38,74"
11058,"10,64,93"
11059,"96,31,258"
11060,"169,170,199"
11061,"0,370,10"
11062,"3,263,187"
11063,"40,73,160"
11064,"40,128,129"
11065,"10,64,448"
11066,"0,271,216"
11067,"23,402,44"
11068,"10,64,80"
11069,"0,8,271"
11070,"23,24,43"
11071,"169,170,199"
11072,"3,21,4"
11073,"220,10"
11074,"3,21,200"
11075,"3,21,200"
11076,"40,128,129"
11077,"3,199,21"
11078,"169,199,323"
11079,"10,64,80"
11080,"0,271"
11081,"128,40,130"
11082,"3,17,21"
11083,"3,15,200"
11084,"10,44,23"
11085,"23,24,49"
11086,"169,199,251"
11087,"199,169,251"
11088,"10,11,109"
11089,"0,199,169"
11090,"402,145,40"
11091,"3,21,200"
11092,"3,23,105"
11093,"0,8,206"
11094,"346,26,0"
11095,"160,40,315"
11096,"0,271,456"
11097,"23,38,63"
11098,"38,23"
11099,"40,131"
11100,"23,38,24"
11101,"241,38,40"
11102,"40,23,131"
11103,"3,21,200"
11104,"3,4"
11105,"169,170,337"
11106,"10,23,38"
11107,"3,40,300"
11108,"0,271,216"
11109,"40,131"
11110,"44,45,402"
11111,"10,64,448"
11112,"23,74,165"
11113,"49,40,21"
11114,"3,21,200"
11115,"199,169,251"
11116,"0,206,8"
11117,"220,10"
11118,"10,64"
11119,"40,160,315"
11120,"169,96,31"
11121,"3,21,200"
11122,"0,271,216"
11123,"3,21,17"
11124,"4,3"
11125,"3,21,200"
11126,"40,131,241"
11127,"32,23,31"
11128,"0,271,216"
11129,"0,346,271"
11130,"10,72,61"
11131,"40,131,241"
11132,"23,74,71"
11133,"0,271,366"
11134,"23,118,74"
11135,"0,8,216"
11136,"0,216,8"
11137,"0,3,169"
11138,"0,271,216"
11139,"3,17"
11140,"160,315,40"
11141,"0,10,216"
11142,"0,271,216"
11143,"3,40,17"
11144,"40,131,23"
11145,"220,10,221"
11146,"3,15,16"
11147,"26,23,38"
11148,"40,160,315"
11149,"40,118,135"
11150,"231,26,23"
11151,"23,40,74"
11152,"23,24,43"
11153,"10,64,93"
11154,"3,13,10"
11155,"40,41,160"
11156,"40,131,134"
11157,"10,60,323"
11158,"23,38,26"
11159,"169,199,251"
11160,"3,21,40"
11161,"220,10"
11162,"402,145,40"
11163,"3,21,115"
11164,"3,21,40"
11165,"43,24,23"
11166,"10,220"
11167,"402,145,10"
11168,"10,220"
11169,"10,220"
11170,"10,64"
11171,"3,5,331"
11172,"0,271,366"
11173,"40,162,128"
11174,"23,24,74"
11175,"199,169,251"
11176,"10,11,221"
11177,"3,21,148"
11178,"40,131,128"
11179,"169,170,199"
11180,"10,402,220"
11181,"3,187,21"
11182,"40,160,131"
11183,"23,24,38"
11184,"199,169,343"
11185,"38,23"
11186,"3,182,21"
11187,"199,169,323"
11188,"3,21,13"
11189,"206,0,8"
11190,"40,402,145"
11191,"26,23,231"
11192,"0,8,271"
11193,"3,15,53"
11194,"3,4,182"
11195,"38,23,74"
11196,"24,10,23"
11197,"169,199,170"
11198,"169,199,426"
11199,"199,169,251"
11200,"10,64,93"
11201,"38,23,309"
11202,"0,206,8"
11203,"0,271,216"
11204,"3,21,200"
11205,"10,64,93"
11206,"23,40,38"
11207,"40,3,21"
11208,"10,40,64"
11209,"10,323,93"
11210,"43,23,24"
11211,"0,216,271"
11212,"0,218,457"
11213,"3,187,21"
11214,"40,131"
11215,"10,64,80"
11216,"199,169,170"
11217,"10,11,69"
11218,"170,169,40"
11219,"187,3,21"
11220,"71,10,23"
11221,"26,23,0"
11222,"49,23,24"
11223,"0,271,8"
11224,"40,131"
11225,"431,199,135"
11226,"10,220"
11227,"3,21,199"
11228,"3,15,16"
11229,"23,26,38"
11230,"199,169,0"
11231,"49,23,24"
11232,"0,271"
11233,"10,220,64"
11234,"23,26,0"
11235,"23,24,74"
11236,"40,131,128"
11237,"3,21,200"
11238,"3,17,21"
11239,"43,24,23"
11240,"3,21,4"
11241,"40,131,134"
11242,"23,38,24"
11243,"0,169,271"
11244,"10,64,80"
11245,"0,211,216"
11246,"3,21,200"
11247,"220,10"
11248,"3,21,48"
11249,"15,3,16"
11250,"169,251,199"
11251,"199,169,170"
11252,"0,271,216"
11253,"3,40,21"
11254,"23,31,328"
11255,"23,0,24"
11256,"10,11,44"
11257,"10,64,80"
11258,"15,16,3"
11259,"10,3,64"
11260,"10,64,0"
11261,"220,10,221"
11262,"199,169,40"
11263,"40,402,23"
11264,"3,147,148"
11265,"199,169,259"
11266,"40,241,131"
11267,"10,0,220"
11268,"40,131,160"
11269,"40,241,131"
11270,"0,265,271"
11271,"3,21"
11272,"206,0,3"
11273,"43,23,24"
11274,"0,23,26"
11275,"10,402,24"
11276,"40,175,184"
11277,"40,135,138"
11278,"0,271"
11279,"38,23,26"
11280,"169,337,170"
11281,"38,23"
11282,"10,44,23"
11283,"3,187,21"
11284,"0,216,211"
11285,"40,131"
11286,"10,220,44"
11287,"169,170,171"
11288,"402,0,10"
11289,"169,170,199"
11290,"10,11,44"
11291,"402,145,40"
11292,"3,4,188"
11293,"0,26,23"
11294,"32,23,31"
11295,"17,3,18"
11296,"10,64"
11297,"199,169,170"
11298,"169,3,0"
11299,"10,64"
11300,"10,24,23"
11301,"138,135,40"
11302,"3,169,21"
11303,"169,0,199"
11304,"10,64,93"
11305,"3,96,21"
11306,"3,275,21"
11307,"40,61,72"
11308,"38,23,137"
11309,"0,8,265"
11310,"3,15,200"
11311,"40,41,160"
11312,"0,265,3"
11313,"49,24,10"
11314,"138,135,40"
11315,"84,23,74"
11316,"3,21,200"
11317,"220,10"
11318,"199,169,259"
11319,"169,170,3"
11320,"3,4"
11321,"402,40,145"
11322,"0,271,216"
11323,"220,10"
11324,"323,181,199"
11325,"10,64,80"
11326,"402,10,0"
11327,"3,21,204"
11328,"0,26,40"
11329,"32,23,24"
11330,"296,169"
11331,"23,40,243"
11332,"32,23,31"
11333,"3,15,275"
11334,"169,170,171"
11335,"220,10"
11336,"3,21,40"
11337,"128,0,40"
11338,"40,3,0"
11339,"43,24,181"
11340,"169,199,170"
11341,"0,8,211"
11342,"171,170,169"
11343,"10,220"
11344,"3,21,200"
11345,"10,93,64"
11346,"3,21,40"
11347,"40,131"
11348,"199,323,169"
11349,"169,199,251"
11350,"40,21,3"
11351,"3,4,200"
11352,"0,31,328"
11353,"10,93,64"
11354,"169,199,170"
11355,"3,23,74"
11356,"3,21,199"
11357,"199,169"
11358,"0,235,8"
11359,"3,21,40"
11360,"295,31,23"
11361,"10,64,24"
11362,"38,23,24"
11363,"3,21,17"
11364,"10,220,23"
11365,"3,21,200"
11366,"220,10"
11367,"3,4,435"
11368,"10,49,23"
11369,"15,3,16"
11370,"0,271,216"
11371,"40,241,131"
11372,"3,21,200"
11373,"402,145,10"
11374,"135,138,40"
11375,"0,271,216"
11376,"3,21,40"
11377,"220,10"
11378,"0,271"
11379,"220,10"
11380,"40,131,134"
11381,"17,3,18"
11382,"0,218,457"
11383,"0,8,23"
11384,"49,24,23"
11385,"346,49,23"
11386,"0,26,23"
11387,"3,21"
11388,"3,187,21"
11389,"3,200,148"
11390,"10,11"
11391,"3,182,21"
11392,"40,131"
11393,"175,40,23"
11394,"402,10,145"
11395,"10,220"
11396,"40,131,241"
11397,"26,23,231"
11398,"23,26,38"
11399,"169,199,0"
11400,"199,169,251"
11401,"0,271,456"
11402,"3,23,74"
11403,"0,8,206"
11404,"402,40,145"
11405,"84,74,23"
11406,"3,147,148"
11407,"0,8,10"
11408,"10,220"
11409,"3,5,4"
11410,"23,74,38"
11411,"138,135,40"
11412,"3,21"
11413,"3,21,200"
11414,"63,23,74"
11415,"40,128,206"
11416,"113,3,430"
11417,"40,23,74"
11418,"199,169,3"
11419,"10,43,24"
11420,"169,199,170"
11421,"296,23,169"
11422,"290,287,23"
11423,"0,8,235"
11424,"38,23,40"
11425,"40,0,346"
11426,"3,21,0"
11427,"40,128,129"
11428,"49,23,24"
11429,"169,0,271"
11430,"220,10"
11431,"128,40,129"
11432,"3,21,200"
11433,"10,11"
11434,"220,10"
11435,"10,11,44"
11436,"40,128,129"
11437,"40,131,23"
11438,"3,4,21"
11439,"40,146,145"
11440,"40,131,184"
11441,"402,10,40"
11442,"3,21,200"
11443,"3,523,53"
11444,"402,0,145"
11445,"3,21,48"
11446,"135,40,295"
11447,"40,160,315"
11448,"199,169,0"
11449,"15,3,16"
11450,"10,64,24"
11451,"40,131,128"
11452,"3,21,200"
11453,"0,206,8"
11454,"0,23,402"
11455,"3,147,21"
11456,"300,10,11"
11457,"220,10"
11458,"3,21,148"
11459,"10,220,44"
11460,"8,0,26"
11461,"0,402,370"
11462,"3,148,147"
11463,"10,220"
11464,"3,105,50"
11465,"3,147,21"
11466,"220,10,0"
11467,"3,21,200"
11468,"3,15,4"
11469,"23,74,38"
11470,"199,169,259"
11471,"23,24,49"
11472,"3,4"
11473,"10,11,44"
11474,"10,38,44"
11475,"3,21,200"
11476,"13,204,14"
11477,"0,271,216"
11478,"3,200,148"
11479,"10,64"
11480,"71,40,23"
11481,"10,11,44"
11482,"3,21,200"
11483,"10,145,40"
11484,"199,169,49"
11485,"0,271,216"
11486,"10,220"
11487,"199,169,259"
11488,"26,23,0"
11489,"3,4,15"
11490,"3,16,15"
11491,"40,131"
11492,"49,23,24"
11493,"170,171,169"
11494,"0,216,211"
11495,"0,216,211"
11496,"23,32,38"
11497,"3,300,169"
11498,"169,160,199"
11499,"31,96,23"
11500,"0,8,235"
11501,"3,4,200"
11502,"3,21,200"
11503,"0,26,23"
11504,"3,15,200"
11505,"3,160,148"
11506,"23,74,40"
11507,"3,5,133"
11508,"3,21,200"
11509,"170,169,171"
11510,"3,15,16"
11511,"10,64,11"
11512,"3,21,4"
11513,"3,187,21"
11514,"220,10"
11515,"296,169,337"
11516,"199,169,0"
11517,"3,187,21"
11518,"40,160,315"
11519,"169,170,199"
11520,"3,21,40"
11521,"40,160,315"
11522,"0,128,40"
11523,"38,23,10"
11524,"38,23,402"
11525,"169,170,199"
11526,"220,10,221"
11527,"10,64,93"
11528,"40,23,128"
11529,"199,169,343"
11530,"199,169,323"
11531,"3,21,148"
11532,"40,0,3"
11533,"3,4"
11534,"10,11,64"
11535,"3,169,199"
11536,"26,23,0"
11537,"10,11,44"
11538,"73,44,23"
11539,"10,11,69"
11540,"3,287,53"
11541,"23,10,38"
11542,"169,0,170"
11543,"10,64,93"
11544,"40,135,141"
11545,"10,44,402"
11546,"3,170,21"
11547,"3,21,200"
11548,"40,131,23"
11549,"40,131,241"
11550,"40,131,134"
11551,"10,40,131"
11552,"40,128,129"
11553,"138,135,40"
11554,"40,23,131"
11555,"26,231,23"
11556,"3,21,187"
11557,"10,64,93"
11558,"38,23,26"
11559,"3,21,200"
11560,"3,21,182"
11561,"220,10"
11562,"3,61,10"
11563,"0,8,271"
11564,"3,40,17"
11565,"40,131"
11566,"220,10,0"
11567,"40,128,129"
11568,"0,271,265"
11569,"3,40,17"
11570,"199,169,251"
11571,"49,23,24"
11572,"10,11,220"
11573,"23,74,84"
11574,"206,0,8"
11575,"0,265,216"
11576,"23,74,38"
11577,"199,169,10"
11578,"187,3,21"
11579,"3,147,21"
11580,"0,346,313"
11581,"0,169,199"
11582,"23,24,38"
11583,"3,4,15"
11584,"3,21,200"
11585,"3,21,148"
11586,"23,118,74"
11587,"3,15,16"
11588,"0,271,8"
11589,"3,200,21"
11590,"10,64,80"
11591,"160,40,315"
11592,"199,169,323"
11593,"402,0,10"
11594,"0,8,220"
11595,"169,3,199"
11596,"199,323,169"
11597,"10,64,24"
11598,"3,21,200"
11599,"10,239,49"
11600,"23,74,38"
11601,"199,169,160"
11602,"3,187,21"
11603,"38,23,74"
11604,"10,64"
11605,"0,271,265"
11606,"40,160,315"
11607,"234,10,60"
11608,"0,271"
11609,"96,3,40"
11610,"40,3,139"
11611,"10,323,64"
11612,"3,21,200"
11613,"10,64,93"
11614,"3,21,187"
11615,"0,313,271"
11616,"3,21,17"
11617,"40,131,241"
11618,"71,23,38"
11619,"40,131,128"
11620,"40,131,145"
11621,"199,169,259"
11622,"3,21"
11623,"23,74,38"
11624,"3,17,21"
11625,"72,44,61"
11626,"38,23,39"
11627,"0,10,220"
11628,"3,21"
11629,"169,199,251"
11630,"40,129,128"
11631,"38,23,24"
11632,"3,21,200"
11633,"220,10"
11634,"23,74,38"
11635,"23,38,10"
11636,"3,21"
11637,"10,11"
11638,"23,24,38"
11639,"40,23,131"
11640,"3,10,21"
11641,"10,64,93"
11642,"49,23,38"
11643,"71,23,38"
11644,"3,21,148"
11645,"10,145,40"
11646,"40,131"
11647,"10,3,13"
11648,"3,21,200"
11649,"40,131,134"
11650,"11,10,109"
11651,"3,21,17"
11652,"0,271,8"
11653,"0,211,216"
11654,"43,24,23"
11655,"10,11,220"
11656,"40,131"
11657,"3,21,200"
11658,"3,4,200"
11659,"26,0,23"
11660,"3,4,200"
11661,"220,10,40"
11662,"23,24,43"
11663,"220,10"
11664,"187,3,21"
11665,"3,21,17"
11666,"10,220,64"
11667,"138,40,135"
11668,"10,11,69"
11669,"169,170,417"
11670,"3,21,17"
11671,"38,23,74"
11672,"23,38,74"
11673,"74,23,38"
11674,"23,74,10"
11675,"169,170,171"
11676,"170,169,459"
11677,"199,169,343"
11678,"271,0,456"
11679,"0,271,456"
11680,"10,64,24"
11681,"24,43,23"
11682,"10,220"
11683,"10,24,323"
11684,"169,199,323"
11685,"199,169,241"
11686,"123,111,3"
11687,"3,40,187"
11688,"10,23,24"
11689,"3,21,200"
11690,"23,3,74"
11691,"24,71,23"
11692,"10,43,323"
11693,"3,4"
11694,"0,271,218"
11695,"331,5,3"
11696,"199,169,0"
11697,"0,211,216"
11698,"346,0,313"
11699,"3,4,21"
11700,"169,170"
11701,"3,200,148"
11702,"169,0,216"
11703,"402,145,40"
11704,"10,402,145"
11705,"3,21"
11706,"3,147,523"
11707,"17,3,18"
11708,"24,23,10"
11709,"0,211,216"
11710,"138,40,135"
11711,"4,3,7"
11712,"40,23,24"
11713,"10,64,93"
11714,"10,64,93"
11715,"3,21,200"
11716,"199,43,323"
11717,"40,131,160"
11718,"199,259,169"
11719,"26,23,38"
11720,"3,21"
11721,"3,21,200"
11722,"3,182,275"
11723,"10,24,11"
11724,"40,300,3"
11725,"3,0,21"
11726,"169,337,170"
11727,"11,10,69"
11728,"123,40,111"
11729,"10,25,24"
11730,"3,4,435"
11731,"0,26,38"
11732,"40,131,41"
11733,"40,131,134"
11734,"169,3,170"
11735,"31,23,96"
11736,"3,21,182"
11737,"23,74,38"
11738,"206,8,0"
11739,"0,40,402"
11740,"10,220"
11741,"3,200,148"
11742,"3,21,148"
11743,"169,337,170"
11744,"3,21"
11745,"3,21,523"
11746,"3,21,200"
11747,"3,21,187"
11748,"3,15,16"
11749,"199,169"
11750,"40,128,41"
11751,"169,199,0"
11752,"3,21,200"
11753,"10,11,72"
11754,"96,31,23"
11755,"43,24,23"
11756,"10,11"
11757,"23,31,96"
11758,"10,64,80"
11759,"199,323,169"
11760,"23,38,94"
11761,"141,23,118"
11762,"3,21,200"
11763,"3,21,200"
11764,"3,148,21"
11765,"3,17,21"
11766,"0,271,216"
11767,"3,21,200"
11768,"3,15,16"
11769,"199,169,23"
11770,"3,21"
11771,"3,21"
11772,"15,3,16"
11773,"3,169,337"
11774,"169,160,199"
11775,"40,241,131"
11776,"10,64,80"
11777,"3,21,182"
11778,"10,64,448"
11779,"10,11,69"
11780,"10,64"
11781,"170,169,199"
11782,"199,169,259"
11783,"49,23,24"
11784,"23,24,43"
11785,"72,61,44"
11786,"199,169"
11787,"3,4"
11788,"24,10,43"
11789,"40,131"
11790,"3,147,148"
11791,"129,40,128"
11792,"23,10,24"
11793,"10,26,23"
11794,"23,38,169"
11795,"169,129,128"
11796,"38,23,74"
11797,"10,11,221"
11798,"38,23"
11799,"40,3,38"
11800,"0,235,8"
11801,"3,21,200"
11802,"3,21,40"
11803,"3,4,200"
11804,"3,21,200"
11805,"3,21,187"
11806,"3,21,187"
11807,"23,38,175"
11808,"23,74,24"
11809,"10,64,11"
11810,"40,3,21"
11811,"402,40,25"
11812,"3,200,21"
11813,"3,21,17"
11814,"10,145,40"
11815,"40,131,184"
11816,"40,162,128"
11817,"4,3,19"
11818,"10,11,69"
11819,"169,199,0"
11820,"3,21,200"
11821,"40,199,494"
11822,"0,26,169"
11823,"220,10"
11824,"0,271"
11825,"3,21,200"
11826,"23,10,24"
11827,"0,216,218"
11828,"40,3,41"
11829,"234,10,60"
11830,"3,10,11"
11831,"169,199,170"
11832,"220,10,402"
11833,"3,147,148"
11834,"0,271,456"
11835,"0,128,40"
11836,"0,346,313"
11837,"0,26,271"
11838,"40,131,134"
11839,"3,21,200"
11840,"40,241,38"
11841,"3,4,375"
11842,"23,10,72"
11843,"0,216,271"
11844,"0,8,26"
11845,"43,24,10"
11846,"38,23,26"
11847,"199,169,223"
11848,"0,271,216"
11849,"10,23,24"
11850,"118,23,74"
11851,"346,313,0"
11852,"0,216,271"
11853,"0,346,313"
11854,"3,21,170"
11855,"10,220"
11856,"10,11,24"
11857,"10,64,80"
11858,"3,182,0"
11859,"23,32,31"
11860,"0,216,457"
11861,"10,11,221"
11862,"23,74,38"
11863,"10,220"
11864,"182,3,169"
11865,"40,160,315"
11866,"402,10,44"
11867,"431,199,135"
11868,"10,64"
11869,"3,17,21"
11870,"3,21,200"
11871,"10,0,23"
11872,"3,4"
11873,"23,38,44"
11874,"3,17,200"
11875,"0,265,271"
11876,"23,38,74"
11877,"15,16,3"
11878,"206,0,8"
11879,"160,315,40"
11880,"40,10,241"
11881,"40,128,0"
11882,"138,135,169"
11883,"199,169,170"
11884,"0,235,8"
11885,"0,26,271"
11886,"3,169,170"
11887,"206,8,0"
11888,"3,4"
11889,"3,21,200"
11890,"0,8,211"
11891,"220,10,221"
11892,"3,17,21"
11893,"296,169"
11894,"199,169,49"
11895,"0,26,169"
11896,"220,10"
11897,"220,10,221"
11898,"10,11,221"
11899,"3,21,200"
11900,"199,169,170"
11901,"3,170,21"
11902,"171,170,169"
11903,"169,199,10"
11904,"3,21,31"
11905,"10,11"
11906,"10,402,44"
11907,"10,64,80"
11908,"3,17,21"
11909,"138,40,135"
11910,"169,170,241"
11911,"3,15,16"
11912,"4,3,435"
11913,"10,23,62"
11914,"31,10,258"
11915,"23,74,38"
11916,"40,23,74"
11917,"10,64,93"
11918,"10,23,11"
11919,"10,64,220"
11920,"23,169,31"
11921,"3,21,17"
11922,"3,21,200"
11923,"63,23,38"
11924,"169,170,199"
11925,"13,14,3"
11926,"40,135,41"
11927,"26,38,23"
11928,"0,271,265"
11929,"3,4,200"
11930,"23,38,74"
11931,"26,23,0"
11932,"169,296,170"
11933,"0,216,211"
11934,"3,21,523"
11935,"3,15,147"
11936,"23,24,74"
11937,"431,40,135"
11938,"40,131"
11939,"3,21,17"
11940,"3,21,200"
11941,"40,131,184"
11942,"147,148,3"
11943,"40,23,135"
11944,"10,64,93"
11945,"11,10,69"
11946,"3,4,200"
11947,"199,169,259"
11948,"10,402,44"
11949,"40,135,3"
11950,"10,11"
11951,"10,220,221"
11952,"38,23,309"
11953,"220,10"
11954,"3,21,200"
11955,"0,216,169"
11956,"23,131,40"
11957,"10,323,64"
11958,"40,160,315"
11959,"3,200,15"
11960,"23,38,40"
11961,"169,3,21"
11962,"71,10,23"
11963,"0,169,3"
11964,"0,211,216"
11965,"3,148,147"
11966,"118,23,296"
11967,"3,21,200"
11968,"23,38,74"
11969,"10,64,24"
11970,"169,199,170"
11971,"10,64,38"
11972,"10,402,145"
11973,"206,8,0"
11974,"199,169,259"
11975,"40,128,41"
11976,"23,26,220"
11977,"169,170,199"
11978,"169,199,170"
11979,"24,23,43"
11980,"187,3,21"
11981,"38,23,74"
11982,"169,170,343"
11983,"0,271"
11984,"199,26,169"
11985,"3,170,169"
11986,"138,135,40"
11987,"402,10,145"
11988,"40,131,134"
11989,"0,8,206"
11990,"3,21,200"
11991,"3,188,4"
11992,"40,3,21"
11993,"3,10,13"
11994,"199,169,170"
11995,"0,271"
11996,"10,220,221"
11997,"40,131,160"
11998,"220,10,0"
11999,"3,21,200"
12000,"10,64,11"
12001,"40,23,402"
12002,"3,21,200"
12003,"40,145,131"
12004,"3,21,148"
12005,"128,130,40"
12006,"3,21,182"
12007,"170,3,169"
12008,"147,3,148"
12009,"23,49,11"
12010,"40,131"
12011,"38,40,23"
12012,"3,21,200"
12013,"3,300,53"
12014,"169,199,170"
12015,"0,346,313"
12016,"40,3,184"
12017,"3,17,4"
12018,"10,23,24"
12019,"3,4,200"
12020,"40,41,128"
12021,"23,241,131"
12022,"40,184,128"
12023,"3,200,17"
12024,"3,21,200"
12025,"4,3,19"
12026,"26,23,89"
12027,"40,402,10"
12028,"169,199,417"
12029,"31,23,96"
12030,"74,23,84"
12031,"40,128,21"
12032,"3,187,21"
12033,"40,131,193"
12034,"0,216"
12035,"3,21,182"
12036,"0,8,26"
12037,"10,23,24"
12038,"38,23,48"
12039,"3,182,21"
12040,"3,5,21"
12041,"38,23,309"
12042,"26,0,23"
12043,"23,38,74"
12044,"0,271,216"
12045,"38,23,74"
12046,"3,4,21"
12047,"199,169,259"
12048,"23,10,24"
12049,"10,64,93"
12050,"170,171,169"
12051,"0,211,265"
12052,"23,24,43"
12053,"3,21,200"
12054,"3,21,200"
12055,"26,8,0"
12056,"171,170,169"
12057,"23,74,38"
12058,"220,10"
12059,"3,148,147"
12060,"402,145,40"
12061,"40,131"
12062,"3,187,21"
12063,"23,24,38"
12064,"3,21,200"
12065,"10,64,11"
12066,"402,44,10"
12067,"43,24,23"
12068,"3,21,200"
12069,"10,11"
12070,"0,26,216"
12071,"0,216,211"
12072,"40,160,131"
12073,"402,44,10"
12074,"10,64,80"
12075,"17,3,10"
12076,"199,169,10"
12077,"10,11,221"
12078,"3,21,200"
12079,"40,131"
12080,"3,96,21"
12081,"10,64,93"
12082,"402,145,40"
12083,"10,11,69"
12084,"3,21,148"
12085,"40,41,146"
12086,"10,64,80"
12087,"10,64,11"
12088,"3,200,21"
12089,"170,169,199"
12090,"3,15,16"
12091,"40,160"
12092,"3,21,200"
12093,"220,10"
12094,"3,21,200"
12095,"23,24,43"
12096,"199,259,23"
12097,"0,8,216"
12098,"0,346,313"
12099,"0,271,456"
12100,"3,21,200"
12101,"49,23,24"
12102,"40,23,38"
12103,"21,3,40"
12104,"0,8"
12105,"10,64,448"
12106,"3,21,40"
12107,"3,21,17"
12108,"3,21,17"
12109,"23,38,24"
12110,"32,23,386"
12111,"10,64,93"
12112,"296,169"
12113,"3,21,200"
12114,"0,169,216"
12115,"43,24,23"
12116,"10,402,40"
12117,"40,10,0"
12118,"0,271,456"
12119,"10,64,93"
12120,"43,24,23"
12121,"0,1,211"
12122,"43,24,23"
12123,"0,169,271"
12124,"23,24,43"
12125,"0,8,235"
12126,"26,23,89"
12127,"3,21,17"
12128,"49,23,24"
12129,"3,21,200"
12130,"3,21,13"
12131,"3,13,153"
12132,"234,10,60"
12133,"40,160,315"
12134,"40,145,146"
12135,"3,71,10"
12136,"43,24,23"
12137,"0,38,23"
12138,"10,24,23"
12139,"3,21,187"
12140,"0,271"
12141,"220,10"
12142,"0,8,26"
12143,"23,44,402"
12144,"199,169,23"
12145,"3,169,199"
12146,"10,64,80"
12147,"169,199,251"
12148,"0,216,271"
12149,"10,220"
12150,"0,271"
12151,"43,23,24"
12152,"402,145,40"
12153,"23,24,43"
12154,"38,23,39"
12155,"43,24,23"
12156,"40,138,135"
12157,"10,23,24"
12158,"10,24,60"
12159,"40,160,315"
12160,"40,131,134"
12161,"170,169,171"
12162,"271,0,456"
12163,"220,10"
12164,"271,0,456"
12165,"199,169,40"
12166,"224,40,41"
12167,"138,135,40"
12168,"40,131,128"
12169,"32,31,23"
12170,"10,64,93"
12171,"40,224,41"
12172,"40,131,162"
12173,"10,323,60"
12174,"49,24,23"
12175,"118,23,74"
12176,"23,74,118"
12177,"3,187,15"
12178,"40,160,315"
12179,"3,10,21"
12180,"169,199,170"
12181,"0,271,265"
12182,"128,129,40"
12183,"40,131,135"
12184,"26,23,0"
12185,"0,26,346"
12186,"0,271,265"
12187,"3,331,5"
12188,"40,131"
12189,"0,216,211"
12190,"15,16,3"
12191,"346,0,313"
12192,"3,17,187"
12193,"38,23,309"
12194,"169,170,296"
12195,"0,38,23"
12196,"3,21,148"
12197,"26,10,23"
12198,"0,10,271"
12199,"40,241,131"
12200,"8,0,206"
12201,"3,21,200"
12202,"128,129,40"
12203,"10,23,44"
12204,"23,74,38"
12205,"3,182,21"
12206,"169,170,199"
12207,"15,16,3"
12208,"26,0,89"
12209,"0,366,271"
12210,"3,15,16"
12211,"10,44,402"
12212,"3,4,200"
12213,"40,160,315"
12214,"0,8,216"
12215,"3,21,200"
12216,"3,170,21"
12217,"169,170,417"
12218,"40,131"
12219,"15,16,3"
12220,"3,21,182"
12221,"0,271,211"
12222,"26,0,169"
12223,"0,271,216"
12224,"3,4"
12225,"23,26,38"
12226,"0,169,216"
12227,"3,21,5"
12228,"40,402,23"
12229,"40,41,224"
12230,"3,15,16"
12231,"3,523,53"
12232,"3,21,199"
12233,"40,241,38"
12234,"3,21"
12235,"234,10,60"
12236,"3,21,200"
12237,"3,187,21"
12238,"10,64"
12239,"40,3,21"
12240,"271,0,456"
12241,"3,21,200"
12242,"199,169,23"
12243,"3,17,18"
12244,"10,64,40"
12245,"23,38,24"
12246,"40,131,128"
12247,"0,271,216"
12248,"40,184,131"
12249,"199,0,169"
12250,"3,21,200"
12251,"23,24,49"
12252,"40,199,431"
12253,"3,111,21"
12254,"220,10"
12255,"0,271,216"
12256,"40,10,382"
12257,"40,241,131"
12258,"31,23,258"
12259,"0,169,337"
12260,"23,38,26"
12261,"38,23,10"
12262,"10,23,24"
12263,"386,135,40"
12264,"0,271,211"
12265,"169,0,199"
12266,"10,73,220"
12267,"3,21"
12268,"43,23,24"
12269,"145,402,40"
12270,"40,145,131"
12271,"431,40,135"
12272,"118,23,74"
12273,"0,271,216"
12274,"40,184,131"
12275,"10,11,69"
12276,"3,4,200"
12277,"10,24,23"
12278,"49,23,24"
12279,"3,21,148"
12280,"230,0,229"
12281,"160,40,315"
12282,"169,0,170"
12283,"3,200,21"
12284,"23,24,74"
12285,"0,271,216"
12286,"138,40,135"
12287,"220,10"
12288,"23,24,31"
12289,"402,145,40"
12290,"10,24,64"
12291,"3,4,375"
12292,"10,220"
12293,"40,131"
12294,"38,23"
12295,"40,131"
12296,"3,21,200"
12297,"32,23,31"
12298,"38,3,21"
12299,"10,11,24"
12300,"0,271,265"
12301,"10,64,11"
12302,"10,23,73"
12303,"184,40,185"
12304,"10,64,93"
12305,"0,271,216"
12306,"10,43,181"
12307,"23,24,71"
12308,"0,271,216"
12309,"40,129,128"
12310,"128,40,129"
12311,"48,10,38"
12312,"3,4"
12313,"3,241,40"
12314,"0,10,265"
12315,"40,131"
12316,"199,169,170"
12317,"0,271,346"
12318,"10,11"
12319,"40,131,134"
12320,"3,40,148"
12321,"3,200,111"
12322,"26,23,89"
12323,"23,38,199"
12324,"3,147,148"
12325,"23,74,40"
12326,"128,40,10"
12327,"224,40,41"
12328,"3,21,17"
12329,"0,8,26"
12330,"40,135,23"
12331,"0,216,1"
12332,"199,169,374"
12333,"402,145,38"
12334,"10,11,221"
12335,"0,8,38"
12336,"3,21,200"
12337,"40,131,128"
12338,"3,0,17"
12339,"0,169,216"
12340,"3,21,200"
12341,"23,10,31"
12342,"170,169,171"
12343,"0,271,216"
12344,"3,40,128"
12345,"128,129,40"
12346,"3,21,199"
12347,"10,220,221"
12348,"3,4"
12349,"23,24,38"
12350,"40,128,0"
12351,"23,74,84"
12352,"3,21,200"
12353,"160,40,315"
12354,"10,11,69"
12355,"0,265,271"
12356,"0,206,8"
12357,"170,169,3"
12358,"23,38,26"
12359,"10,220"
12360,"199,169,323"
12361,"40,131"
12362,"3,182,21"
12363,"0,8,216"
12364,"40,3,21"
12365,"49,23,24"
12366,"3,21,148"
12367,"10,11"
12368,"3,204,13"
12369,"40,41,286"
12370,"43,24,10"
12371,"199,169,170"
12372,"40,241,131"
12373,"0,457,218"
12374,"3,147,148"
12375,"40,23,131"
12376,"3,4"
12377,"241,40,131"
12378,"220,10"
12379,"3,5,133"
12380,"0,265,10"
12381,"40,41,21"
12382,"0,218,271"
12383,"170,171,169"
12384,"169,296,170"
12385,"40,128,186"
12386,"40,145,402"
12387,"3,21,182"
12388,"3,32,4"
12389,"169,31,199"
12390,"199,169,251"
12391,"10,64,323"
12392,"169,337,170"
12393,"199,169,259"
12394,"40,128,130"
12395,"402,10,44"
12396,"10,11,221"
12397,"169,170,417"
12398,"0,8,220"
12399,"199,431,169"
12400,"38,23"
12401,"402,44,10"
12402,"40,128,160"
12403,"3,21,199"
12404,"402,145,23"
12405,"32,23,31"
12406,"38,23,10"
12407,"199,169,223"
12408,"10,49,24"
12409,"169,170,0"
12410,"40,41,224"
12411,"0,271"
12412,"402,145,10"
12413,"3,148,523"
12414,"10,11,73"
12415,"10,43,323"
12416,"3,21,200"
12417,"3,200,21"
12418,"40,160,315"
12419,"199,169,251"
12420,"0,211,216"
12421,"169,49,0"
12422,"23,40,38"
12423,"23,38,10"
12424,"40,402,145"
12425,"4,3,188"
12426,"10,402,40"
12427,"0,40,8"
12428,"40,3,131"
12429,"24,23,43"
12430,"23,74,38"
12431,"3,21,148"
12432,"220,10"
12433,"40,184,243"
12434,"0,169,271"
12435,"3,40,21"
12436,"23,26,231"
12437,"3,21,200"
12438,"40,160,315"
12439,"23,38,26"
12440,"40,21,41"
12441,"3,21,115"
12442,"169,199,3"
12443,"10,11,69"
12444,"3,53,23"
12445,"220,10"
12446,"3,331,28"
12447,"3,4,21"
12448,"10,11,44"
12449,"38,23,74"
12450,"3,4,183"
12451,"10,3,13"
12452,"0,10,265"
12453,"10,0,402"
12454,"220,10,0"
12455,"10,64,80"
12456,"40,131,241"
12457,"220,10"
12458,"3,21,200"
12459,"0,216,10"
12460,"199,169,259"
12461,"38,23,39"
12462,"40,0,128"
12463,"169,170"
12464,"3,21,200"
12465,"3,147,148"
12466,"0,265,271"
12467,"3,4,200"
12468,"3,147,15"
12469,"3,21,169"
12470,"0,271"
12471,"0,26,23"
12472,"169,199,170"
12473,"8,0,206"
12474,"199,169,0"
12475,"40,131,184"
12476,"23,74,118"
12477,"3,4,200"
12478,"10,11"
12479,"23,74,38"
12480,"43,24,23"
12481,"40,131,128"
12482,"128,130,40"
12483,"38,23,137"
12484,"3,21,200"
12485,"199,169,251"
12486,"0,271"
12487,"38,23"
12488,"169,199,170"
12489,"3,187,21"
12490,"23,26,38"
12491,"3,147,148"
12492,"138,135,40"
12493,"199,169"
12494,"10,323,64"
12495,"10,64,239"
12496,"10,220"
12497,"3,40,21"
12498,"10,72,11"
12499,"3,4,21"
12500,"10,64,80"
12501,"199,38,23"
12502,"0,8,514"
12503,"118,23,74"
12504,"187,3,21"
12505,"3,199,169"
12506,"71,23,24"
12507,"40,184,131"
12508,"3,15,200"
12509,"0,346,313"
12510,"0,271,216"
12511,"170,169,199"
12512,"3,15,523"
12513,"3,21,40"
12514,"40,128,130"
12515,"23,38,26"
12516,"40,3,160"
12517,"3,21"
12518,"169,3,170"
12519,"3,21,200"
12520,"10,64"
12521,"3,21,200"
12522,"0,211,212"
12523,"23,38,74"
12524,"402,10,145"
12525,"10,64,11"
12526,"0,235,8"
12527,"0,271,216"
12528,"160,315,40"
12529,"15,3,16"
12530,"38,23,0"
12531,"32,23,31"
12532,"49,23,24"
12533,"71,23,10"
12534,"3,21,200"
12535,"10,23,11"
12536,"10,11,69"
12537,"40,3,141"
12538,"3,21,182"
12539,"0,271,216"
12540,"128,40,130"
12541,"169,337,170"
12542,"10,11,69"
12543,"206,8,0"
12544,"23,38,74"
12545,"74,23,118"
12546,"10,402,220"
12547,"3,28,21"
12548,"3,200,15"
12549,"3,4"
12550,"146,145,54"
12551,"3,4,200"
12552,"40,49,346"
12553,"296,169,23"
12554,"3,21,200"
12555,"3,21,148"
12556,"169,170,199"
12557,"199,431,169"
12558,"23,38,402"
12559,"0,8,10"
12560,"0,271,216"
12561,"128,129,40"
12562,"32,23,31"
12563,"0,265,10"
12564,"49,23,24"
12565,"0,265,10"
12566,"431,199,135"
12567,"0,271,366"
12568,"0,216,271"
12569,"0,216,271"
12570,"38,23,309"
12571,"10,11,69"
12572,"3,21,169"
12573,"23,38,24"
12574,"40,141,135"
12575,"3,21,148"
12576,"3,21,40"
12577,"3,21,200"
12578,"23,38,49"
12579,"38,23,26"
12580,"10,44,23"
12581,"10,11"
12582,"3,200,21"
12583,"23,38,24"
12584,"3,148,21"
12585,"40,131,128"
12586,"3,21,17"
12587,"3,4"
12588,"3,21,200"
12589,"0,211,216"
12590,"3,21,200"
12591,"3,17,21"
12592,"346,0,313"
12593,"3,148,147"
12594,"40,131,23"
12595,"23,118,74"
12596,"40,131"
12597,"199,169,259"
12598,"3,15,16"
12599,"3,21,200"
12600,"3,21,200"
12601,"26,0,23"
12602,"49,23,24"
12603,"0,265,216"
12604,"38,23,309"
12605,"0,271,216"
12606,"10,64,11"
12607,"0,265,271"
12608,"40,128,21"
12609,"0,271,216"
12610,"23,60,10"
12611,"3,21,200"
12612,"26,350,23"
12613,"3,40,21"
12614,"3,15,523"
12615,"3,40,21"
12616,"0,216,271"
12617,"3,21,200"
12618,"0,1,271"
12619,"3,147,148"
12620,"3,331,5"
12621,"402,145,40"
12622,"23,38,74"
12623,"0,366,271"
12624,"10,11,221"
12625,"10,11,72"
12626,"328,96,402"
12627,"169,199,251"
12628,"3,23,345"
12629,"0,216,208"
12630,"3,21,200"
12631,"10,24,181"
12632,"0,216,211"
12633,"0,271"
12634,"3,15,16"
12635,"3,21"
12636,"3,200,15"
12637,"40,131,241"
12638,"0,271,10"
12639,"15,3,16"
12640,"3,0,4"
12641,"3,21,200"
12642,"40,23,118"
12643,"38,23,309"
12644,"23,74,38"
12645,"0,23,24"
12646,"169,251,23"
12647,"3,21,200"
12648,"323,199,10"
12649,"21,40,3"
12650,"0,8,216"
12651,"3,21,200"
12652,"402,145,40"
12653,"3,21,200"
12654,"3,10,53"
12655,"169,337,339"
12656,"0,265,271"
12657,"3,187,21"
12658,"0,271,216"
12659,"23,74,38"
12660,"10,402,145"
12661,"3,148,147"
12662,"40,146,145"
12663,"3,4,188"
12664,"23,38,10"
12665,"10,64,11"
12666,"3,40,21"
12667,"220,10"
12668,"40,131,139"
12669,"40,131,23"
12670,"0,271"
12671,"10,145,23"
12672,"3,17,21"
12673,"234,10,60"
12674,"10,11,221"
12675,"84,74,23"
12676,"40,21,3"
12677,"3,199,21"
12678,"10,64,80"
12679,"3,21,148"
12680,"40,131,134"
12681,"199,169,24"
12682,"0,271,8"
12683,"23,74,24"
12684,"23,24,10"
12685,"199,169,343"
12686,"199,169,259"
12687,"0,509,218"
12688,"26,23,89"
12689,"169,296,170"
12690,"169,3,199"
12691,"10,220"
12692,"3,4"
12693,"10,64,448"
12694,"199,169,170"
12695,"10,220,221"
12696,"3,21,200"
12697,"3,40,21"
12698,"0,271,8"
12699,"199,169,281"
12700,"40,21,3"
12701,"23,49,38"
12702,"3,21,200"
12703,"160,315,40"
12704,"0,271"
12705,"40,131"
12706,"40,128,241"
12707,"3,300"
12708,"26,23,0"
12709,"23,26,38"
12710,"10,64,93"
12711,"43,23,24"
12712,"10,24,23"
12713,"10,220,402"
12714,"3,21,0"
12715,"0,216,271"
12716,"40,131,184"
12717,"3,200,111"
12718,"169,3,170"
12719,"10,220"
12720,"40,160,315"
12721,"3,169,170"
12722,"3,21,148"
12723,"3,17,21"
12724,"40,160,131"
12725,"23,74,40"
12726,"402,145,10"
12727,"128,129,187"
12728,"3,21,38"
12729,"23,38,40"
12730,"23,26,38"
12731,"0,402,216"
12732,"0,346,313"
12733,"199,169,40"
12734,"3,21,199"
12735,"40,224,3"
12736,"71,23,24"
12737,"118,74,23"
12738,"0,26,350"
12739,"3,21,40"
12740,"3,21,200"
12741,"220,199,169"
12742,"0,271"
12743,"96,23,31"
12744,"17,3,40"
12745,"10,64"
12746,"40,131,160"
12747,"0,271,218"
12748,"0,265,23"
12749,"40,131,128"
12750,"0,216,271"
12751,"10,11,69"
12752,"0,271"
12753,"23,96,31"
12754,"0,271"
12755,"38,23,40"
12756,"10,40,241"
12757,"49,23,24"
12758,"169,3,170"
12759,"40,128,49"
12760,"0,23,26"
12761,"3,4,435"
12762,"3,17,18"
12763,"0,235,8"
12764,"169,199,0"
12765,"206,0,8"
12766,"23,24,43"
12767,"4,3,435"
12768,"220,10"
12769,"10,64,80"
12770,"23,38,40"
12771,"402,71,23"
12772,"0,235,8"
12773,"118,23,74"
12774,"3,523,147"
12775,"3,21,169"
12776,"220,10"
12777,"3,21,182"
12778,"23,24,43"
12779,"3,21,200"
12780,"0,10,216"
12781,"3,147,148"
12782,"10,64,93"
12783,"10,64,11"
12784,"15,16,3"
12785,"43,24,23"
12786,"3,148,21"
12787,"199,169,259"
12788,"0,271,456"
12789,"169,170,199"
12790,"169,170,0"
12791,"10,64,0"
12792,"23,38,26"
12793,"3,21,148"
12794,"3,4,435"
12795,"38,23,74"
12796,"49,24,23"
12797,"10,402,145"
12798,"199,169,323"
12799,"3,4,200"
12800,"40,328,0"
12801,"3,15,16"
12802,"182,3,21"
12803,"10,24,64"
12804,"199,169,323"
12805,"3,148,160"
12806,"0,8,271"
12807,"10,64,11"
12808,"3,15,21"
12809,"169,170,171"
12810,"0,216,211"
12811,"169,199,251"
12812,"10,64,93"
12813,"0,8,235"
12814,"10,64"
12815,"3,40,160"
12816,"10,3,300"
12817,"3,21,200"
12818,"170,171,169"
12819,"0,206,369"
12820,"169,199,323"
12821,"3,187,21"
12822,"169,199,251"
12823,"21,3"
12824,"169,170,417"
12825,"49,23,24"
12826,"40,131"
12827,"199,169,259"
12828,"199,169,251"
12829,"3,21,200"
12830,"10,64,23"
12831,"17,3,18"
12832,"10,11"
12833,"3,224,21"
12834,"3,21,200"
12835,"0,26,23"
12836,"10,64,93"
12837,"3,15,16"
12838,"141,40,3"
12839,"220,10"
12840,"3,15,200"
12841,"0,216,271"
12842,"23,165,74"
12843,"241,40,131"
12844,"3,21,17"
12845,"23,26,0"
12846,"40,23,128"
12847,"3,21,4"
12848,"3,21,28"
12849,"10,220"
12850,"128,40,195"
12851,"3,21,200"
12852,"3,4,375"
12853,"40,3,21"
12854,"402,10,145"
12855,"169,199"
12856,"10,11"
12857,"0,265,271"
12858,"3,21,0"
12859,"10,220"
12860,"169,199,170"
12861,"3,4"
12862,"3,15,16"
12863,"0,271,265"
12864,"3,199,169"
12865,"3,21,200"
12866,"220,10"
12867,"10,64,11"
12868,"3,21,200"
12869,"0,8,206"
12870,"17,3,18"
12871,"40,402,31"
12872,"3,199,21"
12873,"10,64,80"
12874,"38,23"
12875,"0,271,26"
12876,"23,38,10"
12877,"3,4"
12878,"220,10"
12879,"3,17,21"
12880,"0,8,206"
12881,"3,148,21"
12882,"169,10,32"
12883,"40,131,241"
12884,"10,0,230"
12885,"170,171,169"
12886,"15,16,3"
12887,"40,128,162"
12888,"3,40,21"
12889,"3,21,200"
12890,"26,23,89"
12891,"3,147,148"
12892,"169,0,199"
12893,"118,23,74"
12894,"0,346,313"
12895,"40,41,3"
12896,"23,26,0"
12897,"169,170,199"
12898,"0,8,391"
12899,"169,199,508"
12900,"40,241,131"
12901,"3,21,200"
12902,"199,3,169"
12903,"0,271,366"
12904,"40,10,160"
12905,"43,24,23"
12906,"10,402,145"
12907,"199,169,40"
12908,"40,131"
12909,"23,38,10"
12910,"300,3,40"
12911,"26,23,89"
12912,"3,187,21"
12913,"3,147,148"
12914,"43,24,23"
12915,"3,187,21"
12916,"43,24,23"
12917,"8,0,206"
12918,"23,118,3"
12919,"23,24,43"
12920,"32,31,23"
12921,"10,402,145"
12922,"3,15,200"
12923,"199,169,0"
12924,"138,135,40"
12925,"220,10"
12926,"23,74,38"
12927,"199,40,169"
12928,"3,147,148"
12929,"3,40,21"
12930,"25,23,10"
12931,"0,23,346"
12932,"0,8,206"
12933,"0,199,169"
12934,"3,21,200"
12935,"220,10"
12936,"23,40,38"
12937,"0,206,8"
12938,"3,4"
12939,"402,0,40"
12940,"0,271"
12941,"169,171,170"
12942,"10,11"
12943,"0,265,271"
12944,"10,64,11"
12945,"220,10"
12946,"10,64,93"
12947,"23,38,10"
12948,"3,21,200"
12949,"169,0,199"
12950,"3,4"
12951,"10,220,221"
12952,"3,21,40"
12953,"3,523,147"
12954,"10,11,69"
12955,"3,4,435"
12956,"171,170,169"
12957,"49,23,24"
12958,"40,128,129"
12959,"0,216,8"
12960,"40,23,74"
12961,"169,199,170"
12962,"0,271,218"
12963,"74,23,38"
12964,"89,26,0"
12965,"3,21,17"
12966,"24,10,23"
12967,"3,148,147"
12968,"40,160,315"
12969,"3,21,148"
12970,"23,38,24"
12971,"40,146,145"
12972,"169,199,426"
12973,"10,220,0"
12974,"26,23,231"
12975,"169,296"
12976,"0,271"
12977,"40,128,130"
12978,"3,40,17"
12979,"3,4,170"
12980,"3,21,200"
12981,"40,241,131"
12982,"23,74,38"
12983,"10,64,93"
12984,"169,170,3"
12985,"0,216,271"
12986,"40,162,128"
12987,"3,21,200"
12988,"49,23,24"
12989,"8,206,23"
12990,"169,199,259"
12991,"40,402,328"
12992,"23,24,44"
12993,"0,169,199"
12994,"0,8,220"
12995,"10,23,24"
12996,"3,21,40"
12997,"43,23,24"
12998,"402,145,40"
12999,"43,24,23"
13000,"3,21,200"
13001,"169,170,160"
13002,"3,21,200"
13003,"3,4,375"
13004,"24,43,23"
13005,"3,40,17"
13006,"10,64,24"
13007,"3,21,187"
13008,"0,271,216"
13009,"10,402,44"
13010,"220,3,417"
13011,"17,3,18"
13012,"10,23,40"
13013,"23,74,38"
13014,"17,15,18"
13015,"73,402,44"
13016,"346,0,313"
13017,"3,147,148"
13018,"3,21,4"
13019,"0,271"
13020,"10,11,44"
13021,"241,40,131"
13022,"3,21,187"
13023,"10,24,23"
13024,"0,346,26"
13025,"32,31,23"
13026,"3,187,17"
13027,"160,40,315"
13028,"199,169,323"
13029,"0,271,216"
13030,"26,0,23"
13031,"199,169,323"
13032,"23,40,38"
13033,"26,89,23"
13034,"71,23,38"
13035,"0,271,216"
13036,"0,23,31"
13037,"199,169,259"
13038,"40,10,220"
13039,"199,169,3"
13040,"3,15,147"
13041,"199,169,343"
13042,"220,10"
13043,"0,218,10"
13044,"3,21,200"
13045,"0,346,8"
13046,"3,182,21"
13047,"169,3,337"
13048,"3,21,147"
13049,"10,402,145"
13050,"3,21,200"
13051,"40,41,184"
13052,"23,74,38"
13053,"128,40,74"
13054,"10,64,44"
13055,"38,23,137"
13056,"3,21"
13057,"199,169,251"
13058,"89,26,346"
13059,"199,169,223"
13060,"10,40,258"
13061,"346,0,26"
13062,"40,131,23"
13063,"296,169,306"
13064,"10,64,448"
13065,"3,17,21"
13066,"0,216,211"
13067,"23,71,74"
13068,"3,21,200"
13069,"3,21,40"
13070,"23,40,74"
13071,"220,10"
13072,"220,10,221"
13073,"23,74,40"
13074,"40,131,128"
13075,"40,160,128"
13076,"40,241,131"
13077,"40,160,315"
13078,"32,31,23"
13079,"43,23,24"
13080,"10,64,80"
13081,"0,271,216"
13082,"169,170,199"
13083,"10,44,23"
13084,"170,169,171"
13085,"199,169,251"
13086,"10,24,23"
13087,"3,86,85"
13088,"40,131,129"
13089,"4,3,7"
13090,"169,199,0"
13091,"40,131,241"
13092,"3,4,200"
13093,"0,271,216"
13094,"199,431,40"
13095,"23,38,74"
13096,"0,8,26"
13097,"3,21,200"
13098,"0,216,211"
13099,"40,160,3"
13100,"206,8,0"
13101,"220,10"
13102,"24,10,49"
13103,"40,41,135"
13104,"224,40,41"
13105,"40,131"
13106,"23,38,74"
13107,"129,128,328"
13108,"3,15,21"
13109,"23,38,24"
13110,"23,118,74"
13111,"40,131,241"
13112,"10,11"
13113,"23,74,24"
13114,"3,21,200"
13115,"23,118,74"
13116,"10,402,220"
13117,"3,147,148"
13118,"3,86,85"
13119,"0,206,8"
13120,"160,40,315"
13121,"3,4,200"
13122,"199,169,170"
13123,"0,271,456"
13124,"40,128,130"
13125,"40,128,274"
13126,"3,21,5"
13127,"402,40,145"
13128,"23,74,38"
13129,"231,26,23"
13130,"3,21,200"
13131,"0,229,230"
13132,"40,128,129"
13133,"40,184,131"
13134,"10,11,44"
13135,"23,24,10"
13136,"0,206,8"
13137,"10,323,64"
13138,"402,23,44"
13139,"23,345,38"
13140,"10,220"
13141,"199,3,169"
13142,"10,64,24"
13143,"0,346,313"
13144,"3,40,4"
13145,"11,10,69"
13146,"175,40,128"
13147,"3,200,17"
13148,"0,271,216"
13149,"40,138,135"
13150,"0,220,10"
13151,"3,147,148"
13152,"40,128,131"
13153,"0,8,235"
13154,"11,10,69"
13155,"3,15,16"
13156,"40,131"
13157,"38,23,128"
13158,"3,21,200"
13159,"0,271,216"
13160,"10,44,73"
13161,"3,21,96"
13162,"3,4,21"
13163,"3,21,200"
13164,"8,0,206"
13165,"10,11,69"
13166,"10,93,11"
13167,"10,234,11"
13168,"3,17,21"
13169,"4,3"
13170,"3,523,200"
13171,"38,23,3"
13172,"199,169"
13173,"169,199,170"
13174,"0,3,265"
13175,"3,21,200"
13176,"3,4,176"
13177,"169,170,199"
13178,"10,64,448"
13179,"23,24,10"
13180,"346,0,313"
13181,"10,64,93"
13182,"10,64,80"
13183,"43,24,23"
13184,"3,523,147"
13185,"8,0,206"
13186,"40,162,131"
13187,"220,10"
13188,"24,10,23"
13189,"40,131"
13190,"40,131,134"
13191,"3,200,21"
13192,"43,24,23"
13193,"23,38,74"
13194,"0,8,271"
13195,"0,271"
13196,"199,169,170"
13197,"0,271,216"
13198,"3,21,17"
13199,"169,337,339"
13200,"3,21,200"
13201,"40,145,146"
13202,"3,21,200"
13203,"3,53,287"
13204,"3,17,10"
13205,"220,10,221"
13206,"11,10,205"
13207,"10,93,239"
13208,"11,10"
13209,"23,32,43"
13210,"3,32,40"
13211,"40,128,129"
13212,"3,21,200"
13213,"10,11,93"
13214,"43,24,23"
13215,"3,200,21"
13216,"169,170,274"
13217,"258,31,40"
13218,"234,60,10"
13219,"3,40,188"
13220,"169,23,426"
13221,"402,23,145"
13222,"328,31,40"
13223,"0,271,265"
13224,"13,14,3"
13225,"3,15,17"
13226,"40,131,134"
13227,"3,4,15"
13228,"38,23,24"
13229,"23,38,74"
13230,"199,169,259"
13231,"169,199,426"
13232,"40,494,241"
13233,"10,16,199"
13234,"10,64,93"
13235,"40,3,41"
13236,"38,23,74"
13237,"3,21,200"
13238,"3,21,200"
13239,"3,182,21"
13240,"402,40,0"
13241,"40,162,131"
13242,"10,93,64"
13243,"220,10"
13244,"3,111,123"
13245,"40,131,193"
13246,"40,402,145"
13247,"10,26,64"
13248,"3,21"
13249,"138,169,135"
13250,"0,271,216"
13251,"23,38,74"
13252,"10,24,23"
13253,"10,44,220"
13254,"10,11,402"
13255,"10,64,448"
13256,"3,21,200"
13257,"0,10,40"
13258,"138,135,169"
13259,"3,4,200"
13260,"40,128,131"
13261,"0,271,216"
13262,"40,146,184"
13263,"199,169,251"
13264,"10,64,448"
13265,"84,74,23"
13266,"323,43,10"
13267,"10,220,402"
13268,"3,148,123"
13269,"10,11,69"
13270,"199,169"
13271,"10,64,80"
13272,"26,23,231"
13273,"40,315,160"
13274,"3,187,263"
13275,"40,131,241"
13276,"23,38,175"
13277,"23,40,74"
13278,"10,64,80"
13279,"0,296,93"
13280,"3,21,0"
13281,"169,199,0"
13282,"40,402,145"
13283,"0,26,8"
13284,"10,145,402"
13285,"23,74,38"
13286,"40,41,128"
13287,"169,40,199"
13288,"23,38,24"
13289,"290,10,0"
13290,"17,18,3"
13291,"10,220,221"
13292,"40,131"
13293,"0,271,216"
13294,"38,23"
13295,"3,21,200"
13296,"3,21,200"
13297,"0,206,8"
13298,"3,21,148"
13299,"10,24,23"
13300,"3,4,200"
13301,"0,8,391"
13302,"3,4,200"
13303,"0,271,218"
13304,"169,170,199"
13305,"220,10"
13306,"0,216,211"
13307,"40,128,129"
13308,"0,271"
13309,"40,315,160"
13310,"402,10,40"
13311,"3,17,18"
13312,"40,128,129"
13313,"3,523,200"
13314,"171,170,169"
13315,"40,402,145"
13316,"40,135,41"
13317,"43,24,23"
13318,"10,11,69"
13319,"199,169,223"
13320,"0,265,271"
13321,"0,8,235"
13322,"10,31,290"
13323,"40,402,23"
13324,"96,23,24"
13325,"40,128,315"
13326,"40,241,3"
13327,"199,169,241"
13328,"0,199,169"
13329,"199,169,3"
13330,"3,21,187"
13331,"0,10,216"
13332,"0,271,216"
13333,"40,145,131"
13334,"11,10,69"
13335,"3,40,135"
13336,"10,402,23"
13337,"10,93,64"
13338,"160,40,315"
13339,"10,23,24"
13340,"23,38,74"
13341,"3,300,200"
13342,"170,171,169"
13343,"10,64"
13344,"199,169,251"
13345,"23,38,24"
13346,"0,26,271"
13347,"169,337,170"
13348,"71,10,40"
13349,"3,21,200"
13350,"23,74,40"
13351,"0,8,235"
13352,"3,21,200"
13353,"26,23,350"
13354,"40,402,145"
13355,"0,169,230"
13356,"3,21,170"
13357,"49,23,24"
13358,"10,11,69"
13359,"23,10,38"
13360,"23,10,49"
13361,"10,11,69"
13362,"3,21,200"
13363,"23,44,10"
13364,"23,38,26"
13365,"11,10,40"
13366,"199,169,343"
13367,"4,3"
13368,"40,131,184"
13369,"40,131,128"
13370,"160,40,315"
13371,"0,271,346"
13372,"0,8,216"
13373,"3,523,21"
13374,"0,346,313"
13375,"23,24,38"
13376,"40,131"
13377,"40,131,139"
13378,"199,169,343"
13379,"169,170,337"
13380,"3,160,315"
13381,"3,21,200"
13382,"296,169,170"
13383,"220,10"
13384,"3,206,8"
13385,"128,129,40"
13386,"23,3,10"
13387,"3,21,17"
13388,"17,3,169"
13389,"0,346,26"
13390,"199,169,3"
13391,"199,169,40"
13392,"199,323,24"
13393,"23,31,258"
13394,"40,128,129"
13395,"23,71,74"
13396,"3,21"
13397,"40,131,241"
13398,"40,41,131"
13399,"10,44,11"
13400,"220,10"
13401,"147,3,148"
13402,"0,8,26"
13403,"3,4,200"
13404,"3,17,10"
13405,"0,220,10"
13406,"40,131,145"
13407,"10,64,93"
13408,"199,40,169"
13409,"3,15,200"
13410,"3,21,148"
13411,"0,271"
13412,"23,10,24"
13413,"3,182,111"
13414,"3,21,200"
13415,"40,128,129"
13416,"10,11,205"
13417,"38,23"
13418,"74,23,38"
13419,"32,23,31"
13420,"3,21,200"
13421,"10,402,44"
13422,"49,23,24"
13423,"3,21,200"
13424,"3,15,16"
13425,"40,128,195"
13426,"169,199,337"
13427,"23,44,24"
13428,"23,26,38"
13429,"38,23,74"
13430,"0,8,26"
13431,"3,17,21"
13432,"43,24,181"
13433,"3,4"
13434,"402,10,44"
13435,"3,15,200"
13436,"0,346,313"
13437,"10,11,0"
13438,"0,10,402"
13439,"10,64,93"
13440,"0,8,235"
13441,"23,38,74"
13442,"10,220,221"
13443,"402,10,44"
13444,"3,21,4"
13445,"23,10,24"
13446,"23,241,40"
13447,"23,38,74"
13448,"32,23,31"
13449,"241,40,131"
13450,"15,3,16"
13451,"3,187,21"
13452,"49,24,23"
13453,"3,4"
13454,"11,10,69"
13455,"199,169,26"
13456,"3,21,5"
13457,"23,24,43"
13458,"10,169,199"
13459,"23,38,169"
13460,"3,301,21"
13461,"23,38,26"
13462,"40,23,74"
13463,"3,187,21"
13464,"0,457,216"
13465,"10,11,24"
13466,"43,24,23"
13467,"24,10,23"
13468,"0,26,8"
13469,"0,49,265"
13470,"17,3"
13471,"199,169,259"
13472,"0,8,206"
13473,"40,4,3"
13474,"3,21,200"
13475,"24,43,10"
13476,"40,3,21"
13477,"40,128,131"
13478,"23,40,38"
13479,"26,0,23"
13480,"199,169,40"
13481,"3,15,4"
13482,"0,346,313"
13483,"23,38,74"
13484,"169,170,199"
13485,"24,10,323"
13486,"199,169,259"
13487,"0,216,271"
13488,"3,4,331"
13489,"3,148,21"
13490,"10,239,3"
13491,"199,169,40"
13492,"23,74,38"
13493,"3,21,199"
13494,"26,231,0"
13495,"74,23,165"
13496,"3,21"
13497,"145,402,10"
13498,"10,93,64"
13499,"3,170,21"
13500,"40,128,130"
13501,"3,21,40"
13502,"169,170"
13503,"3,4,435"
13504,"26,23,0"
13505,"40,131,160"
13506,"160,40,334"
13507,"38,23,26"
13508,"169,199,170"
13509,"3,21,187"
13510,"3,40,21"
13511,"3,21,40"
13512,"40,241,131"
13513,"43,24,23"
13514,"169,199,170"
13515,"3,21,200"
13516,"23,74,38"
13517,"3,4"
13518,"3,169,170"
13519,"3,17,21"
13520,"8,0,26"
13521,"38,23"
13522,"3,187,21"
13523,"10,0,23"
13524,"38,23,74"
13525,"0,271,216"
13526,"10,44,0"
13527,"49,23,24"
13528,"23,38,71"
13529,"3,23,135"
13530,"0,8,216"
13531,"23,118,74"
13532,"23,24,105"
13533,"10,220,221"
13534,"10,241,71"
13535,"118,23,74"
13536,"3,21,40"
13537,"241,40,131"
13538,"10,64,448"
13539,"23,38,10"
13540,"3,21,200"
13541,"40,131"
13542,"199,169,251"
13543,"169,0,199"
13544,"10,64,80"
13545,"40,131"
13546,"32,23,31"
13547,"26,0,231"
13548,"43,24,23"
13549,"3,21,200"
13550,"0,271,216"
13551,"40,131"
13552,"0,346,313"
13553,"40,128,129"
13554,"40,131,3"
13555,"323,43,181"
13556,"3,21,5"
13557,"3,21,200"
13558,"23,24,74"
13559,"8,206,0"
13560,"3,21,200"
13561,"3,187,21"
13562,"3,148,147"
13563,"43,24,60"
13564,"40,128,241"
13565,"220,10"
13566,"160,40,315"
13567,"3,523,200"
13568,"0,216,271"
13569,"40,146,145"
13570,"10,64,93"
13571,"0,271,216"
13572,"3,21,200"
13573,"3,0,40"
13574,"3,21,40"
13575,"3,15,200"
13576,"3,21"
13577,"10,64,93"
13578,"402,40,23"
13579,"160,315,169"
13580,"0,271,216"
13581,"3,21,417"
13582,"3,21,200"
13583,"21,3,40"
13584,"11,10,69"
13585,"10,221,220"
13586,"241,40,131"
13587,"199,169,323"
13588,"199,169,259"
13589,"3,21,200"
13590,"0,265,216"
13591,"3,21,200"
13592,"23,38,26"
13593,"10,64,93"
13594,"3,15,200"
13595,"10,64,323"
13596,"0,271"
13597,"3,21,200"
13598,"206,0,8"
13599,"3,40,15"
13600,"0,271,265"
13601,"32,23,31"
13602,"23,38,26"
13603,"3,21,200"
13604,"199,169,223"
13605,"23,24,43"
13606,"40,184,131"
13607,"3,187,21"
13608,"10,23,24"
13609,"0,271,265"
13610,"3,15,16"
13611,"43,23,24"
13612,"169,170,199"
13613,"3,21,200"
13614,"3,21,17"
13615,"0,271,265"
13616,"160,40,494"
13617,"169,170"
13618,"32,3,31"
13619,"3,21,200"
13620,"23,49,24"
13621,"3,21,40"
13622,"0,26,313"
13623,"3,5,133"
13624,"199,169,251"
13625,"10,64,93"
13626,"23,175,38"
13627,"10,64,80"
13628,"8,206,0"
13629,"367,40,3"
13630,"3,111,200"
13631,"0,271,216"
13632,"74,23,0"
13633,"43,24,23"
13634,"3,21,40"
13635,"10,64,80"
13636,"13,204,3"
13637,"43,24,23"
13638,"40,135,141"
13639,"169,170,337"
13640,"3,187,21"
13641,"43,24,23"
13642,"26,23,89"
13643,"23,26,74"
13644,"3,187,21"
13645,"40,131"
13646,"10,220,221"
13647,"49,23,24"
13648,"40,131,128"
13649,"0,206,8"
13650,"3,21,17"
13651,"0,216,218"
13652,"15,3,16"
13653,"118,23,74"
13654,"220,10"
13655,"220,10,221"
13656,"43,24,23"
13657,"3,21,200"
13658,"40,199,131"
13659,"135,40,236"
13660,"3,15,16"
13661,"3,15,21"
13662,"402,10,145"
13663,"3,15,4"
13664,"0,271,216"
13665,"199,169,170"
13666,"10,220,145"
13667,"402,10,40"
13668,"0,211,216"
13669,"3,300,21"
13670,"40,135,141"
13671,"23,74,38"
13672,"296,169,306"
13673,"26,23,231"
13674,"32,23,31"
13675,"40,160,74"
13676,"0,271,216"
13677,"220,10"
13678,"0,10,265"
13679,"3,21,200"
13680,"199,169,323"
13681,"10,31,96"
13682,"17,3,18"
13683,"0,8,206"
13684,"199,131,169"
13685,"10,11,221"
13686,"3,13,40"
13687,"220,10"
13688,"3,21"
13689,"26,23,89"
13690,"40,131,134"
13691,"40,23,38"
13692,"23,38,402"
13693,"3,200,21"
13694,"38,309,23"
13695,"3,21,200"
13696,"26,23,89"
13697,"199,3,187"
13698,"40,128,131"
13699,"4,3"
13700,"3,21,0"
13701,"43,23,24"
13702,"10,64,93"
13703,"220,10"
13704,"10,402,145"
13705,"10,64,80"
13706,"13,3,10"
13707,"40,224,32"
13708,"3,21,200"
13709,"10,64,11"
13710,"128,129,40"
13711,"10,24,23"
13712,"3,21"
13713,"0,265,271"
13714,"4,3,7"
13715,"346,0,313"
13716,"0,169,199"
13717,"74,23,38"
13718,"169,170,199"
13719,"40,128,21"
13720,"199,169,323"
13721,"23,49,24"
13722,"3,21,148"
13723,"169,199,426"
13724,"296,169,333"
13725,"3,182,21"
13726,"3,200,5"
13727,"3,13,204"
13728,"3,170,169"
13729,"274,169,40"
13730,"0,346,313"
13731,"3,200,147"
13732,"3,182,200"
13733,"3,182,21"
13734,"3,21,200"
13735,"10,11,220"
13736,"199,169,170"
13737,"23,38,74"
13738,"10,40,220"
13739,"0,271"
13740,"3,21,200"
13741,"3,21,200"
13742,"3,21,170"
13743,"23,199,38"
13744,"43,24,23"
13745,"10,40,23"
13746,"40,3,21"
13747,"10,38,23"
13748,"0,10,216"
13749,"23,74,40"
13750,"169,296,300"
13751,"3,21,17"
13752,"3,182,21"
13753,"3,5,21"
13754,"24,23,49"
13755,"10,64,80"
13756,"199,169"
13757,"40,160,315"
13758,"40,160,131"
13759,"40,10,131"
13760,"40,241,131"
13761,"0,216,271"
13762,"10,220,221"
13763,"10,64,93"
13764,"10,64,93"
13765,"3,15,16"
13766,"170,171,169"
13767,"0,23,26"
13768,"199,169,431"
13769,"10,44,402"
13770,"0,271,265"
13771,"169,199,170"
13772,"3,15,200"
13773,"40,131,134"
13774,"323,199,169"
13775,"23,10,402"
13776,"3,21,200"
13777,"10,11"
13778,"71,23,10"
13779,"0,128,10"
13780,"0,31,40"
13781,"0,271,456"
13782,"3,187,21"
13783,"4,3,7"
13784,"23,38,74"
13785,"188,4,3"
13786,"402,44,145"
13787,"0,271,216"
13788,"10,220,23"
13789,"4,3"
13790,"0,346,313"
13791,"3,187,21"
13792,"43,40,24"
13793,"3,200,21"
13794,"23,38,24"
13795,"220,10"
13796,"10,64,80"
13797,"138,135,40"
13798,"23,38,40"
13799,"199,169,259"
13800,"3,147,148"
13801,"118,74,23"
13802,"160,40,315"
13803,"17,3,18"
13804,"3,21,200"
13805,"0,26,216"
13806,"26,0,23"
13807,"220,10,221"
13808,"169,170,199"
13809,"40,131,241"
13810,"23,49,24"
13811,"10,220"
13812,"10,220,402"
13813,"23,38,10"
13814,"21,3"
13815,"169,199,426"
13816,"10,11"
13817,"4,3,7"
13818,"10,38,23"
13819,"0,26,23"
13820,"43,24,181"
13821,"3,21,200"
13822,"0,271,265"
13823,"23,49,38"
13824,"23,38,74"
13825,"10,402,145"
13826,"3,15,275"
13827,"23,74,118"
13828,"3,4"
13829,"32,23,31"
13830,"0,271,216"
13831,"17,3,10"
13832,"3,21,200"
13833,"296,169"
13834,"0,40,128"
13835,"169,199,3"
13836,"0,206,8"
13837,"10,64,80"
13838,"3,21,200"
13839,"0,211,216"
13840,"40,3,131"
13841,"3,21,40"
13842,"10,128,40"
13843,"3,4"
13844,"40,131,128"
13845,"23,43,24"
13846,"10,64,448"
13847,"0,265,216"
13848,"10,64,93"
13849,"3,21,199"
13850,"10,13,3"
13851,"23,38,26"
13852,"3,15,523"
13853,"26,0,23"
13854,"3,21,187"
13855,"271,0"
13856,"3,199,169"
13857,"24,43,23"
13858,"10,64,44"
13859,"3,523,147"
13860,"0,271"
13861,"220,10"
13862,"40,146,145"
13863,"96,31,40"
13864,"0,8,235"
13865,"10,220"
13866,"3,170,169"
13867,"38,23,26"
13868,"38,309,23"
13869,"3,21,200"
13870,"3,40,21"
13871,"32,23,31"
13872,"241,23,131"
13873,"3,21,17"
13874,"23,118,74"
13875,"0,218,26"
13876,"3,17,187"
13877,"23,26,38"
13878,"40,128,129"
13879,"10,64,44"
13880,"220,10,221"
13881,"10,64,11"
13882,"23,3,96"
13883,"3,21,200"
13884,"40,131,31"
13885,"3,21,200"
13886,"0,265,216"
13887,"220,10"
13888,"40,128,129"
13889,"199,10,402"
13890,"3,21,200"
13891,"3,187,21"
13892,"10,64,80"
13893,"23,10,38"
13894,"40,89,0"
13895,"24,10,239"
13896,"40,128,131"
13897,"0,230,169"
13898,"40,41,21"
13899,"61,72,10"
13900,"199,169,170"
13901,"0,271,216"
13902,"3,21,187"
13903,"10,64,93"
13904,"170,169,199"
13905,"3,21"
13906,"15,16,3"
13907,"23,402,24"
13908,"23,74,71"
13909,"40,160"
13910,"224,40,41"
13911,"3,170,169"
13912,"26,350,23"
13913,"40,131"
13914,"169,170,337"
13915,"220,10"
13916,"0,26,23"
13917,"0,123,8"
13918,"10,93,64"
13919,"170,3,169"
13920,"3,21,148"
13921,"40,160,315"
13922,"231,26,23"
13923,"3,21,200"
13924,"3,21,200"
13925,"43,24,23"
13926,"40,160,128"
13927,"169,3,170"
13928,"40,184,23"
13929,"71,23,24"
13930,"3,4,200"
13931,"40,241,131"
13932,"3,21,17"
13933,"40,145,73"
13934,"26,23,38"
13935,"40,3,41"
13936,"40,160,131"
13937,"3,169,170"
13938,"3,21,40"
13939,"10,11"
13940,"10,44,11"
13941,"40,162,128"
13942,"296,169,306"
13943,"23,40,24"
13944,"10,220"
13945,"10,64"
13946,"10,220"
13947,"10,72,44"
13948,"40,175,23"
13949,"3,5,331"
13950,"0,8,128"
13951,"3,17,21"
13952,"0,10,265"
13953,"169,199,0"
13954,"169,199,170"
13955,"4,3"
13956,"3,4"
13957,"169,170,199"
13958,"169,296"
13959,"10,93,64"
13960,"3,21,40"
13961,"296,169,199"
13962,"118,23,74"
13963,"169,337,274"
13964,"0,271,216"
13965,"40,131,241"
13966,"3,21,300"
13967,"0,216,211"
13968,"0,235,8"
13969,"0,346,313"
13970,"3,4,200"
13971,"3,15,16"
13972,"199,169,40"
13973,"138,40,135"
13974,"23,118,74"
13975,"271,0,456"
13976,"3,182,21"
13977,"40,0,216"
13978,"402,145,10"
13979,"0,169,199"
13980,"10,23,24"
13981,"40,128,160"
13982,"23,118,74"
13983,"3,21,200"
13984,"3,111,123"
13985,"3,40,21"
13986,"10,64,24"
13987,"220,10"
13988,"3,15,46"
13989,"3,21,200"
13990,"10,64,93"
13991,"23,40,131"
13992,"10,64,80"
13993,"3,15,200"
13994,"40,128,0"
13995,"3,21,17"
13996,"10,64,93"
13997,"3,17,21"
13998,"40,131"
13999,"3,15,200"
14000,"49,23,24"
14001,"0,271,216"
14002,"4,3,7"
14003,"0,271,366"
14004,"10,44,73"
14005,"3,21"
14006,"10,220,40"
14007,"3,21,200"
14008,"10,11"
14009,"220,10"
14010,"10,64,80"
14011,"43,323,181"
14012,"3,21"
14013,"3,21,200"
14014,"170,169,171"
14015,"0,271"
14016,"40,131,128"
14017,"3,187,21"
14018,"40,131,128"
14019,"3,21,148"
14020,"3,21"
14021,"199,169,40"
14022,"10,40,367"
14023,"10,0,44"
14024,"169,0,170"
14025,"3,21,200"
14026,"40,146,145"
14027,"129,128,40"
14028,"0,216,211"
14029,"187,3,21"
14030,"23,74,38"
14031,"3,21,200"
14032,"3,147,21"
14033,"40,131"
14034,"96,31,23"
14035,"23,26,38"
14036,"40,131"
14037,"40,41,224"
14038,"23,26,38"
14039,"38,23,137"
14040,"40,241,131"
14041,"0,8,216"
14042,"3,4,21"
14043,"10,64,80"
14044,"3,21,187"
14045,"3,13,200"
14046,"3,133,10"
14047,"10,64,220"
14048,"206,0,8"
14049,"170,171,169"
14050,"169,10,296"
14051,"23,38,40"
14052,"10,64,24"
14053,"170,171,169"
14054,"138,40,135"
14055,"21,3,40"
14056,"0,271,216"
14057,"26,23,89"
14058,"3,300,10"
14059,"23,38,74"
14060,"0,271,216"
14061,"26,89,23"
14062,"38,23,10"
14063,"129,128,107"
14064,"3,4,21"
14065,"44,73,10"
14066,"3,21,40"
14067,"40,145,146"
14068,"3,170,169"
14069,"128,8,346"
14070,"308,8,0"
14071,"23,40,24"
14072,"290,3,31"
14073,"0,346,313"
14074,"0,271,366"
14075,"323,10,181"
14076,"199,169,343"
14077,"199,169,40"
14078,"15,16,3"
14079,"23,26,38"
14080,"0,216,271"
14081,"3,21,200"
14082,"40,160,128"
14083,"169,170,199"
14084,"10,64,93"
14085,"40,184,23"
14086,"40,128,131"
14087,"3,21,200"
14088,"10,11"
14089,"40,128,129"
14090,"40,184,131"
14091,"10,40,145"
14092,"224,40,41"
14093,"0,169,337"
14094,"23,74,38"
14095,"23,31,40"
14096,"23,71,38"
14097,"23,38,74"
14098,"3,21,200"
14099,"3,15,16"
14100,"4,3"
14101,"0,10,402"
14102,"3,401,153"
14103,"0,271,8"
14104,"40,41,128"
14105,"3,4"
14106,"0,3,265"
14107,"3,21,148"
14108,"3,220,10"
14109,"23,49,38"
14110,"40,131,134"
14111,"23,38,26"
14112,"23,26,38"
14113,"40,131"
14114,"40,131,241"
14115,"3,21,200"
14116,"199,169,3"
14117,"231,26,23"
14118,"10,64,93"
14119,"0,271,216"
14120,"220,10"
14121,"23,38,26"
14122,"10,64,80"
14123,"3,4,435"
14124,"40,175,23"
14125,"3,21,148"
14126,"40,131,128"
14127,"169,170,3"
14128,"40,131"
14129,"23,74,10"
14130,"23,38,74"
14131,"3,10,17"
14132,"160,40,315"
14133,"40,131,134"
14134,"49,23,24"
14135,"40,41,21"
14136,"0,216,271"
14137,"40,131,134"
14138,"10,11,44"
14139,"0,271,216"
14140,"169,241,199"
14141,"0,216,271"
14142,"43,24,23"
14143,"3,21,200"
14144,"23,49,24"
14145,"0,271,366"
14146,"40,184,131"
14147,"40,3,21"
14148,"10,23,38"
14149,"3,147,148"
14150,"0,271,265"
14151,"0,216,271"
14152,"10,220"
14153,"0,211,216"
14154,"0,8,206"
14155,"3,21,187"
14156,"10,64,93"
14157,"3,21,200"
14158,"0,216,8"
14159,"3,21,147"
14160,"43,24,23"
14161,"10,64,23"
14162,"0,265,10"
14163,"40,241,131"
14164,"10,64,93"
14165,"169,199,40"
14166,"8,206,0"
14167,"10,44,45"
14168,"3,187,21"
14169,"10,220,221"
14170,"10,220,221"
14171,"15,3,16"
14172,"40,23,131"
14173,"199,169,323"
14174,"220,10"
14175,"3,21,17"
14176,"169,199,170"
14177,"3,21,200"
14178,"169,199,170"
14179,"138,40,135"
14180,"40,131,135"
14181,"32,23,31"
14182,"402,40,145"
14183,"32,23,31"
14184,"3,200,13"
14185,"169,199,10"
14186,"3,13,204"
14187,"43,23,24"
14188,"3,147,148"
14189,"188,3,4"
14190,"3,21,40"
14191,"26,231,23"
14192,"0,271,216"
14193,"0,26,346"
14194,"0,271"
14195,"32,23,31"
14196,"3,21,200"
14197,"23,24,71"
14198,"0,26,216"
14199,"169,170,199"
14200,"13,14,3"
14201,"0,8,216"
14202,"3,21,200"
14203,"3,40,21"
14204,"31,258,328"
14205,"169,0,170"
14206,"0,265,340"
14207,"10,11"
14208,"206,0,8"
14209,"0,271,216"
14210,"0,8,220"
14211,"160,315,40"
14212,"199,169,323"
14213,"10,3,17"
14214,"128,40,130"
14215,"10,64,323"
14216,"0,265,271"
14217,"23,40,74"
14218,"169,170,0"
14219,"3,21,17"
14220,"3,21,200"
14221,"0,271,26"
14222,"3,17,170"
14223,"199,169,170"
14224,"0,235,8"
14225,"26,89,23"
14226,"40,41,224"
14227,"3,40,21"
14228,"43,24,181"
14229,"24,23,43"
14230,"43,24,23"
14231,"10,11,221"
14232,"40,131,128"
14233,"0,169,337"
14234,"0,271,216"
14235,"74,38,23"
14236,"3,17,21"
14237,"10,64"
14238,"38,23"
14239,"0,13,218"
14240,"3,17,21"
14241,"3,21,147"
14242,"206,8,0"
14243,"402,145,40"
14244,"23,10,220"
14245,"38,23,309"
14246,"0,271"
14247,"84,74,23"
14248,"3,187,21"
14249,"199,169,251"
14250,"26,0,23"
14251,"0,8,128"
14252,"3,21,40"
14253,"23,31,24"
14254,"0,271,218"
14255,"23,148,147"
14256,"15,3,16"
14257,"220,10"
14258,"402,10,145"
14259,"3,21,199"
14260,"169,199,26"
14261,"10,11,69"
14262,"3,17,21"
14263,"11,10,205"
14264,"3,21,200"
14265,"3,21,200"
14266,"40,23,135"
14267,"10,11"
14268,"10,64,448"
14269,"0,265,271"
14270,"169,199,170"
14271,"3,21"
14272,"220,10"
14273,"3,15,21"
14274,"199,169,251"
14275,"3,21,40"
14276,"40,23,10"
14277,"17,3,18"
14278,"10,0,31"
14279,"3,21,40"
14280,"40,131"
14281,"40,128,41"
14282,"23,43,24"
14283,"220,10,25"
14284,"3,21,182"
14285,"23,105,38"
14286,"199,323,169"
14287,"32,23,31"
14288,"4,3,7"
14289,"128,40,130"
14290,"4,3,7"
14291,"23,74,38"
14292,"0,271,216"
14293,"26,23,38"
14294,"10,64,80"
14295,"40,3,21"
14296,"40,128,76"
14297,"0,271"
14298,"0,271,265"
14299,"3,21,0"
14300,"0,346,313"
14301,"169,199,40"
14302,"218,0,93"
14303,"4,3"
14304,"402,40,145"
14305,"3,15,53"
14306,"231,26,23"
14307,"40,402,44"
14308,"40,145,402"
14309,"4,3,435"
14310,"10,64,93"
14311,"169,337,274"
14312,"0,271,280"
14313,"10,220,402"
14314,"0,38,23"
14315,"296,169"
14316,"4,3,40"
14317,"0,216,1"
14318,"23,24,10"
14319,"3,4,21"
14320,"21,3"
14321,"3,182,21"
14322,"3,4,200"
14323,"0,265,271"
14324,"0,265,271"
14325,"199,10,323"
14326,"290,23,40"
14327,"3,15,16"
14328,"346,0,313"
14329,"206,8,0"
14330,"10,64,80"
14331,"199,169,259"
14332,"3,147,148"
14333,"3,21,5"
14334,"10,64,93"
14335,"40,160,131"
14336,"296,169,0"
14337,"169,0,199"
14338,"0,271,216"
14339,"10,23,24"
14340,"234,10,60"
14341,"3,21,17"
14342,"3,5,331"
14343,"23,26,38"
14344,"169,199,426"
14345,"4,3,7"
14346,"199,169,38"
14347,"40,128,129"
14348,"3,21,200"
14349,"199,169,259"
14350,"296,169,40"
14351,"23,24,43"
14352,"0,216"
14353,"169,170,199"
14354,"3,21,40"
14355,"40,131,241"
14356,"220,10"
14357,"40,241,131"
14358,"296,169"
14359,"24,23,10"
14360,"10,169,323"
14361,"0,271"
14362,"4,3,7"
14363,"169,170,3"
14364,"0,26,89"
14365,"40,160,131"
14366,"3,21,48"
14367,"40,131,134"
14368,"3,4"
14369,"60,23,61"
14370,"0,26,23"
14371,"402,44,10"
14372,"23,24,10"
14373,"3,21,200"
14374,"13,0,313"
14375,"23,96,24"
14376,"23,38,402"
14377,"3,10,15"
14378,"220,10"
14379,"23,74,38"
14380,"40,160,315"
14381,"3,148,147"
14382,"0,271,265"
14383,"3,21,200"
14384,"23,74,38"
14385,"3,21,148"
14386,"0,169,199"
14387,"15,16,3"
14388,"171,169,170"
14389,"23,38,402"
14390,"3,21"
14391,"169,199,0"
14392,"32,31,23"
14393,"43,10,323"
14394,"3,187,21"
14395,"10,11"
14396,"0,8,265"
14397,"4,3"
14398,"169,170,241"
14399,"128,40,129"
14400,"3,4"
14401,"49,10,24"
14402,"10,93,64"
14403,"10,221,40"
14404,"10,11"
14405,"3,21,200"
14406,"169,170,0"
14407,"23,24,43"
14408,"3,21,200"
14409,"40,160,315"
14410,"160,40,315"
14411,"3,111,40"
14412,"40,131,241"
14413,"10,220"
14414,"402,44,23"
14415,"0,271,216"
14416,"23,38,137"
14417,"38,23"
14418,"3,111,40"
14419,"40,131"
14420,"23,24,38"
14421,"170,171,169"
14422,"32,31,23"
14423,"10,11,69"
14424,"40,131,241"
14425,"40,128,129"
14426,"234,10,60"
14427,"220,10"
14428,"0,169,271"
14429,"10,64,80"
14430,"40,21,3"
14431,"32,23,31"
14432,"138,40,135"
14433,"10,11,69"
14434,"3,21,200"
14435,"3,182,21"
14436,"3,5,133"
14437,"15,3,16"
14438,"23,113,74"
14439,"71,23,24"
14440,"10,23,38"
14441,"26,23,0"
14442,"169,199,0"
14443,"10,23,64"
14444,"3,21,187"
14445,"0,26,271"
14446,"23,74,38"
14447,"3,21,160"
14448,"3,15,16"
14449,"128,40,129"
14450,"10,64,11"
14451,"10,25,23"
14452,"40,128,129"
14453,"10,23,38"
14454,"160,40"
14455,"3,15,147"
14456,"40,131,134"
14457,"38,23,309"
14458,"40,145,402"
14459,"4,3,7"
14460,"10,64,93"
14461,"0,271"
14462,"220,10,0"
14463,"10,145,220"
14464,"10,220,40"
14465,"40,3,21"
14466,"3,17,18"
14467,"138,40,135"
14468,"0,271"
14469,"10,25,220"
14470,"128,40,130"
14471,"328,96,23"
14472,"10,64,93"
14473,"323,43,181"
14474,"0,26,271"
14475,"10,11,69"
14476,"38,23,241"
14477,"24,10,23"
14478,"32,23,31"
14479,"3,147,148"
14480,"23,26,38"
14481,"3,148,147"
14482,"23,3,38"
14483,"40,3,145"
14484,"3,523,148"
14485,"3,21,182"
14486,"3,4,435"
14487,"3,112,111"
14488,"4,3,19"
14489,"84,74,23"
14490,"3,21,200"
14491,"43,24,23"
14492,"296,169,306"
14493,"3,13,14"
14494,"31,328,23"
14495,"10,38,0"
14496,"169,170,199"
14497,"3,15,21"
14498,"40,131"
14499,"0,206,8"
14500,"40,160,315"
14501,"3,15,147"
14502,"23,40,38"
14503,"402,145,40"
14504,"3,21,301"
14505,"10,64,239"
14506,"40,3,41"
14507,"118,23,74"
14508,"10,24,64"
14509,"3,147,148"
14510,"3,21,200"
14511,"10,31,24"
14512,"220,10"
14513,"10,40,0"
14514,"23,38,40"
14515,"129,0,346"
14516,"402,328,40"
14517,"402,10,145"
14518,"32,23,31"
14519,"40,146,145"
14520,"3,523,147"
14521,"10,11"
14522,"220,10,221"
14523,"199,169,323"
14524,"3,53,200"
14525,"17,3,18"
14526,"40,131,241"
14527,"3,21,4"
14528,"0,271,280"
14529,"199,169,251"
14530,"3,21,15"
14531,"10,11"
14532,"3,21,200"
14533,"26,23,38"
14534,"0,271,216"
14535,"10,17,0"
14536,"10,64,93"
14537,"0,216,235"
14538,"3,187,21"
14539,"3,15,200"
14540,"3,17,200"
14541,"0,271"
14542,"10,11"
14543,"3,4,21"
14544,"40,145,402"
14545,"199,169,170"
14546,"10,323,199"
14547,"38,23,241"
14548,"23,74,40"
14549,"402,145,10"
14550,"40,160,315"
14551,"23,38,74"
14552,"160,40,302"
14553,"0,346,313"
14554,"40,3,0"
14555,"170,171,169"
14556,"26,231,23"
14557,"40,160,131"
14558,"3,21,200"
14559,"3,21,200"
14560,"3,48,227"
14561,"10,220,221"
14562,"40,131"
14563,"3,21,200"
14564,"3,17,18"
14565,"10,17,3"
14566,"23,24,43"
14567,"0,271,216"
14568,"32,23,31"
14569,"3,21,147"
14570,"10,93,64"
14571,"3,15,200"
14572,"129,128,40"
14573,"3,21,200"
14574,"38,23,26"
14575,"160,40,315"
14576,"220,10"
14577,"10,64,93"
14578,"40,146,145"
14579,"3,21,200"
14580,"220,10"
14581,"10,64,93"
14582,"43,24,323"
14583,"4,3,435"
14584,"220,10"
14585,"128,40,130"
14586,"38,23,309"
14587,"40,41,139"
14588,"3,23,148"
14589,"3,4,21"
14590,"23,38,26"
14591,"49,23,24"
14592,"3,21,200"
14593,"3,169,199"
14594,"23,74,38"
14595,"43,24,23"
14596,"3,182,169"
14597,"10,64,93"
14598,"10,23,44"
14599,"23,49,24"
14600,"3,21,200"
14601,"3,13,200"
14602,"40,3,21"
14603,"32,23,31"
14604,"402,145,40"
14605,"0,271"
14606,"199,169,223"
14607,"3,169,170"
14608,"3,4"
14609,"0,271"
14610,"128,40,130"
14611,"3,4"
14612,"74,23,38"
14613,"49,23,24"
14614,"10,64,93"
14615,"10,64,80"
14616,"10,64,80"
14617,"40,145,146"
14618,"10,11,69"
14619,"23,74,38"
14620,"0,211,216"
14621,"23,74,38"
14622,"10,0,220"
14623,"199,169,170"
14624,"169,199,170"
14625,"10,64,80"
14626,"0,3,21"
14627,"3,40,21"
14628,"0,8,271"
14629,"3,21,200"
14630,"72,10,44"
14631,"11,10,69"
14632,"296,169,306"
14633,"220,10"
14634,"40,128,160"
14635,"43,181,323"
14636,"3,200,4"
14637,"220,10"
14638,"10,44,45"
14639,"23,38,74"
14640,"169,199,0"
14641,"3,21,200"
14642,"3,21,170"
14643,"220,10"
14644,"40,41,3"
14645,"0,8"
14646,"3,40,287"
14647,"71,23,38"
14648,"3,21,148"
14649,"169,426,508"
14650,"0,169,199"
14651,"3,21,200"
14652,"0,8,235"
14653,"169,0,230"
14654,"40,128,41"
14655,"3,21,200"
14656,"3,21,40"
14657,"13,3,14"
14658,"74,23,38"
14659,"40,160,135"
14660,"40,241,128"
14661,"40,160,315"
14662,"10,402,24"
14663,"38,23"
14664,"40,184,146"
14665,"40,74,23"
14666,"206,0,8"
14667,"40,131,241"
14668,"24,49,23"
14669,"3,5,133"
14670,"23,74,38"
14671,"3,40,160"
14672,"3,147,148"
14673,"0,271,216"
14674,"169,0,170"
14675,"40,3,128"
14676,"40,131,128"
14677,"15,16,3"
14678,"199,169"
14679,"169,199,170"
14680,"0,271"
14681,"241,23,131"
14682,"40,141,135"
14683,"40,131,241"
14684,"3,21,200"
14685,"10,64,93"
14686,"43,24,23"
14687,"224,40,41"
14688,"3,187,21"
14689,"3,21,200"
14690,"10,64,11"
14691,"23,74,317"
14692,"71,23,24"
14693,"169,296,170"
14694,"160,40,315"
14695,"43,24,23"
14696,"160,315,40"
14697,"44,10,45"
14698,"0,265,216"
14699,"3,40,147"
14700,"290,31,32"
14701,"40,135,41"
14702,"40,160,315"
14703,"3,21,169"
14704,"3,21,200"
14705,"40,128,162"
14706,"3,147,148"
14707,"3,17,40"
14708,"3,21"
14709,"49,24,23"
14710,"169,0,296"
14711,"199,259,169"
14712,"169,170,337"
14713,"206,8,0"
14714,"169,337,274"
14715,"32,31,23"
14716,"10,402,24"
14717,"3,21,200"
14718,"23,74,38"
14719,"10,64,11"
14720,"40,3,17"
14721,"23,24,31"
14722,"44,10,45"
14723,"3,148,147"
14724,"0,265,10"
14725,"220,10"
14726,"10,11,44"
14727,"23,38,26"
14728,"38,10,23"
14729,"3,40,74"
14730,"10,64,40"
14731,"0,8,220"
14732,"3,21,187"
14733,"3,21"
14734,"10,220"
14735,"3,199,169"
14736,"49,24,10"
14737,"23,38,74"
14738,"3,4"
14739,"0,211,216"
14740,"220,10"
14741,"10,220"
14742,"43,24,170"
14743,"40,146,243"
14744,"40,131,134"
14745,"10,64,24"
14746,"23,74,234"
14747,"271,0,456"
14748,"40,10,220"
14749,"23,74,38"
14750,"23,74,38"
14751,"169,10,199"
14752,"171,170,169"
14753,"10,64,448"
14754,"0,216,271"
14755,"40,41,128"
14756,"0,271,216"
14757,"3,15,16"
14758,"96,31,40"
14759,"241,40,131"
14760,"3,86,85"
14761,"169,170,199"
14762,"3,148,147"
14763,"10,72,44"
14764,"199,169,40"
14765,"3,21,40"
14766,"199,169,170"
14767,"38,48,3"
14768,"40,131"
14769,"118,74,23"
14770,"0,271,216"
14771,"49,24,10"
14772,"0,271,291"
14773,"3,21,40"
14774,"17,3,18"
14775,"3,21,17"
14776,"3,187,21"
14777,"199,259,169"
14778,"3,21,200"
14779,"3,200,148"
14780,"169,0,216"
14781,"40,131,145"
14782,"8,0,514"
14783,"3,523,148"
14784,"23,49,24"
14785,"23,38,241"
14786,"3,523,147"
14787,"10,64,220"
14788,"40,131,478"
14789,"10,64,448"
14790,"26,0,23"
14791,"40,160,315"
14792,"49,23,24"
14793,"10,24,44"
14794,"10,64"
14795,"40,146,145"
14796,"3,21,200"
14797,"40,23,160"
14798,"40,145,131"
14799,"169,0,170"
14800,"38,23,74"
14801,"169,170,199"
14802,"199,169,251"
14803,"3,21,5"
14804,"23,38,26"
14805,"0,271,216"
14806,"3,21"
14807,"40,241,131"
14808,"23,24,43"
14809,"3,17,21"
14810,"4,3"
14811,"3,21,200"
14812,"0,216,271"
14813,"3,21,200"
14814,"23,38,10"
14815,"23,24,38"
14816,"3,204,13"
14817,"10,11,69"
14818,"220,10"
14819,"26,23,89"
14820,"23,38,74"
14821,"3,21,301"
14822,"138,40,135"
14823,"0,265,220"
14824,"199,169,251"
14825,"3,21,0"
14826,"3,5,133"
14827,"0,271,265"
14828,"3,4,200"
14829,"40,128,130"
14830,"23,38,74"
14831,"3,17,21"
14832,"220,10,221"
14833,"10,11"
14834,"0,216,346"
14835,"23,118,74"
14836,"3,38,10"
14837,"40,128,41"
14838,"71,23,74"
14839,"220,10"
14840,"0,271,26"
14841,"3,21,200"
14842,"26,0,350"
14843,"32,31,23"
14844,"3,523,147"
14845,"169,337,199"
14846,"40,128,129"
14847,"3,21,40"
14848,"40,160,131"
14849,"3,21,200"
14850,"220,10"
14851,"3,147,148"
14852,"23,38,74"
14853,"0,271,216"
14854,"10,11"
14855,"0,346,313"
14856,"40,128,131"
14857,"0,8,206"
14858,"40,41,224"
14859,"23,49,24"
14860,"40,131,134"
14861,"3,21"
14862,"3,21,199"
14863,"3,21,40"
14864,"40,224,3"
14865,"40,146,145"
14866,"3,21,200"
14867,"3,21,200"
14868,"402,44,45"
14869,"315,160,40"
14870,"23,26,10"
14871,"10,11"
14872,"4,3"
14873,"3,15,147"
14874,"220,10"
14875,"199,169,251"
14876,"3,17,21"
14877,"3,147,148"
14878,"220,10"
14879,"3,21,187"
14880,"3,112,111"
14881,"199,0,169"
14882,"3,40,21"
14883,"23,49,24"
14884,"10,44,73"
14885,"3,4"
14886,"23,26,0"
14887,"0,26,23"
14888,"26,23,350"
14889,"3,13,204"
14890,"32,23,31"
14891,"10,64,80"
14892,"21,3,40"
14893,"3,187,15"
14894,"96,23,31"
14895,"0,265,271"
14896,"199,169,259"
14897,"40,346,402"
14898,"23,38,24"
14899,"0,265,271"
14900,"10,24,71"
14901,"23,38,74"
14902,"40,131,134"
14903,"10,402,145"
14904,"170,169,199"
14905,"40,431,199"
14906,"44,23,10"
14907,"138,40,135"
14908,"40,160,315"
14909,"26,23,0"
14910,"3,13,204"
14911,"40,131,241"
14912,"0,216,271"
14913,"241,40,131"
14914,"0,10,265"
14915,"10,64,80"
14916,"38,23,24"
14917,"199,169,431"
14918,"3,21,17"
14919,"40,138,199"
14920,"23,49,24"
14921,"296,169"
14922,"40,41,224"
14923,"43,24,23"
14924,"0,313,271"
14925,"0,271"
14926,"3,300,147"
14927,"11,10,69"
14928,"40,131"
14929,"3,21"
14930,"169,337,170"
14931,"0,26,346"
14932,"38,23"
14933,"10,0,220"
14934,"169,199,170"
14935,"169,199,417"
14936,"0,271,216"
14937,"40,241,131"
14938,"23,38,118"
14939,"3,21,200"
14940,"0,271,216"
14941,"10,220"
14942,"169,170,3"
14943,"3,17,200"
14944,"3,21,200"
14945,"40,160,315"
14946,"4,3,435"
14947,"23,74,38"
14948,"296,169,306"
14949,"3,182,169"
14950,"40,10,220"
14951,"3,147,17"
14952,"402,71,145"
14953,"0,346,313"
14954,"23,38,345"
14955,"171,31,169"
14956,"40,128,129"
14957,"131,40,241"
14958,"23,40,10"
14959,"40,131,241"
14960,"40,10,139"
14961,"23,38,26"
14962,"26,23,0"
14963,"0,271,8"
14964,"40,131,241"
14965,"38,23,0"
14966,"169,170,199"
14967,"523,3,147"
14968,"23,38,74"
14969,"3,4,7"
14970,"40,128,129"
14971,"3,21,40"
14972,"49,23,24"
14973,"38,241,23"
14974,"10,64,80"
14975,"170,171,169"
14976,"26,23,0"
14977,"0,271"
14978,"199,169,259"
14979,"10,64,93"
14980,"23,0,216"
14981,"40,131,134"
14982,"3,21"
14983,"40,128,160"
14984,"0,169,271"
14985,"346,0,313"
14986,"0,8,216"
14987,"0,26,8"
14988,"10,24,23"
14989,"23,49,24"
14990,"3,21,17"
14991,"73,44,23"
14992,"0,271,313"
14993,"3,4,200"
14994,"4,3"
14995,"3,21,200"
14996,"10,64,93"
14997,"199,169,170"
14998,"43,24,23"
14999,"10,64,93"
15000,"40,160,315"
15001,"3,21,200"
15002,"199,169,40"
15003,"10,11"
15004,"169,170,171"
15005,"118,23,74"
15006,"40,131,134"
15007,"49,23,24"
15008,"49,23,24"
15009,"169,40,170"
15010,"3,21,17"
15011,"23,131,40"
15012,"40,0,128"
15013,"3,21,40"
15014,"10,11,69"
15015,"3,4,15"
15016,"171,170,169"
15017,"3,21,200"
15018,"23,38,40"
15019,"171,170,169"
15020,"23,74,38"
15021,"169,199,251"
15022,"40,128,160"
15023,"10,64,93"
15024,"3,21,301"
15025,"8,308,0"
15026,"3,21,17"
15027,"3,21"
15028,"40,0,131"
15029,"40,131"
15030,"23,74,38"
15031,"0,271,26"
15032,"40,3,17"
15033,"3,147,148"
15034,"3,21,301"
15035,"3,21,147"
15036,"3,21,200"
15037,"3,21,200"
15038,"0,199,169"
15039,"0,216,211"
15040,"10,220"
15041,"169,199,426"
15042,"10,64,11"
15043,"0,8,206"
15044,"3,21,40"
15045,"3,40,21"
15046,"3,4,182"
15047,"0,23,26"
15048,"40,23,184"
15049,"10,64,93"
15050,"135,236,40"
15051,"3,4"
15052,"3,187,21"
15053,"169,199,251"
15054,"0,211,216"
15055,"38,309,23"
15056,"0,8,216"
15057,"40,131,145"
15058,"3,21,96"
15059,"0,26,370"
15060,"10,64,93"
15061,"199,169,251"
15062,"3,147,148"
15063,"199,169,323"
15064,"10,11,69"
15065,"169,170,337"
15066,"40,241,131"
15067,"3,21,200"
15068,"3,21,187"
15069,"3,21,182"
15070,"3,0,216"
15071,"3,4"
15072,"3,21,200"
15073,"3,111,21"
15074,"40,135,346"
15075,"3,169,10"
15076,"3,21,200"
15077,"43,24,23"
15078,"220,10"
15079,"3,147,148"
15080,"24,23,43"
15081,"0,8,26"
15082,"49,24,23"
15083,"40,23,74"
15084,"40,131"
15085,"10,11,64"
15086,"10,220"
15087,"0,265,271"
15088,"118,23,74"
15089,"346,313,26"
15090,"169,0,170"
15091,"4,3"
15092,"3,21,148"
15093,"402,40,145"
15094,"3,21,200"
15095,"169,170,3"
15096,"40,160,315"
15097,"11,10,69"
15098,"0,216,211"
15099,"0,128,40"
15100,"141,118,40"
15101,"3,21,40"
15102,"3,275,182"
15103,"17,3,18"
15104,"3,200,15"
15105,"0,265,49"
15106,"43,23,24"
15107,"0,169,199"
15108,"10,220,44"
15109,"38,23,74"
15110,"169,170,3"
15111,"3,13,204"
15112,"23,74,38"
15113,"10,220,24"
15114,"40,146,145"
15115,"40,131,134"
15116,"3,225,148"
15117,"10,11,205"
15118,"11,23,10"
15119,"169,199,0"
15120,"3,147,148"
15121,"3,21,15"
15122,"402,40,145"
15123,"38,23,11"
15124,"40,131,23"
15125,"40,3,13"
15126,"3,4"
15127,"220,10"
15128,"0,211,212"
15129,"231,26,23"
15130,"40,131,128"
15131,"220,10,23"
15132,"10,64,323"
15133,"3,4"
15134,"3,21,4"
15135,"3,4,183"
15136,"40,175,160"
15137,"138,135,40"
15138,"40,160,131"
15139,"38,23,74"
15140,"0,346,313"
15141,"23,74,84"
15142,"3,15,21"
15143,"43,23,24"
15144,"10,220"
15145,"32,23,31"
15146,"3,21,187"
15147,"169,170,0"
15148,"346,0,313"
15149,"43,24,23"
15150,"40,131,402"
15151,"10,64,24"
15152,"220,10"
15153,"3,40,13"
15154,"3,21,200"
15155,"31,96,23"
15156,"169,3,199"
15157,"0,216,271"
15158,"23,43,24"
15159,"3,21,147"
15160,"49,23,24"
15161,"171,170,169"
15162,"3,28,13"
15163,"0,26,8"
15164,"10,220"
15165,"169,199,49"
15166,"3,0,169"
15167,"169,296,170"
15168,"3,147,200"
15169,"40,160,315"
15170,"23,38,74"
15171,"3,4"
15172,"3,4"
15173,"43,24,23"
15174,"199,169,170"
15175,"3,21,17"
15176,"43,323,181"
15177,"199,169,259"
15178,"3,21,200"
15179,"38,23"
15180,"3,21"
15181,"3,21,200"
15182,"10,220,25"
15183,"220,10"
15184,"3,15,200"
15185,"169,296,170"
15186,"23,38,74"
15187,"32,31,23"
15188,"0,271"
15189,"40,402,10"
15190,"3,4"
15191,"206,0,8"
15192,"3,21,200"
15193,"23,38,74"
15194,"3,21,148"
15195,"40,402,10"
15196,"0,169,170"
15197,"3,147,148"
15198,"3,5,331"
15199,"40,131"
15200,"169,131,40"
15201,"40,128,129"
15202,"3,182,200"
15203,"49,23,24"
15204,"40,402,10"
15205,"0,271"
15206,"3,23,21"
15207,"3,21,169"
15208,"3,21,17"
15209,"0,271,265"
15210,"220,10"
15211,"10,220,221"
15212,"3,187,21"
15213,"3,21,182"
15214,"44,10,402"
15215,"21,3"
15216,"0,271,216"
15217,"23,74,38"
15218,"10,11,69"
15219,"40,160,175"
15220,"23,24,402"
15221,"0,211,216"
15222,"43,24,23"
15223,"169,0,170"
15224,"26,0,346"
15225,"40,23,38"
15226,"40,241,187"
15227,"10,11"
15228,"169,199,0"
15229,"40,131"
15230,"10,64,93"
15231,"346,0,26"
15232,"0,216,218"
15233,"13,3,10"
15234,"169,337,170"
15235,"402,145,40"
15236,"3,21,200"
15237,"431,40,135"
15238,"199,169,223"
15239,"220,10"
15240,"24,10,23"
15241,"26,23,0"
15242,"169,170,199"
15243,"10,11,0"
15244,"10,64,80"
15245,"3,21"
15246,"10,64,80"
15247,"0,271,8"
15248,"32,31,23"
15249,"32,23,31"
15250,"3,147,148"
15251,"199,169,223"
15252,"10,402,44"
15253,"38,23,10"
15254,"40,175,23"
15255,"0,216,271"
15256,"0,271"
15257,"199,259,169"
15258,"40,131"
15259,"40,131"
15260,"3,21,111"
15261,"3,21,200"
15262,"40,131,128"
15263,"10,220,402"
15264,"220,10"
15265,"23,74,38"
15266,"40,131"
15267,"23,74,38"
15268,"138,40,135"
15269,"3,21,128"
15270,"0,265,271"
15271,"187,3,21"
15272,"3,21,187"
15273,"10,11"
15274,"10,220,221"
15275,"0,271"
15276,"170,171,169"
15277,"3,21,200"
15278,"169,170,199"
15279,"10,64,11"
15280,"3,4"
15281,"3,21,200"
15282,"241,38,40"
15283,"40,23,74"
15284,"72,44,61"
15285,"26,23,89"
15286,"3,21"
15287,"199,169,323"
15288,"0,169,199"
15289,"3,148,147"
15290,"10,220,221"
15291,"3,21,200"
15292,"3,21,200"
15293,"3,17,21"
15294,"10,43,24"
15295,"10,64"
15296,"10,24,43"
15297,"10,11"
15298,"0,265,271"
15299,"169,337,170"
15300,"3,21"
15301,"3,21,200"
15302,"3,4,331"
15303,"31,96,23"
15304,"296,169,460"
15305,"40,131,134"
15306,"40,131,134"
15307,"199,169,223"
15308,"10,49,24"
15309,"402,44,73"
15310,"3,40,21"
15311,"199,169,431"
15312,"3,21"
15313,"169,199,0"
15314,"40,241,131"
15315,"199,169"
15316,"0,271,265"
15317,"40,160,128"
15318,"3,4,21"
15319,"10,40,23"
15320,"169,199,170"
15321,"0,271"
15322,"23,118,74"
15323,"0,271,216"
15324,"0,169,199"
15325,"0,271,216"
15326,"199,169,170"
15327,"0,271,218"
15328,"3,21,40"
15329,"10,44,11"
15330,"0,26,89"
15331,"17,3,18"
15332,"0,235,8"
15333,"169,199,170"
15334,"220,10"
15335,"3,21,200"
15336,"40,74,23"
15337,"3,187,21"
15338,"3,21,148"
15339,"40,131,402"
15340,"0,8,271"
15341,"0,169,199"
15342,"21,3,40"
15343,"23,74,10"
15344,"206,0,8"
15345,"3,15,16"
15346,"10,11,69"
15347,"3,200,15"
15348,"3,200,21"
15349,"199,169,170"
15350,"3,21,200"
15351,"0,271,216"
15352,"170,169"
15353,"10,64,80"
15354,"128,40,130"
15355,"10,44,73"
15356,"23,38,0"
15357,"0,26,346"
15358,"23,38,10"
15359,"40,131"
15360,"11,10,205"
15361,"3,0,40"
15362,"112,3,111"
15363,"3,21,200"
15364,"23,38,10"
15365,"10,64,93"
15366,"40,131"
15367,"23,38,74"
15368,"40,131,134"
15369,"10,44,73"
15370,"40,131,241"
15371,"3,21,148"
15372,"169,170,49"
15373,"40,135,141"
15374,"3,21,200"
15375,"23,10,402"
15376,"23,24,49"
15377,"40,131,241"
15378,"0,8,220"
15379,"23,26,38"
15380,"0,8,271"
15381,"0,211,216"
15382,"0,271,216"
15383,"282,96,375"
15384,"3,40,21"
15385,"32,3,31"
15386,"199,169"
15387,"10,93,64"
15388,"40,128,346"
15389,"40,131,241"
15390,"15,3,16"
15391,"26,0,23"
15392,"3,21,200"
15393,"3,21,200"
15394,"23,131,40"
15395,"3,123,111"
15396,"40,328,128"
15397,"160,315,40"
15398,"220,10"
15399,"220,10,221"
15400,"323,199,181"
15401,"0,271,366"
15402,"10,239,93"
15403,"0,169,199"
15404,"40,162,131"
15405,"10,64,11"
15406,"3,17,18"
15407,"96,23,31"
15408,"0,346,313"
15409,"3,4,38"
15410,"3,21,147"
15411,"3,15,16"
15412,"0,271,456"
15413,"15,16,3"
15414,"13,169,40"
15415,"0,23,24"
15416,"234,10,60"
15417,"40,184,131"
15418,"220,10,221"
15419,"3,23,31"
15420,"0,271,216"
15421,"23,38,48"
15422,"38,23,241"
15423,"0,8,327"
15424,"23,31,171"
15425,"0,271,235"
15426,"0,271"
15427,"199,169,170"
15428,"40,131"
15429,"0,271,216"
15430,"43,23,24"
15431,"43,23,24"
15432,"3,21,40"
15433,"23,31,32"
15434,"10,64,93"
15435,"402,10,145"
15436,"3,40,21"
15437,"3,21,200"
15438,"10,220"
15439,"3,170,169"
15440,"26,89,23"
15441,"10,11,239"
15442,"402,38,23"
15443,"38,23,40"
15444,"10,64,24"
15445,"3,21,148"
15446,"84,74,23"
15447,"3,40,21"
15448,"40,139,153"
15449,"38,23"
15450,"199,169,170"
15451,"40,3,123"
15452,"160,40,315"
15453,"169,199,170"
15454,"0,3,216"
15455,"3,21"
15456,"3,21,200"
15457,"26,89,40"
15458,"3,21,200"
15459,"138,135,40"
15460,"402,44,145"
15461,"0,235,8"
15462,"3,21"
15463,"3,21,200"
15464,"73,10,44"
15465,"3,21,200"
15466,"169,0,8"
15467,"0,271,216"
15468,"10,71,23"
15469,"3,21,200"
15470,"11,10,44"
15471,"0,211,216"
15472,"0,346,313"
15473,"40,23,131"
15474,"10,220,221"
15475,"3,112,40"
15476,"40,139,131"
15477,"10,11,69"
15478,"199,169,251"
15479,"40,402,145"
15480,"17,3,10"
15481,"199,259,169"
15482,"73,402,44"
15483,"199,169"
15484,"3,182,21"
15485,"23,74,71"
15486,"23,38,74"
15487,"0,211,216"
15488,"3,187,21"
15489,"3,17,21"
15490,"0,199,169"
15491,"23,40,24"
15492,"169,199,170"
15493,"3,21,200"
15494,"3,4,200"
15495,"43,323,10"
15496,"170,169,171"
15497,"199,169,170"
15498,"0,271"
15499,"3,21,187"
15500,"0,271,265"
15501,"3,147,148"
15502,"10,64,93"
15503,"40,131"
15504,"23,10,24"
15505,"40,224,41"
15506,"169,199,0"
15507,"138,40,135"
15508,"3,182,21"
15509,"62,23,11"
15510,"38,23,87"
15511,"271,0"
15512,"10,64,80"
15513,"3,21,200"
15514,"169,337,170"
15515,"23,296,169"
15516,"40,131,241"
15517,"32,23,31"
15518,"10,11,0"
15519,"199,169,160"
15520,"323,43,181"
15521,"40,184,131"
15522,"43,323,181"
15523,"3,17,18"
15524,"0,216,211"
15525,"3,40,21"
15526,"494,40,199"
15527,"3,21,5"
15528,"31,169,96"
15529,"0,271,216"
15530,"3,21,200"
15531,"40,131,134"
15532,"3,21,200"
15533,"169,274,337"
15534,"10,64,93"
15535,"3,4,227"
15536,"40,131,193"
15537,"40,131,241"
15538,"38,309,23"
15539,"11,10,69"
15540,"170,169,459"
15541,"231,26,23"
15542,"23,26,38"
15543,"231,26,23"
15544,"3,21,148"
15545,"10,64,11"
15546,"3,21,200"
15547,"43,24,23"
15548,"3,21,200"
15549,"204,13,3"
15550,"10,93,64"
15551,"40,3,199"
15552,"23,24,43"
15553,"23,38,26"
15554,"10,220,221"
15555,"0,8,391"
15556,"10,64,93"
15557,"3,21,40"
15558,"3,4"
15559,"23,24,49"
15560,"3,21,200"
15561,"220,10"
15562,"3,21"
15563,"40,131"
15564,"3,200,21"
15565,"3,4"
15566,"3,21,148"
15567,"43,23,24"
15568,"43,323,181"
15569,"43,24,23"
15570,"40,131,241"
15571,"3,187,21"
15572,"10,64"
15573,"3,21,40"
15574,"169,170,417"
15575,"0,8,206"
15576,"17,3,21"
15577,"43,23,24"
15578,"10,64,93"
15579,"199,169,259"
15580,"0,271,26"
15581,"0,271,3"
15582,"23,38,74"
15583,"8,0,206"
15584,"0,265,8"
15585,"220,10"
15586,"4,3,19"
15587,"10,64,402"
15588,"169,170,199"
15589,"170,171,169"
15590,"74,23,71"
15591,"23,38,24"
15592,"10,64,93"
15593,"0,23,40"
15594,"3,13,204"
15595,"10,220,40"
15596,"402,145,40"
15597,"3,21,200"
15598,"40,146,145"
15599,"0,271,216"
15600,"3,21,200"
15601,"3,21,200"
15602,"23,38,74"
15603,"23,31,38"
15604,"169,170,0"
15605,"40,402,145"
15606,"3,21,200"
15607,"169,170,199"
15608,"0,8,235"
15609,"40,131"
15610,"3,21"
15611,"187,3,21"
15612,"23,38,71"
15613,"3,147,148"
15614,"13,14,204"
15615,"402,10,145"
15616,"118,74,23"
15617,"129,128,40"
15618,"10,64,448"
15619,"10,64,93"
15620,"10,64,448"
15621,"3,21,200"
15622,"40,131,23"
15623,"40,184,131"
15624,"199,169"
15625,"128,40,129"
15626,"3,21,200"
15627,"0,8,270"
15628,"199,169,3"
15629,"3,4"
15630,"3,21,200"
15631,"40,128,3"
15632,"0,216,8"
15633,"169,170,199"
15634,"3,15,16"
15635,"0,3,313"
15636,"10,64,448"
15637,"160,315,40"
15638,"145,402,54"
15639,"40,128,131"
15640,"0,271"
15641,"10,11,221"
15642,"0,216,220"
15643,"40,128,41"
15644,"40,146,145"
15645,"38,23,309"
15646,"346,0,313"
15647,"0,235,8"
15648,"3,147,148"
15649,"3,187,21"
15650,"0,216,169"
15651,"3,16,15"
15652,"169,274,337"
15653,"10,64,80"
15654,"3,21,200"
15655,"3,21,187"
15656,"188,4,3"
15657,"40,131"
15658,"10,64,93"
15659,"40,402,44"
15660,"0,271"
15661,"3,21,200"
15662,"38,23,74"
15663,"38,23,24"
15664,"0,265,271"
15665,"169,199,40"
15666,"3,147,148"
15667,"13,204,14"
15668,"40,128,129"
15669,"169,199,23"
15670,"141,135,23"
15671,"0,271,216"
15672,"402,10,145"
15673,"220,10"
15674,"10,220,221"
15675,"3,187,17"
15676,"0,271,216"
15677,"0,216,8"
15678,"40,135,74"
15679,"23,38,24"
15680,"431,199,40"
15681,"171,170,169"
15682,"0,271"
15683,"0,271,216"
15684,"3,21,40"
15685,"3,21"
15686,"43,24,23"
15687,"199,169,251"
15688,"3,21,187"
15689,"49,23,24"
15690,"0,26,38"
15691,"40,184,131"
15692,"128,40,130"
15693,"10,44,11"
15694,"199,169,259"
15695,"0,271,265"
15696,"4,3,435"
15697,"11,69,45"
15698,"49,24,239"
15699,"23,74,40"
15700,"10,93,64"
15701,"23,175,38"
15702,"0,206,8"
15703,"169,199,170"
15704,"4,3,435"
15705,"3,21,200"
15706,"3,21,200"
15707,"15,3,16"
15708,"3,40,21"
15709,"346,0,313"
15710,"3,0,31"
15711,"3,4"
15712,"40,10,64"
15713,"4,3"
15714,"40,131"
15715,"169,170,199"
15716,"40,131"
15717,"43,23,24"
15718,"169,199,0"
15719,"40,160,184"
15720,"10,220"
15721,"3,4,435"
15722,"171,96,170"
15723,"13,3,204"
15724,"31,23,26"
15725,"0,31,10"
15726,"31,258,169"
15727,"3,4,15"
15728,"199,169,259"
15729,"40,131,128"
15730,"170,241,169"
15731,"3,21,200"
15732,"0,271,216"
15733,"346,0,350"
15734,"3,21"
15735,"3,21,5"
15736,"23,38,74"
15737,"0,271,216"
15738,"49,23,24"
15739,"10,40,241"
15740,"49,23,24"
15741,"346,0,313"
15742,"0,271,216"
15743,"0,265,271"
15744,"38,23,10"
15745,"23,0,346"
15746,"10,11,72"
15747,"10,11,73"
15748,"10,23,24"
15749,"0,271,216"
15750,"3,17,18"
15751,"3,21,187"
15752,"296,169,306"
15753,"0,206,8"
15754,"17,3,18"
15755,"4,3"
15756,"3,4,200"
15757,"23,38,10"
15758,"40,131"
15759,"61,10,72"
15760,"44,10,45"
15761,"38,23,74"
15762,"0,26,23"
15763,"40,128,129"
15764,"3,21,40"
15765,"199,169,259"
15766,"224,3,41"
15767,"96,3,31"
15768,"32,31,23"
15769,"3,21"
15770,"3,21,200"
15771,"169,170,337"
15772,"38,309,23"
15773,"169,199,170"
15774,"0,271,265"
15775,"0,271,216"
15776,"206,0,8"
15777,"40,160,315"
15778,"10,402,44"
15779,"43,24,23"
15780,"171,170,169"
15781,"3,13,10"
15782,"346,0,313"
15783,"10,64"
15784,"3,21,4"
15785,"402,40,145"
15786,"26,23,38"
15787,"23,40,145"
15788,"3,21,200"
15789,"10,11,69"
15790,"10,64,93"
15791,"169,170,199"
15792,"3,86,85"
15793,"10,220,64"
15794,"0,8,220"
15795,"220,10"
15796,"3,21,200"
15797,"3,21,200"
15798,"4,3,331"
15799,"0,265,218"
15800,"10,220,221"
15801,"40,3,139"
15802,"3,21,200"
15803,"170,171,169"
15804,"3,523,147"
15805,"3,4"
15806,"0,40,128"
15807,"0,271,216"
15808,"3,169,187"
15809,"169,199,337"
15810,"40,145,402"
15811,"23,74,40"
15812,"21,3,40"
15813,"10,220"
15814,"224,41,40"
15815,"3,21,187"
15816,"199,169,170"
15817,"118,23,74"
15818,"169,170,31"
15819,"0,265,218"
15820,"10,11,72"
15821,"3,21,200"
15822,"10,23,72"
15823,"10,11,44"
15824,"199,169,259"
15825,"40,131"
15826,"23,38,24"
15827,"346,0,23"
15828,"169,199,26"
15829,"0,265,271"
15830,"3,21,200"
15831,"17,3,18"
15832,"3,21"
15833,"402,145,220"
15834,"10,23,25"
15835,"3,187,21"
15836,"23,84,74"
15837,"38,23,74"
15838,"40,184,131"
15839,"10,93,64"
15840,"169,199,170"
15841,"40,241,199"
15842,"169,337,3"
15843,"10,64,26"
15844,"15,3,16"
15845,"10,64"
15846,"11,10,72"
15847,"49,23,24"
15848,"10,64,11"
15849,"23,38,26"
15850,"38,23,10"
15851,"38,23,137"
15852,"3,40,21"
15853,"43,23,24"
15854,"171,170,169"
15855,"38,23"
15856,"146,40,145"
15857,"4,3"
15858,"3,21,200"
15859,"0,23,8"
15860,"26,231,23"
15861,"0,8,206"
15862,"49,24,23"
15863,"3,4"
15864,"220,10"
15865,"23,40,38"
15866,"0,265,10"
15867,"3,187,15"
15868,"0,271,216"
15869,"10,11,221"
15870,"40,160,315"
15871,"43,24,23"
15872,"49,23,24"
15873,"3,21"
15874,"0,271,216"
15875,"40,175,160"
15876,"0,271,313"
15877,"10,64,93"
15878,"23,40,131"
15879,"21,3,40"
15880,"40,23,287"
15881,"3,147,148"
15882,"0,265,271"
15883,"10,23,24"
15884,"49,23,24"
15885,"3,21,200"
15886,"23,26,89"
15887,"40,23,74"
15888,"323,10,169"
15889,"0,271,366"
15890,"3,21,200"
15891,"40,128,160"
15892,"3,4"
15893,"3,21,199"
15894,"0,211,212"
15895,"3,4"
15896,"40,3,139"
15897,"40,162,128"
15898,"0,235,8"
15899,"31,10,258"
15900,"23,26,350"
15901,"0,271,265"
15902,"402,44,10"
15903,"220,10"
15904,"0,265,271"
15905,"3,21,169"
15906,"23,38,74"
15907,"170,171,169"
15908,"3,21,200"
15909,"3,21,40"
15910,"26,23,231"
15911,"40,162,175"
15912,"0,216,211"
15913,"199,169,259"
15914,"3,300,21"
15915,"3,21,40"
15916,"40,135,141"
15917,"40,131"
15918,"0,271,265"
15919,"138,135,40"
15920,"206,8,0"
15921,"3,15,16"
15922,"10,64,93"
15923,"220,10"
15924,"220,10"
15925,"10,64,93"
15926,"40,131"
15927,"8,0,206"
15928,"3,21,200"
15929,"199,169,431"
15930,"10,64,93"
15931,"0,8,457"
15932,"3,21,40"
15933,"3,187,15"
15934,"49,23,24"
15935,"199,169,259"
15936,"10,11,23"
15937,"3,133,10"
15938,"10,402,220"
15939,"3,187,21"
15940,"169,199,8"
15941,"118,23,74"
15942,"40,131"
15943,"402,145,40"
15944,"199,169,251"
15945,"23,38,0"
15946,"3,147,148"
15947,"23,24,38"
15948,"38,23"
15949,"3,187,21"
15950,"199,0,169"
15951,"10,220,221"
15952,"40,41,21"
15953,"220,10"
15954,"402,40,145"
15955,"402,44,145"
15956,"3,21,200"
15957,"0,271,265"
15958,"40,160,135"
15959,"3,4"
15960,"3,21,40"
15961,"300,3,40"
15962,"0,265,271"
15963,"3,17,200"
15964,"3,15,16"
15965,"23,38,40"
15966,"3,21,200"
15967,"10,64,93"
15968,"0,206,8"
15969,"0,216,370"
15970,"74,40,23"
15971,"3,21,200"
15972,"169,199,3"
15973,"402,145,10"
15974,"220,10"
15975,"10,24,323"
15976,"23,24,43"
15977,"0,220,10"
15978,"3,200,15"
15979,"3,187,21"
15980,"402,145,10"
15981,"220,0,10"
15982,"0,271"
15983,"10,72,44"
15984,"0,271"
15985,"3,21,200"
15986,"220,10"
15987,"23,74,38"
15988,"0,3,265"
15989,"38,10,23"
15990,"3,21"
15991,"220,10"
15992,"10,160,315"
15993,"26,23,0"
15994,"402,44,10"
15995,"169,170,199"
15996,"10,11,69"
15997,"26,89,0"
15998,"3,21,200"
15999,"199,169,259"
16000,"315,40,160"
16001,"40,128,129"
16002,"10,64,448"
16003,"3,4,21"
16004,"402,145,40"
16005,"3,199,169"
16006,"43,23,24"
16007,"40,234,160"
16008,"170,171,169"
16009,"3,147,148"
16010,"0,271,360"
16011,"23,74,40"
16012,"40,224,41"
16013,"3,10,86"
16014,"3,21,200"
16015,"71,23,165"
16016,"0,271"
16017,"10,23,24"
16018,"40,146,145"
16019,"40,17,3"
16020,"199,259,169"
16021,"3,21,182"
16022,"3,21,200"
16023,"23,10,60"
16024,"169,199,170"
16025,"10,44,402"
16026,"220,10"
16027,"0,230,218"
16028,"3,21,40"
16029,"3,21,200"
16030,"10,64,93"
16031,"21,3,40"
16032,"10,64,323"
16033,"3,200,153"
16034,"0,271,265"
16035,"10,220"
16036,"0,169,216"
16037,"38,23,241"
16038,"10,0"
16039,"21,3,40"
16040,"0,8,218"
16041,"0,40,271"
16042,"3,21,200"
16043,"206,8,0"
16044,"15,3,16"
16045,"296,169,333"
16046,"40,21,187"
16047,"220,10,402"
16048,"3,200,21"
16049,"40,131,241"
16050,"10,402,44"
16051,"23,74,38"
16052,"138,40,135"
16053,"40,131"
16054,"32,31,23"
16055,"3,15,200"
16056,"169,199"
16057,"0,23,26"
16058,"40,41,128"
16059,"0,206,8"
16060,"220,10,31"
16061,"0,271,26"
16062,"3,4"
16063,"10,323,43"
16064,"3,21,200"
16065,"3,0,271"
16066,"3,40,10"
16067,"0,271"
16068,"3,21,200"
16069,"40,128,131"
16070,"0,271,216"
16071,"3,21,200"
16072,"3,17,10"
16073,"169,170,426"
16074,"118,107,74"
16075,"40,23,131"
16076,"160,315,40"
16077,"40,160,315"
16078,"0,271,218"
16079,"199,169"
16080,"0,271,218"
16081,"3,4,200"
16082,"26,89,23"
16083,"3,21,200"
16084,"10,64,80"
16085,"3,21,40"
16086,"3,21,17"
16087,"169,199,170"
16088,"40,131"
16089,"38,309,23"
16090,"309,38,23"
16091,"10,64,93"
16092,"3,4,200"
16093,"220,10,402"
16094,"0,26,231"
16095,"3,21,200"
16096,"206,0,8"
16097,"199,323,169"
16098,"23,26,38"
16099,"3,4"
16100,"0,271"
16101,"63,23,38"
16102,"0,235,8"
16103,"10,64,80"
16104,"3,147,156"
16105,"3,0,21"
16106,"38,23,309"
16107,"0,3,331"
16108,"220,10"
16109,"3,147,148"
16110,"23,38,74"
16111,"3,21,17"
16112,"271,0,456"
16113,"10,402,221"
16114,"3,21,200"
16115,"0,8,206"
16116,"220,10"
16117,"10,64,448"
16118,"10,11,69"
16119,"23,38,74"
16120,"40,131,134"
16121,"3,13,120"
16122,"40,3,169"
16123,"13,3,204"
16124,"0,271,366"
16125,"3,21,187"
16126,"0,271,216"
16127,"199,259,169"
16128,"23,74,38"
16129,"171,170,169"
16130,"10,0,220"
16131,"24,43,23"
16132,"0,211,26"
16133,"3,4,183"
16134,"0,271"
16135,"199,169,187"
16136,"40,169,128"
16137,"10,220"
16138,"3,21,40"
16139,"10,11,69"
16140,"3,21,15"
16141,"49,23,24"
16142,"23,26,38"
16143,"31,40,0"
16144,"0,271"
16145,"40,131"
16146,"10,220,221"
16147,"74,118,259"
16148,"43,24,181"
16149,"10,220,221"
16150,"24,43,23"
16151,"3,21,200"
16152,"43,24,23"
16153,"169,251,199"
16154,"0,346,26"
16155,"3,21,4"
16156,"3,21,148"
16157,"3,17,18"
16158,"10,44,11"
16159,"40,3,21"
16160,"3,21,148"
16161,"220,10"
16162,"3,21,40"
16163,"38,23,24"
16164,"3,21,200"
16165,"206,0,8"
16166,"10,64"
16167,"3,17,18"
16168,"3,4,200"
16169,"10,64,448"
16170,"402,10,0"
16171,"26,350,0"
16172,"3,147,148"
16173,"0,216,271"
16174,"3,148,21"
16175,"431,199,135"
16176,"0,271,216"
16177,"3,21,187"
16178,"0,3,21"
16179,"0,8,26"
16180,"10,234,296"
16181,"3,187,21"
16182,"3,147,21"
16183,"169,199,0"
16184,"43,24,23"
16185,"10,64,11"
16186,"3,4,200"
16187,"199,169,38"
16188,"23,38,24"
16189,"3,21,200"
16190,"23,74,118"
16191,"10,64,11"
16192,"10,11,69"
16193,"10,24,43"
16194,"0,10,216"
16195,"3,21,200"
16196,"40,128,131"
16197,"3,0,21"
16198,"3,21,200"
16199,"24,43,23"
16200,"23,38,24"
16201,"10,64,80"
16202,"199,169,251"
16203,"3,21,200"
16204,"3,21,200"
16205,"0,271"
16206,"40,128,130"
16207,"3,21,200"
16208,"10,11,72"
16209,"3,21,4"
16210,"15,16,3"
16211,"3,4,375"
16212,"3,4,200"
16213,"169,417,170"
16214,"199,169,259"
16215,"10,64,0"
16216,"23,38,32"
16217,"3,21,148"
16218,"402,145,40"
16219,"3,21,200"
16220,"0,235,8"
16221,"3,21,200"
16222,"402,49,10"
16223,"3,86,85"
16224,"10,40,64"
16225,"3,40,21"
16226,"40,131,128"
16227,"0,206,8"
16228,"3,147,148"
16229,"23,49,38"
16230,"3,13,21"
16231,"23,49,24"
16232,"3,15,21"
16233,"10,64,44"
16234,"10,11,64"
16235,"40,160,23"
16236,"23,24,43"
16237,"10,64,448"
16238,"10,3,17"
16239,"169,170,199"
16240,"169,199,323"
16241,"3,4,21"
16242,"199,169,323"
16243,"169,199,0"
16244,"199,169,323"
16245,"3,40,111"
16246,"10,44,40"
16247,"3,21"
16248,"169,170,199"
16249,"74,23,40"
16250,"220,10"
16251,"0,216"
16252,"40,160,315"
16253,"3,21,187"
16254,"3,4,200"
16255,"199,49,169"
16256,"3,200,21"
16257,"10,220,23"
16258,"171,170,169"
16259,"3,21,40"
16260,"0,271,216"
16261,"3,17,21"
16262,"0,10,509"
16263,"3,21,224"
16264,"170,171,169"
16265,"10,64,80"
16266,"0,169,170"
16267,"3,21,182"
16268,"0,265,271"
16269,"199,323,169"
16270,"23,169,38"
16271,"40,131,241"
16272,"23,10,38"
16273,"10,64,93"
16274,"3,4"
16275,"169,199,3"
16276,"3,21,200"
16277,"3,4,5"
16278,"0,216,271"
16279,"160,40,315"
16280,"23,10,44"
16281,"3,21,200"
16282,"32,31,23"
16283,"0,216"
16284,"3,182,21"
16285,"23,40,10"
16286,"40,160,128"
16287,"40,128,131"
16288,"3,21,182"
16289,"43,23,24"
16290,"10,93,64"
16291,"199,169,323"
16292,"10,24,60"
16293,"40,241,131"
16294,"199,323,169"
16295,"23,26,38"
16296,"220,10"
16297,"402,0,40"
16298,"40,23,131"
16299,"40,131"
16300,"40,3,153"
16301,"40,135,139"
16302,"10,64,11"
16303,"10,220,0"
16304,"0,8,235"
16305,"40,160,315"
16306,"0,206,8"
16307,"3,187,21"
16308,"0,26,10"
16309,"3,21,40"
16310,"3,21,200"
16311,"10,73,44"
16312,"3,21,200"
16313,"10,40,23"
16314,"3,21,200"
16315,"10,64,80"
16316,"3,17,21"
16317,"10,11,69"
16318,"10,44,23"
16319,"10,64,93"
16320,"23,38,24"
16321,"8,0,128"
16322,"43,24,23"
16323,"0,271"
16324,"187,3,21"
16325,"3,15,200"
16326,"0,10,220"
16327,"0,26,23"
16328,"3,21,200"
16329,"3,4"
16330,"0,26,346"
16331,"138,40,135"
16332,"40,160,131"
16333,"23,38,10"
16334,"169,199,170"
16335,"23,38,0"
16336,"3,21,200"
16337,"0,216,271"
16338,"8,0,206"
16339,"3,21,200"
16340,"3,21,301"
16341,"10,31,258"
16342,"0,216,271"
16343,"0,8,26"
16344,"160,315,40"
16345,"40,224,41"
16346,"40,417,3"
16347,"402,145,40"
16348,"40,131,134"
16349,"10,64,93"
16350,"0,211,216"
16351,"23,38,74"
16352,"23,31,10"
16353,"0,128,40"
16354,"10,64,24"
16355,"0,40,169"
16356,"10,220,221"
16357,"169,0,170"
16358,"40,131"
16359,"431,199,135"
16360,"3,4"
16361,"10,64,80"
16362,"40,131,41"
16363,"3,4,200"
16364,"220,10"
16365,"10,220"
16366,"3,21"
16367,"0,216,211"
16368,"3,21,200"
16369,"49,24,23"
16370,"160,40,315"
16371,"32,31,3"
16372,"199,169,148"
16373,"0,271,216"
16374,"169,170,0"
16375,"170,171,169"
16376,"23,38,74"
16377,"3,523,53"
16378,"23,38,74"
16379,"169,170,0"
16380,"40,41,224"
16381,"23,26,0"
16382,"3,200,4"
16383,"3,21"
16384,"0,271,216"
16385,"10,64,24"
16386,"63,23,38"
16387,"38,23"
16388,"169,199,170"
16389,"169,199,0"
16390,"10,402,145"
16391,"10,64,80"
16392,"199,169,10"
16393,"160,315,40"
16394,"3,21,200"
16395,"40,131,145"
16396,"3,4"
16397,"402,10,145"
16398,"10,49,0"
16399,"0,271,456"
16400,"0,3,10"
16401,"10,64,93"
16402,"40,162,131"
16403,"199,259,169"
16404,"3,21,187"
16405,"40,118,141"
16406,"23,74,346"
16407,"10,64,80"
16408,"0,206,8"
16409,"26,0,23"
16410,"0,206,8"
16411,"3,21"
16412,"220,10"
16413,"0,26,8"
16414,"72,38,23"
16415,"0,216,271"
16416,"169,199,251"
16417,"3,21,40"
16418,"16,3,15"
16419,"231,206,8"
16420,"10,23,11"
16421,"40,131,160"
16422,"3,17,21"
16423,"32,23,31"
16424,"3,21,200"
16425,"220,10"
16426,"0,271,216"
16427,"3,4,435"
16428,"3,21,40"
16429,"23,38,26"
16430,"3,4,200"
16431,"402,10,44"
16432,"138,135,40"
16433,"40,402,145"
16434,"40,160,315"
16435,"3,5,21"
16436,"0,211,212"
16437,"145,23,146"
16438,"3,21,200"
16439,"10,220,40"
16440,"118,23,74"
16441,"49,23,24"
16442,"26,231,0"
16443,"10,220,402"
16444,"3,21,200"
16445,"199,169,40"
16446,"3,4,375"
16447,"10,23,38"
16448,"10,11,221"
16449,"23,84,74"
16450,"10,11"
16451,"3,17,21"
16452,"4,3,7"
16453,"160,40,315"
16454,"71,23,74"
16455,"3,21,182"
16456,"3,21,200"
16457,"128,40,129"
16458,"23,24,43"
16459,"3,118,23"
16460,"10,11,72"
16461,"3,148,147"
16462,"3,21,199"
16463,"10,44,402"
16464,"10,64,220"
16465,"169,296,170"
16466,"40,128,130"
16467,"40,131,184"
16468,"0,402,145"
16469,"40,146,145"
16470,"71,10,23"
16471,"26,231,0"
16472,"3,200,300"
16473,"23,10,38"
16474,"4,3"
16475,"40,160,315"
16476,"0,216,211"
16477,"23,38,74"
16478,"402,40,328"
16479,"169,199,170"
16480,"4,3,375"
16481,"43,24,23"
16482,"241,40,38"
16483,"40,135,41"
16484,"3,21,187"
16485,"199,431,169"
16486,"3,182,21"
16487,"169,337,170"
16488,"23,74,40"
16489,"296,169"
16490,"206,8,0"
16491,"10,64,93"
16492,"3,21,200"
16493,"199,169,251"
16494,"199,169,259"
16495,"169,199,40"
16496,"3,21,200"
16497,"3,21,187"
16498,"3,21,17"
16499,"40,128,131"
16500,"0,271,291"
16501,"23,24,43"
16502,"40,3,41"
16503,"10,64,93"
16504,"23,38,10"
16505,"3,21,200"
16506,"10,11"
16507,"3,287,0"
16508,"3,21,4"
16509,"3,21,200"
16510,"0,169,271"
16511,"43,24,23"
16512,"220,10"
16513,"199,169,259"
16514,"3,187,21"
16515,"10,239,60"
16516,"40,10,31"
16517,"3,21,148"
16518,"10,11,72"
16519,"40,131,23"
16520,"40,184,185"
16521,"3,21,40"
16522,"3,17,18"
16523,"3,21,200"
16524,"169,199,170"
16525,"10,11"
16526,"169,3,199"
16527,"0,169,271"
16528,"0,271,216"
16529,"43,23,24"
16530,"10,11"
16531,"0,211,216"
16532,"15,3,16"
16533,"0,402,10"
16534,"220,10"
16535,"271,0,456"
16536,"3,17,200"
16537,"40,3,41"
16538,"3,4"
16539,"23,118,514"
16540,"40,131,134"
16541,"10,11"
16542,"3,187,21"
16543,"0,346,313"
16544,"3,15,21"
16545,"308,38,23"
16546,"10,11,69"
16547,"171,170,169"
16548,"40,0,131"
16549,"0,216,218"
16550,"128,40,129"
16551,"3,21,40"
16552,"23,24,38"
16553,"169,170,171"
16554,"3,21,187"
16555,"241,40,131"
16556,"0,271"
16557,"10,11,69"
16558,"49,23,24"
16559,"3,169,21"
16560,"40,131"
16561,"49,23,24"
16562,"170,171,169"
16563,"0,265,216"
16564,"3,21,187"
16565,"138,40,135"
16566,"3,17,18"
16567,"199,169,0"
16568,"32,31,23"
16569,"0,216,271"
16570,"220,10"
16571,"220,10"
16572,"3,147,148"
16573,"107,296,169"
16574,"0,271,169"
16575,"220,10,221"
16576,"10,23,40"
16577,"169,170,417"
16578,"44,10,23"
16579,"170,171,169"
16580,"10,220"
16581,"26,23,350"
16582,"0,271,216"
16583,"40,23,402"
16584,"3,169,4"
16585,"23,74,38"
16586,"23,49,24"
16587,"10,23,38"
16588,"23,38,24"
16589,"0,271,456"
16590,"0,216,271"
16591,"10,220,221"
16592,"40,3,41"
16593,"23,38,105"
16594,"199,169,251"
16595,"3,21,187"
16596,"0,271,265"
16597,"0,23,38"
16598,"3,21,200"
16599,"23,38,10"
16600,"40,21,241"
16601,"71,23,38"
16602,"40,23,24"
16603,"40,131,128"
16604,"3,21,200"
16605,"40,184,131"
16606,"40,131,241"
16607,"43,23,24"
16608,"23,38,10"
16609,"10,64,93"
16610,"199,169,170"
16611,"0,265,271"
16612,"3,40,21"
16613,"23,31,38"
16614,"3,4,200"
16615,"40,162,128"
16616,"23,74,118"
16617,"10,64,93"
16618,"8,0,26"
16619,"0,271,40"
16620,"40,160,315"
16621,"10,64,239"
16622,"107,23,74"
16623,"49,23,38"
16624,"199,169,251"
16625,"23,38,26"
16626,"296,169,123"
16627,"3,21,148"
16628,"220,10"
16629,"3,13,10"
16630,"40,146,175"
16631,"43,24,23"
16632,"8,0,206"
16633,"0,271"
16634,"10,64,3"
16635,"3,40,21"
16636,"23,38,40"
16637,"26,23,0"
16638,"40,160,315"
16639,"4,3,0"
16640,"40,160,315"
16641,"3,21,200"
16642,"40,160,315"
16643,"3,148,147"
16644,"220,10"
16645,"199,169,374"
16646,"0,271,265"
16647,"38,23,309"
16648,"26,23,89"
16649,"40,131,241"
16650,"40,139,3"
16651,"40,128,41"
16652,"0,271,216"
16653,"23,31,74"
16654,"0,216,265"
16655,"23,74,38"
16656,"3,21,200"
16657,"3,48,21"
16658,"0,206,8"
16659,"3,4"
16660,"40,346,169"
16661,"0,265,271"
16662,"40,131"
16663,"0,271,366"
16664,"170,171,169"
16665,"38,23,74"
16666,"40,131,184"
16667,"40,128,129"
16668,"23,74,38"
16669,"3,21,115"
16670,"0,8,206"
16671,"40,131"
16672,"231,26,0"
16673,"10,11,69"
16674,"38,23,74"
16675,"10,64,323"
16676,"0,216,271"
16677,"3,21,200"
16678,"26,23,38"
16679,"0,216,271"
16680,"10,64,93"
16681,"309,38,23"
16682,"3,17,21"
16683,"0,211,216"
16684,"0,216,235"
16685,"40,3,10"
16686,"0,211,216"
16687,"3,4,200"
16688,"118,23,74"
16689,"23,38,3"
16690,"128,40,129"
16691,"10,64,448"
16692,"23,38,24"
16693,"3,21,200"
16694,"402,145,40"
16695,"10,44,73"
16696,"10,0,265"
16697,"96,23,31"
16698,"3,21,200"
16699,"10,24,23"
16700,"23,0,26"
16701,"23,38,24"
16702,"187,3,21"
16703,"3,40,13"
16704,"220,10"
16705,"40,241,131"
16706,"199,169,343"
16707,"170,169,3"
16708,"40,128,129"
16709,"199,169,10"
16710,"3,17,18"
16711,"346,40,128"
16712,"3,21,200"
16713,"169,170,199"
16714,"49,23,24"
16715,"10,64,323"
16716,"402,145,40"
16717,"3,4"
16718,"23,26,0"
16719,"10,64,323"
16720,"10,11,64"
16721,"0,169,216"
16722,"169,337,170"
16723,"40,160,196"
16724,"0,235,8"
16725,"170,169,171"
16726,"23,105,38"
16727,"169,337,170"
16728,"169,0,170"
16729,"346,313,0"
16730,"10,11,221"
16731,"199,169,251"
16732,"3,4,15"
16733,"44,23,10"
16734,"0,40,346"
16735,"3,4"
16736,"40,224,41"
16737,"3,169,200"
16738,"199,169,259"
16739,"169,337,274"
16740,"402,145,40"
16741,"38,23,74"
16742,"0,8,206"
16743,"3,21,40"
16744,"3,4,21"
16745,"3,21,200"
16746,"10,11"
16747,"26,23,231"
16748,"0,8,235"
16749,"38,23,137"
16750,"170,169,171"
16751,"40,3,13"
16752,"199,169"
16753,"26,0,346"
16754,"26,23,89"
16755,"3,4,227"
16756,"3,111,112"
16757,"199,169,431"
16758,"402,44,10"
16759,"3,21,13"
16760,"3,4"
16761,"23,74,31"
16762,"23,26,74"
16763,"199,169,259"
16764,"3,4,15"
16765,"128,40,129"
16766,"3,4,200"
16767,"199,169"
16768,"3,21,200"
16769,"10,11,220"
16770,"118,23,74"
16771,"171,170,169"
16772,"3,21,187"
16773,"199,169,251"
16774,"160,315,40"
16775,"0,271,211"
16776,"10,64,24"
16777,"23,38,10"
16778,"38,23,26"
16779,"23,38,74"
16780,"3,21,200"
16781,"23,74,118"
16782,"10,23,44"
16783,"3,148,147"
16784,"23,3,182"
16785,"3,40,21"
16786,"169,199,337"
16787,"3,21,200"
16788,"3,147,148"
16789,"169,170,337"
16790,"40,135,236"
16791,"3,13,21"
16792,"40,131,23"
16793,"10,220"
16794,"3,17,21"
16795,"3,21,200"
16796,"40,131,134"
16797,"199,169,0"
16798,"23,0,26"
16799,"10,64,80"
16800,"0,8,206"
16801,"10,220,221"
16802,"3,21,200"
16803,"3,200,148"
16804,"3,4,170"
16805,"3,21,200"
16806,"21,40,3"
16807,"3,21,200"
16808,"10,13,3"
16809,"10,64,93"
16810,"40,131"
16811,"199,259,169"
16812,"23,24,43"
16813,"38,309,23"
16814,"23,38,26"
16815,"40,131,23"
16816,"0,271,216"
16817,"169,199,259"
16818,"128,40,129"
16819,"10,11,72"
16820,"170,169,171"
16821,"40,241,131"
16822,"3,170,21"
16823,"3,21,200"
16824,"3,21,40"
16825,"160,315,40"
16826,"40,241,162"
16827,"3,147,200"
16828,"3,21,200"
16829,"23,38,169"
16830,"199,431,169"
16831,"0,8,26"
16832,"23,24,40"
16833,"38,23"
16834,"8,26,308"
16835,"3,21,123"
16836,"171,170,169"
16837,"138,169,135"
16838,"3,21,200"
16839,"199,431,169"
16840,"3,23,74"
16841,"23,38,74"
16842,"23,24,43"
16843,"431,199,40"
16844,"3,21"
16845,"3,15,200"
16846,"199,169,251"
16847,"40,131,241"
16848,"40,131"
16849,"0,206,8"
16850,"0,271"
16851,"0,169,271"
16852,"0,271,366"
16853,"220,10"
16854,"10,11"
16855,"3,15,523"
16856,"10,506,221"
16857,"10,323,60"
16858,"10,24,23"
16859,"3,17,15"
16860,"40,131"
16861,"40,131"
16862,"40,131,162"
16863,"23,10,24"
16864,"0,216,271"
16865,"0,26,231"
16866,"11,10,69"
16867,"3,4"
16868,"0,206,8"
16869,"10,64,448"
16870,"3,15,21"
16871,"3,40,224"
16872,"10,64,93"
16873,"3,17,18"
16874,"10,11,221"
16875,"10,25,23"
16876,"199,169,223"
16877,"23,345,38"
16878,"220,0,10"
16879,"3,21,187"
16880,"23,10,24"
16881,"10,11"
16882,"3,21,367"
16883,"4,331,5"
16884,"10,3,11"
16885,"0,216,271"
16886,"3,21,200"
16887,"15,16,3"
16888,"15,16,3"
16889,"0,271,265"
16890,"3,21,148"
16891,"23,38,24"
16892,"169,170,337"
16893,"0,265,218"
16894,"40,3,41"
16895,"0,271,456"
16896,"3,147,148"
16897,"0,169,251"
16898,"220,10"
16899,"40,10,23"
16900,"3,182,21"
16901,"10,402,23"
16902,"135,138,295"
16903,"0,8,235"
16904,"3,21,0"
16905,"4,3"
16906,"3,21,200"
16907,"220,10,221"
16908,"3,147,148"
16909,"23,10,38"
16910,"21,3,40"
16911,"10,64,93"
16912,"10,44,23"
16913,"0,271,216"
16914,"4,3"
16915,"0,271,218"
16916,"169,170,337"
16917,"38,23,10"
16918,"3,200,21"
16919,"23,175,38"
16920,"402,145,40"
16921,"23,74,118"
16922,"3,187,21"
16923,"199,259,169"
16924,"11,10,69"
16925,"0,271,26"
16926,"0,271"
16927,"0,271,265"
16928,"10,64,80"
16929,"170,171,169"
16930,"38,23"
16931,"10,220,25"
16932,"0,216,271"
16933,"3,40,184"
16934,"3,170,169"
16935,"23,105,38"
16936,"169,170,337"
16937,"43,24,23"
16938,"204,3,13"
16939,"0,346,313"
16940,"169,199,251"
16941,"402,44,23"
16942,"220,10,221"
16943,"23,26,38"
16944,"43,24,23"
16945,"220,10,508"
16946,"128,40,130"
16947,"3,17,21"
16948,"3,17,4"
16949,"0,346,40"
16950,"169,337,170"
16951,"23,38,31"
16952,"118,23,74"
16953,"40,0,128"
16954,"43,24,23"
16955,"0,265,216"
16956,"0,271,456"
16957,"3,17,21"
16958,"169,170,171"
16959,"220,10"
16960,"3,169,21"
16961,"3,234,53"
16962,"10,220,221"
16963,"3,21,28"
16964,"0,26,23"
16965,"43,24,23"
16966,"38,23,175"
16967,"328,31,40"
16968,"169,199,170"
16969,"3,21,187"
16970,"11,10,205"
16971,"3,40,21"
16972,"10,3,323"
16973,"0,169,230"
16974,"23,49,24"
16975,"0,8,26"
16976,"3,21,40"
16977,"220,10,221"
16978,"40,131,134"
16979,"49,23,24"
16980,"3,13,200"
16981,"40,131,145"
16982,"10,64,80"
16983,"10,23,38"
16984,"175,23,38"
16985,"32,199,169"
16986,"10,64,80"
16987,"3,4,435"
16988,"40,3,21"
16989,"128,129,40"
16990,"0,271,216"
16991,"3,21,147"
16992,"3,169,182"
16993,"40,131,23"
16994,"24,43,23"
16995,"23,24,10"
16996,"3,13,204"
16997,"3,15,16"
16998,"220,10"
16999,"0,40,328"
17000,"0,271"
17001,"188,15,16"
17002,"199,169,170"
17003,"3,21,200"
17004,"40,160,3"
17005,"169,128,170"
17006,"40,23,38"
17007,"32,3,31"
17008,"3,10,16"
17009,"10,220,221"
17010,"96,31,23"
17011,"169,170,274"
17012,"3,21,200"
17013,"10,64,145"
17014,"3,53,200"
17015,"199,169,23"
17016,"3,15,4"
17017,"199,323,169"
17018,"23,43,24"
17019,"3,300,38"
17020,"3,40,147"
17021,"402,23,10"
17022,"169,199,3"
17023,"23,38,26"
17024,"0,216,8"
17025,"169,10,23"
17026,"3,21,200"
17027,"43,24,23"
17028,"40,21,3"
17029,"3,21,200"
17030,"199,169,259"
17031,"40,128,129"
17032,"23,43,24"
17033,"40,131,128"
17034,"26,23,89"
17035,"10,44,23"
17036,"40,184,131"
17037,"3,148,147"
17038,"3,4,200"
17039,"10,220,64"
17040,"10,11,24"
17041,"3,4"
17042,"3,15,16"
17043,"3,96,40"
17044,"0,216,211"
17045,"3,199,169"
17046,"199,169,259"
17047,"10,64,93"
17048,"271,0,456"
17049,"3,21,200"
17050,"32,23,31"
17051,"0,26,231"
17052,"0,8,26"
17053,"10,64,11"
17054,"169,3,199"
17055,"3,38,23"
17056,"10,64"
17057,"3,21,40"
17058,"199,169,251"
17059,"271,0"
17060,"3,21,200"
17061,"10,323,64"
17062,"0,271,216"
17063,"3,4"
17064,"0,271,216"
17065,"3,21,187"
17066,"3,21,200"
17067,"40,131"
17068,"3,21,200"
17069,"3,187,21"
17070,"0,271,366"
17071,"23,24,10"
17072,"169,323,199"
17073,"10,0,216"
17074,"107,38,23"
17075,"3,111,112"
17076,"10,64,93"
17077,"10,11"
17078,"23,118,74"
17079,"3,4"
17080,"169,199,170"
17081,"10,64,11"
17082,"23,40,402"
17083,"23,74,38"
17084,"40,241,131"
17085,"3,21,182"
17086,"10,64,448"
17087,"32,23,31"
17088,"3,21,40"
17089,"40,23,3"
17090,"40,145,146"
17091,"3,13,204"
17092,"3,21,200"
17093,"23,38,40"
17094,"296,169,31"
17095,"4,3"
17096,"128,40,129"
17097,"3,21,40"
17098,"220,10"
17099,"199,3,169"
17100,"3,21,200"
17101,"170,169,171"
17102,"169,199,0"
17103,"169,199,0"
17104,"3,200,21"
17105,"169,199,0"
17106,"10,402,145"
17107,"271,0,456"
17108,"23,40,10"
17109,"40,131"
17110,"3,4,0"
17111,"23,74,118"
17112,"3,21,182"
17113,"3,21,200"
17114,"3,4"
17115,"40,241,131"
17116,"38,23,10"
17117,"3,21,200"
17118,"0,265,271"
17119,"0,271,216"
17120,"26,23,89"
17121,"10,44,45"
17122,"160,40,315"
17123,"160,315,40"
17124,"10,220,221"
17125,"15,16,3"
17126,"169,199,0"
17127,"170,169,171"
17128,"23,74,38"
17129,"169,0,199"
17130,"10,199,23"
17131,"188,4,3"
17132,"38,23,39"
17133,"43,24,23"
17134,"23,24,43"
17135,"0,8,218"
17136,"0,271,265"
17137,"10,11,221"
17138,"0,271,26"
17139,"3,21"
17140,"3,199,187"
17141,"3,4,21"
17142,"23,26,38"
17143,"3,187,21"
17144,"40,131"
17145,"40,131,3"
17146,"3,21,200"
17147,"0,211,212"
17148,"3,4,375"
17149,"129,128,40"
17150,"220,10"
17151,"24,10,23"
17152,"3,21,200"
17153,"0,271,313"
17154,"3,21,200"
17155,"10,11,69"
17156,"43,24,23"
17157,"199,169,251"
17158,"0,271,216"
17159,"160,40,315"
17160,"402,0,40"
17161,"3,21,187"
17162,"0,8,211"
17163,"43,24,323"
17164,"10,44,23"
17165,"0,38,26"
17166,"3,4,200"
17167,"43,24,23"
17168,"3,21,17"
17169,"43,24,23"
17170,"3,4,10"
17171,"10,230,229"
17172,"49,23,24"
17173,"402,23,94"
17174,"10,38,220"
17175,"128,40,129"
17176,"10,64,93"
17177,"3,21"
17178,"199,169,323"
17179,"40,160,315"
17180,"40,160,315"
17181,"10,220"
17182,"402,10,23"
17183,"199,169,281"
17184,"10,64,93"
17185,"199,169,259"
17186,"3,21,200"
17187,"0,271,8"
17188,"40,135,139"
17189,"169,337,170"
17190,"10,11"
17191,"138,40,135"
17192,"0,31,23"
17193,"84,23,74"
17194,"220,10"
17195,"199,169,160"
17196,"23,74,38"
17197,"10,0,313"
17198,"3,21,170"
17199,"0,206,8"
17200,"40,10,23"
17201,"3,21,200"
17202,"3,199,169"
17203,"220,10"
17204,"0,8,206"
17205,"10,11"
17206,"0,271,216"
17207,"170,169,171"
17208,"3,147,148"
17209,"40,135,141"
17210,"3,21,200"
17211,"26,23,350"
17212,"199,241,40"
17213,"10,220"
17214,"402,44,145"
17215,"23,74,38"
17216,"40,131,23"
17217,"0,8,206"
17218,"3,21,148"
17219,"3,4"
17220,"38,23"
17221,"21,3"
17222,"10,11,69"
17223,"3,187,21"
17224,"3,17,21"
17225,"3,21,200"
17226,"38,23,220"
17227,"10,64,80"
17228,"40,131,23"
17229,"3,21"
17230,"43,24,23"
17231,"23,40,74"
17232,"199,169,251"
17233,"3,169,111"
17234,"160,40,315"
17235,"32,3,40"
17236,"3,21"
17237,"199,169,251"
17238,"23,118,74"
17239,"10,64,448"
17240,"3,5,133"
17241,"3,21"
17242,"169,170,199"
17243,"3,4"
17244,"43,24,23"
17245,"220,10"
17246,"10,24,72"
17247,"49,24,402"
17248,"3,21,199"
17249,"3,21,200"
17250,"10,40,220"
17251,"10,3,15"
17252,"40,224,41"
17253,"38,23,137"
17254,"0,38,26"
17255,"23,38,74"
17256,"40,3,21"
17257,"74,23,38"
17258,"169,199,251"
17259,"3,21,200"
17260,"170,169,3"
17261,"40,31,17"
17262,"10,24,43"
17263,"3,21,200"
17264,"38,23,137"
17265,"26,23,0"
17266,"10,93,64"
17267,"171,170,169"
17268,"0,216,271"
17269,"40,41,128"
17270,"4,3,19"
17271,"24,43,23"
17272,"199,169,3"
17273,"3,21,200"
17274,"40,134,131"
17275,"231,26,10"
17276,"23,38,26"
17277,"0,8,391"
17278,"169,170,417"
17279,"169,296,170"
17280,"3,147,148"
17281,"23,74,3"
17282,"26,23,0"
17283,"3,523,53"
17284,"0,271,216"
17285,"0,26,8"
17286,"0,8,206"
17287,"44,23,10"
17288,"3,21,200"
17289,"40,41,128"
17290,"199,169,343"
17291,"3,21,200"
17292,"3,21,200"
17293,"220,10"
17294,"3,148,147"
17295,"3,21,41"
17296,"10,220"
17297,"169,199,251"
17298,"0,271,327"
17299,"10,11"
17300,"74,23,165"
17301,"38,23,74"
17302,"169,3,199"
17303,"169,3,0"
17304,"169,0,3"
17305,"10,64,11"
17306,"3,21,187"
17307,"38,309,23"
17308,"40,160"
17309,"199,169,0"
17310,"3,17,187"
17311,"3,21,200"
17312,"10,220"
17313,"3,15,200"
17314,"4,3,7"
17315,"40,135,141"
17316,"10,64,93"
17317,"23,38,74"
17318,"220,10,221"
17319,"3,4"
17320,"3,200,4"
17321,"0,265,271"
17322,"3,21,187"
17323,"23,96,10"
17324,"3,21,187"
17325,"402,10,145"
17326,"3,21,200"
17327,"3,21,5"
17328,"40,160,315"
17329,"0,216,265"
17330,"23,24,40"
17331,"74,23,38"
17332,"17,3,18"
17333,"23,24,10"
17334,"38,23,0"
17335,"220,10"
17336,"3,13,21"
17337,"10,64,11"
17338,"0,271,216"
17339,"10,64,448"
17340,"40,160,184"
17341,"23,74,38"
17342,"402,145,10"
17343,"23,38,24"
17344,"169,199,426"
17345,"24,49,23"
17346,"40,131"
17347,"0,40,8"
17348,"402,40,145"
17349,"23,38,10"
17350,"38,23,10"
17351,"3,147,148"
17352,"135,40,23"
17353,"23,38,74"
17354,"0,206,8"
17355,"0,271,456"
17356,"10,64,93"
17357,"10,64,11"
17358,"23,74,38"
17359,"38,23,241"
17360,"40,23,74"
17361,"23,49,24"
17362,"43,24,23"
17363,"0,216,271"
17364,"3,21,199"
17365,"3,21,200"
17366,"118,23,231"
17367,"40,135,184"
17368,"24,23,43"
17369,"40,128,130"
17370,"138,135,40"
17371,"10,220,24"
17372,"10,64,221"
17373,"26,23,38"
17374,"23,38,74"
17375,"220,10"
17376,"0,271,265"
17377,"40,160,131"
17378,"0,169,170"
17379,"40,131"
17380,"0,216,211"
17381,"3,188,15"
17382,"169,199,402"
17383,"23,74,38"
17384,"49,24,23"
17385,"11,69,10"
17386,"199,169,49"
17387,"220,10,221"
17388,"40,128,41"
17389,"3,15,275"
17390,"234,10,60"
17391,"40,160,184"
17392,"40,146,145"
17393,"220,10"
17394,"220,10"
17395,"199,169,323"
17396,"3,21,200"
17397,"3,300,53"
17398,"11,10,69"
17399,"40,131"
17400,"3,21,200"
17401,"40,224,41"
17402,"43,23,24"
17403,"23,38,105"
17404,"24,43,10"
17405,"26,231,0"
17406,"40,21,187"
17407,"26,231,23"
17408,"32,31,23"
17409,"199,169,323"
17410,"49,23,24"
17411,"3,21,200"
17412,"10,220"
17413,"43,24,23"
17414,"118,23,74"
17415,"40,141,135"
17416,"0,206,8"
17417,"0,8,206"
17418,"31,328,23"
17419,"3,4"
17420,"160,40,315"
17421,"23,43,32"
17422,"40,131,184"
17423,"10,64,11"
17424,"3,21,200"
17425,"10,64,80"
17426,"402,23,145"
17427,"43,23,24"
17428,"138,135,40"
17429,"43,23,24"
17430,"10,38,23"
17431,"0,216,313"
17432,"169,170,199"
17433,"32,31,23"
17434,"3,21,40"
17435,"3,170,169"
17436,"3,21,200"
17437,"199,169,10"
17438,"402,40,10"
17439,"169,170,199"
17440,"402,44,10"
17441,"271,0,366"
17442,"40,23,38"
17443,"3,21,200"
17444,"0,235,8"
17445,"3,40,111"
17446,"0,8,235"
17447,"3,199,169"
17448,"23,26,38"
17449,"3,4,19"
17450,"0,271,216"
17451,"23,74,38"
17452,"402,145,40"
17453,"199,169,251"
17454,"3,21,200"
17455,"26,0,23"
17456,"3,147,148"
17457,"0,271"
17458,"61,60,72"
17459,"0,265,10"
17460,"10,220"
17461,"40,128,130"
17462,"40,184,131"
17463,"10,220"
17464,"3,21,200"
17465,"199,169"
17466,"346,23,26"
17467,"3,4,200"
17468,"3,112,200"
17469,"23,38,74"
17470,"40,131,241"
17471,"73,10,44"
17472,"40,131,160"
17473,"10,64,80"
17474,"10,11,69"
17475,"23,38,107"
17476,"23,38,74"
17477,"169,199,426"
17478,"23,38,32"
17479,"10,220,0"
17480,"10,220"
17481,"3,21"
17482,"23,38,10"
17483,"220,10"
17484,"10,64,80"
17485,"0,220,10"
17486,"40,135,295"
17487,"23,74,10"
17488,"3,15,4"
17489,"0,271,216"
17490,"40,160,23"
17491,"234,10,60"
17492,"40,131,160"
17493,"3,4"
17494,"3,21,40"
17495,"169,199,426"
17496,"10,64,323"
17497,"38,23"
17498,"3,21,200"
17499,"3,40,21"
17500,"3,4,188"
17501,"40,41,128"
17502,"0,216,313"
17503,"10,64,93"
17504,"3,21,40"
17505,"0,271,3"
17506,"0,235,8"
17507,"0,8,216"
17508,"10,24,43"
17509,"3,13,21"
17510,"10,11"
17511,"40,131,231"
17512,"296,169,123"
17513,"10,64,11"
17514,"3,21,5"
17515,"40,160,199"
17516,"23,10,31"
17517,"3,21"
17518,"0,271,216"
17519,"40,23,74"
17520,"138,135,40"
17521,"3,21,148"
17522,"3,0,21"
17523,"10,64,40"
17524,"0,265,216"
17525,"40,131,241"
17526,"220,10"
17527,"3,4,200"
17528,"0,271,216"
17529,"40,131"
17530,"0,8"
17531,"199,169,323"
17532,"23,26,38"
17533,"0,265,271"
17534,"169,337,0"
17535,"38,23,24"
17536,"199,169,170"
17537,"0,8,211"
17538,"199,169"
17539,"0,216,265"
17540,"10,3,287"
17541,"3,147,148"
17542,"23,74,84"
17543,"3,15,16"
17544,"199,3,187"
17545,"169,296,417"
17546,"169,199,426"
17547,"3,21,200"
17548,"40,21,3"
17549,"10,11,221"
17550,"21,3,40"
17551,"199,169,259"
17552,"0,169,216"
17553,"199,169,281"
17554,"40,131"
17555,"3,147,148"
17556,"10,93,64"
17557,"0,216,211"
17558,"49,23,24"
17559,"206,0,8"
17560,"0,26,89"
17561,"10,220,221"
17562,"23,96,31"
17563,"3,21,200"
17564,"206,8,0"
17565,"3,21,200"
17566,"10,64,448"
17567,"3,21,148"
17568,"0,216,220"
17569,"0,271,265"
17570,"3,21,48"
17571,"3,4"
17572,"3,21,200"
17573,"40,160,315"
17574,"3,21,200"
17575,"38,23"
17576,"3,21"
17577,"10,11,64"
17578,"49,23,24"
17579,"10,64,448"
17580,"128,40,130"
17581,"10,26,64"
17582,"26,0,271"
17583,"3,21,200"
17584,"169,199,170"
17585,"11,10,69"
17586,"3,4"
17587,"0,26,40"
17588,"49,23,24"
17589,"3,200,138"
17590,"10,64,93"
17591,"220,10"
17592,"199,169,223"
17593,"10,11,44"
17594,"199,431,169"
17595,"3,21,200"
17596,"3,21,200"
17597,"23,26,38"
17598,"40,129,128"
17599,"40,128,129"
17600,"3,21,133"
17601,"10,11,72"
17602,"3,21,200"
17603,"220,10"
17604,"220,10"
17605,"0,271,456"
17606,"40,23,317"
17607,"3,21,200"
17608,"0,271,218"
17609,"220,10"
17610,"15,16,3"
17611,"170,169,199"
17612,"3,4,21"
17613,"3,23,182"
17614,"3,21,187"
17615,"187,3,15"
17616,"32,31,23"
17617,"3,5,133"
17618,"23,38,74"
17619,"3,21,182"
17620,"3,32,21"
17621,"0,216,271"
17622,"23,74,38"
17623,"169,170,199"
17624,"199,169,323"
17625,"10,11,239"
17626,"0,8,218"
17627,"40,241,131"
17628,"10,220"
17629,"3,187,21"
17630,"23,74,38"
17631,"402,43,145"
17632,"10,220,221"
17633,"15,3,16"
17634,"0,8,206"
17635,"49,24,23"
17636,"3,187,21"
17637,"3,21,200"
17638,"43,24,23"
17639,"402,10,145"
17640,"23,38,26"
17641,"40,131,128"
17642,"10,64,448"
17643,"169,199,170"
17644,"187,3,21"
17645,"43,24,23"
17646,"10,11,44"
17647,"8,0,26"
17648,"40,131,128"
17649,"40,3,160"
17650,"3,21,182"
17651,"32,31,23"
17652,"3,21,200"
17653,"10,11"
17654,"3,0,21"
17655,"23,31,258"
17656,"170,3,187"
17657,"169,199,8"
17658,"40,131,128"
17659,"32,31,23"
17660,"0,271,216"
17661,"0,26,296"
17662,"43,24,23"
17663,"38,23"
17664,"3,170,21"
17665,"3,21,200"
17666,"3,21"
17667,"10,64,11"
17668,"10,11,69"
17669,"0,271,216"
17670,"3,21,200"
17671,"23,38,10"
17672,"169,170,199"
17673,"3,4"
17674,"10,220"
17675,"40,131,241"
17676,"220,10"
17677,"23,38,74"
17678,"23,38,26"
17679,"32,23,31"
17680,"220,10"
17681,"169,199,0"
17682,"3,4,200"
17683,"0,8,235"
17684,"0,23,38"
17685,"169,337,274"
17686,"3,15,16"
17687,"23,38,74"
17688,"10,64,93"
17689,"3,21,17"
17690,"3,21,263"
17691,"3,200,21"
17692,"23,26,38"
17693,"169,170,171"
17694,"0,265,271"
17695,"40,128,131"
17696,"323,199,40"
17697,"3,147,15"
17698,"23,26,38"
17699,"169,199,3"
17700,"10,220,402"
17701,"0,265,10"
17702,"169,199,426"
17703,"129,128,40"
17704,"199,169,170"
17705,"23,24,10"
17706,"3,21,200"
17707,"10,323,181"
17708,"0,235,8"
17709,"199,169,431"
17710,"40,41,286"
17711,"0,346,313"
17712,"40,184,131"
17713,"4,3"
17714,"71,23,74"
17715,"10,220,221"
17716,"3,17,18"
17717,"40,146,145"
17718,"169,170,199"
17719,"10,11"
17720,"23,38,24"
17721,"3,21,4"
17722,"3,21,148"
17723,"40,135,74"
17724,"169,170,3"
17725,"0,271,216"
17726,"3,40,17"
17727,"169,170,171"
17728,"23,402,49"
17729,"3,21,200"
17730,"43,23,24"
17731,"3,13,169"
17732,"23,38,24"
17733,"15,16,3"
17734,"3,4"
17735,"220,10"
17736,"199,3,21"
17737,"43,23,24"
17738,"220,10"
17739,"10,64,80"
17740,"169,199,251"
17741,"169,296,337"
17742,"3,21,200"
17743,"40,146,184"
17744,"4,3,7"
17745,"241,40,131"
17746,"40,128,0"
17747,"4,3,7"
17748,"10,64,24"
17749,"3,21,200"
17750,"23,38,71"
17751,"199,169,259"
17752,"220,10"
17753,"3,17,21"
17754,"169,337,274"
17755,"0,23,38"
17756,"10,64,93"
17757,"169,170,171"
17758,"23,24,71"
17759,"10,64,24"
17760,"3,315,21"
17761,"71,23,24"
17762,"23,26,38"
17763,"23,24,43"
17764,"0,346,10"
17765,"40,131,134"
17766,"0,271"
17767,"3,200,4"
17768,"38,23,74"
17769,"3,148,147"
17770,"38,23,175"
17771,"3,21,187"
17772,"40,128,160"
17773,"40,128,129"
17774,"3,15,16"
17775,"3,21,200"
17776,"0,271,456"
17777,"169,296,170"
17778,"0,211,212"
17779,"220,10"
17780,"0,271,216"
17781,"38,23,199"
17782,"0,271,216"
17783,"0,271"
17784,"220,10,221"
17785,"0,271"
17786,"3,21,200"
17787,"3,4,176"
17788,"10,64,80"
17789,"23,40,141"
17790,"169,38,23"
17791,"3,21,200"
17792,"40,128,41"
17793,"220,10"
17794,"3,187,21"
17795,"40,131"
17796,"0,220,10"
17797,"3,21,40"
17798,"40,128,131"
17799,"10,64"
17800,"10,40,3"
17801,"3,17,18"
17802,"3,13,204"
17803,"169,170,171"
17804,"71,23,402"
17805,"169,170,3"
17806,"10,40,258"
17807,"3,21,200"
17808,"3,4,15"
17809,"3,40,21"
17810,"3,21,40"
17811,"10,0,220"
17812,"40,386,135"
17813,"23,71,38"
17814,"0,271"
17815,"40,23,131"
17816,"43,24,10"
17817,"40,135,131"
17818,"3,199,21"
17819,"170,169,459"
17820,"3,40,21"
17821,"169,10,199"
17822,"3,21,148"
17823,"0,216,271"
17824,"241,38,187"
17825,"40,241,131"
17826,"199,169,323"
17827,"10,64,93"
17828,"0,216,271"
17829,"23,74,38"
17830,"160,315,40"
17831,"3,21,200"
17832,"3,4,17"
17833,"0,346,313"
17834,"10,64,93"
17835,"24,43,23"
17836,"43,24,23"
17837,"23,10,38"
17838,"10,64,93"
17839,"0,8,235"
17840,"10,44,24"
17841,"26,231,23"
17842,"0,271,265"
17843,"10,64,80"
17844,"11,10,69"
17845,"10,11"
17846,"8,206,0"
17847,"15,16,3"
17848,"234,10,60"
17849,"4,3,19"
17850,"224,40,41"
17851,"128,129,3"
17852,"3,4"
17853,"40,129,128"
17854,"0,346,26"
17855,"0,271,313"
17856,"220,10"
17857,"40,3,135"
17858,"8,206,0"
17859,"199,169,259"
17860,"23,10,38"
17861,"10,220,0"
17862,"3,21,200"
17863,"10,64,11"
17864,"3,21,200"
17865,"10,64,80"
17866,"234,10,60"
17867,"3,21,200"
17868,"234,10,60"
17869,"48,3,220"
17870,"40,224,21"
17871,"169,170,311"
17872,"199,169,170"
17873,"10,220,11"
17874,"3,17,18"
17875,"220,0,10"
17876,"118,74,23"
17877,"40,160,131"
17878,"0,10,64"
17879,"40,128,195"
17880,"40,131,160"
17881,"0,216,218"
17882,"23,43,24"
17883,"0,271,456"
17884,"0,231,26"
17885,"0,8,265"
17886,"3,21,200"
17887,"40,23,84"
17888,"128,129,40"
17889,"0,265,271"
17890,"21,3,49"
17891,"3,182,21"
17892,"49,24,23"
17893,"129,128,40"
17894,"169,170,199"
17895,"40,118,23"
17896,"10,23,220"
17897,"199,3,21"
17898,"3,21,200"
17899,"199,169,40"
17900,"23,74,38"
17901,"3,4"
17902,"23,74,38"
17903,"13,3,14"
17904,"199,169,32"
17905,"0,169,271"
17906,"10,11,69"
17907,"10,220,402"
17908,"3,40,21"
17909,"3,21,40"
17910,"3,21,96"
17911,"23,38,74"
17912,"402,0,10"
17913,"43,24,23"
17914,"3,147,148"
17915,"402,44,45"
17916,"23,32,43"
17917,"10,64,93"
17918,"170,169,171"
17919,"199,169,0"
17920,"0,169,337"
17921,"40,131,241"
17922,"3,4,375"
17923,"3,147,148"
17924,"26,23,89"
17925,"0,235,8"
17926,"23,38,26"
17927,"40,131"
17928,"38,199,169"
17929,"38,23,26"
17930,"0,271,26"
17931,"169,170,417"
17932,"0,271,216"
17933,"40,131,134"
17934,"3,21,200"
17935,"3,21,40"
17936,"3,187,21"
17937,"3,21,200"
17938,"199,169,3"
17939,"0,206,8"
17940,"10,40,44"
17941,"43,24,23"
17942,"0,216,271"
17943,"10,23,24"
17944,"38,23,26"
17945,"38,23,10"
17946,"3,148,40"
17947,"40,23,160"
17948,"40,175,128"
17949,"40,41,224"
17950,"3,21,200"
17951,"23,38,31"
17952,"10,23,64"
17953,"3,21,200"
17954,"8,206,0"
17955,"40,160,315"
17956,"169,337,274"
17957,"10,64,11"
17958,"169,40,199"
17959,"0,271,216"
17960,"3,21,200"
17961,"10,11,69"
17962,"3,4,21"
17963,"23,74,165"
17964,"10,220,221"
17965,"23,40,24"
17966,"23,38,44"
17967,"3,40,21"
17968,"3,0,267"
17969,"0,216,271"
17970,"23,38,74"
17971,"199,169,259"
17972,"3,4,200"
17973,"3,17,21"
17974,"23,74,10"
17975,"206,0,8"
17976,"3,187,21"
17977,"40,241,131"
17978,"10,24,64"
17979,"0,8,235"
17980,"199,169,0"
17981,"3,200,21"
17982,"40,160,128"
17983,"40,128,129"
17984,"40,10,220"
17985,"220,10"
17986,"3,21,200"
17987,"43,24,23"
17988,"199,169"
17989,"23,38,26"
17990,"3,187,21"
17991,"4,3,7"
17992,"3,13,17"
17993,"3,0,216"
17994,"40,175,184"
17995,"13,10,11"
17996,"40,131"
17997,"21,3"
17998,"38,23,10"
17999,"169,199,223"
18000,"10,234,60"
18001,"10,11,96"
18002,"23,38,26"
18003,"220,10"
18004,"220,10"
18005,"169,300,10"
18006,"10,23,25"
18007,"0,13,3"
18008,"0,265,271"
18009,"3,4,40"
18010,"40,3,21"
18011,"3,21,200"
18012,"32,23,31"
18013,"169,296,170"
18014,"199,169,223"
18015,"169,171,170"
18016,"10,11"
18017,"0,271,218"
18018,"40,0,128"
18019,"10,64,24"
18020,"23,74,38"
18021,"220,10,221"
18022,"23,40,131"
18023,"23,74,38"
18024,"23,38,24"
18025,"3,21,148"
18026,"0,271,216"
18027,"40,131,128"
18028,"38,23,63"
18029,"3,21,200"
18030,"0,8,235"
18031,"3,118,21"
18032,"10,11,0"
18033,"38,175,23"
18034,"10,220"
18035,"3,21,182"
18036,"170,171,169"
18037,"169,296,170"
18038,"169,170,199"
18039,"43,23,24"
18040,"10,11"
18041,"23,169,38"
18042,"49,40,128"
18043,"3,182,21"
18044,"40,160,315"
18045,"3,15,16"
18046,"40,146,131"
18047,"10,64"
18048,"3,5,21"
18049,"3,21,200"
18050,"23,74,40"
18051,"3,21,115"
18052,"40,146,145"
18053,"32,23,31"
18054,"17,3,18"
18055,"40,131,23"
18056,"3,21,200"
18057,"40,184,3"
18058,"199,169,323"
18059,"3,21,17"
18060,"40,131,134"
18061,"40,160,315"
18062,"40,23,131"
18063,"10,11,205"
18064,"4,3,7"
18065,"220,10"
18066,"3,21,200"
18067,"10,402,40"
18068,"3,21,40"
18069,"26,23,231"
18070,"23,74,118"
18071,"10,24,23"
18072,"3,147,148"
18073,"40,184,131"
18074,"3,182,21"
18075,"43,24,323"
18076,"11,10,69"
18077,"40,131,139"
18078,"169,296,170"
18079,"3,5,21"
18080,"3,21,200"
18081,"23,74,71"
18082,"10,13,11"
18083,"10,64,11"
18084,"40,31,0"
18085,"3,21,200"
18086,"3,21,200"
18087,"3,21,115"
18088,"3,21,200"
18089,"160,40,315"
18090,"10,64,323"
18091,"32,23,31"
18092,"170,169,40"
18093,"23,38,44"
18094,"3,4,183"
18095,"10,64,93"
18096,"169,170,24"
18097,"10,64"
18098,"10,199,64"
18099,"206,0,8"
18100,"10,64,26"
18101,"40,241,131"
18102,"3,4,21"
18103,"10,0,220"
18104,"38,23,137"
18105,"23,0,38"
18106,"40,160,315"
18107,"32,23,31"
18108,"40,131"
18109,"11,10,69"
18110,"40,131,23"
18111,"10,402,346"
18112,"3,21,200"
18113,"3,5,133"
18114,"3,21,200"
18115,"123,111,3"
18116,"3,112,40"
18117,"3,21,200"
18118,"187,3,21"
18119,"3,21,200"
18120,"3,21,200"
18121,"10,64,93"
18122,"43,23,24"
18123,"171,169,170"
18124,"3,21,200"
18125,"220,10,221"
18126,"3,4,435"
18127,"10,402,23"
18128,"0,271,216"
18129,"43,23,24"
18130,"0,235,8"
18131,"15,3,16"
18132,"220,10"
18133,"3,21,133"
18134,"0,271,216"
18135,"3,21,200"
18136,"0,216,271"
18137,"49,23,24"
18138,"3,13,204"
18139,"10,64,80"
18140,"38,23,10"
18141,"271,0,456"
18142,"10,64,11"
18143,"40,131,241"
18144,"3,4"
18145,"220,10"
18146,"10,23,24"
18147,"3,21,200"
18148,"40,131,241"
18149,"3,4"
18150,"169,199,170"
18151,"43,23,24"
18152,"402,40,145"
18153,"10,64,323"
18154,"0,10,8"
18155,"10,0,220"
18156,"40,160,73"
18157,"40,135,374"
18158,"23,74,118"
18159,"4,3"
18160,"3,21,200"
18161,"3,21,200"
18162,"3,17,18"
18163,"0,26,89"
18164,"10,64,80"
18165,"0,346,313"
18166,"3,21,40"
18167,"23,11,73"
18168,"402,10,145"
18169,"3,187,21"
18170,"23,74,24"
18171,"3,21,200"
18172,"24,23,10"
18173,"49,23,24"
18174,"3,21,200"
18175,"169,170,171"
18176,"3,21,200"
18177,"40,23,38"
18178,"271,0"
18179,"3,21,200"
18180,"220,10"
18181,"3,21,200"
18182,"3,21,148"
18183,"3,21,187"
18184,"10,24,64"
18185,"3,15,16"
18186,"3,5,133"
18187,"24,323,10"
18188,"402,145,40"
18189,"10,64,93"
18190,"23,40,74"
18191,"0,271,265"
18192,"13,14,3"
18193,"3,21,187"
18194,"40,131,241"
18195,"3,21,40"
18196,"23,74,38"
18197,"43,24,23"
18198,"40,128,129"
18199,"23,38,26"
18200,"38,0,23"
18201,"323,199,169"
18202,"10,402,44"
18203,"0,26,346"
18204,"40,175,243"
18205,"3,21"
18206,"23,38,26"
18207,"0,271"
18208,"10,40,402"
18209,"43,23,24"
18210,"3,21,200"
18211,"3,4,5"
18212,"23,74,10"
18213,"3,48,21"
18214,"40,131,128"
18215,"10,93,64"
18216,"3,15,16"
18217,"3,53,287"
18218,"3,21,200"
18219,"3,204,13"
18220,"40,128,129"
18221,"0,271"
18222,"3,21,17"
18223,"3,21,200"
18224,"0,26,8"
18225,"296,169,306"
18226,"3,169,199"
18227,"40,23,0"
18228,"10,64,448"
18229,"40,131"
18230,"10,23,38"
18231,"3,21,200"
18232,"0,8,206"
18233,"23,74,84"
18234,"3,5,133"
18235,"3,21,200"
18236,"3,15,16"
18237,"0,271"
18238,"0,366,271"
18239,"23,40,38"
18240,"3,21,200"
18241,"199,169,0"
18242,"23,10,26"
18243,"523,3,53"
18244,"3,21,200"
18245,"3,40,147"
18246,"38,23,309"
18247,"3,13,204"
18248,"169,199,0"
18249,"0,40,128"
18250,"0,211,216"
18251,"170,169,199"
18252,"220,10,221"
18253,"3,21,187"
18254,"10,64,448"
18255,"40,41,21"
18256,"187,3,21"
18257,"3,4,21"
18258,"10,220,221"
18259,"23,74,165"
18260,"38,23,74"
18261,"3,4,21"
18262,"170,169,171"
18263,"10,11,69"
18264,"402,10,220"
18265,"23,38,26"
18266,"0,271"
18267,"169,170,0"
18268,"10,11"
18269,"10,220,24"
18270,"3,40,21"
18271,"3,17,21"
18272,"3,290,23"
18273,"40,128,129"
18274,"3,40,21"
18275,"40,131,17"
18276,"169,171,170"
18277,"0,216,271"
18278,"0,271,216"
18279,"38,23,74"
18280,"40,23,131"
18281,"40,84,23"
18282,"40,21,3"
18283,"3,21,200"
18284,"3,4,200"
18285,"0,271,216"
18286,"3,147,148"
18287,"23,24,38"
18288,"3,21,200"
18289,"10,64,93"
18290,"10,11,221"
18291,"199,323,169"
18292,"23,38,24"
18293,"3,147,148"
18294,"3,21,147"
18295,"3,21,148"
18296,"367,3,292"
18297,"40,128,129"
18298,"0,271,216"
18299,"10,24,23"
18300,"40,131,128"
18301,"21,3,40"
18302,"346,0,26"
18303,"23,74,38"
18304,"21,3,40"
18305,"3,4,21"
18306,"0,271"
18307,"0,8,211"
18308,"0,346,313"
18309,"346,26,0"
18310,"169,337,170"
18311,"169,199"
18312,"10,220"
18313,"0,8,235"
18314,"169,199,0"
18315,"3,4,19"
18316,"206,8,231"
18317,"40,131,23"
18318,"10,64,11"
18319,"171,170,169"
18320,"3,187,21"
18321,"43,24,23"
18322,"43,23,24"
18323,"199,169,170"
18324,"10,64,80"
18325,"187,3,21"
18326,"0,26,271"
18327,"10,64,220"
18328,"131,40,241"
18329,"3,21,200"
18330,"23,10,38"
18331,"169,170,199"
18332,"3,21,200"
18333,"10,40,44"
18334,"3,21,148"
18335,"40,128,129"
18336,"10,220,24"
18337,"40,160,315"
18338,"10,11,221"
18339,"40,146,145"
18340,"3,200,21"
18341,"3,21,200"
18342,"40,241,131"
18343,"220,10"
18344,"3,21,148"
18345,"10,64,80"
18346,"40,41,139"
18347,"10,64,93"
18348,"3,21,200"
18349,"170,169,171"
18350,"199,169,259"
18351,"199,169,170"
18352,"40,160,315"
18353,"128,40,129"
18354,"3,40,23"
18355,"10,64,93"
18356,"199,169,10"
18357,"3,15,21"
18358,"199,169,259"
18359,"40,21,41"
18360,"40,131,139"
18361,"3,4,200"
18362,"3,21,200"
18363,"43,24,23"
18364,"3,160,315"
18365,"23,10,38"
18366,"17,3,18"
18367,"38,23,48"
18368,"0,271,216"
18369,"40,160,315"
18370,"0,8,206"
18371,"23,74,38"
18372,"3,21,200"
18373,"169,199,170"
18374,"3,21,200"
18375,"23,169,38"
18376,"10,220,221"
18377,"40,131"
18378,"0,313,3"
18379,"3,4,7"
18380,"3,500,21"
18381,"10,64,221"
18382,"3,187,21"
18383,"0,26,23"
18384,"3,15,147"
18385,"40,131"
18386,"169,170,199"
18387,"402,145,40"
18388,"3,21,187"
18389,"0,216,211"
18390,"271,0,456"
18391,"40,160,128"
18392,"0,8,308"
18393,"4,3,375"
18394,"0,271,8"
18395,"26,231,23"
18396,"206,0,8"
18397,"3,17,21"
18398,"40,131"
18399,"199,0,169"
18400,"199,169,71"
18401,"3,40,21"
18402,"3,40,21"
18403,"10,220,221"
18404,"38,23,26"
18405,"10,64,448"
18406,"3,21,200"
18407,"0,216,26"
18408,"3,21,48"
18409,"3,21,200"
18410,"138,135,40"
18411,"10,0,40"
18412,"0,23,218"
18413,"3,187,21"
18414,"23,38,402"
18415,"3,21,0"
18416,"10,64,93"
18417,"3,21,187"
18418,"3,21,200"
18419,"271,0"
18420,"160,40,315"
18421,"170,169,171"
18422,"3,21,17"
18423,"0,216,211"
18424,"40,23,162"
18425,"199,169,170"
18426,"129,128,40"
18427,"3,21,200"
18428,"26,23,0"
18429,"23,74,38"
18430,"23,40,38"
18431,"234,23,74"
18432,"3,21,200"
18433,"40,128,41"
18434,"3,21,187"
18435,"323,169,199"
18436,"40,131,41"
18437,"231,26,23"
18438,"23,71,38"
18439,"3,21,148"
18440,"169,199,251"
18441,"3,199,21"
18442,"3,4,21"
18443,"3,182,21"
18444,"40,131,145"
18445,"10,64,72"
18446,"3,187,21"
18447,"40,160,131"
18448,"10,24,71"
18449,"3,4"
18450,"0,211,216"
18451,"38,23,48"
18452,"131,40,241"
18453,"38,23,74"
18454,"0,271"
18455,"0,271"
18456,"40,131"
18457,"3,21,200"
18458,"0,271,456"
18459,"199,169,323"
18460,"0,206,8"
18461,"23,38,74"
18462,"74,23,38"
18463,"3,21,200"
18464,"26,0,23"
18465,"0,211,216"
18466,"3,21,182"
18467,"10,23,24"
18468,"3,4,148"
18469,"10,11,23"
18470,"199,169,10"
18471,"123,111,3"
18472,"169,0,170"
18473,"3,0,216"
18474,"3,4,435"
18475,"26,23,89"
18476,"199,169,259"
18477,"40,128,160"
18478,"3,187,21"
18479,"3,147,225"
18480,"40,135,141"
18481,"10,64,93"
18482,"40,3,0"
18483,"160,315,40"
18484,"3,4,200"
18485,"48,3,21"
18486,"3,4"
18487,"23,74,24"
18488,"10,64,11"
18489,"3,187,21"
18490,"10,44,402"
18491,"10,220,0"
18492,"23,24,43"
18493,"43,24,23"
18494,"4,3,7"
18495,"0,271"
18496,"40,160,131"
18497,"199,169,170"
18498,"138,40,135"
18499,"402,23,10"
18500,"3,4,435"
18501,"431,199,40"
18502,"296,169,300"
18503,"10,11,64"
18504,"10,64,80"
18505,"71,23,10"
18506,"10,11,44"
18507,"138,40,135"
18508,"10,402,44"
18509,"40,23,131"
18510,"40,3,131"
18511,"199,323,169"
18512,"346,0,313"
18513,"3,187,21"
18514,"3,4,5"
18515,"220,10,221"
18516,"10,64,80"
18517,"23,38,40"
18518,"17,3,18"
18519,"290,0,31"
18520,"40,135,189"
18521,"0,8,216"
18522,"26,23,0"
18523,"402,23,44"
18524,"23,10,0"
18525,"49,10,24"
18526,"10,23,60"
18527,"10,402,24"
18528,"224,40,41"
18529,"40,41,224"
18530,"40,146,145"
18531,"10,23,38"
18532,"3,21,200"
18533,"129,128,40"
18534,"0,216,211"
18535,"3,147,148"
18536,"21,3,40"
18537,"187,3,21"
18538,"23,74,84"
18539,"40,241,162"
18540,"128,129,40"
18541,"3,4,435"
18542,"169,170,199"
18543,"0,271,366"
18544,"23,49,24"
18545,"0,271,216"
18546,"0,271,216"
18547,"10,40,241"
18548,"3,21,17"
18549,"3,0,21"
18550,"0,265,10"
18551,"38,23,137"
18552,"10,40,145"
18553,"40,21,3"
18554,"15,16,3"
18555,"15,16,3"
18556,"38,23,26"
18557,"38,26,23"
18558,"199,259,169"
18559,"10,11,221"
18560,"38,23,241"
18561,"10,44,45"
18562,"3,148,21"
18563,"0,216,169"
18564,"199,169,259"
18565,"129,128,40"
18566,"402,145,10"
18567,"0,31,216"
18568,"3,21,147"
18569,"26,23,38"
18570,"3,17,18"
18571,"3,21,200"
18572,"169,170,199"
18573,"3,4"
18574,"38,23"
18575,"3,147,148"
18576,"3,21"
18577,"220,10"
18578,"38,309,23"
18579,"3,40,10"
18580,"296,169"
18581,"138,135,40"
18582,"169,170,199"
18583,"38,23,74"
18584,"40,131"
18585,"199,169,323"
18586,"10,64,93"
18587,"160,199,169"
18588,"10,11,44"
18589,"10,220,145"
18590,"0,216,354"
18591,"23,38,10"
18592,"3,187,21"
18593,"3,13,10"
18594,"21,3,40"
18595,"3,182,4"
18596,"169,296,417"
18597,"3,21,200"
18598,"0,346,26"
18599,"169,274,337"
18600,"10,64,93"
18601,"3,21,200"
18602,"23,26,38"
18603,"40,131"
18604,"3,40,21"
18605,"160,40,315"
18606,"220,10"
18607,"199,169,49"
18608,"32,31,23"
18609,"3,21,15"
18610,"138,135,40"
18611,"23,74,38"
18612,"26,23,38"
18613,"40,160,128"
18614,"169,0,199"
18615,"0,216,211"
18616,"3,4,21"
18617,"10,11"
18618,"26,0,23"
18619,"206,8,0"
18620,"40,3,21"
18621,"0,271,216"
18622,"40,146,145"
18623,"10,220,64"
18624,"3,13,21"
18625,"10,24,61"
18626,"10,11"
18627,"40,135,23"
18628,"296,306,169"
18629,"23,10,74"
18630,"3,4,200"
18631,"3,156,225"
18632,"3,5,133"
18633,"3,21,200"
18634,"0,206,8"
18635,"3,275,111"
18636,"23,74,71"
18637,"10,220"
18638,"138,40,135"
18639,"220,10"
18640,"43,24,23"
18641,"3,21,200"
18642,"23,71,74"
18643,"10,64"
18644,"3,21,200"
18645,"23,38,74"
18646,"199,259,169"
18647,"3,21,148"
18648,"40,145,131"
18649,"10,11,0"
18650,"3,15,16"
18651,"3,21,200"
18652,"160,315,3"
18653,"23,74,84"
18654,"17,3,18"
18655,"40,41,224"
18656,"0,271,26"
18657,"0,271"
18658,"23,38,71"
18659,"3,21,200"
18660,"169,199,3"
18661,"0,206,8"
18662,"3,21,148"
18663,"40,131,134"
18664,"4,3,7"
18665,"10,73,44"
18666,"10,402,220"
18667,"10,64,93"
18668,"0,271,216"
18669,"160,40,315"
18670,"23,10,40"
18671,"0,271,8"
18672,"3,187,21"
18673,"40,128,0"
18674,"0,216,211"
18675,"48,38,3"
18676,"169,170,199"
18677,"188,4,17"
18678,"10,64,448"
18679,"0,271,216"
18680,"206,8,0"
18681,"40,128,241"
18682,"170,171,169"
18683,"402,145,40"
18684,"187,3,21"
18685,"49,23,24"
18686,"3,21,200"
18687,"40,241,131"
18688,"3,21,148"
18689,"49,24,23"
18690,"3,21,200"
18691,"23,38,74"
18692,"10,44,402"
18693,"40,323,181"
18694,"10,220,221"
18695,"3,10,221"
18696,"23,118,74"
18697,"169,170,171"
18698,"43,24,23"
18699,"10,44,11"
18700,"0,218,327"
18701,"199,169,223"
18702,"3,4"
18703,"0,26,271"
18704,"23,24,38"
18705,"169,170,199"
18706,"10,199,448"
18707,"40,3,21"
18708,"402,10,145"
18709,"10,64,24"
18710,"169,0,170"
18711,"10,64,93"
18712,"169,337,170"
18713,"199,169,251"
18714,"0,3,216"
18715,"3,21,200"
18716,"296,169,306"
18717,"3,21,187"
18718,"23,10,38"
18719,"3,21,200"
18720,"169,0,296"
18721,"40,131,145"
18722,"0,211,212"
18723,"10,23,24"
18724,"10,93,64"
18725,"199,169,251"
18726,"3,21,17"
18727,"199,169,170"
18728,"23,0,38"
18729,"40,160,315"
18730,"0,216,218"
18731,"23,38,74"
18732,"0,26,271"
18733,"40,131"
18734,"169,170,199"
18735,"3,169,230"
18736,"23,10,38"
18737,"220,10"
18738,"169,459,141"
18739,"169,337,339"
18740,"40,128,129"
18741,"523,3,147"
18742,"3,187,21"
18743,"346,0,313"
18744,"3,5,21"
18745,"40,131"
18746,"199,169,259"
18747,"32,23,31"
18748,"40,135,118"
18749,"138,199,135"
18750,"300,169,40"
18751,"3,21,148"
18752,"23,74,71"
18753,"40,131"
18754,"0,206,8"
18755,"40,131,193"
18756,"10,64,80"
18757,"3,21,187"
18758,"49,23,24"
18759,"0,265,216"
18760,"23,89,26"
18761,"23,24,43"
18762,"0,271,8"
18763,"3,21,200"
18764,"10,11"
18765,"23,38,74"
18766,"23,131,40"
18767,"26,23,0"
18768,"3,21,148"
18769,"290,31,199"
18770,"206,0,8"
18771,"3,21,200"
18772,"38,23,26"
18773,"40,131"
18774,"10,43,323"
18775,"3,331,5"
18776,"3,21,17"
18777,"40,131,241"
18778,"40,402,145"
18779,"3,21,200"
18780,"10,64,24"
18781,"43,24,23"
18782,"31,23,96"
18783,"138,169,135"
18784,"4,3"
18785,"0,31,216"
18786,"10,402,44"
18787,"0,271,216"
18788,"402,10,40"
18789,"10,64,448"
18790,"3,21,182"
18791,"10,64"
18792,"206,0,8"
18793,"3,21,148"
18794,"3,147,148"
18795,"199,169,259"
18796,"0,8,265"
18797,"169,170,171"
18798,"49,23,24"
18799,"43,24,23"
18800,"3,5,21"
18801,"199,169,323"
18802,"170,171,169"
18803,"0,271"
18804,"220,10"
18805,"147,10,3"
18806,"10,64,80"
18807,"23,38,0"
18808,"3,21,40"
18809,"220,10"
18810,"3,4,200"
18811,"3,21,40"
18812,"40,128,130"
18813,"23,26,38"
18814,"160,315,40"
18815,"0,8,206"
18816,"10,11"
18817,"402,145,40"
18818,"23,118,74"
18819,"23,24,10"
18820,"3,147,148"
18821,"38,23"
18822,"3,4,21"
18823,"10,23,24"
18824,"138,169,135"
18825,"199,169,323"
18826,"3,187,21"
18827,"169,170,323"
18828,"10,11,69"
18829,"0,8,270"
18830,"3,200,21"
18831,"199,169,323"
18832,"23,38,74"
18833,"3,21,148"
18834,"3,21,187"
18835,"10,402,145"
18836,"0,8,235"
18837,"169,199,251"
18838,"3,21,148"
18839,"10,64,80"
18840,"169,199,170"
18841,"23,38,26"
18842,"0,271,216"
18843,"3,21,40"
18844,"32,23,31"
18845,"40,184,131"
18846,"10,25,24"
18847,"40,160,315"
18848,"402,10,145"
18849,"38,23"
18850,"3,523,21"
18851,"3,21,200"
18852,"171,170,169"
18853,"3,4"
18854,"13,401,3"
18855,"0,271"
18856,"199,169,251"
18857,"49,23,24"
18858,"40,131"
18859,"3,21,40"
18860,"3,21,40"
18861,"0,271,313"
18862,"10,64"
18863,"24,10,43"
18864,"169,199,170"
18865,"199,169,187"
18866,"0,26,8"
18867,"10,145,402"
18868,"3,13,518"
18869,"3,4"
18870,"38,169,199"
18871,"23,38,26"
18872,"40,131"
18873,"0,346,313"
18874,"23,43,24"
18875,"3,200,188"
18876,"23,26,38"
18877,"169,199,251"
18878,"3,21,48"
18879,"15,16,3"
18880,"3,21,200"
18881,"3,4,200"
18882,"3,188,4"
18883,"199,323,169"
18884,"32,23,24"
18885,"220,10"
18886,"10,64,448"
18887,"3,21,187"
18888,"3,15,200"
18889,"206,8,0"
18890,"10,402,220"
18891,"43,24,23"
18892,"0,216,8"
18893,"3,21,187"
18894,"0,8,206"
18895,"3,21,48"
18896,"402,10,145"
18897,"402,10,44"
18898,"23,74,71"
18899,"26,0"
18900,"40,128,41"
18901,"0,169,3"
18902,"0,271,216"
18903,"10,64,80"
18904,"138,135,40"
18905,"10,64,44"
18906,"23,38,63"
18907,"10,23,402"
18908,"43,23,24"
18909,"38,23,74"
18910,"3,21"
18911,"10,11"
18912,"3,21,200"
18913,"40,241,131"
18914,"0,216,271"
18915,"0,216,271"
18916,"3,200,148"
18917,"10,11,221"
18918,"23,38,10"
18919,"17,3,18"
18920,"3,85,147"
18921,"23,24,43"
18922,"0,265,271"
18923,"220,10"
18924,"199,169,0"
18925,"3,17,15"
18926,"3,40,21"
18927,"199,241,169"
18928,"3,21,200"
18929,"402,145,40"
18930,"3,21,199"
18931,"23,118,74"
18932,"26,23,0"
18933,"23,40,74"
18934,"23,71,38"
18935,"40,175,184"
18936,"10,64,93"
18937,"0,271"
18938,"40,23,243"
18939,"10,64,24"
18940,"0,235,8"
18941,"0,216,271"
18942,"169,170,171"
18943,"3,300,40"
18944,"0,271"
18945,"10,11,221"
18946,"0,271,265"
18947,"40,41,128"
18948,"220,10"
18949,"3,187,21"
18950,"3,17,18"
18951,"220,10,221"
18952,"0,271"
18953,"0,265,271"
18954,"40,3,17"
18955,"4,3,7"
18956,"0,211,216"
18957,"0,8,235"
18958,"40,145,146"
18959,"10,11,69"
18960,"3,21,200"
18961,"43,24,23"
18962,"0,346,313"
18963,"38,23"
18964,"49,24,23"
18965,"0,271,456"
18966,"40,128,41"
18967,"3,21,170"
18968,"40,131,139"
18969,"10,11,44"
18970,"40,160,131"
18971,"3,17,21"
18972,"169,337,170"
18973,"3,21,200"
18974,"3,21,200"
18975,"3,4,5"
18976,"43,23,24"
18977,"26,0,23"
18978,"23,38,74"
18979,"71,23,24"
18980,"3,21,200"
18981,"10,3,11"
18982,"40,160,315"
18983,"10,11,64"
18984,"3,200,85"
18985,"40,131,134"
18986,"3,187,21"
18987,"10,64,80"
18988,"3,21,200"
18989,"10,64,80"
18990,"4,3,7"
18991,"3,187,17"
18992,"0,220,10"
18993,"3,182,21"
18994,"10,64,93"
18995,"17,3,18"
18996,"199,169,251"
18997,"3,199,281"
18998,"13,204,3"
18999,"402,10,145"
19000,"40,135,236"
19001,"3,17,21"
19002,"3,4"
19003,"3,21,148"
19004,"3,21,187"
19005,"0,346,271"
19006,"3,4"
19007,"199,169,170"
19008,"199,169,0"
19009,"3,40,21"
19010,"0,265,10"
19011,"160,315,3"
19012,"141,23,118"
19013,"40,131"
19014,"199,3,169"
19015,"3,21,148"
19016,"10,0,3"
19017,"3,40,21"
19018,"10,220"
19019,"0,271,216"
19020,"10,64,93"
19021,"3,21,367"
19022,"23,10,105"
19023,"10,220"
19024,"3,4"
19025,"40,131"
19026,"3,40,147"
19027,"3,300,10"
19028,"3,4,435"
19029,"23,38,74"
19030,"40,160,131"
19031,"43,24,23"
19032,"40,160,315"
19033,"3,5,133"
19034,"10,64,80"
19035,"0,265,218"
19036,"3,148,147"
19037,"128,40,130"
19038,"118,0,23"
19039,"40,131,128"
19040,"3,40,21"
19041,"3,21,13"
19042,"10,23,44"
19043,"10,11,23"
19044,"3,21,200"
19045,"3,300,10"
19046,"0,271"
19047,"3,21,4"
19048,"0,26,216"
19049,"0,271"
19050,"40,494,199"
19051,"10,64,93"
19052,"0,271,216"
19053,"0,271,8"
19054,"220,10"
19055,"0,216,271"
19056,"0,3,40"
19057,"199,169,170"
19058,"10,234,11"
19059,"40,145,146"
19060,"3,200,15"
19061,"10,23,44"
19062,"199,3,169"
19063,"199,169,170"
19064,"17,10,18"
19065,"3,5,331"
19066,"3,147,148"
19067,"0,271,216"
19068,"3,17,21"
19069,"3,21,17"
19070,"3,21,4"
19071,"3,21,182"
19072,"3,21,182"
19073,"3,21,200"
19074,"3,147,148"
19075,"23,38,24"
19076,"169,274,337"
19077,"3,4"
19078,"11,10,69"
19079,"40,402,145"
19080,"0,8,271"
19081,"3,21,200"
19082,"10,24,23"
19083,"199,169,251"
19084,"3,21,40"
19085,"0,271,216"
19086,"10,64,402"
19087,"32,31,23"
19088,"241,40,187"
19089,"346,0,128"
19090,"3,17,21"
19091,"169,23,199"
19092,"3,4,331"
19093,"24,23,43"
19094,"0,271,169"
19095,"40,128,175"
19096,"32,31,23"
19097,"23,38,10"
19098,"220,10"
19099,"199,323,169"
19100,"23,74,118"
19101,"128,129,40"
19102,"3,200,21"
19103,"40,3,128"
19104,"3,300,40"
19105,"0,271,216"
19106,"3,17,21"
19107,"3,21,187"
19108,"296,169,306"
19109,"10,64,11"
19110,"3,182,21"
19111,"8,10,402"
19112,"10,64,448"
19113,"3,40,21"
19114,"199,169,10"
19115,"23,24,10"
19116,"0,271,8"
19117,"10,402,145"
19118,"160,40,315"
19119,"3,4,21"
19120,"0,10,40"
19121,"3,21,200"
19122,"0,10,265"
19123,"0,216,211"
19124,"3,147,148"
19125,"23,24,49"
19126,"3,148,21"
19127,"3,10,15"
19128,"23,74,38"
19129,"10,24,23"
19130,"3,21,200"
19131,"0,199,169"
19132,"3,523,200"
19133,"170,171,169"
19134,"0,218,313"
19135,"160,315,40"
19136,"271,0"
19137,"40,131,139"
19138,"40,131"
19139,"10,11,12"
19140,"0,216,211"
19141,"23,38"
19142,"199,169,281"
19143,"3,40,148"
19144,"169,199,170"
19145,"118,23,74"
19146,"128,40,130"
19147,"0,8,235"
19148,"3,21,148"
19149,"10,24,43"
19150,"0,271"
19151,"3,4,200"
19152,"199,169,259"
19153,"3,21,17"
19154,"49,24,26"
19155,"0,271,456"
19156,"40,38,23"
19157,"10,11,0"
19158,"10,64,80"
19159,"10,24,43"
19160,"23,38,71"
19161,"10,220,0"
19162,"206,0,8"
19163,"23,3,15"
19164,"234,60,10"
19165,"169,199,170"
19166,"10,64"
19167,"10,44,73"
19168,"0,3,216"
19169,"3,21,148"
19170,"72,44,23"
19171,"3,21,200"
19172,"23,74,38"
19173,"38,23"
19174,"17,3,18"
19175,"10,64,93"
19176,"241,40,131"
19177,"72,10,61"
19178,"40,131,128"
19179,"26,23,38"
19180,"220,10"
19181,"0,265,271"
19182,"3,13,200"
19183,"346,0,313"
19184,"23,74,38"
19185,"0,8,206"
19186,"0,271,265"
19187,"40,23,74"
19188,"3,13,21"
19189,"220,10"
19190,"3,118,13"
19191,"10,220,221"
19192,"169,199,146"
19193,"10,64,323"
19194,"10,64,11"
19195,"23,24,74"
19196,"0,346,313"
19197,"0,26,23"
19198,"3,21,148"
19199,"3,40,21"
19200,"3,147,523"
19201,"3,21,187"
19202,"0,271"
19203,"0,265,3"
19204,"3,21,300"
19205,"23,38,24"
19206,"0,23,38"
19207,"199,169"
19208,"169,38,0"
19209,"3,21,200"
19210,"40,128,38"
19211,"3,4,200"
19212,"199,169,281"
19213,"40,128,23"
19214,"32,23,31"
19215,"3,21,200"
19216,"10,220,221"
19217,"3,200,148"
19218,"10,44,402"
19219,"10,220"
19220,"0,26,313"
19221,"3,96,31"
19222,"3,21,200"
19223,"118,23,74"
19224,"206,0,8"
19225,"220,10"
19226,"10,64"
19227,"169,251,199"
19228,"71,23,38"
19229,"10,24,64"
19230,"3,21,115"
19231,"23,38,24"
19232,"3,21,200"
19233,"40,128,41"
19234,"23,10,44"
19235,"40,131,23"
19236,"169,199,170"
19237,"199,169,259"
19238,"23,38,26"
19239,"10,24,60"
19240,"220,10"
19241,"49,23,24"
19242,"0,216,313"
19243,"169,170,417"
19244,"40,241,131"
19245,"71,23,24"
19246,"0,271,26"
19247,"199,169,0"
19248,"296,169,300"
19249,"3,4,200"
19250,"23,38,74"
19251,"10,64,448"
19252,"0,10,402"
19253,"40,128,129"
19254,"3,187,21"
19255,"23,24,40"
19256,"40,160,315"
19257,"169,170,0"
19258,"10,64,93"
19259,"40,128,129"
19260,"3,21,199"
19261,"3,187,21"
19262,"169,199,0"
19263,"10,64,11"
19264,"40,128,131"
19265,"3,21,40"
19266,"3,21,200"
19267,"3,21,200"
19268,"23,38,74"
19269,"38,23,26"
19270,"10,64,93"
19271,"188,4,3"
19272,"3,21,148"
19273,"23,10,44"
19274,"3,21,200"
19275,"300,169,3"
19276,"23,24,74"
19277,"32,23,31"
19278,"171,169,170"
19279,"8,206,0"
19280,"38,23,137"
19281,"40,162,128"
19282,"3,21,200"
19283,"38,23,40"
19284,"3,21,200"
19285,"3,21,200"
19286,"10,64,220"
19287,"32,23,31"
19288,"3,21,200"
19289,"0,271,218"
19290,"3,4,176"
19291,"0,216,211"
19292,"402,145,40"
19293,"169,170,296"
19294,"40,131"
19295,"160,40,315"
19296,"3,21"
19297,"0,271"
19298,"10,23,220"
19299,"169,199,3"
19300,"74,23,165"
19301,"3,21,200"
19302,"40,135,131"
19303,"32,23,31"
19304,"10,64,93"
19305,"40,131"
19306,"23,38,10"
19307,"38,23,74"
19308,"10,23,44"
19309,"402,40,145"
19310,"3,21,200"
19311,"10,64,93"
19312,"23,74,38"
19313,"0,271,8"
19314,"10,23,24"
19315,"0,216,380"
19316,"0,271"
19317,"0,10,265"
19318,"96,23,3"
19319,"0,271"
19320,"3,148,147"
19321,"40,21,41"
19322,"220,10"
19323,"40,241,131"
19324,"10,64,40"
19325,"40,0,3"
19326,"170,171,169"
19327,"0,26,23"
19328,"402,10,145"
19329,"3,21,200"
19330,"3,17,18"
19331,"10,402,220"
19332,"169,337,3"
19333,"220,10"
19334,"0,271,313"
19335,"40,175,128"
19336,"40,41,3"
19337,"3,199,169"
19338,"4,3,375"
19339,"169,199,259"
19340,"199,169,323"
19341,"169,3,337"
19342,"3,40,21"
19343,"0,206,8"
19344,"3,21,200"
19345,"71,23,24"
19346,"128,40,129"
19347,"0,8,271"
19348,"169,170,199"
19349,"23,74,38"
19350,"38,23,175"
19351,"23,43,24"
19352,"169,170,171"
19353,"23,38,24"
19354,"220,10"
19355,"32,31,23"
19356,"49,23,24"
19357,"402,40,145"
19358,"138,40,135"
19359,"26,23,0"
19360,"230,229,0"
19361,"169,508,426"
19362,"40,131"
19363,"3,147,148"
19364,"3,23,40"
19365,"230,229,0"
19366,"10,64"
19367,"199,323,10"
19368,"10,11,221"
19369,"40,160,315"
19370,"0,271,216"
19371,"0,271,26"
19372,"23,71,74"
19373,"40,131,134"
19374,"23,523,38"
19375,"3,21,187"
19376,"296,169,306"
19377,"199,169,259"
19378,"220,10,221"
19379,"10,402,44"
19380,"0,265,218"
19381,"10,11"
19382,"0,216,169"
19383,"23,40,74"
19384,"3,21,200"
19385,"0,8,235"
19386,"26,231,23"
19387,"3,200,21"
19388,"23,10,24"
19389,"40,135,118"
19390,"10,11"
19391,"0,216,271"
19392,"234,10,60"
19393,"49,23,24"
19394,"0,169,199"
19395,"3,21,300"
19396,"199,169,3"
19397,"3,21,187"
19398,"3,17,10"
19399,"220,10"
19400,"0,10,265"
19401,"0,216,211"
19402,"170,169,171"
19403,"23,38,74"
19404,"3,21,40"
19405,"10,402,40"
19406,"40,3,187"
19407,"169,170,337"
19408,"26,350,23"
19409,"10,64,11"
19410,"13,204,3"
19411,"10,220,221"
19412,"23,74,38"
19413,"23,74,38"
19414,"38,23,309"
19415,"5,3,6"
19416,"0,235,8"
19417,"10,23,24"
19418,"3,21,17"
19419,"3,21"
19420,"10,64,93"
19421,"23,71,38"
19422,"40,128,41"
19423,"40,23,175"
19424,"3,200,21"
19425,"0,8,206"
19426,"11,10,69"
19427,"147,148,3"
19428,"23,74,84"
19429,"10,93,64"
19430,"10,64,93"
19431,"187,3,21"
19432,"148,3,147"
19433,"40,10,145"
19434,"3,169,199"
19435,"23,31,24"
19436,"3,21"
19437,"23,26,0"
19438,"4,3,435"
19439,"3,21,23"
19440,"11,10,69"
19441,"49,23,24"
19442,"160,315,40"
19443,"49,23,24"
19444,"23,328,31"
19445,"0,10,123"
19446,"49,23,24"
19447,"0,10,265"
19448,"323,43,181"
19449,"38,23,74"
19450,"346,0,313"
19451,"0,271"
19452,"3,32,21"
19453,"3,200,21"
19454,"0,3,218"
19455,"3,17,187"
19456,"0,271,216"
19457,"0,271,218"
19458,"3,21,200"
19459,"169,0,199"
19460,"0,265,23"
19461,"160,40,3"
19462,"160,40,315"
19463,"3,21,315"
19464,"23,40,24"
19465,"10,11"
19466,"3,17,21"
19467,"23,38,26"
19468,"3,21,200"
19469,"40,315,160"
19470,"10,11,221"
19471,"40,184,131"
19472,"72,44,49"
19473,"3,21,200"
19474,"40,128,131"
19475,"23,40,31"
19476,"3,21,200"
19477,"23,71,74"
19478,"3,5,331"
19479,"402,40,145"
19480,"3,21,200"
19481,"170,169,171"
19482,"170,171,169"
19483,"0,271"
19484,"3,4,183"
19485,"199,169,259"
19486,"3,21,17"
19487,"3,23,53"
19488,"169,170,199"
19489,"3,523,53"
19490,"40,131"
19491,"40,131"
19492,"199,169,259"
19493,"3,21,200"
19494,"3,15,148"
19495,"169,199,374"
19496,"11,10,69"
19497,"10,49,24"
19498,"40,74,23"
19499,"3,169,170"
19500,"0,8,206"
19501,"3,21,200"
19502,"128,40,130"
19503,"10,64,40"
19504,"10,64,93"
19505,"23,74,24"
19506,"3,147,148"
19507,"40,160,41"
19508,"40,199,169"
19509,"3,21,200"
19510,"3,4"
19511,"169,0,170"
19512,"10,220"
19513,"40,10,145"
19514,"3,21,182"
19515,"43,23,24"
19516,"3,40,21"
19517,"40,160,131"
19518,"40,128,160"
19519,"10,11,69"
19520,"3,200,21"
19521,"0,235,8"
19522,"40,241,131"
19523,"23,74,38"
19524,"175,40,23"
19525,"23,24,10"
19526,"23,74,38"
19527,"64,10"
19528,"10,24,23"
19529,"3,15,85"
19530,"3,53,15"
19531,"290,40,199"
19532,"170,169,171"
19533,"199,169,251"
19534,"10,220"
19535,"40,128,41"
19536,"40,162,38"
19537,"40,146,145"
19538,"0,271,216"
19539,"40,160,315"
19540,"0,8,206"
19541,"23,74,38"
19542,"23,74,40"
19543,"3,53,523"
19544,"38,23,0"
19545,"3,199,169"
19546,"220,10"
19547,"3,21,40"
19548,"0,211,216"
19549,"3,147,148"
19550,"23,38,74"
19551,"3,21,200"
19552,"40,131,184"
19553,"23,84,74"
19554,"199,169,251"
19555,"169,337,199"
19556,"0,216,211"
19557,"10,11"
19558,"4,3,435"
19559,"3,23,74"
19560,"241,131,40"
19561,"23,328,31"
19562,"10,40,221"
19563,"40,129,128"
19564,"402,145,40"
19565,"231,26,23"
19566,"40,131,193"
19567,"3,21,200"
19568,"40,128,129"
19569,"0,271,346"
19570,"296,169,306"
19571,"4,3,375"
19572,"3,21,200"
19573,"10,220,24"
19574,"40,131,241"
19575,"23,40,38"
19576,"10,11,69"
19577,"3,21,199"
19578,"296,169"
19579,"4,3,435"
19580,"3,17,18"
19581,"10,145,402"
19582,"290,31,128"
19583,"128,40,129"
19584,"10,370,40"
19585,"3,118,367"
19586,"0,271,26"
19587,"3,21,40"
19588,"10,64,11"
19589,"4,3"
19590,"49,199,169"
19591,"3,187,21"
19592,"40,41,21"
19593,"0,265,10"
19594,"0,271,216"
19595,"3,200,148"
19596,"3,182,68"
19597,"40,131,135"
19598,"169,199,170"
19599,"3,111,267"
19600,"49,23,24"
19601,"169,199,0"
19602,"199,169,281"
19603,"10,220,40"
19604,"3,21,200"
19605,"3,21,40"
19606,"49,24,23"
19607,"3,21"
19608,"0,199,169"
19609,"11,10,69"
19610,"3,4,21"
19611,"3,13,204"
19612,"128,129,40"
19613,"49,48,3"
19614,"0,8,206"
19615,"3,21,200"
19616,"23,38,10"
19617,"199,169"
19618,"169,199,337"
19619,"220,10"
19620,"3,0,218"
19621,"3,182,21"
19622,"23,38,105"
19623,"74,23,84"
19624,"199,169"
19625,"3,4,200"
19626,"3,147,148"
19627,"0,206,8"
19628,"40,131"
19629,"84,74,23"
19630,"10,64,80"
19631,"0,216,211"
19632,"3,4,19"
19633,"26,0,23"
19634,"296,169,107"
19635,"138,135,40"
19636,"23,40,135"
19637,"3,21,200"
19638,"38,23,308"
19639,"72,44,23"
19640,"23,96,31"
19641,"40,3,128"
19642,"23,38,26"
19643,"40,160,315"
19644,"3,21,200"
19645,"402,10,145"
19646,"169,199,251"
19647,"0,271,26"
19648,"346,0,26"
19649,"32,23,31"
19650,"23,31,10"
19651,"23,38,8"
19652,"3,200,4"
19653,"402,40,10"
19654,"40,131"
19655,"23,38,24"
19656,"21,3,40"
19657,"3,21,200"
