id,label
0,"10,64,93"
1,"3,17,71"
2,"3,53,170"
3,"0,216,8"
4,"10,220,145"
5,"206,0,8"
6,"40,145,44"
7,"3,21,40"
8,"49,24,23"
9,"3,21,200"
10,"59,0,24"
11,"146,145,502"
12,"169,170,337"
13,"271,0"
14,"23,38,74"
15,"23,38,74"
16,"10,44,64"
17,"3,147,148"
18,"10,93,64"
19,"220,10"
20,"181,145,40"
21,"26,0,23"
22,"6,5,133"
23,"40,160,315"
24,"10,0,216"
25,"40,131"
26,"3,21,40"
27,"10,93,64"
28,"3,17"
29,"20,3,13"
30,"23,24,43"
31,"3,15,147"
32,"40,131"
33,"23,26,0"
34,"220,10"
35,"3,21,200"
36,"3,21,133"
37,"10,11,69"
38,"4,3,435"
39,"40,41,3"
40,"26,23,89"
41,"3,21,5"
42,"135,40,138"
43,"0,271,218"
44,"72,44,10"
45,"40,250,128"
46,"3,17,21"
47,"10,234,60"
48,"40,128,186"
49,"10,23,24"
50,"38,23,0"
51,"3,147,148"
52,"220,145,10"
53,"3,147,148"
54,"3,435,4"
55,"40,41,3"
56,"10,64,11"
57,"23,74,38"
58,"23,118,231"
59,"3,21,28"
60,"147,509,11"
61,"10,64"
62,"0,271"
63,"3,200,21"
64,"0,3,208"
65,"3,21,200"
66,"40,131,134"
67,"169,199,170"
68,"3,17,18"
69,"3,15,200"
70,"10,64"
71,"10,64"
72,"40,41,224"
73,"40,3,41"
74,"220,10"
75,"0,265,271"
76,"3,199,187"
77,"0,271,26"
78,"23,49,24"
79,"220,10"
80,"10,93,64"
81,"40,3,17"
82,"72,10,44"
83,"169,296,306"
84,"24,49,23"
85,"23,38,63"
86,"40,131"
87,"40,41,21"
88,"0,26,216"
89,"3,200,21"
90,"24,10,145"
91,"220,10"
92,"0,216,235"
93,"4,3,435"
94,"40,23,131"
95,"40,131,145"
96,"49,23,24"
97,"40,131,41"
98,"145,402,40"
99,"23,26,38"
100,"231,26,23"
101,"23,38,24"
102,"49,24,23"
103,"156,225,3"
104,"23,38,10"
105,"0,8,346"
106,"3,148,15"
107,"49,24,23"
108,"0,271,216"
109,"0,206,8"
110,"3,5,133"
111,"199,169,38"
112,"3,4,435"
113,"3,187,15"
114,"10,220"
115,"199,169"
116,"0,3,216"
117,"10,220,0"
118,"40,23,146"
119,"3,21,148"
120,"147,3,148"
121,"0,218,3"
122,"10,11,69"
123,"40,41,224"
124,"3,4,200"
125,"3,21,148"
126,"10,229,0"
127,"23,38,40"
128,"0,271,216"
129,"0,59,218"
130,"10,40,64"
131,"169,199,251"
132,"23,38,24"
133,"40,21,3"
134,"3,28,148"
135,"40,145,44"
136,"0,271,216"
137,"402,40,145"
138,"0,265,271"
139,"171,170,169"
140,"40,23,41"
141,"3,111,200"
142,"169,199,170"
143,"3,301,21"
144,"72,44,145"
145,"10,44,72"
146,"4,3,7"
147,"8,405,0"
148,"10,64"
149,"160,40,196"
150,"23,135,295"
151,"38,63,23"
152,"4,435,3"
153,"0,271,265"
154,"199,169,40"
155,"26,0,231"
156,"40,131"
157,"145,44,23"
158,"40,128,41"
159,"169,199,0"
160,"38,23,26"
161,"38,23,82"
162,"40,241,131"
163,"3,21,200"
164,"0,271,291"
165,"0,128,40"
166,"10,64,11"
167,"10,64,93"
168,"44,45,145"
169,"40,128,41"
170,"0,216,170"
171,"3,148,147"
172,"26,23,0"
173,"3,4"
174,"199,169,40"
175,"40,26,0"
176,"10,64"
177,"38,23,82"
178,"3,21,5"
179,"26,0,8"
180,"3,21,200"
181,"3,23,148"
182,"0,265,340"
183,"3,148,147"
184,"40,0,128"
185,"49,23,24"
186,"0,271,211"
187,"135,40,236"
188,"10,64,44"
189,"169,199,170"
190,"199,169"
191,"199,169,259"
192,"40,169,26"
193,"84,88,23"
194,"169,345,199"
195,"199,169,431"
196,"145,44,10"
197,"3,147,148"
198,"40,131"
199,"0,271,10"
200,"24,23,43"
201,"23,24,43"
202,"3,23,200"
203,"3,4,435"
204,"199,169,426"
205,"199,169,251"
206,"24,23,43"
207,"38,23"
208,"10,24,23"
209,"10,64"
210,"188,15,218"
211,"235,0,8"
212,"0,271,265"
213,"3,68,200"
214,"0,49,23"
215,"24,23,181"
216,"32,23,31"
217,"23,38,74"
218,"3,21,127"
219,"40,160"
220,"38,23"
221,"0,271,216"
222,"3,4,435"
223,"199,169"
224,"160,40,302"
225,"3,13,21"
226,"10,64,44"
227,"10,64,93"
228,"5,6,133"
229,"3,17,21"
230,"145,402,44"
231,"3,0,147"
232,"26,0,23"
233,"3,0,328"
234,"40,145,146"
235,"40,131,134"
236,"23,169,170"
237,"199,169"
238,"402,220,40"
239,"43,24,23"
240,"0,26,271"
241,"0,271"
242,"494,40,184"
243,"40,131,134"
244,"0,271,216"
245,"0,40,455"
246,"234,10,60"
247,"199,169,40"
248,"3,17,200"
249,"129,128,40"
250,"38,23,24"
251,"220,10"
252,"147,3,148"
253,"3,21,17"
254,"23,38,24"
255,"26,23,0"
256,"3,21,148"
257,"3,13,21"
258,"128,40,129"
259,"44,145,45"
260,"10,64,93"
261,"4,3,435"
262,"10,93,64"
263,"3,147,148"
264,"3,21,40"
265,"3,21,200"
266,"23,38,345"
267,"23,38,74"
268,"10,93,64"
269,"40,160,135"
270,"3,21,200"
271,"40,131,134"
272,"49,23,24"
273,"23,38,24"
274,"44,145,10"
275,"10,64"
276,"32,23,31"
277,"3,21,200"
278,"118,74,23"
279,"40,131"
280,"38,23,63"
281,"10,220"
282,"0,271,265"
283,"3,21,40"
284,"3,74,41"
285,"3,4,435"
286,"10,64,145"
287,"0,216,271"
288,"10,64,93"
289,"26,23,0"
290,"0,313,271"
291,"43,24,23"
292,"44,10,145"
293,"49,169,24"
294,"3,200,21"
295,"40,128,160"
296,"40,41,128"
297,"40,135,189"
298,"169,199,170"
299,"3,17,200"
300,"3,15,16"
301,"170,169,3"
302,"23,71,38"
303,"3,148,147"
304,"169,0,170"
305,"0,271,216"
306,"23,38,74"
307,"26,89,0"
308,"10,64"
309,"40,74,23"
310,"0,271,216"
311,"3,21,17"
312,"3,21,200"
313,"49,23,24"
314,"3,17"
315,"0,271,216"
316,"23,38,40"
317,"3,5,133"
318,"23,74,38"
319,"169,426,199"
320,"0,211,279"
321,"40,131,128"
322,"74,23,40"
323,"3,148,147"
324,"160,40,315"
325,"40,131,23"
326,"3,28,364"
327,"431,199,135"
328,"43,24,23"
329,"0,169,199"
330,"23,24,43"
331,"129,128,40"
332,"0,211,216"
333,"3,123,111"
334,"0,271,366"
335,"3,21,10"
336,"23,24,43"
337,"3,187,17"
338,"3,21,200"
339,"3,147,148"
340,"10,220"
341,"147,3,148"
342,"40,128,129"
343,"3,5,6"
344,"40,131,250"
345,"40,145,44"
346,"169,296,460"
347,"10,220"
348,"3,148,188"
349,"296,169,10"
350,"10,11,69"
351,"23,74,38"
352,"296,169"
353,"0,10,26"
354,"3,21,200"
355,"145,40,402"
356,"38,23,26"
357,"31,40,426"
358,"0,271,8"
359,"10,64,448"
360,"23,38,40"
361,"145,44,40"
362,"3,21,200"
363,"170,169,40"
364,"169,426,508"
365,"0,271,216"
366,"0,23,38"
367,"0,26,216"
368,"38,23,74"
369,"199,431,169"
370,"3,4,148"
371,"43,24,23"
372,"23,74,118"
373,"40,131"
374,"206,0,8"
375,"145,44,402"
376,"169,199,170"
377,"3,48,81"
378,"40,41,224"
379,"31,23,169"
380,"3,40,148"
381,"199,169,3"
382,"169,170,199"
383,"169,199,170"
384,"17,3,10"
385,"220,10"
386,"220,10"
387,"23,38,74"
388,"0,211,216"
389,"3,200,21"
390,"220,10"
391,"40,23,24"
392,"0,216,271"
393,"10,64"
394,"10,220,59"
395,"3,111,68"
396,"309,48,38"
397,"3,21,148"
398,"337,169,71"
399,"170,169"
400,"44,145,45"
401,"199,169,170"
402,"3,147,148"
403,"0,271,216"
404,"3,21,200"
405,"0,235,8"
406,"3,21,148"
407,"40,131,193"
408,"3,187,21"
409,"199,3,169"
410,"21,3,41"
411,"15,3,16"
412,"49,23,24"
413,"169,199"
414,"0,206,8"
415,"40,131"
416,"0,26,38"
417,"220,10"
418,"40,131,31"
419,"23,74,118"
420,"169,170,199"
421,"220,10"
422,"370,0,216"
423,"23,74,38"
424,"0,26,313"
425,"0,271,211"
426,"296,169,0"
427,"24,23,43"
428,"145,40,25"
429,"199,169"
430,"128,129,40"
431,"26,0,23"
432,"10,72,44"
433,"10,145,402"
434,"234,10,60"
435,"41,40,3"
436,"0,216,279"
437,"10,220"
438,"40,128,250"
439,"169,337,339"
440,"32,296,169"
441,"10,220,59"
442,"3,17,15"
443,"169,170,199"
444,"0,216,370"
445,"3,4,435"
446,"0,265,271"
447,"0,216,218"
448,"10,64,93"
449,"128,129,40"
450,"271,0"
451,"0,216,354"
452,"296,169,306"
453,"160,40,302"
454,"74,23,3"
455,"199,169"
456,"40,131,193"
457,"10,64,220"
458,"3,147,148"
459,"40,3,241"
460,"0,8,271"
461,"170,169,3"
462,"23,10,24"
463,"40,184,3"
464,"0,211,265"
465,"0,216,271"
466,"26,23,350"
467,"402,145,40"
468,"10,11,44"
469,"3,200,187"
470,"170,169,171"
471,"0,271"
472,"10,93,64"
473,"0,279,249"
474,"26,350,23"
475,"0,271,10"
476,"0,23,38"
477,"199,169,71"
478,"40,3,41"
479,"199,169"
480,"40,107,23"
481,"44,145,10"
482,"40,131"
483,"0,38,220"
484,"3,21,200"
485,"0,8,206"
486,"10,64"
487,"0,211,216"
488,"23,74,38"
489,"40,315,160"
490,"10,64"
491,"23,74,40"
492,"10,93,64"
493,"0,218,265"
494,"40,41,3"
495,"0,271,216"
496,"40,41,118"
497,"10,220,24"
498,"0,8,206"
499,"10,145,38"
500,"199,3,169"
501,"3,147,148"
502,"23,49,24"
503,"10,64"
504,"17,3,18"
505,"40,131,128"
506,"10,93,64"
507,"199,431,169"
508,"3,21,148"
509,"199,169,3"
510,"10,93,64"
511,"40,128,186"
512,"0,271,26"
513,"181,145,61"
514,"3,111,435"
515,"40,128,41"
516,"3,17,187"
517,"181,145,32"
518,"199,3,169"
519,"3,15"
520,"10,220,0"
521,"0,211,271"
522,"145,402,40"
523,"40,131"
524,"32,23,31"
525,"231,26,23"
526,"23,74,38"
527,"40,131,134"
528,"296,169"
529,"38,23"
530,"10,24,64"
531,"10,220"
532,"44,145,45"
533,"0,279,249"
534,"169,199,170"
535,"23,26,38"
536,"3,147,148"
537,"0,206,8"
538,"145,40,44"
539,"3,148,147"
540,"0,235,8"
541,"38,23"
542,"23,26,38"
543,"3,4"
544,"40,41,3"
545,"40,23,38"
546,"10,64"
547,"23,118,74"
548,"3,15,16"
549,"10,24,49"
550,"138,135,40"
551,"0,3,206"
552,"40,3,128"
553,"220,10"
554,"10,44,72"
555,"10,181,24"
556,"10,181,43"
557,"26,38,23"
558,"10,64,93"
559,"40,129,128"
560,"220,10"
561,"0,265,271"
562,"220,10"
563,"10,0,40"
564,"3,21,200"
565,"181,145,32"
566,"0,346,313"
567,"370,0,216"
568,"23,118,74"
569,"10,11,44"
570,"10,239,49"
571,"23,40,74"
572,"3,21,200"
573,"10,64,93"
574,"10,11,64"
575,"40,41,3"
576,"10,64,93"
577,"10,40,93"
578,"3,147,148"
579,"10,44,11"
580,"38,309,23"
581,"3,21,40"
582,"0,218,271"
583,"3,200,21"
584,"170,169,171"
585,"0,8,206"
586,"220,10"
587,"147,3,148"
588,"23,32,31"
589,"3,21,301"
590,"38,23,26"
591,"10,64"
592,"169,170,171"
593,"145,44,23"
594,"220,10"
595,"135,236,40"
596,"23,38,63"
597,"0,206,8"
598,"3,200,21"
599,"38,23,74"
600,"23,74,38"
601,"40,131,23"
602,"5,3,6"
603,"49,23,0"
604,"3,4,435"
605,"0,271,8"
606,"40,160"
607,"147,3,148"
608,"0,366,271"
609,"23,24,169"
610,"24,43,23"
611,"26,231,23"
612,"24,10,0"
613,"3,21,133"
614,"128,129,40"
615,"0,255,280"
616,"40,145,10"
617,"290,3,23"
618,"49,23,24"
619,"199,169,40"
620,"0,26,271"
621,"26,0,231"
622,"3,40,21"
623,"3,21,40"
624,"3,100,367"
625,"0,313,271"
626,"199,169"
627,"40,10,414"
628,"145,402,40"
629,"4,3"
630,"328,31,10"
631,"206,0,8"
632,"169,199,170"
633,"40,169,170"
634,"0,271,216"
635,"23,38,26"
636,"40,135,236"
637,"3,21,40"
638,"40,160,315"
639,"0,271"
640,"23,74,38"
641,"0,206,8"
642,"40,135,236"
643,"40,131,41"
644,"3,21,40"
645,"26,23,38"
646,"3,147,148"
647,"23,31,328"
648,"3,4,435"
649,"169,199,251"
650,"10,23,38"
651,"23,26,24"
652,"10,290,11"
653,"40,160,315"
654,"31,169,0"
655,"40,131,241"
656,"3,21,200"
657,"0,206,8"
658,"3,133,200"
659,"3,13,40"
660,"40,131"
661,"0,169,216"
662,"3,21,0"
663,"43,24,181"
664,"10,11,69"
665,"43,23,24"
666,"10,64,93"
667,"31,23,169"
668,"0,26,8"
669,"0,38,23"
670,"23,38,24"
671,"145,44,23"
672,"10,220"
673,"199,169,223"
674,"40,135,241"
675,"147,3,225"
676,"10,44,145"
677,"3,17,200"
678,"3,21,148"
679,"220,10"
680,"0,8,206"
681,"40,131,134"
682,"10,64,221"
683,"23,74,38"
684,"23,74,38"
685,"3,21,200"
686,"402,40,145"
687,"169,199"
688,"169,199,23"
689,"10,220"
690,"3,21,148"
691,"40,38,169"
692,"3,200,53"
693,"10,93,64"
694,"0,206,8"
695,"38,23"
696,"71,23,38"
697,"15,3,16"
698,"3,200,148"
699,"40,131,128"
700,"17,3,18"
701,"38,23,10"
702,"23,38,74"
703,"23,38,40"
704,"23,38,74"
705,"135,138,40"
706,"128,40,129"
707,"40,41,224"
708,"0,8,327"
709,"24,49,23"
710,"3,17,21"
711,"23,40,74"
712,"15,3,16"
713,"0,211,212"
714,"309,169,48"
715,"49,23,24"
716,"3,147,148"
717,"3,4,435"
718,"3,21,40"
719,"23,74,38"
720,"3,147,148"
721,"10,72,44"
722,"3,21,148"
723,"3,148,147"
724,"3,5,133"
725,"43,24,23"
726,"3,170,169"
727,"0,8,271"
728,"199,169,10"
729,"40,41,224"
730,"169,199"
731,"169,170,405"
732,"3,17,200"
733,"44,145,45"
734,"199,169"
735,"199,169,0"
736,"10,93,64"
737,"199,169,259"
738,"10,11,489"
739,"0,8,346"
740,"23,38,26"
741,"0,271"
742,"3,4,200"
743,"10,23,24"
744,"40,0,145"
745,"3,4,435"
746,"10,23,62"
747,"31,328,258"
748,"3,199,169"
749,"44,145,10"
750,"40,41,21"
751,"24,43,23"
752,"3,111,123"
753,"170,169"
754,"169,170,337"
755,"181,145,43"
756,"145,44,40"
757,"40,250,135"
758,"3,15,16"
759,"169,170,337"
760,"169,170,296"
761,"0,40,328"
762,"10,64,239"
763,"3,21,148"
764,"3,21,148"
765,"0,8,235"
766,"0,265,8"
767,"199,169,251"
768,"0,265,271"
769,"199,181,145"
770,"3,111,123"
771,"10,64"
772,"3,15,16"
773,"3,200,21"
774,"199,169"
775,"3,21,200"
776,"3,169,170"
777,"40,23,128"
778,"4,3,435"
779,"10,23,24"
780,"10,93,64"
781,"10,181,323"
782,"0,271"
783,"3,40,13"
784,"3,21,200"
785,"38,23,169"
786,"169,199,0"
787,"23,74,38"
788,"8,0,206"
789,"26,0,89"
790,"3,40,21"
791,"220,10"
792,"44,145,45"
793,"23,38,26"
794,"199,169"
795,"40,131"
796,"3,5,133"
797,"3,147,148"
798,"40,184,131"
799,"111,40,112"
800,"40,169,135"
801,"0,128,8"
802,"0,38,26"
803,"3,40,17"
804,"3,53,200"
805,"199,169"
806,"40,26,0"
807,"23,24,71"
808,"199,169,3"
809,"170,169,3"
810,"23,38,24"
811,"24,43,23"
812,"44,145,10"
813,"0,271,216"
814,"40,3,21"
815,"40,128,41"
816,"3,21,148"
817,"0,3,265"
818,"3,17,21"
819,"170,169"
820,"0,255,216"
821,"3,17,40"
822,"169,199,426"
823,"24,23,43"
824,"3,148,147"
825,"40,145,131"
826,"0,8,391"
827,"72,44,10"
828,"169,170,296"
829,"40,131,478"
830,"10,64,11"
831,"0,271,216"
832,"44,10,145"
833,"199,169,40"
834,"3,21,200"
835,"23,74,38"
836,"169,199,426"
837,"40,184,131"
838,"3,4,200"
839,"3,5,6"
840,"402,40,145"
841,"41,3,224"
842,"3,5,133"
843,"26,89,23"
844,"23,49,24"
845,"23,38,93"
846,"169,199,170"
847,"40,128,130"
848,"0,271,218"
849,"23,31,96"
850,"169,199,170"
851,"23,38,44"
852,"32,31,23"
853,"71,23,24"
854,"169,170,3"
855,"40,146,145"
856,"49,24,23"
857,"10,64,93"
858,"3,148,4"
859,"169,170,459"
860,"23,38,26"
861,"181,43,24"
862,"40,10,100"
863,"0,216,271"
864,"3,13,21"
865,"40,128,41"
866,"3,21,301"
867,"170,171,169"
868,"3,301,13"
869,"24,23,43"
870,"40,128,131"
871,"38,23,48"
872,"3,148,21"
873,"169,199,170"
874,"0,271,213"
875,"145,44,402"
876,"3,13,21"
877,"40,131"
878,"170,171,169"
879,"23,38,26"
880,"3,200,4"
881,"0,206,8"
882,"145,402,40"
883,"40,131,128"
884,"44,145,10"
885,"40,41,42"
886,"169,199,251"
887,"10,72,61"
888,"3,148,147"
889,"199,169,431"
890,"145,44,40"
891,"275,3"
892,"23,38,74"
893,"10,44,145"
894,"44,145,10"
895,"3,148,147"
896,"40,131"
897,"3,21,148"
898,"40,41,224"
899,"169,0,271"
900,"0,279,271"
901,"3,21,41"
902,"23,25,10"
903,"40,131"
904,"10,64,93"
905,"38,23,10"
906,"0,216,8"
907,"0,8,235"
908,"3,13,10"
909,"40,250,128"
910,"220,10"
911,"10,72,44"
912,"10,68,40"
913,"44,145,10"
914,"10,64"
915,"220,10"
916,"3,4,435"
917,"0,218,271"
918,"3,4,435"
919,"0,290,23"
920,"3,147,156"
921,"234,10,60"
922,"23,3,28"
923,"10,64,93"
924,"40,146,145"
925,"23,38,24"
926,"234,10,60"
927,"128,40,130"
928,"3,40,21"
929,"3,147,148"
930,"0,40,26"
931,"229,10,220"
932,"38,0,23"
933,"23,38,74"
934,"181,43,323"
935,"426,169,508"
936,"3,21,40"
937,"3,15,200"
938,"3,148,147"
939,"296,169,306"
940,"4,3,435"
941,"26,0,40"
942,"3,147,120"
943,"199,169,431"
944,"3,4"
945,"169,199,170"
946,"0,8,206"
947,"3,21,148"
948,"118,74,23"
949,"40,131,241"
950,"0,271"
951,"10,49,24"
952,"170,169,171"
953,"10,23,40"
954,"49,23,24"
955,"10,72,11"
956,"145,402,40"
957,"49,24,23"
958,"234,10,60"
959,"181,40,145"
960,"169,170,199"
961,"199,169,3"
962,"59,40,24"
963,"40,250,41"
964,"10,24,23"
965,"128,40,130"
966,"10,64"
967,"169,337,170"
968,"3,188,15"
969,"23,74,71"
970,"40,138,135"
971,"40,160,315"
972,"23,62,74"
973,"216,370,0"
974,"220,10"
975,"199,169,0"
976,"206,8,0"
977,"40,3,41"
978,"3,21,200"
979,"23,74,38"
980,"49,24,23"
981,"0,235,8"
982,"17,3,18"
983,"3,21,148"
984,"40,131,134"
985,"40,160,315"
986,"23,38,24"
987,"131,40,134"
988,"10,64,93"
989,"3,21,40"
990,"3,187,21"
991,"10,24,145"
992,"199,169,23"
993,"3,21,148"
994,"24,10,23"
995,"3,21,187"
996,"199,169"
997,"40,131"
998,"40,74,317"
999,"23,62,24"
1000,"0,271,40"
1001,"3,4,435"
1002,"0,216,8"
1003,"23,40,131"
1004,"3,148,21"
1005,"169,199,170"
1006,"3,21,148"
1007,"44,145,23"
1008,"169,170,296"
1009,"10,11,69"
1010,"231,26,23"
1011,"3,21,148"
1012,"3,21,0"
1013,"10,64,448"
1014,"3,21,200"
1015,"0,265,23"
1016,"23,38,24"
1017,"38,23"
1018,"3,21,199"
1019,"3,4,435"
1020,"0,271,218"
1021,"220,10"
1022,"0,235,8"
1023,"26,23,89"
1024,"3,4,70"
1025,"40,250,128"
1026,"0,8,271"
1027,"26,23,89"
1028,"3,21,147"
1029,"23,24,43"
1030,"10,24,40"
1031,"181,40,43"
1032,"40,128,186"
1033,"3,21,148"
1034,"3,199,169"
1035,"3,23,53"
1036,"3,15"
1037,"3,148,147"
1038,"40,3,17"
1039,"43,24,23"
1040,"31,328,96"
1041,"145,44,40"
1042,"0,265,216"
1043,"169,0,199"
1044,"10,64,11"
1045,"71,23,24"
1046,"3,21,40"
1047,"426,169,199"
1048,"220,10"
1049,"0,216,271"
1050,"10,64,93"
1051,"3,148,40"
1052,"220,10"
1053,"10,24,181"
1054,"40,131,184"
1055,"146,38,145"
1056,"220,10"
1057,"3,15,200"
1058,"3,147,148"
1059,"40,3,131"
1060,"23,24,43"
1061,"3,21,301"
1062,"3,40,8"
1063,"0,211,216"
1064,"3,21,40"
1065,"40,184,152"
1066,"44,145,45"
1067,"169,0,199"
1068,"3,224,41"
1069,"3,40,111"
1070,"3,5,21"
1071,"0,265,49"
1072,"10,24,239"
1073,"206,8,0"
1074,"3,68,53"
1075,"3,21,200"
1076,"26,23,231"
1077,"147,3,156"
1078,"40,315,152"
1079,"40,41,224"
1080,"3,133,17"
1081,"3,21,301"
1082,"23,26,89"
1083,"250,38,23"
1084,"40,41,307"
1085,"10,40,64"
1086,"0,216,31"
1087,"10,64,60"
1088,"3,187,21"
1089,"40,128,23"
1090,"3,4,435"
1091,"40,3,131"
1092,"23,74,38"
1093,"40,3,21"
1094,"199,169"
1095,"0,169,199"
1096,"3,17,148"
1097,"40,3,21"
1098,"40,135,41"
1099,"40,146,145"
1100,"0,271,216"
1101,"0,271,280"
1102,"3,147,148"
1103,"24,10,23"
1104,"3,199,21"
1105,"23,38,74"
1106,"23,38,309"
1107,"170,171,169"
1108,"199,169,145"
1109,"199,169"
1110,"10,239,60"
1111,"0,8,206"
1112,"49,23,24"
1113,"3,4,435"
1114,"170,171,169"
1115,"40,160"
1116,"60,24,23"
1117,"0,216,8"
1118,"40,128,129"
1119,"40,146,23"
1120,"10,93,64"
1121,"3,17,21"
1122,"169,170,128"
1123,"40,131,23"
1124,"3,21,148"
1125,"169,199,170"
1126,"3,21,200"
1127,"10,64"
1128,"23,26,38"
1129,"0,366,271"
1130,"8,0,206"
1131,"10,23,24"
1132,"0,271"
1133,"10,64,44"
1134,"10,11,24"
1135,"0,211,212"
1136,"3,21,200"
1137,"169,170,405"
1138,"220,10"
1139,"169,199,0"
1140,"169,0,296"
1141,"3,21,301"
1142,"220,10"
1143,"199,169,251"
1144,"10,11,72"
1145,"23,24,38"
1146,"3,21,301"
1147,"0,26,10"
1148,"26,23,38"
1149,"3,21,301"
1150,"3,147,148"
1151,"3,40,21"
1152,"145,44,402"
1153,"10,40,220"
1154,"402,145,40"
1155,"10,24,23"
1156,"145,44,40"
1157,"0,218,271"
1158,"26,0,23"
1159,"3,523,147"
1160,"170,171,169"
1161,"3,187,21"
1162,"231,26,23"
1163,"23,74,32"
1164,"0,265,340"
1165,"23,38,74"
1166,"3,170,200"
1167,"3,147,148"
1168,"0,271,216"
1169,"23,145,24"
1170,"0,354,216"
1171,"23,74,38"
1172,"4,3,19"
1173,"23,26,0"
1174,"0,23,38"
1175,"23,62,169"
1176,"24,23,43"
1177,"0,271"
1178,"10,64,220"
1179,"40,160,315"
1180,"170,169,171"
1181,"199,0,169"
1182,"0,265,340"
1183,"38,23,82"
1184,"26,23,350"
1185,"32,31,23"
1186,"220,10"
1187,"3,200,15"
1188,"290,0,23"
1189,"170,171,169"
1190,"32,23,31"
1191,"135,40,236"
1192,"181,40,323"
1193,"40,41,128"
1194,"0,265,269"
1195,"199,169"
1196,"3,4,435"
1197,"40,160,315"
1198,"0,23,38"
1199,"23,24,10"
1200,"10,11,205"
1201,"32,23,31"
1202,"3,21,41"
1203,"23,38,74"
1204,"10,24,23"
1205,"71,23,24"
1206,"0,8,235"
1207,"0,265,218"
1208,"220,10"
1209,"24,23,43"
1210,"169,0,38"
1211,"169,199,426"
1212,"10,64"
1213,"199,169"
1214,"26,350,23"
1215,"10,220"
1216,"40,135,74"
1217,"3,523,147"
1218,"40,123,3"
1219,"10,64,24"
1220,"199,169,259"
1221,"220,10"
1222,"3,148,200"
1223,"3,40,21"
1224,"40,131"
1225,"11,10,69"
1226,"38,250,23"
1227,"40,128,131"
1228,"40,131,193"
1229,"199,169,10"
1230,"40,175,128"
1231,"3,23,38"
1232,"0,216,8"
1233,"23,38,26"
1234,"199,169,145"
1235,"74,23,40"
1236,"220,10"
1237,"38,0,23"
1238,"402,328,40"
1239,"10,3,13"
1240,"0,8,327"
1241,"3,21,200"
1242,"44,145,40"
1243,"40,128,186"
1244,"10,11,69"
1245,"0,271,218"
1246,"199,431,40"
1247,"40,23,74"
1248,"10,64,40"
1249,"199,169"
1250,"0,59,265"
1251,"10,64"
1252,"3,21,301"
1253,"23,40,38"
1254,"41,40,224"
1255,"231,23,145"
1256,"3,4,435"
1257,"0,271,265"
1258,"169,199"
1259,"0,265,218"
1260,"3,21,148"
1261,"32,300,40"
1262,"93,10,64"
1263,"0,3,40"
1264,"23,24,145"
1265,"3,40,21"
1266,"3,17"
1267,"40,38,23"
1268,"231,26,23"
1269,"3,148,200"
1270,"40,3,21"
1271,"71,23,44"
1272,"3,21,200"
1273,"23,24,38"
1274,"170,459,169"
1275,"23,38,26"
1276,"17,3,199"
1277,"3,147,148"
1278,"40,135,386"
1279,"15,16,3"
1280,"10,220,221"
1281,"3,21,200"
1282,"10,24,145"
1283,"3,523,147"
1284,"170,3,169"
1285,"3,21,148"
1286,"0,271,216"
1287,"26,350,89"
1288,"128,40,130"
1289,"10,229,0"
1290,"220,10"
1291,"199,169"
1292,"32,31,23"
1293,"26,231,23"
1294,"3,15,275"
1295,"3,148,147"
1296,"5,3,6"
1297,"3,21,148"
1298,"3,147,148"
1299,"10,64,93"
1300,"23,26,38"
1301,"23,63,38"
1302,"3,21,200"
1303,"3,93,290"
1304,"3,4,200"
1305,"3,200,147"
1306,"68,3,23"
1307,"199,169"
1308,"169,337,170"
1309,"4,3,275"
1310,"3,147,148"
1311,"23,71,26"
1312,"0,3,10"
1313,"44,145,40"
1314,"38,23,309"
1315,"199,169,3"
1316,"62,3,169"
1317,"0,3,265"
1318,"199,169,0"
1319,"3,40,21"
1320,"10,64,93"
1321,"220,10"
1322,"3,147,148"
1323,"23,74,38"
1324,"23,38,26"
1325,"3,170,169"
1326,"23,26,38"
1327,"220,10"
1328,"3,287,40"
1329,"3,21,40"
1330,"10,64,448"
1331,"3,4,148"
1332,"3,199,169"
1333,"169,40,170"
1334,"0,271,313"
1335,"3,21,364"
1336,"3,13,21"
1337,"220,10"
1338,"40,3,21"
1339,"3,147,156"
1340,"3,21,187"
1341,"40,146,145"
1342,"169,170,199"
1343,"199,169"
1344,"10,220"
1345,"40,128,129"
1346,"169,199,0"
1347,"147,3,148"
1348,"135,138,40"
1349,"169,199,10"
1350,"23,24,49"
1351,"0,271,313"
1352,"188,3,4"
1353,"0,313,346"
1354,"3,287,53"
1355,"0,271,26"
1356,"3,120,147"
1357,"3,200,21"
1358,"23,74,38"
1359,"10,44,72"
1360,"3,147,40"
1361,"40,128,130"
1362,"3,48,81"
1363,"169,199,251"
1364,"3,199,169"
1365,"49,199,169"
1366,"26,38,23"
1367,"3,28,148"
1368,"3,21,200"
1369,"23,74,38"
1370,"0,271"
1371,"40,41,128"
1372,"44,145,40"
1373,"44,145,45"
1374,"145,24,44"
1375,"44,145,45"
1376,"3,200,148"
1377,"169,170,199"
1378,"10,64,24"
1379,"23,38,26"
1380,"145,44,45"
1381,"0,206,8"
1382,"3,15,200"
1383,"3,41,40"
1384,"3,21,301"
1385,"40,160,315"
1386,"181,323,43"
1387,"89,26,0"
1388,"11,10,69"
1389,"3,21,200"
1390,"17,3,18"
1391,"0,216,10"
1392,"3,170,169"
1393,"40,131,128"
1394,"3,21,40"
1395,"135,138,40"
1396,"44,145,45"
1397,"0,271,10"
1398,"38,23"
1399,"169,199,251"
1400,"40,128,41"
1401,"169,38,170"
1402,"3,4,147"
1403,"3,40,21"
1404,"145,44,10"
1405,"199,169,323"
1406,"3,17,21"
1407,"3,148,21"
1408,"3,364,28"
1409,"23,24,10"
1410,"239,60,96"
1411,"26,23,0"
1412,"187,40,241"
1413,"145,40,10"
1414,"10,220,221"
1415,"3,21,147"
1416,"3,15,275"
1417,"3,21,200"
1418,"3,5,133"
1419,"0,327,8"
1420,"40,3,41"
1421,"23,38,345"
1422,"40,160,315"
1423,"23,38,26"
1424,"23,74,38"
1425,"3,21,147"
1426,"199,40,21"
1427,"23,38,26"
1428,"44,72,145"
1429,"3,21,200"
1430,"10,145,44"
1431,"3,21,40"
1432,"38,23,24"
1433,"10,64,93"
1434,"10,145,44"
1435,"10,64,448"
1436,"169,23,38"
1437,"199,169"
1438,"23,49,24"
1439,"23,40,10"
1440,"3,148,21"
1441,"3,200,21"
1442,"0,169,337"
1443,"10,64,24"
1444,"10,72,11"
1445,"23,24,49"
1446,"23,118,74"
1447,"49,24,23"
1448,"40,145,10"
1449,"40,3,41"
1450,"0,8,235"
1451,"3,111,267"
1452,"10,234,23"
1453,"3,21,40"
1454,"10,64"
1455,"160,40"
1456,"3,4,200"
1457,"41,40,224"
1458,"3,187,199"
1459,"199,169,431"
1460,"24,23,43"
1461,"40,3,41"
1462,"10,44,72"
1463,"145,44,23"
1464,"23,24,43"
1465,"128,129,40"
1466,"0,271,231"
1467,"199,169,181"
1468,"0,8,206"
1469,"23,118,74"
1470,"169,426,170"
1471,"43,23,24"
1472,"0,271,265"
1473,"5,3,6"
1474,"4,3,435"
1475,"10,64"
1476,"10,220,24"
1477,"3,4,435"
1478,"0,271,216"
1479,"40,128,186"
1480,"23,74,38"
1481,"145,40,44"
1482,"3,147,148"
1483,"0,271,216"
1484,"49,24,23"
1485,"3,15,200"
1486,"3,200,21"
1487,"62,10,23"
1488,"3,21,17"
1489,"40,131"
1490,"3,200,148"
1491,"10,24,60"
1492,"23,24,43"
1493,"0,271"
1494,"3,148,147"
1495,"38,23"
1496,"23,38,74"
1497,"40,131,128"
1498,"145,38,23"
1499,"40,131"
1500,"38,23,39"
1501,"3,301,21"
1502,"169,337,199"
1503,"220,10"
1504,"38,23,74"
1505,"3,148,21"
1506,"169,199,0"
1507,"26,23,38"
1508,"21,3,40"
1509,"0,271,255"
1510,"3,21,187"
1511,"169,170,199"
1512,"40,135,138"
1513,"0,206,8"
1514,"199,40,431"
1515,"3,148,147"
1516,"337,169,339"
1517,"128,40,195"
1518,"23,24,10"
1519,"3,147,148"
1520,"23,10,74"
1521,"43,24,23"
1522,"3,21,127"
1523,"23,49,24"
1524,"10,64,24"
1525,"10,11,69"
1526,"49,23,24"
1527,"10,64,11"
1528,"0,211,279"
1529,"38,23,0"
1530,"199,169,32"
1531,"10,220"
1532,"10,24,145"
1533,"24,23,10"
1534,"44,72,145"
1535,"10,220,23"
1536,"169,0,170"
1537,"169,170,199"
1538,"0,271,3"
1539,"3,15,147"
1540,"38,23,74"
1541,"199,169,3"
1542,"3,147,148"
1543,"40,135,138"
1544,"24,10,23"
1545,"40,128,129"
1546,"40,307,10"
1547,"234,10,60"
1548,"145,44,40"
1549,"10,64,24"
1550,"0,216,271"
1551,"3,4,435"
1552,"23,74,118"
1553,"3,4,435"
1554,"3,15,4"
1555,"3,74,15"
1556,"0,199,169"
1557,"3,53,200"
1558,"10,220"
1559,"10,323,181"
1560,"169,296,170"
1561,"10,64,40"
1562,"3,147,200"
1563,"63,23,38"
1564,"3,21,115"
1565,"138,135,169"
1566,"44,23,38"
1567,"0,271,218"
1568,"23,38,74"
1569,"206,8,0"
1570,"10,64"
1571,"23,44,145"
1572,"17,3,18"
1573,"296,169,306"
1574,"10,24,145"
1575,"10,220"
1576,"23,38,24"
1577,"147,3,148"
1578,"128,40,129"
1579,"199,169,0"
1580,"3,21,200"
1581,"3,15,21"
1582,"181,10,323"
1583,"169,170,199"
1584,"3,21,200"
1585,"40,23,74"
1586,"199,169,10"
1587,"3,21,200"
1588,"199,10,323"
1589,"23,74,40"
1590,"40,128,131"
1591,"44,145,45"
1592,"199,169,251"
1593,"170,171,169"
1594,"24,23,43"
1595,"170,171,169"
1596,"195,128,0"
1597,"147,3,148"
1598,"3,133,5"
1599,"145,44,402"
1600,"199,169,24"
1601,"40,128,186"
1602,"10,64,145"
1603,"10,11,69"
1604,"0,267,40"
1605,"3,147,148"
1606,"40,41,128"
1607,"296,169,306"
1608,"169,170,40"
1609,"3,15,187"
1610,"49,23,24"
1611,"40,184,128"
1612,"38,23,137"
1613,"3,200,21"
1614,"199,169,170"
1615,"3,200,4"
1616,"0,271"
1617,"38,23,26"
1618,"3,21,200"
1619,"220,10"
1620,"169,3,199"
1621,"199,169,431"
1622,"199,431,169"
1623,"169,296,336"
1624,"0,271,216"
1625,"23,26,38"
1626,"220,10,24"
1627,"23,74,118"
1628,"40,41,250"
1629,"40,131,134"
1630,"40,10,43"
1631,"40,131,145"
1632,"0,26,23"
1633,"3,148,147"
1634,"10,44,64"
1635,"0,216,279"
1636,"23,10,38"
1637,"0,271,8"
1638,"3,4,200"
1639,"40,131,23"
1640,"199,169,3"
1641,"3,21,148"
1642,"3,17,10"
1643,"10,72,44"
1644,"181,10,43"
1645,"0,271"
1646,"10,181,24"
1647,"10,17,40"
1648,"23,24,10"
1649,"23,74,38"
1650,"10,64,93"
1651,"0,265,340"
1652,"3,5,133"
1653,"0,216,40"
1654,"3,21,148"
1655,"147,3,148"
1656,"49,23,24"
1657,"169,170,426"
1658,"3,147,148"
1659,"44,145,45"
1660,"31,169,96"
1661,"5,6,3"
1662,"128,40,130"
1663,"40,131,134"
1664,"4,3,435"
1665,"44,145,45"
1666,"40,3,131"
1667,"72,44,10"
1668,"3,113,28"
1669,"40,131,134"
1670,"0,59,218"
1671,"44,145,10"
1672,"199,169,3"
1673,"287,3,53"
1674,"40,23,3"
1675,"24,43,23"
1676,"0,271,216"
1677,"199,169,10"
1678,"346,128,313"
1679,"3,111,123"
1680,"24,23,43"
1681,"0,218,271"
1682,"0,8,206"
1683,"3,21,200"
1684,"3,21,148"
1685,"0,271,216"
1686,"3,21,200"
1687,"40,3,17"
1688,"3,21,200"
1689,"40,131,134"
1690,"3,367,40"
1691,"3,187,21"
1692,"199,169,251"
1693,"3,4,148"
1694,"0,216,211"
1695,"23,74,40"
1696,"10,220,24"
1697,"40,128,129"
1698,"3,147,148"
1699,"40,128,41"
1700,"10,72,44"
1701,"3,111,0"
1702,"3,21,148"
1703,"0,271,216"
1704,"10,234,11"
1705,"3,147,21"
1706,"3,147,148"
1707,"0,271,26"
1708,"23,40,135"
1709,"40,184,131"
1710,"72,61,60"
1711,"0,235,8"
1712,"145,23,40"
1713,"169,199,0"
1714,"3,15,147"
1715,"171,170,169"
1716,"15,3,16"
1717,"0,128,40"
1718,"169,296,170"
1719,"0,23,38"
1720,"40,131"
1721,"24,43,23"
1722,"10,44,72"
1723,"145,44,40"
1724,"40,128,23"
1725,"10,220"
1726,"26,231,23"
1727,"74,23,165"
1728,"23,38,10"
1729,"0,218,216"
1730,"3,187,21"
1731,"199,169"
1732,"170,169"
1733,"10,64,93"
1734,"3,21"
1735,"0,271,216"
1736,"145,44,10"
1737,"3,17,21"
1738,"10,181,24"
1739,"0,3,40"
1740,"3,21,200"
1741,"3,21,148"
1742,"0,216,235"
1743,"169,199,0"
1744,"48,169,3"
1745,"3,21,148"
1746,"199,40,3"
1747,"3,4,148"
1748,"89,26,40"
1749,"10,64"
1750,"10,64,40"
1751,"290,10,31"
1752,"23,26,0"
1753,"0,271"
1754,"181,40,145"
1755,"199,169,40"
1756,"40,128,41"
1757,"23,38,24"
1758,"0,313,346"
1759,"23,26,231"
1760,"38,309,23"
1761,"3,200,21"
1762,"44,145,45"
1763,"169,170,199"
1764,"220,10"
1765,"40,41,3"
1766,"135,138,40"
1767,"0,26,216"
1768,"3,147,148"
1769,"199,169,3"
1770,"3,21,200"
1771,"0,8,235"
1772,"3,21,169"
1773,"40,128,21"
1774,"10,44,72"
1775,"199,169,40"
1776,"10,64"
1777,"3,200,21"
1778,"3,21,40"
1779,"3,21,301"
1780,"169,199,170"
1781,"169,199,0"
1782,"0,271,231"
1783,"23,74,38"
1784,"129,128,40"
1785,"170,169,171"
1786,"23,38,24"
1787,"40,145,44"
1788,"40,160,41"
1789,"199,169,170"
1790,"307,74,38"
1791,"220,10"
1792,"23,38,74"
1793,"10,44,145"
1794,"40,386,135"
1795,"0,216,169"
1796,"23,38,26"
1797,"10,220"
1798,"23,38,74"
1799,"3,21,148"
1800,"23,31,38"
1801,"0,169,199"
1802,"3,187,21"
1803,"24,23,44"
1804,"23,71,74"
1805,"0,235,8"
1806,"199,3,169"
1807,"49,24,23"
1808,"40,128,41"
1809,"23,31,32"
1810,"169,31,23"
1811,"3,28,113"
1812,"3,5,133"
1813,"10,220"
1814,"169,170,296"
1815,"25,10,24"
1816,"41,40,224"
1817,"3,40,21"
1818,"181,323,43"
1819,"3,53,10"
1820,"44,145,23"
1821,"118,74,23"
1822,"3,21,148"
1823,"23,26,38"
1824,"3,40,148"
1825,"23,38,0"
1826,"145,10,40"
1827,"10,145,64"
1828,"3,21,148"
1829,"171,170,169"
1830,"169,170,508"
1831,"0,216,211"
1832,"0,271,216"
1833,"3,200,148"
1834,"169,170,0"
1835,"0,313,346"
1836,"96,239,60"
1837,"145,44,40"
1838,"3,523,147"
1839,"0,23,38"
1840,"40,128,131"
1841,"3,21,17"
1842,"3,148,21"
1843,"3,21,17"
1844,"0,216"
1845,"10,220,145"
1846,"40,184,151"
1847,"74,23,94"
1848,"0,271,26"
1849,"3,15"
1850,"15,3,16"
1851,"10,44,145"
1852,"3,111,40"
1853,"3,40,13"
1854,"10,93,64"
1855,"169,0,8"
1856,"206,0,8"
1857,"40,128,250"
1858,"40,41,160"
1859,"0,271,265"
1860,"84,23,74"
1861,"40,135,41"
1862,"26,350,0"
1863,"10,64,93"
1864,"32,31,23"
1865,"40,131,134"
1866,"0,8,235"
1867,"426,169,508"
1868,"23,74,38"
1869,"206,0,8"
1870,"40,160,315"
1871,"0,271,40"
1872,"32,169,31"
1873,"0,216,265"
1874,"23,38,24"
1875,"40,131,241"
1876,"128,129,40"
1877,"43,24,23"
1878,"3,21,148"
1879,"0,271,313"
1880,"0,370,216"
1881,"199,10,169"
1882,"10,64,3"
1883,"118,23,74"
1884,"199,40,169"
1885,"3,4,15"
1886,"3,21,200"
1887,"181,323,10"
1888,"10,64,93"
1889,"3,147,156"
1890,"23,74,118"
1891,"15,3,16"
1892,"0,271,216"
1893,"220,10"
1894,"38,309,23"
1895,"206,0,8"
1896,"25,23,10"
1897,"26,10,23"
1898,"3,70,4"
1899,"0,26,271"
1900,"40,23,135"
1901,"3,17"
1902,"10,3,169"
1903,"3,21,200"
1904,"3,17,10"
1905,"3,147,523"
1906,"0,26,218"
1907,"3,200,111"
1908,"3,147,148"
1909,"3,4,435"
1910,"10,220,23"
1911,"220,10"
1912,"0,128,195"
1913,"3,200,21"
1914,"199,169"
1915,"0,271,216"
1916,"3,147,148"
1917,"0,271,218"
1918,"0,216,211"
1919,"199,169"
1920,"23,74,38"
1921,"10,64"
1922,"23,118,26"
1923,"3,4,435"
1924,"40,41"
1925,"3,4"
1926,"3,4,188"
1927,"0,26,23"
1928,"169,170,40"
1929,"3,5,6"
1930,"23,44,24"
1931,"23,38"
1932,"0,271,216"
1933,"3,147,148"
1934,"220,10"
1935,"118,74,23"
1936,"169,199"
1937,"40,41,286"
1938,"3,21,301"
1939,"426,169,508"
1940,"23,24,43"
1941,"10,0,220"
1942,"0,271"
1943,"23,38,74"
1944,"169,31,171"
1945,"74,40,23"
1946,"74,23,283"
1947,"23,74,165"
1948,"220,10"
1949,"11,10,69"
1950,"23,74,38"
1951,"145,49,24"
1952,"199,169"
1953,"3,4,435"
1954,"220,10"
1955,"3,40,21"
1956,"10,64"
1957,"3,147,148"
1958,"3,147,148"
1959,"0,271"
1960,"169,0,216"
1961,"3,4,200"
1962,"10,220"
1963,"10,93,64"
1964,"169,296,199"
1965,"49,23,24"
1966,"10,72,44"
1967,"23,38,74"
1968,"10,64,93"
1969,"0,271"
1970,"38,23,309"
1971,"220,10"
1972,"10,220"
1973,"23,71,74"
1974,"220,10"
1975,"0,265,211"
1976,"0,271,280"
1977,"23,38,3"
1978,"0,271"
1979,"0,206,8"
1980,"24,23,43"
1981,"3,148,147"
1982,"10,64"
1983,"3,148,147"
1984,"0,235,8"
1985,"23,24,43"
1986,"0,216,271"
1987,"0,26,271"
1988,"40,131"
1989,"220,10"
1990,"3,200,147"
1991,"10,24,40"
1992,"3,147,21"
1993,"3,10,53"
1994,"3,21,40"
1995,"23,24,74"
1996,"426,508,169"
1997,"199,169"
1998,"199,169,170"
1999,"23,64,26"
2000,"0,235,8"
2001,"181,40,145"
2002,"3,21,40"
2003,"23,38,44"
2004,"3,187,21"
2005,"199,169,0"
2006,"23,74,38"
2007,"169,296,0"
2008,"10,64,90"
2009,"10,234,11"
2010,"199,169,259"
2011,"0,169,199"
2012,"10,64,24"
2013,"0,271"
2014,"0,271,216"
2015,"0,8,206"
2016,"199,169"
2017,"40,128,186"
2018,"23,24,62"
2019,"220,10"
2020,"169,199,170"
2021,"3,21,199"
2022,"3,21,301"
2023,"3,523,147"
2024,"40,3,128"
2025,"199,169"
2026,"3,21,301"
2027,"26,89,23"
2028,"0,279,271"
2029,"10,72,44"
2030,"40,131,134"
2031,"38,23,145"
2032,"199,169,0"
2033,"40,24,23"
2034,"40,41,21"
2035,"169,0,170"
2036,"23,38,26"
2037,"5,3,6"
2038,"3,21,200"
2039,"10,220,221"
2040,"169,199,3"
2041,"3,21,187"
2042,"199,169"
2043,"0,59,218"
2044,"0,216,271"
2045,"0,3,169"
2046,"145,44,40"
2047,"169,170,296"
2048,"10,11,205"
2049,"123,111,3"
2050,"44,145,45"
2051,"3,169,199"
2052,"199,3,169"
2053,"40,146,145"
2054,"32,31,23"
2055,"10,64,93"
2056,"170,171,169"
2057,"0,271"
2058,"10,40,146"
2059,"40,41,128"
2060,"32,23,31"
2061,"3,21,148"
2062,"3,17,21"
2063,"44,145,10"
2064,"181,24,40"
2065,"169,170,0"
2066,"10,169,426"
2067,"10,64,220"
2068,"4,3,435"
2069,"49,23,24"
2070,"10,64"
2071,"3,17,21"
2072,"3,147,200"
2073,"71,23,24"
2074,"3,21,148"
2075,"84,74,23"
2076,"31,40,23"
2077,"3,147,148"
2078,"169,170,10"
2079,"199,169,259"
2080,"0,169,271"
2081,"160,40,315"
2082,"26,0,23"
2083,"0,216,271"
2084,"169,170,171"
2085,"199,169,251"
2086,"199,169,431"
2087,"40,41,131"
2088,"307,3,222"
2089,"0,265,271"
2090,"350,26"
2091,"0,216,208"
2092,"3,5,6"
2093,"0,218,271"
2094,"32,31,23"
2095,"0,235,8"
2096,"0,216,211"
2097,"40,131,241"
2098,"10,64,11"
2099,"10,23,145"
2100,"38,23"
2101,"3,169,170"
2102,"111,3,112"
2103,"40,199,169"
2104,"10,64,489"
2105,"128,40,129"
2106,"23,38,24"
2107,"170,169,171"
2108,"3,147,148"
2109,"220,10"
2110,"199,169"
2111,"40,3,41"
2112,"0,271,216"
2113,"10,64,93"
2114,"23,38,175"
2115,"271,0"
2116,"3,156,147"
2117,"0,23,26"
2118,"44,145,10"
2119,"23,38,10"
2120,"145,44,402"
2121,"0,26,350"
2122,"40,131"
2123,"23,74,38"
2124,"10,40,64"
2125,"49,23,24"
2126,"10,44,72"
2127,"3,147,148"
2128,"0,216,8"
2129,"3,169,199"
2130,"10,11,69"
2131,"40,23,74"
2132,"10,64,93"
2133,"48,23,169"
2134,"10,93,64"
2135,"40,3,41"
2136,"0,271"
2137,"10,220,402"
2138,"40,250,41"
2139,"3,4,435"
2140,"3,21,200"
2141,"40,131"
2142,"38,63,23"
2143,"3,4,28"
2144,"49,24,23"
2145,"181,23,145"
2146,"169,0,296"
2147,"0,271,216"
2148,"220,10"
2149,"199,169,49"
2150,"23,0,24"
2151,"10,93,64"
2152,"3,147,148"
2153,"40,131,145"
2154,"0,8,216"
2155,"3,21,301"
2156,"23,38,62"
2157,"181,10,323"
2158,"40,367,100"
2159,"40,145,131"
2160,"38,23,0"
2161,"3,0,113"
2162,"220,10"
2163,"3,123,111"
2164,"84,23,74"
2165,"170,171,169"
2166,"220,10"
2167,"23,74,40"
2168,"40,131,41"
2169,"199,169,10"
2170,"0,271,8"
2171,"40,315,160"
2172,"3,21,200"
2173,"40,184,135"
2174,"3,206,369"
2175,"0,26,23"
2176,"48,38,23"
2177,"23,26,74"
2178,"23,24,38"
2179,"3,17"
2180,"43,24,23"
2181,"40,131,128"
2182,"23,0,24"
2183,"0,271,8"
2184,"0,8,216"
2185,"3,147,156"
2186,"3,147,21"
2187,"40,160,315"
2188,"23,24,43"
2189,"3,200,187"
2190,"3,21,170"
2191,"40,169,145"
2192,"44,10,69"
2193,"3,17"
2194,"199,169,3"
2195,"169,199,0"
2196,"0,271"
2197,"40,131,41"
2198,"220,10"
2199,"199,169"
2200,"40,3,41"
2201,"271,0"
2202,"10,64,448"
2203,"170,171,169"
2204,"49,23,24"
2205,"199,169"
2206,"3,147,148"
2207,"0,271,216"
2208,"0,346,313"
2209,"169,199,40"
2210,"118,74,23"
2211,"169,0,216"
2212,"147,156,3"
2213,"3,4,200"
2214,"38,23,74"
2215,"40,128,0"
2216,"3,148,147"
2217,"40,131,128"
2218,"220,10"
2219,"220,10,0"
2220,"220,10"
2221,"40,131"
2222,"23,31,74"
2223,"10,0,145"
2224,"71,23,24"
2225,"3,4,200"
2226,"3,21,40"
2227,"10,220"
2228,"0,206,8"
2229,"199,169,0"
2230,"93,10,64"
2231,"220,10"
2232,"71,23,24"
2233,"145,44,10"
2234,"10,72,44"
2235,"402,145,40"
2236,"220,10"
2237,"0,8,391"
2238,"220,10"
2239,"0,265,235"
2240,"3,4,199"
2241,"49,23,24"
2242,"3,4,435"
2243,"3,30,32"
2244,"10,64"
2245,"40,402,145"
2246,"40,41,500"
2247,"220,10"
2248,"24,23,43"
2249,"44,145,10"
2250,"40,128,130"
2251,"3,17,200"
2252,"3,147,148"
2253,"10,220"
2254,"3,21,48"
2255,"11,10,69"
2256,"17,3,18"
2257,"0,8,235"
2258,"0,271,216"
2259,"220,10"
2260,"38,23,74"
2261,"23,74,118"
2262,"10,11,220"
2263,"40,135,138"
2264,"0,211,271"
2265,"40,139,41"
2266,"199,169,251"
2267,"10,44,72"
2268,"0,211,212"
2269,"10,64,93"
2270,"3,21,200"
2271,"169,199,426"
2272,"199,169,40"
2273,"3,4,435"
2274,"3,15,147"
2275,"169,170,296"
2276,"145,44,402"
2277,"169,170,199"
2278,"3,21,148"
2279,"0,218"
2280,"0,216,279"
2281,"23,24,43"
2282,"169,337,170"
2283,"26,23,89"
2284,"169,296,337"
2285,"0,265,340"
2286,"3,133,5"
2287,"3,147,148"
2288,"3,200,15"
2289,"220,10"
2290,"3,21,200"
2291,"138,135,40"
2292,"3,21,200"
2293,"118,23,74"
2294,"0,271,216"
2295,"10,11,205"
2296,"220,10"
2297,"3,21,200"
2298,"220,10"
2299,"169,459,170"
2300,"0,271,218"
2301,"38,23,48"
2302,"23,74,175"
2303,"236,3,135"
2304,"199,169,3"
2305,"3,15,147"
2306,"0,26,271"
2307,"40,128,186"
2308,"0,271,26"
2309,"17,3,18"
2310,"10,24,145"
2311,"235,0,8"
2312,"3,21,148"
2313,"199,169"
2314,"10,220"
2315,"38,10,23"
2316,"23,26,89"
2317,"49,199,169"
2318,"220,10,40"
2319,"0,271,265"
2320,"3,200,66"
2321,"169,199,426"
2322,"26,231,23"
2323,"0,216,211"
2324,"169,199"
2325,"0,216,211"
2326,"0,216,211"
2327,"26,38,23"
2328,"10,220,145"
2329,"40,128,41"
2330,"32,31,23"
2331,"0,216,271"
2332,"169,0,251"
2333,"44,145,45"
2334,"0,23,26"
2335,"23,38,26"
2336,"160,40,302"
2337,"220,10"
2338,"3,4,435"
2339,"4,3,435"
2340,"23,74,62"
2341,"145,40,402"
2342,"3,21,148"
2343,"23,38,24"
2344,"431,40,199"
2345,"3,28,113"
2346,"118,23,74"
2347,"10,220"
2348,"3,17,21"
2349,"169,199,170"
2350,"10,64"
2351,"10,234,11"
2352,"3,148,21"
2353,"220,10"
2354,"0,265,327"
2355,"10,11,69"
2356,"3,199,21"
2357,"170,171,169"
2358,"199,169,251"
2359,"23,38,145"
2360,"0,265,8"
2361,"145,44,40"
2362,"169,199,0"
2363,"40,41,224"
2364,"40,3,146"
2365,"129,128,0"
2366,"220,10"
2367,"40,250,128"
2368,"74,23,165"
2369,"72,44,23"
2370,"3,148,147"
2371,"26,23,38"
2372,"32,3,31"
2373,"220,10"
2374,"220,10"
2375,"145,40,44"
2376,"3,147,148"
2377,"145,10,44"
2378,"3,15,16"
2379,"40,145,44"
2380,"0,271,213"
2381,"0,265,10"
2382,"3,21,40"
2383,"3,111,200"
2384,"10,40,64"
2385,"3,148,147"
2386,"40,23,131"
2387,"169,199,170"
2388,"145,44,40"
2389,"169,170,199"
2390,"3,200,147"
2391,"10,11,234"
2392,"170,171,169"
2393,"147,3,156"
2394,"10,11,69"
2395,"40,0,10"
2396,"220,10"
2397,"44,10,145"
2398,"171,170,169"
2399,"40,41,224"
2400,"25,220,10"
2401,"49,23,24"
2402,"3,21,187"
2403,"0,216,211"
2404,"3,21,200"
2405,"181,145,40"
2406,"40,3,307"
2407,"10,11,44"
2408,"23,24,43"
2409,"44,145,45"
2410,"23,24,181"
2411,"40,131,128"
2412,"3,147,148"
2413,"41,224,40"
2414,"10,11,24"
2415,"15,16,3"
2416,"118,74,23"
2417,"10,93,64"
2418,"23,44,145"
2419,"10,64,93"
2420,"3,199,169"
2421,"43,24,23"
2422,"3,15,16"
2423,"3,21,200"
2424,"3,4,435"
2425,"10,64"
2426,"3,68,53"
2427,"0,169,26"
2428,"118,74,23"
2429,"0,10,40"
2430,"23,26,0"
2431,"128,129,40"
2432,"0,271,216"
2433,"0,3,265"
2434,"147,3,148"
2435,"3,40,41"
2436,"199,169,281"
2437,"23,74,118"
2438,"169,170"
2439,"3,147,148"
2440,"72,44,145"
2441,"0,206,8"
2442,"93,10,64"
2443,"3,199,21"
2444,"40,131,139"
2445,"40,169,494"
2446,"24,23,10"
2447,"231,26,23"
2448,"40,131,193"
2449,"10,220"
2450,"3,21,187"
2451,"0,8,391"
2452,"40,128,195"
2453,"138,40,169"
2454,"3,21,147"
2455,"0,271,216"
2456,"128,40,129"
2457,"171,170,169"
2458,"169,296,38"
2459,"10,11,69"
2460,"3,199,169"
2461,"145,44,40"
2462,"3,85,301"
2463,"3,21,200"
2464,"10,64,93"
2465,"0,169,337"
2466,"220,40,10"
2467,"169,23,38"
2468,"220,10"
2469,"169,171,170"
2470,"10,64"
2471,"220,10"
2472,"128,40,130"
2473,"3,17,147"
2474,"40,128,131"
2475,"3,169,296"
2476,"3,21,148"
2477,"181,145,24"
2478,"3,169,199"
2479,"3,21,200"
2480,"32,31,23"
2481,"199,431,169"
2482,"10,64,11"
2483,"3,17,200"
2484,"49,23,24"
2485,"199,169"
2486,"0,211,212"
2487,"0,265,271"
2488,"40,426,508"
2489,"3,148,21"
2490,"3,17,21"
2491,"0,271,313"
2492,"0,271,216"
2493,"44,145,45"
2494,"0,211,216"
2495,"10,220"
2496,"40,41,128"
2497,"23,38,40"
2498,"40,131,241"
2499,"0,169,296"
2500,"170,169"
2501,"3,21,301"
2502,"0,23,26"
2503,"3,0,15"
2504,"40,131"
2505,"0,271,8"
2506,"40,128,129"
2507,"3,148,147"
2508,"169,199,426"
2509,"72,49,44"
2510,"24,43,23"
2511,"40,41,3"
2512,"0,271,216"
2513,"129,128,40"
2514,"10,64,93"
2515,"3,21,187"
2516,"145,44,40"
2517,"24,43,23"
2518,"10,220,145"
2519,"40,131,134"
2520,"44,145,10"
2521,"3,40,21"
2522,"3,21,200"
2523,"199,169"
2524,"72,10,61"
2525,"370,0,216"
2526,"24,10,43"
2527,"38,23,39"
2528,"145,370,44"
2529,"0,206,8"
2530,"38,23,10"
2531,"23,38,31"
2532,"206,0,8"
2533,"199,169,251"
2534,"0,346,313"
2535,"40,135,41"
2536,"3,21,0"
2537,"181,23,24"
2538,"3,40,21"
2539,"3,200,21"
2540,"10,11,69"
2541,"3,199,169"
2542,"23,38,26"
2543,"40,41,224"
2544,"0,271,216"
2545,"40,131,23"
2546,"24,10,0"
2547,"169,3,21"
2548,"0,216,370"
2549,"26,350,23"
2550,"169,459,170"
2551,"10,64,11"
2552,"138,135,40"
2553,"23,38,10"
2554,"10,72,44"
2555,"3,4,435"
2556,"10,64"
2557,"3,53,68"
2558,"170,171,169"
2559,"40,128,41"
2560,"10,0,64"
2561,"3,15,46"
2562,"169,0,3"
2563,"0,169,271"
2564,"40,128,186"
2565,"181,145,24"
2566,"40,128,129"
2567,"3,40,111"
2568,"218,512,0"
2569,"220,10"
2570,"0,271,280"
2571,"3,0,17"
2572,"10,239,60"
2573,"38,23,74"
2574,"40,10,23"
2575,"10,25,23"
2576,"3,147,148"
2577,"49,23,24"
2578,"147,3,148"
2579,"10,24,23"
2580,"38,23,74"
2581,"220,10"
2582,"0,271,313"
2583,"40,128,186"
2584,"3,28,113"
2585,"296,169,10"
2586,"40,24,23"
2587,"3,21,200"
2588,"3,147,148"
2589,"10,220"
2590,"3,15,275"
2591,"0,216,271"
2592,"40,199,169"
2593,"10,11,220"
2594,"3,5,331"
2595,"199,169,0"
2596,"23,31,169"
2597,"40,131,328"
2598,"40,128,186"
2599,"206,0,402"
2600,"23,74,38"
2601,"0,279,249"
2602,"40,131,159"
2603,"40,131,142"
2604,"3,17,21"
2605,"26,0,271"
2606,"0,271,218"
2607,"23,74,84"
2608,"26,23,89"
2609,"138,40,135"
2610,"24,43,23"
2611,"0,271,216"
2612,"49,24,23"
2613,"145,40,44"
2614,"23,38,74"
2615,"40,41,286"
2616,"24,43,23"
2617,"10,64,11"
2618,"0,216,271"
2619,"169,170,337"
2620,"309,40,48"
2621,"0,271"
2622,"181,169,323"
2623,"3,15,16"
2624,"3,523,147"
2625,"0,265,216"
2626,"40,131,241"
2627,"3,21,200"
2628,"145,38,23"
2629,"0,218,457"
2630,"220,40,169"
2631,"128,40,130"
2632,"3,21,148"
2633,"23,24,181"
2634,"3,40,21"
2635,"199,169,10"
2636,"40,0,370"
2637,"3,21,200"
2638,"3,40,4"
2639,"3,147,156"
2640,"23,24,38"
2641,"40,131"
2642,"146,40,145"
2643,"169,199,40"
2644,"0,112,3"
2645,"3,147,148"
2646,"169,170,405"
2647,"3,21,200"
2648,"0,271,26"
2649,"0,265,218"
2650,"74,23,317"
2651,"3,21,111"
2652,"10,64"
2653,"3,17,21"
2654,"40,131,134"
2655,"10,64,93"
2656,"40,131"
2657,"74,23,165"
2658,"10,64"
2659,"220,10"
2660,"4,3,435"
2661,"3,15,21"
2662,"3,200,21"
2663,"24,23,43"
2664,"199,169,40"
2665,"26,23,350"
2666,"3,200,148"
2667,"3,147,148"
2668,"275,3"
2669,"24,23,43"
2670,"31,220,10"
2671,"10,44,11"
2672,"3,5,6"
2673,"169,23,38"
2674,"10,44,145"
2675,"3,111,17"
2676,"40,131"
2677,"3,17,21"
2678,"3,21,148"
2679,"3,10,44"
2680,"0,265,271"
2681,"169,0,170"
2682,"0,26,350"
2683,"3,200,148"
2684,"0,216,271"
2685,"10,64,11"
2686,"3,4,435"
2687,"169,199,170"
2688,"17,3,21"
2689,"40,41,3"
2690,"40,250,128"
2691,"199,169"
2692,"40,131"
2693,"23,40,74"
2694,"187,3,199"
2695,"40,494,199"
2696,"23,118,74"
2697,"10,64"
2698,"23,38,74"
2699,"40,131,23"
2700,"40,41,224"
2701,"3,148,147"
2702,"220,10"
2703,"3,4,435"
2704,"40,41,224"
2705,"199,169,251"
2706,"145,24,23"
2707,"199,169,0"
2708,"206,229,0"
2709,"169,199,170"
2710,"3,21,200"
2711,"309,23,38"
2712,"199,169,0"
2713,"10,64,93"
2714,"3,40,13"
2715,"169,170,199"
2716,"0,8,235"
2717,"3,169,426"
2718,"169,0,296"
2719,"199,169"
2720,"40,145,10"
2721,"23,0,26"
2722,"0,271,216"
2723,"169,170,199"
2724,"49,23,24"
2725,"0,271"
2726,"3,21,200"
2727,"181,24,23"
2728,"220,10"
2729,"0,169,199"
2730,"40,131"
2731,"3,21,148"
2732,"23,74,62"
2733,"40,146,145"
2734,"10,64,323"
2735,"145,44,40"
2736,"10,72,44"
2737,"3,15,147"
2738,"169,199"
2739,"10,220"
2740,"199,40,169"
2741,"402,145,40"
2742,"40,135,74"
2743,"118,23,74"
2744,"3,147,148"
2745,"23,24,49"
2746,"10,64,11"
2747,"40,160,315"
2748,"40,131"
2749,"32,31,23"
2750,"23,38,62"
2751,"250,40,135"
2752,"3,111,123"
2753,"3,10,21"
2754,"24,23,43"
2755,"10,64"
2756,"0,271,216"
2757,"23,74,38"
2758,"220,10"
2759,"220,10"
2760,"3,21,148"
2761,"0,206,8"
2762,"74,23,38"
2763,"220,10"
2764,"3,21,148"
2765,"0,271,218"
2766,"40,128,250"
2767,"28,330,10"
2768,"160,315,40"
2769,"40,160"
2770,"199,169"
2771,"10,234,11"
2772,"40,131,134"
2773,"24,10,23"
2774,"3,148,15"
2775,"10,11,69"
2776,"40,23,175"
2777,"3,4,70"
2778,"0,216,1"
2779,"0,26,23"
2780,"199,3,169"
2781,"0,235,8"
2782,"0,271,216"
2783,"44,145,40"
2784,"3,17,18"
2785,"220,10"
2786,"24,49,23"
2787,"118,23,74"
2788,"199,169,0"
2789,"175,74,23"
2790,"40,131,241"
2791,"40,131"
2792,"23,40,3"
2793,"199,169"
2794,"3,147,15"
2795,"40,41,139"
2796,"40,128,131"
2797,"0,271,216"
2798,"3,21,200"
2799,"129,128,40"
2800,"128,40,129"
2801,"199,169"
2802,"10,64"
2803,"40,131,241"
2804,"26,0,231"
2805,"49,23,24"
2806,"40,128,186"
2807,"3,21,200"
2808,"145,402,44"
2809,"10,64"
2810,"206,0,8"
2811,"3,4,435"
2812,"0,216,271"
2813,"10,64,93"
2814,"48,40,3"
2815,"3,28,113"
2816,"199,169,251"
2817,"23,38,3"
2818,"17,18,3"
2819,"169,170,3"
2820,"3,21,13"
2821,"3,4,15"
2822,"32,23,31"
2823,"169,296,337"
2824,"199,169"
2825,"10,181,60"
2826,"3,170,169"
2827,"40,0,21"
2828,"23,71,38"
2829,"0,216,271"
2830,"123,111,3"
2831,"128,40,129"
2832,"26,89,23"
2833,"40,128,129"
2834,"169,199"
2835,"3,21,148"
2836,"118,23,74"
2837,"44,145,45"
2838,"169,199,170"
2839,"171,170,169"
2840,"3,187,199"
2841,"40,131,134"
2842,"10,44,11"
2843,"3,169,199"
2844,"3,4,435"
2845,"3,200,21"
2846,"10,93,64"
2847,"17,10,18"
2848,"0,211,216"
2849,"220,10"
2850,"296,169,428"
2851,"3,17,187"
2852,"74,23,38"
2853,"40,135,138"
2854,"40,23,74"
2855,"3,206,8"
2856,"169,337,3"
2857,"23,53,3"
2858,"0,3,23"
2859,"40,131,128"
2860,"169,3,199"
2861,"26,23,89"
2862,"3,21,17"
2863,"3,21,200"
2864,"4,3,435"
2865,"40,131,193"
2866,"309,38,48"
2867,"3,4,0"
2868,"199,169,345"
2869,"23,38,24"
2870,"0,271,218"
2871,"40,131"
2872,"10,64,93"
2873,"0,211,216"
2874,"138,135,40"
2875,"0,346,313"
2876,"40,131"
2877,"10,24,23"
2878,"0,313,346"
2879,"3,4,435"
2880,"0,271"
2881,"24,23,43"
2882,"169,199,170"
2883,"3,4,375"
2884,"0,218,457"
2885,"10,220"
2886,"4,3,435"
2887,"271,0,456"
2888,"23,38,24"
2889,"44,145,45"
2890,"10,145,220"
2891,"40,135,41"
2892,"3,147,148"
2893,"0,231,26"
2894,"23,74,38"
2895,"23,49,24"
2896,"0,271,265"
2897,"10,93,64"
2898,"3,21,200"
2899,"74,23,165"
2900,"40,131"
2901,"15,3,16"
2902,"145,40,44"
2903,"0,265,340"
2904,"10,0,11"
2905,"3,147,17"
2906,"206,0,8"
2907,"3,21,40"
2908,"147,3,156"
2909,"62,23,24"
2910,"23,38,74"
2911,"23,38,26"
2912,"169,0,337"
2913,"129,128,40"
2914,"0,26,23"
2915,"181,32,23"
2916,"0,271"
2917,"10,220"
2918,"199,169,170"
2919,"0,271,216"
2920,"10,64,93"
2921,"40,131"
2922,"3,147,156"
2923,"40,160,128"
2924,"40,169,160"
2925,"199,169,259"
2926,"3,206,369"
2927,"169,199,32"
2928,"40,160,315"
2929,"10,145,24"
2930,"40,128,129"
2931,"24,23,10"
2932,"38,23"
2933,"3,21,40"
2934,"10,145,54"
2935,"3,4,21"
2936,"3,21,148"
2937,"3,4,435"
2938,"10,93,64"
2939,"3,48,21"
2940,"145,44,10"
2941,"3,4,148"
2942,"40,135,386"
2943,"23,24,43"
2944,"40,41,224"
2945,"40,74,135"
2946,"72,44,10"
2947,"74,23,303"
2948,"0,26,8"
2949,"40,184,131"
2950,"3,147,148"
2951,"169,170,337"
2952,"170,169,40"
2953,"386,40,135"
2954,"23,24,38"
2955,"23,10,24"
2956,"3,147,148"
2957,"10,11,205"
2958,"128,10,129"
2959,"0,8,271"
2960,"3,4,435"
2961,"10,96,60"
2962,"170,171,169"
2963,"49,23,24"
2964,"0,271,366"
2965,"24,169,23"
2966,"40,131"
2967,"10,64,11"
2968,"23,24,49"
2969,"49,23,24"
2970,"40,128,129"
2971,"0,169,421"
2972,"23,3,74"
2973,"0,8,206"
2974,"3,21,200"
2975,"3,147,148"
2976,"3,40,41"
2977,"10,64,93"
2978,"3,147,148"
2979,"40,250,128"
2980,"220,10"
2981,"402,40,10"
2982,"40,41,139"
2983,"10,145,44"
2984,"74,23,38"
2985,"0,40,128"
2986,"0,346,218"
2987,"40,160,315"
2988,"23,26,38"
2989,"10,0,24"
2990,"3,21,200"
2991,"145,44,10"
2992,"32,23,31"
2993,"145,44,10"
2994,"23,32,24"
2995,"220,10"
2996,"48,3,81"
2997,"40,41,21"
2998,"38,23,74"
2999,"40,131,41"
3000,"23,26,38"
3001,"3,15,200"
3002,"10,11,72"
3003,"23,26,38"
3004,"296,169,306"
3005,"3,4,435"
3006,"26,89,370"
3007,"135,138,40"
3008,"23,32,38"
3009,"40,41,128"
3010,"3,199,40"
3011,"10,44,11"
3012,"3,199,169"
3013,"10,64"
3014,"0,271,265"
3015,"40,3,13"
3016,"23,38,0"
3017,"508,426,40"
3018,"3,23,74"
3019,"23,38,24"
3020,"3,21,200"
3021,"3,13,16"
3022,"40,145,131"
3023,"10,220,145"
3024,"3,200,21"
3025,"128,40,130"
3026,"32,31,23"
3027,"10,64,24"
3028,"199,169,251"
3029,"3,13,10"
3030,"0,216,211"
3031,"169,426,199"
3032,"3,40,21"
3033,"0,271"
3034,"23,38,24"
3035,"235,0,8"
3036,"3,15,200"
3037,"3,147,148"
3038,"3,199,187"
3039,"31,169,0"
3040,"26,89,23"
3041,"40,131,128"
3042,"3,169,170"
3043,"169,170,10"
3044,"17,3,18"
3045,"3,40,21"
3046,"23,24,62"
3047,"3,147,148"
3048,"3,21,148"
3049,"3,4,435"
3050,"315,160,40"
3051,"23,74,38"
3052,"0,271,216"
3053,"38,23,24"
3054,"3,147,148"
3055,"128,129,40"
3056,"296,169,306"
3057,"10,64,370"
3058,"3,111,112"
3059,"24,23,145"
3060,"145,402,44"
3061,"0,49,24"
3062,"3,111,41"
3063,"23,71,24"
3064,"23,24,44"
3065,"199,169"
3066,"23,38,24"
3067,"26,23,38"
3068,"206,8,0"
3069,"23,74,3"
3070,"0,271,216"
3071,"40,241,23"
3072,"181,145,43"
3073,"169,426,199"
3074,"169,337,339"
3075,"40,17,41"
3076,"4,3,435"
3077,"199,169,3"
3078,"3,21,523"
3079,"8,0"
3080,"10,40,23"
3081,"38,23,39"
3082,"10,59,44"
3083,"32,23,31"
3084,"93,10,64"
3085,"3,21,148"
3086,"138,135,40"
3087,"3,40,21"
3088,"10,72,44"
3089,"38,23,26"
3090,"3,4,435"
3091,"72,10,44"
3092,"402,145,40"
3093,"32,31,23"
3094,"23,38,26"
3095,"40,38,23"
3096,"40,146,145"
3097,"0,271,313"
3098,"0,271"
3099,"38,23,26"
3100,"3,15,200"
3101,"41,40,3"
3102,"23,38,74"
3103,"40,160,315"
3104,"128,40,129"
3105,"10,64,93"
3106,"181,323,40"
3107,"199,169,323"
3108,"3,148,147"
3109,"169,199,0"
3110,"40,3,21"
3111,"10,220,0"
3112,"199,169,71"
3113,"3,147,21"
3114,"147,3,234"
3115,"296,306,40"
3116,"4,3,435"
3117,"40,131,41"
3118,"3,147,148"
3119,"40,41,131"
3120,"23,38,74"
3121,"10,64"
3122,"26,89,23"
3123,"199,169,170"
3124,"220,10,402"
3125,"199,169"
3126,"10,64,220"
3127,"3,4,15"
3128,"44,10,145"
3129,"3,4,435"
3130,"44,10,145"
3131,"3,68,53"
3132,"3,21,40"
3133,"199,169"
3134,"3,4,435"
3135,"3,147,156"
3136,"44,145,40"
3137,"3,112,111"
3138,"3,147,148"
3139,"3,187,17"
3140,"3,21,200"
3141,"160,3,40"
3142,"3,4,435"
3143,"23,38,24"
3144,"0,271,216"
3145,"71,23,74"
3146,"10,64,11"
3147,"3,40,21"
3148,"23,38,74"
3149,"3,21,148"
3150,"3,17,21"
3151,"23,74,38"
3152,"40,131"
3153,"3,17,21"
3154,"40,160,128"
3155,"3,523,53"
3156,"68,3,23"
3157,"220,10"
3158,"206,0,8"
3159,"23,43,24"
3160,"199,169"
3161,"4,3,435"
3162,"38,309,23"
3163,"40,41,286"
3164,"44,145,10"
3165,"169,426,508"
3166,"206,0,8"
3167,"199,169,223"
3168,"3,187,21"
3169,"3,170,169"
3170,"3,4,148"
3171,"199,431,169"
3172,"23,38,40"
3173,"40,131,134"
3174,"169,199,426"
3175,"0,265,271"
3176,"0,8,218"
3177,"26,38,23"
3178,"23,74,38"
3179,"0,26,271"
3180,"44,45,145"
3181,"4,435,3"
3182,"199,3,21"
3183,"24,43,23"
3184,"147,156,225"
3185,"40,160,128"
3186,"31,23,24"
3187,"220,10"
3188,"23,24,43"
3189,"72,44,61"
3190,"199,169,431"
3191,"199,169"
3192,"23,24,43"
3193,"199,169"
3194,"40,128,129"
3195,"156,225,147"
3196,"169,199,405"
3197,"0,235,8"
3198,"23,40,74"
3199,"0,216,93"
3200,"23,74,38"
3201,"169,39,84"
3202,"0,169,216"
3203,"40,128,130"
3204,"10,11,69"
3205,"160,40,315"
3206,"40,41,21"
3207,"199,169,40"
3208,"40,131,41"
3209,"40,3,21"
3210,"3,199,148"
3211,"10,59,220"
3212,"250,38,23"
3213,"40,128,186"
3214,"199,169"
3215,"199,3,169"
3216,"10,64"
3217,"23,38,26"
3218,"40,146,145"
3219,"17,3,10"
3220,"169,199,170"
3221,"250,40,38"
3222,"0,216,211"
3223,"0,216,271"
3224,"38,23,137"
3225,"3,40,287"
3226,"38,23,39"
3227,"231,26,0"
3228,"0,170,169"
3229,"0,216,8"
3230,"0,216,218"
3231,"199,431,169"
3232,"43,24,23"
3233,"23,44,10"
3234,"23,181,24"
3235,"3,199,169"
3236,"40,131,128"
3237,"48,38,23"
3238,"220,10"
3239,"74,40,38"
3240,"24,49,10"
3241,"3,147,148"
3242,"10,60,23"
3243,"169,199,426"
3244,"145,40,44"
3245,"10,64"
3246,"23,74,40"
3247,"10,44,145"
3248,"10,11,220"
3249,"23,118,500"
3250,"10,64"
3251,"40,21,41"
3252,"3,4,100"
3253,"40,146,145"
3254,"3,148,21"
3255,"0,271,216"
3256,"0,271"
3257,"0,271"
3258,"3,4,435"
3259,"3,15,147"
3260,"3,147,148"
3261,"10,220"
3262,"10,64"
3263,"169,251,23"
3264,"84,23,74"
3265,"10,64"
3266,"224,41,40"
3267,"0,271,216"
3268,"0,271,216"
3269,"0,145,370"
3270,"145,23,24"
3271,"118,74,23"
3272,"0,271,366"
3273,"40,131,193"
3274,"3,21,200"
3275,"40,128,160"
3276,"71,44,24"
3277,"32,31,23"
3278,"170,171,169"
3279,"199,169,3"
3280,"169,38,23"
3281,"3,21,53"
3282,"3,169,170"
3283,"40,131,193"
3284,"169,251,199"
3285,"147,148,3"
3286,"0,8,26"
3287,"0,211,212"
3288,"6,5,133"
3289,"40,128,250"
3290,"3,17,200"
3291,"38,23,309"
3292,"199,169,170"
3293,"74,307,23"
3294,"3,21,148"
3295,"160,40,315"
3296,"3,40,21"
3297,"220,10"
3298,"3,4,70"
3299,"3,169,21"
3300,"15,3,16"
3301,"38,23,309"
3302,"40,145,25"
3303,"23,24,10"
3304,"169,170,199"
3305,"0,216,271"
3306,"0,216,370"
3307,"220,10"
3308,"0,216,271"
3309,"40,131,220"
3310,"0,313,26"
3311,"145,10,44"
3312,"3,147,148"
3313,"10,64"
3314,"40,41,139"
3315,"49,24,23"
3316,"0,265,3"
3317,"0,271"
3318,"3,147,148"
3319,"0,265,23"
3320,"3,28,200"
3321,"199,169"
3322,"44,145,45"
3323,"40,169,241"
3324,"3,200,21"
3325,"5,3,6"
3326,"32,23,31"
3327,"23,26,38"
3328,"220,10"
3329,"3,5,133"
3330,"3,21,40"
3331,"10,13,44"
3332,"0,265,216"
3333,"3,21,200"
3334,"199,169"
3335,"40,23,129"
3336,"3,15,16"
3337,"17,3,18"
3338,"169,199,3"
3339,"0,271,366"
3340,"328,402,31"
3341,"49,24,23"
3342,"3,21,148"
3343,"3,170,169"
3344,"199,169,431"
3345,"10,220"
3346,"26,0,23"
3347,"3,21,0"
3348,"0,271,216"
3349,"220,10"
3350,"169,170,199"
3351,"0,216,271"
3352,"309,38,23"
3353,"40,160,315"
3354,"40,128,129"
3355,"3,4,435"
3356,"250,40,309"
3357,"17,3"
3358,"160,40,302"
3359,"26,89,23"
3360,"0,271,255"
3361,"145,40,44"
3362,"3,4,435"
3363,"128,129,40"
3364,"40,128,129"
3365,"3,187,21"
3366,"40,128,3"
3367,"40,131"
3368,"0,8,216"
3369,"0,216,271"
3370,"0,271,216"
3371,"3,15,17"
3372,"3,148,200"
3373,"10,44,145"
3374,"129,128,40"
3375,"40,181,145"
3376,"10,11,72"
3377,"23,74,40"
3378,"170,171,169"
3379,"40,23,131"
3380,"128,129,40"
3381,"0,271,8"
3382,"23,74,84"
3383,"10,93,64"
3384,"10,40,17"
3385,"23,74,175"
3386,"40,250,135"
3387,"170,171,169"
3388,"0,216,211"
3389,"40,3,128"
3390,"40,41,160"
3391,"38,23"
3392,"10,11,44"
3393,"40,131,162"
3394,"3,169,199"
3395,"10,3,93"
3396,"40,10,145"
3397,"10,11,69"
3398,"23,74,118"
3399,"23,128,26"
3400,"44,145,45"
3401,"3,147,148"
3402,"23,24,43"
3403,"0,346,26"
3404,"10,64,93"
3405,"145,402,40"
3406,"199,169,40"
3407,"3,21,148"
3408,"24,23,43"
3409,"23,49,38"
3410,"40,131,241"
3411,"199,169,40"
3412,"26,23,0"
3413,"10,24,64"
3414,"49,23,24"
3415,"23,24,43"
3416,"71,23,24"
3417,"40,145,44"
3418,"23,31,24"
3419,"23,40,175"
3420,"0,49,24"
3421,"10,64"
3422,"49,24,23"
3423,"40,160,131"
3424,"206,0,8"
3425,"31,23,32"
3426,"0,265,271"
3427,"0,271,280"
3428,"3,147,148"
3429,"40,145,10"
3430,"3,5,133"
3431,"199,169"
3432,"135,189,40"
3433,"40,131"
3434,"26,23,350"
3435,"40,3,17"
3436,"0,206,8"
3437,"23,40,74"
3438,"23,24,10"
3439,"40,131"
3440,"40,131"
3441,"44,145,23"
3442,"0,216,230"
3443,"199,169,0"
3444,"23,74,38"
3445,"3,17,10"
3446,"40,160,128"
3447,"38,23,24"
3448,"40,41,128"
3449,"3,148,200"
3450,"0,8,206"
3451,"169,170,199"
3452,"0,271,313"
3453,"3,4,200"
3454,"3,21,200"
3455,"0,271"
3456,"3,200,133"
3457,"3,148,147"
3458,"169,31,0"
3459,"49,24,23"
3460,"40,131,134"
3461,"26,0,231"
3462,"40,131"
3463,"3,21,200"
3464,"26,350,23"
3465,"40,128,41"
3466,"10,24,44"
3467,"3,21,4"
3468,"4,3,435"
3469,"3,147,148"
3470,"147,3,148"
3471,"0,216"
3472,"4,3,7"
3473,"402,145,40"
3474,"10,64,11"
3475,"10,11,69"
3476,"199,0,169"
3477,"3,21,200"
3478,"38,23,74"
3479,"10,11,69"
3480,"231,26,23"
3481,"23,38,118"
3482,"147,3,148"
3483,"169,170,3"
3484,"4,3,435"
3485,"3,21,206"
3486,"3,17,21"
3487,"169,199,170"
3488,"169,170,38"
3489,"3,147,148"
3490,"84,23,74"
3491,"32,31,23"
3492,"40,3,21"
3493,"128,40,129"
3494,"3,21,148"
3495,"89,26,40"
3496,"199,169"
3497,"24,43,23"
3498,"199,169"
3499,"0,8,206"
3500,"199,169,0"
3501,"3,21,148"
3502,"40,135,128"
3503,"145,44,40"
3504,"199,169"
3505,"3,17,200"
3506,"10,11,44"
3507,"118,23,74"
3508,"220,10"
3509,"206,0,8"
3510,"0,271,216"
3511,"10,40,64"
3512,"23,231,26"
3513,"49,128,129"
3514,"40,3,71"
3515,"24,43,23"
3516,"169,199,170"
3517,"10,145,40"
3518,"160,40,302"
3519,"145,44,40"
3520,"3,21,200"
3521,"23,72,24"
3522,"40,145,402"
3523,"40,160,315"
3524,"3,147,148"
3525,"38,309,23"
3526,"169,296,170"
3527,"3,147,156"
3528,"3,21,200"
3529,"40,41,128"
3530,"3,200,148"
3531,"220,10"
3532,"175,23,40"
3533,"23,24,43"
3534,"3,147,148"
3535,"199,169,259"
3536,"3,148,147"
3537,"3,147,148"
3538,"3,147,148"
3539,"3,301,85"
3540,"23,26,89"
3541,"49,24,23"
3542,"0,418,265"
3543,"3,147,523"
3544,"40,131"
3545,"26,0,89"
3546,"206,8,0"
3547,"49,23,40"
3548,"220,307,74"
3549,"40,0,271"
3550,"32,23,31"
3551,"402,40,0"
3552,"0,271"
3553,"169,199,170"
3554,"3,21,200"
3555,"0,271"
3556,"3,17,15"
3557,"40,41,139"
3558,"118,74,23"
3559,"3,4,70"
3560,"170,171,169"
3561,"3,21,200"
3562,"3,4,40"
3563,"40,41,128"
3564,"10,64,93"
3565,"3,17,200"
3566,"3,40,41"
3567,"31,23,96"
3568,"3,21,147"
3569,"199,169"
3570,"40,131,134"
3571,"23,74,38"
3572,"10,64,24"
3573,"199,169,71"
3574,"3,13,40"
3575,"72,44,10"
3576,"40,23,128"
3577,"220,10"
3578,"23,38,25"
3579,"40,128,186"
3580,"10,64,448"
3581,"0,271"
3582,"44,145,45"
3583,"32,23,31"
3584,"169,170,129"
3585,"3,21,200"
3586,"23,24,43"
3587,"3,21,200"
3588,"135,40,138"
3589,"26,23,231"
3590,"10,220"
3591,"0,10,8"
3592,"32,169,31"
3593,"23,38,26"
3594,"23,38,74"
3595,"181,40,23"
3596,"296,169,0"
3597,"32,23,31"
3598,"3,40,4"
3599,"131,40,241"
3600,"3,17,21"
3601,"23,74,24"
3602,"3,111,21"
3603,"3,147,148"
3604,"3,147,148"
3605,"59,10,0"
3606,"0,271,216"
3607,"40,135,3"
3608,"49,24,23"
3609,"3,147,148"
3610,"3,21,200"
3611,"3,13,21"
3612,"23,38,44"
3613,"40,184,368"
3614,"3,147,148"
3615,"0,216,8"
3616,"10,64,44"
3617,"145,402,40"
3618,"199,169,251"
3619,"3,148,40"
3620,"0,271"
3621,"169,199,251"
3622,"145,23,169"
3623,"3,4,148"
3624,"3,21,200"
3625,"10,220"
3626,"23,31,10"
3627,"402,10,40"
3628,"40,131"
3629,"160,3,315"
3630,"23,38,26"
3631,"10,64,93"
3632,"23,38,26"
3633,"40,169,199"
3634,"346,26,0"
3635,"3,4,435"
3636,"44,10,145"
3637,"40,128,129"
3638,"3,17,200"
3639,"10,64,93"
3640,"44,145,45"
3641,"3,200,53"
3642,"40,145,10"
3643,"40,131"
3644,"40,123,3"
3645,"3,147,156"
3646,"44,10,145"
3647,"3,0,290"
3648,"337,169,339"
3649,"23,74,38"
3650,"169,170,0"
3651,"3,4,435"
3652,"10,23,40"
3653,"169,170,38"
3654,"118,74,23"
3655,"3,40,21"
3656,"145,44,71"
3657,"44,145,10"
3658,"147,3,148"
3659,"0,216,235"
3660,"199,169"
3661,"44,145,10"
3662,"0,271"
3663,"3,21,301"
3664,"402,145,40"
3665,"10,93,64"
3666,"0,26,23"
3667,"10,11,44"
3668,"3,40,21"
3669,"40,131,146"
3670,"40,25,145"
3671,"10,169,24"
3672,"3,170,21"
3673,"4,3,435"
3674,"145,40,44"
3675,"40,184,131"
3676,"74,23,165"
3677,"3,13,200"
3678,"0,271,26"
3679,"0,271"
3680,"40,241,112"
3681,"3,21,301"
3682,"169,199"
3683,"3,15,16"
3684,"3,21,148"
3685,"3,148,147"
3686,"40,41,224"
3687,"0,26,271"
3688,"40,131,241"
3689,"40,131,134"
3690,"40,170,21"
3691,"169,170,426"
3692,"38,23,0"
3693,"138,40,135"
3694,"38,48,309"
3695,"10,40,0"
3696,"44,45,145"
3697,"48,40,10"
3698,"3,21,200"
3699,"3,187,21"
3700,"199,169,0"
3701,"3,40,21"
3702,"199,169"
3703,"3,111,123"
3704,"32,31,23"
3705,"459,170,169"
3706,"40,3,41"
3707,"160,315,40"
3708,"49,24,23"
3709,"3,147,148"
3710,"3,4,5"
3711,"220,10"
3712,"3,21,147"
3713,"62,23,10"
3714,"10,64,90"
3715,"220,10"
3716,"0,271"
3717,"220,10"
3718,"38,23,74"
3719,"145,44,10"
3720,"3,147,21"
3721,"10,206,64"
3722,"23,38,74"
3723,"147,3,148"
3724,"32,23,31"
3725,"3,4,435"
3726,"4,3,435"
3727,"0,26,313"
3728,"26,23,89"
3729,"38,23,39"
3730,"23,107,38"
3731,"3,147,148"
3732,"0,8,313"
3733,"44,45,145"
3734,"23,38,40"
3735,"220,10"
3736,"199,169"
3737,"0,26,89"
3738,"38,23,74"
3739,"3,21,148"
3740,"24,23,145"
3741,"0,235,8"
3742,"23,0,38"
3743,"23,38,24"
3744,"0,216,271"
3745,"0,271,218"
3746,"220,10"
3747,"4,3,435"
3748,"23,71,74"
3749,"38,145,23"
3750,"3,15,17"
3751,"40,478,131"
3752,"8,206,0"
3753,"123,111,40"
3754,"26,23,89"
3755,"170,171,169"
3756,"3,17,40"
3757,"10,23,40"
3758,"40,145,131"
3759,"38,23,39"
3760,"23,38,74"
3761,"10,64,90"
3762,"10,234,60"
3763,"49,23,24"
3764,"169,199,426"
3765,"40,128,23"
3766,"23,74,38"
3767,"10,220"
3768,"3,15,275"
3769,"169,426,508"
3770,"169,138,135"
3771,"3,21,147"
3772,"0,26,271"
3773,"3,40,21"
3774,"0,8,23"
3775,"0,265,271"
3776,"23,24,38"
3777,"40,131,241"
3778,"4,3,435"
3779,"40,3,184"
3780,"3,4,188"
3781,"3,40,160"
3782,"184,23,185"
3783,"40,38,131"
3784,"3,17,40"
3785,"10,199,169"
3786,"169,199,3"
3787,"169,0,216"
3788,"206,8,0"
3789,"3,147,148"
3790,"3,187,21"
3791,"0,271,216"
3792,"0,8,216"
3793,"10,64"
3794,"10,64,65"
3795,"40,131,193"
3796,"220,10"
3797,"3,147,148"
3798,"169,296,199"
3799,"26,23,89"
3800,"199,169,251"
3801,"3,187,21"
3802,"40,145,44"
3803,"0,145,40"
3804,"44,45,145"
3805,"26,0,89"
3806,"145,40,44"
3807,"44,11,23"
3808,"40,131"
3809,"3,0,21"
3810,"38,23,40"
3811,"145,40,402"
3812,"3,148,21"
3813,"40,131,193"
3814,"26,89,23"
3815,"40,386,135"
3816,"3,200,21"
3817,"10,145,40"
3818,"3,4,7"
3819,"3,15,46"
3820,"44,145,23"
3821,"0,271,216"
3822,"26,23,89"
3823,"3,160,40"
3824,"220,10"
3825,"3,15,147"
3826,"145,44,24"
3827,"38,23,74"
3828,"3,4,435"
3829,"38,23,39"
3830,"0,271,265"
3831,"10,113,28"
3832,"44,145,10"
3833,"128,129,40"
3834,"3,147,148"
3835,"220,10"
3836,"0,271"
3837,"3,4,375"
3838,"0,271,213"
3839,"220,10"
3840,"271,0"
3841,"40,145,402"
3842,"24,23,43"
3843,"17,3,18"
3844,"0,8,206"
3845,"40,3,21"
3846,"10,220"
3847,"171,170,169"
3848,"11,10,69"
3849,"40,131,145"
3850,"3,21,301"
3851,"0,145,402"
3852,"40,146,145"
3853,"199,169,431"
3854,"0,271,216"
3855,"23,49,24"
3856,"169,170,337"
3857,"3,15"
3858,"147,3,148"
3859,"3,21,147"
3860,"40,41,42"
3861,"10,64,93"
3862,"3,187,21"
3863,"160,40,315"
3864,"199,169,3"
3865,"10,220,370"
3866,"23,38,131"
3867,"169,199,251"
3868,"49,23,24"
3869,"0,271,216"
3870,"23,74,38"
3871,"10,72,44"
3872,"169,170,171"
3873,"129,128,40"
3874,"169,199,426"
3875,"38,23,82"
3876,"0,271,216"
3877,"3,21,148"
3878,"3,21,200"
3879,"0,235,8"
3880,"10,72,44"
3881,"23,38,74"
3882,"3,4,435"
3883,"145,40,44"
3884,"0,271,216"
3885,"3,10,40"
3886,"0,8,206"
3887,"32,23,31"
3888,"3,15"
3889,"199,169"
3890,"10,11,69"
3891,"23,24,38"
3892,"0,216,129"
3893,"3,4"
3894,"3,40,21"
3895,"3,40,184"
3896,"3,21,200"
3897,"199,169"
3898,"38,23,74"
3899,"26,231,23"
3900,"40,41"
3901,"0,169,216"
3902,"38,23,39"
3903,"0,169,271"
3904,"84,74,23"
3905,"26,23,89"
3906,"0,216,271"
3907,"235,8,0"
3908,"23,38,26"
3909,"170,171,169"
3910,"44,145,45"
3911,"40,131,3"
3912,"3,123,148"
3913,"10,93,64"
3914,"220,10"
3915,"74,23,38"
3916,"199,323,169"
3917,"3,21,40"
3918,"402,145,0"
3919,"40,131,184"
3920,"111,112,3"
3921,"10,11,69"
3922,"24,23,59"
3923,"40,184,131"
3924,"43,23,24"
3925,"49,23,24"
3926,"23,62,24"
3927,"23,24,10"
3928,"3,40,41"
3929,"170,40,169"
3930,"3,200,66"
3931,"72,44,10"
3932,"10,64,65"
3933,"220,10"
3934,"40,41,224"
3935,"0,271,216"
3936,"3,21,147"
3937,"49,23,24"
3938,"10,64,44"
3939,"138,135,40"
3940,"40,145,402"
3941,"24,23,43"
3942,"0,216,271"
3943,"40,131,145"
3944,"0,271"
3945,"169,199,170"
3946,"44,145,402"
3947,"10,64"
3948,"84,23,74"
3949,"72,44,61"
3950,"0,216,271"
3951,"3,4,148"
3952,"40,10,74"
3953,"10,24,23"
3954,"145,44,40"
3955,"10,23,220"
3956,"3,13,204"
3957,"0,8"
3958,"40,131,134"
3959,"38,23,40"
3960,"40,24,23"
3961,"23,38,74"
3962,"3,21,200"
3963,"0,59,220"
3964,"40,478,131"
3965,"23,74,38"
3966,"0,8,216"
3967,"220,10"
3968,"38,23"
3969,"0,8,206"
3970,"3,53,21"
3971,"49,24,23"
3972,"3,21,148"
3973,"3,148,200"
3974,"206,8,0"
3975,"271,0"
3976,"4,435,3"
3977,"3,4,435"
3978,"23,3,32"
3979,"0,271"
3980,"10,64,11"
3981,"10,11,69"
3982,"0,211,216"
3983,"0,8,235"
3984,"0,271,216"
3985,"337,169,339"
3986,"40,145,402"
3987,"40,145,44"
3988,"40,131"
3989,"40,41,3"
3990,"23,38,74"
3991,"40,41,224"
3992,"40,128,129"
3993,"0,218,216"
3994,"40,145,402"
3995,"10,220"
3996,"38,23,175"
3997,"4,3,70"
3998,"3,147,148"
3999,"169,337,339"
4000,"0,8,271"
4001,"0,271"
4002,"3,111,40"
4003,"3,147,148"
4004,"3,4,435"
4005,"199,40,431"
4006,"169,337,3"
4007,"40,131,160"
4008,"0,38,23"
4009,"48,10,309"
4010,"23,74,38"
4011,"23,74,38"
4012,"10,64"
4013,"3,170,169"
4014,"3,187,21"
4015,"3,5,133"
4016,"10,93,64"
4017,"8,0,206"
4018,"169,199,170"
4019,"3,148,147"
4020,"169,199,0"
4021,"0,8,206"
4022,"24,23,43"
4023,"23,26,0"
4024,"3,21,200"
4025,"3,21"
4026,"3,21,148"
4027,"3,21,148"
4028,"10,23,11"
4029,"40,169,170"
4030,"170,169,171"
4031,"3,21,200"
4032,"0,3,265"
4033,"49,24,23"
4034,"3,4,435"
4035,"38,23,74"
4036,"3,4,183"
4037,"23,38,74"
4038,"0,10,220"
4039,"3,21,5"
4040,"145,44,402"
4041,"3,301,21"
4042,"3,40,135"
4043,"306,296,169"
4044,"3,21,200"
4045,"10,11,220"
4046,"0,265,216"
4047,"3,200,15"
4048,"0,366,271"
4049,"0,216,220"
4050,"0,8,271"
4051,"402,328,40"
4052,"40,41,21"
4053,"199,169,170"
4054,"0,235,8"
4055,"145,402,40"
4056,"40,128,195"
4057,"23,24,40"
4058,"38,23,74"
4059,"0,216,271"
4060,"3,17,21"
4061,"169,170,337"
4062,"40,128,186"
4063,"10,24,43"
4064,"220,10"
4065,"3,111,148"
4066,"3,147,148"
4067,"3,148,147"
4068,"3,199,169"
4069,"10,64,11"
4070,"40,145,146"
4071,"3,148,147"
4072,"74,307,135"
4073,"40,128,250"
4074,"0,271,40"
4075,"160,302,40"
4076,"145,10,44"
4077,"0,216,271"
4078,"3,147,156"
4079,"0,271,216"
4080,"44,145,45"
4081,"10,234,11"
4082,"24,23,10"
4083,"199,169,3"
4084,"40,131,134"
4085,"0,23,26"
4086,"40,131"
4087,"3,40,41"
4088,"23,74,38"
4089,"169,170,199"
4090,"32,23,31"
4091,"23,38,232"
4092,"40,3,21"
4093,"3,21,200"
4094,"40,41,135"
4095,"23,38,74"
4096,"220,10"
4097,"40,128,129"
4098,"32,31,23"
4099,"23,38,74"
4100,"10,72,44"
4101,"40,23,76"
4102,"23,24,71"
4103,"0,255,271"
4104,"23,31,24"
4105,"199,169,431"
4106,"26,350,0"
4107,"24,23,43"
4108,"72,44,145"
4109,"3,21,200"
4110,"40,41,128"
4111,"40,23,38"
4112,"10,72,44"
4113,"40,145,44"
4114,"44,145,10"
4115,"509,218,10"
4116,"3,40,21"
4117,"10,64"
4118,"309,38,48"
4119,"40,131,134"
4120,"3,4"
4121,"10,220"
4122,"3,4"
4123,"0,271,216"
4124,"23,26,38"
4125,"23,24,10"
4126,"3,4"
4127,"40,131"
4128,"23,26,169"
4129,"25,10,23"
4130,"23,38,26"
4131,"40,128,41"
4132,"3,17,21"
4133,"40,135,41"
4134,"49,24,0"
4135,"3,15,200"
4136,"3,188,4"
4137,"5,6,133"
4138,"3,187,21"
4139,"0,271,8"
4140,"4,3"
4141,"40,250,38"
4142,"23,0,26"
4143,"40,131"
4144,"40,135,236"
4145,"145,40,44"
4146,"40,3,128"
4147,"40,128,3"
4148,"38,23,63"
4149,"199,169,431"
4150,"169,199,170"
4151,"3,21,4"
4152,"10,239,64"
4153,"296,169,306"
4154,"40,41,286"
4155,"40,346,128"
4156,"0,421,220"
4157,"10,64"
4158,"40,3,21"
4159,"23,74,38"
4160,"169,296,0"
4161,"0,271,216"
4162,"138,135,40"
4163,"169,3,170"
4164,"23,10,24"
4165,"3,17"
4166,"220,10"
4167,"26,23,89"
4168,"199,169"
4169,"3,113,53"
4170,"3,21,200"
4171,"224,41,40"
4172,"3,148,21"
4173,"0,26,271"
4174,"32,23,31"
4175,"17,3"
4176,"0,271,216"
4177,"3,21,40"
4178,"38,23,10"
4179,"0,271,313"
4180,"0,271"
4181,"40,160,315"
4182,"23,74,38"
4183,"72,44,24"
4184,"23,147,225"
4185,"220,10"
4186,"24,23,43"
4187,"23,38,74"
4188,"220,10"
4189,"23,40,24"
4190,"74,23,317"
4191,"23,24,38"
4192,"10,93,64"
4193,"0,8,235"
4194,"3,147,148"
4195,"199,169"
4196,"0,8,26"
4197,"128,195,40"
4198,"3,4"
4199,"23,71,74"
4200,"3,53,300"
4201,"10,64"
4202,"0,26,216"
4203,"40,184,131"
4204,"145,44,23"
4205,"220,10"
4206,"0,26,23"
4207,"23,74,38"
4208,"44,145,73"
4209,"4,3,435"
4210,"23,26,24"
4211,"10,64,93"
4212,"199,169,251"
4213,"38,82,23"
4214,"0,218,457"
4215,"220,10"
4216,"3,40,21"
4217,"271,0"
4218,"0,206,8"
4219,"169,199,170"
4220,"40,131,134"
4221,"23,49,24"
4222,"0,218,216"
4223,"169,199,3"
4224,"17,3,18"
4225,"3,111,267"
4226,"23,38,74"
4227,"23,74,38"
4228,"0,296,169"
4229,"40,131,128"
4230,"3,21,200"
4231,"0,216,220"
4232,"145,44,402"
4233,"40,402,10"
4234,"3,10,15"
4235,"40,224,41"
4236,"23,43,24"
4237,"3,147,148"
4238,"43,24,23"
4239,"0,26,23"
4240,"24,23,43"
4241,"3,21,148"
4242,"3,15,17"
4243,"181,10,43"
4244,"3,21,200"
4245,"8,0,26"
4246,"271,0"
4247,"74,23,38"
4248,"113,234,3"
4249,"38,23,40"
4250,"3,21,200"
4251,"10,93,64"
4252,"296,169,170"
4253,"309,38,48"
4254,"44,145,10"
4255,"3,147,148"
4256,"40,131"
4257,"10,0,44"
4258,"3,4,435"
4259,"3,21,200"
4260,"0,235,8"
4261,"17,3,18"
4262,"3,4,148"
4263,"40,250,41"
4264,"3,120,17"
4265,"0,26,271"
4266,"3,4,435"
4267,"10,64,44"
4268,"3,148,147"
4269,"23,38,24"
4270,"10,11,205"
4271,"3,275,111"
4272,"3,17,200"
4273,"0,8,211"
4274,"38,23,39"
4275,"169,170,337"
4276,"170,171,169"
4277,"199,169,0"
4278,"3,21,170"
4279,"3,17,21"
4280,"3,23,38"
4281,"199,169,345"
4282,"43,24,23"
4283,"170,169,171"
4284,"40,131,128"
4285,"49,199,23"
4286,"10,40,145"
4287,"40,184,131"
4288,"220,10"
4289,"220,10"
4290,"10,220,25"
4291,"23,118,74"
4292,"44,145,40"
4293,"71,23,145"
4294,"3,40,41"
4295,"128,40,130"
4296,"23,8,38"
4297,"0,8,235"
4298,"40,128,131"
4299,"169,145,199"
4300,"10,145,44"
4301,"169,170,0"
4302,"138,40,135"
4303,"23,24,10"
4304,"23,38,40"
4305,"0,10,8"
4306,"11,10,69"
4307,"128,40,130"
4308,"31,23,258"
4309,"145,24,40"
4310,"49,23,24"
4311,"169,199"
4312,"40,131"
4313,"40,160,315"
4314,"10,93,64"
4315,"3,17,148"
4316,"145,44,23"
4317,"26,0,23"
4318,"23,26,38"
4319,"23,38,74"
4320,"74,23,38"
4321,"40,286,41"
4322,"44,10,73"
4323,"309,38,23"
4324,"170,169,171"
4325,"23,24,38"
4326,"0,265,23"
4327,"26,23,0"
4328,"10,64,239"
4329,"40,41,139"
4330,"231,206,26"
4331,"23,38,3"
4332,"24,23,43"
4333,"3,147,148"
4334,"40,41,139"
4335,"23,74,71"
4336,"10,93,64"
4337,"3,21,301"
4338,"3,148,147"
4339,"3,13,200"
4340,"3,15,148"
4341,"38,23,74"
4342,"40,160,315"
4343,"40,131,23"
4344,"145,44,40"
4345,"3,4,70"
4346,"169,337,170"
4347,"10,11,44"
4348,"199,169,251"
4349,"3,48,21"
4350,"3,147,148"
4351,"10,64"
4352,"24,23,43"
4353,"118,74,23"
4354,"0,199,169"
4355,"199,169"
4356,"3,21,40"
4357,"135,40,138"
4358,"3,200,21"
4359,"40,184,131"
4360,"40,131,145"
4361,"170,171,169"
4362,"10,11,69"
4363,"216,0,380"
4364,"0,8,26"
4365,"40,160,199"
4366,"3,367,40"
4367,"23,74,31"
4368,"118,74,23"
4369,"0,169,199"
4370,"3,21,148"
4371,"3,23,28"
4372,"10,11,72"
4373,"23,74,84"
4374,"40,41,135"
4375,"3,21,200"
4376,"169,31,23"
4377,"40,128,26"
4378,"40,41,21"
4379,"3,93,10"
4380,"4,3,435"
4381,"220,10"
4382,"23,328,74"
4383,"40,131"
4384,"3,21,200"
4385,"3,275,15"
4386,"10,93,64"
4387,"3,4,435"
4388,"220,10"
4389,"44,145,23"
4390,"234,40,151"
4391,"10,220,145"
4392,"38,23,39"
4393,"23,74,84"
4394,"199,169,223"
4395,"10,323,181"
4396,"220,10"
4397,"3,17,15"
4398,"23,71,38"
4399,"3,147,148"
4400,"26,89,0"
4401,"118,74,23"
4402,"169,199,40"
4403,"220,10"
4404,"145,44,40"
4405,"3,21,148"
4406,"38,23"
4407,"181,40,145"
4408,"169,199,170"
4409,"40,3,17"
4410,"23,38,26"
4411,"32,23,31"
4412,"169,170,0"
4413,"3,21,48"
4414,"3,21,17"
4415,"3,40,17"
4416,"40,131"
4417,"271,0"
4418,"169,170,199"
4419,"3,199,21"
4420,"23,10,38"
4421,"74,307,23"
4422,"3,21,200"
4423,"199,43,169"
4424,"0,206,8"
4425,"10,64,11"
4426,"271,0"
4427,"49,24,23"
4428,"10,60,96"
4429,"0,271"
4430,"3,21,17"
4431,"3,199,200"
4432,"72,44,10"
4433,"169,199"
4434,"250,40,38"
4435,"40,3,10"
4436,"3,148,147"
4437,"4,3,435"
4438,"0,271,216"
4439,"23,26,38"
4440,"23,26,38"
4441,"0,206,23"
4442,"3,147,148"
4443,"3,200,21"
4444,"206,0,8"
4445,"10,64,93"
4446,"40,145,44"
4447,"44,145,45"
4448,"40,131"
4449,"10,64,93"
4450,"15,3"
4451,"23,10,38"
4452,"199,169"
4453,"23,24,40"
4454,"220,10"
4455,"40,128,130"
4456,"40,131,241"
4457,"220,10"
4458,"26,0,350"
4459,"23,24,38"
4460,"10,64"
4461,"40,131,128"
4462,"220,10"
4463,"3,21,5"
4464,"10,64,239"
4465,"169,199"
4466,"3,17,21"
4467,"10,93,64"
4468,"40,41,135"
4469,"38,23,10"
4470,"3,21,17"
4471,"0,206,8"
4472,"0,8,206"
4473,"10,11,69"
4474,"3,21,40"
4475,"199,169"
4476,"170,171,169"
4477,"199,169"
4478,"3,148,111"
4479,"113,53,430"
4480,"169,170,0"
4481,"40,131,241"
4482,"40,41,123"
4483,"160,40,315"
4484,"0,279,249"
4485,"23,10,24"
4486,"3,21,148"
4487,"23,74,38"
4488,"3,148,21"
4489,"40,160,315"
4490,"10,64"
4491,"169,170,251"
4492,"0,211,216"
4493,"0,271"
4494,"0,216,1"
4495,"3,38,23"
4496,"0,169,199"
4497,"40,145,131"
4498,"40,131"
4499,"3,111,112"
4500,"0,271"
4501,"40,131"
4502,"3,200,48"
4503,"24,181,23"
4504,"23,38,74"
4505,"26,350,23"
4506,"49,23,24"
4507,"220,10"
4508,"0,216,271"
4509,"23,74,38"
4510,"3,523,53"
4511,"23,74,38"
4512,"62,10,23"
4513,"0,8,206"
4514,"3,0,53"
4515,"40,3,41"
4516,"40,160,315"
4517,"0,8,391"
4518,"40,131"
4519,"40,145,131"
4520,"40,128,130"
4521,"40,131,128"
4522,"23,38,26"
4523,"10,38,23"
4524,"23,169,38"
4525,"199,169,3"
4526,"0,279,249"
4527,"40,131,134"
4528,"0,216,271"
4529,"72,44,10"
4530,"3,4,435"
4531,"3,147,148"
4532,"40,131"
4533,"206,0,8"
4534,"44,10,59"
4535,"3,200,21"
4536,"3,21,187"
4537,"10,93,64"
4538,"402,10,40"
4539,"40,3,160"
4540,"220,10"
4541,"3,170,169"
4542,"40,128,131"
4543,"169,426,199"
4544,"31,23,24"
4545,"3,200,21"
4546,"3,21,148"
4547,"315,160,40"
4548,"3,23,21"
4549,"40,3,131"
4550,"3,148,188"
4551,"49,23,24"
4552,"10,64,93"
4553,"23,74,38"
4554,"169,199"
4555,"145,40,44"
4556,"44,145,45"
4557,"3,17,21"
4558,"3,40,21"
4559,"145,23,40"
4560,"3,200,21"
4561,"40,250,131"
4562,"10,64,44"
4563,"3,148,147"
4564,"10,11,205"
4565,"160,40,315"
4566,"24,23,40"
4567,"169,0,199"
4568,"74,23,40"
4569,"3,133,5"
4570,"23,24,43"
4571,"10,234,11"
4572,"169,199"
4573,"181,23,40"
4574,"24,10,43"
4575,"40,131,184"
4576,"10,11,44"
4577,"10,64,93"
4578,"26,23,0"
4579,"3,199,21"
4580,"199,169,170"
4581,"26,0,23"
4582,"199,169,170"
4583,"23,38"
4584,"3,21,199"
4585,"23,40,38"
4586,"3,15,200"
4587,"44,145,73"
4588,"3,147,148"
4589,"0,271,216"
4590,"26,89,0"
4591,"3,21,147"
4592,"40,28,3"
4593,"40,184,131"
4594,"23,62,74"
4595,"3,21,200"
4596,"169,170,0"
4597,"38,23,26"
4598,"3,187,21"
4599,"10,3,17"
4600,"220,10"
4601,"0,313,216"
4602,"3,200,21"
4603,"40,128,129"
4604,"10,23,24"
4605,"40,128,186"
4606,"160,40,315"
4607,"0,271,218"
4608,"74,23,38"
4609,"10,220"
4610,"40,17,41"
4611,"170,169,40"
4612,"0,271,280"
4613,"3,4,435"
4614,"169,337,170"
4615,"3,53,287"
4616,"3,21,200"
4617,"40,131,134"
4618,"74,23,38"
4619,"23,24,10"
4620,"40,131"
4621,"10,24,23"
4622,"0,271,216"
4623,"3,21,40"
4624,"40,131,41"
4625,"3,4,435"
4626,"199,169,323"
4627,"3,21,200"
4628,"3,23,38"
4629,"72,44,10"
4630,"10,93,64"
4631,"40,23,131"
4632,"23,26,89"
4633,"48,169,38"
4634,"3,21,187"
4635,"169,199,170"
4636,"160,40,315"
4637,"40,41,128"
4638,"40,131"
4639,"26,23,0"
4640,"3,148,147"
4641,"3,21,200"
4642,"49,24,23"
4643,"23,40,74"
4644,"3,21,200"
4645,"10,64,93"
4646,"38,23,10"
4647,"169,337,339"
4648,"169,199,10"
4649,"3,148,147"
4650,"220,10"
4651,"40,131,128"
4652,"199,169,281"
4653,"23,24,43"
4654,"93,23,10"
4655,"3,523,53"
4656,"3,21,200"
4657,"11,10,69"
4658,"26,89,23"
4659,"0,216,279"
4660,"0,271"
4661,"199,169"
4662,"3,21,200"
4663,"40,41"
4664,"40,146,145"
4665,"10,11,234"
4666,"40,146,145"
4667,"3,5,133"
4668,"0,271"
4669,"26,89,0"
4670,"169,170,199"
4671,"23,74,38"
4672,"0,271,216"
4673,"23,74,62"
4674,"3,170,21"
4675,"40,131,129"
4676,"199,169"
4677,"169,199,251"
4678,"40,128,186"
4679,"26,350,23"
4680,"23,74,38"
4681,"15,3"
4682,"170,169"
4683,"199,169"
4684,"3,21,148"
4685,"10,64,93"
4686,"169,113,0"
4687,"3,133,5"
4688,"0,211,216"
4689,"160,40,302"
4690,"0,218,216"
4691,"0,271,8"
4692,"21,3,40"
4693,"3,111,123"
4694,"38,23,26"
4695,"23,38,74"
4696,"4,3,435"
4697,"3,21,200"
4698,"38,23,40"
4699,"10,64,93"
4700,"170,171,169"
4701,"169,170"
4702,"147,3,156"
4703,"220,10"
4704,"32,31,23"
4705,"0,255,271"
4706,"3,147,148"
4707,"40,131"
4708,"296,169,306"
4709,"23,74,40"
4710,"169,199,49"
4711,"220,10"
4712,"10,64"
4713,"23,38,24"
4714,"38,23"
4715,"0,271,265"
4716,"49,23,24"
4717,"0,271"
4718,"3,147,148"
4719,"0,216,40"
4720,"23,38,74"
4721,"199,169,431"
4722,"23,26,38"
4723,"40,10,139"
4724,"0,216,211"
4725,"128,129,40"
4726,"23,74,38"
4727,"4,3,7"
4728,"10,23,13"
4729,"3,17,187"
4730,"3,187,21"
4731,"3,301,21"
4732,"3,21,148"
4733,"44,145,10"
4734,"220,10"
4735,"199,169,181"
4736,"3,147,17"
4737,"3,147,148"
4738,"170,171,169"
4739,"10,11,220"
4740,"3,147,148"
4741,"3,147,148"
4742,"3,170,169"
4743,"169,170,199"
4744,"3,148,200"
4745,"3,40,147"
4746,"3,200,388"
4747,"71,23,24"
4748,"23,74,38"
4749,"402,145,40"
4750,"220,10"
4751,"0,271,265"
4752,"31,40,328"
4753,"199,169"
4754,"40,184,131"
4755,"0,235,8"
4756,"23,40,306"
4757,"235,0,8"
4758,"3,21,148"
4759,"3,21,200"
4760,"309,38,23"
4761,"147,148,3"
4762,"3,21,200"
4763,"23,38,74"
4764,"40,250,128"
4765,"3,148,147"
4766,"40,128,162"
4767,"0,59,24"
4768,"11,10,69"
4769,"0,216,211"
4770,"40,160"
4771,"3,21,5"
4772,"145,44,40"
4773,"3,4,200"
4774,"3,21,200"
4775,"3,21,148"
4776,"199,169,3"
4777,"3,21,40"
4778,"0,271"
4779,"220,10"
4780,"3,170,169"
4781,"44,145,40"
4782,"23,31,169"
4783,"10,64,11"
4784,"199,3,169"
4785,"188,3,15"
4786,"26,231,23"
4787,"6,5,3"
4788,"40,250,128"
4789,"350,26,23"
4790,"402,145,40"
4791,"3,21,40"
4792,"0,8,206"
4793,"23,74,38"
4794,"3,4,435"
4795,"23,10,220"
4796,"0,271,216"
4797,"3,200,21"
4798,"0,271,216"
4799,"169,170"
4800,"40,128,41"
4801,"3,40,10"
4802,"10,220"
4803,"40,41,286"
4804,"169,199,170"
4805,"3,21,200"
4806,"0,271,216"
4807,"3,523,148"
4808,"118,23,74"
4809,"24,23,43"
4810,"10,72,44"
4811,"307,74,40"
4812,"3,301,21"
4813,"10,61,43"
4814,"49,23,24"
4815,"10,64,221"
4816,"296,169"
4817,"0,216,271"
4818,"25,10,24"
4819,"3,199,169"
4820,"199,169"
4821,"206,8,0"
4822,"3,17"
4823,"72,44,23"
4824,"3,4,133"
4825,"32,31,23"
4826,"44,145,45"
4827,"10,11,44"
4828,"40,128,129"
4829,"3,21,147"
4830,"169,199,10"
4831,"0,26,89"
4832,"0,206,8"
4833,"40,131"
4834,"0,271,8"
4835,"3,147,148"
4836,"44,145,45"
4837,"40,146,145"
4838,"3,17"
4839,"40,169,3"
4840,"169,199,251"
4841,"199,169,251"
4842,"3,21,148"
4843,"71,23,24"
4844,"44,10,145"
4845,"3,15,148"
4846,"3,147,148"
4847,"220,10"
4848,"3,187,17"
4849,"402,145,40"
4850,"0,206,8"
4851,"40,128,0"
4852,"40,131,128"
4853,"74,40,23"
4854,"3,0,49"
4855,"24,23,43"
4856,"40,129,128"
4857,"220,10"
4858,"23,49,24"
4859,"220,10"
4860,"3,21,200"
4861,"10,93,64"
4862,"40,41,286"
4863,"199,169,40"
4864,"3,40,10"
4865,"128,40,129"
4866,"49,23,24"
4867,"3,147,148"
4868,"32,23,31"
4869,"0,271,216"
4870,"10,64,24"
4871,"170,169,171"
4872,"10,220"
4873,"199,431,169"
4874,"23,74,38"
4875,"3,68,53"
4876,"3,17,21"
4877,"0,216,279"
4878,"40,128,41"
4879,"0,216,218"
4880,"328,31,169"
4881,"23,38,74"
4882,"10,220"
4883,"3,148,147"
4884,"0,346,313"
4885,"175,128,40"
4886,"3,21,148"
4887,"3,15,200"
4888,"225,156,3"
4889,"199,169,170"
4890,"10,59,220"
4891,"199,169"
4892,"3,21,148"
4893,"199,0,169"
4894,"44,145,40"
4895,"0,206,8"
4896,"44,145,10"
4897,"23,24,74"
4898,"3,40,21"
4899,"3,40,17"
4900,"3,21,301"
4901,"10,11"
4902,"296,169,306"
4903,"170,171,169"
4904,"40,160"
4905,"199,169"
4906,"10,64,93"
4907,"0,169,216"
4908,"3,21,148"
4909,"3,17"
4910,"23,38,74"
4911,"40,10,145"
4912,"3,21,148"
4913,"23,24,43"
4914,"10,64,448"
4915,"68,3,169"
4916,"220,10"
4917,"0,218,216"
4918,"23,38,74"
4919,"38,23"
4920,"3,21,147"
4921,"23,38,26"
4922,"64,10"
4923,"199,169,0"
4924,"15,3,16"
4925,"40,131,41"
4926,"10,64"
4927,"3,21,200"
4928,"10,11,44"
4929,"40,386,135"
4930,"40,184,131"
4931,"3,28,23"
4932,"40,128,186"
4933,"10,64,44"
4934,"220,10"
4935,"118,23,74"
4936,"220,10"
4937,"199,169,251"
4938,"40,41,286"
4939,"0,211,216"
4940,"169,199,426"
4941,"0,211,212"
4942,"23,49,24"
4943,"71,23,24"
4944,"49,23,24"
4945,"220,10"
4946,"128,129,40"
4947,"220,508,31"
4948,"40,131,160"
4949,"145,40,44"
4950,"3,113,28"
4951,"26,231,23"
4952,"206,8,0"
4953,"3,4"
4954,"31,40,77"
4955,"402,145,40"
4956,"220,10"
4957,"26,23,38"
4958,"10,93,64"
4959,"44,145,45"
4960,"199,169"
4961,"169,123,296"
4962,"3,133,5"
4963,"3,199,40"
4964,"0,8,206"
4965,"40,32,3"
4966,"10,44,145"
4967,"3,4,147"
4968,"23,62,74"
4969,"10,220,25"
4970,"23,38,71"
4971,"10,220"
4972,"220,10"
4973,"40,3,41"
4974,"4,3,435"
4975,"145,44,24"
4976,"3,21,48"
4977,"3,147,148"
4978,"23,74,118"
4979,"0,216,40"
4980,"0,216"
4981,"145,44,10"
4982,"169,170,3"
4983,"40,307,74"
4984,"199,169"
4985,"3,21,148"
4986,"23,84,74"
4987,"40,131,241"
4988,"0,216,169"
4989,"40,131,128"
4990,"23,74,38"
4991,"10,220,24"
4992,"3,200,21"
4993,"3,28,21"
4994,"40,41,224"
4995,"10,64"
4996,"23,31,296"
4997,"169,199,251"
4998,"220,10"
4999,"10,93,64"
5000,"10,145,220"
5001,"3,4,170"
5002,"3,187,21"
5003,"23,74,38"
5004,"3,146,145"
5005,"169,199,170"
5006,"26,89,23"
5007,"199,169,135"
5008,"40,315,160"
5009,"40,131,193"
5010,"38,23,0"
5011,"0,271,216"
5012,"40,23,145"
5013,"3,4,183"
5014,"23,38,24"
5015,"93,10,64"
5016,"93,10,64"
5017,"4,435,3"
5018,"169,40,199"
5019,"169,170,199"
5020,"138,135,40"
5021,"10,11,220"
5022,"10,64"
5023,"199,169"
5024,"3,5,6"
5025,"199,169,3"
5026,"0,346,313"
5027,"40,41,286"
5028,"3,53,111"
5029,"147,225,156"
5030,"0,26,271"
5031,"4,3,435"
5032,"138,135,40"
5033,"169,170,199"
5034,"10,40,3"
5035,"0,271,26"
5036,"147,3,148"
5037,"296,169,306"
5038,"169,170,199"
5039,"40,131"
5040,"23,43,24"
5041,"10,64,93"
5042,"231,23,118"
5043,"24,23,10"
5044,"10,93,64"
5045,"40,128,129"
5046,"147,3,148"
5047,"4,435,3"
5048,"71,23,74"
5049,"3,21,200"
5050,"3,187,21"
5051,"40,184,23"
5052,"40,131"
5053,"3,15"
5054,"118,74,23"
5055,"3,4,23"
5056,"10,64,44"
5057,"3,147,148"
5058,"10,145,44"
5059,"169,199,3"
5060,"3,200,53"
5061,"3,21,200"
5062,"169,170,171"
5063,"3,40,21"
5064,"0,218,271"
5065,"3,4,5"
5066,"0,8,235"
5067,"3,4,147"
5068,"40,131"
5069,"3,4,435"
5070,"0,3,265"
5071,"10,64,24"
5072,"145,44,502"
5073,"40,307,74"
5074,"3,21,187"
5075,"3,21,148"
5076,"3,21,40"
5077,"3,147,148"
5078,"10,220"
5079,"40,128,186"
5080,"10,64,44"
5081,"220,10"
5082,"23,74,38"
5083,"169,170"
5084,"10,145,40"
5085,"3,21,200"
5086,"40,184,185"
5087,"17,3,18"
5088,"40,131"
5089,"3,40,146"
5090,"199,169"
5091,"23,38,24"
5092,"10,220"
5093,"10,220,0"
5094,"72,10,44"
5095,"71,23,38"
5096,"10,11,69"
5097,"10,64,239"
5098,"0,216,271"
5099,"44,145,45"
5100,"296,169,306"
5101,"129,128,40"
5102,"169,170,199"
5103,"40,250,128"
5104,"38,23,39"
5105,"199,169"
5106,"187,40,21"
5107,"3,17,187"
5108,"32,31,23"
5109,"3,17"
5110,"3,148,21"
5111,"49,40,24"
5112,"3,147,148"
5113,"3,15,275"
5114,"3,40,21"
5115,"10,128,40"
5116,"169,199,251"
5117,"0,279,216"
5118,"3,147,148"
5119,"3,21,148"
5120,"3,41,21"
5121,"10,40,145"
5122,"3,147,148"
5123,"3,200,21"
5124,"10,64,11"
5125,"145,44,40"
5126,"40,131"
5127,"199,169,431"
5128,"40,131"
5129,"128,129,40"
5130,"220,10"
5131,"84,23,74"
5132,"23,38,74"
5133,"220,10"
5134,"40,402,145"
5135,"0,206,8"
5136,"40,131,128"
5137,"3,0,128"
5138,"0,206,8"
5139,"0,1,211"
5140,"10,64,93"
5141,"10,93,64"
5142,"10,64"
5143,"170,171,169"
5144,"26,0,231"
5145,"3,5,133"
5146,"74,40,23"
5147,"402,145,40"
5148,"0,216,254"
5149,"3,21,40"
5150,"10,64,40"
5151,"3,147,148"
5152,"10,64"
5153,"169,170,40"
5154,"10,11,72"
5155,"44,10,145"
5156,"3,21,200"
5157,"199,169,3"
5158,"40,131,250"
5159,"23,38,24"
5160,"3,4,435"
5161,"3,21,40"
5162,"199,169,170"
5163,"220,10"
5164,"169,199,23"
5165,"0,218,509"
5166,"40,131,31"
5167,"3,17,40"
5168,"220,10"
5169,"23,3,147"
5170,"0,23,48"
5171,"40,129,128"
5172,"3,147,40"
5173,"3,120,200"
5174,"72,44,61"
5175,"3,53,287"
5176,"147,148,3"
5177,"199,169"
5178,"169,170,426"
5179,"24,23,10"
5180,"44,145,45"
5181,"3,0,17"
5182,"10,220,24"
5183,"26,231,23"
5184,"11,10,69"
5185,"169,23,38"
5186,"3,21,200"
5187,"23,231,26"
5188,"3,5,133"
5189,"40,3,17"
5190,"3,21,148"
5191,"199,169"
5192,"402,40,145"
5193,"23,38,74"
5194,"40,3,21"
5195,"49,23,24"
5196,"72,44,61"
5197,"0,145,10"
5198,"40,41,307"
5199,"31,0,171"
5200,"0,169,216"
5201,"3,17,148"
5202,"129,128,93"
5203,"38,23,26"
5204,"23,38,74"
5205,"40,41,128"
5206,"3,21,200"
5207,"3,21,200"
5208,"0,206,8"
5209,"169,199,170"
5210,"38,23,39"
5211,"145,44,10"
5212,"199,169,251"
5213,"40,128,160"
5214,"3,21,435"
5215,"145,44,40"
5216,"40,23,24"
5217,"170,169,171"
5218,"199,169,10"
5219,"62,10,23"
5220,"23,24,38"
5221,"3,21,200"
5222,"24,49,10"
5223,"23,38,74"
5224,"40,128,129"
5225,"426,508,169"
5226,"26,23,89"
5227,"10,64,93"
5228,"0,271"
5229,"11,10,69"
5230,"0,26,231"
5231,"0,271,218"
5232,"3,21,200"
5233,"40,41,21"
5234,"40,128,129"
5235,"44,145,40"
5236,"199,169,26"
5237,"169,170,199"
5238,"10,93,64"
5239,"199,169"
5240,"10,11,239"
5241,"3,200,113"
5242,"23,26,38"
5243,"10,220"
5244,"38,23,40"
5245,"21,3,40"
5246,"40,199,431"
5247,"3,4"
5248,"169,170,0"
5249,"40,131"
5250,"40,131,134"
5251,"23,74,38"
5252,"21,3,41"
5253,"3,21,17"
5254,"32,23,31"
5255,"0,313,346"
5256,"199,169,170"
5257,"40,146,145"
5258,"44,0,145"
5259,"206,0,8"
5260,"26,0,23"
5261,"23,71,74"
5262,"40,181,145"
5263,"38,23,26"
5264,"23,38,25"
5265,"10,220"
5266,"337,169,339"
5267,"199,169,251"
5268,"4,435,3"
5269,"3,21,40"
5270,"0,271"
5271,"40,128,131"
5272,"23,328,145"
5273,"40,169,184"
5274,"40,131"
5275,"328,23,31"
5276,"0,206,8"
5277,"0,26,271"
5278,"169,199,170"
5279,"3,21,148"
5280,"23,26,89"
5281,"23,38,40"
5282,"169,10,60"
5283,"23,74,38"
5284,"0,231,26"
5285,"3,147,148"
5286,"187,199,3"
5287,"3,199,21"
5288,"3,148,147"
5289,"40,160"
5290,"3,21,148"
5291,"3,147,148"
5292,"23,38,40"
5293,"0,271,366"
5294,"23,38,26"
5295,"169,199,426"
5296,"40,250"
5297,"23,38,74"
5298,"199,169,38"
5299,"220,10"
5300,"23,24,43"
5301,"40,23,309"
5302,"169,8,405"
5303,"23,24,43"
5304,"23,24,145"
5305,"3,0,40"
5306,"3,21,187"
5307,"40,23,250"
5308,"40,145,402"
5309,"10,64,11"
5310,"23,74,38"
5311,"10,44,11"
5312,"40,3,160"
5313,"231,26,23"
5314,"0,271,218"
5315,"44,10,145"
5316,"0,216,357"
5317,"3,21,200"
5318,"0,271,216"
5319,"3,17,21"
5320,"169,170,3"
5321,"40,131"
5322,"3,170,169"
5323,"0,8,26"
5324,"10,40,131"
5325,"135,189,40"
5326,"3,111,148"
5327,"199,169"
5328,"17,3,10"
5329,"38,23,74"
5330,"23,74,40"
5331,"40,131"
5332,"10,23,220"
5333,"3,148,147"
5334,"40,135,138"
5335,"3,40,111"
5336,"169,199,170"
5337,"32,31,23"
5338,"170,171,169"
5339,"40,131,134"
5340,"170,169,171"
5341,"169,199,216"
5342,"3,21,148"
5343,"199,169,40"
5344,"40,145,10"
5345,"38,23,0"
5346,"44,11,69"
5347,"23,26,231"
5348,"0,26,350"
5349,"10,3,40"
5350,"296,169,23"
5351,"3,21,148"
5352,"40,131,134"
5353,"10,11,69"
5354,"145,40,402"
5355,"40,131,134"
5356,"3,53,10"
5357,"23,38,74"
5358,"3,147,148"
5359,"49,23,24"
5360,"0,26,218"
5361,"3,147,148"
5362,"23,250,38"
5363,"3,15,275"
5364,"10,44,220"
5365,"3,147,148"
5366,"3,147,148"
5367,"170,169,459"
5368,"169,170,251"
5369,"3,21,200"
5370,"4,3,435"
5371,"10,64,93"
5372,"328,31,23"
5373,"0,49,265"
5374,"199,169,10"
5375,"40,131"
5376,"199,169"
5377,"199,169,223"
5378,"3,4"
5379,"169,170,145"
5380,"23,38,24"
5381,"40,128,186"
5382,"220,10"
5383,"0,271"
5384,"40,41,131"
5385,"0,271"
5386,"23,31,96"
5387,"3,10,17"
5388,"72,44,10"
5389,"40,128,71"
5390,"145,44,10"
5391,"10,93,64"
5392,"169,296,337"
5393,"199,169,3"
5394,"402,40,145"
5395,"23,24,38"
5396,"23,118,74"
5397,"0,8,216"
5398,"0,271,8"
5399,"0,271,26"
5400,"3,21,40"
5401,"199,169"
5402,"49,24,10"
5403,"40,128,131"
5404,"0,271,216"
5405,"40,131,128"
5406,"40,128,186"
5407,"0,26,313"
5408,"199,169,71"
5409,"3,147,148"
5410,"0,8,206"
5411,"296,169"
5412,"199,169,251"
5413,"10,64,93"
5414,"169,199,0"
5415,"31,23,24"
5416,"3,15,200"
5417,"3,21,200"
5418,"10,44,45"
5419,"145,44,402"
5420,"17,3,18"
5421,"3,40,21"
5422,"199,3,169"
5423,"3,21,187"
5424,"10,93,64"
5425,"169,170,199"
5426,"3,53,10"
5427,"49,23,24"
5428,"10,64"
5429,"220,10"
5430,"3,21,148"
5431,"4,3,435"
5432,"23,38,74"
5433,"10,3,13"
5434,"0,8,235"
5435,"10,64,145"
5436,"23,71,38"
5437,"0,235,8"
5438,"0,26,23"
5439,"40,146,145"
5440,"23,38,26"
5441,"10,220,23"
5442,"0,8,235"
5443,"206,0,8"
5444,"3,148,147"
5445,"40,145,128"
5446,"0,271"
5447,"40,3,115"
5448,"0,10,23"
5449,"40,184,131"
5450,"10,23,24"
5451,"169,199,3"
5452,"296,169"
5453,"3,169,199"
5454,"169,0,170"
5455,"40,41,128"
5456,"0,216,271"
5457,"169,199,3"
5458,"31,328,258"
5459,"3,17,40"
5460,"3,147,148"
5461,"24,43,23"
5462,"74,23,307"
5463,"3,21,200"
5464,"3,21,200"
5465,"0,169,216"
5466,"0,271,265"
5467,"170,169,40"
5468,"23,24,43"
5469,"0,271,8"
5470,"0,26,231"
5471,"169,170,199"
5472,"74,23,38"
5473,"0,271"
5474,"0,218,271"
5475,"3,147,148"
5476,"3,4,200"
5477,"10,64,44"
5478,"23,44,38"
5479,"296,169,306"
5480,"199,169"
5481,"123,3,111"
5482,"171,169,170"
5483,"0,206,8"
5484,"199,169,3"
5485,"296,169,306"
5486,"188,0,3"
5487,"199,169"
5488,"32,23,31"
5489,"296,169,306"
5490,"3,21,40"
5491,"10,169,199"
5492,"3,21,200"
5493,"10,64"
5494,"3,148,147"
5495,"0,271,216"
5496,"40,128,129"
5497,"26,0,271"
5498,"3,10,11"
5499,"13,3,14"
5500,"10,72,11"
5501,"71,145,44"
5502,"23,38,24"
5503,"10,64"
5504,"23,118,74"
5505,"40,131,23"
5506,"0,218,377"
5507,"0,211,212"
5508,"23,0,26"
5509,"169,10,24"
5510,"3,40,21"
5511,"3,21,199"
5512,"138,135,169"
5513,"3,21,148"
5514,"220,10,25"
5515,"44,145,45"
5516,"40,131"
5517,"10,64"
5518,"40,74,38"
5519,"3,21,148"
5520,"23,74,24"
5521,"23,26,350"
5522,"23,38,74"
5523,"3,21,148"
5524,"220,10"
5525,"3,147,40"
5526,"328,31,0"
5527,"229,0,10"
5528,"3,111,119"
5529,"10,72,44"
5530,"3,21,200"
5531,"145,44,72"
5532,"23,38,74"
5533,"169,199,170"
5534,"3,15,200"
5535,"0,216,271"
5536,"3,21,133"
5537,"3,187,21"
5538,"169,170,199"
5539,"10,11,69"
5540,"23,38,74"
5541,"181,24,43"
5542,"199,169,3"
5543,"199,169,0"
5544,"71,23,24"
5545,"3,21,111"
5546,"43,24,23"
5547,"199,169,3"
5548,"3,17,21"
5549,"10,11,220"
5550,"459,138,135"
5551,"138,135,169"
5552,"0,40,216"
5553,"169,170,199"
5554,"0,271,216"
5555,"23,38,24"
5556,"23,10,38"
5557,"23,38,49"
5558,"0,265,218"
5559,"38,23,26"
5560,"3,15,147"
5561,"3,147,148"
5562,"72,44,10"
5563,"220,10"
5564,"24,181,43"
5565,"0,271,26"
5566,"44,145,10"
5567,"337,169,0"
5568,"3,5,133"
5569,"41,40,224"
5570,"10,220"
5571,"23,24,43"
5572,"169,199,49"
5573,"3,21,148"
5574,"40,41,309"
5575,"23,38,74"
5576,"170,171,169"
5577,"0,216"
5578,"0,218,457"
5579,"220,10"
5580,"128,40,129"
5581,"10,44,24"
5582,"3,4,70"
5583,"135,40,138"
5584,"40,131"
5585,"72,44,145"
5586,"135,169,138"
5587,"10,220"
5588,"128,40,130"
5589,"3,21,40"
5590,"0,271,8"
5591,"23,38,74"
5592,"40,131,134"
5593,"40,41,224"
5594,"220,10"
5595,"23,38,26"
5596,"0,271,26"
5597,"296,169,306"
5598,"40,241,131"
5599,"0,271"
5600,"3,147,523"
5601,"145,44,72"
5602,"40,41,3"
5603,"26,23,89"
5604,"38,48,309"
5605,"10,44,45"
5606,"220,10"
5607,"26,23,38"
5608,"220,10"
5609,"181,24,23"
5610,"3,4"
5611,"0,271,216"
5612,"199,169,0"
5613,"3,199,169"
5614,"23,26,0"
5615,"3,15,147"
5616,"10,64,60"
5617,"0,271"
5618,"0,26,350"
5619,"3,5,147"
5620,"10,93,64"
5621,"220,10"
5622,"40,128,0"
5623,"0,8,273"
5624,"0,271"
5625,"3,148,200"
5626,"40,145,44"
5627,"169,199,40"
5628,"23,40,74"
5629,"10,220,221"
5630,"10,23,60"
5631,"290,23,31"
5632,"40,128,129"
5633,"199,169"
5634,"170,459,169"
5635,"10,64,93"
5636,"170,171,169"
5637,"26,23,89"
5638,"10,11,69"
5639,"169,337,3"
5640,"40,128,129"
5641,"271,0"
5642,"199,169"
5643,"40,139,41"
5644,"199,169"
5645,"0,26,313"
5646,"40,23,146"
5647,"10,64,335"
5648,"23,38,74"
5649,"38,23,309"
5650,"3,21,40"
5651,"169,296,170"
5652,"0,216,271"
5653,"38,23,74"
5654,"3,4,435"
5655,"0,271,313"
5656,"3,147,148"
5657,"3,40,148"
5658,"3,147,15"
5659,"3,111,148"
5660,"40,41,135"
5661,"10,64"
5662,"40,146,145"
5663,"231,26,23"
5664,"0,271,216"
5665,"0,271,366"
5666,"40,139,41"
5667,"40,131,3"
5668,"118,23,74"
5669,"402,145,40"
5670,"0,265,271"
5671,"10,64"
5672,"44,145,24"
5673,"23,40,74"
5674,"10,64"
5675,"3,148,200"
5676,"23,169,24"
5677,"169,296,199"
5678,"118,74,23"
5679,"3,21,40"
5680,"0,216,271"
5681,"145,146,54"
5682,"3,147,21"
5683,"145,44,40"
5684,"40,160,128"
5685,"3,147,28"
5686,"3,147,148"
5687,"10,11,69"
5688,"0,169,26"
5689,"49,3,21"
5690,"64,10,89"
5691,"40,128,186"
5692,"3,169,296"
5693,"10,40,23"
5694,"23,26,10"
5695,"23,26,231"
5696,"40,181,169"
5697,"3,4,435"
5698,"49,23,24"
5699,"3,147,148"
5700,"160,302,40"
5701,"296,169"
5702,"3,21,40"
5703,"145,10,24"
5704,"10,64,93"
5705,"3,169,187"
5706,"15,3,16"
5707,"40,131,184"
5708,"199,169,170"
5709,"74,3,307"
5710,"181,40,145"
5711,"8,0,26"
5712,"0,271,26"
5713,"10,220"
5714,"40,131,134"
5715,"169,0,199"
5716,"169,199,251"
5717,"10,11,44"
5718,"3,15,275"
5719,"40,131,128"
5720,"169,199,171"
5721,"3,21,17"
5722,"220,10,23"
5723,"40,131,134"
5724,"10,64,44"
5725,"3,147,148"
5726,"0,271,366"
5727,"3,147,148"
5728,"169,199,170"
5729,"25,23,24"
5730,"199,169,323"
5731,"0,216,271"
5732,"169,170,0"
5733,"23,74,71"
5734,"40,146,145"
5735,"3,15,147"
5736,"38,23,26"
5737,"328,31,23"
5738,"3,21,200"
5739,"10,60,24"
5740,"4,3,435"
5741,"49,23,24"
5742,"220,10"
5743,"4,3,435"
5744,"0,271,265"
5745,"3,147,156"
5746,"10,64,220"
5747,"426,508,40"
5748,"24,23,10"
5749,"10,64,93"
5750,"220,10"
5751,"40,160,315"
5752,"138,135,169"
5753,"220,10,31"
5754,"40,131,160"
5755,"24,23,43"
5756,"199,169"
5757,"3,200,13"
5758,"40,128,184"
5759,"169,0,170"
5760,"220,10"
5761,"40,131"
5762,"3,4,200"
5763,"145,10,44"
5764,"4,3,435"
5765,"3,148,147"
5766,"44,72,145"
5767,"41,40,224"
5768,"23,26,38"
5769,"199,169"
5770,"3,147,148"
5771,"26,89,23"
5772,"145,10,40"
5773,"40,181,10"
5774,"3,21,147"
5775,"44,145,45"
5776,"44,145,45"
5777,"199,169,68"
5778,"40,3,41"
5779,"3,21,200"
5780,"0,26,216"
5781,"3,21,200"
5782,"145,402,44"
5783,"40,10,139"
5784,"3,147,148"
5785,"3,40,23"
5786,"169,199,170"
5787,"220,10"
5788,"40,175,23"
5789,"38,23,40"
5790,"23,26,8"
5791,"23,40,38"
5792,"10,64,90"
5793,"13,3,40"
5794,"10,220,59"
5795,"169,199,128"
5796,"169,199,170"
5797,"145,44,10"
5798,"169,251,199"
5799,"84,23,74"
5800,"10,44,72"
5801,"40,315,160"
5802,"38,23,74"
5803,"181,43,24"
5804,"23,38,74"
5805,"0,216,211"
5806,"0,216,313"
5807,"0,3,216"
5808,"3,147,148"
5809,"23,24,38"
5810,"509,10,218"
5811,"3,15"
5812,"199,169"
5813,"3,169,199"
5814,"0,271,216"
5815,"26,23,0"
5816,"170,3,15"
5817,"40,128,130"
5818,"0,169,31"
5819,"169,199,170"
5820,"220,10"
5821,"0,8,206"
5822,"0,271,216"
5823,"345,23,24"
5824,"44,10,24"
5825,"23,71,24"
5826,"23,38,345"
5827,"3,147,148"
5828,"220,10"
5829,"43,181,24"
5830,"23,49,96"
5831,"3,21,200"
5832,"40,131,193"
5833,"23,26,38"
5834,"26,0,89"
5835,"129,128,40"
5836,"4,435,3"
5837,"220,10"
5838,"199,3,169"
5839,"10,220"
5840,"40,131,241"
5841,"160,40,315"
5842,"10,11,69"
5843,"199,169"
5844,"3,21,200"
5845,"0,346,313"
5846,"3,17,200"
5847,"40,3,21"
5848,"206,3,0"
5849,"169,405,8"
5850,"220,10,38"
5851,"10,64,40"
5852,"23,38,74"
5853,"3,275,111"
5854,"199,169"
5855,"40,131"
5856,"0,206,8"
5857,"40,131,134"
5858,"3,17"
5859,"0,216,211"
5860,"10,93,64"
5861,"23,71,24"
5862,"44,145,45"
5863,"3,4,375"
5864,"402,145,40"
5865,"40,184,185"
5866,"38,23,309"
5867,"220,10"
5868,"23,24,181"
5869,"3,133,5"
5870,"3,147,148"
5871,"199,169,0"
5872,"10,40,64"
5873,"72,44,61"
5874,"3,148,21"
5875,"40,131"
5876,"199,169,3"
5877,"32,31,23"
5878,"0,169,271"
5879,"40,3,21"
5880,"160,40,315"
5881,"48,3,21"
5882,"40,131,134"
5883,"199,169,259"
5884,"38,23,24"
5885,"0,271,216"
5886,"10,220,23"
5887,"10,72,44"
5888,"49,23,24"
5889,"40,250,128"
5890,"10,23,38"
5891,"3,301,21"
5892,"0,271,366"
5893,"3,21,48"
5894,"49,23,128"
5895,"0,23,265"
5896,"40,17,3"
5897,"3,4,435"
5898,"3,21,200"
5899,"306,296,169"
5900,"40,131"
5901,"431,40,135"
5902,"3,4,40"
5903,"169,199,426"
5904,"23,74,118"
5905,"3,200,4"
5906,"10,11,69"
5907,"40,128,315"
5908,"169,170,40"
5909,"10,64,93"
5910,"0,211,212"
5911,"40,135,138"
5912,"23,24,40"
5913,"40,131,41"
5914,"0,8,271"
5915,"23,10,25"
5916,"40,131"
5917,"40,131"
5918,"40,128,129"
5919,"3,147,148"
5920,"44,10,11"
5921,"71,24,23"
5922,"0,216,271"
5923,"24,43,23"
5924,"0,271,218"
5925,"3,0,21"
5926,"10,64"
5927,"3,17,0"
5928,"3,23,48"
5929,"3,4,435"
5930,"169,199,49"
5931,"11,62,10"
5932,"10,93,64"
5933,"3,21,40"
5934,"3,4,147"
5935,"169,199,170"
5936,"0,509,218"
5937,"23,40,145"
5938,"23,26,231"
5939,"160,40,315"
5940,"0,211,212"
5941,"10,64,145"
5942,"3,4,7"
5943,"220,10"
5944,"3,4,435"
5945,"40,135,118"
5946,"23,118,74"
5947,"38,23,26"
5948,"220,10"
5949,"0,10,220"
5950,"145,402,44"
5951,"0,271,216"
5952,"199,169,38"
5953,"3,21,200"
5954,"40,131,128"
5955,"138,40,135"
5956,"147,3,148"
5957,"15,3,16"
5958,"3,147,148"
5959,"169,8,405"
5960,"3,21,187"
5961,"10,48,40"
5962,"3,21,17"
5963,"145,44,23"
5964,"147,3,148"
5965,"0,218,509"
5966,"40,131"
5967,"345,23,40"
5968,"3,15,16"
5969,"199,169,170"
5970,"23,38,24"
5971,"169,170,171"
5972,"24,23,43"
5973,"0,206,8"
5974,"3,21,40"
5975,"23,74,38"
5976,"40,135,295"
5977,"220,10,0"
5978,"3,17,21"
5979,"10,64"
5980,"10,220,8"
5981,"0,271,265"
5982,"0,271,216"
5983,"10,11,69"
5984,"199,169,23"
5985,"3,4,435"
5986,"40,160,128"
5987,"0,169,216"
5988,"231,26,23"
5989,"3,21,200"
5990,"170,169,3"
5991,"0,218,271"
5992,"0,211,212"
5993,"10,220"
5994,"40,131,193"
5995,"10,64,145"
5996,"4,3,435"
5997,"220,10"
5998,"3,4,5"
5999,"40,131,128"
6000,"181,40,323"
6001,"3,147,148"
6002,"3,200,111"
6003,"0,271,216"
6004,"23,74,38"
6005,"40,23,181"
6006,"40,131,128"
6007,"3,23,38"
6008,"199,3,169"
6009,"3,21,200"
6010,"10,24,23"
6011,"3,133,5"
6012,"10,64,93"
6013,"145,44,24"
6014,"3,200,148"
6015,"199,3,169"
6016,"3,147,21"
6017,"169,199,10"
6018,"0,218,216"
6019,"3,111,200"
6020,"181,43,24"
6021,"0,271"
6022,"0,8,206"
6023,"3,21,40"
6024,"0,206,8"
6025,"72,44,145"
6026,"3,21,200"
6027,"0,235,8"
6028,"147,3,156"
6029,"40,131"
6030,"3,199,21"
6031,"74,118,23"
6032,"0,271,255"
6033,"40,145,131"
6034,"3,200,17"
6035,"40,138,135"
6036,"145,402,40"
6037,"23,74,38"
6038,"231,26,23"
6039,"3,4,15"
6040,"160,315,40"
6041,"40,131,23"
6042,"3,40,111"
6043,"138,135,169"
6044,"0,279,216"
6045,"40,131"
6046,"220,10"
6047,"24,23,43"
6048,"44,145,45"
6049,"48,309,38"
6050,"23,74,38"
6051,"40,71,175"
6052,"10,3,17"
6053,"40,41,135"
6054,"40,0,128"
6055,"3,10,17"
6056,"40,241,21"
6057,"0,216,271"
6058,"10,40,414"
6059,"23,38,26"
6060,"40,128,186"
6061,"40,3,21"
6062,"23,40,38"
6063,"40,3,146"
6064,"3,40,21"
6065,"23,24,38"
6066,"3,148,21"
6067,"23,38,107"
6068,"169,199,170"
6069,"4,435,3"
6070,"3,4,435"
6071,"3,5,133"
6072,"0,216,271"
6073,"296,169,306"
6074,"3,147,148"
6075,"40,160,315"
6076,"145,44,72"
6077,"0,271"
6078,"199,169,40"
6079,"43,24,181"
6080,"509,218,10"
6081,"3,206,0"
6082,"0,216,271"
6083,"0,169,271"
6084,"23,26,38"
6085,"10,181,60"
6086,"160,40,315"
6087,"23,74,38"
6088,"49,23,24"
6089,"24,23,145"
6090,"10,93,64"
6091,"10,64"
6092,"199,169,170"
6093,"40,128,10"
6094,"40,23,131"
6095,"26,350,0"
6096,"3,21,41"
6097,"145,44,10"
6098,"3,4,435"
6099,"10,64,93"
6100,"0,8,206"
6101,"40,250,135"
6102,"169,199,10"
6103,"0,271"
6104,"169,170,40"
6105,"169,199,170"
6106,"0,208,216"
6107,"40,184,241"
6108,"72,44,10"
6109,"3,147,148"
6110,"72,44,10"
6111,"23,24,38"
6112,"40,131,41"
6113,"199,169"
6114,"220,10"
6115,"169,199,170"
6116,"0,211,216"
6117,"0,23,265"
6118,"23,26,38"
6119,"10,11,205"
6120,"0,206,8"
6121,"10,145,44"
6122,"3,15,16"
6123,"40,175,128"
6124,"3,21,17"
6125,"0,216,211"
6126,"3,17,148"
6127,"3,21,200"
6128,"40,128,186"
6129,"145,44,40"
6130,"3,21,147"
6131,"3,17,21"
6132,"40,41,21"
6133,"0,271"
6134,"10,64,24"
6135,"3,147,148"
6136,"44,10,145"
6137,"3,200,147"
6138,"3,21,200"
6139,"3,21,40"
6140,"3,21,200"
6141,"40,145,44"
6142,"10,93,64"
6143,"10,64,93"
6144,"44,145,45"
6145,"40,41,224"
6146,"44,145,45"
6147,"0,26,271"
6148,"3,17,148"
6149,"24,10,23"
6150,"3,21,200"
6151,"31,216,0"
6152,"199,169"
6153,"199,169,40"
6154,"23,38,24"
6155,"220,10"
6156,"3,0,10"
6157,"71,145,44"
6158,"49,23,24"
6159,"40,131"
6160,"0,346,313"
6161,"3,15,148"
6162,"160,315,40"
6163,"169,199,251"
6164,"169,170,199"
6165,"145,10,44"
6166,"170,169"
6167,"10,220"
6168,"145,10,40"
6169,"3,21,148"
6170,"4,3,435"
6171,"296,306,169"
6172,"3,147,148"
6173,"181,323,199"
6174,"3,113,28"
6175,"113,120,3"
6176,"40,160,315"
6177,"40,23,128"
6178,"3,15,200"
6179,"199,169,426"
6180,"40,234,151"
6181,"220,10"
6182,"23,38,24"
6183,"508,426,169"
6184,"26,231,23"
6185,"3,169,199"
6186,"17,3,18"
6187,"23,49,38"
6188,"24,23,10"
6189,"74,23,118"
6190,"23,26,0"
6191,"23,74,40"
6192,"199,169,0"
6193,"38,39,23"
6194,"23,71,38"
6195,"23,24,40"
6196,"147,3,156"
6197,"3,21,148"
6198,"118,74,23"
6199,"23,24,43"
6200,"3,40,367"
6201,"10,93,64"
6202,"199,169,0"
6203,"23,24,181"
6204,"160,40,315"
6205,"23,26,38"
6206,"10,64,24"
6207,"40,307,3"
6208,"0,216,145"
6209,"3,21,200"
6210,"0,8,235"
6211,"3,21,200"
6212,"40,184,131"
6213,"0,26,23"
6214,"15,3,16"
6215,"10,72,44"
6216,"10,23,24"
6217,"40,31,135"
6218,"23,43,24"
6219,"40,131,128"
6220,"220,10"
6221,"0,271,366"
6222,"3,4,120"
6223,"40,131"
6224,"10,24,23"
6225,"220,10"
6226,"220,10"
6227,"10,64"
6228,"128,40,130"
6229,"199,3,169"
6230,"0,216,313"
6231,"0,271,265"
6232,"23,3,38"
6233,"0,216,271"
6234,"3,169,296"
6235,"3,170,21"
6236,"3,148,147"
6237,"128,40,130"
6238,"23,44,145"
6239,"44,45,145"
6240,"170,169,171"
6241,"40,131,184"
6242,"3,15,120"
6243,"3,21,200"
6244,"170,171,169"
6245,"40,48,309"
6246,"199,169,10"
6247,"3,21,40"
6248,"169,199,8"
6249,"145,44,23"
6250,"40,160,315"
6251,"0,216,211"
6252,"3,21,200"
6253,"3,147,148"
6254,"220,10"
6255,"3,147,148"
6256,"138,135,10"
6257,"0,216,255"
6258,"38,23,309"
6259,"0,313,346"
6260,"23,40,24"
6261,"40,184,131"
6262,"0,216,279"
6263,"40,23,41"
6264,"199,169"
6265,"10,93,64"
6266,"3,21,200"
6267,"3,21,148"
6268,"3,4,435"
6269,"3,148,147"
6270,"40,184,185"
6271,"169,3,170"
6272,"3,147,148"
6273,"3,147,148"
6274,"10,11,69"
6275,"3,21,4"
6276,"0,271,213"
6277,"44,10,145"
6278,"169,345,170"
6279,"17,3,18"
6280,"0,271"
6281,"3,70,4"
6282,"3,4,435"
6283,"40,234,17"
6284,"3,4,435"
6285,"3,4,147"
6286,"0,271,216"
6287,"10,93,64"
6288,"169,170,171"
6289,"40,3,41"
6290,"32,31,23"
6291,"40,131,142"
6292,"49,23,24"
6293,"3,200,21"
6294,"15,3,16"
6295,"44,10,145"
6296,"3,148,523"
6297,"206,8,0"
6298,"40,135,138"
6299,"10,11,69"
6300,"40,131,134"
6301,"199,169"
6302,"0,206,216"
6303,"10,40,402"
6304,"0,271,216"
6305,"44,10,11"
6306,"40,169,199"
6307,"48,81,3"
6308,"10,145,44"
6309,"3,40,148"
6310,"24,43,23"
6311,"44,145,72"
6312,"49,23,24"
6313,"169,199,40"
6314,"145,44,10"
6315,"118,23,74"
6316,"3,301,200"
6317,"44,10,145"
6318,"10,64"
6319,"10,64"
6320,"3,147,148"
6321,"24,23,43"
6322,"10,64,220"
6323,"145,44,402"
6324,"199,169"
6325,"128,40,130"
6326,"199,169"
6327,"4,3,7"
6328,"170,171,169"
6329,"220,10"
6330,"3,17,21"
6331,"3,4,435"
6332,"32,23,31"
6333,"49,10,24"
6334,"145,10,146"
6335,"38,23,82"
6336,"3,15,17"
6337,"3,40,17"
6338,"3,15,200"
6339,"23,38,26"
6340,"3,21,301"
6341,"13,3,150"
6342,"44,45,145"
6343,"181,145,43"
6344,"0,271,8"
6345,"0,206,8"
6346,"40,145,131"
6347,"220,10"
6348,"199,38,63"
6349,"3,23,10"
6350,"169,199,307"
6351,"40,160,315"
6352,"0,59,265"
6353,"0,271,216"
6354,"3,21,200"
6355,"10,23,38"
6356,"3,147,148"
6357,"31,23,96"
6358,"3,4,435"
6359,"23,74,38"
6360,"0,208,216"
6361,"169,170,199"
6362,"23,24,43"
6363,"224,41,40"
6364,"3,21,148"
6365,"40,23,283"
6366,"128,40,130"
6367,"23,31,258"
6368,"220,10,0"
6369,"111,3,119"
6370,"10,44,145"
6371,"3,23,24"
6372,"0,211,216"
6373,"40,41,3"
6374,"220,10"
6375,"40,131"
6376,"3,21,187"
6377,"49,23,24"
6378,"40,184,131"
6379,"3,147,148"
6380,"0,59,265"
6381,"271,0"
6382,"0,218,457"
6383,"220,10"
6384,"40,41,21"
6385,"62,24,23"
6386,"0,8,218"
6387,"199,169"
6388,"0,206,8"
6389,"3,147,148"
6390,"74,23,38"
6391,"220,10,145"
6392,"38,23"
6393,"199,3,169"
6394,"40,145,131"
6395,"169,199,216"
6396,"40,135,131"
6397,"199,169,0"
6398,"0,271,216"
6399,"220,10"
6400,"10,11,69"
6401,"0,271,216"
6402,"147,3,148"
6403,"3,301,21"
6404,"181,43,10"
6405,"24,23,10"
6406,"0,206,369"
6407,"40,146,145"
6408,"3,435,4"
6409,"0,271,218"
6410,"3,21,148"
6411,"23,74,38"
6412,"15,3,16"
6413,"40,44,145"
6414,"40,187,21"
6415,"3,148,147"
6416,"3,4,435"
6417,"23,74,38"
6418,"170,169,171"
6419,"40,131"
6420,"135,40,138"
6421,"3,4,435"
6422,"40,131,135"
6423,"169,199,170"
6424,"10,64"
6425,"3,21,40"
6426,"235,0,8"
6427,"40,131,241"
6428,"3,523,53"
6429,"40,131"
6430,"0,8,216"
6431,"199,169"
6432,"59,10,0"
6433,"49,24,23"
6434,"0,26,23"
6435,"40,184,131"
6436,"23,38,107"
6437,"23,38,74"
6438,"3,147,148"
6439,"3,17"
6440,"40,131,10"
6441,"0,26,271"
6442,"199,169"
6443,"107,23,38"
6444,"10,93,64"
6445,"3,4,200"
6446,"40,184,131"
6447,"4,3,435"
6448,"10,3,40"
6449,"3,17,200"
6450,"199,169,40"
6451,"40,23,135"
6452,"38,23,39"
6453,"206,8,0"
6454,"145,44,402"
6455,"44,145,45"
6456,"38,8,0"
6457,"3,15,16"
6458,"49,40"
6459,"3,170,169"
6460,"10,64,220"
6461,"0,271,313"
6462,"220,10"
6463,"3,28,23"
6464,"23,31,32"
6465,"3,21,200"
6466,"10,23,24"
6467,"199,169,0"
6468,"10,24,23"
6469,"40,131,241"
6470,"0,229,218"
6471,"40,3,153"
6472,"24,23,43"
6473,"3,147,148"
6474,"3,523,147"
6475,"40,131"
6476,"41,40,21"
6477,"3,128,40"
6478,"169,199,0"
6479,"40,41,21"
6480,"0,271,216"
6481,"10,250,40"
6482,"296,169,146"
6483,"40,160,128"
6484,"328,23,402"
6485,"0,216,271"
6486,"0,271,218"
6487,"3,21,200"
6488,"131,40,134"
6489,"23,38,40"
6490,"3,111,21"
6491,"0,271,218"
6492,"169,170"
6493,"3,28,40"
6494,"10,93,64"
6495,"296,169,306"
6496,"64,10,24"
6497,"169,170,40"
6498,"0,8,206"
6499,"199,169,251"
6500,"71,44,145"
6501,"3,147,148"
6502,"206,0,8"
6503,"40,31,77"
6504,"220,10"
6505,"10,64,11"
6506,"0,271,216"
6507,"40,135,148"
6508,"10,11,69"
6509,"128,40,129"
6510,"145,44,40"
6511,"3,21,200"
6512,"169,170,171"
6513,"3,337,10"
6514,"10,44,145"
6515,"220,10"
6516,"10,44,145"
6517,"40,145,131"
6518,"10,11,69"
6519,"74,23,303"
6520,"40,131,193"
6521,"10,145,40"
6522,"3,523,147"
6523,"4,3,5"
6524,"38,23,40"
6525,"170,171,169"
6526,"169,199,170"
6527,"160,40,315"
6528,"3,21,147"
6529,"3,147,148"
6530,"3,21,40"
6531,"23,38,74"
6532,"0,26,23"
6533,"3,4,435"
6534,"199,40,431"
6535,"23,38,24"
6536,"40,41,123"
6537,"3,148,21"
6538,"3,147,148"
6539,"40,128,129"
6540,"40,145,402"
6541,"128,129,40"
6542,"169,170,0"
6543,"220,10,0"
6544,"3,21,200"
6545,"309,38,23"
6546,"10,64,23"
6547,"3,147,148"
6548,"315,40,160"
6549,"40,128,186"
6550,"40,131"
6551,"0,271,313"
6552,"145,40,402"
6553,"10,93,64"
6554,"10,220"
6555,"3,21,148"
6556,"11,10,24"
6557,"170,171,169"
6558,"32,23,31"
6559,"0,10,24"
6560,"431,199,169"
6561,"10,23,24"
6562,"23,169,38"
6563,"23,24,62"
6564,"71,23,24"
6565,"23,38,71"
6566,"40,139,3"
6567,"3,21,200"
6568,"3,17,200"
6569,"199,169,251"
6570,"0,271,216"
6571,"0,8,235"
6572,"38,23,26"
6573,"26,23,38"
6574,"49,23,24"
6575,"3,111,40"
6576,"169,337,0"
6577,"72,10,44"
6578,"0,211,279"
6579,"431,199,135"
6580,"145,40,44"
6581,"23,24,49"
6582,"40,131"
6583,"40,3,41"
6584,"40,131,128"
6585,"23,38,74"
6586,"3,15,16"
6587,"24,43,23"
6588,"220,10,23"
6589,"199,169,223"
6590,"23,38,26"
6591,"40,131,128"
6592,"40,131,139"
6593,"220,10"
6594,"40,145,502"
6595,"23,63,38"
6596,"10,0,169"
6597,"3,147,40"
6598,"4,3,7"
6599,"220,10"
6600,"38,23,74"
6601,"44,145,45"
6602,"3,21,40"
6603,"10,40,64"
6604,"40,41,224"
6605,"3,21,169"
6606,"3,147,523"
6607,"199,169,431"
6608,"23,118,74"
6609,"10,93,64"
6610,"3,147,148"
6611,"0,271"
6612,"48,23,38"
6613,"10,11,24"
6614,"170,169,3"
6615,"40,138,135"
6616,"3,4,435"
6617,"40,131"
6618,"40,128,250"
6619,"17,3,21"
6620,"3,147,148"
6621,"145,40,402"
6622,"0,211,279"
6623,"206,8,0"
6624,"169,170,199"
6625,"10,72,61"
6626,"138,135,40"
6627,"3,301,21"
6628,"220,10"
6629,"3,5,6"
6630,"0,26,271"
6631,"0,271,216"
6632,"3,21,148"
6633,"0,271,211"
6634,"0,3,23"
6635,"23,38,107"
6636,"26,8,0"
6637,"3,21,200"
6638,"23,38,26"
6639,"10,64"
6640,"147,3,148"
6641,"0,271,211"
6642,"169,170,3"
6643,"38,10,40"
6644,"3,40,147"
6645,"26,231,23"
6646,"145,44,40"
6647,"171,170,169"
6648,"169,199,129"
6649,"4,435,3"
6650,"199,169,251"
6651,"145,10,24"
6652,"40,41,224"
6653,"38,23,24"
6654,"74,23,317"
6655,"3,21,148"
6656,"40,41,3"
6657,"23,38,74"
6658,"199,169"
6659,"3,187,21"
6660,"220,10"
6661,"43,24,23"
6662,"23,40,402"
6663,"40,128,131"
6664,"220,10"
6665,"3,200,21"
6666,"0,216,271"
6667,"15,3,16"
6668,"40,131"
6669,"23,74,38"
6670,"40,61,72"
6671,"26,0,89"
6672,"23,10,38"
6673,"23,10,24"
6674,"0,216,218"
6675,"96,31,328"
6676,"10,93,64"
6677,"199,169"
6678,"40,128,0"
6679,"0,8,206"
6680,"0,216,279"
6681,"10,48,38"
6682,"10,40,38"
6683,"10,64,448"
6684,"3,21,40"
6685,"138,135,169"
6686,"160,40,315"
6687,"3,21,147"
6688,"0,216,370"
6689,"0,271,216"
6690,"40,3,145"
6691,"40,3,21"
6692,"199,169,431"
6693,"3,21,200"
6694,"0,271,265"
6695,"147,3,148"
6696,"3,4,435"
6697,"3,53,68"
6698,"40,131,128"
6699,"3,147,200"
6700,"3,148,147"
6701,"10,72,44"
6702,"40,128,250"
6703,"220,10"
6704,"3,21,200"
6705,"38,23,26"
6706,"3,13,14"
6707,"23,24,40"
6708,"3,15,16"
6709,"181,40,145"
6710,"0,313,26"
6711,"10,181,24"
6712,"3,21,200"
6713,"169,199,170"
6714,"23,38,74"
6715,"199,169"
6716,"220,10"
6717,"23,24,43"
6718,"0,8,391"
6719,"0,8,23"
6720,"23,38,74"
6721,"44,145,23"
6722,"44,145,40"
6723,"23,38,26"
6724,"10,220"
6725,"40,131,128"
6726,"169,199,170"
6727,"0,271,216"
6728,"3,15"
6729,"40,131"
6730,"0,271,216"
6731,"171,170,169"
6732,"3,187,21"
6733,"3,147,148"
6734,"44,10,145"
6735,"26,89,23"
6736,"38,23,40"
6737,"402,145,44"
6738,"220,10"
6739,"3,147,148"
6740,"206,8,0"
6741,"169,199,170"
6742,"59,23,44"
6743,"220,10"
6744,"206,0,8"
6745,"3,17,200"
6746,"23,74,38"
6747,"169,199,24"
6748,"3,21,187"
6749,"3,40,4"
6750,"3,4,148"
6751,"0,271,216"
6752,"40,41,3"
6753,"40,160,41"
6754,"40,74,17"
6755,"169,296"
6756,"10,220"
6757,"38,23,48"
6758,"3,4,21"
6759,"3,147,156"
6760,"26,89,23"
6761,"10,72,44"
6762,"199,169,170"
6763,"231,26,23"
6764,"3,147,148"
6765,"3,200,148"
6766,"0,271"
6767,"44,145,10"
6768,"220,10"
6769,"169,199"
6770,"74,23,317"
6771,"0,216,211"
6772,"118,23,74"
6773,"40,160,131"
6774,"3,21,148"
6775,"3,4"
6776,"3,17"
6777,"296,169,306"
6778,"40,128,129"
6779,"0,271"
6780,"3,17"
6781,"40,131"
6782,"23,26,118"
6783,"199,169"
6784,"44,145,45"
6785,"0,313,314"
6786,"10,220,145"
6787,"40,131"
6788,"23,145,10"
6789,"169,38,23"
6790,"206,0,8"
6791,"10,23,24"
6792,"0,235,8"
6793,"220,10,0"
6794,"49,24,23"
6795,"0,271,26"
6796,"199,431,169"
6797,"63,23,38"
6798,"3,199,21"
6799,"3,4,435"
6800,"3,4,435"
6801,"23,71,38"
6802,"3,21,200"
6803,"0,271,216"
6804,"10,64,44"
6805,"23,74,3"
6806,"25,10,23"
6807,"169,0,337"
6808,"169,170,296"
6809,"3,4,435"
6810,"0,199,169"
6811,"40,3,17"
6812,"3,147,148"
6813,"3,187,170"
6814,"3,4,435"
6815,"10,44,72"
6816,"40,160,315"
6817,"199,169"
6818,"3,21,200"
6819,"3,21,40"
6820,"0,271,265"
6821,"0,271,218"
6822,"23,10,40"
6823,"40,128,41"
6824,"0,271,216"
6825,"10,64"
6826,"199,431,169"
6827,"40,131"
6828,"0,271,8"
6829,"145,10,23"
6830,"32,23,31"
6831,"24,181,145"
6832,"169,170,508"
6833,"3,21,40"
6834,"3,147,148"
6835,"40,135,295"
6836,"4,3,435"
6837,"10,64,323"
6838,"23,74,38"
6839,"74,23,38"
6840,"220,10"
6841,"169,296,199"
6842,"23,24,71"
6843,"38,23,0"
6844,"40,286,41"
6845,"0,271,216"
6846,"402,145,40"
6847,"3,187,21"
6848,"509,10,44"
6849,"23,24,43"
6850,"3,40,148"
6851,"10,220,23"
6852,"10,145,40"
6853,"0,206,220"
6854,"145,44,23"
6855,"3,200,21"
6856,"38,23,40"
6857,"15,3,16"
6858,"206,0,8"
6859,"0,313,271"
6860,"169,199,170"
6861,"169,199,170"
6862,"3,147,148"
6863,"44,145,45"
6864,"72,10,44"
6865,"40,250,128"
6866,"169,199,170"
6867,"10,64,24"
6868,"0,271,216"
6869,"10,64"
6870,"3,200,53"
6871,"40,131,128"
6872,"40,131"
6873,"23,24,118"
6874,"0,271,216"
6875,"26,0,271"
6876,"199,169"
6877,"40,26,89"
6878,"169,337,3"
6879,"3,21,40"
6880,"0,206,8"
6881,"10,220"
6882,"199,169"
6883,"181,40,145"
6884,"0,271,26"
6885,"296,169,306"
6886,"40,74,169"
6887,"181,40,24"
6888,"40,3,148"
6889,"44,145,10"
6890,"0,271,216"
6891,"23,38,74"
6892,"26,0,23"
6893,"0,271,26"
6894,"38,23,26"
6895,"24,23,43"
6896,"40,17,0"
6897,"0,265,216"
6898,"23,3,147"
6899,"40,128,130"
6900,"23,38,63"
6901,"10,11,69"
6902,"199,169,38"
6903,"10,220"
6904,"38,23"
6905,"26,23,38"
6906,"74,23,38"
6907,"3,15,200"
6908,"23,118,74"
6909,"145,44,40"
6910,"0,8,391"
6911,"15,3,16"
6912,"170,171,169"
6913,"40,131"
6914,"0,8,206"
6915,"206,8,0"
6916,"74,23,38"
6917,"38,23,74"
6918,"328,49,96"
6919,"70,40,4"
6920,"3,4,200"
6921,"10,220"
6922,"3,4,200"
6923,"118,74,23"
6924,"23,74,38"
6925,"31,171,40"
6926,"26,23,38"
6927,"10,220"
6928,"0,271,213"
6929,"23,38,74"
6930,"3,15,17"
6931,"10,64,145"
6932,"40,160,315"
6933,"199,169,251"
6934,"10,220"
6935,"3,5,133"
6936,"3,40,128"
6937,"145,23,38"
6938,"3,275,148"
6939,"44,45,10"
6940,"23,74,71"
6941,"0,265,271"
6942,"145,40,10"
6943,"170,171,169"
6944,"3,4"
6945,"23,38,24"
6946,"169,170,0"
6947,"0,8,216"
6948,"147,3,156"
6949,"6,5,133"
6950,"3,4,200"
6951,"10,93,64"
6952,"49,23,24"
6953,"169,199,3"
6954,"10,220"
6955,"10,64,448"
6956,"220,10"
6957,"15,3,16"
6958,"220,10"
6959,"169,199,0"
6960,"3,4,148"
6961,"3,21,200"
6962,"145,10,44"
6963,"4,435,3"
6964,"40,241,131"
6965,"199,169,223"
6966,"23,26,38"
6967,"38,23,26"
6968,"0,366,216"
6969,"49,24,23"
6970,"3,17,200"
6971,"3,21,40"
6972,"40,131,184"
6973,"44,145,45"
6974,"71,23,24"
6975,"170,169,171"
6976,"220,10"
6977,"3,21,17"
6978,"3,21,200"
6979,"0,206,8"
6980,"3,40,147"
6981,"10,220"
6982,"199,169,10"
6983,"10,64,93"
6984,"40,128,41"
6985,"40,41,128"
6986,"199,169,24"
6987,"169,0,199"
6988,"160,40"
6989,"170,169,171"
6990,"169,170,426"
6991,"169,199,0"
6992,"40,41,224"
6993,"169,296"
6994,"38,23,309"
6995,"3,4,435"
6996,"3,199,169"
6997,"40,184,131"
6998,"171,169,170"
6999,"131,40,134"
7000,"93,10,64"
7001,"10,64,90"
7002,"0,40,128"
7003,"10,64,93"
7004,"3,21,17"
7005,"40,128,250"
7006,"296,169,170"
7007,"40,3,41"
7008,"3,147,148"
7009,"4,3,435"
7010,"3,4,188"
7011,"40,131"
7012,"3,148,147"
7013,"23,40,74"
7014,"0,271,216"
7015,"32,31,23"
7016,"44,145,45"
7017,"0,271,216"
7018,"17,3,40"
7019,"3,68,53"
7020,"23,3,10"
7021,"40,426,508"
7022,"40,128,131"
7023,"72,10,44"
7024,"38,39,23"
7025,"3,435,68"
7026,"40,41,3"
7027,"40,145,44"
7028,"0,271,218"
7029,"40,10,489"
7030,"40,41,224"
7031,"3,200,28"
7032,"3,17,21"
7033,"26,89,0"
7034,"0,271,216"
7035,"10,24,23"
7036,"44,10,145"
7037,"3,200,15"
7038,"40,184,131"
7039,"10,72,44"
7040,"169,0,274"
7041,"23,328,74"
7042,"181,40,145"
7043,"10,64,93"
7044,"145,24,23"
7045,"138,40,135"
7046,"44,145,45"
7047,"145,44,10"
7048,"3,21,148"
7049,"40,41,128"
7050,"199,169,223"
7051,"8,405,169"
7052,"26,350,0"
7053,"220,10"
7054,"40,160,128"
7055,"169,170,199"
7056,"10,24,23"
7057,"0,8,26"
7058,"3,10,200"
7059,"38,23,74"
7060,"3,21,17"
7061,"3,4,70"
7062,"23,74,40"
7063,"199,169,251"
7064,"26,89,23"
7065,"40,0,8"
7066,"0,271,216"
7067,"220,10"
7068,"199,169"
7069,"206,0,8"
7070,"23,74,38"
7071,"169,296,170"
7072,"38,23,175"
7073,"38,23,10"
7074,"49,10,24"
7075,"10,220,145"
7076,"0,271,265"
7077,"10,402,220"
7078,"23,74,38"
7079,"23,38,169"
7080,"3,17"
7081,"145,44,40"
7082,"10,220,38"
7083,"170,169,171"
7084,"0,235,8"
7085,"3,40,21"
7086,"23,38,40"
7087,"38,23,74"
7088,"24,43,23"
7089,"3,147,148"
7090,"3,4,5"
7091,"10,93,64"
7092,"23,24,38"
7093,"3,148,40"
7094,"3,40,13"
7095,"145,44,402"
7096,"3,21,40"
7097,"220,10"
7098,"169,3,199"
7099,"23,31,24"
7100,"0,313,271"
7101,"32,31,23"
7102,"23,10,44"
7103,"49,23,24"
7104,"23,74,38"
7105,"40,315,160"
7106,"145,44,40"
7107,"49,23,24"
7108,"10,44,72"
7109,"48,10,38"
7110,"10,72,44"
7111,"118,23,74"
7112,"169,170,274"
7113,"40,426,131"
7114,"48,309,38"
7115,"26,0,23"
7116,"40,23,10"
7117,"43,24,23"
7118,"10,25,23"
7119,"40,131"
7120,"40,128,129"
7121,"145,44,10"
7122,"235,0,8"
7123,"138,135,169"
7124,"3,148,147"
7125,"31,96,23"
7126,"170,169,171"
7127,"3,21,40"
7128,"220,10"
7129,"10,64,93"
7130,"3,147,148"
7131,"199,169,223"
7132,"10,24,44"
7133,"0,271,313"
7134,"10,64,44"
7135,"0,271,313"
7136,"169,38,23"
7137,"0,271,218"
7138,"3,200,4"
7139,"3,21,0"
7140,"3,21,148"
7141,"40,128,131"
7142,"23,38,10"
7143,"10,220"
7144,"169,199,0"
7145,"169,296,170"
7146,"23,74,38"
7147,"0,271"
7148,"40,128,41"
7149,"40,146,145"
7150,"3,187,169"
7151,"199,169,3"
7152,"199,169"
7153,"199,169"
7154,"206,0,8"
7155,"44,145,45"
7156,"224,3,40"
7157,"3,4,147"
7158,"199,3,169"
7159,"0,40,175"
7160,"40,128,160"
7161,"23,24,38"
7162,"171,170,169"
7163,"3,0,21"
7164,"40,41,3"
7165,"169,170"
7166,"169,3,199"
7167,"23,62,24"
7168,"40,3,17"
7169,"3,21,200"
7170,"0,44,145"
7171,"40,160,315"
7172,"40,128,160"
7173,"3,4,435"
7174,"0,8,235"
7175,"3,15,16"
7176,"0,216,271"
7177,"3,148,147"
7178,"0,271,255"
7179,"0,169,199"
7180,"138,135,40"
7181,"23,131,40"
7182,"40,128,41"
7183,"231,26,23"
7184,"169,296"
7185,"402,145,40"
7186,"402,10,145"
7187,"3,200,21"
7188,"24,10,43"
7189,"220,10"
7190,"3,200,169"
7191,"3,147,148"
7192,"10,24,23"
7193,"40,131"
7194,"128,40,129"
7195,"0,271"
7196,"40,160,315"
7197,"10,0,24"
7198,"40,41,286"
7199,"44,145,45"
7200,"0,271,8"
7201,"40,135,23"
7202,"10,64,93"
7203,"0,211,279"
7204,"199,169,170"
7205,"40,23,24"
7206,"402,145,40"
7207,"0,211,212"
7208,"3,17,21"
7209,"145,44,220"
7210,"3,4,435"
7211,"15,3,16"
7212,"3,4,435"
7213,"128,129,40"
7214,"24,23,43"
7215,"10,64,220"
7216,"3,21,200"
7217,"169,170,138"
7218,"199,40,169"
7219,"10,64,93"
7220,"220,10"
7221,"23,38,74"
7222,"145,44,23"
7223,"169,199,170"
7224,"220,10"
7225,"169,170,199"
7226,"3,21,200"
7227,"3,0,10"
7228,"3,21,200"
7229,"40,131,128"
7230,"3,21,301"
7231,"40,131,128"
7232,"0,31,169"
7233,"23,74,38"
7234,"3,21,17"
7235,"32,23,31"
7236,"220,10"
7237,"40,145,44"
7238,"3,40,21"
7239,"3,23,10"
7240,"3,17,200"
7241,"169,199,170"
7242,"3,200,15"
7243,"169,199,170"
7244,"3,40,21"
7245,"3,21,4"
7246,"160,3,40"
7247,"3,147,200"
7248,"40,146,145"
7249,"23,38,74"
7250,"169,199,0"
7251,"156,147,3"
7252,"3,21,148"
7253,"31,23,258"
7254,"40,128,130"
7255,"145,25,44"
7256,"17,40,10"
7257,"3,200,15"
7258,"10,199,17"
7259,"0,265,3"
7260,"23,24,43"
7261,"3,148,4"
7262,"40,169,199"
7263,"40,131,162"
7264,"0,366,216"
7265,"169,0,49"
7266,"23,38,74"
7267,"0,271"
7268,"3,147,148"
7269,"169,199,170"
7270,"23,10,24"
7271,"3,21,187"
7272,"170,169,3"
7273,"40,41,3"
7274,"3,169,21"
7275,"0,271"
7276,"0,26,38"
7277,"24,43,23"
7278,"23,40,38"
7279,"40,160,315"
7280,"3,17,200"
7281,"4,3,435"
7282,"49,40,24"
7283,"44,145,40"
7284,"0,271,265"
7285,"3,147,148"
7286,"0,265,273"
7287,"169,337,0"
7288,"3,21,17"
7289,"199,169"
7290,"3,4,70"
7291,"40,146,145"
7292,"32,23,31"
7293,"3,40,147"
7294,"40,131"
7295,"3,148,21"
7296,"206,0,8"
7297,"49,23,24"
7298,"0,265,271"
7299,"23,26,38"
7300,"10,44,11"
7301,"10,93,64"
7302,"169,337,170"
7303,"72,10,44"
7304,"337,169,0"
7305,"145,44,40"
7306,"3,17,307"
7307,"345,23,10"
7308,"181,323,40"
7309,"3,169,0"
7310,"3,21,147"
7311,"3,4,435"
7312,"72,44,10"
7313,"43,181,24"
7314,"0,271,265"
7315,"0,271,216"
7316,"131,40,23"
7317,"3,147,148"
7318,"62,23,24"
7319,"169,0,337"
7320,"23,74,38"
7321,"40,135,169"
7322,"40,131,193"
7323,"3,187,21"
7324,"31,171,0"
7325,"0,23,26"
7326,"26,231,0"
7327,"3,40,21"
7328,"199,431,169"
7329,"0,271"
7330,"3,17,21"
7331,"32,31,23"
7332,"40,41,224"
7333,"40,128,129"
7334,"0,271,216"
7335,"169,199"
7336,"199,169"
7337,"23,38,74"
7338,"24,10,60"
7339,"40,128,130"
7340,"3,15,17"
7341,"23,26,38"
7342,"40,128,186"
7343,"40,3,147"
7344,"171,170,169"
7345,"3,40,21"
7346,"40,3,123"
7347,"3,187,169"
7348,"26,231,23"
7349,"3,21,200"
7350,"40,23,74"
7351,"0,218,10"
7352,"23,38,74"
7353,"40,131"
7354,"0,265,271"
7355,"10,64,93"
7356,"3,133,5"
7357,"169,199,170"
7358,"3,21,148"
7359,"3,169,21"
7360,"8,0,206"
7361,"3,100,367"
7362,"40,131"
7363,"4,3,15"
7364,"3,147,148"
7365,"10,64"
7366,"169,170,337"
7367,"23,38,74"
7368,"3,40,41"
7369,"23,38,74"
7370,"220,10,0"
7371,"0,211,216"
7372,"15,3,16"
7373,"3,275,15"
7374,"3,21,200"
7375,"175,38,23"
7376,"44,145,73"
7377,"10,24,44"
7378,"40,128,129"
7379,"3,4,435"
7380,"169,199,251"
7381,"3,21,40"
7382,"220,10"
7383,"3,21,199"
7384,"0,218,457"
7385,"0,211,212"
7386,"4,3,435"
7387,"72,44,10"
7388,"23,49,24"
7389,"32,3,148"
7390,"3,21,148"
7391,"40,129,128"
7392,"145,10,40"
7393,"40,31,23"
7394,"23,38,10"
7395,"3,40,31"
7396,"169,40,170"
7397,"3,4,364"
7398,"10,220"
7399,"89,26,23"
7400,"44,145,402"
7401,"23,38,24"
7402,"10,64,40"
7403,"216,169,370"
7404,"40,131,41"
7405,"10,64,24"
7406,"40,131,41"
7407,"0,216,279"
7408,"169,199,170"
7409,"24,23,10"
7410,"199,3,169"
7411,"250,40,128"
7412,"40,135,41"
7413,"3,15,148"
7414,"147,3,156"
7415,"10,44,24"
7416,"10,145,40"
7417,"199,169,259"
7418,"40,131"
7419,"38,23,40"
7420,"509,218,0"
7421,"21,3,187"
7422,"199,169,0"
7423,"10,64"
7424,"23,38,0"
7425,"3,147,148"
7426,"10,11,44"
7427,"0,271,265"
7428,"3,147,4"
7429,"44,10,145"
7430,"224,41,3"
7431,"26,23,231"
7432,"459,169,170"
7433,"23,74,3"
7434,"199,169"
7435,"40,128,38"
7436,"3,17,148"
7437,"24,10,23"
7438,"271,0"
7439,"23,74,24"
7440,"0,26,271"
7441,"10,72,44"
7442,"199,169"
7443,"10,11,72"
7444,"199,169,170"
7445,"3,15,46"
7446,"23,38,26"
7447,"23,31,40"
7448,"3,21,147"
7449,"49,23,24"
7450,"3,21,22"
7451,"3,21,148"
7452,"145,44,40"
7453,"199,169,3"
7454,"0,26,23"
7455,"3,4,200"
7456,"169,405,296"
7457,"10,64,11"
7458,"23,74,38"
7459,"10,44,145"
7460,"26,0,350"
7461,"3,17,200"
7462,"49,24,23"
7463,"3,21,200"
7464,"459,169,170"
7465,"3,21,40"
7466,"38,23,93"
7467,"0,206,8"
7468,"74,23,317"
7469,"3,4,17"
7470,"23,24,31"
7471,"38,23,63"
7472,"199,169,323"
7473,"40,199,169"
7474,"0,271,216"
7475,"3,17,18"
7476,"40,160,315"
7477,"138,135,169"
7478,"24,23,10"
7479,"0,271,216"
7480,"3,21,200"
7481,"10,72,44"
7482,"169,170,38"
7483,"3,15,187"
7484,"0,271,216"
7485,"64,10"
7486,"0,216,370"
7487,"40,131,134"
7488,"0,271,255"
7489,"40,128,131"
7490,"3,147,148"
7491,"40,41,3"
7492,"40,128,175"
7493,"220,10,25"
7494,"49,0,24"
7495,"48,38,309"
7496,"40,41,224"
7497,"220,10"
7498,"0,271,26"
7499,"199,169"
7500,"3,4"
7501,"0,271,216"
7502,"10,44,45"
7503,"0,271,231"
7504,"169,508,426"
7505,"169,345,24"
7506,"23,74,38"
7507,"3,53,200"
7508,"170,171,169"
7509,"23,38,26"
7510,"3,148,15"
7511,"71,23,40"
7512,"169,199,0"
7513,"10,93,23"
7514,"32,23,31"
7515,"40,3,41"
7516,"3,21,200"
7517,"199,169"
7518,"40,131,134"
7519,"40,169,199"
7520,"220,10"
7521,"38,23,26"
7522,"10,25,24"
7523,"169,170,199"
7524,"0,271,216"
7525,"40,131,23"
7526,"3,147,148"
7527,"40,131"
7528,"3,4,435"
7529,"169,170,40"
7530,"10,24,181"
7531,"10,44,11"
7532,"146,40,145"
7533,"3,4,17"
7534,"3,15,16"
7535,"25,24,23"
7536,"10,64,65"
7537,"3,147,40"
7538,"3,147,21"
7539,"0,8,206"
7540,"135,189,40"
7541,"199,169,3"
7542,"40,41,3"
7543,"32,23,31"
7544,"0,366,216"
7545,"3,187,21"
7546,"0,8,26"
7547,"49,10,24"
7548,"0,216,271"
7549,"145,44,40"
7550,"40,3,10"
7551,"0,271,216"
7552,"3,199,169"
7553,"15,3,16"
7554,"10,64,11"
7555,"220,10"
7556,"290,23,31"
7557,"3,4,7"
7558,"40,135,74"
7559,"170,169,459"
7560,"23,71,44"
7561,"3,148,200"
7562,"199,169,49"
7563,"24,23,43"
7564,"3,15,200"
7565,"234,10"
7566,"10,220"
7567,"206,0,8"
7568,"220,10"
7569,"3,21,200"
7570,"10,93,64"
7571,"40,41,42"
7572,"71,44,145"
7573,"220,10"
7574,"40,3,17"
7575,"38,23,26"
7576,"3,4,435"
7577,"40,131,241"
7578,"169,199,170"
7579,"24,23,40"
7580,"38,23,74"
7581,"44,145,45"
7582,"0,216,271"
7583,"3,15,275"
7584,"40,131,128"
7585,"169,3,199"
7586,"3,147,148"
7587,"24,43,23"
7588,"3,147,148"
7589,"44,145,45"
7590,"3,147,148"
7591,"40,41,135"
7592,"3,147,148"
7593,"3,4,435"
7594,"15,16,3"
7595,"0,271,216"
7596,"24,43,23"
7597,"220,10,40"
7598,"23,74,25"
7599,"199,169,345"
7600,"199,169"
7601,"24,23,43"
7602,"23,71,38"
7603,"31,10,23"
7604,"23,38,74"
7605,"0,271,216"
7606,"26,350,23"
7607,"3,147,148"
7608,"220,10"
7609,"49,24,23"
7610,"0,216,169"
7611,"3,21,200"
7612,"10,64,24"
7613,"0,216,271"
7614,"72,44,10"
7615,"0,271"
7616,"220,10"
7617,"145,44,40"
7618,"3,200,148"
7619,"10,23,24"
7620,"181,23,24"
7621,"72,10,44"
7622,"24,10,23"
7623,"3,148,147"
7624,"170,171,169"
7625,"0,271,218"
7626,"3,21,15"
7627,"3,17"
7628,"3,21,40"
7629,"40,160,315"
7630,"23,49,24"
7631,"3,148,147"
7632,"24,23,43"
7633,"220,10"
7634,"26,89,23"
7635,"3,170,21"
7636,"10,239,93"
7637,"10,40,220"
7638,"40,199,160"
7639,"3,21,40"
7640,"49,24,23"
7641,"290,31,23"
7642,"0,211,271"
7643,"0,129,128"
7644,"3,169,170"
7645,"40,23,74"
7646,"3,5,133"
7647,"0,255,218"
7648,"38,23,40"
7649,"0,271,218"
7650,"296,169,10"
7651,"220,10"
7652,"160,40,315"
7653,"40,3,21"
7654,"10,64,44"
7655,"26,89,23"
7656,"43,24,23"
7657,"3,15,200"
7658,"23,38,40"
7659,"3,21,170"
7660,"3,148,21"
7661,"40,23,131"
7662,"220,10"
7663,"23,71,44"
7664,"169,199,170"
7665,"40,131"
7666,"199,40,431"
7667,"3,17,21"
7668,"3,147,148"
7669,"3,6,133"
7670,"0,271,280"
7671,"170,171,169"
7672,"220,10,402"
7673,"10,220"
7674,"170,459,169"
7675,"10,23,24"
7676,"128,195,40"
7677,"23,31,40"
7678,"24,23,43"
7679,"3,21,200"
7680,"3,21,40"
7681,"170,171,169"
7682,"40,131"
7683,"26,0,23"
7684,"3,21,200"
7685,"10,220,169"
7686,"0,271,265"
7687,"3,4,15"
7688,"40,135,138"
7689,"3,21,17"
7690,"3,21,148"
7691,"138,40,135"
7692,"40,38,241"
7693,"10,64,24"
7694,"3,17,200"
7695,"0,218,216"
7696,"0,216,218"
7697,"3,28,364"
7698,"40,135,23"
7699,"49,23,24"
7700,"169,170,40"
7701,"40,131,23"
7702,"169,199,345"
7703,"10,64,93"
7704,"23,38,39"
7705,"128,40,195"
7706,"275,3"
7707,"3,147,156"
7708,"25,206,10"
7709,"128,40,130"
7710,"160,40,315"
7711,"38,23,26"
7712,"3,148,147"
7713,"23,71,74"
7714,"0,26,350"
7715,"24,23,38"
7716,"169,0,199"
7717,"40,128,287"
7718,"10,44,145"
7719,"3,133,200"
7720,"40,131,128"
7721,"10,64,145"
7722,"40,41,3"
7723,"23,118,74"
7724,"3,128,53"
7725,"10,220,145"
7726,"40,41,3"
7727,"10,64,220"
7728,"40,146,145"
7729,"40,3,41"
7730,"40,17,3"
7731,"170,171,169"
7732,"3,21,301"
7733,"0,23,26"
7734,"10,64"
7735,"72,24,61"
7736,"40,145,44"
7737,"3,188,200"
7738,"160,315,40"
7739,"17,3,18"
7740,"23,24,40"
7741,"290,31,93"
7742,"3,4,147"
7743,"3,147,148"
7744,"3,21,17"
7745,"3,21,147"
7746,"40,41,224"
7747,"147,3,148"
7748,"231,26,0"
7749,"40,3,128"
7750,"10,146,145"
7751,"4,3,435"
7752,"0,271,216"
7753,"40,3,41"
7754,"0,23,24"
7755,"17,3,0"
7756,"3,21,200"
7757,"426,169,23"
7758,"32,23,31"
7759,"220,10,23"
7760,"38,23,24"
7761,"0,271,265"
7762,"40,145,402"
7763,"0,26,8"
7764,"23,118,26"
7765,"15,16,3"
7766,"10,64,93"
7767,"3,17,200"
7768,"3,15"
7769,"40,135,236"
7770,"147,148,3"
7771,"3,147,148"
7772,"3,147,148"
7773,"169,199,251"
7774,"0,271,211"
7775,"0,8,235"
7776,"3,523,147"
7777,"38,23,26"
7778,"40,131,134"
7779,"10,38,220"
7780,"10,11,69"
7781,"3,147,148"
7782,"23,71,74"
7783,"199,169,0"
7784,"4,3,435"
7785,"220,10"
7786,"3,21,148"
7787,"38,23,74"
7788,"0,346,313"
7789,"23,38,26"
7790,"38,23,26"
7791,"10,44,11"
7792,"40,41,21"
7793,"40,131,128"
7794,"220,10"
7795,"123,111,3"
7796,"220,10"
7797,"199,169"
7798,"169,199,296"
7799,"38,23,39"
7800,"40,131,241"
7801,"44,145,72"
7802,"23,74,40"
7803,"62,23,10"
7804,"17,3,18"
7805,"3,21,200"
7806,"40,131,134"
7807,"3,199,169"
7808,"3,147,23"
7809,"10,11,24"
7810,"0,313,271"
7811,"3,21,200"
7812,"10,11,69"
7813,"0,169,199"
7814,"169,171,170"
7815,"40,41,224"
7816,"40,3,17"
7817,"10,64,90"
7818,"3,17,21"
7819,"3,169,21"
7820,"24,43,23"
7821,"71,23,44"
7822,"0,271"
7823,"10,23,44"
7824,"3,15,16"
7825,"3,275,15"
7826,"431,199,135"
7827,"0,271,265"
7828,"40,89,26"
7829,"0,218,271"
7830,"23,26,38"
7831,"169,199,170"
7832,"0,31,40"
7833,"10,24,11"
7834,"3,21,148"
7835,"169,10,199"
7836,"169,199,251"
7837,"169,199,251"
7838,"10,11,24"
7839,"44,145,23"
7840,"3,68,53"
7841,"38,23,26"
7842,"40,128,131"
7843,"3,0,21"
7844,"0,271"
7845,"43,24,23"
7846,"40,131"
7847,"40,160,315"
7848,"3,4,435"
7849,"3,17,21"
7850,"3,21,40"
7851,"3,148,147"
7852,"40,128,130"
7853,"0,206,8"
7854,"10,145,24"
7855,"169,199,170"
7856,"44,145,10"
7857,"40,10,17"
7858,"40,160,315"
7859,"0,271,265"
7860,"0,235,8"
7861,"3,4,148"
7862,"23,74,38"
7863,"40,145,146"
7864,"3,23,40"
7865,"23,38,74"
7866,"145,44,45"
7867,"49,23,24"
7868,"0,169,271"
7869,"3,200,21"
7870,"10,64,93"
7871,"23,49,24"
7872,"3,23,148"
7873,"10,40,234"
7874,"0,26,271"
7875,"23,40,38"
7876,"23,38,32"
7877,"10,64,90"
7878,"40,41,3"
7879,"169,0,199"
7880,"40,21,3"
7881,"3,0,265"
7882,"10,64,93"
7883,"24,43,145"
7884,"40,138,135"
7885,"0,169,271"
7886,"17,3,18"
7887,"3,523,147"
7888,"0,49,265"
7889,"32,23,31"
7890,"17,3,15"
7891,"0,211,279"
7892,"234,10,60"
7893,"0,8,235"
7894,"147,3,148"
7895,"3,13,10"
7896,"40,74,23"
7897,"170,171,169"
7898,"40,160,315"
7899,"3,17,40"
7900,"220,10,0"
7901,"23,24,26"
7902,"0,271,216"
7903,"0,26,231"
7904,"3,21,200"
7905,"3,199,169"
7906,"171,170,169"
7907,"3,199,169"
7908,"199,169"
7909,"23,38,169"
7910,"169,171,170"
7911,"40,23,38"
7912,"23,74"
7913,"199,169,0"
7914,"181,10,323"
7915,"3,4,148"
7916,"3,147,148"
7917,"24,23,43"
7918,"145,44,40"
7919,"169,199,251"
7920,"199,169,251"
7921,"10,220,0"
7922,"169,296,426"
7923,"10,64,40"
7924,"170,169,3"
7925,"23,38,74"
7926,"10,64,93"
7927,"23,38,24"
7928,"74,23,38"
7929,"40,131"
7930,"0,271"
7931,"3,200,21"
7932,"0,265,271"
7933,"3,21,147"
7934,"3,147,148"
7935,"169,199,0"
7936,"10,3,53"
7937,"0,8,206"
7938,"44,45,10"
7939,"3,15,16"
7940,"40,74,3"
7941,"32,23,31"
7942,"72,44,10"
7943,"431,135,40"
7944,"128,40,129"
7945,"23,31,328"
7946,"169,170,405"
7947,"23,24,38"
7948,"138,135"
7949,"145,24,10"
7950,"23,38,74"
7951,"3,17,21"
7952,"4,3,7"
7953,"40,131"
7954,"0,216,271"
7955,"160,40,315"
7956,"3,21,200"
7957,"145,40,44"
7958,"40,131,41"
7959,"0,265,418"
7960,"199,169,259"
7961,"0,169,216"
7962,"44,145,45"
7963,"4,3,435"
7964,"3,147,120"
7965,"3,13,21"
7966,"3,15,16"
7967,"3,21,28"
7968,"23,40,44"
7969,"3,170,169"
7970,"40,3,41"
7971,"307,74,10"
7972,"40,131,193"
7973,"3,21,148"
7974,"0,271"
7975,"23,26,38"
7976,"44,145,40"
7977,"44,145,45"
7978,"0,216,271"
7979,"40,250,128"
7980,"181,24,23"
7981,"23,38,10"
7982,"40,131,193"
7983,"40,23,41"
7984,"3,147,148"
7985,"40,131,134"
7986,"10,220"
7987,"40,129,128"
7988,"40,0,3"
7989,"220,10"
7990,"26,89,23"
7991,"23,24,43"
7992,"3,15,46"
7993,"59,10,0"
7994,"181,145,40"
7995,"199,169"
7996,"0,271"
7997,"3,21,200"
7998,"40,3,13"
7999,"26,231,23"
8000,"169,199,170"
8001,"23,74,38"
8002,"40,131"
8003,"3,111,147"
8004,"370,23,26"
8005,"307,17,170"
8006,"10,64"
8007,"3,15,147"
8008,"3,21,301"
8009,"231,26,23"
8010,"26,23,350"
8011,"275,3,111"
8012,"8,0,206"
8013,"49,23,24"
8014,"0,271,216"
8015,"0,271,8"
8016,"199,169"
8017,"3,21,40"
8018,"3,40,21"
8019,"44,45,145"
8020,"234,10,60"
8021,"3,147,148"
8022,"38,23,26"
8023,"40,3,241"
8024,"72,10,61"
8025,"40,123,41"
8026,"138,40,135"
8027,"10,11,69"
8028,"0,366,271"
8029,"3,4,435"
8030,"3,170,169"
8031,"169,170,199"
8032,"23,26,38"
8033,"17,3"
8034,"23,31,24"
8035,"3,21,301"
8036,"74,23,40"
8037,"40,146,145"
8038,"40,175,494"
8039,"10,64"
8040,"3,187,21"
8041,"169,0,296"
8042,"40,10,139"
8043,"0,271,216"
8044,"169,199,40"
8045,"220,10"
8046,"3,148,200"
8047,"3,13,200"
8048,"3,13,10"
8049,"93,31,0"
8050,"3,17,200"
8051,"23,26,350"
8052,"206,8,0"
8053,"3,40,53"
8054,"3,17,187"
8055,"145,44,10"
8056,"10,40,426"
8057,"23,38,26"
8058,"3,30,32"
8059,"23,74,38"
8060,"10,220"
8061,"10,220"
8062,"40,169,199"
8063,"128,40,130"
8064,"24,181,10"
8065,"169,170,337"
8066,"3,4,200"
8067,"3,301,200"
8068,"3,200,148"
8069,"402,145,40"
8070,"3,17,40"
8071,"72,10,44"
8072,"145,44,72"
8073,"135,138,40"
8074,"508,426,427"
8075,"23,71,24"
8076,"40,184,131"
8077,"10,13,239"
8078,"23,71,24"
8079,"3,21,200"
8080,"40,131,241"
8081,"24,43,23"
8082,"26,0,23"
8083,"40,131"
8084,"40,41,128"
8085,"40,128,130"
8086,"3,21,187"
8087,"0,279,216"
8088,"0,271,218"
8089,"0,26,23"
8090,"0,271,216"
8091,"3,53,200"
8092,"44,145,10"
8093,"220,10"
8094,"169,199,170"
8095,"199,169,3"
8096,"40,131"
8097,"3,4,148"
8098,"10,220,38"
8099,"145,44,25"
8100,"38,23,39"
8101,"170,171,169"
8102,"23,26,89"
8103,"3,4,21"
8104,"3,4,200"
8105,"3,21,148"
8106,"145,402,40"
8107,"3,21,40"
8108,"3,15,200"
8109,"0,271"
8110,"3,147,148"
8111,"24,23,43"
8112,"169,31,258"
8113,"3,4,200"
8114,"40,250,128"
8115,"23,74,38"
8116,"3,147,148"
8117,"220,10"
8118,"3,147,148"
8119,"38,23,0"
8120,"26,23,231"
8121,"24,23,43"
8122,"15,3,16"
8123,"23,74,38"
8124,"169,296,306"
8125,"199,169"
8126,"10,44,11"
8127,"44,145,73"
8128,"23,10,24"
8129,"40,184,131"
8130,"23,38,74"
8131,"0,265,218"
8132,"32,31,23"
8133,"40,3,148"
8134,"220,10"
8135,"0,218"
8136,"296,169,306"
8137,"3,15,147"
8138,"3,21,40"
8139,"10,220"
8140,"23,38,74"
8141,"3,21,40"
8142,"44,145,23"
8143,"199,169,323"
8144,"296,169"
8145,"40,131,160"
8146,"3,17,40"
8147,"3,200,21"
8148,"3,4,435"
8149,"0,26,8"
8150,"296,169"
8151,"0,235,8"
8152,"160,302,40"
8153,"23,72,24"
8154,"0,271,216"
8155,"3,21,40"
8156,"0,313,346"
8157,"23,40,38"
8158,"0,8,235"
8159,"38,40,23"
8160,"40,128,186"
8161,"40,184,23"
8162,"3,199,169"
8163,"3,147,156"
8164,"23,38,24"
8165,"40,184,3"
8166,"24,23,43"
8167,"3,21,147"
8168,"3,4,435"
8169,"3,21,148"
8170,"0,216,271"
8171,"44,23,145"
8172,"169,199,170"
8173,"26,89,23"
8174,"0,216,271"
8175,"0,271,216"
8176,"40,131,128"
8177,"3,23,15"
8178,"0,265,271"
8179,"3,4,435"
8180,"169,170,0"
8181,"40,131"
8182,"40,241,131"
8183,"23,38,24"
8184,"40,131"
8185,"220,402,10"
8186,"199,169,3"
8187,"3,68,169"
8188,"3,40,21"
8189,"199,169,10"
8190,"23,31,40"
8191,"40,128,186"
8192,"3,15,148"
8193,"40,181,145"
8194,"3,147,148"
8195,"38,23,137"
8196,"145,40,402"
8197,"3,301,21"
8198,"23,38,74"
8199,"93,10,64"
8200,"220,10"
8201,"0,211,212"
8202,"3,206,0"
8203,"3,170,169"
8204,"38,23,26"
8205,"0,8,206"
8206,"23,26,38"
8207,"0,271"
8208,"40,131,23"
8209,"199,169,145"
8210,"0,271,8"
8211,"40,59,145"
8212,"74,23,38"
8213,"0,235,8"
8214,"23,309,38"
8215,"0,271"
8216,"10,220"
8217,"3,17"
8218,"4,3,435"
8219,"49,23,24"
8220,"3,21,148"
8221,"49,23,24"
8222,"23,24,38"
8223,"3,21,200"
8224,"23,24,49"
8225,"49,169,24"
8226,"23,40,38"
8227,"128,40,3"
8228,"0,26,23"
8229,"23,296,24"
8230,"3,21,148"
8231,"0,271"
8232,"23,74,38"
8233,"43,24,23"
8234,"3,147,148"
8235,"38,23,309"
8236,"23,38,40"
8237,"3,53,287"
8238,"3,0,17"
8239,"0,216"
8240,"0,271"
8241,"181,43,24"
8242,"3,4"
8243,"40,131,128"
8244,"315,160,40"
8245,"40,145,131"
8246,"234,10,60"
8247,"44,23,38"
8248,"3,4,435"
8249,"0,211,212"
8250,"32,23,31"
8251,"169,199,170"
8252,"0,271,216"
8253,"0,206,8"
8254,"10,64,44"
8255,"10,239,49"
8256,"10,239,64"
8257,"3,0,21"
8258,"49,24,23"
8259,"40,131,134"
8260,"181,40,23"
8261,"10,24,64"
8262,"10,23,25"
8263,"199,3,169"
8264,"370,0,216"
8265,"199,169"
8266,"3,4,200"
8267,"24,10,23"
8268,"199,169,431"
8269,"23,38,74"
8270,"0,211,216"
8271,"170,169,3"
8272,"169,199,170"
8273,"0,38,23"
8274,"3,4,435"
8275,"24,23,43"
8276,"23,38,74"
8277,"3,40,128"
8278,"3,147,148"
8279,"23,31,32"
8280,"220,10"
8281,"40,131,199"
8282,"3,15"
8283,"296,169,337"
8284,"0,216,271"
8285,"40,131,134"
8286,"160,40,315"
8287,"3,21,148"
8288,"3,199,169"
8289,"4,3,435"
8290,"23,24,38"
8291,"10,220,40"
8292,"10,64"
8293,"40,184,131"
8294,"49,24,23"
8295,"206,0,8"
8296,"169,199,170"
8297,"3,15,275"
8298,"40,131,134"
8299,"3,4,435"
8300,"169,199,0"
8301,"169,0,170"
8302,"3,147,148"
8303,"23,62,3"
8304,"26,23,89"
8305,"3,147,148"
8306,"3,4,17"
8307,"0,8,206"
8308,"3,5,133"
8309,"40,41,3"
8310,"3,40,21"
8311,"0,313,216"
8312,"10,64,93"
8313,"23,38,74"
8314,"0,23,44"
8315,"3,21,200"
8316,"0,271,216"
8317,"21,3,40"
8318,"40,199,169"
8319,"49,23,24"
8320,"169,170,199"
8321,"224,3,41"
8322,"24,23,43"
8323,"24,181,43"
8324,"10,145,44"
8325,"10,64"
8326,"199,169,251"
8327,"40,128,129"
8328,"23,74,38"
8329,"508,426,169"
8330,"10,220"
8331,"3,200,21"
8332,"10,24,145"
8333,"72,10,44"
8334,"3,147,148"
8335,"3,17,21"
8336,"199,3,169"
8337,"40,309,38"
8338,"21,3,40"
8339,"160,40,315"
8340,"10,3,17"
8341,"3,40,21"
8342,"3,4,435"
8343,"0,8,235"
8344,"10,93,64"
8345,"0,26,23"
8346,"3,21,40"
8347,"40,41,286"
8348,"40,31,10"
8349,"23,74,38"
8350,"23,62,24"
8351,"10,11,69"
8352,"220,145,10"
8353,"26,23,103"
8354,"10,145,44"
8355,"23,71,3"
8356,"93,10,64"
8357,"3,4,49"
8358,"23,74,38"
8359,"10,220,44"
8360,"23,38,24"
8361,"199,169"
8362,"170,171,169"
8363,"0,40,128"
8364,"74,23,184"
8365,"0,271,216"
8366,"3,4,435"
8367,"32,31,23"
8368,"10,11,69"
8369,"3,15,147"
8370,"63,38,23"
8371,"0,23,26"
8372,"199,169,40"
8373,"40,23,131"
8374,"40,128,186"
8375,"17,3,18"
8376,"59,205,231"
8377,"0,313,271"
8378,"3,15"
8379,"10,11"
8380,"71,23,24"
8381,"40,41,3"
8382,"0,3,128"
8383,"23,74,38"
8384,"44,145,23"
8385,"0,8,218"
8386,"199,3,169"
8387,"145,402,10"
8388,"3,199,21"
8389,"220,10"
8390,"3,147,148"
8391,"40,160,315"
8392,"3,21,187"
8393,"3,21,148"
8394,"32,31,23"
8395,"199,3,169"
8396,"0,265,340"
8397,"44,145,45"
8398,"170,171,169"
8399,"31,0,40"
8400,"10,11,69"
8401,"40,23,131"
8402,"3,4,7"
8403,"169,199,3"
8404,"199,169,170"
8405,"169,199,38"
8406,"23,26,38"
8407,"44,145,23"
8408,"3,147,148"
8409,"3,40,148"
8410,"23,74,38"
8411,"26,23,0"
8412,"220,10,31"
8413,"23,38,145"
8414,"10,64,93"
8415,"10,44,145"
8416,"0,10,23"
8417,"10,64,93"
8418,"3,15,275"
8419,"23,38,74"
8420,"0,271"
8421,"10,64"
8422,"26,23,0"
8423,"138,169,135"
8424,"40,131,134"
8425,"40,131,134"
8426,"23,38,24"
8427,"26,231,23"
8428,"24,23,71"
8429,"402,40,145"
8430,"40,17,41"
8431,"199,169,170"
8432,"0,271"
8433,"10,64,448"
8434,"10,11,69"
8435,"3,21,148"
8436,"3,147,148"
8437,"0,265,340"
8438,"48,309,38"
8439,"3,200,21"
8440,"40,128,23"
8441,"3,17,200"
8442,"0,206,8"
8443,"3,17,21"
8444,"23,71,74"
8445,"38,48,23"
8446,"199,169"
8447,"44,10,145"
8448,"0,271"
8449,"3,5,4"
8450,"0,8,216"
8451,"48,38,23"
8452,"3,147,148"
8453,"0,216,26"
8454,"128,40,130"
8455,"38,309,23"
8456,"38,23,10"
8457,"3,40,21"
8458,"169,426,508"
8459,"0,265,271"
8460,"0,271,216"
8461,"0,346,313"
8462,"38,23"
8463,"38,23,24"
8464,"40,3,21"
8465,"40,160,315"
8466,"169,0,199"
8467,"40,41,224"
8468,"23,40,193"
8469,"72,44,145"
8470,"3,17"
8471,"0,211,1"
8472,"199,169,431"
8473,"10,93,64"
8474,"169,199,170"
8475,"0,8,206"
8476,"0,216,313"
8477,"24,23,43"
8478,"10,220"
8479,"508,169,426"
8480,"3,15,16"
8481,"220,10"
8482,"129,128,0"
8483,"10,220"
8484,"199,169"
8485,"220,10"
8486,"40,3,21"
8487,"199,169,40"
8488,"3,74,23"
8489,"10,44,220"
8490,"169,199,170"
8491,"40,128"
8492,"229,10,0"
8493,"3,49,21"
8494,"23,40,24"
8495,"23,24,49"
8496,"0,271"
8497,"181,323,40"
8498,"10,64"
8499,"169,3,170"
8500,"199,169,71"
8501,"3,28,301"
8502,"0,8,206"
8503,"23,10,38"
8504,"169,170,426"
8505,"10,60,24"
8506,"40,3,41"
8507,"199,169"
8508,"10,44,72"
8509,"40,160,315"
8510,"38,23,10"
8511,"199,169,323"
8512,"40,241,3"
8513,"3,21,200"
8514,"40,128,0"
8515,"17,3,18"
8516,"169,170,337"
8517,"199,169,251"
8518,"0,216,271"
8519,"44,145,23"
8520,"199,169"
8521,"3,147,148"
8522,"26,23,10"
8523,"0,40,216"
8524,"40,135,41"
8525,"234,60,10"
8526,"26,23,38"
8527,"72,44,10"
8528,"3,111,112"
8529,"40,131,241"
8530,"169,199,0"
8531,"23,24,40"
8532,"3,148,147"
8533,"3,4,148"
8534,"220,10"
8535,"3,21,148"
8536,"145,44,25"
8537,"23,26,38"
8538,"23,24,38"
8539,"0,8,218"
8540,"3,147,21"
8541,"138,169,135"
8542,"31,40,414"
8543,"40,3,21"
8544,"220,10"
8545,"3,147,148"
8546,"0,216,255"
8547,"187,3,21"
8548,"40,146,145"
8549,"0,8,26"
8550,"40,315,160"
8551,"0,211,216"
8552,"10,0,11"
8553,"3,17,21"
8554,"3,147,148"
8555,"3,21,148"
8556,"3,21,200"
8557,"169,0,337"
8558,"23,38,74"
8559,"220,10"
8560,"10,64,65"
8561,"10,11,221"
8562,"10,64,44"
8563,"231,26,23"
8564,"44,145,40"
8565,"0,8,313"
8566,"402,145,40"
8567,"169,170,199"
8568,"169,199,251"
8569,"40,131"
8570,"3,21,200"
8571,"3,21,148"
8572,"10,220"
8573,"199,169"
8574,"0,271,216"
8575,"3,111,123"
8576,"220,10"
8577,"3,156,225"
8578,"199,431,169"
8579,"24,43,23"
8580,"3,200,21"
8581,"38,23,39"
8582,"23,74,24"
8583,"3,68,182"
8584,"26,0,231"
8585,"128,40,129"
8586,"3,21,148"
8587,"23,24,49"
8588,"44,145,10"
8589,"23,38,24"
8590,"10,40,17"
8591,"10,40,220"
8592,"23,24,43"
8593,"169,170,0"
8594,"220,370,23"
8595,"169,199,40"
8596,"10,64,93"
8597,"0,271,216"
8598,"199,169,431"
8599,"15,3,16"
8600,"40,128,195"
8601,"10,64"
8602,"170,169,199"
8603,"40,41,3"
8604,"40,111,112"
8605,"3,199,187"
8606,"3,111,112"
8607,"11,10,69"
8608,"169,170,199"
8609,"169,170,171"
8610,"3,199,169"
8611,"118,74,23"
8612,"145,44,40"
8613,"11,10,69"
8614,"0,271,366"
8615,"38,23,309"
8616,"271,0"
8617,"49,23,24"
8618,"3,187,21"
8619,"181,40,43"
8620,"40,3,21"
8621,"3,147,148"
8622,"3,17,0"
8623,"199,169"
8624,"17,3,18"
8625,"40,131"
8626,"10,220"
8627,"23,71,10"
8628,"40,135,152"
8629,"23,24,147"
8630,"3,4,5"
8631,"169,199,0"
8632,"26,350,0"
8633,"296,169,0"
8634,"40,41,139"
8635,"3,21,200"
8636,"24,23,43"
8637,"3,15,200"
8638,"40,23,38"
8639,"3,147,148"
8640,"23,38,40"
8641,"40,128,41"
8642,"40,131,134"
8643,"26,0,89"
8644,"72,44,61"
8645,"0,3,100"
8646,"3,40,21"
8647,"23,40,24"
8648,"40,128,160"
8649,"3,148,200"
8650,"3,148,21"
8651,"0,23,59"
8652,"0,211,216"
8653,"40,128,131"
8654,"160,169,315"
8655,"25,10,23"
8656,"3,200,21"
8657,"40,131,3"
8658,"49,23,24"
8659,"49,23,24"
8660,"128,40,130"
8661,"0,271"
8662,"44,72,10"
8663,"40,131"
8664,"44,145,45"
8665,"40,131"
8666,"0,366,271"
8667,"0,169,426"
8668,"4,3,435"
8669,"0,26,271"
8670,"3,15,147"
8671,"0,211,23"
8672,"220,10"
8673,"0,271,279"
8674,"40,250,135"
8675,"3,200,4"
8676,"10,64,11"
8677,"3,21,147"
8678,"169,199"
8679,"23,49,24"
8680,"199,169"
8681,"0,8,206"
8682,"199,3,169"
8683,"3,148,147"
8684,"169,199"
8685,"3,523,53"
8686,"199,169,431"
8687,"23,24,43"
8688,"24,49,23"
8689,"0,8,206"
8690,"199,169,170"
8691,"3,21,187"
8692,"40,41,21"
8693,"3,21,40"
8694,"10,64,44"
8695,"138,40,135"
8696,"10,64,448"
8697,"181,10,24"
8698,"220,10"
8699,"0,8,235"
8700,"169,199,0"
8701,"10,64"
8702,"156,3,147"
8703,"147,3,148"
8704,"199,169,0"
8705,"23,24,43"
8706,"40,41,135"
8707,"23,38,40"
8708,"23,26,38"
8709,"38,23,24"
8710,"23,38,426"
8711,"129,128,40"
8712,"0,26,271"
8713,"23,40,74"
8714,"10,145,220"
8715,"170,171,169"
8716,"40,41,3"
8717,"40,128,186"
8718,"10,64,93"
8719,"3,21,0"
8720,"0,271,216"
8721,"3,4,200"
8722,"3,147,148"
8723,"32,31,23"
8724,"135,40,169"
8725,"145,40,24"
8726,"10,64,40"
8727,"49,23,24"
8728,"74,23,38"
8729,"3,17,200"
8730,"40,131,134"
8731,"0,271,216"
8732,"44,145,45"
8733,"138,169,135"
8734,"23,40,74"
8735,"40,128,250"
8736,"3,200,21"
8737,"24,23,145"
8738,"145,44,40"
8739,"38,23,169"
8740,"23,49,24"
8741,"26,23,0"
8742,"3,275,147"
8743,"199,169"
8744,"220,10"
8745,"0,271,216"
8746,"40,145,128"
8747,"3,21,200"
8748,"169,296"
8749,"0,271,26"
8750,"0,218,216"
8751,"0,271"
8752,"40,145,146"
8753,"0,271,8"
8754,"10,72,11"
8755,"40,128,175"
8756,"0,265,340"
8757,"220,10"
8758,"0,10,220"
8759,"154,3,23"
8760,"3,111,123"
8761,"40,0,128"
8762,"199,169,0"
8763,"138,135,40"
8764,"3,15,148"
8765,"0,271,216"
8766,"32,31,23"
8767,"71,23,24"
8768,"10,11,44"
8769,"40,23,193"
8770,"0,271"
8771,"220,10"
8772,"23,26,89"
8773,"10,220,145"
8774,"40,131,128"
8775,"10,93,64"
8776,"3,40,21"
8777,"0,3,26"
8778,"23,43,24"
8779,"3,40,21"
8780,"135,295,40"
8781,"0,8,271"
8782,"40,145,131"
8783,"199,169"
8784,"199,169"
8785,"10,64,145"
8786,"145,44,402"
8787,"43,24,23"
8788,"3,147,148"
8789,"23,74,38"
8790,"220,10"
8791,"220,10"
8792,"0,26,23"
8793,"0,23,38"
8794,"169,3,199"
8795,"3,21,148"
8796,"0,271,26"
8797,"3,13,21"
8798,"10,64,93"
8799,"3,21,200"
8800,"40,128,186"
8801,"0,8,206"
8802,"32,23,31"
8803,"10,220,0"
8804,"32,23,181"
8805,"0,216,271"
8806,"72,44,145"
8807,"49,23,24"
8808,"3,21,111"
8809,"32,23,31"
8810,"26,0,23"
8811,"3,367,40"
8812,"10,64,239"
8813,"0,1,2"
8814,"118,23,74"
8815,"3,21,148"
8816,"3,21,40"
8817,"3,21,200"
8818,"0,169,216"
8819,"23,38,26"
8820,"23,40,131"
8821,"0,271,216"
8822,"169,199,251"
8823,"0,216,271"
8824,"0,271,402"
8825,"23,71,38"
8826,"3,15,200"
8827,"199,169,431"
8828,"3,148,21"
8829,"0,8,216"
8830,"0,271,26"
8831,"3,17,21"
8832,"40,145,162"
8833,"3,13,20"
8834,"3,21,200"
8835,"0,235,8"
8836,"0,220,10"
8837,"170,169,171"
8838,"23,74,38"
8839,"0,271,313"
8840,"3,21,200"
8841,"40,128"
8842,"23,74,38"
8843,"3,21,40"
8844,"49,23,24"
8845,"3,500,21"
8846,"169,199,251"
8847,"3,147,40"
8848,"146,40,145"
8849,"40,146,145"
8850,"10,64"
8851,"40,131,128"
8852,"220,10"
8853,"199,169"
8854,"199,169"
8855,"40,131"
8856,"10,220,145"
8857,"145,40,44"
8858,"10,220"
8859,"44,145,0"
8860,"23,38,26"
8861,"169,199,0"
8862,"4,3,435"
8863,"10,64"
8864,"23,74,84"
8865,"181,40,323"
8866,"169,170,199"
8867,"169,337,3"
8868,"23,32,31"
8869,"3,169,199"
8870,"23,38,24"
8871,"199,169,251"
8872,"10,72,44"
8873,"3,4"
8874,"402,145,40"
8875,"40,131,128"
8876,"3,199,147"
8877,"0,26,8"
8878,"206,8,0"
8879,"170,171,169"
8880,"3,40,21"
8881,"59,10,0"
8882,"0,169,170"
8883,"145,44,40"
8884,"4,3,435"
8885,"40,131,241"
8886,"3,15,148"
8887,"220,10"
8888,"38,23,39"
8889,"3,4,0"
8890,"402,145,40"
8891,"170,169,171"
8892,"169,199,0"
8893,"3,199,169"
8894,"59,0,24"
8895,"3,21,17"
8896,"0,271,216"
8897,"3,15,148"
8898,"220,10"
8899,"3,147,148"
8900,"0,206,8"
8901,"199,169,23"
8902,"40,41,139"
8903,"23,38,74"
8904,"44,45,145"
8905,"3,147,148"
8906,"4,3,435"
8907,"40,131,134"
8908,"3,40,100"
8909,"40,128,186"
8910,"32,23,31"
8911,"71,23,38"
8912,"3,188,4"
8913,"169,199,170"
8914,"3,147,148"
8915,"40,250,128"
8916,"40,494,184"
8917,"40,131"
8918,"145,44,40"
8919,"3,147,148"
8920,"23,74,38"
8921,"169,170,199"
8922,"23,38,24"
8923,"3,5,6"
8924,"0,8,235"
8925,"31,328,169"
8926,"128,40,129"
8927,"10,93,64"
8928,"3,21,40"
8929,"3,15,200"
8930,"72,44,23"
8931,"169,296,170"
8932,"72,61,145"
8933,"145,24,43"
8934,"367,292,100"
8935,"231,26,0"
8936,"3,147,148"
8937,"49,23,24"
8938,"0,8,218"
8939,"199,169"
8940,"10,23,3"
8941,"3,40,21"
8942,"169,199"
8943,"220,10"
8944,"0,218,8"
8945,"199,169,26"
8946,"235,0,8"
8947,"23,26,38"
8948,"181,40,323"
8949,"10,220"
8950,"3,148,147"
8951,"40,131,23"
8952,"10,3,40"
8953,"169,251,23"
8954,"93,10,64"
8955,"169,138,170"
8956,"145,40,402"
8957,"170,171,169"
8958,"3,21,40"
8959,"128,40,130"
8960,"220,10"
8961,"23,74,38"
8962,"224,41,40"
8963,"23,24,38"
8964,"145,44,40"
8965,"38,23,24"
8966,"3,4,200"
8967,"3,200,148"
8968,"3,4,435"
8969,"3,21,200"
8970,"3,15,200"
8971,"309,40,38"
8972,"3,21,200"
8973,"0,216,218"
8974,"160,40,315"
8975,"3,147,148"
8976,"3,169,199"
8977,"40,131,134"
8978,"44,145,45"
8979,"10,64"
8980,"220,10"
8981,"3,200,15"
8982,"40,145,44"
8983,"3,147,156"
8984,"169,170,337"
8985,"0,10,145"
8986,"0,370,216"
8987,"199,169,0"
8988,"23,38,26"
8989,"171,170,169"
8990,"147,3,148"
8991,"315,160,40"
8992,"145,44,40"
8993,"38,23,74"
8994,"38,23,26"
8995,"44,145,45"
8996,"24,23,43"
8997,"40,128,186"
8998,"40,181,145"
8999,"3,4,435"
9000,"3,123,111"
9001,"199,169"
9002,"10,220"
9003,"40,145,25"
9004,"10,220"
9005,"40,135,138"
9006,"10,64,24"
9007,"3,147,148"
9008,"23,145,40"
9009,"3,4,435"
9010,"0,271,218"
9011,"23,26,38"
9012,"10,11,69"
9013,"220,10"
9014,"10,220"
9015,"10,220,0"
9016,"3,17,40"
9017,"3,21,133"
9018,"10,11,69"
9019,"10,59,24"
9020,"23,71,26"
9021,"40,41,286"
9022,"3,5,133"
9023,"199,169"
9024,"0,216,211"
9025,"0,271,218"
9026,"3,17,21"
9027,"3,21,40"
9028,"181,40,145"
9029,"10,72,23"
9030,"10,13,11"
9031,"48,38,309"
9032,"40,131,128"
9033,"10,220"
9034,"3,147,148"
9035,"0,216,229"
9036,"3,17,21"
9037,"10,93,64"
9038,"169,170,199"
9039,"147,3,148"
9040,"0,271,216"
9041,"49,23,24"
9042,"160,40,302"
9043,"23,26,38"
9044,"3,21,200"
9045,"0,271,216"
9046,"3,187,21"
9047,"10,64,93"
9048,"10,64"
9049,"3,21,148"
9050,"220,10"
9051,"0,366,271"
9052,"3,21,301"
9053,"3,21,200"
9054,"220,10"
9055,"3,21,17"
9056,"3,40,41"
9057,"24,23,43"
9058,"40,128,41"
9059,"32,31,23"
9060,"0,8,235"
9061,"23,24,38"
9062,"40,128,186"
9063,"10,44,23"
9064,"3,21,148"
9065,"40,23,74"
9066,"40,169,170"
9067,"23,74,38"
9068,"17,3,18"
9069,"3,10,133"
9070,"220,10"
9071,"23,38,74"
9072,"145,44,40"
9073,"199,169"
9074,"199,169"
9075,"0,271"
9076,"10,64,239"
9077,"169,296,0"
9078,"135,138,40"
9079,"15,3"
9080,"0,265,271"
9081,"40,175,128"
9082,"10,64"
9083,"38,0,23"
9084,"40,199,431"
9085,"3,4,435"
9086,"199,169,3"
9087,"0,206,8"
9088,"0,218,271"
9089,"3,15,16"
9090,"10,40,31"
9091,"199,169"
9092,"199,169"
9093,"206,8,0"
9094,"169,170,199"
9095,"15,3,16"
9096,"169,199,38"
9097,"44,24,10"
9098,"3,21,148"
9099,"3,4,435"
9100,"23,49,24"
9101,"23,10,38"
9102,"181,40,145"
9103,"40,128,3"
9104,"23,38,74"
9105,"40,41,118"
9106,"10,220"
9107,"10,11,234"
9108,"59,0,24"
9109,"145,44,402"
9110,"40,10,3"
9111,"3,21,147"
9112,"40,494,151"
9113,"220,10"
9114,"199,169"
9115,"10,72,44"
9116,"3,28,21"
9117,"71,44,145"
9118,"74,23,165"
9119,"23,74,38"
9120,"40,128,129"
9121,"3,4,19"
9122,"3,21,200"
9123,"0,279,249"
9124,"220,10"
9125,"169,0,199"
9126,"3,21,200"
9127,"10,11,59"
9128,"0,271,216"
9129,"23,74,38"
9130,"3,111,148"
9131,"10,44,11"
9132,"3,148,200"
9133,"23,24,38"
9134,"38,23,309"
9135,"10,145,40"
9136,"10,24,23"
9137,"40,74,307"
9138,"32,31,23"
9139,"10,234,11"
9140,"145,44,73"
9141,"128,40,130"
9142,"220,10"
9143,"3,147,148"
9144,"169,170,199"
9145,"32,23,31"
9146,"40,128,129"
9147,"49,3,40"
9148,"0,229,10"
9149,"26,0,23"
9150,"169,199,91"
9151,"181,24,10"
9152,"3,147,200"
9153,"10,220,145"
9154,"296,169,411"
9155,"3,187,21"
9156,"3,4,435"
9157,"38,23,175"
9158,"220,10"
9159,"3,0,218"
9160,"169,296,426"
9161,"40,41,128"
9162,"89,26,23"
9163,"170,171,169"
9164,"93,10,64"
9165,"10,64,448"
9166,"0,271,213"
9167,"40,41,3"
9168,"4,3,435"
9169,"10,23,64"
9170,"0,271,216"
9171,"23,118,74"
9172,"169,199"
9173,"26,23,231"
9174,"10,72,11"
9175,"3,21,200"
9176,"8,206,0"
9177,"10,64"
9178,"40,199,431"
9179,"43,24,23"
9180,"10,64"
9181,"40,3,21"
9182,"220,10"
9183,"3,200,4"
9184,"72,44,10"
9185,"169,145,40"
9186,"128,40,130"
9187,"8,206,0"
9188,"17,3,18"
9189,"23,38,74"
9190,"199,169,181"
9191,"10,64"
9192,"145,71,24"
9193,"40,38,93"
9194,"40,135,128"
9195,"23,38,93"
9196,"199,169,3"
9197,"199,169,223"
9198,"169,0,170"
9199,"0,8,235"
9200,"3,40,21"
9201,"220,10"
9202,"3,17,200"
9203,"23,44,38"
9204,"10,53,3"
9205,"199,169"
9206,"21,3,40"
9207,"40,131"
9208,"0,271"
9209,"128,40,129"
9210,"169,170,40"
9211,"23,26,38"
9212,"145,24,44"
9213,"3,5,133"
9214,"40,146,3"
9215,"23,24,10"
9216,"15,3,16"
9217,"0,271,216"
9218,"3,111,123"
9219,"220,10"
9220,"145,44,45"
9221,"23,24,370"
9222,"0,26,40"
9223,"10,64,93"
9224,"3,21,187"
9225,"3,53,287"
9226,"10,64"
9227,"0,169,216"
9228,"10,181,323"
9229,"0,216,271"
9230,"170,169,199"
9231,"71,23,24"
9232,"3,21,187"
9233,"24,145,0"
9234,"160,40,315"
9235,"40,160,315"
9236,"23,38,0"
9237,"3,40,0"
9238,"0,206,8"
9239,"296,169"
9240,"32,31,23"
9241,"40,3,128"
9242,"10,23,38"
9243,"0,26,8"
9244,"3,148,21"
9245,"40,135,23"
9246,"128,40,130"
9247,"0,216,357"
9248,"296,3,123"
9249,"0,235,8"
9250,"40,131,128"
9251,"10,64,40"
9252,"10,64"
9253,"3,21,48"
9254,"0,271,366"
9255,"169,199,251"
9256,"23,74,38"
9257,"350,26,0"
9258,"3,147,148"
9259,"199,169"
9260,"199,169,323"
9261,"74,23,118"
9262,"236,40,135"
9263,"10,220,40"
9264,"3,21,169"
9265,"23,38,74"
9266,"3,4,435"
9267,"0,271,218"
9268,"3,28,364"
9269,"170,171,169"
9270,"0,271,216"
9271,"40,128,129"
9272,"10,11,220"
9273,"3,53,10"
9274,"3,53,200"
9275,"23,38,74"
9276,"23,62,74"
9277,"23,38,74"
9278,"3,147,21"
9279,"3,147,148"
9280,"10,93,64"
9281,"3,21,200"
9282,"3,147,148"
9283,"44,145,45"
9284,"169,170"
9285,"220,10"
9286,"23,84,74"
9287,"23,0,38"
9288,"169,199,170"
9289,"23,38,10"
9290,"89,26,23"
9291,"220,10"
9292,"135,40,10"
9293,"3,133,5"
9294,"0,59,24"
9295,"0,218,271"
9296,"3,21,301"
9297,"40,128,186"
9298,"0,216,271"
9299,"38,23,40"
9300,"23,38,3"
9301,"23,38,74"
9302,"44,145,10"
9303,"0,265,340"
9304,"3,199,169"
9305,"169,199"
9306,"40,250,135"
9307,"23,10,31"
9308,"10,11,69"
9309,"4,3,435"
9310,"10,64,93"
9311,"10,93,64"
9312,"3,21,200"
9313,"0,26,23"
9314,"10,64,23"
9315,"23,74,317"
9316,"3,13,21"
9317,"3,5,133"
9318,"3,4,435"
9319,"3,188,15"
9320,"38,23,26"
9321,"23,38,74"
9322,"49,23,24"
9323,"199,169,323"
9324,"40,41,286"
9325,"0,271,216"
9326,"199,169,251"
9327,"40,128,131"
9328,"220,10"
9329,"0,38,23"
9330,"170,169,3"
9331,"3,147,148"
9332,"40,41,139"
9333,"23,38,94"
9334,"3,40,4"
9335,"49,23,24"
9336,"3,4,435"
9337,"3,41,119"
9338,"40,41,135"
9339,"10,3,64"
9340,"199,10,169"
9341,"199,169"
9342,"10,64"
9343,"118,74,23"
9344,"23,74,38"
9345,"3,21,200"
9346,"23,74,71"
9347,"0,271"
9348,"145,40,0"
9349,"0,216,271"
9350,"0,3,169"
9351,"169,170,0"
9352,"3,147,148"
9353,"10,64,24"
9354,"23,26,231"
9355,"4,3,435"
9356,"170,171,169"
9357,"199,169,49"
9358,"199,431,169"
9359,"199,169,223"
9360,"3,21,40"
9361,"206,8,0"
9362,"170,171,169"
9363,"3,68,148"
9364,"169,199,170"
9365,"3,21,148"
9366,"24,23,43"
9367,"199,169"
9368,"26,38,23"
9369,"3,13,15"
9370,"3,148,147"
9371,"3,4,435"
9372,"3,147,225"
9373,"3,170,169"
9374,"40,160,315"
9375,"220,10"
9376,"0,23,8"
9377,"10,64"
9378,"24,23,10"
9379,"0,216,218"
9380,"40,3,135"
9381,"0,8,308"
9382,"3,148,21"
9383,"23,118,74"
9384,"206,8,0"
9385,"181,43,24"
9386,"0,216,271"
9387,"206,0,8"
9388,"40,160,128"
9389,"40,184,10"
9390,"0,8,206"
9391,"40,128,74"
9392,"3,147,148"
9393,"0,271,218"
9394,"0,218,512"
9395,"296,169,170"
9396,"129,3,128"
9397,"0,216,271"
9398,"23,43,24"
9399,"3,147,148"
9400,"23,287,53"
9401,"40,128,129"
9402,"0,216,169"
9403,"40,160,315"
9404,"199,169,251"
9405,"40,131,41"
9406,"93,10,64"
9407,"3,21,148"
9408,"147,3,148"
9409,"23,145,60"
9410,"128,40,130"
9411,"40,3,17"
9412,"234,10,23"
9413,"231,26,23"
9414,"44,145,10"
9415,"49,23,24"
9416,"23,0,26"
9417,"3,4"
9418,"40,23,10"
9419,"49,23,24"
9420,"3,147,148"
9421,"169,199,0"
9422,"169,199,170"
9423,"40,3,21"
9424,"3,13,21"
9425,"3,17"
9426,"3,4,70"
9427,"10,145,220"
9428,"17,3,18"
9429,"199,169,251"
9430,"72,44,10"
9431,"0,218,216"
9432,"3,4,435"
9433,"3,21,133"
9434,"0,26,350"
9435,"15,3,16"
9436,"220,10"
9437,"3,21,147"
9438,"199,169,10"
9439,"199,40,431"
9440,"40,131"
9441,"40,3,41"
9442,"3,40,21"
9443,"0,271,216"
9444,"23,74,38"
9445,"145,44,231"
9446,"26,0,231"
9447,"199,169,3"
9448,"145,402,40"
9449,"3,21,40"
9450,"3,21,200"
9451,"0,216,271"
9452,"0,8,206"
9453,"71,23,24"
9454,"10,93,64"
9455,"26,0,23"
9456,"0,216,271"
9457,"3,40,48"
9458,"26,0,23"
9459,"169,426,508"
9460,"23,38,74"
9461,"0,8,391"
9462,"3,170,169"
9463,"3,147,200"
9464,"0,8,235"
9465,"138,40,135"
9466,"23,31,169"
9467,"23,38,26"
9468,"40,135,23"
9469,"181,24,23"
9470,"169,40,199"
9471,"3,147,156"
9472,"23,0,31"
9473,"145,44,40"
9474,"169,199,170"
9475,"40,131"
9476,"188,3,147"
9477,"220,10"
9478,"10,64,24"
9479,"23,74,38"
9480,"402,220,10"
9481,"170,169,171"
9482,"10,64"
9483,"0,216,370"
9484,"23,38,40"
9485,"3,147,148"
9486,"40,41,3"
9487,"23,38,74"
9488,"0,271,216"
9489,"3,17,21"
9490,"199,3,169"
9491,"206,0,8"
9492,"15,3,16"
9493,"0,211,212"
9494,"206,0,8"
9495,"23,26,38"
9496,"3,147,148"
9497,"10,64"
9498,"128,40,129"
9499,"3,4,200"
9500,"296,169,333"
9501,"40,160,315"
9502,"23,74,38"
9503,"10,220"
9504,"220,10"
9505,"40,41,131"
9506,"0,206,8"
9507,"0,235,8"
9508,"40,160,128"
9509,"199,169"
9510,"10,44,145"
9511,"0,271,218"
9512,"3,5,21"
9513,"11,10,109"
9514,"169,199,0"
9515,"74,23,3"
9516,"169,199,170"
9517,"3,40,21"
9518,"38,23,40"
9519,"3,199,169"
9520,"32,23,31"
9521,"169,199,170"
9522,"40,131,135"
9523,"169,199,251"
9524,"40,41,21"
9525,"40,10,145"
9526,"0,8,218"
9527,"0,169,216"
9528,"40,41,21"
9529,"40,3,21"
9530,"3,4"
9531,"89,10,26"
9532,"10,64"
9533,"0,279,211"
9534,"3,17"
9535,"0,216,271"
9536,"26,23,38"
9537,"3,23,21"
9538,"10,11,69"
9539,"0,206,369"
9540,"3,21,200"
9541,"23,24,44"
9542,"0,271"
9543,"169,426,170"
9544,"220,10"
9545,"3,21,48"
9546,"40,128,129"
9547,"23,24,145"
9548,"38,23,74"
9549,"129,128,40"
9550,"3,40,21"
9551,"0,216,211"
9552,"0,216,370"
9553,"3,147,148"
9554,"40,250,131"
9555,"4,3,435"
9556,"10,64"
9557,"10,59,220"
9558,"10,44,40"
9559,"10,93,64"
9560,"220,10"
9561,"171,170,169"
9562,"10,220"
9563,"169,170,426"
9564,"146,40,145"
9565,"169,0,170"
9566,"10,72,11"
9567,"49,23,24"
9568,"24,43,23"
9569,"169,40,426"
9570,"3,200,21"
9571,"71,23,74"
9572,"38,23,74"
9573,"26,89,169"
9574,"169,170,3"
9575,"220,10"
9576,"0,216,8"
9577,"40,3,17"
9578,"10,64,448"
9579,"0,8,129"
9580,"0,271,216"
9581,"3,21,40"
9582,"43,24,23"
9583,"23,74,62"
9584,"3,147,156"
9585,"0,26,271"
9586,"402,145,40"
9587,"0,279,216"
9588,"4,435,3"
9589,"170,169"
9590,"3,21,40"
9591,"10,11,44"
9592,"40,131,160"
9593,"170,169,171"
9594,"32,23,31"
9595,"32,31,23"
9596,"3,147,148"
9597,"40,131"
9598,"10,23,24"
9599,"0,218,216"
9600,"128,40,130"
9601,"118,23,74"
9602,"17,3,10"
9603,"0,271,216"
9604,"38,23,74"
9605,"38,23,40"
9606,"32,31,169"
9607,"40,135,131"
9608,"170,169"
9609,"3,120,169"
9610,"145,10,40"
9611,"3,41,40"
9612,"0,206,8"
9613,"38,23,74"
9614,"3,147,21"
9615,"3,4"
9616,"199,169"
9617,"10,3,23"
9618,"10,220"
9619,"49,23,24"
9620,"40,23,131"
9621,"169,296,31"
9622,"3,5,133"
9623,"0,271,216"
9624,"10,64,0"
9625,"169,170,199"
9626,"3,21,199"
9627,"169,296,170"
9628,"169,199,170"
9629,"38,23,40"
9630,"0,216,211"
9631,"23,24,43"
9632,"3,21,40"
9633,"49,23,24"
9634,"206,8,0"
9635,"170,171,169"
9636,"49,23,24"
9637,"0,216,271"
9638,"169,170,38"
9639,"40,23,38"
9640,"3,21,40"
9641,"24,23,0"
9642,"169,199,296"
9643,"49,23,24"
9644,"199,169,71"
9645,"23,38,26"
9646,"147,3,148"
9647,"40,128,186"
9648,"71,145,402"
9649,"3,17,200"
9650,"170,171,169"
9651,"40,41,224"
9652,"40,131"
9653,"49,24,0"
9654,"0,31,40"
9655,"40,145,146"
9656,"24,10,23"
9657,"23,38,24"
9658,"199,169,3"
9659,"10,64,93"
9660,"43,24,23"
9661,"40,61,145"
9662,"23,71,38"
9663,"0,169,216"
9664,"199,169"
9665,"220,10"
9666,"199,169"
9667,"3,170,169"
9668,"3,148,21"
9669,"181,40,43"
9670,"199,169,431"
9671,"169,199,170"
9672,"40,131,134"
9673,"3,169,199"
9674,"199,169,3"
9675,"10,93,64"
9676,"11,10,69"
9677,"32,31,23"
9678,"26,23,89"
9679,"23,74,38"
9680,"147,3,156"
9681,"3,21,148"
9682,"3,147,148"
9683,"290,93,0"
9684,"220,10"
9685,"220,10,145"
9686,"170,169,72"
9687,"199,169"
9688,"169,199,170"
9689,"40,138,135"
9690,"3,111,123"
9691,"3,48,23"
9692,"40,3,250"
9693,"169,170,40"
9694,"3,147,148"
9695,"10,44,145"
9696,"40,0,128"
9697,"10,220"
9698,"40,131,193"
9699,"0,271,216"
9700,"220,10"
9701,"0,255,271"
9702,"62,10,69"
9703,"169,170,38"
9704,"74,23,118"
9705,"23,38,24"
9706,"10,145,220"
9707,"402,145,40"
9708,"40,0,21"
9709,"169,199,170"
9710,"199,40,169"
9711,"40,131,159"
9712,"40,135,236"
9713,"3,21,200"
9714,"170,169"
9715,"10,64,44"
9716,"40,241,187"
9717,"199,169"
9718,"199,169,426"
9719,"72,44,23"
9720,"0,216,10"
9721,"0,313,346"
9722,"3,200,21"
9723,"3,147,148"
9724,"3,21,301"
9725,"3,21,200"
9726,"3,4,7"
9727,"40,131,241"
9728,"145,44,402"
9729,"10,64"
9730,"84,23,74"
9731,"3,21,40"
9732,"3,147,148"
9733,"0,271"
9734,"17,3,18"
9735,"23,38,49"
9736,"3,187,21"
9737,"10,93,64"
9738,"4,435,3"
9739,"40,241,23"
9740,"3,21,40"
9741,"220,10"
9742,"0,10,59"
9743,"169,199,145"
9744,"23,74,38"
9745,"44,145,73"
9746,"40,41,21"
9747,"3,147,200"
9748,"25,10,220"
9749,"23,38,40"
9750,"38,0,103"
9751,"169,199,307"
9752,"26,0,23"
9753,"0,271,26"
9754,"23,74,3"
9755,"220,10"
9756,"402,145,40"
9757,"40,131"
9758,"3,147,148"
9759,"40,145,44"
9760,"107,23,38"
9761,"71,23,74"
9762,"3,21,200"
9763,"10,220"
9764,"170,3,169"
9765,"40,131,41"
9766,"3,21,17"
9767,"23,24,71"
9768,"199,169,170"
9769,"3,21,200"
9770,"220,10"
9771,"4,435,3"
9772,"40,184,131"
9773,"10,24,23"
9774,"38,23,74"
9775,"40,146,145"
9776,"10,64,65"
9777,"3,21,148"
9778,"199,169"
9779,"3,147,287"
9780,"199,3,169"
9781,"170,169"
9782,"24,23,181"
9783,"26,23,0"
9784,"170,169,171"
9785,"3,4,148"
9786,"0,216,271"
9787,"0,265,218"
9788,"3,21,200"
9789,"128,40,130"
9790,"23,38,26"
9791,"169,199,170"
9792,"10,24,49"
9793,"40,131,241"
9794,"44,145,10"
9795,"24,23,43"
9796,"10,24,43"
9797,"40,160,131"
9798,"40,128,131"
9799,"220,10"
9800,"23,24,43"
9801,"169,199,170"
9802,"386,135,40"
9803,"3,148,147"
9804,"0,216,366"
9805,"3,17"
9806,"3,48,23"
9807,"3,147,21"
9808,"3,0,206"
9809,"3,113,28"
9810,"3,147,148"
9811,"199,169,3"
9812,"40,21,3"
9813,"23,24,43"
9814,"10,23,24"
9815,"40,41,139"
9816,"3,200,21"
9817,"0,206,8"
9818,"17,3,18"
9819,"10,64,24"
9820,"402,0,206"
9821,"23,40,38"
9822,"0,211,216"
9823,"40,131,128"
9824,"3,17,21"
9825,"23,38"
9826,"10,145,64"
9827,"328,31,23"
9828,"309,38,23"
9829,"169,199"
9830,"3,4,200"
9831,"3,21,200"
9832,"3,187,17"
9833,"3,133,200"
9834,"10,72,44"
9835,"0,271"
9836,"15,3,16"
9837,"220,10"
9838,"23,24,43"
9839,"169,199,170"
9840,"3,200,21"
9841,"3,4"
9842,"38,23,26"
9843,"10,44,145"
9844,"43,23,24"
9845,"40,160,315"
9846,"44,145,45"
9847,"0,271,265"
9848,"10,0,220"
9849,"10,64"
9850,"23,38,24"
9851,"3,301,21"
9852,"26,0,346"
9853,"24,43,23"
9854,"0,8,308"
9855,"3,147,148"
9856,"40,224,41"
9857,"220,10"
9858,"23,71,38"
9859,"3,147,148"
9860,"10,40,23"
9861,"199,431,169"
9862,"3,4,200"
9863,"10,220"
9864,"328,31,0"
9865,"0,211,271"
9866,"3,187,21"
9867,"3,199,21"
9868,"199,169"
9869,"23,40,74"
9870,"10,11,220"
9871,"3,523,147"
9872,"206,8,38"
9873,"199,169,170"
9874,"170,171,169"
9875,"3,15,200"
9876,"0,8,206"
9877,"3,21,200"
9878,"0,271,216"
9879,"40,41"
9880,"0,271,216"
9881,"199,169"
9882,"3,21,187"
9883,"169,199,170"
9884,"10,220"
9885,"128,130,40"
9886,"3,147,148"
9887,"118,23,74"
9888,"23,10,38"
9889,"0,271"
9890,"25,10,220"
9891,"3,4,435"
9892,"10,64,93"
9893,"170,171,169"
9894,"40,315,160"
9895,"3,147,148"
9896,"169,170,199"
9897,"3,4,21"
9898,"23,24,38"
9899,"3,21,40"
9900,"26,23,89"
9901,"40,328,145"
9902,"0,216,8"
9903,"10,64,11"
9904,"145,199,169"
9905,"3,147,156"
9906,"0,216,211"
9907,"23,31,96"
9908,"156,147,225"
9909,"3,21,200"
9910,"40,250,135"
9911,"402,23,145"
9912,"10,145,220"
9913,"199,169,0"
9914,"0,211,216"
9915,"0,230,229"
9916,"3,21,40"
9917,"23,38,24"
9918,"40,148,3"
9919,"24,23,71"
9920,"3,17,320"
9921,"40,160,315"
9922,"3,21,301"
9923,"3,21,115"
9924,"40,199,169"
9925,"40,128,186"
9926,"414,10,169"
9927,"10,11,69"
9928,"38,40,23"
9929,"3,17,200"
9930,"147,3,156"
9931,"199,169,0"
9932,"145,44,71"
9933,"169,199,170"
9934,"40,41,224"
9935,"3,4,200"
9936,"3,13,200"
9937,"0,271,8"
9938,"0,271,26"
9939,"169,199,251"
9940,"3,199,169"
9941,"24,40,145"
9942,"23,74,38"
9943,"24,49,23"
9944,"10,64,524"
9945,"0,216,271"
9946,"0,8,235"
9947,"0,26,38"
9948,"3,147,148"
9949,"31,23,96"
9950,"220,10"
9951,"8,0,206"
9952,"199,169,170"
9953,"10,220"
9954,"3,21,301"
9955,"3,301,21"
9956,"3,148,147"
9957,"13,3,150"
9958,"40,131,128"
9959,"15,3,16"
9960,"3,4,435"
9961,"10,220"
9962,"40,250,128"
9963,"40,131"
9964,"3,21,187"
9965,"3,21,301"
9966,"169,170,38"
9967,"145,44,10"
9968,"0,169,271"
9969,"23,38,74"
9970,"3,15,148"
9971,"3,199,21"
9972,"40,131"
9973,"3,15,16"
9974,"128,40,129"
9975,"170,171,169"
9976,"17,3,18"
9977,"0,8,216"
9978,"10,64,40"
9979,"24,145,40"
9980,"3,147,148"
9981,"10,93,64"
9982,"220,10"
9983,"0,216,354"
9984,"3,15,4"
9985,"3,21,200"
9986,"0,26,231"
9987,"23,38,26"
9988,"0,8,216"
9989,"3,4,435"
9990,"40,250,307"
9991,"40,184,131"
9992,"10,44,45"
9993,"0,199,169"
9994,"3,148,147"
9995,"220,10"
9996,"40,145,44"
9997,"23,71,74"
9998,"170,171,169"
9999,"0,346,313"
10000,"0,38,23"
10001,"3,120,15"
10002,"0,211,212"
10003,"169,199"
10004,"4,3,70"
10005,"0,421,10"
10006,"220,10"
10007,"0,10,218"
10008,"40,131"
10009,"23,169,38"
10010,"220,10"
10011,"170,169"
10012,"23,38,24"
10013,"3,21,200"
10014,"40,386,135"
10015,"0,3,216"
10016,"40,131,10"
10017,"10,24,23"
10018,"40,146,128"
10019,"0,271"
10020,"3,100,200"
10021,"40,128,38"
10022,"40,128,160"
10023,"402,40,145"
10024,"3,169,0"
10025,"43,24,23"
10026,"0,218,271"
10027,"0,8,26"
10028,"32,23,48"
10029,"74,23,40"
10030,"40,23,123"
10031,"0,10,229"
10032,"220,10"
10033,"3,40,21"
10034,"3,170,169"
10035,"13,3,14"
10036,"135,236,374"
10037,"3,147,53"
10038,"43,24,23"
10039,"40,3,160"
10040,"10,93,64"
10041,"26,0,89"
10042,"40,146,145"
10043,"40,131"
10044,"74,23,40"
10045,"169,199,426"
10046,"71,23,24"
10047,"10,220"
10048,"40,315,160"
10049,"10,11,69"
10050,"40,160,17"
10051,"199,169,40"
10052,"0,169,199"
10053,"206,0,8"
10054,"40,3,148"
10055,"3,17,21"
10056,"3,147,148"
10057,"199,169,259"
10058,"3,21,17"
10059,"3,17,200"
10060,"40,145,146"
10061,"3,40,367"
10062,"0,265,340"
10063,"23,10,0"
10064,"169,199,0"
10065,"10,239,60"
10066,"40,184,3"
10067,"199,431,169"
10068,"10,64"
10069,"10,220"
10070,"3,4,200"
10071,"3,21,187"
10072,"220,10"
10073,"23,38,26"
10074,"40,41,3"
10075,"40,128,131"
10076,"4,3,435"
10077,"10,23,24"
10078,"206,8,0"
10079,"171,170,169"
10080,"40,131,145"
10081,"10,64,93"
10082,"3,15,16"
10083,"40,131,23"
10084,"26,89,23"
10085,"3,21,200"
10086,"23,74,38"
10087,"145,10,44"
10088,"128,40,129"
10089,"3,21,200"
10090,"0,271,366"
10091,"3,21,200"
10092,"10,11,44"
10093,"40,128,315"
10094,"3,15,148"
10095,"10,11,72"
10096,"71,24,23"
10097,"3,23,10"
10098,"3,40,111"
10099,"3,21,148"
10100,"74,307,40"
10101,"3,4,364"
10102,"3,147,148"
10103,"0,265,218"
10104,"3,21,40"
10105,"23,38,24"
10106,"3,17,34"
10107,"3,40,17"
10108,"64,10"
10109,"169,199,170"
10110,"169,199,170"
10111,"0,216,279"
10112,"199,169,281"
10113,"3,21,148"
10114,"145,44,40"
10115,"40,131,241"
10116,"0,271,211"
10117,"220,10"
10118,"0,271,216"
10119,"3,17,147"
10120,"3,21,40"
10121,"220,10"
10122,"199,169,251"
10123,"0,216,271"
10124,"199,169"
10125,"10,181,60"
10126,"220,10"
10127,"44,45,145"
10128,"0,271"
10129,"145,44,402"
10130,"138,40,135"
10131,"0,271,216"
10132,"0,216,370"
10133,"3,21,301"
10134,"199,3,169"
10135,"0,26,23"
10136,"10,199,169"
10137,"169,170,3"
10138,"10,220,145"
10139,"275,3,111"
10140,"0,26,271"
10141,"72,44,10"
10142,"169,170,296"
10143,"199,169"
10144,"0,271,216"
10145,"40,145,131"
10146,"138,135,169"
10147,"0,169,271"
10148,"169,199,170"
10149,"3,15,200"
10150,"10,60,49"
10151,"40,41,224"
10152,"220,10"
10153,"40,128,130"
10154,"3,13,120"
10155,"3,21,147"
10156,"40,128,41"
10157,"3,235,0"
10158,"169,199,38"
10159,"49,24,23"
10160,"26,23,89"
10161,"24,43,10"
10162,"40,131,128"
10163,"49,24,23"
10164,"3,17,200"
10165,"169,170,199"
10166,"72,44,23"
10167,"0,271,216"
10168,"402,10,145"
10169,"10,64,44"
10170,"10,23,25"
10171,"199,3,169"
10172,"3,21,148"
10173,"3,148,147"
10174,"40,131,41"
10175,"3,147,148"
10176,"3,21,148"
10177,"40,184,131"
10178,"3,147,148"
10179,"3,21,148"
10180,"181,323,40"
10181,"40,307,74"
10182,"199,169,431"
10183,"10,72,44"
10184,"199,169"
10185,"40,135,236"
10186,"40,23,345"
10187,"3,200,147"
10188,"181,145,10"
10189,"220,10"
10190,"3,21,40"
10191,"40,307,3"
10192,"44,145,45"
10193,"44,145,40"
10194,"10,64,24"
10195,"40,131,41"
10196,"10,64"
10197,"3,147,148"
10198,"10,64"
10199,"23,74,38"
10200,"199,169,40"
10201,"3,148,147"
10202,"0,220,265"
10203,"220,10"
10204,"220,10"
10205,"10,145,40"
10206,"10,49,44"
10207,"0,8,216"
10208,"169,0,170"
10209,"145,402,40"
10210,"3,21,200"
10211,"10,234,60"
10212,"23,38,26"
10213,"328,40,31"
10214,"26,23,89"
10215,"10,24,44"
10216,"15,16,10"
10217,"0,211,1"
10218,"3,21,40"
10219,"31,32,23"
10220,"49,24,10"
10221,"3,0,4"
10222,"170,169,3"
10223,"3,147,21"
10224,"38,23,74"
10225,"296,169,26"
10226,"128,40,130"
10227,"40,41,135"
10228,"3,169,170"
10229,"38,23,24"
10230,"3,21,148"
10231,"3,5,6"
10232,"307,74,38"
10233,"3,147,148"
10234,"0,271"
10235,"10,64,93"
10236,"220,10"
10237,"138,169,170"
10238,"10,0,64"
10239,"160,40,302"
10240,"3,21,200"
10241,"23,38,74"
10242,"0,26,313"
10243,"199,169,251"
10244,"23,26,0"
10245,"23,24,38"
10246,"145,402,40"
10247,"3,4,15"
10248,"169,199,170"
10249,"3,4,435"
10250,"206,0,8"
10251,"23,74,38"
10252,"38,40,23"
10253,"23,38,26"
10254,"10,64"
10255,"3,148,147"
10256,"26,23,89"
10257,"0,271,313"
10258,"128,40,195"
10259,"0,8,391"
10260,"3,40,38"
10261,"3,169,170"
10262,"10,64"
10263,"10,220,145"
10264,"3,17,21"
10265,"40,160,41"
10266,"3,15,200"
10267,"0,23,38"
10268,"24,23,169"
10269,"199,169,10"
10270,"15,3,16"
10271,"32,23,31"
10272,"40,23,74"
10273,"3,147,148"
10274,"188,3,4"
10275,"40,184,131"
10276,"0,271,313"
10277,"40,41,21"
10278,"15,3,16"
10279,"10,64,11"
10280,"38,23,40"
10281,"23,24,181"
10282,"3,40,147"
10283,"0,23,24"
10284,"23,145,10"
10285,"147,3,148"
10286,"220,10"
10287,"23,74,38"
10288,"24,23,10"
10289,"199,169,0"
10290,"3,21,200"
10291,"3,17,21"
10292,"24,10,145"
10293,"3,123,111"
10294,"220,10"
10295,"146,40,145"
10296,"3,147,148"
10297,"72,44,10"
10298,"145,44,10"
10299,"40,138,135"
10300,"38,23,0"
10301,"0,271"
10302,"40,131,41"
10303,"3,21,148"
10304,"3,21,40"
10305,"0,218,271"
10306,"147,3,148"
10307,"3,21,200"
10308,"40,145,41"
10309,"10,72,11"
10310,"3,200,148"
10311,"3,147,156"
10312,"40,41,74"
10313,"402,145,40"
10314,"386,135,40"
10315,"3,148,523"
10316,"169,10,220"
10317,"3,21,147"
10318,"23,38,0"
10319,"170,169,171"
10320,"129,128,40"
10321,"0,216,211"
10322,"40,17,3"
10323,"220,10"
10324,"8,26,23"
10325,"40,41,3"
10326,"49,23,24"
10327,"24,23,43"
10328,"3,21,41"
10329,"3,4"
10330,"26,0,216"
10331,"3,21,200"
10332,"169,199,170"
10333,"40,128,129"
10334,"43,24,23"
10335,"3,148,147"
10336,"0,279,249"
10337,"0,271,280"
10338,"169,199,170"
10339,"17,3,18"
10340,"31,23,258"
10341,"3,147,148"
10342,"0,26,23"
10343,"40,146,145"
10344,"23,38,74"
10345,"23,74,38"
10346,"0,8"
10347,"0,218,216"
10348,"40,23,131"
10349,"31,23,40"
10350,"40,41,21"
10351,"10,64"
10352,"3,21,148"
10353,"23,24,10"
10354,"0,271,265"
10355,"296,169,460"
10356,"3,21,40"
10357,"40,199,315"
10358,"74,23,118"
10359,"199,169,3"
10360,"40,23,10"
10361,"23,74,38"
10362,"11,10,69"
10363,"3,147,148"
10364,"0,271,26"
10365,"199,169,251"
10366,"10,145,220"
10367,"0,255,216"
10368,"23,38,74"
10369,"10,145,44"
10370,"0,216,211"
10371,"145,23,44"
10372,"0,211,212"
10373,"3,111,40"
10374,"31,23,96"
10375,"40,128,186"
10376,"23,74,38"
10377,"199,169,40"
10378,"10,64,323"
10379,"40,131,184"
10380,"23,24,59"
10381,"169,170,3"
10382,"0,26,23"
10383,"10,220,402"
10384,"40,131,134"
10385,"402,10,40"
10386,"188,4,3"
10387,"40,3,41"
10388,"10,239,60"
10389,"44,145,10"
10390,"0,218,8"
10391,"23,71,74"
10392,"0,216,211"
10393,"3,4,435"
10394,"3,147,523"
10395,"10,48,3"
10396,"4,3,7"
10397,"68,40,10"
10398,"0,265,271"
10399,"40,131,241"
10400,"23,26,0"
10401,"10,234,60"
10402,"169,170,296"
10403,"199,169,23"
10404,"10,44,145"
10405,"145,402,44"
10406,"3,199,169"
10407,"147,3,148"
10408,"199,169,10"
10409,"23,24,43"
10410,"290,10,31"
10411,"3,21,200"
10412,"0,8,327"
10413,"26,23,38"
10414,"3,17,21"
10415,"3,15,17"
10416,"40,131"
10417,"3,4,200"
10418,"0,265,271"
10419,"72,44,10"
10420,"10,93,64"
10421,"10,64"
10422,"93,10,64"
10423,"10,64,93"
10424,"40,146,23"
10425,"23,74,38"
10426,"43,24,23"
10427,"3,199,169"
10428,"169,199,170"
10429,"402,145,40"
10430,"138,169,135"
10431,"10,72,44"
10432,"402,145,220"
10433,"32,31,23"
10434,"3,21,40"
10435,"10,26,0"
10436,"4,3"
10437,"169,171,199"
10438,"40,41,3"
10439,"23,31,258"
10440,"3,148,15"
10441,"169,8,405"
10442,"234,10,3"
10443,"145,44,45"
10444,"3,21,200"
10445,"169,131,40"
10446,"3,40,21"
10447,"199,169,40"
10448,"170,171,169"
10449,"199,169"
10450,"40,145,131"
10451,"40,41,160"
10452,"199,169"
10453,"3,4,435"
10454,"199,169"
10455,"323,10,181"
10456,"40,146,145"
10457,"206,8,0"
10458,"220,10"
10459,"0,235,8"
10460,"118,23,74"
10461,"10,72,44"
10462,"0,271"
10463,"3,4,435"
10464,"40,250,128"
10465,"10,0,220"
10466,"11,10,69"
10467,"169,199,0"
10468,"8,0,391"
10469,"0,271,216"
10470,"10,220"
10471,"38,23"
10472,"220,10"
10473,"4,3,435"
10474,"199,169,251"
10475,"309,48,3"
10476,"169,170,296"
10477,"3,17,40"
10478,"169,23,337"
10479,"40,315,160"
10480,"3,4,435"
10481,"40,160,131"
10482,"40,41,131"
10483,"23,31,96"
10484,"220,10"
10485,"43,24,23"
10486,"199,169,251"
10487,"199,431,169"
10488,"3,147,148"
10489,"296,169,306"
10490,"3,21,40"
10491,"199,169,3"
10492,"10,23,64"
10493,"40,131,134"
10494,"171,170,169"
10495,"3,17,200"
10496,"10,72,11"
10497,"3,147,148"
10498,"169,199,170"
10499,"199,169,0"
10500,"0,216,26"
10501,"10,64,93"
10502,"40,131,10"
10503,"10,0,421"
10504,"40,23,175"
10505,"3,4,500"
10506,"26,89,0"
10507,"3,148,21"
10508,"23,38,169"
10509,"10,64,448"
10510,"17,3,40"
10511,"23,38,40"
10512,"23,38,26"
10513,"23,231,26"
10514,"43,24,23"
10515,"40,131"
10516,"206,0,220"
10517,"10,72,11"
10518,"3,0,271"
10519,"26,23,40"
10520,"10,64,93"
10521,"10,64,24"
10522,"40,131,41"
10523,"220,10,17"
10524,"3,147,148"
10525,"199,169,3"
10526,"10,44,145"
10527,"10,145,44"
10528,"3,10,23"
10529,"220,10"
10530,"0,8,391"
10531,"40,160,41"
10532,"10,44,145"
10533,"3,199,21"
10534,"0,271,346"
10535,"3,4"
10536,"23,38,26"
10537,"3,21,148"
10538,"38,23,74"
10539,"160,40,315"
10540,"3,21,148"
10541,"10,93,64"
10542,"199,169"
10543,"3,315,147"
10544,"3,0,21"
10545,"26,89,23"
10546,"3,15,4"
10547,"10,11,69"
10548,"147,3,148"
10549,"0,271,291"
10550,"32,31,23"
10551,"220,402,10"
10552,"3,40,224"
10553,"296,169,306"
10554,"41,224,40"
10555,"10,64,220"
10556,"3,200,21"
10557,"49,23,24"
10558,"40,41,128"
10559,"40,131,134"
10560,"23,38,0"
10561,"23,38,74"
10562,"199,169,323"
10563,"44,145,45"
10564,"44,145,45"
10565,"3,435,21"
10566,"10,24,23"
10567,"145,44,10"
10568,"23,24,43"
10569,"3,133,5"
10570,"3,21,148"
10571,"40,386,135"
10572,"26,23,0"
10573,"23,49,38"
10574,"10,11,220"
10575,"40,23,74"
10576,"0,271"
10577,"23,38,74"
10578,"3,21,200"
10579,"40,131,193"
10580,"220,10"
10581,"0,216,313"
10582,"170,169,3"
10583,"0,271,216"
10584,"169,199"
10585,"0,271,265"
10586,"10,220,0"
10587,"40,131,134"
10588,"10,11,69"
10589,"23,38,63"
10590,"3,170,169"
10591,"169,170,426"
10592,"145,44,40"
10593,"23,3,40"
10594,"40,131,241"
10595,"40,21,3"
10596,"44,145,10"
10597,"0,265,340"
10598,"23,74,62"
10599,"23,38,74"
10600,"0,216,271"
10601,"3,17,21"
10602,"234,60,10"
10603,"40,128,129"
10604,"296,169"
10605,"4,70,19"
10606,"10,64,448"
10607,"111,3,123"
10608,"3,147,148"
10609,"17,3,18"
10610,"40,23,74"
10611,"3,21,200"
10612,"10,93,64"
10613,"199,169,10"
10614,"3,40,21"
10615,"3,147,148"
10616,"3,21,40"
10617,"145,40,44"
10618,"3,21,40"
10619,"10,24,64"
10620,"3,40,21"
10621,"128,130,40"
10622,"169,199,170"
10623,"38,175,23"
10624,"40,128,129"
10625,"26,89,23"
10626,"10,220,24"
10627,"0,216,26"
10628,"169,199,426"
10629,"3,5,133"
10630,"3,21,40"
10631,"26,23,169"
10632,"220,10"
10633,"0,59,10"
10634,"10,64,220"
10635,"199,0,169"
10636,"3,40,21"
10637,"3,147,148"
10638,"3,17,40"
10639,"40,41,224"
10640,"8,0,26"
10641,"0,3,271"
10642,"0,216,169"
10643,"5,6,3"
10644,"23,24,43"
10645,"40,145,44"
10646,"160,40,315"
10647,"0,271,216"
10648,"23,38,26"
10649,"10,64"
10650,"44,45,145"
10651,"44,145,45"
10652,"38,23,74"
10653,"3,21,40"
10654,"40,129,128"
10655,"44,72,10"
10656,"40,131"
10657,"0,271"
10658,"231,26"
10659,"0,271,26"
10660,"15,3,16"
10661,"40,41,139"
10662,"199,169,181"
10663,"23,25,10"
10664,"169,170,199"
10665,"0,271,216"
10666,"40,41,128"
10667,"225,156,147"
10668,"23,26,38"
10669,"0,169,3"
10670,"220,10"
10671,"0,216,271"
10672,"40,128,135"
10673,"23,24,10"
10674,"0,271,26"
10675,"3,21,148"
10676,"10,24,40"
10677,"0,218,216"
10678,"49,23,24"
10679,"31,169,32"
10680,"169,199,0"
10681,"3,4,200"
10682,"40,41,48"
10683,"40,131"
10684,"40,135,189"
10685,"3,21,40"
10686,"271,0"
10687,"426,169,508"
10688,"23,38,74"
10689,"494,40,184"
10690,"199,169,431"
10691,"199,169,251"
10692,"23,24,3"
10693,"147,3,148"
10694,"0,38,23"
10695,"40,128,49"
10696,"3,5,133"
10697,"3,4,435"
10698,"3,4,17"
10699,"0,271,216"
10700,"10,64,40"
10701,"145,40,44"
10702,"3,40,21"
10703,"10,64,24"
10704,"10,220,0"
10705,"38,0,23"
10706,"40,131,41"
10707,"3,4,435"
10708,"3,21,148"
10709,"3,21,187"
10710,"169,199,68"
10711,"0,235,8"
10712,"23,24,43"
10713,"169,199,170"
10714,"10,93,64"
10715,"0,265,271"
10716,"10,64,93"
10717,"23,24,43"
10718,"3,15,4"
10719,"23,38,74"
10720,"170,169"
10721,"23,10,60"
10722,"296,169,10"
10723,"3,4,435"
10724,"3,111,17"
10725,"23,49,24"
10726,"10,220"
10727,"170,169,3"
10728,"10,44,11"
10729,"0,273,8"
10730,"169,0,199"
10731,"24,23,43"
10732,"0,271,216"
10733,"3,17,21"
10734,"3,148,147"
10735,"0,271,216"
10736,"10,64,24"
10737,"3,148,147"
10738,"3,21,40"
10739,"147,3,148"
10740,"3,21,200"
10741,"23,38,74"
10742,"10,11,69"
10743,"3,169,170"
10744,"199,40,169"
10745,"135,169,40"
10746,"0,271,255"
10747,"44,145,45"
10748,"169,10,199"
10749,"3,6,5"
10750,"3,17,21"
10751,"23,40,38"
10752,"199,169,431"
10753,"10,220"
10754,"40,131,193"
10755,"44,145,40"
10756,"0,216,271"
10757,"44,145,40"
10758,"3,4,435"
10759,"0,23,26"
10760,"17,10,3"
10761,"23,38,107"
10762,"3,10,40"
10763,"199,169,3"
10764,"129,40,128"
10765,"3,4,435"
10766,"128,129,40"
10767,"3,17,21"
10768,"199,169,223"
10769,"3,147,148"
10770,"181,43,40"
10771,"169,199,170"
10772,"40,128,160"
10773,"199,169"
10774,"44,145,10"
10775,"40,3,10"
10776,"3,170,169"
10777,"220,10"
10778,"3,21,40"
10779,"0,271,313"
10780,"3,4,7"
10781,"220,10"
10782,"0,216,271"
10783,"3,21,199"
10784,"3,40,111"
10785,"3,187,21"
10786,"3,40,21"
10787,"145,23,40"
10788,"199,169,0"
10789,"0,216,271"
10790,"0,169,216"
10791,"24,43,23"
10792,"0,271"
10793,"3,148,147"
10794,"199,169"
10795,"40,41,128"
10796,"3,4,435"
10797,"199,169,40"
10798,"3,21,17"
10799,"181,24,43"
10800,"10,40,220"
10801,"40,146,145"
10802,"74,23,38"
10803,"38,23,10"
10804,"0,235,8"
10805,"10,64,448"
10806,"62,10,69"
10807,"3,21,148"
10808,"10,64,24"
10809,"23,26,89"
10810,"138,135,40"
10811,"3,147,148"
10812,"10,239,60"
10813,"0,10,229"
10814,"10,11,0"
10815,"169,199"
10816,"145,44,10"
10817,"26,231,23"
10818,"26,23,231"
10819,"10,64,93"
10820,"0,271,216"
10821,"3,147,148"
10822,"220,10"
10823,"169,171,170"
10824,"10,64,93"
10825,"23,24,38"
10826,"220,10"
10827,"38,23,74"
10828,"169,170,296"
10829,"40,41,131"
10830,"10,11,59"
10831,"74,4,70"
10832,"0,216,354"
10833,"187,3,21"
10834,"4,3,7"
10835,"3,21,147"
10836,"23,74,38"
10837,"23,38,74"
10838,"3,17,187"
10839,"10,0,220"
10840,"40,131,128"
10841,"23,62,74"
10842,"0,218,216"
10843,"0,271,216"
10844,"0,216,271"
10845,"3,21,148"
10846,"169,337,0"
10847,"3,148,21"
10848,"26,89,23"
10849,"3,21,200"
10850,"10,64,93"
10851,"0,216,271"
10852,"44,145,23"
10853,"23,26,118"
10854,"3,200,21"
10855,"23,26,38"
10856,"40,162,131"
10857,"0,271"
10858,"25,23,24"
10859,"169,426,23"
10860,"0,26,8"
10861,"23,24,74"
10862,"3,169,199"
10863,"220,10"
10864,"40,3,41"
10865,"10,64,24"
10866,"220,508,31"
10867,"10,220"
10868,"10,220,59"
10869,"60,10,72"
10870,"17,3"
10871,"220,10"
10872,"0,271"
10873,"40,74,307"
10874,"40,131,128"
10875,"0,366,271"
10876,"0,271,255"
10877,"74,23,165"
10878,"40,128,0"
10879,"118,23,74"
10880,"206,8,0"
10881,"23,38,74"
10882,"3,15,148"
10883,"120,3,296"
10884,"328,31,23"
10885,"23,40,74"
10886,"220,10,0"
10887,"10,145,40"
10888,"10,64"
10889,"145,44,40"
10890,"3,275,148"
10891,"3,21,40"
10892,"169,199,40"
10893,"15,3,16"
10894,"0,271,216"
10895,"3,4"
10896,"3,21,200"
10897,"3,200,148"
10898,"32,31,3"
10899,"40,169,145"
10900,"3,147,148"
10901,"3,21,301"
10902,"40,41,23"
10903,"40,3,21"
10904,"40,23,131"
10905,"10,145,44"
10906,"3,23,15"
10907,"199,40,431"
10908,"296,169,460"
10909,"135,40,138"
10910,"3,4,435"
10911,"3,147,200"
10912,"10,64"
10913,"231,26,23"
10914,"3,21,301"
10915,"44,145,73"
10916,"93,10,64"
10917,"0,271,265"
10918,"26,23,89"
10919,"3,4,435"
10920,"3,4,435"
10921,"23,26,24"
10922,"40,10,23"
10923,"10,64,11"
10924,"0,8,235"
10925,"40,128,131"
10926,"0,8,206"
10927,"296,169,306"
10928,"3,17,21"
10929,"40,128,131"
10930,"3,21,200"
10931,"10,64,93"
10932,"23,24,43"
10933,"0,271,265"
10934,"23,38,0"
10935,"146,40,145"
10936,"0,26,271"
10937,"0,370,10"
10938,"40,3,21"
10939,"3,10,13"
10940,"10,24,49"
10941,"3,147,21"
10942,"0,271,8"
10943,"49,23,24"
10944,"4,3,435"
10945,"40,3,21"
10946,"218,0,10"
10947,"138,135,40"
10948,"10,64"
10949,"26,0,23"
10950,"0,8,206"
10951,"229,0,230"
10952,"3,148,147"
10953,"62,10,69"
10954,"402,145,40"
10955,"23,38"
10956,"10,220"
10957,"4,3,5"
10958,"3,147,148"
10959,"49,23,24"
10960,"0,169,337"
10961,"3,147,148"
10962,"3,169,40"
10963,"145,44,40"
10964,"43,24,23"
10965,"43,24,23"
10966,"40,128,186"
10967,"199,169"
10968,"3,21,148"
10969,"426,508,169"
10970,"3,48,23"
10971,"271,0,355"
10972,"3,147,148"
10973,"40,135,138"
10974,"10,169,239"
10975,"3,200,21"
10976,"43,24,23"
10977,"3,21,200"
10978,"3,199,21"
10979,"0,216,279"
10980,"40,189,135"
10981,"3,15,200"
10982,"169,199,3"
10983,"23,24,40"
10984,"181,23,43"
10985,"3,21,148"
10986,"0,26,350"
10987,"40,128,130"
10988,"3,41,40"
10989,"220,10"
10990,"0,216,354"
10991,"0,40,128"
10992,"40,128,129"
10993,"3,68,53"
10994,"3,17,147"
10995,"3,21,40"
10996,"3,169,21"
10997,"23,74,38"
10998,"40,131,134"
10999,"3,21,40"
11000,"3,296,169"
11001,"170,169,171"
11002,"23,40,131"
11003,"0,26,216"
11004,"40,131,128"
11005,"3,148,21"
11006,"10,44,72"
11007,"40,250,23"
11008,"26,0,23"
11009,"10,64"
11010,"239,10,60"
11011,"220,10"
11012,"10,220"
11013,"40,131,134"
11014,"10,370,145"
11015,"23,40,25"
11016,"169,199,0"
11017,"169,170,199"
11018,"402,40,145"
11019,"508,169,426"
11020,"40,128,41"
11021,"0,8"
11022,"145,40,44"
11023,"40,131,145"
11024,"199,169"
11025,"32,23,24"
11026,"128,129,40"
11027,"296,169,333"
11028,"3,200,21"
11029,"181,145,323"
11030,"23,38,74"
11031,"170,169,171"
11032,"31,40,96"
11033,"0,271,3"
11034,"0,271,26"
11035,"169,345,199"
11036,"3,4,148"
11037,"402,145,44"
11038,"38,23,26"
11039,"23,118,74"
11040,"3,169,0"
11041,"170,171,169"
11042,"3,147,148"
11043,"0,265,271"
11044,"0,271,26"
11045,"0,271,314"
11046,"3,17,4"
11047,"169,296,0"
11048,"199,169,0"
11049,"279,0,249"
11050,"199,169,0"
11051,"296,169"
11052,"3,21,200"
11053,"10,220"
11054,"23,118,231"
11055,"23,49,24"
11056,"40,131"
11057,"23,38,74"
11058,"10,93,64"
11059,"31,169,23"
11060,"169,170,199"
11061,"370,0,10"
11062,"3,15,40"
11063,"40,145,135"
11064,"40,128,129"
11065,"10,64"
11066,"0,271,216"
11067,"145,44,40"
11068,"10,64"
11069,"0,8,271"
11070,"23,24,43"
11071,"169,170,0"
11072,"3,21,4"
11073,"220,10"
11074,"3,21,200"
11075,"3,21,200"
11076,"40,128,129"
11077,"199,3,169"
11078,"169,199,181"
11079,"10,64"
11080,"0,271"
11081,"128,40,130"
11082,"3,17,200"
11083,"3,15,148"
11084,"44,145,45"
11085,"23,49,24"
11086,"169,199,23"
11087,"169,199,145"
11088,"10,11,109"
11089,"199,169,0"
11090,"402,145,40"
11091,"3,148,147"
11092,"3,23,38"
11093,"0,206,8"
11094,"26,0,350"
11095,"160,40,169"
11096,"0,271,8"
11097,"23,38,63"
11098,"38,23,39"
11099,"40,131"
11100,"23,38,24"
11101,"38,40,23"
11102,"40,193,131"
11103,"3,21,40"
11104,"3,4,435"
11105,"169,170,199"
11106,"44,145,10"
11107,"40,3,21"
11108,"0,271,216"
11109,"40,131"
11110,"44,145,45"
11111,"10,64,448"
11112,"74,23,303"
11113,"49,40"
11114,"3,200,21"
11115,"199,169,23"
11116,"0,206,8"
11117,"220,10"
11118,"10,64,90"
11119,"40,315,160"
11120,"169,199,31"
11121,"3,148,21"
11122,"0,218,271"
11123,"3,21,17"
11124,"4,3,435"
11125,"3,21,301"
11126,"40,131"
11127,"32,23,31"
11128,"0,271,216"
11129,"0,271,26"
11130,"72,145,61"
11131,"40,131,328"
11132,"23,74,38"
11133,"0,366,271"
11134,"23,74,118"
11135,"0,8,271"
11136,"0,216,40"
11137,"0,169,337"
11138,"0,271,216"
11139,"17,3"
11140,"160,40,315"
11141,"0,10,220"
11142,"0,271,279"
11143,"3,17,147"
11144,"40,131,23"
11145,"220,10"
11146,"3,15,200"
11147,"26,23,89"
11148,"40,41,160"
11149,"40,135,74"
11150,"231,26,23"
11151,"23,40,123"
11152,"23,24,43"
11153,"10,64,93"
11154,"3,10,13"
11155,"40,41,128"
11156,"131,40,134"
11157,"181,10,60"
11158,"23,38,24"
11159,"169,199,0"
11160,"40,3,21"
11161,"220,10"
11162,"402,145,40"
11163,"3,146,21"
11164,"40,3,21"
11165,"43,24,23"
11166,"220,10"
11167,"145,402,44"
11168,"220,10"
11169,"10,220"
11170,"10,64"
11171,"3,5,133"
11172,"0,271,366"
11173,"40,250,128"
11174,"23,24,38"
11175,"199,169"
11176,"10,11,221"
11177,"3,147,148"
11178,"40,128,131"
11179,"169,170,199"
11180,"10,145,44"
11181,"3,187,21"
11182,"40,131,160"
11183,"23,38,24"
11184,"169,199,170"
11185,"23,38,24"
11186,"3,68,21"
11187,"199,169,10"
11188,"3,21,13"
11189,"206,0,8"
11190,"40,402,10"
11191,"26,23,38"
11192,"0,8,216"
11193,"3,15,275"
11194,"3,4,435"
11195,"38,23,74"
11196,"23,24,49"
11197,"169,199,170"
11198,"169,199,426"
11199,"199,169,251"
11200,"10,64,93"
11201,"38,309,48"
11202,"0,206,8"
11203,"0,271,216"
11204,"3,21,200"
11205,"10,64,93"
11206,"23,175,38"
11207,"40,3,41"
11208,"10,40,93"
11209,"10,23,93"
11210,"43,24,23"
11211,"0,216,271"
11212,"0,218,457"
11213,"3,199,169"
11214,"40,131"
11215,"10,64,220"
11216,"169,199,170"
11217,"10,11,44"
11218,"40,93,170"
11219,"3,187,21"
11220,"23,24,145"
11221,"26,23,89"
11222,"49,23,24"
11223,"0,271,8"
11224,"40,131"
11225,"199,431,169"
11226,"10,220"
11227,"199,3,169"
11228,"3,15"
11229,"23,26,38"
11230,"199,169,0"
11231,"49,23,24"
11232,"0,271,216"
11233,"10,220,25"
11234,"23,26,0"
11235,"23,24,38"
11236,"40,131,128"
11237,"3,147,148"
11238,"3,17,40"
11239,"24,23,43"
11240,"3,200,21"
11241,"40,131,134"
11242,"23,38,74"
11243,"0,169,170"
11244,"10,64,44"
11245,"0,211,212"
11246,"3,200,21"
11247,"220,10"
11248,"3,21,48"
11249,"3,15"
11250,"169,199,251"
11251,"169,199,170"
11252,"0,271,216"
11253,"40,3,21"
11254,"328,23,31"
11255,"23,38,0"
11256,"10,44,145"
11257,"10,64,44"
11258,"15,3,16"
11259,"10,64,239"
11260,"10,64,0"
11261,"220,10"
11262,"199,169"
11263,"44,145,40"
11264,"3,147,156"
11265,"199,169"
11266,"40,131,128"
11267,"10,220,0"
11268,"40,131,494"
11269,"40,41,139"
11270,"0,265,271"
11271,"3,21,40"
11272,"0,206,3"
11273,"23,24,43"
11274,"0,26,23"
11275,"10,145,24"
11276,"40,175,128"
11277,"74,40,307"
11278,"0,271"
11279,"38,23,26"
11280,"169,337,170"
11281,"23,38"
11282,"44,45,145"
11283,"3,187,21"
11284,"0,211,216"
11285,"40,131,184"
11286,"44,10,45"
11287,"169,170,171"
11288,"145,44,0"
11289,"170,169,459"
11290,"10,44,145"
11291,"402,145,40"
11292,"3,4,435"
11293,"26,0,89"
11294,"32,23,31"
11295,"3,17,15"
11296,"10,64"
11297,"169,170,199"
11298,"169,3,0"
11299,"10,64"
11300,"24,23,10"
11301,"135,138,40"
11302,"3,169,199"
11303,"169,0,199"
11304,"10,64,93"
11305,"3,169,21"
11306,"3,275,148"
11307,"40,145,61"
11308,"23,38,137"
11309,"0,8,418"
11310,"3,15,200"
11311,"40,41,160"
11312,"0,265,3"
11313,"49,24,10"
11314,"138,135,40"
11315,"84,23,74"
11316,"3,148,147"
11317,"220,10"
11318,"199,169"
11319,"169,170,199"
11320,"3,4,435"
11321,"145,40,44"
11322,"0,216,271"
11323,"220,10"
11324,"181,40,323"
11325,"10,64,44"
11326,"145,44,0"
11327,"3,21,200"
11328,"0,26,40"
11329,"32,23,31"
11330,"169,296"
11331,"23,74,40"
11332,"32,23,31"
11333,"3,15,275"
11334,"169,170,171"
11335,"220,10"
11336,"3,40,148"
11337,"128,40,129"
11338,"40,3,0"
11339,"43,24,181"
11340,"169,199"
11341,"0,8,327"
11342,"171,170,169"
11343,"10,220"
11344,"3,21,200"
11345,"10,93,64"
11346,"3,40,21"
11347,"40,131,184"
11348,"169,199,170"
11349,"169,23,251"
11350,"40,21,41"
11351,"3,147,4"
11352,"0,31,328"
11353,"10,93,64"
11354,"169,170,199"
11355,"3,23,13"
11356,"3,199,169"
11357,"199,169"
11358,"0,235,8"
11359,"3,40,21"
11360,"295,135,31"
11361,"10,239,64"
11362,"38,23,24"
11363,"3,17,200"
11364,"10,44,145"
11365,"3,21,200"
11366,"220,10"
11367,"3,4,435"
11368,"49,23,24"
11369,"15,3,16"
11370,"0,271,216"
11371,"40,41,131"
11372,"3,21,148"
11373,"145,44,402"
11374,"135,40,138"
11375,"0,271,216"
11376,"3,40,21"
11377,"220,10"
11378,"0,271"
11379,"220,10"
11380,"40,131,134"
11381,"17,3,18"
11382,"0,457,218"
11383,"0,8,23"
11384,"49,24,23"
11385,"49,23,38"
11386,"26,0,23"
11387,"3,21,40"
11388,"3,169,199"
11389,"3,200,148"
11390,"10,72,44"
11391,"3,147,148"
11392,"40,131,184"
11393,"175,40,128"
11394,"402,10,145"
11395,"10,220"
11396,"199,169,40"
11397,"26,23,231"
11398,"23,38,26"
11399,"199,169,0"
11400,"199,169,251"
11401,"0,271"
11402,"40,3,23"
11403,"0,206,8"
11404,"402,40,10"
11405,"84,74,23"
11406,"147,3,156"
11407,"0,8,220"
11408,"10,220"
11409,"3,5,133"
11410,"23,74,38"
11411,"138,135,40"
11412,"3,21,148"
11413,"3,21,200"
11414,"63,23,38"
11415,"128,74,0"
11416,"113,28,3"
11417,"40,128,23"
11418,"199,169,3"
11419,"10,145,24"
11420,"169,199,170"
11421,"296,169,306"
11422,"290,23,287"
11423,"0,8,235"
11424,"40,10,23"
11425,"40,145,0"
11426,"3,0,21"
11427,"40,128,129"
11428,"49,23,24"
11429,"169,0,271"
11430,"220,10"
11431,"128,40,129"
11432,"3,21,148"
11433,"10,72,11"
11434,"220,10"
11435,"10,44,145"
11436,"40,128,129"
11437,"40,131,31"
11438,"3,4,435"
11439,"40,146,145"
11440,"40,184,131"
11441,"145,40,402"
11442,"3,147,156"
11443,"3,523,147"
11444,"402,0,145"
11445,"3,21,40"
11446,"135,40,295"
11447,"40,41,160"
11448,"199,169,0"
11449,"15,3,147"
11450,"10,64,24"
11451,"40,128,131"
11452,"3,200,21"
11453,"0,206,8"
11454,"0,23,370"
11455,"3,147,148"
11456,"10,11,169"
11457,"220,10"
11458,"3,147,148"
11459,"10,44,220"
11460,"8,0,26"
11461,"370,0,216"
11462,"3,147,148"
11463,"10,220"
11464,"3,105,23"
11465,"147,3,156"
11466,"220,10"
11467,"3,148,147"
11468,"3,15,148"
11469,"23,74,38"
11470,"199,169"
11471,"23,49,24"
11472,"3,4"
11473,"44,145,10"
11474,"44,45,145"
11475,"3,200,21"
11476,"13,20,204"
11477,"0,271,216"
11478,"3,148,147"
11479,"10,64"
11480,"71,40,23"
11481,"44,10,45"
11482,"3,148,147"
11483,"10,145,40"
11484,"199,49,169"
11485,"0,271"
11486,"220,10"
11487,"199,169"
11488,"26,23,0"
11489,"3,4,15"
11490,"3,15,187"
11491,"40,131"
11492,"49,23,24"
11493,"170,171,169"
11494,"0,211,216"
11495,"0,216,211"
11496,"23,32,38"
11497,"3,300,40"
11498,"169,199,170"
11499,"31,23,24"
11500,"0,235,8"
11501,"3,4,148"
11502,"3,148,200"
11503,"26,0,23"
11504,"3,15,17"
11505,"3,147,148"
11506,"23,38,74"
11507,"6,5,3"
11508,"3,21,301"
11509,"170,169,171"
11510,"3,15,200"
11511,"10,64,11"
11512,"3,4,148"
11513,"3,187,21"
11514,"220,10"
11515,"296,169,306"
11516,"199,169,223"
11517,"3,21,187"
11518,"40,41,128"
11519,"170,169,199"
11520,"3,41,40"
11521,"40,160,315"
11522,"40,0,128"
11523,"23,38,10"
11524,"38,23,91"
11525,"169,170,199"
11526,"220,10"
11527,"10,64,93"
11528,"40,23,128"
11529,"199,169,170"
11530,"199,169,170"
11531,"3,147,148"
11532,"40,0,3"
11533,"3,4,435"
11534,"10,11,64"
11535,"199,169,3"
11536,"26,38,23"
11537,"44,10,145"
11538,"145,44,73"
11539,"10,11,69"
11540,"3,287,53"
11541,"44,145,23"
11542,"169,0,170"
11543,"10,64,93"
11544,"40,41,135"
11545,"44,145,45"
11546,"3,170,169"
11547,"3,147,148"
11548,"40,23,131"
11549,"40,131,128"
11550,"40,131,134"
11551,"10,40,23"
11552,"40,128,129"
11553,"138,135,40"
11554,"23,24,131"
11555,"231,26,23"
11556,"3,21,187"
11557,"10,64,93"
11558,"38,23"
11559,"3,21,200"
11560,"3,148,147"
11561,"220,10"
11562,"3,40,72"
11563,"0,8,271"
11564,"3,307,17"
11565,"40,131"
11566,"220,10,0"
11567,"40,128,129"
11568,"0,271,265"
11569,"40,3,17"
11570,"199,169,23"
11571,"49,23,24"
11572,"10,11,44"
11573,"84,23,74"
11574,"206,0,8"
11575,"0,59,265"
11576,"23,24,40"
11577,"199,169,10"
11578,"170,187,3"
11579,"3,147,148"
11580,"0,271,26"
11581,"0,169,199"
11582,"23,24,38"
11583,"3,4,200"
11584,"3,21,200"
11585,"3,147,148"
11586,"23,118,74"
11587,"3,15"
11588,"0,271,8"
11589,"3,147,200"
11590,"10,64"
11591,"40,315,160"
11592,"199,169"
11593,"145,0,216"
11594,"0,10,8"
11595,"199,169,170"
11596,"199,10,169"
11597,"10,64,24"
11598,"3,21,148"
11599,"10,24,239"
11600,"23,74,38"
11601,"199,169,40"
11602,"3,187,21"
11603,"38,23,74"
11604,"10,64"
11605,"0,271,265"
11606,"40,160,315"
11607,"234,60,10"
11608,"0,271"
11609,"3,71,10"
11610,"40,41,139"
11611,"10,181,40"
11612,"3,21,200"
11613,"10,93,64"
11614,"3,40,21"
11615,"0,313,271"
11616,"3,17,21"
11617,"40,131,23"
11618,"71,23,24"
11619,"40,128,131"
11620,"40,131,145"
11621,"199,169"
11622,"3,41,40"
11623,"74,23,38"
11624,"3,17,200"
11625,"72,44,145"
11626,"38,23,39"
11627,"0,10,220"
11628,"3,21,40"
11629,"169,199,0"
11630,"40,129,128"
11631,"23,38,24"
11632,"3,147,148"
11633,"220,10"
11634,"23,74,118"
11635,"145,10,23"
11636,"3,21,200"
11637,"10,44,11"
11638,"23,38,24"
11639,"23,40,38"
11640,"3,10,21"
11641,"10,93,64"
11642,"49,23,24"
11643,"71,23,24"
11644,"3,147,148"
11645,"145,24,10"
11646,"40,131"
11647,"225,120,169"
11648,"3,200,53"
11649,"40,131,134"
11650,"11,10,109"
11651,"3,21,17"
11652,"0,8,271"
11653,"0,211,216"
11654,"24,43,23"
11655,"10,44,220"
11656,"40,131"
11657,"3,21,200"
11658,"3,4,200"
11659,"26,23,0"
11660,"3,4,435"
11661,"220,10"
11662,"24,23,43"
11663,"220,10"
11664,"3,187,21"
11665,"3,17,21"
11666,"10,220,64"
11667,"138,40,135"
11668,"10,11,69"
11669,"169,170,274"
11670,"3,17,21"
11671,"38,23,74"
11672,"23,38,74"
11673,"74,23,303"
11674,"23,62,24"
11675,"169,170,426"
11676,"170,459,169"
11677,"169,199,170"
11678,"271,0"
11679,"0,271"
11680,"10,24,64"
11681,"24,23,145"
11682,"220,10"
11683,"181,10,323"
11684,"169,199,181"
11685,"169,199,40"
11686,"123,111,3"
11687,"40,3,128"
11688,"23,10,24"
11689,"3,21,200"
11690,"3,23,74"
11691,"23,71,24"
11692,"10,181,64"
11693,"3,4"
11694,"0,271,218"
11695,"5,3,6"
11696,"199,169,0"
11697,"0,211,212"
11698,"0,346,313"
11699,"3,4,435"
11700,"169,170"
11701,"3,147,148"
11702,"0,169,216"
11703,"145,402,40"
11704,"402,10,145"
11705,"3,21,148"
11706,"3,147,148"
11707,"17,3,18"
11708,"24,49,23"
11709,"0,211,212"
11710,"138,135,40"
11711,"4,3,435"
11712,"40,23,24"
11713,"10,93,64"
11714,"10,93,64"
11715,"3,40,128"
11716,"199,169,323"
11717,"40,131,128"
11718,"199,169"
11719,"26,23,38"
11720,"3,21,40"
11721,"3,200,21"
11722,"3,275,68"
11723,"10,24,23"
11724,"40,3,53"
11725,"0,3,40"
11726,"337,169,170"
11727,"11,10,69"
11728,"123,111,40"
11729,"25,10,24"
11730,"3,4,435"
11731,"0,26,38"
11732,"40,131,128"
11733,"40,131,134"
11734,"169,170,3"
11735,"31,23,24"
11736,"3,148,21"
11737,"23,74,38"
11738,"206,8,0"
11739,"0,40,145"
11740,"220,10"
11741,"3,148,147"
11742,"3,147,148"
11743,"169,170,199"
11744,"3,21,301"
11745,"3,147,148"
11746,"3,199,169"
11747,"3,17,200"
11748,"3,15,147"
11749,"199,169"
11750,"40,128,186"
11751,"169,199,0"
11752,"3,21,200"
11753,"44,72,10"
11754,"23,31,96"
11755,"43,24,23"
11756,"10,24,11"
11757,"23,31,96"
11758,"10,64"
11759,"169,199,10"
11760,"23,38,94"
11761,"118,23,40"
11762,"3,21,40"
11763,"3,200,111"
11764,"3,147,148"
11765,"3,17,200"
11766,"0,211,216"
11767,"3,21,301"
11768,"3,15,16"
11769,"199,169,23"
11770,"3,21,200"
11771,"3,21,148"
11772,"15,3"
11773,"169,337,3"
11774,"169,199,160"
11775,"40,131,241"
11776,"10,64"
11777,"3,199,169"
11778,"10,64"
11779,"10,11,69"
11780,"10,64"
11781,"170,169,72"
11782,"199,169,170"
11783,"49,23,24"
11784,"24,23,43"
11785,"72,44,23"
11786,"169,199"
11787,"3,4,435"
11788,"181,10,24"
11789,"40,131"
11790,"147,3,156"
11791,"129,128,40"
11792,"23,24,38"
11793,"23,26,10"
11794,"23,38,24"
11795,"129,128,169"
11796,"38,23,74"
11797,"10,11,44"
11798,"38,23"
11799,"40,3,189"
11800,"0,235,8"
11801,"3,21,200"
11802,"3,49,21"
11803,"3,4,200"
11804,"3,147,148"
11805,"3,21,200"
11806,"3,21,199"
11807,"23,175,38"
11808,"23,345,24"
11809,"10,64,44"
11810,"40,3,128"
11811,"402,25,40"
11812,"3,147,148"
11813,"3,17,40"
11814,"145,44,40"
11815,"40,131,184"
11816,"40,250,128"
11817,"4,3,7"
11818,"10,11,69"
11819,"169,199,0"
11820,"3,21,200"
11821,"40,494,151"
11822,"0,26,169"
11823,"220,10"
11824,"0,271"
11825,"3,147,148"
11826,"23,145,24"
11827,"0,218,216"
11828,"40,307,74"
11829,"234,10,60"
11830,"3,10,11"
11831,"169,199,171"
11832,"220,10,145"
11833,"3,147,148"
11834,"0,271,216"
11835,"128,195,0"
11836,"0,271,8"
11837,"0,26,271"
11838,"40,131,134"
11839,"3,21,200"
11840,"40,250,38"
11841,"3,4,375"
11842,"72,44,23"
11843,"0,216,271"
11844,"8,0,26"
11845,"24,43,23"
11846,"38,23,74"
11847,"199,169,49"
11848,"0,216,218"
11849,"145,10,44"
11850,"118,23,74"
11851,"0,346,313"
11852,"0,216,271"
11853,"0,271,8"
11854,"3,170,169"
11855,"10,220"
11856,"44,61,72"
11857,"10,64"
11858,"3,111,148"
11859,"23,32,31"
11860,"0,218,457"
11861,"10,11,489"
11862,"23,74,38"
11863,"10,220"
11864,"169,199,3"
11865,"40,160,315"
11866,"145,44,40"
11867,"431,199,169"
11868,"10,64,90"
11869,"3,17,21"
11870,"3,21,301"
11871,"145,0,44"
11872,"3,4,435"
11873,"44,145,45"
11874,"3,17"
11875,"0,271,265"
11876,"23,74,38"
11877,"15,3,16"
11878,"206,8,0"
11879,"160,315,40"
11880,"40,10,131"
11881,"40,128,129"
11882,"138,169,135"
11883,"169,199,170"
11884,"0,235,8"
11885,"0,26,216"
11886,"170,3,169"
11887,"206,8,0"
11888,"3,4"
11889,"3,21,40"
11890,"0,8,327"
11891,"220,10"
11892,"3,17,21"
11893,"296,169"
11894,"49,199,169"
11895,"169,26,0"
11896,"220,10"
11897,"220,10"
11898,"10,11,69"
11899,"3,17,21"
11900,"169,199"
11901,"170,3,169"
11902,"171,170,169"
11903,"169,199,426"
11904,"3,21,40"
11905,"10,11,24"
11906,"44,145,45"
11907,"10,64,93"
11908,"3,17,200"
11909,"40,135,138"
11910,"169,170,40"
11911,"3,15,200"
11912,"4,435,3"
11913,"62,10,23"
11914,"31,10,23"
11915,"23,26,74"
11916,"23,74,40"
11917,"10,93,64"
11918,"44,145,10"
11919,"10,64,220"
11920,"23,38,24"
11921,"3,21,17"
11922,"3,21,301"
11923,"63,23,38"
11924,"169,170,199"
11925,"13,3,14"
11926,"40,74,307"
11927,"38,26,103"
11928,"0,271,265"
11929,"3,4,200"
11930,"23,38,74"
11931,"26,23,0"
11932,"169,296"
11933,"0,211,216"
11934,"3,113,53"
11935,"3,147,148"
11936,"23,24,38"
11937,"431,199,40"
11938,"40,131"
11939,"3,17,21"
11940,"3,21,301"
11941,"40,131,135"
11942,"147,148,3"
11943,"40,23,135"
11944,"10,64,93"
11945,"11,10,69"
11946,"3,4,200"
11947,"199,169"
11948,"145,44,40"
11949,"40,135,41"
11950,"10,44,72"
11951,"10,44,220"
11952,"38,309,23"
11953,"220,10"
11954,"3,200,21"
11955,"0,216,169"
11956,"23,38,74"
11957,"10,60,64"
11958,"40,160,128"
11959,"3,15,200"
11960,"40,23,145"
11961,"169,199,3"
11962,"71,23,10"
11963,"0,229,230"
11964,"0,211,216"
11965,"147,3,225"
11966,"296,169,118"
11967,"3,200,4"
11968,"23,38,71"
11969,"10,64,24"
11970,"169,199,170"
11971,"10,64,24"
11972,"145,44,10"
11973,"206,0,8"
11974,"199,169"
11975,"40,128,186"
11976,"23,26,38"
11977,"169,170,199"
11978,"169,199,170"
11979,"24,145,23"
11980,"187,3,21"
11981,"38,23,74"
11982,"169,170,426"
11983,"0,271"
11984,"199,26,89"
11985,"170,3,169"
11986,"138,135,40"
11987,"145,44,10"
11988,"40,131,134"
11989,"0,8,206"
11990,"3,21,200"
11991,"3,188,147"
11992,"40,3,17"
11993,"3,301,10"
11994,"199,169"
11995,"0,271"
11996,"10,220,11"
11997,"40,131"
11998,"220,10,0"
11999,"3,21,200"
12000,"10,64,90"
12001,"40,402,23"
12002,"3,21,200"
12003,"40,146,145"
12004,"3,147,148"
12005,"128,130,40"
12006,"3,21,148"
12007,"170,169,3"
12008,"147,3,148"
12009,"44,49,72"
12010,"40,131"
12011,"38,40,23"
12012,"3,147,148"
12013,"3,53,287"
12014,"169,170,459"
12015,"0,26,271"
12016,"40,184,3"
12017,"3,17,4"
12018,"24,10,23"
12019,"3,4,200"
12020,"40,128,41"
12021,"23,131,40"
12022,"40,184,128"
12023,"3,200,17"
12024,"3,148,147"
12025,"4,3,7"
12026,"26,23,89"
12027,"145,40,44"
12028,"169,199,170"
12029,"31,23,169"
12030,"84,74,23"
12031,"40,128,41"
12032,"3,187,21"
12033,"40,131,193"
12034,"0,216"
12035,"3,199,169"
12036,"0,8,26"
12037,"44,10,24"
12038,"48,38,23"
12039,"3,68,21"
12040,"3,5,133"
12041,"309,38,23"
12042,"26,0,23"
12043,"23,38,24"
12044,"0,271,26"
12045,"38,23,74"
12046,"3,4,435"
12047,"199,169"
12048,"23,24,10"
12049,"10,64,93"
12050,"170,171,169"
12051,"0,211,265"
12052,"24,23,40"
12053,"3,200,21"
12054,"3,21,200"
12055,"26,8,0"
12056,"171,170,169"
12057,"23,74,38"
12058,"220,10"
12059,"3,147,148"
12060,"402,145,40"
12061,"40,131"
12062,"3,187,21"
12063,"23,38,24"
12064,"3,17,200"
12065,"10,64,90"
12066,"44,145,45"
12067,"23,24,43"
12068,"3,148,200"
12069,"10,11,44"
12070,"0,26,216"
12071,"0,216,211"
12072,"40,131,160"
12073,"145,44,45"
12074,"10,64"
12075,"17,10,3"
12076,"199,169,10"
12077,"10,11,44"
12078,"3,21,200"
12079,"40,131"
12080,"3,17,40"
12081,"10,64,93"
12082,"402,145,40"
12083,"10,11,44"
12084,"147,3,148"
12085,"23,40,74"
12086,"10,64"
12087,"10,64,11"
12088,"3,200,21"
12089,"170,169"
12090,"3,15,147"
12091,"40,160,315"
12092,"3,21,148"
12093,"220,10"
12094,"3,21,301"
12095,"23,24,43"
12096,"199,23,38"
12097,"0,211,8"
12098,"0,26,350"
12099,"0,271"
12100,"3,148,147"
12101,"49,23,24"
12102,"40,23,38"
12103,"40,41,21"
12104,"0,8"
12105,"10,64"
12106,"3,40,21"
12107,"3,21,17"
12108,"3,17,21"
12109,"23,38,24"
12110,"23,32,74"
12111,"10,64,93"
12112,"296,169"
12113,"3,21,200"
12114,"0,216,169"
12115,"181,10,43"
12116,"145,44,40"
12117,"328,40,10"
12118,"0,271,280"
12119,"10,93,64"
12120,"43,24,23"
12121,"0,211,1"
12122,"24,43,23"
12123,"0,169,271"
12124,"23,24,43"
12125,"0,8,235"
12126,"26,23,89"
12127,"3,21,17"
12128,"49,23,24"
12129,"3,21,200"
12130,"3,21,200"
12131,"10,40,3"
12132,"234,10,60"
12133,"40,160,41"
12134,"40,145,146"
12135,"71,72,23"
12136,"24,43,23"
12137,"0,38,23"
12138,"10,23,24"
12139,"3,21,187"
12140,"0,271"
12141,"220,10"
12142,"0,8,26"
12143,"145,44,23"
12144,"199,169,23"
12145,"199,169,3"
12146,"10,64"
12147,"169,199,145"
12148,"0,216,26"
12149,"10,220"
12150,"0,271"
12151,"24,43,23"
12152,"402,145,40"
12153,"24,23,43"
12154,"38,23,39"
12155,"43,24,23"
12156,"40,135,138"
12157,"145,10,24"
12158,"10,24,60"
12159,"40,128,160"
12160,"40,131,134"
12161,"170,169,171"
12162,"271,0"
12163,"220,10"
12164,"0,271"
12165,"199,169,40"
12166,"40,41,224"
12167,"138,135,40"
12168,"40,131,128"
12169,"32,31,23"
12170,"10,64,93"
12171,"40,41,224"
12172,"40,128,131"
12173,"10,323,181"
12174,"49,24,23"
12175,"118,23,74"
12176,"23,74,404"
12177,"3,15,200"
12178,"40,160,315"
12179,"3,10,21"
12180,"169,199,170"
12181,"0,271,218"
12182,"128,129,40"
12183,"307,74,23"
12184,"40,26,23"
12185,"26,0,231"
12186,"0,271,265"
12187,"3,0,28"
12188,"40,131,142"
12189,"0,279,249"
12190,"15,3,16"
12191,"0,26,271"
12192,"3,17,21"
12193,"38,48,309"
12194,"169,170,296"
12195,"38,0,23"
12196,"3,147,148"
12197,"89,26,23"
12198,"0,216,370"
12199,"40,131,241"
12200,"8,0,206"
12201,"3,21,200"
12202,"128,129,40"
12203,"44,10,145"
12204,"23,24,13"
12205,"3,68,53"
12206,"169,170,199"
12207,"15,3,16"
12208,"26,89,0"
12209,"0,366,216"
12210,"3,15,16"
12211,"44,145,45"
12212,"3,4,435"
12213,"40,128,41"
12214,"0,8,216"
12215,"3,17,21"
12216,"3,170,169"
12217,"169,170,337"
12218,"40,131"
12219,"15,3,16"
12220,"199,3,169"
12221,"0,271,211"
12222,"26,23,169"
12223,"0,271,216"
12224,"3,4"
12225,"23,26,38"
12226,"0,169,216"
12227,"3,5,133"
12228,"145,40,44"
12229,"40,41,224"
12230,"3,15"
12231,"3,523,53"
12232,"199,169,3"
12233,"38,23,40"
12234,"3,21,41"
12235,"234,10,60"
12236,"3,21,200"
12237,"3,187,21"
12238,"10,64"
12239,"40,41,135"
12240,"271,0"
12241,"3,21,200"
12242,"199,23,169"
12243,"3,17,18"
12244,"10,64,40"
12245,"23,38,24"
12246,"40,131,128"
12247,"0,271,216"
12248,"40,184,131"
12249,"199,0,169"
12250,"3,147,148"
12251,"23,24,49"
12252,"40,199,169"
12253,"3,111,267"
12254,"220,10"
12255,"0,271,255"
12256,"40,10,93"
12257,"40,494,184"
12258,"31,23,328"
12259,"0,169,337"
12260,"23,38,26"
12261,"38,23,10"
12262,"23,24,10"
12263,"386,135,40"
12264,"0,271,211"
12265,"169,199,0"
12266,"44,145,25"
12267,"3,21"
12268,"24,23,43"
12269,"145,40,402"
12270,"40,145,131"
12271,"431,40,135"
12272,"118,23,74"
12273,"0,271,218"
12274,"40,184,131"
12275,"10,44,11"
12276,"3,4,435"
12277,"24,23,10"
12278,"49,23,24"
12279,"3,147,21"
12280,"0,229,218"
12281,"40,160,315"
12282,"169,0,170"
12283,"3,147,148"
12284,"23,74,20"
12285,"0,271,1"
12286,"138,169,135"
12287,"220,10,3"
12288,"23,24,31"
12289,"145,40,402"
12290,"10,24,64"
12291,"3,169,170"
12292,"10,220"
12293,"40,131"
12294,"38,23"
12295,"40,131"
12296,"3,21,301"
12297,"32,23,31"
12298,"309,48,40"
12299,"10,24,23"
12300,"0,271,40"
12301,"10,64,11"
12302,"10,23,24"
12303,"184,40,185"
12304,"10,93,64"
12305,"0,218,271"
12306,"181,145,10"
12307,"23,24,71"
12308,"0,271,216"
12309,"129,128,40"
12310,"128,40,129"
12311,"48,10,23"
12312,"3,4,435"
12313,"3,40,301"
12314,"59,10,0"
12315,"40,131"
12316,"169,199"
12317,"0,271,8"
12318,"10,72,44"
12319,"40,131,134"
12320,"3,40,148"
12321,"3,111,200"
12322,"26,89,23"
12323,"23,169,199"
12324,"3,147,148"
12325,"23,74,38"
12326,"128,195,10"
12327,"224,41,40"
12328,"3,40,17"
12329,"0,26,8"
12330,"40,135,295"
12331,"0,211,26"
12332,"169,199,170"
12333,"145,23,38"
12334,"10,11,221"
12335,"23,0,38"
12336,"3,148,147"
12337,"40,131"
12338,"0,3,17"
12339,"0,169,216"
12340,"3,147,148"
12341,"426,23,169"
12342,"170,169,171"
12343,"0,216,271"
12344,"40,128,3"
12345,"128,129,40"
12346,"3,199,169"
12347,"10,220"
12348,"3,4,435"
12349,"23,24,38"
12350,"40,128,0"
12351,"23,84,74"
12352,"3,147,148"
12353,"160,3,40"
12354,"10,11,69"
12355,"0,265,271"
12356,"206,0,8"
12357,"170,169,3"
12358,"23,38,26"
12359,"10,220"
12360,"199,169,170"
12361,"40,131"
12362,"3,68,200"
12363,"0,8,218"
12364,"40,128,21"
12365,"49,23,24"
12366,"3,147,148"
12367,"10,11,72"
12368,"3,21,13"
12369,"40,41,286"
12370,"181,24,43"
12371,"199,169"
12372,"40,131,241"
12373,"0,218,457"
12374,"3,147,148"
12375,"40,145,23"
12376,"3,4,435"
12377,"40,128,250"
12378,"220,10"
12379,"3,5,133"
12380,"0,265,340"
12381,"40,41,3"
12382,"0,218,216"
12383,"170,171,169"
12384,"169,296,170"
12385,"40,128,186"
12386,"145,40,402"
12387,"3,40,68"
12388,"3,6,120"
12389,"169,31,199"
12390,"199,169,251"
12391,"10,64,323"
12392,"169,337,170"
12393,"199,169"
12394,"40,128,129"
12395,"145,44,45"
12396,"10,44,72"
12397,"169,170,337"
12398,"0,10,8"
12399,"199,169,431"
12400,"38,23"
12401,"145,44,40"
12402,"40,128,41"
12403,"3,199,169"
12404,"145,44,40"
12405,"32,23,31"
12406,"38,23,10"
12407,"199,169"
12408,"10,49,24"
12409,"169,170,0"
12410,"40,41,224"
12411,"0,271"
12412,"145,402,44"
12413,"3,147,148"
12414,"40,10,11"
12415,"181,323,10"
12416,"3,21,200"
12417,"3,200,21"
12418,"40,160,315"
12419,"199,169,251"
12420,"0,211,216"
12421,"49,169,24"
12422,"23,40,38"
12423,"23,38,24"
12424,"40,145,131"
12425,"4,3,435"
12426,"328,10,40"
12427,"0,40,8"
12428,"40,131,3"
12429,"24,23,43"
12430,"23,74,38"
12431,"3,147,148"
12432,"220,10"
12433,"40,184,131"
12434,"0,1,169"
12435,"40,3,21"
12436,"23,26,38"
12437,"3,21,200"
12438,"40,160,128"
12439,"23,38,26"
12440,"40,41"
12441,"3,40,146"
12442,"199,169,3"
12443,"10,11,69"
12444,"3,15,200"
12445,"220,10"
12446,"3,28,330"
12447,"3,4,200"
12448,"44,145,10"
12449,"74,23,38"
12450,"3,4,200"
12451,"3,13,10"
12452,"0,59,24"
12453,"145,44,0"
12454,"220,10"
12455,"10,145,44"
12456,"40,131,134"
12457,"220,10"
12458,"3,21,148"
12459,"0,216,370"
12460,"199,169"
12461,"38,23,39"
12462,"40,128,195"
12463,"169,170,337"
12464,"3,21,200"
12465,"3,147,156"
12466,"0,265,340"
12467,"3,4,147"
12468,"3,147,148"
12469,"169,3,199"
12470,"0,271"
12471,"26,0,89"
12472,"169,199,170"
12473,"0,206,8"
12474,"199,169,0"
12475,"40,184,368"
12476,"23,74,118"
12477,"3,4,200"
12478,"72,44,10"
12479,"23,74,38"
12480,"24,23,43"
12481,"40,131,128"
12482,"128,40,130"
12483,"38,23,74"
12484,"3,111,148"
12485,"169,199,251"
12486,"0,271"
12487,"38,23,40"
12488,"169,199,170"
12489,"3,187,21"
12490,"23,26,38"
12491,"3,147,148"
12492,"138,135,169"
12493,"199,169"
12494,"40,10,181"
12495,"10,239,64"
12496,"10,220"
12497,"3,40,21"
12498,"72,10,44"
12499,"3,4,435"
12500,"10,64"
12501,"23,74,38"
12502,"0,8,26"
12503,"118,23,74"
12504,"3,187,199"
12505,"3,199,169"
12506,"71,23,24"
12507,"40,184,128"
12508,"3,15,200"
12509,"0,271,26"
12510,"0,271,265"
12511,"169,170,199"
12512,"3,15,147"
12513,"40,3,21"
12514,"40,128,130"
12515,"23,26,0"
12516,"40,160,3"
12517,"3,21,148"
12518,"169,170,3"
12519,"3,21,200"
12520,"10,64"
12521,"3,200,21"
12522,"0,211,212"
12523,"23,62,38"
12524,"145,44,24"
12525,"10,64,11"
12526,"0,235,8"
12527,"0,271,216"
12528,"315,160,40"
12529,"15,3,16"
12530,"38,23,74"
12531,"32,23,31"
12532,"23,49,24"
12533,"23,38,220"
12534,"3,148,147"
12535,"23,24,62"
12536,"10,11,59"
12537,"40,3,41"
12538,"3,21,148"
12539,"0,271,216"
12540,"128,40,130"
12541,"337,169,170"
12542,"10,11,69"
12543,"206,8,0"
12544,"23,38,74"
12545,"23,74,84"
12546,"10,145,44"
12547,"3,28,330"
12548,"3,200,15"
12549,"3,4,435"
12550,"145,146,502"
12551,"3,4,183"
12552,"40,49,145"
12553,"296,169,306"
12554,"3,21,200"
12555,"3,147,148"
12556,"169,170"
12557,"199,431,169"
12558,"23,145,38"
12559,"0,145,40"
12560,"0,271,218"
12561,"128,129,40"
12562,"32,23,31"
12563,"0,59,10"
12564,"49,23,24"
12565,"0,59,10"
12566,"431,199,169"
12567,"0,271,366"
12568,"0,216,271"
12569,"0,216,271"
12570,"309,23,38"
12571,"10,11,44"
12572,"169,199,3"
12573,"23,38,24"
12574,"40,41,135"
12575,"3,147,148"
12576,"40,3,21"
12577,"3,21,200"
12578,"49,23,38"
12579,"23,38,26"
12580,"44,145,45"
12581,"44,10,72"
12582,"3,200,147"
12583,"23,38,24"
12584,"3,147,148"
12585,"40,131,128"
12586,"3,17,21"
12587,"3,4,435"
12588,"3,147,148"
12589,"0,211,212"
12590,"3,200,21"
12591,"17,40,3"
12592,"0,26,271"
12593,"3,147,148"
12594,"40,131,128"
12595,"23,118,74"
12596,"40,131"
12597,"199,169"
12598,"3,15"
12599,"3,21,200"
12600,"3,21,200"
12601,"26,0,23"
12602,"49,23,24"
12603,"0,216,265"
12604,"38,309,48"
12605,"0,271,216"
12606,"10,64"
12607,"0,265,271"
12608,"40,128,49"
12609,"0,271,216"
12610,"23,145,10"
12611,"3,21,148"
12612,"26,350,23"
12613,"3,40,224"
12614,"3,147,15"
12615,"3,40,21"
12616,"0,216,211"
12617,"3,147,148"
12618,"0,211,271"
12619,"3,147,148"
12620,"3,5,331"
12621,"402,145,40"
12622,"23,38,40"
12623,"366,0,271"
12624,"10,11,221"
12625,"72,44,10"
12626,"328,402,49"
12627,"169,199,23"
12628,"345,23,38"
12629,"0,216,208"
12630,"3,147,148"
12631,"181,10,24"
12632,"0,216,279"
12633,"0,271"
12634,"3,15,16"
12635,"3,21,40"
12636,"3,200,148"
12637,"40,131,139"
12638,"0,271,10"
12639,"3,15,16"
12640,"3,0,4"
12641,"3,21,200"
12642,"40,23,118"
12643,"38,309,23"
12644,"23,74,38"
12645,"23,24,49"
12646,"169,23,74"
12647,"3,21,28"
12648,"10,169,64"
12649,"40,41,21"
12650,"0,218,8"
12651,"3,200,21"
12652,"402,145,40"
12653,"3,21,128"
12654,"3,53,17"
12655,"337,169,339"
12656,"0,265,216"
12657,"3,187,15"
12658,"0,271,216"
12659,"23,74,38"
12660,"145,402,10"
12661,"3,147,148"
12662,"146,283,23"
12663,"3,4,435"
12664,"23,38,24"
12665,"10,64,221"
12666,"3,40,181"
12667,"220,10"
12668,"40,131,139"
12669,"40,23,10"
12670,"0,271"
12671,"145,44,23"
12672,"3,17,200"
12673,"234,10,23"
12674,"10,44,11"
12675,"84,23,74"
12676,"40,41,21"
12677,"3,199,169"
12678,"10,64,93"
12679,"3,21,148"
12680,"40,131,134"
12681,"199,169,24"
12682,"0,26,8"
12683,"23,38,24"
12684,"23,24,59"
12685,"169,199,170"
12686,"199,169"
12687,"509,0,218"
12688,"26,89,23"
12689,"169,296,199"
12690,"169,199,170"
12691,"220,10,145"
12692,"3,4,435"
12693,"10,64"
12694,"199,169"
12695,"10,220,44"
12696,"3,40,21"
12697,"3,40,21"
12698,"0,271"
12699,"199,169"
12700,"40,41,21"
12701,"23,49,24"
12702,"3,21,200"
12703,"160,40,315"
12704,"0,271"
12705,"40,131"
12706,"40,128,131"
12707,"3,53,10"
12708,"26,23,89"
12709,"44,231,145"
12710,"10,64,93"
12711,"23,24,43"
12712,"44,10,24"
12713,"10,220,44"
12714,"3,147,0"
12715,"0,271,216"
12716,"40,128,131"
12717,"3,111,200"
12718,"169,170,337"
12719,"10,220"
12720,"40,160,315"
12721,"169,3,170"
12722,"3,147,148"
12723,"17,3,40"
12724,"40,160,131"
12725,"23,74,38"
12726,"145,44,40"
12727,"129,128,40"
12728,"3,40,48"
12729,"44,145,40"
12730,"23,38,26"
12731,"0,370,216"
12732,"0,313,346"
12733,"199,169"
12734,"199,3,169"
12735,"224,40,41"
12736,"71,23,24"
12737,"118,74,23"
12738,"26,0,350"
12739,"3,40,21"
12740,"3,148,147"
12741,"199,169,220"
12742,"0,271"
12743,"23,96,328"
12744,"17,3,40"
12745,"10,64,90"
12746,"40,131"
12747,"0,271,218"
12748,"0,23,418"
12749,"40,131,128"
12750,"0,216,271"
12751,"10,11,69"
12752,"0,271,216"
12753,"23,31,40"
12754,"0,271"
12755,"38,23,40"
12756,"10,43,24"
12757,"49,23,24"
12758,"170,169,3"
12759,"40,128,49"
12760,"0,23,26"
12761,"3,4,435"
12762,"3,17,18"
12763,"235,0,8"
12764,"169,199"
12765,"206,0,8"
12766,"24,23,43"
12767,"4,3,435"
12768,"10,220"
12769,"10,64"
12770,"23,38,74"
12771,"145,44,23"
12772,"0,235,8"
12773,"118,23,74"
12774,"3,523,147"
12775,"169,199,3"
12776,"220,10"
12777,"3,21,200"
12778,"23,24,43"
12779,"3,21,200"
12780,"0,10,216"
12781,"3,147,148"
12782,"10,64,93"
12783,"10,64,11"
12784,"15,3,16"
12785,"24,43,23"
12786,"3,147,148"
12787,"199,169,3"
12788,"0,271"
12789,"169,170,199"
12790,"169,170,0"
12791,"10,64,370"
12792,"23,38,26"
12793,"3,147,148"
12794,"3,4,435"
12795,"38,23,74"
12796,"49,24,23"
12797,"145,10,44"
12798,"199,169,426"
12799,"3,4,148"
12800,"328,40,129"
12801,"3,15,46"
12802,"3,68,199"
12803,"10,24,64"
12804,"199,169,181"
12805,"3,147,148"
12806,"0,8,216"
12807,"10,64,11"
12808,"3,15,147"
12809,"169,170"
12810,"0,279,211"
12811,"169,199,0"
12812,"10,64,93"
12813,"0,8,235"
12814,"10,64,26"
12815,"40,3,41"
12816,"10,3,53"
12817,"3,200,148"
12818,"170,169,171"
12819,"0,206,369"
12820,"169,199,170"
12821,"3,187,21"
12822,"169,199,38"
12823,"21,3,40"
12824,"169,170,32"
12825,"49,23,24"
12826,"40,131"
12827,"199,169"
12828,"199,169,251"
12829,"3,21,200"
12830,"10,64,23"
12831,"17,3,18"
12832,"10,72,44"
12833,"3,224,161"
12834,"3,21,200"
12835,"0,26,23"
12836,"10,93,64"
12837,"3,15,17"
12838,"40,41,3"
12839,"220,10"
12840,"3,15,148"
12841,"0,216,313"
12842,"23,74,71"
12843,"23,40,74"
12844,"3,17,200"
12845,"23,26,38"
12846,"23,40,74"
12847,"3,4,148"
12848,"3,364,28"
12849,"10,220"
12850,"128,40,129"
12851,"3,148,200"
12852,"3,4,375"
12853,"40,41,128"
12854,"145,44,40"
12855,"169,199,170"
12856,"72,44,10"
12857,"0,265,271"
12858,"3,0,21"
12859,"10,220"
12860,"169,0,199"
12861,"3,4,435"
12862,"3,15,16"
12863,"0,271,265"
12864,"199,3,169"
12865,"3,21,148"
12866,"220,10"
12867,"10,64,11"
12868,"3,40,21"
12869,"0,8,206"
12870,"17,3"
12871,"40,328,402"
12872,"199,169,3"
12873,"10,64"
12874,"38,23"
12875,"0,26,271"
12876,"44,23,45"
12877,"3,4,435"
12878,"220,10"
12879,"3,17,200"
12880,"0,8,206"
12881,"3,147,148"
12882,"32,169,147"
12883,"40,131,184"
12884,"10,0,229"
12885,"170,171,169"
12886,"15,3,16"
12887,"40,250,128"
12888,"40,3,41"
12889,"3,200,21"
12890,"26,23,89"
12891,"3,147,148"
12892,"169,0,199"
12893,"118,74,23"
12894,"0,271,26"
12895,"40,41,128"
12896,"26,23,169"
12897,"169,199,170"
12898,"0,8,391"
12899,"169,426,508"
12900,"40,131,128"
12901,"3,199,21"
12902,"199,169,3"
12903,"0,271,366"
12904,"10,40,414"
12905,"24,23,43"
12906,"10,145,402"
12907,"199,169,40"
12908,"40,131"
12909,"44,23,145"
12910,"53,3,40"
12911,"26,89,23"
12912,"3,21,187"
12913,"3,147,148"
12914,"24,23,43"
12915,"3,187,21"
12916,"24,43,23"
12917,"206,8,0"
12918,"23,40,74"
12919,"24,23,10"
12920,"32,31,23"
12921,"145,44,10"
12922,"3,147,15"
12923,"199,169,223"
12924,"138,135,40"
12925,"220,10"
12926,"23,38,74"
12927,"40,169,494"
12928,"147,3,148"
12929,"3,40,148"
12930,"25,23,38"
12931,"0,23,38"
12932,"0,8,206"
12933,"199,0,169"
12934,"3,21,28"
12935,"220,10"
12936,"23,74,38"
12937,"0,206,8"
12938,"3,4,435"
12939,"145,40,0"
12940,"0,271"
12941,"169,171,170"
12942,"10,44,24"
12943,"0,265,340"
12944,"10,11,64"
12945,"220,10"
12946,"10,64,93"
12947,"23,10,38"
12948,"3,200,148"
12949,"169,0,199"
12950,"3,4,435"
12951,"10,220,145"
12952,"3,21,40"
12953,"3,523,147"
12954,"10,44,145"
12955,"3,4,435"
12956,"170,171,169"
12957,"49,23,24"
12958,"40,128,129"
12959,"0,8,313"
12960,"40,23,74"
12961,"169,199,170"
12962,"0,218,271"
12963,"74,23,38"
12964,"89,26,23"
12965,"3,21,40"
12966,"24,23,145"
12967,"3,147,148"
12968,"40,160,315"
12969,"3,21,17"
12970,"23,38,74"
12971,"40,146,145"
12972,"169,199,426"
12973,"10,220,59"
12974,"26,23,231"
12975,"169,296"
12976,"0,271"
12977,"40,128,130"
12978,"40,3,17"
12979,"3,4,170"
12980,"3,21,200"
12981,"40,131,241"
12982,"23,74,40"
12983,"10,93,64"
12984,"169,170,3"
12985,"0,271,211"
12986,"40,250,128"
12987,"3,21,200"
12988,"49,23,24"
12989,"206,23,8"
12990,"169,199,170"
12991,"40,402,328"
12992,"145,44,24"
12993,"0,199,169"
12994,"0,10,8"
12995,"10,23,44"
12996,"3,40,21"
12997,"43,23,24"
12998,"145,402,40"
12999,"43,24,23"
13000,"3,21,200"
13001,"170,169,160"
13002,"3,21,200"
13003,"3,70,375"
13004,"24,145,23"
13005,"40,3,17"
13006,"10,64,24"
13007,"3,21,187"
13008,"0,271,40"
13009,"44,145,45"
13010,"23,38,78"
13011,"17,3,18"
13012,"145,44,40"
13013,"23,74,38"
13014,"3,17,15"
13015,"145,44,40"
13016,"0,26,271"
13017,"3,147,148"
13018,"3,4,21"
13019,"0,271"
13020,"10,44,145"
13021,"40,241,135"
13022,"3,21,169"
13023,"10,181,24"
13024,"0,26,23"
13025,"32,23,31"
13026,"3,17,187"
13027,"40,160,315"
13028,"169,199,170"
13029,"0,271,216"
13030,"26,23,0"
13031,"169,199,170"
13032,"23,38,40"
13033,"26,89,23"
13034,"71,23,74"
13035,"0,271,216"
13036,"23,296,169"
13037,"199,169"
13038,"10,40,220"
13039,"199,169,3"
13040,"3,147,15"
13041,"199,169,170"
13042,"220,10"
13043,"0,218,509"
13044,"3,21,48"
13045,"0,8,40"
13046,"3,169,68"
13047,"3,169,337"
13048,"3,147,148"
13049,"10,145,220"
13050,"3,21,200"
13051,"40,41,128"
13052,"23,74,38"
13053,"74,128,23"
13054,"10,64,44"
13055,"38,23,137"
13056,"3,21,200"
13057,"199,169,23"
13058,"89,26,40"
13059,"199,169"
13060,"426,10,508"
13061,"89,0,26"
13062,"40,23,131"
13063,"296,169,306"
13064,"10,64,402"
13065,"17,3,40"
13066,"0,279,249"
13067,"23,74,38"
13068,"3,148,147"
13069,"3,40,21"
13070,"40,23,74"
13071,"220,10"
13072,"220,10"
13073,"23,74,38"
13074,"40,131,128"
13075,"40,128,160"
13076,"40,307,74"
13077,"40,151,494"
13078,"32,31,23"
13079,"43,24,23"
13080,"10,64"
13081,"0,271,216"
13082,"169,170,199"
13083,"44,10,145"
13084,"170,169,171"
13085,"199,169"
13086,"10,24,23"
13087,"3,301,85"
13088,"40,131,128"
13089,"4,435,3"
13090,"169,199,0"
13091,"23,40,131"
13092,"3,4,200"
13093,"0,271,216"
13094,"199,169,431"
13095,"23,38,74"
13096,"0,8,26"
13097,"3,364,28"
13098,"0,279,249"
13099,"40,160,17"
13100,"206,0,8"
13101,"220,10"
13102,"49,24,23"
13103,"40,250,41"
13104,"40,41,224"
13105,"40,131"
13106,"23,38,74"
13107,"129,128,328"
13108,"3,15,148"
13109,"23,38,24"
13110,"23,118,231"
13111,"40,131,139"
13112,"10,11,44"
13113,"23,74,24"
13114,"3,21,40"
13115,"23,74,118"
13116,"10,220,145"
13117,"3,147,148"
13118,"3,85,301"
13119,"0,206,8"
13120,"160,40,302"
13121,"3,4,200"
13122,"199,169,170"
13123,"0,271"
13124,"128,40,130"
13125,"128,40,218"
13126,"3,5,133"
13127,"402,40,25"
13128,"23,74,38"
13129,"231,26,206"
13130,"3,200,15"
13131,"0,229,216"
13132,"40,128,129"
13133,"40,184,131"
13134,"10,44,11"
13135,"23,24,38"
13136,"0,206,8"
13137,"181,10,40"
13138,"145,44,23"
13139,"23,345,38"
13140,"10,220"
13141,"199,169,3"
13142,"10,24,145"
13143,"0,271,313"
13144,"3,4,40"
13145,"10,11,69"
13146,"40,175,38"
13147,"3,21,200"
13148,"0,271,255"
13149,"40,135,138"
13150,"10,220,0"
13151,"3,147,156"
13152,"40,128,250"
13153,"0,8,235"
13154,"11,10,69"
13155,"3,15,147"
13156,"40,131"
13157,"250,38,23"
13158,"3,21,200"
13159,"0,216,271"
13160,"44,145,73"
13161,"3,147,148"
13162,"3,4,148"
13163,"3,200,21"
13164,"8,206,0"
13165,"10,11,61"
13166,"10,93,64"
13167,"10,11,234"
13168,"3,17"
13169,"4,3,7"
13170,"3,147,523"
13171,"23,38,74"
13172,"169,199"
13173,"169,199,170"
13174,"0,3,265"
13175,"3,148,21"
13176,"3,4,275"
13177,"169,170,199"
13178,"10,64"
13179,"23,24,38"
13180,"0,23,26"
13181,"10,93,64"
13182,"10,64,220"
13183,"181,43,40"
13184,"147,3,148"
13185,"8,0,38"
13186,"40,162,128"
13187,"220,10"
13188,"145,24,23"
13189,"40,131"
13190,"40,131,134"
13191,"3,147,148"
13192,"43,24,23"
13193,"23,38,135"
13194,"0,271,8"
13195,"0,271,216"
13196,"169,199,170"
13197,"0,271,216"
13198,"3,21,200"
13199,"337,169,339"
13200,"3,200,21"
13201,"40,146,145"
13202,"3,21,200"
13203,"3,53,113"
13204,"3,17"
13205,"220,10"
13206,"10,11,205"
13207,"10,93,239"
13208,"72,10,44"
13209,"32,23,31"
13210,"147,3,156"
13211,"40,128,129"
13212,"3,148,147"
13213,"10,93,64"
13214,"43,24,23"
13215,"3,200,147"
13216,"169,8,405"
13217,"508,23,31"
13218,"234,60,10"
13219,"3,40,188"
13220,"169,426,508"
13221,"145,44,23"
13222,"328,31,23"
13223,"0,271,218"
13224,"3,13,169"
13225,"3,17,15"
13226,"40,131,134"
13227,"3,4,70"
13228,"23,38,24"
13229,"23,38,24"
13230,"199,169"
13231,"169,426,199"
13232,"494,40,184"
13233,"10,15,16"
13234,"10,93,64"
13235,"40,286,41"
13236,"23,38,40"
13237,"3,199,200"
13238,"3,21,148"
13239,"3,68,182"
13240,"402,0,40"
13241,"40,145,44"
13242,"10,93,64"
13243,"220,10"
13244,"123,3,111"
13245,"40,131,193"
13246,"40,145,44"
13247,"26,10,64"
13248,"3,21,301"
13249,"138,169,135"
13250,"0,271,218"
13251,"23,38,74"
13252,"10,24,23"
13253,"44,10,145"
13254,"44,145,11"
13255,"10,64"
13256,"3,21,200"
13257,"0,10,40"
13258,"135,170,138"
13259,"3,4,200"
13260,"40,128,131"
13261,"0,271,216"
13262,"40,23,146"
13263,"199,169,251"
13264,"10,64"
13265,"84,23,74"
13266,"181,40,323"
13267,"10,145,220"
13268,"3,169,147"
13269,"10,11,69"
13270,"199,169"
13271,"10,64"
13272,"26,231,350"
13273,"40,160,315"
13274,"3,187,34"
13275,"40,131,169"
13276,"23,38,40"
13277,"23,74,40"
13278,"10,64"
13279,"296,0,225"
13280,"3,0,200"
13281,"169,199,0"
13282,"402,40,145"
13283,"0,26,8"
13284,"10,145,54"
13285,"23,74,38"
13286,"40,41,128"
13287,"169,40,199"
13288,"23,38,24"
13289,"290,10,287"
13290,"17,3,18"
13291,"10,220"
13292,"40,131"
13293,"0,271,216"
13294,"38,23,169"
13295,"3,21,148"
13296,"3,21,200"
13297,"0,206,8"
13298,"3,147,148"
13299,"10,24,181"
13300,"3,4,200"
13301,"0,8,391"
13302,"3,4,200"
13303,"0,218,211"
13304,"169,170,199"
13305,"220,10"
13306,"0,211,216"
13307,"40,128,131"
13308,"0,271,216"
13309,"40,315,160"
13310,"402,10,40"
13311,"3,17,200"
13312,"128,40,129"
13313,"3,523,147"
13314,"171,170,169"
13315,"328,23,40"
13316,"40,135,41"
13317,"24,43,23"
13318,"10,11,69"
13319,"199,169,49"
13320,"0,265,271"
13321,"0,8,235"
13322,"23,290,10"
13323,"23,40,402"
13324,"23,60,239"
13325,"40,128,186"
13326,"40,3,131"
13327,"199,169,40"
13328,"199,169,0"
13329,"199,169,3"
13330,"3,21,187"
13331,"0,216,10"
13332,"0,271,216"
13333,"40,145,131"
13334,"11,10,69"
13335,"3,40,23"
13336,"145,44,10"
13337,"10,93,64"
13338,"160,40,302"
13339,"23,24,49"
13340,"38,23,74"
13341,"3,17,53"
13342,"170,171,169"
13343,"10,64"
13344,"199,169,38"
13345,"23,38,24"
13346,"26,0,271"
13347,"169,199,170"
13348,"71,10,24"
13349,"3,200,17"
13350,"23,74,38"
13351,"0,8,235"
13352,"3,21,148"
13353,"26,23,350"
13354,"40,145,44"
13355,"0,169,296"
13356,"3,170,169"
13357,"49,23,24"
13358,"10,44,72"
13359,"23,40,145"
13360,"23,49,24"
13361,"10,11,69"
13362,"3,21,148"
13363,"44,145,45"
13364,"23,38,26"
13365,"10,11,109"
13366,"169,199,170"
13367,"4,3,435"
13368,"40,131,184"
13369,"40,128,131"
13370,"160,40,302"
13371,"0,271,26"
13372,"0,218,8"
13373,"3,523,148"
13374,"0,271,26"
13375,"23,24,38"
13376,"40,131"
13377,"40,131,139"
13378,"169,199,170"
13379,"169,129,337"
13380,"3,147,148"
13381,"3,21,148"
13382,"296,169,428"
13383,"220,10"
13384,"206,8,3"
13385,"128,129,40"
13386,"3,23,10"
13387,"3,17,21"
13388,"17,3,169"
13389,"0,26,216"
13390,"199,169,3"
13391,"199,169,40"
13392,"199,181,323"
13393,"23,31,169"
13394,"40,128,129"
13395,"23,74,71"
13396,"40,3,21"
13397,"169,40,170"
13398,"40,41,286"
13399,"44,145,10"
13400,"220,10"
13401,"147,225,156"
13402,"0,8,23"
13403,"3,4,435"
13404,"3,17,10"
13405,"10,220,0"
13406,"40,145,131"
13407,"10,93,64"
13408,"199,169,40"
13409,"3,15,148"
13410,"3,147,148"
13411,"0,271,216"
13412,"23,10,24"
13413,"3,111,53"
13414,"3,200,21"
13415,"40,128,129"
13416,"10,11,205"
13417,"38,23"
13418,"74,23,38"
13419,"32,23,31"
13420,"3,148,147"
13421,"145,44,45"
13422,"49,23,24"
13423,"3,200,147"
13424,"3,15"
13425,"40,128,195"
13426,"169,199,170"
13427,"44,145,45"
13428,"23,38,26"
13429,"38,23,74"
13430,"0,8,206"
13431,"3,17,21"
13432,"181,43,24"
13433,"3,4,435"
13434,"44,145,45"
13435,"3,15,200"
13436,"0,26,271"
13437,"10,59,205"
13438,"370,0,216"
13439,"10,93,64"
13440,"0,8,235"
13441,"23,38,74"
13442,"10,220"
13443,"145,44,40"
13444,"3,4,21"
13445,"23,24,10"
13446,"23,40,38"
13447,"23,38,74"
13448,"32,23,31"
13449,"40,131,241"
13450,"15,3"
13451,"3,187,21"
13452,"49,23,24"
13453,"3,4,435"
13454,"11,10,205"
13455,"199,169,26"
13456,"3,5,133"
13457,"23,24,43"
13458,"10,199,169"
13459,"23,38,8"
13460,"3,301,21"
13461,"23,26,38"
13462,"23,74,40"
13463,"3,187,21"
13464,"0,457,218"
13465,"10,44,72"
13466,"24,23,43"
13467,"24,10,23"
13468,"26,0,23"
13469,"0,49,265"
13470,"17,3,320"
13471,"199,169"
13472,"0,8,206"
13473,"4,70,40"
13474,"3,21,148"
13475,"24,370,10"
13476,"40,3,184"
13477,"40,128,41"
13478,"23,40,38"
13479,"26,23,0"
13480,"169,199,38"
13481,"3,4,15"
13482,"0,26,271"
13483,"23,38,74"
13484,"169,170"
13485,"24,10,181"
13486,"199,169"
13487,"0,216,211"
13488,"3,4,435"
13489,"3,147,148"
13490,"10,239,49"
13491,"169,199,170"
13492,"23,74,38"
13493,"199,169,3"
13494,"26,231,0"
13495,"74,165,23"
13496,"40,3,21"
13497,"145,44,24"
13498,"10,93,64"
13499,"3,170,169"
13500,"40,128,130"
13501,"3,40,21"
13502,"169,170,339"
13503,"3,4,435"
13504,"26,89,0"
13505,"40,131,184"
13506,"160,40,3"
13507,"23,38,26"
13508,"169,170,199"
13509,"3,21,200"
13510,"3,40,21"
13511,"147,3,148"
13512,"40,41,131"
13513,"43,24,145"
13514,"169,199,170"
13515,"3,148,21"
13516,"23,74,40"
13517,"3,4,435"
13518,"169,170,3"
13519,"3,17,148"
13520,"8,0,26"
13521,"38,23,39"
13522,"3,21,187"
13523,"23,24,59"
13524,"38,23,39"
13525,"0,271,216"
13526,"44,145,10"
13527,"49,23,24"
13528,"23,38,71"
13529,"3,236,135"
13530,"0,8,218"
13531,"23,74,118"
13532,"23,24,38"
13533,"10,220"
13534,"10,241,184"
13535,"118,74,23"
13536,"40,3,21"
13537,"23,40,131"
13538,"10,64"
13539,"23,38,24"
13540,"3,21,200"
13541,"40,131"
13542,"199,169,38"
13543,"169,199,0"
13544,"10,64,44"
13545,"40,131"
13546,"32,23,31"
13547,"26,231,0"
13548,"24,43,23"
13549,"3,28,21"
13550,"0,271,216"
13551,"40,131"
13552,"0,313,271"
13553,"40,128,129"
13554,"40,131,134"
13555,"181,40,145"
13556,"3,5,133"
13557,"3,148,147"
13558,"23,24,26"
13559,"8,206,0"
13560,"3,21,147"
13561,"3,187,21"
13562,"147,3,148"
13563,"181,24,43"
13564,"40,128,241"
13565,"220,10"
13566,"160,40,315"
13567,"3,148,147"
13568,"0,216,211"
13569,"40,146,145"
13570,"10,93,64"
13571,"0,271,216"
13572,"3,4,21"
13573,"3,0,40"
13574,"40,3,41"
13575,"3,15,147"
13576,"3,21,40"
13577,"10,64,93"
13578,"145,40,23"
13579,"160,169,315"
13580,"0,271,216"
13581,"3,500,21"
13582,"3,21,17"
13583,"40,3,21"
13584,"11,10,69"
13585,"10,220,221"
13586,"40,131,241"
13587,"169,199,170"
13588,"199,169"
13589,"3,21,200"
13590,"0,265,216"
13591,"3,169,200"
13592,"23,38,26"
13593,"10,93,64"
13594,"3,15,200"
13595,"10,239,64"
13596,"0,271,8"
13597,"3,21,148"
13598,"206,0,8"
13599,"3,40,23"
13600,"0,271,265"
13601,"32,23,31"
13602,"23,38,26"
13603,"3,21,200"
13604,"199,169"
13605,"23,24,43"
13606,"40,184,131"
13607,"3,187,199"
13608,"23,10,24"
13609,"0,218,265"
13610,"3,15,200"
13611,"24,43,23"
13612,"170,169,459"
13613,"3,21,40"
13614,"3,40,17"
13615,"0,265,271"
13616,"494,40,151"
13617,"170,169"
13618,"32,3,147"
13619,"3,21,148"
13620,"49,23,24"
13621,"3,21,40"
13622,"0,26,271"
13623,"3,5,133"
13624,"199,169,23"
13625,"10,93,64"
13626,"23,24,38"
13627,"10,64,90"
13628,"8,206,0"
13629,"40,367,3"
13630,"3,111,200"
13631,"0,271,216"
13632,"23,74,118"
13633,"24,43,23"
13634,"3,40,21"
13635,"10,64,0"
13636,"13,3,20"
13637,"181,24,23"
13638,"40,135,118"
13639,"169,170,296"
13640,"3,21,187"
13641,"24,43,23"
13642,"26,23,89"
13643,"23,26,84"
13644,"3,169,199"
13645,"40,131"
13646,"10,220,0"
13647,"49,23,24"
13648,"40,131,128"
13649,"0,206,8"
13650,"3,17,40"
13651,"0,218,216"
13652,"3,15,16"
13653,"118,23,74"
13654,"220,10"
13655,"220,10"
13656,"24,23,43"
13657,"3,21,200"
13658,"199,40,131"
13659,"236,135,40"
13660,"3,15,16"
13661,"3,15,200"
13662,"402,145,40"
13663,"3,15,275"
13664,"0,271,313"
13665,"199,169,170"
13666,"10,145,220"
13667,"145,44,40"
13668,"0,211,212"
13669,"3,40,21"
13670,"40,118,41"
13671,"74,23,303"
13672,"296,169,306"
13673,"26,231,23"
13674,"32,23,31"
13675,"74,23,317"
13676,"0,271,216"
13677,"220,10"
13678,"0,59,24"
13679,"3,21,200"
13680,"199,169,323"
13681,"328,96,31"
13682,"17,3,10"
13683,"0,8,206"
13684,"199,169,40"
13685,"10,11,221"
13686,"3,40,100"
13687,"220,10"
13688,"3,21,148"
13689,"26,89,23"
13690,"40,131,134"
13691,"40,23,10"
13692,"23,38,74"
13693,"3,200,4"
13694,"309,38,48"
13695,"3,147,148"
13696,"26,89,23"
13697,"199,169,3"
13698,"40,128"
13699,"4,3,435"
13700,"3,21,0"
13701,"23,24,43"
13702,"10,64,93"
13703,"220,10"
13704,"145,10,44"
13705,"10,64"
13706,"13,3,10"
13707,"40,41,224"
13708,"3,21,148"
13709,"10,64,11"
13710,"128,129,40"
13711,"10,24,23"
13712,"3,21,200"
13713,"0,265,216"
13714,"4,3,435"
13715,"0,313,271"
13716,"169,199,0"
13717,"23,74,38"
13718,"169,170,199"
13719,"40,128,21"
13720,"199,169"
13721,"23,49,24"
13722,"3,147,148"
13723,"169,426,199"
13724,"296,169,333"
13725,"3,148,4"
13726,"3,5,133"
13727,"3,13,21"
13728,"170,3,169"
13729,"8,0,405"
13730,"0,271,26"
13731,"3,200,53"
13732,"3,275,68"
13733,"3,68,40"
13734,"3,111,200"
13735,"10,11,220"
13736,"199,169"
13737,"23,38,74"
13738,"10,40,220"
13739,"0,271,216"
13740,"3,21,200"
13741,"3,21,40"
13742,"170,3,169"
13743,"199,23,38"
13744,"24,43,23"
13745,"40,10,23"
13746,"40,3,21"
13747,"309,10,48"
13748,"0,10,218"
13749,"23,74"
13750,"169,296,300"
13751,"3,21,40"
13752,"3,68,200"
13753,"3,5,133"
13754,"24,49,23"
13755,"10,64,170"
13756,"199,169"
13757,"40,160,128"
13758,"40,131,160"
13759,"10,40,64"
13760,"40,131,241"
13761,"0,216,279"
13762,"10,220"
13763,"10,93,64"
13764,"10,64,93"
13765,"3,15,16"
13766,"170,171,169"
13767,"0,23,26"
13768,"199,169,431"
13769,"44,145,40"
13770,"0,271,265"
13771,"169,170,199"
13772,"3,148,15"
13773,"40,131"
13774,"169,170,10"
13775,"44,145,45"
13776,"3,21,200"
13777,"10,11,24"
13778,"23,71,26"
13779,"0,128,218"
13780,"0,31,216"
13781,"0,271"
13782,"3,187,21"
13783,"4,3,435"
13784,"23,38,24"
13785,"188,3,4"
13786,"145,44,40"
13787,"0,271,216"
13788,"10,25,220"
13789,"4,3"
13790,"0,40,346"
13791,"3,187,21"
13792,"40,181,43"
13793,"3,147,148"
13794,"44,145,23"
13795,"220,10"
13796,"10,64"
13797,"40,135,138"
13798,"145,40,23"
13799,"199,169,251"
13800,"3,147,148"
13801,"118,74,23"
13802,"40,315,160"
13803,"17,3,18"
13804,"3,21,148"
13805,"0,216,40"
13806,"26,23,89"
13807,"220,10"
13808,"169,170,3"
13809,"40,131,199"
13810,"49,23,24"
13811,"10,220"
13812,"10,220,0"
13813,"23,24,38"
13814,"21,40,41"
13815,"169,199,426"
13816,"10,72,44"
13817,"4,3,435"
13818,"48,10,64"
13819,"26,0,23"
13820,"181,43,145"
13821,"3,148,147"
13822,"0,271,265"
13823,"23,49,24"
13824,"23,38,74"
13825,"145,44,10"
13826,"3,15,275"
13827,"23,74,32"
13828,"3,4,435"
13829,"32,23,31"
13830,"0,271,216"
13831,"17,3,10"
13832,"3,21,200"
13833,"296,169"
13834,"0,128,40"
13835,"169,199,170"
13836,"0,206,8"
13837,"10,64,145"
13838,"3,147,148"
13839,"0,211,216"
13840,"40,131,145"
13841,"3,40,21"
13842,"10,128,129"
13843,"3,4,435"
13844,"40,128,131"
13845,"43,23,24"
13846,"10,64"
13847,"0,265,273"
13848,"10,64,93"
13849,"199,3,169"
13850,"10,489,13"
13851,"23,38,88"
13852,"3,15,147"
13853,"26,0,89"
13854,"3,21,200"
13855,"0,271"
13856,"199,169,3"
13857,"181,145,24"
13858,"10,64,44"
13859,"3,147,148"
13860,"0,271"
13861,"220,10"
13862,"40,146,145"
13863,"40,96,31"
13864,"0,8,327"
13865,"10,220"
13866,"3,169,170"
13867,"38,23,26"
13868,"309,38,23"
13869,"3,21,200"
13870,"40,3,41"
13871,"32,31,23"
13872,"23,24,40"
13873,"3,17,21"
13874,"23,74,118"
13875,"0,218,26"
13876,"3,17,21"
13877,"23,26,89"
13878,"40,128,129"
13879,"10,64,44"
13880,"220,10"
13881,"10,64,11"
13882,"23,147,225"
13883,"3,21,200"
13884,"40,131,31"
13885,"3,21,301"
13886,"0,23,265"
13887,"220,10"
13888,"40,128,129"
13889,"40,10,145"
13890,"3,21,200"
13891,"3,187,21"
13892,"10,64,44"
13893,"44,23,145"
13894,"40,89,0"
13895,"24,49,10"
13896,"40,128,131"
13897,"0,218,169"
13898,"40,41,128"
13899,"72,61,60"
13900,"169,199,170"
13901,"0,271,216"
13902,"3,21,17"
13903,"93,10,64"
13904,"170,169"
13905,"3,21,40"
13906,"15,3,16"
13907,"44,145,23"
13908,"23,74,38"
13909,"40,160"
13910,"40,41,224"
13911,"3,170,169"
13912,"26,350,89"
13913,"40,131"
13914,"169,170,199"
13915,"220,10"
13916,"0,26,23"
13917,"8,23,0"
13918,"10,93,64"
13919,"170,169,3"
13920,"3,147,148"
13921,"40,128,160"
13922,"231,44,145"
13923,"3,21,200"
13924,"3,147,148"
13925,"181,43,323"
13926,"40,128,186"
13927,"169,170,3"
13928,"23,184,40"
13929,"71,23,38"
13930,"3,4,435"
13931,"40,135,3"
13932,"3,17,21"
13933,"40,145,44"
13934,"26,23,38"
13935,"40,41,3"
13936,"40,494,151"
13937,"169,170,3"
13938,"3,147,156"
13939,"72,44,10"
13940,"10,44,145"
13941,"40,250,128"
13942,"296,169,306"
13943,"23,24,38"
13944,"10,220"
13945,"10,64"
13946,"220,10"
13947,"44,72,145"
13948,"40,175,128"
13949,"3,5,331"
13950,"0,8,128"
13951,"3,17,148"
13952,"59,10,0"
13953,"169,199"
13954,"169,170,459"
13955,"4,3,435"
13956,"3,4,435"
13957,"169,170,216"
13958,"169,296,428"
13959,"93,10,64"
13960,"3,40,48"
13961,"296,169"
13962,"118,74,23"
13963,"169,8,0"
13964,"0,271,216"
13965,"40,131,250"
13966,"3,53,287"
13967,"0,211,216"
13968,"0,235,8"
13969,"0,346,313"
13970,"3,4,15"
13971,"3,15"
13972,"199,169,40"
13973,"138,40,135"
13974,"74,23,118"
13975,"271,0"
13976,"199,3,169"
13977,"0,40,216"
13978,"145,44,40"
13979,"0,169,199"
13980,"10,23,145"
13981,"40,250,128"
13982,"23,231,26"
13983,"3,148,147"
13984,"3,111,123"
13985,"3,40,41"
13986,"10,44,64"
13987,"220,10"
13988,"3,15,275"
13989,"3,21,148"
13990,"10,64,93"
13991,"23,40,131"
13992,"10,64,24"
13993,"3,120,147"
13994,"40,128,195"
13995,"3,17,21"
13996,"10,93,64"
13997,"3,17,200"
13998,"40,131"
13999,"3,15,200"
14000,"49,23,24"
14001,"0,271,216"
14002,"4,435,7"
14003,"0,366,271"
14004,"44,145,73"
14005,"3,21,200"
14006,"10,145,40"
14007,"3,17,148"
14008,"10,11,72"
14009,"10,220"
14010,"10,64"
14011,"181,40,145"
14012,"3,21,41"
14013,"3,133,17"
14014,"170,169,171"
14015,"0,271,213"
14016,"40,250,41"
14017,"3,187,21"
14018,"40,131,128"
14019,"3,147,148"
14020,"3,21,301"
14021,"199,169"
14022,"10,23,367"
14023,"44,145,10"
14024,"169,0,170"
14025,"3,21,200"
14026,"40,146,145"
14027,"128,129,40"
14028,"0,216,211"
14029,"3,187,21"
14030,"23,74,38"
14031,"3,21,301"
14032,"3,147,148"
14033,"40,131"
14034,"31,96,23"
14035,"23,38,26"
14036,"40,131"
14037,"41,40,224"
14038,"23,26,38"
14039,"23,38"
14040,"40,128,131"
14041,"0,235,216"
14042,"3,4"
14043,"10,64"
14044,"3,170,169"
14045,"3,148,13"
14046,"6,133,5"
14047,"10,64,220"
14048,"206,0,8"
14049,"170,171,169"
14050,"169,3,296"
14051,"23,38,40"
14052,"10,64,24"
14053,"170,171,169"
14054,"138,40,135"
14055,"40,41,224"
14056,"0,271,216"
14057,"26,23,89"
14058,"3,53,10"
14059,"23,38,74"
14060,"0,271,216"
14061,"26,89,23"
14062,"48,10,23"
14063,"129,128,40"
14064,"3,147,148"
14065,"145,44,25"
14066,"3,40,21"
14067,"40,145,146"
14068,"170,169,3"
14069,"40,128,8"
14070,"8,23,308"
14071,"23,40,74"
14072,"290,3,10"
14073,"0,271,26"
14074,"0,366,271"
14075,"181,323,10"
14076,"169,199,170"
14077,"199,169,251"
14078,"15,3,16"
14079,"23,26,38"
14080,"0,216,271"
14081,"3,21,200"
14082,"40,128,186"
14083,"169,170,199"
14084,"10,93,64"
14085,"184,40,23"
14086,"40,128,131"
14087,"3,40,21"
14088,"10,72,44"
14089,"40,128,129"
14090,"40,184,23"
14091,"10,145,49"
14092,"224,40,41"
14093,"0,169,337"
14094,"23,38,74"
14095,"23,24,40"
14096,"23,71,74"
14097,"23,38,74"
14098,"3,301,21"
14099,"3,15,200"
14100,"4,3,7"
14101,"0,10,220"
14102,"3,153,13"
14103,"0,8,26"
14104,"40,41,128"
14105,"4,3,435"
14106,"0,3,265"
14107,"3,147,148"
14108,"220,3,10"
14109,"23,49,24"
14110,"40,131,134"
14111,"23,38,26"
14112,"23,38,26"
14113,"40,131"
14114,"40,199,169"
14115,"3,21,17"
14116,"199,169,3"
14117,"231,26"
14118,"10,93,64"
14119,"0,271,218"
14120,"220,10"
14121,"23,38,26"
14122,"10,64"
14123,"3,4,435"
14124,"23,175,74"
14125,"3,147,156"
14126,"40,128,131"
14127,"169,170,199"
14128,"40,131"
14129,"23,74,24"
14130,"23,38,107"
14131,"3,10,17"
14132,"40,160,315"
14133,"40,131,134"
14134,"49,24,23"
14135,"40,41,286"
14136,"0,216,271"
14137,"40,426,508"
14138,"44,145,10"
14139,"0,271,216"
14140,"169,40,199"
14141,"0,216,271"
14142,"24,43,23"
14143,"3,21,148"
14144,"23,49,24"
14145,"0,366,271"
14146,"40,184,23"
14147,"40,3,147"
14148,"23,24,62"
14149,"3,147,148"
14150,"0,271,444"
14151,"0,216,271"
14152,"220,10"
14153,"0,211,216"
14154,"0,206,8"
14155,"3,199,169"
14156,"10,64,93"
14157,"3,133,21"
14158,"0,216,8"
14159,"147,156,3"
14160,"43,24,23"
14161,"10,64,23"
14162,"59,0,24"
14163,"40,131,241"
14164,"10,64,93"
14165,"169,199,170"
14166,"8,0,206"
14167,"44,45,145"
14168,"3,187,21"
14169,"10,44,220"
14170,"10,220"
14171,"15,3"
14172,"38,23,24"
14173,"199,169,251"
14174,"220,10"
14175,"3,17,21"
14176,"169,199,426"
14177,"3,148,200"
14178,"169,199,170"
14179,"138,40,135"
14180,"40,135,131"
14181,"32,23,31"
14182,"145,44,40"
14183,"32,23,31"
14184,"3,200,183"
14185,"169,199,10"
14186,"3,13,40"
14187,"43,24,23"
14188,"147,156,3"
14189,"3,188,4"
14190,"3,40,21"
14191,"26,231,23"
14192,"0,271,216"
14193,"0,26,271"
14194,"0,271"
14195,"32,31,23"
14196,"3,21,200"
14197,"23,24,71"
14198,"0,216,26"
14199,"169,199,170"
14200,"13,3,14"
14201,"0,8,391"
14202,"3,21,200"
14203,"3,40,21"
14204,"31,328,258"
14205,"169,0,170"
14206,"0,265,340"
14207,"10,44,72"
14208,"206,0,8"
14209,"0,271,216"
14210,"0,10,8"
14211,"40,160,315"
14212,"199,169"
14213,"222,100,3"
14214,"128,40,130"
14215,"10,64,60"
14216,"0,265,271"
14217,"23,74,38"
14218,"169,0,170"
14219,"3,21,148"
14220,"3,21,200"
14221,"0,271,26"
14222,"3,17,38"
14223,"169,199,170"
14224,"0,235,8"
14225,"26,89,23"
14226,"40,41,224"
14227,"40,3,21"
14228,"181,24,40"
14229,"23,24,43"
14230,"24,23,43"
14231,"10,11,44"
14232,"40,131,128"
14233,"0,169,337"
14234,"0,271,313"
14235,"74,23,175"
14236,"3,100,17"
14237,"10,64,489"
14238,"38,23,26"
14239,"0,218,509"
14240,"3,17,200"
14241,"3,147,148"
14242,"8,206,0"
14243,"402,145,10"
14244,"23,10,220"
14245,"48,38,309"
14246,"0,271"
14247,"84,23,74"
14248,"3,187,21"
14249,"199,169,251"
14250,"26,89,23"
14251,"0,8,128"
14252,"3,21,40"
14253,"23,31,24"
14254,"0,271,218"
14255,"23,3,148"
14256,"3,15"
14257,"220,10"
14258,"145,44,402"
14259,"3,199,169"
14260,"169,199,26"
14261,"10,44,11"
14262,"40,17,3"
14263,"10,11,24"
14264,"3,21,148"
14265,"3,21,200"
14266,"40,23,74"
14267,"10,11,69"
14268,"10,64"
14269,"0,265,218"
14270,"169,199,170"
14271,"3,21,40"
14272,"220,10"
14273,"3,15,200"
14274,"199,169,251"
14275,"40,41,3"
14276,"23,40,38"
14277,"17,3,18"
14278,"0,31,10"
14279,"40,3,21"
14280,"40,131"
14281,"40,128,186"
14282,"24,43,23"
14283,"220,10,25"
14284,"3,111,21"
14285,"23,38,24"
14286,"199,169,323"
14287,"32,31,23"
14288,"4,3,435"
14289,"40,128,130"
14290,"4,3,435"
14291,"23,74,38"
14292,"0,271,216"
14293,"26,23,38"
14294,"10,64"
14295,"40,41,21"
14296,"40,250,76"
14297,"0,271"
14298,"0,271,265"
14299,"3,17,0"
14300,"0,271,26"
14301,"169,199"
14302,"93,218,23"
14303,"4,3,435"
14304,"402,40,145"
14305,"3,15,275"
14306,"231,26,23"
14307,"40,145,44"
14308,"40,145,131"
14309,"4,3,435"
14310,"10,64,93"
14311,"169,170,296"
14312,"0,271,280"
14313,"10,220,145"
14314,"0,38,23"
14315,"296,169,306"
14316,"4,3,375"
14317,"0,1,216"
14318,"24,23,10"
14319,"3,4,200"
14320,"40,41,21"
14321,"3,170,169"
14322,"3,4,70"
14323,"0,265,271"
14324,"0,265,340"
14325,"10,199,323"
14326,"290,23,31"
14327,"3,15,16"
14328,"0,271,26"
14329,"206,0,8"
14330,"10,64,44"
14331,"199,169"
14332,"3,147,148"
14333,"3,21,5"
14334,"10,64,93"
14335,"40,160,71"
14336,"296,169,0"
14337,"169,0,199"
14338,"0,271,216"
14339,"10,23,44"
14340,"10,234"
14341,"3,21,17"
14342,"3,5,331"
14343,"23,38,26"
14344,"169,426,199"
14345,"4,3,435"
14346,"199,169,38"
14347,"40,128,129"
14348,"3,21,22"
14349,"199,169"
14350,"296,169,306"
14351,"23,24,43"
14352,"0,216"
14353,"169,38,170"
14354,"40,3,21"
14355,"40,131,41"
14356,"220,10"
14357,"40,131,241"
14358,"296,169"
14359,"24,23,10"
14360,"10,64,24"
14361,"0,271,265"
14362,"4,3,435"
14363,"169,170,3"
14364,"0,26,89"
14365,"40,160,131"
14366,"3,21,40"
14367,"40,131,134"
14368,"3,4,435"
14369,"40,181,61"
14370,"26,0,23"
14371,"44,145,45"
14372,"10,181,24"
14373,"3,148,4"
14374,"0,13,3"
14375,"23,60,24"
14376,"44,145,45"
14377,"3,15,10"
14378,"220,10"
14379,"23,74,38"
14380,"40,160,128"
14381,"3,147,148"
14382,"0,271,265"
14383,"3,21,200"
14384,"23,74,38"
14385,"3,148,147"
14386,"199,169,0"
14387,"15,3,16"
14388,"169,170,171"
14389,"145,44,23"
14390,"3,21,301"
14391,"169,199,0"
14392,"32,31,23"
14393,"181,145,40"
14394,"3,187,21"
14395,"10,72,44"
14396,"0,8,265"
14397,"4,3,435"
14398,"169,170,40"
14399,"128,129,40"
14400,"3,4,435"
14401,"49,24,23"
14402,"93,10,64"
14403,"10,3,17"
14404,"10,11,44"
14405,"3,21,200"
14406,"169,170,0"
14407,"23,24,43"
14408,"3,147,148"
14409,"40,160,315"
14410,"40,160,199"
14411,"3,111,40"
14412,"40,128,131"
14413,"220,10"
14414,"145,44,40"
14415,"0,271,216"
14416,"23,38,137"
14417,"38,23"
14418,"3,40,111"
14419,"40,131"
14420,"23,181,24"
14421,"170,169,171"
14422,"32,31,23"
14423,"10,11,69"
14424,"40,131,128"
14425,"40,128,129"
14426,"234,10,60"
14427,"220,10"
14428,"0,169,337"
14429,"10,64"
14430,"40,49,128"
14431,"32,23,31"
14432,"40,138,135"
14433,"10,11,44"
14434,"3,21,40"
14435,"3,21,200"
14436,"3,133,5"
14437,"3,15"
14438,"113,28,23"
14439,"71,23,24"
14440,"44,45,10"
14441,"26,23,89"
14442,"169,199,0"
14443,"10,23,74"
14444,"3,21,17"
14445,"0,26,216"
14446,"23,74,38"
14447,"3,40,148"
14448,"3,15,16"
14449,"128,40,129"
14450,"10,64,11"
14451,"25,10,23"
14452,"128,40,129"
14453,"10,23,38"
14454,"40,160"
14455,"3,15,147"
14456,"40,131,134"
14457,"38,309,23"
14458,"40,145,38"
14459,"4,3,435"
14460,"10,64,93"
14461,"0,271,313"
14462,"10,220,0"
14463,"10,145,220"
14464,"10,220,40"
14465,"40,146,3"
14466,"3,17,18"
14467,"40,135,138"
14468,"0,271,216"
14469,"10,25,24"
14470,"128,40,130"
14471,"328,23,49"
14472,"10,64,93"
14473,"181,145,323"
14474,"0,26,271"
14475,"10,11,44"
14476,"23,38,74"
14477,"44,145,24"
14478,"32,23,31"
14479,"147,3,148"
14480,"26,23,89"
14481,"3,148,147"
14482,"23,38,3"
14483,"40,145,146"
14484,"3,148,147"
14485,"199,3,169"
14486,"3,4,435"
14487,"3,111,112"
14488,"4,435,3"
14489,"84,23,74"
14490,"3,21,200"
14491,"24,23,43"
14492,"296,169,306"
14493,"3,13,120"
14494,"328,31,23"
14495,"10,24,23"
14496,"169,170,38"
14497,"3,15,17"
14498,"40,131"
14499,"0,206,8"
14500,"40,160,315"
14501,"3,15,147"
14502,"23,38,40"
14503,"145,44,40"
14504,"3,301,21"
14505,"10,239,64"
14506,"40,41,286"
14507,"118,23,74"
14508,"10,24,60"
14509,"3,147,148"
14510,"3,21,301"
14511,"72,145,44"
14512,"220,10"
14513,"40,145,370"
14514,"48,40,23"
14515,"0,129,328"
14516,"328,40,23"
14517,"145,44,40"
14518,"32,23,31"
14519,"40,146,145"
14520,"3,147,200"
14521,"72,44,10"
14522,"220,10"
14523,"199,169"
14524,"3,53,113"
14525,"17,3,18"
14526,"40,131,128"
14527,"3,4,21"
14528,"0,271,218"
14529,"199,169,251"
14530,"3,200,21"
14531,"10,11,72"
14532,"3,21,40"
14533,"23,26,38"
14534,"0,271,216"
14535,"10,17,0"
14536,"10,93,64"
14537,"0,216,235"
14538,"3,187,21"
14539,"3,15,148"
14540,"3,17,200"
14541,"0,271"
14542,"10,44,11"
14543,"3,4,147"
14544,"145,40,402"
14545,"169,199,170"
14546,"10,323,181"
14547,"23,38,74"
14548,"23,38,74"
14549,"145,402,40"
14550,"40,128,186"
14551,"23,38,74"
14552,"40,160,302"
14553,"0,346,313"
14554,"40,0,3"
14555,"170,171,169"
14556,"26,231,23"
14557,"40,160,131"
14558,"3,15,200"
14559,"3,21,40"
14560,"3,147,148"
14561,"220,10"
14562,"40,131"
14563,"3,72,15"
14564,"17,3"
14565,"10,17,3"
14566,"23,24,43"
14567,"0,271,218"
14568,"32,23,31"
14569,"3,147,148"
14570,"10,93,64"
14571,"3,200,15"
14572,"129,328,128"
14573,"3,301,21"
14574,"38,23,26"
14575,"160,40,302"
14576,"220,10"
14577,"10,93,64"
14578,"40,146,145"
14579,"3,147,148"
14580,"220,10"
14581,"10,93,64"
14582,"181,43,24"
14583,"4,435,3"
14584,"220,10"
14585,"128,40,130"
14586,"48,38,309"
14587,"307,40,74"
14588,"3,200,148"
14589,"3,4,435"
14590,"23,38,26"
14591,"49,23,24"
14592,"3,21,200"
14593,"199,169,3"
14594,"74,23,38"
14595,"24,43,23"
14596,"3,169,170"
14597,"10,64,93"
14598,"44,145,45"
14599,"49,23,24"
14600,"3,21,200"
14601,"3,200,17"
14602,"40,3,17"
14603,"32,23,31"
14604,"145,40,44"
14605,"0,271"
14606,"199,169,3"
14607,"3,169,148"
14608,"3,4,435"
14609,"0,271"
14610,"128,40,130"
14611,"3,4,435"
14612,"23,74,38"
14613,"49,23,24"
14614,"10,93,64"
14615,"10,64"
14616,"10,64"
14617,"40,146,145"
14618,"10,11,69"
14619,"74,23,38"
14620,"0,211,212"
14621,"23,74,38"
14622,"10,59,220"
14623,"169,199,170"
14624,"169,199,40"
14625,"10,64,93"
14626,"0,3,40"
14627,"40,21,3"
14628,"0,8"
14629,"3,21,148"
14630,"72,44,24"
14631,"11,10,69"
14632,"296,169,306"
14633,"220,10"
14634,"40,128,41"
14635,"181,145,43"
14636,"3,200,4"
14637,"220,10"
14638,"44,45,145"
14639,"23,38,74"
14640,"169,199,0"
14641,"3,21,40"
14642,"3,170,169"
14643,"220,10"
14644,"40,41,128"
14645,"0,8,235"
14646,"3,53,287"
14647,"23,71,74"
14648,"3,147,148"
14649,"426,508,169"
14650,"169,0,199"
14651,"3,40,21"
14652,"0,8,235"
14653,"0,169,229"
14654,"40,128,41"
14655,"3,200,148"
14656,"3,40,21"
14657,"13,3,14"
14658,"23,74,38"
14659,"40,160,135"
14660,"40,128,250"
14661,"40,160,315"
14662,"145,44,10"
14663,"23,38,44"
14664,"40,146,184"
14665,"74,23,40"
14666,"206,0,8"
14667,"40,131,41"
14668,"49,24,23"
14669,"3,5,6"
14670,"23,74,38"
14671,"3,40,315"
14672,"3,147,156"
14673,"0,271,216"
14674,"169,0,216"
14675,"40,128,186"
14676,"40,128,131"
14677,"15,3,16"
14678,"199,169"
14679,"169,199,170"
14680,"0,271"
14681,"23,38,40"
14682,"40,135,41"
14683,"40,131"
14684,"3,200,21"
14685,"10,64,93"
14686,"24,23,10"
14687,"224,41,40"
14688,"3,187,21"
14689,"3,21,200"
14690,"10,64,11"
14691,"23,74,38"
14692,"71,23,24"
14693,"169,296,170"
14694,"40,160,315"
14695,"43,24,23"
14696,"160,315,40"
14697,"44,145,45"
14698,"0,23,265"
14699,"3,147,148"
14700,"290,31,93"
14701,"40,307,41"
14702,"40,128,41"
14703,"199,169,3"
14704,"3,21,40"
14705,"40,128,162"
14706,"147,3,156"
14707,"3,17,307"
14708,"3,21,148"
14709,"49,24,23"
14710,"169,0,296"
14711,"199,169,259"
14712,"169,170,199"
14713,"206,8,0"
14714,"169,8,405"
14715,"32,31,23"
14716,"145,44,24"
14717,"3,200,21"
14718,"23,38,74"
14719,"10,64,11"
14720,"40,17,307"
14721,"23,24,31"
14722,"44,145,45"
14723,"147,148,3"
14724,"0,59,220"
14725,"220,10"
14726,"44,145,45"
14727,"23,38,26"
14728,"38,23,10"
14729,"40,3,17"
14730,"10,40,64"
14731,"0,10,8"
14732,"3,199,21"
14733,"3,21,40"
14734,"220,10"
14735,"3,199,169"
14736,"49,24,23"
14737,"23,38,10"
14738,"3,4"
14739,"0,211,212"
14740,"220,10"
14741,"220,10"
14742,"43,24,170"
14743,"40,146,145"
14744,"40,131"
14745,"10,64,24"
14746,"23,3,24"
14747,"0,271"
14748,"23,10,38"
14749,"23,74,38"
14750,"23,74,38"
14751,"169,199,10"
14752,"171,170,169"
14753,"10,64,40"
14754,"0,216,271"
14755,"40,41,128"
14756,"0,271,216"
14757,"3,15,16"
14758,"23,31,10"
14759,"40,131,241"
14760,"3,301,5"
14761,"169,170"
14762,"147,3,148"
14763,"44,72,145"
14764,"199,169,170"
14765,"3,40,21"
14766,"169,199"
14767,"48,309,40"
14768,"40,131"
14769,"118,74,23"
14770,"0,271,216"
14771,"49,24,23"
14772,"0,271,216"
14773,"3,21,40"
14774,"17,3,18"
14775,"3,21,17"
14776,"3,187,200"
14777,"199,169,259"
14778,"3,200,21"
14779,"3,147,148"
14780,"169,0,216"
14781,"40,131,145"
14782,"8,0,391"
14783,"3,147,148"
14784,"49,23,24"
14785,"23,38,40"
14786,"3,523,147"
14787,"10,64,24"
14788,"40,131,478"
14789,"10,64"
14790,"26,0,350"
14791,"40,160,302"
14792,"49,23,24"
14793,"44,10,145"
14794,"10,64"
14795,"40,146,145"
14796,"3,21,200"
14797,"23,40,231"
14798,"40,145,146"
14799,"169,0,170"
14800,"38,23,74"
14801,"169,38,170"
14802,"199,169,251"
14803,"3,5,147"
14804,"23,26,38"
14805,"0,211,216"
14806,"3,21,148"
14807,"40,128,184"
14808,"24,23,43"
14809,"3,17,200"
14810,"4,3,435"
14811,"3,200,48"
14812,"0,216,271"
14813,"3,21,148"
14814,"23,24,10"
14815,"23,24,145"
14816,"3,21,13"
14817,"10,72,44"
14818,"220,10"
14819,"26,23,89"
14820,"23,38,74"
14821,"3,301,21"
14822,"40,138,135"
14823,"0,265,220"
14824,"199,169,38"
14825,"3,21,10"
14826,"6,3,133"
14827,"0,271,218"
14828,"3,4,183"
14829,"40,128,41"
14830,"23,38,74"
14831,"3,17,21"
14832,"220,10"
14833,"10,11,44"
14834,"0,216,218"
14835,"23,231,26"
14836,"3,38,74"
14837,"40,128,186"
14838,"71,23,74"
14839,"220,10"
14840,"0,26,271"
14841,"3,148,147"
14842,"26,350,231"
14843,"32,31,23"
14844,"3,147,523"
14845,"169,199,170"
14846,"40,128,130"
14847,"40,3,21"
14848,"40,160,131"
14849,"3,200,148"
14850,"220,10"
14851,"147,148,3"
14852,"23,74,38"
14853,"0,271,216"
14854,"72,10,44"
14855,"0,26,271"
14856,"40,128,131"
14857,"0,8,206"
14858,"40,41,224"
14859,"23,49,24"
14860,"40,131"
14861,"3,21,127"
14862,"199,3,169"
14863,"3,40,21"
14864,"40,41,224"
14865,"40,146,145"
14866,"3,21,148"
14867,"3,21,200"
14868,"44,145,45"
14869,"40,315,160"
14870,"23,145,26"
14871,"10,11,44"
14872,"4,3,435"
14873,"3,15,147"
14874,"220,10"
14875,"199,169,251"
14876,"3,17,21"
14877,"3,147,148"
14878,"220,10"
14879,"3,21,187"
14880,"3,112,111"
14881,"199,169,0"
14882,"40,3,41"
14883,"23,49,24"
14884,"44,10,145"
14885,"3,4,435"
14886,"23,26,0"
14887,"26,23,0"
14888,"26,23,38"
14889,"3,13,133"
14890,"32,31,23"
14891,"10,64,65"
14892,"3,21,40"
14893,"3,187,15"
14894,"23,31,96"
14895,"0,265,271"
14896,"199,169"
14897,"40,145,131"
14898,"23,38,24"
14899,"0,218,265"
14900,"24,10,71"
14901,"23,74,38"
14902,"40,131,134"
14903,"10,402,145"
14904,"170,169,40"
14905,"40,199,431"
14906,"44,145,45"
14907,"138,40,135"
14908,"40,160,315"
14909,"26,0,23"
14910,"3,13,301"
14911,"40,250,131"
14912,"0,216,271"
14913,"40,241,131"
14914,"0,59,24"
14915,"10,64"
14916,"23,38,24"
14917,"199,169,431"
14918,"3,17,21"
14919,"199,40,169"
14920,"23,49,24"
14921,"296,169,306"
14922,"40,41,224"
14923,"43,24,23"
14924,"0,271,26"
14925,"0,271"
14926,"3,147,120"
14927,"10,11,69"
14928,"40,131"
14929,"3,21,148"
14930,"337,169,339"
14931,"26,0,89"
14932,"23,38"
14933,"10,220,0"
14934,"169,199,170"
14935,"169,199,170"
14936,"0,271,216"
14937,"40,131,241"
14938,"23,38,74"
14939,"3,21,200"
14940,"0,271,216"
14941,"220,10"
14942,"169,199,3"
14943,"3,17,200"
14944,"3,17,148"
14945,"40,160,128"
14946,"4,435,3"
14947,"74,23,38"
14948,"296,169,306"
14949,"3,169,68"
14950,"40,10,131"
14951,"3,147,17"
14952,"71,145,402"
14953,"0,346,313"
14954,"23,38,345"
14955,"171,31,169"
14956,"40,128,195"
14957,"23,131,40"
14958,"23,10,74"
14959,"40,131,128"
14960,"40,10,139"
14961,"23,38,26"
14962,"26,23,38"
14963,"0,271,8"
14964,"40,131,145"
14965,"38,23,0"
14966,"169,170"
14967,"3,523,147"
14968,"23,74,38"
14969,"4,3,7"
14970,"40,128,129"
14971,"40,41,3"
14972,"49,23,24"
14973,"38,23,40"
14974,"10,64,65"
14975,"170,169,171"
14976,"26,23,38"
14977,"271,0"
14978,"199,169"
14979,"10,64,93"
14980,"23,74,0"
14981,"40,131,134"
14982,"3,21,148"
14983,"40,128,186"
14984,"169,0,199"
14985,"0,26,271"
14986,"0,8,211"
14987,"0,40,216"
14988,"23,10,24"
14989,"23,49,24"
14990,"3,17,21"
14991,"145,44,23"
14992,"0,271,216"
14993,"3,4,435"
14994,"4,3,7"
14995,"3,200,21"
14996,"10,64,93"
14997,"169,199,170"
14998,"24,43,23"
14999,"10,93,64"
15000,"40,160,315"
15001,"3,147,148"
15002,"169,199,40"
15003,"72,44,10"
15004,"169,170,171"
15005,"118,23,74"
15006,"40,131,134"
15007,"49,23,24"
15008,"49,23,24"
15009,"40,169,170"
15010,"3,17,21"
15011,"23,24,10"
15012,"40,128,0"
15013,"40,41,3"
15014,"10,44,11"
15015,"3,4,15"
15016,"170,171,169"
15017,"3,21,200"
15018,"145,40,44"
15019,"171,170,169"
15020,"23,74,38"
15021,"169,199"
15022,"40,128,41"
15023,"10,64,93"
15024,"3,301,21"
15025,"8,0,23"
15026,"3,17,21"
15027,"3,21,40"
15028,"40,131,0"
15029,"40,131"
15030,"23,74,38"
15031,"0,26,271"
15032,"40,17,3"
15033,"3,147,148"
15034,"3,301,21"
15035,"3,147,148"
15036,"3,4,5"
15037,"3,21,200"
15038,"0,199,169"
15039,"0,216,211"
15040,"220,10"
15041,"169,426,199"
15042,"10,64,489"
15043,"0,206,8"
15044,"3,40,21"
15045,"3,40,21"
15046,"3,4,435"
15047,"0,23,26"
15048,"40,23,38"
15049,"10,64,93"
15050,"135,236,40"
15051,"4,3,435"
15052,"3,187,199"
15053,"169,199,251"
15054,"0,211,216"
15055,"309,23,38"
15056,"0,8,216"
15057,"40,145,131"
15058,"3,21,148"
15059,"370,0,216"
15060,"10,64,93"
15061,"199,169"
15062,"147,3,148"
15063,"199,169"
15064,"10,44,11"
15065,"169,170,8"
15066,"40,41,286"
15067,"3,148,21"
15068,"3,21,148"
15069,"3,199,169"
15070,"3,0,148"
15071,"3,4,435"
15072,"3,147,148"
15073,"3,111,112"
15074,"40,135,295"
15075,"169,3,10"
15076,"3,148,147"
15077,"43,24,23"
15078,"220,10"
15079,"3,147,148"
15080,"24,181,23"
15081,"0,26,8"
15082,"49,24,23"
15083,"40,23,74"
15084,"40,131"
15085,"10,64,24"
15086,"10,220"
15087,"0,265,271"
15088,"118,23,74"
15089,"26,0,313"
15090,"169,0,170"
15091,"4,3,435"
15092,"3,148,147"
15093,"40,402,145"
15094,"3,21,148"
15095,"169,170,3"
15096,"40,160,41"
15097,"72,44,10"
15098,"0,216,211"
15099,"0,128,129"
15100,"40,118,41"
15101,"40,41,3"
15102,"3,275,111"
15103,"17,3,18"
15104,"3,200,148"
15105,"0,49,265"
15106,"23,24,43"
15107,"0,169,199"
15108,"10,44,145"
15109,"38,23,74"
15110,"169,170,337"
15111,"3,21,13"
15112,"23,74,38"
15113,"10,220,23"
15114,"40,146,145"
15115,"40,131,134"
15116,"147,156,225"
15117,"10,44,59"
15118,"44,145,62"
15119,"199,169,0"
15120,"147,3,148"
15121,"3,15,200"
15122,"402,145,40"
15123,"23,38,62"
15124,"23,10,40"
15125,"40,3,131"
15126,"3,4"
15127,"220,10"
15128,"0,211,212"
15129,"231,26,23"
15130,"40,131,128"
15131,"220,40,10"
15132,"10,64,239"
15133,"3,4,435"
15134,"3,4,148"
15135,"3,4,183"
15136,"40,175,128"
15137,"138,135,40"
15138,"40,160,131"
15139,"38,23,40"
15140,"0,26,346"
15141,"23,84,38"
15142,"3,15,148"
15143,"23,24,43"
15144,"10,220"
15145,"32,23,31"
15146,"3,21,40"
15147,"169,0,170"
15148,"0,313,346"
15149,"43,24,23"
15150,"40,145,131"
15151,"10,64,93"
15152,"220,10"
15153,"3,40,100"
15154,"3,21,200"
15155,"31,23,169"
15156,"169,199,3"
15157,"0,216,313"
15158,"23,32,24"
15159,"3,147,148"
15160,"49,23,24"
15161,"171,170,169"
15162,"3,28,21"
15163,"0,23,26"
15164,"10,220"
15165,"199,169,49"
15166,"3,0,200"
15167,"169,296,337"
15168,"3,147,148"
15169,"40,199,160"
15170,"23,38,74"
15171,"4,3,435"
15172,"3,4,435"
15173,"181,24,43"
15174,"199,169"
15175,"3,40,17"
15176,"181,43,323"
15177,"199,169"
15178,"3,147,148"
15179,"38,23,145"
15180,"3,21,40"
15181,"3,21,200"
15182,"25,10,220"
15183,"220,10"
15184,"3,15,200"
15185,"169,296,170"
15186,"23,74,38"
15187,"32,31,23"
15188,"0,271,216"
15189,"40,145,10"
15190,"3,4,435"
15191,"206,0,8"
15192,"3,21,200"
15193,"23,38,74"
15194,"3,147,148"
15195,"40,145,44"
15196,"0,169,170"
15197,"3,147,148"
15198,"3,5,133"
15199,"40,131"
15200,"169,40,199"
15201,"40,128,129"
15202,"3,68,200"
15203,"49,23,24"
15204,"40,145,44"
15205,"0,271"
15206,"3,148,147"
15207,"3,21,169"
15208,"3,21,17"
15209,"0,271,265"
15210,"220,10"
15211,"10,220"
15212,"3,187,21"
15213,"3,199,148"
15214,"145,44,40"
15215,"3,21,40"
15216,"0,271"
15217,"23,74,38"
15218,"10,11,69"
15219,"40,128,175"
15220,"145,44,45"
15221,"0,211,212"
15222,"23,24,43"
15223,"169,170,0"
15224,"26,350,0"
15225,"40,23,38"
15226,"40,131,241"
15227,"72,44,10"
15228,"169,23,38"
15229,"40,131"
15230,"10,64,93"
15231,"0,26,346"
15232,"0,218,216"
15233,"10,3,13"
15234,"169,170,296"
15235,"402,145,40"
15236,"3,21,200"
15237,"431,199,40"
15238,"199,169"
15239,"220,10"
15240,"145,24,44"
15241,"23,231,128"
15242,"169,170,199"
15243,"10,59,11"
15244,"64,10,524"
15245,"3,21,200"
15246,"10,64"
15247,"0,271,8"
15248,"32,23,31"
15249,"32,23,31"
15250,"3,147,148"
15251,"199,169,223"
15252,"145,44,10"
15253,"48,23,10"
15254,"74,23,307"
15255,"0,216,271"
15256,"0,271"
15257,"199,169"
15258,"40,131"
15259,"40,131"
15260,"3,111,148"
15261,"3,21,200"
15262,"40,131,23"
15263,"145,10,220"
15264,"220,10"
15265,"23,38,74"
15266,"40,131"
15267,"23,74,38"
15268,"40,135,138"
15269,"128,3,49"
15270,"0,265,271"
15271,"3,187,21"
15272,"3,169,199"
15273,"10,11,205"
15274,"10,220"
15275,"0,271"
15276,"171,170,169"
15277,"3,21,148"
15278,"169,170,199"
15279,"10,64"
15280,"3,4,435"
15281,"3,21,148"
15282,"23,38,74"
15283,"23,74,40"
15284,"72,44,145"
15285,"26,89,23"
15286,"3,21,41"
15287,"169,199,170"
15288,"169,0,199"
15289,"3,147,148"
15290,"10,220"
15291,"3,21,200"
15292,"3,17,21"
15293,"3,17,200"
15294,"10,24,43"
15295,"10,64"
15296,"145,24,10"
15297,"10,11,69"
15298,"0,265,340"
15299,"169,337,339"
15300,"3,21,148"
15301,"3,21,40"
15302,"3,4,28"
15303,"31,23,328"
15304,"296,169,460"
15305,"40,131,134"
15306,"131,40,134"
15307,"199,169,23"
15308,"10,239,49"
15309,"145,44,73"
15310,"40,48,3"
15311,"199,169,431"
15312,"3,21,148"
15313,"199,169,0"
15314,"40,131,241"
15315,"199,169"
15316,"0,271,265"
15317,"40,128,41"
15318,"3,4,435"
15319,"145,40,23"
15320,"169,199,426"
15321,"0,271"
15322,"23,10,74"
15323,"0,271,8"
15324,"0,199,169"
15325,"0,271,265"
15326,"169,199,170"
15327,"0,271,280"
15328,"3,148,40"
15329,"72,44,145"
15330,"26,0,89"
15331,"17,3,18"
15332,"0,235,8"
15333,"169,199,170"
15334,"220,10"
15335,"3,147,148"
15336,"74,23,40"
15337,"3,21,187"
15338,"3,147,148"
15339,"40,131,145"
15340,"0,8,265"
15341,"38,169,199"
15342,"21,3,40"
15343,"23,74,62"
15344,"206,0,8"
15345,"3,15,148"
15346,"10,11,69"
15347,"3,200,148"
15348,"3,200,15"
15349,"199,169,170"
15350,"3,148,147"
15351,"0,271,216"
15352,"170,169"
15353,"10,64"
15354,"40,128,306"
15355,"44,145,10"
15356,"23,38,0"
15357,"0,26,216"
15358,"44,23,62"
15359,"40,131"
15360,"10,59,205"
15361,"3,0,40"
15362,"112,111,3"
15363,"3,21,301"
15364,"40,23,145"
15365,"10,93,64"
15366,"40,131"
15367,"23,38,107"
15368,"40,131,134"
15369,"44,145,45"
15370,"40,131,128"
15371,"3,148,21"
15372,"49,169,170"
15373,"40,135,74"
15374,"3,21,148"
15375,"145,44,23"
15376,"23,49,24"
15377,"40,131,128"
15378,"0,10,8"
15379,"23,38,26"
15380,"0,8,271"
15381,"0,211,216"
15382,"0,271,216"
15383,"181,323,518"
15384,"3,17,147"
15385,"32,3,147"
15386,"199,169"
15387,"10,93,64"
15388,"40,128,346"
15389,"40,23,131"
15390,"3,15,16"
15391,"26,0,23"
15392,"3,28,21"
15393,"3,148,21"
15394,"23,24,40"
15395,"123,3,111"
15396,"328,40,31"
15397,"160,315,40"
15398,"220,10"
15399,"220,10"
15400,"181,323,169"
15401,"0,271,366"
15402,"10,24,49"
15403,"169,0,199"
15404,"40,145,0"
15405,"10,64,239"
15406,"3,17"
15407,"23,31,38"
15408,"0,26,271"
15409,"3,4,435"
15410,"3,147,148"
15411,"3,15,46"
15412,"0,271"
15413,"15,3,16"
15414,"169,13,74"
15415,"23,0,74"
15416,"234,10,24"
15417,"40,184,131"
15418,"220,10"
15419,"3,53,23"
15420,"0,271,216"
15421,"23,48,38"
15422,"38,23,74"
15423,"0,8,327"
15424,"169,31,23"
15425,"0,235,271"
15426,"0,271"
15427,"199,169"
15428,"40,131"
15429,"0,271,216"
15430,"23,24,43"
15431,"23,24,43"
15432,"40,3,41"
15433,"23,32,31"
15434,"10,93,64"
15435,"145,44,45"
15436,"40,21,3"
15437,"3,21,200"
15438,"10,220"
15439,"3,170,169"
15440,"26,23,89"
15441,"10,11,239"
15442,"145,23,44"
15443,"145,40,44"
15444,"10,24,43"
15445,"3,148,21"
15446,"84,74,23"
15447,"40,3,21"
15448,"40,10,139"
15449,"38,23,74"
15450,"169,199,170"
15451,"40,123,41"
15452,"160,40,315"
15453,"169,426,199"
15454,"0,3,216"
15455,"3,21,148"
15456,"3,147,148"
15457,"40,26,89"
15458,"3,21,200"
15459,"135,138,40"
15460,"44,145,45"
15461,"0,235,8"
15462,"3,21,40"
15463,"3,21,148"
15464,"44,73,145"
15465,"3,21,40"
15466,"8,0,169"
15467,"0,313,314"
15468,"10,23,71"
15469,"3,148,147"
15470,"44,145,45"
15471,"0,211,216"
15472,"0,271,218"
15473,"23,74,38"
15474,"220,10"
15475,"3,112,111"
15476,"40,131,139"
15477,"10,11,69"
15478,"199,169,251"
15479,"145,40,44"
15480,"17,3,10"
15481,"199,169,259"
15482,"145,40,44"
15483,"199,169"
15484,"3,68,147"
15485,"23,74,38"
15486,"23,38,74"
15487,"0,211,212"
15488,"3,187,17"
15489,"3,15,17"
15490,"199,169,0"
15491,"23,24,44"
15492,"169,199,170"
15493,"3,21,200"
15494,"3,4,435"
15495,"181,40,10"
15496,"170,169,171"
15497,"199,169"
15498,"0,271,280"
15499,"3,337,169"
15500,"0,271,265"
15501,"3,147,148"
15502,"10,93,64"
15503,"40,131"
15504,"23,24,10"
15505,"40,41,224"
15506,"169,199,0"
15507,"138,40,135"
15508,"3,21,200"
15509,"62,23,24"
15510,"38,23,87"
15511,"271,0"
15512,"10,64,24"
15513,"3,147,148"
15514,"169,170,199"
15515,"296,23,169"
15516,"40,131,128"
15517,"32,23,31"
15518,"10,59,24"
15519,"169,199,170"
15520,"181,40,323"
15521,"40,184,131"
15522,"181,145,323"
15523,"3,17,10"
15524,"0,216,211"
15525,"40,41,3"
15526,"494,40,184"
15527,"3,5,133"
15528,"169,31,171"
15529,"0,271,216"
15530,"3,21,200"
15531,"40,131,134"
15532,"3,148,21"
15533,"169,8,405"
15534,"10,64,93"
15535,"3,4,147"
15536,"40,131,193"
15537,"40,131,128"
15538,"48,309,38"
15539,"10,11,44"
15540,"170,169,199"
15541,"231,26,23"
15542,"23,26,38"
15543,"231,26,23"
15544,"3,148,147"
15545,"10,64,11"
15546,"3,21,200"
15547,"181,145,24"
15548,"3,21,148"
15549,"3,13,40"
15550,"93,10,64"
15551,"3,40,199"
15552,"23,24,181"
15553,"23,38,26"
15554,"10,220,40"
15555,"0,8,391"
15556,"10,93,64"
15557,"3,148,21"
15558,"3,4"
15559,"23,24,49"
15560,"3,21,200"
15561,"220,10"
15562,"3,21,148"
15563,"40,131"
15564,"3,200,53"
15565,"4,3,435"
15566,"3,147,148"
15567,"43,23,24"
15568,"181,145,40"
15569,"24,43,23"
15570,"169,40,199"
15571,"3,187,34"
15572,"10,64"
15573,"3,41,40"
15574,"169,170,0"
15575,"0,206,8"
15576,"17,3,11"
15577,"23,24,43"
15578,"10,93,64"
15579,"199,169"
15580,"0,26,271"
15581,"0,271,3"
15582,"23,38,107"
15583,"0,8,206"
15584,"0,265,8"
15585,"220,10"
15586,"3,4,70"
15587,"10,64,402"
15588,"169,170,10"
15589,"170,171,169"
15590,"74,23,165"
15591,"23,38,24"
15592,"10,93,64"
15593,"0,23,40"
15594,"3,13,40"
15595,"10,220"
15596,"402,145,40"
15597,"3,21,148"
15598,"40,146,145"
15599,"0,271,216"
15600,"3,111,200"
15601,"3,147,148"
15602,"23,38,74"
15603,"23,31,169"
15604,"169,170,0"
15605,"40,145,23"
15606,"3,21,200"
15607,"169,170,0"
15608,"0,8,235"
15609,"40,131"
15610,"3,21,301"
15611,"187,21,3"
15612,"23,38,74"
15613,"3,147,148"
15614,"13,10,11"
15615,"402,145,40"
15616,"118,74,23"
15617,"129,128,40"
15618,"10,64,145"
15619,"10,93,64"
15620,"10,64,145"
15621,"3,21,40"
15622,"40,131,23"
15623,"40,184,131"
15624,"199,169"
15625,"128,40,129"
15626,"3,21,148"
15627,"0,8,270"
15628,"199,169"
15629,"3,4,435"
15630,"3,21,200"
15631,"40,128,131"
15632,"0,216,8"
15633,"170,169,199"
15634,"3,15,16"
15635,"0,313,3"
15636,"64,10,145"
15637,"40,315,160"
15638,"145,54,146"
15639,"40,128,131"
15640,"0,271,216"
15641,"10,44,145"
15642,"0,279,216"
15643,"40,128,41"
15644,"146,40,145"
15645,"38,23,309"
15646,"0,346,313"
15647,"0,235,8"
15648,"147,3,148"
15649,"3,187,21"
15650,"0,216,169"
15651,"3,15,16"
15652,"405,8,169"
15653,"10,370,64"
15654,"3,21,170"
15655,"3,21,199"
15656,"188,3,4"
15657,"40,131"
15658,"10,64,93"
15659,"44,145,40"
15660,"0,271"
15661,"3,21,200"
15662,"38,23,74"
15663,"38,23,24"
15664,"0,271,265"
15665,"199,169"
15666,"3,147,156"
15667,"128,40,13"
15668,"40,128,129"
15669,"169,23,199"
15670,"74,118,23"
15671,"0,271,216"
15672,"145,402,44"
15673,"220,10"
15674,"10,220,44"
15675,"3,17,187"
15676,"0,271,216"
15677,"0,8,216"
15678,"74,23,307"
15679,"23,38,24"
15680,"431,199,40"
15681,"171,170,169"
15682,"0,271"
15683,"0,271,255"
15684,"3,40,21"
15685,"3,147,148"
15686,"145,24,43"
15687,"199,169"
15688,"3,21,187"
15689,"23,49,24"
15690,"0,38,26"
15691,"40,184,131"
15692,"128,40,129"
15693,"10,44,145"
15694,"199,169"
15695,"0,271,265"
15696,"4,3,435"
15697,"44,45,69"
15698,"49,24,23"
15699,"23,74,38"
15700,"10,93,239"
15701,"175,23,74"
15702,"0,206,8"
15703,"169,199,170"
15704,"4,3,435"
15705,"3,147,148"
15706,"3,21,148"
15707,"15,3,16"
15708,"3,40,41"
15709,"0,313,271"
15710,"301,3,85"
15711,"3,4"
15712,"40,10,145"
15713,"4,3,7"
15714,"40,131"
15715,"170,169,72"
15716,"40,131"
15717,"23,43,24"
15718,"169,199,0"
15719,"40,23,184"
15720,"220,10"
15721,"3,4,435"
15722,"171,170,169"
15723,"3,13,10"
15724,"31,3,23"
15725,"0,31,40"
15726,"426,169,508"
15727,"3,4,15"
15728,"199,169"
15729,"40,131,128"
15730,"170,169,40"
15731,"3,200,21"
15732,"0,271,216"
15733,"350,0,26"
15734,"3,21,40"
15735,"3,133,5"
15736,"23,38,74"
15737,"0,271,216"
15738,"49,23,24"
15739,"10,23,40"
15740,"49,24,23"
15741,"0,313,26"
15742,"0,271,216"
15743,"0,265,271"
15744,"23,38,10"
15745,"23,24,38"
15746,"72,44,10"
15747,"10,44,11"
15748,"24,23,43"
15749,"0,271,10"
15750,"3,17,15"
15751,"3,21,187"
15752,"296,169,306"
15753,"0,206,8"
15754,"17,3"
15755,"4,3,435"
15756,"3,4,200"
15757,"23,24,38"
15758,"40,131"
15759,"61,72,60"
15760,"44,145,45"
15761,"38,23,175"
15762,"26,0,23"
15763,"40,128,129"
15764,"40,41,3"
15765,"199,169"
15766,"224,41,3"
15767,"3,96,17"
15768,"32,23,31"
15769,"3,21,40"
15770,"3,21,200"
15771,"169,170,337"
15772,"309,38,23"
15773,"169,199,170"
15774,"0,271,265"
15775,"0,271,216"
15776,"206,0,8"
15777,"40,128,186"
15778,"145,44,40"
15779,"24,23,43"
15780,"171,170,169"
15781,"3,10,13"
15782,"0,313,346"
15783,"10,64"
15784,"3,21,4"
15785,"402,40,145"
15786,"26,23,38"
15787,"40,145,23"
15788,"3,21,200"
15789,"10,11,69"
15790,"10,64,93"
15791,"169,170,199"
15792,"3,301,85"
15793,"10,220,64"
15794,"0,10,8"
15795,"220,10"
15796,"3,5,133"
15797,"3,21,200"
15798,"4,3,435"
15799,"0,59,218"
15800,"10,220"
15801,"40,307,139"
15802,"3,21,41"
15803,"170,171,169"
15804,"3,523,147"
15805,"4,3,435"
15806,"128,0,328"
15807,"0,271,216"
15808,"169,3,170"
15809,"169,199,296"
15810,"40,145,402"
15811,"74,23,165"
15812,"40,41,128"
15813,"10,220"
15814,"41,40,224"
15815,"3,147,148"
15816,"199,169"
15817,"23,118,74"
15818,"169,10,170"
15819,"0,59,218"
15820,"72,10,44"
15821,"3,21,200"
15822,"44,72,23"
15823,"44,45,145"
15824,"199,169"
15825,"40,131"
15826,"23,38,24"
15827,"0,23,26"
15828,"169,170,0"
15829,"0,265,340"
15830,"3,147,21"
15831,"17,3,18"
15832,"3,21,40"
15833,"402,145,220"
15834,"25,10,23"
15835,"3,187,17"
15836,"23,84,74"
15837,"38,23,74"
15838,"40,184,131"
15839,"10,93,64"
15840,"169,199,170"
15841,"40,169,199"
15842,"337,169,339"
15843,"10,64,26"
15844,"15,3,16"
15845,"64,10"
15846,"72,44,10"
15847,"49,23,24"
15848,"10,64,11"
15849,"23,38,26"
15850,"48,309,38"
15851,"23,38,175"
15852,"3,48,40"
15853,"23,24,43"
15854,"171,170,169"
15855,"38,23"
15856,"146,40,145"
15857,"4,3,435"
15858,"3,147,148"
15859,"23,38,0"
15860,"26,23,231"
15861,"0,8,206"
15862,"49,23,24"
15863,"3,4,435"
15864,"220,10"
15865,"23,74,40"
15866,"0,265,340"
15867,"3,15,187"
15868,"0,271,216"
15869,"10,11,221"
15870,"40,315,160"
15871,"24,181,43"
15872,"49,23,24"
15873,"3,21,17"
15874,"0,271,216"
15875,"40,175,128"
15876,"0,271,218"
15877,"10,93,64"
15878,"23,40,24"
15879,"40,41,21"
15880,"40,23,287"
15881,"3,148,147"
15882,"0,265,169"
15883,"10,23,72"
15884,"49,23,24"
15885,"3,170,169"
15886,"26,23,89"
15887,"40,23,74"
15888,"10,169,60"
15889,"0,366,271"
15890,"3,21,148"
15891,"40,128,186"
15892,"3,4,435"
15893,"199,3,169"
15894,"0,211,212"
15895,"4,3,435"
15896,"307,40,74"
15897,"40,250,128"
15898,"0,235,218"
15899,"31,328,426"
15900,"26,350,23"
15901,"0,218,271"
15902,"44,145,45"
15903,"220,10"
15904,"0,265,271"
15905,"3,169,199"
15906,"23,38,74"
15907,"170,171,169"
15908,"3,21,200"
15909,"40,3,147"
15910,"26,23,38"
15911,"40,250,128"
15912,"0,279,216"
15913,"199,169"
15914,"3,40,53"
15915,"3,21,148"
15916,"40,135,74"
15917,"40,131"
15918,"0,271,218"
15919,"138,135,40"
15920,"206,8,0"
15921,"3,15,148"
15922,"10,64,93"
15923,"220,10"
15924,"220,10"
15925,"10,64,93"
15926,"40,131"
15927,"8,206,0"
15928,"3,21,17"
15929,"199,169"
15930,"10,93,64"
15931,"0,457,218"
15932,"3,40,21"
15933,"3,187,15"
15934,"49,23,24"
15935,"199,169"
15936,"23,24,38"
15937,"3,133,10"
15938,"10,402,220"
15939,"199,3,187"
15940,"169,8,405"
15941,"118,23,74"
15942,"40,131"
15943,"402,145,40"
15944,"199,169"
15945,"23,38,145"
15946,"3,147,148"
15947,"23,24,10"
15948,"38,23,309"
15949,"3,187,21"
15950,"199,169,0"
15951,"10,220"
15952,"40,41,224"
15953,"220,10"
15954,"402,40,145"
15955,"44,145,45"
15956,"3,148,21"
15957,"0,271,216"
15958,"40,151,494"
15959,"3,4,7"
15960,"40,3,21"
15961,"40,3,32"
15962,"0,265,340"
15963,"3,17,200"
15964,"3,15,200"
15965,"38,23,40"
15966,"3,21,200"
15967,"10,93,64"
15968,"0,206,369"
15969,"0,216,370"
15970,"74,165,23"
15971,"3,148,147"
15972,"169,199,3"
15973,"145,44,40"
15974,"220,10"
15975,"10,49,24"
15976,"23,24,181"
15977,"10,220,0"
15978,"3,15,200"
15979,"3,187,21"
15980,"145,44,40"
15981,"220,10,0"
15982,"0,271"
15983,"72,44,10"
15984,"0,271"
15985,"3,148,147"
15986,"220,10"
15987,"23,74,38"
15988,"0,3,265"
15989,"38,309,48"
15990,"3,21,41"
15991,"220,10"
15992,"10,23,40"
15993,"26,0,23"
15994,"44,145,45"
15995,"169,170,38"
15996,"10,11,69"
15997,"89,26,0"
15998,"3,21,200"
15999,"199,169"
16000,"40,315,160"
16001,"40,128,129"
16002,"10,64"
16003,"3,4,435"
16004,"145,402,40"
16005,"169,199,3"
16006,"24,23,43"
16007,"40,234,152"
16008,"170,171,169"
16009,"3,147,148"
16010,"0,271,218"
16011,"74,23,283"
16012,"40,41,224"
16013,"3,133,200"
16014,"3,21,200"
16015,"71,23,74"
16016,"0,271"
16017,"10,24,23"
16018,"40,146,145"
16019,"40,17,10"
16020,"199,169"
16021,"3,111,148"
16022,"3,21,301"
16023,"23,24,3"
16024,"169,199,170"
16025,"44,45,145"
16026,"220,10"
16027,"0,169,216"
16028,"40,3,148"
16029,"3,21,147"
16030,"10,93,64"
16031,"40,21,3"
16032,"10,64,24"
16033,"3,133,21"
16034,"0,271,265"
16035,"10,220"
16036,"0,169,216"
16037,"38,23,93"
16038,"10,0"
16039,"40,41,21"
16040,"0,218,8"
16041,"0,40,128"
16042,"3,148,200"
16043,"206,8,0"
16044,"3,15,16"
16045,"296,169,526"
16046,"40,21,3"
16047,"220,402,10"
16048,"3,147,148"
16049,"40,131,128"
16050,"145,44,10"
16051,"23,74,38"
16052,"138,40,135"
16053,"40,131"
16054,"32,31,23"
16055,"3,200,15"
16056,"169,199"
16057,"23,26,0"
16058,"40,41,128"
16059,"0,206,8"
16060,"220,10,454"
16061,"0,26,271"
16062,"3,4,435"
16063,"181,10,40"
16064,"3,21,148"
16065,"0,3,218"
16066,"3,40,10"
16067,"0,271"
16068,"3,21,200"
16069,"40,128,250"
16070,"0,271,216"
16071,"3,200,21"
16072,"3,17,10"
16073,"169,426,170"
16074,"107,118,23"
16075,"40,23,74"
16076,"160,40,315"
16077,"40,160,315"
16078,"0,218,271"
16079,"199,169,71"
16080,"0,271,218"
16081,"3,4,200"
16082,"26,89,23"
16083,"3,21,148"
16084,"10,64,145"
16085,"3,40,21"
16086,"3,147,148"
16087,"169,199"
16088,"40,131"
16089,"309,38,48"
16090,"309,38,250"
16091,"10,64,93"
16092,"3,4,200"
16093,"220,402,10"
16094,"0,26,231"
16095,"3,147,148"
16096,"0,206,8"
16097,"199,169,170"
16098,"23,38,26"
16099,"3,4,435"
16100,"0,271"
16101,"63,23,38"
16102,"0,235,8"
16103,"10,64"
16104,"147,225,156"
16105,"3,0,17"
16106,"48,38,169"
16107,"3,0,5"
16108,"220,10"
16109,"3,147,156"
16110,"38,23,74"
16111,"3,17,40"
16112,"271,0"
16113,"10,145,44"
16114,"3,21,40"
16115,"0,8,206"
16116,"220,10"
16117,"10,64"
16118,"10,11,44"
16119,"23,38,74"
16120,"40,131,134"
16121,"3,120,23"
16122,"40,3,135"
16123,"13,3,150"
16124,"0,271,366"
16125,"3,17,21"
16126,"0,271,216"
16127,"199,169,431"
16128,"23,38,74"
16129,"170,171,169"
16130,"40,10,145"
16131,"24,23,43"
16132,"0,211,26"
16133,"3,4,183"
16134,"0,271,265"
16135,"199,169,170"
16136,"40,169,128"
16137,"220,10"
16138,"40,3,21"
16139,"10,11,69"
16140,"3,15,200"
16141,"49,24,23"
16142,"23,26,38"
16143,"31,77,40"
16144,"0,271"
16145,"40,131"
16146,"10,220,145"
16147,"74,40,23"
16148,"181,43,24"
16149,"220,10"
16150,"24,23,43"
16151,"3,21,200"
16152,"43,24,23"
16153,"169,170,38"
16154,"0,26,216"
16155,"3,4,148"
16156,"3,148,147"
16157,"3,17"
16158,"10,44,23"
16159,"49,40,3"
16160,"3,147,148"
16161,"220,10"
16162,"147,3,156"
16163,"23,38,24"
16164,"3,301,21"
16165,"206,0,8"
16166,"10,64"
16167,"3,17"
16168,"3,4"
16169,"10,64,448"
16170,"145,44,23"
16171,"26,350,23"
16172,"3,147,156"
16173,"0,216,370"
16174,"3,147,148"
16175,"199,431,169"
16176,"0,271,211"
16177,"3,21,200"
16178,"0,3,301"
16179,"0,8,216"
16180,"10,295,234"
16181,"3,187,21"
16182,"3,147,148"
16183,"199,169,0"
16184,"24,43,23"
16185,"10,64,11"
16186,"3,4,435"
16187,"199,169,38"
16188,"23,44,49"
16189,"3,200,21"
16190,"23,74,118"
16191,"10,64,489"
16192,"10,44,11"
16193,"10,145,24"
16194,"0,10,216"
16195,"3,21,200"
16196,"40,128,0"
16197,"3,0,128"
16198,"3,21,40"
16199,"24,23,10"
16200,"23,38,24"
16201,"10,64"
16202,"199,169,251"
16203,"3,21,200"
16204,"3,21,200"
16205,"0,271"
16206,"40,128,74"
16207,"3,21,200"
16208,"44,72,10"
16209,"3,4,21"
16210,"15,3,16"
16211,"3,70,4"
16212,"3,4,148"
16213,"169,170,0"
16214,"199,169,251"
16215,"10,64,0"
16216,"23,38,32"
16217,"3,147,148"
16218,"402,145,40"
16219,"3,148,21"
16220,"0,235,8"
16221,"3,21,147"
16222,"49,328,402"
16223,"3,200,85"
16224,"10,40,64"
16225,"40,3,41"
16226,"40,131,128"
16227,"0,206,8"
16228,"3,147,148"
16229,"23,49,38"
16230,"3,13,115"
16231,"23,49,24"
16232,"3,15,21"
16233,"44,10,145"
16234,"10,11,64"
16235,"40,175,23"
16236,"181,23,24"
16237,"10,64"
16238,"10,3,17"
16239,"169,170,199"
16240,"169,199,145"
16241,"3,4,435"
16242,"169,199,170"
16243,"169,199,0"
16244,"169,199,170"
16245,"3,111,267"
16246,"44,145,45"
16247,"21,3,40"
16248,"169,170,199"
16249,"23,74,38"
16250,"220,10"
16251,"0,216,211"
16252,"40,315,160"
16253,"3,21,200"
16254,"3,4,147"
16255,"49,199,169"
16256,"3,200,147"
16257,"10,220,25"
16258,"171,170,169"
16259,"3,40,41"
16260,"0,271,216"
16261,"3,17,21"
16262,"218,509,0"
16263,"41,224,40"
16264,"170,171,169"
16265,"10,64"
16266,"0,169,170"
16267,"3,21,200"
16268,"0,218,216"
16269,"169,199,10"
16270,"169,23,38"
16271,"40,131,142"
16272,"23,38,26"
16273,"10,64,93"
16274,"3,4,435"
16275,"199,169,170"
16276,"3,21,200"
16277,"3,4,435"
16278,"0,216,211"
16279,"40,160,315"
16280,"44,145,40"
16281,"3,21,200"
16282,"32,31,23"
16283,"0,216"
16284,"3,68,111"
16285,"23,74,40"
16286,"40,128,160"
16287,"40,128,131"
16288,"3,200,21"
16289,"23,24,43"
16290,"93,10,64"
16291,"199,169"
16292,"10,60,239"
16293,"40,131,139"
16294,"199,169,10"
16295,"23,38,26"
16296,"220,10"
16297,"402,0,40"
16298,"23,40,38"
16299,"40,131"
16300,"40,41,139"
16301,"40,307,74"
16302,"10,64,239"
16303,"10,220,59"
16304,"0,8,235"
16305,"40,160,315"
16306,"0,206,8"
16307,"3,187,21"
16308,"0,23,26"
16309,"3,40,41"
16310,"3,147,148"
16311,"145,44,25"
16312,"3,147,148"
16313,"40,24,23"
16314,"3,200,21"
16315,"10,64"
16316,"3,17,18"
16317,"10,11,44"
16318,"44,145,45"
16319,"10,64,93"
16320,"23,38,24"
16321,"8,0,128"
16322,"43,24,23"
16323,"0,271,218"
16324,"3,187,21"
16325,"3,15,147"
16326,"0,10,220"
16327,"23,26,0"
16328,"3,21,200"
16329,"3,4"
16330,"26,0,271"
16331,"40,135,138"
16332,"40,131,160"
16333,"44,23,38"
16334,"169,199,170"
16335,"23,38,26"
16336,"3,147,148"
16337,"0,216,211"
16338,"8,0,206"
16339,"3,21,148"
16340,"3,301,21"
16341,"10,169,31"
16342,"0,216,211"
16343,"0,8,23"
16344,"160,315,40"
16345,"40,41,224"
16346,"40,500,41"
16347,"402,145,40"
16348,"40,131,134"
16349,"10,64,93"
16350,"0,211,212"
16351,"23,38,74"
16352,"23,31,24"
16353,"128,0,40"
16354,"10,64,181"
16355,"40,0,128"
16356,"10,220"
16357,"0,169,170"
16358,"40,131"
16359,"199,431,169"
16360,"4,3,435"
16361,"10,64"
16362,"40,131,41"
16363,"3,4,435"
16364,"220,10"
16365,"10,220"
16366,"3,21,127"
16367,"0,279,249"
16368,"3,21,200"
16369,"49,24,23"
16370,"160,40,315"
16371,"32,3,31"
16372,"199,169,494"
16373,"0,271,216"
16374,"169,170,0"
16375,"170,171,169"
16376,"23,38,74"
16377,"3,523,147"
16378,"23,38,63"
16379,"169,0,170"
16380,"40,41,224"
16381,"23,26,0"
16382,"3,200,4"
16383,"3,21,301"
16384,"0,271,216"
16385,"10,64,24"
16386,"63,23,38"
16387,"23,38"
16388,"169,199,170"
16389,"169,199,170"
16390,"10,145,40"
16391,"10,64"
16392,"10,40,64"
16393,"160,40,315"
16394,"3,148,147"
16395,"40,146,145"
16396,"3,4"
16397,"145,44,40"
16398,"49,24,10"
16399,"0,271,231"
16400,"0,3,53"
16401,"10,64,93"
16402,"40,145,44"
16403,"199,169,431"
16404,"3,21,200"
16405,"40,41,118"
16406,"23,74,38"
16407,"10,64"
16408,"0,8,206"
16409,"26,0,23"
16410,"0,206,8"
16411,"3,21,40"
16412,"220,10"
16413,"0,26,23"
16414,"72,23,38"
16415,"0,216,249"
16416,"169,199,251"
16417,"40,41,3"
16418,"3,15,16"
16419,"231,206,8"
16420,"62,10,23"
16421,"40,131,134"
16422,"3,17,21"
16423,"32,23,31"
16424,"3,21,40"
16425,"220,10"
16426,"0,271,216"
16427,"3,4,435"
16428,"3,40,0"
16429,"23,38,26"
16430,"3,147,148"
16431,"44,145,45"
16432,"138,135,40"
16433,"40,145,402"
16434,"40,160,315"
16435,"3,5,147"
16436,"0,211,212"
16437,"145,146,23"
16438,"3,200,21"
16439,"10,220,40"
16440,"118,23,74"
16441,"49,23,24"
16442,"26,231,23"
16443,"10,220,145"
16444,"3,21,301"
16445,"199,169,40"
16446,"3,4,70"
16447,"23,10,38"
16448,"10,11,44"
16449,"23,84,74"
16450,"72,10,44"
16451,"3,17,200"
16452,"4,3,7"
16453,"40,160,315"
16454,"23,74,71"
16455,"3,148,111"
16456,"3,21,200"
16457,"40,128,129"
16458,"23,24,49"
16459,"3,48,118"
16460,"10,72,44"
16461,"147,3,156"
16462,"199,169,3"
16463,"44,145,45"
16464,"10,64,220"
16465,"169,0,296"
16466,"40,128"
16467,"40,131,184"
16468,"0,145,220"
16469,"40,146,145"
16470,"71,23,24"
16471,"26,231,0"
16472,"3,200,21"
16473,"44,10,23"
16474,"4,3,147"
16475,"40,151,160"
16476,"0,211,216"
16477,"23,38,74"
16478,"328,402,40"
16479,"169,199,170"
16480,"3,4,375"
16481,"24,23,43"
16482,"38,40,23"
16483,"40,41,135"
16484,"3,199,169"
16485,"199,431,169"
16486,"199,169,3"
16487,"169,170,296"
16488,"23,74,38"
16489,"296,169,306"
16490,"206,8,0"
16491,"10,93,64"
16492,"3,21,301"
16493,"199,169,251"
16494,"199,169"
16495,"169,199,170"
16496,"3,21,147"
16497,"3,21,200"
16498,"3,17,21"
16499,"40,128,131"
16500,"0,271,216"
16501,"23,24,43"
16502,"40,41,135"
16503,"10,93,64"
16504,"23,38,40"
16505,"3,200,21"
16506,"10,44,72"
16507,"3,287,23"
16508,"3,4,148"
16509,"3,21,200"
16510,"0,169,271"
16511,"23,24,43"
16512,"220,10"
16513,"199,169"
16514,"3,187,21"
16515,"10,239,60"
16516,"40,10,245"
16517,"3,147,148"
16518,"72,44,10"
16519,"40,23,38"
16520,"40,184,185"
16521,"40,3,41"
16522,"3,17"
16523,"3,21,148"
16524,"169,199,426"
16525,"10,11,69"
16526,"169,199,3"
16527,"0,169,271"
16528,"0,211,271"
16529,"24,23,43"
16530,"10,72,44"
16531,"0,279,211"
16532,"3,15,17"
16533,"0,44,145"
16534,"220,10"
16535,"0,271"
16536,"3,17,200"
16537,"40,3,41"
16538,"3,4"
16539,"23,26,350"
16540,"40,131,23"
16541,"10,11,205"
16542,"3,199,169"
16543,"0,271,26"
16544,"3,15,148"
16545,"23,38,0"
16546,"10,11,69"
16547,"170,171,169"
16548,"10,169,40"
16549,"0,216,357"
16550,"40,128,129"
16551,"3,40,148"
16552,"23,24,49"
16553,"169,170,171"
16554,"3,21,187"
16555,"40,131,23"
16556,"0,271"
16557,"10,11,69"
16558,"49,23,24"
16559,"3,169,40"
16560,"40,131"
16561,"49,23,24"
16562,"170,171,169"
16563,"0,265,418"
16564,"3,21,200"
16565,"138,135,40"
16566,"3,17,18"
16567,"199,169,223"
16568,"32,23,31"
16569,"0,216,218"
16570,"10,220"
16571,"220,10"
16572,"147,3,156"
16573,"107,296,169"
16574,"0,271,169"
16575,"220,10"
16576,"44,145,40"
16577,"169,170"
16578,"44,145,45"
16579,"170,171,169"
16580,"10,220"
16581,"26,23,350"
16582,"0,271,216"
16583,"40,23,328"
16584,"3,0,4"
16585,"23,74,38"
16586,"49,23,24"
16587,"145,146,10"
16588,"23,24,44"
16589,"0,271"
16590,"0,216,271"
16591,"10,220"
16592,"40,41,111"
16593,"23,38,24"
16594,"199,169,251"
16595,"3,199,21"
16596,"0,265,271"
16597,"23,49,0"
16598,"3,21,40"
16599,"23,24,38"
16600,"40,131,21"
16601,"71,23,38"
16602,"40,23,24"
16603,"40,131,128"
16604,"3,147,148"
16605,"40,184,131"
16606,"23,40,131"
16607,"23,24,43"
16608,"23,38,40"
16609,"10,93,64"
16610,"169,199,170"
16611,"0,23,24"
16612,"40,41,3"
16613,"23,31,38"
16614,"3,4,148"
16615,"40,250,128"
16616,"23,74,317"
16617,"10,64,93"
16618,"8,26,0"
16619,"0,40,271"
16620,"40,160,128"
16621,"10,64,239"
16622,"107,23,38"
16623,"49,23,24"
16624,"199,169,49"
16625,"23,38,26"
16626,"296,169,306"
16627,"3,147,148"
16628,"220,10"
16629,"3,239,10"
16630,"40,23,38"
16631,"23,24,43"
16632,"8,206,0"
16633,"0,271"
16634,"10,68,93"
16635,"3,40,148"
16636,"23,38,40"
16637,"26,23,0"
16638,"40,160,315"
16639,"4,3,435"
16640,"40,160,315"
16641,"3,111,200"
16642,"40,160,315"
16643,"3,147,148"
16644,"220,10"
16645,"169,199,459"
16646,"0,271,218"
16647,"38,23,309"
16648,"26,23,89"
16649,"40,131"
16650,"40,74,41"
16651,"40,128,186"
16652,"0,271,255"
16653,"23,169,31"
16654,"0,273,249"
16655,"23,74,38"
16656,"3,200,21"
16657,"3,48,21"
16658,"0,206,8"
16659,"4,3,435"
16660,"40,346,169"
16661,"0,265,271"
16662,"40,131"
16663,"0,366,271"
16664,"170,171,169"
16665,"23,38,74"
16666,"40,184,131"
16667,"40,128,131"
16668,"23,74,38"
16669,"3,21,115"
16670,"0,206,8"
16671,"40,131"
16672,"231,26,0"
16673,"10,44,11"
16674,"38,23,74"
16675,"10,64,24"
16676,"0,216,271"
16677,"3,21,48"
16678,"23,26,38"
16679,"0,216,313"
16680,"10,64,93"
16681,"309,38,23"
16682,"3,17,21"
16683,"0,211,216"
16684,"0,216,218"
16685,"40,3,10"
16686,"0,211,212"
16687,"3,147,4"
16688,"118,23,74"
16689,"23,3,24"
16690,"128,40,129"
16691,"10,64"
16692,"23,38,24"
16693,"3,21,148"
16694,"402,145,40"
16695,"44,145,10"
16696,"10,0,59"
16697,"23,31,96"
16698,"3,21,147"
16699,"24,23,10"
16700,"23,38,0"
16701,"23,38,71"
16702,"187,3,21"
16703,"3,10,40"
16704,"220,10"
16705,"40,131,128"
16706,"169,199,170"
16707,"170,169,3"
16708,"40,128,129"
16709,"199,169,10"
16710,"3,17"
16711,"40,128,346"
16712,"3,21,148"
16713,"170,169"
16714,"49,23,24"
16715,"10,64,60"
16716,"145,40,402"
16717,"4,3,435"
16718,"26,23,0"
16719,"10,239,64"
16720,"10,64,11"
16721,"0,169,216"
16722,"169,170,0"
16723,"40,160,41"
16724,"0,235,8"
16725,"170,169,171"
16726,"23,38,24"
16727,"169,337,339"
16728,"169,0,199"
16729,"346,0,313"
16730,"10,72,44"
16731,"199,169,23"
16732,"3,4,15"
16733,"44,145,45"
16734,"40,0,346"
16735,"3,4,435"
16736,"40,41,224"
16737,"3,169,200"
16738,"199,169"
16739,"169,199,405"
16740,"402,145,40"
16741,"23,38,26"
16742,"0,206,8"
16743,"3,40,147"
16744,"3,4,435"
16745,"3,21,128"
16746,"10,44,11"
16747,"26,231,23"
16748,"0,235,8"
16749,"23,38,71"
16750,"170,169,171"
16751,"40,3,153"
16752,"169,199"
16753,"26,0,350"
16754,"23,26,89"
16755,"3,4,147"
16756,"3,111,112"
16757,"199,169,431"
16758,"44,145,45"
16759,"3,301,21"
16760,"4,3,435"
16761,"74,23,31"
16762,"23,26,350"
16763,"199,169,187"
16764,"3,4,10"
16765,"128,40,129"
16766,"3,4,435"
16767,"199,169"
16768,"3,148,200"
16769,"10,44,145"
16770,"118,23,74"
16771,"170,171,169"
16772,"3,21,187"
16773,"199,169,251"
16774,"315,160,40"
16775,"0,211,271"
16776,"10,239,64"
16777,"23,10,48"
16778,"38,23,84"
16779,"23,74,38"
16780,"3,148,21"
16781,"23,74,84"
16782,"44,145,24"
16783,"3,147,148"
16784,"23,3,74"
16785,"40,41,3"
16786,"169,199,0"
16787,"3,21,200"
16788,"3,147,148"
16789,"169,170,8"
16790,"40,135,236"
16791,"3,21,13"
16792,"40,131,193"
16793,"220,10"
16794,"17,3,40"
16795,"3,21,200"
16796,"40,131,134"
16797,"199,169,223"
16798,"23,0,26"
16799,"10,64"
16800,"0,8,206"
16801,"10,220"
16802,"3,148,147"
16803,"3,147,148"
16804,"3,4,375"
16805,"3,21,301"
16806,"40,41,224"
16807,"3,21,200"
16808,"10,3,220"
16809,"10,93,64"
16810,"40,131"
16811,"199,169,431"
16812,"24,23,43"
16813,"23,309,38"
16814,"44,145,23"
16815,"40,131,23"
16816,"0,271,216"
16817,"169,199,170"
16818,"128,40,129"
16819,"72,44,10"
16820,"170,171,169"
16821,"40,128,131"
16822,"3,170,169"
16823,"3,21,200"
16824,"3,40,21"
16825,"40,160,315"
16826,"40,131,128"
16827,"3,147,148"
16828,"3,21,148"
16829,"23,169,296"
16830,"199,169,431"
16831,"0,26,8"
16832,"23,24,38"
16833,"23,38"
16834,"8,26,23"
16835,"3,123,148"
16836,"171,170,169"
16837,"169,135,40"
16838,"3,21,200"
16839,"199,431,169"
16840,"3,23,74"
16841,"23,38,74"
16842,"23,24,43"
16843,"199,431,169"
16844,"3,40,21"
16845,"3,15,200"
16846,"169,199,251"
16847,"40,131,169"
16848,"40,131"
16849,"0,8,206"
16850,"0,271,216"
16851,"0,26,169"
16852,"0,271,366"
16853,"220,10"
16854,"10,72,44"
16855,"3,15,147"
16856,"10,3,506"
16857,"10,323,181"
16858,"24,10,43"
16859,"3,17,15"
16860,"40,131"
16861,"40,131"
16862,"40,145,131"
16863,"23,44,38"
16864,"0,216,271"
16865,"0,26,231"
16866,"44,45,11"
16867,"3,4,435"
16868,"0,206,369"
16869,"10,64"
16870,"3,15,147"
16871,"40,3,41"
16872,"10,64,93"
16873,"17,3,18"
16874,"10,72,11"
16875,"25,10,23"
16876,"199,169,49"
16877,"345,23,24"
16878,"0,220,10"
16879,"3,21,200"
16880,"23,24,10"
16881,"10,11,44"
16882,"3,40,100"
16883,"4,435,3"
16884,"10,3,44"
16885,"0,216,271"
16886,"3,21,200"
16887,"15,3,16"
16888,"15,3,16"
16889,"0,271,291"
16890,"3,147,148"
16891,"23,31,24"
16892,"169,170,8"
16893,"0,59,218"
16894,"40,41,128"
16895,"271,0"
16896,"3,147,148"
16897,"169,0,199"
16898,"220,10"
16899,"10,23,40"
16900,"3,169,170"
16901,"145,44,40"
16902,"135,189,138"
16903,"0,8,235"
16904,"3,40,21"
16905,"4,3,435"
16906,"3,21,148"
16907,"220,10"
16908,"3,147,148"
16909,"44,145,23"
16910,"40,21,3"
16911,"10,93,64"
16912,"44,145,45"
16913,"0,218,216"
16914,"4,3,435"
16915,"0,271,218"
16916,"169,170,337"
16917,"23,38,24"
16918,"3,148,147"
16919,"175,23,40"
16920,"402,145,10"
16921,"23,74,118"
16922,"3,21,187"
16923,"199,169,259"
16924,"10,11,69"
16925,"0,271,231"
16926,"0,271"
16927,"0,271,265"
16928,"10,64"
16929,"170,171,169"
16930,"38,23"
16931,"10,220,25"
16932,"0,216,271"
16933,"40,3,184"
16934,"170,169,3"
16935,"23,38,105"
16936,"169,170,8"
16937,"24,23,10"
16938,"3,13,21"
16939,"0,216,271"
16940,"169,199,251"
16941,"44,145,40"
16942,"220,10"
16943,"26,23,89"
16944,"43,24,23"
16945,"220,10,508"
16946,"128,40,130"
16947,"3,17,21"
16948,"3,17,4"
16949,"40,0,128"
16950,"169,199,170"
16951,"23,38,24"
16952,"23,74,118"
16953,"128,40,129"
16954,"23,24,43"
16955,"0,211,128"
16956,"0,271"
16957,"3,17,148"
16958,"169,170,171"
16959,"220,10"
16960,"3,169,21"
16961,"3,234,62"
16962,"10,220"
16963,"3,28,147"
16964,"0,26,23"
16965,"24,43,23"
16966,"38,23,40"
16967,"328,31,23"
16968,"169,199,170"
16969,"3,21,187"
16970,"10,11,24"
16971,"40,41,3"
16972,"10,3,323"
16973,"0,169,40"
16974,"49,23,24"
16975,"0,8,26"
16976,"3,148,147"
16977,"220,10"
16978,"40,131,134"
16979,"49,23,24"
16980,"3,13,200"
16981,"40,131,145"
16982,"10,64,24"
16983,"23,10,24"
16984,"175,23,40"
16985,"32,199,169"
16986,"10,64,40"
16987,"3,4,435"
16988,"40,3,21"
16989,"128,129,40"
16990,"0,271,255"
16991,"3,147,156"
16992,"3,169,199"
16993,"40,131,193"
16994,"24,43,23"
16995,"296,10,169"
16996,"3,13,200"
16997,"3,15,16"
16998,"220,10"
16999,"40,0,328"
17000,"0,271,216"
17001,"188,15,0"
17002,"199,169"
17003,"3,200,21"
17004,"40,131,3"
17005,"169,128,129"
17006,"23,74,38"
17007,"32,3,31"
17008,"3,0,133"
17009,"10,220"
17010,"23,169,31"
17011,"169,170,296"
17012,"3,21,40"
17013,"145,10,64"
17014,"3,53,200"
17015,"199,169,38"
17016,"3,15,53"
17017,"169,170,10"
17018,"23,24,38"
17019,"3,10,23"
17020,"3,147,148"
17021,"145,44,45"
17022,"169,199,170"
17023,"23,38,26"
17024,"0,216,8"
17025,"169,170,251"
17026,"3,21,148"
17027,"23,40,24"
17028,"40,128,131"
17029,"3,21,148"
17030,"169,199"
17031,"40,128,129"
17032,"23,24,43"
17033,"40,131,128"
17034,"26,89,23"
17035,"44,145,10"
17036,"40,184,128"
17037,"3,147,148"
17038,"3,4,200"
17039,"10,220,64"
17040,"10,49,24"
17041,"4,3,435"
17042,"3,15,200"
17043,"3,40,17"
17044,"0,216,279"
17045,"199,3,169"
17046,"169,199,170"
17047,"10,64,93"
17048,"271,0"
17049,"3,21,148"
17050,"32,23,31"
17051,"0,218,26"
17052,"0,8,26"
17053,"10,64,44"
17054,"169,3,199"
17055,"40,3,38"
17056,"10,64"
17057,"3,40,41"
17058,"199,169"
17059,"0,271"
17060,"3,200,21"
17061,"181,10,323"
17062,"0,271,211"
17063,"3,4,435"
17064,"0,271,216"
17065,"3,40,21"
17066,"3,21,200"
17067,"40,131"
17068,"3,21,200"
17069,"3,187,21"
17070,"0,271,366"
17071,"23,24,10"
17072,"181,170,145"
17073,"10,0,40"
17074,"107,38,23"
17075,"3,111,112"
17076,"10,64,93"
17077,"10,11,69"
17078,"23,74,118"
17079,"3,4,435"
17080,"169,199,170"
17081,"10,64"
17082,"23,40,328"
17083,"23,74,38"
17084,"40,131,241"
17085,"3,21,148"
17086,"10,64"
17087,"32,23,31"
17088,"40,41,3"
17089,"23,74,40"
17090,"40,146,145"
17091,"3,21,200"
17092,"3,147,148"
17093,"23,38,74"
17094,"296,169"
17095,"4,3,7"
17096,"128,40,129"
17097,"3,21,40"
17098,"220,10"
17099,"199,169,3"
17100,"3,148,21"
17101,"170,169,171"
17102,"169,199,0"
17103,"169,199,0"
17104,"3,200,148"
17105,"169,199"
17106,"145,44,10"
17107,"271,0"
17108,"23,24,40"
17109,"40,131"
17110,"3,4,148"
17111,"23,74,62"
17112,"3,21,148"
17113,"3,21,148"
17114,"3,4"
17115,"40,131,23"
17116,"38,23,10"
17117,"3,21,200"
17118,"0,265,235"
17119,"0,271,280"
17120,"26,89,23"
17121,"44,145,45"
17122,"160,40,302"
17123,"160,40,315"
17124,"220,10"
17125,"15,3,16"
17126,"199,169,0"
17127,"169,170,171"
17128,"23,74,38"
17129,"169,0,199"
17130,"10,64,199"
17131,"188,3,4"
17132,"38,23,39"
17133,"43,24,23"
17134,"23,43,24"
17135,"0,218,457"
17136,"0,271,265"
17137,"10,11,44"
17138,"0,26,271"
17139,"3,21,200"
17140,"3,199,169"
17141,"3,4"
17142,"26,23,38"
17143,"3,187,21"
17144,"40,131"
17145,"40,131,17"
17146,"3,21,200"
17147,"0,211,212"
17148,"3,4,375"
17149,"128,129,40"
17150,"220,10"
17151,"24,23,43"
17152,"3,21,17"
17153,"0,271,313"
17154,"3,21,200"
17155,"10,11,44"
17156,"43,145,24"
17157,"199,169,251"
17158,"0,216,271"
17159,"40,160,315"
17160,"0,402,40"
17161,"3,21,200"
17162,"0,8,211"
17163,"181,40,145"
17164,"44,145,45"
17165,"0,26,38"
17166,"3,4,200"
17167,"43,24,23"
17168,"3,17,21"
17169,"43,24,23"
17170,"3,4,435"
17171,"10,229,0"
17172,"49,23,24"
17173,"23,94,38"
17174,"38,10,23"
17175,"128,129,40"
17176,"10,64,93"
17177,"3,21,148"
17178,"199,169,323"
17179,"40,160,315"
17180,"40,160,315"
17181,"220,10"
17182,"145,44,40"
17183,"199,169"
17184,"10,64,93"
17185,"199,169"
17186,"3,21,200"
17187,"0,271,8"
17188,"307,40,74"
17189,"337,169,170"
17190,"10,11"
17191,"40,135,138"
17192,"0,216,8"
17193,"84,23,74"
17194,"220,10"
17195,"199,169,170"
17196,"23,74,38"
17197,"509,218,10"
17198,"170,169,3"
17199,"0,206,8"
17200,"44,145,40"
17201,"3,147,148"
17202,"199,3,169"
17203,"220,10"
17204,"0,8,206"
17205,"10,72,44"
17206,"0,271,216"
17207,"170,169,171"
17208,"147,3,148"
17209,"40,135,23"
17210,"3,21,200"
17211,"26,23,89"
17212,"199,169,40"
17213,"10,220"
17214,"44,145,40"
17215,"23,74,38"
17216,"40,131,193"
17217,"0,8,206"
17218,"3,147,148"
17219,"3,4"
17220,"38,23,39"
17221,"40,41,21"
17222,"10,11,69"
17223,"3,199,169"
17224,"3,17,21"
17225,"3,21,200"
17226,"38,23,24"
17227,"10,64"
17228,"40,23,131"
17229,"3,21,148"
17230,"43,24,23"
17231,"23,38,40"
17232,"199,169,23"
17233,"3,169,111"
17234,"40,160"
17235,"32,23,147"
17236,"3,21,5"
17237,"199,169"
17238,"23,118,74"
17239,"10,64"
17240,"3,5,133"
17241,"3,21,148"
17242,"169,170,199"
17243,"3,4,435"
17244,"24,23,43"
17245,"220,10"
17246,"10,145,44"
17247,"49,24,23"
17248,"3,21,199"
17249,"3,21,48"
17250,"10,220,40"
17251,"15,10,3"
17252,"40,41,224"
17253,"23,38,40"
17254,"38,0,26"
17255,"23,38,74"
17256,"40,17,3"
17257,"74,23,38"
17258,"169,199,26"
17259,"3,21,148"
17260,"170,169"
17261,"40,31,10"
17262,"10,24,145"
17263,"3,21,148"
17264,"38,23,10"
17265,"26,23,38"
17266,"10,93,64"
17267,"170,171,169"
17268,"0,216,271"
17269,"40,41,128"
17270,"4,3,7"
17271,"24,181,23"
17272,"199,169"
17273,"3,21,200"
17274,"40,184,486"
17275,"231,26,44"
17276,"23,38,26"
17277,"0,8,391"
17278,"169,170,199"
17279,"169,296,337"
17280,"3,147,148"
17281,"23,74,24"
17282,"26,23,38"
17283,"3,523,53"
17284,"0,271,216"
17285,"0,26,23"
17286,"0,8,206"
17287,"44,145,45"
17288,"3,147,148"
17289,"40,128,41"
17290,"169,199,170"
17291,"3,21,148"
17292,"3,21,200"
17293,"220,10"
17294,"3,147,148"
17295,"3,21,40"
17296,"220,10"
17297,"169,199,251"
17298,"0,271,218"
17299,"72,44,10"
17300,"74,23,38"
17301,"38,23,74"
17302,"199,169,170"
17303,"169,337,3"
17304,"169,0,337"
17305,"10,64,11"
17306,"3,21,187"
17307,"309,38,48"
17308,"40,128,160"
17309,"199,169,0"
17310,"3,17,187"
17311,"3,148,21"
17312,"10,220"
17313,"3,15,148"
17314,"4,3,435"
17315,"40,135,118"
17316,"10,93,64"
17317,"23,38,74"
17318,"220,10"
17319,"3,4,147"
17320,"3,4,200"
17321,"0,265,271"
17322,"3,187,21"
17323,"239,23,10"
17324,"3,169,21"
17325,"145,40,10"
17326,"3,21,148"
17327,"3,5,133"
17328,"40,160,315"
17329,"0,265,169"
17330,"24,23,62"
17331,"74,23,38"
17332,"17,3,18"
17333,"23,24,10"
17334,"38,23,0"
17335,"220,10"
17336,"3,21,13"
17337,"10,64,11"
17338,"0,271,216"
17339,"10,64"
17340,"40,184,131"
17341,"74,23,38"
17342,"145,40,402"
17343,"38,23,24"
17344,"169,426,199"
17345,"49,24,23"
17346,"40,131"
17347,"0,40,216"
17348,"402,40,145"
17349,"44,145,45"
17350,"38,23,10"
17351,"3,147,148"
17352,"40,135,23"
17353,"74,23,38"
17354,"206,0,8"
17355,"271,0"
17356,"10,64,93"
17357,"10,239,64"
17358,"23,74,38"
17359,"38,23,40"
17360,"74,23,40"
17361,"23,49,24"
17362,"43,24,181"
17363,"0,216,211"
17364,"199,3,169"
17365,"3,147,148"
17366,"26,231,118"
17367,"40,135,184"
17368,"24,43,23"
17369,"40,128,129"
17370,"138,135,40"
17371,"10,220,24"
17372,"10,64,221"
17373,"23,26,38"
17374,"23,38,24"
17375,"220,10"
17376,"0,271,216"
17377,"40,160,131"
17378,"0,169,216"
17379,"40,131"
17380,"0,211,216"
17381,"3,15,4"
17382,"169,199,145"
17383,"23,74,38"
17384,"49,24,23"
17385,"11,69,10"
17386,"49,199,169"
17387,"220,10"
17388,"40,128,186"
17389,"3,15,275"
17390,"234,10,24"
17391,"40,74,160"
17392,"40,146,145"
17393,"220,10"
17394,"220,10"
17395,"199,169,10"
17396,"3,147,148"
17397,"3,53,287"
17398,"11,10,69"
17399,"40,131"
17400,"3,21,200"
17401,"40,41,224"
17402,"24,23,43"
17403,"23,38,24"
17404,"181,10,24"
17405,"26,231,23"
17406,"40,21,17"
17407,"26,231,23"
17408,"32,31,23"
17409,"169,170,10"
17410,"49,23,24"
17411,"3,21,200"
17412,"220,10"
17413,"24,23,43"
17414,"118,74,23"
17415,"40,41,3"
17416,"0,206,8"
17417,"0,8,206"
17418,"328,31,23"
17419,"3,4,435"
17420,"40,160,315"
17421,"145,181,32"
17422,"40,131,184"
17423,"10,64"
17424,"3,147,21"
17425,"64,10,44"
17426,"145,23,402"
17427,"23,24,32"
17428,"138,135"
17429,"23,24,49"
17430,"145,44,10"
17431,"0,220,218"
17432,"169,170,199"
17433,"32,31,23"
17434,"40,3,41"
17435,"170,169,3"
17436,"3,147,148"
17437,"199,169,426"
17438,"145,40,402"
17439,"169,170,199"
17440,"44,145,40"
17441,"0,271,366"
17442,"40,23,38"
17443,"3,148,200"
17444,"0,235,8"
17445,"3,40,111"
17446,"0,8,235"
17447,"199,3,169"
17448,"23,26,89"
17449,"3,4,70"
17450,"0,271,216"
17451,"23,84,74"
17452,"402,145,40"
17453,"199,169,251"
17454,"3,21,200"
17455,"26,23,89"
17456,"3,147,148"
17457,"0,271"
17458,"72,145,61"
17459,"0,23,59"
17460,"220,10"
17461,"40,128,130"
17462,"40,184,131"
17463,"220,10"
17464,"3,21,301"
17465,"199,169"
17466,"26,23,0"
17467,"3,4,200"
17468,"3,111,200"
17469,"23,38,26"
17470,"40,131,128"
17471,"44,145,73"
17472,"40,131"
17473,"10,64"
17474,"10,44,11"
17475,"23,38,107"
17476,"23,38,74"
17477,"169,426,199"
17478,"23,38,32"
17479,"10,220,25"
17480,"10,220"
17481,"3,21,40"
17482,"23,38,24"
17483,"220,10"
17484,"10,64,0"
17485,"0,10,220"
17486,"40,135,295"
17487,"23,74,24"
17488,"3,4,15"
17489,"0,271,216"
17490,"40,23,74"
17491,"234,10,60"
17492,"40,135,128"
17493,"4,3,435"
17494,"40,3,128"
17495,"169,199,426"
17496,"10,64,239"
17497,"23,38,74"
17498,"3,147,148"
17499,"3,40,21"
17500,"3,4,188"
17501,"40,41,128"
17502,"0,218,216"
17503,"10,64,93"
17504,"3,40,17"
17505,"0,271"
17506,"235,0,8"
17507,"0,8,216"
17508,"10,24,145"
17509,"3,21,13"
17510,"10,11,59"
17511,"26,231,23"
17512,"296,169,306"
17513,"10,64,93"
17514,"3,147,5"
17515,"40,199,169"
17516,"23,10,31"
17517,"3,21,301"
17518,"0,216,271"
17519,"40,23,74"
17520,"138,135,40"
17521,"3,147,148"
17522,"3,0,148"
17523,"10,93,40"
17524,"0,265,216"
17525,"40,23,38"
17526,"220,10"
17527,"3,4,435"
17528,"0,271,216"
17529,"40,131"
17530,"0,8"
17531,"199,169"
17532,"23,26,38"
17533,"0,265,271"
17534,"169,337,0"
17535,"23,38,24"
17536,"169,199,170"
17537,"0,8,211"
17538,"199,169"
17539,"0,216,265"
17540,"287,3,53"
17541,"3,147,148"
17542,"23,74,84"
17543,"3,15,200"
17544,"199,3,169"
17545,"169,296,170"
17546,"169,199,426"
17547,"3,21,200"
17548,"40,41,224"
17549,"10,11,220"
17550,"40,3,21"
17551,"199,169"
17552,"0,169,216"
17553,"199,169"
17554,"40,131"
17555,"3,147,148"
17556,"93,10,64"
17557,"0,279,249"
17558,"49,24,23"
17559,"0,206,8"
17560,"0,26,89"
17561,"10,220"
17562,"23,24,31"
17563,"3,21,200"
17564,"206,0,8"
17565,"3,21,200"
17566,"10,64,145"
17567,"3,147,148"
17568,"0,220,10"
17569,"0,271,265"
17570,"3,21,40"
17571,"3,4"
17572,"3,147,21"
17573,"40,160,315"
17574,"3,147,148"
17575,"38,23"
17576,"3,21,127"
17577,"10,64,11"
17578,"49,24,23"
17579,"10,64,524"
17580,"128,40,130"
17581,"10,26,64"
17582,"26,0,350"
17583,"3,21,200"
17584,"169,199,170"
17585,"44,11,10"
17586,"3,4,435"
17587,"0,26,40"
17588,"49,23,24"
17589,"3,200,301"
17590,"10,64,93"
17591,"220,10"
17592,"199,169"
17593,"10,44,145"
17594,"199,169,431"
17595,"3,147,148"
17596,"3,21,169"
17597,"23,38,26"
17598,"129,40,128"
17599,"40,128,129"
17600,"3,133,5"
17601,"72,44,10"
17602,"3,21,148"
17603,"220,10"
17604,"220,10"
17605,"0,271"
17606,"23,74,40"
17607,"3,21,200"
17608,"0,218,271"
17609,"220,10"
17610,"15,3,16"
17611,"170,169"
17612,"3,4,200"
17613,"3,23,53"
17614,"3,21,187"
17615,"3,187,15"
17616,"32,31,23"
17617,"3,6,5"
17618,"23,38,74"
17619,"3,40,21"
17620,"3,32,30"
17621,"0,216,218"
17622,"23,74,38"
17623,"169,170,199"
17624,"169,199,170"
17625,"10,239,11"
17626,"0,218,40"
17627,"40,131,241"
17628,"10,220"
17629,"199,169,3"
17630,"23,74,38"
17631,"145,24,40"
17632,"10,220"
17633,"3,15,16"
17634,"206,8,0"
17635,"49,23,24"
17636,"3,21,187"
17637,"3,21,200"
17638,"24,23,43"
17639,"145,402,10"
17640,"23,38,24"
17641,"40,131,128"
17642,"10,64,24"
17643,"169,170,199"
17644,"3,187,21"
17645,"24,23,43"
17646,"10,44,145"
17647,"8,26,0"
17648,"40,23,128"
17649,"40,3,160"
17650,"3,148,21"
17651,"32,31,23"
17652,"3,21,200"
17653,"10,11,69"
17654,"3,0,21"
17655,"23,31,258"
17656,"170,169,3"
17657,"169,129,199"
17658,"40,131,23"
17659,"32,31,23"
17660,"0,271,216"
17661,"0,26,296"
17662,"24,23,43"
17663,"38,23"
17664,"170,3,169"
17665,"3,200,21"
17666,"3,21,41"
17667,"10,64,11"
17668,"44,10,45"
17669,"0,271,265"
17670,"3,21,200"
17671,"23,38,10"
17672,"169,170,199"
17673,"3,4,435"
17674,"10,220"
17675,"40,131,241"
17676,"220,10"
17677,"23,38,74"
17678,"23,38,26"
17679,"32,23,31"
17680,"220,10"
17681,"169,199,0"
17682,"3,4,70"
17683,"0,8,235"
17684,"23,38,0"
17685,"169,199,170"
17686,"3,15,200"
17687,"23,38,74"
17688,"10,64,93"
17689,"3,17,21"
17690,"3,21,40"
17691,"3,200,17"
17692,"23,26,38"
17693,"169,170,171"
17694,"0,265,218"
17695,"40,128,41"
17696,"40,181,323"
17697,"3,147,148"
17698,"26,23,38"
17699,"199,169,3"
17700,"10,145,44"
17701,"0,59,220"
17702,"169,199,426"
17703,"129,128,40"
17704,"169,199,170"
17705,"145,24,23"
17706,"3,200,4"
17707,"181,40,145"
17708,"235,0,8"
17709,"199,169,431"
17710,"40,41,286"
17711,"0,26,216"
17712,"40,184,131"
17713,"4,3,435"
17714,"23,74,71"
17715,"10,44,220"
17716,"17,3,18"
17717,"40,146,145"
17718,"169,170,199"
17719,"10,44,72"
17720,"23,145,40"
17721,"3,148,147"
17722,"3,147,148"
17723,"40,135,74"
17724,"169,170,199"
17725,"0,271,216"
17726,"40,3,17"
17727,"170,169"
17728,"23,402,49"
17729,"3,21,148"
17730,"181,23,24"
17731,"0,3,10"
17732,"23,38,345"
17733,"15,3,16"
17734,"3,4,435"
17735,"220,10"
17736,"199,169,3"
17737,"43,23,24"
17738,"220,10"
17739,"10,64,44"
17740,"169,199,251"
17741,"169,296,199"
17742,"3,147,148"
17743,"40,146,145"
17744,"4,3,435"
17745,"40,131,41"
17746,"40,128,49"
17747,"4,3,435"
17748,"10,64,24"
17749,"3,147,148"
17750,"23,71,38"
17751,"199,169"
17752,"220,10"
17753,"3,17"
17754,"169,199,405"
17755,"0,23,38"
17756,"10,64,93"
17757,"169,170,171"
17758,"23,24,71"
17759,"10,23,64"
17760,"3,200,21"
17761,"71,23,24"
17762,"23,38,26"
17763,"24,23,43"
17764,"0,10,169"
17765,"40,131,134"
17766,"0,271"
17767,"3,4,148"
17768,"38,23,74"
17769,"3,148,147"
17770,"38,250,23"
17771,"3,199,21"
17772,"40,128,41"
17773,"40,129,128"
17774,"3,15,200"
17775,"3,21,301"
17776,"0,271"
17777,"169,296"
17778,"0,211,212"
17779,"220,10"
17780,"0,216,271"
17781,"38,23,74"
17782,"0,271,216"
17783,"0,271,216"
17784,"220,10"
17785,"0,271"
17786,"3,148,147"
17787,"3,4,15"
17788,"10,64"
17789,"23,40,74"
17790,"169,23,38"
17791,"3,148,147"
17792,"40,128,41"
17793,"220,10"
17794,"3,187,21"
17795,"40,131"
17796,"0,220,218"
17797,"3,21,40"
17798,"40,128,131"
17799,"10,64,93"
17800,"10,220,307"
17801,"3,17"
17802,"3,13,200"
17803,"169,170,171"
17804,"71,23,24"
17805,"170,169,3"
17806,"10,40,426"
17807,"3,21,200"
17808,"3,4"
17809,"3,40,147"
17810,"3,21,40"
17811,"10,24,23"
17812,"40,386,135"
17813,"23,71,38"
17814,"0,271"
17815,"40,23,31"
17816,"43,24,181"
17817,"40,135,41"
17818,"199,3,169"
17819,"170,169,459"
17820,"40,3,21"
17821,"10,169,40"
17822,"3,147,148"
17823,"0,216,271"
17824,"38,241,23"
17825,"40,184,131"
17826,"199,169,323"
17827,"10,93,64"
17828,"0,216,218"
17829,"23,74,38"
17830,"160,40,315"
17831,"3,21,200"
17832,"3,4,17"
17833,"0,271,26"
17834,"10,64,93"
17835,"24,23,145"
17836,"43,24,23"
17837,"44,145,40"
17838,"10,64,93"
17839,"0,8,235"
17840,"44,145,10"
17841,"26,231,23"
17842,"0,265,271"
17843,"10,64,24"
17844,"44,69,62"
17845,"10,11,44"
17846,"206,8,0"
17847,"15,3,16"
17848,"234,10,60"
17849,"4,3,435"
17850,"224,41,40"
17851,"128,129,40"
17852,"3,4,435"
17853,"40,128,129"
17854,"0,26,23"
17855,"0,271,26"
17856,"220,10"
17857,"40,3,41"
17858,"206,8,0"
17859,"199,169"
17860,"145,44,40"
17861,"10,220,145"
17862,"3,170,169"
17863,"10,64,11"
17864,"3,21,17"
17865,"10,64,24"
17866,"234,10,60"
17867,"3,147,148"
17868,"234,10,23"
17869,"48,10,220"
17870,"40,41,224"
17871,"169,337,426"
17872,"169,199,170"
17873,"10,220,44"
17874,"17,3,18"
17875,"220,10,0"
17876,"118,74,23"
17877,"40,131,128"
17878,"0,10,64"
17879,"40,128,195"
17880,"40,131,41"
17881,"0,216,169"
17882,"23,24,43"
17883,"0,271"
17884,"0,231,26"
17885,"0,8,265"
17886,"3,21,148"
17887,"23,40,74"
17888,"128,40,129"
17889,"0,265,327"
17890,"3,21,49"
17891,"3,53,21"
17892,"49,24,23"
17893,"129,128,40"
17894,"169,170,199"
17895,"40,41,118"
17896,"10,23,24"
17897,"199,169,3"
17898,"3,147,148"
17899,"199,169"
17900,"23,38,169"
17901,"3,4,435"
17902,"23,38,74"
17903,"13,3,14"
17904,"199,169"
17905,"0,169,216"
17906,"10,72,44"
17907,"10,220,402"
17908,"3,40,21"
17909,"3,148,147"
17910,"3,147,148"
17911,"23,38,74"
17912,"145,44,402"
17913,"24,43,23"
17914,"3,147,148"
17915,"44,145,45"
17916,"32,23,181"
17917,"10,93,64"
17918,"170,169,171"
17919,"199,169,0"
17920,"0,169,337"
17921,"40,131,241"
17922,"3,4,70"
17923,"3,147,148"
17924,"26,23,89"
17925,"0,235,8"
17926,"23,38,26"
17927,"40,131"
17928,"38,199,23"
17929,"38,23,26"
17930,"0,26,218"
17931,"169,170"
17932,"0,271,216"
17933,"40,131,134"
17934,"3,148,147"
17935,"3,40,21"
17936,"3,187,21"
17937,"3,21,200"
17938,"199,169"
17939,"0,206,8"
17940,"44,40,145"
17941,"24,43,23"
17942,"0,211,1"
17943,"23,24,59"
17944,"38,23,26"
17945,"38,309,23"
17946,"3,147,148"
17947,"23,40,38"
17948,"250,38,23"
17949,"40,41,224"
17950,"3,148,147"
17951,"23,38,24"
17952,"10,23,93"
17953,"3,21,146"
17954,"8,206,0"
17955,"40,128,160"
17956,"169,405,8"
17957,"10,64,11"
17958,"169,40,199"
17959,"0,271,216"
17960,"3,21,40"
17961,"10,72,44"
17962,"3,4,435"
17963,"74,23,38"
17964,"10,220"
17965,"23,24,40"
17966,"44,23,45"
17967,"40,3,21"
17968,"3,267,200"
17969,"0,216,357"
17970,"23,38,74"
17971,"169,199,170"
17972,"3,4,5"
17973,"3,17,148"
17974,"23,74,62"
17975,"206,8,0"
17976,"3,187,169"
17977,"40,131,128"
17978,"10,24,64"
17979,"0,8,235"
17980,"199,169,0"
17981,"3,147,148"
17982,"40,128,131"
17983,"40,128,129"
17984,"40,10,128"
17985,"220,10"
17986,"3,200,388"
17987,"24,43,23"
17988,"199,169"
17989,"23,38,26"
17990,"3,187,21"
17991,"4,3,435"
17992,"3,17,133"
17993,"0,3,113"
17994,"40,175,184"
17995,"44,10,13"
17996,"40,131"
17997,"41,21,40"
17998,"23,10,38"
17999,"199,169"
18000,"10,234,60"
18001,"23,24,72"
18002,"23,38,26"
18003,"220,10"
18004,"220,10"
18005,"23,38,10"
18006,"23,10,25"
18007,"0,40,3"
18008,"0,265,271"
18009,"3,40,4"
18010,"40,41,286"
18011,"3,21,148"
18012,"32,23,31"
18013,"169,296,170"
18014,"199,169"
18015,"171,169,170"
18016,"72,44,10"
18017,"0,218,271"
18018,"128,40,0"
18019,"10,64,24"
18020,"23,74,38"
18021,"220,10"
18022,"23,38,24"
18023,"23,74,24"
18024,"23,24,38"
18025,"3,147,148"
18026,"0,216,271"
18027,"40,131,128"
18028,"38,23,63"
18029,"3,21,200"
18030,"0,8,235"
18031,"3,118,500"
18032,"509,10,44"
18033,"250,23,38"
18034,"10,220"
18035,"3,21,200"
18036,"170,171,169"
18037,"169,296,170"
18038,"169,170,199"
18039,"43,23,24"
18040,"10,11,72"
18041,"169,23,38"
18042,"49,128,40"
18043,"3,111,200"
18044,"40,160,315"
18045,"3,15,133"
18046,"40,146,145"
18047,"10,64,40"
18048,"3,5,133"
18049,"3,200,21"
18050,"23,74,38"
18051,"3,21,40"
18052,"40,146,145"
18053,"32,31,23"
18054,"17,3,18"
18055,"40,10,131"
18056,"3,21,200"
18057,"40,184,131"
18058,"199,169"
18059,"3,17,21"
18060,"40,131"
18061,"40,162,160"
18062,"23,40,26"
18063,"10,24,59"
18064,"4,3,435"
18065,"220,10"
18066,"3,21,367"
18067,"145,40,44"
18068,"3,40,21"
18069,"23,26,38"
18070,"23,74,38"
18071,"10,24,23"
18072,"3,147,148"
18073,"40,184,131"
18074,"3,111,53"
18075,"181,43,145"
18076,"44,45,11"
18077,"40,131,10"
18078,"296,169"
18079,"3,5,133"
18080,"3,21,148"
18081,"23,74,38"
18082,"10,11,239"
18083,"10,64,11"
18084,"414,31,169"
18085,"3,200,21"
18086,"3,148,147"
18087,"3,21,115"
18088,"3,5,148"
18089,"40,160,315"
18090,"10,181,64"
18091,"32,31,23"
18092,"170,169,40"
18093,"44,145,23"
18094,"3,4,200"
18095,"10,93,64"
18096,"169,170,24"
18097,"10,64"
18098,"10,199,169"
18099,"206,0,8"
18100,"44,10,145"
18101,"40,131,241"
18102,"3,4,435"
18103,"10,0,220"
18104,"23,38,137"
18105,"0,23,38"
18106,"40,160,315"
18107,"23,32,31"
18108,"40,131"
18109,"11,10,69"
18110,"40,131,23"
18111,"145,44,40"
18112,"3,21,133"
18113,"3,6,5"
18114,"3,21,200"
18115,"123,111,3"
18116,"3,112,40"
18117,"3,147,148"
18118,"187,3,21"
18119,"3,21,40"
18120,"3,21,148"
18121,"10,64,93"
18122,"24,23,43"
18123,"171,169,170"
18124,"3,147,148"
18125,"220,10"
18126,"4,3,435"
18127,"145,44,10"
18128,"0,271,216"
18129,"43,24,23"
18130,"0,235,8"
18131,"15,3,16"
18132,"220,10"
18133,"3,5,133"
18134,"0,271,216"
18135,"3,147,148"
18136,"0,216,8"
18137,"49,23,24"
18138,"3,13,200"
18139,"10,64"
18140,"38,23,10"
18141,"0,271"
18142,"10,44,145"
18143,"40,131,128"
18144,"3,4,435"
18145,"220,10"
18146,"10,23,24"
18147,"3,147,148"
18148,"40,131,160"
18149,"3,4,435"
18150,"169,199,170"
18151,"23,24,43"
18152,"145,40,402"
18153,"10,64"
18154,"44,0,206"
18155,"10,59,220"
18156,"40,160,73"
18157,"40,135,236"
18158,"74,23,38"
18159,"4,3,435"
18160,"3,21,40"
18161,"3,21,48"
18162,"3,17"
18163,"0,26,40"
18164,"10,64"
18165,"0,271,26"
18166,"40,3,21"
18167,"23,24,62"
18168,"145,40,10"
18169,"3,187,21"
18170,"23,38,24"
18171,"3,21,200"
18172,"24,10,23"
18173,"49,23,24"
18174,"3,21,200"
18175,"169,170,171"
18176,"3,147,148"
18177,"23,38,74"
18178,"271,0"
18179,"3,169,21"
18180,"220,10"
18181,"3,21,200"
18182,"3,148,147"
18183,"3,21,200"
18184,"10,24,64"
18185,"3,15,147"
18186,"3,133,5"
18187,"181,40,24"
18188,"402,145,40"
18189,"10,93,64"
18190,"40,23,74"
18191,"0,271,265"
18192,"13,3,509"
18193,"3,21,200"
18194,"40,131"
18195,"40,41,3"
18196,"23,74,38"
18197,"181,24,43"
18198,"40,128,129"
18199,"23,38,26"
18200,"38,23,0"
18201,"169,170,199"
18202,"44,145,45"
18203,"0,26,23"
18204,"175,40,283"
18205,"3,21,200"
18206,"23,38,26"
18207,"0,271,216"
18208,"145,40,44"
18209,"23,24,43"
18210,"3,147,148"
18211,"3,4,5"
18212,"23,74,62"
18213,"40,48,21"
18214,"40,131,128"
18215,"93,10,64"
18216,"3,15"
18217,"3,53,287"
18218,"3,147,148"
18219,"3,40,21"
18220,"40,128,129"
18221,"0,271"
18222,"3,17,21"
18223,"3,21,148"
18224,"0,26,8"
18225,"296,169,306"
18226,"199,169,3"
18227,"23,40,24"
18228,"10,64"
18229,"40,131"
18230,"23,38,10"
18231,"3,21,200"
18232,"0,8,206"
18233,"23,38,74"
18234,"3,6,5"
18235,"3,147,17"
18236,"3,15,147"
18237,"0,271,313"
18238,"0,366,216"
18239,"23,175,40"
18240,"3,21,200"
18241,"199,169,0"
18242,"23,145,40"
18243,"3,523,53"
18244,"3,21,200"
18245,"3,147,148"
18246,"38,23,309"
18247,"3,13,21"
18248,"169,199,170"
18249,"128,0,93"
18250,"0,211,216"
18251,"170,169"
18252,"220,10"
18253,"3,21,187"
18254,"10,64,448"
18255,"40,41,128"
18256,"3,187,21"
18257,"3,4,435"
18258,"10,220"
18259,"23,74,38"
18260,"38,23"
18261,"3,4,200"
18262,"170,169,171"
18263,"10,62,69"
18264,"402,220,10"
18265,"23,38,26"
18266,"0,271"
18267,"169,170,0"
18268,"10,11,205"
18269,"10,220,24"
18270,"3,40,21"
18271,"3,17,21"
18272,"3,17,15"
18273,"40,128,129"
18274,"3,40,128"
18275,"40,131,17"
18276,"169,170,171"
18277,"0,216,271"
18278,"0,271,211"
18279,"38,23,91"
18280,"40,169,170"
18281,"40,84,145"
18282,"40,41,128"
18283,"3,21,200"
18284,"3,4,435"
18285,"0,271,216"
18286,"3,147,148"
18287,"23,24,49"
18288,"3,21,40"
18289,"10,93,64"
18290,"10,23,24"
18291,"199,169,10"
18292,"23,24,38"
18293,"3,147,148"
18294,"3,147,148"
18295,"3,147,148"
18296,"3,367,4"
18297,"40,128,129"
18298,"0,271,216"
18299,"24,23,10"
18300,"40,131,23"
18301,"40,41,21"
18302,"0,26,23"
18303,"23,38,74"
18304,"41,40,3"
18305,"3,4,21"
18306,"0,271"
18307,"0,218,8"
18308,"0,216,8"
18309,"26,0,271"
18310,"169,337,339"
18311,"169,199,170"
18312,"10,220"
18313,"0,8"
18314,"169,199,0"
18315,"3,4,70"
18316,"206,231,8"
18317,"23,40,131"
18318,"10,64,11"
18319,"170,171,169"
18320,"3,187,21"
18321,"24,23,43"
18322,"24,43,23"
18323,"199,169,307"
18324,"10,64"
18325,"40,21,3"
18326,"26,0,271"
18327,"10,64,220"
18328,"169,199,40"
18329,"3,21,200"
18330,"44,45,145"
18331,"169,170,199"
18332,"3,21,147"
18333,"145,44,40"
18334,"3,147,148"
18335,"40,128,145"
18336,"10,220,24"
18337,"40,160,315"
18338,"10,11,3"
18339,"40,146,145"
18340,"3,200,148"
18341,"3,148,21"
18342,"40,131,128"
18343,"220,10"
18344,"3,148,147"
18345,"10,64,145"
18346,"40,41,307"
18347,"10,93,64"
18348,"3,21,200"
18349,"170,169,171"
18350,"199,169,3"
18351,"169,199,170"
18352,"40,160,315"
18353,"128,40,129"
18354,"40,3,17"
18355,"10,64,93"
18356,"199,169,10"
18357,"3,15,200"
18358,"199,169"
18359,"40,41,128"
18360,"40,131,41"
18361,"3,4,435"
18362,"3,21,133"
18363,"24,43,23"
18364,"3,147,35"
18365,"23,24,38"
18366,"3,17,10"
18367,"38,23,48"
18368,"0,271,265"
18369,"40,160,315"
18370,"0,8,206"
18371,"23,74,38"
18372,"3,21,200"
18373,"169,199,170"
18374,"3,28,21"
18375,"169,306,296"
18376,"10,220,221"
18377,"40,131"
18378,"0,3,313"
18379,"3,4,435"
18380,"3,500,28"
18381,"10,93,64"
18382,"3,199,187"
18383,"0,26,38"
18384,"3,15,147"
18385,"40,131"
18386,"169,199,128"
18387,"145,402,40"
18388,"3,187,21"
18389,"0,216,380"
18390,"271,0"
18391,"40,128,41"
18392,"8,0,26"
18393,"4,3,375"
18394,"0,8,271"
18395,"26,231,23"
18396,"206,0,8"
18397,"3,17,40"
18398,"40,131"
18399,"199,169,0"
18400,"199,169,71"
18401,"3,40,17"
18402,"3,40,21"
18403,"220,10"
18404,"38,23,26"
18405,"10,64,24"
18406,"3,133,5"
18407,"0,216,26"
18408,"3,48,21"
18409,"3,21,200"
18410,"138,135,40"
18411,"44,40,10"
18412,"23,218,0"
18413,"199,169,3"
18414,"145,44,23"
18415,"3,147,148"
18416,"10,64,93"
18417,"3,187,21"
18418,"3,21,40"
18419,"0,271"
18420,"40,160,315"
18421,"170,169,171"
18422,"3,17,21"
18423,"0,216,211"
18424,"40,23,74"
18425,"199,169,170"
18426,"129,128,40"
18427,"3,21,148"
18428,"26,23,89"
18429,"23,74,38"
18430,"23,38,40"
18431,"23,74,234"
18432,"3,148,147"
18433,"40,41,128"
18434,"3,21,148"
18435,"181,40,323"
18436,"40,41,286"
18437,"231,26,23"
18438,"23,74,38"
18439,"3,147,148"
18440,"40,74,169"
18441,"199,169,3"
18442,"3,4,435"
18443,"3,21,68"
18444,"40,145,131"
18445,"72,44,10"
18446,"3,187,21"
18447,"40,41,128"
18448,"145,10,24"
18449,"4,3,435"
18450,"0,211,279"
18451,"38,309,23"
18452,"40,131,184"
18453,"38,23,74"
18454,"0,271"
18455,"0,271"
18456,"40,131"
18457,"3,148,147"
18458,"271,0"
18459,"169,199,170"
18460,"0,206,8"
18461,"23,74,38"
18462,"74,23,38"
18463,"3,21,200"
18464,"26,0,23"
18465,"0,211,212"
18466,"3,21,200"
18467,"10,23,24"
18468,"3,4,435"
18469,"44,23,145"
18470,"199,169,10"
18471,"123,111,161"
18472,"169,0,337"
18473,"3,0,216"
18474,"3,4,435"
18475,"26,89,23"
18476,"199,169"
18477,"40,128,160"
18478,"3,187,15"
18479,"225,3,147"
18480,"40,41,135"
18481,"10,64,93"
18482,"40,23,74"
18483,"160,315,40"
18484,"3,4,133"
18485,"48,40,3"
18486,"3,4,435"
18487,"23,24,74"
18488,"10,64,11"
18489,"199,169,3"
18490,"44,145,10"
18491,"10,220,0"
18492,"24,23,43"
18493,"181,43,24"
18494,"4,435,3"
18495,"0,271"
18496,"40,41,131"
18497,"199,169,170"
18498,"40,135,138"
18499,"145,44,10"
18500,"3,435,4"
18501,"199,431,169"
18502,"296,169,32"
18503,"10,44,64"
18504,"10,64"
18505,"71,23,24"
18506,"10,44,24"
18507,"138,135,40"
18508,"44,145,10"
18509,"40,23,74"
18510,"40,3,131"
18511,"199,169,10"
18512,"0,313,346"
18513,"3,21,187"
18514,"3,5,4"
18515,"220,10"
18516,"10,64,220"
18517,"23,40,38"
18518,"17,3,18"
18519,"290,23,31"
18520,"40,135,74"
18521,"0,8,216"
18522,"26,23,89"
18523,"145,44,402"
18524,"23,24,59"
18525,"49,24,23"
18526,"10,23,145"
18527,"145,10,44"
18528,"41,40,224"
18529,"40,41,224"
18530,"40,146,145"
18531,"23,24,38"
18532,"3,21,200"
18533,"129,128,40"
18534,"0,279,249"
18535,"147,3,148"
18536,"40,41,21"
18537,"187,3,21"
18538,"23,84,74"
18539,"40,250,128"
18540,"128,129,40"
18541,"3,4,435"
18542,"169,170,3"
18543,"0,271,366"
18544,"49,23,24"
18545,"0,271,216"
18546,"0,271,216"
18547,"10,40,307"
18548,"3,40,148"
18549,"3,0,21"
18550,"0,59,10"
18551,"38,23,137"
18552,"10,40,145"
18553,"40,41,21"
18554,"15,3,16"
18555,"15,16,3"
18556,"38,23"
18557,"38,23,26"
18558,"199,169"
18559,"10,11,220"
18560,"23,38,74"
18561,"44,145,45"
18562,"147,3,148"
18563,"0,216,40"
18564,"199,169"
18565,"129,128,40"
18566,"145,402,10"
18567,"328,31,0"
18568,"3,147,148"
18569,"26,23,38"
18570,"3,17,18"
18571,"3,40,21"
18572,"169,170,199"
18573,"3,4,435"
18574,"38,23,309"
18575,"3,147,148"
18576,"3,21,40"
18577,"10,220"
18578,"309,38,23"
18579,"3,23,24"
18580,"296,169"
18581,"138,169,135"
18582,"169,170,199"
18583,"38,23,74"
18584,"40,131"
18585,"199,169,170"
18586,"10,93,64"
18587,"169,199,40"
18588,"44,45,145"
18589,"10,220,145"
18590,"0,279,216"
18591,"23,24,38"
18592,"3,187,21"
18593,"3,13,10"
18594,"40,199,42"
18595,"3,435,68"
18596,"169,296,170"
18597,"3,21,200"
18598,"0,26,23"
18599,"169,8,405"
18600,"10,64,93"
18601,"3,147,148"
18602,"23,26,38"
18603,"40,131"
18604,"40,3,41"
18605,"40,160,315"
18606,"220,10"
18607,"49,169,199"
18608,"32,31,23"
18609,"3,15,148"
18610,"138,169,40"
18611,"23,74,38"
18612,"26,23,38"
18613,"40,128,41"
18614,"169,49,199"
18615,"0,1,211"
18616,"3,4,435"
18617,"10,72,11"
18618,"26,0,23"
18619,"206,0,8"
18620,"40,3,17"
18621,"0,271,255"
18622,"40,146,145"
18623,"10,220,64"
18624,"3,40,13"
18625,"10,60,61"
18626,"10,44,72"
18627,"40,135,23"
18628,"296,169,306"
18629,"23,10,220"
18630,"3,4,435"
18631,"3,225,156"
18632,"6,5,133"
18633,"3,200,15"
18634,"0,206,8"
18635,"3,275,111"
18636,"23,74,71"
18637,"220,10"
18638,"138,40,135"
18639,"220,10"
18640,"24,23,43"
18641,"3,21,40"
18642,"23,71,74"
18643,"10,64,90"
18644,"3,21,200"
18645,"23,38"
18646,"199,169,259"
18647,"3,147,148"
18648,"40,145,131"
18649,"10,24,23"
18650,"3,15"
18651,"3,21,5"
18652,"3,40,160"
18653,"23,24,26"
18654,"17,3,18"
18655,"41,40,224"
18656,"0,271"
18657,"0,271"
18658,"23,38,145"
18659,"3,199,169"
18660,"199,169"
18661,"206,0,8"
18662,"3,147,148"
18663,"40,131,134"
18664,"4,3,435"
18665,"10,44,145"
18666,"145,220,10"
18667,"10,93,64"
18668,"0,216,211"
18669,"160,40,315"
18670,"23,25,24"
18671,"0,271,8"
18672,"3,187,21"
18673,"40,128,195"
18674,"0,279,249"
18675,"48,3,21"
18676,"169,170,199"
18677,"188,17,0"
18678,"10,64,448"
18679,"0,271,216"
18680,"0,206,8"
18681,"40,128,186"
18682,"170,171,169"
18683,"402,145,40"
18684,"187,3,21"
18685,"49,23,24"
18686,"3,21,301"
18687,"40,131,241"
18688,"3,147,148"
18689,"49,24,23"
18690,"3,200,148"
18691,"23,38,74"
18692,"44,145,10"
18693,"40,181,145"
18694,"220,10"
18695,"3,147,148"
18696,"23,118,231"
18697,"169,170,171"
18698,"43,24,23"
18699,"44,145,10"
18700,"0,218,327"
18701,"199,169,223"
18702,"3,4,148"
18703,"0,26,271"
18704,"23,24,345"
18705,"169,170,199"
18706,"10,199,169"
18707,"40,41,3"
18708,"145,44,40"
18709,"10,64,24"
18710,"169,0,170"
18711,"93,10,64"
18712,"169,337,339"
18713,"199,169,251"
18714,"0,3,216"
18715,"3,21,148"
18716,"296,169,306"
18717,"3,21,40"
18718,"23,38,10"
18719,"3,147,148"
18720,"169,0,296"
18721,"40,145,146"
18722,"0,211,212"
18723,"23,24,38"
18724,"93,10,64"
18725,"199,169"
18726,"3,17,21"
18727,"199,169,170"
18728,"23,38,0"
18729,"40,315,160"
18730,"0,216,218"
18731,"23,38,74"
18732,"0,26,271"
18733,"40,131"
18734,"169,170,199"
18735,"3,169,0"
18736,"44,145,40"
18737,"220,10"
18738,"169,296,74"
18739,"337,169,339"
18740,"40,128,129"
18741,"3,523,53"
18742,"3,187,21"
18743,"0,346,313"
18744,"3,5,133"
18745,"40,131"
18746,"199,169"
18747,"32,31,23"
18748,"40,135,74"
18749,"199,169,138"
18750,"169,296,40"
18751,"3,147,148"
18752,"23,74,38"
18753,"40,131"
18754,"0,206,8"
18755,"40,131,193"
18756,"10,64"
18757,"3,21,148"
18758,"49,23,24"
18759,"0,265,218"
18760,"89,23,26"
18761,"24,23,43"
18762,"0,8,271"
18763,"3,21,200"
18764,"10,11"
18765,"23,38,74"
18766,"23,131,40"
18767,"26,23,89"
18768,"3,147,148"
18769,"290,31,0"
18770,"0,206,8"
18771,"3,148,147"
18772,"38,23,82"
18773,"40,131"
18774,"181,10,43"
18775,"3,5,331"
18776,"3,21,200"
18777,"40,131,128"
18778,"40,145,44"
18779,"3,21,200"
18780,"10,64,24"
18781,"43,24,23"
18782,"23,31,38"
18783,"169,138,199"
18784,"4,3,435"
18785,"0,328,31"
18786,"44,145,10"
18787,"0,271,216"
18788,"145,44,40"
18789,"10,64,145"
18790,"3,148,435"
18791,"10,64"
18792,"206,0,8"
18793,"3,147,21"
18794,"3,147,148"
18795,"199,169,40"
18796,"0,8,327"
18797,"169,170,426"
18798,"49,23,24"
18799,"24,23,43"
18800,"3,5,133"
18801,"199,169,323"
18802,"170,171,169"
18803,"0,271"
18804,"220,10"
18805,"147,10,3"
18806,"10,64"
18807,"23,38,26"
18808,"3,71,21"
18809,"220,10"
18810,"3,4,200"
18811,"40,3,41"
18812,"40,128,130"
18813,"23,26,350"
18814,"160,40,315"
18815,"0,8,206"
18816,"10,11,72"
18817,"145,44,40"
18818,"23,118,231"
18819,"181,23,24"
18820,"147,3,148"
18821,"38,23"
18822,"3,4,435"
18823,"10,23,24"
18824,"138,169,40"
18825,"199,169,10"
18826,"3,187,21"
18827,"170,169,10"
18828,"10,72,11"
18829,"0,8,270"
18830,"3,200,21"
18831,"199,169"
18832,"23,74,38"
18833,"3,147,148"
18834,"3,187,21"
18835,"145,44,10"
18836,"0,235,8"
18837,"169,170,199"
18838,"3,147,148"
18839,"10,64"
18840,"169,170,199"
18841,"23,26,38"
18842,"0,271,216"
18843,"3,40,21"
18844,"32,23,31"
18845,"40,184,131"
18846,"25,10,24"
18847,"40,160,41"
18848,"145,44,10"
18849,"38,23,82"
18850,"3,523,148"
18851,"3,21,200"
18852,"171,170,169"
18853,"3,4,435"
18854,"13,3,401"
18855,"0,271"
18856,"199,169,38"
18857,"49,23,24"
18858,"40,131"
18859,"40,3,21"
18860,"3,40,21"
18861,"0,271,216"
18862,"10,64"
18863,"24,10,23"
18864,"169,199,170"
18865,"199,169,187"
18866,"0,26,8"
18867,"10,145,220"
18868,"3,28,40"
18869,"3,4,435"
18870,"38,23,169"
18871,"23,44,24"
18872,"40,131"
18873,"0,216,313"
18874,"23,24,43"
18875,"3,148,66"
18876,"23,26,44"
18877,"169,199,251"
18878,"3,48,200"
18879,"15,3,16"
18880,"3,21,200"
18881,"3,147,200"
18882,"3,188,4"
18883,"199,169,10"
18884,"32,23,24"
18885,"220,10"
18886,"10,64"
18887,"3,21,187"
18888,"3,15,147"
18889,"206,8,0"
18890,"145,10,220"
18891,"24,23,43"
18892,"0,216,8"
18893,"3,199,169"
18894,"0,206,8"
18895,"3,21,48"
18896,"145,44,402"
18897,"44,145,402"
18898,"23,74,38"
18899,"26,0,89"
18900,"40,128,186"
18901,"169,0,3"
18902,"0,216,255"
18903,"10,64,24"
18904,"138,135,3"
18905,"10,145,44"
18906,"23,38,63"
18907,"44,145,24"
18908,"23,24,43"
18909,"23,38,74"
18910,"3,21,148"
18911,"10,11,69"
18912,"3,21,200"
18913,"40,23,71"
18914,"0,216,313"
18915,"0,216,271"
18916,"3,148,147"
18917,"10,11,69"
18918,"44,23,145"
18919,"17,3,10"
18920,"3,147,388"
18921,"23,24,43"
18922,"0,265,169"
18923,"220,10"
18924,"199,169,0"
18925,"3,17,15"
18926,"3,40,21"
18927,"169,199,170"
18928,"3,21,148"
18929,"402,145,40"
18930,"199,3,169"
18931,"23,3,118"
18932,"26,23,38"
18933,"23,38,74"
18934,"23,38,24"
18935,"40,175,23"
18936,"10,93,64"
18937,"0,271,216"
18938,"23,74,38"
18939,"10,64,239"
18940,"0,235,8"
18941,"0,216,8"
18942,"169,170,171"
18943,"3,53,287"
18944,"0,271"
18945,"10,11,44"
18946,"0,271,255"
18947,"40,41,74"
18948,"220,10"
18949,"3,21,187"
18950,"3,17,18"
18951,"220,10"
18952,"0,271"
18953,"0,265,271"
18954,"40,17,3"
18955,"4,3,7"
18956,"0,211,212"
18957,"0,8,235"
18958,"40,146,145"
18959,"72,10,44"
18960,"3,200,17"
18961,"24,23,43"
18962,"0,26,350"
18963,"38,23"
18964,"49,23,24"
18965,"0,271"
18966,"40,250,41"
18967,"170,3,169"
18968,"40,139,131"
18969,"10,44,11"
18970,"40,160,41"
18971,"17,3,40"
18972,"169,337,339"
18973,"3,169,199"
18974,"3,21,301"
18975,"3,4,183"
18976,"24,43,23"
18977,"26,23,0"
18978,"23,38,74"
18979,"71,23,24"
18980,"3,147,148"
18981,"3,10,11"
18982,"40,128,160"
18983,"10,11,489"
18984,"3,200,147"
18985,"40,131,134"
18986,"3,187,21"
18987,"10,64"
18988,"3,21,200"
18989,"10,64"
18990,"4,3,435"
18991,"3,17,187"
18992,"0,10,220"
18993,"3,68,200"
18994,"10,64,93"
18995,"17,3,18"
18996,"199,169,251"
18997,"3,199,169"
18998,"3,13,204"
18999,"145,402,44"
19000,"40,135,236"
19001,"3,17,10"
19002,"4,3,435"
19003,"3,148,147"
19004,"3,21,40"
19005,"0,271,313"
19006,"3,4,435"
19007,"199,169"
19008,"199,169,0"
19009,"3,40,128"
19010,"0,23,59"
19011,"3,40,160"
19012,"32,23,118"
19013,"40,131"
19014,"199,169,3"
19015,"3,147,148"
19016,"10,3,0"
19017,"147,3,148"
19018,"10,220"
19019,"0,271,216"
19020,"10,64,93"
19021,"3,367,21"
19022,"23,24,38"
19023,"220,10"
19024,"3,4,435"
19025,"40,131"
19026,"3,147,148"
19027,"3,53,48"
19028,"4,3,435"
19029,"23,38,74"
19030,"40,131,128"
19031,"43,24,23"
19032,"40,315,160"
19033,"3,5,133"
19034,"10,64"
19035,"0,218,265"
19036,"3,147,148"
19037,"128,40,130"
19038,"0,118,23"
19039,"40,131,128"
19040,"3,40,41"
19041,"3,133,21"
19042,"44,23,10"
19043,"44,69,145"
19044,"3,21,200"
19045,"3,10,53"
19046,"0,271,216"
19047,"3,148,147"
19048,"0,26,216"
19049,"0,271"
19050,"494,40,184"
19051,"10,93,64"
19052,"0,255,216"
19053,"0,271,8"
19054,"220,10"
19055,"0,216,271"
19056,"0,3,40"
19057,"199,169"
19058,"10,234,60"
19059,"40,146,145"
19060,"3,200,15"
19061,"44,72,145"
19062,"199,169,3"
19063,"199,169,170"
19064,"17,10,18"
19065,"3,5,133"
19066,"147,3,148"
19067,"0,216,271"
19068,"17,3"
19069,"3,148,17"
19070,"3,4,148"
19071,"3,21,148"
19072,"3,147,148"
19073,"3,301,21"
19074,"3,147,148"
19075,"23,38,24"
19076,"8,405,169"
19077,"3,4,435"
19078,"44,11,69"
19079,"40,145,44"
19080,"0,8,26"
19081,"3,200,148"
19082,"10,64,24"
19083,"169,199,251"
19084,"3,147,148"
19085,"0,26,8"
19086,"145,44,23"
19087,"32,31,23"
19088,"38,23,40"
19089,"0,128,40"
19090,"3,17,21"
19091,"169,199,10"
19092,"3,4,435"
19093,"24,23,10"
19094,"0,169,271"
19095,"40,128,186"
19096,"32,31,23"
19097,"23,38,24"
19098,"220,10"
19099,"199,169,10"
19100,"23,74,84"
19101,"128,129,40"
19102,"3,200,21"
19103,"40,128,3"
19104,"3,40,53"
19105,"0,271,216"
19106,"3,10,17"
19107,"3,21,200"
19108,"296,169,306"
19109,"10,64,11"
19110,"199,3,169"
19111,"145,44,8"
19112,"10,64"
19113,"3,40,21"
19114,"199,169,10"
19115,"23,24,40"
19116,"0,271,8"
19117,"145,44,10"
19118,"160,23,40"
19119,"3,4,364"
19120,"0,10,40"
19121,"3,21,200"
19122,"24,10,0"
19123,"0,216,211"
19124,"3,147,148"
19125,"49,23,24"
19126,"3,147,148"
19127,"3,148,48"
19128,"74,23,38"
19129,"10,24,23"
19130,"3,21,148"
19131,"199,0,169"
19132,"3,147,148"
19133,"170,171,169"
19134,"0,218,509"
19135,"160,40,315"
19136,"0,271"
19137,"40,131"
19138,"40,131"
19139,"10,72,61"
19140,"0,216,211"
19141,"23,38"
19142,"199,169"
19143,"156,147,3"
19144,"169,199,170"
19145,"118,23,74"
19146,"128,40,130"
19147,"0,8,235"
19148,"3,147,148"
19149,"24,10,60"
19150,"0,271"
19151,"3,4,200"
19152,"199,169,431"
19153,"3,17,40"
19154,"49,24,23"
19155,"0,271"
19156,"40,38,23"
19157,"509,10,218"
19158,"10,64"
19159,"10,24,145"
19160,"23,38,10"
19161,"10,0,220"
19162,"206,0,8"
19163,"3,23,15"
19164,"234,60,10"
19165,"169,170,199"
19166,"64,10"
19167,"44,145,25"
19168,"0,3,313"
19169,"3,147,148"
19170,"72,44,23"
19171,"3,148,21"
19172,"23,74,24"
19173,"38,23"
19174,"17,3,18"
19175,"10,64,93"
19176,"40,131,23"
19177,"72,44,145"
19178,"40,131,128"
19179,"26,23,89"
19180,"220,10"
19181,"0,265,340"
19182,"3,301,200"
19183,"0,346,313"
19184,"23,38,74"
19185,"0,8,206"
19186,"0,271,255"
19187,"23,74,38"
19188,"3,21,13"
19189,"220,10"
19190,"3,20,28"
19191,"10,220,23"
19192,"199,169,146"
19193,"10,60,199"
19194,"10,64,11"
19195,"23,38,24"
19196,"0,40,26"
19197,"0,26,23"
19198,"147,3,148"
19199,"40,3,23"
19200,"3,147,200"
19201,"3,17,21"
19202,"0,271"
19203,"0,3,265"
19204,"3,40,21"
19205,"23,38,24"
19206,"23,38,24"
19207,"199,169"
19208,"38,169,23"
19209,"3,21,148"
19210,"40,128,175"
19211,"3,4,435"
19212,"199,169,23"
19213,"40,128,74"
19214,"32,31,23"
19215,"3,148,21"
19216,"10,220"
19217,"3,147,148"
19218,"44,145,45"
19219,"10,220"
19220,"0,26,313"
19221,"3,96,17"
19222,"3,147,21"
19223,"118,74,23"
19224,"0,206,8"
19225,"10,220"
19226,"10,64"
19227,"169,199,251"
19228,"23,71,74"
19229,"10,24,23"
19230,"3,17,146"
19231,"23,38,24"
19232,"3,21,17"
19233,"40,128,186"
19234,"44,23,45"
19235,"40,131,23"
19236,"169,199,170"
19237,"199,169"
19238,"23,38"
19239,"10,24,60"
19240,"220,10"
19241,"49,23,24"
19242,"0,216,218"
19243,"170,169"
19244,"40,189,131"
19245,"23,71,26"
19246,"0,271,26"
19247,"199,169,0"
19248,"296,169"
19249,"3,4,200"
19250,"23,38,74"
19251,"10,64,44"
19252,"0,10,402"
19253,"40,128,129"
19254,"3,187,200"
19255,"23,24,40"
19256,"40,160,315"
19257,"169,170,0"
19258,"10,93,64"
19259,"40,128,129"
19260,"3,21,17"
19261,"3,187,199"
19262,"199,169,0"
19263,"10,93,64"
19264,"40,128,195"
19265,"40,41,3"
19266,"3,148,147"
19267,"3,147,148"
19268,"23,38,74"
19269,"38,103,23"
19270,"10,64,93"
19271,"188,3,15"
19272,"3,148,21"
19273,"44,145,40"
19274,"3,148,147"
19275,"3,170,169"
19276,"23,24,38"
19277,"32,31,23"
19278,"171,169,170"
19279,"206,8,0"
19280,"38,23"
19281,"40,250,162"
19282,"3,21,200"
19283,"38,23,10"
19284,"3,147,148"
19285,"3,21,148"
19286,"10,64,220"
19287,"32,23,31"
19288,"3,147,200"
19289,"0,271,218"
19290,"3,4,275"
19291,"0,216,211"
19292,"402,145,40"
19293,"169,170,296"
19294,"40,131"
19295,"40,160,148"
19296,"3,21"
19297,"0,271"
19298,"10,23,25"
19299,"169,199"
19300,"74,23,38"
19301,"3,21,40"
19302,"40,135,131"
19303,"32,23,31"
19304,"10,93,64"
19305,"40,131"
19306,"23,38,40"
19307,"38,23,74"
19308,"44,145,10"
19309,"402,145,40"
19310,"3,147,148"
19311,"10,93,64"
19312,"23,74,38"
19313,"0,8,40"
19314,"23,10,24"
19315,"0,216,218"
19316,"0,271"
19317,"0,59,24"
19318,"23,3,10"
19319,"0,271,280"
19320,"3,147,148"
19321,"40,41,128"
19322,"220,10"
19323,"40,169,199"
19324,"10,64,93"
19325,"40,3,0"
19326,"170,169,171"
19327,"26,0,23"
19328,"402,145,10"
19329,"3,147,148"
19330,"3,17,200"
19331,"44,145,10"
19332,"169,337,339"
19333,"220,10"
19334,"0,271,26"
19335,"40,175,128"
19336,"40,41,3"
19337,"3,169,199"
19338,"4,70,375"
19339,"199,169"
19340,"169,199,170"
19341,"169,337,339"
19342,"286,41,40"
19343,"206,8,0"
19344,"3,21,48"
19345,"71,23,24"
19346,"128,40,129"
19347,"0,8,327"
19348,"169,170,199"
19349,"23,38,74"
19350,"175,23,38"
19351,"23,24,43"
19352,"170,169,171"
19353,"23,145,44"
19354,"220,10"
19355,"32,31,23"
19356,"49,23,24"
19357,"40,402,145"
19358,"138,40,135"
19359,"26,0,23"
19360,"0,229,10"
19361,"169,508,426"
19362,"40,131"
19363,"3,147,156"
19364,"23,40,345"
19365,"0,229,10"
19366,"10,64,93"
19367,"10,199,169"
19368,"10,11,44"
19369,"40,128,315"
19370,"0,271,313"
19371,"0,26,271"
19372,"23,74,38"
19373,"40,131"
19374,"23,3,523"
19375,"3,21,17"
19376,"296,169,306"
19377,"199,169"
19378,"220,10"
19379,"44,145,45"
19380,"0,59,218"
19381,"10,11,24"
19382,"0,216,271"
19383,"23,10,74"
19384,"3,148,21"
19385,"0,8,216"
19386,"26,231,23"
19387,"3,148,200"
19388,"145,23,44"
19389,"40,135,41"
19390,"10,11,69"
19391,"0,216,271"
19392,"10,234,23"
19393,"49,23,24"
19394,"0,199,169"
19395,"3,40,53"
19396,"199,169,3"
19397,"199,3,169"
19398,"3,17,10"
19399,"220,10"
19400,"24,10,0"
19401,"0,216,211"
19402,"170,169,171"
19403,"23,38,74"
19404,"40,3,21"
19405,"145,10,40"
19406,"40,3,128"
19407,"169,170,199"
19408,"26,23,350"
19409,"10,64,11"
19410,"3,13"
19411,"10,220,221"
19412,"23,74,38"
19413,"23,74,38"
19414,"309,38,48"
19415,"6,5,133"
19416,"0,235,8"
19417,"402,23,49"
19418,"3,17,21"
19419,"3,147,148"
19420,"10,93,64"
19421,"23,71,38"
19422,"40,128,186"
19423,"23,38,40"
19424,"3,148,200"
19425,"0,206,8"
19426,"44,11,69"
19427,"147,148,3"
19428,"23,84,74"
19429,"93,10,64"
19430,"10,93,64"
19431,"3,187,21"
19432,"147,148,3"
19433,"40,10,145"
19434,"199,169,3"
19435,"23,31,24"
19436,"3,21,148"
19437,"26,23,0"
19438,"4,3,435"
19439,"3,21,154"
19440,"11,10,69"
19441,"49,23,24"
19442,"160,40,315"
19443,"49,23,24"
19444,"23,328,31"
19445,"10,0,123"
19446,"49,23,24"
19447,"24,10,0"
19448,"181,40,145"
19449,"38,23,74"
19450,"0,313,346"
19451,"0,271"
19452,"3,147,148"
19453,"3,200,21"
19454,"0,3,218"
19455,"17,3,187"
19456,"0,271,216"
19457,"0,271,218"
19458,"3,21,200"
19459,"169,0,199"
19460,"0,265,418"
19461,"3,40,160"
19462,"160,302,40"
19463,"3,147,148"
19464,"23,40,24"
19465,"10,11,69"
19466,"3,17,21"
19467,"23,26,38"
19468,"3,21,200"
19469,"40,128,186"
19470,"10,44,11"
19471,"40,184,131"
19472,"72,44,49"
19473,"3,21,200"
19474,"40,250,41"
19475,"23,40,31"
19476,"3,169,21"
19477,"23,74,71"
19478,"3,5,4"
19479,"402,40,145"
19480,"3,21,200"
19481,"170,169,171"
19482,"170,171,169"
19483,"0,271,216"
19484,"3,4,133"
19485,"199,169"
19486,"3,21,0"
19487,"23,3,15"
19488,"169,199,170"
19489,"3,523,148"
19490,"40,131"
19491,"40,131"
19492,"199,169,23"
19493,"3,21,301"
19494,"3,15,200"
19495,"169,199,170"
19496,"10,11,69"
19497,"49,24,60"
19498,"40,74,23"
19499,"170,169,3"
19500,"0,206,8"
19501,"3,21,200"
19502,"128,40,130"
19503,"10,40,64"
19504,"10,64,93"
19505,"23,74,62"
19506,"3,147,148"
19507,"40,41,160"
19508,"40,199,169"
19509,"3,21,200"
19510,"4,3,435"
19511,"169,170,0"
19512,"220,10"
19513,"40,145,131"
19514,"3,199,169"
19515,"181,23,43"
19516,"3,40,21"
19517,"40,131,160"
19518,"40,128,41"
19519,"10,44,11"
19520,"3,148,147"
19521,"235,0,8"
19522,"40,131,241"
19523,"74,23,38"
19524,"175,40,23"
19525,"181,23,10"
19526,"74,23,303"
19527,"10,64,90"
19528,"10,24,145"
19529,"3,15,133"
19530,"3,53,147"
19531,"290,40,199"
19532,"170,169,171"
19533,"199,169,251"
19534,"10,220"
19535,"40,250,135"
19536,"250,40,38"
19537,"40,146,145"
19538,"0,271,211"
19539,"40,128,186"
19540,"0,8,206"
19541,"23,74,38"
19542,"23,74,38"
19543,"3,53,523"
19544,"38,23,0"
19545,"3,199,169"
19546,"220,10"
19547,"40,128,3"
19548,"0,211,212"
19549,"3,147,148"
19550,"23,38,74"
19551,"3,21,200"
19552,"40,131,184"
19553,"23,84,74"
19554,"199,169,251"
19555,"169,337,199"
19556,"0,279,249"
19557,"10,11,44"
19558,"4,435,3"
19559,"3,23,74"
19560,"40,199,169"
19561,"23,328,38"
19562,"10,40,414"
19563,"40,129,128"
19564,"402,145,40"
19565,"231,26,23"
19566,"40,131,193"
19567,"3,21,148"
19568,"40,128,129"
19569,"0,271,26"
19570,"296,169,306"
19571,"4,3,70"
19572,"3,147,21"
19573,"220,10,44"
19574,"40,131"
19575,"23,38,175"
19576,"10,24,11"
19577,"3,199,169"
19578,"296,169"
19579,"4,3,435"
19580,"3,17"
19581,"10,145,24"
19582,"129,128,290"
19583,"128,40,129"
19584,"10,370,40"
19585,"3,4,148"
19586,"0,279,249"
19587,"3,40,21"
19588,"10,64,11"
19589,"4,3,435"
19590,"49,169,199"
19591,"3,187,21"
19592,"40,41,224"
19593,"59,0,24"
19594,"0,216,218"
19595,"3,147,148"
19596,"3,68,53"
19597,"40,135,250"
19598,"169,199,426"
19599,"3,111,40"
19600,"49,23,24"
19601,"169,199,0"
19602,"199,169"
19603,"10,220,40"
19604,"3,21,200"
19605,"40,41,3"
19606,"49,24,23"
19607,"3,21,28"
19608,"199,0,169"
19609,"11,10,69"
19610,"3,4,435"
19611,"3,40,13"
19612,"128,40,129"
19613,"49,10,48"
19614,"0,206,8"
19615,"3,21,200"
19616,"44,145,23"
19617,"199,169"
19618,"169,199,405"
19619,"220,10"
19620,"3,0,218"
19621,"199,3,169"
19622,"23,38,24"
19623,"74,84,23"
19624,"199,169"
19625,"3,500,147"
19626,"3,147,148"
19627,"0,8,206"
19628,"40,131"
19629,"84,74,23"
19630,"10,64,44"
19631,"0,211,216"
19632,"3,4,70"
19633,"26,0,23"
19634,"296,169,107"
19635,"138,135,40"
19636,"23,40,74"
19637,"3,147,148"
19638,"38,23"
19639,"72,44,23"
19640,"40,31,328"
19641,"40,3,128"
19642,"23,38,26"
19643,"40,128,131"
19644,"3,21,200"
19645,"145,40,402"
19646,"169,23,199"
19647,"0,26,271"
19648,"0,26,23"
19649,"32,23,31"
19650,"23,10,31"
19651,"23,38,26"
19652,"3,200,147"
19653,"40,145,402"
19654,"40,131"
19655,"23,38,74"
19656,"40,41,3"
19657,"3,21,200"
