id,label
0,"10,64,93"
1,"3,17,18"
2,"202,3,169"
3,"0,216"
4,"10,220,145"
5,"206,8,0"
6,"40,145,44"
7,"3,21,40"
8,"49,23,24"
9,"3,21,200"
10,"0,10,11"
11,"146,145,502"
12,"169,170,199"
13,"271,0"
14,"23,38,74"
15,"23,38"
16,"10,44,64"
17,"3,200,148"
18,"10,64,93"
19,"10,220"
20,"181,40,145"
21,"26,23,0"
22,"5,6,3"
23,"40,160,315"
24,"10,0,216"
25,"40,131,159"
26,"3,21,40"
27,"10,93,64"
28,"3,17,18"
29,"3,13,20"
30,"23,24,43"
31,"3,15,148"
32,"40,131"
33,"23,26,38"
34,"220,10"
35,"3,21,200"
36,"3,21,40"
37,"10,11,69"
38,"4,3"
39,"40,3,41"
40,"26,23,89"
41,"3,21,5"
42,"135,40,138"
43,"0,218,271"
44,"72,44,10"
45,"40,250,128"
46,"3,17,21"
47,"10,234,221"
48,"40,128,186"
49,"10,234,24"
50,"38,23,82"
51,"3,148,147"
52,"10,220,145"
53,"3,62,148"
54,"3,4,435"
55,"40,3,21"
56,"10,64,11"
57,"23,74,38"
58,"23,118,231"
59,"3,28,21"
60,"11,3,509"
61,"10,64,448"
62,"0,271"
63,"3,200,21"
64,"0,3,218"
65,"3,21,200"
66,"40,131,134"
67,"169,170,199"
68,"3,17,18"
69,"3,187,200"
70,"10,64,93"
71,"10,64,448"
72,"40,41,224"
73,"40,3,21"
74,"220,10"
75,"0,265,216"
76,"3,187,21"
77,"0,271,26"
78,"23,49,24"
79,"220,10"
80,"10,64,93"
81,"40,3,17"
82,"72,44,10"
83,"296,306,169"
84,"24,23,49"
85,"23,38,63"
86,"40,131"
87,"40,41,21"
88,"26,0,23"
89,"3,200,21"
90,"10,24,23"
91,"220,10"
92,"0,216,257"
93,"4,3,7"
94,"40,23,131"
95,"40,131,145"
96,"49,23,24"
97,"40,131,135"
98,"145,10,402"
99,"23,26,38"
100,"231,26,23"
101,"23,24,38"
102,"49,24,23"
103,"225,156,3"
104,"23,38,10"
105,"0,8,313"
106,"3,148,40"
107,"49,24,10"
108,"0,216,271"
109,"0,8,206"
110,"3,5,21"
111,"199,169,38"
112,"3,4"
113,"3,187,15"
114,"10,220"
115,"199,169"
116,"0,3,313"
117,"10,220,0"
118,"40,23,146"
119,"3,21,187"
120,"3,147,148"
121,"0,3,265"
122,"10,11,69"
123,"40,41,224"
124,"3,4,200"
125,"3,21,200"
126,"10,229,0"
127,"38,23,40"
128,"0,271,216"
129,"0,218,265"
130,"10,40,64"
131,"169,199,251"
132,"23,38,24"
133,"40,3,21"
134,"3,28,21"
135,"145,44,40"
136,"0,271,216"
137,"402,40,145"
138,"0,265,271"
139,"171,170,169"
140,"40,23,38"
141,"3,111,21"
142,"169,199,170"
143,"3,21,200"
144,"72,44,145"
145,"10,44,72"
146,"4,3,7"
147,"8,0,405"
148,"10,64,448"
149,"160,40,196"
150,"23,40,295"
151,"38,63,23"
152,"4,3,7"
153,"0,271,265"
154,"199,169,17"
155,"0,26,231"
156,"40,131"
157,"44,145,23"
158,"40,128,41"
159,"169,199,0"
160,"38,23,26"
161,"38,23,82"
162,"40,250,131"
163,"3,21,200"
164,"0,271,216"
165,"0,128,40"
166,"10,64,11"
167,"10,64,93"
168,"44,45,145"
169,"40,128,41"
170,"0,216,170"
171,"3,21,148"
172,"23,26,38"
173,"4,3,7"
174,"199,40,169"
175,"26,40,0"
176,"10,64"
177,"38,23,82"
178,"3,21,200"
179,"26,0,23"
180,"3,21,200"
181,"3,21,148"
182,"0,10,265"
183,"3,21,148"
184,"40,0,3"
185,"49,23,24"
186,"0,271,216"
187,"135,40,236"
188,"10,64,44"
189,"169,199,170"
190,"199,169,170"
191,"199,169,259"
192,"169,40,26"
193,"38,84,23"
194,"169,345,199"
195,"199,431,169"
196,"145,10,44"
197,"3,148,147"
198,"40,131"
199,"0,271,10"
200,"24,23,10"
201,"24,23,43"
202,"3,23,200"
203,"3,4"
204,"169,199,170"
205,"199,169,251"
206,"24,23,43"
207,"38,23"
208,"10,23,24"
209,"10,64,448"
210,"188,15,3"
211,"0,8,235"
212,"0,216,265"
213,"3,200,4"
214,"0,49,23"
215,"24,181,23"
216,"32,23,31"
217,"23,38,74"
218,"3,21,187"
219,"40,160"
220,"38,23"
221,"0,271,216"
222,"3,4"
223,"199,169"
224,"160,40,315"
225,"3,21,40"
226,"10,64,44"
227,"10,64,93"
228,"5,6,331"
229,"3,17,21"
230,"145,402,44"
231,"3,0,21"
232,"26,23,0"
233,"3,0,21"
234,"40,145,146"
235,"40,131,134"
236,"23,169,74"
237,"199,169"
238,"402,220,10"
239,"24,23,43"
240,"0,26,313"
241,"0,271,216"
242,"494,40,184"
243,"40,131,134"
244,"0,271,216"
245,"0,40,159"
246,"234,10,60"
247,"199,169,40"
248,"3,17,200"
249,"129,128,40"
250,"38,23,24"
251,"220,10"
252,"3,147,148"
253,"3,21,17"
254,"23,38,24"
255,"23,26,38"
256,"3,21,148"
257,"3,21,40"
258,"40,128,129"
259,"44,145,10"
260,"10,64,93"
261,"4,3,7"
262,"10,93,64"
263,"3,147,148"
264,"3,21,40"
265,"3,21,200"
266,"23,38,345"
267,"38,23,74"
268,"10,93,64"
269,"40,160,135"
270,"3,21,200"
271,"40,131,134"
272,"49,23,24"
273,"38,23,24"
274,"44,10,145"
275,"10,64,448"
276,"32,23,31"
277,"3,21,200"
278,"118,23,74"
279,"40,131,142"
280,"38,23,63"
281,"10,220"
282,"0,271,265"
283,"3,21,40"
284,"3,41,200"
285,"4,3"
286,"10,64,448"
287,"0,216,271"
288,"10,64,93"
289,"23,26,38"
290,"0,313,216"
291,"24,43,23"
292,"44,10,11"
293,"49,169,24"
294,"3,21,200"
295,"40,128,160"
296,"40,41,3"
297,"40,135,189"
298,"169,199,170"
299,"3,17,21"
300,"3,15,16"
301,"170,169,3"
302,"23,38,71"
303,"3,148,21"
304,"169,170,0"
305,"0,271,216"
306,"23,38,74"
307,"26,89,0"
308,"10,64"
309,"40,3,131"
310,"0,271,216"
311,"3,21,187"
312,"3,21,200"
313,"49,23,38"
314,"3,17,18"
315,"0,271,216"
316,"23,38,40"
317,"3,5,21"
318,"23,74,38"
319,"169,199,170"
320,"0,211,279"
321,"40,131,128"
322,"40,271,10"
323,"3,148,147"
324,"160,40,315"
325,"40,131,23"
326,"3,28,40"
327,"431,135,40"
328,"24,43,23"
329,"169,0,199"
330,"23,24,43"
331,"129,128,40"
332,"0,211,216"
333,"3,123,111"
334,"0,271,366"
335,"3,21,10"
336,"23,24,43"
337,"3,187,17"
338,"3,21,200"
339,"3,147,148"
340,"10,220,221"
341,"147,3,148"
342,"40,128,129"
343,"3,5,4"
344,"40,131,250"
345,"40,145,44"
346,"169,296,460"
347,"10,220,221"
348,"3,188,4"
349,"296,169,10"
350,"10,11,69"
351,"23,74,38"
352,"296,169"
353,"0,23,26"
354,"3,21,200"
355,"145,402,44"
356,"38,23"
357,"31,40,10"
358,"0,271,8"
359,"10,64,448"
360,"23,38,40"
361,"145,40,44"
362,"3,21,200"
363,"170,169,40"
364,"169,426,199"
365,"0,271,216"
366,"0,38,23"
367,"0,26,216"
368,"38,23,74"
369,"199,431,169"
370,"3,4"
371,"24,23,43"
372,"23,74,118"
373,"40,131"
374,"206,8,0"
375,"145,44,10"
376,"169,170,199"
377,"48,3,21"
378,"40,41,224"
379,"31,23,169"
380,"3,40,4"
381,"3,169,199"
382,"169,170,199"
383,"169,199,170"
384,"17,3,18"
385,"220,10"
386,"220,10"
387,"23,74,38"
388,"0,211,216"
389,"3,200,21"
390,"220,10"
391,"10,23,40"
392,"0,216,271"
393,"10,64,11"
394,"10,220,11"
395,"3,111,21"
396,"48,40,3"
397,"3,21,200"
398,"337,169,71"
399,"170,169"
400,"44,145,40"
401,"199,169,170"
402,"3,147,148"
403,"0,271,216"
404,"3,21,200"
405,"0,8,235"
406,"3,21,148"
407,"40,131,193"
408,"3,187,21"
409,"3,187,21"
410,"3,21"
411,"15,3,16"
412,"49,23,24"
413,"169,199"
414,"0,206,8"
415,"40,131"
416,"0,38,26"
417,"220,10"
418,"40,31,131"
419,"23,74,38"
420,"169,170,199"
421,"220,10"
422,"0,370,216"
423,"23,74,38"
424,"0,313,26"
425,"0,211,271"
426,"296,169,0"
427,"23,24,43"
428,"145,40,10"
429,"199,169,40"
430,"128,129,40"
431,"26,0,23"
432,"72,44,10"
433,"10,64,402"
434,"234,10,23"
435,"40,41,3"
436,"0,216,279"
437,"10,220"
438,"40,128,250"
439,"169,337,339"
440,"32,31,169"
441,"10,220,11"
442,"3,17,15"
443,"169,170,199"
444,"0,216,370"
445,"3,4,170"
446,"0,265,271"
447,"0,216,218"
448,"10,64,93"
449,"128,129,40"
450,"0,271"
451,"0,216,26"
452,"296,169,306"
453,"160,40,315"
454,"74,23,38"
455,"199,169"
456,"40,193,131"
457,"10,64,220"
458,"3,147,148"
459,"40,3,131"
460,"0,8,271"
461,"170,169,3"
462,"23,10,24"
463,"40,184,3"
464,"0,211,271"
465,"0,216,271"
466,"26,23,350"
467,"402,40,145"
468,"11,10,69"
469,"3,21,187"
470,"169,170,171"
471,"0,271"
472,"10,93,64"
473,"0,279,249"
474,"26,350,23"
475,"0,10,271"
476,"0,23,38"
477,"199,169,71"
478,"40,3,41"
479,"199,169"
480,"23,40,107"
481,"44,145,10"
482,"40,131"
483,"0,38,346"
484,"3,21,200"
485,"0,8,206"
486,"10,64"
487,"0,216,211"
488,"23,74,165"
489,"40,315,160"
490,"10,64"
491,"23,74,40"
492,"10,93,64"
493,"0,218,265"
494,"40,3,41"
495,"0,271,216"
496,"40,135,41"
497,"10,220,145"
498,"0,8,206"
499,"10,38,145"
500,"3,199,169"
501,"3,147,148"
502,"23,49,24"
503,"10,64,448"
504,"17,3,18"
505,"40,131,193"
506,"10,64,93"
507,"431,199,135"
508,"3,21,148"
509,"3,169,199"
510,"10,93,64"
511,"40,128,186"
512,"0,271,26"
513,"181,145,40"
514,"3,111,200"
515,"40,128,41"
516,"3,17,187"
517,"181,145,32"
518,"3,21,199"
519,"3,15"
520,"10,220,0"
521,"0,211,271"
522,"402,145,40"
523,"40,131"
524,"32,23,31"
525,"231,26,23"
526,"23,74"
527,"40,131,134"
528,"296,169"
529,"38,23,82"
530,"10,24,64"
531,"10,220"
532,"44,145,45"
533,"0,279,216"
534,"169,199,170"
535,"23,38,26"
536,"3,147,148"
537,"0,8,206"
538,"145,44,40"
539,"3,148,200"
540,"0,235,8"
541,"38,23"
542,"23,26,38"
543,"4,3"
544,"40,3,41"
545,"40,23,38"
546,"10,64"
547,"23,74,118"
548,"3,15,200"
549,"10,239,60"
550,"138,135,40"
551,"0,3,206"
552,"40,3,128"
553,"220,10"
554,"44,72,10"
555,"181,10,24"
556,"10,181,43"
557,"38,23,26"
558,"10,64,93"
559,"40,129,128"
560,"220,10"
561,"0,265,271"
562,"220,10"
563,"10,0,44"
564,"3,21,200"
565,"181,145,32"
566,"0,313,346"
567,"370,0,216"
568,"23,118,74"
569,"10,11,44"
570,"10,239,60"
571,"23,40,175"
572,"3,21,200"
573,"10,64,93"
574,"10,64,11"
575,"40,21,3"
576,"10,64,93"
577,"10,93,40"
578,"3,21,147"
579,"10,11,44"
580,"38,23,309"
581,"3,21,40"
582,"0,218,255"
583,"3,200,21"
584,"170,169,171"
585,"0,8,206"
586,"220,10"
587,"3,147,148"
588,"32,23,31"
589,"3,21,200"
590,"23,38,26"
591,"10,64"
592,"170,169,171"
593,"145,23,44"
594,"220,10"
595,"135,40,459"
596,"23,38,63"
597,"0,206,8"
598,"3,200,21"
599,"38,23,74"
600,"23,74,24"
601,"40,23,131"
602,"5,3,331"
603,"49,0,23"
604,"3,4,21"
605,"0,271,8"
606,"40,160"
607,"3,148,147"
608,"0,271,366"
609,"23,24,345"
610,"24,43,23"
611,"26,23,231"
612,"0,10,220"
613,"3,21,200"
614,"128,129,40"
615,"0,255,280"
616,"145,40,10"
617,"290,23,31"
618,"23,49,24"
619,"199,169,431"
620,"0,26,271"
621,"26,0,23"
622,"3,21,40"
623,"3,21,40"
624,"3,100,367"
625,"0,313,271"
626,"199,169"
627,"40,10,31"
628,"145,402,40"
629,"4,3,7"
630,"328,10,31"
631,"0,206,8"
632,"169,199,170"
633,"169,199,40"
634,"0,271,218"
635,"23,38,26"
636,"40,135,236"
637,"3,21,40"
638,"160,315,40"
639,"0,271"
640,"23,74,38"
641,"0,206,8"
642,"40,135,236"
643,"40,131,41"
644,"3,21,40"
645,"38,23,26"
646,"3,147,148"
647,"23,31,258"
648,"4,3"
649,"169,199,251"
650,"10,23,38"
651,"23,26,62"
652,"10,290,11"
653,"40,160,315"
654,"31,23,0"
655,"40,131,241"
656,"3,21,4"
657,"0,206,8"
658,"3,200,133"
659,"3,40,13"
660,"40,131"
661,"0,169,216"
662,"3,21,0"
663,"43,24,181"
664,"10,11,69"
665,"23,24,43"
666,"10,64,93"
667,"31,23,10"
668,"0,26,38"
669,"0,38,23"
670,"23,38,24"
671,"23,38,145"
672,"220,10"
673,"199,169,223"
674,"40,131,241"
675,"147,3,148"
676,"10,44,145"
677,"3,17,200"
678,"3,21,200"
679,"220,10"
680,"0,8,206"
681,"40,131,134"
682,"10,64"
683,"23,74,38"
684,"23,74,38"
685,"3,21,200"
686,"402,40,145"
687,"199,169"
688,"199,169,38"
689,"220,10"
690,"3,21,148"
691,"38,40,169"
692,"3,200,21"
693,"10,93,64"
694,"0,206,8"
695,"38,23,82"
696,"38,23,71"
697,"3,15,16"
698,"3,15,200"
699,"40,131,128"
700,"17,18,3"
701,"38,10,23"
702,"23,38,74"
703,"23,38,74"
704,"23,38,74"
705,"135,138,40"
706,"128,129,40"
707,"40,41,224"
708,"0,8,327"
709,"24,23,49"
710,"3,17,21"
711,"40,23,74"
712,"15,3,16"
713,"0,211,212"
714,"169,21,3"
715,"49,23,24"
716,"3,147,148"
717,"3,4"
718,"3,21,40"
719,"23,40,38"
720,"3,148,147"
721,"72,44,10"
722,"3,21,187"
723,"3,148,147"
724,"3,5,133"
725,"23,24,43"
726,"3,170,169"
727,"0,8,206"
728,"199,169,10"
729,"40,41,224"
730,"199,169"
731,"169,170,296"
732,"3,17,200"
733,"44,145,10"
734,"199,169"
735,"199,169,223"
736,"10,93,64"
737,"199,169,259"
738,"10,72,11"
739,"8,0,346"
740,"23,38,26"
741,"0,271"
742,"3,4,200"
743,"10,23,24"
744,"40,10,402"
745,"4,3,7"
746,"23,62,24"
747,"31,23,328"
748,"3,199,21"
749,"10,44,145"
750,"40,41,21"
751,"24,23,43"
752,"3,111,123"
753,"170,169"
754,"169,170"
755,"181,145,40"
756,"145,44,10"
757,"40,250,38"
758,"3,15,16"
759,"169,170,0"
760,"169,170,296"
761,"0,40,10"
762,"10,64,239"
763,"3,21,200"
764,"3,21,200"
765,"0,8,235"
766,"0,265,273"
767,"199,169,251"
768,"0,265,271"
769,"145,181,40"
770,"3,111,123"
771,"10,64,448"
772,"3,15"
773,"3,21,200"
774,"199,169"
775,"3,21,200"
776,"3,170,169"
777,"40,23,128"
778,"4,3,7"
779,"10,23,24"
780,"10,93,64"
781,"181,10,40"
782,"0,271"
783,"3,40,13"
784,"3,21,200"
785,"38,23,169"
786,"169,199,0"
787,"23,74,38"
788,"8,206,0"
789,"26,0,8"
790,"3,40,21"
791,"220,10"
792,"44,145,45"
793,"23,38,26"
794,"199,169"
795,"40,131"
796,"3,5,21"
797,"3,21,148"
798,"40,184,131"
799,"111,112,40"
800,"40,169,184"
801,"0,8,128"
802,"0,38,26"
803,"3,40,17"
804,"3,200,4"
805,"199,169"
806,"40,23,26"
807,"23,38,71"
808,"199,3,21"
809,"170,169,3"
810,"10,23,38"
811,"24,23,43"
812,"44,10,145"
813,"0,271,216"
814,"3,21,40"
815,"40,128,41"
816,"3,21,148"
817,"0,3,265"
818,"3,17,21"
819,"170,169,3"
820,"0,255,216"
821,"3,17,40"
822,"169,199,10"
823,"24,23,43"
824,"3,148,21"
825,"40,145,131"
826,"0,8,391"
827,"72,44,145"
828,"169,170,296"
829,"40,131,478"
830,"10,64,90"
831,"0,271,216"
832,"10,44,23"
833,"199,169,40"
834,"3,21,200"
835,"23,74,38"
836,"169,199,170"
837,"40,184,131"
838,"3,4,200"
839,"3,5,133"
840,"402,40,145"
841,"3,41,224"
842,"3,5,133"
843,"26,89,23"
844,"23,49,24"
845,"23,93,38"
846,"169,199,170"
847,"40,128,130"
848,"0,271,218"
849,"23,31,96"
850,"169,199,170"
851,"38,23,44"
852,"32,31,23"
853,"71,23,38"
854,"170,169,3"
855,"40,146,145"
856,"49,10,24"
857,"10,64,93"
858,"3,4,21"
859,"459,169,170"
860,"23,38,26"
861,"181,24,145"
862,"40,10,31"
863,"0,255,216"
864,"3,13,20"
865,"40,128,41"
866,"3,21,200"
867,"170,171,169"
868,"3,13,21"
869,"23,24,43"
870,"40,128,131"
871,"38,48,23"
872,"3,148,200"
873,"169,199,170"
874,"0,271,216"
875,"145,44,23"
876,"3,21,13"
877,"40,131"
878,"170,171,169"
879,"38,23"
880,"3,4,200"
881,"0,206,8"
882,"402,145,40"
883,"40,131,128"
884,"44,145,10"
885,"40,41,21"
886,"169,199"
887,"10,72,61"
888,"3,148,200"
889,"199,169,431"
890,"145,44,40"
891,"275,3,111"
892,"23,38,74"
893,"10,11,44"
894,"10,44,145"
895,"3,148,147"
896,"40,131"
897,"3,21,200"
898,"40,41,224"
899,"169,0,170"
900,"0,279,216"
901,"3,21,40"
902,"10,23,25"
903,"40,131"
904,"10,64,93"
905,"23,38,10"
906,"0,216,8"
907,"0,8,235"
908,"3,10,13"
909,"40,250,128"
910,"10,220"
911,"10,44,72"
912,"10,68,40"
913,"44,145,10"
914,"10,64,448"
915,"220,10"
916,"3,4"
917,"0,271,218"
918,"3,4,435"
919,"0,23,38"
920,"3,147,148"
921,"234,10,60"
922,"23,3,74"
923,"10,64,93"
924,"40,146,145"
925,"23,38,24"
926,"234,10,60"
927,"128,40,129"
928,"3,21,40"
929,"3,200,21"
930,"0,40,23"
931,"229,10,230"
932,"38,0,23"
933,"38,23,74"
934,"181,40,10"
935,"169,426,508"
936,"3,21,40"
937,"3,15,200"
938,"3,148,147"
939,"296,169,306"
940,"4,3"
941,"26,0,40"
942,"3,120,147"
943,"199,169,431"
944,"4,3"
945,"169,199,170"
946,"0,8,206"
947,"3,21,200"
948,"118,74,23"
949,"40,131,241"
950,"0,271"
951,"10,239,60"
952,"170,169,171"
953,"10,40,23"
954,"49,23,24"
955,"10,72,44"
956,"402,145,40"
957,"24,23,49"
958,"234,60,10"
959,"181,40,145"
960,"169,199,170"
961,"199,3,169"
962,"40,145,59"
963,"40,250"
964,"10,24,23"
965,"128,40,130"
966,"10,64,448"
967,"169,337,170"
968,"3,188,15"
969,"23,74,71"
970,"40,135,138"
971,"40,160,315"
972,"62,23,24"
973,"370,216,0"
974,"220,10"
975,"169,199,0"
976,"206,8,0"
977,"40,3,135"
978,"3,21,200"
979,"23,74,40"
980,"49,10,24"
981,"0,8,235"
982,"17,3,18"
983,"3,21,200"
984,"40,131,134"
985,"40,160,315"
986,"23,38,74"
987,"40,131,134"
988,"10,64,93"
989,"3,21,28"
990,"3,187,21"
991,"10,145,24"
992,"199,169,23"
993,"3,21,200"
994,"10,24,23"
995,"3,21,187"
996,"199,169"
997,"40,131"
998,"40,160,317"
999,"23,62,24"
1000,"0,26,40"
1001,"3,4"
1002,"0,216,8"
1003,"23,40,31"
1004,"3,21,0"
1005,"169,199,170"
1006,"3,21,200"
1007,"44,23,145"
1008,"169,170,296"
1009,"10,11,69"
1010,"231,26,23"
1011,"3,21,148"
1012,"3,21,0"
1013,"10,64,448"
1014,"3,21,200"
1015,"0,265,23"
1016,"38,23,24"
1017,"38,23"
1018,"3,21,187"
1019,"3,4"
1020,"0,271,255"
1021,"220,10"
1022,"0,235,8"
1023,"26,23,89"
1024,"3,4,19"
1025,"40,250,128"
1026,"0,8,271"
1027,"26,23,89"
1028,"3,21,200"
1029,"23,24,43"
1030,"10,23,40"
1031,"181,40,145"
1032,"40,128,186"
1033,"3,21,148"
1034,"3,199,21"
1035,"3,40,23"
1036,"3,15"
1037,"3,21,148"
1038,"40,3,17"
1039,"24,43,23"
1040,"31,10,93"
1041,"145,44,40"
1042,"0,265,216"
1043,"169,199,0"
1044,"10,64,11"
1045,"23,71,74"
1046,"3,21"
1047,"169,426,199"
1048,"220,10"
1049,"0,216,40"
1050,"10,64,93"
1051,"3,21,148"
1052,"220,10"
1053,"10,181,24"
1054,"40,131,184"
1055,"146,38,23"
1056,"220,10"
1057,"3,15,200"
1058,"3,147,148"
1059,"40,3,131"
1060,"23,24,43"
1061,"3,21,200"
1062,"3,40,21"
1063,"0,211,216"
1064,"3,21,40"
1065,"40,184,160"
1066,"44,145,45"
1067,"169,199,0"
1068,"224,3,41"
1069,"3,111,40"
1070,"3,21,5"
1071,"0,265,216"
1072,"10,239,60"
1073,"8,206,0"
1074,"3,200,68"
1075,"3,21,200"
1076,"26,23,231"
1077,"3,4,147"
1078,"40,315,160"
1079,"40,41,224"
1080,"3,17,506"
1081,"3,21,200"
1082,"23,26,89"
1083,"250,38,40"
1084,"40,3,41"
1085,"10,64,448"
1086,"0,216,218"
1087,"10,64,60"
1088,"3,187,21"
1089,"40,23,128"
1090,"4,3,435"
1091,"40,3,131"
1092,"23,74,38"
1093,"3,21,40"
1094,"199,169"
1095,"169,0,199"
1096,"3,17,21"
1097,"202,3,40"
1098,"40,135,41"
1099,"40,146,145"
1100,"0,271,216"
1101,"0,271,280"
1102,"3,147,148"
1103,"24,10,43"
1104,"3,21,187"
1105,"23,38,74"
1106,"23,38,309"
1107,"170,171,169"
1108,"199,169,38"
1109,"199,169"
1110,"10,239,60"
1111,"0,8,206"
1112,"49,23,24"
1113,"3,4,148"
1114,"170,171,169"
1115,"40,160,73"
1116,"60,23,24"
1117,"0,216,8"
1118,"40,128,129"
1119,"40,146,283"
1120,"10,64,93"
1121,"3,21,17"
1122,"169,170,199"
1123,"40,131,23"
1124,"3,21,148"
1125,"169,199,170"
1126,"3,21,200"
1127,"10,64,448"
1128,"23,26,38"
1129,"0,271,366"
1130,"8,0,206"
1131,"10,23,31"
1132,"0,271,216"
1133,"10,64,44"
1134,"11,10,205"
1135,"0,211,212"
1136,"3,21,200"
1137,"169,170,296"
1138,"220,10"
1139,"169,199,0"
1140,"169,296,0"
1141,"3,21,200"
1142,"220,10"
1143,"199,169,251"
1144,"10,72,44"
1145,"23,38,24"
1146,"3,21,28"
1147,"0,10,26"
1148,"26,23,38"
1149,"3,21,200"
1150,"3,4,148"
1151,"3,40,21"
1152,"145,44,10"
1153,"10,40,220"
1154,"402,145,40"
1155,"10,24,11"
1156,"145,402,44"
1157,"0,218,255"
1158,"26,23,0"
1159,"3,147,523"
1160,"170,171,169"
1161,"3,187,21"
1162,"231,26,23"
1163,"23,74,84"
1164,"0,265,340"
1165,"23,38,74"
1166,"3,170,21"
1167,"3,147,148"
1168,"0,271,216"
1169,"23,145,38"
1170,"0,216,354"
1171,"23,74,38"
1172,"4,3,375"
1173,"0,26,23"
1174,"0,23,38"
1175,"62,23,169"
1176,"24,23,43"
1177,"0,271"
1178,"10,64,220"
1179,"40,160,315"
1180,"170,169,171"
1181,"199,169,0"
1182,"0,265,271"
1183,"38,23,82"
1184,"26,23,350"
1185,"32,31,23"
1186,"220,10"
1187,"3,200,15"
1188,"290,31,0"
1189,"171,170,169"
1190,"32,23,31"
1191,"135,40,459"
1192,"181,40,145"
1193,"40,41,128"
1194,"0,265,269"
1195,"199,169"
1196,"3,4"
1197,"40,315,160"
1198,"0,23,38"
1199,"23,24,10"
1200,"11,10,69"
1201,"32,23,31"
1202,"3,21,41"
1203,"23,38,74"
1204,"10,24,38"
1205,"23,71,38"
1206,"0,8,235"
1207,"0,265,271"
1208,"220,10"
1209,"24,23,43"
1210,"169,0,38"
1211,"169,199,426"
1212,"10,64,448"
1213,"169,199"
1214,"26,23,350"
1215,"10,220"
1216,"40,135,10"
1217,"3,148,147"
1218,"40,123,3"
1219,"10,64"
1220,"199,169,259"
1221,"220,10"
1222,"3,21,200"
1223,"3,40,21"
1224,"40,131"
1225,"11,10,69"
1226,"38,250,23"
1227,"40,128,131"
1228,"40,131,193"
1229,"199,169,10"
1230,"40,128,175"
1231,"3,23,38"
1232,"0,216,8"
1233,"23,38,0"
1234,"199,169,145"
1235,"40,74,23"
1236,"220,10"
1237,"38,82,0"
1238,"402,328,40"
1239,"10,153,13"
1240,"0,8,327"
1241,"3,21,200"
1242,"44,145,40"
1243,"40,128,186"
1244,"10,11,69"
1245,"0,271,265"
1246,"431,199,40"
1247,"23,40,38"
1248,"10,64,40"
1249,"199,169"
1250,"0,10,265"
1251,"10,64,448"
1252,"3,21,200"
1253,"40,23,131"
1254,"41,40,224"
1255,"231,23,26"
1256,"3,4,200"
1257,"0,271,265"
1258,"169,199,170"
1259,"0,265,220"
1260,"3,21,200"
1261,"202,296,300"
1262,"93,10,64"
1263,"0,3,40"
1264,"23,24,145"
1265,"3,40,135"
1266,"3,17,18"
1267,"38,40,23"
1268,"26,231,23"
1269,"3,21,200"
1270,"40,3,21"
1271,"71,23,44"
1272,"3,21,48"
1273,"23,24,38"
1274,"170,459,169"
1275,"23,38,26"
1276,"17,3,169"
1277,"3,148,200"
1278,"40,386,135"
1279,"15,3,16"
1280,"10,220,221"
1281,"3,21,200"
1282,"10,24,64"
1283,"3,523,147"
1284,"170,3,169"
1285,"3,21,200"
1286,"0,271,216"
1287,"26,350,23"
1288,"128,40,129"
1289,"10,229,421"
1290,"220,10"
1291,"199,169,251"
1292,"32,31,23"
1293,"26,231,23"
1294,"3,4,15"
1295,"3,21,148"
1296,"5,3,6"
1297,"3,21,200"
1298,"3,147,148"
1299,"10,64,93"
1300,"23,38,26"
1301,"23,38,63"
1302,"3,21,200"
1303,"3,93,147"
1304,"3,4,200"
1305,"3,202,200"
1306,"3,23,68"
1307,"199,169"
1308,"169,337,170"
1309,"4,3,23"
1310,"3,148,147"
1311,"23,38,74"
1312,"0,3,10"
1313,"44,145,23"
1314,"38,23"
1315,"199,169,3"
1316,"62,3,23"
1317,"0,3,265"
1318,"199,169,0"
1319,"3,40,21"
1320,"10,64,93"
1321,"220,10"
1322,"3,148,147"
1323,"74,23,38"
1324,"23,38,26"
1325,"3,170,169"
1326,"23,26,38"
1327,"220,10"
1328,"3,40,287"
1329,"3,21,40"
1330,"10,64,448"
1331,"3,4,148"
1332,"3,21,187"
1333,"169,40,170"
1334,"0,313,271"
1335,"3,21,28"
1336,"3,13,21"
1337,"220,10"
1338,"40,3,21"
1339,"3,147,148"
1340,"3,187,21"
1341,"40,146,145"
1342,"169,170,199"
1343,"199,169"
1344,"10,220"
1345,"40,129,128"
1346,"169,199,0"
1347,"3,147,148"
1348,"135,138,40"
1349,"169,199,10"
1350,"23,38,24"
1351,"0,313,271"
1352,"188,3,4"
1353,"0,313,346"
1354,"3,287,53"
1355,"0,271,8"
1356,"3,120,147"
1357,"3,200,21"
1358,"23,74,38"
1359,"10,72,44"
1360,"3,40,148"
1361,"40,128,306"
1362,"3,48,21"
1363,"169,199,251"
1364,"3,199,21"
1365,"199,169,49"
1366,"38,23,26"
1367,"3,28,21"
1368,"3,21,200"
1369,"74,23,40"
1370,"0,271"
1371,"40,41,128"
1372,"44,145,40"
1373,"145,44,10"
1374,"145,44,10"
1375,"44,145,40"
1376,"3,200,148"
1377,"169,170,199"
1378,"10,64"
1379,"23,38"
1380,"145,44,402"
1381,"0,206,8"
1382,"3,15,148"
1383,"3,21,40"
1384,"3,21,200"
1385,"40,160,315"
1386,"181,323,40"
1387,"26,89,23"
1388,"11,10,69"
1389,"3,21,200"
1390,"17,3,18"
1391,"0,216,10"
1392,"3,170,169"
1393,"40,131,128"
1394,"3,21,40"
1395,"135,40,138"
1396,"44,145,10"
1397,"0,271,10"
1398,"38,23"
1399,"169,199,251"
1400,"40,128,41"
1401,"169,170,38"
1402,"3,4,148"
1403,"3,21,17"
1404,"145,44,10"
1405,"199,181,169"
1406,"3,17,21"
1407,"3,148,21"
1408,"3,4,28"
1409,"23,10,24"
1410,"239,60,10"
1411,"26,0,23"
1412,"40,187,199"
1413,"145,40,10"
1414,"10,220,221"
1415,"3,21,17"
1416,"3,15,275"
1417,"3,21,200"
1418,"3,5,133"
1419,"0,8,327"
1420,"40,3,41"
1421,"23,38,345"
1422,"40,160,315"
1423,"23,38,26"
1424,"23,74,38"
1425,"3,21,17"
1426,"199,21,3"
1427,"23,38,26"
1428,"44,72,145"
1429,"3,21,200"
1430,"10,145,44"
1431,"3,21,40"
1432,"38,23,24"
1433,"10,64,93"
1434,"10,64,145"
1435,"10,64,448"
1436,"169,23,199"
1437,"199,169"
1438,"23,49,24"
1439,"23,40,10"
1440,"3,21,148"
1441,"3,21,200"
1442,"0,169,337"
1443,"10,64,0"
1444,"72,10,44"
1445,"23,24,181"
1446,"23,74,118"
1447,"49,24,23"
1448,"40,10,145"
1449,"3,40,41"
1450,"0,8,235"
1451,"3,111,267"
1452,"10,234,23"
1453,"3,21,40"
1454,"10,64"
1455,"40,160"
1456,"3,4,200"
1457,"41,224,40"
1458,"3,187,21"
1459,"199,169,431"
1460,"24,23,43"
1461,"40,3,111"
1462,"10,72,44"
1463,"145,44,23"
1464,"23,24,38"
1465,"128,129,40"
1466,"0,231,271"
1467,"199,169,145"
1468,"0,8,206"
1469,"23,118,74"
1470,"169,170,426"
1471,"23,24,38"
1472,"0,271,265"
1473,"3,5,6"
1474,"4,3,7"
1475,"10,64"
1476,"10,220,221"
1477,"3,4"
1478,"0,271,216"
1479,"40,128,186"
1480,"23,74,38"
1481,"145,40,44"
1482,"3,148,147"
1483,"0,271,313"
1484,"49,24,23"
1485,"3,200,21"
1486,"3,200,21"
1487,"62,10,24"
1488,"3,17,21"
1489,"40,131"
1490,"3,148,147"
1491,"10,24,60"
1492,"23,24,43"
1493,"0,271"
1494,"3,148,123"
1495,"38,23,40"
1496,"23,38,74"
1497,"40,131,128"
1498,"38,23,145"
1499,"40,131"
1500,"38,23,39"
1501,"3,301,21"
1502,"169,199,337"
1503,"220,10"
1504,"38,23,74"
1505,"3,21,187"
1506,"169,199,0"
1507,"23,26,38"
1508,"21,3,40"
1509,"0,255,313"
1510,"3,21,187"
1511,"169,170,199"
1512,"40,135,138"
1513,"206,0,8"
1514,"199,40,431"
1515,"3,21,148"
1516,"337,339,169"
1517,"128,40,0"
1518,"23,10,24"
1519,"3,28,21"
1520,"23,62,24"
1521,"43,24,181"
1522,"3,21,127"
1523,"23,49,24"
1524,"10,64,24"
1525,"10,11,69"
1526,"49,23,24"
1527,"10,64"
1528,"0,211,279"
1529,"38,23,0"
1530,"32,199,169"
1531,"220,10"
1532,"10,24,64"
1533,"24,23,10"
1534,"44,72,145"
1535,"10,220"
1536,"169,170,0"
1537,"169,170,199"
1538,"0,271,3"
1539,"3,15,147"
1540,"38,23,74"
1541,"199,169,3"
1542,"3,21,148"
1543,"40,135,138"
1544,"10,24,23"
1545,"128,40,129"
1546,"40,3,10"
1547,"234,10,60"
1548,"145,44,402"
1549,"10,64,24"
1550,"0,216,271"
1551,"4,3"
1552,"23,74,38"
1553,"3,4"
1554,"3,4,15"
1555,"3,17,15"
1556,"0,199,169"
1557,"3,148,147"
1558,"220,10"
1559,"10,181,60"
1560,"169,296,0"
1561,"10,64,40"
1562,"3,148,200"
1563,"23,63,38"
1564,"3,21,115"
1565,"138,135,170"
1566,"23,38,44"
1567,"0,271,218"
1568,"23,38,74"
1569,"8,206,0"
1570,"10,64"
1571,"44,73,145"
1572,"17,3,18"
1573,"296,169,306"
1574,"10,145,0"
1575,"10,220"
1576,"23,38"
1577,"3,147,148"
1578,"128,129,40"
1579,"199,169,223"
1580,"3,21,187"
1581,"3,15,153"
1582,"181,10,145"
1583,"169,170,199"
1584,"3,21,200"
1585,"40,23,135"
1586,"199,169,10"
1587,"3,21,200"
1588,"10,181,60"
1589,"23,74,40"
1590,"40,128,131"
1591,"44,145,45"
1592,"199,169,251"
1593,"170,171,169"
1594,"24,23,43"
1595,"170,171,169"
1596,"0,128,195"
1597,"147,148,3"
1598,"3,5,21"
1599,"145,44,402"
1600,"199,169,49"
1601,"40,128,186"
1602,"10,64,44"
1603,"10,11,69"
1604,"0,40,267"
1605,"3,200,21"
1606,"40,41,128"
1607,"296,169,306"
1608,"169,170,40"
1609,"3,15,21"
1610,"49,23,24"
1611,"40,184,131"
1612,"38,23,137"
1613,"3,21,200"
1614,"199,169,3"
1615,"3,4,200"
1616,"0,271,216"
1617,"38,23"
1618,"3,21,200"
1619,"220,10"
1620,"3,169,199"
1621,"199,169,431"
1622,"199,431,169"
1623,"169,296,336"
1624,"0,271,216"
1625,"23,38,26"
1626,"220,10"
1627,"23,74,38"
1628,"40,250,41"
1629,"40,131,134"
1630,"10,40,181"
1631,"40,131,145"
1632,"0,26,23"
1633,"3,21,148"
1634,"10,44,64"
1635,"0,216,279"
1636,"23,10,38"
1637,"0,271,8"
1638,"3,4"
1639,"40,23,131"
1640,"3,199,169"
1641,"3,21,148"
1642,"3,17,200"
1643,"72,44,10"
1644,"181,10,40"
1645,"0,271"
1646,"181,10,24"
1647,"10,17,40"
1648,"23,24,10"
1649,"23,74,38"
1650,"10,64,93"
1651,"0,265,218"
1652,"3,5,133"
1653,"0,216,218"
1654,"3,21,200"
1655,"3,147,148"
1656,"49,23,24"
1657,"169,170"
1658,"3,148,21"
1659,"44,145,10"
1660,"31,169,23"
1661,"5,3,6"
1662,"128,40,130"
1663,"40,131,134"
1664,"4,3,7"
1665,"44,145,402"
1666,"40,3,17"
1667,"72,44,10"
1668,"3,28,113"
1669,"40,131,134"
1670,"0,218,265"
1671,"44,10,145"
1672,"199,169,3"
1673,"287,3,53"
1674,"3,23,40"
1675,"10,24,23"
1676,"0,271,216"
1677,"169,199,10"
1678,"346,313,128"
1679,"3,123,111"
1680,"24,23,43"
1681,"0,218,216"
1682,"0,206,8"
1683,"3,21,200"
1684,"3,21,200"
1685,"0,271,216"
1686,"3,21,200"
1687,"40,3,17"
1688,"3,21,187"
1689,"40,131,134"
1690,"40,367,3"
1691,"3,187,21"
1692,"199,169,251"
1693,"3,4,148"
1694,"0,216,211"
1695,"40,23,74"
1696,"10,220,24"
1697,"40,128,129"
1698,"3,148,147"
1699,"40,128,3"
1700,"72,44,10"
1701,"3,0,111"
1702,"3,21,148"
1703,"0,271,265"
1704,"10,234,11"
1705,"3,21,147"
1706,"3,147,148"
1707,"0,271,216"
1708,"23,169,251"
1709,"40,131,160"
1710,"72,61,145"
1711,"0,235,8"
1712,"145,23,38"
1713,"169,199,0"
1714,"3,15,148"
1715,"171,170,169"
1716,"15,3,16"
1717,"0,128,216"
1718,"169,296,170"
1719,"0,23,38"
1720,"40,131"
1721,"24,10,23"
1722,"10,44,72"
1723,"145,44,40"
1724,"40,128,23"
1725,"220,10"
1726,"26,231,23"
1727,"74,23,38"
1728,"23,38,10"
1729,"0,218,220"
1730,"3,187,21"
1731,"199,169,170"
1732,"170,169"
1733,"10,64,93"
1734,"3,21"
1735,"0,271,216"
1736,"145,44,10"
1737,"3,17,21"
1738,"181,10,24"
1739,"3,0,21"
1740,"3,21,200"
1741,"3,21,148"
1742,"0,216,8"
1743,"169,199,0"
1744,"48,169,21"
1745,"3,21,148"
1746,"3,40,199"
1747,"3,4,200"
1748,"89,26,23"
1749,"10,64,448"
1750,"10,64,40"
1751,"290,31,0"
1752,"23,26,0"
1753,"0,271"
1754,"181,40,145"
1755,"199,169,431"
1756,"40,128,250"
1757,"23,38,345"
1758,"0,313,346"
1759,"23,26,231"
1760,"38,23,309"
1761,"3,200,21"
1762,"44,145,45"
1763,"169,170,199"
1764,"220,10"
1765,"40,41,3"
1766,"135,40,138"
1767,"0,26,216"
1768,"3,21,147"
1769,"199,3,169"
1770,"3,21,200"
1771,"0,8,235"
1772,"3,21,200"
1773,"40,3,21"
1774,"44,72,10"
1775,"199,169,40"
1776,"10,64,448"
1777,"3,200,21"
1778,"3,21,17"
1779,"3,21,200"
1780,"169,199,170"
1781,"169,199,0"
1782,"0,231,271"
1783,"23,74,38"
1784,"129,128,40"
1785,"170,169,171"
1786,"23,38,26"
1787,"40,145,10"
1788,"40,160,41"
1789,"199,169,170"
1790,"10,40,135"
1791,"220,10"
1792,"23,38,74"
1793,"10,44,11"
1794,"40,386,135"
1795,"0,216,211"
1796,"23,38,26"
1797,"10,220"
1798,"23,38,74"
1799,"3,21,148"
1800,"31,23,96"
1801,"199,169,0"
1802,"3,187,17"
1803,"10,44,24"
1804,"23,74,71"
1805,"0,235,8"
1806,"3,199,21"
1807,"49,24,23"
1808,"40,3,128"
1809,"23,32,31"
1810,"31,169,23"
1811,"3,28,200"
1812,"3,5,133"
1813,"10,220"
1814,"169,170,0"
1815,"10,25,24"
1816,"41,40,224"
1817,"3,21,40"
1818,"181,40,145"
1819,"3,10,53"
1820,"44,38,23"
1821,"118,74,23"
1822,"3,21,200"
1823,"23,26,38"
1824,"3,40,21"
1825,"23,38,10"
1826,"10,145,54"
1827,"10,64,145"
1828,"3,21,200"
1829,"171,170,169"
1830,"169,170,426"
1831,"0,216,211"
1832,"0,271,216"
1833,"3,200,21"
1834,"169,170,0"
1835,"0,346,313"
1836,"239,60,10"
1837,"145,44,10"
1838,"3,523,147"
1839,"0,23,38"
1840,"40,128,131"
1841,"3,21,17"
1842,"3,21,148"
1843,"3,21,17"
1844,"0,216"
1845,"10,145,220"
1846,"40,184,131"
1847,"74,23,40"
1848,"0,271,26"
1849,"3,15"
1850,"15,3,16"
1851,"10,44,145"
1852,"3,111,40"
1853,"3,40,13"
1854,"10,64,93"
1855,"296,169,8"
1856,"206,8,0"
1857,"40,128,250"
1858,"40,41,160"
1859,"0,271,265"
1860,"84,23,74"
1861,"40,135"
1862,"26,0,350"
1863,"10,64,93"
1864,"32,31,23"
1865,"40,131,134"
1866,"0,8,235"
1867,"169,426,508"
1868,"23,74,38"
1869,"206,8,0"
1870,"40,160,315"
1871,"0,271,216"
1872,"32,31,169"
1873,"0,216,265"
1874,"23,38,24"
1875,"40,131,241"
1876,"128,129,40"
1877,"24,43,23"
1878,"3,21,148"
1879,"0,271,313"
1880,"0,370,216"
1881,"199,10,169"
1882,"10,64,3"
1883,"118,23,74"
1884,"199,40,169"
1885,"3,4"
1886,"3,21,153"
1887,"181,40,145"
1888,"10,64,93"
1889,"3,147,148"
1890,"23,74,118"
1891,"15,3,16"
1892,"0,271,216"
1893,"220,10"
1894,"38,23,309"
1895,"206,0,8"
1896,"10,25,23"
1897,"10,26,64"
1898,"3,4,375"
1899,"0,26,313"
1900,"40,23,38"
1901,"3,17,18"
1902,"10,3,169"
1903,"3,21,200"
1904,"3,17,10"
1905,"3,147,148"
1906,"0,26,271"
1907,"3,111,200"
1908,"3,32,200"
1909,"3,4"
1910,"10,220,23"
1911,"220,10"
1912,"0,128,195"
1913,"3,200,4"
1914,"199,169"
1915,"0,271,216"
1916,"3,147,148"
1917,"0,271,355"
1918,"0,216,211"
1919,"199,169,431"
1920,"23,74,38"
1921,"10,64"
1922,"23,74,26"
1923,"3,4"
1924,"40,41,3"
1925,"3,4"
1926,"3,188,4"
1927,"0,26,23"
1928,"169,170,199"
1929,"3,5,6"
1930,"23,44,145"
1931,"38,23"
1932,"0,271,216"
1933,"3,148,147"
1934,"220,10"
1935,"118,74,23"
1936,"169,199"
1937,"40,41,3"
1938,"3,21,200"
1939,"169,426,508"
1940,"23,24,43"
1941,"10,0,220"
1942,"0,271,216"
1943,"38,23,74"
1944,"169,31,171"
1945,"74,40,23"
1946,"74,23,40"
1947,"23,74,165"
1948,"220,10"
1949,"11,10,69"
1950,"23,74,38"
1951,"23,24,145"
1952,"199,169,40"
1953,"3,4,200"
1954,"220,10"
1955,"3,21,40"
1956,"10,64"
1957,"3,21,148"
1958,"3,147,148"
1959,"0,271,216"
1960,"169,0,40"
1961,"3,4,200"
1962,"220,10"
1963,"10,93,64"
1964,"169,296,199"
1965,"49,23,24"
1966,"72,44,10"
1967,"23,38,74"
1968,"10,64,93"
1969,"0,271"
1970,"38,23,309"
1971,"220,10"
1972,"10,220"
1973,"23,71,24"
1974,"220,10"
1975,"0,265,271"
1976,"0,271,280"
1977,"23,3,38"
1978,"0,271"
1979,"8,0,206"
1980,"24,23,43"
1981,"3,4,200"
1982,"10,64"
1983,"3,148,147"
1984,"0,235,8"
1985,"24,23,43"
1986,"0,216,271"
1987,"0,271,26"
1988,"40,131"
1989,"220,10"
1990,"3,200,4"
1991,"10,24,38"
1992,"3,21,148"
1993,"3,10,23"
1994,"3,21,40"
1995,"23,62,24"
1996,"169,426,508"
1997,"199,169"
1998,"199,169"
1999,"10,23,64"
2000,"0,235,8"
2001,"181,40,145"
2002,"3,21,40"
2003,"23,38,24"
2004,"3,187,21"
2005,"199,169,223"
2006,"23,74,38"
2007,"169,0,296"
2008,"10,64,90"
2009,"10,234,11"
2010,"199,169,259"
2011,"169,199,0"
2012,"10,64,448"
2013,"0,271"
2014,"0,216,271"
2015,"0,8,206"
2016,"199,169,40"
2017,"40,128,186"
2018,"23,24,62"
2019,"220,10"
2020,"169,199,170"
2021,"3,21,200"
2022,"3,21,200"
2023,"523,3,147"
2024,"40,3,128"
2025,"199,169"
2026,"3,21,301"
2027,"26,23,89"
2028,"0,279,211"
2029,"72,44,10"
2030,"40,131,134"
2031,"38,23"
2032,"199,169,0"
2033,"40,24,145"
2034,"40,41,3"
2035,"169,170,0"
2036,"23,38,26"
2037,"3,5,6"
2038,"3,21,187"
2039,"10,220,221"
2040,"169,199,3"
2041,"3,21,187"
2042,"199,169,135"
2043,"0,218,265"
2044,"0,216,271"
2045,"0,3,230"
2046,"145,44,402"
2047,"169,170,459"
2048,"10,11,69"
2049,"123,111,3"
2050,"44,145,10"
2051,"3,169,199"
2052,"3,199,21"
2053,"40,146,145"
2054,"32,23,31"
2055,"10,64,93"
2056,"171,170,169"
2057,"0,271"
2058,"10,40,3"
2059,"40,41,128"
2060,"32,23,31"
2061,"3,21,40"
2062,"3,17,21"
2063,"44,145,10"
2064,"181,40,24"
2065,"169,0,170"
2066,"10,169,31"
2067,"10,64,220"
2068,"4,3,7"
2069,"49,23,24"
2070,"10,64"
2071,"3,17,21"
2072,"3,200,148"
2073,"71,23,24"
2074,"3,21,148"
2075,"84,74,23"
2076,"40,31,23"
2077,"3,147,148"
2078,"169,170,10"
2079,"199,169,431"
2080,"0,169,199"
2081,"40,160,315"
2082,"23,26,0"
2083,"0,31,216"
2084,"169,170,171"
2085,"169,199,251"
2086,"199,169,431"
2087,"40,41,131"
2088,"10,3,17"
2089,"0,265,271"
2090,"26,350"
2091,"0,216,271"
2092,"3,5,6"
2093,"0,218,271"
2094,"32,31,23"
2095,"0,8,235"
2096,"0,216,211"
2097,"40,131,3"
2098,"10,64,11"
2099,"10,146,145"
2100,"38,23"
2101,"3,170,169"
2102,"111,3,112"
2103,"40,199,169"
2104,"10,64"
2105,"40,128,129"
2106,"38,23,24"
2107,"170,169,171"
2108,"3,147,148"
2109,"220,10"
2110,"199,169"
2111,"40,3,21"
2112,"0,271,216"
2113,"10,64,93"
2114,"23,38,137"
2115,"0,271"
2116,"3,225,156"
2117,"0,23,38"
2118,"44,10,73"
2119,"23,38,10"
2120,"145,44,402"
2121,"0,26,350"
2122,"40,131"
2123,"23,74,38"
2124,"10,40,64"
2125,"49,24,23"
2126,"72,44,10"
2127,"3,147,148"
2128,"0,216,8"
2129,"3,169,199"
2130,"10,11,69"
2131,"40,23,74"
2132,"10,64,93"
2133,"48,23,31"
2134,"10,64,93"
2135,"40,3,41"
2136,"0,271"
2137,"10,402,220"
2138,"40,250,41"
2139,"3,4,435"
2140,"3,21,200"
2141,"40,131"
2142,"38,63,23"
2143,"3,4,28"
2144,"49,24,23"
2145,"181,145,40"
2146,"0,169,230"
2147,"0,271,216"
2148,"220,10"
2149,"199,169,49"
2150,"23,0,24"
2151,"10,93,64"
2152,"3,147,148"
2153,"40,131,145"
2154,"0,8,216"
2155,"3,21,200"
2156,"23,62,38"
2157,"181,40,10"
2158,"40,367,32"
2159,"40,145,131"
2160,"38,23,87"
2161,"3,0,216"
2162,"220,10"
2163,"3,123,111"
2164,"84,23,74"
2165,"170,171,169"
2166,"220,10"
2167,"23,74,40"
2168,"40,131,41"
2169,"199,169,10"
2170,"0,8,271"
2171,"40,315,160"
2172,"3,21,200"
2173,"40,184,135"
2174,"3,206,21"
2175,"0,26,23"
2176,"48,38,3"
2177,"23,26,74"
2178,"23,38,24"
2179,"3,17,18"
2180,"24,43,181"
2181,"40,131"
2182,"23,0,38"
2183,"0,271,8"
2184,"0,8,216"
2185,"3,147,148"
2186,"3,21,147"
2187,"40,160,315"
2188,"23,24,43"
2189,"3,21,187"
2190,"3,21,200"
2191,"40,145,402"
2192,"10,11,69"
2193,"17,3,18"
2194,"199,3,169"
2195,"169,199,0"
2196,"0,271,211"
2197,"40,131,41"
2198,"220,10"
2199,"199,169"
2200,"40,3,41"
2201,"271,0"
2202,"10,64,448"
2203,"170,171,169"
2204,"49,23,24"
2205,"199,169,32"
2206,"3,200,21"
2207,"0,271,216"
2208,"0,346,313"
2209,"169,199,40"
2210,"118,23,74"
2211,"169,0,199"
2212,"147,3,148"
2213,"3,4,200"
2214,"38,23,74"
2215,"40,0,128"
2216,"3,21,200"
2217,"40,131,193"
2218,"220,10"
2219,"220,0,10"
2220,"220,10"
2221,"40,131"
2222,"23,31,10"
2223,"10,0,216"
2224,"23,71,38"
2225,"3,4,200"
2226,"3,21,40"
2227,"10,220"
2228,"0,206,8"
2229,"199,169,0"
2230,"93,10,64"
2231,"220,10"
2232,"71,23,74"
2233,"10,145,44"
2234,"10,72,44"
2235,"402,145,40"
2236,"220,10"
2237,"0,8,391"
2238,"220,10"
2239,"0,265,8"
2240,"3,4,199"
2241,"49,23,24"
2242,"3,4"
2243,"3,32,21"
2244,"10,64"
2245,"40,402,145"
2246,"40,21,500"
2247,"220,10"
2248,"24,23,40"
2249,"10,145,44"
2250,"40,128,306"
2251,"3,17,200"
2252,"3,147,148"
2253,"10,220"
2254,"3,21,48"
2255,"11,10,69"
2256,"17,18,3"
2257,"0,8,235"
2258,"0,271,216"
2259,"220,10"
2260,"38,23,74"
2261,"23,74,38"
2262,"10,220,221"
2263,"40,135,138"
2264,"0,216,211"
2265,"40,41,131"
2266,"199,169,251"
2267,"10,72,44"
2268,"0,211,212"
2269,"10,64,93"
2270,"3,21,200"
2271,"169,199,426"
2272,"40,169,199"
2273,"3,4"
2274,"3,15"
2275,"169,170,296"
2276,"145,44,402"
2277,"169,170,199"
2278,"3,21,40"
2279,"0,218"
2280,"0,216,279"
2281,"23,24,43"
2282,"169,337,170"
2283,"26,89,23"
2284,"169,296,460"
2285,"0,265,218"
2286,"3,5,133"
2287,"3,147,148"
2288,"3,17,200"
2289,"220,10"
2290,"3,21,200"
2291,"135,40,138"
2292,"3,21,200"
2293,"118,23,74"
2294,"0,271,216"
2295,"11,10,205"
2296,"220,10"
2297,"3,21,200"
2298,"220,10"
2299,"169,459,170"
2300,"0,271,216"
2301,"38,23,48"
2302,"23,74,38"
2303,"236,135,40"
2304,"3,199,187"
2305,"3,15,147"
2306,"0,26,271"
2307,"40,128,186"
2308,"0,271,313"
2309,"17,18,3"
2310,"10,145,24"
2311,"235,0,8"
2312,"3,21,148"
2313,"199,169"
2314,"10,220"
2315,"10,38,23"
2316,"23,26,89"
2317,"199,49,169"
2318,"220,10"
2319,"0,271,265"
2320,"3,200,21"
2321,"169,199,426"
2322,"26,0,231"
2323,"0,216,211"
2324,"169,199,296"
2325,"0,216,211"
2326,"0,216,211"
2327,"38,23,26"
2328,"10,220,145"
2329,"40,128,41"
2330,"32,23,31"
2331,"0,216,271"
2332,"169,0,31"
2333,"44,23,145"
2334,"0,26,23"
2335,"23,38,26"
2336,"160,40,315"
2337,"220,10"
2338,"3,4"
2339,"4,3,7"
2340,"23,62,24"
2341,"145,402,44"
2342,"3,21,148"
2343,"23,38,24"
2344,"431,40,135"
2345,"3,28,23"
2346,"118,23,74"
2347,"10,220"
2348,"3,17,21"
2349,"169,199,170"
2350,"10,64"
2351,"10,234,11"
2352,"3,21,148"
2353,"220,10"
2354,"0,265,220"
2355,"10,11,69"
2356,"3,21,187"
2357,"170,171,169"
2358,"199,169,281"
2359,"23,38,44"
2360,"0,265,216"
2361,"145,44,10"
2362,"169,0,199"
2363,"41,40,224"
2364,"3,40,21"
2365,"129,128,0"
2366,"10,220"
2367,"40,250,135"
2368,"74,23,165"
2369,"72,44,145"
2370,"3,148,200"
2371,"23,26,38"
2372,"32,3,31"
2373,"220,10"
2374,"220,10"
2375,"145,10,40"
2376,"3,200,21"
2377,"10,44,145"
2378,"3,15"
2379,"40,145,44"
2380,"0,271,213"
2381,"0,265,10"
2382,"3,21,40"
2383,"3,111,148"
2384,"10,40,64"
2385,"3,21,148"
2386,"40,131,23"
2387,"169,199,170"
2388,"44,145,40"
2389,"169,170,199"
2390,"3,200,148"
2391,"10,11,234"
2392,"170,171,169"
2393,"147,3,148"
2394,"10,11,69"
2395,"40,0,23"
2396,"220,10"
2397,"10,44,23"
2398,"171,170,169"
2399,"40,41,224"
2400,"10,220,25"
2401,"49,23,24"
2402,"3,21,187"
2403,"0,216,211"
2404,"3,21,200"
2405,"181,145,40"
2406,"40,3,148"
2407,"10,11,44"
2408,"24,23,43"
2409,"44,145,73"
2410,"23,24,181"
2411,"40,128,131"
2412,"3,148,147"
2413,"224,41,40"
2414,"10,11,69"
2415,"15,3,16"
2416,"118,23,74"
2417,"10,93,64"
2418,"23,38,44"
2419,"10,64,93"
2420,"3,21,187"
2421,"24,23,43"
2422,"3,15,16"
2423,"3,21,200"
2424,"4,3"
2425,"10,64,448"
2426,"3,68,111"
2427,"169,26,0"
2428,"118,23,74"
2429,"0,10,506"
2430,"23,26,38"
2431,"129,128,40"
2432,"0,271,216"
2433,"3,0,17"
2434,"147,3,148"
2435,"3,21,40"
2436,"199,169,281"
2437,"23,74,118"
2438,"169,170"
2439,"3,147,148"
2440,"44,72,145"
2441,"0,206,8"
2442,"93,10,64"
2443,"3,21,199"
2444,"40,131,139"
2445,"40,169,135"
2446,"10,23,24"
2447,"231,26,23"
2448,"40,131,193"
2449,"10,220"
2450,"3,187,21"
2451,"0,8,391"
2452,"40,128,0"
2453,"138,40,170"
2454,"3,21,17"
2455,"0,271,216"
2456,"128,129,40"
2457,"171,170,169"
2458,"169,296,38"
2459,"10,11,69"
2460,"3,199,169"
2461,"23,40,145"
2462,"3,85,86"
2463,"3,21,200"
2464,"10,64,93"
2465,"0,169,337"
2466,"40,220,10"
2467,"169,23,170"
2468,"220,10"
2469,"171,169,170"
2470,"10,64,448"
2471,"220,10"
2472,"40,128,130"
2473,"3,17,18"
2474,"40,128,131"
2475,"3,169,296"
2476,"3,21,148"
2477,"181,145,40"
2478,"3,169,199"
2479,"3,21,200"
2480,"32,31,23"
2481,"199,431,169"
2482,"10,64,11"
2483,"3,17,200"
2484,"49,23,24"
2485,"199,169"
2486,"0,211,212"
2487,"0,265,271"
2488,"40,38,508"
2489,"3,21,148"
2490,"3,17,21"
2491,"0,271,313"
2492,"0,271,216"
2493,"44,145,10"
2494,"0,211,216"
2495,"10,220"
2496,"40,41,250"
2497,"38,23,40"
2498,"40,131,3"
2499,"0,169,31"
2500,"170,169"
2501,"3,21,200"
2502,"0,23,26"
2503,"3,0,15"
2504,"40,131"
2505,"0,271,313"
2506,"40,128,129"
2507,"3,148,147"
2508,"169,199,426"
2509,"72,44,49"
2510,"24,181,40"
2511,"40,41,3"
2512,"0,271,216"
2513,"129,128,40"
2514,"10,64,93"
2515,"3,187,21"
2516,"145,44,40"
2517,"24,23,43"
2518,"10,220,145"
2519,"40,131,134"
2520,"10,44,145"
2521,"3,202,21"
2522,"3,21,200"
2523,"199,169"
2524,"72,10,61"
2525,"0,370,216"
2526,"10,24,23"
2527,"38,23"
2528,"370,145,23"
2529,"8,0,206"
2530,"10,220,221"
2531,"23,31,10"
2532,"206,8,0"
2533,"199,169,251"
2534,"346,0,313"
2535,"40,135,316"
2536,"3,21,0"
2537,"181,40,145"
2538,"3,40,21"
2539,"3,200,21"
2540,"10,11,69"
2541,"3,21,187"
2542,"23,38,26"
2543,"40,41,224"
2544,"0,271,213"
2545,"40,131,184"
2546,"0,10,24"
2547,"169,3,21"
2548,"0,216,370"
2549,"26,350,23"
2550,"459,169,170"
2551,"10,64,11"
2552,"138,135,40"
2553,"23,38,10"
2554,"72,44,10"
2555,"3,4,435"
2556,"10,64"
2557,"3,53,23"
2558,"170,171,169"
2559,"40,128,41"
2560,"10,0,64"
2561,"3,15,21"
2562,"169,0,3"
2563,"169,0,170"
2564,"40,128,186"
2565,"181,145,10"
2566,"40,128,129"
2567,"3,40,111"
2568,"218,0,509"
2569,"220,10"
2570,"0,271,280"
2571,"3,0,17"
2572,"10,239,60"
2573,"38,23,74"
2574,"40,10,3"
2575,"10,220,25"
2576,"3,147,148"
2577,"49,23,24"
2578,"3,148,147"
2579,"10,24,23"
2580,"38,23,31"
2581,"220,10"
2582,"0,271,313"
2583,"40,128,186"
2584,"3,23,21"
2585,"296,169"
2586,"40,10,131"
2587,"3,21,200"
2588,"3,148,147"
2589,"10,220"
2590,"3,15,200"
2591,"0,216,271"
2592,"40,21,3"
2593,"10,220,221"
2594,"3,5,331"
2595,"199,169,0"
2596,"23,31,169"
2597,"40,131,23"
2598,"40,128,131"
2599,"206,0,402"
2600,"23,74,40"
2601,"0,211,279"
2602,"40,131,159"
2603,"40,131,406"
2604,"3,17,21"
2605,"0,26,231"
2606,"0,271,218"
2607,"23,74,84"
2608,"26,23,89"
2609,"40,135,138"
2610,"24,23,43"
2611,"0,271,216"
2612,"49,24,23"
2613,"145,40,44"
2614,"23,38,74"
2615,"40,41,286"
2616,"24,23,43"
2617,"10,64,11"
2618,"0,216,271"
2619,"169,170,337"
2620,"40,309,250"
2621,"0,271"
2622,"181,169,40"
2623,"3,15,200"
2624,"3,148,523"
2625,"0,265,216"
2626,"40,131,241"
2627,"3,21,200"
2628,"145,137,38"
2629,"0,457,218"
2630,"220,40,169"
2631,"128,40,130"
2632,"3,21,200"
2633,"181,23,24"
2634,"3,40,21"
2635,"199,169,10"
2636,"0,23,38"
2637,"3,21,200"
2638,"3,40,4"
2639,"3,147,148"
2640,"23,24,38"
2641,"40,131"
2642,"146,40,145"
2643,"169,199,40"
2644,"0,3,216"
2645,"3,21,148"
2646,"169,170,199"
2647,"3,21,200"
2648,"0,271,26"
2649,"0,265,269"
2650,"40,23,74"
2651,"3,21,148"
2652,"10,64"
2653,"3,17,21"
2654,"40,131,134"
2655,"10,64,93"
2656,"40,131,134"
2657,"74,23,165"
2658,"10,64"
2659,"220,10"
2660,"4,3,7"
2661,"3,17,21"
2662,"3,200,21"
2663,"24,23,43"
2664,"199,169,40"
2665,"26,23,350"
2666,"3,4,21"
2667,"3,147,148"
2668,"275,3,111"
2669,"24,23,43"
2670,"220,10,31"
2671,"10,44,72"
2672,"3,5,6"
2673,"169,23,31"
2674,"10,11,44"
2675,"3,40,111"
2676,"40,131"
2677,"3,17,21"
2678,"3,21,148"
2679,"3,11,10"
2680,"0,265,271"
2681,"169,199,170"
2682,"0,26,350"
2683,"3,200,148"
2684,"0,216,271"
2685,"10,64,448"
2686,"3,4"
2687,"169,199,170"
2688,"17,3,21"
2689,"40,41,3"
2690,"40,250,315"
2691,"199,169"
2692,"40,131"
2693,"23,40,74"
2694,"3,187,17"
2695,"199,40,169"
2696,"23,74,118"
2697,"10,64,448"
2698,"23,38,74"
2699,"40,131,23"
2700,"40,224,41"
2701,"3,148,147"
2702,"220,10"
2703,"3,4,21"
2704,"40,224,41"
2705,"199,169,431"
2706,"23,24,145"
2707,"199,169,0"
2708,"229,206,0"
2709,"169,199,170"
2710,"3,21,200"
2711,"309,23,48"
2712,"199,169,0"
2713,"10,64"
2714,"3,40,13"
2715,"169,170,3"
2716,"0,8,235"
2717,"3,169,21"
2718,"169,0,296"
2719,"199,169,431"
2720,"40,145,10"
2721,"23,0,38"
2722,"0,271,216"
2723,"169,170,199"
2724,"49,23,24"
2725,"0,271"
2726,"3,21,200"
2727,"181,40,145"
2728,"220,10"
2729,"169,199,0"
2730,"40,131"
2731,"3,21,17"
2732,"23,62,24"
2733,"40,146,145"
2734,"10,64,181"
2735,"145,44,402"
2736,"10,72,44"
2737,"3,15,147"
2738,"169,199"
2739,"10,220"
2740,"199,40,169"
2741,"40,402,145"
2742,"40,135,74"
2743,"23,118,74"
2744,"3,147,15"
2745,"23,24,49"
2746,"10,64,11"
2747,"40,160,315"
2748,"40,131"
2749,"32,31,23"
2750,"23,38,62"
2751,"250,40,135"
2752,"3,111,123"
2753,"3,10,21"
2754,"24,23,43"
2755,"10,64"
2756,"0,271,216"
2757,"23,74,38"
2758,"220,10"
2759,"220,10"
2760,"3,21,148"
2761,"0,206,8"
2762,"74,23,38"
2763,"220,10"
2764,"3,21,200"
2765,"0,218,271"
2766,"40,128,250"
2767,"28,330,40"
2768,"160,315,40"
2769,"40,160"
2770,"199,169"
2771,"10,234,11"
2772,"40,131,134"
2773,"10,24,145"
2774,"3,148,200"
2775,"10,11,69"
2776,"40,23,38"
2777,"3,4,375"
2778,"0,216,1"
2779,"0,26,23"
2780,"3,199,169"
2781,"0,235,8"
2782,"0,271,3"
2783,"44,145,23"
2784,"17,3,18"
2785,"220,10"
2786,"24,23,49"
2787,"118,23,74"
2788,"199,169,0"
2789,"23,74,175"
2790,"40,131,241"
2791,"40,131"
2792,"23,3,123"
2793,"199,169"
2794,"3,147,148"
2795,"40,41,250"
2796,"40,128,131"
2797,"0,271,216"
2798,"3,21,200"
2799,"129,128,40"
2800,"8,128,40"
2801,"199,169"
2802,"10,64,448"
2803,"40,131,241"
2804,"26,0,231"
2805,"23,49,24"
2806,"40,128,186"
2807,"3,21,200"
2808,"145,10,402"
2809,"10,64,448"
2810,"206,0,8"
2811,"3,4,0"
2812,"0,216,271"
2813,"10,64,93"
2814,"48,3,21"
2815,"3,23,28"
2816,"199,169,251"
2817,"23,38,3"
2818,"17,18,3"
2819,"169,170,3"
2820,"3,21,200"
2821,"3,4,148"
2822,"32,23,31"
2823,"169,296,337"
2824,"199,169"
2825,"181,10,60"
2826,"3,170,200"
2827,"40,0,21"
2828,"23,71,74"
2829,"0,216,257"
2830,"123,111,3"
2831,"128,40,129"
2832,"23,38,26"
2833,"40,129,128"
2834,"199,169"
2835,"3,21,200"
2836,"118,23,74"
2837,"44,145,10"
2838,"169,199,170"
2839,"170,171,169"
2840,"3,187,199"
2841,"40,131,134"
2842,"10,11,44"
2843,"3,169,199"
2844,"3,4"
2845,"3,21,4"
2846,"10,93,64"
2847,"10,17,18"
2848,"0,211,216"
2849,"10,220"
2850,"296,169"
2851,"3,17,18"
2852,"23,74,38"
2853,"40,135,138"
2854,"40,23,146"
2855,"3,206,8"
2856,"169,337,3"
2857,"23,38,3"
2858,"0,3,23"
2859,"40,131,41"
2860,"169,3,199"
2861,"26,89,23"
2862,"3,21,17"
2863,"3,21,200"
2864,"4,3,435"
2865,"40,131,193"
2866,"38,48,309"
2867,"3,4,0"
2868,"199,169,345"
2869,"23,38,24"
2870,"0,218,271"
2871,"40,131"
2872,"10,64,93"
2873,"0,211,216"
2874,"138,135,40"
2875,"0,346,313"
2876,"40,131"
2877,"10,24,23"
2878,"0,313,346"
2879,"4,3"
2880,"0,271"
2881,"24,23,43"
2882,"169,199,170"
2883,"3,4,375"
2884,"0,218,457"
2885,"10,220"
2886,"4,3,7"
2887,"271,0,456"
2888,"23,24,38"
2889,"44,145,45"
2890,"10,145,220"
2891,"40,135,3"
2892,"3,147,148"
2893,"0,26,231"
2894,"23,74,38"
2895,"23,24,49"
2896,"0,271,265"
2897,"10,64,93"
2898,"3,200,21"
2899,"74,23,165"
2900,"40,131"
2901,"15,3,16"
2902,"145,44,40"
2903,"0,265,340"
2904,"10,11,0"
2905,"3,17,15"
2906,"206,0,8"
2907,"3,21,40"
2908,"3,147,148"
2909,"62,23,24"
2910,"23,38,74"
2911,"38,23,26"
2912,"169,0,199"
2913,"129,128,40"
2914,"0,26,216"
2915,"181,32,40"
2916,"0,271,216"
2917,"10,220"
2918,"199,169,170"
2919,"0,271,216"
2920,"10,64,93"
2921,"40,131,134"
2922,"3,147,148"
2923,"40,160,128"
2924,"169,40,199"
2925,"199,169,259"
2926,"3,23,206"
2927,"169,199,32"
2928,"40,160,315"
2929,"10,145,24"
2930,"128,40,129"
2931,"24,23,10"
2932,"38,23"
2933,"3,21,40"
2934,"10,145,54"
2935,"3,4,28"
2936,"3,21,200"
2937,"3,4,53"
2938,"10,93,64"
2939,"3,21,48"
2940,"145,10,44"
2941,"3,4,148"
2942,"40,386,135"
2943,"23,24,43"
2944,"40,41,224"
2945,"40,135,23"
2946,"72,44,45"
2947,"74,23,303"
2948,"0,26,23"
2949,"40,184,131"
2950,"3,148,147"
2951,"169,170,337"
2952,"170,169,40"
2953,"386,40,32"
2954,"23,24,38"
2955,"23,10,24"
2956,"3,147,148"
2957,"10,11,205"
2958,"10,128,129"
2959,"0,8,271"
2960,"3,4,200"
2961,"10,96,60"
2962,"170,171,169"
2963,"23,49,24"
2964,"0,271,366"
2965,"169,31,23"
2966,"40,131"
2967,"10,64,11"
2968,"23,24,49"
2969,"49,23,24"
2970,"128,40,129"
2971,"0,169,218"
2972,"23,3,74"
2973,"0,8,206"
2974,"3,21,200"
2975,"3,147,148"
2976,"3,40,21"
2977,"10,64,93"
2978,"3,148,147"
2979,"40,250,128"
2980,"220,10"
2981,"402,40,10"
2982,"40,41,139"
2983,"10,145,44"
2984,"74,23,38"
2985,"0,40,128"
2986,"0,346,10"
2987,"40,160,315"
2988,"23,38,26"
2989,"10,0,24"
2990,"3,21,200"
2991,"145,10,44"
2992,"32,23,31"
2993,"10,44,145"
2994,"23,32,24"
2995,"220,10"
2996,"48,3,21"
2997,"40,41,21"
2998,"38,23,40"
2999,"40,131,3"
3000,"23,38,26"
3001,"3,15,200"
3002,"10,220,44"
3003,"23,26,38"
3004,"296,169,306"
3005,"3,4"
3006,"26,89,23"
3007,"135,40,138"
3008,"23,32,31"
3009,"40,41,128"
3010,"3,21,40"
3011,"10,44,11"
3012,"3,21,199"
3013,"10,64,448"
3014,"0,271,216"
3015,"3,40,153"
3016,"23,38,0"
3017,"508,169,426"
3018,"23,3,74"
3019,"38,23,24"
3020,"3,21,200"
3021,"3,13,15"
3022,"40,145,402"
3023,"10,220,402"
3024,"3,148,200"
3025,"128,40,130"
3026,"32,31,23"
3027,"10,64"
3028,"199,169,251"
3029,"3,13,10"
3030,"0,216,211"
3031,"169,426,199"
3032,"3,40,21"
3033,"0,271"
3034,"23,38,24"
3035,"235,0,8"
3036,"3,4,200"
3037,"3,147,148"
3038,"3,187,21"
3039,"31,23,0"
3040,"26,89,23"
3041,"40,131,128"
3042,"3,170,169"
3043,"169,170,10"
3044,"17,18,3"
3045,"3,40,21"
3046,"23,62,24"
3047,"3,148,147"
3048,"3,21,200"
3049,"3,4"
3050,"315,160,40"
3051,"23,40,74"
3052,"0,271,216"
3053,"38,23,24"
3054,"3,147,148"
3055,"128,129,40"
3056,"296,169"
3057,"10,64,370"
3058,"3,111,112"
3059,"24,145,23"
3060,"145,44,402"
3061,"0,49,24"
3062,"3,40,41"
3063,"23,24,71"
3064,"23,44,24"
3065,"199,169"
3066,"23,38,105"
3067,"26,23,38"
3068,"206,8,0"
3069,"23,74,3"
3070,"0,216,271"
3071,"40,241,131"
3072,"181,145,323"
3073,"169,199,426"
3074,"169,337,339"
3075,"40,17,3"
3076,"4,3,7"
3077,"3,199,169"
3078,"3,21,187"
3079,"8,0"
3080,"10,40,74"
3081,"38,23,82"
3082,"10,11,44"
3083,"32,31,23"
3084,"10,93,64"
3085,"3,21,200"
3086,"138,135,40"
3087,"3,21,40"
3088,"72,44,10"
3089,"38,23"
3090,"3,4"
3091,"72,44,10"
3092,"402,145,40"
3093,"32,31,23"
3094,"23,38,26"
3095,"40,38,23"
3096,"40,146,145"
3097,"0,271,313"
3098,"0,271"
3099,"38,23,26"
3100,"3,15,200"
3101,"40,41,3"
3102,"23,38,74"
3103,"40,160,315"
3104,"128,40,129"
3105,"10,64,93"
3106,"181,145,40"
3107,"199,169,181"
3108,"3,148,147"
3109,"169,199,0"
3110,"3,40,21"
3111,"10,220,145"
3112,"199,169,40"
3113,"3,21,200"
3114,"3,62,148"
3115,"296,23,306"
3116,"4,3,7"
3117,"40,131,159"
3118,"3,147,148"
3119,"40,41,131"
3120,"23,38,74"
3121,"10,64"
3122,"26,89,23"
3123,"169,199,170"
3124,"220,10,402"
3125,"199,169,431"
3126,"10,64,220"
3127,"3,4,15"
3128,"10,44,145"
3129,"3,4"
3130,"10,44,145"
3131,"3,68,169"
3132,"3,21,48"
3133,"199,169,223"
3134,"3,4,200"
3135,"3,147,156"
3136,"44,145,38"
3137,"3,112,111"
3138,"3,147,148"
3139,"3,187,17"
3140,"3,21,200"
3141,"160,3,40"
3142,"3,4"
3143,"23,38,24"
3144,"0,271,216"
3145,"71,23,74"
3146,"10,64,11"
3147,"3,21,40"
3148,"23,38,74"
3149,"3,21,200"
3150,"3,17,21"
3151,"23,74,38"
3152,"40,131"
3153,"3,17,21"
3154,"40,160,128"
3155,"3,23,523"
3156,"3,68,23"
3157,"10,220"
3158,"206,0,8"
3159,"23,24,43"
3160,"199,169,135"
3161,"4,3,7"
3162,"48,38,23"
3163,"40,41,286"
3164,"44,145,10"
3165,"169,170,199"
3166,"206,0,8"
3167,"199,169,223"
3168,"3,187,21"
3169,"3,170,21"
3170,"3,4,200"
3171,"431,199,40"
3172,"23,38,40"
3173,"40,131,134"
3174,"169,199,426"
3175,"0,265,271"
3176,"0,8,218"
3177,"26,38,23"
3178,"23,74,38"
3179,"0,26,271"
3180,"44,11,45"
3181,"4,3,7"
3182,"3,187,21"
3183,"24,43,23"
3184,"3,147,225"
3185,"40,160,315"
3186,"31,23,32"
3187,"220,10"
3188,"23,24,43"
3189,"72,44,145"
3190,"199,169,431"
3191,"199,169,250"
3192,"23,24,43"
3193,"199,169"
3194,"40,128,129"
3195,"225,3,135"
3196,"169,199,296"
3197,"0,235,8"
3198,"23,40,38"
3199,"0,216,218"
3200,"23,74,38"
3201,"39,169,84"
3202,"0,169,216"
3203,"40,128,130"
3204,"10,11,69"
3205,"160,40,315"
3206,"40,21,41"
3207,"199,169,40"
3208,"40,131,41"
3209,"40,3,21"
3210,"3,21,187"
3211,"10,11,220"
3212,"250,38,23"
3213,"40,128,186"
3214,"199,169"
3215,"3,21,199"
3216,"10,64,448"
3217,"23,38,26"
3218,"40,146,145"
3219,"17,3,10"
3220,"169,199,170"
3221,"250,40,38"
3222,"0,216,211"
3223,"0,216,257"
3224,"38,23,137"
3225,"3,40,17"
3226,"38,23,82"
3227,"231,26,0"
3228,"170,169,0"
3229,"0,216,8"
3230,"0,216,257"
3231,"199,431,169"
3232,"24,23,43"
3233,"23,38,10"
3234,"181,23,40"
3235,"3,21,199"
3236,"40,131,41"
3237,"48,23,38"
3238,"220,10"
3239,"40,135,250"
3240,"10,24,49"
3241,"3,148,147"
3242,"10,60,24"
3243,"169,199,426"
3244,"145,40,44"
3245,"10,64"
3246,"23,74,40"
3247,"10,44,11"
3248,"10,220,11"
3249,"23,118,74"
3250,"10,64"
3251,"40,21,3"
3252,"3,4,21"
3253,"40,146,145"
3254,"3,21,40"
3255,"0,271"
3256,"0,271"
3257,"0,271"
3258,"3,4,21"
3259,"3,15,148"
3260,"3,148,147"
3261,"10,220"
3262,"10,64"
3263,"169,251,23"
3264,"84,23,74"
3265,"10,64"
3266,"224,41,40"
3267,"0,216,271"
3268,"0,271,216"
3269,"0,145,370"
3270,"145,23,10"
3271,"118,23,74"
3272,"0,271,366"
3273,"40,131,193"
3274,"3,21,48"
3275,"40,128,160"
3276,"71,44,145"
3277,"32,31,23"
3278,"170,171,169"
3279,"3,199,21"
3280,"169,170,38"
3281,"3,21,200"
3282,"3,169,170"
3283,"40,131,193"
3284,"169,251,23"
3285,"147,148,3"
3286,"0,26,8"
3287,"0,211,212"
3288,"6,5,3"
3289,"40,128,250"
3290,"3,17,21"
3291,"38,23,309"
3292,"199,169,170"
3293,"307,74,23"
3294,"3,21,200"
3295,"160,40,315"
3296,"3,21,40"
3297,"220,10"
3298,"3,4,375"
3299,"3,21,187"
3300,"15,3,16"
3301,"38,23,309"
3302,"40,145,44"
3303,"23,24,10"
3304,"170,169,199"
3305,"0,216,271"
3306,"0,216,370"
3307,"220,10"
3308,"0,216,271"
3309,"40,131,10"
3310,"0,313,211"
3311,"145,10,44"
3312,"3,21,148"
3313,"10,64"
3314,"40,250,128"
3315,"49,23,24"
3316,"0,3,265"
3317,"0,271"
3318,"3,147,148"
3319,"0,23,265"
3320,"3,48,21"
3321,"199,169"
3322,"44,145,10"
3323,"40,10,199"
3324,"3,200,21"
3325,"5,3,331"
3326,"32,23,31"
3327,"23,26,38"
3328,"220,10"
3329,"3,5,133"
3330,"3,21,40"
3331,"10,13,44"
3332,"0,265,216"
3333,"3,21,200"
3334,"199,169"
3335,"40,23,38"
3336,"3,15"
3337,"17,3,18"
3338,"169,199,3"
3339,"0,271,366"
3340,"328,31,169"
3341,"49,24,23"
3342,"3,21,148"
3343,"3,170,169"
3344,"199,169,431"
3345,"10,220"
3346,"26,23,0"
3347,"3,21,0"
3348,"0,271,216"
3349,"220,10"
3350,"170,169"
3351,"0,216,271"
3352,"309,38,23"
3353,"40,315,160"
3354,"40,128,129"
3355,"3,4"
3356,"250,40,135"
3357,"17,3,18"
3358,"160,40,315"
3359,"26,89,23"
3360,"0,255,271"
3361,"145,40,402"
3362,"3,4"
3363,"128,129,40"
3364,"128,40,129"
3365,"3,187,21"
3366,"40,3,128"
3367,"40,131"
3368,"0,8,216"
3369,"0,271,216"
3370,"0,216,271"
3371,"3,17,15"
3372,"3,21,200"
3373,"10,44,145"
3374,"129,128,40"
3375,"181,40,145"
3376,"10,72,44"
3377,"23,40,74"
3378,"170,171,169"
3379,"40,23,131"
3380,"128,129,40"
3381,"0,8,271"
3382,"23,74,38"
3383,"10,93,64"
3384,"10,40,17"
3385,"23,74,40"
3386,"40,250,135"
3387,"170,171,169"
3388,"0,216,211"
3389,"3,40,31"
3390,"40,41,21"
3391,"38,23"
3392,"10,11"
3393,"40,131,128"
3394,"3,21,148"
3395,"10,3,93"
3396,"10,40,145"
3397,"10,11,69"
3398,"23,74,118"
3399,"23,26,38"
3400,"44,145,45"
3401,"3,4,21"
3402,"23,24,38"
3403,"0,346,313"
3404,"10,64,93"
3405,"402,145,40"
3406,"199,169,3"
3407,"3,21,200"
3408,"24,145,23"
3409,"23,49,24"
3410,"40,131,23"
3411,"199,169,40"
3412,"26,0,23"
3413,"10,11,64"
3414,"49,23,24"
3415,"23,24,43"
3416,"71,23,24"
3417,"40,145,44"
3418,"23,31,24"
3419,"40,175,23"
3420,"0,49,10"
3421,"10,64,448"
3422,"49,23,24"
3423,"40,160,131"
3424,"206,0,8"
3425,"31,32,23"
3426,"0,265,271"
3427,"0,271,280"
3428,"3,21,200"
3429,"40,10,145"
3430,"3,21,5"
3431,"199,169"
3432,"135,40,189"
3433,"40,131"
3434,"26,23,0"
3435,"40,3,17"
3436,"206,0,8"
3437,"23,40,74"
3438,"23,24,10"
3439,"40,131"
3440,"40,131"
3441,"44,145,23"
3442,"0,229,216"
3443,"199,169,0"
3444,"23,74,38"
3445,"3,17,10"
3446,"40,160,41"
3447,"38,23"
3448,"40,41,128"
3449,"3,148,200"
3450,"0,8,206"
3451,"169,170,199"
3452,"0,271,313"
3453,"3,4,200"
3454,"3,21,200"
3455,"0,271"
3456,"3,200,4"
3457,"3,21,148"
3458,"169,31,0"
3459,"49,24,23"
3460,"40,131,134"
3461,"26,0,231"
3462,"40,131"
3463,"3,21,187"
3464,"26,350,23"
3465,"40,128,131"
3466,"10,24,44"
3467,"3,4,21"
3468,"4,3,435"
3469,"3,148,147"
3470,"3,147,148"
3471,"0,216,271"
3472,"4,3,7"
3473,"402,145,40"
3474,"10,64,11"
3475,"10,11,69"
3476,"0,199,169"
3477,"3,21,200"
3478,"38,23,74"
3479,"10,11"
3480,"231,26,23"
3481,"23,38,118"
3482,"3,147,148"
3483,"170,3,169"
3484,"4,3"
3485,"3,21,206"
3486,"3,17,21"
3487,"169,199,170"
3488,"169,170,38"
3489,"3,148,21"
3490,"23,84,74"
3491,"32,31,23"
3492,"40,3,17"
3493,"40,128,129"
3494,"3,21,148"
3495,"89,26,23"
3496,"199,169"
3497,"24,23,43"
3498,"199,169,223"
3499,"0,8,206"
3500,"199,169,223"
3501,"3,21,148"
3502,"40,135,128"
3503,"44,145,40"
3504,"199,169"
3505,"3,17,200"
3506,"10,11,69"
3507,"118,23,74"
3508,"220,10"
3509,"206,0,8"
3510,"0,271,216"
3511,"10,40,64"
3512,"231,23,26"
3513,"10,239,128"
3514,"40,3,71"
3515,"24,23,43"
3516,"169,199,170"
3517,"10,145,40"
3518,"160,40,315"
3519,"44,145,40"
3520,"3,21,200"
3521,"23,72,44"
3522,"40,145,402"
3523,"40,160,315"
3524,"3,147,148"
3525,"38,23,309"
3526,"169,296,170"
3527,"3,147,148"
3528,"3,21,200"
3529,"40,41,128"
3530,"3,200,21"
3531,"220,10"
3532,"175,23,40"
3533,"24,23,181"
3534,"3,148,147"
3535,"199,169,259"
3536,"3,148,200"
3537,"3,148,147"
3538,"3,21,200"
3539,"3,85,86"
3540,"23,26,38"
3541,"49,24,23"
3542,"0,265,418"
3543,"3,147,148"
3544,"40,131"
3545,"26,0,89"
3546,"206,8,0"
3547,"49,40,23"
3548,"220,10,17"
3549,"40,0,271"
3550,"32,23,31"
3551,"402,40,0"
3552,"0,271"
3553,"169,199,170"
3554,"3,21,200"
3555,"0,271"
3556,"3,17,18"
3557,"40,41,250"
3558,"118,23,74"
3559,"4,3,7"
3560,"170,171,169"
3561,"3,21,200"
3562,"3,4,40"
3563,"40,41,128"
3564,"10,64,93"
3565,"3,17,18"
3566,"3,40,21"
3567,"23,31,40"
3568,"3,21,148"
3569,"199,169,21"
3570,"40,131,134"
3571,"23,74,38"
3572,"10,64,60"
3573,"199,169,71"
3574,"3,13,40"
3575,"72,44,10"
3576,"40,23,128"
3577,"220,10"
3578,"23,38,10"
3579,"40,128,186"
3580,"10,64,448"
3581,"0,271"
3582,"44,23,145"
3583,"32,31,23"
3584,"169,170,129"
3585,"3,21,200"
3586,"23,24,43"
3587,"3,21,200"
3588,"40,135,138"
3589,"26,23,38"
3590,"10,220"
3591,"0,10,8"
3592,"32,169,31"
3593,"23,38,26"
3594,"23,38,74"
3595,"181,40,145"
3596,"296,169,0"
3597,"32,23,31"
3598,"3,28,4"
3599,"131,40,241"
3600,"3,17,21"
3601,"23,62,24"
3602,"3,21,111"
3603,"3,147,148"
3604,"3,148,147"
3605,"10,0,11"
3606,"0,271,216"
3607,"40,3,135"
3608,"24,49,23"
3609,"3,148,21"
3610,"3,21,200"
3611,"3,21,13"
3612,"23,38,26"
3613,"40,184,368"
3614,"3,148,147"
3615,"0,216,8"
3616,"10,64,44"
3617,"145,402,40"
3618,"199,169,251"
3619,"3,148,40"
3620,"0,271"
3621,"169,199,251"
3622,"145,10,23"
3623,"3,4"
3624,"3,21,200"
3625,"10,220"
3626,"23,31,24"
3627,"402,40,145"
3628,"40,131"
3629,"160,3,40"
3630,"23,38,26"
3631,"10,64,93"
3632,"23,38,74"
3633,"40,169,199"
3634,"346,26,313"
3635,"3,4,435"
3636,"10,44,145"
3637,"40,128,129"
3638,"3,17,200"
3639,"10,64,40"
3640,"44,145,10"
3641,"3,200,4"
3642,"10,40,145"
3643,"40,131"
3644,"40,3,123"
3645,"3,147,148"
3646,"10,44,145"
3647,"3,10,0"
3648,"337,169,339"
3649,"23,38,74"
3650,"169,170,0"
3651,"3,4"
3652,"10,220,23"
3653,"169,170,38"
3654,"118,74,23"
3655,"3,40,21"
3656,"145,44,71"
3657,"44,10,145"
3658,"3,147,148"
3659,"0,216"
3660,"199,169,223"
3661,"44,145,10"
3662,"0,271"
3663,"3,21,200"
3664,"402,145,40"
3665,"10,93,64"
3666,"26,0,23"
3667,"10,11,44"
3668,"3,40,21"
3669,"40,131,146"
3670,"40,10,145"
3671,"10,24,169"
3672,"3,21,170"
3673,"4,3,435"
3674,"145,40,44"
3675,"40,184,131"
3676,"74,23,165"
3677,"3,13,21"
3678,"0,271,26"
3679,"0,271"
3680,"40,112,131"
3681,"3,21,200"
3682,"199,169"
3683,"3,15,16"
3684,"3,21,148"
3685,"3,21,148"
3686,"40,41,224"
3687,"0,26,271"
3688,"40,131,241"
3689,"40,131,134"
3690,"40,3,21"
3691,"169,170,426"
3692,"38,23,137"
3693,"40,138,135"
3694,"48,38,23"
3695,"10,0,40"
3696,"44,145,45"
3697,"48,40,21"
3698,"3,21,200"
3699,"3,187,21"
3700,"199,169,0"
3701,"3,40,21"
3702,"199,169,223"
3703,"3,111,267"
3704,"32,31,23"
3705,"459,170,169"
3706,"40,3,41"
3707,"160,315,40"
3708,"49,24,23"
3709,"3,147,148"
3710,"3,4"
3711,"220,10"
3712,"3,21,28"
3713,"62,23,24"
3714,"10,64,90"
3715,"220,10"
3716,"0,271"
3717,"220,10"
3718,"38,23,74"
3719,"44,145,10"
3720,"3,21,28"
3721,"10,64,206"
3722,"23,38,74"
3723,"147,3,148"
3724,"32,23,31"
3725,"3,4"
3726,"4,3,188"
3727,"0,26,313"
3728,"26,23,38"
3729,"38,23,82"
3730,"23,107,38"
3731,"3,148,147"
3732,"0,313,346"
3733,"44,10,45"
3734,"23,38,40"
3735,"220,10"
3736,"199,169,3"
3737,"0,26,89"
3738,"38,23,74"
3739,"3,21,148"
3740,"145,10,38"
3741,"0,8,235"
3742,"0,23,38"
3743,"23,38,24"
3744,"0,216,271"
3745,"0,218,271"
3746,"220,10"
3747,"4,3,7"
3748,"23,74,38"
3749,"38,23,145"
3750,"3,17,15"
3751,"40,478,10"
3752,"8,206,0"
3753,"123,111,3"
3754,"26,23,89"
3755,"170,169,171"
3756,"3,21,40"
3757,"10,40,38"
3758,"40,145,131"
3759,"38,23"
3760,"23,38,74"
3761,"10,64,90"
3762,"234,10,60"
3763,"49,23,24"
3764,"169,199,426"
3765,"40,128,186"
3766,"23,74,38"
3767,"10,220"
3768,"3,15,4"
3769,"169,426,508"
3770,"169,138,135"
3771,"3,21,148"
3772,"0,26,271"
3773,"3,40,21"
3774,"0,8,23"
3775,"0,265,271"
3776,"23,24,38"
3777,"40,131,160"
3778,"4,3,7"
3779,"40,184,131"
3780,"3,4,188"
3781,"40,3,160"
3782,"184,23,283"
3783,"40,38,131"
3784,"3,17,18"
3785,"10,64,199"
3786,"3,169,199"
3787,"169,170,199"
3788,"8,206,0"
3789,"3,148,147"
3790,"3,187,21"
3791,"0,271,216"
3792,"0,8,216"
3793,"10,64"
3794,"10,64,65"
3795,"40,131,193"
3796,"220,10"
3797,"3,148,147"
3798,"169,296,199"
3799,"26,23,89"
3800,"199,169,431"
3801,"3,187,21"
3802,"40,145,44"
3803,"0,145,40"
3804,"44,11,69"
3805,"26,0,23"
3806,"145,40,44"
3807,"11,23,44"
3808,"40,131"
3809,"3,0,21"
3810,"38,23,137"
3811,"10,145,40"
3812,"3,28,21"
3813,"40,131,193"
3814,"89,26,23"
3815,"40,386,135"
3816,"3,200,21"
3817,"10,145,0"
3818,"3,4,7"
3819,"3,15,74"
3820,"23,44,145"
3821,"0,271,216"
3822,"23,26,89"
3823,"3,40,160"
3824,"220,10"
3825,"3,15,200"
3826,"145,44,24"
3827,"38,23,74"
3828,"3,4,188"
3829,"38,23,82"
3830,"0,271,265"
3831,"10,62,23"
3832,"10,44,23"
3833,"128,129,40"
3834,"3,148,147"
3835,"220,10"
3836,"0,271"
3837,"3,4,375"
3838,"0,271,213"
3839,"220,10"
3840,"271,0"
3841,"40,145,402"
3842,"24,23,43"
3843,"17,3,18"
3844,"8,0,206"
3845,"40,3,21"
3846,"10,220"
3847,"171,170,169"
3848,"11,10,69"
3849,"40,131,193"
3850,"3,21,200"
3851,"0,145,402"
3852,"40,146,145"
3853,"199,431,169"
3854,"0,271,216"
3855,"23,24,49"
3856,"169,170"
3857,"3,15"
3858,"3,147,148"
3859,"3,21,200"
3860,"40,41,21"
3861,"10,64,93"
3862,"3,187,21"
3863,"40,160,315"
3864,"199,169,3"
3865,"10,220"
3866,"23,131,40"
3867,"169,199,170"
3868,"49,23,24"
3869,"0,271,216"
3870,"23,74,38"
3871,"10,44,72"
3872,"169,170,171"
3873,"129,128,40"
3874,"199,169,10"
3875,"38,23,82"
3876,"0,271,216"
3877,"3,21,148"
3878,"3,21,200"
3879,"8,0,235"
3880,"72,44,10"
3881,"38,23,74"
3882,"3,4"
3883,"145,44,73"
3884,"0,271,216"
3885,"3,10,40"
3886,"8,0,206"
3887,"32,23,31"
3888,"3,15"
3889,"199,169"
3890,"10,11,69"
3891,"23,38,24"
3892,"0,129,216"
3893,"3,4"
3894,"3,40,148"
3895,"3,40,28"
3896,"3,21,200"
3897,"199,169"
3898,"38,23,82"
3899,"26,231,23"
3900,"40,41,21"
3901,"0,169,3"
3902,"38,23,39"
3903,"0,169,271"
3904,"84,23,74"
3905,"26,23,89"
3906,"0,216,271"
3907,"235,8,0"
3908,"23,38,26"
3909,"170,171,169"
3910,"44,145,45"
3911,"40,131,3"
3912,"3,123,111"
3913,"10,64,93"
3914,"220,10"
3915,"74,23,303"
3916,"199,181,169"
3917,"3,21,40"
3918,"402,145,0"
3919,"40,131,184"
3920,"112,111,3"
3921,"10,11,69"
3922,"10,0,24"
3923,"40,184,131"
3924,"23,24,43"
3925,"23,49,24"
3926,"23,62,24"
3927,"23,24,10"
3928,"40,3,41"
3929,"170,169,40"
3930,"3,200,21"
3931,"72,44,145"
3932,"10,64,448"
3933,"220,10"
3934,"40,41,224"
3935,"0,271,216"
3936,"3,21,200"
3937,"49,24,23"
3938,"10,64,44"
3939,"138,135,40"
3940,"40,145,402"
3941,"24,23,43"
3942,"0,216,271"
3943,"40,131,145"
3944,"0,271"
3945,"169,199,170"
3946,"145,44,402"
3947,"10,64,448"
3948,"84,23,74"
3949,"72,44,145"
3950,"0,216,26"
3951,"3,4,200"
3952,"40,10,0"
3953,"10,220,44"
3954,"145,40,10"
3955,"10,23,220"
3956,"3,13,21"
3957,"0,8"
3958,"40,131,134"
3959,"38,40,23"
3960,"40,23,24"
3961,"38,23,74"
3962,"3,21,200"
3963,"0,265,220"
3964,"40,478,31"
3965,"23,74,38"
3966,"0,8,216"
3967,"220,10"
3968,"38,23"
3969,"0,8,206"
3970,"3,202,200"
3971,"49,24,23"
3972,"3,21,111"
3973,"3,200,21"
3974,"206,8,0"
3975,"271,0"
3976,"4,3,435"
3977,"3,4,435"
3978,"23,3,32"
3979,"0,271,216"
3980,"10,64,11"
3981,"11,10,69"
3982,"0,216,211"
3983,"8,0,235"
3984,"0,271,216"
3985,"337,169,339"
3986,"40,145,10"
3987,"145,40,44"
3988,"40,131"
3989,"40,3,21"
3990,"38,23,74"
3991,"40,41,224"
3992,"128,40,129"
3993,"0,218,216"
3994,"40,145,402"
3995,"10,220"
3996,"38,23,40"
3997,"4,3,375"
3998,"3,21,148"
3999,"337,339,169"
4000,"0,8,313"
4001,"0,271"
4002,"3,111,40"
4003,"3,148,21"
4004,"3,4"
4005,"199,40,431"
4006,"169,3,170"
4007,"40,131,160"
4008,"0,38,23"
4009,"48,10,3"
4010,"74,23,38"
4011,"23,74,38"
4012,"10,64"
4013,"3,170,21"
4014,"3,21,187"
4015,"3,5,133"
4016,"10,64,93"
4017,"8,0,206"
4018,"169,170,199"
4019,"3,21,4"
4020,"169,199,0"
4021,"0,8,216"
4022,"24,23,43"
4023,"23,26,38"
4024,"3,21,200"
4025,"3,21"
4026,"3,4,21"
4027,"3,21,200"
4028,"10,23,44"
4029,"40,3,169"
4030,"170,169,171"
4031,"3,21,200"
4032,"0,3,265"
4033,"49,24,23"
4034,"3,4"
4035,"38,23,40"
4036,"3,4"
4037,"23,38,3"
4038,"0,10,220"
4039,"3,21,5"
4040,"145,44,402"
4041,"3,21,200"
4042,"3,40,135"
4043,"306,169,296"
4044,"3,21,200"
4045,"10,220,221"
4046,"0,216,265"
4047,"3,200,21"
4048,"0,271,366"
4049,"0,216,220"
4050,"0,8,271"
4051,"402,40,145"
4052,"40,41,21"
4053,"169,199,170"
4054,"0,235,8"
4055,"145,402,40"
4056,"40,128,3"
4057,"193,23,40"
4058,"38,23,40"
4059,"0,271,216"
4060,"3,17,21"
4061,"169,170"
4062,"40,128,186"
4063,"10,24,23"
4064,"220,10"
4065,"3,111,148"
4066,"3,21,148"
4067,"3,147,148"
4068,"3,187,21"
4069,"10,64"
4070,"40,10,38"
4071,"3,148,21"
4072,"135,250,244"
4073,"40,128,250"
4074,"0,271,40"
4075,"160,40,315"
4076,"10,145,24"
4077,"0,216,271"
4078,"3,147,156"
4079,"0,271,216"
4080,"44,145,45"
4081,"10,234,11"
4082,"24,10,40"
4083,"199,169,3"
4084,"40,131,134"
4085,"0,23,26"
4086,"40,131"
4087,"3,40,21"
4088,"23,74,38"
4089,"169,170,199"
4090,"32,23,31"
4091,"23,38,232"
4092,"40,3,21"
4093,"3,21,200"
4094,"40,135,41"
4095,"23,38,74"
4096,"220,10"
4097,"40,128,129"
4098,"32,31,23"
4099,"23,38,24"
4100,"10,72,44"
4101,"40,23,38"
4102,"23,71,38"
4103,"0,255,271"
4104,"23,32,31"
4105,"199,169,431"
4106,"26,350,0"
4107,"24,23,43"
4108,"72,44,145"
4109,"3,21,48"
4110,"40,41,3"
4111,"40,23,38"
4112,"72,44,10"
4113,"40,145,44"
4114,"44,10,145"
4115,"509,10,218"
4116,"3,40,21"
4117,"10,64"
4118,"38,250,48"
4119,"40,131,134"
4120,"3,4"
4121,"10,220"
4122,"3,4"
4123,"0,271,218"
4124,"23,26,38"
4125,"24,23,10"
4126,"3,4"
4127,"40,131"
4128,"169,199,23"
4129,"10,25,220"
4130,"23,38"
4131,"40,128,41"
4132,"3,17,21"
4133,"40,135,41"
4134,"49,24,10"
4135,"3,15,200"
4136,"188,3,4"
4137,"5,6,3"
4138,"3,187,21"
4139,"0,271,8"
4140,"4,3,7"
4141,"40,38,250"
4142,"23,0,26"
4143,"40,131"
4144,"40,135,236"
4145,"40,145,44"
4146,"40,3,128"
4147,"40,160,315"
4148,"38,23,63"
4149,"199,431,40"
4150,"169,199,170"
4151,"3,21,4"
4152,"10,239,64"
4153,"296,169,306"
4154,"40,41,286"
4155,"346,40,128"
4156,"421,0,220"
4157,"10,64"
4158,"40,3,21"
4159,"40,23,74"
4160,"169,0,296"
4161,"0,216,271"
4162,"138,135,40"
4163,"3,169,170"
4164,"10,24,23"
4165,"3,17,18"
4166,"220,10"
4167,"26,23,89"
4168,"199,169,40"
4169,"3,15,40"
4170,"3,21,200"
4171,"224,41,40"
4172,"3,21,28"
4173,"0,26,23"
4174,"32,23,31"
4175,"17,3,18"
4176,"0,271,216"
4177,"3,21"
4178,"38,23,10"
4179,"0,271,216"
4180,"0,271,216"
4181,"40,160,315"
4182,"23,74,38"
4183,"72,44,145"
4184,"23,225,120"
4185,"220,10"
4186,"24,23,43"
4187,"23,38,74"
4188,"220,10"
4189,"23,24,40"
4190,"23,74,317"
4191,"23,38,24"
4192,"10,64,93"
4193,"8,0,235"
4194,"3,147,148"
4195,"169,199,170"
4196,"0,8,26"
4197,"40,128,195"
4198,"4,3"
4199,"23,74,71"
4200,"202,3,169"
4201,"10,64"
4202,"0,26,23"
4203,"40,184,131"
4204,"145,44,23"
4205,"220,10"
4206,"0,23,26"
4207,"23,74,38"
4208,"44,145,73"
4209,"4,3"
4210,"23,26,38"
4211,"10,64,93"
4212,"199,169,251"
4213,"38,82,23"
4214,"0,218,265"
4215,"220,10"
4216,"3,40,21"
4217,"271,0"
4218,"0,206,8"
4219,"169,199,170"
4220,"40,131,134"
4221,"23,49,24"
4222,"0,218,216"
4223,"169,3,199"
4224,"17,3,18"
4225,"3,111,267"
4226,"38,23,74"
4227,"23,74,24"
4228,"0,218,296"
4229,"40,131,159"
4230,"3,21,187"
4231,"0,216,220"
4232,"10,145,44"
4233,"40,10,31"
4234,"3,200,10"
4235,"224,40,41"
4236,"24,23,43"
4237,"3,147,148"
4238,"23,24,43"
4239,"0,26,8"
4240,"24,23,43"
4241,"3,21,148"
4242,"3,21,15"
4243,"181,10,40"
4244,"3,21,200"
4245,"8,0,26"
4246,"0,271"
4247,"74,40,23"
4248,"3,113,202"
4249,"10,23,38"
4250,"3,21,200"
4251,"10,93,64"
4252,"169,296,170"
4253,"38,309,48"
4254,"10,44,145"
4255,"3,147,148"
4256,"40,131"
4257,"0,10,44"
4258,"3,4,375"
4259,"3,21,200"
4260,"0,8,235"
4261,"17,3,18"
4262,"3,4,200"
4263,"40,250,41"
4264,"3,17,13"
4265,"0,26,271"
4266,"3,4"
4267,"10,64,44"
4268,"3,148,21"
4269,"23,38,24"
4270,"10,11,69"
4271,"3,275,111"
4272,"3,17,200"
4273,"0,8,216"
4274,"38,23,39"
4275,"169,170,199"
4276,"170,171,169"
4277,"199,169,0"
4278,"3,21,170"
4279,"3,17,21"
4280,"3,23,38"
4281,"199,169,345"
4282,"24,23,43"
4283,"170,169,171"
4284,"40,131,23"
4285,"199,49,169"
4286,"10,40,145"
4287,"40,184,131"
4288,"220,10"
4289,"220,10"
4290,"10,220,25"
4291,"23,118,74"
4292,"44,145,73"
4293,"71,23,24"
4294,"3,316,23"
4295,"128,40,130"
4296,"8,23,38"
4297,"0,8,235"
4298,"40,128,41"
4299,"169,199,145"
4300,"10,145,44"
4301,"169,170,199"
4302,"138,40,135"
4303,"23,10,24"
4304,"23,38,40"
4305,"0,10,8"
4306,"10,11,69"
4307,"128,40,130"
4308,"31,23,258"
4309,"145,40,24"
4310,"49,23,24"
4311,"169,199"
4312,"40,131"
4313,"40,160,315"
4314,"10,93,64"
4315,"3,17,21"
4316,"23,145,44"
4317,"0,26,23"
4318,"23,26,38"
4319,"23,38,74"
4320,"23,74,38"
4321,"40,286,41"
4322,"44,10,73"
4323,"38,48,23"
4324,"170,169,171"
4325,"23,24,10"
4326,"0,10,23"
4327,"26,23,0"
4328,"10,64,239"
4329,"40,128,41"
4330,"231,206,8"
4331,"23,38,3"
4332,"24,23,43"
4333,"3,147,148"
4334,"40,41,250"
4335,"23,74,24"
4336,"10,64,93"
4337,"3,21,200"
4338,"3,21,4"
4339,"3,153,13"
4340,"3,15,200"
4341,"38,23,74"
4342,"40,160,315"
4343,"40,131,184"
4344,"145,44,402"
4345,"3,4,375"
4346,"169,170,337"
4347,"10,11,220"
4348,"199,169,38"
4349,"3,21,48"
4350,"3,148,147"
4351,"10,64"
4352,"24,23,43"
4353,"118,23,74"
4354,"0,199,169"
4355,"199,169,170"
4356,"3,21,40"
4357,"40,135,138"
4358,"3,200,21"
4359,"40,184,131"
4360,"40,131,193"
4361,"170,171,169"
4362,"10,11,69"
4363,"0,216,380"
4364,"0,8,218"
4365,"40,160,199"
4366,"3,40,21"
4367,"23,31,74"
4368,"118,74,23"
4369,"0,169,199"
4370,"3,21,200"
4371,"3,23,200"
4372,"10,72,44"
4373,"23,74,118"
4374,"40,135,41"
4375,"3,21,200"
4376,"23,169,31"
4377,"40,23,26"
4378,"40,21,41"
4379,"120,93,3"
4380,"4,3"
4381,"220,10"
4382,"23,128,74"
4383,"40,131"
4384,"3,21,200"
4385,"3,275,15"
4386,"10,93,64"
4387,"3,4"
4388,"220,10"
4389,"44,145,23"
4390,"40,234,148"
4391,"10,220,145"
4392,"38,23,40"
4393,"23,74,38"
4394,"199,169,223"
4395,"10,181,64"
4396,"220,10"
4397,"3,17,15"
4398,"23,71,38"
4399,"3,21,147"
4400,"26,0,89"
4401,"118,74,23"
4402,"169,199,40"
4403,"220,10"
4404,"145,40,44"
4405,"3,21,148"
4406,"38,23,39"
4407,"181,40,145"
4408,"169,199,170"
4409,"40,3,17"
4410,"23,38,26"
4411,"32,23,31"
4412,"169,170,0"
4413,"3,21,48"
4414,"3,21,17"
4415,"3,40,21"
4416,"40,131"
4417,"0,271"
4418,"170,169,10"
4419,"3,21,187"
4420,"23,38,24"
4421,"135,40,74"
4422,"3,21,200"
4423,"199,43,181"
4424,"0,206,8"
4425,"10,64"
4426,"271,0"
4427,"49,24,23"
4428,"10,60,96"
4429,"0,271"
4430,"3,21,17"
4431,"3,21,200"
4432,"72,44,145"
4433,"199,169"
4434,"250,40,38"
4435,"202,3,40"
4436,"3,188,21"
4437,"4,3,435"
4438,"0,271,216"
4439,"23,38,26"
4440,"23,38,26"
4441,"0,23,38"
4442,"3,147,23"
4443,"3,21,200"
4444,"206,0,8"
4445,"10,64,93"
4446,"40,145,44"
4447,"44,145,10"
4448,"40,131"
4449,"10,64,93"
4450,"3,15"
4451,"23,38,10"
4452,"199,169,10"
4453,"23,24,40"
4454,"220,10"
4455,"40,128"
4456,"40,131,241"
4457,"220,10"
4458,"26,0,350"
4459,"23,24,38"
4460,"10,64"
4461,"40,131,128"
4462,"220,10"
4463,"3,21,200"
4464,"10,64,239"
4465,"169,199,170"
4466,"3,17,21"
4467,"10,93,64"
4468,"40,135,41"
4469,"38,23"
4470,"3,21,200"
4471,"206,0,8"
4472,"0,8,206"
4473,"10,11,69"
4474,"3,21,200"
4475,"199,169"
4476,"171,170,169"
4477,"199,169"
4478,"3,148,21"
4479,"315,160,113"
4480,"169,170,199"
4481,"40,131,241"
4482,"40,123,41"
4483,"40,160,315"
4484,"0,279,216"
4485,"10,60,23"
4486,"3,200,148"
4487,"23,74,38"
4488,"3,21,200"
4489,"40,160,315"
4490,"10,64,448"
4491,"169,170"
4492,"0,211,216"
4493,"0,271,216"
4494,"0,216,1"
4495,"3,23,46"
4496,"199,169,0"
4497,"40,145,146"
4498,"40,131"
4499,"3,111,112"
4500,"0,271"
4501,"40,131"
4502,"3,48,200"
4503,"181,24,40"
4504,"23,38,107"
4505,"26,350,0"
4506,"49,23,24"
4507,"220,10"
4508,"0,271,216"
4509,"23,74,38"
4510,"3,53,523"
4511,"23,74,40"
4512,"62,10,24"
4513,"0,8,206"
4514,"3,315,0"
4515,"3,40,41"
4516,"40,160,315"
4517,"0,8,391"
4518,"40,131"
4519,"40,145,131"
4520,"40,128"
4521,"40,128,131"
4522,"23,38,26"
4523,"38,10,23"
4524,"23,169,38"
4525,"199,3,169"
4526,"0,279,249"
4527,"40,131,134"
4528,"0,216,271"
4529,"72,44,10"
4530,"4,3"
4531,"3,147,148"
4532,"40,131"
4533,"206,8,0"
4534,"10,44,11"
4535,"3,200,21"
4536,"3,21,187"
4537,"10,93,64"
4538,"402,10,40"
4539,"40,3,160"
4540,"220,10"
4541,"3,170,169"
4542,"40,128,131"
4543,"169,199,426"
4544,"31,23,24"
4545,"3,200,21"
4546,"3,21,48"
4547,"315,160,40"
4548,"3,23,21"
4549,"40,3,21"
4550,"3,188,4"
4551,"49,23,24"
4552,"10,64,93"
4553,"23,74,38"
4554,"169,199,135"
4555,"145,402,40"
4556,"44,145,38"
4557,"3,21,17"
4558,"3,40,21"
4559,"145,23,40"
4560,"3,200,21"
4561,"40,250,128"
4562,"10,64,44"
4563,"3,148,21"
4564,"11,10,69"
4565,"160,40,315"
4566,"23,24,40"
4567,"169,0,199"
4568,"23,74,40"
4569,"3,5,133"
4570,"23,24,43"
4571,"10,234,11"
4572,"169,199"
4573,"181,40,145"
4574,"24,23,10"
4575,"40,131,184"
4576,"10,44,11"
4577,"10,64,93"
4578,"26,0,8"
4579,"3,21,40"
4580,"169,199,170"
4581,"26,0,23"
4582,"199,169,21"
4583,"38,23"
4584,"3,21,187"
4585,"23,40,38"
4586,"3,15,200"
4587,"44,145,10"
4588,"3,148,147"
4589,"0,271,216"
4590,"26,0,89"
4591,"3,21,148"
4592,"40,28,3"
4593,"40,184,131"
4594,"62,23,74"
4595,"3,21,200"
4596,"170,169,311"
4597,"38,23,26"
4598,"3,187,21"
4599,"10,221,220"
4600,"220,10"
4601,"0,313,216"
4602,"3,40,200"
4603,"40,128,129"
4604,"23,10,24"
4605,"40,128,186"
4606,"160,315,40"
4607,"0,218,271"
4608,"74,23,38"
4609,"10,220"
4610,"40,3,17"
4611,"170,169,40"
4612,"0,271,280"
4613,"3,4,188"
4614,"169,170,337"
4615,"3,53,4"
4616,"3,21,200"
4617,"40,131,134"
4618,"74,23,38"
4619,"23,10,24"
4620,"40,131"
4621,"10,24,23"
4622,"0,271,216"
4623,"3,21"
4624,"40,131,135"
4625,"3,4,17"
4626,"181,199,169"
4627,"3,21,200"
4628,"3,23,315"
4629,"72,44,10"
4630,"10,64,93"
4631,"40,23,131"
4632,"26,23,89"
4633,"48,169,23"
4634,"3,21,187"
4635,"169,170,199"
4636,"160,40,315"
4637,"40,41,128"
4638,"40,131"
4639,"23,26,38"
4640,"3,148,147"
4641,"3,21,200"
4642,"49,24,10"
4643,"23,74,40"
4644,"3,21,200"
4645,"10,64,93"
4646,"38,23,137"
4647,"169,337,339"
4648,"169,170,10"
4649,"3,21,148"
4650,"220,10"
4651,"40,131,128"
4652,"199,169,281"
4653,"23,24,38"
4654,"93,10,239"
4655,"3,523,53"
4656,"3,21,200"
4657,"11,10,69"
4658,"26,89,23"
4659,"0,216,279"
4660,"0,271"
4661,"199,169,3"
4662,"3,21,200"
4663,"40,41,21"
4664,"40,146,145"
4665,"10,234,11"
4666,"40,146,145"
4667,"3,5,133"
4668,"0,271"
4669,"26,23,89"
4670,"169,170,199"
4671,"23,74,38"
4672,"0,271,216"
4673,"23,62,74"
4674,"3,21,170"
4675,"40,129,131"
4676,"199,169,251"
4677,"169,199,38"
4678,"40,128,41"
4679,"26,350,23"
4680,"23,74,38"
4681,"3,15"
4682,"170,169"
4683,"199,169"
4684,"3,21,200"
4685,"10,64,93"
4686,"169,0,31"
4687,"3,4,133"
4688,"0,216,211"
4689,"160,40,302"
4690,"0,218,216"
4691,"0,8,271"
4692,"21,3,40"
4693,"3,111,123"
4694,"38,23,26"
4695,"23,38,74"
4696,"4,3,7"
4697,"3,21,200"
4698,"38,23,40"
4699,"10,64,93"
4700,"170,171,169"
4701,"169,170"
4702,"3,147,148"
4703,"220,10"
4704,"32,31,23"
4705,"0,255,216"
4706,"3,148,147"
4707,"40,131"
4708,"296,169,123"
4709,"40,23,74"
4710,"169,199,49"
4711,"220,10"
4712,"10,64,448"
4713,"23,38,24"
4714,"38,23"
4715,"0,271,265"
4716,"49,23,24"
4717,"0,271"
4718,"3,147,148"
4719,"0,216,40"
4720,"23,38"
4721,"199,431,169"
4722,"23,26,38"
4723,"40,10,139"
4724,"0,216,211"
4725,"128,129,40"
4726,"23,74,38"
4727,"4,3,7"
4728,"10,40,23"
4729,"3,17,21"
4730,"3,187,21"
4731,"3,21,301"
4732,"3,21,188"
4733,"10,44,145"
4734,"220,10"
4735,"181,145,169"
4736,"3,17,21"
4737,"3,148,147"
4738,"170,171,169"
4739,"10,220,221"
4740,"3,147,148"
4741,"3,147,148"
4742,"3,170,169"
4743,"169,170,199"
4744,"3,21,148"
4745,"3,21,40"
4746,"3,200,388"
4747,"71,23,24"
4748,"23,40,74"
4749,"402,145,10"
4750,"220,10"
4751,"0,265,271"
4752,"31,40,328"
4753,"199,169,40"
4754,"40,184,131"
4755,"0,8,235"
4756,"23,134,40"
4757,"235,8,0"
4758,"3,21,148"
4759,"3,202,21"
4760,"38,23,250"
4761,"147,3,148"
4762,"3,21,200"
4763,"38,23,74"
4764,"40,250,128"
4765,"3,148,147"
4766,"40,128,162"
4767,"0,10,11"
4768,"11,10,69"
4769,"0,216,211"
4770,"40,160"
4771,"3,21,5"
4772,"145,44,10"
4773,"3,4,200"
4774,"3,21,200"
4775,"3,21,148"
4776,"3,187,199"
4777,"3,21,40"
4778,"0,271"
4779,"220,10"
4780,"202,3,169"
4781,"44,145,40"
4782,"23,31,169"
4783,"10,64,448"
4784,"3,187,21"
4785,"188,3,15"
4786,"26,231,23"
4787,"3,5,6"
4788,"40,250,135"
4789,"26,350,23"
4790,"402,145,40"
4791,"3,21,40"
4792,"0,8,206"
4793,"23,38,74"
4794,"3,4,200"
4795,"23,10,220"
4796,"0,271,216"
4797,"3,202,200"
4798,"0,271,216"
4799,"169,170"
4800,"40,128,41"
4801,"3,40,21"
4802,"10,220"
4803,"40,41,286"
4804,"169,199,170"
4805,"3,21,200"
4806,"0,271,216"
4807,"3,148,23"
4808,"118,74,23"
4809,"23,24,43"
4810,"72,44,10"
4811,"40,135,307"
4812,"3,301,21"
4813,"181,145,10"
4814,"49,23,24"
4815,"10,64,448"
4816,"296,169"
4817,"0,216,271"
4818,"10,220,25"
4819,"3,187,21"
4820,"199,169,223"
4821,"206,8,0"
4822,"3,17,18"
4823,"72,44,145"
4824,"3,4,200"
4825,"32,31,23"
4826,"44,62,145"
4827,"10,44,72"
4828,"40,128,129"
4829,"3,21,148"
4830,"169,199,10"
4831,"0,26,313"
4832,"0,206,8"
4833,"40,131"
4834,"0,271,8"
4835,"3,147,148"
4836,"44,145,10"
4837,"40,146,145"
4838,"3,17,18"
4839,"21,169,3"
4840,"169,199,251"
4841,"199,169,251"
4842,"3,21,200"
4843,"71,23,24"
4844,"10,44,145"
4845,"3,148,147"
4846,"3,147,148"
4847,"220,10"
4848,"3,187,17"
4849,"402,145,10"
4850,"0,206,8"
4851,"40,128,0"
4852,"40,131,128"
4853,"40,23,74"
4854,"3,0,49"
4855,"24,23,43"
4856,"129,40,128"
4857,"220,10"
4858,"23,49,24"
4859,"220,10"
4860,"3,21,200"
4861,"10,64,93"
4862,"40,41,160"
4863,"199,169,40"
4864,"3,40,10"
4865,"128,40,129"
4866,"49,23,24"
4867,"3,147,148"
4868,"32,31,23"
4869,"0,271,216"
4870,"10,64,24"
4871,"170,169,171"
4872,"10,220"
4873,"199,431,169"
4874,"23,74,38"
4875,"3,68,53"
4876,"3,17,18"
4877,"0,216,279"
4878,"40,128,41"
4879,"0,216,218"
4880,"328,31,0"
4881,"38,23,74"
4882,"10,220"
4883,"3,200,148"
4884,"346,0,313"
4885,"175,128,40"
4886,"3,21,148"
4887,"3,15,200"
4888,"3,225,156"
4889,"199,169,170"
4890,"10,11,220"
4891,"199,169,170"
4892,"3,21,148"
4893,"199,169,0"
4894,"44,145,23"
4895,"206,0,8"
4896,"10,44,23"
4897,"23,24,38"
4898,"3,21,40"
4899,"3,40,21"
4900,"3,21"
4901,"10,11"
4902,"296,169,306"
4903,"170,171,169"
4904,"40,160,315"
4905,"199,169,431"
4906,"10,64,93"
4907,"0,169,216"
4908,"3,21,200"
4909,"3,17,18"
4910,"23,38,74"
4911,"40,10,145"
4912,"3,21,200"
4913,"23,24,40"
4914,"10,448,64"
4915,"3,68,187"
4916,"220,10"
4917,"0,216,211"
4918,"23,38,74"
4919,"38,23"
4920,"3,21,200"
4921,"23,38,26"
4922,"10,64"
4923,"199,169,0"
4924,"15,3,16"
4925,"40,131,41"
4926,"10,64,448"
4927,"3,21,200"
4928,"10,11,69"
4929,"40,386,135"
4930,"40,184,131"
4931,"3,23,21"
4932,"40,128,186"
4933,"10,64,44"
4934,"220,10"
4935,"118,23,74"
4936,"220,10"
4937,"199,169,251"
4938,"40,41,286"
4939,"0,211,216"
4940,"169,199,426"
4941,"0,211,212"
4942,"23,49,24"
4943,"71,23,24"
4944,"49,23,24"
4945,"220,10"
4946,"8,128,40"
4947,"220,508,31"
4948,"40,160,131"
4949,"145,40,3"
4950,"3,40,200"
4951,"26,23,231"
4952,"206,8,0"
4953,"3,4"
4954,"31,40,77"
4955,"402,145,40"
4956,"220,10"
4957,"23,26,38"
4958,"10,93,64"
4959,"44,11,145"
4960,"199,169"
4961,"169,123,296"
4962,"3,5,6"
4963,"3,23,199"
4964,"0,8,206"
4965,"32,40,3"
4966,"10,44,24"
4967,"3,4,183"
4968,"62,23,24"
4969,"10,220,25"
4970,"38,23,71"
4971,"10,220"
4972,"220,10"
4973,"3,40,41"
4974,"4,3,7"
4975,"145,24,44"
4976,"3,21,48"
4977,"3,148,147"
4978,"23,74,118"
4979,"0,216,3"
4980,"0,216"
4981,"10,44,145"
4982,"170,169,3"
4983,"40,135,250"
4984,"199,169,3"
4985,"3,21,200"
4986,"23,74,84"
4987,"40,131,241"
4988,"0,216,169"
4989,"40,131,128"
4990,"23,74,38"
4991,"10,220,221"
4992,"3,200,4"
4993,"3,21,28"
4994,"40,41,224"
4995,"10,64,448"
4996,"23,31,8"
4997,"169,199,251"
4998,"220,10"
4999,"10,64,93"
5000,"10,145,220"
5001,"3,4,170"
5002,"3,187,21"
5003,"23,38,74"
5004,"3,146,21"
5005,"199,169,170"
5006,"26,89,23"
5007,"199,169,135"
5008,"315,40,160"
5009,"40,131,193"
5010,"38,23,0"
5011,"0,271,216"
5012,"40,23,24"
5013,"3,4"
5014,"23,38"
5015,"93,10,64"
5016,"93,10,64"
5017,"4,3,7"
5018,"40,169,199"
5019,"169,170,199"
5020,"138,135,40"
5021,"10,220,221"
5022,"10,64"
5023,"199,169"
5024,"3,5,133"
5025,"199,169,3"
5026,"0,346,313"
5027,"40,41,286"
5028,"3,111,200"
5029,"147,225,315"
5030,"0,271,26"
5031,"4,3,7"
5032,"138,135,40"
5033,"169,170,199"
5034,"10,40,3"
5035,"0,271,26"
5036,"147,3,148"
5037,"296,169,306"
5038,"169,170,199"
5039,"40,131"
5040,"23,24,43"
5041,"10,64"
5042,"23,231,118"
5043,"10,24,23"
5044,"10,93,64"
5045,"40,128,129"
5046,"3,147,148"
5047,"4,3,435"
5048,"71,23,74"
5049,"3,21,200"
5050,"3,187,21"
5051,"40,184,131"
5052,"40,131"
5053,"3,15,46"
5054,"118,23,74"
5055,"3,4,188"
5056,"10,64,11"
5057,"3,147,148"
5058,"10,145,40"
5059,"3,169,199"
5060,"3,200,21"
5061,"3,21,200"
5062,"169,170,171"
5063,"3,40,21"
5064,"0,218,216"
5065,"3,4,133"
5066,"0,8,235"
5067,"3,4"
5068,"40,131"
5069,"3,4"
5070,"0,265,169"
5071,"10,24,64"
5072,"145,44,38"
5073,"40,135,250"
5074,"3,21,187"
5075,"3,21,148"
5076,"3,21,40"
5077,"3,148,147"
5078,"220,10"
5079,"40,128,41"
5080,"10,64,44"
5081,"220,10"
5082,"23,74,165"
5083,"169,170,296"
5084,"10,40,145"
5085,"3,21,200"
5086,"40,184,185"
5087,"17,3,18"
5088,"40,131"
5089,"3,21,40"
5090,"199,169"
5091,"23,38"
5092,"10,220"
5093,"10,220,0"
5094,"72,44,10"
5095,"23,71,38"
5096,"10,11,69"
5097,"10,64,93"
5098,"0,216,271"
5099,"44,145,73"
5100,"296,169"
5101,"129,128,40"
5102,"169,170,199"
5103,"40,250,38"
5104,"38,23,24"
5105,"199,169"
5106,"187,21,3"
5107,"3,187,21"
5108,"32,31,23"
5109,"17,3,18"
5110,"3,21,316"
5111,"49,40,23"
5112,"3,148,147"
5113,"3,15,275"
5114,"3,40,21"
5115,"10,239,128"
5116,"169,199,251"
5117,"0,279,211"
5118,"3,147,148"
5119,"3,21,200"
5120,"3,21,41"
5121,"10,40,145"
5122,"3,147,148"
5123,"3,200,21"
5124,"10,64,11"
5125,"145,44,10"
5126,"40,131"
5127,"199,169,431"
5128,"40,131"
5129,"128,129,40"
5130,"220,10"
5131,"84,23,74"
5132,"23,38,74"
5133,"220,10"
5134,"40,402,145"
5135,"206,8,0"
5136,"40,131,128"
5137,"3,0,8"
5138,"206,0,8"
5139,"0,1,271"
5140,"10,64,11"
5141,"10,64,93"
5142,"10,64"
5143,"170,171,169"
5144,"26,0,231"
5145,"3,4,5"
5146,"40,74,3"
5147,"402,145,10"
5148,"0,216,211"
5149,"3,21,40"
5150,"10,64,221"
5151,"3,148,147"
5152,"10,64,448"
5153,"169,3,170"
5154,"10,72,11"
5155,"10,44,11"
5156,"3,21,17"
5157,"199,169,3"
5158,"40,131,250"
5159,"23,105,24"
5160,"3,4,435"
5161,"3,202,169"
5162,"199,169,170"
5163,"220,10"
5164,"169,199,23"
5165,"0,218,509"
5166,"40,31,131"
5167,"3,17,40"
5168,"220,10"
5169,"3,23,148"
5170,"23,0,48"
5171,"40,129,128"
5172,"3,40,148"
5173,"3,120,200"
5174,"72,44,145"
5175,"3,4,200"
5176,"147,148,3"
5177,"199,169"
5178,"169,170,426"
5179,"24,23,10"
5180,"44,145,10"
5181,"3,0,17"
5182,"10,220,64"
5183,"26,231,23"
5184,"11,10,69"
5185,"169,38,23"
5186,"3,21,200"
5187,"23,231,26"
5188,"3,5,21"
5189,"40,3,153"
5190,"3,21,148"
5191,"199,169"
5192,"402,145,40"
5193,"23,38,74"
5194,"40,3,21"
5195,"49,23,24"
5196,"72,44,10"
5197,"0,145,10"
5198,"40,41,250"
5199,"31,171,77"
5200,"169,0,216"
5201,"3,17,148"
5202,"129,128,40"
5203,"38,23,82"
5204,"23,38,74"
5205,"40,41,3"
5206,"3,21,200"
5207,"3,21,200"
5208,"206,0,8"
5209,"169,199,3"
5210,"38,23,0"
5211,"145,10,402"
5212,"199,169,251"
5213,"40,160,128"
5214,"3,21,200"
5215,"145,44,402"
5216,"40,10,23"
5217,"170,169,171"
5218,"199,169,10"
5219,"62,24,23"
5220,"23,24,31"
5221,"3,21,200"
5222,"10,24,49"
5223,"23,38,74"
5224,"40,128,129"
5225,"426,169,508"
5226,"26,23,38"
5227,"10,64,93"
5228,"0,271"
5229,"11,10,69"
5230,"0,26,23"
5231,"0,218,271"
5232,"3,21,200"
5233,"40,41,21"
5234,"40,128,129"
5235,"145,44,40"
5236,"199,169,26"
5237,"169,170,199"
5238,"10,93,64"
5239,"199,169"
5240,"10,11,239"
5241,"3,200,111"
5242,"23,26,38"
5243,"10,220"
5244,"38,23,40"
5245,"21,3,40"
5246,"40,315,160"
5247,"3,4"
5248,"169,170"
5249,"40,131"
5250,"40,131,134"
5251,"23,74,38"
5252,"3,21,41"
5253,"3,21,17"
5254,"32,23,31"
5255,"0,313,346"
5256,"199,169,170"
5257,"40,146,145"
5258,"0,44,145"
5259,"206,0,8"
5260,"26,0,23"
5261,"23,74,71"
5262,"40,145,181"
5263,"23,38,26"
5264,"23,220,38"
5265,"220,10"
5266,"337,169,339"
5267,"199,169,170"
5268,"4,3,435"
5269,"3,21,40"
5270,"0,271"
5271,"40,131,128"
5272,"23,328,145"
5273,"40,169,184"
5274,"40,131"
5275,"328,23,31"
5276,"0,8,206"
5277,"0,26,231"
5278,"169,199,170"
5279,"3,21,200"
5280,"23,26,38"
5281,"38,23,40"
5282,"10,169,60"
5283,"23,74,38"
5284,"0,26,231"
5285,"3,147,148"
5286,"187,3,17"
5287,"3,21,200"
5288,"3,21,148"
5289,"40,160"
5290,"3,21,148"
5291,"3,148,147"
5292,"23,40,38"
5293,"0,271,216"
5294,"23,38,26"
5295,"169,199,170"
5296,"40,250,38"
5297,"38,23,10"
5298,"199,169,38"
5299,"220,10"
5300,"23,24,43"
5301,"40,10,131"
5302,"169,199,170"
5303,"23,24,43"
5304,"145,23,44"
5305,"3,0,17"
5306,"3,21,17"
5307,"40,23,38"
5308,"40,23,38"
5309,"10,64,11"
5310,"74,23,38"
5311,"10,11,44"
5312,"3,40,17"
5313,"231,26,23"
5314,"0,271,218"
5315,"44,10,73"
5316,"0,216,249"
5317,"3,21,200"
5318,"0,216,271"
5319,"3,17,21"
5320,"169,170,3"
5321,"40,131"
5322,"3,170,169"
5323,"0,8,26"
5324,"10,40,131"
5325,"135,189,40"
5326,"3,21,111"
5327,"169,199,3"
5328,"17,3,10"
5329,"38,23,74"
5330,"40,23,74"
5331,"40,131"
5332,"10,220,23"
5333,"3,21,200"
5334,"40,135,138"
5335,"3,40,111"
5336,"169,199,170"
5337,"32,31,23"
5338,"170,171,169"
5339,"40,131,159"
5340,"170,169,171"
5341,"169,199,170"
5342,"3,21,148"
5343,"199,169,40"
5344,"40,10,145"
5345,"38,23,0"
5346,"11,44,69"
5347,"23,26,231"
5348,"0,26,8"
5349,"10,40,3"
5350,"23,296,169"
5351,"3,21,200"
5352,"40,131,134"
5353,"10,11,69"
5354,"145,10,40"
5355,"40,131,134"
5356,"3,202"
5357,"23,38,74"
5358,"3,21,200"
5359,"49,23,24"
5360,"0,216,26"
5361,"3,148,21"
5362,"250,23,38"
5363,"3,15,148"
5364,"10,11,220"
5365,"3,21,148"
5366,"3,147,148"
5367,"170,169,459"
5368,"169,170,40"
5369,"3,21,200"
5370,"4,3,435"
5371,"10,64,93"
5372,"328,31,23"
5373,"0,265,49"
5374,"199,169,10"
5375,"40,131"
5376,"199,169"
5377,"199,169,223"
5378,"3,4"
5379,"170,169,145"
5380,"23,38,220"
5381,"40,128,186"
5382,"220,10"
5383,"0,271"
5384,"40,286,41"
5385,"0,271"
5386,"31,23,40"
5387,"3,10,17"
5388,"72,44,10"
5389,"40,128,71"
5390,"145,44,10"
5391,"10,93,64"
5392,"169,296,337"
5393,"199,3,169"
5394,"402,40,145"
5395,"23,38,169"
5396,"23,118,74"
5397,"0,8,216"
5398,"0,216,271"
5399,"0,271,231"
5400,"3,21,40"
5401,"199,169"
5402,"49,10,24"
5403,"40,128,131"
5404,"0,216,271"
5405,"40,131,128"
5406,"40,128,186"
5407,"0,26,313"
5408,"199,169,71"
5409,"3,147,148"
5410,"0,8,206"
5411,"296,169"
5412,"199,169,251"
5413,"10,64,93"
5414,"169,199,0"
5415,"31,23,10"
5416,"3,15,200"
5417,"3,21,200"
5418,"10,44,11"
5419,"145,402,44"
5420,"17,3,18"
5421,"3,40,21"
5422,"3,21,199"
5423,"3,21,187"
5424,"10,64,93"
5425,"169,170,199"
5426,"202,3"
5427,"49,23,24"
5428,"10,64"
5429,"220,10"
5430,"3,21,200"
5431,"4,3,7"
5432,"23,38,74"
5433,"10,3,40"
5434,"0,8,235"
5435,"10,64,448"
5436,"23,38,71"
5437,"0,235,8"
5438,"0,26,23"
5439,"40,146,145"
5440,"23,38,26"
5441,"10,220,0"
5442,"0,8,235"
5443,"206,8,0"
5444,"3,148,21"
5445,"40,145,128"
5446,"0,271,216"
5447,"40,3,115"
5448,"0,10,220"
5449,"40,184,131"
5450,"10,60,239"
5451,"169,199,3"
5452,"296,169,300"
5453,"3,187,21"
5454,"169,170,0"
5455,"40,41,3"
5456,"0,216,271"
5457,"169,3,21"
5458,"31,23,328"
5459,"3,17,21"
5460,"3,147,148"
5461,"24,23,43"
5462,"74,23,38"
5463,"3,21,200"
5464,"3,21,200"
5465,"169,199,0"
5466,"0,271,265"
5467,"170,169,40"
5468,"23,24,43"
5469,"0,271,8"
5470,"0,231,26"
5471,"169,170,199"
5472,"74,23,38"
5473,"0,271"
5474,"0,218,271"
5475,"3,148,147"
5476,"3,4,200"
5477,"10,64,448"
5478,"23,38,24"
5479,"296,169,31"
5480,"199,169"
5481,"123,3,40"
5482,"171,169,170"
5483,"0,206,8"
5484,"3,169,199"
5485,"296,169,306"
5486,"188,3,0"
5487,"199,169,3"
5488,"32,23,31"
5489,"296,169,306"
5490,"3,21,40"
5491,"10,448,169"
5492,"3,21,200"
5493,"10,64,11"
5494,"3,21,4"
5495,"0,271,216"
5496,"40,128,129"
5497,"26,0,271"
5498,"3,10,17"
5499,"13,3,14"
5500,"10,72,44"
5501,"71,145,44"
5502,"23,38,24"
5503,"64,10"
5504,"23,38,74"
5505,"40,131,23"
5506,"0,218,377"
5507,"0,211,212"
5508,"0,23,26"
5509,"169,10,24"
5510,"3,40,21"
5511,"3,21,200"
5512,"135,138,169"
5513,"3,21,200"
5514,"10,220,25"
5515,"44,145,45"
5516,"40,131"
5517,"10,64"
5518,"40,250,309"
5519,"3,21,148"
5520,"23,74,38"
5521,"26,23,350"
5522,"23,38,74"
5523,"3,21,28"
5524,"220,10"
5525,"3,40,21"
5526,"328,31,0"
5527,"229,0,230"
5528,"3,111,41"
5529,"10,72,44"
5530,"3,21,200"
5531,"145,44,72"
5532,"23,38,74"
5533,"169,199,170"
5534,"3,200,21"
5535,"0,216,271"
5536,"3,13,21"
5537,"3,187,17"
5538,"169,170,10"
5539,"10,11,72"
5540,"23,38,74"
5541,"181,40,145"
5542,"3,199,169"
5543,"199,169,0"
5544,"23,71,24"
5545,"3,111,21"
5546,"43,24,23"
5547,"169,199,3"
5548,"3,17,40"
5549,"10,220,221"
5550,"138,459,135"
5551,"138,135,40"
5552,"0,40,216"
5553,"169,170,199"
5554,"0,271,216"
5555,"38,23,24"
5556,"23,40,38"
5557,"23,38,74"
5558,"0,265,218"
5559,"38,23,26"
5560,"3,15,148"
5561,"3,148,147"
5562,"72,44,145"
5563,"10,220"
5564,"24,181,23"
5565,"0,271,216"
5566,"44,10,145"
5567,"169,337,0"
5568,"3,21,200"
5569,"224,41,40"
5570,"220,10"
5571,"23,24,38"
5572,"169,199,49"
5573,"3,21,200"
5574,"40,250,135"
5575,"23,0,74"
5576,"170,171,169"
5577,"0,216"
5578,"0,457,218"
5579,"220,10"
5580,"128,40,129"
5581,"10,44,11"
5582,"3,4,375"
5583,"40,135,138"
5584,"40,131,159"
5585,"72,44,145"
5586,"135,40,169"
5587,"10,220"
5588,"128,40,130"
5589,"3,21,40"
5590,"0,271,8"
5591,"23,38,74"
5592,"40,131,134"
5593,"40,41,21"
5594,"220,10"
5595,"23,26,38"
5596,"0,271,26"
5597,"296,169,306"
5598,"40,131,241"
5599,"0,271"
5600,"3,147,523"
5601,"44,145,72"
5602,"40,3,21"
5603,"26,23,89"
5604,"48,38,23"
5605,"10,11,44"
5606,"220,10"
5607,"26,23,38"
5608,"220,10"
5609,"181,24,40"
5610,"3,4"
5611,"0,271,216"
5612,"199,169,0"
5613,"3,199,169"
5614,"23,26,0"
5615,"3,15,147"
5616,"10,64,239"
5617,"0,271"
5618,"0,26,350"
5619,"3,5,21"
5620,"10,64,93"
5621,"220,10"
5622,"40,128,0"
5623,"0,216,8"
5624,"0,271,8"
5625,"3,21,200"
5626,"40,145,44"
5627,"40,169,199"
5628,"23,40,38"
5629,"10,220,221"
5630,"10,60,23"
5631,"290,23,31"
5632,"40,128,129"
5633,"199,169"
5634,"170,459,169"
5635,"10,64,93"
5636,"170,171,169"
5637,"26,23,89"
5638,"10,11,69"
5639,"169,337,3"
5640,"40,128,129"
5641,"271,0"
5642,"169,199,40"
5643,"40,139,41"
5644,"199,169"
5645,"26,0,271"
5646,"40,146,23"
5647,"10,64,448"
5648,"23,38,74"
5649,"38,23,309"
5650,"3,21,40"
5651,"169,296"
5652,"0,216,271"
5653,"38,23,74"
5654,"4,3"
5655,"0,271,313"
5656,"3,148,147"
5657,"3,40,41"
5658,"3,147,148"
5659,"3,111,148"
5660,"40,41,135"
5661,"10,64,11"
5662,"146,40,145"
5663,"231,26,23"
5664,"0,271,216"
5665,"0,271,216"
5666,"40,41,139"
5667,"40,3,17"
5668,"23,118,74"
5669,"402,145,40"
5670,"0,265,271"
5671,"64,10,448"
5672,"145,44,24"
5673,"23,40,74"
5674,"10,64,448"
5675,"3,4,200"
5676,"23,62,24"
5677,"169,296,0"
5678,"118,74,23"
5679,"3,21,40"
5680,"0,216,271"
5681,"145,10,54"
5682,"3,21,200"
5683,"145,44,40"
5684,"40,160,128"
5685,"3,21,148"
5686,"3,148,147"
5687,"10,11,69"
5688,"169,0,26"
5689,"49,3,21"
5690,"64,10,26"
5691,"40,128,41"
5692,"3,169,296"
5693,"10,40,23"
5694,"23,26,10"
5695,"23,26,118"
5696,"40,181,169"
5697,"3,4"
5698,"49,23,24"
5699,"3,147,148"
5700,"160,40,315"
5701,"296,169"
5702,"3,21,40"
5703,"10,145,24"
5704,"10,64,93"
5705,"3,187,21"
5706,"15,3"
5707,"40,131,184"
5708,"169,199,170"
5709,"40,3,135"
5710,"181,40,145"
5711,"8,0,26"
5712,"0,271,26"
5713,"220,10"
5714,"40,131,134"
5715,"169,199,0"
5716,"169,199,170"
5717,"10,44,72"
5718,"3,15,275"
5719,"40,131,128"
5720,"169,199,40"
5721,"3,21,200"
5722,"10,220,23"
5723,"40,131,134"
5724,"10,64,44"
5725,"3,147,148"
5726,"0,271,366"
5727,"3,4,147"
5728,"169,199,170"
5729,"23,10,25"
5730,"199,169,170"
5731,"0,271,216"
5732,"170,169,0"
5733,"23,74,40"
5734,"40,146,145"
5735,"3,15,147"
5736,"38,23,0"
5737,"328,31,23"
5738,"3,21,200"
5739,"10,239,60"
5740,"4,3,435"
5741,"49,23,24"
5742,"220,10"
5743,"4,3,435"
5744,"0,265,271"
5745,"3,147,148"
5746,"10,64,220"
5747,"426,508,245"
5748,"10,24,23"
5749,"10,64,93"
5750,"220,10"
5751,"40,160,315"
5752,"138,135,169"
5753,"220,10,40"
5754,"40,131,160"
5755,"24,23,10"
5756,"199,169"
5757,"3,200,21"
5758,"40,315,128"
5759,"169,199,170"
5760,"220,10"
5761,"40,131"
5762,"3,4,200"
5763,"10,145,44"
5764,"4,3,7"
5765,"3,148,4"
5766,"72,44,10"
5767,"41,40,224"
5768,"23,38,26"
5769,"199,169"
5770,"3,148,147"
5771,"26,89,23"
5772,"145,10,40"
5773,"40,181,10"
5774,"3,21,200"
5775,"44,145,45"
5776,"44,145,40"
5777,"199,169,3"
5778,"40,3,41"
5779,"3,21,200"
5780,"0,26,216"
5781,"3,21,200"
5782,"145,10,402"
5783,"40,139,153"
5784,"3,148,147"
5785,"40,3,135"
5786,"169,199,170"
5787,"220,10"
5788,"23,40,175"
5789,"38,40,23"
5790,"8,26,23"
5791,"23,40,193"
5792,"10,64,90"
5793,"40,3,13"
5794,"10,220,11"
5795,"169,199,0"
5796,"169,199,170"
5797,"145,44,10"
5798,"169,199,251"
5799,"84,23,74"
5800,"10,44,72"
5801,"315,40,160"
5802,"38,23,74"
5803,"181,40,24"
5804,"23,38,74"
5805,"0,216,211"
5806,"0,216,313"
5807,"0,3,216"
5808,"3,147,148"
5809,"23,38,24"
5810,"509,10,11"
5811,"3,15,17"
5812,"199,169"
5813,"3,21,169"
5814,"0,271,216"
5815,"26,23,0"
5816,"170,3,15"
5817,"40,128,23"
5818,"0,169,31"
5819,"169,199,170"
5820,"220,10"
5821,"0,8,206"
5822,"0,271,218"
5823,"23,345,38"
5824,"10,24,44"
5825,"23,71,38"
5826,"23,345,38"
5827,"3,147,148"
5828,"220,10"
5829,"43,181,24"
5830,"239,23,96"
5831,"3,21,200"
5832,"40,131,23"
5833,"23,26,38"
5834,"26,0,370"
5835,"40,128,129"
5836,"4,3,7"
5837,"220,10"
5838,"3,21,187"
5839,"10,220"
5840,"40,131,241"
5841,"160,40,315"
5842,"10,11,69"
5843,"199,169,431"
5844,"3,21,200"
5845,"0,313,346"
5846,"3,17,21"
5847,"3,21,40"
5848,"206,3,0"
5849,"169,170,199"
5850,"220,10,38"
5851,"10,64,40"
5852,"23,38,74"
5853,"3,275,111"
5854,"199,169"
5855,"40,131"
5856,"0,206,8"
5857,"40,131,134"
5858,"17,3,18"
5859,"0,216,1"
5860,"10,93,64"
5861,"23,38,71"
5862,"44,145,45"
5863,"3,4,375"
5864,"402,145,40"
5865,"40,184,185"
5866,"38,23,82"
5867,"220,10"
5868,"181,10,23"
5869,"3,5,133"
5870,"3,147,148"
5871,"199,169,223"
5872,"10,40,64"
5873,"72,44,145"
5874,"3,21,200"
5875,"40,131"
5876,"199,169,3"
5877,"32,31,23"
5878,"0,169,199"
5879,"40,3,21"
5880,"160,40,315"
5881,"48,3,21"
5882,"40,131,134"
5883,"199,169,259"
5884,"38,23,10"
5885,"0,271,216"
5886,"10,220,221"
5887,"10,44,72"
5888,"23,24,49"
5889,"40,250,128"
5890,"10,23,220"
5891,"3,21,200"
5892,"0,271,366"
5893,"3,21,48"
5894,"49,239,128"
5895,"0,265,23"
5896,"40,17,3"
5897,"3,4"
5898,"3,21,200"
5899,"306,296,169"
5900,"40,131"
5901,"431,40,135"
5902,"3,40,4"
5903,"169,199,426"
5904,"23,74,118"
5905,"3,4,200"
5906,"10,11,69"
5907,"40,315,128"
5908,"169,170,40"
5909,"10,64,93"
5910,"0,211,212"
5911,"40,135,138"
5912,"10,23,40"
5913,"40,131,41"
5914,"0,8,220"
5915,"10,23,24"
5916,"40,131"
5917,"40,131"
5918,"40,128,129"
5919,"3,147,148"
5920,"10,11,69"
5921,"71,40,23"
5922,"0,216,271"
5923,"24,43,23"
5924,"0,271,218"
5925,"3,0,21"
5926,"10,64,448"
5927,"3,17,0"
5928,"3,21,66"
5929,"4,3"
5930,"169,199,49"
5931,"62,11,10"
5932,"10,93,64"
5933,"3,21,40"
5934,"3,4"
5935,"169,199,170"
5936,"0,509,218"
5937,"23,40,145"
5938,"23,26,38"
5939,"160,40,315"
5940,"0,211,216"
5941,"10,64,448"
5942,"3,4,7"
5943,"220,10"
5944,"4,3,7"
5945,"40,135,316"
5946,"23,74,38"
5947,"0,38,23"
5948,"220,10"
5949,"0,10,220"
5950,"145,402,44"
5951,"0,271,216"
5952,"199,169,38"
5953,"3,21,200"
5954,"40,131,128"
5955,"138,135,40"
5956,"3,147,148"
5957,"15,3,16"
5958,"3,147,40"
5959,"169,8,0"
5960,"3,21,17"
5961,"40,10,48"
5962,"3,21,17"
5963,"44,145,38"
5964,"3,147,148"
5965,"0,218,509"
5966,"40,131"
5967,"345,23,40"
5968,"3,15"
5969,"199,169,40"
5970,"38,23,24"
5971,"169,170,171"
5972,"24,23,43"
5973,"206,0,8"
5974,"3,21,187"
5975,"23,74,38"
5976,"40,135,189"
5977,"220,10,0"
5978,"3,17,21"
5979,"10,64,448"
5980,"10,220,24"
5981,"0,271,265"
5982,"0,271,216"
5983,"10,11,69"
5984,"199,169"
5985,"3,4"
5986,"40,160,128"
5987,"0,169,216"
5988,"231,26,23"
5989,"3,21,200"
5990,"170,3,169"
5991,"0,218,265"
5992,"0,211,212"
5993,"10,220"
5994,"40,131,193"
5995,"10,64,448"
5996,"4,3,7"
5997,"220,10"
5998,"3,4,5"
5999,"40,131,128"
6000,"181,40,145"
6001,"3,148,147"
6002,"3,200,148"
6003,"0,216,271"
6004,"23,38,74"
6005,"40,23,145"
6006,"40,131,128"
6007,"3,23,187"
6008,"3,199,21"
6009,"3,21,200"
6010,"10,24,64"
6011,"3,5,133"
6012,"64,10,93"
6013,"44,145,10"
6014,"3,200,148"
6015,"3,199,169"
6016,"3,21,200"
6017,"169,199,10"
6018,"0,218,216"
6019,"3,111,200"
6020,"181,40,24"
6021,"0,271"
6022,"0,8,206"
6023,"3,21,40"
6024,"0,206,8"
6025,"72,44,145"
6026,"3,21,200"
6027,"0,235,8"
6028,"3,147,148"
6029,"40,131"
6030,"3,21,148"
6031,"23,118,74"
6032,"0,255,271"
6033,"40,145,131"
6034,"3,200,17"
6035,"40,138,135"
6036,"145,402,40"
6037,"23,74,38"
6038,"231,26,23"
6039,"3,4,15"
6040,"160,315,40"
6041,"40,131,23"
6042,"3,40,111"
6043,"138,135,40"
6044,"0,279,216"
6045,"40,131"
6046,"220,10"
6047,"24,23,43"
6048,"44,23,145"
6049,"48,3,309"
6050,"23,74,38"
6051,"40,23,175"
6052,"10,3,17"
6053,"40,41,135"
6054,"40,128,10"
6055,"3,10,11"
6056,"40,187,21"
6057,"0,216,271"
6058,"10,40,221"
6059,"23,38,63"
6060,"40,128,186"
6061,"40,3,202"
6062,"40,23,131"
6063,"3,40,147"
6064,"3,21,40"
6065,"23,24,38"
6066,"3,21,148"
6067,"23,38,107"
6068,"169,199,170"
6069,"4,3,435"
6070,"3,4"
6071,"3,5,133"
6072,"0,216,271"
6073,"296,169,306"
6074,"3,148,21"
6075,"40,160,315"
6076,"145,44,72"
6077,"0,271,216"
6078,"199,169,40"
6079,"24,43,23"
6080,"10,509,44"
6081,"3,206,0"
6082,"0,216,271"
6083,"169,0,170"
6084,"23,26,38"
6085,"10,181,24"
6086,"160,315,40"
6087,"23,74,38"
6088,"49,23,24"
6089,"24,23,145"
6090,"10,64,93"
6091,"10,64"
6092,"199,169,170"
6093,"40,128,129"
6094,"40,23,131"
6095,"26,350,0"
6096,"3,21,41"
6097,"10,44,145"
6098,"4,3,7"
6099,"10,64,93"
6100,"8,0,206"
6101,"40,250,135"
6102,"169,199,10"
6103,"0,271"
6104,"169,170,199"
6105,"169,199,296"
6106,"0,3,216"
6107,"40,184,131"
6108,"44,72,10"
6109,"3,148,147"
6110,"72,44,145"
6111,"23,220,24"
6112,"40,131,41"
6113,"199,169"
6114,"220,10"
6115,"169,199,170"
6116,"0,216,211"
6117,"0,265,10"
6118,"23,26,38"
6119,"11,10,69"
6120,"0,206,8"
6121,"10,145,44"
6122,"3,15"
6123,"40,160,175"
6124,"3,21,17"
6125,"0,216,211"
6126,"3,17,21"
6127,"3,21,200"
6128,"40,128,41"
6129,"44,145,402"
6130,"3,21,200"
6131,"3,17,21"
6132,"40,3,21"
6133,"0,271,216"
6134,"10,64,221"
6135,"3,147,148"
6136,"10,44,11"
6137,"3,21,200"
6138,"3,21,200"
6139,"3,21,40"
6140,"3,21,200"
6141,"40,145,44"
6142,"10,64,93"
6143,"10,64,93"
6144,"44,23,145"
6145,"40,224,41"
6146,"44,145,45"
6147,"0,26,271"
6148,"3,17,200"
6149,"24,43,10"
6150,"3,21,200"
6151,"31,216,0"
6152,"199,169"
6153,"199,40,169"
6154,"23,31,24"
6155,"220,10"
6156,"3,17,0"
6157,"71,44,145"
6158,"23,40,24"
6159,"40,131"
6160,"346,313,0"
6161,"3,15,148"
6162,"160,315,40"
6163,"169,199,251"
6164,"169,170,199"
6165,"10,145,44"
6166,"170,169"
6167,"10,220"
6168,"10,145,24"
6169,"3,21,200"
6170,"4,3,7"
6171,"296,169,306"
6172,"3,148,147"
6173,"181,40,323"
6174,"3,23,74"
6175,"120,74,3"
6176,"40,315,160"
6177,"23,40,128"
6178,"3,15,200"
6179,"199,169,426"
6180,"40,234,160"
6181,"220,10"
6182,"23,38,24"
6183,"508,169,426"
6184,"26,0,23"
6185,"3,200,17"
6186,"17,18,3"
6187,"23,49,38"
6188,"24,23,10"
6189,"23,74,118"
6190,"23,26,0"
6191,"23,74,40"
6192,"169,199,0"
6193,"38,23,82"
6194,"23,71,38"
6195,"23,24,38"
6196,"3,147,148"
6197,"3,21,200"
6198,"118,74,23"
6199,"23,24,43"
6200,"3,40,367"
6201,"10,93,64"
6202,"199,169,223"
6203,"181,23,24"
6204,"160,40,315"
6205,"23,26,38"
6206,"10,64,448"
6207,"40,3,17"
6208,"0,216,145"
6209,"3,21,200"
6210,"0,8,235"
6211,"3,21,200"
6212,"40,184,131"
6213,"23,26,0"
6214,"15,3,16"
6215,"72,44,10"
6216,"23,10,24"
6217,"40,31,74"
6218,"23,24,43"
6219,"40,131,41"
6220,"220,10"
6221,"0,271"
6222,"3,4,200"
6223,"40,131"
6224,"10,24,60"
6225,"220,10"
6226,"220,10"
6227,"10,64"
6228,"128,40,129"
6229,"3,187,21"
6230,"0,216,31"
6231,"0,271,265"
6232,"3,23,38"
6233,"0,216,271"
6234,"3,169,296"
6235,"3,170,21"
6236,"3,21,40"
6237,"40,128,130"
6238,"23,38,44"
6239,"44,23,24"
6240,"170,169,171"
6241,"40,131,184"
6242,"3,15,17"
6243,"3,21,200"
6244,"170,171,169"
6245,"40,48,21"
6246,"199,169,10"
6247,"3,21,40"
6248,"169,199,170"
6249,"145,23,44"
6250,"40,160,315"
6251,"0,216"
6252,"3,21,200"
6253,"3,21,148"
6254,"220,10"
6255,"3,147,148"
6256,"138,135,40"
6257,"0,255,216"
6258,"48,38,23"
6259,"0,313,346"
6260,"23,40,24"
6261,"40,184,131"
6262,"0,216,279"
6263,"40,23,135"
6264,"199,169"
6265,"10,93,64"
6266,"3,21,200"
6267,"3,21,200"
6268,"3,4"
6269,"3,21,40"
6270,"40,184,185"
6271,"3,169,170"
6272,"3,147,148"
6273,"3,147,148"
6274,"10,11,69"
6275,"3,21,4"
6276,"0,271,213"
6277,"10,44,11"
6278,"169,345,170"
6279,"17,18,3"
6280,"0,271,216"
6281,"4,3,375"
6282,"3,4"
6283,"40,234,3"
6284,"3,4"
6285,"3,4,148"
6286,"0,271,216"
6287,"10,64,93"
6288,"170,169,171"
6289,"40,3,41"
6290,"32,23,31"
6291,"40,131,139"
6292,"49,23,24"
6293,"3,200,21"
6294,"3,15,16"
6295,"10,44,145"
6296,"3,21,53"
6297,"206,8,0"
6298,"40,135,41"
6299,"10,11,64"
6300,"40,131,159"
6301,"199,169"
6302,"0,206,216"
6303,"10,40,220"
6304,"0,271,216"
6305,"10,44,11"
6306,"40,199,169"
6307,"48,345,23"
6308,"10,11,145"
6309,"3,40,21"
6310,"24,23,43"
6311,"44,145,72"
6312,"23,49,24"
6313,"169,199,40"
6314,"145,44,10"
6315,"118,23,74"
6316,"3,200,85"
6317,"10,44,23"
6318,"10,64,448"
6319,"10,64"
6320,"3,23,48"
6321,"24,23,43"
6322,"10,64,220"
6323,"145,44,402"
6324,"199,169"
6325,"128,40,130"
6326,"199,169"
6327,"4,3,7"
6328,"170,171,169"
6329,"220,10"
6330,"3,17,21"
6331,"3,4"
6332,"32,23,31"
6333,"10,49,239"
6334,"145,10,146"
6335,"38,23,82"
6336,"3,15,17"
6337,"3,40,17"
6338,"3,15,200"
6339,"23,38,26"
6340,"3,21,200"
6341,"13,3,120"
6342,"44,145,45"
6343,"181,145,40"
6344,"0,271,8"
6345,"0,206,8"
6346,"40,145,131"
6347,"220,10"
6348,"38,23,63"
6349,"3,10,23"
6350,"169,199"
6351,"40,160,315"
6352,"0,10,265"
6353,"0,216,271"
6354,"3,21,200"
6355,"38,23,10"
6356,"3,147,148"
6357,"31,23,96"
6358,"3,4"
6359,"23,74,38"
6360,"0,216,208"
6361,"169,170,199"
6362,"23,24,43"
6363,"224,41,40"
6364,"3,21,148"
6365,"40,146,23"
6366,"128,40,129"
6367,"23,31,258"
6368,"220,10,0"
6369,"3,40,111"
6370,"10,11,44"
6371,"23,3,24"
6372,"0,211,216"
6373,"40,3,41"
6374,"220,10"
6375,"40,131"
6376,"3,21,187"
6377,"49,23,38"
6378,"40,184,131"
6379,"3,147,148"
6380,"0,265,11"
6381,"271,0"
6382,"0,218,457"
6383,"220,10"
6384,"40,41,21"
6385,"62,69,11"
6386,"0,8,216"
6387,"199,169"
6388,"206,0,8"
6389,"3,148,200"
6390,"74,23,38"
6391,"10,220,145"
6392,"38,23"
6393,"3,199,169"
6394,"40,145,131"
6395,"169,199,0"
6396,"40,135,184"
6397,"199,169,0"
6398,"0,271,216"
6399,"220,10"
6400,"10,11,69"
6401,"0,271,265"
6402,"3,147,148"
6403,"3,21,301"
6404,"181,43,10"
6405,"24,23,10"
6406,"0,206,8"
6407,"40,146,145"
6408,"3,4,0"
6409,"0,313,271"
6410,"3,21,148"
6411,"23,74,38"
6412,"15,3,16"
6413,"40,145,193"
6414,"40,187,3"
6415,"3,4,21"
6416,"3,4"
6417,"23,38,74"
6418,"170,169,171"
6419,"40,131"
6420,"135,40,138"
6421,"3,4,200"
6422,"40,131,135"
6423,"169,199,170"
6424,"10,64,448"
6425,"3,21,40"
6426,"235,0,8"
6427,"40,131,241"
6428,"3,523,147"
6429,"40,131"
6430,"0,8,216"
6431,"199,169"
6432,"10,0,11"
6433,"49,24,10"
6434,"26,23,0"
6435,"40,184,131"
6436,"107,38,23"
6437,"23,38,10"
6438,"3,147,148"
6439,"3,17,18"
6440,"40,131,159"
6441,"0,26,23"
6442,"199,169"
6443,"107,23,38"
6444,"10,64,93"
6445,"3,4"
6446,"40,184,131"
6447,"4,3,7"
6448,"10,3,40"
6449,"3,17,21"
6450,"199,169,40"
6451,"40,23,135"
6452,"38,23,39"
6453,"8,206,0"
6454,"145,44,402"
6455,"44,145,45"
6456,"38,8,0"
6457,"3,15"
6458,"49,40"
6459,"3,170,200"
6460,"10,64,448"
6461,"0,271,313"
6462,"220,10"
6463,"3,23,28"
6464,"23,31,32"
6465,"3,21,17"
6466,"10,23,181"
6467,"199,169,0"
6468,"10,181,24"
6469,"40,131,241"
6470,"0,229,230"
6471,"40,153,3"
6472,"24,23,43"
6473,"3,147,148"
6474,"3,523,147"
6475,"40,131"
6476,"40,41,3"
6477,"3,128,129"
6478,"169,199,0"
6479,"40,41,21"
6480,"0,271,216"
6481,"10,250,40"
6482,"296,169,146"
6483,"40,160,128"
6484,"328,23,402"
6485,"0,216,271"
6486,"0,271,216"
6487,"3,200,17"
6488,"40,131,134"
6489,"23,38,40"
6490,"3,21,111"
6491,"0,271,218"
6492,"170,169"
6493,"3,40,28"
6494,"10,93,64"
6495,"296,169,3"
6496,"64,10"
6497,"170,169,40"
6498,"0,8,206"
6499,"199,169,251"
6500,"71,44,145"
6501,"3,148,200"
6502,"206,0,8"
6503,"40,31,77"
6504,"220,10"
6505,"10,64,11"
6506,"0,271,216"
6507,"40,135,3"
6508,"11,10,69"
6509,"128,40,129"
6510,"145,44,40"
6511,"3,21,200"
6512,"169,171,170"
6513,"3,337,10"
6514,"10,11,44"
6515,"10,220"
6516,"10,44,11"
6517,"40,145,402"
6518,"10,11,69"
6519,"74,23,303"
6520,"40,131,193"
6521,"10,38,40"
6522,"3,523,147"
6523,"4,3,7"
6524,"38,23,40"
6525,"170,171,169"
6526,"169,199,170"
6527,"160,40,315"
6528,"3,21,200"
6529,"3,147,148"
6530,"3,21"
6531,"23,38,74"
6532,"0,23,26"
6533,"3,4"
6534,"199,40,431"
6535,"23,38,24"
6536,"40,123,41"
6537,"3,148,21"
6538,"3,147,148"
6539,"40,128,129"
6540,"40,402,145"
6541,"128,129,40"
6542,"170,169,0"
6543,"220,10,0"
6544,"3,21,200"
6545,"309,23,38"
6546,"10,64,23"
6547,"3,147,148"
6548,"315,40,160"
6549,"40,128,186"
6550,"40,131"
6551,"0,313,346"
6552,"145,402,40"
6553,"10,93,64"
6554,"10,220"
6555,"3,21,148"
6556,"11,10,205"
6557,"170,171,169"
6558,"32,23,31"
6559,"0,31,24"
6560,"431,199,40"
6561,"10,23,146"
6562,"23,38,169"
6563,"23,62,24"
6564,"23,71,24"
6565,"23,38,71"
6566,"40,3,17"
6567,"3,21,200"
6568,"3,17,200"
6569,"199,169,251"
6570,"0,271,216"
6571,"0,8,235"
6572,"38,23,26"
6573,"26,23,38"
6574,"49,23,24"
6575,"3,111,40"
6576,"169,337,0"
6577,"72,44,10"
6578,"0,211,216"
6579,"431,199,135"
6580,"145,40,44"
6581,"23,38,49"
6582,"40,131"
6583,"40,3,21"
6584,"40,131,160"
6585,"38,23,137"
6586,"3,15"
6587,"24,23,43"
6588,"220,10,71"
6589,"199,169,223"
6590,"23,38,26"
6591,"40,131,128"
6592,"40,131,41"
6593,"220,10"
6594,"145,40,146"
6595,"23,63,38"
6596,"10,0,169"
6597,"3,147,148"
6598,"4,3,7"
6599,"220,10"
6600,"38,23,74"
6601,"44,23,145"
6602,"3,21,126"
6603,"10,64,40"
6604,"40,41,224"
6605,"3,21,169"
6606,"3,523,147"
6607,"199,169,431"
6608,"23,74,118"
6609,"10,93,64"
6610,"3,147,148"
6611,"0,271"
6612,"48,23,10"
6613,"10,11,69"
6614,"170,3,169"
6615,"40,138,135"
6616,"3,4"
6617,"40,131,142"
6618,"40,128,250"
6619,"17,3,21"
6620,"3,21,148"
6621,"145,40,402"
6622,"0,211,216"
6623,"206,8,0"
6624,"169,170,199"
6625,"72,10,44"
6626,"138,135,40"
6627,"3,21,200"
6628,"220,10"
6629,"3,5,133"
6630,"0,26,271"
6631,"0,271,216"
6632,"3,21,187"
6633,"0,271,216"
6634,"0,10,3"
6635,"23,38,107"
6636,"26,8,23"
6637,"3,21,200"
6638,"23,38,26"
6639,"10,64,448"
6640,"3,147,148"
6641,"0,271,216"
6642,"169,170,3"
6643,"38,23,10"
6644,"3,40,21"
6645,"26,231,23"
6646,"145,44,402"
6647,"171,170,169"
6648,"169,199,129"
6649,"4,3,7"
6650,"199,169,38"
6651,"145,10,24"
6652,"40,41,224"
6653,"38,23,24"
6654,"23,74,40"
6655,"3,21,200"
6656,"40,3,41"
6657,"38,23"
6658,"199,169"
6659,"3,187,21"
6660,"220,10"
6661,"24,23,181"
6662,"402,23,40"
6663,"40,128,131"
6664,"220,10"
6665,"3,21,200"
6666,"0,216,271"
6667,"15,3,16"
6668,"40,131"
6669,"23,40,74"
6670,"40,145,61"
6671,"26,0,23"
6672,"23,10,38"
6673,"10,23,24"
6674,"0,216,218"
6675,"31,96,23"
6676,"10,93,64"
6677,"199,169,170"
6678,"40,128,0"
6679,"0,8,206"
6680,"0,216,279"
6681,"48,10,38"
6682,"10,40,38"
6683,"10,64,448"
6684,"3,21,200"
6685,"138,135,40"
6686,"160,40,315"
6687,"3,21,200"
6688,"0,216,370"
6689,"0,271,216"
6690,"40,3,10"
6691,"40,3,21"
6692,"199,431,169"
6693,"3,21,200"
6694,"0,271,265"
6695,"147,3,148"
6696,"3,4,200"
6697,"3,169,68"
6698,"40,131"
6699,"3,148,200"
6700,"3,21,200"
6701,"72,44,10"
6702,"40,250,128"
6703,"220,10"
6704,"3,21,200"
6705,"38,23,26"
6706,"3,13,200"
6707,"23,24,40"
6708,"3,15,147"
6709,"181,40,10"
6710,"0,313,271"
6711,"181,10,24"
6712,"3,21,200"
6713,"169,199,170"
6714,"38,23,74"
6715,"199,169,431"
6716,"220,10"
6717,"24,23,43"
6718,"0,8,391"
6719,"0,8,23"
6720,"23,38,74"
6721,"23,44,145"
6722,"44,145,40"
6723,"23,38,26"
6724,"220,10"
6725,"40,131,128"
6726,"169,171,199"
6727,"0,216,271"
6728,"3,15"
6729,"40,131"
6730,"0,271,216"
6731,"171,170,169"
6732,"3,187,21"
6733,"3,147,148"
6734,"10,44,145"
6735,"26,23,89"
6736,"40,38,23"
6737,"402,145,10"
6738,"220,10"
6739,"3,147,148"
6740,"206,8,0"
6741,"169,199,170"
6742,"44,59,45"
6743,"220,10"
6744,"206,8,0"
6745,"3,17,21"
6746,"23,74,38"
6747,"23,169,24"
6748,"3,21,187"
6749,"3,4,40"
6750,"3,4,200"
6751,"0,271,216"
6752,"40,3,41"
6753,"40,160,315"
6754,"40,17,3"
6755,"169,296"
6756,"10,220"
6757,"48,38,23"
6758,"3,4,21"
6759,"3,147,148"
6760,"26,89,23"
6761,"72,44,10"
6762,"199,169,250"
6763,"26,231,23"
6764,"3,48,32"
6765,"3,200,4"
6766,"0,271"
6767,"44,10,145"
6768,"220,10"
6769,"199,169"
6770,"23,74,3"
6771,"0,216,211"
6772,"118,23,74"
6773,"40,160,131"
6774,"3,21,200"
6775,"4,3"
6776,"3,17,18"
6777,"296,169"
6778,"40,128,129"
6779,"0,271,8"
6780,"3,17,18"
6781,"40,131"
6782,"23,26,231"
6783,"199,169"
6784,"44,145,45"
6785,"0,271,313"
6786,"10,220,221"
6787,"40,131"
6788,"145,10,23"
6789,"169,199,23"
6790,"0,206,8"
6791,"10,23,146"
6792,"0,235,8"
6793,"220,10,0"
6794,"49,24,10"
6795,"0,271,26"
6796,"199,431,169"
6797,"23,63,38"
6798,"3,21,199"
6799,"3,4"
6800,"3,4"
6801,"23,38,24"
6802,"3,21,200"
6803,"0,271,216"
6804,"10,64,44"
6805,"23,38,74"
6806,"10,25,220"
6807,"169,0,337"
6808,"169,170,296"
6809,"3,4"
6810,"199,0,169"
6811,"40,3,17"
6812,"3,21,148"
6813,"3,187,170"
6814,"3,4"
6815,"10,44,72"
6816,"40,160,17"
6817,"199,169,40"
6818,"3,21,200"
6819,"3,21,40"
6820,"0,271,265"
6821,"0,271,218"
6822,"10,23,38"
6823,"40,128,41"
6824,"0,271,216"
6825,"10,64,448"
6826,"199,431,40"
6827,"40,131"
6828,"0,271,216"
6829,"10,145,23"
6830,"32,23,31"
6831,"181,145,24"
6832,"169,170,426"
6833,"3,21,40"
6834,"3,147,148"
6835,"40,135,295"
6836,"4,3,7"
6837,"10,64"
6838,"23,38,40"
6839,"74,23,38"
6840,"220,10"
6841,"169,296,123"
6842,"23,24,38"
6843,"38,23,0"
6844,"40,41,286"
6845,"0,271"
6846,"402,145,40"
6847,"187,3,21"
6848,"10,44,509"
6849,"23,24,10"
6850,"3,40,148"
6851,"10,220,44"
6852,"10,145,40"
6853,"0,206,8"
6854,"145,23,44"
6855,"3,21,200"
6856,"38,23,40"
6857,"15,3,16"
6858,"206,0,8"
6859,"0,313,271"
6860,"169,199,170"
6861,"169,199,170"
6862,"3,147,148"
6863,"44,145,10"
6864,"72,10,44"
6865,"40,250,135"
6866,"169,199,170"
6867,"10,64,24"
6868,"0,271,216"
6869,"10,64"
6870,"3,523,147"
6871,"40,131,159"
6872,"40,131"
6873,"23,24,38"
6874,"0,271,216"
6875,"26,0,271"
6876,"199,169"
6877,"89,26,40"
6878,"169,3,170"
6879,"3,21,40"
6880,"0,8,206"
6881,"10,220"
6882,"199,169"
6883,"181,40,145"
6884,"0,271,26"
6885,"296,169"
6886,"40,3,169"
6887,"181,40,145"
6888,"40,3,148"
6889,"10,44,145"
6890,"0,271,216"
6891,"23,38,74"
6892,"26,0,23"
6893,"0,271,26"
6894,"38,23"
6895,"24,23,43"
6896,"0,17,40"
6897,"0,265,216"
6898,"3,23,40"
6899,"40,128,130"
6900,"23,38,63"
6901,"10,11,69"
6902,"199,169,23"
6903,"220,10"
6904,"38,23"
6905,"26,23,38"
6906,"74,23,38"
6907,"3,15,200"
6908,"23,118,74"
6909,"145,44,40"
6910,"0,8,391"
6911,"15,3,16"
6912,"170,171,169"
6913,"40,131"
6914,"0,8,206"
6915,"206,8,0"
6916,"74,23,38"
6917,"38,23,74"
6918,"328,49,239"
6919,"40,4,375"
6920,"3,4,200"
6921,"10,220"
6922,"3,4,200"
6923,"118,74,23"
6924,"23,38,74"
6925,"171,31,77"
6926,"23,26,38"
6927,"10,220"
6928,"0,271,216"
6929,"23,38,74"
6930,"3,15,17"
6931,"10,64,448"
6932,"40,315,160"
6933,"169,199,251"
6934,"10,220"
6935,"3,85,200"
6936,"3,40,128"
6937,"38,23,145"
6938,"3,275,148"
6939,"44,10,45"
6940,"23,74,165"
6941,"0,265,271"
6942,"145,402,10"
6943,"170,171,169"
6944,"4,3"
6945,"23,74,38"
6946,"169,170,0"
6947,"0,8,313"
6948,"3,147,148"
6949,"5,6,3"
6950,"3,4,200"
6951,"10,64,93"
6952,"49,23,24"
6953,"3,169,199"
6954,"10,220"
6955,"10,64,448"
6956,"220,10"
6957,"3,15,16"
6958,"220,10"
6959,"169,199,0"
6960,"3,4,21"
6961,"3,21,200"
6962,"10,145,44"
6963,"4,3,7"
6964,"40,241,131"
6965,"199,169,223"
6966,"23,26,38"
6967,"38,23,26"
6968,"0,216,366"
6969,"24,23,10"
6970,"3,17,200"
6971,"3,21,40"
6972,"40,131,184"
6973,"44,145,45"
6974,"23,71,74"
6975,"170,169,171"
6976,"220,10"
6977,"3,21,17"
6978,"3,21,200"
6979,"8,206,0"
6980,"3,40,148"
6981,"10,220"
6982,"199,169,10"
6983,"10,64,93"
6984,"40,128,131"
6985,"40,41,128"
6986,"199,169,24"
6987,"169,199,0"
6988,"160,40"
6989,"170,169,171"
6990,"169,170,426"
6991,"169,199,0"
6992,"40,224,41"
6993,"169,296"
6994,"38,23"
6995,"3,4"
6996,"3,187,21"
6997,"40,184,131"
6998,"169,171,170"
6999,"131,40,134"
7000,"10,93,64"
7001,"10,64"
7002,"0,40,128"
7003,"10,64,93"
7004,"3,21,17"
7005,"40,128,250"
7006,"296,169"
7007,"40,3,41"
7008,"3,147,148"
7009,"4,3"
7010,"4,3,188"
7011,"40,131"
7012,"3,148,147"
7013,"23,40,74"
7014,"0,271,363"
7015,"32,31,23"
7016,"44,145,10"
7017,"0,271,216"
7018,"17,3,40"
7019,"3,111,68"
7020,"23,10,3"
7021,"40,31,24"
7022,"40,128,131"
7023,"72,10,44"
7024,"38,23,82"
7025,"3,435,4"
7026,"40,3,21"
7027,"26,23,10"
7028,"0,218,271"
7029,"40,10,90"
7030,"40,41,224"
7031,"3,15,200"
7032,"3,17,21"
7033,"26,89,0"
7034,"0,271,216"
7035,"10,24,44"
7036,"10,44,145"
7037,"3,200,17"
7038,"40,184,131"
7039,"72,44,10"
7040,"169,0,170"
7041,"328,23,40"
7042,"181,40,145"
7043,"10,64,93"
7044,"24,23,145"
7045,"138,40,135"
7046,"23,44,145"
7047,"145,10,44"
7048,"3,21"
7049,"40,41,128"
7050,"199,169,223"
7051,"8,169,405"
7052,"26,23,0"
7053,"220,10"
7054,"40,160,128"
7055,"169,170,199"
7056,"10,24,23"
7057,"8,206,0"
7058,"3,10,4"
7059,"38,23,74"
7060,"3,21,17"
7061,"3,4,200"
7062,"23,74,40"
7063,"199,169,251"
7064,"89,26,23"
7065,"40,0,8"
7066,"0,271,216"
7067,"220,10"
7068,"199,169"
7069,"206,8,0"
7070,"23,74,38"
7071,"169,296,170"
7072,"38,23,175"
7073,"38,23,137"
7074,"10,49,3"
7075,"10,220,145"
7076,"0,271,265"
7077,"10,402,145"
7078,"23,74,38"
7079,"38,23,169"
7080,"3,17,18"
7081,"44,145,23"
7082,"10,220,38"
7083,"170,169,171"
7084,"0,8,235"
7085,"3,40,21"
7086,"38,23"
7087,"38,23,74"
7088,"24,23,43"
7089,"3,147,148"
7090,"3,4"
7091,"10,93,64"
7092,"23,38,24"
7093,"3,40,4"
7094,"3,40,13"
7095,"145,44,10"
7096,"3,21,40"
7097,"220,10"
7098,"3,169,199"
7099,"23,31,10"
7100,"0,313,271"
7101,"32,31,23"
7102,"10,23,38"
7103,"49,23,24"
7104,"23,74,38"
7105,"40,315,160"
7106,"10,145,44"
7107,"49,23,24"
7108,"44,10,72"
7109,"48,10,3"
7110,"72,10,44"
7111,"118,23,74"
7112,"169,170,199"
7113,"40,10,31"
7114,"48,38,309"
7115,"26,0,23"
7116,"40,23,38"
7117,"24,23,43"
7118,"10,220,23"
7119,"40,131"
7120,"40,128,129"
7121,"145,10,44"
7122,"0,235,8"
7123,"138,135,40"
7124,"3,21,148"
7125,"31,96,23"
7126,"170,169,171"
7127,"3,21,40"
7128,"220,10"
7129,"10,64,93"
7130,"3,148,147"
7131,"199,169,223"
7132,"10,44,11"
7133,"0,271"
7134,"10,64,44"
7135,"0,313,271"
7136,"169,38,23"
7137,"0,271,10"
7138,"3,4,200"
7139,"3,21,200"
7140,"3,21,200"
7141,"40,128,38"
7142,"38,23,10"
7143,"220,10"
7144,"199,169,0"
7145,"169,296,170"
7146,"23,74,165"
7147,"0,271"
7148,"40,128,41"
7149,"40,146,184"
7150,"3,187,21"
7151,"199,3,169"
7152,"199,169,40"
7153,"199,169,3"
7154,"206,0,8"
7155,"44,145,45"
7156,"224,40,3"
7157,"3,4,200"
7158,"3,199,169"
7159,"0,40,10"
7160,"40,160,128"
7161,"23,24,38"
7162,"171,170,169"
7163,"3,0,21"
7164,"40,41,3"
7165,"169,170"
7166,"3,169,21"
7167,"23,62,24"
7168,"3,40,17"
7169,"3,21,200"
7170,"0,44,145"
7171,"40,160,315"
7172,"40,128,160"
7173,"3,4"
7174,"0,8,235"
7175,"3,15,4"
7176,"0,216,271"
7177,"3,148,21"
7178,"0,255,271"
7179,"0,199,169"
7180,"138,135,40"
7181,"131,23,40"
7182,"40,128,41"
7183,"231,26,23"
7184,"169,296"
7185,"402,145,40"
7186,"402,10,145"
7187,"3,200,21"
7188,"24,43,10"
7189,"220,10"
7190,"3,200,169"
7191,"3,200,148"
7192,"10,24,23"
7193,"40,131"
7194,"128,40,129"
7195,"0,271"
7196,"40,160,315"
7197,"10,0,24"
7198,"40,41,3"
7199,"44,145,40"
7200,"0,271,8"
7201,"23,316,169"
7202,"10,64,93"
7203,"0,211,216"
7204,"199,169,170"
7205,"40,23,10"
7206,"402,145,40"
7207,"0,211,216"
7208,"3,17,21"
7209,"10,220,145"
7210,"3,4,21"
7211,"15,3,16"
7212,"3,4"
7213,"129,128,40"
7214,"24,23,43"
7215,"10,64,448"
7216,"3,21,200"
7217,"169,170,138"
7218,"199,40,169"
7219,"10,64,93"
7220,"220,10"
7221,"23,38,74"
7222,"23,145,44"
7223,"169,199,170"
7224,"220,10"
7225,"169,170,459"
7226,"3,21,200"
7227,"3,0,10"
7228,"3,21,200"
7229,"40,131,128"
7230,"3,21,200"
7231,"40,131,241"
7232,"0,169,23"
7233,"23,38,74"
7234,"3,21,17"
7235,"32,23,31"
7236,"10,220"
7237,"40,145,44"
7238,"3,21,40"
7239,"3,23,10"
7240,"3,17,15"
7241,"169,199,170"
7242,"3,15,148"
7243,"169,199,40"
7244,"3,40,21"
7245,"3,4,21"
7246,"160,3,40"
7247,"3,21,200"
7248,"40,146,145"
7249,"23,38"
7250,"169,199,21"
7251,"3,147,156"
7252,"3,21,148"
7253,"31,23,258"
7254,"40,128,130"
7255,"145,220,44"
7256,"17,40,10"
7257,"3,48,200"
7258,"10,199,220"
7259,"0,265,3"
7260,"23,24,38"
7261,"3,4,200"
7262,"40,169,199"
7263,"40,131,23"
7264,"0,216,366"
7265,"169,0,170"
7266,"23,38,74"
7267,"0,271"
7268,"3,148,147"
7269,"199,169,170"
7270,"23,10,40"
7271,"3,187,21"
7272,"170,3,169"
7273,"40,3,41"
7274,"3,21,187"
7275,"0,271"
7276,"0,26,38"
7277,"24,23,43"
7278,"23,40,38"
7279,"40,160,315"
7280,"3,17,200"
7281,"4,3,7"
7282,"49,40,145"
7283,"145,44,40"
7284,"0,216,265"
7285,"3,147,148"
7286,"0,265,273"
7287,"169,337,0"
7288,"3,21,17"
7289,"199,169"
7290,"4,3"
7291,"40,146,145"
7292,"32,23,31"
7293,"3,40,148"
7294,"40,131"
7295,"3,21,148"
7296,"206,0,8"
7297,"49,23,24"
7298,"0,265,216"
7299,"23,26,38"
7300,"10,11,44"
7301,"10,93,64"
7302,"169,337,170"
7303,"72,44,10"
7304,"169,337,0"
7305,"145,44,402"
7306,"3,17,21"
7307,"345,23,24"
7308,"181,40,145"
7309,"3,0,169"
7310,"3,21,40"
7311,"3,4"
7312,"72,44,10"
7313,"181,43,40"
7314,"0,271,265"
7315,"0,271,216"
7316,"131,40,23"
7317,"3,40,148"
7318,"62,23,24"
7319,"169,0,296"
7320,"23,74,38"
7321,"40,135,169"
7322,"40,131,193"
7323,"3,187,21"
7324,"31,169,171"
7325,"0,23,26"
7326,"26,231,0"
7327,"3,21,40"
7328,"199,431,169"
7329,"0,271"
7330,"3,17,21"
7331,"32,31,23"
7332,"40,224,41"
7333,"40,128,129"
7334,"0,271,216"
7335,"169,199,170"
7336,"199,169"
7337,"38,23,74"
7338,"24,10,181"
7339,"40,128,130"
7340,"3,15,17"
7341,"23,38,26"
7342,"40,128,41"
7343,"40,3,21"
7344,"171,170,169"
7345,"3,40,21"
7346,"40,3,123"
7347,"3,187,21"
7348,"231,26,23"
7349,"3,21,200"
7350,"40,23,283"
7351,"0,218,10"
7352,"23,38,74"
7353,"40,131"
7354,"0,265,3"
7355,"10,64,93"
7356,"3,13,5"
7357,"169,199,170"
7358,"3,21,148"
7359,"3,169,21"
7360,"8,0,206"
7361,"3,100,21"
7362,"40,131"
7363,"4,3,19"
7364,"3,148,147"
7365,"10,64,448"
7366,"169,170,337"
7367,"23,38,74"
7368,"3,40,41"
7369,"23,38,40"
7370,"220,10,0"
7371,"0,216,211"
7372,"3,15"
7373,"3,15,200"
7374,"3,21,200"
7375,"38,23,175"
7376,"44,145,73"
7377,"10,11,24"
7378,"40,128,129"
7379,"3,4"
7380,"169,199"
7381,"3,21,40"
7382,"10,220"
7383,"3,21,187"
7384,"0,218,457"
7385,"0,211,212"
7386,"4,3,435"
7387,"72,44,10"
7388,"23,24,49"
7389,"32,3,148"
7390,"3,21,148"
7391,"40,129,128"
7392,"10,145,40"
7393,"40,31,23"
7394,"23,38,10"
7395,"3,40,17"
7396,"169,40,170"
7397,"3,4,28"
7398,"220,10"
7399,"89,26,23"
7400,"44,145,402"
7401,"23,38,10"
7402,"10,64,448"
7403,"216,370,38"
7404,"40,131,41"
7405,"10,64,448"
7406,"40,131,41"
7407,"0,216,211"
7408,"169,199,170"
7409,"24,23,10"
7410,"3,199,21"
7411,"250,40,38"
7412,"40,135,250"
7413,"3,15,148"
7414,"3,147,148"
7415,"10,44,23"
7416,"10,145,40"
7417,"199,169,259"
7418,"40,131"
7419,"38,23,40"
7420,"509,218,0"
7421,"21,3,187"
7422,"169,199,0"
7423,"10,64"
7424,"23,38,74"
7425,"3,21,148"
7426,"10,11,69"
7427,"0,271,265"
7428,"3,4,148"
7429,"44,10,145"
7430,"224,41,40"
7431,"26,23,231"
7432,"459,169,170"
7433,"23,74,3"
7434,"199,169"
7435,"40,38,128"
7436,"3,21,148"
7437,"10,24,64"
7438,"0,271"
7439,"23,74,24"
7440,"0,26,271"
7441,"72,44,10"
7442,"199,169"
7443,"10,220,72"
7444,"199,169,40"
7445,"3,15,46"
7446,"23,38,26"
7447,"23,31,40"
7448,"3,21,200"
7449,"49,23,24"
7450,"3,21,22"
7451,"3,21,148"
7452,"145,40,44"
7453,"3,199,169"
7454,"0,26,23"
7455,"3,4,200"
7456,"169,296,8"
7457,"10,64,11"
7458,"23,24,62"
7459,"10,44,145"
7460,"26,0,350"
7461,"3,17,18"
7462,"10,49,24"
7463,"3,21,187"
7464,"459,169,170"
7465,"3,21,40"
7466,"38,23,40"
7467,"0,206,8"
7468,"74,23,199"
7469,"3,4,17"
7470,"23,31,24"
7471,"23,38,63"
7472,"199,169,145"
7473,"40,199,169"
7474,"0,271,216"
7475,"3,17,18"
7476,"40,160,315"
7477,"135,138,169"
7478,"10,24,23"
7479,"0,271,216"
7480,"3,21,200"
7481,"10,44,72"
7482,"169,170,38"
7483,"3,15,187"
7484,"0,216,218"
7485,"64,10,448"
7486,"0,216,370"
7487,"40,131,134"
7488,"0,255,347"
7489,"40,128,23"
7490,"3,148,21"
7491,"40,41,3"
7492,"40,128,175"
7493,"220,10"
7494,"49,0,40"
7495,"48,38,309"
7496,"40,41,224"
7497,"220,10"
7498,"0,26,271"
7499,"199,169"
7500,"3,4"
7501,"0,271,216"
7502,"10,11,44"
7503,"0,271,231"
7504,"169,170,426"
7505,"169,199,345"
7506,"23,74,38"
7507,"3,200,4"
7508,"170,171,169"
7509,"23,38,74"
7510,"3,148,15"
7511,"71,23,40"
7512,"169,199,0"
7513,"10,93,239"
7514,"32,23,31"
7515,"3,40,21"
7516,"3,21,200"
7517,"199,169"
7518,"40,131"
7519,"40,169,199"
7520,"220,10"
7521,"38,23,26"
7522,"10,220,25"
7523,"169,170,199"
7524,"0,216,271"
7525,"40,131,23"
7526,"3,147,148"
7527,"40,131,142"
7528,"3,4"
7529,"169,170,199"
7530,"40,24,181"
7531,"10,11,44"
7532,"40,146,145"
7533,"3,4,17"
7534,"3,15,16"
7535,"10,25,24"
7536,"10,64"
7537,"3,40,147"
7538,"3,21,187"
7539,"0,8,206"
7540,"135,40,189"
7541,"169,199,3"
7542,"40,41,3"
7543,"32,23,31"
7544,"0,366,216"
7545,"3,187,21"
7546,"0,8,206"
7547,"49,10,24"
7548,"0,271,216"
7549,"145,44,402"
7550,"40,3,153"
7551,"0,271,216"
7552,"3,199,21"
7553,"15,3"
7554,"10,64,11"
7555,"220,10"
7556,"290,31,23"
7557,"3,4"
7558,"40,135,74"
7559,"170,169,459"
7560,"23,38,71"
7561,"3,21,4"
7562,"199,169"
7563,"24,23,181"
7564,"3,15,200"
7565,"234,10,17"
7566,"220,10"
7567,"206,8,0"
7568,"220,10"
7569,"3,21,148"
7570,"10,93,64"
7571,"40,41,21"
7572,"44,71,145"
7573,"220,10"
7574,"40,3,41"
7575,"38,23,26"
7576,"3,4"
7577,"40,131,241"
7578,"169,199,170"
7579,"40,24,23"
7580,"38,23"
7581,"44,145,10"
7582,"0,216,271"
7583,"3,15,148"
7584,"40,131,128"
7585,"3,169,199"
7586,"3,148,21"
7587,"24,43,23"
7588,"3,148,147"
7589,"44,145,45"
7590,"3,21,200"
7591,"40,135,41"
7592,"3,147,148"
7593,"4,3"
7594,"15,3,16"
7595,"0,216,271"
7596,"24,23,43"
7597,"220,10,40"
7598,"23,74,38"
7599,"199,169,345"
7600,"199,169"
7601,"23,24,43"
7602,"23,38,71"
7603,"31,23,10"
7604,"23,38,74"
7605,"0,271,216"
7606,"26,350,23"
7607,"3,200,148"
7608,"220,10"
7609,"49,23,24"
7610,"0,216,169"
7611,"3,21,200"
7612,"10,64"
7613,"0,216,271"
7614,"72,44,10"
7615,"0,271"
7616,"220,10"
7617,"145,44,40"
7618,"3,200,4"
7619,"10,23,24"
7620,"181,23,40"
7621,"72,44,10"
7622,"10,24,239"
7623,"3,148,147"
7624,"170,171,169"
7625,"0,218,271"
7626,"3,21,200"
7627,"3,17,18"
7628,"3,21,40"
7629,"40,160,315"
7630,"23,24,49"
7631,"3,148,147"
7632,"24,23,43"
7633,"220,10"
7634,"26,89,23"
7635,"3,170,21"
7636,"10,239,60"
7637,"10,31,40"
7638,"40,160,315"
7639,"3,21,40"
7640,"49,24,23"
7641,"290,31,23"
7642,"0,211,216"
7643,"0,129,279"
7644,"3,169,170"
7645,"40,23,74"
7646,"3,5,133"
7647,"0,255,218"
7648,"38,23,74"
7649,"0,216,218"
7650,"296,169"
7651,"220,10"
7652,"160,40,315"
7653,"40,3,21"
7654,"10,64,44"
7655,"26,23,89"
7656,"24,43,145"
7657,"3,15,17"
7658,"23,38,40"
7659,"3,21,200"
7660,"3,148,21"
7661,"40,131,23"
7662,"220,10"
7663,"23,71,38"
7664,"169,199,170"
7665,"40,131"
7666,"199,431,40"
7667,"3,17,21"
7668,"3,147,148"
7669,"3,5,169"
7670,"0,271,280"
7671,"170,171,169"
7672,"220,402,10"
7673,"10,220"
7674,"170,459,169"
7675,"10,23,24"
7676,"128,0,40"
7677,"23,31,40"
7678,"24,23,10"
7679,"3,21,200"
7680,"3,21,40"
7681,"170,171,169"
7682,"40,131"
7683,"0,26,23"
7684,"3,21,200"
7685,"10,220,169"
7686,"0,271,265"
7687,"3,4,15"
7688,"40,135,138"
7689,"3,21,40"
7690,"3,21,148"
7691,"40,135,138"
7692,"40,131,241"
7693,"10,64,24"
7694,"3,17,18"
7695,"0,216,218"
7696,"0,216,8"
7697,"3,28,330"
7698,"40,135,23"
7699,"49,23,24"
7700,"169,170,40"
7701,"40,23,131"
7702,"169,199,345"
7703,"10,64,93"
7704,"38,23,82"
7705,"128,40,195"
7706,"3,275,148"
7707,"3,147,21"
7708,"206,10,8"
7709,"40,128,130"
7710,"160,315,40"
7711,"38,23,26"
7712,"3,0,148"
7713,"23,74,71"
7714,"0,26,271"
7715,"24,23,38"
7716,"169,0,199"
7717,"40,128,287"
7718,"10,64,44"
7719,"3,200,21"
7720,"40,131,193"
7721,"10,64,448"
7722,"3,40,41"
7723,"23,118,74"
7724,"3,128,287"
7725,"10,220,145"
7726,"40,3,21"
7727,"10,64,448"
7728,"40,146,131"
7729,"40,3,17"
7730,"40,17,3"
7731,"170,171,169"
7732,"3,21,0"
7733,"0,23,38"
7734,"64,10,448"
7735,"181,145,61"
7736,"138,40,346"
7737,"3,188,4"
7738,"315,160,40"
7739,"17,3,18"
7740,"23,24,38"
7741,"290,31,23"
7742,"3,4,148"
7743,"3,147,148"
7744,"3,21,17"
7745,"3,21,4"
7746,"40,41,224"
7747,"3,147,148"
7748,"231,26,10"
7749,"40,3,41"
7750,"10,145,146"
7751,"4,3,7"
7752,"0,271,216"
7753,"40,3,21"
7754,"0,23,24"
7755,"17,3,0"
7756,"3,21,200"
7757,"23,169,426"
7758,"32,23,31"
7759,"220,10,23"
7760,"38,23,24"
7761,"0,271,265"
7762,"40,145,402"
7763,"0,26,23"
7764,"23,118,0"
7765,"15,3,16"
7766,"10,64,93"
7767,"3,17,169"
7768,"15,3"
7769,"40,135,236"
7770,"147,148,3"
7771,"3,147,148"
7772,"3,40,21"
7773,"169,199,10"
7774,"0,271,211"
7775,"0,8,235"
7776,"3,147,148"
7777,"38,23,26"
7778,"40,131,134"
7779,"10,220,48"
7780,"10,11,69"
7781,"3,148,147"
7782,"23,165,74"
7783,"199,169,0"
7784,"4,3,188"
7785,"220,10"
7786,"3,21,148"
7787,"38,23"
7788,"0,346,313"
7789,"23,38,26"
7790,"38,23,26"
7791,"10,44,72"
7792,"40,41,21"
7793,"40,131,128"
7794,"220,10"
7795,"123,111,3"
7796,"220,10"
7797,"199,169,10"
7798,"169,199,296"
7799,"38,23,39"
7800,"40,131,241"
7801,"44,145,72"
7802,"40,23,74"
7803,"62,23,10"
7804,"17,3,18"
7805,"3,200,21"
7806,"40,131,134"
7807,"3,21,199"
7808,"3,148,147"
7809,"10,11,69"
7810,"0,271,216"
7811,"3,21,200"
7812,"10,11,220"
7813,"169,199,0"
7814,"169,171,170"
7815,"40,41,224"
7816,"40,3,17"
7817,"10,64,90"
7818,"3,17,21"
7819,"3,169,21"
7820,"24,23,43"
7821,"71,23,44"
7822,"0,271,265"
7823,"23,10,24"
7824,"3,15,16"
7825,"3,15,275"
7826,"431,135,199"
7827,"0,216,265"
7828,"89,40,26"
7829,"0,218,457"
7830,"23,26,10"
7831,"169,199,170"
7832,"31,171,77"
7833,"10,11,24"
7834,"3,21,200"
7835,"10,199,169"
7836,"169,199,251"
7837,"169,199,251"
7838,"10,11,221"
7839,"44,145,23"
7840,"3,68,200"
7841,"38,23,26"
7842,"40,10,128"
7843,"3,0,17"
7844,"0,271"
7845,"23,24,43"
7846,"40,131"
7847,"40,160,315"
7848,"3,4"
7849,"3,17,21"
7850,"3,21"
7851,"3,148,21"
7852,"40,128,129"
7853,"0,8,206"
7854,"10,145,23"
7855,"169,199,170"
7856,"44,145,10"
7857,"40,10,128"
7858,"40,160,315"
7859,"0,271,265"
7860,"0,235,8"
7861,"3,4"
7862,"23,74,38"
7863,"40,145,146"
7864,"3,23,40"
7865,"23,62,38"
7866,"145,44,10"
7867,"49,23,24"
7868,"0,169,199"
7869,"3,200,21"
7870,"10,64,93"
7871,"23,24,49"
7872,"3,23,4"
7873,"10,40,234"
7874,"0,26,23"
7875,"23,40,38"
7876,"23,32,38"
7877,"10,64"
7878,"40,41,3"
7879,"169,199,170"
7880,"40,21,3"
7881,"3,0,10"
7882,"10,64,93"
7883,"24,145,181"
7884,"40,138,135"
7885,"0,169,199"
7886,"17,3,18"
7887,"3,147,523"
7888,"0,265,49"
7889,"32,23,31"
7890,"17,3,18"
7891,"0,211,216"
7892,"234,10,60"
7893,"0,8,235"
7894,"3,147,148"
7895,"3,13,10"
7896,"40,23,74"
7897,"170,171,169"
7898,"40,160,315"
7899,"3,17,21"
7900,"10,220,0"
7901,"23,26,31"
7902,"0,271,216"
7903,"0,26,231"
7904,"3,21,200"
7905,"3,21,199"
7906,"171,170,169"
7907,"3,21,199"
7908,"199,169"
7909,"169,38,23"
7910,"171,169,170"
7911,"38,23,40"
7912,"23,74,38"
7913,"199,169,0"
7914,"181,10,323"
7915,"3,4,21"
7916,"3,147,148"
7917,"24,23,181"
7918,"145,44,402"
7919,"169,199,251"
7920,"199,169,251"
7921,"220,10"
7922,"169,296,426"
7923,"10,448,64"
7924,"170,3,169"
7925,"23,38,74"
7926,"10,64,93"
7927,"23,38,24"
7928,"23,74,38"
7929,"40,131"
7930,"0,271"
7931,"3,200,21"
7932,"0,265,271"
7933,"3,21,148"
7934,"3,148,147"
7935,"169,199,223"
7936,"202,3,10"
7937,"0,8,206"
7938,"44,10,23"
7939,"3,15"
7940,"3,40,74"
7941,"32,23,31"
7942,"72,44,145"
7943,"431,135,40"
7944,"128,129,40"
7945,"23,31,38"
7946,"169,170,199"
7947,"23,24,38"
7948,"135,138,40"
7949,"10,145,24"
7950,"23,38,74"
7951,"3,17,21"
7952,"4,3,7"
7953,"40,131"
7954,"0,216,271"
7955,"160,40,315"
7956,"3,21,148"
7957,"145,10,40"
7958,"40,131,41"
7959,"0,265,23"
7960,"199,169,259"
7961,"0,169,216"
7962,"44,145,45"
7963,"4,3,7"
7964,"3,120,147"
7965,"3,21,13"
7966,"3,15"
7967,"3,21,200"
7968,"23,40,38"
7969,"3,170,169"
7970,"40,3,41"
7971,"40,135,10"
7972,"40,131,193"
7973,"3,21,148"
7974,"0,271"
7975,"23,26,38"
7976,"44,145,23"
7977,"44,145,23"
7978,"0,216,218"
7979,"40,250,128"
7980,"181,40,145"
7981,"38,23,10"
7982,"40,131,193"
7983,"40,41,74"
7984,"3,21,148"
7985,"40,131,134"
7986,"10,220"
7987,"40,129,128"
7988,"40,0,3"
7989,"220,10"
7990,"26,23,89"
7991,"23,24,38"
7992,"3,15,187"
7993,"10,0,11"
7994,"181,40,145"
7995,"199,169"
7996,"0,271,216"
7997,"3,21,200"
7998,"3,40,31"
7999,"26,231,23"
8000,"169,199,170"
8001,"74,40,23"
8002,"40,131"
8003,"3,111,148"
8004,"370,23,89"
8005,"170,17,169"
8006,"10,64"
8007,"3,15"
8008,"3,21,40"
8009,"231,26,23"
8010,"26,23,0"
8011,"275,3,111"
8012,"8,206,0"
8013,"49,23,24"
8014,"0,271,216"
8015,"0,271,8"
8016,"199,169"
8017,"3,21"
8018,"3,40,21"
8019,"44,145,45"
8020,"234,10,60"
8021,"3,21,148"
8022,"38,23,26"
8023,"40,3,131"
8024,"72,10,61"
8025,"40,123,3"
8026,"40,138,135"
8027,"10,11,220"
8028,"0,271,366"
8029,"3,4,435"
8030,"3,170,169"
8031,"169,170,199"
8032,"23,38,26"
8033,"17,3,18"
8034,"23,31,38"
8035,"3,21,40"
8036,"23,74,40"
8037,"40,146,145"
8038,"40,175,494"
8039,"10,64"
8040,"3,187,21"
8041,"169,0,296"
8042,"40,10,139"
8043,"0,271,218"
8044,"169,199,40"
8045,"220,10"
8046,"3,4,200"
8047,"3,13,21"
8048,"3,13,10"
8049,"32,31,169"
8050,"3,17,200"
8051,"23,26,350"
8052,"206,8,0"
8053,"202,3,169"
8054,"3,17,187"
8055,"44,145,10"
8056,"10,23,40"
8057,"23,38,169"
8058,"3,32,21"
8059,"23,38,74"
8060,"10,220"
8061,"10,220"
8062,"40,199,169"
8063,"128,40,130"
8064,"181,24,40"
8065,"169,170,0"
8066,"3,4,200"
8067,"3,200,21"
8068,"3,200,17"
8069,"402,145,40"
8070,"3,17,18"
8071,"72,44,10"
8072,"44,23,145"
8073,"40,135,138"
8074,"508,426,31"
8075,"23,38,71"
8076,"40,184,131"
8077,"10,239,13"
8078,"23,71,38"
8079,"3,21,200"
8080,"40,131,241"
8081,"24,43,23"
8082,"26,23,0"
8083,"40,131"
8084,"40,128,41"
8085,"40,128"
8086,"3,21,187"
8087,"0,279,216"
8088,"0,271,265"
8089,"0,8,23"
8090,"0,216,313"
8091,"3,200,66"
8092,"44,10,145"
8093,"220,10"
8094,"169,199,171"
8095,"199,169,3"
8096,"40,131"
8097,"3,4,148"
8098,"10,220,0"
8099,"145,44,220"
8100,"38,23,82"
8101,"170,171,169"
8102,"23,26,38"
8103,"3,4,21"
8104,"3,4,200"
8105,"3,21,148"
8106,"145,402,40"
8107,"3,21,40"
8108,"3,15,200"
8109,"0,271"
8110,"3,147,148"
8111,"24,23,43"
8112,"31,40,10"
8113,"3,4,200"
8114,"40,250,128"
8115,"23,40,74"
8116,"3,147,148"
8117,"220,10"
8118,"3,147,148"
8119,"38,23,0"
8120,"23,26,231"
8121,"23,24,43"
8122,"15,3"
8123,"23,74,38"
8124,"169,296,306"
8125,"199,169,170"
8126,"10,11,44"
8127,"44,145,73"
8128,"10,23,24"
8129,"40,184,131"
8130,"23,38,74"
8131,"0,265,216"
8132,"32,31,23"
8133,"40,3,148"
8134,"220,10"
8135,"0,218,216"
8136,"296,169,306"
8137,"3,15,148"
8138,"3,21,200"
8139,"10,220"
8140,"23,38,74"
8141,"3,21,40"
8142,"44,145,23"
8143,"199,169,10"
8144,"296,169"
8145,"40,160,131"
8146,"3,17,40"
8147,"3,21,200"
8148,"3,4"
8149,"0,26,8"
8150,"296,169"
8151,"0,235,8"
8152,"160,40,315"
8153,"23,72,44"
8154,"0,271,216"
8155,"3,21,40"
8156,"0,313,346"
8157,"23,38,40"
8158,"0,8"
8159,"40,38,23"
8160,"40,128,41"
8161,"40,184,23"
8162,"3,187,199"
8163,"3,147,148"
8164,"23,38,24"
8165,"40,184,3"
8166,"24,23,43"
8167,"3,21,148"
8168,"3,4,200"
8169,"3,21,148"
8170,"0,216,26"
8171,"23,38,44"
8172,"169,199,170"
8173,"26,89,23"
8174,"0,216,271"
8175,"0,271,216"
8176,"40,131,128"
8177,"3,23,4"
8178,"0,265,271"
8179,"3,4"
8180,"169,170,199"
8181,"40,131"
8182,"40,3,241"
8183,"23,38,24"
8184,"40,131,159"
8185,"402,220,10"
8186,"199,169,3"
8187,"3,68,21"
8188,"3,40,21"
8189,"199,169,10"
8190,"31,23,40"
8191,"40,128,186"
8192,"3,15,148"
8193,"40,181,145"
8194,"3,148,147"
8195,"38,23,137"
8196,"145,40,402"
8197,"3,148,200"
8198,"38,23,74"
8199,"93,10,64"
8200,"220,10"
8201,"0,211,212"
8202,"3,206,17"
8203,"3,170,169"
8204,"38,23,26"
8205,"0,8,206"
8206,"23,26,38"
8207,"0,271,216"
8208,"40,131,23"
8209,"199,169,145"
8210,"0,8,271"
8211,"10,40,145"
8212,"38,74,250"
8213,"0,235,8"
8214,"23,38,309"
8215,"0,271,216"
8216,"10,220"
8217,"3,17,18"
8218,"4,3,7"
8219,"49,23,24"
8220,"3,21,148"
8221,"49,23,24"
8222,"23,10,40"
8223,"3,21,200"
8224,"23,24,49"
8225,"49,169,170"
8226,"23,40,38"
8227,"40,128,3"
8228,"0,26,23"
8229,"23,31,296"
8230,"3,21"
8231,"0,271"
8232,"23,74,165"
8233,"24,23,43"
8234,"3,23,21"
8235,"38,23,309"
8236,"23,38,74"
8237,"3,202,21"
8238,"3,0,17"
8239,"0,216,357"
8240,"0,271"
8241,"181,43,24"
8242,"4,3"
8243,"40,131"
8244,"315,160,40"
8245,"40,145,131"
8246,"234,10,60"
8247,"23,38,44"
8248,"3,4"
8249,"0,211,216"
8250,"32,23,31"
8251,"169,199,170"
8252,"0,216,271"
8253,"0,206,8"
8254,"10,64,44"
8255,"10,239,60"
8256,"10,239,64"
8257,"3,0,21"
8258,"24,49,239"
8259,"40,131,134"
8260,"181,40,145"
8261,"10,24,64"
8262,"10,23,24"
8263,"3,187,21"
8264,"0,370,216"
8265,"199,169"
8266,"3,48,4"
8267,"10,24,23"
8268,"199,169,431"
8269,"23,38,74"
8270,"0,211,216"
8271,"170,3,169"
8272,"169,199,170"
8273,"0,23,38"
8274,"3,4"
8275,"24,23,10"
8276,"38,23,74"
8277,"3,40,128"
8278,"3,148,147"
8279,"32,23,31"
8280,"220,10"
8281,"40,131,199"
8282,"3,15"
8283,"296,169,123"
8284,"0,216,271"
8285,"40,131,134"
8286,"160,40,315"
8287,"3,21,200"
8288,"3,199,21"
8289,"4,3,7"
8290,"23,24,38"
8291,"10,220,40"
8292,"10,64,220"
8293,"40,184,131"
8294,"49,24,23"
8295,"206,8,0"
8296,"169,199,170"
8297,"3,15,4"
8298,"40,131,134"
8299,"3,4,435"
8300,"169,199,0"
8301,"169,0,170"
8302,"3,148,147"
8303,"62,23,24"
8304,"26,23,89"
8305,"3,21,148"
8306,"3,4,17"
8307,"0,8,206"
8308,"3,5,133"
8309,"40,41,3"
8310,"3,40,21"
8311,"0,216,313"
8312,"10,64,40"
8313,"38,23,74"
8314,"0,23,216"
8315,"3,21,200"
8316,"0,271,216"
8317,"3,21,40"
8318,"40,199,169"
8319,"49,23,24"
8320,"169,170"
8321,"224,3,41"
8322,"24,23,43"
8323,"24,23,43"
8324,"10,145,64"
8325,"10,64"
8326,"199,169,251"
8327,"40,128,129"
8328,"23,74,38"
8329,"508,426,169"
8330,"10,220"
8331,"3,4,21"
8332,"10,145,24"
8333,"72,44,10"
8334,"3,4,147"
8335,"3,17,21"
8336,"3,21,187"
8337,"40,38,250"
8338,"21,3,40"
8339,"160,40,315"
8340,"10,17,3"
8341,"3,40,21"
8342,"3,4"
8343,"0,8,235"
8344,"10,64,93"
8345,"0,23,26"
8346,"3,21,40"
8347,"40,41,286"
8348,"40,23,31"
8349,"23,74,38"
8350,"62,23,24"
8351,"10,11,69"
8352,"10,220,44"
8353,"26,23,103"
8354,"10,145,44"
8355,"23,74,40"
8356,"93,10,64"
8357,"3,4"
8358,"23,38,74"
8359,"10,220,145"
8360,"23,38,24"
8361,"199,169"
8362,"170,169,171"
8363,"0,40,346"
8364,"184,74,23"
8365,"0,271,216"
8366,"3,4,435"
8367,"32,23,31"
8368,"10,11,69"
8369,"3,15,148"
8370,"63,38,23"
8371,"0,23,26"
8372,"199,169,40"
8373,"40,193,23"
8374,"40,315,160"
8375,"17,18,3"
8376,"11,205,10"
8377,"0,313,346"
8378,"3,15"
8379,"10,11"
8380,"23,71,24"
8381,"40,3,41"
8382,"0,3,128"
8383,"23,74,38"
8384,"44,23,145"
8385,"0,8,216"
8386,"3,187,199"
8387,"402,145,10"
8388,"3,21,199"
8389,"220,10"
8390,"3,123,111"
8391,"160,40,315"
8392,"3,21,187"
8393,"3,21,200"
8394,"32,31,23"
8395,"3,199,187"
8396,"0,10,265"
8397,"44,145,45"
8398,"170,171,169"
8399,"31,40,23"
8400,"10,11,69"
8401,"40,23,131"
8402,"3,4,148"
8403,"3,169,199"
8404,"199,169,170"
8405,"199,169,38"
8406,"23,38,26"
8407,"44,145,23"
8408,"3,17,147"
8409,"3,40,148"
8410,"23,74,38"
8411,"26,23,0"
8412,"220,10,31"
8413,"38,23,44"
8414,"10,64,93"
8415,"10,44,220"
8416,"0,10,23"
8417,"10,64,93"
8418,"3,15,275"
8419,"23,38,74"
8420,"0,271"
8421,"10,64"
8422,"26,23,38"
8423,"138,169,135"
8424,"40,131,134"
8425,"40,131,134"
8426,"23,38,24"
8427,"26,231,0"
8428,"24,23,71"
8429,"40,402,145"
8430,"40,3,21"
8431,"199,169,170"
8432,"0,271,216"
8433,"10,64,448"
8434,"10,11,69"
8435,"3,21,148"
8436,"3,21,148"
8437,"0,265,216"
8438,"48,38,23"
8439,"3,200,21"
8440,"40,128,23"
8441,"3,17,18"
8442,"0,8,206"
8443,"3,17,21"
8444,"23,38,74"
8445,"48,38,23"
8446,"199,169"
8447,"10,44,145"
8448,"0,271"
8449,"3,4,5"
8450,"0,8,216"
8451,"48,23,38"
8452,"3,148,147"
8453,"0,216,26"
8454,"128,40,130"
8455,"38,10,23"
8456,"38,23,10"
8457,"3,21,40"
8458,"169,426,199"
8459,"0,265,271"
8460,"0,216,271"
8461,"0,346,313"
8462,"38,23"
8463,"38,23,145"
8464,"40,3,21"
8465,"40,160,315"
8466,"169,199,0"
8467,"40,224,41"
8468,"23,40,193"
8469,"72,44,145"
8470,"3,17,18"
8471,"0,1,211"
8472,"199,169,431"
8473,"10,64,93"
8474,"169,199,170"
8475,"0,8,206"
8476,"0,216,313"
8477,"24,23,43"
8478,"10,220"
8479,"508,169,426"
8480,"3,15"
8481,"220,10"
8482,"129,128,0"
8483,"10,220"
8484,"199,169"
8485,"220,10"
8486,"3,21,40"
8487,"199,169,40"
8488,"3,74,23"
8489,"10,44,64"
8490,"169,199,170"
8491,"40,128"
8492,"229,10,230"
8493,"3,49,21"
8494,"23,40,10"
8495,"23,24,38"
8496,"0,271,216"
8497,"181,145,40"
8498,"10,64"
8499,"169,170,296"
8500,"199,169,71"
8501,"3,28,330"
8502,"8,0,206"
8503,"10,23,31"
8504,"169,170,3"
8505,"10,239,60"
8506,"3,40,21"
8507,"199,169"
8508,"10,44,72"
8509,"160,40,315"
8510,"38,23,137"
8511,"199,169,181"
8512,"40,131,3"
8513,"3,21,200"
8514,"8,0,169"
8515,"17,3,18"
8516,"169,170,337"
8517,"199,169,251"
8518,"0,271,216"
8519,"44,23,145"
8520,"199,169"
8521,"3,147,148"
8522,"26,23,38"
8523,"0,40,216"
8524,"40,135,23"
8525,"234,3,60"
8526,"23,38,26"
8527,"72,44,10"
8528,"3,111,112"
8529,"40,131,241"
8530,"169,199,0"
8531,"23,24,10"
8532,"3,148,62"
8533,"3,4,17"
8534,"220,10"
8535,"3,21,148"
8536,"44,145,73"
8537,"23,38,26"
8538,"23,10,24"
8539,"0,218,8"
8540,"3,21,148"
8541,"138,169,135"
8542,"40,31,131"
8543,"40,3,21"
8544,"220,10"
8545,"3,21,148"
8546,"0,216,255"
8547,"187,3,21"
8548,"40,146,145"
8549,"0,8,26"
8550,"40,315,160"
8551,"0,211,216"
8552,"10,0,11"
8553,"3,17,21"
8554,"3,21,200"
8555,"3,21,148"
8556,"3,21,111"
8557,"169,0,337"
8558,"38,23,74"
8559,"220,10"
8560,"10,64,65"
8561,"10,11,221"
8562,"10,64,44"
8563,"26,231,23"
8564,"44,10,145"
8565,"0,8,313"
8566,"402,145,40"
8567,"170,169,199"
8568,"169,199,251"
8569,"40,131"
8570,"3,21,200"
8571,"3,21,148"
8572,"10,220"
8573,"199,169"
8574,"0,271,216"
8575,"3,111,123"
8576,"220,10"
8577,"3,225,156"
8578,"431,199,40"
8579,"24,23,43"
8580,"3,200,21"
8581,"38,23,39"
8582,"23,74,24"
8583,"3,68,21"
8584,"26,0,231"
8585,"128,40,129"
8586,"3,21,28"
8587,"23,24,49"
8588,"44,145,10"
8589,"23,38,32"
8590,"10,40,17"
8591,"10,40,220"
8592,"23,24,43"
8593,"169,170,171"
8594,"220,10,38"
8595,"169,40,199"
8596,"10,64,93"
8597,"0,271,216"
8598,"199,169,431"
8599,"15,3,16"
8600,"40,128,131"
8601,"10,64,448"
8602,"170,169,199"
8603,"40,3,21"
8604,"40,131,112"
8605,"3,187,199"
8606,"3,111,112"
8607,"11,10,69"
8608,"169,170,296"
8609,"169,170"
8610,"3,21,187"
8611,"118,74,23"
8612,"145,44,40"
8613,"11,10,69"
8614,"0,271,366"
8615,"38,23,309"
8616,"0,271"
8617,"10,239,24"
8618,"3,187,21"
8619,"181,40,145"
8620,"40,3,21"
8621,"3,21,148"
8622,"3,17,0"
8623,"199,169"
8624,"17,3,18"
8625,"40,131"
8626,"10,220"
8627,"23,71,38"
8628,"40,135,315"
8629,"23,24,40"
8630,"3,4,200"
8631,"169,3,199"
8632,"26,350,0"
8633,"296,169,0"
8634,"40,41,21"
8635,"3,21,200"
8636,"24,23,43"
8637,"3,15,147"
8638,"40,250,131"
8639,"3,147,148"
8640,"23,40,38"
8641,"40,128,41"
8642,"40,131,134"
8643,"26,0,89"
8644,"72,44,145"
8645,"0,3,17"
8646,"3,40,21"
8647,"23,31,38"
8648,"40,160,128"
8649,"3,148,200"
8650,"3,21,200"
8651,"0,265,10"
8652,"0,211,216"
8653,"40,128,131"
8654,"160,169,199"
8655,"10,25,23"
8656,"3,21,200"
8657,"40,131,3"
8658,"49,23,24"
8659,"49,23,24"
8660,"128,40,130"
8661,"0,271"
8662,"72,44,10"
8663,"40,131"
8664,"44,145,10"
8665,"40,131"
8666,"0,271,216"
8667,"0,169,170"
8668,"4,3,7"
8669,"0,26,271"
8670,"3,15,147"
8671,"0,211,216"
8672,"220,10"
8673,"0,279,216"
8674,"40,250,135"
8675,"3,4,200"
8676,"10,64,11"
8677,"3,21,147"
8678,"169,199,170"
8679,"49,23,38"
8680,"199,169"
8681,"0,8,206"
8682,"3,187,21"
8683,"3,148,147"
8684,"169,199"
8685,"3,523,200"
8686,"199,169,431"
8687,"23,24,43"
8688,"24,10,49"
8689,"8,0,206"
8690,"199,169,170"
8691,"3,21,187"
8692,"40,41,21"
8693,"3,21,40"
8694,"10,64"
8695,"40,138,135"
8696,"10,64,448"
8697,"181,10,145"
8698,"220,10"
8699,"0,8,235"
8700,"169,199,0"
8701,"10,64"
8702,"147,23,156"
8703,"3,147,148"
8704,"199,169,0"
8705,"23,24,43"
8706,"40,135,3"
8707,"38,23,40"
8708,"23,38,26"
8709,"38,23,24"
8710,"23,38,31"
8711,"129,128,239"
8712,"0,26,271"
8713,"40,23,74"
8714,"10,145,220"
8715,"170,171,169"
8716,"40,41,3"
8717,"40,128,3"
8718,"10,64,93"
8719,"3,21,0"
8720,"0,271,216"
8721,"3,4,200"
8722,"3,21,200"
8723,"32,31,23"
8724,"135,40,298"
8725,"145,10,40"
8726,"10,64,40"
8727,"49,23,24"
8728,"23,74,38"
8729,"3,17,18"
8730,"40,131,134"
8731,"0,271,216"
8732,"44,145,40"
8733,"138,135,169"
8734,"3,40,123"
8735,"40,250,128"
8736,"3,21,200"
8737,"24,23,145"
8738,"145,44,40"
8739,"38,23,169"
8740,"23,49,24"
8741,"23,26,38"
8742,"3,275,200"
8743,"169,199,170"
8744,"220,10"
8745,"0,271,216"
8746,"40,145,128"
8747,"3,21,17"
8748,"169,296,0"
8749,"0,26,271"
8750,"0,218,255"
8751,"0,271,216"
8752,"40,145,146"
8753,"0,271,8"
8754,"10,44,72"
8755,"40,128,10"
8756,"0,265,216"
8757,"220,10"
8758,"0,10,220"
8759,"154,3,23"
8760,"3,111,123"
8761,"40,0,38"
8762,"199,169,223"
8763,"138,40,135"
8764,"3,15,4"
8765,"0,271,216"
8766,"32,31,23"
8767,"23,71,74"
8768,"10,11"
8769,"23,40,193"
8770,"0,271"
8771,"220,10"
8772,"23,26,38"
8773,"10,220,145"
8774,"40,131,128"
8775,"10,64,93"
8776,"3,40,21"
8777,"0,3,26"
8778,"24,23,43"
8779,"3,21,40"
8780,"135,295,40"
8781,"0,8,271"
8782,"40,131,145"
8783,"199,169"
8784,"199,169"
8785,"10,64,448"
8786,"145,44,402"
8787,"24,43,181"
8788,"3,148,21"
8789,"23,74,38"
8790,"10,220"
8791,"220,10"
8792,"0,26,23"
8793,"23,10,38"
8794,"3,169,199"
8795,"3,21,28"
8796,"0,271,26"
8797,"3,21,13"
8798,"10,64,93"
8799,"3,21,200"
8800,"40,128,186"
8801,"0,8,206"
8802,"32,23,31"
8803,"10,220,0"
8804,"32,23,181"
8805,"0,216,271"
8806,"72,44,145"
8807,"49,23,24"
8808,"3,21,111"
8809,"32,23,31"
8810,"26,0,350"
8811,"3,40,21"
8812,"10,64,239"
8813,"0,1,2"
8814,"118,23,74"
8815,"3,21,200"
8816,"3,21,200"
8817,"3,21,200"
8818,"169,0,170"
8819,"23,38,26"
8820,"23,40,131"
8821,"0,271,216"
8822,"169,199,251"
8823,"0,216,271"
8824,"0,271,402"
8825,"23,38,74"
8826,"3,15,200"
8827,"199,169,431"
8828,"3,21,148"
8829,"0,8,216"
8830,"0,271,8"
8831,"3,17,18"
8832,"40,145,44"
8833,"3,13,10"
8834,"3,21,200"
8835,"0,8,235"
8836,"0,10,220"
8837,"170,169,171"
8838,"23,74,38"
8839,"0,271,313"
8840,"3,21,200"
8841,"40,128"
8842,"23,74,38"
8843,"3,21,40"
8844,"49,23,24"
8845,"3,21,40"
8846,"169,199,251"
8847,"3,40,21"
8848,"146,40,145"
8849,"40,146,145"
8850,"10,64,448"
8851,"40,131,128"
8852,"220,10"
8853,"199,169"
8854,"199,169"
8855,"40,131"
8856,"10,220,145"
8857,"145,40,44"
8858,"10,220"
8859,"0,26,10"
8860,"23,38,26"
8861,"169,0,199"
8862,"4,3"
8863,"10,64"
8864,"23,84,74"
8865,"181,40,60"
8866,"169,170,199"
8867,"169,3,0"
8868,"32,23,31"
8869,"3,21,187"
8870,"23,24,38"
8871,"199,169,251"
8872,"72,44,10"
8873,"3,4"
8874,"402,145,40"
8875,"40,131,134"
8876,"3,21,200"
8877,"0,26,23"
8878,"206,8,0"
8879,"170,169,171"
8880,"3,21,40"
8881,"10,0,11"
8882,"0,169,170"
8883,"145,44,10"
8884,"4,3,7"
8885,"40,131,135"
8886,"3,15,148"
8887,"220,10"
8888,"38,23"
8889,"3,0,4"
8890,"402,145,40"
8891,"170,169,171"
8892,"169,199,0"
8893,"3,187,34"
8894,"0,10,11"
8895,"3,21,200"
8896,"0,271,216"
8897,"3,15,148"
8898,"220,10"
8899,"3,148,147"
8900,"0,206,8"
8901,"199,169,251"
8902,"40,41,250"
8903,"38,23,74"
8904,"44,45,145"
8905,"3,147,148"
8906,"4,3,7"
8907,"40,131,134"
8908,"3,40,100"
8909,"40,186,128"
8910,"32,23,31"
8911,"23,71,38"
8912,"3,188,4"
8913,"169,199,170"
8914,"3,147,148"
8915,"40,250,128"
8916,"40,494,184"
8917,"40,131"
8918,"145,44,402"
8919,"3,148,147"
8920,"23,74,38"
8921,"169,170,199"
8922,"23,38,24"
8923,"3,5,6"
8924,"0,8,235"
8925,"31,10,328"
8926,"40,128,129"
8927,"10,93,64"
8928,"3,21,40"
8929,"3,15,200"
8930,"72,44,145"
8931,"169,296,170"
8932,"72,61,145"
8933,"10,24,145"
8934,"367,0,100"
8935,"231,26,0"
8936,"3,147,148"
8937,"49,23,24"
8938,"0,8,216"
8939,"199,169"
8940,"10,23,3"
8941,"3,21,40"
8942,"169,199"
8943,"220,10"
8944,"0,218,8"
8945,"169,199,26"
8946,"235,0,8"
8947,"23,38,26"
8948,"181,40,10"
8949,"10,220"
8950,"3,148,147"
8951,"40,131,23"
8952,"10,40,3"
8953,"169,23,38"
8954,"10,93,64"
8955,"169,138,135"
8956,"145,40,402"
8957,"170,171,169"
8958,"3,21,40"
8959,"128,40,130"
8960,"220,10"
8961,"23,74,38"
8962,"224,41,40"
8963,"23,24,74"
8964,"145,44,40"
8965,"38,23,24"
8966,"3,4,200"
8967,"3,200,21"
8968,"3,4"
8969,"3,21,200"
8970,"3,15,200"
8971,"40,309,250"
8972,"3,21,17"
8973,"0,216,218"
8974,"160,315,40"
8975,"3,148,147"
8976,"3,169,199"
8977,"40,131,134"
8978,"44,145,10"
8979,"10,64,448"
8980,"220,10"
8981,"3,21,200"
8982,"40,145,44"
8983,"3,147,148"
8984,"169,170,337"
8985,"0,10,216"
8986,"0,370,23"
8987,"199,169,26"
8988,"38,23,26"
8989,"171,170,169"
8990,"147,3,148"
8991,"315,160,40"
8992,"145,44,402"
8993,"38,23,74"
8994,"38,23"
8995,"44,145,10"
8996,"24,23,43"
8997,"40,128,186"
8998,"40,181,145"
8999,"3,4"
9000,"3,123,111"
9001,"199,169"
9002,"10,220"
9003,"40,145,44"
9004,"10,220"
9005,"40,135,138"
9006,"10,64,24"
9007,"3,4,148"
9008,"23,40,38"
9009,"4,3"
9010,"0,271,218"
9011,"23,26,38"
9012,"10,11,69"
9013,"220,10"
9014,"10,220"
9015,"10,220,0"
9016,"3,21,40"
9017,"3,21,200"
9018,"10,11,220"
9019,"10,11,44"
9020,"23,26,71"
9021,"40,41,250"
9022,"3,5,21"
9023,"199,169"
9024,"0,216,211"
9025,"0,271,218"
9026,"3,17,21"
9027,"3,21,17"
9028,"181,40,145"
9029,"10,72,145"
9030,"10,13,220"
9031,"48,38,309"
9032,"40,131,135"
9033,"10,220"
9034,"3,148,147"
9035,"0,216,229"
9036,"3,17,21"
9037,"10,93,64"
9038,"169,170,296"
9039,"3,147,148"
9040,"0,271,216"
9041,"49,23,24"
9042,"160,40,315"
9043,"23,26,38"
9044,"3,21,200"
9045,"0,271,216"
9046,"3,187,21"
9047,"10,64,93"
9048,"10,64"
9049,"3,21,200"
9050,"220,10"
9051,"0,366,216"
9052,"3,21,301"
9053,"3,200,4"
9054,"220,10"
9055,"3,21,17"
9056,"3,40,41"
9057,"24,23,10"
9058,"40,41,128"
9059,"32,31,23"
9060,"0,8,235"
9061,"23,24,38"
9062,"40,128,41"
9063,"23,10,44"
9064,"3,21,200"
9065,"40,23,74"
9066,"169,199,40"
9067,"23,74,118"
9068,"17,3,18"
9069,"3,10,4"
9070,"220,10"
9071,"23,38,74"
9072,"145,44,23"
9073,"199,169"
9074,"199,169"
9075,"0,271"
9076,"10,64,11"
9077,"169,229,0"
9078,"40,135,138"
9079,"15,3"
9080,"0,265,218"
9081,"40,175,128"
9082,"10,64,448"
9083,"38,23,0"
9084,"40,199,431"
9085,"3,4,21"
9086,"199,169,3"
9087,"0,206,8"
9088,"0,218,457"
9089,"3,15,16"
9090,"10,220,40"
9091,"199,169,431"
9092,"199,169"
9093,"206,8,0"
9094,"169,170,199"
9095,"3,15,16"
9096,"169,199,170"
9097,"24,10,23"
9098,"3,21,200"
9099,"3,4"
9100,"23,49,24"
9101,"10,23,38"
9102,"181,40,145"
9103,"40,3,128"
9104,"38,23,74"
9105,"40,41,23"
9106,"10,220"
9107,"10,11,234"
9108,"0,10,11"
9109,"145,44,10"
9110,"40,10,131"
9111,"3,21,0"
9112,"40,315,160"
9113,"220,10"
9114,"199,169"
9115,"72,10,44"
9116,"3,21,200"
9117,"71,44,145"
9118,"74,23,165"
9119,"23,74,38"
9120,"40,128,129"
9121,"3,4,28"
9122,"3,202,21"
9123,"0,216,279"
9124,"220,10"
9125,"169,0,199"
9126,"3,21,200"
9127,"10,11,69"
9128,"0,216,271"
9129,"23,74"
9130,"3,111,123"
9131,"10,11,221"
9132,"3,200,21"
9133,"23,24,105"
9134,"38,23,250"
9135,"10,145,402"
9136,"10,181,40"
9137,"40,135,169"
9138,"32,31,23"
9139,"10,234,11"
9140,"44,145,73"
9141,"128,40,130"
9142,"220,10"
9143,"3,147,148"
9144,"169,170,199"
9145,"32,23,31"
9146,"40,128,129"
9147,"49,3,21"
9148,"0,229,421"
9149,"26,0,23"
9150,"169,199"
9151,"181,10,24"
9152,"3,200,17"
9153,"10,220,44"
9154,"296,169"
9155,"187,3,21"
9156,"3,4"
9157,"38,23,137"
9158,"220,10"
9159,"3,0,218"
9160,"169,296,426"
9161,"40,41,128"
9162,"26,89,23"
9163,"170,171,169"
9164,"10,93,64"
9165,"10,64,448"
9166,"0,271,213"
9167,"40,41,3"
9168,"4,3,7"
9169,"10,23,64"
9170,"0,271,216"
9171,"23,118,231"
9172,"169,199"
9173,"26,23,231"
9174,"10,72,44"
9175,"3,21,200"
9176,"8,206,0"
9177,"10,64"
9178,"40,431,199"
9179,"24,43,23"
9180,"10,64"
9181,"3,40,21"
9182,"220,10"
9183,"3,4,200"
9184,"72,44,10"
9185,"169,145,23"
9186,"128,40,129"
9187,"8,206,0"
9188,"17,3,18"
9189,"23,38,74"
9190,"199,145,181"
9191,"10,64"
9192,"145,71,10"
9193,"40,0,93"
9194,"40,135,160"
9195,"23,38,93"
9196,"199,3,169"
9197,"199,169,223"
9198,"169,170,0"
9199,"0,8,235"
9200,"3,21,40"
9201,"220,10"
9202,"3,17,200"
9203,"23,38,44"
9204,"202,10,3"
9205,"199,169"
9206,"21,3,40"
9207,"40,131"
9208,"0,271"
9209,"128,40,129"
9210,"169,40,170"
9211,"23,26,38"
9212,"145,10,40"
9213,"3,5,200"
9214,"40,146,3"
9215,"10,23,220"
9216,"15,3,16"
9217,"0,271,216"
9218,"3,111,123"
9219,"220,10"
9220,"145,44,402"
9221,"23,24,370"
9222,"23,26,38"
9223,"10,64,93"
9224,"3,21,17"
9225,"3,53,287"
9226,"10,64,448"
9227,"0,169,216"
9228,"181,40,10"
9229,"0,216,3"
9230,"169,170,199"
9231,"23,71,24"
9232,"3,21,187"
9233,"10,24,0"
9234,"160,40,315"
9235,"40,160,315"
9236,"38,23,0"
9237,"3,40,21"
9238,"206,0,8"
9239,"296,169"
9240,"32,31,23"
9241,"40,3,128"
9242,"10,23,38"
9243,"0,26,8"
9244,"3,21,148"
9245,"40,135,23"
9246,"128,40,130"
9247,"0,216,357"
9248,"123,296,169"
9249,"0,235,8"
9250,"40,131,128"
9251,"10,64,40"
9252,"10,64,448"
9253,"3,21,48"
9254,"0,271,216"
9255,"169,199,251"
9256,"23,74,38"
9257,"0,271,26"
9258,"3,147,148"
9259,"199,169"
9260,"199,169,181"
9261,"74,23,118"
9262,"135,236,40"
9263,"10,220,40"
9264,"3,21,169"
9265,"23,38,74"
9266,"3,4"
9267,"0,271,26"
9268,"3,28,330"
9269,"170,171,169"
9270,"0,271,216"
9271,"40,128,129"
9272,"10,11,220"
9273,"202,3,111"
9274,"3,200,111"
9275,"38,23,74"
9276,"62,23,24"
9277,"38,23,74"
9278,"3,21,148"
9279,"3,148,147"
9280,"10,93,64"
9281,"3,21,200"
9282,"3,148,147"
9283,"44,145,45"
9284,"169,170"
9285,"220,10"
9286,"84,23,74"
9287,"23,38,0"
9288,"199,169,3"
9289,"23,10,38"
9290,"23,26,89"
9291,"220,10"
9292,"135,40,10"
9293,"3,21,133"
9294,"0,10,11"
9295,"0,218,313"
9296,"3,21"
9297,"40,128,41"
9298,"0,216,271"
9299,"38,40,23"
9300,"23,38,345"
9301,"23,38,74"
9302,"44,10,145"
9303,"0,10,265"
9304,"3,21,187"
9305,"169,199"
9306,"40,250,135"
9307,"10,0,23"
9308,"10,11,69"
9309,"4,3,7"
9310,"10,64,93"
9311,"10,64,93"
9312,"3,21,200"
9313,"0,26,23"
9314,"10,64,23"
9315,"23,74,40"
9316,"3,21,13"
9317,"3,5,133"
9318,"3,4"
9319,"3,188,15"
9320,"38,23,26"
9321,"23,38,74"
9322,"49,23,24"
9323,"199,169,181"
9324,"40,41,286"
9325,"0,271,216"
9326,"199,169,251"
9327,"40,131,128"
9328,"220,10"
9329,"38,23,0"
9330,"3,170,169"
9331,"3,147,148"
9332,"40,41,139"
9333,"23,38,74"
9334,"3,4,40"
9335,"49,23,24"
9336,"3,4"
9337,"3,41,111"
9338,"40,160,41"
9339,"10,3,64"
9340,"10,199,60"
9341,"199,169,431"
9342,"10,64,11"
9343,"118,74,23"
9344,"23,74,38"
9345,"3,21,200"
9346,"23,74,38"
9347,"0,271,216"
9348,"145,44,40"
9349,"0,216,271"
9350,"0,3,169"
9351,"169,170,199"
9352,"3,147,148"
9353,"10,64,24"
9354,"23,26,231"
9355,"4,3,7"
9356,"170,171,169"
9357,"3,199,169"
9358,"199,431,169"
9359,"199,169,223"
9360,"3,21,40"
9361,"206,8,0"
9362,"170,171,169"
9363,"3,111,148"
9364,"169,199,170"
9365,"3,21,200"
9366,"24,23,43"
9367,"199,169,170"
9368,"38,26,23"
9369,"3,13,200"
9370,"3,21,148"
9371,"3,4"
9372,"3,147,148"
9373,"3,169,170"
9374,"40,160,315"
9375,"220,10"
9376,"0,23,26"
9377,"10,64,448"
9378,"10,24,23"
9379,"0,216,257"
9380,"3,40,135"
9381,"0,8"
9382,"3,40,287"
9383,"23,118,74"
9384,"206,8,0"
9385,"181,145,40"
9386,"0,216,271"
9387,"206,8,0"
9388,"40,160,128"
9389,"40,184,131"
9390,"0,206,8"
9391,"40,128,74"
9392,"3,147,148"
9393,"0,271,313"
9394,"0,218,271"
9395,"296,169"
9396,"3,129,128"
9397,"0,216,271"
9398,"23,24,43"
9399,"3,147,148"
9400,"23,3,74"
9401,"40,128,129"
9402,"0,216,169"
9403,"40,160,315"
9404,"199,169,181"
9405,"40,131,41"
9406,"10,93,64"
9407,"3,21,200"
9408,"3,147,148"
9409,"23,60,145"
9410,"128,40,130"
9411,"40,3,41"
9412,"234,10,23"
9413,"231,26,23"
9414,"44,145,10"
9415,"23,49,24"
9416,"23,38,26"
9417,"4,3"
9418,"40,10,23"
9419,"49,23,24"
9420,"3,148,200"
9421,"169,199,0"
9422,"169,199,170"
9423,"40,3,21"
9424,"3,21,13"
9425,"3,17,18"
9426,"3,4"
9427,"10,145,220"
9428,"17,3,18"
9429,"199,169,251"
9430,"72,44,145"
9431,"0,218,216"
9432,"3,4"
9433,"3,21,200"
9434,"0,26,350"
9435,"15,3,16"
9436,"220,10"
9437,"3,21,148"
9438,"199,169,10"
9439,"40,199,431"
9440,"40,131"
9441,"40,3,21"
9442,"3,40,21"
9443,"0,271,216"
9444,"23,74,38"
9445,"23,26,44"
9446,"26,0,231"
9447,"3,199,187"
9448,"145,402,40"
9449,"3,21,40"
9450,"3,21,200"
9451,"0,216,271"
9452,"0,8,206"
9453,"23,71,24"
9454,"10,93,64"
9455,"26,0,23"
9456,"0,216,271"
9457,"3,40,21"
9458,"26,23,0"
9459,"169,426,199"
9460,"23,38,74"
9461,"0,8,391"
9462,"3,170,169"
9463,"3,21,200"
9464,"0,8,235"
9465,"40,138,135"
9466,"23,31,169"
9467,"23,26,38"
9468,"40,23,135"
9469,"181,24,23"
9470,"40,169,199"
9471,"3,147,148"
9472,"23,0,31"
9473,"145,44,40"
9474,"169,199,170"
9475,"40,131"
9476,"188,3,148"
9477,"220,10"
9478,"10,64,24"
9479,"23,74,38"
9480,"402,220,145"
9481,"170,169,171"
9482,"10,64"
9483,"0,216,370"
9484,"38,23,40"
9485,"3,147,148"
9486,"40,41,3"
9487,"23,38,74"
9488,"0,216,271"
9489,"3,17,21"
9490,"3,199,21"
9491,"206,8,0"
9492,"15,3"
9493,"0,211,212"
9494,"0,206,8"
9495,"23,26,38"
9496,"3,147,148"
9497,"10,64"
9498,"40,128,129"
9499,"3,4,200"
9500,"296,169,333"
9501,"40,160,315"
9502,"23,74,38"
9503,"10,220"
9504,"220,10"
9505,"40,131,41"
9506,"0,206,8"
9507,"0,235,8"
9508,"40,160,128"
9509,"199,169"
9510,"10,44,145"
9511,"0,271,218"
9512,"3,21,5"
9513,"11,10,69"
9514,"169,199,296"
9515,"74,23,40"
9516,"169,199,170"
9517,"3,21,40"
9518,"38,23,40"
9519,"3,21,199"
9520,"32,31,23"
9521,"169,199,170"
9522,"40,131,135"
9523,"169,199,251"
9524,"40,41,21"
9525,"40,10,44"
9526,"0,8,218"
9527,"0,216,169"
9528,"40,41,21"
9529,"3,21,40"
9530,"3,4"
9531,"89,26,10"
9532,"10,64"
9533,"0,279,211"
9534,"17,3,18"
9535,"0,216,271"
9536,"23,38,26"
9537,"3,21,187"
9538,"10,11,69"
9539,"0,206,3"
9540,"3,21,200"
9541,"23,24,44"
9542,"0,271"
9543,"169,31,170"
9544,"220,10"
9545,"3,21,48"
9546,"40,128,129"
9547,"23,24,38"
9548,"38,23,74"
9549,"129,128,40"
9550,"3,21,40"
9551,"0,216,211"
9552,"0,216,370"
9553,"3,147,148"
9554,"40,250,131"
9555,"4,3"
9556,"10,64,448"
9557,"10,11,220"
9558,"10,40,44"
9559,"10,64,93"
9560,"220,10"
9561,"171,170,169"
9562,"10,220"
9563,"169,170,62"
9564,"146,40,145"
9565,"169,170,0"
9566,"10,72,11"
9567,"49,23,24"
9568,"24,23,43"
9569,"169,31,258"
9570,"3,200,21"
9571,"23,71,74"
9572,"38,23,40"
9573,"26,169,23"
9574,"3,169,170"
9575,"220,10"
9576,"0,216,313"
9577,"40,3,17"
9578,"10,64,448"
9579,"0,8,129"
9580,"0,216,271"
9581,"3,21,148"
9582,"24,43,23"
9583,"23,62,24"
9584,"3,147,148"
9585,"0,26,8"
9586,"402,145,40"
9587,"0,211,216"
9588,"4,3,7"
9589,"170,169"
9590,"3,21,40"
9591,"10,11,44"
9592,"40,131,160"
9593,"170,169,171"
9594,"32,23,31"
9595,"32,31,23"
9596,"3,21,200"
9597,"40,131"
9598,"23,10,60"
9599,"0,216,218"
9600,"128,40,130"
9601,"118,23,74"
9602,"17,18,10"
9603,"0,216,271"
9604,"38,23"
9605,"38,40,23"
9606,"32,31,169"
9607,"40,135,131"
9608,"170,169"
9609,"3,120,32"
9610,"10,145,40"
9611,"3,40,41"
9612,"0,206,8"
9613,"38,23,74"
9614,"3,148,147"
9615,"3,4"
9616,"199,169"
9617,"10,3,506"
9618,"10,220,221"
9619,"49,23,24"
9620,"40,10,131"
9621,"169,31,23"
9622,"3,5,133"
9623,"0,271,216"
9624,"10,64,448"
9625,"169,170,199"
9626,"3,187,21"
9627,"169,296,170"
9628,"169,199,170"
9629,"38,23,40"
9630,"0,216,211"
9631,"23,24,43"
9632,"3,21,40"
9633,"49,23,24"
9634,"206,8,0"
9635,"170,171,169"
9636,"49,23,24"
9637,"0,216,271"
9638,"169,170,38"
9639,"40,23,38"
9640,"3,21,40"
9641,"24,10,0"
9642,"169,199,296"
9643,"49,23,24"
9644,"199,169,71"
9645,"23,38,26"
9646,"3,147,148"
9647,"40,128,41"
9648,"71,402,145"
9649,"3,17,200"
9650,"170,169,171"
9651,"224,40,41"
9652,"40,131"
9653,"49,0,24"
9654,"31,0,77"
9655,"40,146,145"
9656,"10,24,23"
9657,"23,38,24"
9658,"199,169,3"
9659,"10,64,93"
9660,"24,23,43"
9661,"40,145,181"
9662,"23,74,38"
9663,"0,169,216"
9664,"199,169,223"
9665,"220,10"
9666,"199,169,223"
9667,"3,170,169"
9668,"3,21,148"
9669,"181,40,145"
9670,"199,169,431"
9671,"169,199,170"
9672,"40,131,134"
9673,"3,169,21"
9674,"199,3,169"
9675,"10,64,93"
9676,"11,10,69"
9677,"32,31,23"
9678,"26,23,38"
9679,"23,74,38"
9680,"3,147,148"
9681,"3,21,200"
9682,"3,147,148"
9683,"0,290,93"
9684,"220,10"
9685,"220,10,145"
9686,"170,169,72"
9687,"199,169"
9688,"169,199,170"
9689,"40,138,135"
9690,"3,111,123"
9691,"48,3,188"
9692,"40,3,250"
9693,"170,169,40"
9694,"3,147,148"
9695,"10,11,44"
9696,"0,40,128"
9697,"10,220"
9698,"40,131,193"
9699,"0,271,216"
9700,"220,10"
9701,"0,255,218"
9702,"62,10,69"
9703,"169,170,199"
9704,"23,74,118"
9705,"38,23"
9706,"10,220,145"
9707,"402,145,40"
9708,"40,21,0"
9709,"169,199,170"
9710,"40,199,10"
9711,"40,131,159"
9712,"40,135,236"
9713,"3,21,200"
9714,"170,169"
9715,"10,64,44"
9716,"40,17,3"
9717,"199,169"
9718,"199,169"
9719,"72,44,145"
9720,"0,216,220"
9721,"0,313,346"
9722,"3,21,200"
9723,"3,147,148"
9724,"3,21,200"
9725,"3,21,200"
9726,"4,3"
9727,"40,131,250"
9728,"145,44,402"
9729,"10,64"
9730,"84,23,74"
9731,"3,21,40"
9732,"3,147,148"
9733,"0,271,216"
9734,"17,3,18"
9735,"23,38,49"
9736,"3,187,21"
9737,"10,93,64"
9738,"4,3,7"
9739,"40,135,241"
9740,"3,21,40"
9741,"220,10"
9742,"10,0,11"
9743,"199,169,145"
9744,"23,74,38"
9745,"44,73,145"
9746,"40,41,21"
9747,"3,200,21"
9748,"10,220,25"
9749,"23,38,40"
9750,"38,0,103"
9751,"199,169,170"
9752,"26,0,23"
9753,"0,271,26"
9754,"23,74,38"
9755,"220,10"
9756,"402,145,40"
9757,"40,131"
9758,"3,21,200"
9759,"40,145,44"
9760,"107,23,38"
9761,"23,74,71"
9762,"3,21,200"
9763,"10,220"
9764,"3,170,169"
9765,"40,131,41"
9766,"3,21,17"
9767,"23,40,145"
9768,"199,169,170"
9769,"3,21,17"
9770,"220,10"
9771,"4,3,435"
9772,"40,184,185"
9773,"10,24,23"
9774,"38,23,3"
9775,"40,146,145"
9776,"10,64"
9777,"3,21,148"
9778,"199,169"
9779,"3,147,287"
9780,"3,21,199"
9781,"170,169"
9782,"24,23,43"
9783,"26,23,0"
9784,"170,169,171"
9785,"3,4,17"
9786,"0,216,271"
9787,"0,265,218"
9788,"3,21,200"
9789,"40,128,130"
9790,"23,38,26"
9791,"169,170,199"
9792,"10,24,181"
9793,"40,131,241"
9794,"44,145,10"
9795,"24,23,43"
9796,"24,10,145"
9797,"40,131,160"
9798,"40,128,131"
9799,"220,10"
9800,"24,23,43"
9801,"169,199,3"
9802,"386,135,40"
9803,"3,40,200"
9804,"0,216,271"
9805,"17,3,18"
9806,"3,23,38"
9807,"3,21,200"
9808,"3,0,10"
9809,"3,23,74"
9810,"3,21,148"
9811,"3,187,199"
9812,"40,21,3"
9813,"23,24,43"
9814,"10,38,24"
9815,"40,41,135"
9816,"3,200,21"
9817,"0,206,8"
9818,"17,3,18"
9819,"10,64,24"
9820,"402,0,206"
9821,"23,40,131"
9822,"0,211,216"
9823,"40,131,193"
9824,"3,17,21"
9825,"38,23,74"
9826,"10,64,402"
9827,"23,31,328"
9828,"38,48,23"
9829,"169,199,251"
9830,"3,4,200"
9831,"3,21,200"
9832,"3,17,187"
9833,"3,200,133"
9834,"72,44,10"
9835,"0,271"
9836,"15,3,16"
9837,"220,10"
9838,"24,23,43"
9839,"169,199,170"
9840,"3,21,200"
9841,"3,4"
9842,"38,23"
9843,"10,145,44"
9844,"23,24,43"
9845,"40,160,315"
9846,"44,23,145"
9847,"0,265,218"
9848,"10,0,220"
9849,"10,64"
9850,"23,38,24"
9851,"3,21,301"
9852,"26,0,350"
9853,"24,43,23"
9854,"0,8"
9855,"3,21,148"
9856,"224,40,41"
9857,"220,10"
9858,"23,38,24"
9859,"3,147,148"
9860,"10,23,40"
9861,"199,431,40"
9862,"3,4,200"
9863,"10,220"
9864,"328,31,0"
9865,"0,216,271"
9866,"3,187,21"
9867,"3,21,187"
9868,"199,169"
9869,"40,23,74"
9870,"10,11,220"
9871,"3,523,147"
9872,"206,8,38"
9873,"199,169,3"
9874,"170,171,169"
9875,"3,15,200"
9876,"0,8,206"
9877,"3,21,200"
9878,"0,271,216"
9879,"40,41,21"
9880,"0,271,216"
9881,"199,169"
9882,"3,21,187"
9883,"169,199,170"
9884,"10,220"
9885,"128,40,130"
9886,"3,147,148"
9887,"23,74,118"
9888,"23,10,38"
9889,"0,271,360"
9890,"10,220,25"
9891,"3,4"
9892,"10,64,93"
9893,"170,171,169"
9894,"40,315,160"
9895,"3,147,148"
9896,"169,170,199"
9897,"3,4,21"
9898,"23,38,24"
9899,"3,21,40"
9900,"26,23,89"
9901,"40,328,23"
9902,"0,216,8"
9903,"10,64"
9904,"199,145,40"
9905,"3,147,148"
9906,"0,211,216"
9907,"23,31,96"
9908,"147,225,156"
9909,"3,21,200"
9910,"40,250,135"
9911,"402,145,23"
9912,"10,11,145"
9913,"199,169"
9914,"0,211,216"
9915,"0,229,230"
9916,"3,21,187"
9917,"23,38,24"
9918,"40,135,3"
9919,"23,24,71"
9920,"3,17"
9921,"40,160,315"
9922,"3,21,200"
9923,"3,21,115"
9924,"40,199,169"
9925,"40,128,41"
9926,"414,31,169"
9927,"11,10,69"
9928,"38,40,10"
9929,"3,17,18"
9930,"3,147,148"
9931,"199,169,0"
9932,"145,44,402"
9933,"169,199,170"
9934,"40,41,224"
9935,"3,4,200"
9936,"3,13,21"
9937,"0,271,26"
9938,"0,271,26"
9939,"169,199,251"
9940,"3,199,169"
9941,"24,40,145"
9942,"23,74,38"
9943,"10,24,239"
9944,"10,64,448"
9945,"0,271,26"
9946,"0,8,235"
9947,"0,206,8"
9948,"3,148,147"
9949,"31,23,96"
9950,"10,220"
9951,"8,206,0"
9952,"199,169,170"
9953,"10,220"
9954,"3,21,40"
9955,"3,21,301"
9956,"3,21,148"
9957,"13,153,3"
9958,"40,131,128"
9959,"3,15"
9960,"3,4"
9961,"10,220"
9962,"40,250,135"
9963,"40,131"
9964,"3,21,187"
9965,"3,21,40"
9966,"169,170,199"
9967,"44,145,10"
9968,"169,0,170"
9969,"23,38,74"
9970,"3,148,200"
9971,"3,21,187"
9972,"40,131"
9973,"3,15,16"
9974,"128,40,129"
9975,"170,171,169"
9976,"17,3,18"
9977,"0,216,8"
9978,"10,64,40"
9979,"10,24,145"
9980,"3,148,21"
9981,"10,93,64"
9982,"220,10"
9983,"0,216,354"
9984,"3,4,15"
9985,"3,21,200"
9986,"0,26,231"
9987,"23,38,26"
9988,"0,8,216"
9989,"3,4"
9990,"40,250,3"
9991,"40,184,131"
9992,"10,44,221"
9993,"199,169,0"
9994,"3,148,147"
9995,"220,10"
9996,"40,145,44"
9997,"23,71,74"
9998,"170,171,169"
9999,"0,346,313"
10000,"0,38,23"
10001,"3,15,147"
10002,"0,211,212"
10003,"169,199"
10004,"4,3,7"
10005,"0,421,10"
10006,"10,220"
10007,"0,10,93"
10008,"40,131"
10009,"23,38,169"
10010,"220,10"
10011,"170,169"
10012,"23,38,24"
10013,"3,21,200"
10014,"40,386,135"
10015,"0,3,216"
10016,"40,131,10"
10017,"10,24,181"
10018,"40,146,128"
10019,"0,271"
10020,"3,17,21"
10021,"40,38,23"
10022,"40,160,128"
10023,"402,40,145"
10024,"3,169,0"
10025,"24,40,145"
10026,"0,218,457"
10027,"0,8,313"
10028,"32,23,48"
10029,"40,74,23"
10030,"40,123,41"
10031,"0,229,10"
10032,"220,10"
10033,"3,40,21"
10034,"170,3,169"
10035,"3,13,204"
10036,"135,236,374"
10037,"3,147,148"
10038,"24,43,23"
10039,"40,3,21"
10040,"10,93,64"
10041,"26,0,89"
10042,"40,146,145"
10043,"40,131"
10044,"74,23,40"
10045,"169,199,170"
10046,"71,23,24"
10047,"10,220"
10048,"40,315,160"
10049,"10,11,69"
10050,"40,160,17"
10051,"199,169,40"
10052,"169,0,199"
10053,"206,0,8"
10054,"40,3,21"
10055,"3,17,21"
10056,"3,147,148"
10057,"199,169,259"
10058,"3,21,17"
10059,"3,17,18"
10060,"40,145,23"
10061,"3,21,40"
10062,"0,10,265"
10063,"23,10,0"
10064,"169,199,0"
10065,"10,239,60"
10066,"40,184,3"
10067,"199,431,169"
10068,"10,64,448"
10069,"10,220"
10070,"3,4,200"
10071,"3,21,187"
10072,"220,10"
10073,"23,38,26"
10074,"40,41,3"
10075,"40,128,131"
10076,"4,3,7"
10077,"10,64,23"
10078,"206,8,0"
10079,"171,170,169"
10080,"40,131,193"
10081,"10,64,93"
10082,"3,15,200"
10083,"40,131,23"
10084,"26,23,89"
10085,"3,21,200"
10086,"23,74,38"
10087,"10,145,44"
10088,"128,40,129"
10089,"3,21,200"
10090,"0,271,366"
10091,"3,21,200"
10092,"10,11,44"
10093,"40,128,160"
10094,"3,15,148"
10095,"10,11,72"
10096,"23,40,24"
10097,"3,10,0"
10098,"3,40,111"
10099,"3,21,200"
10100,"3,40,74"
10101,"3,4,28"
10102,"3,147,148"
10103,"0,218,265"
10104,"3,21,40"
10105,"23,38,169"
10106,"3,187,21"
10107,"3,40,17"
10108,"10,64"
10109,"169,199,170"
10110,"169,199,170"
10111,"0,216,279"
10112,"199,169"
10113,"3,21,200"
10114,"44,145,402"
10115,"40,131,241"
10116,"0,271,1"
10117,"220,10"
10118,"0,271,216"
10119,"3,17,200"
10120,"3,21,40"
10121,"220,10"
10122,"199,169,251"
10123,"0,216,271"
10124,"199,169,431"
10125,"10,181,60"
10126,"220,10"
10127,"44,145,45"
10128,"0,271"
10129,"145,44,402"
10130,"40,138,135"
10131,"0,271,216"
10132,"0,216,370"
10133,"3,21,301"
10134,"3,187,21"
10135,"0,26,23"
10136,"10,199,64"
10137,"169,170,3"
10138,"10,220,145"
10139,"275,3,111"
10140,"0,26,271"
10141,"72,44,10"
10142,"169,170,296"
10143,"199,169"
10144,"0,271,216"
10145,"40,145,76"
10146,"138,135,40"
10147,"0,169,199"
10148,"169,199,170"
10149,"3,15,148"
10150,"10,60,239"
10151,"40,224,41"
10152,"220,10"
10153,"40,128,129"
10154,"3,13,120"
10155,"3,21,200"
10156,"40,128,160"
10157,"3,8,0"
10158,"169,199,40"
10159,"49,23,24"
10160,"26,23,89"
10161,"24,43,23"
10162,"40,131,128"
10163,"49,23,24"
10164,"3,17,18"
10165,"169,170,199"
10166,"72,44,145"
10167,"0,271,216"
10168,"402,145,10"
10169,"10,64,44"
10170,"10,220,23"
10171,"3,199,169"
10172,"3,21,200"
10173,"3,148,4"
10174,"40,3,131"
10175,"3,148,21"
10176,"3,21,200"
10177,"40,184,131"
10178,"3,148,147"
10179,"3,21,200"
10180,"181,40,10"
10181,"40,41,250"
10182,"199,169,431"
10183,"72,10,44"
10184,"169,199"
10185,"40,135,236"
10186,"40,23,345"
10187,"3,21,147"
10188,"181,145,40"
10189,"220,10"
10190,"3,21,40"
10191,"40,3,148"
10192,"44,145,23"
10193,"145,44,38"
10194,"10,64,169"
10195,"40,131,41"
10196,"10,64"
10197,"3,148,147"
10198,"10,64"
10199,"23,74,38"
10200,"40,169,199"
10201,"3,21,200"
10202,"0,220,265"
10203,"220,10"
10204,"220,10"
10205,"10,145,40"
10206,"10,239,72"
10207,"0,8,216"
10208,"169,170,0"
10209,"145,402,40"
10210,"3,21,200"
10211,"10,234,60"
10212,"23,38,74"
10213,"328,40,31"
10214,"26,89,23"
10215,"10,11,44"
10216,"10,15,16"
10217,"0,216,1"
10218,"3,21,17"
10219,"32,31,23"
10220,"10,239,60"
10221,"3,4,0"
10222,"170,169,3"
10223,"3,21,148"
10224,"38,23,74"
10225,"169,296,26"
10226,"128,40,130"
10227,"40,135,3"
10228,"3,170,169"
10229,"38,23,82"
10230,"3,21,40"
10231,"3,5,6"
10232,"250,135,40"
10233,"3,148,21"
10234,"0,271"
10235,"10,64,93"
10236,"220,10"
10237,"138,169,170"
10238,"10,0,64"
10239,"160,40"
10240,"3,21,200"
10241,"38,23,74"
10242,"0,26,313"
10243,"199,169,251"
10244,"23,0,26"
10245,"23,38,24"
10246,"145,402,40"
10247,"3,4,15"
10248,"169,199,40"
10249,"3,4"
10250,"206,0,8"
10251,"23,74,38"
10252,"38,40,23"
10253,"23,38,26"
10254,"10,64,448"
10255,"3,21,148"
10256,"26,23,89"
10257,"0,271,216"
10258,"128,40,0"
10259,"0,8,391"
10260,"3,40,199"
10261,"3,169,21"
10262,"10,64"
10263,"10,220"
10264,"3,21,17"
10265,"40,160,41"
10266,"3,15,200"
10267,"0,38,23"
10268,"10,239,24"
10269,"199,169,10"
10270,"3,15,16"
10271,"32,23,31"
10272,"40,23,74"
10273,"3,21,148"
10274,"3,188,4"
10275,"40,184,131"
10276,"0,313,216"
10277,"40,41,21"
10278,"3,15"
10279,"10,64,11"
10280,"38,23,40"
10281,"23,40,181"
10282,"3,40,148"
10283,"0,23,24"
10284,"10,220,23"
10285,"147,148,3"
10286,"10,220"
10287,"23,74,38"
10288,"10,24,23"
10289,"199,169,223"
10290,"3,21,200"
10291,"3,17,21"
10292,"24,10,145"
10293,"3,123,0"
10294,"220,10"
10295,"146,40,145"
10296,"3,21,200"
10297,"44,72,10"
10298,"145,44,10"
10299,"40,135,138"
10300,"38,23,0"
10301,"0,271"
10302,"40,131,41"
10303,"3,21,148"
10304,"3,21,40"
10305,"0,218,271"
10306,"3,147,148"
10307,"3,21,200"
10308,"40,131,145"
10309,"10,72,44"
10310,"3,200,21"
10311,"3,147,148"
10312,"40,135,41"
10313,"402,40,145"
10314,"386,135,40"
10315,"3,21,148"
10316,"10,169,220"
10317,"3,21,200"
10318,"23,38,0"
10319,"170,169,171"
10320,"129,128,40"
10321,"0,211,216"
10322,"40,17,3"
10323,"220,10"
10324,"8,0,26"
10325,"40,3,41"
10326,"49,23,24"
10327,"24,23,43"
10328,"3,21,200"
10329,"3,4"
10330,"0,26,216"
10331,"3,21,200"
10332,"169,199,170"
10333,"40,128,129"
10334,"24,23,43"
10335,"3,4,148"
10336,"0,279,249"
10337,"0,271,280"
10338,"169,199,170"
10339,"17,3,18"
10340,"31,23,258"
10341,"3,21,147"
10342,"0,26,23"
10343,"40,146,145"
10344,"23,38,74"
10345,"23,74,38"
10346,"0,8"
10347,"0,218,216"
10348,"23,40,131"
10349,"31,23,40"
10350,"40,21,41"
10351,"10,64"
10352,"3,21,148"
10353,"23,24,10"
10354,"0,271,216"
10355,"296,169,460"
10356,"3,21,40"
10357,"199,40,160"
10358,"74,23,118"
10359,"199,3,169"
10360,"40,10,23"
10361,"23,74,38"
10362,"11,10,69"
10363,"3,147,148"
10364,"0,271,313"
10365,"199,169,251"
10366,"10,220,145"
10367,"0,255,271"
10368,"23,38,74"
10369,"10,145,44"
10370,"0,211,216"
10371,"23,145,24"
10372,"0,211,212"
10373,"3,111,40"
10374,"31,23,40"
10375,"40,128,186"
10376,"23,74,38"
10377,"199,169,40"
10378,"10,64,323"
10379,"40,131,184"
10380,"23,24,44"
10381,"169,3,170"
10382,"0,26,265"
10383,"10,402,220"
10384,"40,131,134"
10385,"10,402,40"
10386,"188,3,4"
10387,"40,3,41"
10388,"10,239,60"
10389,"44,10,145"
10390,"0,218,8"
10391,"23,74,38"
10392,"0,216,211"
10393,"3,4"
10394,"3,148,147"
10395,"48,10,23"
10396,"4,3,7"
10397,"40,10,93"
10398,"0,265,271"
10399,"40,131,241"
10400,"26,23,0"
10401,"234,10"
10402,"169,170,171"
10403,"199,169,223"
10404,"10,44,145"
10405,"145,402,44"
10406,"3,199,169"
10407,"3,147,148"
10408,"199,169,10"
10409,"23,24,43"
10410,"290,31,10"
10411,"3,21,200"
10412,"0,8,327"
10413,"23,26,38"
10414,"3,17,21"
10415,"3,15,17"
10416,"40,131,134"
10417,"3,4,200"
10418,"0,265,271"
10419,"72,44,10"
10420,"10,93,64"
10421,"10,64"
10422,"93,10,64"
10423,"10,64,93"
10424,"40,123,3"
10425,"23,38,74"
10426,"24,23,43"
10427,"3,21,199"
10428,"169,199,10"
10429,"402,145,40"
10430,"138,135,40"
10431,"72,44,10"
10432,"402,145,220"
10433,"32,23,31"
10434,"3,21,200"
10435,"10,26,23"
10436,"4,3"
10437,"169,171,170"
10438,"40,3,41"
10439,"23,31,38"
10440,"3,148,147"
10441,"169,8,170"
10442,"234,3,10"
10443,"145,44,23"
10444,"3,21,187"
10445,"169,131,40"
10446,"3,40,21"
10447,"199,169,40"
10448,"170,171,169"
10449,"199,169"
10450,"40,145,44"
10451,"40,41,160"
10452,"199,169"
10453,"3,4"
10454,"199,169"
10455,"10,181,40"
10456,"40,146,145"
10457,"8,206,0"
10458,"10,220"
10459,"0,235,8"
10460,"118,23,74"
10461,"72,10,44"
10462,"0,271"
10463,"3,4"
10464,"40,250,128"
10465,"10,0,220"
10466,"11,10,69"
10467,"169,199,0"
10468,"8,0,391"
10469,"0,271,255"
10470,"10,220"
10471,"38,23"
10472,"220,10"
10473,"4,3,7"
10474,"199,169,251"
10475,"48,3,40"
10476,"169,170,296"
10477,"3,17,21"
10478,"169,337,60"
10479,"315,160,40"
10480,"3,4"
10481,"40,131,160"
10482,"40,41,131"
10483,"23,31,96"
10484,"220,10"
10485,"24,23,43"
10486,"199,169,251"
10487,"431,199,169"
10488,"3,148,21"
10489,"296,169,306"
10490,"3,21,40"
10491,"199,169,3"
10492,"10,23,64"
10493,"40,131,134"
10494,"171,170,169"
10495,"3,17,18"
10496,"10,44,72"
10497,"3,147,148"
10498,"169,199,170"
10499,"199,169,0"
10500,"0,216,26"
10501,"10,64,93"
10502,"40,131,10"
10503,"10,0,220"
10504,"23,40,38"
10505,"3,4,500"
10506,"89,26,0"
10507,"3,21,148"
10508,"38,23,169"
10509,"10,64,448"
10510,"17,3,40"
10511,"40,23,38"
10512,"23,38,26"
10513,"23,231,26"
10514,"24,43,23"
10515,"40,131"
10516,"206,8,0"
10517,"72,10,11"
10518,"3,0,21"
10519,"23,26,38"
10520,"10,64,93"
10521,"10,64"
10522,"40,131,41"
10523,"220,10,3"
10524,"3,148,147"
10525,"199,169,3"
10526,"10,44,145"
10527,"10,145,44"
10528,"3,23,199"
10529,"220,10"
10530,"0,8,391"
10531,"40,160,41"
10532,"10,44,145"
10533,"3,21,187"
10534,"0,313,271"
10535,"3,4"
10536,"38,23,26"
10537,"3,21,148"
10538,"38,23,74"
10539,"160,40,315"
10540,"3,21,4"
10541,"10,64,93"
10542,"199,169,170"
10543,"315,3,160"
10544,"3,0,10"
10545,"26,89,23"
10546,"3,23,4"
10547,"10,11,69"
10548,"3,147,148"
10549,"0,271,216"
10550,"32,31,23"
10551,"220,402,10"
10552,"3,40,21"
10553,"296,169"
10554,"224,41,40"
10555,"10,64"
10556,"3,111,200"
10557,"49,23,24"
10558,"40,41,128"
10559,"40,131,134"
10560,"23,38,0"
10561,"23,38,40"
10562,"199,169,181"
10563,"44,10,145"
10564,"44,145,10"
10565,"3,21,182"
10566,"10,239,24"
10567,"145,10,44"
10568,"23,24,38"
10569,"3,5,21"
10570,"3,21,148"
10571,"40,386,135"
10572,"23,26,231"
10573,"23,3,38"
10574,"10,72,11"
10575,"40,23,74"
10576,"0,271"
10577,"38,23,74"
10578,"3,21,200"
10579,"40,131,193"
10580,"220,10"
10581,"0,216,271"
10582,"170,169,3"
10583,"0,216,271"
10584,"169,199,170"
10585,"0,271,265"
10586,"10,0,220"
10587,"40,131,134"
10588,"10,11,69"
10589,"23,38,63"
10590,"3,170,21"
10591,"169,170,426"
10592,"44,145,40"
10593,"3,23,40"
10594,"40,131,241"
10595,"40,21,3"
10596,"44,10,145"
10597,"0,265,216"
10598,"62,23,24"
10599,"38,23"
10600,"0,216,271"
10601,"3,17,21"
10602,"234,60,10"
10603,"40,128,129"
10604,"296,169"
10605,"4,19,375"
10606,"10,448,64"
10607,"111,3,123"
10608,"3,147,148"
10609,"17,18,3"
10610,"40,131,23"
10611,"3,21"
10612,"10,93,64"
10613,"169,199,10"
10614,"3,21,40"
10615,"3,147,148"
10616,"3,21,40"
10617,"145,40,44"
10618,"3,21,40"
10619,"10,64,24"
10620,"3,21,40"
10621,"128,40,130"
10622,"169,199,170"
10623,"38,23,175"
10624,"40,128,129"
10625,"26,23,0"
10626,"10,220"
10627,"0,216,26"
10628,"169,199,426"
10629,"3,5,133"
10630,"3,21,40"
10631,"26,23,169"
10632,"220,10"
10633,"0,10,265"
10634,"10,64,448"
10635,"199,169,0"
10636,"3,40,21"
10637,"3,147,148"
10638,"3,17,40"
10639,"40,41,224"
10640,"8,0,26"
10641,"0,3,271"
10642,"0,216,169"
10643,"5,3,6"
10644,"23,24,10"
10645,"40,145,44"
10646,"160,40,199"
10647,"0,271,216"
10648,"38,23,26"
10649,"10,64"
10650,"44,145,45"
10651,"44,145,10"
10652,"38,23,74"
10653,"3,21"
10654,"40,129,128"
10655,"72,44,145"
10656,"40,131"
10657,"0,271"
10658,"231,26"
10659,"0,271,26"
10660,"15,3,16"
10661,"40,41,250"
10662,"199,181,169"
10663,"10,25,23"
10664,"169,170,199"
10665,"0,271,216"
10666,"40,41,128"
10667,"225,156,147"
10668,"23,38,26"
10669,"0,169,3"
10670,"220,10"
10671,"0,216,271"
10672,"40,128,76"
10673,"23,24,10"
10674,"0,313,271"
10675,"3,21,200"
10676,"10,23,24"
10677,"0,457,218"
10678,"49,23,24"
10679,"31,32,169"
10680,"169,199,0"
10681,"3,4,200"
10682,"40,41,21"
10683,"40,131"
10684,"40,135,128"
10685,"3,21,40"
10686,"0,271"
10687,"169,426,508"
10688,"23,38,74"
10689,"494,40,184"
10690,"169,199,431"
10691,"199,169,251"
10692,"23,24,74"
10693,"3,147,148"
10694,"0,38,23"
10695,"40,128,131"
10696,"3,5,200"
10697,"3,4,23"
10698,"3,4,17"
10699,"0,271,216"
10700,"10,64,40"
10701,"145,40,44"
10702,"3,21,40"
10703,"10,64,448"
10704,"10,220,0"
10705,"38,23,0"
10706,"40,131,41"
10707,"3,4,435"
10708,"3,21,200"
10709,"3,21,187"
10710,"169,199,170"
10711,"0,8,235"
10712,"23,24,43"
10713,"169,199,170"
10714,"10,64,93"
10715,"0,265,271"
10716,"10,64,93"
10717,"23,24,31"
10718,"3,4,15"
10719,"23,38,31"
10720,"170,169"
10721,"23,10,60"
10722,"296,169,300"
10723,"3,4"
10724,"3,111,17"
10725,"23,49,24"
10726,"10,220"
10727,"170,169,3"
10728,"10,44,11"
10729,"0,273,8"
10730,"169,199,0"
10731,"24,23,43"
10732,"0,271,216"
10733,"3,17,21"
10734,"3,21,148"
10735,"0,271,216"
10736,"10,64,24"
10737,"3,32,21"
10738,"3,21,115"
10739,"147,3,148"
10740,"3,21,200"
10741,"40,23,38"
10742,"10,11,69"
10743,"169,170,3"
10744,"199,40,169"
10745,"135,40,169"
10746,"0,255,271"
10747,"44,145,45"
10748,"169,170,199"
10749,"3,5,6"
10750,"3,17,21"
10751,"23,40,38"
10752,"199,169,431"
10753,"10,220"
10754,"40,131,193"
10755,"44,145,10"
10756,"0,216,211"
10757,"44,145,40"
10758,"3,4"
10759,"0,23,26"
10760,"17,18,10"
10761,"38,23,107"
10762,"3,10,40"
10763,"3,199,187"
10764,"129,40,128"
10765,"3,4"
10766,"129,128,40"
10767,"3,17,21"
10768,"199,169,223"
10769,"3,147,148"
10770,"181,40,43"
10771,"169,199,170"
10772,"40,128,160"
10773,"199,169"
10774,"10,44,145"
10775,"40,3,135"
10776,"3,170,169"
10777,"220,10"
10778,"3,21,40"
10779,"0,271,313"
10780,"3,4"
10781,"220,10"
10782,"0,216,8"
10783,"3,21,187"
10784,"3,40,111"
10785,"3,187,21"
10786,"3,21,40"
10787,"145,0,10"
10788,"199,169,0"
10789,"0,216,271"
10790,"0,169,216"
10791,"24,43,23"
10792,"0,271"
10793,"3,200,15"
10794,"199,169,40"
10795,"40,41,128"
10796,"3,4"
10797,"199,169,40"
10798,"3,21,17"
10799,"181,145,24"
10800,"10,220,221"
10801,"40,146,145"
10802,"74,23,38"
10803,"38,23,10"
10804,"0,235,8"
10805,"448,10,64"
10806,"62,10,69"
10807,"3,21,200"
10808,"10,64,24"
10809,"23,26,38"
10810,"138,135,40"
10811,"3,147,148"
10812,"10,239,60"
10813,"0,229,10"
10814,"10,135,40"
10815,"169,199,251"
10816,"145,44,10"
10817,"231,26,23"
10818,"26,23,231"
10819,"10,64,93"
10820,"0,271,216"
10821,"3,148,21"
10822,"220,10"
10823,"169,171,170"
10824,"10,64"
10825,"23,24,38"
10826,"220,10"
10827,"38,23,74"
10828,"169,170,296"
10829,"40,41,131"
10830,"10,11,69"
10831,"3,4,74"
10832,"0,216,211"
10833,"187,3,21"
10834,"4,3,7"
10835,"3,21,200"
10836,"23,38,74"
10837,"23,38,74"
10838,"3,187,17"
10839,"10,0,220"
10840,"40,131,128"
10841,"62,23,24"
10842,"0,216,218"
10843,"0,271,216"
10844,"0,216,271"
10845,"3,21,148"
10846,"169,337,0"
10847,"3,21,148"
10848,"26,89,23"
10849,"3,21,200"
10850,"10,64,93"
10851,"0,216"
10852,"44,145,23"
10853,"23,26,118"
10854,"3,21,200"
10855,"23,38,26"
10856,"40,162,131"
10857,"0,271"
10858,"25,23,10"
10859,"169,426,23"
10860,"0,26,8"
10861,"23,24,62"
10862,"3,187,21"
10863,"220,10"
10864,"40,3,41"
10865,"10,64,0"
10866,"508,220,31"
10867,"10,220"
10868,"10,220,11"
10869,"31,10,23"
10870,"17,3,18"
10871,"220,10"
10872,"0,271"
10873,"40,135,250"
10874,"40,131,128"
10875,"0,366,271"
10876,"0,255,271"
10877,"74,23,165"
10878,"40,128,0"
10879,"118,23,74"
10880,"206,8,0"
10881,"23,38,74"
10882,"3,148,15"
10883,"120,3,147"
10884,"328,31,23"
10885,"23,40,74"
10886,"220,10,0"
10887,"10,145,40"
10888,"10,64"
10889,"145,44,38"
10890,"3,275,148"
10891,"3,21,40"
10892,"199,169,356"
10893,"15,3,16"
10894,"0,271,216"
10895,"4,3"
10896,"3,21,200"
10897,"3,200,4"
10898,"32,31,3"
10899,"40,169,258"
10900,"3,21,148"
10901,"3,21,200"
10902,"40,41,23"
10903,"40,3,21"
10904,"40,23,131"
10905,"10,145,44"
10906,"3,23,21"
10907,"199,40,431"
10908,"296,169,460"
10909,"135,40,138"
10910,"3,4,17"
10911,"3,21,200"
10912,"10,64"
10913,"231,26,23"
10914,"3,21,200"
10915,"44,145,10"
10916,"10,93,64"
10917,"0,271,216"
10918,"26,23,0"
10919,"4,3"
10920,"3,4"
10921,"26,23,10"
10922,"40,23,10"
10923,"10,64,11"
10924,"0,8,235"
10925,"40,131,160"
10926,"206,8,0"
10927,"296,169"
10928,"3,17,21"
10929,"40,128,131"
10930,"3,21,200"
10931,"10,64,93"
10932,"23,24,38"
10933,"0,271,265"
10934,"23,38,24"
10935,"40,145,146"
10936,"0,26,271"
10937,"0,10,370"
10938,"40,3,21"
10939,"3,10,13"
10940,"10,60,24"
10941,"3,21,148"
10942,"0,271,8"
10943,"49,23,24"
10944,"4,3,7"
10945,"40,3,21"
10946,"0,218,10"
10947,"135,40,138"
10948,"10,64,448"
10949,"0,26,23"
10950,"0,8,206"
10951,"229,0,230"
10952,"3,200,23"
10953,"62,10,69"
10954,"402,145,40"
10955,"23,38,26"
10956,"10,220"
10957,"4,3"
10958,"3,148,147"
10959,"49,23,24"
10960,"0,169,337"
10961,"3,21,148"
10962,"3,169,40"
10963,"145,44,40"
10964,"43,24,23"
10965,"24,23,43"
10966,"40,128,41"
10967,"199,169"
10968,"3,21"
10969,"426,169,508"
10970,"48,3,21"
10971,"271,0,355"
10972,"3,147,148"
10973,"40,135,41"
10974,"10,239,60"
10975,"3,200,202"
10976,"24,23,43"
10977,"3,21,200"
10978,"3,21,187"
10979,"0,216,279"
10980,"40,135,189"
10981,"3,15,200"
10982,"169,3,199"
10983,"23,24,40"
10984,"181,40,145"
10985,"3,21,200"
10986,"0,26,271"
10987,"40,128,131"
10988,"3,21,41"
10989,"220,10"
10990,"0,216,271"
10991,"0,40,128"
10992,"40,128,129"
10993,"3,111,68"
10994,"3,17,148"
10995,"3,21,115"
10996,"3,21,40"
10997,"23,38,74"
10998,"40,131,134"
10999,"3,21,40"
11000,"3,296,169"
11001,"170,169,171"
11002,"23,131,40"
11003,"0,26,23"
11004,"40,131,41"
11005,"3,21,4"
11006,"10,72,44"
11007,"250,40,23"
11008,"23,26,0"
11009,"10,64"
11010,"239,10,60"
11011,"220,10"
11012,"10,220"
11013,"40,131,134"
11014,"10,370,145"
11015,"40,23,145"
11016,"169,199,0"
11017,"169,170,199"
11018,"402,40,145"
11019,"169,170,508"
11020,"40,128,41"
11021,"0,8"
11022,"145,44,40"
11023,"40,145,10"
11024,"199,169"
11025,"32,23,31"
11026,"128,129,40"
11027,"296,169,333"
11028,"3,21,148"
11029,"181,145,40"
11030,"23,38,74"
11031,"170,169,171"
11032,"31,40,23"
11033,"0,3,271"
11034,"0,271,26"
11035,"169,345,199"
11036,"3,4,200"
11037,"402,145,44"
11038,"38,23"
11039,"23,118,74"
11040,"3,169,0"
11041,"170,171,169"
11042,"3,148,21"
11043,"0,265,271"
11044,"0,8,26"
11045,"0,271,216"
11046,"3,17,4"
11047,"169,296,0"
11048,"199,169,0"
11049,"0,279,249"
11050,"199,169,0"
11051,"296,169"
11052,"3,21,200"
11053,"10,220"
11054,"23,231,118"
11055,"23,49,38"
11056,"40,131"
11057,"23,38,74"
11058,"10,93,64"
11059,"31,169,96"
11060,"169,170,199"
11061,"0,370,10"
11062,"3,188,40"
11063,"40,73,135"
11064,"40,128,129"
11065,"10,64,448"
11066,"0,271,216"
11067,"44,145,23"
11068,"10,64"
11069,"0,8,271"
11070,"23,24,10"
11071,"169,170,199"
11072,"3,21,4"
11073,"220,10"
11074,"3,21,200"
11075,"3,21,200"
11076,"40,128,129"
11077,"3,199,169"
11078,"181,169,199"
11079,"10,64"
11080,"0,271"
11081,"128,40,129"
11082,"3,17,200"
11083,"3,15,148"
11084,"44,145,10"
11085,"23,24,49"
11086,"169,199,23"
11087,"169,199,10"
11088,"10,11,69"
11089,"199,169,0"
11090,"402,145,40"
11091,"3,21,200"
11092,"3,23,38"
11093,"0,206,8"
11094,"26,0,350"
11095,"160,40,169"
11096,"0,271,8"
11097,"23,38,63"
11098,"38,23"
11099,"40,131"
11100,"23,38,24"
11101,"38,40,23"
11102,"40,193,23"
11103,"3,21,40"
11104,"3,4"
11105,"169,170,199"
11106,"10,44,145"
11107,"202,3,40"
11108,"0,271,216"
11109,"40,131"
11110,"44,145,45"
11111,"10,64,448"
11112,"74,23,165"
11113,"49,40,21"
11114,"3,21,200"
11115,"199,169,23"
11116,"0,8,206"
11117,"220,10"
11118,"10,64"
11119,"40,315,160"
11120,"169,31,199"
11121,"3,21,148"
11122,"0,218,216"
11123,"3,21,17"
11124,"4,3"
11125,"3,21,148"
11126,"40,131"
11127,"32,23,31"
11128,"0,271,216"
11129,"0,271,26"
11130,"72,145,44"
11131,"40,131,245"
11132,"23,74,38"
11133,"0,271,366"
11134,"23,74,118"
11135,"0,8,216"
11136,"0,216,44"
11137,"0,169,3"
11138,"0,271,255"
11139,"17,3,18"
11140,"160,40,315"
11141,"0,10,220"
11142,"0,271,279"
11143,"3,17,147"
11144,"40,131,23"
11145,"220,10"
11146,"3,15,200"
11147,"26,23,89"
11148,"40,41,160"
11149,"40,135,74"
11150,"231,26,23"
11151,"23,40,123"
11152,"24,23,10"
11153,"10,64,93"
11154,"3,10,13"
11155,"40,41,17"
11156,"40,131,134"
11157,"181,145,10"
11158,"23,38"
11159,"169,199,170"
11160,"40,3,21"
11161,"220,10"
11162,"402,145,40"
11163,"3,21,115"
11164,"40,3,21"
11165,"24,43,23"
11166,"220,10"
11167,"145,402,40"
11168,"10,220"
11169,"10,220,0"
11170,"10,64,448"
11171,"3,5,133"
11172,"0,271,366"
11173,"40,250,128"
11174,"23,24,38"
11175,"199,169"
11176,"10,220,221"
11177,"3,147,148"
11178,"40,131,128"
11179,"169,170,199"
11180,"10,145,220"
11181,"3,187,21"
11182,"40,131,160"
11183,"23,38,49"
11184,"199,169,170"
11185,"38,23"
11186,"3,68,21"
11187,"199,10,169"
11188,"3,200,21"
11189,"206,0,8"
11190,"402,40,10"
11191,"26,23,38"
11192,"0,8,216"
11193,"3,15,40"
11194,"3,4,435"
11195,"38,23,74"
11196,"23,24,31"
11197,"169,199,170"
11198,"169,199,426"
11199,"199,169,251"
11200,"10,64,93"
11201,"48,38,309"
11202,"0,206,8"
11203,"0,271,216"
11204,"3,21,200"
11205,"10,64,93"
11206,"23,38,40"
11207,"40,3,41"
11208,"10,40,64"
11209,"10,93,135"
11210,"24,23,43"
11211,"0,216,271"
11212,"0,218,457"
11213,"3,187,21"
11214,"40,131"
11215,"10,64,448"
11216,"169,199,170"
11217,"10,11"
11218,"170,40,169"
11219,"187,3,21"
11220,"23,44,145"
11221,"26,23,38"
11222,"49,23,24"
11223,"0,271,8"
11224,"40,131,128"
11225,"431,199,135"
11226,"10,220"
11227,"3,199,21"
11228,"3,15"
11229,"23,26,38"
11230,"199,169,223"
11231,"49,23,24"
11232,"0,271,216"
11233,"10,220,24"
11234,"23,26,38"
11235,"23,24,105"
11236,"40,131,128"
11237,"3,21,148"
11238,"3,17,21"
11239,"24,23,43"
11240,"3,200,21"
11241,"40,131,134"
11242,"23,38,74"
11243,"0,169,216"
11244,"10,64"
11245,"0,211,212"
11246,"3,21,200"
11247,"220,10"
11248,"3,21,48"
11249,"15,3"
11250,"169,199,251"
11251,"169,199,170"
11252,"0,216,271"
11253,"3,40,21"
11254,"23,328,31"
11255,"23,0,38"
11256,"10,44,145"
11257,"10,64,44"
11258,"15,3,16"
11259,"10,239,64"
11260,"10,64,0"
11261,"10,220"
11262,"199,169"
11263,"40,145,44"
11264,"3,147,148"
11265,"199,169"
11266,"40,131,128"
11267,"10,220,0"
11268,"40,131,160"
11269,"40,10,41"
11270,"0,265,271"
11271,"3,21"
11272,"206,0,3"
11273,"23,24,43"
11274,"0,23,26"
11275,"10,145,402"
11276,"40,175,283"
11277,"40,135,250"
11278,"0,271"
11279,"38,23,26"
11280,"169,337,170"
11281,"38,23"
11282,"44,45,145"
11283,"3,21,187"
11284,"0,211,216"
11285,"40,131,184"
11286,"10,44,220"
11287,"169,170,171"
11288,"145,10,44"
11289,"170,169,459"
11290,"10,44,145"
11291,"402,145,40"
11292,"4,3,188"
11293,"26,0,89"
11294,"32,23,31"
11295,"17,3,18"
11296,"10,64"
11297,"169,199,170"
11298,"169,0,3"
11299,"10,64,448"
11300,"23,24,71"
11301,"135,138,40"
11302,"3,169,199"
11303,"169,199,0"
11304,"10,64,93"
11305,"3,21,239"
11306,"3,275,148"
11307,"40,145,181"
11308,"38,23,137"
11309,"0,8,265"
11310,"3,15,200"
11311,"40,41,3"
11312,"0,265,3"
11313,"49,10,24"
11314,"138,135,40"
11315,"84,23,74"
11316,"3,148,147"
11317,"220,10"
11318,"199,169"
11319,"169,170,3"
11320,"4,3"
11321,"145,40,402"
11322,"0,216,271"
11323,"220,10"
11324,"181,40,145"
11325,"10,64,44"
11326,"145,0,44"
11327,"3,21,200"
11328,"0,26,216"
11329,"32,23,31"
11330,"169,296"
11331,"23,74,40"
11332,"32,23,31"
11333,"3,15,275"
11334,"169,170,171"
11335,"220,10"
11336,"3,40,148"
11337,"128,40,0"
11338,"40,3,0"
11339,"43,181,24"
11340,"199,169"
11341,"0,8,327"
11342,"171,170,169"
11343,"220,10"
11344,"3,21,200"
11345,"10,93,64"
11346,"3,21,40"
11347,"40,131,184"
11348,"169,199,170"
11349,"169,40,23"
11350,"40,21,41"
11351,"3,4,200"
11352,"0,31,328"
11353,"10,93,64"
11354,"169,170,199"
11355,"3,23,74"
11356,"3,21,199"
11357,"199,169"
11358,"0,8,235"
11359,"3,21,40"
11360,"295,135,31"
11361,"10,239,60"
11362,"38,23,24"
11363,"3,17,200"
11364,"10,44,145"
11365,"3,21,200"
11366,"220,10"
11367,"4,3,435"
11368,"49,23,44"
11369,"3,15,16"
11370,"0,271,216"
11371,"40,131,41"
11372,"3,21,200"
11373,"145,44,402"
11374,"135,40,138"
11375,"0,271,216"
11376,"3,21,40"
11377,"10,220"
11378,"0,271,218"
11379,"220,10"
11380,"40,131,134"
11381,"17,3,18"
11382,"0,457,218"
11383,"0,8,23"
11384,"49,24,23"
11385,"49,23,38"
11386,"26,0,89"
11387,"3,21,17"
11388,"3,187,21"
11389,"3,148,200"
11390,"72,10,44"
11391,"3,147,148"
11392,"40,131,184"
11393,"175,40,23"
11394,"10,402,145"
11395,"10,220"
11396,"40,199,169"
11397,"26,23,231"
11398,"23,38,26"
11399,"199,169,0"
11400,"169,199,251"
11401,"0,271"
11402,"40,23,3"
11403,"0,206,8"
11404,"402,40,10"
11405,"84,23,74"
11406,"147,3,148"
11407,"0,8,220"
11408,"10,220"
11409,"3,5,4"
11410,"23,74,38"
11411,"135,138,40"
11412,"3,21,148"
11413,"3,21,200"
11414,"63,23,38"
11415,"8,128,0"
11416,"3,53,315"
11417,"40,23,74"
11418,"199,169,3"
11419,"10,145,44"
11420,"169,199,170"
11421,"296,306,169"
11422,"290,3,23"
11423,"0,8,235"
11424,"40,38,23"
11425,"40,0,145"
11426,"3,0,21"
11427,"40,128,129"
11428,"49,23,24"
11429,"169,0,170"
11430,"220,10"
11431,"128,40,129"
11432,"3,4,21"
11433,"72,10,44"
11434,"220,10"
11435,"10,44,145"
11436,"40,128,129"
11437,"40,23,31"
11438,"3,4,435"
11439,"40,146,145"
11440,"40,184,131"
11441,"145,402,40"
11442,"3,147,148"
11443,"3,148,147"
11444,"402,0,145"
11445,"3,21,40"
11446,"135,40,295"
11447,"40,41,160"
11448,"199,169,3"
11449,"3,15,147"
11450,"10,64,24"
11451,"40,128,129"
11452,"3,200,21"
11453,"0,206,8"
11454,"0,23,216"
11455,"3,147,148"
11456,"169,10,11"
11457,"220,10"
11458,"3,148,147"
11459,"10,220,44"
11460,"8,0,26"
11461,"370,0,216"
11462,"3,147,148"
11463,"220,10"
11464,"3,10,0"
11465,"3,147,148"
11466,"220,10"
11467,"3,21,148"
11468,"3,15,148"
11469,"23,74,38"
11470,"199,169"
11471,"23,49,24"
11472,"3,4"
11473,"10,44,145"
11474,"44,38,23"
11475,"3,200,21"
11476,"13,330,20"
11477,"0,271,216"
11478,"3,148,147"
11479,"10,64"
11480,"71,40,23"
11481,"10,44,11"
11482,"3,21,200"
11483,"10,145,40"
11484,"199,49,169"
11485,"0,271,216"
11486,"220,10"
11487,"199,169,431"
11488,"26,23,0"
11489,"3,4"
11490,"3,15,21"
11491,"40,131"
11492,"49,23,24"
11493,"170,171,169"
11494,"0,211,216"
11495,"0,216,211"
11496,"23,32,38"
11497,"3,202,169"
11498,"169,199,170"
11499,"31,23,24"
11500,"0,8,235"
11501,"3,4,200"
11502,"3,200,148"
11503,"26,23,0"
11504,"3,15,200"
11505,"3,147,148"
11506,"23,38,74"
11507,"3,5,6"
11508,"3,21,5"
11509,"170,169,171"
11510,"3,15,200"
11511,"10,64,11"
11512,"3,4,21"
11513,"3,187,21"
11514,"220,10"
11515,"296,169,306"
11516,"199,169,223"
11517,"3,187,21"
11518,"40,41,128"
11519,"170,169,199"
11520,"3,40,41"
11521,"40,160,315"
11522,"0,40,128"
11523,"38,23,10"
11524,"38,23,91"
11525,"169,170,199"
11526,"220,10"
11527,"10,64,93"
11528,"40,23,128"
11529,"199,169,170"
11530,"169,199,170"
11531,"3,147,148"
11532,"40,0,3"
11533,"4,3"
11534,"10,11,69"
11535,"3,169,199"
11536,"23,26,38"
11537,"10,44,11"
11538,"44,145,73"
11539,"10,11,69"
11540,"3,40,287"
11541,"23,44,10"
11542,"169,170,0"
11543,"10,64,93"
11544,"40,135,41"
11545,"44,145,10"
11546,"3,170,169"
11547,"3,21,148"
11548,"40,131,23"
11549,"40,131,139"
11550,"40,131,159"
11551,"10,23,40"
11552,"40,128,129"
11553,"138,135,40"
11554,"23,24,40"
11555,"231,26,23"
11556,"3,21,187"
11557,"10,64,93"
11558,"38,23"
11559,"3,21,200"
11560,"3,21,148"
11561,"220,10"
11562,"3,44,145"
11563,"0,8,271"
11564,"3,17,40"
11565,"40,131"
11566,"220,10,0"
11567,"40,128,129"
11568,"0,271,265"
11569,"3,40,41"
11570,"199,169"
11571,"49,23,24"
11572,"10,11,220"
11573,"23,38,74"
11574,"8,206,0"
11575,"0,265,11"
11576,"23,40,74"
11577,"10,199,448"
11578,"170,3,187"
11579,"3,147,148"
11580,"0,271,26"
11581,"169,199,0"
11582,"23,24,38"
11583,"3,4,15"
11584,"3,21,200"
11585,"3,21,48"
11586,"23,118,74"
11587,"3,15"
11588,"0,271,8"
11589,"3,148,200"
11590,"10,64"
11591,"315,40,160"
11592,"199,169,323"
11593,"0,216,145"
11594,"0,10,8"
11595,"199,169,3"
11596,"10,199,169"
11597,"10,64,24"
11598,"3,21,200"
11599,"10,239,60"
11600,"23,74,38"
11601,"199,169,40"
11602,"3,187,21"
11603,"38,23,74"
11604,"10,64"
11605,"0,271,265"
11606,"40,160,315"
11607,"234,10,60"
11608,"0,271"
11609,"3,40,17"
11610,"40,135,250"
11611,"10,181,40"
11612,"3,21,200"
11613,"10,93,64"
11614,"3,21,187"
11615,"0,313,3"
11616,"3,17,21"
11617,"40,131,23"
11618,"23,71,38"
11619,"40,131,128"
11620,"40,131,145"
11621,"199,169"
11622,"3,21,41"
11623,"74,23,38"
11624,"3,17,21"
11625,"72,44,145"
11626,"38,23,39"
11627,"0,10,220"
11628,"3,21,40"
11629,"169,199,170"
11630,"40,129,128"
11631,"23,38,24"
11632,"3,147,148"
11633,"220,10"
11634,"23,74,38"
11635,"10,145,40"
11636,"3,21,200"
11637,"10,44,72"
11638,"23,24,38"
11639,"23,38,40"
11640,"3,10,21"
11641,"10,93,64"
11642,"49,23,24"
11643,"23,38,71"
11644,"3,148,147"
11645,"10,145,23"
11646,"40,131"
11647,"40,225,120"
11648,"3,200,21"
11649,"40,131,159"
11650,"11,10,69"
11651,"3,21,17"
11652,"0,8,271"
11653,"0,211,216"
11654,"24,23,43"
11655,"10,11,220"
11656,"40,131"
11657,"3,21,187"
11658,"3,4,200"
11659,"26,0,23"
11660,"3,4,435"
11661,"220,10"
11662,"24,23,43"
11663,"220,10"
11664,"3,187,21"
11665,"3,17,21"
11666,"10,220,64"
11667,"138,40,135"
11668,"10,11,69"
11669,"169,170,0"
11670,"3,17,21"
11671,"38,23,137"
11672,"23,38,74"
11673,"74,23,303"
11674,"23,62,24"
11675,"169,170,426"
11676,"170,459,169"
11677,"169,199,170"
11678,"0,271"
11679,"0,271,8"
11680,"10,64,24"
11681,"24,145,23"
11682,"220,10"
11683,"181,10,145"
11684,"32,169,181"
11685,"199,169,40"
11686,"123,111,3"
11687,"40,3,21"
11688,"10,23,24"
11689,"3,21,200"
11690,"3,23,74"
11691,"145,220,23"
11692,"10,181,64"
11693,"3,4"
11694,"0,218,271"
11695,"3,5,6"
11696,"199,169,0"
11697,"0,211,216"
11698,"0,346,313"
11699,"3,4,21"
11700,"169,170"
11701,"3,148,147"
11702,"169,0,216"
11703,"402,145,40"
11704,"402,10,145"
11705,"3,21,28"
11706,"3,147,148"
11707,"17,3,18"
11708,"10,24,239"
11709,"0,211,212"
11710,"138,40,135"
11711,"4,3,7"
11712,"40,23,24"
11713,"10,93,64"
11714,"10,93,64"
11715,"3,40,21"
11716,"199,181,169"
11717,"40,131,128"
11718,"199,169,431"
11719,"23,26,38"
11720,"3,21,148"
11721,"3,21,200"
11722,"3,275,200"
11723,"10,24,23"
11724,"202,3,40"
11725,"0,3,40"
11726,"337,169,339"
11727,"11,10,69"
11728,"123,111,40"
11729,"10,25,24"
11730,"4,3,7"
11731,"0,38,26"
11732,"40,131,41"
11733,"40,131,134"
11734,"169,170,3"
11735,"31,23,40"
11736,"3,21,148"
11737,"23,74,38"
11738,"8,206,0"
11739,"0,38,23"
11740,"10,220"
11741,"3,148,147"
11742,"3,147,148"
11743,"169,170,296"
11744,"3,21"
11745,"3,147,148"
11746,"3,199,169"
11747,"3,17,21"
11748,"3,15,200"
11749,"199,169"
11750,"40,128,186"
11751,"169,199,223"
11752,"3,21,200"
11753,"72,44,10"
11754,"23,31,40"
11755,"24,43,23"
11756,"10,11,24"
11757,"23,31,24"
11758,"10,64"
11759,"10,169,199"
11760,"38,23,94"
11761,"23,118,74"
11762,"3,21,40"
11763,"3,111,200"
11764,"3,148,147"
11765,"3,17,21"
11766,"0,216,211"
11767,"3,21,200"
11768,"3,15,16"
11769,"199,169,38"
11770,"3,21,200"
11771,"3,21,148"
11772,"3,15"
11773,"169,3,337"
11774,"169,199,170"
11775,"40,131,241"
11776,"10,64,448"
11777,"3,21,187"
11778,"10,64,448"
11779,"10,11,69"
11780,"10,64,448"
11781,"170,169"
11782,"169,199,170"
11783,"23,49,38"
11784,"24,23,10"
11785,"72,44,145"
11786,"169,199"
11787,"3,4"
11788,"181,10,40"
11789,"40,131"
11790,"3,147,148"
11791,"129,128,40"
11792,"23,38,24"
11793,"10,23,24"
11794,"23,38,24"
11795,"129,128,169"
11796,"38,23,74"
11797,"10,220,44"
11798,"38,23"
11799,"40,3,38"
11800,"0,235,8"
11801,"3,21,200"
11802,"3,49,21"
11803,"3,4,200"
11804,"3,21,148"
11805,"3,21,187"
11806,"3,21,187"
11807,"23,38,175"
11808,"23,74,24"
11809,"10,64,44"
11810,"40,3,21"
11811,"402,40,220"
11812,"3,200,148"
11813,"3,17,21"
11814,"145,44,40"
11815,"40,131,184"
11816,"40,250,128"
11817,"4,3,7"
11818,"10,11,69"
11819,"199,169,0"
11820,"3,21,200"
11821,"40,199,494"
11822,"169,0,38"
11823,"220,10"
11824,"0,271"
11825,"3,147,148"
11826,"145,23,10"
11827,"0,218,216"
11828,"40,3,41"
11829,"234,10,60"
11830,"3,10,11"
11831,"169,199,171"
11832,"220,10,402"
11833,"3,147,148"
11834,"0,271,216"
11835,"0,128,40"
11836,"0,271,8"
11837,"0,26,271"
11838,"40,131,134"
11839,"3,21,200"
11840,"40,250,38"
11841,"3,4,375"
11842,"72,23,44"
11843,"0,216,271"
11844,"0,8,26"
11845,"24,23,43"
11846,"23,38,26"
11847,"199,169,223"
11848,"0,218,216"
11849,"10,145,44"
11850,"118,23,74"
11851,"0,313,346"
11852,"0,216,271"
11853,"0,8,313"
11854,"3,170,21"
11855,"10,220"
11856,"44,72,145"
11857,"10,64"
11858,"3,111,123"
11859,"23,32,31"
11860,"0,218,457"
11861,"10,11,221"
11862,"23,74,38"
11863,"10,220"
11864,"169,199,3"
11865,"40,160,315"
11866,"145,44,10"
11867,"431,199,169"
11868,"10,64"
11869,"3,17,18"
11870,"3,21,200"
11871,"0,145,10"
11872,"3,4"
11873,"44,145,23"
11874,"3,17,18"
11875,"0,265,271"
11876,"23,74,38"
11877,"15,3,16"
11878,"206,8,0"
11879,"160,315,40"
11880,"40,10,131"
11881,"40,128,0"
11882,"138,135,169"
11883,"169,199,170"
11884,"0,235,8"
11885,"0,26,271"
11886,"3,170,169"
11887,"8,206,0"
11888,"3,4"
11889,"3,21,148"
11890,"0,8,327"
11891,"220,10"
11892,"3,17,21"
11893,"296,169"
11894,"199,169,49"
11895,"0,23,169"
11896,"220,10"
11897,"220,10"
11898,"10,11,220"
11899,"3,21,17"
11900,"169,199,170"
11901,"170,3,169"
11902,"171,170,169"
11903,"169,199,426"
11904,"3,21,40"
11905,"10,11,69"
11906,"44,145,45"
11907,"10,64"
11908,"3,17,18"
11909,"40,135,138"
11910,"169,170,199"
11911,"3,15,147"
11912,"4,3,7"
11913,"62,24,23"
11914,"10,31,23"
11915,"23,26,74"
11916,"40,23,74"
11917,"10,93,64"
11918,"44,10,23"
11919,"10,64,220"
11920,"23,38,31"
11921,"3,21,17"
11922,"3,21,200"
11923,"63,23,38"
11924,"169,170,199"
11925,"13,3,509"
11926,"40,135,250"
11927,"38,23,26"
11928,"0,265,271"
11929,"3,4,200"
11930,"23,38,74"
11931,"23,26,10"
11932,"169,296"
11933,"0,211,216"
11934,"3,147,148"
11935,"3,147,148"
11936,"23,24,38"
11937,"431,40,135"
11938,"40,131"
11939,"3,17,13"
11940,"3,21,200"
11941,"40,131,135"
11942,"147,148,3"
11943,"40,23,74"
11944,"10,64,93"
11945,"11,10,69"
11946,"3,4,200"
11947,"199,169"
11948,"145,44,40"
11949,"40,3,135"
11950,"44,72,10"
11951,"10,220,44"
11952,"38,23,48"
11953,"220,10"
11954,"3,200,148"
11955,"0,216,169"
11956,"23,38,74"
11957,"10,64,60"
11958,"40,160,128"
11959,"3,200,148"
11960,"40,23,145"
11961,"169,3,187"
11962,"71,23,10"
11963,"0,230,169"
11964,"0,211,216"
11965,"3,147,148"
11966,"296,169,107"
11967,"3,200,4"
11968,"23,38,74"
11969,"10,64,24"
11970,"169,199,170"
11971,"10,64,24"
11972,"145,44,10"
11973,"206,8,0"
11974,"199,169,431"
11975,"40,128,186"
11976,"23,26,220"
11977,"170,169,199"
11978,"169,199,170"
11979,"24,23,145"
11980,"187,3,21"
11981,"38,23,74"
11982,"169,170,337"
11983,"0,271"
11984,"199,169,26"
11985,"3,170,169"
11986,"138,135,40"
11987,"145,44,10"
11988,"40,131,134"
11989,"8,0,206"
11990,"3,21,200"
11991,"3,188,148"
11992,"40,3,17"
11993,"3,10,200"
11994,"199,169,170"
11995,"0,271"
11996,"10,220"
11997,"40,131,159"
11998,"220,10,0"
11999,"3,21,200"
12000,"10,64,11"
12001,"40,23,31"
12002,"3,21,28"
12003,"40,146,145"
12004,"3,148,147"
12005,"128,40,130"
12006,"3,21,200"
12007,"170,169,3"
12008,"147,148,3"
12009,"49,3,23"
12010,"40,131"
12011,"38,40,23"
12012,"3,200,148"
12013,"3,202,200"
12014,"169,170,459"
12015,"0,26,271"
12016,"40,184,3"
12017,"3,17,18"
12018,"23,24,10"
12019,"3,4,200"
12020,"40,41,128"
12021,"23,131,40"
12022,"40,184,128"
12023,"3,200,17"
12024,"3,21,148"
12025,"4,3,7"
12026,"26,23,89"
12027,"145,40,44"
12028,"169,199,170"
12029,"31,23,258"
12030,"23,74,84"
12031,"40,128,41"
12032,"3,187,21"
12033,"40,131,193"
12034,"0,216"
12035,"3,21,187"
12036,"0,8,26"
12037,"23,10,24"
12038,"48,3,38"
12039,"3,21,187"
12040,"3,5,133"
12041,"38,48,23"
12042,"26,0,23"
12043,"23,38,24"
12044,"0,271,216"
12045,"38,23,74"
12046,"3,4,435"
12047,"199,169"
12048,"23,24,10"
12049,"10,64,93"
12050,"170,171,169"
12051,"0,211,265"
12052,"24,23,60"
12053,"3,21,187"
12054,"3,21,17"
12055,"26,8,0"
12056,"171,170,169"
12057,"23,74,38"
12058,"220,10"
12059,"3,148,147"
12060,"402,145,40"
12061,"40,131"
12062,"3,187,21"
12063,"23,38,24"
12064,"3,17,21"
12065,"10,64,44"
12066,"44,145,45"
12067,"24,23,43"
12068,"3,21,148"
12069,"10,11,44"
12070,"0,26,89"
12071,"0,216,211"
12072,"40,131,160"
12073,"145,44,40"
12074,"10,64"
12075,"17,10,3"
12076,"199,10,169"
12077,"10,11,44"
12078,"3,21,17"
12079,"40,131"
12080,"3,40,17"
12081,"10,64,93"
12082,"402,145,40"
12083,"10,11,239"
12084,"3,147,148"
12085,"40,23,74"
12086,"10,64"
12087,"10,64,11"
12088,"3,200,21"
12089,"170,169"
12090,"3,15,147"
12091,"40,160,315"
12092,"3,21,200"
12093,"220,10"
12094,"3,21,200"
12095,"23,24,40"
12096,"199,38,23"
12097,"0,216,8"
12098,"0,26,271"
12099,"0,271"
12100,"3,21,148"
12101,"49,23,24"
12102,"23,38,40"
12103,"40,41,21"
12104,"0,8"
12105,"10,64"
12106,"3,40,21"
12107,"3,21,17"
12108,"3,17,21"
12109,"23,38,24"
12110,"32,23,31"
12111,"10,64,93"
12112,"296,169"
12113,"3,21,200"
12114,"0,169,170"
12115,"181,10,40"
12116,"145,44,40"
12117,"402,328,10"
12118,"0,271,280"
12119,"10,93,64"
12120,"24,23,43"
12121,"0,1,211"
12122,"24,43,23"
12123,"0,169,199"
12124,"23,24,32"
12125,"0,8,235"
12126,"26,23,89"
12127,"3,21,17"
12128,"49,23,24"
12129,"3,21,200"
12130,"3,21,200"
12131,"10,40,3"
12132,"234,10,60"
12133,"40,160,41"
12134,"40,145,146"
12135,"72,71,23"
12136,"24,23,43"
12137,"38,0,23"
12138,"10,23,24"
12139,"3,21,187"
12140,"0,271,216"
12141,"220,10"
12142,"0,8,216"
12143,"145,44,23"
12144,"199,169,23"
12145,"199,169,3"
12146,"10,64"
12147,"169,199,145"
12148,"0,216,218"
12149,"10,220"
12150,"0,271,216"
12151,"24,23,43"
12152,"402,145,40"
12153,"23,24,43"
12154,"38,23,39"
12155,"43,23,24"
12156,"40,135,138"
12157,"10,145,24"
12158,"10,181,24"
12159,"40,160,315"
12160,"40,131,134"
12161,"170,171,169"
12162,"0,271"
12163,"220,10"
12164,"0,271"
12165,"199,169,40"
12166,"224,41,40"
12167,"138,135,40"
12168,"40,131,128"
12169,"32,31,23"
12170,"10,64,93"
12171,"40,41,224"
12172,"40,131,128"
12173,"10,181,60"
12174,"49,24,23"
12175,"118,23,74"
12176,"23,74,404"
12177,"3,15,187"
12178,"40,160,315"
12179,"3,10,21"
12180,"169,199,170"
12181,"0,271,265"
12182,"129,40,128"
12183,"40,307,74"
12184,"23,40,26"
12185,"0,26,231"
12186,"0,271,265"
12187,"3,0,28"
12188,"131,40,142"
12189,"0,279,216"
12190,"15,3,16"
12191,"0,26,271"
12192,"3,17,18"
12193,"48,38,309"
12194,"169,170,296"
12195,"38,23,0"
12196,"3,147,148"
12197,"26,23,89"
12198,"0,10,370"
12199,"40,131,241"
12200,"8,0,206"
12201,"3,21,28"
12202,"128,129,40"
12203,"10,44,145"
12204,"23,24,62"
12205,"3,68,200"
12206,"169,170,199"
12207,"15,3,16"
12208,"26,89,0"
12209,"0,366,216"
12210,"3,15"
12211,"44,145,10"
12212,"3,4"
12213,"40,128,160"
12214,"0,8,216"
12215,"3,17,21"
12216,"3,170,169"
12217,"169,170,3"
12218,"40,131"
12219,"3,15,16"
12220,"3,199,21"
12221,"0,271,211"
12222,"26,23,169"
12223,"0,271,216"
12224,"4,3"
12225,"23,38,26"
12226,"169,0,170"
12227,"3,5,133"
12228,"40,145,10"
12229,"40,41,224"
12230,"3,15,4"
12231,"3,523,148"
12232,"3,21,199"
12233,"40,38,23"
12234,"3,21,200"
12235,"234,10,24"
12236,"3,21,200"
12237,"3,187,21"
12238,"10,64"
12239,"40,135,41"
12240,"271,0"
12241,"3,21,200"
12242,"199,169,23"
12243,"3,17,18"
12244,"10,64,40"
12245,"23,38,24"
12246,"40,131,128"
12247,"0,271,216"
12248,"40,184,131"
12249,"199,169,0"
12250,"3,21,147"
12251,"23,49,24"
12252,"40,199,169"
12253,"3,111,267"
12254,"220,10"
12255,"0,255,271"
12256,"40,10,93"
12257,"40,184,494"
12258,"31,23,328"
12259,"0,169,337"
12260,"23,38,26"
12261,"38,23,10"
12262,"23,10,24"
12263,"386,135,40"
12264,"0,271,211"
12265,"169,199,0"
12266,"10,44,220"
12267,"3,21"
12268,"24,23,43"
12269,"145,40,402"
12270,"40,145,131"
12271,"431,40,135"
12272,"118,23,74"
12273,"0,218,271"
12274,"40,184,131"
12275,"10,11,69"
12276,"3,4"
12277,"10,24,23"
12278,"49,23,24"
12279,"3,21,148"
12280,"0,229,230"
12281,"160,40,315"
12282,"169,170,0"
12283,"3,148,200"
12284,"23,74,24"
12285,"0,271,1"
12286,"135,138,40"
12287,"10,220"
12288,"23,24,31"
12289,"145,40,402"
12290,"10,24,64"
12291,"3,4,170"
12292,"10,220"
12293,"40,131"
12294,"38,23"
12295,"40,131"
12296,"3,21,200"
12297,"32,23,31"
12298,"40,48,3"
12299,"10,24,11"
12300,"0,271,216"
12301,"10,64,11"
12302,"10,23,44"
12303,"184,40,185"
12304,"10,93,64"
12305,"0,218,216"
12306,"181,145,10"
12307,"23,24,38"
12308,"0,271,216"
12309,"129,128,40"
12310,"128,40,129"
12311,"48,10,21"
12312,"3,4"
12313,"3,40,28"
12314,"10,0,11"
12315,"40,131"
12316,"169,199,170"
12317,"0,271,313"
12318,"72,44,10"
12319,"40,131,134"
12320,"40,3,148"
12321,"3,111,200"
12322,"26,23,89"
12323,"23,199,169"
12324,"3,147,148"
12325,"23,74,38"
12326,"10,0,23"
12327,"224,40,41"
12328,"3,17,40"
12329,"0,8,26"
12330,"40,135,128"
12331,"0,1,211"
12332,"169,199,170"
12333,"145,38,23"
12334,"10,11,220"
12335,"38,0,23"
12336,"3,200,21"
12337,"40,131"
12338,"0,3,17"
12339,"0,169,216"
12340,"3,147,148"
12341,"426,23,508"
12342,"170,169"
12343,"0,216,271"
12344,"40,3,128"
12345,"128,40,129"
12346,"3,21,199"
12347,"10,220"
12348,"3,4"
12349,"23,10,38"
12350,"40,128,0"
12351,"23,84,74"
12352,"3,147,21"
12353,"3,40,160"
12354,"10,11,69"
12355,"0,265,271"
12356,"0,206,8"
12357,"170,169,3"
12358,"23,38,24"
12359,"10,220"
12360,"169,199,170"
12361,"40,131"
12362,"3,68,200"
12363,"0,8,218"
12364,"40,128,135"
12365,"49,23,24"
12366,"3,148,147"
12367,"10,72,11"
12368,"3,21,40"
12369,"40,41,286"
12370,"181,145,24"
12371,"169,199"
12372,"40,131,241"
12373,"0,218,457"
12374,"3,147,148"
12375,"40,23,145"
12376,"4,3,7"
12377,"40,128,131"
12378,"220,10"
12379,"3,5,133"
12380,"0,10,265"
12381,"40,41,21"
12382,"0,218,216"
12383,"170,171,169"
12384,"169,296,170"
12385,"40,128,186"
12386,"145,40,402"
12387,"3,21,40"
12388,"120,3,32"
12389,"169,31,199"
12390,"199,169,251"
12391,"10,64,323"
12392,"169,337,170"
12393,"199,169"
12394,"40,128,0"
12395,"44,145,10"
12396,"10,44,72"
12397,"169,170,199"
12398,"0,10,8"
12399,"199,431,169"
12400,"38,23"
12401,"145,44,40"
12402,"40,128,41"
12403,"3,21,187"
12404,"145,44,402"
12405,"32,23,31"
12406,"38,23,10"
12407,"199,169,187"
12408,"10,239,60"
12409,"169,170,0"
12410,"40,41,224"
12411,"0,271"
12412,"145,402,44"
12413,"3,148,147"
12414,"40,10,11"
12415,"181,145,323"
12416,"3,21,200"
12417,"3,200,21"
12418,"40,160,315"
12419,"199,169,251"
12420,"0,211,212"
12421,"49,169,24"
12422,"23,38,40"
12423,"23,38,24"
12424,"40,38,145"
12425,"4,3,188"
12426,"10,328,402"
12427,"0,40,8"
12428,"40,3,131"
12429,"23,24,43"
12430,"23,74,38"
12431,"3,148,147"
12432,"220,10"
12433,"40,184,131"
12434,"0,1,169"
12435,"40,3,21"
12436,"23,26,38"
12437,"3,21,200"
12438,"40,160,128"
12439,"23,38,26"
12440,"40,41,21"
12441,"3,21,115"
12442,"199,169,3"
12443,"10,11,69"
12444,"3,15,23"
12445,"220,10"
12446,"3,28,330"
12447,"3,4,200"
12448,"10,44,145"
12449,"38,74,23"
12450,"3,4,183"
12451,"3,60,13"
12452,"0,10,11"
12453,"0,44,145"
12454,"220,10"
12455,"10,64,145"
12456,"40,131"
12457,"220,10"
12458,"3,21,200"
12459,"0,216,370"
12460,"199,169"
12461,"38,23,39"
12462,"40,0,128"
12463,"169,170,337"
12464,"3,21,200"
12465,"3,147,148"
12466,"0,265,271"
12467,"3,4,200"
12468,"3,147,148"
12469,"3,169,199"
12470,"0,271,216"
12471,"26,0,89"
12472,"169,199,170"
12473,"0,8,206"
12474,"199,169,0"
12475,"40,184,368"
12476,"23,74,118"
12477,"3,4,200"
12478,"72,44,145"
12479,"23,74,38"
12480,"24,23,43"
12481,"40,131,128"
12482,"128,40,130"
12483,"38,23,74"
12484,"3,148,111"
12485,"169,199,251"
12486,"0,271"
12487,"38,23,40"
12488,"169,199,170"
12489,"3,187,21"
12490,"23,26,38"
12491,"3,147,148"
12492,"138,135,169"
12493,"199,169"
12494,"40,181,10"
12495,"10,239,60"
12496,"10,220"
12497,"3,40,21"
12498,"72,10,44"
12499,"3,4"
12500,"10,64,448"
12501,"23,38,199"
12502,"0,8"
12503,"118,23,74"
12504,"3,187,199"
12505,"3,199,169"
12506,"71,23,24"
12507,"40,184,128"
12508,"3,15,200"
12509,"0,271,313"
12510,"0,271,216"
12511,"170,169,199"
12512,"3,15,147"
12513,"3,21,40"
12514,"40,128,130"
12515,"23,38,26"
12516,"40,3,160"
12517,"3,21,40"
12518,"169,170,3"
12519,"3,21,200"
12520,"10,64"
12521,"3,200,21"
12522,"0,211,212"
12523,"23,62,38"
12524,"145,10,44"
12525,"10,64,11"
12526,"0,235,8"
12527,"0,255,271"
12528,"160,315,40"
12529,"3,15"
12530,"38,23,74"
12531,"32,23,31"
12532,"49,23,24"
12533,"220,23,38"
12534,"3,148,147"
12535,"23,62,24"
12536,"10,11,69"
12537,"40,3,41"
12538,"3,21,148"
12539,"0,271,216"
12540,"128,40,130"
12541,"169,337,170"
12542,"10,11,69"
12543,"206,8,0"
12544,"23,38,74"
12545,"23,74,118"
12546,"10,44,145"
12547,"3,28,21"
12548,"3,200,4"
12549,"3,4"
12550,"146,145,502"
12551,"3,4,183"
12552,"40,49,145"
12553,"296,169,23"
12554,"3,21,200"
12555,"3,147,148"
12556,"169,170"
12557,"199,431,169"
12558,"23,38,145"
12559,"0,145,40"
12560,"0,271,216"
12561,"128,129,40"
12562,"32,23,31"
12563,"0,10,265"
12564,"49,23,24"
12565,"0,10,265"
12566,"431,135,199"
12567,"0,271,216"
12568,"0,216,271"
12569,"0,216,211"
12570,"250,23,38"
12571,"10,11,44"
12572,"3,169,21"
12573,"23,38,24"
12574,"40,135,41"
12575,"3,148,147"
12576,"3,21,40"
12577,"3,21,200"
12578,"23,49,38"
12579,"38,23,26"
12580,"44,145,45"
12581,"44,72,145"
12582,"3,200,21"
12583,"23,38,24"
12584,"3,148,147"
12585,"40,131,128"
12586,"3,17,21"
12587,"3,4"
12588,"3,21,148"
12589,"0,211,212"
12590,"3,21,200"
12591,"17,3,40"
12592,"0,26,271"
12593,"3,147,148"
12594,"40,23,128"
12595,"23,118,74"
12596,"40,131,193"
12597,"199,169"
12598,"3,15"
12599,"3,21,200"
12600,"3,21,17"
12601,"26,23,0"
12602,"49,23,24"
12603,"0,216,265"
12604,"48,38,23"
12605,"0,271,216"
12606,"10,64"
12607,"0,265,271"
12608,"40,128,49"
12609,"0,271,216"
12610,"23,145,60"
12611,"3,21,200"
12612,"26,350,23"
12613,"3,40,224"
12614,"3,147,148"
12615,"3,40,21"
12616,"0,216,211"
12617,"3,21,200"
12618,"0,211,1"
12619,"3,147,148"
12620,"3,5,4"
12621,"402,145,40"
12622,"38,23,74"
12623,"366,0,271"
12624,"10,11,221"
12625,"72,44,10"
12626,"328,402,239"
12627,"169,199,23"
12628,"345,23,3"
12629,"0,216,208"
12630,"3,148,147"
12631,"181,10,40"
12632,"0,216,211"
12633,"0,271,218"
12634,"3,15,200"
12635,"3,21,40"
12636,"3,200,148"
12637,"40,131,139"
12638,"0,271,8"
12639,"3,15,16"
12640,"3,0,4"
12641,"3,21,200"
12642,"40,23,74"
12643,"38,309,23"
12644,"23,74"
12645,"49,23,24"
12646,"169,23,251"
12647,"3,21,28"
12648,"10,64,169"
12649,"40,41,21"
12650,"0,218,216"
12651,"3,21,200"
12652,"402,145,40"
12653,"3,21,17"
12654,"3,17,15"
12655,"337,169,339"
12656,"0,265,216"
12657,"3,187,21"
12658,"0,216,271"
12659,"23,74,38"
12660,"402,145,10"
12661,"3,147,148"
12662,"40,146,283"
12663,"3,4,188"
12664,"23,38,24"
12665,"10,64,221"
12666,"3,40,21"
12667,"220,10"
12668,"40,131,134"
12669,"40,10,23"
12670,"0,271,216"
12671,"145,44,23"
12672,"3,17,200"
12673,"234,10,60"
12674,"10,11,221"
12675,"84,23,74"
12676,"40,41,21"
12677,"3,199,169"
12678,"10,64,93"
12679,"3,21,40"
12680,"40,131,134"
12681,"169,24,199"
12682,"0,8,26"
12683,"23,38,74"
12684,"23,24,10"
12685,"169,199,170"
12686,"199,169"
12687,"0,509,218"
12688,"26,23,89"
12689,"169,296,199"
12690,"169,199,3"
12691,"220,10"
12692,"3,4"
12693,"10,64,448"
12694,"199,169,170"
12695,"10,220,44"
12696,"3,21,40"
12697,"3,40,21"
12698,"0,271,8"
12699,"199,169"
12700,"40,21,41"
12701,"49,23,24"
12702,"3,21,200"
12703,"160,40,315"
12704,"0,271,216"
12705,"40,131"
12706,"40,131,128"
12707,"202,3,111"
12708,"26,23,89"
12709,"23,44,231"
12710,"10,64,93"
12711,"23,24,43"
12712,"10,44,24"
12713,"10,220,145"
12714,"3,21,17"
12715,"0,271,216"
12716,"40,128,131"
12717,"3,17,111"
12718,"169,170,3"
12719,"10,220"
12720,"40,160,315"
12721,"169,3,170"
12722,"3,147,148"
12723,"3,17,21"
12724,"40,160,131"
12725,"23,74,38"
12726,"145,44,40"
12727,"129,128,40"
12728,"3,21,48"
12729,"23,38,44"
12730,"23,38,26"
12731,"0,370,216"
12732,"0,313,346"
12733,"199,169"
12734,"3,187,21"
12735,"224,40,41"
12736,"23,71,24"
12737,"118,74,23"
12738,"26,0,350"
12739,"3,40,21"
12740,"3,21,200"
12741,"199,220,169"
12742,"0,271"
12743,"23,96,239"
12744,"17,3,40"
12745,"10,64,90"
12746,"40,131,159"
12747,"0,271,218"
12748,"0,23,38"
12749,"40,131,128"
12750,"0,216,271"
12751,"10,11,64"
12752,"0,271,363"
12753,"23,31,40"
12754,"0,271"
12755,"38,23,24"
12756,"10,40,64"
12757,"49,23,24"
12758,"170,169,3"
12759,"40,128,49"
12760,"0,23,26"
12761,"3,4,435"
12762,"3,17,18"
12763,"235,0,8"
12764,"169,199"
12765,"206,0,8"
12766,"24,23,43"
12767,"4,3,7"
12768,"220,10"
12769,"10,64"
12770,"23,38,74"
12771,"145,23,44"
12772,"0,235,8"
12773,"118,23,74"
12774,"3,147,523"
12775,"169,3,199"
12776,"220,10"
12777,"3,21,200"
12778,"23,24,43"
12779,"3,21,200"
12780,"0,216,10"
12781,"3,147,148"
12782,"10,64,93"
12783,"10,64,11"
12784,"15,3,16"
12785,"24,23,43"
12786,"3,147,148"
12787,"199,169,3"
12788,"0,271"
12789,"169,170,199"
12790,"169,170,0"
12791,"10,64,370"
12792,"38,23,26"
12793,"3,147,148"
12794,"3,4,435"
12795,"38,23,74"
12796,"49,23,24"
12797,"10,145,402"
12798,"199,169,251"
12799,"3,4,200"
12800,"328,40,129"
12801,"3,15,46"
12802,"3,68,199"
12803,"10,64,24"
12804,"199,145,181"
12805,"3,147,148"
12806,"0,8,216"
12807,"10,64,11"
12808,"3,148,15"
12809,"170,169"
12810,"0,211,279"
12811,"169,199,23"
12812,"10,64,93"
12813,"0,8,235"
12814,"10,64,448"
12815,"40,3,41"
12816,"10,3,13"
12817,"3,200,21"
12818,"170,169,171"
12819,"0,206,369"
12820,"169,170,199"
12821,"3,187,21"
12822,"169,251,199"
12823,"3,21,40"
12824,"169,170,32"
12825,"49,23,24"
12826,"40,131"
12827,"199,169"
12828,"199,169,251"
12829,"3,21,200"
12830,"10,64,23"
12831,"17,3,18"
12832,"72,10,44"
12833,"3,224,111"
12834,"3,21,200"
12835,"0,26,38"
12836,"10,93,64"
12837,"3,15,17"
12838,"40,41,3"
12839,"220,10"
12840,"3,15,148"
12841,"0,216,271"
12842,"23,74,165"
12843,"40,23,131"
12844,"3,17,21"
12845,"23,26,38"
12846,"40,23,74"
12847,"3,4,21"
12848,"3,28,21"
12849,"10,220"
12850,"8,40,128"
12851,"3,21,200"
12852,"3,4,375"
12853,"40,3,128"
12854,"145,44,40"
12855,"169,199"
12856,"72,44,10"
12857,"0,265,271"
12858,"3,0,21"
12859,"10,220"
12860,"169,199,40"
12861,"4,3"
12862,"3,15"
12863,"0,271,265"
12864,"3,199,169"
12865,"3,21,148"
12866,"220,10"
12867,"10,64,11"
12868,"3,21,40"
12869,"206,0,8"
12870,"17,3,18"
12871,"40,31,328"
12872,"199,3,21"
12873,"10,64"
12874,"38,23"
12875,"0,271,26"
12876,"23,44,38"
12877,"3,4"
12878,"220,10"
12879,"3,17,18"
12880,"0,8,206"
12881,"3,147,148"
12882,"32,23,31"
12883,"40,131,184"
12884,"10,0,229"
12885,"170,171,169"
12886,"3,15,16"
12887,"40,250,128"
12888,"40,3,41"
12889,"3,21,200"
12890,"26,89,23"
12891,"3,147,148"
12892,"169,0,199"
12893,"118,23,74"
12894,"0,26,271"
12895,"40,41,3"
12896,"26,23,169"
12897,"169,40,199"
12898,"0,8,391"
12899,"169,426,508"
12900,"40,131,128"
12901,"3,21,199"
12902,"199,3,169"
12903,"0,271,366"
12904,"10,40,3"
12905,"23,24,43"
12906,"10,402,145"
12907,"199,169,40"
12908,"40,131"
12909,"23,44,38"
12910,"202,3,250"
12911,"26,89,23"
12912,"3,21,187"
12913,"3,147,148"
12914,"24,23,43"
12915,"3,187,21"
12916,"24,23,10"
12917,"206,8,0"
12918,"23,3,40"
12919,"23,24,10"
12920,"32,31,23"
12921,"145,10,44"
12922,"3,15,148"
12923,"199,169,223"
12924,"40,135,138"
12925,"220,10"
12926,"23,38,74"
12927,"40,169,199"
12928,"3,147,148"
12929,"3,40,21"
12930,"23,25,10"
12931,"23,0,38"
12932,"8,0,206"
12933,"199,169,0"
12934,"3,21,28"
12935,"220,10"
12936,"23,40,38"
12937,"0,8,206"
12938,"3,4"
12939,"145,40,0"
12940,"0,271,265"
12941,"169,171,170"
12942,"10,44,11"
12943,"0,265,340"
12944,"10,64,11"
12945,"220,10"
12946,"10,64,93"
12947,"23,38,10"
12948,"3,200,111"
12949,"169,0,199"
12950,"3,4"
12951,"10,220,145"
12952,"3,21,40"
12953,"3,523,147"
12954,"10,44,11"
12955,"3,4"
12956,"170,171,169"
12957,"49,23,24"
12958,"40,128,129"
12959,"0,8,3"
12960,"40,23,74"
12961,"169,199,3"
12962,"0,218,216"
12963,"74,23,165"
12964,"89,26,23"
12965,"3,40,21"
12966,"24,23,10"
12967,"3,147,148"
12968,"40,160,315"
12969,"3,21,148"
12970,"23,38,24"
12971,"40,146,145"
12972,"169,199,426"
12973,"10,220,11"
12974,"26,23,231"
12975,"296,169"
12976,"0,271"
12977,"40,128,23"
12978,"3,40,17"
12979,"3,4,170"
12980,"3,21,200"
12981,"40,131,241"
12982,"23,74,40"
12983,"10,64,93"
12984,"170,169,3"
12985,"0,216,271"
12986,"40,250,128"
12987,"3,21,200"
12988,"23,49,24"
12989,"206,8,23"
12990,"169,199,170"
12991,"40,402,328"
12992,"145,44,23"
12993,"0,199,169"
12994,"0,10,8"
12995,"10,23,62"
12996,"3,40,21"
12997,"23,24,43"
12998,"145,402,40"
12999,"24,10,43"
13000,"3,21,200"
13001,"170,169,199"
13002,"3,21,200"
13003,"3,4,375"
13004,"145,24,23"
13005,"3,40,17"
13006,"10,64,24"
13007,"3,21,187"
13008,"0,271,216"
13009,"44,145,10"
13010,"220,3,114"
13011,"17,3,18"
13012,"145,44,10"
13013,"23,38,74"
13014,"3,15,17"
13015,"44,145,73"
13016,"0,271,26"
13017,"3,147,148"
13018,"3,4,21"
13019,"0,271"
13020,"10,44,145"
13021,"135,241,250"
13022,"3,187,21"
13023,"181,10,40"
13024,"0,26,23"
13025,"32,31,23"
13026,"3,187,17"
13027,"40,160,315"
13028,"169,170,199"
13029,"0,271,216"
13030,"26,0,23"
13031,"169,170,199"
13032,"23,38,63"
13033,"26,89,23"
13034,"23,71,38"
13035,"0,271,216"
13036,"23,31,38"
13037,"199,169"
13038,"10,40,220"
13039,"199,169,3"
13040,"3,15,147"
13041,"199,169,170"
13042,"220,10"
13043,"0,218,509"
13044,"3,21,200"
13045,"0,8,40"
13046,"3,169,21"
13047,"3,169,337"
13048,"3,147,148"
13049,"10,145,40"
13050,"3,21,200"
13051,"40,41,128"
13052,"23,74,38"
13053,"74,128,23"
13054,"10,64,44"
13055,"38,23,137"
13056,"3,21,200"
13057,"199,169,23"
13058,"89,26,73"
13059,"199,169"
13060,"426,10,508"
13061,"0,26,89"
13062,"40,23,131"
13063,"296,169,306"
13064,"10,64,448"
13065,"17,3,21"
13066,"0,279,249"
13067,"23,74,38"
13068,"3,21,148"
13069,"3,40,21"
13070,"40,23,145"
13071,"220,10"
13072,"220,10"
13073,"23,74,40"
13074,"40,131,193"
13075,"40,160,128"
13076,"40,135,131"
13077,"40,160,315"
13078,"32,31,23"
13079,"23,24,43"
13080,"10,64"
13081,"0,271,216"
13082,"169,170,199"
13083,"10,44,145"
13084,"170,169,171"
13085,"199,169"
13086,"10,24,23"
13087,"3,85,86"
13088,"40,131,128"
13089,"4,3,435"
13090,"169,199,0"
13091,"40,23,131"
13092,"3,4,200"
13093,"0,271,216"
13094,"199,431,169"
13095,"23,38,74"
13096,"0,8,26"
13097,"3,28,21"
13098,"0,216,279"
13099,"40,160,3"
13100,"8,206,0"
13101,"220,10"
13102,"10,24,49"
13103,"40,250,135"
13104,"224,41,40"
13105,"40,131"
13106,"23,38,74"
13107,"129,128,239"
13108,"3,15,4"
13109,"23,38,62"
13110,"23,231,118"
13111,"40,131,3"
13112,"10,11,44"
13113,"23,24,74"
13114,"3,21,200"
13115,"23,74,107"
13116,"10,220,145"
13117,"3,147,148"
13118,"3,85,86"
13119,"0,206,8"
13120,"160,40,302"
13121,"3,4,200"
13122,"199,169,170"
13123,"0,271"
13124,"40,128,130"
13125,"0,129,40"
13126,"3,5,133"
13127,"402,40,145"
13128,"23,74,38"
13129,"231,26,206"
13130,"3,200,15"
13131,"0,229,216"
13132,"40,128,129"
13133,"40,184,131"
13134,"10,44,11"
13135,"23,24,38"
13136,"0,206,8"
13137,"40,181,10"
13138,"44,145,23"
13139,"23,345,38"
13140,"10,220"
13141,"3,199,169"
13142,"10,64,24"
13143,"0,271,313"
13144,"3,4,40"
13145,"10,11,69"
13146,"175,40,38"
13147,"3,21,4"
13148,"0,255,216"
13149,"40,135,138"
13150,"10,220,0"
13151,"3,147,148"
13152,"40,128,41"
13153,"0,8,235"
13154,"11,10,69"
13155,"3,15,200"
13156,"40,131"
13157,"250,38,23"
13158,"3,21,200"
13159,"0,218,216"
13160,"44,145,73"
13161,"3,21,148"
13162,"3,4"
13163,"3,21,200"
13164,"8,0,206"
13165,"10,72,11"
13166,"10,93,239"
13167,"10,11,234"
13168,"17,3,18"
13169,"4,3,7"
13170,"3,147,148"
13171,"38,23,3"
13172,"169,199"
13173,"169,199,170"
13174,"0,3,265"
13175,"3,21,200"
13176,"3,4,15"
13177,"169,170,199"
13178,"10,64,448"
13179,"23,24,38"
13180,"23,0,38"
13181,"10,64,93"
13182,"10,64"
13183,"181,40,23"
13184,"3,32,147"
13185,"8,0,206"
13186,"40,162,128"
13187,"220,10"
13188,"145,24,23"
13189,"40,131"
13190,"40,131,134"
13191,"3,148,147"
13192,"24,23,43"
13193,"23,135,38"
13194,"0,8,271"
13195,"0,271,216"
13196,"169,199,170"
13197,"0,271,216"
13198,"3,21,40"
13199,"337,339,169"
13200,"3,21,200"
13201,"40,146,145"
13202,"3,21,200"
13203,"3,202,53"
13204,"17,3,18"
13205,"220,10"
13206,"11,10,69"
13207,"10,239,60"
13208,"72,44,145"
13209,"32,23,31"
13210,"32,147,3"
13211,"40,128,129"
13212,"3,148,147"
13213,"10,93,64"
13214,"24,43,23"
13215,"3,200,148"
13216,"169,170,8"
13217,"31,508,23"
13218,"234,10,60"
13219,"3,188,40"
13220,"169,426,199"
13221,"145,44,23"
13222,"328,23,31"
13223,"0,271,265"
13224,"3,13,169"
13225,"3,17,15"
13226,"40,131,134"
13227,"3,4,375"
13228,"38,23,24"
13229,"23,38,74"
13230,"199,169"
13231,"169,199,426"
13232,"494,40,184"
13233,"10,15,16"
13234,"10,64,93"
13235,"40,41,3"
13236,"38,23,40"
13237,"3,21,200"
13238,"3,21,200"
13239,"3,21,182"
13240,"402,40,0"
13241,"40,145,44"
13242,"10,93,64"
13243,"220,10"
13244,"123,111,3"
13245,"40,131,193"
13246,"40,145,44"
13247,"10,64,26"
13248,"3,21,200"
13249,"138,169,135"
13250,"0,271,218"
13251,"23,38,62"
13252,"10,24,23"
13253,"10,44,145"
13254,"44,11,10"
13255,"10,64,448"
13256,"3,21,200"
13257,"0,10,40"
13258,"170,135,459"
13259,"3,4,200"
13260,"40,128,131"
13261,"0,271,216"
13262,"40,146,10"
13263,"169,199,251"
13264,"10,64"
13265,"84,23,74"
13266,"40,181,145"
13267,"10,145,220"
13268,"3,148,296"
13269,"10,11,69"
13270,"199,169"
13271,"10,64"
13272,"26,23,231"
13273,"40,315,160"
13274,"3,187,34"
13275,"40,131,169"
13276,"23,38,137"
13277,"23,40,74"
13278,"10,64"
13279,"0,296,225"
13280,"3,0,17"
13281,"169,199,0"
13282,"402,40,145"
13283,"0,26,8"
13284,"10,145,54"
13285,"23,74,38"
13286,"40,41,128"
13287,"40,169,199"
13288,"23,38,24"
13289,"290,10,23"
13290,"17,18,3"
13291,"10,220"
13292,"40,131"
13293,"0,271,216"
13294,"38,23"
13295,"3,21,200"
13296,"3,21,4"
13297,"206,0,8"
13298,"3,147,148"
13299,"10,181,24"
13300,"3,4,200"
13301,"0,8,391"
13302,"3,4,200"
13303,"0,218,211"
13304,"169,170,199"
13305,"220,10"
13306,"0,211,216"
13307,"40,128,131"
13308,"0,271,216"
13309,"40,315,160"
13310,"402,10,40"
13311,"3,17,18"
13312,"40,128,129"
13313,"3,523,147"
13314,"171,170,169"
13315,"40,402,145"
13316,"40,135,41"
13317,"24,23,10"
13318,"10,11,69"
13319,"199,169,49"
13320,"0,265,271"
13321,"0,8,235"
13322,"23,290,31"
13323,"23,40,402"
13324,"239,23,60"
13325,"40,128,186"
13326,"40,3,131"
13327,"199,169,40"
13328,"199,169,0"
13329,"199,169,3"
13330,"3,21,187"
13331,"0,10,216"
13332,"0,271,216"
13333,"40,145,131"
13334,"11,10,69"
13335,"3,40,10"
13336,"145,44,10"
13337,"10,93,64"
13338,"160,40,315"
13339,"23,10,24"
13340,"38,23,74"
13341,"3,111,17"
13342,"170,171,169"
13343,"10,64"
13344,"199,169,38"
13345,"23,38,24"
13346,"26,0,271"
13347,"169,170,199"
13348,"71,10,220"
13349,"3,21,200"
13350,"23,74,38"
13351,"0,8,235"
13352,"3,21,200"
13353,"26,23,350"
13354,"40,145,44"
13355,"0,216,169"
13356,"3,170,21"
13357,"49,23,24"
13358,"10,72,44"
13359,"23,38,10"
13360,"23,49,24"
13361,"10,11,69"
13362,"3,21,200"
13363,"44,145,23"
13364,"23,38,26"
13365,"11,10,69"
13366,"199,169,170"
13367,"4,3,7"
13368,"40,131,368"
13369,"40,128,131"
13370,"160,40,315"
13371,"0,271,26"
13372,"0,218,8"
13373,"3,523,148"
13374,"0,271,26"
13375,"23,24,38"
13376,"40,131"
13377,"40,131,41"
13378,"169,199,170"
13379,"169,129,170"
13380,"3,147,148"
13381,"3,21,200"
13382,"296,169"
13383,"220,10"
13384,"206,3,8"
13385,"128,129,40"
13386,"10,3,23"
13387,"3,21,17"
13388,"17,3,169"
13389,"0,26,23"
13390,"199,169,3"
13391,"169,199,40"
13392,"181,40,24"
13393,"23,31,169"
13394,"40,128,129"
13395,"23,74,71"
13396,"3,21,40"
13397,"40,169,170"
13398,"40,41,131"
13399,"44,10,145"
13400,"220,10"
13401,"147,156,3"
13402,"0,8,26"
13403,"3,4,200"
13404,"17,3,10"
13405,"10,0,220"
13406,"40,145,131"
13407,"10,64,93"
13408,"199,169,40"
13409,"3,15,200"
13410,"3,147,148"
13411,"0,271,216"
13412,"10,23,24"
13413,"3,111,267"
13414,"3,21,200"
13415,"40,128,129"
13416,"10,11,205"
13417,"38,23"
13418,"74,23,165"
13419,"32,23,31"
13420,"3,21,148"
13421,"145,44,10"
13422,"49,23,24"
13423,"3,200,21"
13424,"3,15"
13425,"40,128,195"
13426,"169,199,296"
13427,"44,23,145"
13428,"23,38,26"
13429,"38,23"
13430,"206,8,0"
13431,"3,17,21"
13432,"181,60,43"
13433,"4,3"
13434,"145,44,10"
13435,"3,15,200"
13436,"0,26,271"
13437,"10,11,205"
13438,"370,0,10"
13439,"10,64,93"
13440,"8,0,235"
13441,"23,38,10"
13442,"10,220"
13443,"145,44,40"
13444,"3,4,21"
13445,"23,24,10"
13446,"23,40,38"
13447,"23,38,74"
13448,"32,23,31"
13449,"40,131,241"
13450,"3,15"
13451,"3,187,21"
13452,"49,23,24"
13453,"3,4"
13454,"11,10,69"
13455,"199,169,23"
13456,"3,5,133"
13457,"23,24,43"
13458,"10,169,199"
13459,"38,23,74"
13460,"3,301,21"
13461,"23,38,26"
13462,"23,40,74"
13463,"3,187,21"
13464,"0,457,218"
13465,"10,44,72"
13466,"23,24,43"
13467,"10,24,23"
13468,"26,0,38"
13469,"0,49,265"
13470,"17,3,18"
13471,"199,169"
13472,"0,8,206"
13473,"4,40,3"
13474,"3,21,200"
13475,"145,24,40"
13476,"40,3,184"
13477,"40,128,41"
13478,"23,38,40"
13479,"26,23,0"
13480,"169,199,38"
13481,"3,4,148"
13482,"0,26,271"
13483,"23,38"
13484,"169,170"
13485,"10,24,181"
13486,"199,169"
13487,"0,216,211"
13488,"3,4"
13489,"3,148,147"
13490,"10,239,60"
13491,"169,199,40"
13492,"23,74,38"
13493,"199,3,169"
13494,"26,231,0"
13495,"74,165,23"
13496,"21,3,40"
13497,"145,10,44"
13498,"10,93,64"
13499,"3,170,169"
13500,"40,128,130"
13501,"3,40,21"
13502,"169,170,337"
13503,"3,4"
13504,"26,89,23"
13505,"40,131,160"
13506,"160,40"
13507,"38,23,26"
13508,"169,199,170"
13509,"3,21,48"
13510,"3,40,4"
13511,"3,147,148"
13512,"40,131,41"
13513,"24,43,145"
13514,"169,199,170"
13515,"3,21,200"
13516,"23,74,40"
13517,"4,3"
13518,"170,169,3"
13519,"3,17,21"
13520,"8,0,23"
13521,"38,23"
13522,"3,21,187"
13523,"10,23,24"
13524,"38,23,82"
13525,"0,271,216"
13526,"44,145,10"
13527,"49,23,24"
13528,"23,38,71"
13529,"3,135,40"
13530,"0,8,206"
13531,"23,118,74"
13532,"23,24,38"
13533,"10,220"
13534,"10,220,241"
13535,"118,23,74"
13536,"40,3,21"
13537,"40,131,23"
13538,"10,64,448"
13539,"23,38,62"
13540,"3,21,200"
13541,"40,131"
13542,"199,169,38"
13543,"169,199,170"
13544,"10,64,448"
13545,"40,131"
13546,"32,31,23"
13547,"26,23,0"
13548,"24,23,43"
13549,"3,21,200"
13550,"0,271,216"
13551,"40,131"
13552,"0,313,346"
13553,"40,128,129"
13554,"40,131,134"
13555,"181,40,145"
13556,"3,5,21"
13557,"3,200,148"
13558,"23,106,24"
13559,"8,206,0"
13560,"3,21,200"
13561,"3,187,21"
13562,"3,148,147"
13563,"181,24,43"
13564,"40,128,10"
13565,"220,10"
13566,"160,40,315"
13567,"3,147,148"
13568,"0,216,211"
13569,"40,146,145"
13570,"10,93,64"
13571,"0,271,216"
13572,"3,4,21"
13573,"3,0,216"
13574,"40,3,41"
13575,"3,15,200"
13576,"3,21"
13577,"10,64,93"
13578,"145,40,402"
13579,"169,199,160"
13580,"0,271,216"
13581,"3,21,500"
13582,"3,21,17"
13583,"40,21,3"
13584,"11,10,69"
13585,"10,220,221"
13586,"40,131,241"
13587,"169,170,199"
13588,"199,169"
13589,"3,21,200"
13590,"0,265,216"
13591,"3,111,21"
13592,"23,38,26"
13593,"10,93,64"
13594,"3,15,200"
13595,"10,239,64"
13596,"0,271,8"
13597,"3,21,148"
13598,"206,0,8"
13599,"3,40,23"
13600,"0,265,271"
13601,"32,23,31"
13602,"23,38,26"
13603,"3,21,200"
13604,"199,169"
13605,"23,24,43"
13606,"40,184,131"
13607,"3,187,21"
13608,"23,10,24"
13609,"0,218,265"
13610,"3,15,200"
13611,"24,23,43"
13612,"170,169,459"
13613,"3,21,40"
13614,"3,40,17"
13615,"0,271,265"
13616,"494,40,160"
13617,"170,169"
13618,"32,3,31"
13619,"3,21,200"
13620,"23,49,24"
13621,"3,40,21"
13622,"0,26,23"
13623,"3,5,133"
13624,"199,169,23"
13625,"10,64,93"
13626,"23,24,175"
13627,"10,64"
13628,"8,206,0"
13629,"40,367,3"
13630,"3,111,200"
13631,"0,271,216"
13632,"23,74,0"
13633,"24,23,10"
13634,"3,40,21"
13635,"10,64,448"
13636,"13,3,20"
13637,"181,145,24"
13638,"40,316,135"
13639,"169,170,296"
13640,"3,21,187"
13641,"24,23,43"
13642,"26,23,89"
13643,"23,26,84"
13644,"3,187,170"
13645,"40,131"
13646,"10,220,0"
13647,"49,23,24"
13648,"40,131,128"
13649,"0,206,8"
13650,"3,17,40"
13651,"0,216,218"
13652,"3,15,16"
13653,"118,23,74"
13654,"220,10"
13655,"220,10"
13656,"23,24,43"
13657,"3,21,200"
13658,"40,199,131"
13659,"236,135,40"
13660,"3,15,16"
13661,"3,15,200"
13662,"402,145,10"
13663,"3,15,4"
13664,"0,271,216"
13665,"199,169,170"
13666,"10,220,145"
13667,"145,44,40"
13668,"0,211,212"
13669,"3,202,21"
13670,"40,135,41"
13671,"23,74,38"
13672,"296,169,306"
13673,"26,231,23"
13674,"32,23,31"
13675,"40,23,74"
13676,"0,216,271"
13677,"220,10"
13678,"0,10,11"
13679,"3,21,148"
13680,"199,169,10"
13681,"328,10,31"
13682,"17,3,10"
13683,"0,8,206"
13684,"199,169,40"
13685,"10,220,221"
13686,"3,101,40"
13687,"220,10"
13688,"3,21,148"
13689,"26,89,23"
13690,"40,131,134"
13691,"40,23,10"
13692,"23,145,38"
13693,"3,4,200"
13694,"48,309,38"
13695,"3,148,147"
13696,"26,89,23"
13697,"199,3,187"
13698,"40,128,131"
13699,"4,3"
13700,"3,21,0"
13701,"23,24,43"
13702,"10,64,93"
13703,"220,10"
13704,"10,145,44"
13705,"10,64,448"
13706,"10,3,13"
13707,"40,224,32"
13708,"3,21,148"
13709,"10,64,11"
13710,"128,129,40"
13711,"10,24,23"
13712,"3,21,200"
13713,"0,265,216"
13714,"4,3,188"
13715,"0,313,271"
13716,"169,199,0"
13717,"23,74,38"
13718,"169,170,199"
13719,"40,128,3"
13720,"199,169,170"
13721,"23,49,24"
13722,"3,148,21"
13723,"169,199,426"
13724,"296,169,333"
13725,"3,4,148"
13726,"3,5,200"
13727,"3,13,21"
13728,"3,170,169"
13729,"8,0,169"
13730,"0,271,26"
13731,"3,200,147"
13732,"3,275,111"
13733,"3,40,21"
13734,"3,111,200"
13735,"10,220,11"
13736,"169,199,170"
13737,"23,38,74"
13738,"10,220,40"
13739,"0,271,216"
13740,"3,21,200"
13741,"3,21,200"
13742,"3,170,169"
13743,"23,38,199"
13744,"24,43,10"
13745,"10,40,23"
13746,"40,21,3"
13747,"10,48,23"
13748,"0,10,218"
13749,"23,74,165"
13750,"169,296,199"
13751,"3,21,17"
13752,"3,200,15"
13753,"3,5,133"
13754,"10,24,239"
13755,"10,64,170"
13756,"199,169"
13757,"40,160,128"
13758,"40,131,159"
13759,"10,40,64"
13760,"40,131,241"
13761,"0,216,249"
13762,"10,220"
13763,"10,93,64"
13764,"10,64,93"
13765,"3,15,200"
13766,"170,171,169"
13767,"0,23,26"
13768,"199,169,431"
13769,"145,44,40"
13770,"0,271,265"
13771,"169,170,199"
13772,"3,4,15"
13773,"40,131,159"
13774,"170,169,10"
13775,"44,145,23"
13776,"3,21,200"
13777,"10,11"
13778,"23,26,71"
13779,"0,128,218"
13780,"31,0,169"
13781,"0,271"
13782,"3,187,21"
13783,"4,3,435"
13784,"23,38,24"
13785,"188,3,4"
13786,"145,44,40"
13787,"0,271,216"
13788,"10,220,25"
13789,"4,3,7"
13790,"0,346,313"
13791,"3,187,21"
13792,"40,181,145"
13793,"3,200,148"
13794,"23,44,145"
13795,"220,10"
13796,"10,64,448"
13797,"40,135,138"
13798,"23,38,145"
13799,"199,169,251"
13800,"3,147,148"
13801,"118,23,74"
13802,"160,315,40"
13803,"17,3,18"
13804,"3,21,148"
13805,"0,216,26"
13806,"26,89,0"
13807,"220,10"
13808,"169,170,3"
13809,"40,131,199"
13810,"23,49,24"
13811,"10,220"
13812,"10,220,0"
13813,"23,38,24"
13814,"21,3,40"
13815,"169,199,426"
13816,"72,44,10"
13817,"4,3,7"
13818,"48,10,64"
13819,"0,26,23"
13820,"181,145,40"
13821,"3,21,4"
13822,"0,271,265"
13823,"23,49,24"
13824,"23,38,74"
13825,"10,145,44"
13826,"3,15,275"
13827,"23,32,74"
13828,"3,4"
13829,"32,23,31"
13830,"0,271,216"
13831,"17,3,18"
13832,"3,21,200"
13833,"296,169"
13834,"0,40,128"
13835,"169,199,170"
13836,"0,206,8"
13837,"10,64,145"
13838,"3,21,148"
13839,"0,211,216"
13840,"40,131,145"
13841,"3,40,21"
13842,"10,128,40"
13843,"3,4"
13844,"40,128,131"
13845,"23,24,43"
13846,"10,64,448"
13847,"0,265,273"
13848,"10,64,93"
13849,"3,21,199"
13850,"10,13,40"
13851,"23,38,26"
13852,"3,15,147"
13853,"26,0,89"
13854,"3,21,187"
13855,"0,271"
13856,"199,3,169"
13857,"181,145,24"
13858,"10,64,44"
13859,"3,147,148"
13860,"0,271,216"
13861,"220,10"
13862,"40,146,145"
13863,"40,96,31"
13864,"0,8,327"
13865,"10,220"
13866,"3,170,169"
13867,"38,23,26"
13868,"38,309,23"
13869,"3,200,21"
13870,"40,3,41"
13871,"32,23,31"
13872,"23,24,38"
13873,"3,17,21"
13874,"23,74,118"
13875,"0,218,457"
13876,"3,17,21"
13877,"23,26,38"
13878,"40,128,129"
13879,"10,64,44"
13880,"220,10"
13881,"10,64,11"
13882,"23,147,3"
13883,"3,21,200"
13884,"40,131,31"
13885,"3,21,200"
13886,"0,265,10"
13887,"220,10"
13888,"40,128,129"
13889,"10,40,448"
13890,"3,21,200"
13891,"3,187,21"
13892,"10,64,44"
13893,"44,23,145"
13894,"40,89,0"
13895,"239,10,24"
13896,"40,128,131"
13897,"0,230,218"
13898,"40,41,128"
13899,"72,61,145"
13900,"169,199,170"
13901,"0,271,216"
13902,"3,21,187"
13903,"93,10,64"
13904,"170,169"
13905,"3,21"
13906,"15,3,16"
13907,"145,44,23"
13908,"23,74,38"
13909,"40,160,73"
13910,"40,224,41"
13911,"3,170,169"
13912,"26,350,23"
13913,"40,131"
13914,"169,170,296"
13915,"220,10"
13916,"0,26,23"
13917,"23,123,38"
13918,"10,93,64"
13919,"170,169,3"
13920,"3,21,148"
13921,"40,160,315"
13922,"231,23,44"
13923,"3,21,200"
13924,"3,148,200"
13925,"181,145,40"
13926,"40,128,186"
13927,"169,170,3"
13928,"40,184,23"
13929,"71,23,24"
13930,"3,4,200"
13931,"40,135,131"
13932,"3,17,21"
13933,"40,145,44"
13934,"26,23,38"
13935,"40,41,3"
13936,"40,131,128"
13937,"169,3,170"
13938,"3,147,148"
13939,"72,44,10"
13940,"10,44,145"
13941,"40,250,128"
13942,"296,169,306"
13943,"23,24,10"
13944,"220,10"
13945,"10,64"
13946,"220,10"
13947,"44,72,145"
13948,"40,175,128"
13949,"3,5,200"
13950,"0,8,129"
13951,"3,17,21"
13952,"10,0,11"
13953,"169,199"
13954,"169,459,170"
13955,"4,3,7"
13956,"3,4"
13957,"169,170,199"
13958,"169,296,428"
13959,"10,93,64"
13960,"3,21,48"
13961,"169,296,199"
13962,"118,74,23"
13963,"169,8,0"
13964,"0,271,216"
13965,"40,131,250"
13966,"3,202,40"
13967,"0,211,216"
13968,"0,235,8"
13969,"0,313,346"
13970,"3,4,148"
13971,"3,15,17"
13972,"199,169,40"
13973,"40,138,135"
13974,"23,74,118"
13975,"271,0"
13976,"3,199,187"
13977,"0,216,40"
13978,"145,44,402"
13979,"0,169,199"
13980,"10,23,145"
13981,"40,250,128"
13982,"23,231,26"
13983,"3,148,200"
13984,"3,111,123"
13985,"3,40,41"
13986,"10,64,44"
13987,"220,10"
13988,"3,15,275"
13989,"3,21,200"
13990,"10,64,93"
13991,"23,40,131"
13992,"10,64"
13993,"3,17,15"
13994,"40,128,0"
13995,"3,17,21"
13996,"10,93,64"
13997,"3,17,18"
13998,"40,131"
13999,"3,15,200"
14000,"49,23,24"
14001,"0,271,216"
14002,"4,7,3"
14003,"0,366,271"
14004,"44,145,10"
14005,"3,21,200"
14006,"10,40,220"
14007,"3,17,148"
14008,"10,72,11"
14009,"220,10"
14010,"10,64,448"
14011,"40,181,145"
14012,"3,21,41"
14013,"3,21,17"
14014,"170,169,171"
14015,"0,271,213"
14016,"40,250,131"
14017,"3,187,21"
14018,"40,131,128"
14019,"3,147,148"
14020,"3,21,200"
14021,"199,169,170"
14022,"10,40,23"
14023,"44,10,145"
14024,"169,0,170"
14025,"3,21,200"
14026,"40,146,145"
14027,"129,128,40"
14028,"0,216,211"
14029,"187,3,21"
14030,"23,38,74"
14031,"3,21,200"
14032,"3,147,148"
14033,"40,131"
14034,"31,40,96"
14035,"23,38,26"
14036,"40,131"
14037,"41,40,224"
14038,"23,26,38"
14039,"38,23"
14040,"40,128,131"
14041,"0,235,216"
14042,"3,4"
14043,"10,64"
14044,"3,170,21"
14045,"3,200,148"
14046,"6,3,5"
14047,"10,64,220"
14048,"206,8,0"
14049,"170,171,169"
14050,"169,3,10"
14051,"23,38,40"
14052,"10,64,24"
14053,"170,171,169"
14054,"40,138,135"
14055,"40,41,224"
14056,"0,271,216"
14057,"26,23,89"
14058,"3,23,32"
14059,"23,38,74"
14060,"0,271,216"
14061,"26,89,23"
14062,"48,10,23"
14063,"129,128,40"
14064,"3,4,148"
14065,"44,145,73"
14066,"3,40,21"
14067,"40,145,146"
14068,"170,3,169"
14069,"40,128,8"
14070,"8,23,206"
14071,"23,40,24"
14072,"290,3,31"
14073,"0,271,26"
14074,"0,271,366"
14075,"181,323,10"
14076,"169,199,170"
14077,"199,169,40"
14078,"15,3"
14079,"23,26,38"
14080,"0,216,10"
14081,"3,21,200"
14082,"40,128,41"
14083,"169,170,199"
14084,"10,64,93"
14085,"184,40,23"
14086,"40,128,131"
14087,"3,21,17"
14088,"72,44,145"
14089,"40,129,128"
14090,"40,184,23"
14091,"10,60,40"
14092,"224,41,40"
14093,"0,169,337"
14094,"23,38,74"
14095,"23,24,40"
14096,"23,71,38"
14097,"23,38,74"
14098,"3,21,200"
14099,"3,15,200"
14100,"4,3,7"
14101,"0,10,220"
14102,"153,3,401"
14103,"0,8,26"
14104,"40,41,128"
14105,"4,3,435"
14106,"0,3,265"
14107,"3,147,148"
14108,"220,10,3"
14109,"23,49,38"
14110,"40,131,134"
14111,"38,23,26"
14112,"23,38,26"
14113,"40,131"
14114,"40,131,169"
14115,"3,21,200"
14116,"199,187,3"
14117,"231,26"
14118,"10,93,64"
14119,"0,271,218"
14120,"220,10"
14121,"23,38"
14122,"10,64"
14123,"3,4"
14124,"23,175,40"
14125,"3,147,148"
14126,"40,131,128"
14127,"169,170,3"
14128,"40,131"
14129,"23,74,62"
14130,"23,38,107"
14131,"3,10,17"
14132,"40,160,315"
14133,"40,131,134"
14134,"49,24,23"
14135,"40,41,286"
14136,"0,216,271"
14137,"40,508,426"
14138,"10,44,11"
14139,"0,271,216"
14140,"169,40,170"
14141,"0,271,216"
14142,"43,24,23"
14143,"3,21,200"
14144,"23,49,24"
14145,"0,271,366"
14146,"40,184,185"
14147,"40,3,184"
14148,"23,62,10"
14149,"3,147,148"
14150,"0,255,271"
14151,"0,216,271"
14152,"10,220"
14153,"0,211,216"
14154,"0,8,206"
14155,"3,21,187"
14156,"10,64,93"
14157,"3,21,5"
14158,"0,216,8"
14159,"3,147,156"
14160,"24,23,43"
14161,"10,64,23"
14162,"0,10,11"
14163,"40,131,241"
14164,"10,64,93"
14165,"169,199,170"
14166,"8,206,0"
14167,"44,145,10"
14168,"3,187,21"
14169,"10,220,44"
14170,"10,220"
14171,"3,15,4"
14172,"38,23,24"
14173,"199,169,181"
14174,"220,10"
14175,"3,17,21"
14176,"169,199,170"
14177,"3,4,21"
14178,"169,199,170"
14179,"40,138,135"
14180,"40,135,131"
14181,"32,23,31"
14182,"145,44,40"
14183,"32,23,31"
14184,"3,200,28"
14185,"169,199,448"
14186,"3,13,40"
14187,"24,23,43"
14188,"147,3,156"
14189,"3,188,4"
14190,"3,21,40"
14191,"26,231,23"
14192,"0,271,216"
14193,"0,26,23"
14194,"0,271"
14195,"32,31,23"
14196,"3,17,21"
14197,"23,24,10"
14198,"0,26,216"
14199,"169,170,199"
14200,"13,3,14"
14201,"0,8,216"
14202,"3,21,200"
14203,"3,40,21"
14204,"31,328,40"
14205,"169,170,0"
14206,"0,265,340"
14207,"10,44,72"
14208,"206,8,0"
14209,"0,271,216"
14210,"0,10,8"
14211,"160,315,40"
14212,"199,169,10"
14213,"3,17,38"
14214,"128,40,130"
14215,"10,64,221"
14216,"0,265,271"
14217,"23,74,40"
14218,"169,170,0"
14219,"3,21,17"
14220,"3,21,200"
14221,"0,271,26"
14222,"3,170,38"
14223,"169,199,170"
14224,"0,8,235"
14225,"26,89,23"
14226,"40,41,224"
14227,"40,3,101"
14228,"181,40,145"
14229,"23,24,32"
14230,"24,23,43"
14231,"10,11,69"
14232,"40,131,128"
14233,"0,169,337"
14234,"0,271,313"
14235,"38,74,23"
14236,"3,17,21"
14237,"10,64"
14238,"38,23"
14239,"0,218,509"
14240,"3,17,18"
14241,"3,147,148"
14242,"206,8,0"
14243,"402,145,10"
14244,"220,23,10"
14245,"48,21,40"
14246,"0,271,216"
14247,"84,23,74"
14248,"3,187,21"
14249,"199,169,251"
14250,"26,89,23"
14251,"8,0,235"
14252,"3,21,40"
14253,"23,31,24"
14254,"0,218,271"
14255,"148,23,147"
14256,"3,15"
14257,"220,10"
14258,"145,10,402"
14259,"3,21,199"
14260,"169,26,199"
14261,"44,10,72"
14262,"17,3,40"
14263,"11,10,205"
14264,"3,21,200"
14265,"3,21,200"
14266,"40,23,135"
14267,"10,11,69"
14268,"10,64"
14269,"0,265,218"
14270,"169,199,170"
14271,"3,21,115"
14272,"220,10"
14273,"3,15,200"
14274,"199,169,251"
14275,"40,3,21"
14276,"23,10,26"
14277,"17,18,3"
14278,"10,31,0"
14279,"40,3,21"
14280,"40,131"
14281,"40,128,186"
14282,"24,23,43"
14283,"220,10,25"
14284,"3,111,21"
14285,"23,38,105"
14286,"199,40,169"
14287,"32,31,23"
14288,"4,3,7"
14289,"40,128"
14290,"4,3,7"
14291,"23,38,74"
14292,"0,40,216"
14293,"23,38,26"
14294,"10,64,448"
14295,"40,3,41"
14296,"40,250,135"
14297,"0,271"
14298,"0,271,265"
14299,"3,21,17"
14300,"0,271,313"
14301,"169,199,40"
14302,"218,93,0"
14303,"4,3,435"
14304,"402,40,145"
14305,"3,15,275"
14306,"231,26,23"
14307,"40,145,44"
14308,"40,145,131"
14309,"4,3,435"
14310,"10,64,93"
14311,"169,170,296"
14312,"0,271,280"
14313,"10,220,145"
14314,"0,38,23"
14315,"296,169,306"
14316,"4,3,40"
14317,"0,1,216"
14318,"23,24,10"
14319,"3,4"
14320,"3,21,40"
14321,"3,170,169"
14322,"3,4,200"
14323,"0,265,3"
14324,"0,265,271"
14325,"10,64,199"
14326,"290,431,23"
14327,"3,15"
14328,"0,271,26"
14329,"206,8,0"
14330,"10,64,44"
14331,"199,169,431"
14332,"3,147,148"
14333,"3,21,5"
14334,"10,64,93"
14335,"40,160,131"
14336,"296,169,0"
14337,"169,199,0"
14338,"0,271,211"
14339,"10,23,44"
14340,"234,10"
14341,"3,21,17"
14342,"3,5,331"
14343,"23,38,26"
14344,"169,199,170"
14345,"4,3,7"
14346,"199,169,38"
14347,"40,128,129"
14348,"3,21,200"
14349,"199,169"
14350,"296,169,306"
14351,"23,24,38"
14352,"0,216,254"
14353,"169,170,40"
14354,"3,40,21"
14355,"40,131,41"
14356,"220,10"
14357,"40,131,41"
14358,"169,296"
14359,"24,23,10"
14360,"10,64,24"
14361,"0,271,216"
14362,"4,3,7"
14363,"170,169,3"
14364,"0,26,89"
14365,"40,160,131"
14366,"3,21,40"
14367,"40,131,134"
14368,"3,4"
14369,"40,181,23"
14370,"0,26,23"
14371,"44,145,402"
14372,"181,10,24"
14373,"3,4,200"
14374,"0,13,3"
14375,"23,60,24"
14376,"44,23,145"
14377,"3,10,15"
14378,"220,10"
14379,"23,74,38"
14380,"40,160,315"
14381,"3,148,147"
14382,"0,265,271"
14383,"3,21,200"
14384,"23,74,38"
14385,"3,148,21"
14386,"199,169,0"
14387,"3,15,16"
14388,"169,170,171"
14389,"23,44,145"
14390,"3,21,40"
14391,"169,199,170"
14392,"32,31,23"
14393,"181,40,145"
14394,"3,187,21"
14395,"72,44,10"
14396,"0,8,216"
14397,"4,3"
14398,"170,169"
14399,"128,129,40"
14400,"3,4"
14401,"49,24,10"
14402,"10,93,64"
14403,"10,221,220"
14404,"10,11,44"
14405,"3,21,200"
14406,"169,170,0"
14407,"23,24,38"
14408,"3,148,147"
14409,"40,160,315"
14410,"40,199,160"
14411,"3,111,40"
14412,"40,128,131"
14413,"220,10"
14414,"44,145,40"
14415,"0,271,216"
14416,"23,38,137"
14417,"38,23"
14418,"3,40,111"
14419,"40,131"
14420,"181,23,40"
14421,"170,171,169"
14422,"32,31,23"
14423,"10,11,69"
14424,"40,131,128"
14425,"40,128,129"
14426,"234,10,60"
14427,"220,10"
14428,"0,169,337"
14429,"10,64,448"
14430,"40,21,3"
14431,"32,23,31"
14432,"40,135,138"
14433,"10,11,69"
14434,"3,21,200"
14435,"3,21,200"
14436,"3,200,21"
14437,"3,15"
14438,"23,74,3"
14439,"23,71,74"
14440,"44,10,45"
14441,"26,23,89"
14442,"199,169,0"
14443,"10,23,74"
14444,"3,21,17"
14445,"0,26,23"
14446,"23,74,38"
14447,"3,40,21"
14448,"3,15,16"
14449,"128,40,129"
14450,"10,64,11"
14451,"10,25,23"
14452,"40,128,129"
14453,"10,23,38"
14454,"40,160"
14455,"3,147,15"
14456,"40,131,134"
14457,"38,23,309"
14458,"40,145,38"
14459,"4,3,435"
14460,"10,64,93"
14461,"0,271,216"
14462,"10,220,0"
14463,"10,145,220"
14464,"10,220,40"
14465,"40,3,115"
14466,"17,3,18"
14467,"40,135,138"
14468,"0,271,216"
14469,"10,220,25"
14470,"40,128,130"
14471,"328,23,49"
14472,"10,64,93"
14473,"181,145,40"
14474,"0,26,8"
14475,"10,11,69"
14476,"38,23,74"
14477,"44,10,145"
14478,"32,23,31"
14479,"3,147,148"
14480,"23,26,38"
14481,"3,148,147"
14482,"23,38,3"
14483,"40,145,3"
14484,"3,148,147"
14485,"3,199,169"
14486,"3,4,435"
14487,"3,111,112"
14488,"4,3,7"
14489,"84,74,23"
14490,"3,21,200"
14491,"24,23,43"
14492,"296,169,306"
14493,"3,13,120"
14494,"328,31,23"
14495,"10,24,64"
14496,"169,170,199"
14497,"3,15,17"
14498,"40,131"
14499,"0,206,8"
14500,"40,160,315"
14501,"3,148,15"
14502,"23,38,63"
14503,"145,44,40"
14504,"3,21,301"
14505,"10,239,60"
14506,"40,41,286"
14507,"118,23,74"
14508,"10,239,60"
14509,"3,147,148"
14510,"3,21,200"
14511,"72,145,44"
14512,"220,10"
14513,"40,145,10"
14514,"48,40,23"
14515,"0,129,128"
14516,"328,40,402"
14517,"145,44,402"
14518,"32,23,31"
14519,"40,146,145"
14520,"3,147,148"
14521,"72,44,10"
14522,"220,10"
14523,"199,169,170"
14524,"3,200,53"
14525,"17,3,18"
14526,"40,131,128"
14527,"3,4,21"
14528,"0,271,280"
14529,"199,169,251"
14530,"3,21,200"
14531,"10,72,44"
14532,"3,21,200"
14533,"23,26,38"
14534,"0,271,216"
14535,"10,17,0"
14536,"10,64,93"
14537,"0,216,235"
14538,"3,187,21"
14539,"3,15,148"
14540,"3,17,200"
14541,"0,271"
14542,"10,11,44"
14543,"3,4,148"
14544,"40,145,402"
14545,"169,199,170"
14546,"10,181,323"
14547,"38,23,74"
14548,"23,38,74"
14549,"145,10,402"
14550,"40,128,41"
14551,"38,23,74"
14552,"40,160,302"
14553,"0,313,346"
14554,"40,3,0"
14555,"170,171,169"
14556,"26,231,23"
14557,"40,160,131"
14558,"3,21,200"
14559,"3,21,200"
14560,"3,148,48"
14561,"220,10"
14562,"40,131"
14563,"3,200,21"
14564,"17,3,18"
14565,"10,17,3"
14566,"23,24,43"
14567,"0,271,216"
14568,"32,23,31"
14569,"3,147,148"
14570,"10,93,64"
14571,"3,200,21"
14572,"129,128,328"
14573,"3,21,301"
14574,"38,23,26"
14575,"160,40,315"
14576,"220,10"
14577,"10,93,64"
14578,"40,146,145"
14579,"3,148,147"
14580,"220,10"
14581,"10,64,93"
14582,"181,40,24"
14583,"4,3,435"
14584,"220,10"
14585,"40,128,130"
14586,"48,38,23"
14587,"40,250,135"
14588,"3,200,148"
14589,"3,4,188"
14590,"38,23"
14591,"49,23,24"
14592,"3,21,200"
14593,"199,169,3"
14594,"23,74,38"
14595,"24,23,43"
14596,"3,169,170"
14597,"10,64,93"
14598,"44,10,145"
14599,"49,23,24"
14600,"3,21,200"
14601,"3,200,17"
14602,"40,3,17"
14603,"32,23,31"
14604,"145,402,44"
14605,"0,271"
14606,"199,169,3"
14607,"3,169,170"
14608,"3,4"
14609,"0,271"
14610,"128,40,130"
14611,"4,3"
14612,"23,74,38"
14613,"49,23,24"
14614,"10,64,93"
14615,"10,64,448"
14616,"10,64,448"
14617,"40,146,145"
14618,"10,11,69"
14619,"23,74,38"
14620,"0,211,212"
14621,"23,74,38"
14622,"10,11,220"
14623,"169,199,170"
14624,"169,199,40"
14625,"10,64,93"
14626,"0,3,21"
14627,"40,3,21"
14628,"0,8"
14629,"3,21,148"
14630,"72,44,145"
14631,"11,10,69"
14632,"296,169,306"
14633,"220,10"
14634,"40,128,41"
14635,"181,145,40"
14636,"3,4,200"
14637,"220,10"
14638,"44,45,145"
14639,"23,38,74"
14640,"169,199,0"
14641,"3,21,40"
14642,"3,170,169"
14643,"220,10"
14644,"40,41,128"
14645,"0,8"
14646,"3,200,53"
14647,"23,71,38"
14648,"3,147,148"
14649,"169,426,508"
14650,"0,169,199"
14651,"3,40,21"
14652,"0,8,235"
14653,"0,169,229"
14654,"40,128,41"
14655,"3,148,200"
14656,"3,21,40"
14657,"3,13,153"
14658,"23,74,38"
14659,"40,160,135"
14660,"40,250,128"
14661,"40,160,315"
14662,"145,10,44"
14663,"38,23"
14664,"40,146,184"
14665,"74,23,40"
14666,"206,0,8"
14667,"40,131,250"
14668,"24,49,10"
14669,"3,5,6"
14670,"23,74,38"
14671,"3,40,315"
14672,"3,147,148"
14673,"0,271,216"
14674,"169,0,170"
14675,"40,128,186"
14676,"40,128,131"
14677,"15,3,16"
14678,"199,169,170"
14679,"169,199,170"
14680,"0,271"
14681,"23,40,131"
14682,"40,135,3"
14683,"40,131,406"
14684,"3,200,21"
14685,"10,64,93"
14686,"24,10,23"
14687,"224,40,41"
14688,"3,187,21"
14689,"3,21,148"
14690,"10,64,11"
14691,"23,74,38"
14692,"23,71,24"
14693,"169,296,170"
14694,"40,160,315"
14695,"24,23,43"
14696,"160,315,40"
14697,"44,145,45"
14698,"0,265,10"
14699,"3,147,148"
14700,"290,31,32"
14701,"40,135,250"
14702,"40,128,3"
14703,"3,169,199"
14704,"3,21,200"
14705,"40,128,41"
14706,"3,147,148"
14707,"3,17,18"
14708,"3,21,200"
14709,"49,24,23"
14710,"169,0,296"
14711,"199,169"
14712,"169,170"
14713,"8,206,0"
14714,"169,170,8"
14715,"32,31,23"
14716,"145,44,10"
14717,"3,21,200"
14718,"23,38,74"
14719,"10,64,11"
14720,"40,17,3"
14721,"23,31,24"
14722,"44,145,45"
14723,"148,147,3"
14724,"0,265,220"
14725,"220,10"
14726,"44,145,10"
14727,"23,38,26"
14728,"38,23,10"
14729,"3,40,17"
14730,"10,40,64"
14731,"0,10,8"
14732,"3,187,21"
14733,"3,21,40"
14734,"220,10"
14735,"3,199,169"
14736,"49,60,24"
14737,"23,10,38"
14738,"3,4"
14739,"0,211,212"
14740,"220,10"
14741,"220,10"
14742,"43,24,181"
14743,"40,146,145"
14744,"40,131"
14745,"10,64,24"
14746,"23,3,24"
14747,"0,271"
14748,"10,23,220"
14749,"23,74,38"
14750,"23,74,38"
14751,"10,169,40"
14752,"171,170,169"
14753,"10,64,448"
14754,"0,216,271"
14755,"40,41,128"
14756,"0,271,169"
14757,"3,15,200"
14758,"23,10,31"
14759,"40,131,241"
14760,"3,85,86"
14761,"169,170"
14762,"3,147,148"
14763,"44,72,145"
14764,"169,199"
14765,"3,21,40"
14766,"169,199,170"
14767,"48,40,21"
14768,"40,131"
14769,"118,74,23"
14770,"0,271,216"
14771,"49,23,24"
14772,"0,271,216"
14773,"3,21,40"
14774,"17,18,3"
14775,"3,21,17"
14776,"3,187,21"
14777,"199,169,259"
14778,"3,148,21"
14779,"3,23,66"
14780,"169,0,170"
14781,"40,131,145"
14782,"0,8,391"
14783,"3,148,147"
14784,"49,23,24"
14785,"23,38,40"
14786,"3,523,147"
14787,"10,64,220"
14788,"40,131,31"
14789,"10,64,448"
14790,"26,0,350"
14791,"40,160,302"
14792,"49,23,24"
14793,"10,44,24"
14794,"10,64"
14795,"40,146,145"
14796,"3,21,200"
14797,"40,23,231"
14798,"40,145,146"
14799,"169,170,0"
14800,"38,23,74"
14801,"169,170,38"
14802,"199,169,251"
14803,"3,5,21"
14804,"23,38,26"
14805,"0,211,216"
14806,"3,21,200"
14807,"40,131,128"
14808,"24,23,43"
14809,"3,17,200"
14810,"4,3,7"
14811,"3,200,48"
14812,"0,216,271"
14813,"3,21,200"
14814,"23,24,10"
14815,"23,38,24"
14816,"3,21,200"
14817,"72,10,44"
14818,"10,220"
14819,"26,23,89"
14820,"23,38,74"
14821,"3,301,21"
14822,"40,138,135"
14823,"0,220,265"
14824,"199,169,38"
14825,"3,10,0"
14826,"3,5,6"
14827,"0,271,218"
14828,"3,4,200"
14829,"40,128,41"
14830,"23,38,74"
14831,"3,17,21"
14832,"220,10"
14833,"10,11,44"
14834,"0,216,218"
14835,"231,23,26"
14836,"3,38,23"
14837,"40,128,186"
14838,"23,71,74"
14839,"220,10"
14840,"0,26,271"
14841,"3,21,148"
14842,"26,0,350"
14843,"32,31,23"
14844,"3,147,148"
14845,"169,199,170"
14846,"40,128,129"
14847,"40,3,21"
14848,"40,160,131"
14849,"3,148,200"
14850,"220,10"
14851,"3,147,148"
14852,"23,74,38"
14853,"0,216,271"
14854,"72,44,10"
14855,"0,26,271"
14856,"40,128,131"
14857,"0,8,206"
14858,"40,41,224"
14859,"23,49,24"
14860,"40,131,159"
14861,"3,21,200"
14862,"3,21,199"
14863,"3,40,21"
14864,"40,224,41"
14865,"40,146,145"
14866,"3,21,148"
14867,"3,21,200"
14868,"44,145,45"
14869,"315,40,160"
14870,"23,145,26"
14871,"10,11"
14872,"4,3,7"
14873,"3,15,148"
14874,"220,10"
14875,"199,169,251"
14876,"3,17,18"
14877,"3,147,148"
14878,"220,10"
14879,"3,187,21"
14880,"3,111,112"
14881,"199,169,0"
14882,"40,3,21"
14883,"23,49,24"
14884,"44,10,145"
14885,"3,4"
14886,"23,26,0"
14887,"0,216,370"
14888,"26,23,89"
14889,"3,13,21"
14890,"32,23,31"
14891,"10,64"
14892,"3,21,40"
14893,"3,187,15"
14894,"23,31,96"
14895,"0,265,271"
14896,"199,169"
14897,"40,145,131"
14898,"23,38,24"
14899,"0,218,265"
14900,"10,24,71"
14901,"23,74,38"
14902,"40,131,134"
14903,"10,402,145"
14904,"170,169,40"
14905,"40,431,199"
14906,"44,145,45"
14907,"40,135,138"
14908,"40,160,315"
14909,"26,0,38"
14910,"3,13,28"
14911,"40,250,131"
14912,"0,216,211"
14913,"40,131,241"
14914,"0,10,11"
14915,"10,64,448"
14916,"38,23,24"
14917,"431,199,135"
14918,"3,17,21"
14919,"40,199,169"
14920,"23,49,24"
14921,"296,169,306"
14922,"40,41,224"
14923,"23,24,43"
14924,"0,271,26"
14925,"0,271,218"
14926,"3,147,120"
14927,"11,10,69"
14928,"40,131"
14929,"3,21,148"
14930,"337,339,169"
14931,"0,26,89"
14932,"38,23"
14933,"10,0,220"
14934,"169,199,170"
14935,"169,199,170"
14936,"0,271,216"
14937,"40,131,241"
14938,"38,23,74"
14939,"3,21,200"
14940,"0,271,216"
14941,"10,220"
14942,"169,3,170"
14943,"3,17,200"
14944,"3,17,21"
14945,"40,160,315"
14946,"4,3,435"
14947,"74,23,40"
14948,"296,169,306"
14949,"3,169,0"
14950,"40,10,131"
14951,"3,17,147"
14952,"71,402,145"
14953,"0,346,313"
14954,"23,38,345"
14955,"171,31,169"
14956,"40,128"
14957,"131,40,23"
14958,"23,10,74"
14959,"40,131"
14960,"40,10,139"
14961,"23,38,26"
14962,"26,23,38"
14963,"0,271,8"
14964,"40,131,145"
14965,"38,23,82"
14966,"170,169"
14967,"3,523,147"
14968,"23,38,74"
14969,"4,3,7"
14970,"40,128,129"
14971,"40,41,3"
14972,"49,23,24"
14973,"38,23,40"
14974,"10,64,65"
14975,"170,171,169"
14976,"26,23,0"
14977,"0,271"
14978,"199,169"
14979,"10,64,93"
14980,"23,0,10"
14981,"40,131,134"
14982,"3,21,200"
14983,"40,128,41"
14984,"169,0,199"
14985,"0,26,271"
14986,"0,8,216"
14987,"0,26,8"
14988,"10,23,24"
14989,"23,24,31"
14990,"3,17,21"
14991,"145,44,73"
14992,"0,271,216"
14993,"3,4,200"
14994,"4,3,7"
14995,"3,21,200"
14996,"10,64,93"
14997,"169,199,170"
14998,"24,43,23"
14999,"10,93,64"
15000,"40,160,315"
15001,"3,200,148"
15002,"199,169,40"
15003,"72,44,145"
15004,"169,170,171"
15005,"118,23,74"
15006,"40,131,134"
15007,"49,23,24"
15008,"49,23,24"
15009,"40,169,170"
15010,"3,21,17"
15011,"23,24,10"
15012,"40,128,0"
15013,"40,3,21"
15014,"10,44,11"
15015,"3,4,15"
15016,"170,171,169"
15017,"3,21,200"
15018,"23,145,40"
15019,"171,170,169"
15020,"23,74,38"
15021,"169,199"
15022,"40,128,41"
15023,"10,64,93"
15024,"3,21,301"
15025,"8,23,38"
15026,"3,17,21"
15027,"3,21,40"
15028,"40,0,193"
15029,"40,131"
15030,"23,74,38"
15031,"0,26,271"
15032,"40,17,3"
15033,"3,147,148"
15034,"3,21,301"
15035,"3,147,148"
15036,"3,4,200"
15037,"3,21,200"
15038,"0,199,169"
15039,"0,216,211"
15040,"220,10"
15041,"169,199,426"
15042,"10,64"
15043,"8,206,0"
15044,"3,21,40"
15045,"40,3,21"
15046,"3,4,435"
15047,"0,23,26"
15048,"40,23,184"
15049,"10,64,93"
15050,"135,236,40"
15051,"4,3,7"
15052,"3,187,21"
15053,"169,199,170"
15054,"0,211,212"
15055,"309,23,38"
15056,"0,216,8"
15057,"40,145,131"
15058,"3,21,239"
15059,"370,0,216"
15060,"10,93,64"
15061,"199,169,251"
15062,"3,147,148"
15063,"199,169,251"
15064,"10,44,11"
15065,"169,170,296"
15066,"40,286,41"
15067,"3,4,21"
15068,"3,21,200"
15069,"3,199,21"
15070,"3,0,148"
15071,"4,3,188"
15072,"3,21,147"
15073,"3,111,148"
15074,"40,135,23"
15075,"3,169,10"
15076,"3,148,21"
15077,"43,24,23"
15078,"220,10"
15079,"3,147,148"
15080,"181,145,24"
15081,"0,8,26"
15082,"49,24,10"
15083,"40,23,38"
15084,"40,131"
15085,"10,11,64"
15086,"220,10"
15087,"0,265,271"
15088,"118,74,23"
15089,"26,0,313"
15090,"169,170,0"
15091,"4,3,7"
15092,"3,21,148"
15093,"40,402,145"
15094,"3,21,200"
15095,"170,169,3"
15096,"40,160,41"
15097,"72,44,10"
15098,"0,216,211"
15099,"0,128,129"
15100,"40,3,118"
15101,"40,41,3"
15102,"3,275,111"
15103,"17,3,18"
15104,"3,200,148"
15105,"0,49,265"
15106,"24,23,43"
15107,"0,199,169"
15108,"10,44,220"
15109,"38,23"
15110,"169,170,3"
15111,"3,21,200"
15112,"23,74,38"
15113,"10,220,24"
15114,"40,146,145"
15115,"40,131,134"
15116,"3,147,225"
15117,"10,44,11"
15118,"44,62,145"
15119,"199,169,0"
15120,"147,3,148"
15121,"3,21,200"
15122,"402,145,40"
15123,"38,62,23"
15124,"10,40,171"
15125,"40,3,101"
15126,"3,4"
15127,"220,10"
15128,"0,211,212"
15129,"231,26,23"
15130,"40,131,128"
15131,"220,10,40"
15132,"10,64,239"
15133,"4,3"
15134,"3,4,21"
15135,"3,4,200"
15136,"40,175,128"
15137,"138,135,40"
15138,"40,160,131"
15139,"38,23,74"
15140,"0,26,313"
15141,"23,84,38"
15142,"3,4,148"
15143,"23,24,43"
15144,"10,220"
15145,"32,23,31"
15146,"3,21,187"
15147,"169,170,0"
15148,"0,313,346"
15149,"24,43,23"
15150,"40,145,44"
15151,"10,64,93"
15152,"220,10"
15153,"3,40,101"
15154,"3,21,200"
15155,"31,23,96"
15156,"169,199,3"
15157,"0,216,211"
15158,"32,23,24"
15159,"3,147,148"
15160,"49,23,24"
15161,"171,170,169"
15162,"3,21,200"
15163,"0,23,26"
15164,"10,220"
15165,"199,169,49"
15166,"3,0"
15167,"169,296,170"
15168,"3,148,200"
15169,"40,160,315"
15170,"23,38,74"
15171,"4,3,7"
15172,"4,3,435"
15173,"181,40,145"
15174,"199,169"
15175,"3,17,40"
15176,"181,40,145"
15177,"199,169"
15178,"3,21,147"
15179,"38,23,145"
15180,"3,21,40"
15181,"3,21,200"
15182,"10,220,25"
15183,"220,10"
15184,"3,15,200"
15185,"169,296,170"
15186,"23,38,74"
15187,"32,31,23"
15188,"0,271,363"
15189,"40,10,145"
15190,"3,4"
15191,"206,0,8"
15192,"3,21,200"
15193,"38,23"
15194,"3,147,148"
15195,"40,145,44"
15196,"169,0,170"
15197,"3,147,148"
15198,"3,5,200"
15199,"40,131"
15200,"169,40,131"
15201,"40,128,129"
15202,"3,200,148"
15203,"49,23,24"
15204,"40,44,145"
15205,"0,271"
15206,"3,21,23"
15207,"3,21,187"
15208,"3,21,17"
15209,"0,271,265"
15210,"220,10"
15211,"10,220"
15212,"3,187,21"
15213,"3,21,187"
15214,"145,44,23"
15215,"21,3,40"
15216,"0,271,216"
15217,"23,74,38"
15218,"10,11,69"
15219,"40,128,41"
15220,"145,44,23"
15221,"0,211,212"
15222,"24,23,43"
15223,"169,170,0"
15224,"26,0,350"
15225,"40,23,38"
15226,"40,131,17"
15227,"72,44,145"
15228,"169,38,170"
15229,"40,131"
15230,"10,64,93"
15231,"0,26,23"
15232,"0,216,218"
15233,"10,3,13"
15234,"169,170,296"
15235,"402,145,40"
15236,"3,21,200"
15237,"431,40,135"
15238,"199,169,3"
15239,"220,10"
15240,"24,145,10"
15241,"23,26,231"
15242,"169,170,199"
15243,"10,11,69"
15244,"10,64,170"
15245,"3,21,200"
15246,"10,64,448"
15247,"0,271,8"
15248,"32,23,31"
15249,"32,23,31"
15250,"3,147,148"
15251,"199,169,223"
15252,"10,145,44"
15253,"48,10,40"
15254,"74,23,307"
15255,"0,216,271"
15256,"0,271,218"
15257,"199,169,431"
15258,"40,131"
15259,"40,131"
15260,"3,111,123"
15261,"3,21,200"
15262,"40,131,23"
15263,"10,220,145"
15264,"220,10"
15265,"23,74,38"
15266,"40,131"
15267,"23,74,38"
15268,"40,135,138"
15269,"3,21,40"
15270,"0,265,271"
15271,"187,3,21"
15272,"187,3,21"
15273,"10,11,205"
15274,"10,220"
15275,"0,271,8"
15276,"170,171,169"
15277,"3,21,200"
15278,"169,170,199"
15279,"10,64"
15280,"3,4"
15281,"3,21,200"
15282,"38,23,40"
15283,"23,74,40"
15284,"72,44,145"
15285,"26,23,89"
15286,"3,21,41"
15287,"169,199,170"
15288,"169,0,199"
15289,"3,147,148"
15290,"10,220"
15291,"3,21,200"
15292,"3,21,17"
15293,"3,17,200"
15294,"10,181,24"
15295,"10,64,448"
15296,"145,10,40"
15297,"10,11,69"
15298,"0,265,216"
15299,"169,337,339"
15300,"3,21,40"
15301,"3,21,28"
15302,"3,4"
15303,"31,23,328"
15304,"296,169,460"
15305,"40,131,134"
15306,"131,40,134"
15307,"199,169,23"
15308,"239,10,60"
15309,"145,44,73"
15310,"48,40,3"
15311,"199,169,40"
15312,"3,21,200"
15313,"199,169,0"
15314,"40,131,241"
15315,"199,169"
15316,"0,271,218"
15317,"40,128,41"
15318,"3,4"
15319,"40,145,10"
15320,"169,199,426"
15321,"0,271"
15322,"23,3,10"
15323,"0,216,271"
15324,"199,169,0"
15325,"0,271,216"
15326,"199,169,170"
15327,"0,255,271"
15328,"3,40,188"
15329,"72,44,145"
15330,"26,0,89"
15331,"17,3,18"
15332,"0,235,8"
15333,"169,199,170"
15334,"220,10"
15335,"3,21,148"
15336,"74,40,23"
15337,"3,21,187"
15338,"3,147,148"
15339,"40,131,145"
15340,"0,8,271"
15341,"38,169,0"
15342,"3,21,40"
15343,"23,74,62"
15344,"206,8,0"
15345,"3,15,148"
15346,"10,11,69"
15347,"3,148,200"
15348,"3,200,21"
15349,"199,169,170"
15350,"3,200,21"
15351,"0,271,216"
15352,"170,169"
15353,"10,64"
15354,"128,40,306"
15355,"44,145,10"
15356,"23,38,26"
15357,"0,26,23"
15358,"23,44,62"
15359,"40,131"
15360,"10,11,205"
15361,"3,0,40"
15362,"112,111,3"
15363,"3,21,200"
15364,"23,38,40"
15365,"10,93,64"
15366,"40,131,193"
15367,"23,107,38"
15368,"40,131,134"
15369,"44,145,73"
15370,"40,131,128"
15371,"3,21,148"
15372,"169,170,49"
15373,"40,135,23"
15374,"3,21,200"
15375,"23,145,44"
15376,"23,49,24"
15377,"40,131,17"
15378,"0,10,8"
15379,"23,38,26"
15380,"0,8,216"
15381,"0,211,216"
15382,"0,271,216"
15383,"181,282,154"
15384,"3,148,147"
15385,"32,31,3"
15386,"199,169"
15387,"10,93,64"
15388,"40,128,346"
15389,"40,23,131"
15390,"3,15"
15391,"26,0,23"
15392,"3,21,28"
15393,"3,21,148"
15394,"23,31,74"
15395,"123,3,111"
15396,"328,40,31"
15397,"160,40,315"
15398,"220,10"
15399,"220,10"
15400,"181,40,323"
15401,"0,271,216"
15402,"10,239,60"
15403,"169,0,199"
15404,"40,145,0"
15405,"10,64,11"
15406,"17,3,18"
15407,"23,31,171"
15408,"0,26,313"
15409,"3,4,38"
15410,"3,147,148"
15411,"3,15,46"
15412,"0,271"
15413,"15,3,16"
15414,"40,169,74"
15415,"23,40,128"
15416,"234,10,24"
15417,"40,184,131"
15418,"220,10,221"
15419,"3,275,23"
15420,"0,271,216"
15421,"23,316,48"
15422,"38,23,40"
15423,"0,8,327"
15424,"23,31,169"
15425,"0,235,216"
15426,"0,271"
15427,"169,199,170"
15428,"40,131"
15429,"0,271,216"
15430,"23,24,43"
15431,"23,24,43"
15432,"40,3,21"
15433,"32,23,31"
15434,"10,64,93"
15435,"145,44,10"
15436,"40,3,21"
15437,"3,21,4"
15438,"10,220"
15439,"170,3,169"
15440,"26,23,89"
15441,"10,11,239"
15442,"23,38,145"
15443,"38,23,145"
15444,"10,24,64"
15445,"3,148,21"
15446,"84,23,74"
15447,"3,40,21"
15448,"40,10,139"
15449,"38,23,82"
15450,"169,199,170"
15451,"40,123,41"
15452,"160,40,315"
15453,"169,199,426"
15454,"0,3,216"
15455,"3,21,200"
15456,"3,147,148"
15457,"26,89,40"
15458,"3,21,200"
15459,"135,40,138"
15460,"44,145,402"
15461,"0,235,8"
15462,"3,21"
15463,"3,21,200"
15464,"44,73,10"
15465,"3,21,40"
15466,"8,169,0"
15467,"0,271,313"
15468,"10,220,23"
15469,"3,148,21"
15470,"44,145,45"
15471,"0,211,216"
15472,"0,271,313"
15473,"40,23,74"
15474,"220,10"
15475,"3,112,111"
15476,"40,131,139"
15477,"10,11,69"
15478,"199,169,251"
15479,"145,40,44"
15480,"17,3,10"
15481,"199,169,251"
15482,"145,44,40"
15483,"199,169"
15484,"3,68,200"
15485,"23,74,26"
15486,"23,38,74"
15487,"0,211,212"
15488,"3,187,21"
15489,"3,17,200"
15490,"199,169,0"
15491,"23,44,24"
15492,"169,199,170"
15493,"3,21,200"
15494,"3,4"
15495,"181,40,145"
15496,"170,169,171"
15497,"199,169"
15498,"0,271,255"
15499,"3,21,337"
15500,"0,271,265"
15501,"3,148,147"
15502,"10,93,64"
15503,"40,131"
15504,"23,24,10"
15505,"40,41,224"
15506,"169,199,0"
15507,"40,138,135"
15508,"3,21,200"
15509,"62,23,24"
15510,"38,23"
15511,"0,271"
15512,"10,64,220"
15513,"3,21,200"
15514,"169,170,199"
15515,"23,296,169"
15516,"40,131,193"
15517,"32,23,31"
15518,"10,11,0"
15519,"199,169,356"
15520,"181,40,145"
15521,"40,184,131"
15522,"181,145,323"
15523,"3,17,18"
15524,"0,216,211"
15525,"40,41,3"
15526,"494,40,184"
15527,"3,5,21"
15528,"31,169,171"
15529,"0,271,216"
15530,"3,21,200"
15531,"40,131,134"
15532,"3,21,200"
15533,"169,8,405"
15534,"10,64,93"
15535,"3,4,200"
15536,"40,131,193"
15537,"40,131,250"
15538,"48,309,345"
15539,"72,44,10"
15540,"170,169,199"
15541,"231,26,23"
15542,"23,26,38"
15543,"231,26,23"
15544,"3,148,147"
15545,"10,64"
15546,"3,21,200"
15547,"181,145,40"
15548,"3,21,200"
15549,"3,40,13"
15550,"93,10,64"
15551,"40,3,21"
15552,"23,24,181"
15553,"23,38,26"
15554,"10,220,221"
15555,"0,8,391"
15556,"10,64,93"
15557,"3,21,148"
15558,"3,4"
15559,"23,49,38"
15560,"3,21,200"
15561,"220,10"
15562,"3,21,148"
15563,"40,131"
15564,"3,200,21"
15565,"4,3,435"
15566,"3,148,21"
15567,"24,23,43"
15568,"181,145,40"
15569,"24,23,43"
15570,"40,169,199"
15571,"3,187,21"
15572,"10,64"
15573,"3,40,41"
15574,"169,170,0"
15575,"0,8,206"
15576,"17,3,18"
15577,"23,24,43"
15578,"10,93,64"
15579,"199,169"
15580,"0,26,271"
15581,"0,271,3"
15582,"23,38,107"
15583,"8,0,206"
15584,"0,265,273"
15585,"220,10"
15586,"3,4,375"
15587,"10,64,402"
15588,"170,169"
15589,"170,171,169"
15590,"74,23,38"
15591,"23,38,74"
15592,"10,93,64"
15593,"0,23,40"
15594,"3,13,40"
15595,"10,220"
15596,"402,145,40"
15597,"3,21,148"
15598,"40,146,145"
15599,"0,271,216"
15600,"3,21,200"
15601,"3,21,148"
15602,"23,38,74"
15603,"23,31,38"
15604,"169,170,0"
15605,"40,145,10"
15606,"3,21,200"
15607,"169,170"
15608,"0,8,235"
15609,"40,131"
15610,"3,21,22"
15611,"187,3,21"
15612,"23,38,74"
15613,"3,147,148"
15614,"10,13,11"
15615,"402,145,40"
15616,"118,74,23"
15617,"129,128,40"
15618,"10,64,448"
15619,"10,93,64"
15620,"10,64,448"
15621,"3,21,40"
15622,"40,131,23"
15623,"40,184,131"
15624,"199,169"
15625,"40,128,129"
15626,"3,21,148"
15627,"0,8,270"
15628,"199,169,3"
15629,"3,4"
15630,"3,21,200"
15631,"40,128,408"
15632,"0,216,8"
15633,"170,169,199"
15634,"3,15,16"
15635,"0,3,313"
15636,"64,10,448"
15637,"40,160,315"
15638,"145,10,54"
15639,"40,128,131"
15640,"0,271,216"
15641,"10,11,44"
15642,"0,220,216"
15643,"40,128,41"
15644,"146,40,145"
15645,"38,23,309"
15646,"0,313,346"
15647,"0,8,235"
15648,"147,3,148"
15649,"3,21,187"
15650,"0,216,169"
15651,"3,15,16"
15652,"169,8,405"
15653,"10,64,370"
15654,"3,21,170"
15655,"3,21,187"
15656,"188,3,4"
15657,"40,131"
15658,"10,64,93"
15659,"44,40,145"
15660,"0,271"
15661,"3,21,200"
15662,"38,23,74"
15663,"38,23,24"
15664,"0,271,265"
15665,"169,199,40"
15666,"3,147,148"
15667,"10,11,69"
15668,"40,128,129"
15669,"169,199,23"
15670,"74,23,118"
15671,"0,271,216"
15672,"402,145,44"
15673,"220,10"
15674,"10,220,221"
15675,"3,17,21"
15676,"0,271,216"
15677,"0,216,218"
15678,"135,40,74"
15679,"23,38,24"
15680,"431,199,40"
15681,"171,170,169"
15682,"0,271"
15683,"0,255,271"
15684,"3,21,40"
15685,"3,21,148"
15686,"24,23,145"
15687,"199,169"
15688,"3,21,187"
15689,"49,23,24"
15690,"38,0,23"
15691,"40,184,131"
15692,"128,40,306"
15693,"10,44,145"
15694,"199,169,431"
15695,"0,271,265"
15696,"4,3,7"
15697,"44,69,11"
15698,"239,49,60"
15699,"23,74,306"
15700,"10,93,239"
15701,"23,175,38"
15702,"0,206,8"
15703,"169,199,170"
15704,"4,3,7"
15705,"3,21,148"
15706,"3,21,200"
15707,"15,3,16"
15708,"3,40,41"
15709,"0,313,346"
15710,"3,301,10"
15711,"3,4"
15712,"40,10,64"
15713,"4,3,7"
15714,"40,131"
15715,"170,169"
15716,"40,131"
15717,"23,24,43"
15718,"169,199,170"
15719,"40,23,184"
15720,"10,220"
15721,"3,4"
15722,"171,170,169"
15723,"3,13,10"
15724,"31,23,3"
15725,"31,0,40"
15726,"31,169,23"
15727,"3,4,15"
15728,"199,169"
15729,"40,131,193"
15730,"170,169,40"
15731,"3,21,200"
15732,"0,271,216"
15733,"0,26,350"
15734,"3,21,40"
15735,"3,5,133"
15736,"23,38,74"
15737,"0,271,216"
15738,"49,23,24"
15739,"23,10,40"
15740,"49,24,23"
15741,"0,313,26"
15742,"0,216,271"
15743,"0,265,271"
15744,"38,23,10"
15745,"23,24,106"
15746,"72,44,10"
15747,"10,11,44"
15748,"23,24,10"
15749,"0,255,10"
15750,"3,17,18"
15751,"3,21,187"
15752,"296,169,306"
15753,"0,206,8"
15754,"17,3,18"
15755,"4,3,7"
15756,"3,4"
15757,"23,38,24"
15758,"40,131"
15759,"72,61,23"
15760,"44,145,45"
15761,"38,23,74"
15762,"26,0,23"
15763,"40,128,129"
15764,"40,41,3"
15765,"199,169,431"
15766,"224,41,3"
15767,"3,10,96"
15768,"32,23,31"
15769,"3,21,40"
15770,"3,21,200"
15771,"169,170,296"
15772,"38,309,23"
15773,"199,169,170"
15774,"0,271,265"
15775,"0,216,271"
15776,"206,0,8"
15777,"40,128,160"
15778,"44,145,40"
15779,"24,23,43"
15780,"171,170,169"
15781,"3,13,10"
15782,"0,313,346"
15783,"10,64"
15784,"3,4,21"
15785,"402,40,145"
15786,"23,26,38"
15787,"40,145,23"
15788,"3,21,200"
15789,"10,11,69"
15790,"10,64,93"
15791,"169,170,199"
15792,"3,85,86"
15793,"10,64,220"
15794,"0,10,8"
15795,"220,10"
15796,"3,5,21"
15797,"3,21,200"
15798,"4,3,188"
15799,"0,218,265"
15800,"10,220"
15801,"40,3,17"
15802,"3,21,40"
15803,"170,171,169"
15804,"3,523,147"
15805,"4,3"
15806,"0,128,40"
15807,"0,271,216"
15808,"3,169,17"
15809,"169,199,296"
15810,"40,145,10"
15811,"74,23,165"
15812,"40,41,3"
15813,"10,220"
15814,"41,224,40"
15815,"3,21,147"
15816,"199,169,170"
15817,"23,118,74"
15818,"169,170,10"
15819,"0,218,265"
15820,"72,44,10"
15821,"3,21,200"
15822,"44,72,23"
15823,"44,10,45"
15824,"199,169"
15825,"40,131"
15826,"23,38,10"
15827,"0,23,26"
15828,"169,170,199"
15829,"0,265,340"
15830,"3,21,147"
15831,"17,18,3"
15832,"3,21,40"
15833,"402,145,220"
15834,"10,25,23"
15835,"3,187,21"
15836,"23,84,74"
15837,"38,23,74"
15838,"40,184,131"
15839,"10,93,64"
15840,"169,199,170"
15841,"40,169,199"
15842,"337,169,339"
15843,"10,64,26"
15844,"15,3,16"
15845,"64,10"
15846,"72,44,45"
15847,"49,23,24"
15848,"10,64,11"
15849,"23,38,26"
15850,"48,10,3"
15851,"38,23,137"
15852,"3,40,21"
15853,"23,24,43"
15854,"171,170,169"
15855,"38,23"
15856,"146,40,145"
15857,"4,3,7"
15858,"3,21,148"
15859,"23,38,0"
15860,"26,23,231"
15861,"0,8,206"
15862,"49,24,23"
15863,"3,4"
15864,"10,220"
15865,"40,23,74"
15866,"0,10,265"
15867,"3,187,15"
15868,"0,271,216"
15869,"10,11,220"
15870,"40,315,160"
15871,"181,24,23"
15872,"49,23,24"
15873,"3,21,17"
15874,"0,216,271"
15875,"40,175,128"
15876,"0,271,216"
15877,"10,64,93"
15878,"23,40,24"
15879,"40,21,3"
15880,"40,23,128"
15881,"3,148,147"
15882,"0,265,169"
15883,"23,10,24"
15884,"49,23,24"
15885,"3,170,21"
15886,"26,23,89"
15887,"40,23,74"
15888,"10,60,239"
15889,"0,271,366"
15890,"3,21,28"
15891,"40,128,41"
15892,"4,3"
15893,"3,199,169"
15894,"211,0,212"
15895,"4,3,7"
15896,"40,3,250"
15897,"40,250,162"
15898,"0,235,8"
15899,"31,40,10"
15900,"26,23,350"
15901,"0,218,271"
15902,"44,145,45"
15903,"220,10"
15904,"0,265,271"
15905,"3,169,199"
15906,"23,38"
15907,"170,171,169"
15908,"3,21,200"
15909,"40,3,148"
15910,"26,23,38"
15911,"40,250,128"
15912,"0,279,216"
15913,"199,169"
15914,"3,202,200"
15915,"3,21,148"
15916,"40,135,3"
15917,"40,131"
15918,"0,271,265"
15919,"138,135,40"
15920,"206,8,0"
15921,"3,15,200"
15922,"10,64,93"
15923,"220,10"
15924,"220,10"
15925,"10,64,93"
15926,"40,131"
15927,"8,206,0"
15928,"3,21,17"
15929,"199,169,431"
15930,"10,93,64"
15931,"0,457,8"
15932,"3,40,21"
15933,"3,187,15"
15934,"49,23,24"
15935,"199,169"
15936,"23,38,11"
15937,"3,133,4"
15938,"402,10,145"
15939,"187,3,21"
15940,"169,8,199"
15941,"118,23,74"
15942,"40,131"
15943,"402,145,40"
15944,"199,169"
15945,"38,23,24"
15946,"3,147,148"
15947,"23,24,10"
15948,"38,23"
15949,"3,187,21"
15950,"199,169,0"
15951,"220,10"
15952,"40,41,224"
15953,"220,10"
15954,"402,40,145"
15955,"44,145,45"
15956,"3,21,200"
15957,"0,271,216"
15958,"40,160,315"
15959,"3,4"
15960,"3,40,21"
15961,"202,3,32"
15962,"0,265,271"
15963,"3,17,200"
15964,"3,15,4"
15965,"38,23,40"
15966,"3,21,28"
15967,"10,64,93"
15968,"206,0,369"
15969,"0,216,370"
15970,"74,23,165"
15971,"3,4,21"
15972,"169,199,3"
15973,"145,402,44"
15974,"220,10"
15975,"10,49,24"
15976,"181,23,40"
15977,"10,220,0"
15978,"3,200,15"
15979,"3,187,21"
15980,"145,44,40"
15981,"220,10,0"
15982,"0,271"
15983,"44,72,145"
15984,"0,271"
15985,"3,21,40"
15986,"220,10"
15987,"23,38,74"
15988,"0,3,169"
15989,"48,38,10"
15990,"3,21,41"
15991,"220,10"
15992,"10,23,315"
15993,"26,23,0"
15994,"44,145,45"
15995,"169,170,40"
15996,"10,11,69"
15997,"89,26,23"
15998,"3,21,17"
15999,"199,169"
16000,"315,160,40"
16001,"40,128,129"
16002,"10,64,448"
16003,"3,4,200"
16004,"145,402,40"
16005,"169,199,3"
16006,"24,23,43"
16007,"40,160,234"
16008,"170,171,169"
16009,"3,147,148"
16010,"0,271,218"
16011,"74,23,40"
16012,"40,224,41"
16013,"3,133,5"
16014,"3,21,200"
16015,"165,74,23"
16016,"0,271,216"
16017,"10,24,23"
16018,"40,146,145"
16019,"40,17,139"
16020,"199,169,431"
16021,"3,111,123"
16022,"3,21,200"
16023,"23,24,74"
16024,"169,199,170"
16025,"44,45,145"
16026,"220,10"
16027,"0,216,218"
16028,"40,3,21"
16029,"3,21,200"
16030,"10,93,64"
16031,"21,3,40"
16032,"10,64,60"
16033,"3,200,21"
16034,"0,271,265"
16035,"10,220"
16036,"0,169,216"
16037,"38,23,93"
16038,"10,0,64"
16039,"40,41,21"
16040,"0,218,8"
16041,"0,40,128"
16042,"3,200,148"
16043,"206,8,0"
16044,"3,15"
16045,"296,169,333"
16046,"40,21,3"
16047,"402,220,10"
16048,"3,200,148"
16049,"40,131,3"
16050,"10,145,44"
16051,"23,74,38"
16052,"40,138,135"
16053,"40,131"
16054,"32,31,23"
16055,"3,200,15"
16056,"169,199"
16057,"23,38,26"
16058,"40,41,128"
16059,"0,206,8"
16060,"220,10,31"
16061,"0,26,271"
16062,"3,4"
16063,"181,40,145"
16064,"3,21,148"
16065,"0,3,216"
16066,"3,40,10"
16067,"0,271"
16068,"3,21,200"
16069,"40,128,250"
16070,"0,216,271"
16071,"3,21,200"
16072,"3,17,10"
16073,"169,170,426"
16074,"107,118,23"
16075,"40,23,74"
16076,"160,40,315"
16077,"40,160,315"
16078,"0,218,216"
16079,"199,169,71"
16080,"0,218,271"
16081,"3,4,200"
16082,"26,89,23"
16083,"3,21,200"
16084,"10,64,145"
16085,"3,21,40"
16086,"3,17,148"
16087,"169,199,170"
16088,"40,131"
16089,"309,48,38"
16090,"309,250,38"
16091,"10,64,93"
16092,"3,4,200"
16093,"402,220,10"
16094,"0,26,23"
16095,"3,21,148"
16096,"0,206,8"
16097,"199,169,170"
16098,"23,38,26"
16099,"3,4"
16100,"0,271"
16101,"63,23,38"
16102,"0,8,235"
16103,"10,64"
16104,"147,225,3"
16105,"3,0,17"
16106,"48,169,21"
16107,"3,4,0"
16108,"220,10"
16109,"3,147,148"
16110,"38,23,74"
16111,"3,21,17"
16112,"271,0"
16113,"10,145,44"
16114,"3,21,200"
16115,"8,0,206"
16116,"220,10"
16117,"10,64,448"
16118,"10,11,69"
16119,"23,38,74"
16120,"40,131,134"
16121,"3,120,15"
16122,"40,3,146"
16123,"13,3,40"
16124,"0,271,366"
16125,"3,17,21"
16126,"0,271,216"
16127,"199,169,431"
16128,"23,38,74"
16129,"170,171,169"
16130,"10,220,0"
16131,"24,23,43"
16132,"0,211,26"
16133,"3,4,183"
16134,"0,271,265"
16135,"169,199,40"
16136,"40,169,128"
16137,"10,220"
16138,"40,3,21"
16139,"10,11,69"
16140,"3,21,15"
16141,"49,23,24"
16142,"23,26,38"
16143,"31,77,171"
16144,"0,271"
16145,"40,131"
16146,"10,220,221"
16147,"74,23,118"
16148,"181,24,43"
16149,"220,10"
16150,"24,23,43"
16151,"3,21,17"
16152,"24,43,23"
16153,"169,170,38"
16154,"0,26,216"
16155,"3,4,200"
16156,"3,40,148"
16157,"3,17,18"
16158,"10,44,73"
16159,"40,3,21"
16160,"3,147,148"
16161,"220,10"
16162,"3,147,156"
16163,"38,23,24"
16164,"3,21,200"
16165,"206,0,8"
16166,"10,64"
16167,"3,17,18"
16168,"3,4"
16169,"10,64,448"
16170,"145,44,402"
16171,"26,350,0"
16172,"3,147,225"
16173,"0,216,370"
16174,"3,148,147"
16175,"431,199,135"
16176,"0,271,211"
16177,"3,21,187"
16178,"0,3,21"
16179,"0,8,216"
16180,"10,371,295"
16181,"3,187,21"
16182,"3,147,148"
16183,"199,169,0"
16184,"24,43,23"
16185,"10,64,11"
16186,"3,4"
16187,"199,169,38"
16188,"23,49,44"
16189,"3,200,21"
16190,"23,74,118"
16191,"10,64,11"
16192,"10,11,44"
16193,"10,145,24"
16194,"0,10,216"
16195,"3,21,200"
16196,"40,128,0"
16197,"3,0,21"
16198,"3,21,148"
16199,"24,10,23"
16200,"23,38,24"
16201,"10,64,448"
16202,"199,169,251"
16203,"3,21,200"
16204,"3,21,48"
16205,"0,271"
16206,"40,128,306"
16207,"3,21,200"
16208,"72,44,10"
16209,"3,4,21"
16210,"15,3,16"
16211,"3,4,375"
16212,"3,4,200"
16213,"169,170,0"
16214,"199,169"
16215,"10,64,0"
16216,"23,38,32"
16217,"3,147,148"
16218,"402,145,40"
16219,"3,200,21"
16220,"0,235,8"
16221,"3,21,200"
16222,"402,10,40"
16223,"3,85,200"
16224,"10,64,40"
16225,"40,3,41"
16226,"40,131,128"
16227,"0,206,8"
16228,"3,147,148"
16229,"23,49,24"
16230,"3,115,21"
16231,"23,49,24"
16232,"3,21,15"
16233,"10,44,72"
16234,"10,11,64"
16235,"40,23,160"
16236,"181,23,24"
16237,"10,64,448"
16238,"10,3,17"
16239,"169,170,199"
16240,"169,199,170"
16241,"3,4,200"
16242,"169,170,199"
16243,"169,199,0"
16244,"169,199,170"
16245,"3,111,267"
16246,"44,10,145"
16247,"21,3,40"
16248,"169,170,199"
16249,"23,74,38"
16250,"220,10"
16251,"0,216,211"
16252,"40,315,160"
16253,"3,21,200"
16254,"3,4,147"
16255,"49,199,169"
16256,"3,200,148"
16257,"10,220,23"
16258,"171,170,169"
16259,"3,21,40"
16260,"0,216,271"
16261,"3,17,18"
16262,"218,509,0"
16263,"224,41,40"
16264,"170,171,169"
16265,"10,64,448"
16266,"0,169,170"
16267,"3,21,187"
16268,"0,218,216"
16269,"169,199,170"
16270,"169,23,38"
16271,"40,131"
16272,"23,38,10"
16273,"10,64,93"
16274,"3,4"
16275,"199,169,3"
16276,"3,21,200"
16277,"3,4"
16278,"0,216,211"
16279,"40,160,315"
16280,"44,145,40"
16281,"3,21,200"
16282,"32,31,23"
16283,"0,216"
16284,"3,21,111"
16285,"23,74,40"
16286,"40,128,160"
16287,"40,128,131"
16288,"3,200,21"
16289,"23,24,43"
16290,"93,10,64"
16291,"199,169,251"
16292,"10,239,60"
16293,"40,131,139"
16294,"199,169,10"
16295,"23,38,26"
16296,"220,10"
16297,"402,40,0"
16298,"23,40,38"
16299,"40,131"
16300,"40,41,139"
16301,"40,135,250"
16302,"10,64,239"
16303,"10,220,11"
16304,"0,8,235"
16305,"160,40,315"
16306,"0,206,8"
16307,"3,187,21"
16308,"0,23,26"
16309,"3,40,21"
16310,"3,21,148"
16311,"145,44,73"
16312,"3,148,147"
16313,"145,40,10"
16314,"3,200,21"
16315,"10,64,448"
16316,"3,17,18"
16317,"10,11,69"
16318,"44,145,10"
16319,"10,64,93"
16320,"23,38,24"
16321,"8,0,128"
16322,"24,43,23"
16323,"0,271,218"
16324,"187,3,21"
16325,"3,15,200"
16326,"0,10,220"
16327,"23,26,0"
16328,"3,21,200"
16329,"3,4"
16330,"0,26,271"
16331,"40,135,138"
16332,"40,160,131"
16333,"23,38,44"
16334,"169,170,199"
16335,"23,38,26"
16336,"3,21,147"
16337,"0,216,211"
16338,"8,0,206"
16339,"3,21,200"
16340,"3,21,301"
16341,"10,31,169"
16342,"0,216,271"
16343,"0,8,23"
16344,"160,315,40"
16345,"40,41,224"
16346,"40,500,21"
16347,"402,40,145"
16348,"40,131,134"
16349,"10,64,93"
16350,"0,211,212"
16351,"23,38,74"
16352,"23,31,24"
16353,"0,128,40"
16354,"10,64,181"
16355,"40,0,31"
16356,"10,220"
16357,"169,170,0"
16358,"40,131"
16359,"431,199,135"
16360,"4,3"
16361,"10,64"
16362,"40,131,41"
16363,"3,4,200"
16364,"220,10"
16365,"220,10"
16366,"3,21,127"
16367,"0,216,279"
16368,"3,21,200"
16369,"49,24,23"
16370,"160,40,315"
16371,"32,31,3"
16372,"199,169"
16373,"0,271,216"
16374,"170,169,171"
16375,"170,171,169"
16376,"23,38,74"
16377,"3,523,147"
16378,"23,38,63"
16379,"169,170,0"
16380,"40,41,224"
16381,"23,38,26"
16382,"3,4,200"
16383,"3,21,200"
16384,"0,271,218"
16385,"10,24,64"
16386,"63,23,38"
16387,"38,23"
16388,"169,199,170"
16389,"169,199,170"
16390,"10,145,40"
16391,"10,64,448"
16392,"10,23,24"
16393,"160,315,40"
16394,"3,148,21"
16395,"40,146,131"
16396,"3,4"
16397,"145,44,10"
16398,"49,24,10"
16399,"0,271,231"
16400,"0,3,10"
16401,"10,64,93"
16402,"40,145,44"
16403,"169,199,259"
16404,"3,21,187"
16405,"40,41,128"
16406,"23,74,38"
16407,"10,64,448"
16408,"0,8,206"
16409,"26,0,23"
16410,"0,206,8"
16411,"3,21,200"
16412,"220,10"
16413,"0,26,23"
16414,"72,44,23"
16415,"0,216,211"
16416,"169,199,251"
16417,"40,3,21"
16418,"3,15,200"
16419,"231,206,8"
16420,"62,24,23"
16421,"40,131,159"
16422,"3,17,21"
16423,"32,23,31"
16424,"3,21,40"
16425,"220,10"
16426,"0,271,216"
16427,"3,4"
16428,"3,40,21"
16429,"23,38"
16430,"3,4,148"
16431,"145,44,10"
16432,"138,135,40"
16433,"40,145,402"
16434,"40,160,315"
16435,"3,5,147"
16436,"0,211,212"
16437,"145,146,40"
16438,"3,200,21"
16439,"10,220,40"
16440,"118,23,74"
16441,"49,23,24"
16442,"26,231,0"
16443,"10,220,402"
16444,"3,21,200"
16445,"199,169,40"
16446,"3,4,375"
16447,"23,38,10"
16448,"10,11,221"
16449,"84,23,74"
16450,"72,44,10"
16451,"3,17,18"
16452,"4,3,7"
16453,"40,160,315"
16454,"74,23,71"
16455,"3,111,148"
16456,"3,21,200"
16457,"40,128,129"
16458,"23,24,31"
16459,"3,48,118"
16460,"72,44,10"
16461,"3,147,148"
16462,"3,21,199"
16463,"44,145,45"
16464,"10,64,220"
16465,"169,296,0"
16466,"128,40,130"
16467,"40,131,368"
16468,"0,145,40"
16469,"40,146,145"
16470,"71,10,23"
16471,"26,231,0"
16472,"3,202,200"
16473,"23,10,44"
16474,"4,3,7"
16475,"40,315,160"
16476,"0,216,211"
16477,"23,38"
16478,"40,402,328"
16479,"169,199,170"
16480,"3,4,375"
16481,"24,23,43"
16482,"38,23,40"
16483,"40,41,135"
16484,"3,187,21"
16485,"431,199,135"
16486,"3,199,169"
16487,"169,170,296"
16488,"23,74,40"
16489,"296,169,306"
16490,"206,8,0"
16491,"10,64,93"
16492,"3,21,200"
16493,"199,169,251"
16494,"199,169"
16495,"169,199,40"
16496,"3,21,147"
16497,"3,21,200"
16498,"3,17,21"
16499,"40,128,131"
16500,"0,271,216"
16501,"23,24,43"
16502,"40,41,135"
16503,"10,93,64"
16504,"23,38,10"
16505,"3,21,200"
16506,"44,72,10"
16507,"3,287,53"
16508,"3,4,200"
16509,"3,21,200"
16510,"169,170,0"
16511,"24,23,43"
16512,"220,10"
16513,"199,169"
16514,"3,187,21"
16515,"10,239,60"
16516,"40,31,245"
16517,"3,148,147"
16518,"72,44,145"
16519,"40,23,38"
16520,"40,184,185"
16521,"40,3,21"
16522,"3,17,18"
16523,"3,21,148"
16524,"169,199,170"
16525,"10,11,69"
16526,"169,3,199"
16527,"169,0,170"
16528,"0,211,271"
16529,"24,23,43"
16530,"10,72,44"
16531,"0,279,211"
16532,"3,15,17"
16533,"0,44,145"
16534,"220,10"
16535,"0,271"
16536,"3,17,200"
16537,"40,3,41"
16538,"3,4"
16539,"23,26,118"
16540,"40,131,159"
16541,"10,11,69"
16542,"3,187,21"
16543,"0,271,313"
16544,"3,148,15"
16545,"23,38,0"
16546,"10,11,69"
16547,"170,171,169"
16548,"40,169,31"
16549,"0,216,357"
16550,"40,128,129"
16551,"3,40,21"
16552,"23,24,49"
16553,"169,170,171"
16554,"3,21,187"
16555,"40,131,23"
16556,"0,271"
16557,"10,11,69"
16558,"49,23,24"
16559,"3,169,40"
16560,"40,131"
16561,"49,23,24"
16562,"170,171,169"
16563,"0,265,216"
16564,"3,21,187"
16565,"138,135,40"
16566,"17,3,18"
16567,"199,169,223"
16568,"32,31,23"
16569,"0,216,218"
16570,"220,10"
16571,"220,10"
16572,"3,147,148"
16573,"296,169,107"
16574,"0,169,271"
16575,"220,10"
16576,"44,145,23"
16577,"169,170"
16578,"44,23,145"
16579,"170,171,169"
16580,"10,220"
16581,"26,23,350"
16582,"0,271,216"
16583,"40,23,145"
16584,"3,0,4"
16585,"23,74,38"
16586,"49,23,24"
16587,"10,146,145"
16588,"23,38,24"
16589,"0,271"
16590,"0,216,271"
16591,"10,220"
16592,"40,41,286"
16593,"23,38,24"
16594,"199,169,251"
16595,"3,21,187"
16596,"0,265,271"
16597,"0,49,23"
16598,"3,21,200"
16599,"23,38,24"
16600,"40,21,41"
16601,"23,38,71"
16602,"40,23,10"
16603,"40,131,23"
16604,"3,148,147"
16605,"40,184,131"
16606,"40,131,23"
16607,"23,24,43"
16608,"38,23,40"
16609,"10,93,64"
16610,"169,199,170"
16611,"0,265,271"
16612,"40,3,41"
16613,"23,31,38"
16614,"3,4,148"
16615,"40,250,128"
16616,"23,74,40"
16617,"10,64,93"
16618,"8,0,26"
16619,"0,40,255"
16620,"40,160,41"
16621,"10,239,60"
16622,"107,23,38"
16623,"49,23,24"
16624,"199,169"
16625,"23,38,26"
16626,"296,169,123"
16627,"3,147,148"
16628,"220,10"
16629,"3,239,10"
16630,"40,23,146"
16631,"23,24,43"
16632,"8,206,0"
16633,"0,271"
16634,"10,93,3"
16635,"3,40,21"
16636,"23,38,40"
16637,"26,23,0"
16638,"40,160,315"
16639,"4,3,0"
16640,"40,160,315"
16641,"3,200,21"
16642,"40,160,315"
16643,"3,148,147"
16644,"220,10"
16645,"169,199,459"
16646,"0,271,218"
16647,"38,23,309"
16648,"26,23,89"
16649,"40,131"
16650,"40,3,41"
16651,"40,128,41"
16652,"0,255,271"
16653,"23,31,38"
16654,"0,216,273"
16655,"23,74,38"
16656,"3,21,200"
16657,"3,48,21"
16658,"0,206,8"
16659,"4,3,7"
16660,"40,346,169"
16661,"0,265,271"
16662,"40,131"
16663,"0,271,366"
16664,"170,171,169"
16665,"23,38,74"
16666,"40,184,131"
16667,"40,128,129"
16668,"23,74,38"
16669,"3,21,115"
16670,"0,8,206"
16671,"40,131"
16672,"231,26,206"
16673,"10,11,44"
16674,"38,23,74"
16675,"10,64,24"
16676,"0,216"
16677,"3,21,48"
16678,"23,26,38"
16679,"0,216,313"
16680,"10,64,93"
16681,"309,38,250"
16682,"3,17,21"
16683,"0,211,216"
16684,"0,216,257"
16685,"40,3,17"
16686,"0,211,212"
16687,"3,4,147"
16688,"118,23,74"
16689,"3,23,21"
16690,"128,40,129"
16691,"10,64,448"
16692,"23,38,24"
16693,"3,21,148"
16694,"402,145,40"
16695,"44,145,10"
16696,"10,0,11"
16697,"23,31,96"
16698,"3,21,148"
16699,"10,24,23"
16700,"23,0,38"
16701,"23,38,74"
16702,"187,3,21"
16703,"3,10,101"
16704,"220,10"
16705,"40,131,128"
16706,"169,199,170"
16707,"170,169,3"
16708,"40,128,129"
16709,"199,10,169"
16710,"17,3,18"
16711,"40,128,346"
16712,"3,21,148"
16713,"170,169"
16714,"49,23,24"
16715,"10,64,239"
16716,"145,402,40"
16717,"4,3,7"
16718,"23,26,0"
16719,"10,239,60"
16720,"10,11,64"
16721,"0,169,216"
16722,"169,170,296"
16723,"40,160,41"
16724,"0,235,8"
16725,"170,169,171"
16726,"23,38,105"
16727,"169,337,339"
16728,"169,199,0"
16729,"346,0,313"
16730,"10,72,44"
16731,"199,169,251"
16732,"3,4,15"
16733,"44,145,23"
16734,"0,40,216"
16735,"3,4"
16736,"40,41,224"
16737,"3,169,0"
16738,"199,169"
16739,"169,199,296"
16740,"402,145,40"
16741,"23,38,74"
16742,"8,0,206"
16743,"3,40,21"
16744,"3,4,200"
16745,"3,21,200"
16746,"10,44,72"
16747,"26,23,231"
16748,"0,8,235"
16749,"38,23,137"
16750,"170,169,171"
16751,"40,3,153"
16752,"169,199"
16753,"26,0,350"
16754,"26,23,89"
16755,"3,4,15"
16756,"3,111,112"
16757,"199,169,431"
16758,"44,145,23"
16759,"3,21,301"
16760,"4,3"
16761,"74,23,31"
16762,"23,26,74"
16763,"199,169"
16764,"3,4,10"
16765,"128,40,129"
16766,"3,4"
16767,"169,199"
16768,"3,21,148"
16769,"10,44,220"
16770,"23,118,74"
16771,"170,171,169"
16772,"3,21,187"
16773,"199,169,251"
16774,"315,160,40"
16775,"0,211,271"
16776,"10,239,64"
16777,"23,10,48"
16778,"38,23,246"
16779,"23,38,74"
16780,"3,21,148"
16781,"23,74,38"
16782,"44,145,23"
16783,"3,147,148"
16784,"23,3,74"
16785,"40,3,41"
16786,"169,199,0"
16787,"3,21,200"
16788,"3,147,148"
16789,"169,170,8"
16790,"135,40,236"
16791,"3,21,13"
16792,"40,131,193"
16793,"220,10"
16794,"17,3,40"
16795,"3,21,200"
16796,"40,131,159"
16797,"199,169,223"
16798,"23,0,38"
16799,"10,64"
16800,"0,8,206"
16801,"10,220"
16802,"3,200,148"
16803,"3,147,148"
16804,"3,4,375"
16805,"3,21,200"
16806,"40,41,224"
16807,"3,21,200"
16808,"3,10,220"
16809,"10,64,93"
16810,"40,131"
16811,"199,169,431"
16812,"24,23,43"
16813,"345,23,38"
16814,"23,44,145"
16815,"40,131,23"
16816,"0,271,216"
16817,"169,199,3"
16818,"128,40,129"
16819,"72,44,10"
16820,"170,169,171"
16821,"40,128,131"
16822,"3,170,169"
16823,"3,21,200"
16824,"3,21,40"
16825,"40,160,315"
16826,"40,131,128"
16827,"3,147,148"
16828,"3,21,200"
16829,"169,23,296"
16830,"199,431,169"
16831,"0,8,26"
16832,"23,38,24"
16833,"38,23"
16834,"8,23,26"
16835,"3,123,21"
16836,"171,170,169"
16837,"169,135,40"
16838,"3,21,200"
16839,"199,431,169"
16840,"3,23,40"
16841,"23,38,74"
16842,"23,24,43"
16843,"431,199,169"
16844,"3,21,40"
16845,"3,15,200"
16846,"169,199,251"
16847,"40,131,169"
16848,"40,131"
16849,"206,8,0"
16850,"0,271,216"
16851,"169,0,170"
16852,"0,271,366"
16853,"220,10"
16854,"72,10,44"
16855,"3,15,147"
16856,"10,506,221"
16857,"10,181,323"
16858,"24,23,10"
16859,"3,17,15"
16860,"40,131"
16861,"40,131"
16862,"40,145,44"
16863,"23,38,24"
16864,"0,216,271"
16865,"0,26,216"
16866,"44,11,69"
16867,"4,3"
16868,"0,206,8"
16869,"10,64,448"
16870,"3,147,15"
16871,"40,3,41"
16872,"10,64,93"
16873,"17,3,18"
16874,"10,72,44"
16875,"10,25,23"
16876,"199,169,49"
16877,"345,23,24"
16878,"0,220,10"
16879,"3,21,200"
16880,"23,24,10"
16881,"10,11,44"
16882,"3,40,21"
16883,"4,3,5"
16884,"10,3,11"
16885,"0,216,271"
16886,"3,21,200"
16887,"15,3,16"
16888,"15,3,16"
16889,"0,271,265"
16890,"3,148,147"
16891,"23,31,38"
16892,"169,170,199"
16893,"0,218,265"
16894,"40,41,128"
16895,"0,271"
16896,"3,147,148"
16897,"169,0,275"
16898,"220,10"
16899,"10,23,40"
16900,"3,170,169"
16901,"145,44,10"
16902,"135,189,138"
16903,"0,8,235"
16904,"3,21,40"
16905,"4,3"
16906,"3,21,200"
16907,"220,10"
16908,"3,147,148"
16909,"23,38,44"
16910,"21,3,40"
16911,"10,64,93"
16912,"44,145,45"
16913,"0,218,216"
16914,"4,3"
16915,"0,218,271"
16916,"169,170,199"
16917,"38,23,24"
16918,"3,148,200"
16919,"175,23,38"
16920,"402,145,10"
16921,"23,74,118"
16922,"3,187,21"
16923,"199,169,259"
16924,"11,10,69"
16925,"0,231,271"
16926,"0,271,216"
16927,"0,271,265"
16928,"10,64,448"
16929,"170,171,169"
16930,"38,23"
16931,"10,220,25"
16932,"0,216,271"
16933,"3,40,184"
16934,"170,169,3"
16935,"23,38,105"
16936,"169,170,199"
16937,"24,23,43"
16938,"3,40,21"
16939,"0,216,10"
16940,"169,199,251"
16941,"44,145,23"
16942,"220,10"
16943,"26,23,89"
16944,"24,43,23"
16945,"220,10,508"
16946,"40,128,130"
16947,"3,17,21"
16948,"3,17,4"
16949,"40,0,128"
16950,"169,199,170"
16951,"23,38,31"
16952,"23,74,118"
16953,"0,40,128"
16954,"24,23,43"
16955,"0,211,216"
16956,"0,271"
16957,"3,17,21"
16958,"169,170,171"
16959,"220,10"
16960,"3,169,21"
16961,"3,62,148"
16962,"10,220"
16963,"3,21,28"
16964,"0,23,26"
16965,"24,23,43"
16966,"38,23,40"
16967,"328,31,23"
16968,"169,199,40"
16969,"3,21,187"
16970,"11,10,205"
16971,"40,3,41"
16972,"10,3,40"
16973,"0,169,40"
16974,"23,49,24"
16975,"0,8,26"
16976,"3,40,21"
16977,"220,10"
16978,"40,131,134"
16979,"49,23,24"
16980,"3,21,200"
16981,"40,131,145"
16982,"10,64,221"
16983,"23,10,38"
16984,"175,23,38"
16985,"32,199,169"
16986,"10,64,448"
16987,"3,4"
16988,"40,3,21"
16989,"129,128,40"
16990,"0,255,271"
16991,"3,147,148"
16992,"3,169,199"
16993,"40,131,193"
16994,"24,23,10"
16995,"60,31,24"
16996,"3,13,21"
16997,"3,15,16"
16998,"220,10"
16999,"0,328,40"
17000,"0,271,216"
17001,"188,15,0"
17002,"199,169"
17003,"3,21,200"
17004,"40,131,128"
17005,"169,128,129"
17006,"23,40,38"
17007,"32,3,31"
17008,"3,0,218"
17009,"10,220"
17010,"31,169,23"
17011,"169,170"
17012,"3,21,4"
17013,"10,145,64"
17014,"3,200,53"
17015,"199,169,38"
17016,"3,15,4"
17017,"169,170,10"
17018,"23,38,24"
17019,"3,38,23"
17020,"3,147,148"
17021,"145,44,40"
17022,"169,3,199"
17023,"23,38,26"
17024,"0,216,8"
17025,"169,62,23"
17026,"3,21,148"
17027,"23,24,40"
17028,"40,128,21"
17029,"3,21,187"
17030,"169,199"
17031,"40,128,129"
17032,"23,24,43"
17033,"40,131,193"
17034,"26,89,23"
17035,"145,44,10"
17036,"40,184,128"
17037,"3,148,147"
17038,"3,4,200"
17039,"10,220,64"
17040,"10,24,11"
17041,"4,3,7"
17042,"3,15,200"
17043,"40,3,10"
17044,"0,216,211"
17045,"3,199,169"
17046,"169,199,170"
17047,"10,64,93"
17048,"0,271"
17049,"3,21,200"
17050,"32,23,31"
17051,"0,218,26"
17052,"0,8,26"
17053,"10,64,11"
17054,"169,3,170"
17055,"3,40,38"
17056,"10,64,448"
17057,"3,40,21"
17058,"199,169,38"
17059,"0,271"
17060,"3,200,21"
17061,"181,10,40"
17062,"0,271,216"
17063,"3,4"
17064,"0,271,216"
17065,"3,21,40"
17066,"3,21,200"
17067,"40,131"
17068,"3,21,200"
17069,"3,187,21"
17070,"0,271,366"
17071,"23,24,10"
17072,"145,170,181"
17073,"10,0,220"
17074,"107,38,23"
17075,"3,111,17"
17076,"10,64,93"
17077,"10,11,220"
17078,"23,74,118"
17079,"3,4"
17080,"169,199,170"
17081,"10,64,11"
17082,"40,145,23"
17083,"23,74,38"
17084,"40,131,241"
17085,"3,21,148"
17086,"10,64,448"
17087,"32,23,31"
17088,"40,41,3"
17089,"123,40,3"
17090,"40,146,145"
17091,"3,21,200"
17092,"3,148,147"
17093,"23,38,40"
17094,"169,296"
17095,"4,3,7"
17096,"128,40,129"
17097,"3,21,40"
17098,"220,10"
17099,"199,169,3"
17100,"3,21,148"
17101,"169,170,171"
17102,"169,199,0"
17103,"169,199,0"
17104,"3,200,148"
17105,"169,199,426"
17106,"145,10,44"
17107,"0,271"
17108,"23,24,40"
17109,"40,131"
17110,"3,4"
17111,"23,62,24"
17112,"3,21,148"
17113,"3,21,148"
17114,"3,4"
17115,"40,131,241"
17116,"38,23,10"
17117,"3,21,200"
17118,"0,265,235"
17119,"0,271,280"
17120,"26,23,89"
17121,"44,145,10"
17122,"160,40,315"
17123,"160,315,40"
17124,"220,10"
17125,"15,3,16"
17126,"199,169,223"
17127,"170,169,171"
17128,"23,74,38"
17129,"169,199,0"
17130,"10,64,24"
17131,"188,3,4"
17132,"38,23,82"
17133,"24,43,23"
17134,"23,24,38"
17135,"0,218,457"
17136,"0,271,265"
17137,"10,11,221"
17138,"0,26,271"
17139,"3,21,200"
17140,"3,199,187"
17141,"3,4"
17142,"23,26,38"
17143,"3,187,21"
17144,"40,131"
17145,"40,131,17"
17146,"3,21,200"
17147,"0,211,212"
17148,"3,4,375"
17149,"129,128,40"
17150,"220,10"
17151,"24,10,23"
17152,"3,21,17"
17153,"0,313,271"
17154,"3,21,200"
17155,"10,11,69"
17156,"145,43,24"
17157,"169,199,251"
17158,"0,216,271"
17159,"40,160,315"
17160,"402,0,40"
17161,"3,21,187"
17162,"0,8,211"
17163,"181,145,40"
17164,"44,23,10"
17165,"38,0,23"
17166,"3,4,200"
17167,"43,24,23"
17168,"3,17,21"
17169,"43,24,23"
17170,"3,4,10"
17171,"10,229,0"
17172,"49,23,24"
17173,"23,38,94"
17174,"38,10,23"
17175,"128,40,129"
17176,"10,64,93"
17177,"3,21,148"
17178,"199,169,181"
17179,"40,160,315"
17180,"40,160,315"
17181,"10,220"
17182,"145,44,40"
17183,"199,169"
17184,"10,64,93"
17185,"199,169"
17186,"3,21,200"
17187,"0,271,8"
17188,"40,135,250"
17189,"337,169,170"
17190,"10,11,220"
17191,"40,135,138"
17192,"0,31,8"
17193,"84,23,74"
17194,"220,10"
17195,"199,169,170"
17196,"23,74,38"
17197,"10,509,44"
17198,"170,3,169"
17199,"0,206,8"
17200,"44,40,10"
17201,"3,148,21"
17202,"3,199,169"
17203,"220,10"
17204,"0,8,206"
17205,"10,72,44"
17206,"0,271,216"
17207,"170,169,171"
17208,"3,147,148"
17209,"40,23,135"
17210,"3,21,200"
17211,"26,23,350"
17212,"199,40,169"
17213,"10,220"
17214,"44,145,40"
17215,"23,74,38"
17216,"40,131,193"
17217,"0,8,206"
17218,"3,147,148"
17219,"4,3"
17220,"38,23,82"
17221,"21,3,40"
17222,"10,11,69"
17223,"3,187,21"
17224,"3,17,21"
17225,"3,21,200"
17226,"38,23,24"
17227,"10,64"
17228,"40,23,131"
17229,"3,21,200"
17230,"43,24,23"
17231,"23,38,74"
17232,"199,169,38"
17233,"3,111,0"
17234,"40,160"
17235,"32,23,31"
17236,"3,21,5"
17237,"199,169"
17238,"23,118,74"
17239,"10,64,448"
17240,"3,5,6"
17241,"3,21,200"
17242,"169,170,199"
17243,"3,4"
17244,"24,23,43"
17245,"220,10"
17246,"10,145,72"
17247,"49,24,23"
17248,"3,21,187"
17249,"3,21,28"
17250,"10,220,40"
17251,"10,3,15"
17252,"40,41,224"
17253,"38,23,137"
17254,"0,38,26"
17255,"23,38,74"
17256,"40,3,21"
17257,"74,23,165"
17258,"169,199,26"
17259,"3,21,148"
17260,"170,169"
17261,"40,31,23"
17262,"10,24,145"
17263,"3,21,200"
17264,"38,23,10"
17265,"26,23,38"
17266,"10,93,64"
17267,"170,171,169"
17268,"0,216,271"
17269,"40,41,128"
17270,"4,3,7"
17271,"181,24,145"
17272,"199,169,3"
17273,"3,21,200"
17274,"40,131,220"
17275,"231,26,44"
17276,"23,38,26"
17277,"0,8"
17278,"169,170,199"
17279,"169,296,337"
17280,"3,147,148"
17281,"23,62,24"
17282,"26,23,38"
17283,"3,523,147"
17284,"0,271,216"
17285,"0,26,23"
17286,"0,8,206"
17287,"44,145,23"
17288,"3,21,148"
17289,"40,41,128"
17290,"169,199,170"
17291,"3,21,148"
17292,"3,21,200"
17293,"220,10"
17294,"3,148,147"
17295,"3,40,21"
17296,"220,10"
17297,"169,199,251"
17298,"0,271,218"
17299,"72,44,10"
17300,"74,23,165"
17301,"38,23,74"
17302,"199,169,3"
17303,"169,170,3"
17304,"169,0,230"
17305,"10,64,11"
17306,"3,187,21"
17307,"48,38,309"
17308,"40,160,128"
17309,"199,169,0"
17310,"3,17,18"
17311,"3,21,200"
17312,"10,220"
17313,"3,15,200"
17314,"4,3,7"
17315,"40,316,23"
17316,"10,93,64"
17317,"38,23,74"
17318,"220,10"
17319,"3,4"
17320,"3,4,148"
17321,"0,265,271"
17322,"3,187,21"
17323,"239,10,93"
17324,"3,169,21"
17325,"145,10,40"
17326,"3,21,148"
17327,"3,5,21"
17328,"40,160,315"
17329,"0,265,169"
17330,"23,24,62"
17331,"74,23,38"
17332,"17,3,18"
17333,"23,24,10"
17334,"38,23,0"
17335,"220,10"
17336,"3,21,13"
17337,"10,64,145"
17338,"0,271,216"
17339,"10,64,448"
17340,"40,184,160"
17341,"23,74,38"
17342,"145,402,40"
17343,"38,23"
17344,"169,199,426"
17345,"24,49,23"
17346,"131,40"
17347,"0,40,216"
17348,"402,40,145"
17349,"23,44,38"
17350,"38,23,10"
17351,"3,147,148"
17352,"135,40,23"
17353,"23,74,38"
17354,"0,206,8"
17355,"0,271"
17356,"10,64,93"
17357,"10,64,239"
17358,"23,74,38"
17359,"38,23,40"
17360,"40,74,23"
17361,"23,49,24"
17362,"43,24,23"
17363,"0,216"
17364,"3,199,21"
17365,"3,148,21"
17366,"231,26,118"
17367,"40,135,184"
17368,"24,23,40"
17369,"40,128"
17370,"40,138,135"
17371,"10,220,145"
17372,"10,64"
17373,"23,26,38"
17374,"23,38,24"
17375,"220,10"
17376,"0,271,216"
17377,"40,160,315"
17378,"169,0,170"
17379,"40,131"
17380,"0,216,211"
17381,"3,188,4"
17382,"169,199,145"
17383,"23,74,38"
17384,"49,24,23"
17385,"11,10,69"
17386,"199,49,169"
17387,"220,10"
17388,"40,128,186"
17389,"3,15,275"
17390,"234,189,10"
17391,"40,184,74"
17392,"40,146,145"
17393,"220,10"
17394,"220,10"
17395,"199,169,10"
17396,"3,148,147"
17397,"3,202,111"
17398,"11,10,69"
17399,"40,131"
17400,"3,21,200"
17401,"40,41,224"
17402,"24,23,43"
17403,"23,105,24"
17404,"181,40,145"
17405,"26,231,23"
17406,"40,21,17"
17407,"26,231,23"
17408,"32,31,23"
17409,"169,170,10"
17410,"49,23,24"
17411,"3,21,200"
17412,"220,10"
17413,"24,23,43"
17414,"118,23,74"
17415,"40,41,3"
17416,"0,206,8"
17417,"0,8,206"
17418,"328,31,23"
17419,"4,3"
17420,"40,160,315"
17421,"181,145,32"
17422,"40,131,184"
17423,"10,64"
17424,"3,21,148"
17425,"10,64"
17426,"145,23,402"
17427,"23,24,32"
17428,"138,135,40"
17429,"23,24,32"
17430,"145,10,44"
17431,"0,220,216"
17432,"170,169,10"
17433,"32,31,23"
17434,"3,40,21"
17435,"170,3,169"
17436,"3,21,148"
17437,"199,169,426"
17438,"145,40,402"
17439,"169,199,170"
17440,"44,145,38"
17441,"0,271,366"
17442,"40,23,38"
17443,"3,200,21"
17444,"235,0,8"
17445,"3,40,111"
17446,"0,8,235"
17447,"3,199,169"
17448,"23,26,89"
17449,"4,3,19"
17450,"0,271,216"
17451,"23,74,38"
17452,"402,145,40"
17453,"199,169,251"
17454,"3,21,200"
17455,"26,23,38"
17456,"3,147,148"
17457,"0,271"
17458,"145,72,181"
17459,"0,265,10"
17460,"220,10"
17461,"40,128,23"
17462,"40,184,131"
17463,"220,10"
17464,"3,21,200"
17465,"199,169"
17466,"23,26,0"
17467,"3,4,200"
17468,"3,112,111"
17469,"23,38,26"
17470,"40,131,128"
17471,"44,73,145"
17472,"40,131,159"
17473,"10,64,448"
17474,"10,11,44"
17475,"107,23,38"
17476,"23,38,74"
17477,"169,426,199"
17478,"23,38"
17479,"10,220,0"
17480,"10,220"
17481,"3,21,40"
17482,"38,23,40"
17483,"10,220"
17484,"10,64,448"
17485,"0,10,220"
17486,"40,135,295"
17487,"23,74,62"
17488,"3,4,15"
17489,"0,271,216"
17490,"40,23,74"
17491,"234,10,60"
17492,"40,135,131"
17493,"4,3"
17494,"40,3,21"
17495,"169,199,170"
17496,"10,239,64"
17497,"38,23,74"
17498,"3,21,147"
17499,"3,40,21"
17500,"3,4,188"
17501,"40,41,128"
17502,"0,216,218"
17503,"10,64,93"
17504,"3,40,17"
17505,"0,271,216"
17506,"0,235,8"
17507,"0,8,216"
17508,"10,24,145"
17509,"3,21,13"
17510,"10,11,205"
17511,"368,26,184"
17512,"296,169,306"
17513,"10,64,93"
17514,"3,5,133"
17515,"40,199,160"
17516,"23,31,10"
17517,"3,21,22"
17518,"0,271,216"
17519,"23,40,74"
17520,"138,135,40"
17521,"3,148,21"
17522,"3,0,148"
17523,"10,64,40"
17524,"0,216,265"
17525,"40,38,94"
17526,"220,10"
17527,"3,4"
17528,"0,271,216"
17529,"40,131"
17530,"0,8"
17531,"199,169,181"
17532,"23,38,26"
17533,"0,265,271"
17534,"169,337,0"
17535,"23,38,345"
17536,"169,199,170"
17537,"0,8,211"
17538,"199,169"
17539,"0,216,265"
17540,"3,10,287"
17541,"3,147,148"
17542,"23,74,84"
17543,"3,15,200"
17544,"199,3,187"
17545,"169,296,31"
17546,"169,199,426"
17547,"3,21,200"
17548,"40,41,21"
17549,"10,220,221"
17550,"3,21,40"
17551,"199,169"
17552,"0,169,170"
17553,"199,169"
17554,"40,131"
17555,"3,148,147"
17556,"93,10,64"
17557,"0,279,249"
17558,"49,23,24"
17559,"206,0,8"
17560,"0,26,89"
17561,"10,220"
17562,"23,31,24"
17563,"3,21,200"
17564,"206,8,0"
17565,"3,21,200"
17566,"10,64,448"
17567,"3,148,21"
17568,"0,216,220"
17569,"0,265,271"
17570,"21,3,48"
17571,"3,4"
17572,"3,21,200"
17573,"40,160,315"
17574,"3,147,148"
17575,"38,23"
17576,"3,21,200"
17577,"10,64,11"
17578,"49,23,24"
17579,"10,64,448"
17580,"128,40,130"
17581,"10,64,26"
17582,"26,0,350"
17583,"3,21,200"
17584,"169,199,170"
17585,"11,44,10"
17586,"3,4"
17587,"26,0,89"
17588,"49,23,24"
17589,"3,200,148"
17590,"10,64,93"
17591,"220,10"
17592,"199,169,187"
17593,"10,44,145"
17594,"199,431,169"
17595,"3,147,148"
17596,"3,21,200"
17597,"23,38,26"
17598,"129,40,128"
17599,"40,129,128"
17600,"3,133,5"
17601,"72,44,10"
17602,"3,21,28"
17603,"220,10"
17604,"220,10"
17605,"0,271"
17606,"23,40,74"
17607,"3,21,200"
17608,"0,218,216"
17609,"220,10"
17610,"15,3,16"
17611,"170,169"
17612,"3,4,200"
17613,"3,23,68"
17614,"3,21,187"
17615,"3,187,21"
17616,"32,31,23"
17617,"3,5,6"
17618,"23,38,74"
17619,"3,21,40"
17620,"3,32,31"
17621,"0,216,218"
17622,"23,74,38"
17623,"169,170,199"
17624,"169,170,199"
17625,"10,11,239"
17626,"0,218,8"
17627,"40,131,241"
17628,"10,220"
17629,"187,3,21"
17630,"23,74,38"
17631,"145,24,40"
17632,"10,220"
17633,"15,3,16"
17634,"8,206,0"
17635,"49,23,24"
17636,"3,187,21"
17637,"3,21,200"
17638,"24,23,43"
17639,"402,145,10"
17640,"23,38,24"
17641,"40,131,134"
17642,"10,64,24"
17643,"169,170,199"
17644,"187,3,21"
17645,"24,23,43"
17646,"10,44,23"
17647,"8,0,26"
17648,"40,23,131"
17649,"40,3,160"
17650,"3,21,200"
17651,"32,31,23"
17652,"3,21,200"
17653,"10,11,69"
17654,"3,0,21"
17655,"23,31,258"
17656,"170,3,169"
17657,"169,199,129"
17658,"40,131,23"
17659,"32,31,23"
17660,"0,216,271"
17661,"0,26,296"
17662,"24,23,43"
17663,"38,23"
17664,"3,170,169"
17665,"3,200,21"
17666,"3,21,40"
17667,"10,64,11"
17668,"10,11,44"
17669,"0,271,265"
17670,"3,21,200"
17671,"23,38,10"
17672,"169,170"
17673,"4,3"
17674,"10,220"
17675,"40,131,241"
17676,"220,10"
17677,"23,38,74"
17678,"23,38,26"
17679,"32,23,31"
17680,"220,10"
17681,"169,199,3"
17682,"3,4,200"
17683,"0,8,235"
17684,"23,38,0"
17685,"169,199,170"
17686,"3,15,200"
17687,"23,38,74"
17688,"10,93,64"
17689,"3,17,21"
17690,"3,21,40"
17691,"3,200,21"
17692,"23,26,38"
17693,"169,170,171"
17694,"0,265,218"
17695,"40,128,41"
17696,"40,181,10"
17697,"3,147,148"
17698,"23,26,38"
17699,"199,169,3"
17700,"10,44,145"
17701,"0,265,220"
17702,"169,199,426"
17703,"129,128,40"
17704,"169,199,170"
17705,"24,23,145"
17706,"3,4,200"
17707,"181,40,145"
17708,"0,235,8"
17709,"199,169,431"
17710,"40,41,286"
17711,"0,26,23"
17712,"40,184,131"
17713,"4,3,7"
17714,"23,71,74"
17715,"10,220,44"
17716,"17,3,18"
17717,"40,146,145"
17718,"169,170,199"
17719,"44,72,10"
17720,"23,145,10"
17721,"3,4,21"
17722,"3,147,148"
17723,"40,135,23"
17724,"169,170,3"
17725,"0,271,216"
17726,"40,3,17"
17727,"170,169"
17728,"23,402,31"
17729,"3,21,28"
17730,"181,23,24"
17731,"3,10,0"
17732,"23,345,38"
17733,"15,3,17"
17734,"3,4"
17735,"220,10"
17736,"3,199,21"
17737,"23,43,24"
17738,"220,10"
17739,"10,64,44"
17740,"169,199,251"
17741,"169,296,199"
17742,"3,21,148"
17743,"40,146,145"
17744,"4,3,7"
17745,"40,286,131"
17746,"40,128,0"
17747,"4,3,7"
17748,"10,64,24"
17749,"3,21,200"
17750,"23,38,71"
17751,"199,169"
17752,"220,10"
17753,"3,17,18"
17754,"169,199,296"
17755,"23,0,38"
17756,"10,64,93"
17757,"169,170,171"
17758,"23,24,71"
17759,"10,64,38"
17760,"3,21,40"
17761,"71,23,24"
17762,"23,38,26"
17763,"24,23,43"
17764,"0,10,169"
17765,"40,131,134"
17766,"0,271,8"
17767,"3,4,200"
17768,"38,23,74"
17769,"3,148,147"
17770,"38,23,40"
17771,"3,21,187"
17772,"40,128,41"
17773,"40,128,129"
17774,"3,15,200"
17775,"3,21,200"
17776,"0,271"
17777,"169,296,460"
17778,"0,211,212"
17779,"220,10"
17780,"0,216,271"
17781,"38,23,74"
17782,"0,271,216"
17783,"0,271,216"
17784,"220,10"
17785,"0,271,216"
17786,"3,21,200"
17787,"3,4,15"
17788,"10,64"
17789,"23,40,24"
17790,"169,38,23"
17791,"3,21,148"
17792,"40,128,41"
17793,"220,10"
17794,"3,187,21"
17795,"40,131"
17796,"0,220,10"
17797,"3,21,40"
17798,"40,128,129"
17799,"10,64,93"
17800,"10,40,220"
17801,"3,17,18"
17802,"3,13,200"
17803,"169,170,171"
17804,"71,23,402"
17805,"170,3,169"
17806,"10,40,426"
17807,"3,21,200"
17808,"3,4"
17809,"3,148,40"
17810,"3,21,40"
17811,"10,0,220"
17812,"40,386,135"
17813,"23,38,71"
17814,"0,271"
17815,"23,40,31"
17816,"24,181,10"
17817,"40,135,41"
17818,"3,199,169"
17819,"170,459,169"
17820,"40,3,21"
17821,"10,169,64"
17822,"3,147,148"
17823,"0,216,271"
17824,"38,23,10"
17825,"40,184,131"
17826,"199,169,181"
17827,"10,93,64"
17828,"0,216,218"
17829,"23,74,38"
17830,"160,40,315"
17831,"3,21,200"
17832,"3,4,17"
17833,"0,271,313"
17834,"10,64,93"
17835,"23,24,145"
17836,"24,23,43"
17837,"44,145,23"
17838,"10,64,239"
17839,"0,8,235"
17840,"44,10,145"
17841,"26,231,23"
17842,"0,265,271"
17843,"10,64,24"
17844,"62,11,69"
17845,"11,10,44"
17846,"8,206,0"
17847,"15,3,16"
17848,"234,10,60"
17849,"4,3,7"
17850,"224,41,40"
17851,"128,129,40"
17852,"3,4"
17853,"40,129,128"
17854,"0,23,26"
17855,"0,271,313"
17856,"220,10"
17857,"40,3,41"
17858,"206,8,0"
17859,"199,169"
17860,"23,145,40"
17861,"10,220,145"
17862,"3,170,21"
17863,"10,64,11"
17864,"3,21,17"
17865,"10,64,220"
17866,"234,10,60"
17867,"3,148,4"
17868,"234,10,24"
17869,"48,220,10"
17870,"40,224,41"
17871,"169,337,170"
17872,"169,199,170"
17873,"10,220,44"
17874,"17,3,18"
17875,"220,10,0"
17876,"118,74,23"
17877,"40,131,128"
17878,"0,10,64"
17879,"40,128,195"
17880,"40,131,41"
17881,"0,216,218"
17882,"23,40,181"
17883,"0,271"
17884,"0,231,26"
17885,"0,8,265"
17886,"3,21,200"
17887,"40,23,74"
17888,"128,129,40"
17889,"0,327,265"
17890,"3,21,49"
17891,"3,21,23"
17892,"24,49,23"
17893,"129,128,40"
17894,"169,170,199"
17895,"40,41,23"
17896,"10,23,220"
17897,"199,187,3"
17898,"3,148,21"
17899,"199,169,40"
17900,"23,169,38"
17901,"3,4"
17902,"23,38,74"
17903,"3,13,14"
17904,"199,169,32"
17905,"0,169,337"
17906,"72,10,44"
17907,"10,402,220"
17908,"3,40,21"
17909,"3,148,21"
17910,"3,31,21"
17911,"23,38,74"
17912,"44,145,0"
17913,"24,43,23"
17914,"147,3,148"
17915,"44,145,23"
17916,"32,23,181"
17917,"10,93,64"
17918,"170,169,171"
17919,"199,169,0"
17920,"0,169,337"
17921,"40,131,241"
17922,"4,3,375"
17923,"3,147,148"
17924,"26,23,89"
17925,"0,235,8"
17926,"23,38,26"
17927,"40,131"
17928,"38,199,169"
17929,"38,23,26"
17930,"0,26,218"
17931,"169,170"
17932,"0,271,216"
17933,"40,131,134"
17934,"3,40,148"
17935,"3,40,21"
17936,"3,187,21"
17937,"3,21,200"
17938,"199,169,3"
17939,"206,0,8"
17940,"44,145,40"
17941,"24,43,23"
17942,"0,1,211"
17943,"10,44,23"
17944,"38,23,26"
17945,"48,10,23"
17946,"3,148,147"
17947,"40,23,74"
17948,"250,38,40"
17949,"40,41,224"
17950,"3,148,147"
17951,"23,38,24"
17952,"10,23,38"
17953,"3,21,146"
17954,"206,8,0"
17955,"40,128,160"
17956,"169,296,8"
17957,"10,64,11"
17958,"169,199,40"
17959,"0,271,216"
17960,"3,21,40"
17961,"10,72,44"
17962,"3,4"
17963,"74,23,165"
17964,"10,220"
17965,"23,24,38"
17966,"23,44,38"
17967,"40,3,21"
17968,"3,0,267"
17969,"0,216,357"
17970,"23,38,74"
17971,"169,199,170"
17972,"3,4,200"
17973,"3,17,21"
17974,"23,62,74"
17975,"206,8,0"
17976,"3,187,21"
17977,"40,131,128"
17978,"10,24,64"
17979,"0,8,235"
17980,"199,169,223"
17981,"3,148,147"
17982,"40,128,131"
17983,"40,128,129"
17984,"40,10,128"
17985,"220,10"
17986,"3,200,388"
17987,"24,23,43"
17988,"199,169"
17989,"23,38,26"
17990,"3,21,187"
17991,"4,3,7"
17992,"3,17,200"
17993,"0,3,113"
17994,"40,175,184"
17995,"44,10,145"
17996,"40,131"
17997,"21,3,41"
17998,"38,23,10"
17999,"169,199"
18000,"10,234,40"
18001,"23,72,24"
18002,"23,38,26"
18003,"220,10"
18004,"220,10"
18005,"23,38,40"
18006,"10,23,25"
18007,"0,3,8"
18008,"0,265,271"
18009,"3,40,4"
18010,"40,41,3"
18011,"3,21,148"
18012,"32,23,31"
18013,"169,296,170"
18014,"169,199"
18015,"171,169,170"
18016,"72,44,10"
18017,"0,218,271"
18018,"40,0,128"
18019,"10,64,24"
18020,"23,74,38"
18021,"220,10"
18022,"23,38,40"
18023,"23,74,24"
18024,"23,38,49"
18025,"3,147,148"
18026,"0,255,216"
18027,"40,131,128"
18028,"38,23,63"
18029,"3,21,200"
18030,"0,8,235"
18031,"3,118,21"
18032,"10,44,509"
18033,"250,38,23"
18034,"10,220"
18035,"3,21,200"
18036,"170,171,169"
18037,"169,296,170"
18038,"169,170,199"
18039,"23,24,43"
18040,"10,72,44"
18041,"169,23,38"
18042,"40,49,128"
18043,"3,111,200"
18044,"40,160,315"
18045,"3,15,188"
18046,"40,146,145"
18047,"10,64"
18048,"3,5,133"
18049,"3,200,21"
18050,"23,74,38"
18051,"3,21,115"
18052,"40,146,145"
18053,"32,31,23"
18054,"17,18,3"
18055,"40,10,131"
18056,"3,21,200"
18057,"40,184,131"
18058,"199,169,170"
18059,"3,21,17"
18060,"40,131"
18061,"40,160,131"
18062,"40,23,368"
18063,"10,11,24"
18064,"4,3,7"
18065,"220,10"
18066,"3,21,100"
18067,"145,44,40"
18068,"3,40,21"
18069,"23,26,38"
18070,"23,74,38"
18071,"10,24,23"
18072,"3,147,148"
18073,"40,184,131"
18074,"3,111,200"
18075,"181,145,40"
18076,"44,11,10"
18077,"40,131,10"
18078,"169,296"
18079,"3,5,133"
18080,"3,21,148"
18081,"23,74,38"
18082,"10,11,239"
18083,"10,64,11"
18084,"31,414,169"
18085,"3,21,200"
18086,"3,148,4"
18087,"3,21,115"
18088,"3,4,5"
18089,"40,160,315"
18090,"10,181,64"
18091,"32,31,23"
18092,"170,169,40"
18093,"44,23,145"
18094,"3,4,200"
18095,"10,64,93"
18096,"169,170,31"
18097,"10,64"
18098,"10,199,64"
18099,"206,8,0"
18100,"10,44,64"
18101,"40,131,241"
18102,"3,4"
18103,"0,10,220"
18104,"23,38,137"
18105,"23,38,0"
18106,"40,160,315"
18107,"23,32,31"
18108,"40,131"
18109,"11,10,69"
18110,"40,131,23"
18111,"10,145,44"
18112,"3,21,5"
18113,"3,5,6"
18114,"3,21,200"
18115,"123,111,3"
18116,"3,112,40"
18117,"3,147,148"
18118,"187,3,21"
18119,"3,21,40"
18120,"3,21,200"
18121,"10,64,93"
18122,"24,23,43"
18123,"171,169,170"
18124,"3,21,148"
18125,"220,10"
18126,"4,3"
18127,"145,10,44"
18128,"0,271,216"
18129,"23,24,43"
18130,"0,235,8"
18131,"15,3,16"
18132,"220,10"
18133,"3,5,21"
18134,"0,271,216"
18135,"3,148,200"
18136,"0,216,8"
18137,"49,23,24"
18138,"3,13,200"
18139,"10,64,448"
18140,"38,23,10"
18141,"0,271"
18142,"10,64,44"
18143,"40,131,128"
18144,"3,4"
18145,"220,10"
18146,"10,23,38"
18147,"3,21,148"
18148,"40,131,160"
18149,"4,3,435"
18150,"169,199,170"
18151,"23,24,43"
18152,"145,40,402"
18153,"10,64,60"
18154,"0,44,206"
18155,"10,11,220"
18156,"40,160,73"
18157,"40,135,236"
18158,"74,23,303"
18159,"4,3,7"
18160,"3,21,200"
18161,"3,21,48"
18162,"17,3,18"
18163,"26,89,23"
18164,"10,64,448"
18165,"0,271,26"
18166,"3,40,21"
18167,"62,23,24"
18168,"10,145,402"
18169,"3,187,21"
18170,"23,24,38"
18171,"3,21,200"
18172,"24,23,10"
18173,"49,23,24"
18174,"3,21,200"
18175,"170,169,171"
18176,"3,21,148"
18177,"23,40,38"
18178,"0,271"
18179,"3,21,169"
18180,"220,10"
18181,"3,21,200"
18182,"3,148,21"
18183,"3,21,187"
18184,"10,64,24"
18185,"15,3,147"
18186,"3,5,133"
18187,"181,40,145"
18188,"402,145,40"
18189,"10,64,93"
18190,"40,23,74"
18191,"0,271,265"
18192,"3,13,509"
18193,"3,21,127"
18194,"40,131"
18195,"40,41,3"
18196,"23,74,38"
18197,"181,24,145"
18198,"40,128,129"
18199,"23,38,26"
18200,"38,23,0"
18201,"170,169,199"
18202,"44,145,10"
18203,"0,26,23"
18204,"40,175,283"
18205,"3,21,200"
18206,"38,23,26"
18207,"0,271,216"
18208,"145,40,44"
18209,"23,24,43"
18210,"3,148,21"
18211,"3,4,200"
18212,"23,62,24"
18213,"40,48,21"
18214,"40,131,128"
18215,"93,10,64"
18216,"3,15,200"
18217,"3,202,40"
18218,"3,148,147"
18219,"3,40,21"
18220,"40,129,128"
18221,"0,271"
18222,"3,21,17"
18223,"3,21,200"
18224,"0,26,8"
18225,"296,169,306"
18226,"199,169,3"
18227,"23,40,402"
18228,"10,64,448"
18229,"40,131"
18230,"23,10,38"
18231,"3,21,200"
18232,"0,8,206"
18233,"23,74,38"
18234,"3,5,6"
18235,"3,21,17"
18236,"3,15,147"
18237,"0,271,216"
18238,"0,366,216"
18239,"23,175,40"
18240,"3,21,200"
18241,"199,169,0"
18242,"23,145,40"
18243,"3,523,148"
18244,"3,21,48"
18245,"3,40,148"
18246,"38,23,309"
18247,"3,13,21"
18248,"169,170,199"
18249,"0,128,93"
18250,"0,211,216"
18251,"170,169"
18252,"220,10"
18253,"3,21,187"
18254,"10,64,448"
18255,"40,41,128"
18256,"3,187,21"
18257,"3,4,200"
18258,"10,220,221"
18259,"23,74,165"
18260,"38,23,74"
18261,"3,4,21"
18262,"170,169,171"
18263,"62,10,69"
18264,"402,220,10"
18265,"23,38,26"
18266,"0,271"
18267,"169,170,0"
18268,"10,11,69"
18269,"10,220,145"
18270,"3,40,21"
18271,"3,17,18"
18272,"3,0,17"
18273,"40,128,129"
18274,"3,40,21"
18275,"40,131,17"
18276,"169,170,171"
18277,"0,216,271"
18278,"0,271,211"
18279,"38,23,91"
18280,"40,23,131"
18281,"40,84,44"
18282,"40,41,21"
18283,"3,21,200"
18284,"3,4,435"
18285,"0,271,216"
18286,"3,148,147"
18287,"23,24,38"
18288,"3,21,40"
18289,"10,93,64"
18290,"10,11,220"
18291,"199,169,170"
18292,"23,24,38"
18293,"3,147,148"
18294,"3,147,148"
18295,"3,147,148"
18296,"3,4,148"
18297,"40,128,129"
18298,"0,271,216"
18299,"24,10,23"
18300,"40,131,23"
18301,"40,41,21"
18302,"0,23,26"
18303,"23,38,74"
18304,"3,41,21"
18305,"3,4,200"
18306,"0,271,218"
18307,"0,218,8"
18308,"0,216,313"
18309,"26,0,271"
18310,"169,337,339"
18311,"169,199,170"
18312,"10,220"
18313,"0,8"
18314,"169,199,0"
18315,"3,4,70"
18316,"206,8,231"
18317,"23,40,131"
18318,"10,64,11"
18319,"170,171,169"
18320,"3,187,21"
18321,"24,23,43"
18322,"24,23,43"
18323,"199,169,170"
18324,"10,64,448"
18325,"40,187,21"
18326,"0,26,271"
18327,"10,64,220"
18328,"40,169,199"
18329,"3,21,200"
18330,"44,23,145"
18331,"169,170,199"
18332,"3,21,28"
18333,"145,44,40"
18334,"3,147,148"
18335,"40,128,145"
18336,"10,220"
18337,"40,160,315"
18338,"10,220,11"
18339,"40,146,145"
18340,"3,200,148"
18341,"3,21,200"
18342,"40,131,128"
18343,"220,10"
18344,"3,21,148"
18345,"10,64,145"
18346,"40,41,250"
18347,"10,64,93"
18348,"3,21,200"
18349,"170,169,171"
18350,"199,169,3"
18351,"169,199,170"
18352,"40,160,315"
18353,"128,40,129"
18354,"40,3,17"
18355,"10,64,93"
18356,"199,169,10"
18357,"3,15,21"
18358,"199,169"
18359,"40,41,128"
18360,"40,131,41"
18361,"3,4"
18362,"3,21,200"
18363,"24,43,23"
18364,"3,147,148"
18365,"23,38,10"
18366,"17,3,18"
18367,"23,38,48"
18368,"0,271,265"
18369,"40,160,315"
18370,"0,8,206"
18371,"23,74,38"
18372,"3,21,200"
18373,"169,199,170"
18374,"3,21,28"
18375,"169,306,23"
18376,"10,220,221"
18377,"40,131"
18378,"0,3,313"
18379,"4,3,7"
18380,"3,500,28"
18381,"10,64,93"
18382,"3,187,21"
18383,"0,38,23"
18384,"3,15,148"
18385,"40,131"
18386,"169,199,170"
18387,"145,402,40"
18388,"3,187,21"
18389,"0,216,211"
18390,"271,0"
18391,"40,128,41"
18392,"8,0,26"
18393,"4,3,375"
18394,"0,8,235"
18395,"231,26,23"
18396,"206,8,0"
18397,"3,17,21"
18398,"40,131"
18399,"169,199,0"
18400,"199,169,71"
18401,"3,40,17"
18402,"3,40,21"
18403,"220,10"
18404,"38,23,26"
18405,"10,64,24"
18406,"3,21,5"
18407,"0,216,26"
18408,"3,48,21"
18409,"3,21,200"
18410,"138,135,40"
18411,"10,40,44"
18412,"23,181,0"
18413,"187,3,21"
18414,"23,145,44"
18415,"3,148,147"
18416,"10,64,93"
18417,"3,187,21"
18418,"3,21,40"
18419,"0,271"
18420,"40,160,315"
18421,"170,169,171"
18422,"3,17,21"
18423,"0,216,211"
18424,"40,23,38"
18425,"199,169,170"
18426,"129,128,40"
18427,"3,21,200"
18428,"26,23,89"
18429,"23,74,38"
18430,"23,38,40"
18431,"23,74,38"
18432,"3,148,21"
18433,"40,41,128"
18434,"3,21,148"
18435,"40,181,145"
18436,"40,41,250"
18437,"231,26,23"
18438,"23,74,38"
18439,"3,148,147"
18440,"40,169,170"
18441,"199,3,169"
18442,"3,4,200"
18443,"3,21,68"
18444,"40,145,131"
18445,"72,10,64"
18446,"3,187,21"
18447,"40,41,131"
18448,"145,10,71"
18449,"4,3,435"
18450,"0,211,279"
18451,"38,23,48"
18452,"40,131,184"
18453,"38,23,74"
18454,"0,271"
18455,"0,271"
18456,"40,131"
18457,"3,21,148"
18458,"0,271"
18459,"169,199,170"
18460,"0,8,206"
18461,"23,74,38"
18462,"74,23,165"
18463,"3,21,200"
18464,"26,0,23"
18465,"0,211,212"
18466,"3,21,200"
18467,"10,23,24"
18468,"3,4,148"
18469,"44,23,10"
18470,"199,169,10"
18471,"123,111,267"
18472,"169,0,337"
18473,"3,0,216"
18474,"3,4"
18475,"26,89,23"
18476,"199,169"
18477,"40,128,160"
18478,"3,187,21"
18479,"3,147,225"
18480,"40,135,41"
18481,"10,64,93"
18482,"40,23,131"
18483,"160,315,196"
18484,"3,4,200"
18485,"48,40,21"
18486,"3,4,435"
18487,"23,24,62"
18488,"10,64,11"
18489,"3,199,187"
18490,"44,145,10"
18491,"10,220,0"
18492,"23,24,43"
18493,"181,145,40"
18494,"4,3,7"
18495,"0,271"
18496,"40,131,41"
18497,"199,169,170"
18498,"40,135,138"
18499,"145,44,10"
18500,"3,4,435"
18501,"431,199,135"
18502,"296,169,300"
18503,"10,11,44"
18504,"10,64"
18505,"23,71,24"
18506,"10,11,44"
18507,"40,138,135"
18508,"44,145,10"
18509,"40,23,131"
18510,"40,3,131"
18511,"199,169,10"
18512,"0,346,313"
18513,"3,21,187"
18514,"3,4,5"
18515,"220,10"
18516,"10,64,220"
18517,"23,38,40"
18518,"17,3,18"
18519,"290,31,23"
18520,"40,135,250"
18521,"0,8,216"
18522,"26,89,23"
18523,"145,44,402"
18524,"44,23,24"
18525,"10,239,49"
18526,"10,145,23"
18527,"10,145,44"
18528,"41,224,40"
18529,"40,41,224"
18530,"40,146,145"
18531,"23,38,10"
18532,"3,21,200"
18533,"129,128,40"
18534,"0,279,216"
18535,"3,147,148"
18536,"40,21,3"
18537,"187,3,21"
18538,"23,84,74"
18539,"40,250,128"
18540,"128,129,40"
18541,"3,4"
18542,"169,170,3"
18543,"0,271,366"
18544,"23,49,24"
18545,"0,271,216"
18546,"0,271,216"
18547,"10,40,17"
18548,"3,40,148"
18549,"3,0,21"
18550,"0,10,265"
18551,"38,23,137"
18552,"10,40,145"
18553,"40,41,21"
18554,"15,3,16"
18555,"15,3,16"
18556,"38,23"
18557,"38,23,26"
18558,"199,169,431"
18559,"10,11,220"
18560,"23,38,40"
18561,"44,145,10"
18562,"3,148,147"
18563,"0,40,216"
18564,"199,169"
18565,"129,128,40"
18566,"145,10,402"
18567,"31,328,0"
18568,"3,147,148"
18569,"26,23,38"
18570,"3,17,18"
18571,"3,21,40"
18572,"169,170,199"
18573,"3,4"
18574,"38,23"
18575,"3,147,148"
18576,"3,21,40"
18577,"10,220"
18578,"38,309,23"
18579,"3,10,23"
18580,"296,169"
18581,"138,135,40"
18582,"169,170,40"
18583,"38,23,74"
18584,"40,131"
18585,"199,169,170"
18586,"10,93,64"
18587,"199,169,356"
18588,"44,45,11"
18589,"10,220,145"
18590,"0,279,249"
18591,"23,24,38"
18592,"3,187,17"
18593,"3,10,13"
18594,"40,21,199"
18595,"3,148,111"
18596,"169,296,170"
18597,"3,21,200"
18598,"0,23,26"
18599,"169,8,170"
18600,"10,64,93"
18601,"3,148,147"
18602,"23,26,38"
18603,"40,131"
18604,"3,40,41"
18605,"160,40,315"
18606,"220,10"
18607,"49,169,199"
18608,"32,31,23"
18609,"3,15,21"
18610,"138,169,40"
18611,"23,74,38"
18612,"26,23,38"
18613,"40,128,41"
18614,"169,49,199"
18615,"0,1,211"
18616,"3,4,200"
18617,"72,10,44"
18618,"26,0,23"
18619,"206,8,0"
18620,"40,3,17"
18621,"0,255,271"
18622,"40,146,145"
18623,"10,220,64"
18624,"3,40,13"
18625,"10,24,61"
18626,"72,44,10"
18627,"40,135,23"
18628,"296,169,306"
18629,"23,10,74"
18630,"3,4,200"
18631,"3,156,225"
18632,"5,3,6"
18633,"3,200,21"
18634,"0,206,8"
18635,"3,275,111"
18636,"23,74,165"
18637,"220,10"
18638,"40,135,138"
18639,"220,10"
18640,"24,23,43"
18641,"3,21,28"
18642,"23,74,24"
18643,"10,64"
18644,"3,21,200"
18645,"23,38"
18646,"199,169,259"
18647,"3,148,147"
18648,"40,145,370"
18649,"10,23,44"
18650,"3,15"
18651,"3,21,5"
18652,"3,40,160"
18653,"23,74,26"
18654,"17,3,18"
18655,"41,40,224"
18656,"0,271"
18657,"0,271"
18658,"38,23,145"
18659,"3,21,199"
18660,"199,169,3"
18661,"206,0,8"
18662,"3,147,148"
18663,"40,131,193"
18664,"4,3,7"
18665,"10,44,73"
18666,"10,145,220"
18667,"10,93,64"
18668,"0,216,211"
18669,"160,40,315"
18670,"23,10,24"
18671,"0,8,271"
18672,"3,21,187"
18673,"40,128,0"
18674,"0,216,249"
18675,"48,21,3"
18676,"169,170,199"
18677,"188,17,3"
18678,"10,64,448"
18679,"0,216,271"
18680,"206,0,8"
18681,"40,128,186"
18682,"170,171,169"
18683,"402,145,40"
18684,"187,3,21"
18685,"49,23,24"
18686,"3,21,40"
18687,"40,131,241"
18688,"3,148,21"
18689,"49,24,23"
18690,"3,200,21"
18691,"23,38,24"
18692,"44,145,10"
18693,"40,181,145"
18694,"220,10"
18695,"3,40,148"
18696,"23,231,26"
18697,"169,170,171"
18698,"24,23,43"
18699,"44,10,145"
18700,"0,218,327"
18701,"199,169,223"
18702,"3,4"
18703,"0,26,271"
18704,"23,24,345"
18705,"169,170,337"
18706,"10,448,199"
18707,"40,41,3"
18708,"145,44,402"
18709,"10,64,24"
18710,"169,38,63"
18711,"10,93,64"
18712,"169,337,170"
18713,"199,169,251"
18714,"0,3,216"
18715,"3,21,148"
18716,"296,169,306"
18717,"3,187,21"
18718,"23,38,10"
18719,"3,148,147"
18720,"169,0,296"
18721,"40,145,131"
18722,"0,211,212"
18723,"23,10,38"
18724,"10,93,64"
18725,"199,169"
18726,"3,21,17"
18727,"199,169,40"
18728,"23,0,38"
18729,"40,160,315"
18730,"0,218,216"
18731,"23,38,74"
18732,"0,26,8"
18733,"40,131"
18734,"169,170"
18735,"3,0,169"
18736,"44,145,10"
18737,"220,10"
18738,"169,296,337"
18739,"337,169,339"
18740,"40,128,129"
18741,"3,523,147"
18742,"3,21,187"
18743,"0,313,346"
18744,"3,5,133"
18745,"40,131"
18746,"199,169"
18747,"32,31,23"
18748,"40,135,23"
18749,"199,169,138"
18750,"169,296,40"
18751,"3,147,148"
18752,"23,74,38"
18753,"40,131"
18754,"206,0,8"
18755,"40,193,131"
18756,"10,64"
18757,"3,21,187"
18758,"49,23,24"
18759,"0,265,216"
18760,"23,89,38"
18761,"24,23,43"
18762,"0,8,271"
18763,"3,21,200"
18764,"10,11"
18765,"23,38,74"
18766,"23,131,40"
18767,"26,23,38"
18768,"3,147,148"
18769,"290,31,32"
18770,"206,8,0"
18771,"3,200,148"
18772,"38,23,82"
18773,"40,131"
18774,"181,10,323"
18775,"3,5,331"
18776,"3,21,17"
18777,"40,131,128"
18778,"40,145,44"
18779,"3,21,200"
18780,"10,64,145"
18781,"24,43,23"
18782,"31,23,258"
18783,"169,40,138"
18784,"4,3,7"
18785,"0,31,328"
18786,"10,44,145"
18787,"0,271,216"
18788,"145,40,402"
18789,"10,64,145"
18790,"3,4,21"
18791,"10,64"
18792,"206,0,8"
18793,"3,21,225"
18794,"3,147,148"
18795,"199,169,431"
18796,"0,8,327"
18797,"169,170,426"
18798,"49,23,24"
18799,"24,23,32"
18800,"3,5,200"
18801,"199,169,181"
18802,"170,171,169"
18803,"0,271,216"
18804,"220,10"
18805,"147,10,3"
18806,"10,64,448"
18807,"23,38,26"
18808,"3,40,71"
18809,"220,10"
18810,"3,4,200"
18811,"40,3,41"
18812,"40,128,130"
18813,"23,26,38"
18814,"160,40,315"
18815,"0,8,206"
18816,"10,72,11"
18817,"145,44,40"
18818,"23,231,26"
18819,"181,24,23"
18820,"3,147,148"
18821,"38,23"
18822,"3,4,435"
18823,"10,23,24"
18824,"169,138,135"
18825,"199,169,10"
18826,"3,187,21"
18827,"10,170,169"
18828,"10,72,44"
18829,"0,8,270"
18830,"3,200,21"
18831,"199,169,251"
18832,"23,74,38"
18833,"3,148,147"
18834,"3,187,21"
18835,"145,10,44"
18836,"0,235,8"
18837,"169,170,251"
18838,"3,21,147"
18839,"10,64"
18840,"169,170,199"
18841,"23,38,26"
18842,"0,271,216"
18843,"3,21,40"
18844,"32,23,31"
18845,"40,184,131"
18846,"25,10,24"
18847,"40,160,315"
18848,"145,10,44"
18849,"38,23,82"
18850,"3,523,148"
18851,"3,21,200"
18852,"171,170,169"
18853,"3,4"
18854,"13,401,3"
18855,"0,271"
18856,"199,169,38"
18857,"49,23,24"
18858,"40,131"
18859,"40,3,21"
18860,"3,21,40"
18861,"0,271,218"
18862,"10,64,44"
18863,"10,24,60"
18864,"169,199,170"
18865,"199,169,187"
18866,"0,26,8"
18867,"10,145,220"
18868,"3,28,40"
18869,"3,4"
18870,"38,169,23"
18871,"23,44,38"
18872,"40,131"
18873,"0,313,8"
18874,"23,24,43"
18875,"3,188,66"
18876,"23,26,38"
18877,"169,199,251"
18878,"3,21,48"
18879,"15,3"
18880,"3,21,200"
18881,"3,4,200"
18882,"3,188,4"
18883,"199,10,169"
18884,"32,23,31"
18885,"220,10"
18886,"10,64,448"
18887,"3,21,187"
18888,"3,15,147"
18889,"206,8,0"
18890,"10,145,402"
18891,"24,23,10"
18892,"0,8,216"
18893,"3,21,187"
18894,"0,206,8"
18895,"3,21,48"
18896,"145,44,402"
18897,"44,145,10"
18898,"23,74,38"
18899,"26,0,23"
18900,"40,128,186"
18901,"169,0,3"
18902,"0,255,271"
18903,"10,64,220"
18904,"138,135,40"
18905,"10,64,145"
18906,"23,38,63"
18907,"44,10,23"
18908,"23,24,43"
18909,"38,23,74"
18910,"3,21,40"
18911,"10,11,72"
18912,"3,21,200"
18913,"40,23,74"
18914,"0,216,218"
18915,"0,216,271"
18916,"3,148,200"
18917,"10,11,221"
18918,"23,44,145"
18919,"17,3,18"
18920,"3,147,148"
18921,"23,24,43"
18922,"0,265,169"
18923,"220,10"
18924,"199,169,223"
18925,"3,17,200"
18926,"3,40,21"
18927,"169,199,40"
18928,"3,21,200"
18929,"402,145,40"
18930,"3,199,21"
18931,"23,3,74"
18932,"26,23,38"
18933,"23,105,106"
18934,"23,38,74"
18935,"40,175,283"
18936,"10,93,64"
18937,"0,271,363"
18938,"23,40,74"
18939,"10,64,239"
18940,"0,235,8"
18941,"0,216,40"
18942,"169,170"
18943,"202,3"
18944,"0,271"
18945,"10,11,44"
18946,"0,271,255"
18947,"40,250,41"
18948,"220,10"
18949,"3,21,187"
18950,"17,3,18"
18951,"220,10"
18952,"0,271"
18953,"0,265,271"
18954,"40,17,10"
18955,"4,3,7"
18956,"0,211,216"
18957,"0,8,235"
18958,"40,146,145"
18959,"72,10,44"
18960,"3,200,21"
18961,"24,23,43"
18962,"0,26,313"
18963,"38,23"
18964,"49,23,24"
18965,"0,271"
18966,"40,250,41"
18967,"3,170,169"
18968,"40,131,139"
18969,"10,11,44"
18970,"40,160,41"
18971,"17,3,40"
18972,"169,337,339"
18973,"3,169,199"
18974,"3,21,148"
18975,"3,4"
18976,"24,43,23"
18977,"26,23,38"
18978,"23,38,74"
18979,"71,23,74"
18980,"3,148,147"
18981,"3,10,11"
18982,"40,128,160"
18983,"10,11,64"
18984,"3,200,148"
18985,"40,131,134"
18986,"3,187,21"
18987,"10,64,448"
18988,"3,21,200"
18989,"10,64"
18990,"4,3,7"
18991,"3,17,21"
18992,"0,10,220"
18993,"3,187,68"
18994,"10,64,93"
18995,"17,3,18"
18996,"199,169,251"
18997,"3,199,169"
18998,"3,13,204"
18999,"145,402,10"
19000,"40,135,236"
19001,"3,17,10"
19002,"4,3"
19003,"3,148,21"
19004,"3,21,187"
19005,"0,271,313"
19006,"3,4"
19007,"199,169,170"
19008,"199,169,0"
19009,"3,40,21"
19010,"0,265,10"
19011,"3,40,160"
19012,"32,23,74"
19013,"40,131"
19014,"199,169,3"
19015,"3,21,148"
19016,"0,10,17"
19017,"147,3,148"
19018,"10,220"
19019,"0,271,216"
19020,"10,64,93"
19021,"3,21,367"
19022,"23,38,24"
19023,"220,10"
19024,"4,3,7"
19025,"40,131"
19026,"3,147,148"
19027,"202,3"
19028,"4,3,435"
19029,"38,23,74"
19030,"40,160,131"
19031,"24,43,23"
19032,"40,160,315"
19033,"3,5,133"
19034,"10,64,448"
19035,"0,265,218"
19036,"3,148,147"
19037,"40,128,130"
19038,"0,118,23"
19039,"40,131,128"
19040,"3,40,153"
19041,"3,5,21"
19042,"23,44,10"
19043,"44,11,69"
19044,"3,21,200"
19045,"202,3,111"
19046,"0,271,265"
19047,"3,4,200"
19048,"0,26,23"
19049,"0,271"
19050,"40,494,184"
19051,"10,93,64"
19052,"0,255,216"
19053,"0,8,271"
19054,"220,10"
19055,"0,216,271"
19056,"0,3,40"
19057,"199,169"
19058,"10,11,234"
19059,"40,146,145"
19060,"3,200,148"
19061,"44,23,72"
19062,"199,3,169"
19063,"199,169,170"
19064,"17,18,10"
19065,"3,5,133"
19066,"3,147,148"
19067,"0,216,271"
19068,"17,3,18"
19069,"3,17,187"
19070,"3,4,200"
19071,"3,21,200"
19072,"3,21,200"
19073,"3,21,200"
19074,"3,147,148"
19075,"23,38,24"
19076,"8,169,405"
19077,"3,4"
19078,"11,10,69"
19079,"40,145,44"
19080,"0,8,26"
19081,"3,148,200"
19082,"10,24,23"
19083,"169,199,251"
19084,"3,148,147"
19085,"0,26,271"
19086,"145,44,23"
19087,"32,31,23"
19088,"40,3,38"
19089,"0,128,40"
19090,"3,17,21"
19091,"169,199,10"
19092,"3,4"
19093,"24,23,10"
19094,"0,169,216"
19095,"40,128,186"
19096,"32,31,23"
19097,"23,38,24"
19098,"220,10"
19099,"199,10,239"
19100,"23,74,84"
19101,"129,128,40"
19102,"3,21,200"
19103,"40,128,41"
19104,"3,202,40"
19105,"0,271,216"
19106,"3,17,10"
19107,"3,21,187"
19108,"296,306,169"
19109,"10,64,11"
19110,"3,199,169"
19111,"145,8,10"
19112,"10,64,448"
19113,"3,21,40"
19114,"199,169,10"
19115,"23,10,40"
19116,"0,271,216"
19117,"10,145,44"
19118,"160,40,23"
19119,"3,4,200"
19120,"0,10,40"
19121,"3,21,200"
19122,"0,10,220"
19123,"0,216,249"
19124,"3,147,148"
19125,"23,24,49"
19126,"3,148,147"
19127,"3,48,10"
19128,"74,23,38"
19129,"10,24,23"
19130,"3,21,200"
19131,"199,0,169"
19132,"3,147,148"
19133,"170,171,169"
19134,"0,218,216"
19135,"160,40,315"
19136,"0,271"
19137,"40,131"
19138,"40,131"
19139,"72,10,44"
19140,"0,211,216"
19141,"23,38"
19142,"199,169"
19143,"3,147,156"
19144,"169,199,170"
19145,"118,23,74"
19146,"128,40,130"
19147,"0,8,235"
19148,"3,147,148"
19149,"10,24,64"
19150,"0,271,216"
19151,"3,4,200"
19152,"199,169,431"
19153,"3,17,21"
19154,"49,23,26"
19155,"0,271"
19156,"38,23,40"
19157,"509,10,218"
19158,"10,64"
19159,"10,24,145"
19160,"23,38,220"
19161,"10,220,145"
19162,"206,0,8"
19163,"3,23,15"
19164,"234,60,10"
19165,"169,170,199"
19166,"64,10"
19167,"44,145,10"
19168,"0,3,313"
19169,"3,148,21"
19170,"72,44,145"
19171,"3,21,48"
19172,"23,62,24"
19173,"38,23,82"
19174,"17,3,18"
19175,"10,64,93"
19176,"40,131,23"
19177,"72,44,145"
19178,"40,131,128"
19179,"26,23,89"
19180,"220,10"
19181,"0,265,271"
19182,"3,200,21"
19183,"0,346,313"
19184,"23,38,74"
19185,"0,8,206"
19186,"0,271,255"
19187,"23,74,40"
19188,"3,40,21"
19189,"220,10"
19190,"3,40,28"
19191,"10,220,23"
19192,"199,169,146"
19193,"10,60,239"
19194,"10,64,11"
19195,"23,38,24"
19196,"0,26,40"
19197,"0,38,23"
19198,"3,147,148"
19199,"40,3,10"
19200,"3,148,147"
19201,"3,17,21"
19202,"0,271"
19203,"0,265,216"
19204,"3,21,40"
19205,"23,38,24"
19206,"23,38,0"
19207,"199,169"
19208,"169,38,23"
19209,"3,21,200"
19210,"40,128,38"
19211,"3,4,148"
19212,"199,169,40"
19213,"40,306,23"
19214,"32,31,23"
19215,"3,21,148"
19216,"10,220"
19217,"3,148,147"
19218,"44,145,10"
19219,"10,220"
19220,"0,26,216"
19221,"3,17,96"
19222,"3,21,5"
19223,"118,23,74"
19224,"206,0,8"
19225,"10,220"
19226,"10,64"
19227,"169,170,199"
19228,"23,71,74"
19229,"10,24,60"
19230,"3,17,115"
19231,"23,38,10"
19232,"3,21,17"
19233,"40,128,186"
19234,"23,44,24"
19235,"40,131,184"
19236,"169,199,170"
19237,"199,169"
19238,"23,38"
19239,"10,239,60"
19240,"220,10"
19241,"49,23,24"
19242,"0,216,313"
19243,"169,170"
19244,"40,131,135"
19245,"23,24,26"
19246,"0,26,271"
19247,"199,169,223"
19248,"296,169"
19249,"3,4,200"
19250,"23,38,74"
19251,"10,64,44"
19252,"10,0,271"
19253,"40,128,129"
19254,"3,187,21"
19255,"23,40,24"
19256,"40,160,315"
19257,"169,0,170"
19258,"10,93,64"
19259,"40,128,129"
19260,"3,21,17"
19261,"3,187,21"
19262,"199,169,0"
19263,"10,64,93"
19264,"40,128,195"
19265,"40,21,3"
19266,"3,4,148"
19267,"3,21,148"
19268,"23,38,74"
19269,"38,23,103"
19270,"10,64,93"
19271,"188,3,0"
19272,"3,21,17"
19273,"145,44,23"
19274,"3,21,148"
19275,"202,169,3"
19276,"23,24,38"
19277,"32,23,31"
19278,"171,169,170"
19279,"206,8,0"
19280,"38,23,137"
19281,"40,250,162"
19282,"3,21,40"
19283,"38,40,23"
19284,"3,4,148"
19285,"3,21,200"
19286,"10,64,220"
19287,"32,23,31"
19288,"3,200,21"
19289,"0,218,271"
19290,"3,4,275"
19291,"0,216,211"
19292,"402,145,40"
19293,"169,170,296"
19294,"40,131"
19295,"40,160,315"
19296,"3,21,200"
19297,"0,271,216"
19298,"10,23,220"
19299,"169,199,3"
19300,"74,23,165"
19301,"3,21,40"
19302,"40,135,250"
19303,"32,23,31"
19304,"10,64,93"
19305,"40,131"
19306,"23,38,40"
19307,"38,23,74"
19308,"44,10,145"
19309,"402,145,40"
19310,"3,148,147"
19311,"10,64,93"
19312,"23,38,74"
19313,"0,40,8"
19314,"10,23,24"
19315,"0,216,31"
19316,"0,271"
19317,"0,10,11"
19318,"23,3,10"
19319,"0,271,280"
19320,"3,148,147"
19321,"40,41,21"
19322,"220,10"
19323,"40,131,169"
19324,"10,64,93"
19325,"40,0,3"
19326,"170,169,171"
19327,"26,0,23"
19328,"10,402,145"
19329,"3,148,4"
19330,"3,17,18"
19331,"10,44,145"
19332,"169,337,339"
19333,"220,10"
19334,"0,271,26"
19335,"40,175,128"
19336,"40,41,3"
19337,"3,169,199"
19338,"4,3,375"
19339,"199,169"
19340,"169,170,199"
19341,"169,337,3"
19342,"286,40,3"
19343,"206,8,0"
19344,"3,21,48"
19345,"71,23,24"
19346,"40,128,129"
19347,"0,8,327"
19348,"169,170,199"
19349,"23,38,31"
19350,"38,23,175"
19351,"23,24,43"
19352,"170,169,171"
19353,"23,38,24"
19354,"220,10"
19355,"32,31,23"
19356,"49,23,24"
19357,"40,402,145"
19358,"138,40,135"
19359,"23,26,0"
19360,"229,0,230"
19361,"169,508,426"
19362,"40,131,193"
19363,"3,147,148"
19364,"345,23,40"
19365,"0,229,10"
19366,"10,64,93"
19367,"10,170,169"
19368,"10,11,221"
19369,"40,315,160"
19370,"0,271,313"
19371,"0,26,271"
19372,"23,74,38"
19373,"40,131,159"
19374,"23,31,3"
19375,"3,21,17"
19376,"296,169,306"
19377,"199,169"
19378,"220,10"
19379,"44,145,10"
19380,"0,218,265"
19381,"10,11,24"
19382,"0,169,216"
19383,"23,10,40"
19384,"3,21,148"
19385,"0,8"
19386,"26,231,23"
19387,"3,21,200"
19388,"23,145,24"
19389,"40,135,23"
19390,"10,11,69"
19391,"0,216,271"
19392,"10,234,23"
19393,"49,23,24"
19394,"0,199,169"
19395,"3,202,21"
19396,"199,3,169"
19397,"3,199,21"
19398,"17,3,10"
19399,"220,10"
19400,"0,10,220"
19401,"0,216,211"
19402,"170,169,171"
19403,"38,23,74"
19404,"40,3,21"
19405,"10,145,40"
19406,"40,3,128"
19407,"169,170,199"
19408,"26,23,350"
19409,"10,64,11"
19410,"3,13,40"
19411,"10,220,221"
19412,"23,74,38"
19413,"23,38,74"
19414,"48,38,309"
19415,"5,6,3"
19416,"0,235,8"
19417,"23,24,10"
19418,"3,17,21"
19419,"3,21,148"
19420,"10,64,93"
19421,"23,38,71"
19422,"40,128,186"
19423,"23,38,40"
19424,"3,200,148"
19425,"0,8,206"
19426,"11,44,10"
19427,"147,148,3"
19428,"23,84,74"
19429,"10,93,64"
19430,"10,64,93"
19431,"187,3,34"
19432,"147,148,3"
19433,"40,10,145"
19434,"199,169,3"
19435,"23,31,24"
19436,"3,21,148"
19437,"23,26,0"
19438,"4,3,7"
19439,"3,21,23"
19440,"11,10,69"
19441,"49,23,24"
19442,"160,40,315"
19443,"23,49,24"
19444,"23,31,328"
19445,"0,10,54"
19446,"49,23,24"
19447,"0,10,220"
19448,"181,40,145"
19449,"38,23,74"
19450,"0,313,346"
19451,"0,271"
19452,"3,32,148"
19453,"3,200,21"
19454,"0,3,218"
19455,"3,17,21"
19456,"0,271,216"
19457,"0,218,255"
19458,"3,21,200"
19459,"169,0,199"
19460,"0,265,23"
19461,"40,3,17"
19462,"160,40,302"
19463,"3,148,147"
19464,"23,24,40"
19465,"10,11,69"
19466,"3,17,21"
19467,"23,38,26"
19468,"3,21,200"
19469,"40,128,41"
19470,"10,11,44"
19471,"40,184,131"
19472,"72,44,145"
19473,"3,21,200"
19474,"40,250,131"
19475,"40,23,31"
19476,"3,21,169"
19477,"23,74,165"
19478,"3,4,5"
19479,"402,40,145"
19480,"3,21,200"
19481,"170,169,171"
19482,"170,171,169"
19483,"0,271"
19484,"3,4,7"
19485,"199,169"
19486,"3,21,17"
19487,"23,3,15"
19488,"169,199,170"
19489,"3,523,148"
19490,"40,131"
19491,"40,131"
19492,"199,169,23"
19493,"3,21,200"
19494,"3,15,148"
19495,"169,199,459"
19496,"11,10,69"
19497,"10,60,24"
19498,"40,74,23"
19499,"170,3,169"
19500,"0,206,8"
19501,"3,21,200"
19502,"128,40,130"
19503,"10,40,64"
19504,"10,64,93"
19505,"23,62,24"
19506,"3,147,148"
19507,"40,41,160"
19508,"40,199,169"
19509,"3,21,200"
19510,"4,3,188"
19511,"169,170,0"
19512,"220,10"
19513,"40,145,44"
19514,"3,199,169"
19515,"181,24,23"
19516,"3,40,21"
19517,"40,131,160"
19518,"40,128,41"
19519,"10,11,44"
19520,"3,148,200"
19521,"0,235,8"
19522,"40,131,241"
19523,"74,23,38"
19524,"175,40,23"
19525,"181,23,24"
19526,"74,23,303"
19527,"64,10,90"
19528,"10,24,23"
19529,"3,85,86"
19530,"3,53,523"
19531,"290,431,40"
19532,"170,169,171"
19533,"199,169,251"
19534,"10,220"
19535,"40,250,135"
19536,"250,40,38"
19537,"40,146,145"
19538,"0,271,216"
19539,"40,128,186"
19540,"0,8,206"
19541,"23,74,38"
19542,"23,74,40"
19543,"3,523,53"
19544,"38,23,0"
19545,"3,199,169"
19546,"220,10"
19547,"40,3,128"
19548,"0,211,212"
19549,"3,147,148"
19550,"38,23,74"
19551,"3,21,200"
19552,"40,131,184"
19553,"84,23,74"
19554,"199,169,251"
19555,"169,337,170"
19556,"0,279,216"
19557,"11,10"
19558,"4,3,435"
19559,"3,23,74"
19560,"40,169,199"
19561,"23,328,31"
19562,"10,40,414"
19563,"129,40,128"
19564,"402,145,40"
19565,"231,26,23"
19566,"40,131,193"
19567,"3,21,200"
19568,"40,128,129"
19569,"0,271,313"
19570,"296,169,306"
19571,"4,3,7"
19572,"3,21,148"
19573,"10,220,145"
19574,"40,131,406"
19575,"23,40,38"
19576,"10,11,44"
19577,"3,199,21"
19578,"296,169"
19579,"4,3,435"
19580,"17,3,18"
19581,"10,145,402"
19582,"129,128,290"
19583,"40,128,129"
19584,"10,370,220"
19585,"3,4,148"
19586,"0,279,26"
19587,"3,40,21"
19588,"10,64,11"
19589,"4,3"
19590,"49,169,199"
19591,"3,187,21"
19592,"40,41,224"
19593,"0,10,11"
19594,"0,216,10"
19595,"3,4,188"
19596,"3,68,182"
19597,"40,250,135"
19598,"169,199,426"
19599,"3,111,267"
19600,"49,23,24"
19601,"169,199,0"
19602,"199,169"
19603,"10,220,40"
19604,"3,21,200"
19605,"40,3,41"
19606,"10,49,24"
19607,"3,21,28"
19608,"199,0,169"
19609,"11,10,69"
19610,"3,4"
19611,"3,40,21"
19612,"128,129,40"
19613,"49,10,48"
19614,"0,206,8"
19615,"3,21,200"
19616,"23,44,145"
19617,"199,169"
19618,"169,199,8"
19619,"220,10"
19620,"0,3,218"
19621,"3,199,169"
19622,"23,38,10"
19623,"23,84,74"
19624,"199,169"
19625,"3,4,500"
19626,"3,147,148"
19627,"0,8,206"
19628,"40,131"
19629,"84,74,23"
19630,"10,64,44"
19631,"0,211,216"
19632,"3,4,375"
19633,"26,0,23"
19634,"296,169,107"
19635,"135,138,40"
19636,"40,23,74"
19637,"3,148,147"
19638,"38,23"
19639,"72,44,23"
19640,"40,31,10"
19641,"40,3,128"
19642,"23,38,26"
19643,"40,128,131"
19644,"3,21,200"
19645,"145,402,10"
19646,"169,170,199"
19647,"0,271,26"
19648,"23,38,0"
19649,"32,23,31"
19650,"10,23,31"
19651,"23,38,26"
19652,"3,200,4"
19653,"40,145,402"
19654,"40,131"
19655,"23,38,74"
19656,"40,3,21"
19657,"3,21,200"
