id,label
0,"80,10,64"
1,"17,3"
2,"300,296,169"
3,"304,216,0"
4,"448,10,64"
5,"206,8,0"
6,"397,313,0"
7,"126,21,3"
8,"49,24,23"
9,"126,21,3"
10,"205,10,11"
11,"502,145,40"
12,169
13,"456,271,0"
14,"71,38,24"
15,"264,38,23"
16,"448,10,64"
17,"112,3,111"
18,"93,10,64"
19,"221,220,10"
20,"181,40,145"
21,"308,8,0"
22,"228,5,3"
23,"315,160,40"
24,"493,145,40"
25,"159,40,131"
26,"21,3"
27,"93,10,64"
28,"18,17,3"
29,"110,53,3"
30,"43,24,23"
31,"417,296,169"
32,"226,131,40"
33,"257,216,0"
34,"220,10"
35,"48,21,3"
36,"228,5,3"
37,"69,44,145"
38,"188,4,3"
39,"155,139,40"
40,"370,216,0"
41,"228,5,3"
42,"138,135,40"
43,"488,265,0"
44,"12,11,10"
45,"163,162,40"
46,"168,17,3"
47,"234,60,21"
48,"186,128,40"
49,"417,169,296"
50,"82,23,38"
51,"56,15,17"
52,"67,145,44"
53,"430,53,3"
54,"472,111,3"
55,"187,21,3"
56,"448,64,10"
57,"96,31,23"
58,"118,23,74"
59,"22,21,3"
60,"122,13,3"
61,"448,64,10"
62,"280,271,255"
63,"99,53,3"
64,"505,208,0"
65,"340,265,0"
66,"134,40,131"
67,"323,170,199"
68,"18,17,3"
69,"287,53,3"
70,"473,64,10"
71,"448,64,10"
72,"224,41,40"
73,"126,21,3"
74,"221,220,10"
75,"291,271,0"
76,"187,21,3"
77,"346,313,0"
78,"49,23,24"
79,"220,10"
80,"80,64,10"
81,"17,3"
82,"72,44,145"
83,"306,296,169"
84,"96,31,23"
85,"63,38,23"
86,"406,131,40"
87,"21,3"
88,"231,26,23"
89,"198,111,3"
90,"80,64,10"
91,"221,220,10"
92,"257,216,0"
93,"238,4,3"
94,"478,145,40"
95,"145,40"
96,"239,60,10"
97,"241,40,131"
98,"448,10,64"
99,"240,23,38"
100,"231,26,23"
101,"106,105,23"
102,"322,54,10"
103,"301,3,21"
104,"25,23,24"
105,"514,8,0"
106,"181,145,40"
107,"239,60,10"
108,"304,216,0"
109,"285,8,0"
110,"228,5,3"
111,"311,426,337"
112,"435,3,4"
113,"237,34,3"
114,"220,10"
115,"259,311,426"
116,"485,313,0"
117,"217,3,120"
118,"283,74,23"
119,"187,21,3"
120,"148,147,3"
121,"376,265,0"
122,"69,44,145"
123,"187,21,3"
124,"122,3,13"
125,"187,21,3"
126,"229,0"
127,"448,64,10"
128,"321,271,0"
129,"349,265,0"
130,"478,145,40"
131,"170,169"
132,"80,10,64"
133,"250,40,135"
134,"204,3,13"
135,"73,44,145"
136,"457,0,218"
137,"402,145,40"
138,"291,271,0"
139,"48,21,3"
140,"162,40"
141,"112,111,3"
142,"343,169,199"
143,"301,21,3"
144,"72,44,145"
145,"221,10,220"
146,"7,4,3"
147,"405,8,0"
148,"448,64,10"
149,"160,40"
150,"295,135,40"
151,"63,23,38"
152,"435,4,3"
153,"488,265,0"
154,"382,199,169"
155,"231,26,23"
156,"142,131,40"
157,"73,44,145"
158,"182,21,3"
159,"199,169"
160,"308,8,0"
161,"82,23,38"
162,"241,131,40"
163,"267,111,3"
164,"291,271,0"
165,"304,216,0"
166,"90,10,64"
167,"93,64,10"
168,"44,145,40"
169,"324,41,40"
170,"83,54,10"
171,"321,271,0"
172,"63,38,23"
173,"19,4,3"
174,"187,21,3"
175,"240,23,38"
176,"448,10,64"
177,"82,23,38"
178,"301,21,3"
179,"308,8,0"
180,"33,21,3"
181,"50,3"
182,"376,265,0"
183,3
184,"362,271,0"
185,"49,23,24"
186,"372,255,0"
187,"236,135,40"
188,"448,64,10"
189,"199,169"
190,"508,169,426"
191,"259,311,426"
192,"455,271,0"
193,"318,105,23"
194,"311,426,337"
195,"431,135,40"
196,"80,10,64"
197,"315,160,40"
198,40
199,"456,271,0"
200,"43,24,23"
201,"43,24,23"
202,"124,21,3"
203,"435,4,3"
204,"323,170,199"
205,"259,311,426"
206,"43,24,23"
207,"91,23,38"
208,"448,64,10"
209,"448,64,10"
210,"340,0,265"
211,"235,8,0"
212,"341,265,0"
213,"182,3,21"
214,"384,265,0"
215,"448,10,64"
216,"417,169,296"
217,"71,24,38"
218,"187,21,3"
219,"160,40"
220,"39,38,23"
221,"291,271,0"
222,"238,4,3"
223,"259,311,426"
224,"302,160,40"
225,"204,13,3"
226,"221,10,220"
227,"69,44,145"
228,"228,5,3"
229,"187,21,3"
230,"95,54,10"
231,"340,265,0"
232,"95,54,10"
233,"497,0,288"
234,"146,145,40"
235,"134,131,40"
236,23
237,"199,169"
238,"402,145,40"
239,"43,24,23"
240,"456,271,0"
241,"355,271,0"
242,"494,184,40"
243,"406,40,131"
244,"469,288,0"
245,"455,271,0"
246,"234,60,21"
247,"343,199,169"
248,"18,17,3"
249,"129,128,40"
250,"62,23,24"
251,"220,10"
252,"148,3,147"
253,"209,208,0"
254,"182,21,3"
255,"240,23,38"
256,"33,21,3"
257,"204,13,3"
258,"129,128,40"
259,"448,10,64"
260,"93,10,64"
261,"238,3,4"
262,"93,64,10"
263,"148,147,3"
264,"187,21,3"
265,"21,3"
266,"124,21,3"
267,"478,145,40"
268,"93,10,64"
269,"496,40,395"
270,"182,21,3"
271,40
272,"49,23,24"
273,"402,145,40"
274,"80,64,10"
275,"448,64,10"
276,"32,23,31"
277,"108,3,21"
278,"118,74,23"
279,"241,131,40"
280,"63,38,23"
281,"221,220,10"
282,"276,265,0"
283,"187,21,3"
284,"16,15,3"
285,"174,4,3"
286,"448,64,10"
287,"438,0,265"
288,"448,10,64"
289,"289,288,0"
290,"346,313,0"
291,"43,24,23"
292,"62,23,24"
293,"2,1,0"
294,"393,53,3"
295,"315,160,40"
296,"315,160,40"
297,"189,135,40"
298,"458,0,277"
299,"18,17,3"
300,"144,15,3"
301,"187,21,3"
302,"175,128,40"
303,"154,21,3"
304,"170,169"
305,"469,288,0"
306,"80,64,10"
307,"89,26,23"
308,"448,64,10"
309,"204,3,13"
310,"304,216,0"
311,"447,34,3"
312,"21,3"
313,"49,23,24"
314,"168,17,3"
315,"355,271,0"
316,"241,131,40"
317,"228,3,5"
318,"382,169,199"
319,"170,169"
320,"254,216,0"
321,"494,40,184"
322,"423,160,40"
323,"258,31,23"
324,"160,40"
325,"193,131,40"
326,"86,85,3"
327,"431,135,40"
328,"43,24,23"
329,"380,216,0"
330,"32,23,31"
331,"129,128,40"
332,"484,0,255"
333,"123,111,3"
334,"366,0,271"
335,"194,145,128"
336,"32,23,31"
337,"187,21,3"
338,"108,21,3"
339,"86,85,3"
340,"221,220,10"
341,"225,120,3"
342,"129,128,40"
343,"97,5,3"
344,"250,40,135"
345,"145,40"
346,"460,296,169"
347,"221,220,10"
348,"188,3,4"
349,"300,296,169"
350,"69,44,145"
351,"175,128,40"
352,"371,296,169"
353,"418,0,265"
354,"435,3,4"
355,"80,10,64"
356,"82,23,38"
357,"402,145,40"
358,"410,8,0"
359,"448,64,10"
360,"134,40,131"
361,"448,10,64"
362,"301,21,3"
363,"459,170,169"
364,"508,169,426"
365,"456,271,0"
366,"493,145,40"
367,"458,277,0"
368,"137,23,38"
369,"431,135,40"
370,"238,3,4"
371,"43,24,23"
372,"118,23,74"
373,"406,131,40"
374,"206,8,0"
375,"402,145,40"
376,"170,169"
377,"81,30,3"
378,"224,41,40"
379,"96,31,23"
380,"174,3,4"
381,"187,21,3"
382,"427,426,169"
383,"343,169,199"
384,"168,17,3"
385,"221,220,10"
386,"448,10,64"
387,"215,41,40"
388,"254,216,0"
389,"301,3,21"
390,"220,10"
391,"322,54,10"
392,"354,216,0"
393,"80,10,64"
394,"205,10,11"
395,"182,21,3"
396,"448,64,10"
397,"108,21,3"
398,"337,169"
399,"170,169"
400,"264,23,38"
401,"143,34,3"
402,"148,3,147"
403,"361,271,0"
404,"467,3,53"
405,"257,216,0"
406,"200,311,337"
407,"145,40"
408,"187,3,21"
409,"187,21,3"
410,"21,3"
411,"16,15,3"
412,"49,24,23"
413,"259,311,426"
414,"206,8,0"
415,"226,131,40"
416,"240,23,38"
417,"326,105,23"
418,"478,40,145"
419,"118,23,74"
420,"290,31,23"
421,"221,220,10"
422,"370,0,216"
423,"303,23,74"
424,"346,313,0"
425,"363,271,0"
426,"420,296,169"
427,"43,24,23"
428,"402,145,40"
429,"199,169"
430,"129,128,40"
431,"514,8,0"
432,"72,44,145"
433,"448,64,10"
434,"234,60,21"
435,"182,21,3"
436,"216,0"
437,"221,220,10"
438,"163,162,40"
439,"339,337,169"
440,"300,296,169"
441,"205,10,11"
442,"168,17,3"
443,"417,169,296"
444,"370,216,0"
445,"238,4,3"
446,"340,265,0"
447,"444,271,0"
448,"80,10,64"
449,"129,128,40"
450,"27,23,26"
451,"354,216,0"
452,"300,296,169"
453,"302,160,40"
454,"506,13,3"
455,"199,169"
456,"478,145,40"
457,"448,64,10"
458,"33,21,3"
459,"382,169,199"
460,"355,271,0"
461,"171,170,199"
462,"80,64,10"
463,"42,41,40"
464,"490,265,0"
465,"285,8,0"
466,"350,26,23"
467,"402,145,40"
468,"69,44,145"
469,"187,21,3"
470,"31,23"
471,"349,265,0"
472,"93,64,10"
473,"279,249,0"
474,"514,8,0"
475,"344,265,0"
476,"457,0,218"
477,"382,199,169"
478,"204,3,13"
479,"448,64,10"
480,"107,23,38"
481,"80,10,64"
482,"131,40"
483,"444,271,0"
484,"108,3,21"
485,"206,8,0"
486,"448,64,10"
487,"438,0,265"
488,"165,23,74"
489,"315,40,160"
490,"90,64,10"
491,"241,40,131"
492,"93,10,64"
493,"376,265,0"
494,"127,21,3"
495,"214,213,0"
496,"141,40,135"
497,"448,10,64"
498,"206,8,0"
499,"493,145,40"
500,"187,3,21"
501,"36,35,3"
502,"391,8,0"
503,"448,64,10"
504,"18,17,3"
505,"241,40,131"
506,"448,10,64"
507,"431,135,40"
508,"108,21,3"
509,"68,53,3"
510,"93,10,64"
511,"315,160,40"
512,"376,265,0"
513,"61,60,10"
514,"267,111,3"
515,"186,128,40"
516,"187,3,21"
517,"181,145,40"
518,"187,21,3"
519,"16,15,3"
520,"205,11,10"
521,"458,277,0"
522,"402,145,40"
523,"368,40,184"
524,"32,23,31"
525,"231,23,26"
526,"74,23"
527,"134,131,40"
528,"300,296,169"
529,"82,23,38"
530,"239,10,60"
531,"221,220,10"
532,"264,23,38"
533,"249,0"
534,"337,311,426"
535,"240,23,38"
536,"33,21,3"
537,"206,8,0"
538,"83,54,10"
539,"472,111,3"
540,"349,265,0"
541,"137,23,38"
542,"318,105,23"
543,"19,3,4"
544,"182,21,3"
545,"175,128,40"
546,"448,10,64"
547,"300,296,169"
548,"15,3"
549,"239,10,60"
550,"138,135,40"
551,"369,208,0"
552,"187,21,3"
553,"220,10"
554,"376,0,265"
555,"181,145,40"
556,"181,145,40"
557,"82,23,38"
558,"93,10,64"
559,"129,128,40"
560,"221,220,10"
561,"349,265,0"
562,"220,10"
563,"83,54,10"
564,"115,21,3"
565,"181,145,40"
566,"346,313,0"
567,"370,216,0"
568,"118,23,74"
569,"11,10"
570,"322,54,10"
571,"175,128,40"
572,"13,3"
573,"80,10,64"
574,"448,64,10"
575,"102,21,3"
576,"93,64,10"
577,"80,10,64"
578,"115,21,3"
579,"11,10"
580,"80,64,10"
581,"305,21,3"
582,"475,218,0"
583,"401,3,13"
584,"170,169"
585,"346,313,0"
586,"220,10"
587,"160,40"
588,"290,31,23"
589,"21,3"
590,"91,23,38"
591,"90,64,10"
592,"241,131,40"
593,"95,54,10"
594,"221,220,10"
595,"374,169,199"
596,"63,38,23"
597,"206,8,0"
598,"161,111,3"
599,"137,23,38"
600,"382,169,199"
601,"47,24,23"
602,"228,5,3"
603,"384,265,0"
604,"238,3,4"
605,"456,271,0"
606,"315,160,40"
607,"315,160,40"
608,"209,0,208"
609,"62,23,24"
610,"43,24,23"
611,"308,8,0"
612,"376,265,0"
613,"108,21,3"
614,"129,40,128"
615,"348,255,0"
616,"25,24,23"
617,"290,31,23"
618,"418,0,265"
619,"431,135,40"
620,"27,26,23"
621,"308,8,0"
622,"195,128,40"
623,"143,34,3"
624,"367,100,40"
625,"346,313,0"
626,"259,311,426"
627,"245,31,23"
628,"402,145,40"
629,"19,4,3"
630,"328,31,23"
631,"206,8,0"
632,"241,131,40"
633,"356,169,199"
634,"360,271,0"
635,"457,218,0"
636,"374,169,199"
637,"187,21,3"
638,"315,160,40"
639,"456,271,0"
640,"182,3,21"
641,"206,8,0"
642,"236,135,40"
643,"286,41,40"
644,"187,21,3"
645,"231,26,23"
646,"404,111,3"
647,"481,218,0"
648,"19,4,3"
649,"170,169"
650,"137,23,38"
651,"89,26,23"
652,"334,160,40"
653,"315,160,40"
654,"454,31,23"
655,"194,145,128"
656,3
657,"418,265,0"
658,"161,111,3"
659,"204,3,13"
660,"406,131,40"
661,"522,271,0"
662,"340,265,0"
663,"43,24,23"
664,"11,10"
665,"43,24,23"
666,"80,64,10"
667,"96,31,23"
668,"457,0,218"
669,"240,23,38"
670,"396,395,40"
671,"45,44,145"
672,"493,145,40"
673,"311,426,337"
674,"241,131,40"
675,"411,296,169"
676,"80,10,64"
677,"17,3"
678,"115,21,3"
679,"221,220,10"
680,"206,8,0"
681,"134,131,40"
682,"90,10,64"
683,"165,23,74"
684,"404,111,3"
685,"447,3,34"
686,"402,145,40"
687,"356,199,169"
688,"25,23,24"
689,"220,10"
690,"21,3"
691,"63,23,38"
692,"99,53,3"
693,"93,10,64"
694,"206,8,0"
695,"82,23,38"
696,"71,38,24"
697,"16,15,3"
698,"528,311,169"
699,"241,131,40"
700,"115,21,3"
701,"80,10,64"
702,"94,23,38"
703,"80,10,64"
704,"63,23,38"
705,"138,135,40"
706,"168,17,3"
707,"224,41,40"
708,"327,8,0"
709,"49,24,23"
710,"332,3,53"
711,"185,184,40"
712,"16,15,3"
713,"212,211,216"
714,"309,23,38"
715,"49,24,23"
716,"334,160,40"
717,"7,4,3"
718,"21,3"
719,"92,60,10"
720,"523,3,53"
721,"12,10,11"
722,"182,21,3"
723,"85,3"
724,"228,3,5"
725,"43,24,23"
726,"187,21,3"
727,"511,313,0"
728,"323,199,170"
729,"224,41,40"
730,"199,169"
731,"337,311,426"
732,"17,3"
733,"44,145,40"
734,"143,34,3"
735,"311,337,426"
736,"454,31,23"
737,"259,311,426"
738,"12,11,10"
739,"514,8,0"
740,"231,26,23"
741,"456,271,0"
742,"183,4,3"
743,"448,10,64"
744,"83,54,10"
745,"388,3,111"
746,"430,53,3"
747,"258,31,23"
748,"182,21,3"
749,"80,10,64"
750,"124,21,3"
751,"43,24,23"
752,"182,21,3"
753,"170,169"
754,"417,169,296"
755,"181,145,40"
756,"54,10"
757,"163,162,40"
758,"99,53,3"
759,"417,169,296"
760,"311,337,426"
761,"234,60,21"
762,"489,10,60"
763,"182,21,3"
764,"182,21,3"
765,"285,8,0"
766,"273,265,0"
767,"251,337,296"
768,"425,265,0"
769,"61,60,10"
770,"412,111,3"
771,"448,64,10"
772,"16,15,3"
773,"52,3,51"
774,"259,311,426"
775,"124,21,3"
776,"182,21,3"
777,"182,21,3"
778,"19,4,3"
779,"195,128,40"
780,"93,64,10"
781,"181,40,145"
782,"456,271,0"
783,"150,13,3"
784,"108,21,3"
785,"241,40,131"
786,"455,271,0"
787,"80,64,10"
788,"206,8,0"
789,"405,8,0"
790,"21,3"
791,"220,10"
792,"73,44,145"
793,"457,0,218"
794,"259,311,426"
795,"226,131,40"
796,"228,5,3"
797,"16,15,3"
798,"406,40,131"
799,"334,160,40"
800,"459,170,169"
801,"514,8,0"
802,"39,23,38"
803,"243,184,40"
804,"53,3"
805,"259,311,426"
806,"315,40,160"
807,"71,24,38"
808,"187,21,3"
809,"187,21,3"
810,"80,64,10"
811,"43,24,23"
812,"73,44,145"
813,"291,271,0"
814,"124,21,3"
815,"417,169,296"
816,"108,21,3"
817,"365,265,0"
818,"52,51,3"
819,"187,21,3"
820,"280,271,255"
821,"96,31,23"
822,"323,170,199"
823,"43,24,23"
824,"267,3,111"
825,"145,40"
826,"391,8,0"
827,"221,10,220"
828,"436,170,169"
829,"478,145,40"
830,"90,10,64"
831,"360,271,0"
832,"83,54,10"
833,"241,131,40"
834,"182,3,21"
835,"334,160,40"
836,"69,44,145"
837,"185,184,40"
838,"435,3,4"
839,"228,5,3"
840,"402,145,40"
841,"161,111,3"
842,"228,5,3"
843,"89,23,26"
844,"258,31,23"
845,"460,169,296"
846,"343,199,169"
847,"130,128,40"
848,"425,265,0"
849,"96,31,23"
850,"343,169,199"
851,"402,145,40"
852,"32,23,31"
853,"80,64,10"
854,"343,169,199"
855,"146,145,40"
856,"49,24,23"
857,"448,10,64"
858,"238,4,3"
859,"459,170,169"
860,"308,8,0"
861,"323,199,170"
862,"204,13,3"
863,"463,255,0"
864,"122,13,3"
865,"315,160,40"
866,"108,21,3"
867,"171,170,199"
868,"222,100,40"
869,"60,10"
870,"340,265,0"
871,"48,21,3"
872,"154,21,3"
873,"343,169,199"
874,"214,213,0"
875,"493,145,40"
876,"108,21,3"
877,"226,131,40"
878,"171,170,199"
879,"240,23,38"
880,"301,3,21"
881,"206,8,0"
882,"402,145,40"
883,"406,40,131"
884,"80,10,64"
885,"126,21,3"
886,"67,145,44"
887,"168,17,3"
888,"127,21,3"
889,"259,311,426"
890,"80,10,64"
891,"275,3,111"
892,"240,23,38"
893,"11,10"
894,"44,145,40"
895,"515,265,0"
896,"406,131,40"
897,"108,21,3"
898,"41,40"
899,"337,311,426"
900,"438,0,265"
901,"182,21,3"
902,"25,23,24"
903,"226,131,40"
904,"448,64,10"
905,"87,23,38"
906,"498,0,288"
907,"488,265,0"
908,"14,13,3"
909,"163,162,40"
910,"221,220,10"
911,"72,44,145"
912,"245,31,23"
913,"80,10,64"
914,"448,64,10"
915,"326,105,23"
916,"7,4,3"
917,"291,271,0"
918,"267,3,111"
919,"321,271,0"
920,"156,3,147"
921,"234,60,21"
922,"467,53,3"
923,"448,64,10"
924,"146,145,40"
925,"347,255,0"
926,"234,60,21"
927,"130,128,40"
928,"115,21,3"
929,"30,3"
930,"457,0,218"
931,"229,0"
932,"82,23,38"
933,"264,23,38"
934,"323,170,199"
935,"508,169,426"
936,"187,21,3"
937,"116,3,34"
938,"267,111,3"
939,"420,296,169"
940,"19,4,3"
941,"346,313,0"
942,"217,120,3"
943,"431,135,40"
944,"19,4,3"
945,"436,169,170"
946,"206,8,0"
947,3
948,"118,23,74"
949,"194,128,145"
950,"456,271,0"
951,"239,10,60"
952,"171,170,199"
953,"322,54,10"
954,"49,24,23"
955,"366,271,0"
956,"402,145,40"
957,"239,60,10"
958,"234,60,21"
959,"181,40,145"
960,"343,169,199"
961,"187,3,21"
962,"289,288,0"
963,"286,41,40"
964,"448,10,64"
965,"130,128,40"
966,"448,64,10"
967,"337,169"
968,"188,3,4"
969,"71,24,38"
970,"138,135,40"
971,"160,40"
972,"430,53,3"
973,"484,255,0"
974,"220,10"
975,"271,0"
976,"206,8,0"
977,"141,40,135"
978,"187,21,3"
979,"247,160,40"
980,"297,265,0"
981,"376,265,0"
982,"18,17,3"
983,"66,3,30"
984,"134,40,131"
985,"315,160,40"
986,"221,10,220"
987,"134,131,40"
988,"448,10,64"
989,"204,3,13"
990,"187,21,3"
991,"80,10,64"
992,"231,23,26"
993,"182,3,21"
994,"80,10,64"
995,"187,21,3"
996,"259,311,426"
997,"226,131,40"
998,"215,41,40"
999,"62,23,24"
1000,"340,265,0"
1001,"267,3,111"
1002,"372,255,0"
1003,"401,13,3"
1004,"502,40,145"
1005,"311,426,337"
1006,"127,21,3"
1007,"39,38,23"
1008,"300,296,169"
1009,"90,10,64"
1010,"80,64,10"
1011,"115,21,3"
1012,"340,265,0"
1013,"448,64,10"
1014,"200,311,337"
1015,"297,265,0"
1016,"80,64,10"
1017,"87,23,38"
1018,"187,21,3"
1019,"407,4,3"
1020,"359,213,0"
1021,"221,220,10"
1022,"349,265,0"
1023,"89,26,23"
1024,"19,4,3"
1025,"163,162,40"
1026,"456,271,0"
1027,"89,23,26"
1028,"200,311,337"
1029,"181,145,40"
1030,"419,10,11"
1031,"323,199,170"
1032,"324,41,40"
1033,"366,271,0"
1034,"340,265,0"
1035,"182,21,3"
1036,"275,3,111"
1037,"115,21,3"
1038,"187,21,3"
1039,"43,24,23"
1040,"77,31,23"
1041,"80,10,64"
1042,"384,265,0"
1043,"271,0"
1044,"90,10,64"
1045,"71,38,24"
1046,"21,3"
1047,"508,169,426"
1048,"220,10"
1049,"216,0"
1050,"448,64,10"
1051,"187,21,3"
1052,"221,220,10"
1053,"181,145,40"
1054,"185,184,40"
1055,"182,21,3"
1056,"220,10"
1057,"147,3"
1058,"86,85,3"
1059,"140,139,40"
1060,"181,145,40"
1061,"108,21,3"
1062,"115,21,3"
1063,"376,265,0"
1064,"108,21,3"
1065,"152,151,40"
1066,"402,145,40"
1067,"251,337,296"
1068,"224,41,40"
1069,"334,160,40"
1070,"97,5,3"
1071,"418,265,0"
1072,"239,10,60"
1073,"206,8,0"
1074,"182,3,21"
1075,"108,21,3"
1076,"318,105,23"
1077,"174,4,3"
1078,"315,160,40"
1079,"224,41,40"
1080,"506,13,3"
1081,"194,128,145"
1082,"89,23,26"
1083,"250,135,40"
1084,"315,160,40"
1085,"402,145,40"
1086,"304,216,0"
1087,"239,10,60"
1088,"187,21,3"
1089,"145,40"
1090,"287,53,3"
1091,"194,128,145"
1092,"91,23,38"
1093,"139,40"
1094,"251,337,296"
1095,"488,265,0"
1096,"56,17,15"
1097,"202,3,111"
1098,"315,160,40"
1099,"146,145,40"
1100,"469,288,0"
1101,"280,271,255"
1102,"287,53,3"
1103,"448,10,64"
1104,"187,21,3"
1105,"182,3,21"
1106,"308,8,0"
1107,"171,170,199"
1108,"251,337,296"
1109,"104,30,3"
1110,"239,10,60"
1111,"206,8,0"
1112,"49,24,23"
1113,"238,4,3"
1114,"171,170,199"
1115,"160,40"
1116,"239,60,10"
1117,"456,271,0"
1118,"195,128,40"
1119,"283,74,23"
1120,"93,10,64"
1121,"108,21,3"
1122,169
1123,"368,184,40"
1124,"182,21,3"
1125,"343,169,199"
1126,"200,311,337"
1127,"448,64,10"
1128,"418,265,0"
1129,"366,271,0"
1130,"206,8,0"
1131,"204,13,3"
1132,"340,265,0"
1133,"80,64,10"
1134,"205,11,10"
1135,"212,211,216"
1136,"182,21,3"
1137,"311,337,426"
1138,"221,220,10"
1139,"199,169"
1140,"2,1,0"
1141,"158,85,3"
1142,"220,10"
1143,"199,169"
1144,"12,10,11"
1145,"38,23"
1146,"22,21,3"
1147,"240,23,38"
1148,"240,23,38"
1149,"115,21,3"
1150,"392,3,4"
1151,"194,128,145"
1152,"45,44,145"
1153,"454,31,23"
1154,"402,145,40"
1155,"181,145,40"
1156,"402,145,40"
1157,"347,255,0"
1158,"308,8,0"
1159,"334,160,40"
1160,"171,170,199"
1161,"263,34,3"
1162,"231,26,23"
1163,"84,23,74"
1164,"340,265,0"
1165,"304,216,0"
1166,"187,3,21"
1167,"315,160,40"
1168,"291,271,0"
1169,"71,24,38"
1170,"354,216,0"
1171,"300,169,296"
1172,"19,4,3"
1173,"457,0,218"
1174,"297,265,0"
1175,"419,11,10"
1176,"181,145,40"
1177,"291,271,0"
1178,"65,10,64"
1179,"315,160,40"
1180,"170,169"
1181,"2,1,0"
1182,"425,265,0"
1183,"240,23,38"
1184,"308,8,0"
1185,"32,23,31"
1186,"220,10"
1187,"168,17,3"
1188,"290,31,23"
1189,"171,170,199"
1190,"32,31,23"
1191,"374,169,199"
1192,"181,40,145"
1193,"139,40"
1194,"349,265,0"
1195,"281,199,169"
1196,"435,4,3"
1197,"152,151,40"
1198,"297,265,0"
1199,"181,145,40"
1200,"205,11,10"
1201,"32,23,31"
1202,"224,41,40"
1203,"107,23,38"
1204,"493,145,40"
1205,"71,24,38"
1206,"235,8,0"
1207,"349,265,0"
1208,"221,220,10"
1209,"43,24,23"
1210,"245,31,23"
1211,"69,44,145"
1212,"448,64,10"
1213,"384,0,265"
1214,"350,26,23"
1215,"221,220,10"
1216,"382,199,169"
1217,"180,3,120"
1218,"182,21,3"
1219,"80,64,10"
1220,"259,426,311"
1221,"326,105,23"
1222,"447,3,34"
1223,"85,3"
1224,"368,40,184"
1225,"69,44,145"
1226,"250,40,135"
1227,"315,160,40"
1228,"478,145,40"
1229,"323,199,170"
1230,"315,160,40"
1231,"371,296,169"
1232,"285,8,0"
1233,"240,38,23"
1234,"448,64,10"
1235,"334,160,40"
1236,"221,220,10"
1237,"418,0,265"
1238,"402,145,40"
1239,"204,13,3"
1240,"456,271,0"
1241,"108,3,21"
1242,"376,265,0"
1243,"324,41,40"
1244,"69,44,145"
1245,"425,265,0"
1246,"431,135,40"
1247,"175,128,40"
1248,"448,64,10"
1249,"199,169"
1250,"205,11,10"
1251,"80,64,10"
1252,"301,3,21"
1253,"406,131,40"
1254,"224,41,40"
1255,"231,26,23"
1256,"188,3,4"
1257,"348,255,0"
1258,"80,10,64"
1259,"471,208,0"
1260,"22,21,3"
1261,"300,169,296"
1262,"93,10,64"
1263,"53,3"
1264,"402,145,40"
1265,"334,160,40"
1266,"18,17,3"
1267,"249,0"
1268,"231,26,23"
1269,"48,21,3"
1270,"127,21,3"
1271,"80,10,64"
1272,"48,3,21"
1273,"406,131,40"
1274,"459,170,169"
1275,"264,23,38"
1276,"340,265,0"
1277,3
1278,"386,135,40"
1279,"16,15,3"
1280,"334,160,40"
1281,"46,34,3"
1282,"80,64,10"
1283,"523,53,3"
1284,"311,169"
1285,3
1286,"272,271,0"
1287,"350,26,23"
1288,"346,313,0"
1289,"229,0"
1290,"220,10"
1291,"448,64,10"
1292,"32,31,23"
1293,"231,26,23"
1294,"334,160,40"
1295,"182,3,21"
1296,"57,5,3"
1297,"66,3,30"
1298,"164,21,3"
1299,"80,64,10"
1300,"39,38,23"
1301,"63,38,23"
1302,"48,21,3"
1303,"290,31,23"
1304,"7,3,4"
1305,"194,128,145"
1306,"182,3,21"
1307,"259,311,426"
1308,"339,337,169"
1309,"176,4,3"
1310,"401,3,13"
1311,"382,199,169"
1312,"509,0,218"
1313,"264,23,38"
1314,"308,8,0"
1315,"187,21,3"
1316,"430,53,3"
1317,"383,208,0"
1318,"311,426,337"
1319,"161,111,3"
1320,"93,64,10"
1321,"220,10"
1322,"148,147,3"
1323,"165,23,74"
1324,"318,23,105"
1325,"187,21,3"
1326,"231,26,23"
1327,"220,10"
1328,"325,53,3"
1329,"108,3,21"
1330,"448,64,10"
1331,"52,3,51"
1332,"187,3,21"
1333,"459,170,169"
1334,"456,271,0"
1335,"364,28,3"
1336,"14,13,3"
1337,"220,10"
1338,"315,40,160"
1339,"156,3,147"
1340,"187,21,3"
1341,"146,145,40"
1342,"337,311,426"
1343,"329,170,169"
1344,"221,220,10"
1345,"129,128,40"
1346,"346,313,0"
1347,"148,3,147"
1348,"138,135,40"
1349,"323,170,199"
1350,"405,8,0"
1351,"346,313,0"
1352,"188,3,4"
1353,"346,313,0"
1354,"287,53,3"
1355,"340,265,0"
1356,"423,160,40"
1357,"301,21,3"
1358,"74,23"
1359,"80,10,64"
1360,"528,311,169"
1361,"306,296,169"
1362,"48,21,3"
1363,"251,337,296"
1364,"187,21,3"
1365,"49,24,23"
1366,"240,23,38"
1367,"310,28,3"
1368,"124,21,3"
1369,"175,128,40"
1370,"456,271,0"
1371,"324,41,40"
1372,"80,10,64"
1373,"402,145,40"
1374,"95,54,10"
1375,"80,10,64"
1376,"148,3,147"
1377,"251,337,296"
1378,"419,11,10"
1379,"240,23,38"
1380,"264,23,38"
1381,"425,265,0"
1382,"148,3,147"
1383,"182,21,3"
1384,"301,21,3"
1385,"315,160,40"
1386,"181,145,40"
1387,"26,23"
1388,"205,11,10"
1389,"108,21,3"
1390,"18,17,3"
1391,"354,216,0"
1392,"187,21,3"
1393,"149,41,40"
1394,"164,21,3"
1395,"138,135,40"
1396,"44,145,40"
1397,"376,265,0"
1398,"457,0,218"
1399,"251,337,296"
1400,"186,128,40"
1401,"493,145,40"
1402,"435,3,4"
1403,"447,34,3"
1404,"95,54,10"
1405,"323,199,170"
1406,"18,17,3"
1407,"472,111,3"
1408,"364,3,28"
1409,"54,10"
1410,"239,60,10"
1411,"340,265,0"
1412,"187,3,21"
1413,"322,54,10"
1414,"221,220,10"
1415,"320,17,3"
1416,"275,3,111"
1417,"108,3,21"
1418,"228,5,3"
1419,"327,0,8"
1420,"41,40"
1421,"345,23,24"
1422,"315,160,40"
1423,"308,8,0"
1424,"80,10,64"
1425,"48,21,3"
1426,"340,265,0"
1427,"440,38,23"
1428,"72,44,145"
1429,"340,265,0"
1430,"109,11,10"
1431,"447,34,3"
1432,"493,145,40"
1433,"80,64,10"
1434,"80,64,10"
1435,"448,64,10"
1436,"106,105,23"
1437,"311,337,426"
1438,"49,23,24"
1439,"106,105,23"
1440,"96,31,23"
1441,"301,21,3"
1442,"458,277,0"
1443,"448,64,10"
1444,"12,11,10"
1445,"181,145,40"
1446,"118,23,74"
1447,"49,24,23"
1448,"402,145,40"
1449,"187,21,3"
1450,"372,0,255"
1451,"267,111,3"
1452,"419,11,10"
1453,"187,21,3"
1454,"448,64,10"
1455,"160,40"
1456,"182,3,21"
1457,"224,41,40"
1458,"187,21,3"
1459,"259,311,426"
1460,"43,24,23"
1461,"112,111,3"
1462,"12,11,10"
1463,"493,145,40"
1464,"43,24,23"
1465,"129,128,40"
1466,"231,26,23"
1467,"61,60,10"
1468,"206,8,0"
1469,"118,23,74"
1470,"427,426,169"
1471,"448,64,10"
1472,"455,271,0"
1473,"331,5,3"
1474,"7,4,3"
1475,"448,64,10"
1476,"493,145,40"
1477,"7,4,3"
1478,"360,271,0"
1479,"315,160,40"
1480,"74,23"
1481,"80,10,64"
1482,"263,3,34"
1483,"376,265,0"
1484,"239,10,60"
1485,"447,34,3"
1486,"430,53,3"
1487,"430,53,3"
1488,"187,21,3"
1489,"131,40"
1490,"121,120,3"
1491,"239,10,60"
1492,"43,24,23"
1493,"456,271,0"
1494,"32,23,31"
1495,"241,40,131"
1496,"92,60,10"
1497,"406,40,131"
1498,"87,23,38"
1499,"406,131,40"
1500,"402,145,40"
1501,"301,3,21"
1502,"329,169,170"
1503,"220,10"
1504,"240,38,23"
1505,"160,40"
1506,"417,169,296"
1507,"103,23,38"
1508,"48,21,3"
1509,"400,255,0"
1510,"187,21,3"
1511,"248,170,199"
1512,"138,135,40"
1513,"206,8,0"
1514,"431,135,40"
1515,"108,3,21"
1516,"339,337,169"
1517,"340,265,0"
1518,"402,145,40"
1519,"28,3"
1520,"382,169,199"
1521,"181,145,40"
1522,"340,265,0"
1523,"49,23,24"
1524,"96,31,23"
1525,"11,10"
1526,"49,24,23"
1527,"90,64,10"
1528,"2,0,1"
1529,"82,23,38"
1530,"343,199,169"
1531,"220,10"
1532,"448,10,64"
1533,10
1534,"72,44,145"
1535,"221,220,10"
1536,"380,216,0"
1537,"417,169,296"
1538,"341,265,0"
1539,"15,3"
1540,"91,23,38"
1541,"187,3,21"
1542,"127,21,3"
1543,"138,135,40"
1544,"69,44,145"
1545,"129,128,40"
1546,"153,139,40"
1547,"234,60,21"
1548,"67,145,44"
1549,10
1550,"291,271,0"
1551,"238,4,3"
1552,"247,160,40"
1553,"435,4,3"
1554,"188,3,4"
1555,"439,208,0"
1556,"456,271,0"
1557,"203,147,3"
1558,"220,10"
1559,"419,10,11"
1560,"420,296,169"
1561,"448,64,10"
1562,"172,3,21"
1563,"63,38,23"
1564,"115,21,3"
1565,"138,135,40"
1566,"54,10"
1567,"346,313,0"
1568,"91,38,23"
1569,"514,8,0"
1570,"448,64,10"
1571,"73,44,145"
1572,"287,53,3"
1573,"300,296,169"
1574,"80,64,10"
1575,"221,220,10"
1576,"137,23,38"
1577,"148,147,3"
1578,"128,40"
1579,"337,426,311"
1580,"187,21,3"
1581,"401,3,13"
1582,"181,40,145"
1583,"417,169,296"
1584,"108,21,3"
1585,"459,170,169"
1586,"448,64,10"
1587,"301,3,21"
1588,"242,10,220"
1589,"303,74,23"
1590,"315,160,40"
1591,"44,145,40"
1592,"251,337,296"
1593,"171,170,199"
1594,"43,24,23"
1595,"171,170,199"
1596,"195,128,40"
1597,"180,3,120"
1598,"85,3"
1599,"80,10,64"
1600,"376,0,265"
1601,"315,160,40"
1602,"448,64,10"
1603,"205,11,10"
1604,"291,271,0"
1605,"52,51,3"
1606,"315,160,40"
1607,"460,296,169"
1608,"459,170,169"
1609,"16,15,3"
1610,"49,24,23"
1611,"315,160,40"
1612,"137,23,38"
1613,"187,3,21"
1614,"281,199,169"
1615,"122,3,13"
1616,"361,271,0"
1617,"240,23,38"
1618,"305,21,3"
1619,"220,10"
1620,"187,21,3"
1621,"259,311,426"
1622,"431,40,135"
1623,"420,296,169"
1624,"353,271,0"
1625,"137,23,38"
1626,"425,265,0"
1627,"74,23"
1628,"334,160,40"
1629,"134,131,40"
1630,"181,145,40"
1631,"145,40"
1632,"285,8,0"
1633,"267,111,3"
1634,"80,64,10"
1635,"376,265,0"
1636,"105,23"
1637,"425,265,0"
1638,"174,4,3"
1639,"406,131,40"
1640,"187,21,3"
1641,"182,21,3"
1642,"209,208,0"
1643,"376,0,265"
1644,"181,145,40"
1645,"469,288,0"
1646,"181,145,40"
1647,"371,169,296"
1648,"96,31,23"
1649,"192,23,38"
1650,"93,64,10"
1651,"425,265,0"
1652,"228,3,5"
1653,"291,271,0"
1654,"21,3"
1655,"423,160,40"
1656,"49,24,23"
1657,"260,170,169"
1658,"148,3,147"
1659,"376,265,0"
1660,"96,31,23"
1661,"228,5,3"
1662,"130,128,40"
1663,"406,131,40"
1664,"19,4,3"
1665,"80,10,64"
1666,"140,139,40"
1667,"72,44,145"
1668,"113,28,3"
1669,"134,131,40"
1670,"349,265,0"
1671,"73,44,145"
1672,"187,21,3"
1673,"287,53,3"
1674,"195,128,40"
1675,"80,10,64"
1676,"522,271,0"
1677,"448,64,10"
1678,"346,313,0"
1679,"119,111,3"
1680,"60,10"
1681,"400,255,0"
1682,"206,8,0"
1683,"108,21,3"
1684,"21,3"
1685,"376,265,0"
1686,"22,3,21"
1687,"315,160,40"
1688,"187,21,3"
1689,"134,40,131"
1690,"367,100,40"
1691,"263,34,3"
1692,"251,337,296"
1693,3
1694,"458,0,277"
1695,"201,41,40"
1696,"448,10,64"
1697,"128,40"
1698,"182,3,21"
1699,"191,41,40"
1700,"72,44,145"
1701,"481,218,0"
1702,"182,21,3"
1703,"340,265,0"
1704,"234,60,21"
1705,"523,3,53"
1706,"268,120,3"
1707,"415,265,0"
1708,"316,30,3"
1709,"315,160,40"
1710,"61,60,10"
1711,"257,216,0"
1712,"402,145,40"
1713,"456,271,0"
1714,"275,111,3"
1715,"171,170,199"
1716,"16,15,3"
1717,"455,271,0"
1718,"300,296,169"
1719,"345,24,23"
1720,40
1721,"43,24,23"
1722,"12,11,10"
1723,"80,10,64"
1724,"163,162,40"
1725,"221,220,10"
1726,"231,26,23"
1727,"91,23,38"
1728,"69,44,145"
1729,"256,255,0"
1730,"187,3,21"
1731,"323,199,170"
1732,"170,169"
1733,"93,64,10"
1734,"21,3"
1735,"363,271,0"
1736,"80,10,64"
1737,"17,3"
1738,"181,145,40"
1739,"497,0,288"
1740,"48,3,21"
1741,"182,21,3"
1742,"257,216,0"
1743,"381,357,0"
1744,"48,21,3"
1745,"127,21,3"
1746,"115,21,3"
1747,3
1748,"89,26,23"
1749,"448,64,10"
1750,"323,170,199"
1751,"290,31,23"
1752,"89,26,23"
1753,"455,271,0"
1754,"323,199,170"
1755,"431,135,40"
1756,"187,21,3"
1757,"418,265,0"
1758,"346,313,0"
1759,"231,23,26"
1760,"309,23,38"
1761,"416,53,3"
1762,"44,145,40"
1763,"171,170,199"
1764,"220,10"
1765,"41,40"
1766,"138,135,40"
1767,"391,8,0"
1768,"108,21,3"
1769,"187,3,21"
1770,"263,3,34"
1771,"285,8,0"
1772,"187,3,21"
1773,"187,21,3"
1774,"72,145,44"
1775,"356,199,169"
1776,"448,64,10"
1777,"293,85,3"
1778,"108,21,3"
1779,"187,21,3"
1780,"343,169,199"
1781,"311,337,426"
1782,"280,271,255"
1783,"71,24,38"
1784,"129,128,40"
1785,"184,40"
1786,"82,23,38"
1787,"402,145,40"
1788,"315,160,40"
1789,"281,199,169"
1790,"423,160,40"
1791,"220,10"
1792,"71,38,24"
1793,"80,10,64"
1794,"386,135,40"
1795,"254,216,0"
1796,"240,23,38"
1797,"221,220,10"
1798,"192,23,38"
1799,"108,21,3"
1800,"96,31,23"
1801,"291,271,0"
1802,"187,21,3"
1803,"490,265,0"
1804,"71,38,24"
1805,"235,8,0"
1806,"187,21,3"
1807,"83,54,10"
1808,"21,3"
1809,"32,23,31"
1810,"452,169,296"
1811,"113,3,28"
1812,"228,5,3"
1813,"221,220,10"
1814,"230,229,0"
1815,"25,23,24"
1816,"224,41,40"
1817,"187,21,3"
1818,"181,40,145"
1819,"318,105,23"
1820,"69,44,145"
1821,"118,23,74"
1822,"21,3"
1823,"350,26,23"
1824,"334,160,40"
1825,"376,265,0"
1826,"54,10"
1827,"448,64,10"
1828,"21,3"
1829,"171,170,199"
1830,"508,169,426"
1831,"434,0,1"
1832,"209,208,0"
1833,"126,21,3"
1834,"170,169"
1835,"346,313,0"
1836,"96,31,23"
1837,"221,10,220"
1838,"523,53,3"
1839,"369,208,0"
1840,"468,145,44"
1841,"153,139,40"
1842,"182,21,3"
1843,"124,21,3"
1844,"304,216,0"
1845,"80,10,64"
1846,"494,184,40"
1847,"71,24,38"
1848,"514,8,0"
1849,"16,15,3"
1850,"16,15,3"
1851,"72,44,145"
1852,"126,21,3"
1853,"241,131,40"
1854,"448,64,10"
1855,"306,296,169"
1856,"206,8,0"
1857,"163,162,40"
1858,"315,160,40"
1859,"349,265,0"
1860,"162,40"
1861,"177,3,30"
1862,"346,313,0"
1863,"93,64,10"
1864,"32,31,23"
1865,"134,131,40"
1866,"488,265,0"
1867,"508,169,426"
1868,"382,199,169"
1869,"206,8,0"
1870,"315,160,40"
1871,"363,271,0"
1872,"259,311,426"
1873,"340,265,0"
1874,"402,145,40"
1875,"382,199,169"
1876,"239,10,60"
1877,"43,24,23"
1878,"108,21,3"
1879,"346,313,0"
1880,"370,216,0"
1881,"323,170,199"
1882,"221,10,220"
1883,"118,74,23"
1884,"187,21,3"
1885,"19,3,4"
1886,"153,139,40"
1887,"323,199,170"
1888,"93,10,64"
1889,"33,21,3"
1890,"118,23,74"
1891,"16,15,3"
1892,"348,255,0"
1893,"242,10,220"
1894,"309,23,38"
1895,"206,8,0"
1896,"25,23,24"
1897,"335,64,10"
1898,"19,4,3"
1899,"346,313,0"
1900,"250,135,40"
1901,"332,3,53"
1902,"382,169,199"
1903,"108,21,3"
1904,"168,17,3"
1905,"523,3,53"
1906,"291,271,0"
1907,"515,265,0"
1908,"123,111,3"
1909,"364,3,28"
1910,"391,8,0"
1911,"221,220,10"
1912,"304,216,0"
1913,"293,85,3"
1914,"281,199,169"
1915,"444,271,0"
1916,"148,3,147"
1917,"457,0,218"
1918,"321,271,0"
1919,"431,135,40"
1920,"74,23"
1921,"448,64,10"
1922,"118,23,74"
1923,"238,4,3"
1924,"182,21,3"
1925,"263,3,34"
1926,"188,3,4"
1927,"456,271,0"
1928,"311,169"
1929,"228,5,3"
1930,"401,13,3"
1931,"80,64,10"
1932,"280,271,255"
1933,"56,15,17"
1934,"221,220,10"
1935,"118,23,74"
1936,"199,169"
1937,"286,41,40"
1938,"301,3,21"
1939,"508,169,426"
1940,"448,10,64"
1941,"498,0,288"
1942,"280,271,255"
1943,"300,296,169"
1944,"83,54,10"
1945,"160,40"
1946,"283,23,74"
1947,"165,74,23"
1948,"220,10"
1949,"419,11,10"
1950,"165,23,74"
1951,"83,54,10"
1952,"199,169"
1953,"407,4,3"
1954,"220,10"
1955,"126,21,3"
1956,"80,64,10"
1957,"293,85,3"
1958,"148,3,147"
1959,"456,271,0"
1960,"77,31,23"
1961,3
1962,"221,220,10"
1963,"93,10,64"
1964,"77,31,23"
1965,"49,23,24"
1966,"12,11,10"
1967,"317,23,74"
1968,"80,10,64"
1969,"456,271,0"
1970,"62,23,24"
1971,"220,10"
1972,"221,220,10"
1973,"382,199,169"
1974,"493,145,40"
1975,"349,265,0"
1976,"280,271,255"
1977,"50,3"
1978,"456,271,0"
1979,"206,8,0"
1980,"43,24,23"
1981,"435,3,4"
1982,"448,64,10"
1983,"325,3,53"
1984,"235,8,0"
1985,"43,24,23"
1986,"434,0,1"
1987,"346,313,0"
1988,"486,131,40"
1989,"220,10"
1990,3
1991,"80,10,64"
1992,"115,21,3"
1993,"16,15,3"
1994,"108,21,3"
1995,"430,53,3"
1996,"508,169,426"
1997,"259,311,426"
1998,"494,184,40"
1999,"335,64,10"
2000,"425,265,0"
2001,"323,199,170"
2002,"21,3"
2003,"264,23,38"
2004,"263,34,3"
2005,"311,337,426"
2006,"404,111,3"
2007,"77,31,23"
2008,"90,64,10"
2009,"234,60,21"
2010,"259,311,426"
2011,"2,1,0"
2012,"448,64,10"
2013,"280,271,255"
2014,"291,271,0"
2015,"206,8,0"
2016,"448,64,10"
2017,"215,41,40"
2018,"430,53,3"
2019,"220,10"
2020,"340,265,0"
2021,"187,21,3"
2022,"301,3,21"
2023,"523,53,3"
2024,"194,128,145"
2025,"187,3,21"
2026,"301,3,21"
2027,"350,23,26"
2028,"397,0,313"
2029,"80,10,64"
2030,"131,40"
2031,"80,64,10"
2032,"311,426,337"
2033,"43,24,23"
2034,"182,21,3"
2035,"436,169,170"
2036,"63,23,38"
2037,"228,5,3"
2038,"187,21,3"
2039,"221,10,220"
2040,"187,21,3"
2041,"187,3,21"
2042,"243,184,40"
2043,"349,265,0"
2044,"360,271,0"
2045,"393,53,3"
2046,"80,10,64"
2047,"459,169,170"
2048,"205,11,10"
2049,"123,111,3"
2050,"80,10,64"
2051,"311,169"
2052,"187,21,3"
2053,"146,145,40"
2054,"32,23,31"
2055,"80,64,10"
2056,"171,170,199"
2057,"429,271,0"
2058,"115,21,3"
2059,"315,160,40"
2060,"32,23,31"
2061,"21,3"
2062,"168,17,3"
2063,"80,10,64"
2064,"181,40,145"
2065,"282,111,3"
2066,"454,31,23"
2067,"90,10,64"
2068,"188,4,3"
2069,"49,24,23"
2070,"80,10,64"
2071,"320,17,3"
2072,"122,13,3"
2073,"71,38,24"
2074,"21,3"
2075,"84,23,74"
2076,"96,31,23"
2077,"56,15,17"
2078,"323,170,199"
2079,"259,311,426"
2080,"340,265,0"
2081,"160,40"
2082,"308,8,0"
2083,"77,31,23"
2084,"343,169,199"
2085,"199,169"
2086,"259,311,426"
2087,"315,40,160"
2088,"140,139,40"
2089,"344,265,0"
2090,"350,26,23"
2091,"209,208,0"
2092,"385,5,3"
2093,"376,265,0"
2094,"259,311,426"
2095,"235,8,0"
2096,"458,0,277"
2097,"194,128,145"
2098,"489,10,60"
2099,"322,54,10"
2100,"240,23,38"
2101,"187,21,3"
2102,"112,111,3"
2103,"431,135,40"
2104,"90,64,10"
2105,"129,128,40"
2106,"83,54,10"
2107,"171,170,199"
2108,"293,3,85"
2109,"221,220,10"
2110,"259,311,426"
2111,"21,3"
2112,"482,288,0"
2113,"93,64,10"
2114,"137,23,38"
2115,"456,271,0"
2116,"225,3,120"
2117,"291,271,0"
2118,"73,44,145"
2119,"418,265,0"
2120,"80,10,64"
2121,"350,26,23"
2122,"226,131,40"
2123,"382,199,169"
2124,"181,40,145"
2125,"49,23,24"
2126,"12,10,11"
2127,"33,21,3"
2128,"257,216,0"
2129,"187,3,21"
2130,"69,44,145"
2131,"404,111,3"
2132,"93,64,10"
2133,"48,21,3"
2134,"80,10,64"
2135,"161,111,3"
2136,"456,271,0"
2137,"402,145,40"
2138,"139,40"
2139,"435,4,3"
2140,"301,21,3"
2141,"226,131,40"
2142,"63,23,38"
2143,"388,111,3"
2144,"49,24,23"
2145,"323,199,170"
2146,"230,229,0"
2147,"522,271,0"
2148,"221,220,10"
2149,"418,265,0"
2150,"240,23,38"
2151,"93,10,64"
2152,"85,3"
2153,"142,131,40"
2154,"391,8,0"
2155,"301,3,21"
2156,"62,24,23"
2157,"181,40,145"
2158,"367,100,40"
2159,"402,145,40"
2160,"87,38,23"
2161,"393,53,3"
2162,"221,220,10"
2163,"123,111,3"
2164,"84,23,74"
2165,"171,170,199"
2166,"220,10"
2167,"243,184,40"
2168,"159,40,131"
2169,"323,199,170"
2170,"308,8,0"
2171,"315,160,40"
2172,"474,111,3"
2173,"243,184,40"
2174,"14,13,3"
2175,"438,265,0"
2176,"87,23,38"
2177,"350,23,26"
2178,"71,24,38"
2179,"18,17,3"
2180,"43,24,23"
2181,"241,131,40"
2182,"457,0,218"
2183,"456,271,0"
2184,"425,265,0"
2185,"112,111,3"
2186,"33,21,3"
2187,"315,160,40"
2188,"43,24,23"
2189,"187,21,3"
2190,"187,21,3"
2191,"83,54,10"
2192,"62,24,23"
2193,"18,17,3"
2194,"355,271,0"
2195,"311,337,426"
2196,"340,265,0"
2197,"241,40,131"
2198,"220,10"
2199,"311,337,426"
2200,"204,13,3"
2201,"355,271,0"
2202,"448,64,10"
2203,"171,170,199"
2204,"49,23,24"
2205,"32,23,31"
2206,"124,21,3"
2207,"469,288,0"
2208,"346,313,0"
2209,"199,169"
2210,"118,74,23"
2211,"304,216,0"
2212,"293,85,3"
2213,"122,13,3"
2214,"241,131,40"
2215,"304,216,0"
2216,"325,3,53"
2217,"406,131,40"
2218,"220,10"
2219,"493,145,40"
2220,"372,255,0"
2221,"226,131,40"
2222,"96,31,23"
2223,"397,313,0"
2224,"80,64,10"
2225,"435,4,3"
2226,"305,21,3"
2227,"221,220,10"
2228,"206,8,0"
2229,"353,271,0"
2230,"459,170,169"
2231,"220,10"
2232,"71,24,38"
2233,"80,10,64"
2234,"12,11,10"
2235,"402,145,40"
2236,"221,220,10"
2237,"391,8,0"
2238,"220,10"
2239,"349,265,0"
2240,"331,3,5"
2241,"115,21,3"
2242,"4,3"
2243,"117,3,30"
2244,"448,64,10"
2245,"402,145,40"
2246,"417,169,296"
2247,"220,10"
2248,"43,24,23"
2249,"402,145,40"
2250,"130,128,40"
2251,"447,3,34"
2252,"156,147,3"
2253,"221,220,10"
2254,"187,21,3"
2255,"11,10"
2256,"18,17,3"
2257,"235,8,0"
2258,"280,271,255"
2259,"220,10"
2260,"282,111,3"
2261,"118,23,74"
2262,"221,10,220"
2263,"138,135,40"
2264,"372,255,0"
2265,"166,151,160"
2266,"259,311,426"
2267,"72,44,145"
2268,"212,211,216"
2269,"448,64,10"
2270,"401,3,13"
2271,"69,44,145"
2272,"431,135,40"
2273,"435,4,3"
2274,"15,3"
2275,"336,296,169"
2276,"55,54,10"
2277,"436,169,170"
2278,"21,3"
2279,"256,255,0"
2280,"380,216,0"
2281,"322,54,10"
2282,"343,169,199"
2283,"89,26,23"
2284,"460,296,169"
2285,"340,265,0"
2286,"97,5,3"
2287,"85,3"
2288,"16,15,3"
2289,"220,10"
2290,"379,3,21"
2291,"138,135,40"
2292,"435,3,4"
2293,"118,23,74"
2294,"397,0,313"
2295,"205,11,10"
2296,"220,10"
2297,3
2298,"221,220,10"
2299,"459,169,170"
2300,"456,271,0"
2301,"48,21,3"
2302,"240,23,38"
2303,"236,135,40"
2304,"187,21,3"
2305,"430,53,3"
2306,"340,265,0"
2307,"315,160,40"
2308,"346,313,0"
2309,"18,17,3"
2310,"54,10"
2311,"235,8,0"
2312,"21,3"
2313,"323,199,170"
2314,"220,10"
2315,"83,54,10"
2316,"391,8,0"
2317,"49,24,23"
2318,"326,105,23"
2319,"276,265,0"
2320,"435,4,3"
2321,"508,169,426"
2322,"370,216,0"
2323,"484,0,255"
2324,"278,277,0"
2325,"273,0,265"
2326,"216,0"
2327,"457,0,218"
2328,"54,10"
2329,"334,160,40"
2330,"32,23,31"
2331,"397,313,0"
2332,"457,218,0"
2333,"264,23,38"
2334,"456,271,0"
2335,"350,23,26"
2336,"302,160,40"
2337,"221,220,10"
2338,"435,4,3"
2339,"56,15,17"
2340,"303,74,23"
2341,"95,54,10"
2342,"200,311,337"
2343,"91,23,38"
2344,"334,160,40"
2345,"467,3,53"
2346,"118,23,74"
2347,"221,220,10"
2348,3
2349,"343,199,169"
2350,"448,64,10"
2351,"234,60,21"
2352,"53,3"
2353,"221,220,10"
2354,"488,265,0"
2355,"11,10"
2356,"187,21,3"
2357,"171,170,199"
2358,"259,426,311"
2359,"25,23,24"
2360,"384,265,0"
2361,"402,145,40"
2362,"328,31,23"
2363,"224,41,40"
2364,"115,21,3"
2365,"129,128,40"
2366,"221,220,10"
2367,"163,162,40"
2368,"165,23,74"
2369,"72,145,44"
2370,"325,53,3"
2371,"231,26,23"
2372,"32,31,23"
2373,"220,10"
2374,"220,10"
2375,"54,10"
2376,"182,21,3"
2377,"376,0,265"
2378,"15,3"
2379,"468,44,145"
2380,"214,213,0"
2381,"425,265,0"
2382,"108,21,3"
2383,"112,111,3"
2384,"478,145,40"
2385,"108,21,3"
2386,"241,131,40"
2387,"436,169,170"
2388,"44,145,40"
2389,"170,169"
2390,"388,3,111"
2391,"234,60,21"
2392,"185,184,40"
2393,"33,21,3"
2394,"69,44,145"
2395,"479,208,0"
2396,"221,220,10"
2397,"55,54,10"
2398,"171,170,199"
2399,"224,41,40"
2400,"25,24,23"
2401,"49,24,23"
2402,"311,169"
2403,"376,0,265"
2404,"108,21,3"
2405,"181,145,40"
2406,"315,160,40"
2407,"11,10"
2408,"322,54,10"
2409,"73,44,145"
2410,"181,145,40"
2411,40
2412,"108,21,3"
2413,"224,41,40"
2414,"62,24,23"
2415,"287,53,3"
2416,"118,23,74"
2417,"197,10,60"
2418,"264,38,23"
2419,"80,64,10"
2420,"187,21,3"
2421,"43,24,23"
2422,"16,15,3"
2423,"21,3"
2424,"294,4,3"
2425,"448,64,10"
2426,"182,3,21"
2427,"337,169"
2428,"118,74,23"
2429,"506,13,3"
2430,"308,8,0"
2431,"129,128,40"
2432,"360,271,0"
2433,"383,208,0"
2434,"148,147,3"
2435,"21,3"
2436,"281,199,169"
2437,"84,23,74"
2438,"343,169,199"
2439,"334,160,40"
2440,"72,44,145"
2441,"418,0,265"
2442,"93,10,64"
2443,"104,30,3"
2444,"241,40,131"
2445,"315,160,40"
2446,"54,10"
2447,"231,26,23"
2448,"406,40,131"
2449,"220,10"
2450,"447,34,3"
2451,"391,8,0"
2452,"455,271,0"
2453,"138,135,40"
2454,"379,21,3"
2455,"456,271,0"
2456,"129,128,40"
2457,"171,170,199"
2458,"306,296,169"
2459,"11,10"
2460,"187,3,21"
2461,"109,11,10"
2462,"86,85,3"
2463,"108,21,3"
2464,"90,10,64"
2465,"355,271,0"
2466,"493,145,40"
2467,"340,265,0"
2468,"221,220,10"
2469,"96,31,23"
2470,"448,64,10"
2471,"220,10"
2472,"130,128,40"
2473,"18,17,3"
2474,"346,313,0"
2475,"428,296,169"
2476,"21,3"
2477,"181,40,145"
2478,"68,3,53"
2479,"267,111,3"
2480,"32,23,31"
2481,"431,135,40"
2482,"73,44,145"
2483,"18,17,3"
2484,"49,23,24"
2485,"199,169"
2486,"319,211,0"
2487,"425,265,0"
2488,"524,145,40"
2489,"305,21,3"
2490,"18,17,3"
2491,"346,313,0"
2492,"456,271,0"
2493,"80,10,64"
2494,"376,265,0"
2495,"221,220,10"
2496,"241,40,131"
2497,"495,105,23"
2498,"241,131,40"
2499,"482,288,0"
2500,"170,169"
2501,"21,3"
2502,"418,265,0"
2503,"497,288,0"
2504,"226,131,40"
2505,"355,271,0"
2506,"129,128,40"
2507,"325,3,53"
2508,"508,169,426"
2509,"376,0,265"
2510,"43,24,23"
2511,"324,41,40"
2512,"361,271,0"
2513,"129,128,40"
2514,"448,10,64"
2515,"187,21,3"
2516,"80,10,64"
2517,"43,24,23"
2518,"493,145,40"
2519,"134,131,40"
2520,"80,10,64"
2521,"202,3,111"
2522,"204,13,3"
2523,"311,169"
2524,"61,60,10"
2525,"370,216,0"
2526,"43,24,23"
2527,"39,23,38"
2528,"137,23,38"
2529,"103,23,38"
2530,"263,34,3"
2531,"454,31,23"
2532,"206,8,0"
2533,"448,64,10"
2534,"346,313,0"
2535,"141,135,40"
2536,"108,21,3"
2537,"181,145,40"
2538,"115,21,3"
2539,"198,111,3"
2540,"69,44,145"
2541,"187,21,3"
2542,"63,23,38"
2543,"224,41,40"
2544,"456,271,0"
2545,"368,40,184"
2546,"376,0,265"
2547,"401,3,13"
2548,"308,8,0"
2549,"350,26,23"
2550,"374,169,199"
2551,"90,64,10"
2552,"138,135,40"
2553,"39,38,23"
2554,"72,44,145"
2555,"182,3,21"
2556,"80,64,10"
2557,"144,15,3"
2558,"311,169"
2559,"315,160,40"
2560,"54,10"
2561,"325,3,53"
2562,"485,313,0"
2563,"353,271,0"
2564,"186,128,40"
2565,"181,145,40"
2566,"129,128,40"
2567,"182,21,3"
2568,"256,255,0"
2569,"220,10"
2570,"280,271,255"
2571,"21,3"
2572,"239,60,10"
2573,"137,23,38"
2574,"262,105,23"
2575,"25,23,24"
2576,"157,3,120"
2577,"49,24,23"
2578,"33,21,3"
2579,"376,0,265"
2580,"454,31,23"
2581,"221,220,10"
2582,"488,265,0"
2583,"186,40,128"
2584,"467,3,53"
2585,"300,296,169"
2586,"519,105,23"
2587,"325,53,3"
2588,"167,3,147"
2589,"221,220,10"
2590,"523,53,3"
2591,"376,265,0"
2592,"431,135,40"
2593,"11,10"
2594,"331,5,3"
2595,"311,426,337"
2596,"258,31,23"
2597,"241,131,40"
2598,"186,40,128"
2599,"206,8,0"
2600,"334,160,40"
2601,"2,1,0"
2602,"414,10,60"
2603,"241,131,40"
2604,"18,17,3"
2605,"350,26,23"
2606,"457,0,218"
2607,"141,40,135"
2608,"350,26,23"
2609,"138,135,40"
2610,"43,24,23"
2611,"271,0"
2612,"322,54,10"
2613,"73,44,145"
2614,"309,23,38"
2615,"286,41,40"
2616,"43,24,23"
2617,"90,64,10"
2618,"291,271,0"
2619,"311,169"
2620,"250,40,135"
2621,"456,271,0"
2622,"181,40,145"
2623,"16,15,3"
2624,"523,53,3"
2625,"340,265,0"
2626,"241,131,40"
2627,"21,3"
2628,"137,38,23"
2629,"457,0,218"
2630,"454,31,23"
2631,"346,313,0"
2632,"200,311,337"
2633,"32,31,23"
2634,"164,21,3"
2635,"323,199,170"
2636,"249,0"
2637,"337,169"
2638,"262,105,23"
2639,"225,3,120"
2640,"80,64,10"
2641,40
2642,"283,23,74"
2643,"343,169,199"
2644,"243,184,40"
2645,"447,3,34"
2646,"436,169,170"
2647,"85,3"
2648,"425,265,0"
2649,"425,265,0"
2650,"334,160,40"
2651,"124,21,3"
2652,"80,64,10"
2653,3
2654,"134,40,131"
2655,"448,64,10"
2656,"226,40,131"
2657,"317,23,74"
2658,"448,64,10"
2659,"220,10"
2660,"19,4,3"
2661,"187,3,21"
2662,"124,21,3"
2663,"448,10,64"
2664,"334,160,40"
2665,"350,26,23"
2666,"174,4,3"
2667,"33,3,21"
2668,"275,3,111"
2669,"43,24,23"
2670,"216,0"
2671,"80,10,64"
2672,"108,21,3"
2673,"454,31,23"
2674,"80,10,64"
2675,"126,21,3"
2676,"142,131,40"
2677,"315,40,160"
2678,"182,21,3"
2679,"419,10,11"
2680,"340,265,0"
2681,"343,169,199"
2682,"346,313,0"
2683,"66,30,3"
2684,"458,277,0"
2685,"448,64,10"
2686,"407,4,3"
2687,"323,170,199"
2688,"17,3"
2689,"305,21,3"
2690,"315,160,40"
2691,"382,199,169"
2692,"131,40"
2693,"241,40,131"
2694,"187,21,3"
2695,"494,184,40"
2696,"118,23,74"
2697,"448,64,10"
2698,"374,169,199"
2699,"406,131,40"
2700,"224,41,40"
2701,"301,3,21"
2702,"221,220,10"
2703,"238,3,4"
2704,"224,41,40"
2705,"259,311,426"
2706,"80,10,64"
2707,"311,426,337"
2708,"230,229,0"
2709,"494,40,184"
2710,"108,3,21"
2711,"309,23,38"
2712,"444,271,0"
2713,"65,10,64"
2714,"110,53,3"
2715,"311,169"
2716,"349,265,0"
2717,"187,3,21"
2718,"300,296,169"
2719,"259,311,426"
2720,"448,64,10"
2721,"308,8,0"
2722,"304,216,0"
2723,"187,21,3"
2724,"49,24,23"
2725,"456,271,0"
2726,"200,311,337"
2727,"181,145,40"
2728,"220,10"
2729,"434,0,1"
2730,"241,131,40"
2731,"187,21,3"
2732,"303,23,74"
2733,"115,21,3"
2734,"323,199,170"
2735,"448,10,64"
2736,"12,10,11"
2737,"148,147,3"
2738,"259,311,426"
2739,"221,220,10"
2740,"431,135,40"
2741,"521,208,0"
2742,"118,23,74"
2743,"118,23,74"
2744,"148,147,3"
2745,"49,24,23"
2746,"90,10,64"
2747,"315,160,40"
2748,"226,131,40"
2749,"32,31,23"
2750,"62,24,23"
2751,"250,40,135"
2752,"243,184,40"
2753,"99,53,3"
2754,"43,24,23"
2755,"80,64,10"
2756,"271,0"
2757,"74,23"
2758,"221,220,10"
2759,"220,10"
2760,"182,21,3"
2761,"249,0"
2762,"74,23"
2763,"220,10"
2764,"182,21,3"
2765,"425,265,0"
2766,"163,162,40"
2767,"207,28,3"
2768,"315,160,40"
2769,"160,40"
2770,"259,311,426"
2771,"419,11,10"
2772,"134,131,40"
2773,"181,145,40"
2774,"53,3"
2775,"205,11,10"
2776,"137,23,38"
2777,"375,3,4"
2778,"2,1,0"
2779,"438,0,265"
2780,"187,21,3"
2781,"453,0,208"
2782,"214,213,0"
2783,"80,10,64"
2784,"18,17,3"
2785,"221,220,10"
2786,"239,60,10"
2787,"118,23,74"
2788,"426,311,337"
2789,"175,128,40"
2790,"241,131,40"
2791,"226,131,40"
2792,"160,40"
2793,"259,311,426"
2794,"325,53,3"
2795,"286,41,40"
2796,"241,40,131"
2797,"469,288,0"
2798,"194,128,145"
2799,"405,8,0"
2800,"285,8,0"
2801,"199,169"
2802,"448,10,64"
2803,"155,139,40"
2804,"418,0,265"
2805,"49,24,23"
2806,"186,128,40"
2807,"115,21,3"
2808,"54,10"
2809,"448,64,10"
2810,"206,8,0"
2811,"77,31,23"
2812,"434,0,1"
2813,"448,64,10"
2814,"48,21,3"
2815,"467,53,3"
2816,"251,337,296"
2817,"406,40,131"
2818,"18,17,3"
2819,"311,169"
2820,"204,3,13"
2821,"85,3"
2822,"32,31,23"
2823,"300,296,169"
2824,"199,169"
2825,"323,199,170"
2826,"187,3,21"
2827,"340,265,0"
2828,"71,24,38"
2829,"376,265,0"
2830,"334,160,40"
2831,"346,313,0"
2832,"240,23,38"
2833,"129,128,40"
2834,"397,313,0"
2835,"28,3"
2836,"118,23,74"
2837,"80,10,64"
2838,"260,170,169"
2839,"171,170,199"
2840,"187,21,3"
2841,40
2842,"452,169,296"
2843,"311,169"
2844,"7,4,3"
2845,3
2846,"93,10,64"
2847,"366,271,0"
2848,"438,265,0"
2849,"220,10"
2850,"428,296,169"
2851,"168,17,3"
2852,"303,23,74"
2853,"138,135,40"
2854,"185,184,40"
2855,"115,21,3"
2856,"187,21,3"
2857,"523,53,3"
2858,"297,265,0"
2859,"334,160,40"
2860,"436,169,170"
2861,"89,26,23"
2862,"447,3,34"
2863,"108,21,3"
2864,"19,4,3"
2865,"193,40,131"
2866,"75,74,23"
2867,"376,265,0"
2868,"124,21,3"
2869,"106,105,23"
2870,"360,271,0"
2871,"226,131,40"
2872,"93,64,10"
2873,"376,0,265"
2874,"138,135,40"
2875,"346,313,0"
2876,"478,40,145"
2877,"80,10,64"
2878,"346,313,0"
2879,3
2880,"308,8,0"
2881,"43,24,23"
2882,"77,31,23"
2883,"19,3,4"
2884,"457,0,218"
2885,"220,10"
2886,"19,4,3"
2887,"429,271,0"
2888,"406,131,40"
2889,"44,145,40"
2890,"448,10,64"
2891,"141,135,40"
2892,"36,35,3"
2893,"231,23,26"
2894,"165,23,74"
2895,"49,23,24"
2896,"456,271,0"
2897,"354,216,0"
2898,"222,100,40"
2899,"247,160,40"
2900,"131,40"
2901,"16,15,3"
2902,"95,54,10"
2903,"340,265,0"
2904,"205,11,10"
2905,"382,199,169"
2906,"206,8,0"
2907,"124,21,3"
2908,"32,23,31"
2909,"62,23,24"
2910,"241,131,40"
2911,"308,8,0"
2912,"2,1,0"
2913,"129,128,40"
2914,"425,265,0"
2915,"323,170,199"
2916,"434,1,0"
2917,"221,220,10"
2918,"80,64,10"
2919,"456,271,0"
2920,"80,64,10"
2921,"406,40,131"
2922,"86,85,3"
2923,"315,160,40"
2924,"329,170,169"
2925,"259,311,426"
2926,"334,160,40"
2927,"316,30,3"
2928,"315,160,40"
2929,"80,10,64"
2930,"129,128,40"
2931,"43,24,23"
2932,"91,23,38"
2933,"187,21,3"
2934,"448,64,10"
2935,"207,28,3"
2936,"187,21,3"
2937,"334,160,40"
2938,"93,10,64"
2939,"81,30,3"
2940,"80,64,10"
2941,"435,3,4"
2942,"315,40,160"
2943,"43,24,23"
2944,"224,41,40"
2945,"118,23,74"
2946,"80,10,64"
2947,"165,23,74"
2948,"26,23"
2949,"185,184,40"
2950,3
2951,"187,3,21"
2952,"459,170,169"
2953,"386,135,40"
2954,"72,44,145"
2955,"306,296,169"
2956,"148,3,147"
2957,"205,11,10"
2958,"77,31,23"
2959,"308,8,0"
2960,"238,4,3"
2961,"96,31,23"
2962,"171,170,199"
2963,"418,0,265"
2964,"209,0,208"
2965,"444,271,0"
2966,"406,40,131"
2967,"90,64,10"
2968,"80,10,64"
2969,"239,60,10"
2970,"129,128,40"
2971,"334,160,40"
2972,"376,265,0"
2973,"206,8,0"
2974,"108,21,3"
2975,"523,3,53"
2976,"182,21,3"
2977,"448,64,10"
2978,"325,3,53"
2979,"163,162,40"
2980,"425,0,265"
2981,"402,145,40"
2982,"139,40"
2983,"448,10,64"
2984,"307,23,74"
2985,"346,313,0"
2986,"67,44,145"
2987,"315,160,40"
2988,"308,8,0"
2989,"376,265,0"
2990,"108,21,3"
2991,"11,10"
2992,"32,31,23"
2993,"376,265,0"
2994,"43,24,23"
2995,"220,10"
2996,"48,3,21"
2997,"315,160,40"
2998,"406,131,40"
2999,"215,40,41"
3000,"80,64,10"
3001,"46,34,3"
3002,"12,11,10"
3003,"308,8,0"
3004,"420,296,169"
3005,"19,4,3"
3006,"313,0"
3007,"138,135,40"
3008,"32,23,31"
3009,"127,21,3"
3010,"187,21,3"
3011,"11,10"
3012,"187,3,21"
3013,"448,64,10"
3014,"425,265,0"
3015,"401,13,3"
3016,"82,23,38"
3017,"508,169,426"
3018,"506,13,3"
3019,"418,265,0"
3020,"48,21,3"
3021,"13,3"
3022,"145,40"
3023,"448,10,64"
3024,"100,40"
3025,"130,128,40"
3026,"32,23,31"
3027,"448,64,10"
3028,"448,64,10"
3029,"506,13,3"
3030,"376,265,0"
3031,"69,44,145"
3032,"305,21,3"
3033,"456,271,0"
3034,"251,337,296"
3035,"8,0"
3036,"161,111,3"
3037,"85,3"
3038,"187,21,3"
3039,"31,23"
3040,"89,26,23"
3041,"494,40,184"
3042,"187,21,3"
3043,"323,170,199"
3044,"52,51,3"
3045,"385,3,5"
3046,"62,24,23"
3047,"148,3,147"
3048,"447,3,34"
3049,"435,3,4"
3050,"315,160,40"
3051,"382,169,199"
3052,"361,271,0"
3053,"91,38,23"
3054,"180,3,120"
3055,"129,128,40"
3056,"371,296,169"
3057,"448,64,10"
3058,"112,111,3"
3059,"80,10,64"
3060,"95,54,10"
3061,"384,265,0"
3062,"472,111,3"
3063,"71,24,38"
3064,"448,10,64"
3065,"259,426,311"
3066,"106,105,23"
3067,"308,8,0"
3068,"206,8,0"
3069,"182,21,3"
3070,"438,265,0"
3071,"237,34,3"
3072,"60,10"
3073,"508,169,426"
3074,"436,169,170"
3075,"187,21,3"
3076,"19,4,3"
3077,"187,21,3"
3078,"187,21,3"
3079,"514,8,0"
3080,"325,53,3"
3081,"82,23,38"
3082,"205,11,10"
3083,"219,30,3"
3084,"93,10,64"
3085,"108,21,3"
3086,"138,135,40"
3087,"42,41,40"
3088,"12,10,11"
3089,"240,38,23"
3090,"238,4,3"
3091,"12,11,10"
3092,"402,145,40"
3093,"32,31,23"
3094,"240,23,38"
3095,"315,160,40"
3096,"146,145,40"
3097,"346,313,0"
3098,"456,271,0"
3099,"308,8,0"
3100,"447,3,34"
3101,"187,21,3"
3102,"240,23,38"
3103,"315,160,40"
3104,"129,128,40"
3105,"80,64,10"
3106,"181,40,145"
3107,"323,199,170"
3108,"474,3,111"
3109,"199,169"
3110,"127,21,3"
3111,"493,145,40"
3112,"382,199,169"
3113,"66,30,3"
3114,"430,53,3"
3115,"198,111,3"
3116,"435,3,4"
3117,"414,10,60"
3118,"401,3,13"
3119,"194,145,128"
3120,"300,296,169"
3121,"448,64,10"
3122,"89,23,26"
3123,"199,169"
3124,"402,145,40"
3125,"199,169"
3126,"448,10,64"
3127,"474,3,111"
3128,"72,44,145"
3129,3
3130,"80,10,64"
3131,"68,53,3"
3132,"48,21,3"
3133,"187,21,3"
3134,"161,111,3"
3135,"33,21,3"
3136,"264,23,38"
3137,"112,111,3"
3138,"217,120,3"
3139,"187,3,21"
3140,"108,21,3"
3141,"334,160,40"
3142,"227,3,30"
3143,"322,54,10"
3144,"424,271,218"
3145,"71,38,24"
3146,"90,64,10"
3147,"201,41,40"
3148,"137,23,38"
3149,"187,21,3"
3150,"18,17,3"
3151,"303,74,23"
3152,40
3153,"325,3,53"
3154,"315,160,40"
3155,"523,53,3"
3156,"68,53,3"
3157,"221,220,10"
3158,"206,8,0"
3159,"43,24,23"
3160,"243,184,40"
3161,"435,4,3"
3162,"96,31,23"
3163,"286,41,40"
3164,"80,64,10"
3165,"69,44,145"
3166,"206,8,0"
3167,"311,337,426"
3168,"187,3,21"
3169,"170,169"
3170,"182,3,21"
3171,"431,135,40"
3172,"241,131,40"
3173,"134,40,131"
3174,"454,31,23"
3175,"340,265,0"
3176,"425,265,0"
3177,"103,23,38"
3178,"74,23"
3179,"355,271,0"
3180,"69,44,145"
3181,"19,4,3"
3182,"187,21,3"
3183,"181,145,40"
3184,"225,3,120"
3185,"315,160,40"
3186,"96,31,23"
3187,"220,10"
3188,"43,24,23"
3189,"72,44,145"
3190,"431,135,40"
3191,"237,34,3"
3192,"334,160,40"
3193,"247,160,40"
3194,"128,40"
3195,"225,3,120"
3196,"311,337,426"
3197,"391,8,0"
3198,"96,31,23"
3199,"347,255,0"
3200,"87,23,38"
3201,"39,23,38"
3202,"304,216,0"
3203,"130,128,40"
3204,"11,10"
3205,"302,160,40"
3206,"21,3"
3207,"241,131,40"
3208,"241,40,131"
3209,"201,41,40"
3210,"182,21,3"
3211,"205,10,11"
3212,"250,40,135"
3213,"186,40,128"
3214,"259,311,426"
3215,"187,3,21"
3216,"448,64,10"
3217,"63,23,38"
3218,"146,145,40"
3219,"168,17,3"
3220,"296,169"
3221,"175,128,40"
3222,"349,265,0"
3223,"257,216,0"
3224,"137,23,38"
3225,"287,53,3"
3226,"240,23,38"
3227,"231,26,23"
3228,"204,3,13"
3229,"257,216,0"
3230,"257,216,0"
3231,"431,135,40"
3232,"43,24,23"
3233,"80,10,64"
3234,"61,60,10"
3235,"187,3,21"
3236,"149,40,41"
3237,"81,30,3"
3238,"221,220,10"
3239,"244,135,40"
3240,"297,265,0"
3241,"148,147,3"
3242,"322,54,10"
3243,"199,169"
3244,"73,44,145"
3245,"448,64,10"
3246,"243,184,40"
3247,"73,44,145"
3248,"80,10,64"
3249,"500,21,3"
3250,"448,64,10"
3251,"21,3"
3252,"474,3,111"
3253,"315,40,160"
3254,"21,3"
3255,"360,271,0"
3256,"456,271,0"
3257,"399,265,0"
3258,3
3259,"66,3,30"
3260,"293,85,3"
3261,"220,10"
3262,"448,10,64"
3263,"423,160,40"
3264,"84,23,74"
3265,"382,199,169"
3266,"224,41,40"
3267,"498,288,0"
3268,"456,271,0"
3269,"355,0,271"
3270,"95,54,10"
3271,"118,23,74"
3272,"209,0,208"
3273,"193,40,131"
3274,"48,21,3"
3275,"315,160,40"
3276,"71,24,38"
3277,"32,23,31"
3278,"171,170,199"
3279,"187,21,3"
3280,"251,337,296"
3281,"187,21,3"
3282,"187,21,3"
3283,"193,40,131"
3284,"311,169"
3285,"298,135,40"
3286,"391,8,0"
3287,"376,0,265"
3288,"228,5,3"
3289,"163,162,40"
3290,"187,3,21"
3291,"309,23,38"
3292,"311,337,426"
3293,"140,139,40"
3294,"366,271,0"
3295,"160,40"
3296,"21,3"
3297,"220,10"
3298,"19,3,4"
3299,"187,21,3"
3300,"382,169,199"
3301,"62,23,24"
3302,"73,145,44"
3303,"43,24,23"
3304,"170,169"
3305,"397,313,0"
3306,"370,216,0"
3307,"221,220,10"
3308,"372,0,255"
3309,"221,10,220"
3310,"501,313,0"
3311,"54,10"
3312,"108,21,3"
3313,"80,64,10"
3314,"187,21,3"
3315,"49,24,23"
3316,"340,265,0"
3317,"291,271,0"
3318,"215,41,40"
3319,"297,265,0"
3320,"48,21,3"
3321,"259,311,426"
3322,"45,44,145"
3323,"155,40,139"
3324,"97,5,3"
3325,"228,5,3"
3326,"32,23,31"
3327,"444,0,271"
3328,"326,105,23"
3329,"228,3,5"
3330,"21,3"
3331,"253,24,23"
3332,"344,265,0"
3333,"447,3,34"
3334,"199,169"
3335,"370,216,0"
3336,"447,3,34"
3337,"18,17,3"
3338,"187,3,21"
3339,"366,271,0"
3340,"328,31,23"
3341,"49,24,23"
3342,"21,3"
3343,"187,21,3"
3344,"259,311,426"
3345,"220,10"
3346,"438,0,265"
3347,"108,3,21"
3348,"456,271,0"
3349,"220,10"
3350,"170,169"
3351,"291,271,0"
3352,"309,23,38"
3353,"315,160,40"
3354,"128,40"
3355,"108,3,21"
3356,"163,162,40"
3357,"168,17,3"
3358,"302,160,40"
3359,"350,26,23"
3360,"462,255,0"
3361,"402,145,40"
3362,"474,3,111"
3363,"129,128,40"
3364,"129,128,40"
3365,"263,34,3"
3366,"194,128,145"
3367,"226,131,40"
3368,"488,265,0"
3369,"455,0,271"
3370,"291,271,0"
3371,"16,15,3"
3372,"286,41,40"
3373,"80,10,64"
3374,"129,128,40"
3375,"61,60,10"
3376,"12,10,11"
3377,"201,41,40"
3378,"171,170,199"
3379,"478,145,40"
3380,"129,128,40"
3381,"425,265,0"
3382,"246,23,38"
3383,"90,10,64"
3384,"194,128,145"
3385,"182,21,3"
3386,"163,162,40"
3387,"171,170,199"
3388,"211,0"
3389,"401,3,13"
3390,"33,21,3"
3391,"82,23,38"
3392,"11,10"
3393,"162,40"
3394,"523,53,3"
3395,"222,100,40"
3396,"322,54,10"
3397,"11,10"
3398,"118,74,23"
3399,"340,265,0"
3400,"95,54,10"
3401,"108,3,21"
3402,"54,10"
3403,"346,313,0"
3404,"80,10,64"
3405,"54,10"
3406,"323,199,170"
3407,"447,34,3"
3408,"80,10,64"
3409,"396,395,40"
3410,"478,145,40"
3411,"478,145,40"
3412,"26,23"
3413,"448,10,64"
3414,"49,24,23"
3415,"43,24,23"
3416,"71,24,38"
3417,"402,145,40"
3418,"419,11,10"
3419,"175,128,40"
3420,"418,0,265"
3421,"448,64,10"
3422,"49,24,23"
3423,"187,21,3"
3424,"206,8,0"
3425,"96,31,23"
3426,"425,265,0"
3427,"280,271,255"
3428,"66,30,3"
3429,"54,10"
3430,"204,3,13"
3431,"259,311,426"
3432,"189,135,40"
3433,40
3434,"308,8,0"
3435,"517,13,3"
3436,"206,8,0"
3437,"181,40,145"
3438,"43,24,23"
3439,40
3440,"226,131,40"
3441,"73,44,145"
3442,"230,229,0"
3443,"311,337,426"
3444,"382,199,169"
3445,"18,17,3"
3446,"160,40"
3447,"380,216,0"
3448,"315,40,160"
3449,"85,3"
3450,"206,8,0"
3451,"140,139,40"
3452,"355,271,0"
3453,"435,3,4"
3454,"187,21,3"
3455,"27,26,23"
3456,"401,13,3"
3457,"124,21,3"
3458,"343,169,199"
3459,"239,10,60"
3460,"134,40,131"
3461,"355,271,0"
3462,"226,40,131"
3463,"447,34,3"
3464,"350,26,23"
3465,"139,40"
3466,"80,10,64"
3467,"238,4,3"
3468,"435,4,3"
3469,"224,41,40"
3470,"33,21,3"
3471,"214,213,0"
3472,"19,4,3"
3473,"402,145,40"
3474,"90,10,64"
3475,"11,10"
3476,"434,0,1"
3477,"108,21,3"
3478,"137,23,38"
3479,"11,10"
3480,"231,26,23"
3481,"87,23,38"
3482,"315,160,40"
3483,"187,21,3"
3484,"19,4,3"
3485,"379,21,3"
3486,"18,17,3"
3487,"436,169,170"
3488,"454,31,23"
3489,"21,3"
3490,"84,23,74"
3491,"32,23,31"
3492,"202,3,111"
3493,"128,40"
3494,"282,3,111"
3495,"89,26,23"
3496,"259,311,426"
3497,"43,24,23"
3498,"187,21,3"
3499,"206,8,0"
3500,"311,337,426"
3501,"301,21,3"
3502,"189,135,40"
3503,"44,145,40"
3504,"281,199,169"
3505,"187,21,3"
3506,"11,10"
3507,"118,23,74"
3508,"220,10"
3509,"206,8,0"
3510,"456,271,0"
3511,"382,169,199"
3512,"231,23,26"
3513,"239,10,60"
3514,"243,184,40"
3515,10
3516,"356,169,199"
3517,"61,60,10"
3518,"315,160,40"
3519,"44,145,40"
3520,"267,3,111"
3521,"258,31,23"
3522,"478,145,40"
3523,"423,160,40"
3524,"247,160,40"
3525,"309,23,38"
3526,"411,296,169"
3527,"293,85,3"
3528,"48,3,21"
3529,"315,40,160"
3530,"267,111,3"
3531,"220,10"
3532,"175,128,40"
3533,"448,10,64"
3534,"66,3,30"
3535,"259,311,426"
3536,"447,3,34"
3537,"189,135,40"
3538,3
3539,"85,3"
3540,"350,23,26"
3541,"49,24,23"
3542,"418,265,0"
3543,"334,160,40"
3544,"226,131,40"
3545,"26,23"
3546,"206,8,0"
3547,"137,23,38"
3548,"58,17,3"
3549,"271,0"
3550,"32,31,23"
3551,"402,145,40"
3552,"425,265,0"
3553,"259,311,426"
3554,"115,21,3"
3555,"27,26,23"
3556,"194,128,145"
3557,"194,128,145"
3558,"118,23,74"
3559,"70,3,4"
3560,"171,170,199"
3561,3
3562,"375,3,4"
3563,"21,3"
3564,"93,64,10"
3565,"168,17,3"
3566,"385,3,5"
3567,"96,31,23"
3568,"187,21,3"
3569,"311,426,337"
3570,"466,40,131"
3571,"74,23"
3572,"448,10,64"
3573,"382,199,169"
3574,"99,53,3"
3575,"72,44,145"
3576,"129,128,40"
3577,"221,220,10"
3578,"80,10,64"
3579,"497,288,0"
3580,"448,64,10"
3581,"456,271,0"
3582,"264,23,38"
3583,"32,23,31"
3584,"436,169,170"
3585,"207,3,28"
3586,"322,10,54"
3587,"108,21,3"
3588,"138,135,40"
3589,"308,8,0"
3590,"220,10"
3591,"205,10,11"
3592,"32,31,23"
3593,"291,271,0"
3594,"345,24,23"
3595,"181,40,145"
3596,"428,296,169"
3597,"32,23,31"
3598,"312,426,311"
3599,"494,184,40"
3600,"168,17,3"
3601,"382,169,199"
3602,"112,111,3"
3603,"33,21,3"
3604,"148,3,147"
3605,"205,10,11"
3606,"456,271,0"
3607,"141,40,135"
3608,"49,24,23"
3609,3
3610,"48,21,3"
3611,"301,21,3"
3612,"63,38,23"
3613,"368,184,40"
3614,"16,3,15"
3615,"425,265,0"
3616,"80,64,10"
3617,"322,54,10"
3618,"251,337,296"
3619,"315,160,40"
3620,"438,265,0"
3621,"251,337,296"
3622,"80,64,10"
3623,"310,3,28"
3624,"108,21,3"
3625,"221,220,10"
3626,"83,54,10"
3627,"402,145,40"
3628,"142,131,40"
3629,"33,21,3"
3630,"240,23,38"
3631,"448,10,64"
3632,"91,23,38"
3633,"315,160,40"
3634,"346,313,0"
3635,"238,4,3"
3636,"11,10"
3637,"128,40"
3638,"187,3,21"
3639,"448,10,64"
3640,"80,64,10"
3641,"287,53,3"
3642,"402,145,40"
3643,"226,131,40"
3644,"182,21,3"
3645,"423,40,160"
3646,"80,10,64"
3647,"287,53,3"
3648,"2,1,0"
3649,23
3650,"291,271,0"
3651,"238,4,3"
3652,"106,105,23"
3653,"170,169"
3654,"118,74,23"
3655,"153,139,40"
3656,"80,64,10"
3657,"448,10,64"
3658,"33,21,3"
3659,"257,216,0"
3660,"311,337,426"
3661,"73,44,145"
3662,"456,271,0"
3663,"301,21,3"
3664,"402,145,40"
3665,"80,64,10"
3666,"308,8,0"
3667,"11,10"
3668,"367,100,40"
3669,"145,40"
3670,"80,64,10"
3671,"323,170,199"
3672,"187,21,3"
3673,"4,3"
3674,"402,145,40"
3675,"185,184,40"
3676,"182,3,21"
3677,"430,3,53"
3678,"27,26,23"
3679,"456,271,0"
3680,"334,160,40"
3681,"108,21,3"
3682,"241,131,40"
3683,"325,53,3"
3684,"33,21,3"
3685,"66,3,30"
3686,"224,41,40"
3687,"514,8,0"
3688,"194,145,128"
3689,"406,131,40"
3690,"171,170,199"
3691,"508,169,426"
3692,"240,23,38"
3693,"138,135,40"
3694,"48,21,3"
3695,"63,23,38"
3696,"444,271,0"
3697,"48,21,3"
3698,"85,3"
3699,"68,3,53"
3700,"456,271,0"
3701,"201,41,40"
3702,"311,337,426"
3703,"267,111,3"
3704,"32,31,23"
3705,"374,169,199"
3706,"41,40"
3707,"160,40"
3708,"239,10,60"
3709,"33,21,3"
3710,"435,3,4"
3711,"221,220,10"
3712,"28,3"
3713,"303,23,74"
3714,"90,64,10"
3715,"220,10"
3716,"429,271,0"
3717,"221,220,10"
3718,"240,23,38"
3719,"95,54,10"
3720,"28,3"
3721,"448,10,64"
3722,"94,23,38"
3723,"148,147,3"
3724,"32,23,31"
3725,"267,111,3"
3726,"188,4,3"
3727,"346,313,0"
3728,"231,26,23"
3729,"39,23,38"
3730,"107,23,38"
3731,"523,3,53"
3732,"346,313,0"
3733,"80,10,64"
3734,"370,216,0"
3735,"220,10"
3736,"340,265,0"
3737,"444,271,0"
3738,"137,23,38"
3739,"325,53,3"
3740,"54,10"
3741,"514,8,0"
3742,"82,23,38"
3743,"240,23,38"
3744,"2,1,0"
3745,"360,271,0"
3746,"221,220,10"
3747,"52,3,51"
3748,"71,38,24"
3749,"83,54,10"
3750,"16,15,3"
3751,"77,31,23"
3752,"308,8,0"
3753,"334,160,40"
3754,"391,8,0"
3755,"171,170,199"
3756,"282,111,3"
3757,"493,145,40"
3758,"145,40"
3759,"39,23,38"
3760,"106,105,23"
3761,"90,64,10"
3762,"234,60,21"
3763,"49,24,23"
3764,"69,44,145"
3765,"175,128,40"
3766,"192,23,38"
3767,"221,220,10"
3768,"176,4,3"
3769,"454,31,23"
3770,"138,135,40"
3771,"127,21,3"
3772,"350,26,23"
3773,"286,41,40"
3774,"384,265,0"
3775,"425,265,0"
3776,"402,145,40"
3777,"241,131,40"
3778,"19,4,3"
3779,"194,128,145"
3780,"188,4,3"
3781,"315,160,40"
3782,"185,184,40"
3783,"368,184,40"
3784,"168,17,3"
3785,"448,64,10"
3786,"187,3,21"
3787,"343,169,199"
3788,"206,8,0"
3789,"85,3"
3790,"187,21,3"
3791,"456,271,0"
3792,"425,265,0"
3793,"448,64,10"
3794,"80,10,64"
3795,"478,40,145"
3796,"220,10"
3797,"334,160,40"
3798,"530,169,296"
3799,"89,23,26"
3800,"259,311,426"
3801,"187,21,3"
3802,"80,10,64"
3803,"80,10,64"
3804,"80,10,64"
3805,"438,265,0"
3806,"402,145,40"
3807,"62,23,24"
3808,"132,131,40"
3809,"263,34,3"
3810,"137,23,38"
3811,"478,145,40"
3812,"207,28,3"
3813,"406,131,40"
3814,"89,26,23"
3815,"386,135,40"
3816,"447,3,34"
3817,"402,145,40"
3818,"435,4,3"
3819,"175,128,40"
3820,"264,23,38"
3821,"280,271,255"
3822,"457,0,218"
3823,"334,160,40"
3824,"220,10"
3825,"15,3"
3826,"448,10,64"
3827,"197,10,60"
3828,"188,4,3"
3829,"82,23,38"
3830,"456,271,0"
3831,"430,53,3"
3832,"448,64,10"
3833,"129,128,40"
3834,"56,15,17"
3835,"220,10"
3836,"456,271,0"
3837,"375,4,3"
3838,"214,213,0"
3839,"326,105,23"
3840,"27,26,23"
3841,"402,145,40"
3842,"181,145,40"
3843,"18,17,3"
3844,"206,8,0"
3845,"124,21,3"
3846,"221,220,10"
3847,"171,170,199"
3848,"11,10"
3849,"145,40"
3850,"194,128,145"
3851,"376,0,265"
3852,"146,40,145"
3853,"431,40,135"
3854,"456,271,0"
3855,"336,296,169"
3856,"417,169,296"
3857,"15,3"
3858,"33,21,3"
3859,"85,3"
3860,"21,3"
3861,"93,64,10"
3862,"187,3,21"
3863,"160,40"
3864,"340,265,0"
3865,"220,10"
3866,"241,131,40"
3867,"251,337,296"
3868,"49,24,23"
3869,"360,271,0"
3870,"467,53,3"
3871,"12,11,10"
3872,"77,31,23"
3873,"129,128,40"
3874,"448,64,10"
3875,"82,23,38"
3876,"438,265,0"
3877,"21,3"
3878,"447,34,3"
3879,"235,8,0"
3880,"90,10,64"
3881,"519,105,23"
3882,"104,3,30"
3883,"73,44,145"
3884,"291,271,0"
3885,"194,128,145"
3886,"206,8,0"
3887,"32,23,31"
3888,"16,15,3"
3889,"323,199,170"
3890,"11,10"
3891,"60,10"
3892,"216,0"
3893,"188,4,3"
3894,"201,41,40"
3895,"16,15,3"
3896,"204,3,13"
3897,"343,199,169"
3898,"82,23,38"
3899,"231,26,23"
3900,"182,21,3"
3901,"194,128,145"
3902,"39,38,23"
3903,"420,296,169"
3904,"84,23,74"
3905,"89,23,26"
3906,"380,216,0"
3907,"235,8,0"
3908,"350,26,23"
3909,"171,170,199"
3910,"95,54,10"
3911,"155,139,40"
3912,"182,21,3"
3913,"448,10,64"
3914,"221,220,10"
3915,"165,23,74"
3916,"323,199,170"
3917,"187,21,3"
3918,"83,54,10"
3919,"368,40,184"
3920,"112,111,3"
3921,"80,10,64"
3922,"376,265,0"
3923,"184,40"
3924,"43,24,23"
3925,"49,23,24"
3926,"430,53,3"
3927,"96,31,23"
3928,"33,21,3"
3929,"356,169,199"
3930,3
3931,"72,44,145"
3932,"448,64,10"
3933,"221,220,10"
3934,"224,41,40"
3935,"397,313,0"
3936,3
3937,"384,265,0"
3938,"448,64,10"
3939,"138,135,40"
3940,"478,145,40"
3941,"43,24,23"
3942,"291,271,0"
3943,"382,199,169"
3944,"456,271,0"
3945,"343,169,199"
3946,"95,54,10"
3947,"448,64,10"
3948,"84,23,74"
3949,"72,44,145"
3950,"216,0"
3951,"182,3,21"
3952,"124,21,3"
3953,"418,0,265"
3954,"448,64,10"
3955,"231,23,26"
3956,"204,13,3"
3957,"308,8,0"
3958,"134,131,40"
3959,"241,131,40"
3960,"60,10"
3961,"91,23,38"
3962,"500,21,3"
3963,"376,265,0"
3964,"478,40,145"
3965,"80,10,64"
3966,"8,0"
3967,"221,220,10"
3968,"346,313,0"
3969,"457,0,218"
3970,"503,105,23"
3971,"420,296,169"
3972,"126,21,3"
3973,"325,53,3"
3974,"206,8,0"
3975,"456,271,0"
3976,"435,4,3"
3977,"182,3,21"
3978,"325,53,3"
3979,"458,0,277"
3980,"80,64,10"
3981,"205,11,10"
3982,"304,216,0"
3983,"235,8,0"
3984,"355,271,0"
3985,"436,169,170"
3986,"145,40"
3987,"455,271,0"
3988,"406,131,40"
3989,"139,40"
3990,"107,23,38"
3991,"224,41,40"
3992,"129,128,40"
3993,"256,255,0"
3994,"322,54,10"
3995,"493,145,40"
3996,"137,23,38"
3997,"375,4,3"
3998,"36,35,3"
3999,"436,169,170"
4000,"8,0"
4001,"429,271,0"
4002,"267,111,3"
4003,"316,30,3"
4004,"4,3"
4005,"431,40,135"
4006,"187,3,21"
4007,"437,40,145"
4008,"82,23,38"
4009,"448,64,10"
4010,"122,13,3"
4011,"301,21,3"
4012,"448,64,10"
4013,"187,21,3"
4014,"187,21,3"
4015,"228,5,3"
4016,"290,23,31"
4017,"206,8,0"
4018,"337,426,311"
4019,"435,3,4"
4020,"410,8,0"
4021,"206,8,0"
4022,"43,24,23"
4023,"457,0,218"
4024,"48,21,3"
4025,"108,21,3"
4026,3
4027,"523,53,3"
4028,"448,10,64"
4029,"343,169,199"
4030,"171,170,199"
4031,"99,53,3"
4032,"425,265,0"
4033,"49,24,23"
4034,"278,277,0"
4035,"241,131,40"
4036,"183,4,3"
4037,"50,3"
4038,"483,1,0"
4039,"108,21,3"
4040,"95,54,10"
4041,"301,21,3"
4042,"305,21,3"
4043,"241,131,40"
4044,"187,21,3"
4045,"221,10,220"
4046,"273,265,0"
4047,"148,3,147"
4048,"366,271,0"
4049,"214,0,213"
4050,"514,8,0"
4051,"402,145,40"
4052,"182,21,3"
4053,169
4054,"235,8,0"
4055,"54,10"
4056,"478,145,40"
4057,"478,145,40"
4058,"493,145,40"
4059,"354,216,0"
4060,"108,3,21"
4061,"195,128,40"
4062,"186,128,40"
4063,"43,24,23"
4064,"221,220,10"
4065,"182,21,3"
4066,"158,85,3"
4067,"423,160,40"
4068,"187,3,21"
4069,"448,10,64"
4070,"322,54,10"
4071,"33,21,3"
4072,"244,135,40"
4073,"163,162,40"
4074,"291,271,0"
4075,"302,160,40"
4076,"493,145,40"
4077,"475,0,218"
4078,"293,85,3"
4079,"482,288,0"
4080,"44,145,40"
4081,"234,60,21"
4082,"322,54,10"
4083,"281,199,169"
4084,"406,40,131"
4085,"291,271,0"
4086,"406,131,40"
4087,"161,111,3"
4088,"118,74,23"
4089,"343,169,199"
4090,"32,23,31"
4091,"232,23,38"
4092,"187,21,3"
4093,"187,21,3"
4094,"139,40"
4095,"232,38,23"
4096,"220,10"
4097,"159,40,131"
4098,"32,23,31"
4099,"460,169,296"
4100,"72,44,145"
4101,"76,23"
4102,"137,38,23"
4103,"463,255,0"
4104,"32,31,23"
4105,"431,135,40"
4106,"350,26,23"
4107,"181,40,145"
4108,"72,44,145"
4109,"48,21,3"
4110,"182,21,3"
4111,"76,23"
4112,"72,44,145"
4113,"44,145,40"
4114,"45,44,145"
4115,"419,11,10"
4116,"187,3,21"
4117,"448,64,10"
4118,"309,23,38"
4119,"134,131,40"
4120,"19,4,3"
4121,"221,220,10"
4122,"19,4,3"
4123,"291,271,0"
4124,"448,64,10"
4125,"306,169,296"
4126,"174,3,4"
4127,"226,40,131"
4128,"251,337,296"
4129,"25,23,24"
4130,"82,23,38"
4131,"139,40"
4132,"18,17,3"
4133,"417,169,296"
4134,"49,24,23"
4135,"53,3"
4136,"188,3,4"
4137,"228,5,3"
4138,"187,21,3"
4139,"327,8,0"
4140,"294,4,3"
4141,"163,162,40"
4142,"384,265,0"
4143,"226,40,131"
4144,"374,169,199"
4145,"95,54,10"
4146,"127,21,3"
4147,"315,160,40"
4148,"91,38,23"
4149,"431,135,40"
4150,"251,337,296"
4151,"108,3,21"
4152,"239,10,60"
4153,"452,296,169"
4154,"315,160,40"
4155,"346,313,0"
4156,"421,229,0"
4157,"80,64,10"
4158,"139,40"
4159,"247,160,40"
4160,"376,265,0"
4161,"360,271,0"
4162,"138,135,40"
4163,"182,3,21"
4164,"80,64,10"
4165,"18,17,3"
4166,"221,220,10"
4167,"89,26,23"
4168,"241,131,40"
4169,"113,3,28"
4170,"108,3,21"
4171,"224,41,40"
4172,"21,3"
4173,"455,271,0"
4174,"32,23,31"
4175,"18,17,3"
4176,"355,271,0"
4177,"21,3"
4178,"137,23,38"
4179,"362,271,0"
4180,"456,271,0"
4181,"315,160,40"
4182,"303,74,23"
4183,"72,44,145"
4184,"96,31,23"
4185,"221,220,10"
4186,"43,24,23"
4187,"118,23,74"
4188,"220,10"
4189,"60,10"
4190,"334,160,40"
4191,"384,0,265"
4192,"93,64,10"
4193,"391,8,0"
4194,"148,3,147"
4195,"427,169,426"
4196,"457,0,218"
4197,"195,128,40"
4198,"435,4,3"
4199,"8,0"
4200,"300,296,169"
4201,"448,64,10"
4202,"456,271,0"
4203,"185,184,40"
4204,"80,10,64"
4205,"220,10"
4206,"346,313,0"
4207,"74,23"
4208,"73,44,145"
4209,"392,4,3"
4210,"80,10,64"
4211,"448,64,10"
4212,"251,337,296"
4213,"82,23,38"
4214,"273,265,0"
4215,"221,220,10"
4216,"325,53,3"
4217,"456,271,0"
4218,"206,8,0"
4219,"323,170,199"
4220,"159,40,131"
4221,"322,54,10"
4222,"256,255,0"
4223,"187,21,3"
4224,"18,17,3"
4225,"267,111,3"
4226,"264,38,23"
4227,"430,53,3"
4228,"311,426,337"
4229,"159,40,131"
4230,"447,34,3"
4231,"370,216,0"
4232,"402,145,40"
4233,"402,145,40"
4234,"144,15,3"
4235,"224,41,40"
4236,"168,17,3"
4237,"115,3,21"
4238,"43,24,23"
4239,"350,26,23"
4240,"43,24,23"
4241,"340,265,0"
4242,"187,3,21"
4243,"323,199,170"
4244,"115,21,3"
4245,"514,8,0"
4246,"27,26,23"
4247,"201,41,40"
4248,"113,28,3"
4249,"197,10,60"
4250,3
4251,"93,64,10"
4252,"296,169"
4253,"80,64,10"
4254,"80,10,64"
4255,"86,85,3"
4256,"486,131,40"
4257,"488,265,0"
4258,"361,271,0"
4259,"267,3,111"
4260,"235,8,0"
4261,"18,17,3"
4262,"188,4,3"
4263,"250,40,135"
4264,"86,85,3"
4265,"355,271,0"
4266,"435,4,3"
4267,"448,64,10"
4268,"282,111,3"
4269,"264,23,38"
4270,"205,11,10"
4271,"275,111,3"
4272,"18,17,3"
4273,"514,8,0"
4274,"39,23,38"
4275,"343,169,199"
4276,"171,170,199"
4277,"2,1,0"
4278,"187,21,3"
4279,"126,21,3"
4280,"393,53,3"
4281,"345,24,23"
4282,"43,24,23"
4283,"343,169,199"
4284,"241,40,131"
4285,"251,337,296"
4286,"96,31,23"
4287,"185,184,40"
4288,"220,10"
4289,"221,220,10"
4290,"25,24,23"
4291,"118,23,74"
4292,"444,271,0"
4293,"71,24,38"
4294,"41,40"
4295,"130,128,40"
4296,"308,8,0"
4297,"285,8,0"
4298,"139,40"
4299,"402,145,40"
4300,"80,10,64"
4301,"170,169"
4302,"138,135,40"
4303,"181,145,40"
4304,"406,131,40"
4305,"205,10,11"
4306,"11,10"
4307,"514,8,0"
4308,"83,54,10"
4309,"43,24,23"
4310,"49,23,24"
4311,"259,311,426"
4312,"226,131,40"
4313,"315,160,40"
4314,"93,10,64"
4315,3
4316,"264,23,38"
4317,"231,26,23"
4318,"444,0,271"
4319,"84,23,74"
4320,"175,128,40"
4321,"286,40,41"
4322,"73,44,145"
4323,"309,23,38"
4324,"171,170,199"
4325,10
4326,"365,265,0"
4327,"346,313,0"
4328,"323,199,170"
4329,"139,40"
4330,"231,26,23"
4331,"99,53,3"
4332,"54,10"
4333,"33,21,3"
4334,"286,41,40"
4335,"382,169,199"
4336,"93,64,10"
4337,"115,21,3"
4338,"435,4,3"
4339,"401,3,13"
4340,"148,3,147"
4341,"137,23,38"
4342,"315,160,40"
4343,"368,40,184"
4344,"493,145,40"
4345,"19,3,4"
4346,"170,169"
4347,"11,10"
4348,"402,145,40"
4349,"48,21,3"
4350,"33,3,21"
4351,"448,64,10"
4352,"322,54,10"
4353,"118,23,74"
4354,"426,311,337"
4355,"323,199,170"
4356,"187,21,3"
4357,"138,135,40"
4358,"13,3"
4359,"185,184,40"
4360,"478,145,40"
4361,"171,170,199"
4362,"69,44,145"
4363,"380,216,0"
4364,"514,8,0"
4365,"151,40"
4366,"367,100,40"
4367,"96,31,23"
4368,"118,23,74"
4369,"456,271,0"
4370,"21,3"
4371,"430,3,53"
4372,"72,44,145"
4373,"118,23,74"
4374,"141,40,135"
4375,"48,21,3"
4376,"420,296,169"
4377,"346,313,0"
4378,"42,41,40"
4379,"121,120,3"
4380,"19,4,3"
4381,"220,10"
4382,"129,128,40"
4383,"406,131,40"
4384,"115,21,3"
4385,"66,30,3"
4386,"93,64,10"
4387,"435,4,3"
4388,"220,10"
4389,"448,64,10"
4390,"315,160,40"
4391,"448,10,64"
4392,"39,23,38"
4393,"84,23,74"
4394,"291,271,0"
4395,"181,40,145"
4396,"220,10"
4397,"18,17,3"
4398,"175,128,40"
4399,"108,21,3"
4400,"89,26,23"
4401,"118,23,74"
4402,"406,131,40"
4403,"493,145,40"
4404,"264,23,38"
4405,"21,3"
4406,"82,38,23"
4407,"181,40,145"
4408,"259,311,426"
4409,"96,31,23"
4410,"240,23,38"
4411,"32,23,31"
4412,"311,169"
4413,"48,21,3"
4414,"194,128,145"
4415,"108,21,3"
4416,"142,131,40"
4417,"456,271,0"
4418,"323,170,199"
4419,"124,21,3"
4420,"92,10,60"
4421,"244,135,40"
4422,"124,21,3"
4423,"323,170,199"
4424,"206,8,0"
4425,"90,64,10"
4426,"456,271,0"
4427,"49,23,24"
4428,"83,54,10"
4429,"456,271,0"
4430,"187,21,3"
4431,"182,3,21"
4432,"72,44,145"
4433,"260,170,169"
4434,"163,162,40"
4435,"153,139,40"
4436,"430,53,3"
4437,"435,4,3"
4438,"438,0,265"
4439,"308,8,0"
4440,"216,0"
4441,"82,23,38"
4442,"160,40"
4443,"14,13,3"
4444,"206,8,0"
4445,"80,10,64"
4446,"80,10,64"
4447,"80,10,64"
4448,"142,40,131"
4449,"93,64,10"
4450,"15,3"
4451,"182,21,3"
4452,"323,199,170"
4453,"402,145,40"
4454,"221,220,10"
4455,"130,128,40"
4456,"202,111,3"
4457,"220,10"
4458,"456,271,0"
4459,"322,54,10"
4460,"80,64,10"
4461,"163,40,162"
4462,"220,10"
4463,"331,3,5"
4464,"239,10,60"
4465,"343,199,169"
4466,"187,21,3"
4467,"93,10,64"
4468,"315,40,160"
4469,"137,23,38"
4470,"506,13,3"
4471,"206,8,0"
4472,"206,8,0"
4473,"11,10"
4474,"21,3"
4475,"448,64,10"
4476,"171,170,199"
4477,"343,169,199"
4478,"286,41,40"
4479,"177,30,3"
4480,"456,271,0"
4481,"241,131,40"
4482,"334,160,40"
4483,"315,160,40"
4484,"279,249,0"
4485,"239,60,10"
4486,"85,3"
4487,"303,74,23"
4488,"81,3,30"
4489,"315,160,40"
4490,"448,64,10"
4491,"170,169"
4492,"279,249,0"
4493,"352,271,0"
4494,"458,277,0"
4495,"339,337,169"
4496,"455,271,0"
4497,"145,40"
4498,"368,40,184"
4499,"112,111,3"
4500,"456,271,0"
4501,"226,131,40"
4502,"198,111,3"
4503,"181,145,40"
4504,"459,169,170"
4505,"350,26,23"
4506,"49,24,23"
4507,"220,10"
4508,"438,0,265"
4509,"309,23,38"
4510,"177,30,3"
4511,"243,184,40"
4512,"430,53,3"
4513,"206,8,0"
4514,"334,160,40"
4515,"286,41,40"
4516,"315,160,40"
4517,"391,8,0"
4518,"486,131,40"
4519,"145,40"
4520,"130,128,40"
4521,"241,40,131"
4522,"240,23,38"
4523,"137,23,38"
4524,"82,23,38"
4525,"187,3,21"
4526,"279,249,0"
4527,"134,131,40"
4528,"353,271,0"
4529,"72,44,145"
4530,"19,4,3"
4531,"33,21,3"
4532,"241,131,40"
4533,"206,8,0"
4534,"205,11,10"
4535,"99,3,53"
4536,"340,265,0"
4537,"93,64,10"
4538,"402,145,40"
4539,"315,160,40"
4540,"220,10"
4541,"187,3,21"
4542,"315,160,40"
4543,"508,169,426"
4544,"258,31,23"
4545,"86,85,3"
4546,"48,21,3"
4547,"315,160,40"
4548,"42,41,40"
4549,"194,145,128"
4550,"227,3,30"
4551,"49,23,24"
4552,"93,64,10"
4553,"165,23,74"
4554,"436,169,170"
4555,"54,10"
4556,"264,38,23"
4557,"320,17,3"
4558,"385,5,3"
4559,"264,23,38"
4560,"100,40"
4561,"241,131,40"
4562,"80,64,10"
4563,"148,3,147"
4564,"205,11,10"
4565,"315,160,40"
4566,"478,145,40"
4567,"456,271,0"
4568,"247,160,40"
4569,"228,5,3"
4570,"43,24,23"
4571,"234,60,21"
4572,"187,21,3"
4573,"323,170,199"
4574,"80,10,64"
4575,"115,21,3"
4576,"221,10,220"
4577,"448,10,64"
4578,"514,8,0"
4579,"187,21,3"
4580,"243,184,40"
4581,"89,26,23"
4582,"311,426,337"
4583,"137,23,38"
4584,"187,21,3"
4585,"94,38,23"
4586,"15,3"
4587,"73,44,145"
4588,"108,3,21"
4589,"464,277,1"
4590,"350,23,26"
4591,"447,3,34"
4592,"207,28,3"
4593,"184,40"
4594,"62,24,23"
4595,"340,265,0"
4596,"311,169"
4597,"231,23,26"
4598,"187,21,3"
4599,"100,40"
4600,"221,220,10"
4601,"438,265,0"
4602,"101,100,40"
4603,"468,145,44"
4604,"43,24,23"
4605,"186,128,40"
4606,"315,160,40"
4607,"348,0,255"
4608,"74,23"
4609,"498,0,288"
4610,"127,21,3"
4611,"459,170,169"
4612,"348,255,0"
4613,"238,4,3"
4614,"337,169"
4615,"430,3,53"
4616,"376,0,265"
4617,"134,131,40"
4618,"371,296,169"
4619,"402,145,40"
4620,"226,131,40"
4621,"181,145,40"
4622,"456,271,0"
4623,"33,21,3"
4624,"241,40,131"
4625,"51,3"
4626,"181,145,40"
4627,"447,3,34"
4628,"416,53,3"
4629,"12,11,10"
4630,"93,64,10"
4631,"175,128,40"
4632,"62,23,24"
4633,"448,64,10"
4634,"187,3,21"
4635,"282,3,111"
4636,"315,160,40"
4637,"423,160,40"
4638,"226,131,40"
4639,"350,23,26"
4640,"66,30,3"
4641,"124,21,3"
4642,"115,21,3"
4643,"77,31,23"
4644,"48,21,3"
4645,"93,64,10"
4646,"137,23,38"
4647,"339,337,169"
4648,"323,170,199"
4649,"21,3"
4650,"220,10"
4651,"241,40,131"
4652,"281,199,169"
4653,"528,169,311"
4654,"239,60,10"
4655,"180,120,3"
4656,"311,169"
4657,"11,10"
4658,"89,26,23"
4659,"484,0,255"
4660,"27,26,23"
4661,"371,169,296"
4662,"48,21,3"
4663,"315,160,40"
4664,"146,145,40"
4665,"234,60,21"
4666,"146,145,40"
4667,"228,3,5"
4668,"355,271,0"
4669,"89,26,23"
4670,"343,169,199"
4671,"155,139,40"
4672,"455,271,0"
4673,"62,23,24"
4674,"187,21,3"
4675,"129,128,40"
4676,"199,169"
4677,"170,169"
4678,"224,41,40"
4679,"350,26,23"
4680,"92,60,10"
4681,"325,53,3"
4682,"170,169"
4683,"259,311,426"
4684,"182,21,3"
4685,"80,64,10"
4686,169
4687,"57,5,3"
4688,"254,216,0"
4689,"302,160,40"
4690,"457,0,218"
4691,"425,265,0"
4692,"187,21,3"
4693,"182,3,21"
4694,"240,23,38"
4695,"137,23,38"
4696,"7,4,3"
4697,"194,128,145"
4698,"71,24,38"
4699,"448,64,10"
4700,"171,170,199"
4701,"420,169,296"
4702,"33,21,3"
4703,"220,10"
4704,"32,31,23"
4705,"462,255,0"
4706,"33,21,3"
4707,"406,40,131"
4708,"428,296,169"
4709,"248,170,199"
4710,"2,1,0"
4711,"220,10"
4712,"448,64,10"
4713,"106,105,23"
4714,"440,23,38"
4715,"349,265,0"
4716,"80,64,10"
4717,"456,271,0"
4718,"334,160,40"
4719,"490,265,0"
4720,"240,23,38"
4721,"431,135,40"
4722,"308,8,0"
4723,"307,23,74"
4724,"254,216,0"
4725,"129,128,40"
4726,"74,23"
4727,"19,4,3"
4728,"401,13,3"
4729,"18,17,3"
4730,"187,21,3"
4731,"301,3,21"
4732,"188,3,4"
4733,"44,145,40"
4734,"220,10"
4735,"61,60,10"
4736,"108,21,3"
4737,"85,3"
4738,"171,170,199"
4739,"221,10,220"
4740,"472,111,3"
4741,"287,53,3"
4742,"187,21,3"
4743,"436,169,170"
4744,3
4745,"316,30,3"
4746,"388,3,111"
4747,"368,184,40"
4748,"247,160,40"
4749,"54,10"
4750,"220,10"
4751,"348,255,0"
4752,"96,31,23"
4753,"199,169"
4754,"185,184,40"
4755,"257,216,0"
4756,"306,296,169"
4757,"235,8,0"
4758,"21,3"
4759,"202,3,111"
4760,"237,34,3"
4761,"148,147,3"
4762,"187,21,3"
4763,"382,199,169"
4764,"163,162,40"
4765,"182,21,3"
4766,"162,40"
4767,"205,10,11"
4768,"69,44,145"
4769,"354,216,0"
4770,"334,160,40"
4771,"108,21,3"
4772,"54,10"
4773,"182,3,21"
4774,"52,3,51"
4775,"187,21,3"
4776,"187,21,3"
4777,"234,21,60"
4778,"456,271,0"
4779,"220,10"
4780,"300,296,169"
4781,"80,10,64"
4782,"454,31,23"
4783,"448,64,10"
4784,"187,21,3"
4785,"188,3,4"
4786,"87,23,38"
4787,"228,5,3"
4788,"237,34,3"
4789,"350,26,23"
4790,"402,145,40"
4791,"108,21,3"
4792,"206,8,0"
4793,"175,128,40"
4794,"238,4,3"
4795,"221,10,220"
4796,"372,255,0"
4797,"202,3,111"
4798,"456,271,0"
4799,"459,170,169"
4800,"315,160,40"
4801,"204,3,13"
4802,"220,10"
4803,"286,41,40"
4804,"343,199,169"
4805,"108,21,3"
4806,"342,271,0"
4807,"523,3,53"
4808,"118,23,74"
4809,"80,10,64"
4810,"376,265,0"
4811,"244,40,135"
4812,"85,3"
4813,"61,60,10"
4814,"49,24,23"
4815,"448,64,10"
4816,"300,296,169"
4817,"438,0,265"
4818,"25,24,23"
4819,"187,3,21"
4820,"311,337,426"
4821,"206,8,0"
4822,"18,17,3"
4823,"72,145,44"
4824,"122,3,13"
4825,"32,23,31"
4826,"69,44,145"
4827,"221,10,220"
4828,"128,40"
4829,"127,21,3"
4830,"54,10"
4831,"457,0,218"
4832,"206,8,0"
4833,"226,131,40"
4834,"457,0,218"
4835,"148,147,3"
4836,"80,64,10"
4837,"146,145,40"
4838,"18,17,3"
4839,"102,21,3"
4840,"251,337,296"
4841,"259,311,426"
4842,"115,21,3"
4843,"71,24,38"
4844,"264,23,38"
4845,"379,3,21"
4846,"148,3,147"
4847,"221,220,10"
4848,"187,21,3"
4849,"402,145,40"
4850,"206,8,0"
4851,"289,288,0"
4852,"194,128,145"
4853,"283,23,74"
4854,"384,265,0"
4855,"43,24,23"
4856,"129,128,40"
4857,"220,10"
4858,"49,23,24"
4859,"221,220,10"
4860,"187,3,21"
4861,"93,10,64"
4862,"334,160,40"
4863,"343,169,199"
4864,"115,21,3"
4865,"129,128,40"
4866,"49,24,23"
4867,"148,3,147"
4868,"32,23,31"
4869,"363,271,0"
4870,"448,64,10"
4871,"170,169"
4872,"221,10,220"
4873,"431,135,40"
4874,"182,21,3"
4875,"182,3,21"
4876,"320,17,3"
4877,"254,216,0"
4878,"126,21,3"
4879,"285,0,8"
4880,"454,31,23"
4881,"137,23,38"
4882,"220,10"
4883,"53,3"
4884,"346,313,0"
4885,"175,128,40"
4886,"33,21,3"
4887,"325,3,53"
4888,"528,169,311"
4889,"259,311,426"
4890,"205,10,11"
4891,"323,199,170"
4892,"301,3,21"
4893,"311,337,426"
4894,"95,54,10"
4895,"206,8,0"
4896,"54,10"
4897,"430,53,3"
4898,"21,3"
4899,"42,41,40"
4900,"108,21,3"
4901,"205,11,10"
4902,"420,296,169"
4903,"171,170,199"
4904,"315,160,40"
4905,"259,311,426"
4906,"80,64,10"
4907,"455,271,0"
4908,3
4909,"332,3,53"
4910,"137,23,38"
4911,"283,74,23"
4912,"200,311,337"
4913,"43,24,23"
4914,"448,64,10"
4915,"182,21,3"
4916,"221,220,10"
4917,"457,0,218"
4918,"80,64,10"
4919,"82,23,38"
4920,"204,3,13"
4921,"103,23,38"
4922,"80,64,10"
4923,"340,265,0"
4924,"110,53,3"
4925,"143,34,3"
4926,"448,64,10"
4927,"164,21,3"
4928,"11,10"
4929,"386,135,40"
4930,"185,184,40"
4931,"467,3,53"
4932,"186,128,40"
4933,"448,64,10"
4934,"221,220,10"
4935,"118,74,23"
4936,"220,10"
4937,"260,169,170"
4938,"315,160,40"
4939,"438,0,265"
4940,"69,44,145"
4941,"438,0,265"
4942,"405,8,0"
4943,"368,184,40"
4944,"49,24,23"
4945,"221,220,10"
4946,"195,128,40"
4947,"454,31,23"
4948,"315,160,40"
4949,"189,135,40"
4950,"282,111,3"
4951,"103,23,38"
4952,"206,8,0"
4953,"435,3,4"
4954,"77,31,23"
4955,"402,145,40"
4956,"220,10"
4957,"240,23,38"
4958,"93,10,64"
4959,"69,44,145"
4960,"259,311,426"
4961,"123,111,3"
4962,"133,5,3"
4963,"382,169,199"
4964,"425,265,0"
4965,"417,296,169"
4966,"69,44,145"
4967,"354,216,0"
4968,"430,53,3"
4969,"220,10"
4970,"240,23,38"
4971,"220,10"
4972,"220,10"
4973,"224,41,40"
4974,"238,4,3"
4975,"80,10,64"
4976,"115,21,3"
4977,"108,3,21"
4978,"118,23,74"
4979,"354,216,0"
4980,"444,0,271"
4981,"221,10,220"
4982,"311,169"
4983,"244,40,135"
4984,"187,21,3"
4985,"204,3,13"
4986,"118,23,74"
4987,"241,40,131"
4988,"216,0"
4989,"241,131,40"
4990,"303,23,74"
4991,"221,10,220"
4992,3
4993,"467,53,3"
4994,"224,41,40"
4995,"448,64,10"
4996,"180,120,3"
4997,"249,0"
4998,"221,220,10"
4999,"93,10,64"
5000,"493,145,40"
5001,3
5002,"187,21,3"
5003,"315,160,40"
5004,"115,21,3"
5005,"448,64,10"
5006,"89,26,23"
5007,"329,170,169"
5008,"315,160,40"
5009,"25,23,24"
5010,"249,0"
5011,"272,271,0"
5012,"402,145,40"
5013,"183,4,3"
5014,"448,10,64"
5015,"93,64,10"
5016,"93,10,64"
5017,"238,4,3"
5018,"248,199,170"
5019,"170,169"
5020,"138,135,40"
5021,"221,10,220"
5022,"448,64,10"
5023,"80,64,10"
5024,"97,5,3"
5025,"311,337,426"
5026,"346,313,0"
5027,"286,41,40"
5028,"182,3,21"
5029,"423,160,40"
5030,"355,271,0"
5031,"435,4,3"
5032,"138,135,40"
5033,"436,169,170"
5034,"326,105,23"
5035,"514,8,0"
5036,"180,3,120"
5037,"411,296,169"
5038,"311,337,426"
5039,"406,131,40"
5040,"54,10"
5041,"448,64,10"
5042,"231,23,26"
5043,"448,10,64"
5044,"93,10,64"
5045,"129,128,40"
5046,"148,147,3"
5047,"286,41,40"
5048,"71,38,24"
5049,"108,3,21"
5050,"263,34,3"
5051,"185,184,40"
5052,"131,40"
5053,"15,3"
5054,"118,23,74"
5055,"174,3,4"
5056,"448,64,10"
5057,"160,40"
5058,"402,145,40"
5059,"311,169"
5060,"99,3,53"
5061,"108,3,21"
5062,"170,169"
5063,"194,128,145"
5064,"291,271,0"
5065,"331,5,3"
5066,"488,265,0"
5067,"238,3,4"
5068,"226,131,40"
5069,"238,4,3"
5070,"340,265,0"
5071,10
5072,"264,23,38"
5073,"250,135,40"
5074,"187,21,3"
5075,"182,21,3"
5076,"108,21,3"
5077,"325,53,3"
5078,"220,10"
5079,"186,128,40"
5080,"448,64,10"
5081,"220,10"
5082,"165,23,74"
5083,"337,311,426"
5084,"493,145,40"
5085,"115,21,3"
5086,"185,184,40"
5087,"18,17,3"
5088,"142,131,40"
5089,"182,21,3"
5090,"259,311,426"
5091,"493,145,40"
5092,"221,220,10"
5093,"220,10"
5094,"221,10,220"
5095,"71,38,24"
5096,"11,10"
5097,"80,10,64"
5098,"291,271,0"
5099,"73,44,145"
5100,"300,296,169"
5101,"129,128,40"
5102,"170,169"
5103,"163,162,40"
5104,"82,23,38"
5105,"259,311,426"
5106,"187,21,3"
5107,"187,3,21"
5108,"32,31,23"
5109,"17,3"
5110,"316,3,30"
5111,"49,24,23"
5112,"148,3,147"
5113,"16,15,3"
5114,"33,21,3"
5115,"322,54,10"
5116,"251,337,296"
5117,"484,255,0"
5118,"268,3,120"
5119,3
5120,"182,3,21"
5121,"54,10"
5122,"215,41,40"
5123,"108,21,3"
5124,"90,64,10"
5125,"80,64,10"
5126,"241,40,131"
5127,"382,199,169"
5128,"406,131,40"
5129,"129,128,40"
5130,"220,10"
5131,"84,23,74"
5132,"175,128,40"
5133,"221,220,10"
5134,"402,145,40"
5135,"240,23,38"
5136,"155,139,40"
5137,"263,34,3"
5138,"206,8,0"
5139,"434,0,1"
5140,"69,44,145"
5141,"448,64,10"
5142,"448,64,10"
5143,"171,170,199"
5144,"346,313,0"
5145,"367,100,40"
5146,"382,199,169"
5147,"402,145,40"
5148,"254,216,0"
5149,"21,3"
5150,"448,10,64"
5151,"238,3,4"
5152,"448,64,10"
5153,"141,135,40"
5154,"11,10"
5155,"80,10,64"
5156,"187,21,3"
5157,"340,265,0"
5158,"187,21,3"
5159,"106,105,23"
5160,"182,21,3"
5161,"187,21,3"
5162,"343,169,199"
5163,"221,220,10"
5164,"311,426,337"
5165,"256,255,0"
5166,"454,31,23"
5167,"18,17,3"
5168,"220,10"
5169,"219,30,3"
5170,"369,208,0"
5171,"129,128,40"
5172,"33,21,3"
5173,"474,111,3"
5174,"72,145,44"
5175,"68,53,3"
5176,"180,3,120"
5177,"281,169,199"
5178,"508,169,426"
5179,"80,10,64"
5180,"11,10"
5181,"497,0,288"
5182,"221,10,220"
5183,"231,26,23"
5184,"69,44,145"
5185,"240,23,38"
5186,"187,21,3"
5187,"118,23,74"
5188,"228,5,3"
5189,"153,139,40"
5190,"115,21,3"
5191,"251,337,296"
5192,"402,145,40"
5193,"80,64,10"
5194,"187,21,3"
5195,"49,24,23"
5196,"72,44,145"
5197,"9,8,0"
5198,"315,160,40"
5199,"77,31,23"
5200,"391,8,0"
5201,"17,3"
5202,"129,128,40"
5203,"240,23,38"
5204,"232,23,38"
5205,"182,21,3"
5206,"108,21,3"
5207,"301,21,3"
5208,"206,8,0"
5209,"340,265,0"
5210,"418,265,0"
5211,"54,10"
5212,"259,311,426"
5213,"149,41,40"
5214,"182,21,3"
5215,"402,145,40"
5216,"402,145,40"
5217,"171,170,199"
5218,"323,199,170"
5219,"430,53,3"
5220,"258,31,23"
5221,"34,3"
5222,"402,145,40"
5223,"240,23,38"
5224,"128,40"
5225,"508,169,426"
5226,"350,23,26"
5227,"448,10,64"
5228,"27,26,23"
5229,"11,10"
5230,"346,313,0"
5231,"280,271,255"
5232,"108,21,3"
5233,"102,21,3"
5234,"129,128,40"
5235,"44,145,40"
5236,"199,169"
5237,"459,170,169"
5238,"80,10,64"
5239,"343,199,169"
5240,"11,10"
5241,"284,3,111"
5242,"89,23,26"
5243,"220,10"
5244,"137,23,38"
5245,"124,21,3"
5246,"431,135,40"
5247,"19,4,3"
5248,"170,169"
5249,"131,40"
5250,"134,40,131"
5251,"74,23"
5252,"48,21,3"
5253,"256,255,0"
5254,"32,23,31"
5255,"346,313,0"
5256,"259,311,426"
5257,"145,40"
5258,"456,271,0"
5259,"206,8,0"
5260,"240,23,38"
5261,"243,184,40"
5262,"181,40,145"
5263,"308,8,0"
5264,"25,24,23"
5265,"220,10"
5266,"278,277,0"
5267,"448,64,10"
5268,"238,4,3"
5269,"108,21,3"
5270,"456,271,0"
5271,"420,169,296"
5272,"72,44,145"
5273,"494,184,40"
5274,"466,40,131"
5275,"328,31,23"
5276,"206,8,0"
5277,"27,26,23"
5278,"195,40,128"
5279,"108,21,3"
5280,"89,26,23"
5281,"264,38,23"
5282,"96,31,23"
5283,"317,74,23"
5284,"457,0,218"
5285,"127,21,3"
5286,"187,3,21"
5287,"115,21,3"
5288,"30,3"
5289,"160,40"
5290,"21,3"
5291,"401,3,13"
5292,"406,131,40"
5293,"366,271,0"
5294,"231,23,26"
5295,"508,169,426"
5296,"163,162,40"
5297,"376,265,0"
5298,"91,38,23"
5299,"220,10"
5300,"43,24,23"
5301,"80,10,64"
5302,"514,8,0"
5303,"43,24,23"
5304,"80,64,10"
5305,"209,208,0"
5306,"263,34,3"
5307,"163,162,40"
5308,"145,40"
5309,"80,64,10"
5310,"404,111,3"
5311,"11,10"
5312,"334,160,40"
5313,"231,26,23"
5314,"488,265,0"
5315,"73,44,145"
5316,"249,0"
5317,"115,21,3"
5318,"425,265,0"
5319,"447,3,34"
5320,"96,31,23"
5321,"226,131,40"
5322,"263,34,3"
5323,"308,8,0"
5324,"478,145,40"
5325,"189,135,40"
5326,"112,111,3"
5327,"311,337,426"
5328,"320,17,3"
5329,"91,23,38"
5330,"334,160,40"
5331,"466,131,40"
5332,"326,105,23"
5333,3
5334,"138,135,40"
5335,"112,111,3"
5336,"343,199,169"
5337,"32,23,31"
5338,"171,170,199"
5339,"159,40,131"
5340,"171,170,199"
5341,"311,169"
5342,"164,21,3"
5343,"340,265,0"
5344,"54,10"
5345,"418,0,265"
5346,"80,10,64"
5347,"350,23,26"
5348,"456,271,0"
5349,"325,53,3"
5350,"420,296,169"
5351,"21,3"
5352,40
5353,"214,213,0"
5354,"322,54,10"
5355,"134,131,40"
5356,"300,296,169"
5357,"91,38,23"
5358,"238,4,3"
5359,"49,23,24"
5360,"457,0,218"
5361,"21,3"
5362,"250,135,40"
5363,"86,85,3"
5364,"11,10"
5365,3
5366,"148,3,147"
5367,"459,169,170"
5368,"343,169,199"
5369,"500,21,3"
5370,"52,51,3"
5371,"80,10,64"
5372,"328,31,23"
5373,"340,265,0"
5374,"448,64,10"
5375,"226,40,131"
5376,"281,199,169"
5377,"340,265,0"
5378,"174,4,3"
5379,"95,54,10"
5380,"106,105,23"
5381,"186,40,128"
5382,"220,10"
5383,"291,271,0"
5384,"286,40,41"
5385,"456,271,0"
5386,"96,31,23"
5387,"168,17,3"
5388,"72,44,145"
5389,"376,265,0"
5390,"54,10"
5391,"93,10,64"
5392,"530,296,169"
5393,"187,3,21"
5394,"402,145,40"
5395,"25,24,23"
5396,"107,23,38"
5397,"391,8,0"
5398,"399,265,0"
5399,"231,26,23"
5400,"48,21,3"
5401,"448,64,10"
5402,"419,10,11"
5403,"149,40,41"
5404,"340,265,0"
5405,"241,40,131"
5406,"186,128,40"
5407,"346,313,0"
5408,"382,199,169"
5409,"33,3,21"
5410,"384,265,0"
5411,"420,296,169"
5412,"251,337,296"
5413,"448,64,10"
5414,"199,169"
5415,"83,54,10"
5416,"325,53,3"
5417,"204,13,3"
5418,"11,10"
5419,"291,271,0"
5420,"18,17,3"
5421,"187,21,3"
5422,"187,21,3"
5423,"187,3,21"
5424,"93,10,64"
5425,"170,169"
5426,"202,3,111"
5427,"49,23,24"
5428,"448,64,10"
5429,"220,10"
5430,"447,34,3"
5431,"4,3"
5432,"309,23,38"
5433,"509,0,218"
5434,"235,8,0"
5435,"448,64,10"
5436,"250,40,135"
5437,"391,8,0"
5438,"444,0,271"
5439,"146,145,40"
5440,"350,23,26"
5441,"287,53,3"
5442,"327,8,0"
5443,"206,8,0"
5444,"282,111,3"
5445,"145,40"
5446,"469,288,0"
5447,"115,21,3"
5448,"376,0,265"
5449,"185,184,40"
5450,"239,60,10"
5451,"187,21,3"
5452,"300,296,169"
5453,"187,21,3"
5454,"355,0,271"
5455,"194,145,128"
5456,"455,271,0"
5457,"187,21,3"
5458,"258,31,23"
5459,"17,3"
5460,"148,3,147"
5461,"43,24,23"
5462,"140,139,40"
5463,"108,21,3"
5464,"263,3,34"
5465,"355,0,271"
5466,"488,265,0"
5467,"459,170,169"
5468,"43,24,23"
5469,"456,271,0"
5470,"231,26,23"
5471,"171,170,199"
5472,"416,53,3"
5473,"276,265,0"
5474,"457,0,218"
5475,"148,3,147"
5476,"435,3,4"
5477,"448,64,10"
5478,"402,145,40"
5479,"452,296,169"
5480,"259,311,426"
5481,"123,111,3"
5482,"171,170,199"
5483,"425,265,0"
5484,"68,53,3"
5485,"306,296,169"
5486,"366,271,0"
5487,"384,265,0"
5488,"32,31,23"
5489,"306,296,169"
5490,"164,21,3"
5491,"448,64,10"
5492,3
5493,"448,10,64"
5494,"227,3,30"
5495,"355,271,0"
5496,"129,128,40"
5497,"27,26,23"
5498,"168,17,3"
5499,"14,13,3"
5500,"12,11,10"
5501,"80,64,10"
5502,"345,23,24"
5503,"448,64,10"
5504,23
5505,"406,131,40"
5506,"377,0,218"
5507,"376,0,265"
5508,"340,265,0"
5509,"448,10,64"
5510,"315,160,40"
5511,"187,21,3"
5512,"138,135,40"
5513,"187,3,21"
5514,"25,24,23"
5515,"264,23,38"
5516,"142,131,40"
5517,"448,64,10"
5518,"406,40,131"
5519,"108,21,3"
5520,"80,64,10"
5521,"350,26,23"
5522,"105,23"
5523,"108,3,21"
5524,"220,10"
5525,"100,40"
5526,"328,31,23"
5527,"230,229,0"
5528,"119,111,3"
5529,"72,44,145"
5530,"388,3,111"
5531,"72,44,145"
5532,"137,23,38"
5533,"343,199,169"
5534,"325,53,3"
5535,"458,0,277"
5536,"506,13,3"
5537,"187,3,21"
5538,"493,145,40"
5539,"11,10"
5540,"80,64,10"
5541,"181,40,145"
5542,"187,3,21"
5543,"426,337,311"
5544,"71,24,38"
5545,"267,111,3"
5546,"181,145,40"
5547,"187,3,21"
5548,"153,139,40"
5549,"221,10,220"
5550,"374,169,199"
5551,"138,135,40"
5552,"455,271,0"
5553,"187,21,3"
5554,"469,288,0"
5555,"80,64,10"
5556,"401,13,3"
5557,"91,38,23"
5558,"349,265,0"
5559,"308,8,0"
5560,"148,3,147"
5561,"125,111,3"
5562,"12,10,11"
5563,"220,10"
5564,"43,24,23"
5565,"444,271,0"
5566,"73,44,145"
5567,"337,169"
5568,"228,3,5"
5569,"224,41,40"
5570,"221,220,10"
5571,"43,24,23"
5572,"170,169"
5573,"187,21,3"
5574,"124,21,3"
5575,"209,208,0"
5576,"171,170,199"
5577,"415,265,0"
5578,"457,0,218"
5579,"220,10"
5580,"130,128,40"
5581,"109,11,10"
5582,"100,40"
5583,"189,135,40"
5584,"159,131,40"
5585,"72,145,44"
5586,"138,135,40"
5587,"220,10"
5588,"130,128,40"
5589,"201,41,40"
5590,"456,271,0"
5591,"107,23,38"
5592,"226,131,40"
5593,"315,160,40"
5594,"221,220,10"
5595,"89,26,23"
5596,"291,271,0"
5597,"300,296,169"
5598,"382,199,169"
5599,"456,271,0"
5600,"113,28,3"
5601,"72,44,145"
5602,"21,3"
5603,"89,26,23"
5604,"87,23,38"
5605,"67,44,145"
5606,"221,220,10"
5607,"273,265,0"
5608,"220,10"
5609,"181,145,40"
5610,"19,3,4"
5611,"348,255,0"
5612,"340,265,0"
5613,"187,3,21"
5614,"444,271,0"
5615,"56,15,17"
5616,"239,10,60"
5617,"340,265,0"
5618,"514,8,0"
5619,"228,3,5"
5620,"93,10,64"
5621,"221,220,10"
5622,"346,313,0"
5623,"273,0,265"
5624,"456,271,0"
5625,"488,265,0"
5626,"80,10,64"
5627,"199,169"
5628,"241,131,40"
5629,"372,255,0"
5630,"96,31,23"
5631,"290,31,23"
5632,"195,128,40"
5633,"259,311,426"
5634,"459,170,169"
5635,"80,64,10"
5636,"171,170,199"
5637,"89,26,23"
5638,"205,11,10"
5639,"339,337,169"
5640,"128,40"
5641,"456,271,0"
5642,"402,145,40"
5643,"241,131,40"
5644,"143,34,3"
5645,"355,271,0"
5646,"283,74,23"
5647,"448,64,10"
5648,"245,31,23"
5649,"82,23,38"
5650,"367,100,40"
5651,"428,296,169"
5652,"397,313,0"
5653,"240,23,38"
5654,"435,4,3"
5655,"346,313,0"
5656,"187,21,3"
5657,"41,40"
5658,"16,15,3"
5659,"115,21,3"
5660,"315,160,40"
5661,"80,10,64"
5662,"146,145,40"
5663,"231,26,23"
5664,"363,271,0"
5665,"362,271,0"
5666,"139,40"
5667,"140,139,40"
5668,"118,23,74"
5669,"402,145,40"
5670,"340,265,0"
5671,"448,64,10"
5672,"80,64,10"
5673,"241,131,40"
5674,"448,64,10"
5675,"472,3,111"
5676,"382,169,199"
5677,"413,277,1"
5678,"118,74,23"
5679,"187,21,3"
5680,"209,208,0"
5681,"54,10"
5682,"108,21,3"
5683,"80,10,64"
5684,"149,41,40"
5685,"518,28,3"
5686,"187,21,3"
5687,"69,44,145"
5688,"438,265,0"
5689,"396,40,395"
5690,"448,64,10"
5691,"334,160,40"
5692,"499,296,169"
5693,23
5694,"231,26,23"
5695,"231,23,26"
5696,"20,13,3"
5697,"238,4,3"
5698,"384,265,0"
5699,"203,147,3"
5700,"302,160,40"
5701,"371,296,169"
5702,"21,3"
5703,"448,10,64"
5704,"448,10,64"
5705,"187,21,3"
5706,"16,15,3"
5707,"185,184,40"
5708,"259,311,426"
5709,"247,160,40"
5710,"181,145,40"
5711,"514,8,0"
5712,"355,271,0"
5713,"220,10"
5714,40
5715,"457,0,218"
5716,169
5717,"12,11,10"
5718,"275,111,3"
5719,"241,131,40"
5720,"134,131,40"
5721,"108,21,3"
5722,"221,220,10"
5723,"134,40,131"
5724,"448,10,64"
5725,"523,53,3"
5726,"366,271,0"
5727,"331,3,5"
5728,"187,3,21"
5729,"25,23,24"
5730,"323,199,170"
5731,"522,271,0"
5732,"170,169"
5733,"382,199,169"
5734,"146,145,40"
5735,"325,53,3"
5736,"308,8,0"
5737,"328,31,23"
5738,"200,337,311"
5739,"323,199,170"
5740,"435,4,3"
5741,"49,23,24"
5742,"221,220,10"
5743,"112,111,3"
5744,"349,265,0"
5745,"33,21,3"
5746,"448,64,10"
5747,"245,31,23"
5748,"54,10"
5749,"80,64,10"
5750,"221,220,10"
5751,"315,160,40"
5752,"138,135,40"
5753,"493,145,40"
5754,"324,40,41"
5755,"448,10,64"
5756,"199,169"
5757,"14,13,3"
5758,"315,160,40"
5759,"343,169,199"
5760,"220,10"
5761,"226,131,40"
5762,"238,3,4"
5763,"80,10,64"
5764,"176,4,3"
5765,"182,21,3"
5766,"61,60,10"
5767,"224,41,40"
5768,"457,0,218"
5769,"259,311,426"
5770,"182,3,21"
5771,"350,26,23"
5772,"137,23,38"
5773,"323,199,170"
5774,"48,21,3"
5775,"95,54,10"
5776,"44,145,40"
5777,"182,3,21"
5778,"324,41,40"
5779,"126,21,3"
5780,"313,0"
5781,"194,128,145"
5782,"402,145,40"
5783,"153,139,40"
5784,"334,160,40"
5785,"247,160,40"
5786,"343,199,169"
5787,"220,10"
5788,"175,128,40"
5789,"460,296,169"
5790,"514,8,0"
5791,"193,131,40"
5792,"90,64,10"
5793,"401,13,3"
5794,"205,10,11"
5795,"263,34,3"
5796,169
5797,"80,10,64"
5798,"251,337,296"
5799,"84,23,74"
5800,"72,44,145"
5801,"315,160,40"
5802,"91,23,38"
5803,"43,24,23"
5804,"290,23,31"
5805,"458,0,277"
5806,"438,265,0"
5807,"485,313,0"
5808,"268,3,120"
5809,"346,313,0"
5810,"419,11,10"
5811,"16,15,3"
5812,"259,311,426"
5813,"187,21,3"
5814,"458,277,0"
5815,"376,0,265"
5816,"176,4,3"
5817,"406,40,131"
5818,"1,0"
5819,"343,199,169"
5820,"220,10"
5821,"410,8,0"
5822,"280,271,255"
5823,"345,24,23"
5824,"11,10"
5825,"241,131,40"
5826,"345,23,24"
5827,"325,53,3"
5828,"221,220,10"
5829,"181,40,145"
5830,"1,0"
5831,"108,3,21"
5832,"478,145,40"
5833,"231,26,23"
5834,"381,357,0"
5835,"129,128,40"
5836,"19,4,3"
5837,"326,105,23"
5838,"187,21,3"
5839,"220,10"
5840,"241,131,40"
5841,"302,160,40"
5842,"69,44,145"
5843,"199,169"
5844,"187,3,21"
5845,"346,313,0"
5846,"33,21,3"
5847,"300,296,169"
5848,"369,208,0"
5849,"337,311,426"
5850,"493,145,40"
5851,"448,64,10"
5852,"63,23,38"
5853,"275,3,111"
5854,"237,34,3"
5855,40
5856,"457,0,218"
5857,"466,40,131"
5858,"18,17,3"
5859,"484,0,255"
5860,"93,10,64"
5861,"264,23,38"
5862,"80,10,64"
5863,"375,4,3"
5864,"402,145,40"
5865,"185,184,40"
5866,"82,23,38"
5867,"220,10"
5868,"181,145,40"
5869,"133,5,3"
5870,"85,3"
5871,"311,337,426"
5872,"181,145,40"
5873,"72,44,145"
5874,"263,3,34"
5875,"226,131,40"
5876,"199,169"
5877,"32,23,31"
5878,"2,1,0"
5879,"194,145,128"
5880,"315,160,40"
5881,"48,21,3"
5882,"131,40"
5883,"259,311,426"
5884,"82,23,38"
5885,"280,271,255"
5886,"221,10,220"
5887,"12,10,11"
5888,"49,24,23"
5889,"163,162,40"
5890,"80,10,64"
5891,"85,3"
5892,"366,271,0"
5893,"21,3"
5894,"49,24,23"
5895,"418,265,0"
5896,"187,21,3"
5897,"435,4,3"
5898,"168,17,3"
5899,"247,160,40"
5900,"131,40"
5901,"431,135,40"
5902,"459,170,169"
5903,"69,44,145"
5904,"107,23,38"
5905,"66,3,30"
5906,"11,10"
5907,"315,160,40"
5908,"343,169,199"
5909,"93,10,64"
5910,"212,211,216"
5911,"138,135,40"
5912,"402,145,40"
5913,"139,40"
5914,"514,8,0"
5915,"25,23,24"
5916,"226,131,40"
5917,"368,40,184"
5918,"77,31,23"
5919,"293,85,3"
5920,"69,44,145"
5921,"382,199,169"
5922,"354,216,0"
5923,"43,24,23"
5924,"438,265,0"
5925,"190,3,28"
5926,"80,64,10"
5927,"320,17,3"
5928,"48,21,3"
5929,"238,4,3"
5930,"384,265,0"
5931,"62,24,23"
5932,"448,64,10"
5933,"21,3"
5934,"227,3,30"
5935,"329,169,170"
5936,"509,0,218"
5937,"478,145,40"
5938,"318,105,23"
5939,"315,160,40"
5940,"212,211,216"
5941,"448,64,10"
5942,"262,105,23"
5943,"221,220,10"
5944,"176,4,3"
5945,"316,30,3"
5946,"107,23,38"
5947,"308,8,0"
5948,"221,220,10"
5949,"439,208,0"
5950,"402,145,40"
5951,"456,271,0"
5952,"240,23,38"
5953,"154,21,3"
5954,"315,160,40"
5955,"138,135,40"
5956,"33,3,21"
5957,"15,3"
5958,"36,35,3"
5959,"419,10,11"
5960,"263,34,3"
5961,"334,160,40"
5962,"187,3,21"
5963,"376,265,0"
5964,"203,147,3"
5965,"509,218,0"
5966,"406,131,40"
5967,"345,23,24"
5968,"16,15,3"
5969,"343,169,199"
5970,"448,64,10"
5971,"171,170,199"
5972,"323,170,199"
5973,"206,8,0"
5974,"187,21,3"
5975,"94,23,38"
5976,"189,135,40"
5977,"220,10"
5978,"187,3,21"
5979,"448,64,10"
5980,"391,8,0"
5981,"383,208,0"
5982,"304,216,0"
5983,"11,10"
5984,"231,26,23"
5985,"238,4,3"
5986,"149,41,40"
5987,"497,288,0"
5988,"231,26,23"
5989,"124,21,3"
5990,"187,21,3"
5991,"425,265,0"
5992,"212,211,216"
5993,"221,220,10"
5994,"145,40"
5995,"448,64,10"
5996,"19,3,4"
5997,"220,10"
5998,"331,5,3"
5999,"163,162,40"
6000,"181,40,145"
6001,"85,3"
6002,"376,0,265"
6003,"360,271,0"
6004,"511,313,0"
6005,"181,145,40"
6006,"241,131,40"
6007,"187,21,3"
6008,"187,21,3"
6009,"68,53,3"
6010,"80,64,10"
6011,"228,5,3"
6012,"80,64,10"
6013,"67,44,145"
6014,"108,21,3"
6015,"182,3,21"
6016,"321,271,0"
6017,"448,64,10"
6018,"425,265,0"
6019,"112,111,3"
6020,"323,199,170"
6021,"425,265,0"
6022,"206,8,0"
6023,"108,21,3"
6024,"369,208,0"
6025,"12,10,11"
6026,"21,3"
6027,"425,265,0"
6028,"33,21,3"
6029,40
6030,"187,3,21"
6031,"118,23,74"
6032,"348,0,255"
6033,"145,40"
6034,"301,21,3"
6035,"138,135,40"
6036,"402,145,40"
6037,"197,60,10"
6038,"231,26,23"
6039,"238,3,4"
6040,"315,160,40"
6041,"406,131,40"
6042,"305,3,21"
6043,"138,135,40"
6044,"279,249,0"
6045,"226,131,40"
6046,"220,10"
6047,"80,10,64"
6048,"44,145,40"
6049,"48,21,3"
6050,"382,169,199"
6051,"175,128,40"
6052,"221,10,220"
6053,"250,135,40"
6054,"496,40,395"
6055,"168,17,3"
6056,"187,21,3"
6057,"438,265,0"
6058,"414,10,60"
6059,"63,23,38"
6060,"315,160,40"
6061,"202,3,111"
6062,"406,131,40"
6063,"115,21,3"
6064,"417,169,296"
6065,"62,23,24"
6066,"104,30,3"
6067,"107,23,38"
6068,"343,199,169"
6069,"435,4,3"
6070,"4,3"
6071,"97,5,3"
6072,"291,271,0"
6073,"300,296,169"
6074,"300,169,296"
6075,"334,160,40"
6076,"72,44,145"
6077,"361,271,0"
6078,"406,131,40"
6079,"181,40,145"
6080,"376,265,0"
6081,"369,208,0"
6082,"354,216,0"
6083,"438,265,0"
6084,"231,23,26"
6085,"323,199,170"
6086,"315,160,40"
6087,"303,74,23"
6088,"49,24,23"
6089,"80,10,64"
6090,"93,64,10"
6091,"80,64,10"
6092,"323,199,170"
6093,"129,128,40"
6094,"77,31,23"
6095,"350,26,23"
6096,"305,21,3"
6097,"397,313,0"
6098,"174,4,3"
6099,"93,64,10"
6100,"206,8,0"
6101,"163,162,40"
6102,"448,64,10"
6103,"425,265,0"
6104,"263,34,3"
6105,"333,169,296"
6106,"471,208,0"
6107,"241,131,40"
6108,"72,44,145"
6109,"238,3,4"
6110,"61,60,10"
6111,"106,105,23"
6112,"155,139,40"
6113,"323,199,170"
6114,"220,10"
6115,"96,31,23"
6116,"449,271,0"
6117,"376,265,0"
6118,"354,216,0"
6119,"205,11,10"
6120,"206,8,0"
6121,"95,54,10"
6122,"325,53,3"
6123,"315,160,40"
6124,"187,21,3"
6125,"360,271,0"
6126,"126,21,3"
6127,"48,21,3"
6128,"324,41,40"
6129,"95,54,10"
6130,"48,21,3"
6131,"18,17,3"
6132,"48,21,3"
6133,"469,0,288"
6134,"80,10,64"
6135,"148,3,147"
6136,"80,10,64"
6137,"30,3"
6138,"133,5,3"
6139,"187,21,3"
6140,"108,21,3"
6141,"264,23,38"
6142,"93,10,64"
6143,"80,64,10"
6144,"80,64,10"
6145,"224,41,40"
6146,"44,145,40"
6147,"355,271,0"
6148,"143,34,3"
6149,"43,24,23"
6150,"108,21,3"
6151,"311,426,337"
6152,"259,311,426"
6153,"356,169,199"
6154,"96,31,23"
6155,"221,220,10"
6156,"290,31,23"
6157,"80,64,10"
6158,"96,31,23"
6159,40
6160,"346,313,0"
6161,"104,3,30"
6162,"315,160,40"
6163,"251,337,296"
6164,"311,169"
6165,"448,10,64"
6166,"170,169"
6167,"221,220,10"
6168,"83,54,10"
6169,"187,3,21"
6170,"19,4,3"
6171,"306,296,169"
6172,"21,3"
6173,"323,199,170"
6174,"430,53,3"
6175,"452,169,296"
6176,"315,160,40"
6177,"129,128,40"
6178,"15,3"
6179,"448,64,10"
6180,"151,40"
6181,"220,10"
6182,"80,64,10"
6183,"508,169,426"
6184,"240,23,38"
6185,"53,3"
6186,"18,17,3"
6187,"49,23,24"
6188,"181,145,40"
6189,"118,74,23"
6190,"514,8,0"
6191,"334,160,40"
6192,"311,337,426"
6193,"39,23,38"
6194,"71,24,38"
6195,"106,105,23"
6196,"33,21,3"
6197,"126,21,3"
6198,"118,23,74"
6199,"80,10,64"
6200,"21,3"
6201,"80,10,64"
6202,"337,426,311"
6203,"96,31,23"
6204,"315,160,40"
6205,"240,23,38"
6206,"448,64,10"
6207,"102,21,3"
6208,"397,0,313"
6209,"237,3,34"
6210,"235,8,0"
6211,"22,21,3"
6212,"184,40"
6213,"308,8,0"
6214,"325,53,3"
6215,"12,10,11"
6216,"418,0,265"
6217,"77,31,23"
6218,"80,10,64"
6219,"166,160,151"
6220,"221,220,10"
6221,"488,265,0"
6222,"176,3,4"
6223,"406,131,40"
6224,"61,60,10"
6225,"220,10"
6226,"221,220,10"
6227,"80,64,10"
6228,"130,128,40"
6229,"187,21,3"
6230,"291,271,0"
6231,"276,265,0"
6232,"115,21,3"
6233,"214,213,0"
6234,"499,296,169"
6235,"187,21,3"
6236,3
6237,"128,40"
6238,"80,64,10"
6239,"62,23,24"
6240,"343,169,199"
6241,"368,40,184"
6242,"217,3,120"
6243,"48,3,21"
6244,"171,170,199"
6245,"250,135,40"
6246,"311,169"
6247,"21,3"
6248,"311,337,426"
6249,"402,145,40"
6250,"315,160,40"
6251,"438,0,265"
6252,"48,21,3"
6253,"96,31,23"
6254,"220,10"
6255,"300,296,169"
6256,"138,135,40"
6257,"351,218,0"
6258,"87,23,38"
6259,"346,313,0"
6260,"326,105,23"
6261,"185,184,40"
6262,"249,0"
6263,"141,40,135"
6264,"260,169,170"
6265,"14,13,3"
6266,"108,21,3"
6267,"187,3,21"
6268,"227,3,30"
6269,"126,21,3"
6270,"185,184,40"
6271,"187,21,3"
6272,"523,3,53"
6273,"33,21,3"
6274,"69,44,145"
6275,"97,5,3"
6276,"213,0"
6277,"11,10"
6278,"345,24,23"
6279,"168,17,3"
6280,"291,271,0"
6281,"375,3,4"
6282,"435,4,3"
6283,"151,40"
6284,"108,3,21"
6285,"238,4,3"
6286,"280,271,255"
6287,"93,64,10"
6288,"171,170,199"
6289,"286,41,40"
6290,"32,31,23"
6291,"194,128,145"
6292,"49,24,23"
6293,"187,3,21"
6294,"397,0,313"
6295,"80,10,64"
6296,"278,277,0"
6297,"206,8,0"
6298,"224,41,40"
6299,"69,44,145"
6300,"166,151,160"
6301,"259,311,426"
6302,"304,216,0"
6303,"493,145,40"
6304,"291,271,0"
6305,"62,23,24"
6306,"356,169,199"
6307,"316,30,3"
6308,"419,11,10"
6309,"33,21,3"
6310,"448,10,64"
6311,"72,44,145"
6312,"49,24,23"
6313,"87,23,38"
6314,"45,44,145"
6315,"118,23,74"
6316,"85,3"
6317,"80,10,64"
6318,"448,64,10"
6319,"448,64,10"
6320,"372,255,0"
6321,"43,24,23"
6322,"448,10,64"
6323,"95,54,10"
6324,"311,337,426"
6325,"130,128,40"
6326,"259,311,426"
6327,"176,4,3"
6328,"171,170,199"
6329,"221,220,10"
6330,"58,17,3"
6331,"364,3,28"
6332,"32,31,23"
6333,"239,60,10"
6334,"83,54,10"
6335,"82,23,38"
6336,"325,53,3"
6337,"13,3"
6338,"430,53,3"
6339,"240,23,38"
6340,"301,3,21"
6341,"14,13,3"
6342,"80,64,10"
6343,"181,145,40"
6344,"456,271,0"
6345,"206,8,0"
6346,"145,40"
6347,"220,10"
6348,"63,23,38"
6349,"123,111,3"
6350,"248,170,199"
6351,"315,160,40"
6352,"205,11,10"
6353,"456,271,0"
6354,"21,3"
6355,"83,54,10"
6356,"187,3,21"
6357,"96,31,23"
6358,"183,3,4"
6359,"283,74,23"
6360,"100,40"
6361,"436,169,170"
6362,"43,24,23"
6363,"224,41,40"
6364,"66,3,30"
6365,"283,23,74"
6366,"129,128,40"
6367,"258,31,23"
6368,"493,145,40"
6369,"126,21,3"
6370,"11,10"
6371,"62,23,24"
6372,"212,211,216"
6373,"182,21,3"
6374,"220,10"
6375,"226,131,40"
6376,"447,34,3"
6377,"396,395,40"
6378,"185,184,40"
6379,"33,3,21"
6380,"376,265,0"
6381,"456,271,0"
6382,"457,0,218"
6383,"221,220,10"
6384,"126,21,3"
6385,"62,24,23"
6386,"457,0,218"
6387,"259,311,426"
6388,"206,8,0"
6389,"148,3,147"
6390,"165,23,74"
6391,"448,10,64"
6392,"91,23,38"
6393,"187,3,21"
6394,"145,40"
6395,"376,0,265"
6396,"243,184,40"
6397,"311,426,337"
6398,"280,271,255"
6399,"220,10"
6400,"11,10"
6401,"321,271,0"
6402,"386,135,40"
6403,"158,85,3"
6404,"323,170,199"
6405,"43,24,23"
6406,"369,208,0"
6407,"146,145,40"
6408,"52,51,3"
6409,"376,265,0"
6410,"52,51,3"
6411,23
6412,"16,15,3"
6413,"109,10,11"
6414,"187,21,3"
6415,"238,4,3"
6416,"435,4,3"
6417,"243,184,40"
6418,"184,40"
6419,"142,131,40"
6420,"301,21,3"
6421,"435,4,3"
6422,"241,40,131"
6423,"323,170,199"
6424,"448,64,10"
6425,"204,13,3"
6426,"235,8,0"
6427,"478,145,40"
6428,"523,53,3"
6429,"226,131,40"
6430,"285,8,0"
6431,"199,169"
6432,"205,10,11"
6433,"239,60,10"
6434,"346,313,0"
6435,"185,184,40"
6436,"107,23,38"
6437,"448,64,10"
6438,"33,21,3"
6439,"18,17,3"
6440,"414,10,60"
6441,"291,271,0"
6442,"483,1,0"
6443,"107,23,38"
6444,"93,10,64"
6445,"388,3,111"
6446,"185,184,40"
6447,"19,4,3"
6448,"63,23,38"
6449,"18,17,3"
6450,"103,23,38"
6451,"250,135,40"
6452,"39,23,38"
6453,"8,0"
6454,"402,145,40"
6455,"80,64,10"
6456,"82,23,38"
6457,"16,15,3"
6458,"49,24,23"
6459,"187,21,3"
6460,"448,10,64"
6461,"313,0"
6462,"221,220,10"
6463,"113,28,3"
6464,"32,31,23"
6465,"115,21,3"
6466,"323,170,199"
6467,"469,288,0"
6468,"448,10,64"
6469,"241,40,131"
6470,"230,229,0"
6471,"204,13,3"
6472,"43,24,23"
6473,"293,85,3"
6474,"523,53,3"
6475,"226,131,40"
6476,"182,21,3"
6477,"195,128,40"
6478,"353,271,0"
6479,"21,3"
6480,"482,288,0"
6481,"241,131,40"
6482,"507,296,169"
6483,"315,160,40"
6484,"328,31,23"
6485,"380,216,0"
6486,"425,265,0"
6487,"325,3,53"
6488,"134,131,40"
6489,"80,64,10"
6490,"267,3,111"
6491,"346,313,0"
6492,"170,169"
6493,"292,3,53"
6494,"93,10,64"
6495,"452,296,169"
6496,"448,64,10"
6497,"459,170,169"
6498,"285,8,0"
6499,"251,337,296"
6500,"80,64,10"
6501,"85,3"
6502,"206,8,0"
6503,"77,31,23"
6504,"220,10"
6505,"90,64,10"
6506,"455,271,0"
6507,"135,40"
6508,"69,44,145"
6509,"129,128,40"
6510,"54,10"
6511,"182,21,3"
6512,"282,111,3"
6513,"278,277,0"
6514,"11,10"
6515,"221,220,10"
6516,"11,10"
6517,"328,23,31"
6518,"205,11,10"
6519,"303,74,23"
6520,"193,131,40"
6521,"137,23,38"
6522,"523,3,53"
6523,"331,3,5"
6524,"448,10,64"
6525,"171,170,199"
6526,"199,169"
6527,"160,40"
6528,3
6529,"215,41,40"
6530,"21,3"
6531,"401,13,3"
6532,"346,313,0"
6533,"435,4,3"
6534,"431,135,40"
6535,"106,105,23"
6536,"123,111,3"
6537,"182,3,21"
6538,"301,3,21"
6539,"129,128,40"
6540,"402,145,40"
6541,"514,8,0"
6542,"170,169"
6543,"221,220,10"
6544,"108,21,3"
6545,"309,23,38"
6546,"448,64,10"
6547,"334,160,40"
6548,"315,160,40"
6549,"315,40,160"
6550,40
6551,"346,313,0"
6552,"80,64,10"
6553,"93,64,10"
6554,"221,220,10"
6555,"112,111,3"
6556,"205,11,10"
6557,"171,170,199"
6558,"32,31,23"
6559,"419,11,10"
6560,"431,135,40"
6561,"54,10"
6562,"336,169,296"
6563,"96,31,23"
6564,"71,38,24"
6565,"382,199,169"
6566,"153,139,40"
6567,"21,3"
6568,"18,17,3"
6569,"251,337,296"
6570,"2,1,0"
6571,"285,8,0"
6572,"91,23,38"
6573,"438,265,0"
6574,"49,24,23"
6575,"182,3,21"
6576,"483,1,0"
6577,"72,145,44"
6578,"216,0"
6579,"431,135,40"
6580,"264,23,38"
6581,"418,0,265"
6582,"406,131,40"
6583,"42,41,40"
6584,"494,184,40"
6585,"137,23,38"
6586,"15,3"
6587,"43,24,23"
6588,"326,105,23"
6589,"311,337,426"
6590,"402,145,40"
6591,"130,128,40"
6592,"140,139,40"
6593,"221,220,10"
6594,"83,54,10"
6595,"63,38,23"
6596,"506,13,3"
6597,"334,160,40"
6598,"19,4,3"
6599,"221,220,10"
6600,"91,23,38"
6601,"80,10,64"
6602,"21,3"
6603,"448,64,10"
6604,"224,41,40"
6605,"182,21,3"
6606,"523,53,3"
6607,"431,135,40"
6608,"118,23,74"
6609,"93,64,10"
6610,"305,3,21"
6611,"456,271,0"
6612,"309,23,38"
6613,"205,11,10"
6614,"311,169"
6615,"138,135,40"
6616,"435,4,3"
6617,"406,131,40"
6618,"187,21,3"
6619,"187,21,3"
6620,"21,3"
6621,"402,145,40"
6622,"354,216,0"
6623,"206,8,0"
6624,"263,34,3"
6625,"12,11,10"
6626,"138,135,40"
6627,"194,128,145"
6628,"220,10"
6629,"331,5,3"
6630,"456,271,0"
6631,"280,271,255"
6632,"21,3"
6633,"342,271,0"
6634,"376,265,0"
6635,"107,23,38"
6636,"308,8,0"
6637,"385,3,5"
6638,"240,23,38"
6639,"448,64,10"
6640,"66,30,3"
6641,"2,0,1"
6642,"222,100,40"
6643,"137,23,38"
6644,"241,40,131"
6645,"350,26,23"
6646,"80,10,64"
6647,"171,170,199"
6648,"514,8,0"
6649,"331,5,3"
6650,"199,169"
6651,"402,145,40"
6652,"224,41,40"
6653,"82,23,38"
6654,"201,41,40"
6655,"48,21,3"
6656,"417,296,169"
6657,"240,23,38"
6658,"311,337,426"
6659,"187,21,3"
6660,"220,10"
6661,"43,24,23"
6662,"402,145,40"
6663,"130,128,40"
6664,"221,220,10"
6665,"172,21,3"
6666,"355,271,0"
6667,"15,3"
6668,"406,131,40"
6669,"406,131,40"
6670,"181,40,145"
6671,"231,26,23"
6672,"391,8,0"
6673,"221,10,220"
6674,"376,0,265"
6675,"96,31,23"
6676,"444,271,0"
6677,"187,3,21"
6678,"455,271,0"
6679,"206,8,0"
6680,"381,357,0"
6681,"287,53,3"
6682,"322,54,10"
6683,"448,64,10"
6684,"301,21,3"
6685,"138,135,40"
6686,"334,160,40"
6687,"300,296,169"
6688,"370,216,0"
6689,"361,271,0"
6690,"502,145,40"
6691,"194,128,145"
6692,"431,135,40"
6693,"33,21,3"
6694,"456,271,0"
6695,"148,147,3"
6696,"56,15,17"
6697,"182,3,21"
6698,"406,131,40"
6699,"85,3"
6700,"108,21,3"
6701,"12,10,11"
6702,"250,40,135"
6703,"221,220,10"
6704,"187,21,3"
6705,"240,23,38"
6706,"14,13,3"
6707,"106,105,23"
6708,"16,15,3"
6709,"181,40,145"
6710,"350,26,23"
6711,"181,40,145"
6712,"108,21,3"
6713,"343,199,169"
6714,"137,38,23"
6715,"311,169"
6716,"221,220,10"
6717,"43,24,23"
6718,"391,8,0"
6719,"308,8,0"
6720,"94,23,38"
6721,"264,23,38"
6722,"80,10,64"
6723,"448,10,64"
6724,"221,220,10"
6725,"241,131,40"
6726,"282,111,3"
6727,"424,271,218"
6728,"523,53,3"
6729,"226,131,40"
6730,"475,0,218"
6731,"171,170,199"
6732,"187,21,3"
6733,"33,21,3"
6734,"62,24,23"
6735,"89,26,23"
6736,"460,169,296"
6737,"402,145,40"
6738,"220,10"
6739,"86,85,3"
6740,"206,8,0"
6741,"243,40,184"
6742,"205,11,10"
6743,"220,10"
6744,"240,23,38"
6745,"100,40"
6746,"506,13,3"
6747,"43,24,23"
6748,"187,21,3"
6749,"404,111,3"
6750,"238,3,4"
6751,"209,208,0"
6752,"315,40,160"
6753,"315,160,40"
6754,"140,139,40"
6755,"300,296,169"
6756,"220,10"
6757,"48,21,3"
6758,3
6759,"36,35,3"
6760,"308,8,0"
6761,"12,11,10"
6762,"187,21,3"
6763,"231,26,23"
6764,"81,30,3"
6765,"340,265,0"
6766,"456,271,0"
6767,"80,10,64"
6768,"220,10"
6769,"448,10,64"
6770,"36,35,3"
6771,"349,265,0"
6772,"118,23,74"
6773,"160,40"
6774,"148,3,147"
6775,"19,3,4"
6776,"18,17,3"
6777,"300,296,169"
6778,"129,128,40"
6779,"429,271,0"
6780,"168,17,3"
6781,"131,40"
6782,"118,23,74"
6783,"259,311,426"
6784,"80,10,64"
6785,"373,208,0"
6786,"221,220,10"
6787,"142,40,131"
6788,"239,10,60"
6789,"454,31,23"
6790,"249,0"
6791,"221,10,220"
6792,"235,8,0"
6793,"326,105,23"
6794,"239,10,60"
6795,"456,271,0"
6796,"431,135,40"
6797,"63,38,23"
6798,"104,3,30"
6799,"364,3,28"
6800,"238,4,3"
6801,"80,64,10"
6802,"154,3,21"
6803,"291,271,0"
6804,"90,10,64"
6805,"137,23,38"
6806,"25,24,23"
6807,"337,169"
6808,"343,169,199"
6809,"278,277,0"
6810,"425,265,0"
6811,"127,21,3"
6812,"66,3,30"
6813,"187,21,3"
6814,"19,4,3"
6815,"12,11,10"
6816,"315,160,40"
6817,"199,169"
6818,"164,21,3"
6819,"108,21,3"
6820,"348,255,0"
6821,"349,265,0"
6822,"87,23,38"
6823,"315,160,40"
6824,"363,271,0"
6825,"448,64,10"
6826,"431,135,40"
6827,"226,40,131"
6828,"304,216,0"
6829,"54,10"
6830,"32,23,31"
6831,"181,145,40"
6832,"508,169,426"
6833,"187,21,3"
6834,"33,3,21"
6835,"295,135,40"
6836,"19,4,3"
6837,"448,64,10"
6838,"406,131,40"
6839,"404,111,3"
6840,"221,220,10"
6841,"311,337,426"
6842,"80,64,10"
6843,"82,23,38"
6844,"286,41,40"
6845,"456,271,0"
6846,"448,64,10"
6847,"187,21,3"
6848,"498,0,288"
6849,"43,24,23"
6850,"423,160,40"
6851,"182,3,21"
6852,"54,10"
6853,"454,31,23"
6854,"71,24,38"
6855,"263,34,3"
6856,"485,313,0"
6857,"16,15,3"
6858,"240,23,38"
6859,"425,265,0"
6860,"343,169,199"
6861,"343,169,199"
6862,"36,35,3"
6863,"80,10,64"
6864,"11,10"
6865,"163,162,40"
6866,"337,311,426"
6867,"448,10,64"
6868,"456,271,0"
6869,"448,64,10"
6870,"113,28,3"
6871,"194,145,128"
6872,"226,40,131"
6873,"141,40,135"
6874,"351,0,218"
6875,"350,26,23"
6876,"259,311,426"
6877,"89,23,26"
6878,"337,169"
6879,"187,21,3"
6880,"206,8,0"
6881,"372,255,0"
6882,"281,199,169"
6883,"323,199,170"
6884,"346,313,0"
6885,"420,296,169"
6886,"247,160,40"
6887,"181,40,145"
6888,"315,160,40"
6889,"54,10"
6890,"363,271,0"
6891,"106,105,23"
6892,"308,8,0"
6893,"291,271,0"
6894,"240,23,38"
6895,"181,145,40"
6896,"425,265,0"
6897,"425,265,0"
6898,"406,40,131"
6899,"130,128,40"
6900,"417,169,296"
6901,"205,11,10"
6902,"311,337,426"
6903,"221,220,10"
6904,"240,23,38"
6905,"318,105,23"
6906,"165,23,74"
6907,"52,3,51"
6908,"118,23,74"
6909,"54,10"
6910,"391,8,0"
6911,"16,15,3"
6912,"171,170,199"
6913,40
6914,"8,0"
6915,"206,8,0"
6916,"317,23,74"
6917,"513,277,0"
6918,"49,24,23"
6919,"101,100,40"
6920,"227,3,30"
6921,"221,220,10"
6922,3
6923,"118,23,74"
6924,"303,74,23"
6925,"77,31,23"
6926,"240,23,38"
6927,"220,10"
6928,"214,213,0"
6929,"94,38,23"
6930,"121,120,3"
6931,"80,64,10"
6932,"315,160,40"
6933,"259,311,426"
6934,"221,10,220"
6935,"86,85,3"
6936,"42,41,40"
6937,"80,64,10"
6938,"275,3,111"
6939,"80,10,64"
6940,"165,23,74"
6941,"384,265,0"
6942,"83,54,10"
6943,"171,170,199"
6944,"56,15,17"
6945,"106,105,23"
6946,"436,170,169"
6947,"349,265,0"
6948,"33,21,3"
6949,"228,5,3"
6950,"388,111,3"
6951,"93,10,64"
6952,"49,24,23"
6953,"187,21,3"
6954,"425,265,0"
6955,"448,64,10"
6956,"221,220,10"
6957,"16,15,3"
6958,"220,10"
6959,"346,313,0"
6960,"392,3,4"
6961,"300,296,169"
6962,"80,10,64"
6963,"7,4,3"
6964,"241,131,40"
6965,"311,426,337"
6966,"514,8,0"
6967,"440,38,23"
6968,"366,0,271"
6969,"239,60,10"
6970,"68,3,53"
6971,"187,21,3"
6972,"368,184,40"
6973,"264,23,38"
6974,"175,128,40"
6975,"171,170,199"
6976,"221,220,10"
6977,"108,3,21"
6978,"187,3,21"
6979,"206,8,0"
6980,"36,35,3"
6981,"220,10"
6982,"323,199,170"
6983,"93,10,64"
6984,"149,40,41"
6985,"315,40,160"
6986,"80,64,10"
6987,"343,169,199"
6988,"160,40"
6989,"170,169"
6990,"260,169,170"
6991,"199,169"
6992,"224,41,40"
6993,"296,169"
6994,"39,38,23"
6995,"392,4,3"
6996,"187,21,3"
6997,"185,184,40"
6998,"171,170,199"
6999,"134,40,131"
7000,"93,10,64"
7001,"90,64,10"
7002,"455,271,0"
7003,"93,64,10"
7004,"187,21,3"
7005,"163,162,40"
7006,"300,296,169"
7007,"243,184,40"
7008,"21,3"
7009,"435,4,3"
7010,"188,4,3"
7011,"142,131,40"
7012,"66,30,3"
7013,"80,10,64"
7014,"363,271,0"
7015,"32,31,23"
7016,"478,145,40"
7017,"363,271,0"
7018,"58,17,3"
7019,"182,21,3"
7020,"168,17,3"
7021,"258,31,23"
7022,"315,40,160"
7023,"12,11,10"
7024,"39,23,38"
7025,"182,3,21"
7026,"300,296,169"
7027,"145,40"
7028,"360,271,0"
7029,"90,64,10"
7030,"224,41,40"
7031,"430,3,53"
7032,"17,3"
7033,"89,26,23"
7034,"361,271,0"
7035,"110,53,3"
7036,"80,10,64"
7037,"263,34,3"
7038,"185,184,40"
7039,"12,11,10"
7040,"195,128,40"
7041,"328,31,23"
7042,"61,60,10"
7043,"80,64,10"
7044,"80,64,10"
7045,"138,135,40"
7046,"45,44,145"
7047,"444,271,0"
7048,3
7049,"286,41,40"
7050,"311,337,426"
7051,"270,8,0"
7052,"350,23,26"
7053,"220,10"
7054,"315,160,40"
7055,"311,169"
7056,"448,10,64"
7057,"206,8,0"
7058,"467,3,53"
7059,"87,23,38"
7060,"108,21,3"
7061,"19,3,4"
7062,"334,160,40"
7063,"251,337,296"
7064,"89,23,26"
7065,"514,8,0"
7066,"355,271,0"
7067,"220,10"
7068,"259,311,426"
7069,"206,8,0"
7070,"74,23"
7071,"371,296,169"
7072,"137,23,38"
7073,"137,23,38"
7074,"233,3,51"
7075,"80,10,64"
7076,"348,0,255"
7077,"402,145,40"
7078,"309,23,38"
7079,"39,23,38"
7080,"18,17,3"
7081,"80,10,64"
7082,"493,145,40"
7083,"171,170,199"
7084,"235,8,0"
7085,"53,3"
7086,"264,23,38"
7087,"240,23,38"
7088,"43,24,23"
7089,"127,21,3"
7090,"331,3,5"
7091,"290,31,23"
7092,"137,23,38"
7093,3
7094,"194,128,145"
7095,"80,10,64"
7096,"204,3,13"
7097,"221,220,10"
7098,"187,3,21"
7099,"258,31,23"
7100,"346,313,0"
7101,"32,23,31"
7102,"493,145,40"
7103,"405,8,0"
7104,"72,44,145"
7105,"315,160,40"
7106,"67,44,145"
7107,"384,265,0"
7108,"72,44,145"
7109,"81,30,3"
7110,"12,11,10"
7111,"118,23,74"
7112,"337,311,426"
7113,"245,31,23"
7114,"309,23,38"
7115,"355,271,0"
7116,"245,31,23"
7117,"43,24,23"
7118,"25,24,23"
7119,"486,131,40"
7120,"129,128,40"
7121,"402,145,40"
7122,"453,0,208"
7123,"138,135,40"
7124,"187,21,3"
7125,"96,31,23"
7126,"171,170,199"
7127,"187,21,3"
7128,"220,10"
7129,"80,64,10"
7130,"325,3,53"
7131,"353,271,0"
7132,"45,44,145"
7133,"321,271,0"
7134,"72,44,145"
7135,"346,313,0"
7136,"311,337,426"
7137,"384,265,0"
7138,"472,111,3"
7139,"204,3,13"
7140,"21,3"
7141,"145,40"
7142,"105,23"
7143,"220,10"
7144,"469,288,0"
7145,"485,313,0"
7146,"165,23,74"
7147,"456,271,0"
7148,40
7149,"243,184,40"
7150,"187,21,3"
7151,"187,21,3"
7152,"77,31,23"
7153,"311,426,337"
7154,"206,8,0"
7155,"264,23,38"
7156,"423,160,40"
7157,"227,3,30"
7158,"187,3,21"
7159,"87,23,38"
7160,"315,160,40"
7161,"77,31,23"
7162,"171,170,199"
7163,"425,265,0"
7164,"334,160,40"
7165,"459,170,169"
7166,"311,169"
7167,"247,160,40"
7168,"204,3,13"
7169,"187,21,3"
7170,"498,288,0"
7171,"315,160,40"
7172,"315,160,40"
7173,"407,4,3"
7174,"235,8,0"
7175,"16,15,3"
7176,"360,271,0"
7177,"66,30,3"
7178,"462,255,0"
7179,"456,271,0"
7180,"138,135,40"
7181,"406,131,40"
7182,"186,128,40"
7183,"231,26,23"
7184,"411,296,169"
7185,"402,145,40"
7186,"402,145,40"
7187,3
7188,"323,170,199"
7189,"220,10"
7190,"124,21,3"
7191,"301,3,21"
7192,"524,40,145"
7193,"241,131,40"
7194,"128,40"
7195,"27,26,23"
7196,"315,160,40"
7197,"83,54,10"
7198,"286,41,40"
7199,"264,23,38"
7200,"376,265,0"
7201,"316,30,3"
7202,"473,64,10"
7203,"2,1,0"
7204,"343,199,169"
7205,"322,54,10"
7206,"402,145,40"
7207,"354,216,0"
7208,"21,3"
7209,"291,0,271"
7210,"238,3,4"
7211,"16,15,3"
7212,"238,4,3"
7213,"129,128,40"
7214,"43,24,23"
7215,"448,64,10"
7216,"287,53,3"
7217,"138,135,40"
7218,"356,169,199"
7219,"93,64,10"
7220,"221,220,10"
7221,"519,105,23"
7222,"264,23,38"
7223,"343,199,169"
7224,"220,10"
7225,"343,169,199"
7226,"187,3,21"
7227,"365,265,0"
7228,"108,3,21"
7229,"241,40,131"
7230,"301,3,21"
7231,"241,40,131"
7232,"482,288,0"
7233,"240,38,23"
7234,"447,34,3"
7235,"32,23,31"
7236,"369,208,0"
7237,"145,40"
7238,"108,21,3"
7239,"50,3"
7240,"168,17,3"
7241,"343,199,169"
7242,"430,53,3"
7243,"356,169,199"
7244,"13,3"
7245,"238,3,4"
7246,"334,160,40"
7247,"301,3,21"
7248,"146,145,40"
7249,"87,23,38"
7250,"340,265,0"
7251,"225,3,120"
7252,"108,21,3"
7253,"258,31,23"
7254,"130,128,40"
7255,"25,24,23"
7256,"153,139,40"
7257,"198,111,3"
7258,"143,34,3"
7259,"266,265,0"
7260,"43,24,23"
7261,"97,3,5"
7262,"478,145,40"
7263,"162,40"
7264,"376,0,265"
7265,"311,337,426"
7266,"240,23,38"
7267,"456,271,0"
7268,3
7269,"343,169,199"
7270,"221,10,220"
7271,"187,3,21"
7272,"187,21,3"
7273,"41,40"
7274,"263,34,3"
7275,"265,0"
7276,"391,8,0"
7277,"80,10,64"
7278,"459,170,169"
7279,"315,160,40"
7280,"18,17,3"
7281,"238,4,3"
7282,"49,24,23"
7283,"44,145,40"
7284,"498,288,0"
7285,"148,3,147"
7286,"425,265,0"
7287,"337,169"
7288,"187,3,21"
7289,"251,337,296"
7290,"70,4,3"
7291,"146,145,40"
7292,"32,23,31"
7293,"315,160,40"
7294,"241,131,40"
7295,3
7296,"206,8,0"
7297,"49,24,23"
7298,"425,265,0"
7299,"318,105,23"
7300,"11,10"
7301,"80,10,64"
7302,"337,311,426"
7303,"72,44,145"
7304,"337,169"
7305,"80,10,64"
7306,"58,17,3"
7307,"345,24,23"
7308,"181,40,145"
7309,"29,3,28"
7310,3
7311,"7,4,3"
7312,"12,11,10"
7313,"43,24,23"
7314,"349,265,0"
7315,"360,271,0"
7316,"241,131,40"
7317,"528,311,169"
7318,"62,23,24"
7319,"417,296,169"
7320,"74,23"
7321,"286,41,40"
7322,"193,40,131"
7323,"187,21,3"
7324,"77,31,23"
7325,"501,313,0"
7326,"350,26,23"
7327,"187,21,3"
7328,"431,135,40"
7329,"456,271,0"
7330,"168,17,3"
7331,"32,23,31"
7332,"224,41,40"
7333,"128,40"
7334,"444,271,0"
7335,"199,169"
7336,"199,169"
7337,"137,23,38"
7338,"181,145,40"
7339,"130,128,40"
7340,"16,15,3"
7341,"240,23,38"
7342,"315,160,40"
7343,"315,160,40"
7344,"171,170,199"
7345,"33,21,3"
7346,"123,111,3"
7347,"187,3,21"
7348,"231,26,23"
7349,"200,311,337"
7350,"185,184,40"
7351,"456,271,0"
7352,"204,13,3"
7353,"226,131,40"
7354,"340,265,0"
7355,"239,10,60"
7356,"489,60,10"
7357,"312,311,426"
7358,"217,3,120"
7359,"124,21,3"
7360,"346,313,0"
7361,"194,128,145"
7362,"226,131,40"
7363,"70,3,4"
7364,"36,35,3"
7365,"448,64,10"
7366,"436,169,170"
7367,"118,23,74"
7368,"286,41,40"
7369,"460,169,296"
7370,"220,10"
7371,"354,216,0"
7372,"15,3"
7373,"472,111,3"
7374,"22,21,3"
7375,"137,38,23"
7376,"95,54,10"
7377,"69,44,145"
7378,"129,128,40"
7379,"238,4,3"
7380,"199,169"
7381,"21,3"
7382,"220,10"
7383,"187,21,3"
7384,"457,0,218"
7385,"254,216,0"
7386,"19,4,3"
7387,"12,10,11"
7388,"245,31,23"
7389,"32,31,23"
7390,"182,21,3"
7391,"129,128,40"
7392,"322,54,10"
7393,"77,31,23"
7394,"83,54,10"
7395,"96,31,23"
7396,"241,40,131"
7397,"19,4,3"
7398,"221,220,10"
7399,"89,26,23"
7400,"80,10,64"
7401,"124,21,3"
7402,"448,64,10"
7403,"370,216,0"
7404,"163,40,162"
7405,"80,10,64"
7406,"194,128,145"
7407,"376,0,265"
7408,"312,426,311"
7409,"43,24,23"
7410,"187,21,3"
7411,"163,162,40"
7412,"194,145,128"
7413,"203,147,3"
7414,"379,3,21"
7415,"448,10,64"
7416,"402,145,40"
7417,"259,311,426"
7418,40
7419,"418,265,0"
7420,"509,218,0"
7421,"187,21,3"
7422,"353,271,0"
7423,"448,64,10"
7424,"82,23,38"
7425,"108,21,3"
7426,"205,11,10"
7427,"269,0,218"
7428,"86,85,3"
7429,"80,10,64"
7430,"224,41,40"
7431,"350,26,23"
7432,"374,169,199"
7433,"124,21,3"
7434,"187,3,21"
7435,"63,38,23"
7436,"168,17,3"
7437,"448,10,64"
7438,"429,271,0"
7439,"221,10,220"
7440,"456,271,0"
7441,"12,11,10"
7442,"259,311,426"
7443,"11,10"
7444,"436,169,170"
7445,"414,60,10"
7446,23
7447,"406,131,40"
7448,"21,3"
7449,"49,24,23"
7450,"22,21,3"
7451,"108,21,3"
7452,"80,64,10"
7453,"187,21,3"
7454,"457,0,218"
7455,"435,3,4"
7456,"391,8,0"
7457,"448,64,10"
7458,"62,23,24"
7459,"54,10"
7460,"350,26,23"
7461,"18,17,3"
7462,"239,10,60"
7463,"187,21,3"
7464,"459,169,170"
7465,"187,21,3"
7466,"241,131,40"
7467,"206,8,0"
7468,"303,23,74"
7469,"435,3,4"
7470,"77,31,23"
7471,"63,23,38"
7472,"323,199,170"
7473,"77,31,23"
7474,"498,288,0"
7475,"168,17,3"
7476,"315,160,40"
7477,"138,135,40"
7478,"80,10,64"
7479,"363,271,0"
7480,"187,21,3"
7481,"72,44,145"
7482,"454,31,23"
7483,"287,53,3"
7484,"457,0,218"
7485,"448,64,10"
7486,"370,216,0"
7487,"134,40,131"
7488,"347,255,0"
7489,"47,24,23"
7490,3
7491,"315,160,40"
7492,"182,21,3"
7493,"220,10"
7494,"340,265,0"
7495,"80,64,10"
7496,"224,41,40"
7497,"326,105,23"
7498,"27,26,23"
7499,"343,199,169"
7500,"19,3,4"
7501,"424,271,218"
7502,"205,11,10"
7503,"399,265,0"
7504,"454,31,23"
7505,"345,24,23"
7506,"118,74,23"
7507,"68,53,3"
7508,"171,170,199"
7509,"165,23,74"
7510,"203,147,3"
7511,"175,128,40"
7512,"337,311,426"
7513,"239,10,60"
7514,"32,23,31"
7515,"42,41,40"
7516,"48,21,3"
7517,"143,34,3"
7518,"194,128,145"
7519,"187,21,3"
7520,"221,220,10"
7521,"240,23,38"
7522,"25,23,24"
7523,"170,169"
7524,"349,265,0"
7525,"193,131,40"
7526,3
7527,"241,131,40"
7528,"267,3,111"
7529,"170,169"
7530,"168,17,3"
7531,"80,10,64"
7532,"437,145,40"
7533,3
7534,"16,15,3"
7535,"25,24,23"
7536,"90,10,64"
7537,"315,160,40"
7538,"18,17,3"
7539,"87,23,38"
7540,"189,135,40"
7541,"431,40,135"
7542,"187,21,3"
7543,"32,31,23"
7544,"366,271,0"
7545,"187,3,21"
7546,"308,8,0"
7547,"376,0,265"
7548,"456,271,0"
7549,"95,54,10"
7550,"322,54,10"
7551,"372,255,0"
7552,"187,21,3"
7553,"16,15,3"
7554,"90,64,10"
7555,"220,10"
7556,"290,31,23"
7557,"7,4,3"
7558,"124,21,3"
7559,"459,169,170"
7560,"382,199,169"
7561,3
7562,"311,426,337"
7563,"43,24,23"
7564,"447,34,3"
7565,"234,60,21"
7566,"220,10"
7567,"206,8,0"
7568,"220,10"
7569,"86,85,3"
7570,"93,10,64"
7571,"42,41,40"
7572,"80,64,10"
7573,"221,220,10"
7574,"454,31,23"
7575,"240,38,23"
7576,"278,277,0"
7577,"406,131,40"
7578,"251,337,296"
7579,"382,199,169"
7580,"82,23,38"
7581,"80,10,64"
7582,"216,0"
7583,"15,3"
7584,"478,145,40"
7585,"187,21,3"
7586,"21,3"
7587,"80,10,64"
7588,"66,30,3"
7589,"80,10,64"
7590,"104,3,30"
7591,"135,40"
7592,"148,3,147"
7593,"7,4,3"
7594,"16,15,3"
7595,"376,265,0"
7596,"43,24,23"
7597,"510,220,10"
7598,"382,199,169"
7599,"345,24,23"
7600,"281,199,169"
7601,"43,24,23"
7602,"350,23,26"
7603,"406,131,40"
7604,"137,38,23"
7605,"363,271,0"
7606,"350,26,23"
7607,"56,15,17"
7608,"221,220,10"
7609,"49,24,23"
7610,"424,271,218"
7611,"187,21,3"
7612,"80,10,64"
7613,"434,1,0"
7614,"12,11,10"
7615,"456,271,0"
7616,"221,220,10"
7617,"67,44,145"
7618,"379,3,21"
7619,"326,105,23"
7620,"181,40,145"
7621,"12,11,10"
7622,"239,60,10"
7623,"325,3,53"
7624,"171,170,199"
7625,"376,265,0"
7626,"187,3,21"
7627,"18,17,3"
7628,"124,21,3"
7629,"315,160,40"
7630,"405,8,0"
7631,"115,21,3"
7632,"43,24,23"
7633,"220,10"
7634,"89,26,23"
7635,"187,21,3"
7636,"239,10,60"
7637,"454,31,23"
7638,"431,135,40"
7639,"21,3"
7640,"239,60,10"
7641,"290,31,23"
7642,"2,1,0"
7643,"216,0"
7644,"187,21,3"
7645,"315,160,40"
7646,"228,3,5"
7647,"462,255,0"
7648,"175,128,40"
7649,"425,265,0"
7650,"300,296,169"
7651,"221,220,10"
7652,"334,160,40"
7653,"300,296,169"
7654,"448,64,10"
7655,"89,26,23"
7656,"43,24,23"
7657,"51,3"
7658,"137,23,38"
7659,"108,21,3"
7660,"51,3"
7661,"241,40,131"
7662,"220,10"
7663,"71,24,38"
7664,"282,3,111"
7665,"131,40"
7666,"431,135,40"
7667,"168,17,3"
7668,"423,160,40"
7669,"228,5,3"
7670,"280,271,255"
7671,"171,170,199"
7672,"402,145,40"
7673,"221,220,10"
7674,"459,169,170"
7675,"61,60,10"
7676,"195,128,40"
7677,"258,31,23"
7678,"43,24,23"
7679,"115,21,3"
7680,"182,21,3"
7681,"171,170,199"
7682,"131,40"
7683,"240,23,38"
7684,"108,3,21"
7685,"454,31,23"
7686,"297,265,0"
7687,"472,111,3"
7688,"138,135,40"
7689,"115,21,3"
7690,"305,21,3"
7691,"138,135,40"
7692,"241,131,40"
7693,"448,64,10"
7694,"18,17,3"
7695,"397,313,0"
7696,"444,0,271"
7697,"28,3"
7698,"135,40"
7699,"49,24,23"
7700,"343,169,199"
7701,"25,24,23"
7702,"413,277,1"
7703,"93,10,64"
7704,"82,23,38"
7705,"195,40,128"
7706,"275,3,111"
7707,"161,111,3"
7708,"25,23,24"
7709,"130,128,40"
7710,"315,160,40"
7711,"240,23,38"
7712,"53,3"
7713,"165,74,23"
7714,"456,271,0"
7715,"448,10,64"
7716,"455,271,0"
7717,"334,160,40"
7718,"448,10,64"
7719,"301,3,21"
7720,"406,40,131"
7721,"80,64,10"
7722,"108,21,3"
7723,"118,23,74"
7724,"182,21,3"
7725,"54,10"
7726,"21,3"
7727,"448,64,10"
7728,"283,23,74"
7729,"21,3"
7730,"263,34,3"
7731,"171,170,199"
7732,"376,0,265"
7733,"249,0"
7734,"448,64,10"
7735,"61,10,60"
7736,"106,105,23"
7737,"188,3,4"
7738,"315,160,40"
7739,"18,17,3"
7740,"394,255,0"
7741,"290,31,23"
7742,"174,4,3"
7743,"268,3,120"
7744,"447,34,3"
7745,"21,3"
7746,"224,41,40"
7747,"127,21,3"
7748,"231,26,23"
7749,"164,21,3"
7750,"322,54,10"
7751,"7,4,3"
7752,"291,271,0"
7753,"153,139,40"
7754,"297,265,0"
7755,"263,34,3"
7756,"300,296,169"
7757,"109,11,10"
7758,"32,23,31"
7759,"454,31,23"
7760,"402,145,40"
7761,"280,271,255"
7762,"145,40"
7763,"381,357,0"
7764,"231,26,23"
7765,"16,15,3"
7766,"448,10,64"
7767,"237,34,3"
7768,"320,17,3"
7769,"295,135,40"
7770,"528,169,311"
7771,"86,85,3"
7772,"75,74,23"
7773,"524,145,40"
7774,"464,1,277"
7775,"285,8,0"
7776,"523,53,3"
7777,"418,265,0"
7778,"134,131,40"
7779,"493,145,40"
7780,"69,44,145"
7781,"187,3,21"
7782,"165,23,74"
7783,"311,337,426"
7784,"52,51,3"
7785,"220,10"
7786,"267,111,3"
7787,"240,23,38"
7788,"313,0"
7789,"240,23,38"
7790,"240,38,23"
7791,"62,24,23"
7792,"108,21,3"
7793,"187,21,3"
7794,"221,220,10"
7795,"123,111,3"
7796,"220,10"
7797,"80,64,10"
7798,"198,111,3"
7799,"39,23,38"
7800,"241,131,40"
7801,"80,64,10"
7802,"94,23,38"
7803,"62,23,24"
7804,"18,17,3"
7805,"194,128,145"
7806,"166,151,160"
7807,"187,21,3"
7808,"523,53,3"
7809,"419,11,10"
7810,"376,265,0"
7811,"21,3"
7812,"69,44,145"
7813,"497,0,288"
7814,"134,40,131"
7815,"224,41,40"
7816,"153,139,40"
7817,"448,64,10"
7818,"187,21,3"
7819,"187,21,3"
7820,"93,10,64"
7821,"80,64,10"
7822,"456,271,0"
7823,"300,296,169"
7824,"16,15,3"
7825,"325,53,3"
7826,"431,135,40"
7827,"425,265,0"
7828,"89,26,23"
7829,"456,271,0"
7830,"318,105,23"
7831,169
7832,"77,31,23"
7833,"109,10,11"
7834,3
7835,"448,64,10"
7836,"251,337,296"
7837,"251,337,296"
7838,"205,11,10"
7839,"80,10,64"
7840,"68,3,53"
7841,"240,23,38"
7842,"468,145,44"
7843,"228,5,3"
7844,"276,265,0"
7845,"181,145,40"
7846,"241,131,40"
7847,"315,160,40"
7848,"435,3,4"
7849,"18,17,3"
7850,"447,3,34"
7851,"66,30,3"
7852,"130,128,40"
7853,"418,265,0"
7854,"25,23,24"
7855,"199,169"
7856,"80,10,64"
7857,"129,128,40"
7858,"315,160,40"
7859,"348,255,0"
7860,"453,0,208"
7861,3
7862,23
7863,"145,40"
7864,"127,21,3"
7865,"430,53,3"
7866,"197,10,60"
7867,"49,24,23"
7868,"353,271,0"
7869,"467,3,53"
7870,"93,10,64"
7871,"49,23,24"
7872,"414,10,60"
7873,"371,296,169"
7874,"26,23"
7875,"92,60,10"
7876,"68,53,3"
7877,"489,60,10"
7878,"139,40"
7879,"507,169,296"
7880,"187,21,3"
7881,"340,265,0"
7882,"93,10,64"
7883,"181,145,40"
7884,"138,135,40"
7885,"456,271,0"
7886,"18,17,3"
7887,"523,53,3"
7888,"418,265,0"
7889,"417,169,296"
7890,"18,17,3"
7891,"2,1,0"
7892,"234,60,21"
7893,"235,8,0"
7894,"180,3,120"
7895,"204,13,3"
7896,"118,23,74"
7897,"171,170,199"
7898,"315,40,160"
7899,"187,21,3"
7900,"370,216,0"
7901,"96,31,23"
7902,"363,271,0"
7903,"402,145,40"
7904,"124,21,3"
7905,"68,3,53"
7906,"171,170,199"
7907,"187,3,21"
7908,"259,311,426"
7909,"371,169,296"
7910,"282,111,3"
7911,"80,64,10"
7912,"382,199,169"
7913,"291,271,0"
7914,"181,40,145"
7915,"238,3,4"
7916,"523,3,53"
7917,"448,10,64"
7918,"448,10,64"
7919,"170,169"
7920,"251,337,296"
7921,"326,105,23"
7922,"311,169"
7923,"448,64,10"
7924,"187,21,3"
7925,"94,23,38"
7926,"65,10,64"
7927,"106,105,23"
7928,"72,44,145"
7929,"131,40"
7930,"456,271,0"
7931,"22,3,21"
7932,"488,265,0"
7933,"86,85,3"
7934,"96,31,23"
7935,"311,337,426"
7936,"202,3,111"
7937,"206,8,0"
7938,"45,44,145"
7939,"15,3"
7940,"141,135,40"
7941,"417,169,296"
7942,"72,44,145"
7943,"431,135,40"
7944,"129,128,40"
7945,"328,23,31"
7946,"115,21,3"
7947,"80,10,64"
7948,"138,135,40"
7949,"54,10"
7950,"80,10,64"
7951,"115,21,3"
7952,"19,4,3"
7953,"226,40,131"
7954,"456,271,0"
7955,"160,40"
7956,"161,111,3"
7957,"80,10,64"
7958,"244,40,135"
7959,"418,265,0"
7960,"259,311,426"
7961,"434,1,0"
7962,"80,10,64"
7963,"238,4,3"
7964,"197,60,10"
7965,"401,13,3"
7966,"15,3"
7967,"204,3,13"
7968,"62,24,23"
7969,"108,21,3"
7970,"315,160,40"
7971,"244,135,40"
7972,"241,131,40"
7973,"21,3"
7974,"456,271,0"
7975,"308,8,0"
7976,"80,10,64"
7977,"45,44,145"
7978,"422,216,0"
7979,"163,162,40"
7980,"323,199,170"
7981,"137,38,23"
7982,"478,145,40"
7983,"404,111,3"
7984,"278,277,0"
7985,"134,40,131"
7986,"220,10"
7987,"129,40,128"
7988,"479,208,0"
7989,"221,10,220"
7990,"89,26,23"
7991,"80,10,64"
7992,"46,34,3"
7993,"205,10,11"
7994,"323,199,170"
7995,"431,135,40"
7996,"456,271,0"
7997,"48,21,3"
7998,"194,128,145"
7999,"231,26,23"
8000,"337,426,311"
8001,"401,13,3"
8002,40
8003,"119,111,3"
8004,"402,145,40"
8005,"140,139,40"
8006,"448,64,10"
8007,"116,34,3"
8008,"194,128,145"
8009,"231,23,26"
8010,"350,26,23"
8011,"275,3,111"
8012,"308,8,0"
8013,"124,21,3"
8014,"469,0,288"
8015,"355,271,0"
8016,"237,34,3"
8017,"187,21,3"
8018,"33,21,3"
8019,"44,145,40"
8020,"234,60,21"
8021,"127,21,3"
8022,"87,38,23"
8023,"194,128,145"
8024,"61,60,10"
8025,"182,21,3"
8026,"138,135,40"
8027,"221,10,220"
8028,"366,271,0"
8029,"238,4,3"
8030,"311,169"
8031,"170,169"
8032,"103,23,38"
8033,"17,3"
8034,"420,296,169"
8035,"108,21,3"
8036,"243,184,40"
8037,"115,21,3"
8038,"494,184,40"
8039,"65,64,10"
8040,"263,34,3"
8041,"195,128,40"
8042,"155,139,40"
8043,"456,271,0"
8044,"171,199,170"
8045,"221,220,10"
8046,"52,3,51"
8047,"13,3"
8048,"401,13,3"
8049,"460,296,169"
8050,"168,17,3"
8051,"350,26,23"
8052,"206,8,0"
8053,"300,296,169"
8054,"320,17,3"
8055,"402,145,40"
8056,"245,31,23"
8057,"240,23,38"
8058,"117,3,30"
8059,"107,23,38"
8060,"221,220,10"
8061,"220,10"
8062,"241,131,40"
8063,"128,40"
8064,"181,145,40"
8065,"417,169,296"
8066,"112,3,111"
8067,"301,21,3"
8068,"447,34,3"
8069,"402,145,40"
8070,"194,128,145"
8071,"12,10,11"
8072,"72,44,145"
8073,"138,135,40"
8074,"109,11,10"
8075,"80,64,10"
8076,"185,184,40"
8077,"419,10,11"
8078,"137,23,38"
8079,"108,21,3"
8080,"241,40,131"
8081,"43,24,23"
8082,"89,26,23"
8083,"226,40,131"
8084,"417,169,296"
8085,"130,128,40"
8086,"187,21,3"
8087,"279,249,0"
8088,"425,265,0"
8089,"514,8,0"
8090,"346,313,0"
8091,"430,3,53"
8092,"264,23,38"
8093,"221,220,10"
8094,"199,169"
8095,"259,311,426"
8096,"226,131,40"
8097,"435,3,4"
8098,"326,105,23"
8099,"493,145,40"
8100,"82,23,38"
8101,"171,170,199"
8102,"318,105,23"
8103,"194,128,145"
8104,"447,3,34"
8105,3
8106,"402,145,40"
8107,"33,21,3"
8108,"325,3,53"
8109,"456,271,0"
8110,"315,160,40"
8111,"43,24,23"
8112,"401,13,3"
8113,"263,3,34"
8114,"163,162,40"
8115,"241,131,40"
8116,"36,35,3"
8117,"220,10"
8118,3
8119,"308,8,0"
8120,"55,54,10"
8121,"43,24,23"
8122,"16,15,3"
8123,"140,139,40"
8124,"420,296,169"
8125,"323,170,199"
8126,"11,10"
8127,"67,145,44"
8128,"239,60,10"
8129,"243,184,40"
8130,"107,23,38"
8131,"273,265,0"
8132,"32,31,23"
8133,"315,160,40"
8134,"220,10"
8135,"438,265,0"
8136,"300,296,169"
8137,"523,3,53"
8138,"194,128,145"
8139,"220,10"
8140,"165,23,74"
8141,"187,21,3"
8142,"80,10,64"
8143,"323,199,170"
8144,"300,296,169"
8145,"315,40,160"
8146,"187,21,3"
8147,"447,3,34"
8148,3
8149,"448,64,10"
8150,"300,296,169"
8151,"235,8,0"
8152,"315,160,40"
8153,"1,0"
8154,"522,271,0"
8155,"102,21,3"
8156,"334,160,40"
8157,"182,21,3"
8158,"514,8,0"
8159,"315,160,40"
8160,"186,40,128"
8161,"184,40"
8162,"187,3,21"
8163,"86,85,3"
8164,"54,10"
8165,"189,135,40"
8166,"43,24,23"
8167,"187,21,3"
8168,"97,3,5"
8169,"187,21,3"
8170,"462,255,0"
8171,"264,23,38"
8172,"436,169,170"
8173,"89,26,23"
8174,"291,271,0"
8175,"522,271,0"
8176,"241,131,40"
8177,"176,3,4"
8178,"340,265,0"
8179,"19,3,4"
8180,"63,23,38"
8181,"406,131,40"
8182,"155,139,40"
8183,"137,38,23"
8184,"159,131,40"
8185,"402,145,40"
8186,"311,337,426"
8187,"182,3,21"
8188,"112,111,3"
8189,"498,0,288"
8190,"109,10,11"
8191,"186,128,40"
8192,"316,3,30"
8193,"448,10,64"
8194,"330,28,3"
8195,"137,23,38"
8196,"402,145,40"
8197,"86,85,3"
8198,"87,23,38"
8199,"93,10,64"
8200,"220,10"
8201,"212,211,216"
8202,"369,208,0"
8203,"187,21,3"
8204,"308,8,0"
8205,"206,8,0"
8206,"231,26,23"
8207,"456,271,0"
8208,"406,131,40"
8209,"448,64,10"
8210,"456,271,0"
8211,"205,11,10"
8212,"250,135,40"
8213,"235,8,0"
8214,"62,24,23"
8215,"456,271,0"
8216,"221,220,10"
8217,"18,17,3"
8218,"19,4,3"
8219,"49,24,23"
8220,"187,21,3"
8221,"49,24,23"
8222,"376,0,265"
8223,"126,3,21"
8224,"49,23,24"
8225,"49,24,23"
8226,"94,38,23"
8227,"18,17,3"
8228,"240,23,38"
8229,"258,31,23"
8230,"367,100,40"
8231,"27,26,23"
8232,"382,199,169"
8233,"43,24,23"
8234,"107,38,23"
8235,"308,8,0"
8236,"63,38,23"
8237,"113,28,3"
8238,"383,208,0"
8239,"381,357,0"
8240,"469,288,0"
8241,"43,24,23"
8242,"294,4,3"
8243,"406,131,40"
8244,"315,160,40"
8245,"402,145,40"
8246,"234,60,21"
8247,"488,265,0"
8248,"364,28,3"
8249,"397,0,313"
8250,"32,23,31"
8251,"199,169"
8252,"376,265,0"
8253,"206,8,0"
8254,"80,64,10"
8255,"239,10,60"
8256,"239,60,10"
8257,"21,3"
8258,"239,60,10"
8259,"134,40,131"
8260,"282,111,3"
8261,"323,170,199"
8262,"25,23,24"
8263,"187,21,3"
8264,"438,0,265"
8265,"241,131,40"
8266,"219,30,3"
8267,"181,145,40"
8268,"259,311,426"
8269,"401,13,3"
8270,"438,265,0"
8271,"170,169"
8272,"337,311,426"
8273,"82,23,38"
8274,"182,3,21"
8275,"80,10,64"
8276,"137,38,23"
8277,"139,40"
8278,"66,3,30"
8279,"32,31,23"
8280,"220,10"
8281,"241,131,40"
8282,"16,15,3"
8283,"460,296,169"
8284,"522,271,0"
8285,"134,131,40"
8286,"160,40"
8287,"182,21,3"
8288,"104,30,3"
8289,"238,4,3"
8290,"283,74,23"
8291,"245,31,23"
8292,"80,10,64"
8293,"185,184,40"
8294,"49,24,23"
8295,"206,8,0"
8296,"343,169,199"
8297,"349,265,0"
8298,"134,131,40"
8299,"435,4,3"
8300,"434,1,0"
8301,"483,1,0"
8302,"30,3"
8303,"62,23,24"
8304,"89,26,23"
8305,"108,3,21"
8306,"51,3"
8307,"206,8,0"
8308,"133,5,3"
8309,"126,21,3"
8310,"108,21,3"
8311,"485,313,0"
8312,"90,64,10"
8313,"137,23,38"
8314,"71,24,38"
8315,"182,21,3"
8316,"456,271,0"
8317,"21,3"
8318,"414,60,10"
8319,"49,24,23"
8320,"436,170,169"
8321,"224,41,40"
8322,"43,24,23"
8323,"43,24,23"
8324,"448,64,10"
8325,"90,64,10"
8326,"251,337,296"
8327,"129,128,40"
8328,"80,64,10"
8329,"508,169,426"
8330,"221,220,10"
8331,3
8332,"80,10,64"
8333,"72,44,145"
8334,"435,3,4"
8335,"17,3"
8336,"187,3,21"
8337,"309,23,38"
8338,"187,21,3"
8339,"334,160,40"
8340,"287,53,3"
8341,"204,3,13"
8342,"19,4,3"
8343,"235,8,0"
8344,"93,10,64"
8345,"308,8,0"
8346,"21,3"
8347,"286,40,41"
8348,"245,31,23"
8349,"74,23"
8350,"62,23,24"
8351,"69,44,145"
8352,"376,265,0"
8353,"103,23,38"
8354,"44,145,40"
8355,"412,111,3"
8356,"93,10,64"
8357,"238,4,3"
8358,"175,128,40"
8359,"54,10"
8360,"106,105,23"
8361,"259,311,426"
8362,"171,170,199"
8363,"346,313,0"
8364,"185,184,40"
8365,"361,271,0"
8366,"267,3,111"
8367,"32,31,23"
8368,"11,10"
8369,"66,3,30"
8370,"63,23,38"
8371,"89,26,23"
8372,"187,21,3"
8373,"193,131,40"
8374,"315,160,40"
8375,"18,17,3"
8376,"80,10,64"
8377,"346,313,0"
8378,"16,15,3"
8379,"11,10"
8380,"175,128,40"
8381,"182,21,3"
8382,"497,288,0"
8383,"92,60,10"
8384,"264,23,38"
8385,"376,265,0"
8386,"187,21,3"
8387,"402,145,40"
8388,"182,3,21"
8389,"220,10"
8390,"311,337,426"
8391,"315,160,40"
8392,"340,265,0"
8393,"187,3,21"
8394,"32,23,31"
8395,"187,21,3"
8396,"376,265,0"
8397,"44,145,40"
8398,"171,170,199"
8399,"216,0"
8400,"11,10"
8401,"506,13,3"
8402,"176,4,3"
8403,"343,169,199"
8404,"311,169"
8405,"259,311,426"
8406,"240,23,38"
8407,"264,23,38"
8408,"17,3"
8409,"385,3,5"
8410,"382,199,169"
8411,"370,0,216"
8412,"221,10,220"
8413,"95,54,10"
8414,"93,10,64"
8415,"11,10"
8416,"83,54,10"
8417,"367,100,40"
8418,"275,3,111"
8419,"91,23,38"
8420,"456,271,0"
8421,"448,64,10"
8422,"457,0,218"
8423,"138,135,40"
8424,"134,131,40"
8425,"134,131,40"
8426,"106,105,23"
8427,"231,23,26"
8428,"80,10,64"
8429,"402,145,40"
8430,"248,170,199"
8431,"281,199,169"
8432,"434,1,0"
8433,"448,64,10"
8434,"69,44,145"
8435,"300,296,169"
8436,"56,17,15"
8437,"456,271,0"
8438,"309,23,38"
8439,"85,3"
8440,"386,135,40"
8441,"18,17,3"
8442,"206,8,0"
8443,"108,21,3"
8444,"137,23,38"
8445,"448,64,10"
8446,"259,311,426"
8447,"80,10,64"
8448,"434,1,0"
8449,"228,3,5"
8450,"418,265,0"
8451,"448,64,10"
8452,"68,3,53"
8453,"376,0,265"
8454,"128,40"
8455,"309,23,38"
8456,"197,10,60"
8457,"187,21,3"
8458,"508,169,426"
8459,"425,265,0"
8460,"456,271,0"
8461,"346,313,0"
8462,"457,218,0"
8463,"73,44,145"
8464,"204,13,3"
8465,"315,160,40"
8466,"355,271,0"
8467,"224,41,40"
8468,"193,131,40"
8469,"72,145,44"
8470,"18,17,3"
8471,"434,1,0"
8472,"259,311,426"
8473,"448,64,10"
8474,"282,111,3"
8475,"206,8,0"
8476,"376,265,0"
8477,"323,199,170"
8478,"221,220,10"
8479,"109,11,10"
8480,"325,53,3"
8481,"220,10"
8482,"514,8,0"
8483,"220,10"
8484,"311,426,337"
8485,"220,10"
8486,"87,23,38"
8487,"356,199,169"
8488,"154,21,3"
8489,"241,131,40"
8490,"343,169,199"
8491,"175,128,40"
8492,"230,229,0"
8493,"396,395,40"
8494,"54,10"
8495,"328,31,23"
8496,"272,271,0"
8497,"323,199,170"
8498,"448,64,10"
8499,"311,169"
8500,"143,34,3"
8501,"305,21,3"
8502,"8,0"
8503,"245,31,23"
8504,"427,426,169"
8505,"489,60,10"
8506,"417,169,296"
8507,"237,34,3"
8508,"12,10,11"
8509,"315,160,40"
8510,"137,38,23"
8511,"311,169"
8512,"194,128,145"
8513,"447,3,34"
8514,"436,169,170"
8515,"18,17,3"
8516,"343,169,199"
8517,"251,337,296"
8518,"482,288,0"
8519,"80,64,10"
8520,"356,199,169"
8521,"203,147,3"
8522,"318,105,23"
8523,"355,271,0"
8524,"141,40,135"
8525,"234,60,21"
8526,"308,8,0"
8527,"72,44,145"
8528,"112,111,3"
8529,"241,40,131"
8530,"311,337,426"
8531,"115,21,3"
8532,"53,3"
8533,"435,4,3"
8534,"221,220,10"
8535,"447,3,34"
8536,"73,44,145"
8537,"231,23,26"
8538,"62,24,23"
8539,"457,0,218"
8540,"21,3"
8541,"138,135,40"
8542,"412,111,3"
8543,"187,21,3"
8544,"220,10"
8545,"21,3"
8546,"348,255,0"
8547,"187,21,3"
8548,"283,23,74"
8549,"514,8,0"
8550,"315,160,40"
8551,"212,216,211"
8552,"273,265,0"
8553,"18,17,3"
8554,"325,3,53"
8555,"187,21,3"
8556,"267,111,3"
8557,"337,169"
8558,"91,23,38"
8559,"221,220,10"
8560,"448,64,10"
8561,"221,10,220"
8562,"335,64,10"
8563,"231,26,23"
8564,"448,64,10"
8565,"514,8,0"
8566,"402,145,40"
8567,"323,170,199"
8568,"170,169"
8569,"131,40"
8570,"124,21,3"
8571,3
8572,"221,220,10"
8573,"431,135,40"
8574,"488,265,0"
8575,"123,111,3"
8576,"220,10"
8577,"305,21,3"
8578,"431,40,135"
8579,"43,24,23"
8580,"311,169"
8581,"39,23,38"
8582,"273,265,0"
8583,"182,21,3"
8584,"350,26,23"
8585,"129,128,40"
8586,"204,3,13"
8587,"300,296,169"
8588,"402,145,40"
8589,"105,23"
8590,"334,160,40"
8591,"454,23,31"
8592,"43,24,23"
8593,"195,128,40"
8594,"493,145,40"
8595,"311,169"
8596,"80,64,10"
8597,"482,288,0"
8598,"431,40,135"
8599,"16,15,3"
8600,"195,40,128"
8601,"80,64,10"
8602,"170,169"
8603,"201,41,40"
8604,"334,160,40"
8605,"187,21,3"
8606,"112,111,3"
8607,"109,11,10"
8608,"337,311,426"
8609,"171,170,199"
8610,"187,21,3"
8611,"118,23,74"
8612,"80,10,64"
8613,"69,44,145"
8614,"349,265,0"
8615,"309,23,38"
8616,"291,271,0"
8617,"239,60,10"
8618,"278,277,0"
8619,"323,199,170"
8620,"33,21,3"
8621,"108,3,21"
8622,"261,208,0"
8623,"259,311,426"
8624,"18,17,3"
8625,"226,40,131"
8626,"221,220,10"
8627,"382,199,169"
8628,"315,40,160"
8629,"105,23"
8630,"401,3,13"
8631,"187,21,3"
8632,"350,26,23"
8633,"507,296,169"
8634,"187,21,3"
8635,"379,21,3"
8636,"43,24,23"
8637,"86,85,3"
8638,"241,131,40"
8639,"56,17,15"
8640,"192,23,38"
8641,"315,40,160"
8642,"134,40,131"
8643,"350,26,23"
8644,"72,145,44"
8645,"383,208,0"
8646,"190,3,28"
8647,"77,31,23"
8648,"315,160,40"
8649,"284,111,3"
8650,"48,3,21"
8651,"376,265,0"
8652,"2,1,0"
8653,"306,296,169"
8654,"329,169,170"
8655,"25,23,24"
8656,"48,3,21"
8657,"194,128,145"
8658,"115,21,3"
8659,"49,23,24"
8660,"129,128,40"
8661,"456,271,0"
8662,"72,44,145"
8663,"241,131,40"
8664,"80,10,64"
8665,"226,131,40"
8666,"366,271,0"
8667,"426,169"
8668,"435,4,3"
8669,"346,313,0"
8670,"16,3,15"
8671,"376,0,265"
8672,"220,10"
8673,"438,0,265"
8674,"250,40,135"
8675,3
8676,"90,64,10"
8677,"108,21,3"
8678,"199,169"
8679,"418,265,0"
8680,"259,311,426"
8681,"206,8,0"
8682,"187,21,3"
8683,"108,3,21"
8684,"259,311,426"
8685,"278,277,0"
8686,"259,311,426"
8687,10
8688,"239,60,10"
8689,"206,8,0"
8690,"311,337,426"
8691,"447,34,3"
8692,"126,21,3"
8693,"21,3"
8694,"80,64,10"
8695,"138,135,40"
8696,"448,64,10"
8697,"181,40,145"
8698,"220,10"
8699,"285,8,0"
8700,"291,271,0"
8701,"448,64,10"
8702,"224,41,40"
8703,"33,21,3"
8704,"2,1,0"
8705,"43,24,23"
8706,"141,40,135"
8707,"241,131,40"
8708,"346,313,0"
8709,"2,1,0"
8710,"454,31,23"
8711,"322,54,10"
8712,"355,271,0"
8713,"334,160,40"
8714,"493,145,40"
8715,"171,170,199"
8716,"126,21,3"
8717,"126,21,3"
8718,"93,10,64"
8719,"497,0,288"
8720,"361,271,0"
8721,"286,41,40"
8722,"219,3,30"
8723,"32,31,23"
8724,"244,135,40"
8725,"80,10,64"
8726,"382,199,169"
8727,"49,23,24"
8728,"74,23"
8729,"447,34,3"
8730,"134,131,40"
8731,"469,288,0"
8732,"44,145,40"
8733,"138,135,40"
8734,"123,111,3"
8735,"163,162,40"
8736,"48,21,3"
8737,"80,10,64"
8738,"80,64,10"
8739,"39,38,23"
8740,"49,24,23"
8741,"26,23"
8742,"275,3,111"
8743,"323,199,170"
8744,"220,10"
8745,"482,288,0"
8746,"145,40"
8747,"382,199,169"
8748,"413,277,1"
8749,"501,313,0"
8750,"218,0"
8751,"456,271,0"
8752,"437,145,40"
8753,"455,271,0"
8754,"221,10,220"
8755,"334,160,40"
8756,"340,265,0"
8757,"221,220,10"
8758,"479,208,0"
8759,"154,21,3"
8760,"123,111,3"
8761,"304,216,0"
8762,"311,337,426"
8763,"138,135,40"
8764,"50,3"
8765,"399,265,0"
8766,"32,23,31"
8767,"80,64,10"
8768,"11,10"
8769,"193,131,40"
8770,"444,271,0"
8771,"220,10"
8772,"318,23,105"
8773,"326,105,23"
8774,"241,131,40"
8775,"448,64,10"
8776,"182,21,3"
8777,"340,265,0"
8778,"43,24,23"
8779,"127,21,3"
8780,"295,135,40"
8781,"344,265,0"
8782,"145,40"
8783,"281,199,169"
8784,"259,311,426"
8785,"448,64,10"
8786,"95,54,10"
8787,"43,24,23"
8788,"21,3"
8789,"382,199,169"
8790,"220,10"
8791,"221,220,10"
8792,"438,265,0"
8793,"334,160,40"
8794,"187,3,21"
8795,"204,3,13"
8796,"355,271,0"
8797,"204,13,3"
8798,"80,10,64"
8799,"200,311,337"
8800,"315,160,40"
8801,"206,8,0"
8802,"180,3,120"
8803,"493,145,40"
8804,"32,23,31"
8805,"353,271,0"
8806,"12,10,11"
8807,"49,24,23"
8808,"267,111,3"
8809,"32,31,23"
8810,"346,313,0"
8811,"367,100,40"
8812,"93,10,64"
8813,"2,1,0"
8814,"118,74,23"
8815,"48,21,3"
8816,"115,21,3"
8817,"108,21,3"
8818,"216,0"
8819,"308,8,0"
8820,"92,60,10"
8821,"355,271,0"
8822,"260,169,170"
8823,"421,229,0"
8824,"423,160,40"
8825,"137,23,38"
8826,"16,15,3"
8827,"431,135,40"
8828,"66,3,30"
8829,"514,8,0"
8830,"425,265,0"
8831,"21,3"
8832,"264,23,38"
8833,"430,53,3"
8834,"204,13,3"
8835,"235,8,0"
8836,"493,145,40"
8837,"171,170,199"
8838,"221,10,220"
8839,"346,313,0"
8840,"108,21,3"
8841,"130,128,40"
8842,"84,23,74"
8843,"108,21,3"
8844,"49,23,24"
8845,"500,21,3"
8846,"251,337,296"
8847,"127,3,21"
8848,"146,145,40"
8849,"146,145,40"
8850,"448,64,10"
8851,"163,162,40"
8852,"221,220,10"
8853,"281,199,169"
8854,"259,311,426"
8855,"226,131,40"
8856,"80,10,64"
8857,"264,38,23"
8858,"221,220,10"
8859,"231,23,26"
8860,"448,64,10"
8861,"410,8,0"
8862,"407,4,3"
8863,"448,64,10"
8864,"84,23,74"
8865,"181,40,145"
8866,"334,160,40"
8867,"325,53,3"
8868,"32,31,23"
8869,"187,21,3"
8870,"303,74,23"
8871,"323,199,170"
8872,"72,44,145"
8873,"19,4,3"
8874,"402,145,40"
8875,"160,40"
8876,"104,30,3"
8877,"9,8,0"
8878,"206,8,0"
8879,"171,170,199"
8880,"187,21,3"
8881,"205,10,11"
8882,"311,337,426"
8883,"448,64,10"
8884,"56,15,17"
8885,"496,40,395"
8886,"51,3"
8887,"221,220,10"
8888,"39,23,38"
8889,"347,255,0"
8890,"402,145,40"
8891,"171,170,199"
8892,"346,313,0"
8893,"483,1,0"
8894,"205,10,11"
8895,"108,3,21"
8896,"372,0,255"
8897,"15,3"
8898,"220,10"
8899,"148,3,147"
8900,"206,8,0"
8901,"323,199,170"
8902,"194,128,145"
8903,"259,311,426"
8904,"80,10,64"
8905,"66,30,3"
8906,"176,4,3"
8907,"134,40,131"
8908,"295,135,40"
8909,"186,40,128"
8910,"32,23,31"
8911,"240,23,38"
8912,"430,3,53"
8913,"311,169"
8914,"33,21,3"
8915,"163,162,40"
8916,"494,40,184"
8917,"142,131,40"
8918,"376,0,265"
8919,"215,41,40"
8920,"74,23"
8921,"436,169,170"
8922,"402,145,40"
8923,"57,5,3"
8924,"235,8,0"
8925,"258,31,23"
8926,"130,128,40"
8927,"80,64,10"
8928,"21,3"
8929,"66,3,30"
8930,"376,0,265"
8931,"428,296,169"
8932,"61,60,10"
8933,"80,64,10"
8934,"292,53,3"
8935,"231,26,23"
8936,"121,120,3"
8937,"49,24,23"
8938,"485,313,0"
8939,"199,169"
8940,"502,145,40"
8941,"263,34,3"
8942,"343,199,169"
8943,"220,10"
8944,"256,255,0"
8945,"199,169"
8946,"235,8,0"
8947,"240,23,38"
8948,"60,10"
8949,"376,0,265"
8950,"148,3,147"
8951,"241,131,40"
8952,"143,34,3"
8953,"508,169,426"
8954,"93,10,64"
8955,"138,135,40"
8956,"493,145,40"
8957,"171,170,199"
8958,"340,265,0"
8959,"346,313,0"
8960,"220,10"
8961,"80,10,64"
8962,"224,41,40"
8963,"221,220,10"
8964,"80,64,10"
8965,"264,23,38"
8966,"187,3,21"
8967,"267,111,3"
8968,"238,3,4"
8969,"108,21,3"
8970,"447,3,34"
8971,"309,23,38"
8972,"379,21,3"
8973,"216,0"
8974,"315,160,40"
8975,"325,3,53"
8976,"187,21,3"
8977,"134,131,40"
8978,"73,44,145"
8979,"448,64,10"
8980,"221,220,10"
8981,"144,3,15"
8982,"468,145,44"
8983,"225,3,120"
8984,"417,169,296"
8985,"376,0,265"
8986,"376,0,265"
8987,"89,26,23"
8988,"240,23,38"
8989,"171,170,199"
8990,"35,3"
8991,"315,160,40"
8992,"402,145,40"
8993,"406,131,40"
8994,"350,26,23"
8995,"95,54,10"
8996,"43,24,23"
8997,"315,160,40"
8998,"181,40,145"
8999,"238,4,3"
9000,"123,111,3"
9001,"199,169"
9002,"220,10"
9003,"145,40"
9004,"220,10"
9005,"138,135,40"
9006,"448,64,10"
9007,"28,3"
9008,"402,145,40"
9009,"388,111,3"
9010,"425,265,0"
9011,"318,105,23"
9012,"11,10"
9013,"221,220,10"
9014,"220,10"
9015,"493,145,40"
9016,"112,3,111"
9017,"108,21,3"
9018,"221,10,220"
9019,"59,23,24"
9020,"165,74,23"
9021,"286,41,40"
9022,"228,3,5"
9023,"199,169"
9024,"291,271,0"
9025,"348,255,0"
9026,"18,17,3"
9027,"115,21,3"
9028,"323,199,170"
9029,"61,60,10"
9030,"401,13,3"
9031,"2,1,0"
9032,"244,135,40"
9033,"221,220,10"
9034,"182,21,3"
9035,"230,229,0"
9036,"187,21,3"
9037,"93,10,64"
9038,"311,337,426"
9039,"148,147,3"
9040,"376,0,265"
9041,"49,24,23"
9042,"315,160,40"
9043,"231,23,26"
9044,"301,3,21"
9045,"444,271,0"
9046,"187,21,3"
9047,"448,10,64"
9048,"448,64,10"
9049,"447,3,34"
9050,"220,10"
9051,"366,271,0"
9052,"301,21,3"
9053,"174,4,3"
9054,"220,10"
9055,"17,3"
9056,"112,111,3"
9057,"43,24,23"
9058,"196,160,40"
9059,"32,23,31"
9060,"8,0"
9061,"69,44,145"
9062,"186,128,40"
9063,"371,296,169"
9064,"286,41,40"
9065,"162,40"
9066,"356,199,169"
9067,"74,23"
9068,"18,17,3"
9069,"161,111,3"
9070,"220,10"
9071,"232,23,38"
9072,"80,64,10"
9073,"382,169,199"
9074,"199,169"
9075,"456,271,0"
9076,"80,64,10"
9077,"198,111,3"
9078,"138,135,40"
9079,"325,3,53"
9080,"384,265,0"
9081,"315,160,40"
9082,"80,64,10"
9083,"308,8,0"
9084,"431,40,135"
9085,3
9086,"340,265,0"
9087,"206,8,0"
9088,"457,0,218"
9089,"15,3"
9090,"448,10,64"
9091,"431,135,40"
9092,"281,199,169"
9093,"206,8,0"
9094,"323,170,199"
9095,"16,15,3"
9096,"187,3,21"
9097,"80,10,64"
9098,"311,169"
9099,"19,4,3"
9100,"49,24,23"
9101,"197,10,60"
9102,"181,40,145"
9103,"271,0"
9104,"91,23,38"
9105,"141,40,135"
9106,"220,10"
9107,"234,60,21"
9108,"205,10,11"
9109,"95,54,10"
9110,"437,40,145"
9111,"200,311,337"
9112,"315,160,40"
9113,"220,10"
9114,"259,311,426"
9115,"478,145,40"
9116,"108,21,3"
9117,"80,64,10"
9118,"165,23,74"
9119,"303,23,74"
9120,"128,40"
9121,"330,28,3"
9122,"202,3,111"
9123,"376,265,0"
9124,"220,10"
9125,"77,31,23"
9126,"56,15,17"
9127,"376,0,265"
9128,"456,271,0"
9129,"74,23"
9130,"123,111,3"
9131,"205,11,10"
9132,"53,3"
9133,"106,105,23"
9134,"240,23,38"
9135,"402,145,40"
9136,"181,145,40"
9137,"423,160,40"
9138,"32,23,31"
9139,"234,60,21"
9140,"73,44,145"
9141,"128,40"
9142,"220,10"
9143,"104,3,30"
9144,"426,169"
9145,"32,23,31"
9146,"194,128,145"
9147,"340,265,0"
9148,"229,0"
9149,"350,26,23"
9150,"251,337,296"
9151,"181,40,145"
9152,"320,17,3"
9153,"221,220,10"
9154,"300,296,169"
9155,"187,21,3"
9156,"19,4,3"
9157,"137,23,38"
9158,"326,105,23"
9159,"512,218,0"
9160,"336,296,169"
9161,"175,128,40"
9162,"89,26,23"
9163,"171,170,199"
9164,"80,10,64"
9165,"448,64,10"
9166,"214,213,0"
9167,"187,21,3"
9168,"52,51,3"
9169,"318,105,23"
9170,"399,265,0"
9171,"118,23,74"
9172,"199,169"
9173,"350,26,23"
9174,"11,10"
9175,"108,3,21"
9176,"206,8,0"
9177,"448,64,10"
9178,"431,135,40"
9179,"43,24,23"
9180,"80,64,10"
9181,"21,3"
9182,"220,10"
9183,"66,3,30"
9184,"12,11,10"
9185,"95,54,10"
9186,"130,128,40"
9187,"206,8,0"
9188,"168,17,3"
9189,"382,169,199"
9190,"181,40,145"
9191,"448,64,10"
9192,"95,54,10"
9193,"313,0"
9194,"315,40,160"
9195,"386,135,40"
9196,"340,265,0"
9197,"311,337,426"
9198,"170,169"
9199,"327,8,0"
9200,"126,21,3"
9201,"221,220,10"
9202,"18,17,3"
9203,"80,10,64"
9204,"430,53,3"
9205,"187,21,3"
9206,"187,21,3"
9207,40
9208,"456,271,0"
9209,"322,54,10"
9210,"343,169,199"
9211,"308,8,0"
9212,"54,10"
9213,"228,3,5"
9214,"322,54,10"
9215,"402,145,40"
9216,"382,199,169"
9217,"304,216,0"
9218,"126,21,3"
9219,"220,10"
9220,"44,145,40"
9221,"437,145,40"
9222,"204,3,13"
9223,"80,64,10"
9224,"263,34,3"
9225,"287,53,3"
9226,"448,64,10"
9227,"2,1,0"
9228,"181,145,40"
9229,"366,271,0"
9230,"459,170,169"
9231,"80,10,64"
9232,"187,21,3"
9233,"493,145,40"
9234,"334,160,40"
9235,"315,160,40"
9236,"418,265,0"
9237,"287,53,3"
9238,"206,8,0"
9239,"420,296,169"
9240,"180,3,120"
9241,"194,128,145"
9242,"221,10,220"
9243,"355,271,0"
9244,"340,265,0"
9245,"135,40"
9246,"137,23,38"
9247,"249,0"
9248,"337,426,311"
9249,"488,265,0"
9250,"145,40"
9251,"80,64,10"
9252,"90,64,10"
9253,"48,21,3"
9254,"397,0,313"
9255,"251,337,296"
9256,"303,23,74"
9257,"27,26,23"
9258,"86,85,3"
9259,"199,169"
9260,"323,199,170"
9261,"74,23"
9262,"236,135,40"
9263,"493,145,40"
9264,"187,21,3"
9265,"72,44,145"
9266,"52,51,3"
9267,"355,271,0"
9268,"330,28,3"
9269,"171,170,199"
9270,"214,213,0"
9271,"129,128,40"
9272,"205,11,10"
9273,"300,296,169"
9274,"198,3,111"
9275,"264,23,38"
9276,"382,169,199"
9277,"137,23,38"
9278,"154,21,3"
9279,"523,53,3"
9280,"93,10,64"
9281,"21,3"
9282,"315,160,40"
9283,"80,10,64"
9284,"170,169"
9285,"220,10"
9286,"84,23,74"
9287,"240,23,38"
9288,"187,21,3"
9289,"430,53,3"
9290,"89,26,23"
9291,"221,220,10"
9292,"506,13,3"
9293,"228,5,3"
9294,"205,10,11"
9295,"346,313,0"
9296,"301,21,3"
9297,"315,40,160"
9298,"354,216,0"
9299,"137,23,38"
9300,"81,30,3"
9301,"401,3,13"
9302,"80,10,64"
9303,"376,265,0"
9304,"187,21,3"
9305,"343,199,169"
9306,"163,162,40"
9307,"77,31,23"
9308,"205,11,10"
9309,"19,4,3"
9310,"93,64,10"
9311,"448,64,10"
9312,"467,53,3"
9313,"89,26,23"
9314,"448,64,10"
9315,"201,41,40"
9316,"204,13,3"
9317,"228,5,3"
9318,"176,4,3"
9319,"188,3,4"
9320,"240,23,38"
9321,"263,34,3"
9322,"197,60,10"
9323,"323,199,170"
9324,"286,41,40"
9325,"361,271,0"
9326,"251,337,296"
9327,"215,40,41"
9328,"221,220,10"
9329,"103,23,38"
9330,"187,21,3"
9331,"22,3,21"
9332,"153,139,40"
9333,"80,64,10"
9334,"19,3,4"
9335,"49,24,23"
9336,"435,4,3"
9337,"119,111,3"
9338,"141,135,40"
9339,"168,17,3"
9340,"239,60,10"
9341,"259,311,426"
9342,"80,10,64"
9343,"118,23,74"
9344,"317,23,74"
9345,"108,21,3"
9346,"243,184,40"
9347,"291,271,0"
9348,"402,145,40"
9349,"214,213,0"
9350,"340,265,0"
9351,"170,169"
9352,"148,3,147"
9353,"322,54,10"
9354,"346,313,0"
9355,"435,4,3"
9356,"171,170,199"
9357,"187,21,3"
9358,"431,135,40"
9359,"311,337,426"
9360,"108,21,3"
9361,"206,8,0"
9362,"171,170,199"
9363,"182,21,3"
9364,"343,199,169"
9365,"21,3"
9366,"43,24,23"
9367,"248,199,170"
9368,"308,0,8"
9369,"14,13,3"
9370,"518,3,28"
9371,"19,3,4"
9372,"156,3,147"
9373,"66,30,3"
9374,"160,40"
9375,"220,10"
9376,"291,271,0"
9377,"448,64,10"
9378,"43,24,23"
9379,"257,216,0"
9380,"141,40,135"
9381,"308,8,0"
9382,"96,31,23"
9383,"118,23,74"
9384,"206,8,0"
9385,"323,170,199"
9386,"497,0,288"
9387,"206,8,0"
9388,"334,160,40"
9389,"423,160,40"
9390,"206,8,0"
9391,"468,145,44"
9392,"148,147,3"
9393,"346,313,0"
9394,"488,265,0"
9395,"300,296,169"
9396,"194,128,145"
9397,"438,265,0"
9398,"43,24,23"
9399,"325,53,3"
9400,"50,3"
9401,"76,23"
9402,"497,0,288"
9403,"315,160,40"
9404,"323,199,170"
9405,"163,40,162"
9406,"93,64,10"
9407,"48,21,3"
9408,"160,40"
9409,"322,54,10"
9410,"129,128,40"
9411,"334,160,40"
9412,"300,296,169"
9413,"231,26,23"
9414,"44,145,40"
9415,"49,24,23"
9416,"80,10,64"
9417,"144,3,15"
9418,"245,31,23"
9419,"239,60,10"
9420,"52,51,3"
9421,"497,0,288"
9422,"248,199,170"
9423,"194,145,128"
9424,"14,13,3"
9425,"332,53,3"
9426,"19,4,3"
9427,"54,10"
9428,"18,17,3"
9429,"259,311,426"
9430,"12,10,11"
9431,"463,255,0"
9432,3
9433,"187,21,3"
9434,"346,313,0"
9435,"325,53,3"
9436,"221,220,10"
9437,"81,3,30"
9438,"323,199,170"
9439,"431,135,40"
9440,"226,131,40"
9441,"48,21,3"
9442,"160,40"
9443,"291,271,0"
9444,"345,23,24"
9445,"231,23,26"
9446,"355,271,0"
9447,"382,169,199"
9448,"402,145,40"
9449,"33,21,3"
9450,"22,21,3"
9451,"497,0,288"
9452,"206,8,0"
9453,"80,10,64"
9454,"93,10,64"
9455,"514,8,0"
9456,"257,216,0"
9457,"194,145,128"
9458,"231,26,23"
9459,"508,169,426"
9460,23
9461,"391,8,0"
9462,"187,21,3"
9463,"108,3,21"
9464,"8,0"
9465,"138,135,40"
9466,"83,54,10"
9467,"514,8,0"
9468,"298,135,40"
9469,"181,145,40"
9470,"406,131,40"
9471,"33,3,21"
9472,"454,31,23"
9473,"402,145,40"
9474,"304,216,0"
9475,"142,40,131"
9476,"188,3,4"
9477,"221,220,10"
9478,"448,64,10"
9479,"118,74,23"
9480,"402,145,40"
9481,"343,169,199"
9482,"448,64,10"
9483,"370,0,216"
9484,"73,44,145"
9485,"121,120,3"
9486,"41,40"
9487,"368,184,40"
9488,"397,313,0"
9489,"332,3,53"
9490,"187,21,3"
9491,"206,8,0"
9492,"15,3"
9493,"212,211,216"
9494,"206,8,0"
9495,"485,313,0"
9496,"275,3,111"
9497,"80,64,10"
9498,"129,128,40"
9499,"388,3,111"
9500,"333,296,169"
9501,"315,160,40"
9502,"165,23,74"
9503,"221,220,10"
9504,"220,10"
9505,"139,40"
9506,"206,8,0"
9507,"453,208,0"
9508,"315,160,40"
9509,"259,311,426"
9510,"205,11,10"
9511,"456,271,0"
9512,"228,5,3"
9513,"109,11,10"
9514,"304,216,0"
9515,"506,13,3"
9516,"343,169,199"
9517,"108,21,3"
9518,"80,64,10"
9519,"311,169"
9520,"32,31,23"
9521,"356,199,169"
9522,"187,21,3"
9523,"251,337,296"
9524,"286,41,40"
9525,"402,145,40"
9526,"291,271,0"
9527,"343,169,199"
9528,"204,3,13"
9529,"187,21,3"
9530,"19,4,3"
9531,"89,26,23"
9532,"448,64,10"
9533,"216,0"
9534,"18,17,3"
9535,"257,216,0"
9536,"103,23,38"
9537,"68,53,3"
9538,"69,44,145"
9539,"369,208,0"
9540,"66,3,30"
9541,"80,64,10"
9542,"456,271,0"
9543,"452,296,169"
9544,"221,220,10"
9545,"48,3,21"
9546,"346,313,0"
9547,"43,24,23"
9548,"408,128,40"
9549,"129,128,40"
9550,"21,3"
9551,"458,277,0"
9552,"380,216,0"
9553,"423,160,40"
9554,"163,162,40"
9555,"238,4,3"
9556,"448,64,10"
9557,"205,10,11"
9558,"241,131,40"
9559,"448,10,64"
9560,"221,220,10"
9561,"171,170,199"
9562,"221,220,10"
9563,"62,24,23"
9564,"146,145,40"
9565,"170,169"
9566,"12,11,10"
9567,"49,24,23"
9568,"43,24,23"
9569,"402,145,40"
9570,"200,311,337"
9571,"71,38,24"
9572,"241,131,40"
9573,"336,296,169"
9574,"187,3,21"
9575,"220,10"
9576,"456,271,0"
9577,"108,21,3"
9578,"448,64,10"
9579,"410,8,0"
9580,"434,1,0"
9581,"21,3"
9582,"43,24,23"
9583,"207,28,3"
9584,"423,160,40"
9585,"498,0,288"
9586,"402,145,40"
9587,"212,211,216"
9588,"238,4,3"
9589,"170,169"
9590,"182,21,3"
9591,"90,10,64"
9592,"406,40,131"
9593,"343,169,199"
9594,"32,31,23"
9595,"32,23,31"
9596,"30,3"
9597,"131,40"
9598,"506,13,3"
9599,"446,0,218"
9600,"130,128,40"
9601,"118,23,74"
9602,"18,17,3"
9603,"425,265,0"
9604,"91,23,38"
9605,"241,131,40"
9606,"32,31,23"
9607,"189,40,135"
9608,"170,169"
9609,"518,28,3"
9610,"83,54,10"
9611,"182,21,3"
9612,"206,8,0"
9613,"240,23,38"
9614,"33,3,21"
9615,"19,4,3"
9616,"259,311,426"
9617,"221,10,220"
9618,"100,40"
9619,"384,265,0"
9620,"241,131,40"
9621,"336,169,296"
9622,"97,5,3"
9623,"399,265,0"
9624,"448,10,64"
9625,"459,170,169"
9626,"187,21,3"
9627,"337,311,426"
9628,"311,169"
9629,"493,145,40"
9630,"484,255,0"
9631,"43,24,23"
9632,"108,21,3"
9633,"418,265,0"
9634,"206,8,0"
9635,"171,170,199"
9636,"49,24,23"
9637,"257,216,0"
9638,"493,145,40"
9639,"315,160,40"
9640,"194,128,145"
9641,"80,10,64"
9642,"311,337,426"
9643,"239,60,10"
9644,"374,199,169"
9645,"240,23,38"
9646,"148,3,147"
9647,"186,40,128"
9648,"71,24,38"
9649,"325,53,3"
9650,"171,170,199"
9651,"224,41,40"
9652,"226,131,40"
9653,"418,265,0"
9654,"77,31,23"
9655,"315,160,40"
9656,"43,24,23"
9657,"137,23,38"
9658,"182,3,21"
9659,"93,64,10"
9660,"43,24,23"
9661,"61,60,10"
9662,"165,23,74"
9663,"2,0,1"
9664,"311,337,426"
9665,"220,10"
9666,"199,169"
9667,"68,53,3"
9668,"182,21,3"
9669,"181,40,145"
9670,"259,311,426"
9671,"323,170,199"
9672,"134,131,40"
9673,"104,3,30"
9674,"187,21,3"
9675,"80,10,64"
9676,"11,10"
9677,"32,31,23"
9678,"26,23"
9679,"404,111,3"
9680,"33,21,3"
9681,"21,3"
9682,"66,3,30"
9683,"290,23,31"
9684,"220,10"
9685,"220,10"
9686,"259,311,426"
9687,"259,311,426"
9688,"343,199,169"
9689,"138,135,40"
9690,"182,21,3"
9691,"48,21,3"
9692,"155,139,40"
9693,"329,169,170"
9694,"148,3,147"
9695,"11,10"
9696,"304,216,0"
9697,"221,220,10"
9698,"406,40,131"
9699,"475,218,0"
9700,"220,10"
9701,"462,255,0"
9702,"430,53,3"
9703,"170,169"
9704,"118,74,23"
9705,"137,38,23"
9706,"402,145,40"
9707,"402,145,40"
9708,"455,271,0"
9709,"323,170,199"
9710,"323,170,199"
9711,"414,10,60"
9712,"102,21,3"
9713,"204,3,13"
9714,"170,169"
9715,"448,64,10"
9716,"187,21,3"
9717,"259,311,426"
9718,"323,199,170"
9719,"72,145,44"
9720,"444,0,271"
9721,"346,313,0"
9722,"182,21,3"
9723,"148,3,147"
9724,"21,3"
9725,"108,21,3"
9726,"4,3"
9727,"163,40,162"
9728,"264,23,38"
9729,"448,64,10"
9730,"84,23,74"
9731,"372,255,0"
9732,"334,160,40"
9733,"456,271,0"
9734,"18,17,3"
9735,"309,23,38"
9736,"187,21,3"
9737,"93,10,64"
9738,"238,4,3"
9739,"241,131,40"
9740,"194,128,145"
9741,"220,10"
9742,"438,265,0"
9743,"448,64,10"
9744,"71,24,38"
9745,"73,44,145"
9746,"201,41,40"
9747,"435,3,4"
9748,"25,24,23"
9749,"87,23,38"
9750,"304,216,0"
9751,"248,199,170"
9752,"346,313,0"
9753,"514,8,0"
9754,"61,60,10"
9755,"220,10"
9756,"402,145,40"
9757,"226,131,40"
9758,"22,3,21"
9759,"73,44,145"
9760,"107,23,38"
9761,"80,64,10"
9762,"115,21,3"
9763,"220,10"
9764,"187,21,3"
9765,"187,21,3"
9766,"187,21,3"
9767,"72,44,145"
9768,"323,199,170"
9769,"187,3,21"
9770,"221,220,10"
9771,"19,4,3"
9772,"185,184,40"
9773,"473,10,64"
9774,"87,38,23"
9775,"146,145,40"
9776,"90,64,10"
9777,"21,3"
9778,"259,311,426"
9779,"287,53,3"
9780,"187,3,21"
9781,"170,169"
9782,"181,145,40"
9783,"397,313,0"
9784,"171,170,199"
9785,3
9786,"397,313,0"
9787,"349,265,0"
9788,"187,21,3"
9789,"130,128,40"
9790,"240,38,23"
9791,"323,170,199"
9792,"323,199,170"
9793,"241,131,40"
9794,"45,44,145"
9795,"43,24,23"
9796,"181,145,40"
9797,"159,40,131"
9798,"163,162,40"
9799,"221,220,10"
9800,"43,24,23"
9801,"187,21,3"
9802,"386,135,40"
9803,"177,3,30"
9804,"366,271,0"
9805,"18,17,3"
9806,"87,23,38"
9807,"182,21,3"
9808,"382,199,169"
9809,"467,53,3"
9810,"21,3"
9811,"323,199,170"
9812,"187,21,3"
9813,"43,24,23"
9814,"493,145,40"
9815,"315,160,40"
9816,"48,21,3"
9817,"206,8,0"
9818,"18,17,3"
9819,"448,64,10"
9820,"326,105,23"
9821,"106,105,23"
9822,"376,0,265"
9823,"406,40,131"
9824,"17,3"
9825,"137,23,38"
9826,"524,145,40"
9827,"328,31,23"
9828,"309,23,38"
9829,"259,311,426"
9830,"161,111,3"
9831,"108,3,21"
9832,"187,21,3"
9833,"144,3,15"
9834,"72,44,145"
9835,"456,271,0"
9836,"16,15,3"
9837,"220,10"
9838,"43,24,23"
9839,"374,169,199"
9840,"311,169"
9841,"4,3"
9842,"240,23,38"
9843,"402,145,40"
9844,"43,24,23"
9845,"315,160,40"
9846,"264,23,38"
9847,"291,271,0"
9848,"493,145,40"
9849,"90,64,10"
9850,"418,265,0"
9851,"301,3,21"
9852,"346,313,0"
9853,"43,24,23"
9854,"514,8,0"
9855,"108,21,3"
9856,"224,41,40"
9857,"221,220,10"
9858,"80,64,10"
9859,"451,3,50"
9860,"31,23"
9861,"431,135,40"
9862,"301,3,21"
9863,"326,105,23"
9864,"328,31,23"
9865,"372,255,0"
9866,"115,21,3"
9867,"187,21,3"
9868,"199,169"
9869,"186,128,40"
9870,"11,10"
9871,"157,3,120"
9872,"82,23,38"
9873,"311,337,426"
9874,"171,170,199"
9875,"275,3,111"
9876,"501,313,0"
9877,"228,3,5"
9878,"424,271,218"
9879,"42,41,40"
9880,"456,271,0"
9881,"343,199,169"
9882,"187,21,3"
9883,"343,199,169"
9884,"220,10"
9885,"346,313,0"
9886,"217,3,120"
9887,"406,40,131"
9888,"143,34,3"
9889,"469,288,0"
9890,"25,24,23"
9891,"174,4,3"
9892,"448,64,10"
9893,"171,170,199"
9894,"315,160,40"
9895,"225,3,120"
9896,"417,169,296"
9897,"52,51,3"
9898,"376,0,265"
9899,"48,21,3"
9900,"350,26,23"
9901,"328,31,23"
9902,"498,288,0"
9903,"448,64,10"
9904,"448,64,10"
9905,"224,41,40"
9906,"498,0,288"
9907,"96,31,23"
9908,"315,160,40"
9909,"115,3,21"
9910,"163,162,40"
9911,"418,0,265"
9912,"109,11,10"
9913,"448,64,10"
9914,"376,265,0"
9915,"230,229,0"
9916,"263,34,3"
9917,"137,23,38"
9918,"417,296,169"
9919,"71,24,38"
9920,"58,17,3"
9921,"149,41,40"
9922,"263,34,3"
9923,"115,21,3"
9924,"431,135,40"
9925,"315,40,160"
9926,"159,131,40"
9927,"11,10"
9928,"493,145,40"
9929,"18,17,3"
9930,"156,3,147"
9931,"199,169"
9932,"80,10,64"
9933,"337,311,426"
9934,"224,41,40"
9935,3
9936,"204,13,3"
9937,"456,271,0"
9938,"457,0,218"
9939,"251,337,296"
9940,"182,3,21"
9941,"323,199,170"
9942,"175,128,40"
9943,"239,60,10"
9944,"448,64,10"
9945,"214,213,0"
9946,"488,265,0"
9947,"206,8,0"
9948,"85,3"
9949,"96,31,23"
9950,"221,220,10"
9951,"206,8,0"
9952,"343,199,169"
9953,"221,220,10"
9954,"158,85,3"
9955,"301,21,3"
9956,"66,30,3"
9957,"378,13,3"
9958,"42,41,40"
9959,"15,3"
9960,"310,3,28"
9961,"221,220,10"
9962,"163,162,40"
9963,"131,40"
9964,"187,21,3"
9965,"301,21,3"
9966,"251,337,296"
9967,"80,10,64"
9968,"311,169"
9969,"77,31,23"
9970,"148,3,147"
9971,"187,21,3"
9972,"131,40"
9973,"284,3,111"
9974,"128,40"
9975,"171,170,199"
9976,"187,3,21"
9977,"425,265,0"
9978,"478,145,40"
9979,"448,10,64"
9980,"115,3,21"
9981,"221,10,220"
9982,"220,10"
9983,"354,216,0"
9984,"52,51,3"
9985,"187,3,21"
9986,"438,0,265"
9987,"318,105,23"
9988,"498,288,0"
9989,"294,4,3"
9990,"139,40"
9991,"185,184,40"
9992,"80,10,64"
9993,"311,337,426"
9994,"325,3,53"
9995,"221,220,10"
9996,"397,313,0"
9997,"91,23,38"
9998,"171,170,199"
9999,"346,313,0"
10000,"418,265,0"
10001,"144,3,15"
10002,"212,211,216"
10003,"337,311,426"
10004,"19,4,3"
10005,"421,229,0"
10006,"221,220,10"
10007,"354,216,0"
10008,"226,131,40"
10009,"80,64,10"
10010,"220,10"
10011,"170,169"
10012,"490,265,0"
10013,"187,21,3"
10014,"386,135,40"
10015,"108,3,21"
10016,"334,160,40"
10017,"323,170,199"
10018,"146,40,145"
10019,"291,271,0"
10020,"379,3,21"
10021,"334,160,40"
10022,"315,40,160"
10023,"402,145,40"
10024,"312,311,426"
10025,"43,24,23"
10026,"457,0,218"
10027,"346,313,0"
10028,"48,21,3"
10029,"152,151,40"
10030,"182,21,3"
10031,"229,0"
10032,"220,10"
10033,"379,21,3"
10034,"312,426,311"
10035,"204,13,3"
10036,"374,169,199"
10037,"53,3"
10038,"43,24,23"
10039,"201,41,40"
10040,"93,10,64"
10041,"231,26,23"
10042,"146,40,145"
10043,40
10044,"247,160,40"
10045,"69,44,145"
10046,"71,24,38"
10047,"220,10"
10048,"315,160,40"
10049,"69,44,145"
10050,"33,21,3"
10051,"145,40"
10052,"399,265,0"
10053,"206,8,0"
10054,"21,3"
10055,"187,21,3"
10056,"148,147,3"
10057,"259,311,426"
10058,"506,13,3"
10059,"18,17,3"
10060,"303,23,74"
10061,"311,169"
10062,"376,265,0"
10063,"484,0,255"
10064,"337,311,426"
10065,"239,60,10"
10066,"185,184,40"
10067,"431,135,40"
10068,"448,64,10"
10069,"221,220,10"
10070,"435,4,3"
10071,"187,21,3"
10072,"221,220,10"
10073,"240,23,38"
10074,"42,41,40"
10075,"241,40,131"
10076,"19,4,3"
10077,"448,64,10"
10078,"206,8,0"
10079,"171,170,199"
10080,"145,40"
10081,"80,64,10"
10082,"16,15,3"
10083,"478,40,145"
10084,"89,26,23"
10085,"108,21,3"
10086,"160,40"
10087,"55,54,10"
10088,"129,128,40"
10089,"187,3,21"
10090,"366,271,0"
10091,"124,21,3"
10092,"204,13,3"
10093,"324,41,40"
10094,"66,3,30"
10095,"221,10,220"
10096,"303,74,23"
10097,"110,53,3"
10098,"108,21,3"
10099,"200,311,337"
10100,"401,13,3"
10101,"364,28,3"
10102,"325,3,53"
10103,"291,271,0"
10104,"194,128,145"
10105,"25,23,24"
10106,"447,3,34"
10107,"204,13,3"
10108,"448,64,10"
10109,"508,169,426"
10110,"259,311,426"
10111,"438,0,265"
10112,"281,199,169"
10113,"108,21,3"
10114,"80,64,10"
10115,"241,40,131"
10116,"434,1,0"
10117,"221,220,10"
10118,"304,216,0"
10119,"104,3,30"
10120,"21,3"
10121,"221,220,10"
10122,"260,170,169"
10123,"376,0,265"
10124,"259,311,426"
10125,"323,199,170"
10126,"221,220,10"
10127,"80,10,64"
10128,"456,271,0"
10129,"264,23,38"
10130,"138,135,40"
10131,"209,0,208"
10132,"370,216,0"
10133,"301,21,3"
10134,"187,3,21"
10135,"376,265,0"
10136,"323,170,199"
10137,"311,169"
10138,"54,10"
10139,"275,3,111"
10140,"456,271,0"
10141,"12,11,10"
10142,"343,169,199"
10143,"259,311,426"
10144,"213,0"
10145,"145,40"
10146,"138,135,40"
10147,"291,271,0"
10148,"455,271,0"
10149,"176,3,4"
10150,"323,170,199"
10151,"224,41,40"
10152,"220,10"
10153,"130,128,40"
10154,"14,13,3"
10155,"48,21,3"
10156,"315,160,40"
10157,"453,0,208"
10158,"343,199,169"
10159,"49,24,23"
10160,"89,23,26"
10161,"448,64,10"
10162,"159,40,131"
10163,"49,24,23"
10164,"18,17,3"
10165,"311,337,426"
10166,"72,145,44"
10167,"355,271,0"
10168,"402,145,40"
10169,"80,64,10"
10170,"25,24,23"
10171,"297,265,0"
10172,"108,3,21"
10173,"148,3,147"
10174,"204,13,3"
10175,"182,21,3"
10176,"187,21,3"
10177,"185,184,40"
10178,"108,21,3"
10179,"187,21,3"
10180,"181,40,145"
10181,"315,160,40"
10182,"259,311,426"
10183,"72,44,145"
10184,"311,337,426"
10185,"236,135,40"
10186,"102,21,3"
10187,"46,34,3"
10188,"181,145,40"
10189,"221,220,10"
10190,"194,128,145"
10191,"315,40,160"
10192,"80,10,64"
10193,"264,23,38"
10194,"524,145,40"
10195,"437,145,40"
10196,"448,64,10"
10197,"148,3,147"
10198,"80,64,10"
10199,"118,23,74"
10200,"241,131,40"
10201,3
10202,"344,265,0"
10203,"220,10"
10204,"221,220,10"
10205,"54,10"
10206,"72,44,145"
10207,"376,265,0"
10208,"343,169,199"
10209,"80,10,64"
10210,"120,3"
10211,"419,10,11"
10212,"91,23,38"
10213,"402,145,40"
10214,"350,26,23"
10215,"205,11,10"
10216,"80,10,64"
10217,"464,277,1"
10218,"187,21,3"
10219,"316,30,3"
10220,"239,10,60"
10221,"321,271,0"
10222,"124,21,3"
10223,"127,21,3"
10224,"240,23,38"
10225,"89,26,23"
10226,"130,128,40"
10227,"194,145,128"
10228,"187,21,3"
10229,"384,265,0"
10230,"182,21,3"
10231,"6,5,3"
10232,"244,40,135"
10233,"267,111,3"
10234,"456,271,0"
10235,"80,64,10"
10236,"221,220,10"
10237,"138,135,40"
10238,"438,265,0"
10239,"160,40"
10240,"182,3,21"
10241,"91,23,38"
10242,"355,271,0"
10243,"251,337,296"
10244,"456,271,0"
10245,"493,145,40"
10246,"402,145,40"
10247,"275,3,111"
10248,"436,169,170"
10249,3
10250,"206,8,0"
10251,"283,74,23"
10252,"438,265,0"
10253,"308,8,0"
10254,"448,64,10"
10255,"102,21,3"
10256,"350,26,23"
10257,"469,288,0"
10258,"511,313,0"
10259,"391,8,0"
10260,"308,8,0"
10261,"187,3,21"
10262,"448,64,10"
10263,"326,105,23"
10264,"187,3,21"
10265,"315,160,40"
10266,"53,3"
10267,"425,265,0"
10268,"239,60,10"
10269,"323,199,170"
10270,"15,3"
10271,"32,31,23"
10272,"334,160,40"
10273,"108,21,3"
10274,"340,265,0"
10275,"185,184,40"
10276,"346,313,0"
10277,"187,21,3"
10278,"15,3"
10279,"90,64,10"
10280,"241,131,40"
10281,"60,10"
10282,"215,41,40"
10283,"297,265,0"
10284,"44,145,40"
10285,"33,21,3"
10286,"221,220,10"
10287,"61,60,10"
10288,"80,10,64"
10289,"311,337,426"
10290,"194,128,145"
10291,"21,3"
10292,"80,64,10"
10293,"437,40,145"
10294,"220,10"
10295,"283,74,23"
10296,"187,3,21"
10297,"72,44,145"
10298,"67,44,145"
10299,"138,135,40"
10300,"308,8,0"
10301,"456,271,0"
10302,"194,128,145"
10303,"187,21,3"
10304,"21,3"
10305,"488,265,0"
10306,"21,3"
10307,"48,21,3"
10308,"146,145,40"
10309,"12,11,10"
10310,"99,3,53"
10311,"33,3,21"
10312,"315,160,40"
10313,"402,145,40"
10314,"386,135,40"
10315,"187,21,3"
10316,"25,24,23"
10317,"108,21,3"
10318,"340,265,0"
10319,"170,169"
10320,"129,128,40"
10321,"254,216,0"
10322,"18,17,3"
10323,"221,220,10"
10324,"514,8,0"
10325,"126,21,3"
10326,"49,23,24"
10327,"43,24,23"
10328,"21,3"
10329,"183,4,3"
10330,"485,313,0"
10331,"48,21,3"
10332,"195,128,40"
10333,"289,288,0"
10334,"43,24,23"
10335,3
10336,"397,0,313"
10337,"469,288,0"
10338,"343,199,169"
10339,"18,17,3"
10340,"258,31,23"
10341,3
10342,"455,271,0"
10343,"146,145,40"
10344,"137,38,23"
10345,23
10346,"514,8,0"
10347,"444,271,0"
10348,"241,40,131"
10349,"96,31,23"
10350,"127,21,3"
10351,"448,64,10"
10352,"33,21,3"
10353,"181,145,40"
10354,"425,265,0"
10355,"460,296,169"
10356,"126,21,3"
10357,"356,199,169"
10358,"118,74,23"
10359,"187,3,21"
10360,"437,145,40"
10361,"74,23"
10362,"69,44,145"
10363,"148,3,147"
10364,"27,26,23"
10365,"251,337,296"
10366,"83,54,10"
10367,"351,218,0"
10368,"493,145,40"
10369,"402,145,40"
10370,"354,216,0"
10371,"402,145,40"
10372,"2,1,0"
10373,"267,111,3"
10374,"96,31,23"
10375,"175,128,40"
10376,"74,23"
10377,"237,34,3"
10378,"323,199,170"
10379,"368,40,184"
10380,"205,11,10"
10381,"311,169"
10382,"340,265,0"
10383,"402,145,40"
10384,"226,40,131"
10385,"402,145,40"
10386,"188,3,4"
10387,"385,3,5"
10388,"239,60,10"
10389,"264,23,38"
10390,"457,0,218"
10391,"80,64,10"
10392,"319,211,0"
10393,"238,4,3"
10394,"20,3,13"
10395,"48,21,3"
10396,"7,4,3"
10397,"245,31,23"
10398,"341,265,0"
10399,"241,131,40"
10400,"240,23,38"
10401,"234,21,60"
10402,"454,31,23"
10403,"311,337,426"
10404,"73,44,145"
10405,"95,54,10"
10406,"187,3,21"
10407,"148,3,147"
10408,"323,199,170"
10409,"96,31,23"
10410,"290,31,23"
10411,"126,21,3"
10412,"327,8,0"
10413,"346,313,0"
10414,"115,21,3"
10415,"194,128,145"
10416,"241,131,40"
10417,"238,3,4"
10418,"340,265,0"
10419,"12,10,11"
10420,"460,296,169"
10421,"80,64,10"
10422,"93,10,64"
10423,"80,10,64"
10424,"123,111,3"
10425,"303,74,23"
10426,"43,24,23"
10427,"187,3,21"
10428,"323,170,199"
10429,"402,145,40"
10430,"138,135,40"
10431,"12,11,10"
10432,"402,145,40"
10433,"32,31,23"
10434,"108,21,3"
10435,"376,265,0"
10436,"19,4,3"
10437,"282,111,3"
10438,"21,3"
10439,"134,131,40"
10440,"81,30,3"
10441,"343,169,199"
10442,"144,3,15"
10443,"264,23,38"
10444,"278,277,0"
10445,"406,131,40"
10446,"126,21,3"
10447,"247,160,40"
10448,"171,170,199"
10449,"248,199,170"
10450,"80,10,64"
10451,"315,160,40"
10452,"259,311,426"
10453,"407,4,3"
10454,"311,337,426"
10455,"181,40,145"
10456,"146,145,40"
10457,"206,8,0"
10458,"221,220,10"
10459,"376,265,0"
10460,"118,23,74"
10461,"12,10,11"
10462,"360,271,0"
10463,"19,4,3"
10464,"163,162,40"
10465,"493,145,40"
10466,"239,60,10"
10467,"2,0,1"
10468,"514,8,0"
10469,"360,271,0"
10470,"221,220,10"
10471,"87,23,38"
10472,"25,24,23"
10473,"19,4,3"
10474,"264,38,23"
10475,"309,38,23"
10476,"300,296,169"
10477,"393,53,3"
10478,169
10479,"315,160,40"
10480,"238,4,3"
10481,"160,40"
10482,"42,40,41"
10483,"96,31,23"
10484,"221,220,10"
10485,"181,145,40"
10486,"448,64,10"
10487,"334,160,40"
10488,"204,3,13"
10489,"306,296,169"
10490,"21,3"
10491,"187,21,3"
10492,"303,74,23"
10493,"134,40,131"
10494,"171,170,199"
10495,"18,17,3"
10496,"12,10,11"
10497,"315,160,40"
10498,"374,199,169"
10499,"342,271,0"
10500,"370,216,0"
10501,"93,64,10"
10502,"334,160,40"
10503,"421,229,0"
10504,"175,128,40"
10505,"500,3,21"
10506,"291,271,0"
10507,"124,21,3"
10508,"401,13,3"
10509,"448,64,10"
10510,"163,162,40"
10511,"241,131,40"
10512,"240,23,38"
10513,"118,23,74"
10514,"43,24,23"
10515,"142,131,40"
10516,"206,8,0"
10517,"12,11,10"
10518,"108,21,3"
10519,"289,288,0"
10520,"448,10,64"
10521,"54,10"
10522,"315,40,160"
10523,"428,296,169"
10524,"182,21,3"
10525,"334,160,40"
10526,"80,10,64"
10527,"448,10,64"
10528,"506,13,3"
10529,"221,220,10"
10530,"391,8,0"
10531,"149,40,41"
10532,"80,64,10"
10533,"187,21,3"
10534,"346,313,0"
10535,"56,15,17"
10536,"240,23,38"
10537,"21,3"
10538,"137,38,23"
10539,"315,160,40"
10540,"435,3,4"
10541,"93,10,64"
10542,"323,199,170"
10543,"334,160,40"
10544,"204,3,13"
10545,"89,26,23"
10546,"474,111,3"
10547,"11,10"
10548,"196,160,40"
10549,"291,271,0"
10550,"32,31,23"
10551,"402,145,40"
10552,"311,169"
10553,"452,296,169"
10554,"224,41,40"
10555,"448,64,10"
10556,"241,40,131"
10557,"49,24,23"
10558,"76,23"
10559,"134,40,131"
10560,"418,0,265"
10561,"80,10,64"
10562,"323,199,170"
10563,"80,10,64"
10564,"80,64,10"
10565,"182,21,3"
10566,"419,10,11"
10567,"448,64,10"
10568,"32,23,31"
10569,"97,5,3"
10570,"182,21,3"
10571,"386,135,40"
10572,"457,0,218"
10573,"100,40"
10574,"90,10,64"
10575,"322,54,10"
10576,"456,271,0"
10577,"137,23,38"
10578,"187,21,3"
10579,"478,145,40"
10580,"220,10"
10581,"304,216,0"
10582,"170,169"
10583,"475,218,0"
10584,"260,169,170"
10585,"425,265,0"
10586,"394,255,0"
10587,"134,40,131"
10588,"11,10"
10589,"63,23,38"
10590,"187,21,3"
10591,"459,170,169"
10592,"80,10,64"
10593,"50,3"
10594,"241,131,40"
10595,"187,21,3"
10596,"80,10,64"
10597,"340,265,0"
10598,"207,28,3"
10599,"493,145,40"
10600,"438,0,265"
10601,"58,17,3"
10602,"234,60,21"
10603,"129,128,40"
10604,"300,296,169"
10605,"70,3,4"
10606,"448,64,10"
10607,"123,111,3"
10608,"268,3,120"
10609,"332,3,53"
10610,"454,31,23"
10611,"187,21,3"
10612,"93,10,64"
10613,"323,199,170"
10614,"182,21,3"
10615,"85,3"
10616,"188,3,4"
10617,"402,145,40"
10618,"315,160,40"
10619,"80,64,10"
10620,"21,3"
10621,"130,128,40"
10622,"343,169,199"
10623,"137,23,38"
10624,"129,128,40"
10625,"89,26,23"
10626,"454,31,23"
10627,"438,265,0"
10628,"69,44,145"
10629,"228,5,3"
10630,"187,21,3"
10631,"350,26,23"
10632,"220,10"
10633,"376,265,0"
10634,"448,64,10"
10635,"340,265,0"
10636,"204,3,13"
10637,"36,35,3"
10638,"126,3,21"
10639,"224,41,40"
10640,"308,8,0"
10641,"340,265,0"
10642,"230,229,0"
10643,"310,28,3"
10644,"80,10,64"
10645,"264,23,38"
10646,"247,160,40"
10647,"363,271,0"
10648,"82,23,38"
10649,"448,10,64"
10650,"45,44,145"
10651,"80,10,64"
10652,"418,265,0"
10653,"182,21,3"
10654,"129,128,40"
10655,"12,11,10"
10656,40
10657,"456,271,0"
10658,"457,0,218"
10659,"346,313,0"
10660,"16,15,3"
10661,"102,21,3"
10662,"323,199,170"
10663,"25,23,24"
10664,"417,169,296"
10665,"425,265,0"
10666,"324,41,40"
10667,"156,3,147"
10668,"438,0,265"
10669,"297,265,0"
10670,"221,220,10"
10671,"257,216,0"
10672,"195,40,128"
10673,"306,169,296"
10674,"346,313,0"
10675,"187,3,21"
10676,"336,296,169"
10677,"457,0,218"
10678,"49,24,23"
10679,"96,31,23"
10680,"337,311,426"
10681,3
10682,"48,21,3"
10683,"226,131,40"
10684,"189,135,40"
10685,"187,21,3"
10686,"456,271,0"
10687,"508,169,426"
10688,"107,23,38"
10689,"494,184,40"
10690,"436,169,170"
10691,"259,311,426"
10692,"430,53,3"
10693,"315,160,40"
10694,"273,265,0"
10695,"396,40,395"
10696,"228,5,3"
10697,"417,296,169"
10698,3
10699,"360,271,0"
10700,"90,64,10"
10701,"493,145,40"
10702,"21,3"
10703,"448,64,10"
10704,"488,265,0"
10705,"103,23,38"
10706,"334,160,40"
10707,"182,3,21"
10708,"48,3,21"
10709,"187,21,3"
10710,"182,3,21"
10711,"488,265,0"
10712,"181,145,40"
10713,"323,170,199"
10714,"448,64,10"
10715,"488,265,0"
10716,"448,64,10"
10717,"43,24,23"
10718,"366,271,0"
10719,"96,31,23"
10720,"170,169"
10721,"322,54,10"
10722,"300,296,169"
10723,"7,4,3"
10724,"112,111,3"
10725,"49,24,23"
10726,"221,220,10"
10727,"170,169"
10728,"73,44,145"
10729,"273,265,0"
10730,"291,271,0"
10731,"43,24,23"
10732,"340,265,0"
10733,"168,17,3"
10734,"21,3"
10735,"355,271,0"
10736,"80,10,64"
10737,3
10738,"115,21,3"
10739,"180,3,120"
10740,"187,21,3"
10741,"460,169,296"
10742,"11,10"
10743,"413,277,1"
10744,"241,40,131"
10745,"436,169,170"
10746,"462,255,0"
10747,"44,145,40"
10748,"323,170,199"
10749,"97,5,3"
10750,"168,17,3"
10751,"241,131,40"
10752,"431,135,40"
10753,"220,10"
10754,"193,40,131"
10755,"80,10,64"
10756,"2,1,0"
10757,"45,44,145"
10758,"238,3,4"
10759,"456,271,0"
10760,"18,17,3"
10761,"107,23,38"
10762,"204,3,13"
10763,"187,3,21"
10764,"129,128,40"
10765,"407,4,3"
10766,"340,265,0"
10767,"16,3,15"
10768,"483,1,0"
10769,"148,147,3"
10770,"43,24,23"
10771,"260,169,170"
10772,"315,160,40"
10773,"281,199,169"
10774,"109,11,10"
10775,"298,135,40"
10776,"187,3,21"
10777,"221,220,10"
10778,"21,3"
10779,"276,265,0"
10780,"238,4,3"
10781,"220,10"
10782,"257,216,0"
10783,"187,3,21"
10784,"305,3,21"
10785,"187,21,3"
10786,"21,3"
10787,"376,0,265"
10788,"340,265,0"
10789,"498,288,0"
10790,"340,265,0"
10791,"43,24,23"
10792,"214,213,0"
10793,"86,85,3"
10794,"243,184,40"
10795,"315,160,40"
10796,"238,4,3"
10797,"187,3,21"
10798,"187,3,21"
10799,"181,40,145"
10800,"221,10,220"
10801,"283,74,23"
10802,"247,160,40"
10803,"137,38,23"
10804,"235,8,0"
10805,"448,64,10"
10806,"62,23,24"
10807,"108,21,3"
10808,"80,10,64"
10809,"457,0,218"
10810,"138,135,40"
10811,"379,3,21"
10812,"239,60,10"
10813,"332,3,53"
10814,"122,3,13"
10815,"199,169"
10816,"402,145,40"
10817,"231,26,23"
10818,"231,23,26"
10819,"93,64,10"
10820,"214,213,0"
10821,"66,30,3"
10822,"220,10"
10823,"282,111,3"
10824,"448,64,10"
10825,"448,10,64"
10826,"220,10"
10827,"493,145,40"
10828,"306,296,169"
10829,"334,160,40"
10830,"205,11,10"
10831,"382,199,169"
10832,"354,216,0"
10833,"187,21,3"
10834,"262,105,23"
10835,"108,21,3"
10836,"80,64,10"
10837,"91,23,38"
10838,"18,17,3"
10839,"438,265,0"
10840,"241,40,131"
10841,"382,199,169"
10842,"376,265,0"
10843,"455,271,0"
10844,"380,216,0"
10845,"182,21,3"
10846,"337,169"
10847,"182,21,3"
10848,"89,26,23"
10849,"385,3,5"
10850,"93,64,10"
10851,"257,216,0"
10852,"80,10,64"
10853,"118,23,74"
10854,"56,15,17"
10855,"231,26,23"
10856,"162,40"
10857,"425,265,0"
10858,"25,23,24"
10859,"300,169,296"
10860,"353,271,0"
10861,"62,23,24"
10862,"187,21,3"
10863,"221,220,10"
10864,"161,111,3"
10865,"448,10,64"
10866,"454,31,23"
10867,"221,220,10"
10868,"205,10,11"
10869,"12,10,11"
10870,"17,3"
10871,"220,10"
10872,"482,288,0"
10873,"250,40,135"
10874,"241,40,131"
10875,"366,271,0"
10876,"462,255,0"
10877,"382,199,169"
10878,"289,288,0"
10879,"118,23,74"
10880,"206,8,0"
10881,"92,60,10"
10882,"108,3,21"
10883,"452,296,169"
10884,"328,31,23"
10885,"243,184,40"
10886,"376,0,265"
10887,"80,64,10"
10888,"448,64,10"
10889,"402,145,40"
10890,"275,111,3"
10891,"108,21,3"
10892,"356,169,199"
10893,"16,15,3"
10894,"349,265,0"
10895,"19,4,3"
10896,"97,5,3"
10897,"115,21,3"
10898,"32,31,23"
10899,"402,145,40"
10900,"52,51,3"
10901,"21,3"
10902,"124,21,3"
10903,"42,41,40"
10904,"241,131,40"
10905,"109,11,10"
10906,"53,3"
10907,"431,135,40"
10908,"460,296,169"
10909,"138,135,40"
10910,"51,3"
10911,"200,311,337"
10912,"448,64,10"
10913,"231,26,23"
10914,"194,128,145"
10915,"448,10,64"
10916,"80,10,64"
10917,"425,265,0"
10918,"457,0,218"
10919,"19,4,3"
10920,"188,4,3"
10921,"448,64,10"
10922,"129,128,40"
10923,"448,64,10"
10924,"376,265,0"
10925,"315,160,40"
10926,"206,8,0"
10927,"452,296,169"
10928,"447,3,34"
10929,"187,21,3"
10930,3
10931,"80,10,64"
10932,"54,10"
10933,"276,265,0"
10934,"457,0,218"
10935,"83,54,10"
10936,"350,23,26"
10937,"370,0,216"
10938,"102,21,3"
10939,"428,169,296"
10940,"323,199,170"
10941,"33,21,3"
10942,"308,8,0"
10943,"49,23,24"
10944,"435,4,3"
10945,"21,3"
10946,"376,265,0"
10947,"138,135,40"
10948,"448,64,10"
10949,"340,265,0"
10950,"206,8,0"
10951,"229,0"
10952,"177,30,3"
10953,"430,53,3"
10954,"402,145,40"
10955,"63,23,38"
10956,"493,145,40"
10957,"331,3,5"
10958,"33,21,3"
10959,"405,8,0"
10960,"278,277,0"
10961,"30,3"
10962,"138,135,40"
10963,"80,10,64"
10964,"43,24,23"
10965,"43,24,23"
10966,"186,128,40"
10967,"431,135,40"
10968,"187,21,3"
10969,"508,169,426"
10970,"290,23,31"
10971,"429,271,0"
10972,"127,21,3"
10973,"138,135,40"
10974,"239,60,10"
10975,"108,21,3"
10976,"43,24,23"
10977,"85,3"
10978,"187,21,3"
10979,"279,249,0"
10980,"189,135,40"
10981,"16,15,3"
10982,"187,21,3"
10983,"437,145,40"
10984,"181,40,145"
10985,"58,3,17"
10986,"355,271,0"
10987,"128,40"
10988,"182,21,3"
10989,"220,10"
10990,"354,216,0"
10991,"304,216,0"
10992,"128,40"
10993,"182,3,21"
10994,"18,17,3"
10995,"115,21,3"
10996,"286,41,40"
10997,"414,60,10"
10998,"406,40,131"
10999,"108,21,3"
11000,"300,296,169"
11001,"171,170,199"
11002,"478,145,40"
11003,"308,8,0"
11004,"149,40,41"
11005,"238,3,4"
11006,"72,44,145"
11007,"163,162,40"
11008,"308,8,0"
11009,"448,64,10"
11010,"239,60,10"
11011,"221,220,10"
11012,"221,220,10"
11013,"134,40,131"
11014,"448,64,10"
11015,"496,40,395"
11016,"399,265,0"
11017,"63,23,38"
11018,"402,145,40"
11019,"508,169,426"
11020,"315,160,40"
11021,"391,8,0"
11022,"54,10"
11023,"145,40"
11024,"281,199,169"
11025,"32,23,31"
11026,"129,128,40"
11027,"333,169,296"
11028,"523,53,3"
11029,"181,145,40"
11030,"406,131,40"
11031,"171,170,199"
11032,"96,31,23"
11033,"271,0"
11034,"355,271,0"
11035,"345,24,23"
11036,"275,3,111"
11037,"264,23,38"
11038,"440,38,23"
11039,"118,23,74"
11040,"485,313,0"
11041,"171,170,199"
11042,"379,21,3"
11043,"349,265,0"
11044,"355,271,0"
11045,"321,271,0"
11046,"126,21,3"
11047,"420,296,169"
11048,"311,337,426"
11049,"1,0"
11050,"311,426,337"
11051,"452,296,169"
11052,"48,3,21"
11053,"515,265,0"
11054,"141,135,40"
11055,"49,24,23"
11056,"226,40,131"
11057,"80,64,10"
11058,"448,64,10"
11059,"96,31,23"
11060,"170,169"
11061,"370,216,0"
11062,"263,34,3"
11063,"73,44,145"
11064,"129,40,128"
11065,"448,64,10"
11066,"397,313,0"
11067,"137,23,38"
11068,"80,64,10"
11069,"8,0"
11070,"80,10,64"
11071,"289,288,0"
11072,3
11073,"220,10"
11074,"48,3,21"
11075,"187,3,21"
11076,"129,128,40"
11077,"187,21,3"
11078,"323,199,170"
11079,"448,64,10"
11080,"456,271,0"
11081,"130,128,40"
11082,"17,3"
11083,3
11084,"44,145,40"
11085,"49,24,23"
11086,"251,337,296"
11087,"448,64,10"
11088,"11,10"
11089,"199,169"
11090,"402,145,40"
11091,"518,3,28"
11092,"50,3"
11093,"206,8,0"
11094,"350,26,23"
11095,"329,169,170"
11096,"308,8,0"
11097,"63,23,38"
11098,"82,23,38"
11099,"368,40,184"
11100,"402,145,40"
11101,"241,131,40"
11102,"96,31,23"
11103,"42,41,40"
11104,"435,4,3"
11105,"270,8,0"
11106,"448,10,64"
11107,"202,3,111"
11108,"444,271,0"
11109,"226,40,131"
11110,"73,44,145"
11111,"448,64,10"
11112,"182,3,21"
11113,"76,23"
11114,"187,21,3"
11115,"345,24,23"
11116,"369,208,0"
11117,"220,10"
11118,"90,64,10"
11119,"315,160,40"
11120,"96,31,23"
11121,"66,30,3"
11122,"351,218,0"
11123,"187,21,3"
11124,"331,5,3"
11125,"301,21,3"
11126,"406,131,40"
11127,"32,23,31"
11128,"482,288,0"
11129,"346,313,0"
11130,"61,60,10"
11131,"96,31,23"
11132,"404,111,3"
11133,"366,271,0"
11134,"118,23,74"
11135,"488,265,0"
11136,"349,265,0"
11137,"483,0,1"
11138,"347,0,255"
11139,"168,17,3"
11140,"315,160,40"
11141,"484,0,255"
11142,"273,265,0"
11143,"160,40"
11144,"406,40,131"
11145,"220,10"
11146,"121,120,3"
11147,"231,26,23"
11148,"201,41,40"
11149,"118,23,74"
11150,"231,26,23"
11151,"123,111,3"
11152,"322,54,10"
11153,"80,64,10"
11154,"194,145,128"
11155,"175,128,40"
11156,"134,40,131"
11157,"323,199,170"
11158,"340,265,0"
11159,"170,169"
11160,"129,40,128"
11161,"221,220,10"
11162,"402,145,40"
11163,"115,21,3"
11164,"102,21,3"
11165,"43,24,23"
11166,"394,255,0"
11167,"402,145,40"
11168,"220,10"
11169,"493,145,40"
11170,"448,64,10"
11171,"57,5,3"
11172,"366,271,0"
11173,"163,162,40"
11174,"106,105,23"
11175,"199,169"
11176,"12,10,11"
11177,"33,21,3"
11178,"159,40,131"
11179,"311,337,426"
11180,"457,0,218"
11181,"187,21,3"
11182,"494,40,184"
11183,"49,23,24"
11184,"343,199,169"
11185,"249,0"
11186,"182,3,21"
11187,"323,199,170"
11188,"122,3,13"
11189,"206,8,0"
11190,"402,145,40"
11191,"103,23,38"
11192,"285,8,0"
11193,"325,53,3"
11194,"182,3,21"
11195,"63,38,23"
11196,"109,11,10"
11197,"231,26,23"
11198,"508,169,426"
11199,"231,26,23"
11200,"448,64,10"
11201,"80,64,10"
11202,"457,0,218"
11203,"397,313,0"
11204,"286,41,40"
11205,"448,64,10"
11206,"175,128,40"
11207,"33,21,3"
11208,"160,40"
11209,"282,3,111"
11210,"43,24,23"
11211,"497,288,0"
11212,"291,271,0"
11213,"187,3,21"
11214,"226,131,40"
11215,"80,64,10"
11216,"343,199,169"
11217,"11,10"
11218,"459,170,169"
11219,"187,21,3"
11220,"80,64,10"
11221,"89,26,23"
11222,"49,23,24"
11223,"456,271,0"
11224,"209,208,0"
11225,"431,40,135"
11226,"221,220,10"
11227,"187,21,3"
11228,"15,3"
11229,"264,23,38"
11230,"2,0,1"
11231,"80,10,64"
11232,"529,265,0"
11233,"25,23,24"
11234,"418,265,0"
11235,"106,105,23"
11236,"241,131,40"
11237,"447,3,34"
11238,"17,3"
11239,"54,10"
11240,"122,3,13"
11241,"245,31,23"
11242,"309,23,38"
11243,"321,271,0"
11244,"448,64,10"
11245,"212,211,216"
11246,"301,21,3"
11247,"220,10"
11248,"48,21,3"
11249,"325,53,3"
11250,"251,337,296"
11251,"343,199,169"
11252,"444,271,0"
11253,"194,128,145"
11254,"328,31,23"
11255,"384,265,0"
11256,"11,10"
11257,"80,10,64"
11258,"16,15,3"
11259,"322,54,10"
11260,"448,64,10"
11261,"221,10,220"
11262,"329,169,170"
11263,"402,145,40"
11264,"225,3,120"
11265,"259,311,426"
11266,"241,40,131"
11267,"326,105,23"
11268,"494,184,40"
11269,"155,139,40"
11270,"425,265,0"
11271,"108,21,3"
11272,"369,208,0"
11273,"417,169,296"
11274,"425,265,0"
11275,"402,145,40"
11276,"146,145,40"
11277,"244,135,40"
11278,"456,271,0"
11279,"240,23,38"
11280,"436,169,170"
11281,"54,10"
11282,"80,10,64"
11283,"187,21,3"
11284,"212,211,216"
11285,"368,184,40"
11286,"80,10,64"
11287,"171,170,199"
11288,"376,265,0"
11289,"459,169,170"
11290,"80,10,64"
11291,"402,145,40"
11292,"188,3,4"
11293,"89,23,26"
11294,"32,23,31"
11295,"18,17,3"
11296,"448,64,10"
11297,"343,169,199"
11298,"311,169"
11299,"448,64,10"
11300,"71,24,38"
11301,"138,135,40"
11302,"311,169"
11303,"337,311,426"
11304,"239,10,60"
11305,"96,31,23"
11306,"287,53,3"
11307,"181,40,145"
11308,"137,38,23"
11309,"418,265,0"
11310,"325,53,3"
11311,"201,41,40"
11312,"340,265,0"
11313,"239,60,10"
11314,"138,135,40"
11315,"88,23,38"
11316,"154,21,3"
11317,"220,10"
11318,"259,311,426"
11319,"50,3"
11320,"435,4,3"
11321,"402,145,40"
11322,"455,271,0"
11323,"220,10"
11324,"181,40,145"
11325,"80,64,10"
11326,"376,0,265"
11327,"204,3,13"
11328,"468,145,44"
11329,"32,31,23"
11330,"300,296,169"
11331,"243,184,40"
11332,"32,23,31"
11333,"325,53,3"
11334,"171,170,199"
11335,"220,10"
11336,"182,21,3"
11337,"365,265,0"
11338,"243,184,40"
11339,"43,24,23"
11340,"182,21,3"
11341,"376,265,0"
11342,"171,170,199"
11343,"221,220,10"
11344,"194,128,145"
11345,"93,10,64"
11346,"187,21,3"
11347,"368,184,40"
11348,"323,170,199"
11349,"382,169,199"
11350,"315,160,40"
11351,"435,3,4"
11352,"328,31,23"
11353,"93,10,64"
11354,"308,8,0"
11355,"75,23,74"
11356,"187,3,21"
11357,"260,169,170"
11358,"488,265,0"
11359,"187,21,3"
11360,"295,135,40"
11361,"239,10,60"
11362,"83,54,10"
11363,"17,3"
11364,"493,145,40"
11365,"48,21,3"
11366,"221,220,10"
11367,"238,4,3"
11368,"197,60,10"
11369,"275,3,111"
11370,"456,271,0"
11371,"194,145,128"
11372,"126,21,3"
11373,"55,54,10"
11374,"374,169,199"
11375,"363,271,0"
11376,"187,21,3"
11377,"221,220,10"
11378,"456,271,0"
11379,"221,220,10"
11380,"134,131,40"
11381,"18,17,3"
11382,"457,0,218"
11383,"514,8,0"
11384,"239,10,60"
11385,"49,23,24"
11386,23
11387,"21,3"
11388,"187,3,21"
11389,"85,3"
11390,"72,44,145"
11391,"68,3,53"
11392,"368,184,40"
11393,"175,128,40"
11394,"448,10,64"
11395,"220,10"
11396,"241,131,40"
11397,"231,26,23"
11398,"231,26,23"
11399,"199,169"
11400,"170,169"
11401,"456,271,0"
11402,"76,23"
11403,"240,23,38"
11404,"402,145,40"
11405,"84,23,74"
11406,"156,3,147"
11407,"410,8,0"
11408,"220,10"
11409,"57,5,3"
11410,"303,74,23"
11411,"138,135,40"
11412,"187,21,3"
11413,"108,21,3"
11414,"63,38,23"
11415,"453,208,0"
11416,"430,3,53"
11417,"404,111,3"
11418,"311,426,337"
11419,"376,265,0"
11420,"489,10,60"
11421,"306,296,169"
11422,"290,31,23"
11423,"235,8,0"
11424,"137,23,38"
11425,"289,288,0"
11426,"108,21,3"
11427,"129,128,40"
11428,"49,24,23"
11429,"434,0,1"
11430,"220,10"
11431,"128,40"
11432,"238,4,3"
11433,"72,44,145"
11434,"221,220,10"
11435,"448,10,64"
11436,"315,160,40"
11437,"77,31,23"
11438,"182,3,21"
11439,"145,40"
11440,"184,40"
11441,"402,145,40"
11442,"85,3"
11443,"523,53,3"
11444,"402,145,40"
11445,"315,160,40"
11446,"295,135,40"
11447,"315,160,40"
11448,"458,277,0"
11449,"16,15,3"
11450,"239,10,60"
11451,"129,40,128"
11452,"325,3,53"
11453,"206,8,0"
11454,"264,23,38"
11455,"111,3"
11456,"300,296,169"
11457,"220,10"
11458,"85,3"
11459,"73,44,145"
11460,"514,8,0"
11461,"438,0,265"
11462,"33,21,3"
11463,"220,10"
11464,"50,3"
11465,"33,3,21"
11466,"425,265,0"
11467,"108,21,3"
11468,"275,3,111"
11469,"242,10,220"
11470,"281,199,169"
11471,"406,131,40"
11472,"174,4,3"
11473,"44,145,40"
11474,"44,145,40"
11475,"68,3,53"
11476,"110,53,3"
11477,"444,271,0"
11478,"182,3,21"
11479,"448,64,10"
11480,"175,128,40"
11481,"45,44,145"
11482,"200,311,337"
11483,"402,145,40"
11484,"49,24,23"
11485,"425,265,0"
11486,"220,10"
11487,"382,199,169"
11488,"370,0,216"
11489,"325,3,53"
11490,"447,34,3"
11491,"226,131,40"
11492,"49,24,23"
11493,"171,170,199"
11494,"458,277,0"
11495,"354,216,0"
11496,"32,23,31"
11497,"300,296,169"
11498,"356,169,199"
11499,"96,31,23"
11500,"235,8,0"
11501,"148,3,147"
11502,3
11503,"350,26,23"
11504,"168,3,17"
11505,"334,160,40"
11506,"94,38,23"
11507,"6,5,3"
11508,"228,3,5"
11509,"343,169,199"
11510,"16,15,3"
11511,"80,10,64"
11512,"183,3,4"
11513,"187,21,3"
11514,"220,10"
11515,"452,296,169"
11516,"2,1,0"
11517,"187,21,3"
11518,"315,40,160"
11519,"323,170,199"
11520,"224,41,40"
11521,"315,160,40"
11522,"9,8,0"
11523,"137,23,38"
11524,"240,23,38"
11525,"170,169"
11526,"221,220,10"
11527,"93,10,64"
11528,"182,21,3"
11529,"343,199,169"
11530,"323,199,170"
11531,"33,3,21"
11532,"195,40,128"
11533,"4,3"
11534,"69,44,145"
11535,"311,169"
11536,"103,23,38"
11537,"80,10,64"
11538,"73,44,145"
11539,"69,44,145"
11540,"168,17,3"
11541,"264,23,38"
11542,"311,337,426"
11543,"334,160,40"
11544,"316,3,30"
11545,"80,10,64"
11546,"170,169"
11547,"316,30,3"
11548,"193,131,40"
11549,"194,128,145"
11550,"159,40,131"
11551,"478,145,40"
11552,"129,128,40"
11553,"138,135,40"
11554,"193,131,40"
11555,"91,23,38"
11556,"187,21,3"
11557,"448,64,10"
11558,"384,265,0"
11559,"200,311,337"
11560,"182,21,3"
11561,"220,10"
11562,"194,128,145"
11563,"438,265,0"
11564,"58,17,3"
11565,40
11566,"54,10"
11567,"129,40,128"
11568,"376,265,0"
11569,"190,3,28"
11570,"393,53,3"
11571,"49,23,24"
11572,"11,10"
11573,"107,23,38"
11574,"206,8,0"
11575,"376,265,0"
11576,"105,23"
11577,"448,64,10"
11578,"187,21,3"
11579,"33,21,3"
11580,"346,313,0"
11581,"353,0,271"
11582,"437,145,40"
11583,"275,111,3"
11584,"108,21,3"
11585,"48,21,3"
11586,"118,23,74"
11587,"15,3"
11588,"27,26,23"
11589,"325,3,53"
11590,"448,64,10"
11591,"315,160,40"
11592,"323,199,170"
11593,"370,216,0"
11594,"205,10,11"
11595,"187,3,21"
11596,"323,199,170"
11597,"448,64,10"
11598,"187,21,3"
11599,"239,10,60"
11600,"118,74,23"
11601,"356,169,199"
11602,"187,21,3"
11603,"240,23,38"
11604,"448,64,10"
11605,"488,265,0"
11606,"315,160,40"
11607,"234,60,21"
11608,"429,271,0"
11609,"96,31,23"
11610,"315,160,40"
11611,"181,145,40"
11612,"200,311,337"
11613,"93,64,10"
11614,"187,21,3"
11615,"511,313,0"
11616,"17,3"
11617,"241,131,40"
11618,"71,38,24"
11619,"468,145,44"
11620,"145,40"
11621,"259,311,426"
11622,"108,21,3"
11623,"241,131,40"
11624,"17,3"
11625,"376,265,0"
11626,"39,23,38"
11627,"376,265,0"
11628,"187,21,3"
11629,"240,38,23"
11630,"414,10,60"
11631,"264,38,23"
11632,"148,3,147"
11633,"221,220,10"
11634,"74,23"
11635,"197,10,60"
11636,"108,21,3"
11637,"72,44,145"
11638,"106,105,23"
11639,"80,64,10"
11640,"161,111,3"
11641,"93,10,64"
11642,"49,23,24"
11643,"382,199,169"
11644,"33,21,3"
11645,"80,10,64"
11646,"226,131,40"
11647,"452,296,169"
11648,"99,3,53"
11649,"159,40,131"
11650,"69,44,145"
11651,"21,3"
11652,"456,271,0"
11653,"376,265,0"
11654,"43,24,23"
11655,"11,10"
11656,40
11657,"187,3,21"
11658,3
11659,"381,357,0"
11660,"435,3,4"
11661,"220,10"
11662,"419,10,11"
11663,"220,10"
11664,"143,34,3"
11665,"447,3,34"
11666,"448,10,64"
11667,"138,135,40"
11668,"69,44,145"
11669,"278,277,0"
11670,"447,3,34"
11671,"137,23,38"
11672,"240,23,38"
11673,"404,111,3"
11674,"430,53,3"
11675,"508,169,426"
11676,"459,170,169"
11677,"343,199,169"
11678,"456,271,0"
11679,"27,23,26"
11680,"80,10,64"
11681,"448,10,64"
11682,"220,10"
11683,"181,40,145"
11684,"323,199,170"
11685,"187,21,3"
11686,"123,111,3"
11687,"187,21,3"
11688,"221,220,10"
11689,"108,21,3"
11690,"124,21,3"
11691,"376,0,265"
11692,"93,64,10"
11693,"407,4,3"
11694,"351,218,0"
11695,"57,5,3"
11696,"311,426,337"
11697,"254,216,0"
11698,"346,313,0"
11699,"108,21,3"
11700,"493,145,40"
11701,"85,3"
11702,"436,169,170"
11703,"402,145,40"
11704,"402,145,40"
11705,"21,3"
11706,"99,53,3"
11707,"18,17,3"
11708,"239,60,10"
11709,"2,1,0"
11710,"138,135,40"
11711,"183,4,3"
11712,"478,145,40"
11713,"80,64,10"
11714,"93,64,10"
11715,"129,128,40"
11716,"323,199,170"
11717,"149,41,40"
11718,"259,311,426"
11719,"457,0,218"
11720,"108,21,3"
11721,"46,34,3"
11722,"275,111,3"
11723,"69,44,145"
11724,"202,3,111"
11725,"122,13,3"
11726,"334,160,40"
11727,"11,10"
11728,"175,128,40"
11729,"25,23,24"
11730,"19,4,3"
11731,"444,271,0"
11732,"243,184,40"
11733,"131,40"
11734,"187,21,3"
11735,"258,31,23"
11736,"472,111,3"
11737,"94,23,38"
11738,"206,8,0"
11739,"80,64,10"
11740,"220,10"
11741,"325,3,53"
11742,"33,21,3"
11743,"270,8,0"
11744,"21,3"
11745,"157,3,120"
11746,"104,3,30"
11747,"194,128,145"
11748,"15,3"
11749,"281,169,199"
11750,"324,41,40"
11751,"311,337,426"
11752,"48,21,3"
11753,"72,44,145"
11754,"96,31,23"
11755,"43,24,23"
11756,"205,11,10"
11757,"96,31,23"
11758,"448,64,10"
11759,"323,170,199"
11760,"94,23,38"
11761,"141,135,40"
11762,"182,21,3"
11763,"125,111,3"
11764,"401,13,3"
11765,"18,3,17"
11766,"2,1,0"
11767,"301,21,3"
11768,"144,15,3"
11769,"350,26,23"
11770,"108,21,3"
11771,"21,3"
11772,"325,3,53"
11773,"337,169"
11774,"356,169,199"
11775,"241,131,40"
11776,"448,64,10"
11777,"182,21,3"
11778,"448,64,10"
11779,"69,44,145"
11780,"448,64,10"
11781,"170,169"
11782,"259,311,426"
11783,"49,24,23"
11784,"60,10"
11785,"72,44,145"
11786,"199,169"
11787,"435,4,3"
11788,"181,145,40"
11789,"226,131,40"
11790,"225,3,120"
11791,"129,128,40"
11792,"106,105,23"
11793,"62,24,23"
11794,"80,10,64"
11795,"129,128,40"
11796,"63,38,23"
11797,"72,44,145"
11798,"137,23,38"
11799,"237,34,3"
11800,"257,216,0"
11801,"126,21,3"
11802,"340,265,0"
11803,"238,3,4"
11804,"66,3,30"
11805,"187,3,21"
11806,"187,3,21"
11807,"175,128,40"
11808,"92,60,10"
11809,"448,64,10"
11810,"187,21,3"
11811,"402,145,40"
11812,3
11813,"108,3,21"
11814,"173,54,145"
11815,"185,184,40"
11816,"163,162,40"
11817,"19,4,3"
11818,"69,44,145"
11819,"337,311,426"
11820,"180,3,120"
11821,"494,184,40"
11822,"458,277,0"
11823,"220,10"
11824,"456,271,0"
11825,"66,3,30"
11826,"80,10,64"
11827,"457,0,218"
11828,"334,160,40"
11829,"234,60,21"
11830,"233,3,51"
11831,"282,111,3"
11832,"326,105,23"
11833,"56,15,17"
11834,"285,8,0"
11835,"362,271,0"
11836,"313,0"
11837,"360,271,0"
11838,"134,40,131"
11839,"48,21,3"
11840,"163,162,40"
11841,"375,4,3"
11842,"72,44,145"
11843,"484,255,0"
11844,"308,8,0"
11845,"473,64,10"
11846,"82,23,38"
11847,"384,265,0"
11848,"216,0"
11849,"402,145,40"
11850,"118,23,74"
11851,"346,313,0"
11852,"291,271,0"
11853,"346,313,0"
11854,"187,21,3"
11855,"326,105,23"
11856,"109,11,10"
11857,"80,64,10"
11858,"123,111,3"
11859,"300,169,296"
11860,"457,0,218"
11861,"371,296,169"
11862,"76,23"
11863,"221,220,10"
11864,"182,21,3"
11865,"315,160,40"
11866,"80,10,64"
11867,"431,135,40"
11868,"90,64,10"
11869,"18,17,3"
11870,"301,3,21"
11871,"67,44,145"
11872,"238,4,3"
11873,"264,23,38"
11874,"320,17,3"
11875,"349,265,0"
11876,"316,30,3"
11877,"15,3"
11878,"206,8,0"
11879,"315,160,40"
11880,"478,145,40"
11881,"304,0,216"
11882,"138,135,40"
11883,"259,311,426"
11884,"425,265,0"
11885,"424,271,218"
11886,"187,21,3"
11887,"206,8,0"
11888,"174,4,3"
11889,"108,21,3"
11890,"327,8,0"
11891,"221,220,10"
11892,"58,17,3"
11893,"333,296,169"
11894,"384,265,0"
11895,"230,229,0"
11896,"220,10"
11897,"220,10"
11898,"90,10,64"
11899,"168,17,3"
11900,"343,199,169"
11901,"187,21,3"
11902,"171,170,199"
11903,"508,169,426"
11904,"250,40,135"
11905,"205,11,10"
11906,"376,0,265"
11907,"80,64,10"
11908,"18,17,3"
11909,"138,135,40"
11910,"459,170,169"
11911,"325,3,53"
11912,"238,4,3"
11913,"430,53,3"
11914,"83,54,10"
11915,"404,111,3"
11916,"201,41,40"
11917,"93,10,64"
11918,"69,44,145"
11919,"448,64,10"
11920,"300,296,169"
11921,"21,3"
11922,"301,21,3"
11923,"63,38,23"
11924,"343,199,169"
11925,"14,13,3"
11926,"244,135,40"
11927,"103,23,38"
11928,"349,265,0"
11929,"7,4,3"
11930,"303,23,74"
11931,"240,23,38"
11932,"420,296,169"
11933,"354,216,0"
11934,"204,3,13"
11935,"127,3,21"
11936,"306,169,296"
11937,"431,135,40"
11938,"226,131,40"
11939,"51,3"
11940,"108,21,3"
11941,"243,184,40"
11942,"151,40"
11943,"76,23"
11944,"448,64,10"
11945,"69,44,145"
11946,3
11947,"311,169"
11948,"73,44,145"
11949,"141,135,40"
11950,"80,10,64"
11951,"54,10"
11952,"309,38,23"
11953,"220,10"
11954,"86,85,3"
11955,"366,271,0"
11956,"78,23,38"
11957,"93,10,64"
11958,"149,41,40"
11959,"325,53,3"
11960,"72,44,145"
11961,"311,169"
11962,"376,265,0"
11963,"230,229,0"
11964,"212,211,216"
11965,"33,21,3"
11966,"417,169,296"
11967,"182,3,21"
11968,"137,23,38"
11969,"524,145,40"
11970,"437,145,40"
11971,"448,64,10"
11972,"54,10"
11973,"206,8,0"
11974,"259,311,426"
11975,"334,160,40"
11976,"418,0,265"
11977,"311,337,426"
11978,"343,169,199"
11979,10
11980,"187,21,3"
11981,"237,34,3"
11982,"343,169,199"
11983,"456,271,0"
11984,"89,23,26"
11985,"187,21,3"
11986,"138,135,40"
11987,"397,313,0"
11988,"134,40,131"
11989,"206,8,0"
11990,"108,3,21"
11991,"340,265,0"
11992,"187,21,3"
11993,"85,3"
11994,"237,34,3"
11995,"308,8,0"
11996,"220,10"
11997,"159,40,131"
11998,"220,10"
11999,"311,169"
12000,"448,64,10"
12001,"83,54,10"
12002,"22,3,21"
12003,"406,40,131"
12004,"33,21,3"
12005,"514,8,0"
12006,"182,21,3"
12007,"187,21,3"
12008,"32,23,31"
12009,"355,271,0"
12010,"131,40"
12011,"82,23,38"
12012,"389,53,3"
12013,"500,21,3"
12014,"374,169,199"
12015,"488,265,0"
12016,"185,184,40"
12017,"56,17,15"
12018,"448,64,10"
12019,"108,3,21"
12020,"42,41,40"
12021,"96,31,23"
12022,"185,184,40"
12023,"48,21,3"
12024,"108,21,3"
12025,"19,4,3"
12026,"318,23,105"
12027,"80,10,64"
12028,"417,169,296"
12029,"258,31,23"
12030,"162,40"
12031,"187,21,3"
12032,"187,21,3"
12033,"145,40"
12034,"257,216,0"
12035,"182,21,3"
12036,"410,8,0"
12037,"402,145,40"
12038,"81,30,3"
12039,"68,3,53"
12040,"97,5,3"
12041,"309,23,38"
12042,"456,271,0"
12043,"232,23,38"
12044,"376,0,265"
12045,"240,23,38"
12046,"441,3,111"
12047,"259,311,426"
12048,"402,145,40"
12049,"80,64,10"
12050,"171,170,199"
12051,"425,265,0"
12052,"323,170,199"
12053,"115,21,3"
12054,"187,3,21"
12055,"103,23,38"
12056,"171,170,199"
12057,"192,23,38"
12058,"287,53,3"
12059,"86,85,3"
12060,"402,145,40"
12061,"226,131,40"
12062,"187,21,3"
12063,"406,40,131"
12064,"320,3,17"
12065,"90,64,10"
12066,"45,44,145"
12067,"32,23,31"
12068,"30,3"
12069,"11,10"
12070,"370,0,216"
12071,"484,0,255"
12072,"315,40,160"
12073,"80,10,64"
12074,"448,64,10"
12075,"168,17,3"
12076,"418,0,265"
12077,"11,10"
12078,"108,21,3"
12079,"132,131,40"
12080,"96,31,23"
12081,"93,64,10"
12082,"402,145,40"
12083,"419,11,10"
12084,"222,100,40"
12085,"283,74,23"
12086,"448,10,64"
12087,"90,10,64"
12088,"202,111,3"
12089,"170,169"
12090,"325,3,53"
12091,"166,151,160"
12092,"256,255,0"
12093,"220,10"
12094,"301,21,3"
12095,"43,24,23"
12096,"259,311,426"
12097,"410,8,0"
12098,"346,313,0"
12099,"456,271,0"
12100,"53,3"
12101,"49,24,23"
12102,"251,337,296"
12103,"102,21,3"
12104,"216,0"
12105,"448,64,10"
12106,"21,3"
12107,"200,311,337"
12108,"187,3,21"
12109,"137,38,23"
12110,"315,160,40"
12111,"448,10,64"
12112,"300,296,169"
12113,"187,3,21"
12114,"434,0,1"
12115,"181,145,40"
12116,"67,44,145"
12117,"366,0,271"
12118,"348,255,0"
12119,"93,10,64"
12120,"43,24,23"
12121,"2,1,0"
12122,"448,10,64"
12123,"2,1,0"
12124,"43,24,23"
12125,"8,0"
12126,"89,26,23"
12127,"263,34,3"
12128,"49,24,23"
12129,"311,169"
12130,"122,3,13"
12131,"322,54,10"
12132,"234,60,21"
12133,40
12134,"146,145,40"
12135,"72,44,145"
12136,"43,24,23"
12137,"380,216,0"
12138,"448,10,64"
12139,"311,169"
12140,"456,271,0"
12141,"221,220,10"
12142,"384,265,0"
12143,"80,10,64"
12144,"199,169"
12145,"187,21,3"
12146,"448,64,10"
12147,"448,64,10"
12148,"354,216,0"
12149,"221,220,10"
12150,"355,271,0"
12151,"43,24,23"
12152,"402,145,40"
12153,"43,24,23"
12154,"39,23,38"
12155,"323,199,170"
12156,"138,135,40"
12157,"402,145,40"
12158,"181,145,40"
12159,"315,160,40"
12160,"194,145,128"
12161,"171,170,199"
12162,"27,26,23"
12163,"220,10"
12164,"456,271,0"
12165,"243,184,40"
12166,"224,41,40"
12167,"138,135,40"
12168,"406,40,131"
12169,"32,23,31"
12170,"80,64,10"
12171,"224,41,40"
12172,"334,160,40"
12173,"323,199,170"
12174,"49,24,23"
12175,"118,23,74"
12176,"404,111,3"
12177,"447,34,3"
12178,"315,160,40"
12179,"50,3"
12180,"374,199,169"
12181,"349,265,0"
12182,"129,128,40"
12183,"244,135,40"
12184,"502,145,40"
12185,"514,8,0"
12186,"340,265,0"
12187,"500,21,3"
12188,"226,131,40"
12189,"279,249,0"
12190,"15,3"
12191,"346,313,0"
12192,"168,17,3"
12193,"48,21,3"
12194,"300,169,296"
12195,"82,23,38"
12196,"33,21,3"
12197,"89,26,23"
12198,"80,64,10"
12199,"241,40,131"
12200,"8,0"
12201,"207,28,3"
12202,"129,128,40"
12203,"493,145,40"
12204,"207,28,3"
12205,"182,3,21"
12206,"187,21,3"
12207,"16,15,3"
12208,"89,26,23"
12209,"366,271,0"
12210,"16,15,3"
12211,"80,64,10"
12212,"278,277,0"
12213,"315,160,40"
12214,"425,265,0"
12215,"17,3"
12216,3
12217,"311,169"
12218,"131,40"
12219,"15,3"
12220,"187,3,21"
12221,"434,1,0"
12222,"63,23,38"
12223,"456,271,0"
12224,"176,4,3"
12225,"350,26,23"
12226,"380,216,0"
12227,"97,5,3"
12228,"402,145,40"
12229,"224,41,40"
12230,"70,3,4"
12231,"523,53,3"
12232,"187,21,3"
12233,"73,44,145"
12234,"182,21,3"
12235,"234,60,21"
12236,"200,311,337"
12237,"187,21,3"
12238,"90,64,10"
12239,"316,3,30"
12240,"27,26,23"
12241,"56,15,17"
12242,"311,337,426"
12243,"18,17,3"
12244,"90,64,10"
12245,"91,23,38"
12246,"162,40"
12247,"362,271,0"
12248,"185,184,40"
12249,"444,0,271"
12250,"33,21,3"
12251,"418,265,0"
12252,"431,135,40"
12253,"267,111,3"
12254,"221,220,10"
12255,"280,271,255"
12256,"382,199,169"
12257,"494,184,40"
12258,"1,0"
12259,"483,1,0"
12260,"63,23,38"
12261,"137,38,23"
12262,"308,8,0"
12263,"386,135,40"
12264,"361,271,0"
12265,"484,0,255"
12266,"73,44,145"
12267,"154,21,3"
12268,"322,54,10"
12269,"54,10"
12270,"145,40"
12271,"431,135,40"
12272,"118,74,23"
12273,"291,271,0"
12274,"185,184,40"
12275,"62,23,24"
12276,"100,40"
12277,"43,24,23"
12278,"49,24,23"
12279,"33,21,3"
12280,"230,229,0"
12281,"315,160,40"
12282,"216,0"
12283,"210,3,4"
12284,"14,13,3"
12285,"434,0,1"
12286,"138,135,40"
12287,"502,145,40"
12288,"258,23,31"
12289,"54,10"
12290,"80,10,64"
12291,"375,3,4"
12292,"425,265,0"
12293,"226,131,40"
12294,"137,38,23"
12295,"142,131,40"
12296,"301,3,21"
12297,"417,169,296"
12298,"87,23,38"
12299,10
12300,"376,265,0"
12301,"448,64,10"
12302,"402,145,40"
12303,"185,184,40"
12304,"93,64,10"
12305,"387,0,218"
12306,"60,10"
12307,"80,64,10"
12308,"297,265,0"
12309,"391,8,0"
12310,"128,40"
12311,"124,21,3"
12312,"435,4,3"
12313,"500,21,3"
12314,"205,10,11"
12315,"226,131,40"
12316,"436,169,170"
12317,"276,265,0"
12318,"12,11,10"
12319,"134,131,40"
12320,"315,160,40"
12321,"388,111,3"
12322,23
12323,"251,337,296"
12324,"203,147,3"
12325,"382,199,169"
12326,"195,128,40"
12327,"224,41,40"
12328,"17,3"
12329,"308,8,0"
12330,"295,135,40"
12331,"1,0"
12332,"374,169,199"
12333,"402,145,40"
12334,"221,10,220"
12335,"240,23,38"
12336,"20,3,13"
12337,"425,0,265"
12338,"383,208,0"
12339,"436,169,170"
12340,3
12341,"508,169,426"
12342,"108,21,3"
12343,"456,271,0"
12344,"17,3"
12345,"129,128,40"
12346,"187,21,3"
12347,"221,220,10"
12348,"435,3,4"
12349,"83,54,10"
12350,"209,208,0"
12351,"106,105,23"
12352,"66,3,30"
12353,"315,160,40"
12354,"69,44,145"
12355,"349,265,0"
12356,"206,8,0"
12357,"187,21,3"
12358,"240,23,38"
12359,"220,10"
12360,"323,170,199"
12361,"226,131,40"
12362,"182,3,21"
12363,"425,265,0"
12364,"382,199,169"
12365,"418,265,0"
12366,"148,3,147"
12367,"221,10,220"
12368,"204,3,13"
12369,"286,41,40"
12370,"181,40,145"
12371,"343,199,169"
12372,"241,40,131"
12373,"457,0,218"
12374,"194,128,145"
12375,"80,10,64"
12376,"435,4,3"
12377,"241,40,131"
12378,"221,220,10"
12379,"228,5,3"
12380,"376,265,0"
12381,"187,21,3"
12382,"360,271,0"
12383,"343,169,199"
12384,"306,296,169"
12385,"186,128,40"
12386,"322,54,10"
12387,"182,21,3"
12388,"219,30,3"
12389,"77,31,23"
12390,"402,145,40"
12391,"448,64,10"
12392,"337,169"
12393,"259,311,426"
12394,"130,128,40"
12395,"80,10,64"
12396,"72,44,145"
12397,"417,169,296"
12398,"205,10,11"
12399,"431,135,40"
12400,"137,23,38"
12401,"44,145,40"
12402,"315,160,40"
12403,"182,21,3"
12404,"402,145,40"
12405,"32,23,31"
12406,"137,23,38"
12407,"311,169"
12408,"239,10,60"
12409,"460,169,296"
12410,"224,41,40"
12411,"456,271,0"
12412,"402,145,40"
12413,"325,53,3"
12414,"73,44,145"
12415,"181,40,145"
12416,"115,21,3"
12417,"85,3"
12418,"315,160,40"
12419,"251,337,296"
12420,"212,211,216"
12421,"49,24,23"
12422,"63,23,38"
12423,"87,23,38"
12424,"145,40"
12425,"188,3,4"
12426,"454,31,23"
12427,"162,40"
12428,"115,21,3"
12429,"43,24,23"
12430,"317,23,74"
12431,"108,21,3"
12432,"220,10"
12433,"185,184,40"
12434,"2,1,0"
12435,"340,265,0"
12436,"91,23,38"
12437,"187,21,3"
12438,"315,160,40"
12439,"80,10,64"
12440,"182,21,3"
12441,"115,21,3"
12442,"337,311,426"
12443,"11,10"
12444,"53,3"
12445,"220,10"
12446,"305,21,3"
12447,"375,3,4"
12448,"44,145,40"
12449,"91,38,23"
12450,"435,4,3"
12451,"60,10"
12452,"205,10,11"
12453,"493,145,40"
12454,"220,10"
12455,"448,64,10"
12456,"406,131,40"
12457,"220,10"
12458,"187,3,21"
12459,"370,216,0"
12460,"259,311,426"
12461,"82,23,38"
12462,"195,128,40"
12463,"436,169,170"
12464,"187,21,3"
12465,"225,3,120"
12466,"340,265,0"
12467,"52,51,3"
12468,"86,85,3"
12469,"187,21,3"
12470,"469,288,0"
12471,"456,271,0"
12472,"343,199,169"
12473,"206,8,0"
12474,"418,265,0"
12475,"368,184,40"
12476,"118,23,74"
12477,"388,3,111"
12478,"221,10,220"
12479,"109,10,11"
12480,"43,24,23"
12481,"159,40,131"
12482,"130,128,40"
12483,"137,23,38"
12484,"388,111,3"
12485,"251,337,296"
12486,"456,271,0"
12487,"39,23,38"
12488,"195,128,40"
12489,"34,3"
12490,"91,23,38"
12491,"204,3,13"
12492,"138,135,40"
12493,"2,0,1"
12494,"181,40,145"
12495,"239,10,60"
12496,"326,105,23"
12497,"21,3"
12498,"72,44,145"
12499,"435,4,3"
12500,"448,64,10"
12501,"259,311,426"
12502,"514,8,0"
12503,"118,23,74"
12504,"311,169"
12505,"281,199,169"
12506,"80,64,10"
12507,"185,184,40"
12508,"325,3,53"
12509,"27,26,23"
12510,"276,265,0"
12511,"187,21,3"
12512,"523,53,3"
12513,"250,40,135"
12514,"130,128,40"
12515,"240,23,38"
12516,"315,160,40"
12517,"108,21,3"
12518,"311,169"
12519,"108,21,3"
12520,"448,64,10"
12521,"122,3,13"
12522,"212,211,216"
12523,"69,44,145"
12524,"54,10"
12525,"448,64,10"
12526,"491,265,0"
12527,"462,255,0"
12528,"315,160,40"
12529,"16,15,3"
12530,"240,23,38"
12531,"32,31,23"
12532,"49,24,23"
12533,"368,184,40"
12534,"182,21,3"
12535,"62,24,23"
12536,"205,11,10"
12537,"141,135,40"
12538,"182,3,21"
12539,"424,271,218"
12540,"130,128,40"
12541,"483,1,0"
12542,"69,44,145"
12543,"206,8,0"
12544,"264,23,38"
12545,"118,23,74"
12546,"67,44,145"
12547,"30,3"
12548,"447,3,34"
12549,"19,4,3"
12550,"137,23,38"
12551,"122,13,3"
12552,"49,23,24"
12553,"460,296,169"
12554,"21,3"
12555,"108,21,3"
12556,"343,169,199"
12557,"431,135,40"
12558,"264,38,23"
12559,"448,64,10"
12560,"456,271,0"
12561,"129,40,128"
12562,"32,31,23"
12563,"376,265,0"
12564,"49,24,23"
12565,"376,265,0"
12566,"431,135,40"
12567,"366,271,0"
12568,"438,0,265"
12569,"484,0,255"
12570,"237,34,3"
12571,"12,11,10"
12572,"187,21,3"
12573,"80,64,10"
12574,"417,169,296"
12575,"182,21,3"
12576,"187,21,3"
12577,"447,3,34"
12578,"340,265,0"
12579,"308,8,0"
12580,"44,145,40"
12581,"72,44,145"
12582,"85,3"
12583,"91,23,38"
12584,"112,111,3"
12585,"315,40,160"
12586,"340,265,0"
12587,"435,4,3"
12588,"30,3"
12589,"319,211,0"
12590,"187,21,3"
12591,"17,3"
12592,"346,313,0"
12593,"325,53,3"
12594,"182,21,3"
12595,"118,74,23"
12596,"193,131,40"
12597,"259,311,426"
12598,"325,53,3"
12599,"161,111,3"
12600,"187,21,3"
12601,"308,8,0"
12602,"49,24,23"
12603,"344,265,0"
12604,"448,64,10"
12605,"271,0"
12606,"448,64,10"
12607,"349,265,0"
12608,"340,265,0"
12609,"363,271,0"
12610,"322,54,10"
12611,"108,21,3"
12612,"350,26,23"
12613,"198,111,3"
12614,"182,3,21"
12615,"164,21,3"
12616,"376,265,0"
12617,"66,3,30"
12618,"2,1,0"
12619,"423,160,40"
12620,"331,5,3"
12621,"402,145,40"
12622,"264,38,23"
12623,"366,271,0"
12624,"221,10,220"
12625,"72,44,145"
12626,"49,24,23"
12627,"251,337,296"
12628,"286,41,40"
12629,"209,208,0"
12630,"293,85,3"
12631,"181,145,40"
12632,"279,249,0"
12633,"348,0,255"
12634,"16,15,3"
12635,"108,21,3"
12636,"217,3,120"
12637,"187,21,3"
12638,"344,265,0"
12639,"16,15,3"
12640,"354,216,0"
12641,"325,53,3"
12642,"417,169,296"
12643,"493,145,40"
12644,"74,23"
12645,"384,0,265"
12646,"195,128,40"
12647,"190,28,3"
12648,"323,170,199"
12649,"187,21,3"
12650,"457,0,218"
12651,3
12652,"322,54,10"
12653,"108,3,21"
12654,"334,160,40"
12655,"339,337,169"
12656,"349,265,0"
12657,"187,3,21"
12658,"397,313,0"
12659,"309,23,38"
12660,"402,145,40"
12661,"33,21,3"
12662,"146,145,40"
12663,"188,3,4"
12664,"241,131,40"
12665,"54,10"
12666,"22,21,3"
12667,"220,10"
12668,"194,128,145"
12669,"402,145,40"
12670,"361,271,0"
12671,"80,64,10"
12672,"18,17,3"
12673,"234,60,21"
12674,"205,11,10"
12675,"84,23,74"
12676,"102,21,3"
12677,"187,21,3"
12678,"93,64,10"
12679,"33,21,3"
12680,"134,131,40"
12681,"323,199,170"
12682,"488,265,0"
12683,"241,131,40"
12684,"349,265,0"
12685,"343,169,199"
12686,"259,311,426"
12687,"509,218,0"
12688,"89,26,23"
12689,"306,296,169"
12690,"311,337,426"
12691,"220,10"
12692,"435,4,3"
12693,"448,64,10"
12694,"343,199,169"
12695,"25,24,23"
12696,"115,21,3"
12697,"33,21,3"
12698,"308,8,0"
12699,"199,169"
12700,"201,41,40"
12701,"418,0,265"
12702,"267,111,3"
12703,"315,160,40"
12704,"348,255,0"
12705,"226,131,40"
12706,"515,265,0"
12707,"202,3,111"
12708,"313,0"
12709,"318,105,23"
12710,"93,64,10"
12711,"43,24,23"
12712,"69,44,145"
12713,"54,10"
12714,"376,265,0"
12715,"354,216,0"
12716,"494,40,184"
12717,"267,111,3"
12718,"187,3,21"
12719,"220,10"
12720,"315,160,40"
12721,"311,169"
12722,"127,21,3"
12723,"58,3,17"
12724,"315,160,40"
12725,"382,199,169"
12726,"80,10,64"
12727,"376,265,0"
12728,"124,21,3"
12729,"264,23,38"
12730,"318,105,23"
12731,"370,0,216"
12732,"287,53,3"
12733,"241,131,40"
12734,"187,3,21"
12735,"224,41,40"
12736,"71,24,38"
12737,"118,23,74"
12738,"514,8,0"
12739,"194,128,145"
12740,3
12741,"145,40"
12742,"456,271,0"
12743,"96,31,23"
12744,"18,17,3"
12745,"90,64,10"
12746,"406,131,40"
12747,"360,271,0"
12748,"418,265,0"
12749,"406,40,131"
12750,"422,216,0"
12751,"69,44,145"
12752,"363,271,0"
12753,"419,10,11"
12754,"429,271,0"
12755,"249,0"
12756,"473,10,64"
12757,"49,24,23"
12758,"187,21,3"
12759,"187,21,3"
12760,"291,271,0"
12761,"435,3,4"
12762,"18,17,3"
12763,"235,8,0"
12764,"337,311,426"
12765,"206,8,0"
12766,"181,145,40"
12767,"278,0,277"
12768,"220,10"
12769,"80,64,10"
12770,"382,199,169"
12771,"264,23,38"
12772,"235,8,0"
12773,"118,23,74"
12774,"523,3,53"
12775,"187,21,3"
12776,"221,220,10"
12777,"182,3,21"
12778,"43,24,23"
12779,"164,21,3"
12780,"369,208,0"
12781,"33,21,3"
12782,"93,10,64"
12783,"90,10,64"
12784,"16,15,3"
12785,"80,10,64"
12786,"33,21,3"
12787,"263,34,3"
12788,"456,271,0"
12789,"459,170,169"
12790,"170,169"
12791,"448,64,10"
12792,"457,0,218"
12793,"393,53,3"
12794,"182,21,3"
12795,"137,23,38"
12796,"49,24,23"
12797,"402,145,40"
12798,"323,199,170"
12799,"19,3,4"
12800,"328,31,23"
12801,"16,15,3"
12802,"68,3,53"
12803,"239,10,60"
12804,"61,60,10"
12805,"36,35,3"
12806,"522,271,0"
12807,"90,10,64"
12808,"447,3,34"
12809,"171,170,199"
12810,"2,1,0"
12811,"199,169"
12812,"93,64,10"
12813,"488,265,0"
12814,"448,64,10"
12815,"33,21,3"
12816,"506,13,3"
12817,3
12818,"171,170,199"
12819,"369,208,0"
12820,"323,170,199"
12821,"187,21,3"
12822,"457,0,218"
12823,"340,265,0"
12824,"417,169,296"
12825,"49,24,23"
12826,"226,131,40"
12827,"259,311,426"
12828,"251,337,296"
12829,"401,13,3"
12830,"448,64,10"
12831,"18,17,3"
12832,"12,10,11"
12833,"224,41,40"
12834,"190,3,28"
12835,"340,265,0"
12836,"93,64,10"
12837,"16,15,3"
12838,"141,135,40"
12839,"221,220,10"
12840,3
12841,"321,271,0"
12842,"71,38,24"
12843,"241,131,40"
12844,"108,3,21"
12845,"457,0,218"
12846,"129,128,40"
12847,"104,3,30"
12848,"364,3,28"
12849,"221,220,10"
12850,"195,128,40"
12851,"48,21,3"
12852,"375,4,3"
12853,"127,21,3"
12854,"67,44,145"
12855,"199,169"
12856,"12,10,11"
12857,"340,265,0"
12858,"455,271,0"
12859,"220,10"
12860,"386,135,40"
12861,"435,4,3"
12862,"15,3"
12863,"425,265,0"
12864,"187,21,3"
12865,"21,3"
12866,"221,220,10"
12867,"90,64,10"
12868,"115,21,3"
12869,"206,8,0"
12870,"168,17,3"
12871,"245,31,23"
12872,"187,21,3"
12873,"80,10,64"
12874,"87,23,38"
12875,"424,271,218"
12876,"45,44,145"
12877,"435,4,3"
12878,"221,220,10"
12879,"332,3,53"
12880,"206,8,0"
12881,"423,160,40"
12882,"300,169,296"
12883,"368,184,40"
12884,"229,0"
12885,"171,170,199"
12886,"144,15,3"
12887,"163,162,40"
12888,"187,3,21"
12889,"108,3,21"
12890,"89,26,23"
12891,"33,21,3"
12892,"381,357,0"
12893,"118,23,74"
12894,"346,313,0"
12895,"42,41,40"
12896,23
12897,"160,40"
12898,"391,8,0"
12899,"508,169,426"
12900,"163,162,40"
12901,"187,3,21"
12902,"187,21,3"
12903,"366,271,0"
12904,"334,160,40"
12905,"80,10,64"
12906,"402,145,40"
12907,"241,131,40"
12908,"142,131,40"
12909,"402,145,40"
12910,"202,3,111"
12911,"89,26,23"
12912,"263,34,3"
12913,"148,3,147"
12914,"43,24,23"
12915,"187,3,21"
12916,"43,24,23"
12917,"206,8,0"
12918,"81,30,3"
12919,"43,24,23"
12920,"32,23,31"
12921,"402,145,40"
12922,"15,3"
12923,"311,426,337"
12924,"138,135,40"
12925,"221,220,10"
12926,"309,23,38"
12927,"494,184,40"
12928,"56,15,17"
12929,"33,21,3"
12930,"25,24,23"
12931,"346,313,0"
12932,"457,0,218"
12933,"426,337,311"
12934,"301,21,3"
12935,"449,271,0"
12936,"307,23,74"
12937,"206,8,0"
12938,"278,277,0"
12939,"376,265,0"
12940,"425,265,0"
12941,"282,111,3"
12942,"205,11,10"
12943,"340,265,0"
12944,"90,10,64"
12945,"220,10"
12946,"93,10,64"
12947,"87,23,38"
12948,"182,21,3"
12949,"434,0,1"
12950,"435,4,3"
12951,"220,10"
12952,"201,41,40"
12953,"180,120,3"
12954,"448,10,64"
12955,"238,4,3"
12956,"171,170,199"
12957,"49,23,24"
12958,"130,128,40"
12959,"376,265,0"
12960,"417,169,296"
12961,"187,21,3"
12962,"351,218,0"
12963,"165,23,74"
12964,"89,26,23"
12965,"143,34,3"
12966,"80,64,10"
12967,"123,111,3"
12968,"315,160,40"
12969,"33,21,3"
12970,"309,23,38"
12971,"315,40,160"
12972,"69,44,145"
12973,"205,10,11"
12974,"231,26,23"
12975,"300,296,169"
12976,"429,271,0"
12977,"130,128,40"
12978,"234,21,60"
12979,"19,4,3"
12980,"194,128,145"
12981,"155,139,40"
12982,"165,23,74"
12983,"448,64,10"
12984,"170,169"
12985,"2,1,0"
12986,"163,162,40"
12987,"174,3,4"
12988,"49,23,24"
12989,"308,8,0"
12990,"110,53,3"
12991,"245,31,23"
12992,"80,64,10"
12993,"464,277,1"
12994,"205,10,11"
12995,"62,24,23"
12996,"187,21,3"
12997,"43,24,23"
12998,"54,10"
12999,"322,54,10"
13000,"21,3"
13001,"329,169,170"
13002,"447,3,34"
13003,"19,3,4"
13004,"80,64,10"
13005,"139,40"
13006,"448,64,10"
13007,"187,21,3"
13008,"456,271,0"
13009,"80,10,64"
13010,"368,184,40"
13011,"18,17,3"
13012,"322,54,10"
13013,"94,23,38"
13014,"503,23,105"
13015,"73,44,145"
13016,"346,313,0"
13017,"268,3,120"
13018,"19,3,4"
13019,"360,271,0"
13020,"448,10,64"
13021,"155,139,40"
13022,"311,169"
13023,"181,145,40"
13024,23
13025,"32,31,23"
13026,"187,3,21"
13027,"315,160,40"
13028,"323,170,199"
13029,"482,288,0"
13030,"438,0,265"
13031,"311,169"
13032,"63,23,38"
13033,"89,26,23"
13034,"71,38,24"
13035,"425,265,0"
13036,"457,0,218"
13037,"259,311,426"
13038,"414,60,10"
13039,"340,265,0"
13040,"66,3,30"
13041,"343,199,169"
13042,"220,10"
13043,"509,218,0"
13044,"301,21,3"
13045,"9,8,0"
13046,"412,3,111"
13047,"331,5,3"
13048,"33,21,3"
13049,"220,10"
13050,"21,3"
13051,"315,160,40"
13052,"419,10,11"
13053,"140,139,40"
13054,"72,44,145"
13055,"137,23,38"
13056,"108,21,3"
13057,"311,337,426"
13058,"89,23,26"
13059,"311,337,426"
13060,"109,11,10"
13061,"501,313,0"
13062,"193,131,40"
13063,"371,296,169"
13064,"402,145,40"
13065,"187,21,3"
13066,"279,249,0"
13067,"80,10,64"
13068,3
13069,"187,21,3"
13070,"382,169,199"
13071,"220,10"
13072,"221,220,10"
13073,"92,60,10"
13074,"406,131,40"
13075,"149,41,40"
13076,"244,40,135"
13077,"152,151,40"
13078,"32,31,23"
13079,"43,24,23"
13080,"448,64,10"
13081,"376,0,265"
13082,"170,169"
13083,"80,10,64"
13084,"171,170,199"
13085,"199,169"
13086,"181,145,40"
13087,"86,85,3"
13088,"129,128,40"
13089,"238,4,3"
13090,"456,271,0"
13091,"106,105,23"
13092,"164,21,3"
13093,"456,271,0"
13094,"431,135,40"
13095,"240,23,38"
13096,"240,23,38"
13097,"500,21,3"
13098,"279,249,0"
13099,"315,160,40"
13100,"206,8,0"
13101,"221,220,10"
13102,"239,10,60"
13103,"423,160,40"
13104,"224,41,40"
13105,40
13106,"107,23,38"
13107,"322,54,10"
13108,3
13109,"62,24,23"
13110,"118,23,74"
13111,"412,111,3"
13112,"11,10"
13113,"215,41,40"
13114,"127,21,3"
13115,"107,23,38"
13116,"54,10"
13117,"36,35,3"
13118,"85,3"
13119,"369,208,0"
13120,"302,160,40"
13121,"19,3,4"
13122,"248,199,170"
13123,"456,271,0"
13124,"137,23,38"
13125,"195,128,40"
13126,"97,3,5"
13127,"402,145,40"
13128,"74,23"
13129,"231,26,23"
13130,"325,3,53"
13131,"206,8,0"
13132,"128,40"
13133,"243,184,40"
13134,"11,10"
13135,"83,54,10"
13136,"206,8,0"
13137,"181,40,145"
13138,"264,23,38"
13139,"345,23,24"
13140,"221,10,220"
13141,"187,21,3"
13142,"80,64,10"
13143,"327,8,0"
13144,"19,3,4"
13145,"11,10"
13146,"175,128,40"
13147,"332,3,53"
13148,"463,255,0"
13149,"138,135,40"
13150,"205,11,10"
13151,"293,85,3"
13152,"187,3,21"
13153,"488,265,0"
13154,"69,44,145"
13155,"85,3"
13156,"226,131,40"
13157,"163,162,40"
13158,"34,3"
13159,"457,0,218"
13160,"444,271,0"
13161,"96,31,23"
13162,"435,3,4"
13163,"48,3,21"
13164,"206,8,0"
13165,"72,44,145"
13166,"93,10,64"
13167,"69,44,145"
13168,"168,17,3"
13169,"294,4,3"
13170,"407,3,4"
13171,"124,21,3"
13172,"343,199,169"
13173,"187,21,3"
13174,"383,208,0"
13175,"187,21,3"
13176,"176,4,3"
13177,"104,3,30"
13178,"448,64,10"
13179,"376,265,0"
13180,"346,313,0"
13181,"93,64,10"
13182,"80,64,10"
13183,"181,40,145"
13184,"180,3,120"
13185,"206,8,0"
13186,"162,40"
13187,"220,10"
13188,"448,64,10"
13189,"406,40,131"
13190,"134,131,40"
13191,"325,53,3"
13192,"43,24,23"
13193,"431,135,40"
13194,"418,265,0"
13195,"291,271,0"
13196,"374,199,169"
13197,"469,288,0"
13198,"204,13,3"
13199,"339,337,169"
13200,"125,3,111"
13201,"146,145,40"
13202,"278,277,0"
13203,"202,3,111"
13204,"18,17,3"
13205,"220,10"
13206,"205,11,10"
13207,"239,10,60"
13208,"80,10,64"
13209,"32,31,23"
13210,"33,21,3"
13211,"346,313,0"
13212,"325,3,53"
13213,"93,10,64"
13214,"43,24,23"
13215,"293,85,3"
13216,"270,8,0"
13217,"402,145,40"
13218,"234,60,21"
13219,"188,3,4"
13220,"258,23,31"
13221,"95,54,10"
13222,"328,31,23"
13223,"359,213,0"
13224,"14,13,3"
13225,"18,17,3"
13226,"134,40,131"
13227,"19,4,3"
13228,"91,23,38"
13229,"419,11,10"
13230,"259,311,426"
13231,"508,169,426"
13232,"494,184,40"
13233,"382,169,199"
13234,"80,64,10"
13235,"286,41,40"
13236,"72,44,145"
13237,"104,30,3"
13238,"187,3,21"
13239,"182,21,3"
13240,"402,145,40"
13241,"468,145,44"
13242,"93,10,64"
13243,"220,10"
13244,"123,111,3"
13245,"406,40,131"
13246,"145,40"
13247,"448,64,10"
13248,"301,3,21"
13249,"138,135,40"
13250,"360,271,0"
13251,"62,24,23"
13252,"54,10"
13253,"448,10,64"
13254,"69,44,145"
13255,"448,64,10"
13256,"22,21,3"
13257,"291,271,0"
13258,"459,170,169"
13259,"161,111,3"
13260,"128,40"
13261,"455,271,0"
13262,"146,145,40"
13263,"259,311,426"
13264,"448,64,10"
13265,"84,23,74"
13266,"181,40,145"
13267,"376,0,265"
13268,"267,111,3"
13269,"11,10"
13270,"311,337,426"
13271,"448,64,10"
13272,"350,26,23"
13273,"315,160,40"
13274,"311,169"
13275,"241,131,40"
13276,"137,23,38"
13277,"175,128,40"
13278,"80,64,10"
13279,"300,296,169"
13280,"467,3,53"
13281,"311,337,426"
13282,"279,249,0"
13283,"514,8,0"
13284,"54,10"
13285,"382,199,169"
13286,"315,160,40"
13287,"334,160,40"
13288,"95,54,10"
13289,"290,23,31"
13290,"18,17,3"
13291,"221,220,10"
13292,"131,40"
13293,"291,271,0"
13294,"240,23,38"
13295,"21,3"
13296,"301,3,21"
13297,"206,8,0"
13298,"33,21,3"
13299,"60,10"
13300,"474,111,3"
13301,"391,8,0"
13302,3
13303,"456,271,0"
13304,"436,170,169"
13305,"221,220,10"
13306,"376,0,265"
13307,"129,128,40"
13308,"456,271,0"
13309,"315,160,40"
13310,"402,145,40"
13311,"18,17,3"
13312,"322,54,10"
13313,"334,160,40"
13314,"171,170,199"
13315,"239,10,60"
13316,"315,160,40"
13317,"43,24,23"
13318,"11,10"
13319,"311,169"
13320,"490,265,0"
13321,"235,8,0"
13322,"290,31,23"
13323,"402,145,40"
13324,"323,170,199"
13325,"186,128,40"
13326,"437,145,40"
13327,"187,3,21"
13328,"311,337,426"
13329,"311,169"
13330,"187,21,3"
13331,"484,255,0"
13332,"362,271,0"
13333,"145,40"
13334,"69,44,145"
13335,"382,199,169"
13336,"45,44,145"
13337,"93,10,64"
13338,"315,160,40"
13339,"239,10,60"
13340,"240,23,38"
13341,"366,271,0"
13342,"171,170,199"
13343,"448,10,64"
13344,"87,23,38"
13345,"67,145,44"
13346,"27,26,23"
13347,"436,169,170"
13348,"382,169,199"
13349,"115,21,3"
13350,"506,13,3"
13351,"235,8,0"
13352,"124,21,3"
13353,"350,26,23"
13354,"73,145,44"
13355,"230,229,0"
13356,"187,21,3"
13357,"384,265,0"
13358,"12,11,10"
13359,"44,145,40"
13360,"80,10,64"
13361,"69,44,145"
13362,"182,21,3"
13363,"44,145,40"
13364,"240,23,38"
13365,"109,11,10"
13366,"343,169,199"
13367,"238,4,3"
13368,"368,184,40"
13369,"149,40,41"
13370,"315,160,40"
13371,"355,271,0"
13372,"457,0,218"
13373,"334,160,40"
13374,"346,313,0"
13375,"96,31,23"
13376,"226,131,40"
13377,"466,131,40"
13378,"343,169,199"
13379,"311,169"
13380,"33,21,3"
13381,"379,21,3"
13382,"411,296,169"
13383,"220,10"
13384,"369,208,0"
13385,"129,128,40"
13386,"376,265,0"
13387,"21,3"
13388,"187,21,3"
13389,"488,265,0"
13390,"311,169"
13391,"187,21,3"
13392,"323,199,170"
13393,"258,31,23"
13394,"195,128,40"
13395,"80,64,10"
13396,"187,21,3"
13397,"171,170,199"
13398,"286,41,40"
13399,"73,44,145"
13400,"220,10"
13401,"156,147,3"
13402,"425,265,0"
13403,"21,3"
13404,"221,10,220"
13405,"493,145,40"
13406,"115,21,3"
13407,"168,17,3"
13408,"243,184,40"
13409,"325,3,53"
13410,"148,3,147"
13411,"456,271,0"
13412,"419,10,11"
13413,"404,111,3"
13414,"85,3"
13415,"195,128,40"
13416,"205,11,10"
13417,"82,38,23"
13418,"165,74,23"
13419,"32,31,23"
13420,"21,3"
13421,"80,10,64"
13422,"340,265,0"
13423,"56,15,17"
13424,"16,15,3"
13425,"195,40,128"
13426,"311,337,426"
13427,"80,10,64"
13428,"308,8,0"
13429,"137,38,23"
13430,"308,8,0"
13431,"187,3,21"
13432,"181,145,40"
13433,"238,4,3"
13434,"45,44,145"
13435,"125,3,111"
13436,"346,313,0"
13437,"205,11,10"
13438,"376,265,0"
13439,"93,10,64"
13440,"8,0"
13441,"315,160,40"
13442,"221,220,10"
13443,"402,145,40"
13444,3
13445,"60,10"
13446,"406,131,40"
13447,"137,38,23"
13448,"32,23,31"
13449,"241,40,131"
13450,"325,53,3"
13451,"187,21,3"
13452,"239,10,60"
13453,"19,4,3"
13454,"205,11,10"
13455,"199,169"
13456,"228,5,3"
13457,"43,24,23"
13458,"322,54,10"
13459,"514,8,0"
13460,"158,85,3"
13461,"39,38,23"
13462,"382,199,169"
13463,"187,3,21"
13464,"457,0,218"
13465,"61,60,10"
13466,"181,145,40"
13467,"80,10,64"
13468,"240,23,38"
13469,"384,265,0"
13470,"58,17,3"
13471,"259,311,426"
13472,"206,8,0"
13473,"375,3,4"
13474,"124,21,3"
13475,"80,64,10"
13476,"185,184,40"
13477,"149,40,41"
13478,"94,23,38"
13479,"26,23"
13480,"92,60,10"
13481,"176,4,3"
13482,"456,271,0"
13483,"418,265,0"
13484,"459,170,169"
13485,"323,170,199"
13486,"259,311,426"
13487,"354,216,0"
13488,"331,3,5"
13489,"187,21,3"
13490,"239,10,60"
13491,"187,21,3"
13492,"84,74,23"
13493,"187,21,3"
13494,"27,26,23"
13495,"165,23,74"
13496,"187,21,3"
13497,"54,10"
13498,"93,10,64"
13499,"187,3,21"
13500,"130,128,40"
13501,"287,53,3"
13502,"311,169"
13503,"435,4,3"
13504,"89,26,23"
13505,"494,184,40"
13506,"160,40"
13507,"308,8,0"
13508,"459,170,169"
13509,"48,3,21"
13510,"194,128,145"
13511,"33,21,3"
13512,"241,40,131"
13513,"43,24,23"
13514,"311,337,426"
13515,"198,111,3"
13516,"175,128,40"
13517,"238,4,3"
13518,"311,169"
13519,"18,17,3"
13520,"514,8,0"
13521,"82,23,38"
13522,"311,169"
13523,"59,24,23"
13524,"82,23,38"
13525,"304,216,0"
13526,"291,271,0"
13527,"49,24,23"
13528,"73,44,145"
13529,"401,3,13"
13530,"457,0,218"
13531,"231,23,26"
13532,"105,23"
13533,"221,220,10"
13534,"448,64,10"
13535,"118,23,74"
13536,"153,139,40"
13537,"241,131,40"
13538,"448,64,10"
13539,"62,24,23"
13540,"108,21,3"
13541,"142,40,131"
13542,"199,169"
13543,"311,169"
13544,"448,64,10"
13545,"131,40"
13546,"32,31,23"
13547,"231,26,23"
13548,10
13549,"29,3,28"
13550,"424,271,218"
13551,40
13552,"346,313,0"
13553,"129,128,40"
13554,"159,131,40"
13555,"181,145,40"
13556,"228,5,3"
13557,"22,3,21"
13558,"106,105,23"
13559,"206,8,0"
13560,"379,3,21"
13561,"263,34,3"
13562,"315,160,40"
13563,"181,40,145"
13564,"163,162,40"
13565,"221,220,10"
13566,"315,160,40"
13567,"172,3,21"
13568,"254,216,0"
13569,"146,145,40"
13570,"93,64,10"
13571,"291,271,0"
13572,3
13573,"291,271,0"
13574,"153,139,40"
13575,"85,3"
13576,"21,3"
13577,"80,10,64"
13578,"402,145,40"
13579,"329,169,170"
13580,"484,255,0"
13581,"500,21,3"
13582,"21,3"
13583,"126,21,3"
13584,"69,44,145"
13585,"423,160,40"
13586,"241,131,40"
13587,"323,170,199"
13588,"259,311,426"
13589,"21,3"
13590,"340,265,0"
13591,"267,111,3"
13592,"240,23,38"
13593,"448,10,64"
13594,"389,3,53"
13595,"239,10,60"
13596,"456,271,0"
13597,"127,21,3"
13598,"206,8,0"
13599,"382,199,169"
13600,"291,271,0"
13601,"32,31,23"
13602,"418,265,0"
13603,"108,3,21"
13604,"311,426,337"
13605,"43,24,23"
13606,"185,184,40"
13607,"187,3,21"
13608,"181,145,40"
13609,"376,265,0"
13610,"144,15,3"
13611,"43,24,23"
13612,"459,170,169"
13613,"108,21,3"
13614,"187,21,3"
13615,"425,265,0"
13616,"494,184,40"
13617,"459,170,169"
13618,"33,21,3"
13619,"187,21,3"
13620,"49,23,24"
13621,"33,21,3"
13622,"340,265,0"
13623,"133,5,3"
13624,"350,23,26"
13625,"93,10,64"
13626,"175,128,40"
13627,"90,10,64"
13628,"206,8,0"
13629,"367,100,40"
13630,"267,111,3"
13631,"456,271,0"
13632,"506,13,3"
13633,"80,10,64"
13634,"187,21,3"
13635,"448,64,10"
13636,"122,13,3"
13637,"181,145,40"
13638,"141,135,40"
13639,"171,170,199"
13640,"187,21,3"
13641,"80,10,64"
13642,23
13643,"84,23,74"
13644,"187,21,3"
13645,"132,131,40"
13646,"221,10,220"
13647,"49,24,23"
13648,"47,24,23"
13649,"206,8,0"
13650,"102,21,3"
13651,"422,216,0"
13652,"16,15,3"
13653,"118,23,74"
13654,"221,220,10"
13655,"372,255,0"
13656,"43,24,23"
13657,"22,21,3"
13658,"478,145,40"
13659,"236,135,40"
13660,"340,265,0"
13661,"325,3,53"
13662,"402,145,40"
13663,"176,4,3"
13664,"321,271,0"
13665,"356,169,199"
13666,"54,10"
13667,"55,54,10"
13668,"212,211,216"
13669,"300,296,169"
13670,"141,40,135"
13671,"303,23,74"
13672,"306,296,169"
13673,"231,26,23"
13674,"32,23,31"
13675,"334,160,40"
13676,"280,271,255"
13677,"220,10"
13678,"205,10,11"
13679,"85,3"
13680,"323,199,170"
13681,"258,31,23"
13682,"425,265,0"
13683,"206,8,0"
13684,"241,131,40"
13685,"72,44,145"
13686,"101,100,40"
13687,"326,105,23"
13688,"21,3"
13689,"89,23,26"
13690,"134,40,131"
13691,"454,31,23"
13692,"72,44,145"
13693,"53,3"
13694,"309,23,38"
13695,"148,147,3"
13696,"444,271,0"
13697,"187,21,3"
13698,"175,128,40"
13699,"4,3"
13700,"204,13,3"
13701,"43,24,23"
13702,"448,64,10"
13703,"25,24,23"
13704,"402,145,40"
13705,"448,64,10"
13706,"14,13,3"
13707,"224,41,40"
13708,"187,21,3"
13709,"90,10,64"
13710,"129,128,40"
13711,"181,145,40"
13712,"187,21,3"
13713,"340,265,0"
13714,"188,4,3"
13715,"346,313,0"
13716,"2,1,0"
13717,"74,23"
13718,"459,170,169"
13719,"340,265,0"
13720,"323,199,170"
13721,"49,23,24"
13722,"154,21,3"
13723,"69,44,145"
13724,"333,296,169"
13725,"182,3,21"
13726,"228,3,5"
13727,"222,100,40"
13728,"187,21,3"
13729,"406,40,131"
13730,"346,313,0"
13731,"293,85,3"
13732,"472,111,3"
13733,"182,21,3"
13734,"112,111,3"
13735,"221,10,220"
13736,"248,170,199"
13737,"290,23,31"
13738,"402,145,40"
13739,"363,271,0"
13740,"467,3,53"
13741,"194,128,145"
13742,"182,21,3"
13743,"231,23,26"
13744,"43,24,23"
13745,"106,105,23"
13746,"315,160,40"
13747,"416,53,3"
13748,"457,0,218"
13749,"404,111,3"
13750,"300,296,169"
13751,"21,3"
13752,"412,111,3"
13753,"228,5,3"
13754,"239,60,10"
13755,"473,10,64"
13756,"199,169"
13757,"315,160,40"
13758,"160,40"
13759,"80,64,10"
13760,"382,169,199"
13761,"424,271,218"
13762,"220,10"
13763,"80,64,10"
13764,"448,10,64"
13765,"51,3"
13766,"171,170,199"
13767,"340,265,0"
13768,"431,135,40"
13769,"44,145,40"
13770,"348,255,0"
13771,"25,24,23"
13772,"52,3,51"
13773,"159,40,131"
13774,"323,170,199"
13775,"44,145,40"
13776,"174,4,3"
13777,"221,10,220"
13778,"382,199,169"
13779,"497,0,288"
13780,"77,31,23"
13781,"27,26,23"
13782,"187,21,3"
13783,"19,4,3"
13784,"80,64,10"
13785,"188,3,4"
13786,"80,64,10"
13787,"256,255,0"
13788,"25,23,24"
13789,"435,3,4"
13790,"346,313,0"
13791,"187,3,21"
13792,"181,145,40"
13793,3
13794,"264,23,38"
13795,"220,10"
13796,"448,64,10"
13797,"224,41,40"
13798,"264,23,38"
13799,"259,311,426"
13800,"451,50,3"
13801,"118,74,23"
13802,"315,160,40"
13803,"168,17,3"
13804,"21,3"
13805,"230,229,0"
13806,"89,26,23"
13807,"221,220,10"
13808,"416,53,3"
13809,"241,131,40"
13810,"49,23,24"
13811,"220,10"
13812,"370,216,0"
13813,"59,23,24"
13814,"21,3"
13815,"62,24,23"
13816,"12,11,10"
13817,"19,4,3"
13818,"448,64,10"
13819,"249,0"
13820,"323,170,199"
13821,"227,3,30"
13822,"348,255,0"
13823,"376,265,0"
13824,"511,313,0"
13825,"448,10,64"
13826,"325,53,3"
13827,"118,23,74"
13828,"238,3,4"
13829,"32,31,23"
13830,"434,0,1"
13831,"18,17,3"
13832,"187,21,3"
13833,"300,296,169"
13834,"399,265,0"
13835,"187,21,3"
13836,"206,8,0"
13837,"448,64,10"
13838,"30,3"
13839,"376,265,0"
13840,"194,145,128"
13841,"194,145,128"
13842,"322,54,10"
13843,"108,3,21"
13844,"76,23"
13845,"43,24,23"
13846,"448,64,10"
13847,"425,265,0"
13848,"93,10,64"
13849,"187,21,3"
13850,"90,64,10"
13851,"88,23,38"
13852,"275,111,3"
13853,"501,313,0"
13854,"187,21,3"
13855,"399,265,0"
13856,"311,426,337"
13857,"60,10"
13858,"478,145,40"
13859,"523,53,3"
13860,"456,271,0"
13861,"220,10"
13862,"146,40,145"
13863,"96,31,23"
13864,"327,8,0"
13865,"220,10"
13866,"164,21,3"
13867,"240,23,38"
13868,"309,23,38"
13869,"172,21,3"
13870,"436,170,169"
13871,"32,31,23"
13872,"77,31,23"
13873,"190,3,28"
13874,"118,23,74"
13875,"457,0,218"
13876,"18,17,3"
13877,"350,26,23"
13878,"129,128,40"
13879,"448,64,10"
13880,"221,220,10"
13881,"448,10,64"
13882,"96,31,23"
13883,"28,3"
13884,"245,31,23"
13885,"158,3,85"
13886,"376,265,0"
13887,"220,10"
13888,"129,128,40"
13889,"448,64,10"
13890,"187,3,21"
13891,"187,3,21"
13892,"448,64,10"
13893,"95,54,10"
13894,23
13895,"239,10,60"
13896,"195,40,128"
13897,"230,229,0"
13898,"315,40,160"
13899,"61,60,10"
13900,"343,199,169"
13901,"429,271,0"
13902,"187,21,3"
13903,"93,64,10"
13904,"170,169"
13905,"21,3"
13906,"16,15,3"
13907,"80,10,64"
13908,"80,10,64"
13909,"496,40,395"
13910,"224,41,40"
13911,"187,21,3"
13912,"350,26,23"
13913,40
13914,"436,169,170"
13915,"220,10"
13916,"514,8,0"
13917,"514,8,0"
13918,"458,277,0"
13919,"108,21,3"
13920,"127,21,3"
13921,"315,160,40"
13922,"80,64,10"
13923,"115,21,3"
13924,"325,53,3"
13925,"181,145,40"
13926,"315,160,40"
13927,"187,21,3"
13928,"185,184,40"
13929,"71,24,38"
13930,"435,3,4"
13931,"241,131,40"
13932,"115,21,3"
13933,"73,44,145"
13934,"231,26,23"
13935,"224,41,40"
13936,"315,160,40"
13937,"337,169"
13938,"301,21,3"
13939,"12,10,11"
13940,"80,10,64"
13941,"163,162,40"
13942,"452,296,169"
13943,"221,220,10"
13944,"221,220,10"
13945,"90,10,64"
13946,"221,220,10"
13947,"72,44,145"
13948,"175,128,40"
13949,"57,5,3"
13950,"270,8,0"
13951,"187,3,21"
13952,"205,10,11"
13953,"199,169"
13954,"374,169,199"
13955,"238,4,3"
13956,"7,4,3"
13957,"339,169,337"
13958,"428,296,169"
13959,"93,10,64"
13960,"48,21,3"
13961,"336,296,169"
13962,"118,74,23"
13963,"270,8,0"
13964,"456,271,0"
13965,"163,40,162"
13966,"202,111,3"
13967,"212,211,216"
13968,"235,8,0"
13969,"346,313,0"
13970,"148,3,147"
13971,"16,15,3"
13972,"243,184,40"
13973,"138,135,40"
13974,"118,23,74"
13975,"456,271,0"
13976,"187,3,21"
13977,"77,31,23"
13978,"54,10"
13979,"2,0,1"
13980,"11,10"
13981,"237,34,3"
13982,"118,23,74"
13983,"316,3,30"
13984,"119,111,3"
13985,"286,41,40"
13986,"72,44,145"
13987,"221,220,10"
13988,"325,53,3"
13989,"115,21,3"
13990,"93,64,10"
13991,"258,31,23"
13992,"448,10,64"
13993,"401,13,3"
13994,"195,40,128"
13995,"108,21,3"
13996,"160,40"
13997,"447,34,3"
13998,40
13999,"53,3"
14000,"49,24,23"
14001,"269,218,0"
14002,"7,4,3"
14003,"209,0,208"
14004,"402,145,40"
14005,"21,3"
14006,"493,145,40"
14007,"56,17,15"
14008,"12,10,11"
14009,"221,220,10"
14010,"80,64,10"
14011,"323,199,170"
14012,"21,3"
14013,"320,17,3"
14014,"140,139,40"
14015,"214,213,0"
14016,"406,40,131"
14017,"311,169"
14018,"159,40,131"
14019,"148,3,147"
14020,"108,21,3"
14021,"243,184,40"
14022,"292,53,3"
14023,"402,145,40"
14024,"340,265,0"
14025,"85,3"
14026,"146,145,40"
14027,"129,128,40"
14028,"422,216,0"
14029,"187,21,3"
14030,"303,74,23"
14031,"158,3,85"
14032,"447,3,34"
14033,"406,131,40"
14034,"96,31,23"
14035,"240,38,23"
14036,"226,131,40"
14037,"224,41,40"
14038,"63,23,38"
14039,"137,23,38"
14040,"494,184,40"
14041,"269,0,218"
14042,"19,3,4"
14043,"80,64,10"
14044,"187,3,21"
14045,"115,21,3"
14046,"6,5,3"
14047,"448,64,10"
14048,"206,8,0"
14049,"171,170,199"
14050,"16,15,3"
14051,"175,128,40"
14052,"80,64,10"
14053,"171,170,199"
14054,"138,135,40"
14055,"182,21,3"
14056,"522,271,0"
14057,"89,23,26"
14058,"202,111,3"
14059,"240,23,38"
14060,"271,0"
14061,"26,23"
14062,"48,21,3"
14063,"129,128,40"
14064,"433,4,3"
14065,"73,44,145"
14066,"21,3"
14067,"145,40"
14068,"127,21,3"
14069,"206,8,0"
14070,"308,8,0"
14071,"80,64,10"
14072,"290,23,31"
14073,"346,313,0"
14074,"209,0,208"
14075,"323,199,170"
14076,"343,169,199"
14077,"199,169"
14078,"16,15,3"
14079,"350,26,23"
14080,"354,216,0"
14081,"447,3,34"
14082,"315,160,40"
14083,"187,21,3"
14084,"93,10,64"
14085,"185,184,40"
14086,"152,151,40"
14087,"21,3"
14088,"12,10,11"
14089,"129,128,40"
14090,"185,184,40"
14091,"419,10,11"
14092,"224,41,40"
14093,"355,271,0"
14094,"345,23,24"
14095,"77,31,23"
14096,"382,199,169"
14097,"334,160,40"
14098,"301,3,21"
14099,"325,53,3"
14100,"19,4,3"
14101,"376,0,265"
14102,"401,13,3"
14103,"376,265,0"
14104,"315,160,40"
14105,"435,4,3"
14106,"340,265,0"
14107,"21,3"
14108,"221,10,220"
14109,"80,10,64"
14110,"134,40,131"
14111,"240,38,23"
14112,"318,105,23"
14113,"226,131,40"
14114,"241,131,40"
14115,"108,21,3"
14116,"311,169"
14117,"231,26,23"
14118,"93,10,64"
14119,"256,255,0"
14120,"220,10"
14121,"264,23,38"
14122,"448,64,10"
14123,"435,4,3"
14124,"175,128,40"
14125,"293,85,3"
14126,"382,199,169"
14127,"170,169"
14128,"226,40,131"
14129,"430,53,3"
14130,"107,23,38"
14131,"51,3"
14132,"334,160,40"
14133,"134,131,40"
14134,"49,24,23"
14135,"286,41,40"
14136,"497,0,288"
14137,"134,131,40"
14138,"59,24,23"
14139,"456,271,0"
14140,"241,40,131"
14141,"354,216,0"
14142,"43,24,23"
14143,"108,21,3"
14144,"391,8,0"
14145,"366,271,0"
14146,"184,40"
14147,"185,184,40"
14148,"62,24,23"
14149,"81,30,3"
14150,"348,255,0"
14151,"354,0,216"
14152,"220,10"
14153,"2,1,0"
14154,"206,8,0"
14155,"187,3,21"
14156,"80,10,64"
14157,"97,5,3"
14158,"254,216,0"
14159,"33,21,3"
14160,"43,24,23"
14161,"448,64,10"
14162,"205,10,11"
14163,"478,145,40"
14164,"80,64,10"
14165,"243,184,40"
14166,"206,8,0"
14167,"45,44,145"
14168,"187,3,21"
14169,"221,220,10"
14170,"221,220,10"
14171,"176,4,3"
14172,"129,128,40"
14173,"61,60,10"
14174,"221,220,10"
14175,"133,3,5"
14176,"508,169,426"
14177,"108,21,3"
14178,"343,199,169"
14179,"138,135,40"
14180,"139,40"
14181,"32,23,31"
14182,"95,54,10"
14183,"32,23,31"
14184,"385,5,3"
14185,"448,64,10"
14186,"401,13,3"
14187,"43,24,23"
14188,"33,21,3"
14189,"188,3,4"
14190,"21,3"
14191,"514,8,0"
14192,"469,0,288"
14193,"350,26,23"
14194,"434,1,0"
14195,"32,31,23"
14196,"194,128,145"
14197,"80,10,64"
14198,"381,357,0"
14199,"77,31,23"
14200,"267,111,3"
14201,"391,8,0"
14202,"287,53,3"
14203,"472,111,3"
14204,"258,31,23"
14205,"425,265,0"
14206,"291,271,0"
14207,"12,11,10"
14208,"206,8,0"
14209,"522,271,0"
14210,"205,10,11"
14211,"315,160,40"
14212,169
14213,"153,139,40"
14214,"130,128,40"
14215,"90,64,10"
14216,"340,265,0"
14217,"241,131,40"
14218,"170,169"
14219,"108,3,21"
14220,"222,100,40"
14221,"456,271,0"
14222,"140,139,40"
14223,"343,169,199"
14224,"235,8,0"
14225,"89,26,23"
14226,"315,160,40"
14227,"101,40,100"
14228,"181,40,145"
14229,"43,24,23"
14230,"43,24,23"
14231,"11,10"
14232,"47,24,23"
14233,"485,313,0"
14234,"501,313,0"
14235,"264,38,23"
14236,"194,128,145"
14237,"448,64,10"
14238,"240,23,38"
14239,"271,0"
14240,"48,3,21"
14241,"379,3,21"
14242,"206,8,0"
14243,"402,145,40"
14244,"382,199,169"
14245,"75,74,23"
14246,"456,271,0"
14247,"84,23,74"
14248,"311,169"
14249,"251,337,296"
14250,"89,26,23"
14251,"514,8,0"
14252,"187,21,3"
14253,"258,31,23"
14254,"400,255,0"
14255,"487,169,426"
14256,"16,15,3"
14257,"220,10"
14258,"402,145,40"
14259,"187,21,3"
14260,"89,23,26"
14261,"314,0,313"
14262,"187,21,3"
14263,"205,11,10"
14264,"187,3,21"
14265,"48,21,3"
14266,"118,23,74"
14267,"11,10"
14268,"448,64,10"
14269,"340,265,0"
14270,"124,21,3"
14271,"124,21,3"
14272,"221,220,10"
14273,"325,3,53"
14274,"251,337,296"
14275,"187,21,3"
14276,"382,169,199"
14277,"18,17,3"
14278,"258,31,23"
14279,"300,296,169"
14280,40
14281,"204,3,13"
14282,"43,24,23"
14283,"220,10"
14284,"182,21,3"
14285,"106,105,23"
14286,"323,199,170"
14287,"32,23,31"
14288,"19,4,3"
14289,"130,128,40"
14290,"19,4,3"
14291,"404,111,3"
14292,"340,265,0"
14293,"457,0,218"
14294,"80,64,10"
14295,"194,128,145"
14296,"418,265,0"
14297,"456,271,0"
14298,"349,265,0"
14299,"194,128,145"
14300,"346,313,0"
14301,"77,31,23"
14302,"340,265,0"
14303,"238,4,3"
14304,"402,145,40"
14305,"325,53,3"
14306,"231,26,23"
14307,"44,145,40"
14308,"145,40"
14309,"52,51,3"
14310,"80,64,10"
14311,"311,337,426"
14312,"280,271,255"
14313,"402,145,40"
14314,"249,0"
14315,"499,296,169"
14316,"19,4,3"
14317,"209,208,0"
14318,"80,10,64"
14319,"19,3,4"
14320,"21,3"
14321,"68,3,53"
14322,"278,277,0"
14323,"425,265,0"
14324,"340,265,0"
14325,"323,199,170"
14326,"290,31,23"
14327,"15,3"
14328,"346,313,0"
14329,"206,8,0"
14330,"448,64,10"
14331,"431,135,40"
14332,"528,169,311"
14333,"97,3,5"
14334,"80,10,64"
14335,"315,160,40"
14336,"499,296,169"
14337,"457,0,218"
14338,"372,0,255"
14339,"457,0,218"
14340,"234,60,21"
14341,"115,21,3"
14342,"331,5,3"
14343,"514,8,0"
14344,"508,169,426"
14345,"19,4,3"
14346,"199,169"
14347,"129,128,40"
14348,"108,21,3"
14349,"259,426,311"
14350,"499,296,169"
14351,"54,10"
14352,"304,216,0"
14353,"459,170,169"
14354,"126,21,3"
14355,"241,40,131"
14356,"220,10"
14357,"241,131,40"
14358,"452,296,169"
14359,"448,10,64"
14360,"524,145,40"
14361,"271,0"
14362,"174,4,3"
14363,"170,169"
14364,"340,265,0"
14365,"496,40,395"
14366,"124,21,3"
14367,"134,40,131"
14368,"435,4,3"
14369,"61,60,10"
14370,"457,0,218"
14371,"73,44,145"
14372,"181,145,40"
14373,"238,4,3"
14374,"122,13,3"
14375,"96,31,23"
14376,"264,23,38"
14377,"96,31,23"
14378,"220,10"
14379,"124,21,3"
14380,"315,160,40"
14381,"182,21,3"
14382,"340,265,0"
14383,"48,21,3"
14384,"303,23,74"
14385,"33,21,3"
14386,"348,0,255"
14387,"16,15,3"
14388,"171,170,199"
14389,"264,23,38"
14390,"108,21,3"
14391,"199,169"
14392,"32,23,31"
14393,"181,40,145"
14394,"263,34,3"
14395,"72,44,145"
14396,"273,265,0"
14397,"435,4,3"
14398,"459,170,169"
14399,"129,128,40"
14400,"19,4,3"
14401,"49,23,24"
14402,"93,10,64"
14403,"100,40"
14404,"11,10"
14405,"108,21,3"
14406,"340,265,0"
14407,"54,10"
14408,"187,21,3"
14409,"315,160,40"
14410,"494,184,40"
14411,"286,41,40"
14412,"130,128,40"
14413,"220,10"
14414,"514,8,0"
14415,"280,271,255"
14416,"137,38,23"
14417,"493,145,40"
14418,"286,41,40"
14419,"226,131,40"
14420,"92,60,10"
14421,"343,169,199"
14422,"32,31,23"
14423,"419,11,10"
14424,"163,40,162"
14425,"129,128,40"
14426,"234,60,21"
14427,"221,220,10"
14428,"355,271,0"
14429,"448,64,10"
14430,"396,40,395"
14431,"32,31,23"
14432,"138,135,40"
14433,"80,10,64"
14434,"187,21,3"
14435,"182,21,3"
14436,"57,5,3"
14437,"325,53,3"
14438,"113,28,3"
14439,"514,8,0"
14440,"45,44,145"
14441,23
14442,"455,271,0"
14443,"80,64,10"
14444,"187,21,3"
14445,"376,0,265"
14446,"250,135,40"
14447,"247,160,40"
14448,"144,15,3"
14449,"129,128,40"
14450,"80,64,10"
14451,"25,23,24"
14452,"195,128,40"
14453,"334,160,40"
14454,"334,160,40"
14455,"325,53,3"
14456,"406,131,40"
14457,"87,23,38"
14458,"493,145,40"
14459,"19,4,3"
14460,"93,10,64"
14461,"321,271,0"
14462,"376,265,0"
14463,"54,10"
14464,"145,40"
14465,"115,21,3"
14466,"18,17,3"
14467,"138,135,40"
14468,"321,271,0"
14469,"454,31,23"
14470,"130,128,40"
14471,"328,31,23"
14472,"80,10,64"
14473,"181,145,40"
14474,"350,26,23"
14475,"69,44,145"
14476,"73,44,145"
14477,"45,44,145"
14478,"32,23,31"
14479,"315,160,40"
14480,"231,23,26"
14481,"263,3,34"
14482,"316,30,3"
14483,"115,21,3"
14484,"523,3,53"
14485,"182,3,21"
14486,"190,3,28"
14487,"112,111,3"
14488,"19,4,3"
14489,"84,23,74"
14490,"187,3,21"
14491,"54,10"
14492,"452,296,169"
14493,"14,13,3"
14494,"328,31,23"
14495,"80,64,10"
14496,"170,169"
14497,"447,3,34"
14498,"131,40"
14499,"206,8,0"
14500,"315,160,40"
14501,"148,3,147"
14502,"63,38,23"
14503,"264,23,38"
14504,"301,3,21"
14505,"239,10,60"
14506,"286,41,40"
14507,"118,23,74"
14508,"239,60,10"
14509,"33,21,3"
14510,"158,85,3"
14511,"83,54,10"
14512,"220,10"
14513,"370,216,0"
14514,"48,21,3"
14515,"197,10,60"
14516,"402,145,40"
14517,"448,10,64"
14518,"32,23,31"
14519,"146,145,40"
14520,"217,120,3"
14521,"12,10,11"
14522,"220,10"
14523,"323,170,199"
14524,"401,13,3"
14525,"18,17,3"
14526,"291,271,0"
14527,"470,3,120"
14528,"280,271,255"
14529,"311,337,426"
14530,"187,3,21"
14531,"12,10,11"
14532,"42,41,40"
14533,"240,23,38"
14534,"361,271,0"
14535,"140,139,40"
14536,"93,10,64"
14537,"257,216,0"
14538,"187,21,3"
14539,"325,53,3"
14540,"17,3"
14541,"340,265,0"
14542,"11,10"
14543,"238,3,4"
14544,"83,54,10"
14545,"343,199,169"
14546,"181,40,145"
14547,"448,64,10"
14548,"184,40"
14549,"95,54,10"
14550,"315,160,40"
14551,"175,128,40"
14552,"302,160,40"
14553,"346,313,0"
14554,"304,0,216"
14555,"171,170,199"
14556,"231,26,23"
14557,"215,40,41"
14558,"325,3,53"
14559,"108,21,3"
14560,"81,3,30"
14561,"220,10"
14562,"226,131,40"
14563,"287,53,3"
14564,"18,17,3"
14565,"221,10,220"
14566,"43,24,23"
14567,"291,271,0"
14568,"32,23,31"
14569,"148,3,147"
14570,"93,10,64"
14571,"228,3,5"
14572,"129,128,40"
14573,"158,85,3"
14574,"240,23,38"
14575,"302,160,40"
14576,"221,220,10"
14577,"239,10,60"
14578,"146,40,145"
14579,3
14580,"220,10"
14581,"93,64,10"
14582,"181,40,145"
14583,"278,277,0"
14584,"220,10"
14585,"130,128,40"
14586,"80,64,10"
14587,"315,160,40"
14588,"474,111,3"
14589,"126,3,21"
14590,"240,23,38"
14591,"49,24,23"
14592,"435,3,4"
14593,"182,3,21"
14594,"91,23,38"
14595,"181,40,145"
14596,"68,53,3"
14597,"80,64,10"
14598,"80,64,10"
14599,"49,24,23"
14600,"187,21,3"
14601,"194,145,128"
14602,"153,139,40"
14603,"32,23,31"
14604,"80,10,64"
14605,"456,271,0"
14606,"187,21,3"
14607,"104,30,3"
14608,"238,4,3"
14609,"456,271,0"
14610,"129,128,40"
14611,"238,4,3"
14612,"74,23"
14613,"418,265,0"
14614,"448,64,10"
14615,"448,64,10"
14616,"80,64,10"
14617,"146,145,40"
14618,"69,44,145"
14619,"165,23,74"
14620,"212,211,216"
14621,"240,23,38"
14622,"205,10,11"
14623,"187,21,3"
14624,"356,199,169"
14625,"80,64,10"
14626,"340,265,0"
14627,"187,21,3"
14628,"391,8,0"
14629,"187,21,3"
14630,"72,44,145"
14631,"205,11,10"
14632,"306,296,169"
14633,"221,220,10"
14634,"315,160,40"
14635,"181,145,40"
14636,"401,13,3"
14637,"221,220,10"
14638,"80,10,64"
14639,"519,105,23"
14640,"2,1,0"
14641,"267,111,3"
14642,"187,21,3"
14643,"220,10"
14644,"187,21,3"
14645,"8,0"
14646,"430,53,3"
14647,"71,38,24"
14648,"33,21,3"
14649,"508,169,426"
14650,"410,0,8"
14651,"112,111,3"
14652,"488,265,0"
14653,"512,218,0"
14654,"175,128,40"
14655,"111,3"
14656,"115,21,3"
14657,"14,13,3"
14658,"303,74,23"
14659,"315,40,160"
14660,"237,34,3"
14661,"315,160,40"
14662,"80,10,64"
14663,"264,23,38"
14664,"185,184,40"
14665,"71,38,24"
14666,"206,8,0"
14667,"202,111,3"
14668,"239,10,60"
14669,"6,5,3"
14670,"118,23,74"
14671,"127,21,3"
14672,"225,3,120"
14673,"342,271,0"
14674,"343,169,199"
14675,"186,40,128"
14676,"129,128,40"
14677,"16,15,3"
14678,"187,21,3"
14679,"343,169,199"
14680,"456,271,0"
14681,"406,131,40"
14682,"194,128,145"
14683,"241,131,40"
14684,"325,53,3"
14685,"80,64,10"
14686,10
14687,"224,41,40"
14688,"187,21,3"
14689,"187,21,3"
14690,"239,10,60"
14691,"201,41,40"
14692,"71,24,38"
14693,"420,296,169"
14694,"334,160,40"
14695,"43,24,23"
14696,"334,160,40"
14697,"44,145,40"
14698,"376,265,0"
14699,"227,30,3"
14700,"290,31,23"
14701,"423,160,40"
14702,"315,160,40"
14703,"187,21,3"
14704,"301,3,21"
14705,"162,40"
14706,"33,21,3"
14707,"18,17,3"
14708,"187,21,3"
14709,"322,54,10"
14710,"507,296,169"
14711,"259,311,426"
14712,"311,337,426"
14713,"206,8,0"
14714,"405,8,0"
14715,"32,31,23"
14716,"54,10"
14717,"267,111,3"
14718,"92,10,60"
14719,"90,64,10"
14720,"204,13,3"
14721,"391,8,0"
14722,"80,10,64"
14723,"315,160,40"
14724,"376,265,0"
14725,"221,220,10"
14726,"62,24,23"
14727,"103,23,38"
14728,"308,8,0"
14729,"150,13,3"
14730,"382,169,199"
14731,"205,10,11"
14732,"187,21,3"
14733,"126,21,3"
14734,"220,10"
14735,"182,3,21"
14736,"239,60,10"
14737,"197,10,60"
14738,"19,4,3"
14739,"212,211,216"
14740,"220,10"
14741,"221,220,10"
14742,"43,24,23"
14743,"283,74,23"
14744,"159,131,40"
14745,"448,64,10"
14746,"207,28,3"
14747,"456,271,0"
14748,"510,220,10"
14749,"406,131,40"
14750,"74,23"
14751,"448,10,64"
14752,"171,170,199"
14753,"448,64,10"
14754,"216,0"
14755,"42,41,40"
14756,"456,271,0"
14757,"16,15,3"
14758,"255,0"
14759,"241,131,40"
14760,"85,3"
14761,"170,169"
14762,"33,21,3"
14763,"72,44,145"
14764,"343,199,169"
14765,"194,128,145"
14766,"343,199,169"
14767,"48,21,3"
14768,"226,131,40"
14769,"118,23,74"
14770,"361,271,0"
14771,"384,265,0"
14772,"291,271,0"
14773,"124,21,3"
14774,"168,17,3"
14775,"187,21,3"
14776,"237,34,3"
14777,"259,311,426"
14778,"325,3,53"
14779,"177,30,3"
14780,"376,0,265"
14781,"142,40,131"
14782,"391,8,0"
14783,"523,53,3"
14784,"49,23,24"
14785,"241,131,40"
14786,"334,160,40"
14787,"448,10,64"
14788,"478,40,145"
14789,"80,64,10"
14790,"514,8,0"
14791,"160,40"
14792,"49,24,23"
14793,"73,44,145"
14794,"448,64,10"
14795,"437,145,40"
14796,"48,21,3"
14797,"243,184,40"
14798,"83,54,10"
14799,"304,216,0"
14800,"91,23,38"
14801,"155,139,40"
14802,"251,337,296"
14803,"228,5,3"
14804,"240,23,38"
14805,"456,271,0"
14806,"21,3"
14807,"494,184,40"
14808,"43,24,23"
14809,"187,3,21"
14810,"7,4,3"
14811,"467,53,3"
14812,"354,216,0"
14813,"447,3,34"
14814,"109,11,10"
14815,"402,145,40"
14816,"204,13,3"
14817,10
14818,"221,220,10"
14819,"89,26,23"
14820,"92,60,10"
14821,"85,3"
14822,"138,135,40"
14823,"266,265,0"
14824,"199,169"
14825,"263,34,3"
14826,"228,5,3"
14827,"425,265,0"
14828,"183,4,3"
14829,"130,128,40"
14830,"137,23,38"
14831,"447,34,3"
14832,"221,220,10"
14833,"11,10"
14834,"488,265,0"
14835,"118,23,74"
14836,"222,100,40"
14837,"204,3,13"
14838,"165,23,74"
14839,"221,220,10"
14840,"434,0,1"
14841,"127,3,21"
14842,"308,8,0"
14843,"32,31,23"
14844,"86,85,3"
14845,"311,337,426"
14846,"128,40"
14847,"187,21,3"
14848,"159,40,131"
14849,"301,21,3"
14850,"220,10"
14851,"148,147,3"
14852,"204,3,13"
14853,"424,271,218"
14854,"72,44,145"
14855,"346,313,0"
14856,"346,313,0"
14857,"285,8,0"
14858,"224,41,40"
14859,"49,24,23"
14860,"159,40,131"
14861,"21,3"
14862,"187,21,3"
14863,"201,41,40"
14864,"417,169,296"
14865,"315,40,160"
14866,"187,21,3"
14867,"108,21,3"
14868,"80,10,64"
14869,"315,160,40"
14870,"80,64,10"
14871,"11,10"
14872,"238,4,3"
14873,"15,3"
14874,"221,220,10"
14875,"91,23,38"
14876,"18,17,3"
14877,"148,147,3"
14878,"220,10"
14879,"187,21,3"
14880,"112,111,3"
14881,"199,169"
14882,"187,21,3"
14883,"49,24,23"
14884,"95,54,10"
14885,"435,4,3"
14886,"438,0,265"
14887,"370,216,0"
14888,"350,26,23"
14889,"489,10,60"
14890,"32,23,31"
14891,"80,64,10"
14892,"201,41,40"
14893,"237,34,3"
14894,"96,31,23"
14895,"365,265,0"
14896,"259,311,426"
14897,"145,40"
14898,"528,169,311"
14899,"376,265,0"
14900,"80,10,64"
14901,"303,23,74"
14902,"134,131,40"
14903,"448,64,10"
14904,"170,169"
14905,"431,135,40"
14906,"80,10,64"
14907,"138,135,40"
14908,"315,160,40"
14909,"240,23,38"
14910,"222,100,40"
14911,"163,162,40"
14912,"458,277,0"
14913,"241,131,40"
14914,"205,10,11"
14915,"448,64,10"
14916,"457,0,218"
14917,"406,131,40"
14918,"187,21,3"
14919,"329,169,170"
14920,"49,23,24"
14921,"411,296,169"
14922,"224,41,40"
14923,"80,10,64"
14924,"456,271,0"
14925,"348,0,255"
14926,"66,30,3"
14927,"69,44,145"
14928,40
14929,"108,21,3"
14930,"436,169,170"
14931,"350,23,26"
14932,"456,271,0"
14933,"418,265,0"
14934,169
14935,"417,169,296"
14936,"304,216,0"
14937,"241,40,131"
14938,"118,23,74"
14939,"187,21,3"
14940,"314,313,0"
14941,"221,220,10"
14942,"170,169"
14943,"17,3"
14944,"115,21,3"
14945,"315,160,40"
14946,"182,3,21"
14947,"201,41,40"
14948,"306,296,169"
14949,"426,169"
14950,"414,10,60"
14951,"180,120,3"
14952,"71,24,38"
14953,"346,313,0"
14954,"275,111,3"
14955,"77,31,23"
14956,"195,40,128"
14957,"368,184,40"
14958,"382,199,169"
14959,"406,131,40"
14960,"300,169,296"
14961,"80,64,10"
14962,"457,0,218"
14963,"456,271,0"
14964,"478,145,40"
14965,"82,23,38"
14966,"343,169,199"
14967,"180,3,120"
14968,"182,21,3"
14969,"19,4,3"
14970,"346,313,0"
14971,"187,3,21"
14972,"282,111,3"
14973,"87,23,38"
14974,"80,64,10"
14975,"436,170,169"
14976,"231,23,26"
14977,"456,271,0"
14978,"259,311,426"
14979,"448,64,10"
14980,"382,169,199"
14981,"406,131,40"
14982,"126,21,3"
14983,"186,128,40"
14984,"522,271,0"
14985,"313,0"
14986,"498,288,0"
14987,"346,313,0"
14988,"402,145,40"
14989,"80,10,64"
14990,"187,21,3"
14991,"73,44,145"
14992,"291,271,0"
14993,"435,4,3"
14994,"7,4,3"
14995,"48,21,3"
14996,"80,64,10"
14997,169
14998,"376,265,0"
14999,"93,10,64"
15000,"315,160,40"
15001,"52,3,51"
15002,"237,34,3"
15003,"72,44,145"
15004,"134,131,40"
15005,"118,23,74"
15006,"131,40"
15007,"49,24,23"
15008,"239,60,10"
15009,"311,169"
15010,"153,139,40"
15011,"406,131,40"
15012,"288,0"
15013,"42,41,40"
15014,"80,10,64"
15015,"217,3,120"
15016,"171,170,199"
15017,"401,3,13"
15018,"45,44,145"
15019,"171,170,199"
15020,"74,23"
15021,"199,169"
15022,"149,41,40"
15023,"137,23,38"
15024,"301,3,21"
15025,"308,8,0"
15026,"187,21,3"
15027,"187,21,3"
15028,"209,0,208"
15029,"226,131,40"
15030,"303,23,74"
15031,"346,313,0"
15032,"187,21,3"
15033,"148,3,147"
15034,"228,3,5"
15035,"85,3"
15036,3
15037,"256,255,0"
15038,"399,265,0"
15039,"455,0,271"
15040,"220,10"
15041,"300,296,169"
15042,"90,64,10"
15043,"206,8,0"
15044,"182,21,3"
15045,"33,21,3"
15046,"474,111,3"
15047,"457,0,218"
15048,"423,160,40"
15049,"80,10,64"
15050,"236,135,40"
15051,"238,4,3"
15052,"187,3,21"
15053,"170,169"
15054,"355,271,0"
15055,"309,23,38"
15056,"9,8,0"
15057,"145,40"
15058,"96,31,23"
15059,"444,0,271"
15060,"93,10,64"
15061,"448,64,10"
15062,"148,3,147"
15063,"323,199,170"
15064,"69,44,145"
15065,"171,170,199"
15066,"241,40,131"
15067,"182,3,21"
15068,"115,21,3"
15069,"182,21,3"
15070,"366,271,0"
15071,"188,4,3"
15072,"86,85,3"
15073,"112,111,3"
15074,"295,135,40"
15075,"507,296,169"
15076,"96,31,23"
15077,"43,24,23"
15078,"221,220,10"
15079,"33,3,21"
15080,"181,145,40"
15081,"456,271,0"
15082,"49,24,23"
15083,"94,23,38"
15084,"142,131,40"
15085,"69,44,145"
15086,"220,10"
15087,"425,265,0"
15088,"118,23,74"
15089,"346,313,0"
15090,"63,23,38"
15091,"238,4,3"
15092,"21,3"
15093,"402,145,40"
15094,"200,311,337"
15095,"187,21,3"
15096,"149,40,41"
15097,"12,10,11"
15098,"354,216,0"
15099,"340,265,0"
15100,"141,40,135"
15101,"187,21,3"
15102,"275,111,3"
15103,"18,17,3"
15104,"85,3"
15105,"418,265,0"
15106,"43,24,23"
15107,"280,271,255"
15108,"524,145,40"
15109,"71,24,38"
15110,"187,21,3"
15111,"101,100,40"
15112,"215,41,40"
15113,"54,10"
15114,"146,145,40"
15115,"406,40,131"
15116,"386,135,40"
15117,"80,10,64"
15118,"80,64,10"
15119,"311,426,337"
15120,"148,147,3"
15121,"263,34,3"
15122,"402,145,40"
15123,"62,23,24"
15124,"77,31,23"
15125,"101,40,100"
15126,"188,4,3"
15127,"220,10"
15128,"212,211,216"
15129,"231,26,23"
15130,"159,40,131"
15131,"493,145,40"
15132,"322,54,10"
15133,"19,4,3"
15134,"238,3,4"
15135,"161,111,3"
15136,"175,128,40"
15137,"138,135,40"
15138,"315,160,40"
15139,"175,128,40"
15140,"346,313,0"
15141,"106,23,105"
15142,"331,5,3"
15143,"43,24,23"
15144,"221,220,10"
15145,"32,23,31"
15146,"187,21,3"
15147,"343,169,199"
15148,"501,313,0"
15149,"43,24,23"
15150,"468,145,44"
15151,"448,64,10"
15152,"221,220,10"
15153,"101,100,40"
15154,"148,3,147"
15155,"96,31,23"
15156,"42,41,40"
15157,"394,255,0"
15158,"32,23,31"
15159,"301,21,3"
15160,"49,23,24"
15161,"171,170,199"
15162,"428,296,169"
15163,"308,8,0"
15164,"220,10"
15165,"199,169"
15166,"291,271,0"
15167,"417,296,169"
15168,"161,111,3"
15169,"186,40,128"
15170,"91,23,38"
15171,"176,4,3"
15172,"435,4,3"
15173,"181,40,145"
15174,"343,199,169"
15175,"234,21,60"
15176,"181,145,40"
15177,"259,311,426"
15178,"523,3,53"
15179,"197,10,60"
15180,"187,21,3"
15181,"108,21,3"
15182,"25,23,24"
15183,"220,10"
15184,"325,53,3"
15185,"420,296,169"
15186,"137,38,23"
15187,"32,23,31"
15188,"363,271,0"
15189,"502,145,40"
15190,"183,4,3"
15191,"206,8,0"
15192,"115,21,3"
15193,"240,38,23"
15194,"33,3,21"
15195,"402,145,40"
15196,"311,169"
15197,"85,3"
15198,"191,41,40"
15199,"226,131,40"
15200,"241,131,40"
15201,"63,23,38"
15202,"68,3,53"
15203,"49,24,23"
15204,"468,145,44"
15205,"425,265,0"
15206,"124,21,3"
15207,"187,21,3"
15208,"447,3,34"
15209,"376,265,0"
15210,"220,10"
15211,"220,10"
15212,"187,21,3"
15213,"182,3,21"
15214,"264,23,38"
15215,"42,41,40"
15216,"456,271,0"
15217,"303,23,74"
15218,"205,11,10"
15219,"334,160,40"
15220,"95,54,10"
15221,"254,216,0"
15222,"43,24,23"
15223,"448,64,10"
15224,"27,26,23"
15225,"406,40,131"
15226,"187,21,3"
15227,"12,11,10"
15228,"340,265,0"
15229,40
15230,"80,10,64"
15231,"346,313,0"
15232,"355,271,0"
15233,"14,13,3"
15234,"311,337,426"
15235,"402,145,40"
15236,"115,21,3"
15237,"431,135,40"
15238,"187,21,3"
15239,"220,10"
15240,"80,64,10"
15241,"231,23,26"
15242,"153,139,40"
15243,"205,11,10"
15244,"448,64,10"
15245,"187,21,3"
15246,"80,64,10"
15247,"291,0,271"
15248,"32,23,31"
15249,"32,23,31"
15250,"85,3"
15251,"311,337,426"
15252,"95,54,10"
15253,"448,10,64"
15254,"204,3,13"
15255,"354,216,0"
15256,"280,271,255"
15257,"259,311,426"
15258,"226,131,40"
15259,"226,131,40"
15260,"267,111,3"
15261,"492,265,0"
15262,"47,24,23"
15263,"54,10"
15264,"220,10"
15265,"94,23,38"
15266,"131,40"
15267,"165,74,23"
15268,"138,135,40"
15269,"340,265,0"
15270,"340,265,0"
15271,"187,3,21"
15272,"187,21,3"
15273,"205,11,10"
15274,"221,220,10"
15275,"456,271,0"
15276,"134,40,131"
15277,"177,3,30"
15278,"436,169,170"
15279,"448,64,10"
15280,"435,4,3"
15281,"33,21,3"
15282,"241,131,40"
15283,"243,184,40"
15284,"72,145,44"
15285,"89,26,23"
15286,"126,21,3"
15287,"323,170,199"
15288,"311,337,426"
15289,"148,147,3"
15290,"221,10,220"
15291,"182,21,3"
15292,"108,3,21"
15293,"187,21,3"
15294,"323,170,199"
15295,"448,64,10"
15296,"448,10,64"
15297,"11,10"
15298,"209,208,0"
15299,"339,337,169"
15300,"21,3"
15301,"28,3"
15302,"435,4,3"
15303,"220,10"
15304,"460,296,169"
15305,"466,131,40"
15306,"131,40"
15307,"311,337,426"
15308,"239,60,10"
15309,"73,44,145"
15310,"309,38,23"
15311,"431,135,40"
15312,"182,21,3"
15313,"337,311,426"
15314,"406,131,40"
15315,"199,169"
15316,"376,265,0"
15317,"315,160,40"
15318,"238,3,4"
15319,"249,0"
15320,"508,169,426"
15321,"429,271,0"
15322,"118,23,74"
15323,"291,271,0"
15324,"291,271,0"
15325,"399,265,0"
15326,"356,169,199"
15327,"397,313,0"
15328,"182,21,3"
15329,"72,44,145"
15330,"89,26,23"
15331,"168,17,3"
15332,"425,265,0"
15333,"260,170,169"
15334,"220,10"
15335,"33,21,3"
15336,"317,74,23"
15337,"187,21,3"
15338,"108,21,3"
15339,"145,40"
15340,"297,265,0"
15341,"240,23,38"
15342,"108,21,3"
15343,"382,169,199"
15344,"206,8,0"
15345,"180,120,3"
15346,"448,10,64"
15347,"148,3,147"
15348,"388,3,111"
15349,"312,426,311"
15350,3
15351,"455,271,0"
15352,"311,169"
15353,"448,64,10"
15354,"129,128,40"
15355,"67,145,44"
15356,"197,10,60"
15357,"89,26,23"
15358,"62,23,24"
15359,"226,131,40"
15360,"205,11,10"
15361,"497,0,288"
15362,"112,111,3"
15363,"108,21,3"
15364,"493,145,40"
15365,"93,10,64"
15366,"142,131,40"
15367,"107,23,38"
15368,"134,40,131"
15369,"73,44,145"
15370,"241,131,40"
15371,"124,21,3"
15372,"49,24,23"
15373,"135,40"
15374,3
15375,"402,145,40"
15376,"420,296,169"
15377,"194,145,128"
15378,"205,10,11"
15379,"231,26,23"
15380,"376,265,0"
15381,"403,208,0"
15382,"340,265,0"
15383,"282,111,3"
15384,"33,21,3"
15385,"334,160,40"
15386,"259,311,426"
15387,"93,10,64"
15388,"346,313,0"
15389,"315,160,40"
15390,"16,15,3"
15391,"291,271,0"
15392,"364,3,28"
15393,"187,21,3"
15394,"77,31,23"
15395,"123,111,3"
15396,"328,31,23"
15397,"334,160,40"
15398,"221,220,10"
15399,"220,10"
15400,"181,40,145"
15401,"272,271,0"
15402,"239,10,60"
15403,"304,216,0"
15404,"397,313,0"
15405,"80,10,64"
15406,"17,3"
15407,"96,31,23"
15408,"346,313,0"
15409,"87,23,38"
15410,"66,30,3"
15411,"16,15,3"
15412,"429,271,0"
15413,"16,15,3"
15414,"77,31,23"
15415,"376,0,265"
15416,"234,60,21"
15417,"185,184,40"
15418,"221,220,10"
15419,"293,85,3"
15420,"425,265,0"
15421,"316,30,3"
15422,"241,131,40"
15423,"327,8,0"
15424,"245,31,23"
15425,"490,265,0"
15426,"469,288,0"
15427,"187,21,3"
15428,"131,40"
15429,"304,216,0"
15430,"43,24,23"
15431,"43,24,23"
15432,"385,3,5"
15433,"32,23,31"
15434,"93,64,10"
15435,"80,10,64"
15436,"187,21,3"
15437,"108,21,3"
15438,"221,220,10"
15439,"187,21,3"
15440,"89,26,23"
15441,"239,10,60"
15442,"264,38,23"
15443,"264,38,23"
15444,"473,10,64"
15445,"33,21,3"
15446,"84,23,74"
15447,"124,21,3"
15448,"194,128,145"
15449,"82,23,38"
15450,"343,199,169"
15451,"123,111,3"
15452,"315,160,40"
15453,"508,169,426"
15454,"213,0"
15455,"187,21,3"
15456,"66,3,30"
15457,"89,26,23"
15458,"108,3,21"
15459,"138,135,40"
15460,"80,10,64"
15461,"235,8,0"
15462,"108,21,3"
15463,"48,3,21"
15464,"73,44,145"
15465,"164,21,3"
15466,"270,8,0"
15467,"373,208,0"
15468,"80,10,64"
15469,"177,3,30"
15470,"80,64,10"
15471,"449,271,0"
15472,"346,313,0"
15473,"315,160,40"
15474,"16,15,3"
15475,"112,111,3"
15476,"140,139,40"
15477,"69,44,145"
15478,"95,54,10"
15479,"402,145,40"
15480,"168,17,3"
15481,"259,311,426"
15482,"73,44,145"
15483,"343,199,169"
15484,"68,3,53"
15485,"368,184,40"
15486,"91,23,38"
15487,"2,1,0"
15488,"187,3,21"
15489,"447,3,34"
15490,"311,337,426"
15491,"59,24,23"
15492,"195,128,40"
15493,"108,21,3"
15494,"435,3,4"
15495,"323,199,170"
15496,"171,170,199"
15497,"187,21,3"
15498,"280,271,255"
15499,"278,277,0"
15500,"340,265,0"
15501,"268,3,120"
15502,"448,10,64"
15503,"131,40"
15504,"54,10"
15505,"224,41,40"
15506,"311,337,426"
15507,"138,135,40"
15508,"182,21,3"
15509,"62,23,24"
15510,"87,23,38"
15511,"456,271,0"
15512,"448,64,10"
15513,"228,3,5"
15514,"311,337,426"
15515,"306,296,169"
15516,"241,40,131"
15517,"32,31,23"
15518,"205,11,10"
15519,"356,169,199"
15520,"181,40,145"
15521,"185,184,40"
15522,"181,145,40"
15523,"116,34,3"
15524,"304,216,0"
15525,"182,21,3"
15526,"494,184,40"
15527,"228,3,5"
15528,"420,296,169"
15529,"456,271,0"
15530,"108,21,3"
15531,"134,40,131"
15532,"187,3,21"
15533,"514,8,0"
15534,"93,10,64"
15535,"227,3,30"
15536,"193,40,131"
15537,"163,162,40"
15538,"80,64,10"
15539,"12,11,10"
15540,"187,21,3"
15541,"231,26,23"
15542,"240,23,38"
15543,"231,26,23"
15544,"293,85,3"
15545,"90,64,10"
15546,"191,41,40"
15547,"282,111,3"
15548,"108,21,3"
15549,"204,13,3"
15550,"93,10,64"
15551,"51,3"
15552,"181,40,145"
15553,"232,23,38"
15554,"129,128,40"
15555,"391,8,0"
15556,"448,10,64"
15557,"190,3,28"
15558,"19,4,3"
15559,"426,311,337"
15560,"48,21,3"
15561,"220,10"
15562,"108,21,3"
15563,"226,131,40"
15564,"325,53,3"
15565,"7,4,3"
15566,"33,21,3"
15567,"43,24,23"
15568,"181,145,40"
15569,"43,24,23"
15570,"241,131,40"
15571,"311,169"
15572,"448,64,10"
15573,"126,21,3"
15574,"170,169"
15575,"206,8,0"
15576,"11,10"
15577,"43,24,23"
15578,"448,64,10"
15579,"2,1,0"
15580,"501,313,0"
15581,"469,288,0"
15582,"107,23,38"
15583,"213,0"
15584,"273,265,0"
15585,"221,220,10"
15586,"375,4,3"
15587,"448,64,10"
15588,"459,170,169"
15589,"171,170,199"
15590,"165,23,74"
15591,"454,31,23"
15592,"93,10,64"
15593,"291,271,0"
15594,"194,145,128"
15595,"493,145,40"
15596,"402,145,40"
15597,"126,21,3"
15598,"283,74,23"
15599,"424,271,218"
15600,"267,111,3"
15601,"172,21,3"
15602,"82,23,38"
15603,"129,128,40"
15604,"170,169"
15605,"493,145,40"
15606,"187,3,21"
15607,"195,40,128"
15608,"488,265,0"
15609,"486,40,131"
15610,"108,21,3"
15611,"187,21,3"
15612,"80,64,10"
15613,"36,35,3"
15614,"14,13,3"
15615,"402,145,40"
15616,"118,23,74"
15617,"129,128,40"
15618,"448,64,10"
15619,"93,10,64"
15620,"448,64,10"
15621,"187,21,3"
15622,"77,31,23"
15623,"184,40"
15624,"248,199,170"
15625,"195,128,40"
15626,"160,40"
15627,"270,8,0"
15628,"311,337,426"
15629,"238,4,3"
15630,"48,21,3"
15631,"408,40,128"
15632,"418,265,0"
15633,"170,169"
15634,"447,34,3"
15635,"514,8,0"
15636,"448,64,10"
15637,"315,160,40"
15638,"54,10"
15639,"408,40,128"
15640,"291,271,0"
15641,"80,10,64"
15642,"438,265,0"
15643,"186,128,40"
15644,"283,74,23"
15645,"62,23,24"
15646,"346,313,0"
15647,"206,8,0"
15648,"180,3,120"
15649,"263,34,3"
15650,"464,1,277"
15651,"182,21,3"
15652,"337,311,426"
15653,"448,64,10"
15654,"187,21,3"
15655,"33,3,21"
15656,"188,3,4"
15657,40
15658,"93,64,10"
15659,"468,44,145"
15660,"399,265,0"
15661,"187,21,3"
15662,"240,23,38"
15663,"240,23,38"
15664,"269,218,0"
15665,"406,40,131"
15666,"225,3,120"
15667,"77,31,23"
15668,"129,128,40"
15669,"457,0,218"
15670,"141,135,40"
15671,"272,271,0"
15672,"402,145,40"
15673,"221,220,10"
15674,"221,10,220"
15675,"17,3"
15676,"488,265,0"
15677,"425,265,0"
15678,"244,135,40"
15679,"106,105,23"
15680,"431,135,40"
15681,"171,170,199"
15682,"291,271,0"
15683,"463,255,0"
15684,"97,3,5"
15685,"48,21,3"
15686,"43,24,23"
15687,"199,169"
15688,"187,21,3"
15689,"49,24,23"
15690,"103,23,38"
15691,"185,184,40"
15692,"130,128,40"
15693,"11,10"
15694,"431,135,40"
15695,"425,265,0"
15696,"435,4,3"
15697,"69,44,145"
15698,"239,60,10"
15699,"80,64,10"
15700,"239,10,60"
15701,"175,128,40"
15702,"206,8,0"
15703,"343,169,199"
15704,"238,4,3"
15705,"187,3,21"
15706,"430,3,53"
15707,"16,15,3"
15708,"204,3,13"
15709,"346,313,0"
15710,"85,3"
15711,"435,4,3"
15712,"145,40"
15713,"19,4,3"
15714,"226,131,40"
15715,"170,169"
15716,"226,131,40"
15717,"32,23,31"
15718,"311,426,337"
15719,"315,160,40"
15720,"221,220,10"
15721,"435,4,3"
15722,"282,111,3"
15723,"204,13,3"
15724,"334,160,40"
15725,"258,31,23"
15726,"258,31,23"
15727,"176,4,3"
15728,"259,311,426"
15729,"193,40,131"
15730,"459,170,169"
15731,"200,311,337"
15732,"321,271,0"
15733,"350,26,23"
15734,"108,21,3"
15735,"228,5,3"
15736,"401,13,3"
15737,"456,271,0"
15738,"49,24,23"
15739,"221,10,220"
15740,"239,60,10"
15741,"485,313,0"
15742,"304,216,0"
15743,"425,265,0"
15744,"493,145,40"
15745,"106,105,23"
15746,"72,44,145"
15747,"73,44,145"
15748,"80,10,64"
15749,"488,265,0"
15750,"18,17,3"
15751,"187,21,3"
15752,"371,296,169"
15753,"291,271,0"
15754,"332,53,3"
15755,"238,4,3"
15756,"435,3,4"
15757,"396,395,40"
15758,40
15759,"72,44,145"
15760,"80,10,64"
15761,"240,23,38"
15762,"397,313,0"
15763,"129,128,40"
15764,"182,21,3"
15765,"431,135,40"
15766,"224,41,40"
15767,"194,145,128"
15768,"32,31,23"
15769,"21,3"
15770,"21,3"
15771,"343,169,199"
15772,"87,23,38"
15773,"311,169"
15774,"456,271,0"
15775,"216,0"
15776,"369,208,0"
15777,"315,160,40"
15778,"44,145,40"
15779,"181,145,40"
15780,"171,170,199"
15781,"14,13,3"
15782,"346,313,0"
15783,"448,64,10"
15784,3
15785,"402,145,40"
15786,"346,313,0"
15787,"95,54,10"
15788,"85,3"
15789,"11,10"
15790,"80,10,64"
15791,"241,131,40"
15792,"85,3"
15793,"448,64,10"
15794,"205,10,11"
15795,"220,10"
15796,"228,5,3"
15797,"108,21,3"
15798,"331,5,3"
15799,"349,265,0"
15800,"221,220,10"
15801,"153,139,40"
15802,"126,21,3"
15803,"171,170,199"
15804,"334,160,40"
15805,"407,4,3"
15806,"77,31,23"
15807,"469,288,0"
15808,"16,15,3"
15809,"311,337,426"
15810,"478,145,40"
15811,"165,23,74"
15812,"224,41,40"
15813,"220,10"
15814,"224,41,40"
15815,"187,21,3"
15816,"343,199,169"
15817,"118,23,74"
15818,"454,31,23"
15819,"349,265,0"
15820,"12,10,11"
15821,"33,21,3"
15822,"72,44,145"
15823,"80,10,64"
15824,"259,311,426"
15825,"226,131,40"
15826,"80,64,10"
15827,"346,313,0"
15828,"240,23,38"
15829,"340,265,0"
15830,"124,21,3"
15831,"18,17,3"
15832,"21,3"
15833,"402,145,40"
15834,"25,24,23"
15835,"187,21,3"
15836,"88,23,38"
15837,"103,23,38"
15838,"185,184,40"
15839,"93,10,64"
15840,169
15841,"248,170,199"
15842,"337,169"
15843,"448,64,10"
15844,"325,3,53"
15845,"448,64,10"
15846,"72,44,145"
15847,"418,265,0"
15848,"448,64,10"
15849,"231,23,26"
15850,"87,23,38"
15851,"137,23,38"
15852,"334,160,40"
15853,"43,24,23"
15854,"171,170,199"
15855,"309,23,38"
15856,"146,145,40"
15857,"19,4,3"
15858,"108,21,3"
15859,"514,8,0"
15860,"240,23,38"
15861,"308,8,0"
15862,"49,24,23"
15863,"19,4,3"
15864,"220,10"
15865,"423,160,40"
15866,"376,265,0"
15867,"187,3,21"
15868,"360,271,0"
15869,"221,10,220"
15870,"315,160,40"
15871,"43,24,23"
15872,"297,265,0"
15873,"21,3"
15874,"304,216,0"
15875,"186,128,40"
15876,"456,271,0"
15877,"93,10,64"
15878,"193,131,40"
15879,"102,21,3"
15880,"204,13,3"
15881,"203,147,3"
15882,"291,271,0"
15883,"61,60,10"
15884,"80,10,64"
15885,"187,21,3"
15886,"89,26,23"
15887,"118,23,74"
15888,"323,170,199"
15889,"209,0,208"
15890,"108,21,3"
15891,"315,160,40"
15892,"19,4,3"
15893,"340,265,0"
15894,"2,1,0"
15895,"19,4,3"
15896,"153,139,40"
15897,"163,162,40"
15898,"256,255,0"
15899,"258,31,23"
15900,"514,8,0"
15901,"256,255,0"
15902,"45,44,145"
15903,"220,10"
15904,"340,265,0"
15905,"115,21,3"
15906,"448,64,10"
15907,"171,170,199"
15908,"447,34,3"
15909,"108,21,3"
15910,"240,23,38"
15911,"237,34,3"
15912,"376,0,265"
15913,"259,311,426"
15914,"300,296,169"
15915,"33,21,3"
15916,"141,135,40"
15917,"226,131,40"
15918,"348,255,0"
15919,"138,135,40"
15920,"206,8,0"
15921,"16,15,3"
15922,"80,10,64"
15923,"221,220,10"
15924,"220,10"
15925,"473,64,10"
15926,"226,131,40"
15927,"206,8,0"
15928,"108,21,3"
15929,"311,169"
15930,"93,10,64"
15931,"457,0,218"
15932,"127,21,3"
15933,"187,3,21"
15934,"49,24,23"
15935,"259,311,426"
15936,"69,44,145"
15937,"334,160,40"
15938,"402,145,40"
15939,"187,21,3"
15940,"514,8,0"
15941,"118,23,74"
15942,"226,40,131"
15943,"402,145,40"
15944,"199,169"
15945,"240,38,23"
15946,"148,147,3"
15947,"80,10,64"
15948,"309,23,38"
15949,"187,3,21"
15950,"456,271,0"
15951,"221,220,10"
15952,"224,41,40"
15953,"425,265,0"
15954,"402,145,40"
15955,"264,38,23"
15956,"21,3"
15957,"434,0,1"
15958,"494,184,40"
15959,"19,4,3"
15960,"340,265,0"
15961,"300,296,169"
15962,"425,265,0"
15963,"332,3,53"
15964,"325,3,53"
15965,"107,23,38"
15966,"21,3"
15967,"93,10,64"
15968,"369,208,0"
15969,"370,216,0"
15970,"165,23,74"
15971,"238,3,4"
15972,"187,21,3"
15973,"402,145,40"
15974,"221,220,10"
15975,"489,60,10"
15976,"181,40,145"
15977,"205,11,10"
15978,"85,3"
15979,"187,21,3"
15980,"80,10,64"
15981,"370,216,0"
15982,"456,271,0"
15983,"12,10,11"
15984,"456,271,0"
15985,"194,128,145"
15986,"220,10"
15987,"514,8,0"
15988,"383,208,0"
15989,"87,23,38"
15990,"21,3"
15991,"221,220,10"
15992,"334,160,40"
15993,"457,0,218"
15994,"80,10,64"
15995,"459,170,169"
15996,"69,44,145"
15997,"89,26,23"
15998,"22,3,21"
15999,"259,311,426"
16000,"315,160,40"
16001,"129,128,40"
16002,"448,64,10"
16003,"228,5,3"
16004,"67,145,44"
16005,"329,169,170"
16006,"43,24,23"
16007,"151,40"
16008,"171,170,199"
16009,"148,147,3"
16010,"360,271,0"
16011,"437,145,40"
16012,"224,41,40"
16013,"86,85,3"
16014,"108,3,21"
16015,"382,169,199"
16016,"291,271,0"
16017,"44,145,40"
16018,"146,145,40"
16019,"302,160,40"
16020,"259,311,426"
16021,"267,111,3"
16022,"108,3,21"
16023,"430,53,3"
16024,169
16025,"80,10,64"
16026,"221,220,10"
16027,"355,271,0"
16028,"33,21,3"
16029,"48,21,3"
16030,"478,40,145"
16031,"21,3"
16032,"448,64,10"
16033,"388,3,111"
16034,"348,255,0"
16035,"220,10"
16036,"394,255,0"
16037,"460,169,296"
16038,"448,10,64"
16039,"187,21,3"
16040,"457,0,218"
16041,"289,288,0"
16042,3
16043,"206,8,0"
16044,"16,15,3"
16045,"333,296,169"
16046,"187,21,3"
16047,"402,145,40"
16048,"85,3"
16049,"204,3,13"
16050,"67,44,145"
16051,"99,53,3"
16052,"138,135,40"
16053,"226,131,40"
16054,"32,23,31"
16055,"121,120,3"
16056,"493,145,40"
16057,"308,8,0"
16058,"187,21,3"
16059,"206,8,0"
16060,"454,31,23"
16061,"376,265,0"
16062,"7,4,3"
16063,"181,40,145"
16064,"325,3,53"
16065,"366,271,0"
16066,"334,160,40"
16067,"456,271,0"
16068,"21,3"
16069,"163,162,40"
16070,"354,216,0"
16071,"194,128,145"
16072,"18,17,3"
16073,"508,169,426"
16074,"107,23,38"
16075,"175,128,40"
16076,"334,160,40"
16077,"315,160,40"
16078,"475,218,0"
16079,"368,184,40"
16080,"360,271,0"
16081,"435,4,3"
16082,"89,26,23"
16083,"182,21,3"
16084,"448,64,10"
16085,"33,21,3"
16086,"18,17,3"
16087,"248,199,170"
16088,"226,40,131"
16089,"366,271,0"
16090,"124,21,3"
16091,"239,60,10"
16092,"435,3,4"
16093,"402,145,40"
16094,"231,26,23"
16095,"30,3"
16096,"206,8,0"
16097,"282,111,3"
16098,"308,8,0"
16099,"19,3,4"
16100,"456,271,0"
16101,"63,38,23"
16102,"235,8,0"
16103,"448,64,10"
16104,"156,147,3"
16105,"108,21,3"
16106,"417,169,296"
16107,"52,51,3"
16108,"326,105,23"
16109,"225,3,120"
16110,"91,38,23"
16111,"188,3,4"
16112,"456,271,0"
16113,"54,10"
16114,"21,3"
16115,"206,8,0"
16116,"220,10"
16117,"448,64,10"
16118,"11,10"
16119,"316,30,3"
16120,"134,40,131"
16121,"121,120,3"
16122,"115,21,3"
16123,"401,13,3"
16124,"366,271,0"
16125,"187,3,21"
16126,"355,271,0"
16127,"259,311,426"
16128,"246,23,38"
16129,"171,170,199"
16130,"221,220,10"
16131,"43,24,23"
16132,"254,216,0"
16133,"210,4,3"
16134,"456,271,0"
16135,"187,21,3"
16136,"522,271,0"
16137,"221,220,10"
16138,"33,21,3"
16139,"69,44,145"
16140,"447,34,3"
16141,"239,60,10"
16142,"318,105,23"
16143,"77,31,23"
16144,"291,271,0"
16145,40
16146,"346,313,0"
16147,"506,13,3"
16148,"181,145,40"
16149,"221,220,10"
16150,"80,10,64"
16151,"200,311,337"
16152,"43,24,23"
16153,"170,169"
16154,"455,0,271"
16155,3
16156,"474,111,3"
16157,"18,17,3"
16158,"73,44,145"
16159,"396,40,395"
16160,3
16161,"220,10"
16162,"33,21,3"
16163,"80,64,10"
16164,"301,3,21"
16165,"418,0,265"
16166,"448,64,10"
16167,"17,3"
16168,"174,4,3"
16169,"448,64,10"
16170,"44,145,40"
16171,"350,26,23"
16172,"225,3,120"
16173,"438,0,265"
16174,"111,3"
16175,"431,40,135"
16176,"361,271,0"
16177,"187,21,3"
16178,"459,170,169"
16179,"349,265,0"
16180,"371,296,169"
16181,"187,21,3"
16182,"148,147,3"
16183,"311,337,426"
16184,"43,24,23"
16185,"90,64,10"
16186,"210,4,3"
16187,"199,169"
16188,"45,44,145"
16189,"108,3,21"
16190,"118,23,74"
16191,"90,64,10"
16192,"11,10"
16193,"24,23"
16194,"216,0"
16195,"325,3,53"
16196,"466,40,131"
16197,"108,3,21"
16198,"187,21,3"
16199,"181,145,40"
16200,"129,128,40"
16201,"448,64,10"
16202,"251,337,296"
16203,"112,111,3"
16204,"48,21,3"
16205,"291,271,0"
16206,"306,296,169"
16207,"194,128,145"
16208,"12,11,10"
16209,3
16210,"510,220,10"
16211,"70,3,4"
16212,"35,3"
16213,"417,169,296"
16214,"259,311,426"
16215,"80,10,64"
16216,"107,23,38"
16217,"148,3,147"
16218,"402,145,40"
16219,"108,21,3"
16220,"235,8,0"
16221,"301,3,21"
16222,"402,145,40"
16223,"85,3"
16224,"80,64,10"
16225,"102,21,3"
16226,"241,40,131"
16227,"206,8,0"
16228,"33,3,21"
16229,"49,24,23"
16230,"115,21,3"
16231,"526,296,169"
16232,"187,3,21"
16233,"26,23"
16234,"205,11,10"
16235,"315,160,40"
16236,"181,145,40"
16237,"448,64,10"
16238,"168,17,3"
16239,"515,265,0"
16240,"323,170,199"
16241,"108,3,21"
16242,"323,170,199"
16243,"304,216,0"
16244,"323,170,199"
16245,"125,111,3"
16246,"80,10,64"
16247,"187,21,3"
16248,"343,169,199"
16249,"317,23,74"
16250,"220,10"
16251,"438,0,265"
16252,"186,40,128"
16253,"325,3,53"
16254,"104,3,30"
16255,"251,337,296"
16256,"108,3,21"
16257,"25,24,23"
16258,"171,170,199"
16259,"124,21,3"
16260,"438,265,0"
16261,"18,17,3"
16262,"512,218,0"
16263,"224,41,40"
16264,"171,170,199"
16265,"448,64,10"
16266,"340,265,0"
16267,"187,3,21"
16268,"376,0,265"
16269,"323,170,199"
16270,"82,23,38"
16271,"241,131,40"
16272,"73,44,145"
16273,"448,10,64"
16274,"174,4,3"
16275,"311,337,426"
16276,3
16277,"435,4,3"
16278,"456,271,0"
16279,"315,160,40"
16280,"44,145,40"
16281,"86,85,3"
16282,"32,31,23"
16283,"380,216,0"
16284,"182,21,3"
16285,"437,145,40"
16286,"160,40"
16287,"175,128,40"
16288,"161,111,3"
16289,"323,170,199"
16290,"354,216,0"
16291,"323,199,170"
16292,"323,199,170"
16293,"241,131,40"
16294,"323,170,199"
16295,"231,26,23"
16296,"220,10"
16297,"402,145,40"
16298,"391,8,0"
16299,"226,131,40"
16300,"189,135,40"
16301,"244,40,135"
16302,"239,60,10"
16303,"205,10,11"
16304,"376,265,0"
16305,"315,160,40"
16306,"206,8,0"
16307,"187,21,3"
16308,"444,0,271"
16309,"127,21,3"
16310,"148,147,3"
16311,"73,44,145"
16312,"21,3"
16313,"402,145,40"
16314,"85,3"
16315,"80,64,10"
16316,"168,17,3"
16317,"11,10"
16318,"80,64,10"
16319,"80,64,10"
16320,"418,0,265"
16321,"240,23,38"
16322,"43,24,23"
16323,"280,271,255"
16324,"187,21,3"
16325,"325,3,53"
16326,"221,10,220"
16327,"418,265,0"
16328,"172,21,3"
16329,"238,3,4"
16330,"350,26,23"
16331,"138,135,40"
16332,"315,160,40"
16333,"44,145,40"
16334,"343,169,199"
16335,"372,255,0"
16336,"234,21,60"
16337,"354,216,0"
16338,"8,0"
16339,"21,3"
16340,"301,21,3"
16341,"83,54,10"
16342,"480,255,0"
16343,"240,23,38"
16344,"315,160,40"
16345,"224,41,40"
16346,"500,21,3"
16347,"402,145,40"
16348,"134,131,40"
16349,"182,21,3"
16350,"212,211,216"
16351,"382,199,169"
16352,"444,271,0"
16353,"399,265,0"
16354,"181,40,145"
16355,"77,31,23"
16356,"221,220,10"
16357,"170,169"
16358,"406,131,40"
16359,"431,135,40"
16360,"4,3"
16361,"448,64,10"
16362,"241,40,131"
16363,"108,3,21"
16364,"220,10"
16365,"220,10"
16366,"124,21,3"
16367,"1,0"
16368,"108,3,21"
16369,"239,10,60"
16370,"315,160,40"
16371,"32,23,31"
16372,"374,199,169"
16373,"438,265,0"
16374,"170,169"
16375,"171,170,199"
16376,"241,131,40"
16377,"523,53,3"
16378,"63,38,23"
16379,"475,0,218"
16380,"224,41,40"
16381,"308,8,0"
16382,"30,3"
16383,"108,21,3"
16384,"280,255,271"
16385,10
16386,"63,38,23"
16387,"240,23,38"
16388,"282,111,3"
16389,"311,169"
16390,"80,64,10"
16391,"80,64,10"
16392,"251,337,296"
16393,"315,160,40"
16394,3
16395,"146,145,40"
16396,"19,3,4"
16397,"448,10,64"
16398,"444,271,0"
16399,"425,265,0"
16400,"321,271,0"
16401,"80,64,10"
16402,"468,145,44"
16403,"259,311,426"
16404,"187,21,3"
16405,"315,40,160"
16406,"74,23"
16407,"80,64,10"
16408,"206,8,0"
16409,"308,8,0"
16410,"206,8,0"
16411,"124,21,3"
16412,"221,220,10"
16413,"308,8,0"
16414,"72,44,145"
16415,"376,265,0"
16416,"251,337,296"
16417,"21,3"
16418,"16,15,3"
16419,"206,8,0"
16420,"430,53,3"
16421,"159,40,131"
16422,"18,17,3"
16423,"32,31,23"
16424,"21,3"
16425,"220,10"
16426,"280,271,255"
16427,"238,3,4"
16428,"379,21,3"
16429,"240,38,23"
16430,"174,4,3"
16431,"80,10,64"
16432,"138,135,40"
16433,"478,145,40"
16434,"315,160,40"
16435,"228,5,3"
16436,"376,0,265"
16437,"80,10,64"
16438,"379,21,3"
16439,"220,10"
16440,"118,23,74"
16441,"49,23,24"
16442,"231,26,23"
16443,"54,10"
16444,"158,85,3"
16445,"80,64,10"
16446,"19,4,3"
16447,"376,265,0"
16448,"11,10"
16449,"106,105,23"
16450,"72,44,145"
16451,"115,21,3"
16452,"56,15,17"
16453,"315,160,40"
16454,"241,131,40"
16455,"182,3,21"
16456,"108,3,21"
16457,"8,0"
16458,"32,23,31"
16459,"81,30,3"
16460,"12,11,10"
16461,"33,21,3"
16462,"187,21,3"
16463,"80,10,64"
16464,"370,216,0"
16465,"507,296,169"
16466,"129,128,40"
16467,"368,184,40"
16468,"493,145,40"
16469,"146,145,40"
16470,"382,199,169"
16471,"308,8,0"
16472,"108,21,3"
16473,"80,64,10"
16474,"238,4,3"
16475,"151,40"
16476,"513,277,0"
16477,"71,24,38"
16478,"328,31,23"
16479,"343,169,199"
16480,"375,4,3"
16481,"448,10,64"
16482,"241,131,40"
16483,"124,21,3"
16484,"187,21,3"
16485,"431,135,40"
16486,"182,3,21"
16487,"420,169,296"
16488,"334,160,40"
16489,"336,296,169"
16490,"206,8,0"
16491,"80,10,64"
16492,"108,21,3"
16493,"251,337,296"
16494,"259,311,426"
16495,"243,184,40"
16496,"187,21,3"
16497,"447,34,3"
16498,"17,3"
16499,"408,128,40"
16500,"444,271,0"
16501,"181,145,40"
16502,"286,41,40"
16503,"80,10,64"
16504,"448,10,64"
16505,"178,3,30"
16506,"12,10,11"
16507,"287,53,3"
16508,3
16509,"48,21,3"
16510,"399,265,0"
16511,"43,24,23"
16512,"221,220,10"
16513,"259,311,426"
16514,"187,21,3"
16515,"239,60,10"
16516,"245,31,23"
16517,"182,3,21"
16518,"12,11,10"
16519,"368,184,40"
16520,"185,184,40"
16521,"300,296,169"
16522,"18,17,3"
16523,"187,3,21"
16524,"508,169,426"
16525,"205,11,10"
16526,"187,21,3"
16527,"311,337,426"
16528,"304,216,0"
16529,"322,54,10"
16530,"12,11,10"
16531,"2,1,0"
16532,"116,34,3"
16533,"397,313,0"
16534,"221,220,10"
16535,"456,271,0"
16536,"17,3"
16537,"153,139,40"
16538,"183,4,3"
16539,"196,160,40"
16540,"406,40,131"
16541,"205,11,10"
16542,"187,21,3"
16543,"346,313,0"
16544,"15,3"
16545,"308,8,0"
16546,"239,60,10"
16547,"171,170,199"
16548,"134,131,40"
16549,"424,271,218"
16550,"129,128,40"
16551,"135,40"
16552,"258,23,31"
16553,"171,170,199"
16554,"187,21,3"
16555,"241,131,40"
16556,"456,271,0"
16557,"69,44,145"
16558,"49,23,24"
16559,"115,21,3"
16560,"226,40,131"
16561,"49,23,24"
16562,"96,31,23"
16563,"418,265,0"
16564,"187,21,3"
16565,"138,135,40"
16566,"18,17,3"
16567,"311,426,337"
16568,"32,31,23"
16569,"516,271,0"
16570,"220,10"
16571,"220,10"
16572,"156,3,147"
16573,"192,23,38"
16574,"2,1,0"
16575,"221,220,10"
16576,"80,10,64"
16577,"170,169"
16578,"44,145,40"
16579,"343,169,199"
16580,"326,105,23"
16581,"350,26,23"
16582,"291,271,0"
16583,"328,31,23"
16584,"230,229,0"
16585,"165,23,74"
16586,"49,23,24"
16587,"417,169,296"
16588,"44,145,40"
16589,"456,271,0"
16590,"413,277,1"
16591,"221,220,10"
16592,"286,41,40"
16593,"105,23"
16594,"251,337,296"
16595,"187,3,21"
16596,"340,265,0"
16597,"498,288,0"
16598,"21,3"
16599,"205,11,10"
16600,"187,21,3"
16601,"240,23,38"
16602,"402,145,40"
16603,"47,24,23"
16604,"33,21,3"
16605,"184,40"
16606,"241,131,40"
16607,"43,24,23"
16608,"137,23,38"
16609,"93,64,10"
16610,"436,169,170"
16611,"326,105,23"
16612,"385,3,5"
16613,"454,31,23"
16614,"331,3,5"
16615,"163,162,40"
16616,"334,160,40"
16617,"80,10,64"
16618,"514,8,0"
16619,"360,271,0"
16620,"315,160,40"
16621,"239,60,10"
16622,"107,23,38"
16623,"49,24,23"
16624,"193,131,40"
16625,"63,23,38"
16626,"300,296,169"
16627,"148,3,147"
16628,"220,10"
16629,"239,60,10"
16630,"243,184,40"
16631,"32,23,31"
16632,"206,8,0"
16633,"456,271,0"
16634,"412,111,3"
16635,"127,21,3"
16636,"406,131,40"
16637,"514,8,0"
16638,"315,160,40"
16639,"321,271,0"
16640,"315,160,40"
16641,"267,111,3"
16642,"315,160,40"
16643,"33,21,3"
16644,"220,10"
16645,"374,169,199"
16646,"456,271,0"
16647,"309,23,38"
16648,"89,26,23"
16649,"194,145,128"
16650,"315,160,40"
16651,"224,41,40"
16652,"351,218,0"
16653,"82,23,38"
16654,"273,265,0"
16655,"118,23,74"
16656,"99,3,53"
16657,"48,21,3"
16658,"206,8,0"
16659,"7,4,3"
16660,"334,160,40"
16661,"349,265,0"
16662,"226,131,40"
16663,"376,0,265"
16664,"171,170,199"
16665,"137,23,38"
16666,"185,184,40"
16667,"130,128,40"
16668,"42,41,40"
16669,"115,21,3"
16670,"206,8,0"
16671,"142,131,40"
16672,"231,26,23"
16673,"11,10"
16674,"91,23,38"
16675,"448,64,10"
16676,"380,216,0"
16677,"48,21,3"
16678,"318,105,23"
16679,"397,313,0"
16680,"448,64,10"
16681,"309,23,38"
16682,"21,3"
16683,"254,216,0"
16684,"376,265,0"
16685,"194,145,128"
16686,"376,265,0"
16687,"174,4,3"
16688,"118,23,74"
16689,"124,21,3"
16690,"129,128,40"
16691,"448,64,10"
16692,"106,105,23"
16693,"108,21,3"
16694,"402,145,40"
16695,"448,10,64"
16696,"92,10,60"
16697,"258,31,23"
16698,"125,3,111"
16699,"80,10,64"
16700,"308,8,0"
16701,"204,13,3"
16702,"187,3,21"
16703,"101,100,40"
16704,"220,10"
16705,"408,40,128"
16706,"343,199,169"
16707,"305,21,3"
16708,"129,128,40"
16709,"448,64,10"
16710,"18,17,3"
16711,"346,313,0"
16712,"154,21,3"
16713,"170,169"
16714,"49,23,24"
16715,"239,60,10"
16716,"402,145,40"
16717,"4,3"
16718,"89,26,23"
16719,"239,60,10"
16720,"69,44,145"
16721,"355,271,0"
16722,"337,311,426"
16723,"160,40"
16724,"235,8,0"
16725,"171,170,199"
16726,"287,53,3"
16727,"339,337,169"
16728,"497,0,288"
16729,"346,313,0"
16730,"12,11,10"
16731,"199,169"
16732,"194,145,128"
16733,"95,54,10"
16734,"346,313,0"
16735,"207,28,3"
16736,"224,41,40"
16737,"113,28,3"
16738,"311,169"
16739,"311,337,426"
16740,"402,145,40"
16741,"240,38,23"
16742,"206,8,0"
16743,"185,184,40"
16744,"126,3,21"
16745,"195,128,40"
16746,10
16747,"103,23,38"
16748,"235,8,0"
16749,"137,23,38"
16750,"343,169,199"
16751,"222,40,100"
16752,"260,169,170"
16753,"27,26,23"
16754,"89,26,23"
16755,"227,3,30"
16756,"112,111,3"
16757,"431,135,40"
16758,"95,54,10"
16759,"158,85,3"
16760,"435,4,3"
16761,"336,169,296"
16762,"404,111,3"
16763,"311,169"
16764,"153,139,40"
16765,"128,40"
16766,3
16767,"61,60,10"
16768,"325,53,3"
16769,"498,0,288"
16770,"118,23,74"
16771,"171,170,199"
16772,"187,21,3"
16773,"259,311,426"
16774,"315,160,40"
16775,"349,265,0"
16776,"239,10,60"
16777,"474,111,3"
16778,"246,38,23"
16779,"61,60,10"
16780,"523,53,3"
16781,"118,23,74"
16782,"44,145,40"
16783,"56,17,15"
16784,"182,21,3"
16785,"373,208,0"
16786,"311,169"
16787,"523,53,3"
16788,"33,21,3"
16789,"311,337,426"
16790,"236,135,40"
16791,"228,3,5"
16792,"193,40,131"
16793,"221,10,220"
16794,"17,3"
16795,"127,21,3"
16796,"159,40,131"
16797,"311,337,426"
16798,"457,0,218"
16799,"448,10,64"
16800,"308,8,0"
16801,"221,220,10"
16802,"180,3,120"
16803,"126,3,21"
16804,"19,3,4"
16805,"158,85,3"
16806,"224,41,40"
16807,"126,21,3"
16808,"168,17,3"
16809,"93,10,64"
16810,"226,40,131"
16811,"259,311,426"
16812,"306,169,296"
16813,"309,23,38"
16814,"264,23,38"
16815,"241,40,131"
16816,"482,288,0"
16817,"124,21,3"
16818,"129,128,40"
16819,"122,13,3"
16820,"436,170,169"
16821,"494,184,40"
16822,"187,3,21"
16823,"190,3,28"
16824,"124,21,3"
16825,"315,160,40"
16826,"163,162,40"
16827,"293,85,3"
16828,"21,3"
16829,"232,23,38"
16830,"431,135,40"
16831,"488,265,0"
16832,"106,105,23"
16833,"402,145,40"
16834,"514,8,0"
16835,"123,111,3"
16836,"171,170,199"
16837,"343,169,199"
16838,"21,3"
16839,"431,135,40"
16840,"74,23"
16841,"94,23,38"
16842,"43,24,23"
16843,"431,135,40"
16844,"21,3"
16845,"85,3"
16846,"508,169,426"
16847,"241,131,40"
16848,"226,131,40"
16849,"206,8,0"
16850,"456,271,0"
16851,"355,271,0"
16852,"362,271,0"
16853,"220,10"
16854,"12,11,10"
16855,"86,85,3"
16856,"221,10,220"
16857,"323,199,170"
16858,"181,145,40"
16859,"116,34,3"
16860,"142,131,40"
16861,"226,131,40"
16862,"468,145,44"
16863,"402,145,40"
16864,"254,216,0"
16865,"257,216,0"
16866,"80,64,10"
16867,"19,4,3"
16868,"206,8,0"
16869,"448,64,10"
16870,"523,53,3"
16871,"187,3,21"
16872,"93,64,10"
16873,"18,17,3"
16874,"12,10,11"
16875,"25,23,24"
16876,"311,337,426"
16877,"345,24,23"
16878,"421,229,0"
16879,"447,34,3"
16880,"376,0,265"
16881,"80,10,64"
16882,"367,100,40"
16883,"19,4,3"
16884,"419,11,10"
16885,"354,216,0"
16886,"108,21,3"
16887,"16,15,3"
16888,"144,15,3"
16889,"349,265,0"
16890,"182,21,3"
16891,"32,31,23"
16892,"171,170,199"
16893,"349,265,0"
16894,"194,145,128"
16895,"27,26,23"
16896,"523,53,3"
16897,"505,208,0"
16898,"221,220,10"
16899,"414,10,60"
16900,"68,53,3"
16901,"80,10,64"
16902,"244,135,40"
16903,"235,8,0"
16904,"108,21,3"
16905,"435,4,3"
16906,"228,3,5"
16907,"221,220,10"
16908,"174,4,3"
16909,"264,23,38"
16910,"21,3"
16911,"80,10,64"
16912,"264,23,38"
16913,"340,265,0"
16914,"331,3,5"
16915,"475,218,0"
16916,"311,169"
16917,"80,10,64"
16918,"435,3,4"
16919,"175,128,40"
16920,"54,10"
16921,"118,23,74"
16922,"187,3,21"
16923,"259,311,426"
16924,"69,44,145"
16925,"514,8,0"
16926,"291,271,0"
16927,"425,265,0"
16928,"448,64,10"
16929,"171,170,199"
16930,"80,10,64"
16931,"25,23,24"
16932,"257,216,0"
16933,"185,184,40"
16934,"187,3,21"
16935,"105,23"
16936,"171,170,199"
16937,"80,10,64"
16938,"204,3,13"
16939,"490,265,0"
16940,"25,24,23"
16941,"95,54,10"
16942,"221,220,10"
16943,"89,26,23"
16944,"43,24,23"
16945,"454,31,23"
16946,"130,128,40"
16947,"187,21,3"
16948,3
16949,"289,288,0"
16950,"115,21,3"
16951,"454,31,23"
16952,"118,23,74"
16953,"444,0,271"
16954,"322,54,10"
16955,"491,265,0"
16956,"456,271,0"
16957,"17,3"
16958,"450,170,169"
16959,"220,10"
16960,"29,3,28"
16961,"430,53,3"
16962,"382,169,199"
16963,"30,3"
16964,"346,313,0"
16965,"43,24,23"
16966,"237,34,3"
16967,"328,31,23"
16968,"436,169,170"
16969,"187,21,3"
16970,"205,11,10"
16971,"286,41,40"
16972,"299,51,3"
16973,"457,218,0"
16974,"239,60,10"
16975,"514,8,0"
16976,"21,3"
16977,"221,220,10"
16978,"134,131,40"
16979,"49,24,23"
16980,"204,3,13"
16981,"145,40"
16982,"221,10,220"
16983,"73,44,145"
16984,"175,128,40"
16985,"32,31,23"
16986,"448,64,10"
16987,"238,3,4"
16988,"127,21,3"
16989,"129,128,40"
16990,"347,255,0"
16991,"189,135,40"
16992,"472,111,3"
16993,"193,131,40"
16994,"43,24,23"
16995,"452,296,169"
16996,"14,13,3"
16997,"16,15,3"
16998,"220,10"
16999,"77,31,23"
17000,"214,213,0"
17001,"366,271,0"
17002,"237,34,3"
17003,"204,3,13"
17004,"194,128,145"
17005,"129,128,40"
17006,"175,128,40"
17007,"66,30,3"
17008,"300,296,169"
17009,"220,10"
17010,"96,31,23"
17011,"170,169"
17012,3
17013,"448,64,10"
17014,"430,3,53"
17015,"311,337,426"
17016,"284,111,3"
17017,"323,170,199"
17018,"43,24,23"
17019,"87,38,23"
17020,"487,426,169"
17021,"264,23,38"
17022,"187,21,3"
17023,"89,26,23"
17024,"376,265,0"
17025,"11,10"
17026,"200,311,337"
17027,"43,24,23"
17028,"187,21,3"
17029,"447,34,3"
17030,"259,311,426"
17031,"129,128,40"
17032,"60,10"
17033,"406,40,131"
17034,23
17035,"80,64,10"
17036,"185,184,40"
17037,"293,3,85"
17038,"435,4,3"
17039,"448,10,64"
17040,"419,10,11"
17041,"183,4,3"
17042,"16,15,3"
17043,"282,3,111"
17044,"354,216,0"
17045,"187,3,21"
17046,"259,311,426"
17047,"93,64,10"
17048,"514,8,0"
17049,"115,21,3"
17050,"32,31,23"
17051,"457,0,218"
17052,"308,8,0"
17053,"448,64,10"
17054,"312,311,426"
17055,"137,23,38"
17056,"448,64,10"
17057,"187,3,21"
17058,"311,426,337"
17059,"429,271,0"
17060,"474,3,111"
17061,"323,199,170"
17062,"2,1,0"
17063,"435,3,4"
17064,"376,0,265"
17065,"187,21,3"
17066,"447,3,34"
17067,"142,131,40"
17068,"21,3"
17069,"187,21,3"
17070,"366,271,0"
17071,"43,24,23"
17072,"61,60,10"
17073,"25,24,23"
17074,"107,23,38"
17075,"112,111,3"
17076,"93,10,64"
17077,"205,11,10"
17078,"118,74,23"
17079,"4,3"
17080,"436,169,170"
17081,"65,64,10"
17082,"322,54,10"
17083,"92,60,10"
17084,"241,131,40"
17085,"182,21,3"
17086,"448,64,10"
17087,"32,31,23"
17088,"126,21,3"
17089,"123,111,3"
17090,"146,145,40"
17091,"301,21,3"
17092,"21,3"
17093,"460,169,296"
17094,"420,296,169"
17095,"7,4,3"
17096,"130,128,40"
17097,"108,21,3"
17098,"220,10"
17099,"16,15,3"
17100,"108,21,3"
17101,"171,170,199"
17102,"291,271,0"
17103,"304,216,0"
17104,"16,3,15"
17105,"340,265,0"
17106,"54,10"
17107,"399,265,0"
17108,"402,145,40"
17109,"226,131,40"
17110,3
17111,"430,53,3"
17112,"182,21,3"
17113,"86,85,3"
17114,"435,4,3"
17115,"406,131,40"
17116,"54,10"
17117,"311,169"
17118,"425,265,0"
17119,"348,0,255"
17120,"89,26,23"
17121,"80,10,64"
17122,"302,160,40"
17123,"315,160,40"
17124,"221,220,10"
17125,"16,15,3"
17126,"199,169"
17127,"171,170,199"
17128,"309,23,38"
17129,"2,1,0"
17130,"448,64,10"
17131,"366,271,0"
17132,"82,23,38"
17133,"43,24,23"
17134,"448,10,64"
17135,"425,265,0"
17136,"490,265,0"
17137,"11,10"
17138,"456,271,0"
17139,"204,3,13"
17140,"187,21,3"
17141,"4,3"
17142,"448,64,10"
17143,"116,34,3"
17144,"142,40,131"
17145,"139,40"
17146,"48,21,3"
17147,"254,216,0"
17148,"375,4,3"
17149,"129,128,40"
17150,"220,10"
17151,"80,64,10"
17152,"194,128,145"
17153,"425,265,0"
17154,"13,3"
17155,"11,10"
17156,"181,145,40"
17157,"251,337,296"
17158,"351,0,218"
17159,"160,40"
17160,"370,216,0"
17161,"325,53,3"
17162,"438,265,0"
17163,"323,199,170"
17164,"44,145,40"
17165,"308,8,0"
17166,"401,3,13"
17167,"43,24,23"
17168,"115,21,3"
17169,"43,24,23"
17170,"144,15,3"
17171,"229,0"
17172,"239,10,60"
17173,"264,38,23"
17174,"493,145,40"
17175,"129,128,40"
17176,"80,64,10"
17177,"126,21,3"
17178,"323,199,170"
17179,"315,160,40"
17180,"315,160,40"
17181,"220,10"
17182,"402,145,40"
17183,"281,199,169"
17184,"93,10,64"
17185,"259,311,426"
17186,"367,100,40"
17187,"456,271,0"
17188,"244,40,135"
17189,"436,170,169"
17190,"221,10,220"
17191,"138,135,40"
17192,"380,216,0"
17193,"84,23,74"
17194,"220,10"
17195,"356,169,199"
17196,"181,145,40"
17197,"376,265,0"
17198,"187,21,3"
17199,"206,8,0"
17200,"44,145,40"
17201,"115,21,3"
17202,"263,34,3"
17203,"221,220,10"
17204,"425,265,0"
17205,"12,11,10"
17206,"424,271,218"
17207,"171,170,199"
17208,"66,30,3"
17209,"135,40"
17210,"153,139,40"
17211,"350,26,23"
17212,"241,131,40"
17213,"221,220,10"
17214,"95,54,10"
17215,"74,23"
17216,"184,40"
17217,"206,8,0"
17218,3
17219,"176,4,3"
17220,"240,23,38"
17221,"21,3"
17222,"69,44,145"
17223,"187,21,3"
17224,"168,17,3"
17225,"194,128,145"
17226,"493,145,40"
17227,"448,64,10"
17228,"77,31,23"
17229,"124,21,3"
17230,"43,24,23"
17231,"106,105,23"
17232,"240,23,38"
17233,"204,13,3"
17234,"160,40"
17235,"315,160,40"
17236,"108,21,3"
17237,"199,169"
17238,"118,23,74"
17239,"448,64,10"
17240,"228,5,3"
17241,"21,3"
17242,"436,169,170"
17243,"238,4,3"
17244,"43,24,23"
17245,"221,220,10"
17246,"72,44,145"
17247,"456,0,271"
17248,"187,21,3"
17249,"108,21,3"
17250,"419,10,11"
17251,"168,17,3"
17252,"224,41,40"
17253,"240,23,38"
17254,"308,8,0"
17255,"376,265,0"
17256,"153,139,40"
17257,"165,23,74"
17258,"251,337,296"
17259,"21,3"
17260,"170,169"
17261,"401,13,3"
17262,"181,145,40"
17263,"164,21,3"
17264,"137,23,38"
17265,"350,26,23"
17266,"93,10,64"
17267,"171,170,199"
17268,"257,216,0"
17269,"42,41,40"
17270,"19,3,4"
17271,"181,145,40"
17272,"311,169"
17273,3
17274,"278,277,0"
17275,"80,10,64"
17276,"240,23,38"
17277,"391,8,0"
17278,"417,169,296"
17279,"507,296,169"
17280,"523,3,53"
17281,"430,53,3"
17282,"103,23,38"
17283,"523,53,3"
17284,"363,271,0"
17285,"514,8,0"
17286,"206,8,0"
17287,"80,10,64"
17288,"174,3,4"
17289,"315,160,40"
17290,"343,199,169"
17291,"108,21,3"
17292,"115,21,3"
17293,"326,105,23"
17294,"325,53,3"
17295,"108,21,3"
17296,"220,10"
17297,"251,337,296"
17298,"344,265,0"
17299,"12,10,11"
17300,"165,23,74"
17301,"91,23,38"
17302,"311,337,426"
17303,"337,169"
17304,"230,229,0"
17305,"90,64,10"
17306,"311,169"
17307,"80,64,10"
17308,"149,41,40"
17309,"311,426,337"
17310,"18,17,3"
17311,"227,3,30"
17312,"220,10"
17313,"85,3"
17314,"7,4,3"
17315,"316,30,3"
17316,"93,64,10"
17317,"137,23,38"
17318,"221,220,10"
17319,3
17320,"389,3,53"
17321,"349,265,0"
17322,"447,34,3"
17323,"239,60,10"
17324,"311,169"
17325,"493,145,40"
17326,"108,21,3"
17327,"228,5,3"
17328,"315,160,40"
17329,"271,0"
17330,"109,11,10"
17331,"74,23"
17332,"18,17,3"
17333,"62,24,23"
17334,"82,23,38"
17335,"221,220,10"
17336,"108,21,3"
17337,"80,64,10"
17338,"425,265,0"
17339,"448,64,10"
17340,"215,41,40"
17341,"241,131,40"
17342,"402,145,40"
17343,"92,10,60"
17344,"508,169,426"
17345,"239,60,10"
17346,"142,131,40"
17347,"501,313,0"
17348,"402,145,40"
17349,"73,44,145"
17350,"137,38,23"
17351,"263,34,3"
17352,"135,40"
17353,"240,23,38"
17354,"206,8,0"
17355,"27,26,23"
17356,"93,64,10"
17357,"233,3,51"
17358,"243,184,40"
17359,"382,199,169"
17360,"284,111,3"
17361,"49,24,23"
17362,"43,24,23"
17363,"257,216,0"
17364,"187,21,3"
17365,"68,3,53"
17366,"526,296,169"
17367,"243,184,40"
17368,"43,24,23"
17369,"130,128,40"
17370,"138,135,40"
17371,"242,220,10"
17372,"448,10,64"
17373,"89,23,26"
17374,"106,105,23"
17375,"220,10"
17376,"291,271,0"
17377,"315,160,40"
17378,"304,216,0"
17379,"131,40"
17380,"498,0,288"
17381,"116,34,3"
17382,"448,64,10"
17383,"91,23,38"
17384,"239,10,60"
17385,"14,13,3"
17386,"311,337,426"
17387,"221,220,10"
17388,"186,40,128"
17389,"284,3,111"
17390,"234,60,21"
17391,"315,160,40"
17392,"283,74,23"
17393,"220,10"
17394,"80,10,64"
17395,"323,199,170"
17396,"293,3,85"
17397,"202,111,3"
17398,"69,44,145"
17399,"145,40"
17400,"187,21,3"
17401,"224,41,40"
17402,"181,145,40"
17403,"106,105,23"
17404,"181,145,40"
17405,"231,26,23"
17406,"187,21,3"
17407,"231,26,23"
17408,"32,23,31"
17409,"323,170,199"
17410,"49,24,23"
17411,"48,21,3"
17412,"221,220,10"
17413,"43,24,23"
17414,"118,23,74"
17415,"316,30,3"
17416,"418,265,0"
17417,"308,8,0"
17418,"328,31,23"
17419,"435,4,3"
17420,"160,40"
17421,"323,199,170"
17422,"368,184,40"
17423,"448,64,10"
17424,"115,21,3"
17425,"448,64,10"
17426,"402,145,40"
17427,"32,23,31"
17428,"138,135,40"
17429,"372,255,0"
17430,"80,10,64"
17431,"376,265,0"
17432,"239,10,60"
17433,"32,23,31"
17434,"21,3"
17435,"187,21,3"
17436,"108,21,3"
17437,"69,145,44"
17438,"420,296,169"
17439,"356,169,199"
17440,"264,38,23"
17441,"366,271,0"
17442,"145,40"
17443,3
17444,"488,265,0"
17445,"334,160,40"
17446,"235,8,0"
17447,"187,21,3"
17448,"89,26,23"
17449,"19,4,3"
17450,"456,271,0"
17451,"246,23,38"
17452,"402,145,40"
17453,"311,337,426"
17454,"164,21,3"
17455,"103,23,38"
17456,"148,147,3"
17457,"355,271,0"
17458,"61,60,10"
17459,"376,265,0"
17460,"220,10"
17461,"130,128,40"
17462,"185,184,40"
17463,"220,10"
17464,"325,3,53"
17465,"281,199,169"
17466,"346,313,0"
17467,"435,3,4"
17468,"112,3,111"
17469,"107,23,38"
17470,"130,128,40"
17471,"73,44,145"
17472,"406,131,40"
17473,"448,64,10"
17474,"11,10"
17475,"107,23,38"
17476,"137,23,38"
17477,"508,169,426"
17478,"192,23,38"
17479,"221,10,220"
17480,"221,220,10"
17481,"108,21,3"
17482,"80,10,64"
17483,"221,220,10"
17484,"448,64,10"
17485,"493,145,40"
17486,"295,135,40"
17487,"430,53,3"
17488,"474,111,3"
17489,"304,216,0"
17490,"414,60,10"
17491,"234,60,21"
17492,"215,40,41"
17493,"19,4,3"
17494,"115,21,3"
17495,"251,337,296"
17496,"239,10,60"
17497,"459,170,169"
17498,"21,3"
17499,"201,41,40"
17500,"188,4,3"
17501,"315,40,160"
17502,"376,265,0"
17503,"448,64,10"
17504,"187,21,3"
17505,"321,271,0"
17506,"235,8,0"
17507,"455,271,0"
17508,"323,170,199"
17509,"122,3,13"
17510,"205,11,10"
17511,"368,184,40"
17512,"452,296,169"
17513,"90,64,10"
17514,"228,3,5"
17515,"494,184,40"
17516,"96,31,23"
17517,"108,21,3"
17518,"355,271,0"
17519,"137,23,38"
17520,"138,135,40"
17521,"21,3"
17522,"340,265,0"
17523,"448,10,64"
17524,"273,265,0"
17525,"382,169,199"
17526,"221,220,10"
17527,"238,4,3"
17528,"355,271,0"
17529,"131,40"
17530,"9,8,0"
17531,"323,199,170"
17532,"448,64,10"
17533,"349,265,0"
17534,"2,1,0"
17535,"345,24,23"
17536,"343,199,169"
17537,"425,265,0"
17538,"329,169,170"
17539,"376,265,0"
17540,"99,53,3"
17541,"217,120,3"
17542,"84,23,74"
17543,"447,3,34"
17544,"187,21,3"
17545,"452,296,169"
17546,"508,169,426"
17547,"108,21,3"
17548,"164,21,3"
17549,"12,10,11"
17550,"21,3"
17551,"281,199,169"
17552,"380,216,0"
17553,"281,199,169"
17554,"142,131,40"
17555,"238,3,4"
17556,"93,10,64"
17557,"279,249,0"
17558,"49,24,23"
17559,"206,8,0"
17560,"89,26,23"
17561,"221,220,10"
17562,"96,31,23"
17563,"200,311,337"
17564,"206,8,0"
17565,"115,21,3"
17566,"448,64,10"
17567,"187,21,3"
17568,"370,216,0"
17569,"340,265,0"
17570,"48,21,3"
17571,"174,4,3"
17572,"447,34,3"
17573,"315,160,40"
17574,"148,3,147"
17575,"82,23,38"
17576,"187,21,3"
17577,"448,64,10"
17578,"239,10,60"
17579,"524,145,40"
17580,"130,128,40"
17581,"335,64,10"
17582,"231,26,23"
17583,"187,21,3"
17584,169
17585,"11,10"
17586,"238,4,3"
17587,"350,26,23"
17588,"239,10,60"
17589,"85,3"
17590,"93,64,10"
17591,"221,220,10"
17592,"311,337,426"
17593,"11,10"
17594,"431,135,40"
17595,"204,3,13"
17596,"187,21,3"
17597,"457,0,218"
17598,"129,128,40"
17599,"129,128,40"
17600,"108,21,3"
17601,"72,44,145"
17602,"28,3"
17603,"220,10"
17604,"220,10"
17605,"409,265,0"
17606,"334,160,40"
17607,"311,169"
17608,"456,271,0"
17609,"221,220,10"
17610,"16,15,3"
17611,"170,169"
17612,"435,3,4"
17613,"68,3,53"
17614,"483,1,0"
17615,"263,34,3"
17616,"32,23,31"
17617,"187,21,3"
17618,"63,38,23"
17619,"187,21,3"
17620,"117,3,30"
17621,"485,0,313"
17622,"404,111,3"
17623,"459,170,169"
17624,"323,170,199"
17625,"239,10,60"
17626,"291,271,0"
17627,"241,131,40"
17628,"220,10"
17629,"187,3,21"
17630,"317,23,74"
17631,"402,145,40"
17632,"221,10,220"
17633,"15,3"
17634,"206,8,0"
17635,"405,8,0"
17636,"187,21,3"
17637,"187,21,3"
17638,"43,24,23"
17639,"95,54,10"
17640,"106,23,105"
17641,"466,131,40"
17642,"54,10"
17643,"170,169"
17644,"263,34,3"
17645,"80,10,64"
17646,"44,145,40"
17647,"308,8,0"
17648,"47,24,23"
17649,"33,21,3"
17650,"161,111,3"
17651,"32,31,23"
17652,"126,21,3"
17653,"205,11,10"
17654,"376,265,0"
17655,"420,296,169"
17656,"187,21,3"
17657,"391,8,0"
17658,"47,24,23"
17659,"290,23,31"
17660,"397,313,0"
17661,"397,0,313"
17662,"43,24,23"
17663,"240,23,38"
17664,"187,21,3"
17665,"284,111,3"
17666,"126,21,3"
17667,"80,64,10"
17668,"11,10"
17669,"425,265,0"
17670,"286,41,40"
17671,"137,23,38"
17672,"343,169,199"
17673,"435,4,3"
17674,"221,10,220"
17675,"163,162,40"
17676,"220,10"
17677,"107,23,38"
17678,"524,145,40"
17679,"32,23,31"
17680,"220,10"
17681,"337,311,426"
17682,"19,3,4"
17683,"488,265,0"
17684,"493,145,40"
17685,"337,426,311"
17686,"325,3,53"
17687,"137,38,23"
17688,"334,160,40"
17689,"108,21,3"
17690,"263,34,3"
17691,"58,3,17"
17692,"240,23,38"
17693,"459,170,169"
17694,"383,208,0"
17695,"149,40,41"
17696,"181,145,40"
17697,"451,3,50"
17698,"350,26,23"
17699,"311,426,337"
17700,"80,10,64"
17701,"376,265,0"
17702,"69,44,145"
17703,"129,128,40"
17704,"248,199,170"
17705,10
17706,3
17707,"181,40,145"
17708,"235,8,0"
17709,"199,169"
17710,"286,41,40"
17711,"457,0,218"
17712,"185,184,40"
17713,"52,3,51"
17714,"71,38,24"
17715,"493,145,40"
17716,"18,17,3"
17717,"315,40,160"
17718,"343,169,199"
17719,"80,10,64"
17720,"95,54,10"
17721,"435,4,3"
17722,"127,21,3"
17723,"135,40"
17724,"187,21,3"
17725,"291,271,0"
17726,"18,17,3"
17727,"459,170,169"
17728,"258,31,23"
17729,3
17730,"181,40,145"
17731,"100,40"
17732,"382,199,169"
17733,"221,10,220"
17734,"238,4,3"
17735,"221,220,10"
17736,"187,21,3"
17737,"43,24,23"
17738,"220,10"
17739,"80,64,10"
17740,"448,64,10"
17741,"336,169,296"
17742,3
17743,"146,145,40"
17744,"112,3,111"
17745,"241,40,131"
17746,"340,265,0"
17747,"435,4,3"
17748,"448,64,10"
17749,"53,3"
17750,"71,24,38"
17751,"124,21,3"
17752,"221,220,10"
17753,"194,128,145"
17754,"337,311,426"
17755,"82,23,38"
17756,"80,10,64"
17757,"171,170,199"
17758,"80,10,64"
17759,"382,199,169"
17760,"334,160,40"
17761,"80,64,10"
17762,"240,23,38"
17763,"43,24,23"
17764,"216,0"
17765,"134,131,40"
17766,"456,271,0"
17767,"467,3,53"
17768,"91,23,38"
17769,"325,3,53"
17770,"237,34,3"
17771,"187,21,3"
17772,"315,40,160"
17773,"415,265,0"
17774,"16,15,3"
17775,"301,3,21"
17776,"308,8,0"
17777,"460,296,169"
17778,"212,211,216"
17779,"220,10"
17780,"355,271,0"
17781,"259,311,426"
17782,"291,271,0"
17783,"291,271,0"
17784,"221,220,10"
17785,"456,271,0"
17786,3
17787,"176,4,3"
17788,"80,64,10"
17789,"109,11,10"
17790,"251,337,296"
17791,"48,3,21"
17792,"186,40,128"
17793,"220,10"
17794,"187,21,3"
17795,40
17796,"376,265,0"
17797,"108,21,3"
17798,"163,162,40"
17799,"80,64,10"
17800,"153,139,40"
17801,"18,17,3"
17802,"13,3"
17803,"171,170,199"
17804,"71,24,38"
17805,"401,13,3"
17806,"96,31,23"
17807,"340,265,0"
17808,"51,3"
17809,"267,111,3"
17810,"33,21,3"
17811,"493,145,40"
17812,"386,135,40"
17813,"71,38,24"
17814,"456,271,0"
17815,"77,31,23"
17816,"181,145,40"
17817,"215,40,41"
17818,"187,21,3"
17819,"459,170,169"
17820,"102,21,3"
17821,"448,64,10"
17822,"148,147,3"
17823,"216,0"
17824,"155,139,40"
17825,"494,184,40"
17826,"323,199,170"
17827,"93,64,10"
17828,"314,313,0"
17829,"182,21,3"
17830,"160,40"
17831,"115,21,3"
17832,3
17833,"285,8,0"
17834,"448,10,64"
17835,"80,10,64"
17836,"43,24,23"
17837,"80,64,10"
17838,"239,10,60"
17839,"8,0"
17840,"45,44,145"
17841,"231,26,23"
17842,"340,265,0"
17843,"80,64,10"
17844,"69,44,145"
17845,"11,10"
17846,"206,8,0"
17847,"16,15,3"
17848,"234,60,21"
17849,"19,4,3"
17850,"224,41,40"
17851,"340,265,0"
17852,"207,28,3"
17853,"129,128,40"
17854,"456,271,0"
17855,"456,271,0"
17856,"221,220,10"
17857,"141,135,40"
17858,"206,8,0"
17859,"259,311,426"
17860,"264,23,38"
17861,"376,265,0"
17862,"187,21,3"
17863,"80,64,10"
17864,"56,17,15"
17865,"448,64,10"
17866,"234,60,21"
17867,"187,3,21"
17868,"234,60,21"
17869,"48,21,3"
17870,"224,41,40"
17871,"311,169"
17872,"343,169,199"
17873,"221,220,10"
17874,"18,17,3"
17875,"221,220,10"
17876,"118,23,74"
17877,"149,41,40"
17878,"370,216,0"
17879,"195,128,40"
17880,"241,40,131"
17881,"484,0,255"
17882,"181,40,145"
17883,"308,8,0"
17884,"346,313,0"
17885,"418,265,0"
17886,"124,21,3"
17887,"132,40,131"
17888,"129,128,40"
17889,"327,8,0"
17890,"124,21,3"
17891,"182,21,3"
17892,"61,60,10"
17893,"129,128,40"
17894,"170,169"
17895,"500,21,3"
17896,"221,10,220"
17897,"187,21,3"
17898,3
17899,"243,184,40"
17900,"84,23,74"
17901,"174,4,3"
17902,"382,199,169"
17903,"14,13,3"
17904,"199,169"
17905,"355,271,0"
17906,10
17907,"220,10"
17908,"33,21,3"
17909,"154,21,3"
17910,"96,31,23"
17911,"71,38,24"
17912,"80,10,64"
17913,"43,24,23"
17914,"451,3,50"
17915,"264,23,38"
17916,"181,40,145"
17917,10
17918,"170,169"
17919,"311,337,426"
17920,"355,271,0"
17921,"163,162,40"
17922,"19,3,4"
17923,"423,160,40"
17924,"103,23,38"
17925,"8,0"
17926,"91,23,38"
17927,"406,40,131"
17928,"39,38,23"
17929,"240,23,38"
17930,"285,8,0"
17931,"417,169,296"
17932,"456,271,0"
17933,"134,131,40"
17934,"35,3"
17935,"187,21,3"
17936,"263,34,3"
17937,"379,3,21"
17938,"311,337,426"
17939,"206,8,0"
17940,"402,145,40"
17941,"43,24,23"
17942,"342,271,0"
17943,"80,10,64"
17944,"91,23,38"
17945,"80,64,10"
17946,"189,135,40"
17947,"334,160,40"
17948,"175,128,40"
17949,"224,41,40"
17950,"182,3,21"
17951,"300,169,296"
17952,"96,31,23"
17953,"83,54,10"
17954,"206,8,0"
17955,"315,160,40"
17956,"337,311,426"
17957,"90,64,10"
17958,"329,169,170"
17959,"363,271,0"
17960,"108,21,3"
17961,"72,44,145"
17962,"97,3,5"
17963,"165,23,74"
17964,"221,220,10"
17965,"401,13,3"
17966,"44,145,40"
17967,"194,128,145"
17968,"14,13,3"
17969,"444,271,0"
17970,"107,23,38"
17971,"259,426,311"
17972,"210,3,4"
17973,"108,21,3"
17974,"207,28,3"
17975,"206,8,0"
17976,"187,3,21"
17977,"163,40,162"
17978,"69,44,145"
17979,"438,265,0"
17980,"311,337,426"
17981,"66,30,3"
17982,"315,160,40"
17983,"128,40"
17984,"145,40"
17985,"221,220,10"
17986,"388,3,111"
17987,"43,24,23"
17988,"36,35,3"
17989,"318,105,23"
17990,"187,21,3"
17991,"51,3"
17992,"204,13,3"
17993,"190,28,3"
17994,"175,128,40"
17995,"14,13,3"
17996,40
17997,"126,21,3"
17998,"137,23,38"
17999,"311,337,426"
18000,"234,60,21"
18001,"258,31,23"
18002,"485,313,0"
18003,"221,220,10"
18004,"220,10"
18005,"300,296,169"
18006,"25,23,24"
18007,"77,31,23"
18008,"425,265,0"
18009,"367,100,40"
18010,"286,40,41"
18011,"305,21,3"
18012,"32,31,23"
18013,"420,296,169"
18014,"311,337,426"
18015,"171,170,199"
18016,"12,11,10"
18017,"488,265,0"
18018,"456,271,0"
18019,"323,170,199"
18020,"303,23,74"
18021,"221,220,10"
18022,"406,131,40"
18023,"430,53,3"
18024,"80,10,64"
18025,"33,21,3"
18026,"214,213,0"
18027,40
18028,"63,23,38"
18029,"48,21,3"
18030,"235,8,0"
18031,"500,21,3"
18032,"498,0,288"
18033,"163,162,40"
18034,"221,220,10"
18035,"68,3,53"
18036,"171,170,199"
18037,"336,296,169"
18038,"436,170,169"
18039,"43,24,23"
18040,"12,10,11"
18041,"71,38,24"
18042,"396,395,40"
18043,"472,111,3"
18044,"315,160,40"
18045,"366,271,0"
18046,"146,145,40"
18047,"448,64,10"
18048,"228,5,3"
18049,"204,3,13"
18050,"334,160,40"
18051,"115,21,3"
18052,"146,145,40"
18053,"32,23,31"
18054,"18,17,3"
18055,"322,54,10"
18056,"122,3,13"
18057,"185,184,40"
18058,"323,170,199"
18059,"187,21,3"
18060,"226,40,131"
18061,"149,40,41"
18062,"368,184,40"
18063,"205,11,10"
18064,"238,4,3"
18065,"221,220,10"
18066,"367,100,40"
18067,"402,145,40"
18068,"42,41,40"
18069,"454,23,31"
18070,23
18071,"181,145,40"
18072,"268,3,120"
18073,"185,184,40"
18074,"182,21,3"
18075,"181,145,40"
18076,"80,64,10"
18077,"334,160,40"
18078,"300,296,169"
18079,"228,5,3"
18080,"53,3"
18081,"80,10,64"
18082,"14,13,3"
18083,"90,64,10"
18084,"414,60,10"
18085,"85,3"
18086,"238,3,4"
18087,"115,21,3"
18088,"33,3,21"
18089,"315,160,40"
18090,"181,40,145"
18091,"32,23,31"
18092,"343,199,169"
18093,"264,23,38"
18094,"174,4,3"
18095,"448,64,10"
18096,"508,169,426"
18097,"448,64,10"
18098,"448,64,10"
18099,"206,8,0"
18100,"448,64,10"
18101,"187,21,3"
18102,"19,4,3"
18103,"421,229,0"
18104,"137,38,23"
18105,"73,44,145"
18106,"315,160,40"
18107,"32,23,31"
18108,"226,131,40"
18109,"11,10"
18110,"194,128,145"
18111,"326,105,23"
18112,"228,5,3"
18113,"6,5,3"
18114,"85,3"
18115,"123,111,3"
18116,"112,111,3"
18117,"148,3,147"
18118,"187,3,21"
18119,"21,3"
18120,"182,3,21"
18121,"448,10,64"
18122,"181,145,40"
18123,"171,170,199"
18124,"148,3,147"
18125,"220,10"
18126,"238,4,3"
18127,"80,10,64"
18128,"444,271,0"
18129,"43,24,23"
18130,"235,8,0"
18131,"325,53,3"
18132,"220,10"
18133,"97,5,3"
18134,"280,271,255"
18135,"267,111,3"
18136,"376,0,265"
18137,"49,24,23"
18138,"14,13,3"
18139,"448,64,10"
18140,"137,23,38"
18141,"456,271,0"
18142,"54,10"
18143,"241,131,40"
18144,"435,4,3"
18145,"326,105,23"
18146,"54,10"
18147,"108,21,3"
18148,"494,40,184"
18149,"435,4,3"
18150,"343,169,199"
18151,"43,24,23"
18152,"376,0,265"
18153,"80,64,10"
18154,"376,0,265"
18155,"205,10,11"
18156,"315,160,40"
18157,"236,135,40"
18158,"382,169,199"
18159,"435,4,3"
18160,"385,3,5"
18161,"21,3"
18162,"18,17,3"
18163,"89,26,23"
18164,"448,64,10"
18165,"346,313,0"
18166,"76,23"
18167,"62,24,23"
18168,"448,10,64"
18169,"263,34,3"
18170,"106,105,23"
18171,"48,21,3"
18172,"43,24,23"
18173,"49,24,23"
18174,"187,21,3"
18175,"171,170,199"
18176,"238,4,3"
18177,"317,74,23"
18178,"355,271,0"
18179,"124,21,3"
18180,"221,220,10"
18181,"16,3,15"
18182,"515,265,0"
18183,"104,3,30"
18184,"80,64,10"
18185,"325,53,3"
18186,"228,5,3"
18187,"323,199,170"
18188,"402,145,40"
18189,"93,64,10"
18190,"160,40"
18191,"280,271,255"
18192,"509,218,0"
18193,"325,53,3"
18194,"241,131,40"
18195,"124,21,3"
18196,"467,53,3"
18197,"181,145,40"
18198,"129,128,40"
18199,"350,23,26"
18200,"240,23,38"
18201,"323,170,199"
18202,"493,145,40"
18203,"313,0"
18204,"283,74,23"
18205,"33,21,3"
18206,"448,10,64"
18207,"456,271,0"
18208,"402,145,40"
18209,"43,24,23"
18210,"278,277,0"
18211,"301,3,21"
18212,"207,28,3"
18213,"48,21,3"
18214,"142,40,131"
18215,"194,145,128"
18216,"15,3"
18217,"202,111,3"
18218,"148,3,147"
18219,"204,3,13"
18220,"129,128,40"
18221,"456,271,0"
18222,"376,0,265"
18223,"108,21,3"
18224,"498,0,288"
18225,"460,296,169"
18226,"311,426,337"
18227,"221,10,220"
18228,"448,64,10"
18229,"226,131,40"
18230,"290,23,31"
18231,"194,128,145"
18232,"206,8,0"
18233,"84,23,74"
18234,"6,5,3"
18235,"108,21,3"
18236,"325,3,53"
18237,"321,271,0"
18238,"366,271,0"
18239,"175,128,40"
18240,"187,21,3"
18241,"251,337,296"
18242,"240,23,38"
18243,"523,53,3"
18244,"48,21,3"
18245,"194,128,145"
18246,"309,23,38"
18247,"122,13,3"
18248,"340,265,0"
18249,"334,160,40"
18250,"2,1,0"
18251,"170,169"
18252,"220,10"
18253,"187,21,3"
18254,"448,64,10"
18255,"315,160,40"
18256,"187,21,3"
18257,"435,3,4"
18258,"220,10"
18259,"182,21,3"
18260,"137,23,38"
18261,"108,3,21"
18262,"171,170,199"
18263,"62,23,24"
18264,"402,145,40"
18265,"514,8,0"
18266,"456,271,0"
18267,"311,337,426"
18268,"205,11,10"
18269,"448,64,10"
18270,"164,21,3"
18271,"18,17,3"
18272,"51,3"
18273,"128,40"
18274,"140,139,40"
18275,"382,199,169"
18276,"340,265,0"
18277,"354,216,0"
18278,"2,1,0"
18279,"240,38,23"
18280,"193,131,40"
18281,"448,10,64"
18282,"21,3"
18283,"108,3,21"
18284,"108,3,21"
18285,"304,216,0"
18286,"182,21,3"
18287,"396,395,40"
18288,"21,3"
18289,"478,145,40"
18290,"382,199,169"
18291,"282,111,3"
18292,"181,145,40"
18293,"148,3,147"
18294,"148,3,147"
18295,"154,21,3"
18296,"292,53,3"
18297,"195,128,40"
18298,"355,271,0"
18299,"181,145,40"
18300,"47,24,23"
18301,"187,21,3"
18302,"264,23,38"
18303,"94,23,38"
18304,"126,21,3"
18305,"19,4,3"
18306,"456,271,0"
18307,"376,265,0"
18308,"285,8,0"
18309,"346,313,0"
18310,"339,337,169"
18311,"260,170,169"
18312,"220,10"
18313,"308,8,0"
18314,"380,216,0"
18315,"209,208,0"
18316,"206,8,0"
18317,"406,131,40"
18318,"90,64,10"
18319,"171,170,199"
18320,"187,3,21"
18321,"43,24,23"
18322,"43,24,23"
18323,"248,199,170"
18324,"448,64,10"
18325,"187,21,3"
18326,"456,271,0"
18327,"448,64,10"
18328,"241,131,40"
18329,"126,3,21"
18330,"80,10,64"
18331,"187,21,3"
18332,"330,28,3"
18333,"45,145,44"
18334,"225,3,120"
18335,"145,40"
18336,"221,10,220"
18337,"315,160,40"
18338,"221,10,220"
18339,"146,145,40"
18340,"182,3,21"
18341,3
18342,"241,40,131"
18343,"220,10"
18344,"124,21,3"
18345,"80,64,10"
18346,"315,160,40"
18347,"93,10,64"
18348,"187,21,3"
18349,"171,170,199"
18350,"382,199,169"
18351,"312,311,426"
18352,"315,160,40"
18353,"129,128,40"
18354,"150,13,3"
18355,"93,64,10"
18356,"220,10"
18357,"16,15,3"
18358,"259,311,426"
18359,"182,21,3"
18360,"204,3,13"
18361,"4,3"
18362,"200,311,337"
18363,"43,24,23"
18364,"247,160,40"
18365,"205,11,10"
18366,"51,3"
18367,"237,34,3"
18368,"348,0,255"
18369,"149,41,40"
18370,"425,265,0"
18371,"192,23,38"
18372,3
18373,"436,169,170"
18374,"22,3,21"
18375,"82,23,38"
18376,"221,10,220"
18377,"226,40,131"
18378,"511,313,0"
18379,"435,4,3"
18380,"500,21,3"
18381,"448,10,64"
18382,"187,21,3"
18383,"457,218,0"
18384,"86,85,3"
18385,"226,131,40"
18386,"507,169,296"
18387,"54,10"
18388,"187,3,21"
18389,"422,216,0"
18390,"429,271,0"
18391,"186,40,128"
18392,"514,8,0"
18393,"375,4,3"
18394,"327,8,0"
18395,"231,26,23"
18396,"285,8,0"
18397,"58,17,3"
18398,"486,40,131"
18399,"199,169"
18400,"494,184,40"
18401,"267,111,3"
18402,"33,21,3"
18403,"221,220,10"
18404,"240,23,38"
18405,"448,64,10"
18406,"228,3,5"
18407,"498,288,0"
18408,"48,21,3"
18409,"187,21,3"
18410,"138,135,40"
18411,"346,313,0"
18412,"121,120,3"
18413,"187,21,3"
18414,"264,23,38"
18415,"108,21,3"
18416,"93,64,10"
18417,"187,21,3"
18418,"467,3,53"
18419,"271,0"
18420,"315,160,40"
18421,"343,169,199"
18422,"164,21,3"
18423,"216,0"
18424,"162,40"
18425,"248,170,199"
18426,"129,128,40"
18427,"21,3"
18428,"313,0"
18429,"401,13,3"
18430,"92,10,60"
18431,"234,60,21"
18432,3
18433,"417,169,296"
18434,"187,21,3"
18435,"323,170,199"
18436,"286,40,41"
18437,"231,26,23"
18438,"243,184,40"
18439,"33,21,3"
18440,"284,3,111"
18441,"187,21,3"
18442,"4,3"
18443,"187,21,3"
18444,"402,145,40"
18445,"72,44,145"
18446,"187,3,21"
18447,"315,160,40"
18448,"71,24,38"
18449,"435,4,3"
18450,"372,255,0"
18451,"87,23,38"
18452,"368,184,40"
18453,"240,38,23"
18454,"456,271,0"
18455,"456,271,0"
18456,"226,131,40"
18457,"267,111,3"
18458,"27,26,23"
18459,"282,111,3"
18460,"206,8,0"
18461,"303,74,23"
18462,"303,23,74"
18463,"108,3,21"
18464,"418,265,0"
18465,"212,211,216"
18466,"182,3,21"
18467,"62,23,24"
18468,"4,3"
18469,"80,10,64"
18470,"80,64,10"
18471,"123,111,3"
18472,"278,0,277"
18473,"321,271,0"
18474,"474,111,3"
18475,"89,26,23"
18476,"259,311,426"
18477,"315,160,40"
18478,"187,3,21"
18479,"156,147,3"
18480,"417,169,296"
18481,"80,64,10"
18482,"77,31,23"
18483,"315,160,40"
18484,"122,13,3"
18485,"48,21,3"
18486,"385,5,3"
18487,"430,53,3"
18488,"90,10,64"
18489,"187,21,3"
18490,"80,10,64"
18491,"54,10"
18492,"80,64,10"
18493,"181,40,145"
18494,"19,4,3"
18495,"363,271,0"
18496,"160,40"
18497,"237,34,3"
18498,"138,135,40"
18499,"402,145,40"
18500,"182,21,3"
18501,"431,135,40"
18502,"300,296,169"
18503,"69,44,145"
18504,"80,64,10"
18505,"243,184,40"
18506,"73,44,145"
18507,"138,135,40"
18508,"80,10,64"
18509,"129,128,40"
18510,"115,21,3"
18511,"323,199,170"
18512,"346,313,0"
18513,"263,34,3"
18514,"5,3"
18515,"221,220,10"
18516,"448,10,64"
18517,"241,131,40"
18518,"18,17,3"
18519,"290,31,23"
18520,"244,135,40"
18521,"391,8,0"
18522,"89,26,23"
18523,"402,145,40"
18524,"59,24,23"
18525,"239,60,10"
18526,"60,10"
18527,"80,10,64"
18528,"224,41,40"
18529,"224,41,40"
18530,"146,145,40"
18531,"205,11,10"
18532,"112,111,3"
18533,"129,128,40"
18534,"279,0,249"
18535,"156,147,3"
18536,"187,21,3"
18537,"187,21,3"
18538,"84,23,74"
18539,"163,162,40"
18540,"129,128,40"
18541,"238,4,3"
18542,"343,169,199"
18543,"366,271,0"
18544,"49,24,23"
18545,"456,271,0"
18546,"304,216,0"
18547,"155,139,40"
18548,"182,21,3"
18549,"505,0,208"
18550,"376,265,0"
18551,"137,23,38"
18552,"67,145,44"
18553,"102,21,3"
18554,"16,15,3"
18555,"16,15,3"
18556,"240,23,38"
18557,"240,23,38"
18558,"259,311,426"
18559,"11,10"
18560,"241,131,40"
18561,"45,44,145"
18562,"315,160,40"
18563,"282,111,3"
18564,"259,311,426"
18565,"129,128,40"
18566,"402,145,40"
18567,"77,31,23"
18568,"33,3,21"
18569,"231,26,23"
18570,"18,17,3"
18571,"21,3"
18572,169
18573,"435,4,3"
18574,"309,23,38"
18575,"268,3,120"
18576,"127,21,3"
18577,"220,10"
18578,"250,40,135"
18579,"519,105,23"
18580,"300,296,169"
18581,"138,135,40"
18582,"343,169,199"
18583,"303,23,74"
18584,"226,131,40"
18585,"323,199,170"
18586,"93,10,64"
18587,"334,160,40"
18588,"80,10,64"
18589,"54,10"
18590,"279,249,0"
18591,"345,24,23"
18592,"447,3,34"
18593,"115,21,3"
18594,"42,41,40"
18595,"182,3,21"
18596,"417,296,169"
18597,3
18598,"498,288,0"
18599,"311,337,426"
18600,"93,10,64"
18601,"187,3,21"
18602,"308,8,0"
18603,"226,131,40"
18604,"436,170,169"
18605,"315,160,40"
18606,"220,10"
18607,"49,24,23"
18608,"32,31,23"
18609,"325,3,53"
18610,"138,135,40"
18611,"317,74,23"
18612,"318,105,23"
18613,"315,160,40"
18614,"384,265,0"
18615,"2,0,1"
18616,"182,3,21"
18617,"80,10,64"
18618,"231,26,23"
18619,"206,8,0"
18620,"127,21,3"
18621,"360,271,0"
18622,"146,145,40"
18623,"448,64,10"
18624,"204,3,13"
18625,"54,10"
18626,"12,10,11"
18627,"141,135,40"
18628,"428,296,169"
18629,"448,10,64"
18630,"56,15,17"
18631,"225,3,120"
18632,"228,5,3"
18633,"325,53,3"
18634,"206,8,0"
18635,"275,111,3"
18636,"165,23,74"
18637,"220,10"
18638,"138,135,40"
18639,"221,220,10"
18640,"43,24,23"
18641,"153,139,40"
18642,"80,10,64"
18643,"90,64,10"
18644,"21,3"
18645,"137,23,38"
18646,"259,311,426"
18647,"287,53,3"
18648,"448,64,10"
18649,"80,10,64"
18650,"16,15,3"
18651,"500,21,3"
18652,"33,21,3"
18653,"106,105,23"
18654,"168,17,3"
18655,"224,41,40"
18656,"429,271,0"
18657,"265,0"
18658,"264,38,23"
18659,"187,21,3"
18660,"311,426,337"
18661,"206,8,0"
18662,"148,3,147"
18663,"406,131,40"
18664,"7,4,3"
18665,"73,44,145"
18666,"67,145,44"
18667,"93,10,64"
18668,"373,208,0"
18669,"160,40"
18670,"25,24,23"
18671,"327,0,8"
18672,"187,21,3"
18673,"340,265,0"
18674,"279,249,0"
18675,"48,21,3"
18676,"343,169,199"
18677,"340,265,0"
18678,"448,64,10"
18679,"456,271,0"
18680,"206,8,0"
18681,"241,131,40"
18682,"171,170,199"
18683,"1,0"
18684,"187,21,3"
18685,"49,24,23"
18686,"194,128,145"
18687,"143,34,3"
18688,"390,3,53"
18689,"49,24,23"
18690,"53,3"
18691,"106,105,23"
18692,"80,10,64"
18693,"61,60,10"
18694,"221,220,10"
18695,"382,199,169"
18696,"118,23,74"
18697,"454,31,23"
18698,"43,24,23"
18699,"80,10,64"
18700,"344,265,0"
18701,"337,311,426"
18702,"104,3,30"
18703,"308,8,0"
18704,"382,199,169"
18705,"311,169"
18706,"448,64,10"
18707,"126,21,3"
18708,"376,0,265"
18709,"448,64,10"
18710,"63,23,38"
18711,"93,64,10"
18712,"311,337,426"
18713,"259,311,426"
18714,"380,216,0"
18715,"42,41,40"
18716,"306,296,169"
18717,"187,21,3"
18718,"80,10,64"
18719,"293,3,85"
18720,"355,271,0"
18721,"115,21,3"
18722,"212,211,216"
18723,"444,0,271"
18724,"93,10,64"
18725,"199,169"
18726,"17,3"
18727,"187,21,3"
18728,"384,265,0"
18729,"315,160,40"
18730,"376,0,265"
18731,"317,23,74"
18732,"434,0,1"
18733,40
18734,"170,169"
18735,"230,229,0"
18736,"80,10,64"
18737,"220,10"
18738,"417,296,169"
18739,"339,337,169"
18740,"346,313,0"
18741,"157,120,3"
18742,"263,34,3"
18743,"501,313,0"
18744,"228,5,3"
18745,"406,131,40"
18746,"259,311,426"
18747,"32,23,31"
18748,"135,40"
18749,"138,135,40"
18750,"417,169,296"
18751,"33,21,3"
18752,"71,38,24"
18753,"226,131,40"
18754,"206,8,0"
18755,"193,131,40"
18756,"448,64,10"
18757,"263,34,3"
18758,"49,23,24"
18759,"340,265,0"
18760,"240,23,38"
18761,"306,296,169"
18762,"456,271,0"
18763,"447,3,34"
18764,"11,10"
18765,"87,23,38"
18766,"406,131,40"
18767,"308,8,0"
18768,"180,3,120"
18769,"290,31,23"
18770,"206,8,0"
18771,"66,3,30"
18772,"82,23,38"
18773,"226,131,40"
18774,"181,40,145"
18775,"331,5,3"
18776,"17,3"
18777,"241,131,40"
18778,"402,145,40"
18779,"126,21,3"
18780,"448,64,10"
18781,"43,24,23"
18782,"454,31,23"
18783,"138,135,40"
18784,"294,3,4"
18785,"322,54,10"
18786,"95,54,10"
18787,"361,271,0"
18788,"402,145,40"
18789,"448,64,10"
18790,"182,21,3"
18791,"448,64,10"
18792,"206,8,0"
18793,"124,21,3"
18794,"217,3,120"
18795,"311,169"
18796,"327,0,8"
18797,"508,169,426"
18798,"391,8,0"
18799,"43,24,23"
18800,"228,5,3"
18801,"323,199,170"
18802,"171,170,199"
18803,"272,271,0"
18804,"220,10"
18805,"423,160,40"
18806,"448,64,10"
18807,"350,23,26"
18808,"96,31,23"
18809,"220,10"
18810,"435,3,4"
18811,"182,21,3"
18812,"128,40"
18813,"350,26,23"
18814,"334,160,40"
18815,"425,265,0"
18816,"72,44,145"
18817,"80,10,64"
18818,"118,23,74"
18819,"181,145,40"
18820,"268,3,120"
18821,"418,265,0"
18822,"388,3,111"
18823,"401,13,3"
18824,"138,135,40"
18825,"323,170,199"
18826,"187,3,21"
18827,"323,170,199"
18828,"12,11,10"
18829,"270,8,0"
18830,"153,139,40"
18831,"282,111,3"
18832,"382,199,169"
18833,"9,8,0"
18834,"187,3,21"
18835,"402,145,40"
18836,"235,8,0"
18837,"170,169"
18838,"187,21,3"
18839,"448,64,10"
18840,"343,169,199"
18841,"240,23,38"
18842,"456,271,0"
18843,"33,21,3"
18844,"32,23,31"
18845,"185,184,40"
18846,"25,23,24"
18847,"315,160,40"
18848,"54,10"
18849,"82,38,23"
18850,"523,53,3"
18851,"194,128,145"
18852,"171,170,199"
18853,"182,3,21"
18854,"401,13,3"
18855,"522,271,0"
18856,"199,169"
18857,"32,31,23"
18858,"226,131,40"
18859,"201,41,40"
18860,"286,41,40"
18861,"344,265,0"
18862,"73,44,145"
18863,"181,145,40"
18864,"436,169,170"
18865,"187,3,21"
18866,"391,8,0"
18867,"54,10"
18868,"140,139,40"
18869,"19,4,3"
18870,"82,38,23"
18871,"80,64,10"
18872,"226,131,40"
18873,"438,265,0"
18874,"43,24,23"
18875,"430,3,53"
18876,"89,26,23"
18877,"448,64,10"
18878,"334,160,40"
18879,"15,3"
18880,"21,3"
18881,"435,3,4"
18882,"188,4,3"
18883,"323,199,170"
18884,"32,31,23"
18885,"220,10"
18886,"448,64,10"
18887,"187,21,3"
18888,"66,30,3"
18889,"206,8,0"
18890,"397,313,0"
18891,"448,10,64"
18892,"209,0,208"
18893,"187,21,3"
18894,"206,8,0"
18895,"48,21,3"
18896,"95,54,10"
18897,"44,145,40"
18898,"165,23,74"
18899,"438,0,265"
18900,"186,128,40"
18901,"456,271,0"
18902,"462,255,0"
18903,"448,10,64"
18904,"138,135,40"
18905,"448,64,10"
18906,"63,38,23"
18907,"80,10,64"
18908,"43,24,23"
18909,"417,169,296"
18910,"124,21,3"
18911,"221,10,220"
18912,"48,21,3"
18913,"406,131,40"
18914,"291,271,0"
18915,"304,216,0"
18916,"275,3,111"
18917,"221,10,220"
18918,"80,10,64"
18919,"18,17,3"
18920,"293,85,3"
18921,"43,24,23"
18922,"384,265,0"
18923,"220,10"
18924,"199,169"
18925,"18,17,3"
18926,"115,21,3"
18927,"343,199,169"
18928,"379,3,21"
18929,"402,145,40"
18930,"187,21,3"
18931,"162,40"
18932,"89,26,23"
18933,"106,105,23"
18934,"80,10,64"
18935,"283,23,74"
18936,"204,3,13"
18937,"363,271,0"
18938,"243,184,40"
18939,"239,10,60"
18940,"235,8,0"
18941,"340,265,0"
18942,"170,169"
18943,"300,169,296"
18944,"456,271,0"
18945,"12,10,11"
18946,"280,271,255"
18947,"139,40"
18948,"326,105,23"
18949,"187,21,3"
18950,"18,17,3"
18951,"221,220,10"
18952,"482,288,0"
18953,"340,265,0"
18954,"194,128,145"
18955,"238,4,3"
18956,"449,271,0"
18957,"235,8,0"
18958,"146,145,40"
18959,"83,54,10"
18960,"340,265,0"
18961,"181,145,40"
18962,"355,271,0"
18963,"91,23,38"
18964,"457,0,218"
18965,"456,271,0"
18966,"250,40,135"
18967,"187,21,3"
18968,"194,128,145"
18969,"11,10"
18970,"149,41,40"
18971,"187,21,3"
18972,"311,169"
18973,"104,30,3"
18974,"108,21,3"
18975,"7,4,3"
18976,"43,24,23"
18977,"240,23,38"
18978,"71,38,24"
18979,"175,128,40"
18980,"30,3"
18981,"419,11,10"
18982,"149,41,40"
18983,"401,13,3"
18984,"293,85,3"
18985,"134,131,40"
18986,"187,3,21"
18987,"448,64,10"
18988,"108,21,3"
18989,"448,64,10"
18990,"238,4,3"
18991,"263,34,3"
18992,"493,40,145"
18993,"68,3,53"
18994,"448,10,64"
18995,"168,17,3"
18996,"251,337,296"
18997,"81,30,3"
18998,"122,13,3"
18999,"95,54,10"
19000,"236,135,40"
19001,"18,17,3"
19002,"19,4,3"
19003,"154,21,3"
19004,"187,21,3"
19005,"501,313,0"
19006,"52,51,3"
19007,"248,199,170"
19008,"311,426,337"
19009,"139,40"
19010,"376,265,0"
19011,"334,160,40"
19012,"141,40,135"
19013,"142,131,40"
19014,"14,13,3"
19015,"33,21,3"
19016,"425,265,0"
19017,"182,21,3"
19018,"220,10"
19019,"370,216,0"
19020,"448,10,64"
19021,"367,100,40"
19022,"106,105,23"
19023,"220,10"
19024,"435,4,3"
19025,"406,40,131"
19026,"215,41,40"
19027,"430,53,3"
19028,"238,4,3"
19029,"91,38,23"
19030,"315,40,160"
19031,"43,24,23"
19032,"315,160,40"
19033,"228,5,3"
19034,"80,64,10"
19035,"425,265,0"
19036,"293,3,85"
19037,"129,128,40"
19038,"514,8,0"
19039,"76,23"
19040,"153,139,40"
19041,"204,13,3"
19042,"72,44,145"
19043,"69,44,145"
19044,"81,30,3"
19045,"202,3,111"
19046,"321,271,0"
19047,"174,4,3"
19048,"346,313,0"
19049,"425,265,0"
19050,"494,184,40"
19051,"93,64,10"
19052,"397,0,313"
19053,"425,265,0"
19054,"221,220,10"
19055,"516,271,0"
19056,"325,53,3"
19057,"343,199,169"
19058,"419,11,10"
19059,"146,145,40"
19060,"144,15,3"
19061,"72,44,145"
19062,"115,21,3"
19063,"343,199,169"
19064,"11,10"
19065,"228,3,5"
19066,"33,21,3"
19067,"522,271,0"
19068,"18,17,3"
19069,"488,265,0"
19070,"21,3"
19071,"182,21,3"
19072,"182,21,3"
19073,"301,21,3"
19074,"33,21,3"
19075,"106,105,23"
19076,"311,337,426"
19077,"407,4,3"
19078,"80,64,10"
19079,"44,145,40"
19080,"425,265,0"
19081,"325,53,3"
19082,"32,31,23"
19083,"251,337,296"
19084,"523,53,3"
19085,"455,271,0"
19086,"448,64,10"
19087,"32,23,31"
19088,"155,139,40"
19089,"346,313,0"
19090,"168,17,3"
19091,"124,21,3"
19092,"331,3,5"
19093,"323,170,199"
19094,"516,271,0"
19095,"175,128,40"
19096,"32,31,23"
19097,"25,23,24"
19098,"220,10"
19099,"323,199,170"
19100,"84,23,74"
19101,"129,128,40"
19102,"311,169"
19103,"215,41,40"
19104,"202,3,111"
19105,"349,265,0"
19106,"194,145,128"
19107,"311,169"
19108,"306,296,169"
19109,"90,64,10"
19110,"182,3,21"
19111,"448,10,64"
19112,"448,64,10"
19113,"263,34,3"
19114,"448,64,10"
19115,"80,10,64"
19116,"456,271,0"
19117,"55,54,10"
19118,"315,160,40"
19119,"407,4,3"
19120,"95,54,10"
19121,"108,3,21"
19122,"376,265,0"
19123,"449,0,271"
19124,"33,21,3"
19125,"49,24,23"
19126,"148,3,147"
19127,"81,30,3"
19128,"528,311,169"
19129,"448,10,64"
19130,"48,21,3"
19131,"469,288,0"
19132,"451,3,50"
19133,"171,170,199"
19134,"397,313,0"
19135,"315,160,40"
19136,"360,271,0"
19137,"139,40"
19138,40
19139,"12,11,10"
19140,"397,313,0"
19141,"91,38,23"
19142,"281,199,169"
19143,"33,21,3"
19144,"343,169,199"
19145,"118,23,74"
19146,"128,40"
19147,"8,0"
19148,"33,21,3"
19149,"80,10,64"
19150,"456,271,0"
19151,"19,3,4"
19152,"259,311,426"
19153,"17,3"
19154,"475,218,0"
19155,"355,271,0"
19156,"334,160,40"
19157,"376,265,0"
19158,"448,64,10"
19159,"80,10,64"
19160,"382,199,169"
19161,"405,8,0"
19162,"206,8,0"
19163,"68,53,3"
19164,"234,60,21"
19165,"436,169,170"
19166,"448,64,10"
19167,"67,44,145"
19168,"376,0,265"
19169,"148,3,147"
19170,"376,265,0"
19171,"48,3,21"
19172,"62,23,24"
19173,"82,23,38"
19174,"168,17,3"
19175,"93,64,10"
19176,"241,131,40"
19177,"72,44,145"
19178,"168,17,3"
19179,"89,26,23"
19180,"221,220,10"
19181,"365,265,0"
19182,"204,13,3"
19183,"346,313,0"
19184,"184,40"
19185,"206,8,0"
19186,"280,271,255"
19187,"334,160,40"
19188,"401,13,3"
19189,"221,220,10"
19190,"430,53,3"
19191,"221,220,10"
19192,"322,54,10"
19193,"239,60,10"
19194,"90,64,10"
19195,"300,296,169"
19196,"346,313,0"
19197,"418,0,265"
19198,"148,3,147"
19199,"287,53,3"
19200,"157,3,120"
19201,"18,17,3"
19202,"456,271,0"
19203,"209,208,0"
19204,"202,3,111"
19205,"418,265,0"
19206,"425,265,0"
19207,"356,199,169"
19208,"308,8,0"
19209,"340,265,0"
19210,"241,131,40"
19211,"435,3,4"
19212,"160,40"
19213,"306,296,169"
19214,"32,23,31"
19215,"108,3,21"
19216,"221,220,10"
19217,"104,3,30"
19218,"80,10,64"
19219,"326,105,23"
19220,"355,271,0"
19221,"96,31,23"
19222,"228,3,5"
19223,"118,74,23"
19224,"206,8,0"
19225,"221,220,10"
19226,"448,64,10"
19227,"170,169"
19228,"382,199,169"
19229,"323,170,199"
19230,"115,3,21"
19231,"160,40"
19232,"187,21,3"
19233,"186,128,40"
19234,"80,10,64"
19235,"368,184,40"
19236,"343,169,199"
19237,"259,311,426"
19238,"493,145,40"
19239,"323,170,199"
19240,"220,10"
19241,"80,10,64"
19242,"438,0,265"
19243,"459,170,169"
19244,"189,40,135"
19245,"382,199,169"
19246,"424,271,218"
19247,"469,288,0"
19248,"300,296,169"
19249,"174,3,4"
19250,"165,23,74"
19251,"448,64,10"
19252,"402,145,40"
19253,"129,128,40"
19254,"187,3,21"
19255,"80,64,10"
19256,"315,160,40"
19257,"311,169"
19258,"93,10,64"
19259,"346,313,0"
19260,"263,34,3"
19261,"187,21,3"
19262,"340,265,0"
19263,"69,44,145"
19264,"195,40,128"
19265,"21,3"
19266,"367,100,40"
19267,"301,21,3"
19268,"137,23,38"
19269,"103,38,23"
19270,"93,10,64"
19271,"188,3,4"
19272,"124,21,3"
19273,"80,64,10"
19274,"108,21,3"
19275,"300,296,169"
19276,"43,24,23"
19277,"32,23,31"
19278,"171,170,199"
19279,"206,8,0"
19280,"137,23,38"
19281,"163,162,40"
19282,"187,21,3"
19283,"137,23,38"
19284,"392,4,3"
19285,"204,3,13"
19286,"448,10,64"
19287,"32,23,31"
19288,"85,3"
19289,"488,265,0"
19290,"354,216,0"
19291,"304,216,0"
19292,"402,145,40"
19293,"405,8,0"
19294,"159,131,40"
19295,"315,160,40"
19296,"33,21,3"
19297,"360,271,0"
19298,"25,24,23"
19299,"311,169"
19300,"165,23,74"
19301,"108,21,3"
19302,"244,135,40"
19303,"32,31,23"
19304,"80,10,64"
19305,"194,145,128"
19306,"448,64,10"
19307,"87,23,38"
19308,"54,10"
19309,"402,145,40"
19310,"66,3,30"
19311,"239,10,60"
19312,"94,38,23"
19313,"346,313,0"
19314,"54,10"
19315,"380,216,0"
19316,"291,271,0"
19317,"205,10,11"
19318,"96,31,23"
19319,"280,271,255"
19320,"148,3,147"
19321,"33,21,3"
19322,"221,220,10"
19323,"241,131,40"
19324,"80,10,64"
19325,"204,3,13"
19326,"171,170,199"
19327,"457,0,218"
19328,"402,145,40"
19329,"174,4,3"
19330,"18,17,3"
19331,"402,145,40"
19332,"339,337,169"
19333,"221,220,10"
19334,"455,271,0"
19335,"175,128,40"
19336,"42,41,40"
19337,"187,3,21"
19338,"375,4,3"
19339,"259,311,426"
19340,"323,170,199"
19341,"436,169,170"
19342,"286,41,40"
19343,"206,8,0"
19344,"22,3,21"
19345,"382,169,199"
19346,"129,128,40"
19347,"327,8,0"
19348,"438,265,0"
19349,"92,60,10"
19350,"137,23,38"
19351,"43,24,23"
19352,"171,170,199"
19353,"264,23,38"
19354,"220,10"
19355,"32,23,31"
19356,"80,10,64"
19357,"402,145,40"
19358,"138,135,40"
19359,"240,23,38"
19360,"229,0"
19361,"508,169,426"
19362,"406,131,40"
19363,"86,85,3"
19364,"146,145,40"
19365,"229,0"
19366,"221,10,220"
19367,"323,170,199"
19368,"11,10"
19369,"151,40"
19370,"469,288,0"
19371,"456,271,0"
19372,"382,199,169"
19373,"159,40,131"
19374,"523,53,3"
19375,"187,21,3"
19376,"306,296,169"
19377,"259,311,426"
19378,"221,220,10"
19379,"80,10,64"
19380,"349,265,0"
19381,"205,11,10"
19382,"170,169"
19383,"328,31,23"
19384,"187,21,3"
19385,"391,8,0"
19386,"231,26,23"
19387,"53,3"
19388,"402,145,40"
19389,"118,23,74"
19390,"205,11,10"
19391,"483,1,0"
19392,"80,10,64"
19393,"115,21,3"
19394,"348,255,0"
19395,"202,3,111"
19396,"311,337,426"
19397,"187,21,3"
19398,"221,10,220"
19399,"220,10"
19400,"376,265,0"
19401,"349,265,0"
19402,"171,170,199"
19403,"67,44,145"
19404,"126,21,3"
19405,"448,64,10"
19406,"194,128,145"
19407,169
19408,"514,8,0"
19409,"221,10,220"
19410,"204,13,3"
19411,"221,10,220"
19412,"165,23,74"
19413,"62,24,23"
19414,"309,38,23"
19415,"6,5,3"
19416,"453,208,0"
19417,"83,54,10"
19418,"17,3"
19419,"21,3"
19420,"93,64,10"
19421,"80,64,10"
19422,"315,160,40"
19423,"243,184,40"
19424,"301,3,21"
19425,"206,8,0"
19426,"69,44,145"
19427,"203,147,3"
19428,"84,23,74"
19429,"93,10,64"
19430,"334,160,40"
19431,"187,3,21"
19432,"36,35,3"
19433,"173,54,145"
19434,"187,21,3"
19435,"328,31,23"
19436,"187,21,3"
19437,"240,23,38"
19438,"331,5,3"
19439,"124,21,3"
19440,"69,44,145"
19441,"49,24,23"
19442,"315,160,40"
19443,"49,23,24"
19444,"328,31,23"
19445,"326,105,23"
19446,"49,24,23"
19447,"376,265,0"
19448,"323,199,170"
19449,"63,23,38"
19450,"346,313,0"
19451,"456,271,0"
19452,"66,30,3"
19453,"371,296,169"
19454,"256,0,255"
19455,"18,17,3"
19456,"348,255,0"
19457,"425,265,0"
19458,"153,139,40"
19459,"311,337,426"
19460,"418,265,0"
19461,"160,40"
19462,"302,160,40"
19463,"33,21,3"
19464,"195,128,40"
19465,"205,11,10"
19466,"17,3"
19467,"89,26,23"
19468,"56,15,17"
19469,"186,40,128"
19470,"11,10"
19471,"185,184,40"
19472,"72,145,44"
19473,"22,21,3"
19474,"250,40,135"
19475,"241,131,40"
19476,"311,169"
19477,"165,23,74"
19478,"97,5,3"
19479,"402,145,40"
19480,"325,53,3"
19481,"170,169"
19482,"171,170,199"
19483,"455,271,0"
19484,"122,3,13"
19485,"199,169"
19486,"108,21,3"
19487,"325,53,3"
19488,"436,169,170"
19489,"325,53,3"
19490,"226,40,131"
19491,"241,131,40"
19492,"259,311,426"
19493,"108,21,3"
19494,"451,3,50"
19495,"374,169,199"
19496,"205,11,10"
19497,"322,54,10"
19498,"163,162,40"
19499,"187,21,3"
19500,"206,8,0"
19501,"108,21,3"
19502,"130,128,40"
19503,"448,10,64"
19504,"448,64,10"
19505,"430,53,3"
19506,"148,3,147"
19507,"315,160,40"
19508,"356,199,169"
19509,"200,311,337"
19510,"188,4,3"
19511,"311,337,426"
19512,"221,220,10"
19513,"145,40"
19514,"187,21,3"
19515,"181,145,40"
19516,"204,13,3"
19517,"159,40,131"
19518,"315,40,160"
19519,"11,10"
19520,"21,3"
19521,"425,265,0"
19522,"241,40,131"
19523,"204,13,3"
19524,"334,160,40"
19525,"181,145,40"
19526,"303,23,74"
19527,"90,64,10"
19528,"448,64,10"
19529,"85,3"
19530,"301,3,21"
19531,"290,31,23"
19532,"343,169,199"
19533,"199,169"
19534,"220,10"
19535,"250,40,135"
19536,"163,162,40"
19537,"146,145,40"
19538,"304,216,0"
19539,"315,160,40"
19540,"206,8,0"
19541,"165,23,74"
19542,"334,160,40"
19543,"523,53,3"
19544,"457,0,218"
19545,"187,3,21"
19546,"220,10"
19547,"186,40,128"
19548,"212,211,216"
19549,"147,3"
19550,"80,10,64"
19551,"108,21,3"
19552,"368,184,40"
19553,"84,23,74"
19554,"524,145,40"
19555,"337,311,426"
19556,"279,249,0"
19557,"11,10"
19558,"435,4,3"
19559,"172,3,21"
19560,"241,131,40"
19561,"328,31,23"
19562,"334,160,40"
19563,"129,128,40"
19564,"402,145,40"
19565,"231,23,26"
19566,"406,40,131"
19567,"127,21,3"
19568,"128,40"
19569,"456,271,0"
19570,"452,296,169"
19571,"375,4,3"
19572,"127,3,21"
19573,"54,10"
19574,"241,131,40"
19575,"175,128,40"
19576,"205,11,10"
19577,"187,3,21"
19578,"411,296,169"
19579,"238,4,3"
19580,"18,17,3"
19581,"402,145,40"
19582,"290,23,31"
19583,"289,288,0"
19584,"448,64,10"
19585,"367,40,100"
19586,"438,265,0"
19587,"21,3"
19588,"448,64,10"
19589,"407,4,3"
19590,"251,337,296"
19591,"187,21,3"
19592,"182,21,3"
19593,"205,10,11"
19594,"349,265,0"
19595,"177,3,30"
19596,"182,3,21"
19597,"130,128,40"
19598,"69,44,145"
19599,"267,111,3"
19600,"49,24,23"
19601,"429,271,0"
19602,"431,135,40"
19603,"25,24,23"
19604,"122,3,13"
19605,"108,21,3"
19606,"239,60,10"
19607,"108,21,3"
19608,"291,271,0"
19609,"69,44,145"
19610,"19,4,3"
19611,"204,13,3"
19612,"129,128,40"
19613,"48,21,3"
19614,"103,23,38"
19615,"172,3,21"
19616,"264,23,38"
19617,"343,199,169"
19618,"514,8,0"
19619,"220,10"
19620,"512,218,0"
19621,"182,21,3"
19622,"124,21,3"
19623,"84,74,23"
19624,"311,426,337"
19625,"500,3,21"
19626,"148,147,3"
19627,"206,8,0"
19628,"142,131,40"
19629,"84,23,74"
19630,"80,64,10"
19631,"216,0"
19632,"375,3,4"
19633,"457,0,218"
19634,"460,296,169"
19635,"138,135,40"
19636,"36,35,3"
19637,"127,3,21"
19638,"308,8,0"
19639,"72,44,145"
19640,"322,54,10"
19641,"194,145,128"
19642,"82,23,38"
19643,"315,160,40"
19644,3
19645,"80,10,64"
19646,"170,169"
19647,"355,271,0"
19648,"438,0,265"
19649,"32,23,31"
19650,"258,31,23"
19651,"457,0,218"
19652,3
19653,"402,145,40"
19654,"226,131,40"
19655,"264,23,38"
19656,"182,21,3"
19657,"108,21,3"
